t,dt,left_rpm,right_rpm,v,w,x,y,theta,imu_heading_deg,theta_src,lateral_m_s
1786347877.647424,0.0000,0.0,0.0,0.0000,0.0000,0.0000,0.0000,0.0000,325.6250,enc,0.0000
1786347877.740429,0.0930,0.0,0.0,0.0000,0.0000,0.0000,0.0000,0.0000,325.6250,enc,0.0000
1786347877.845755,0.1053,0.0,0.0,0.0000,0.0000,0.0000,0.0000,0.0000,325.6250,enc,0.0000
1786347877.951030,0.1053,0.0,0.0,0.0000,0.0000,0.0000,0.0000,0.0000,325.6250,enc,0.0000
1786347878.050210,0.0992,0.0,0.0,0.0000,0.0000,0.0000,0.0000,0.0000,325.6250,enc,0.0000
1786347878.158245,0.1080,0.0,0.0,0.0000,0.0000,0.0000,0.0000,0.0000,325.6250,enc,0.0000
1786347878.268028,0.1098,0.0,0.0,0.0000,0.0000,0.0000,0.0000,0.0000,325.6250,enc,0.0000
1786347878.362647,0.0946,0.0,0.0,0.0000,0.0000,0.0000,0.0000,0.0000,325.6250,enc,0.0000
1786347878.467406,0.1048,0.0,0.0,0.0000,0.0000,0.0000,0.0000,0.0000,325.6250,enc,0.0000
1786347878.583380,0.1160,0.0,0.0,0.0000,0.0000,0.0000,0.0000,0.0000,325.6250,enc,0.0000
1786347878.674080,0.0907,0.1549423635005951,0.7385714650154114,0.0026,0.0099,0.0002,0.0001,0.0000,325.6250,imu,0.0007
1786347878.775379,0.1013,1.873632550239563,3.628934621810913,0.0161,0.0298,0.0019,0.0002,0.0044,325.3750,imu,0.0015
1786347878.886019,0.1106,4.1135172843933105,6.878634452819824,0.0322,0.0470,0.0054,0.0003,0.0098,325.0625,imu,0.0001
1786347878.981642,0.0956,6.071885108947754,10.068029403686523,0.0473,0.0679,0.0100,0.0004,0.0185,324.5625,imu,0.0007
1786347879.086990,0.1053,7.024506568908691,12.87601375579834,0.0584,0.0995,0.0161,0.0008,0.0327,323.7500,imu,0.0015
1786347879.197552,0.1106,6.457690238952637,12.62362003326416,0.0559,0.1048,0.0223,0.0011,0.0502,322.7500,imu,0.0000
1786347879.296005,0.0985,7.144265174865723,14.00955581665039,0.0620,0.1167,0.0284,0.0014,0.0665,321.8125,imu,-0.0009
1786347879.398284,0.1023,7.0987229347229,14.3073148727417,0.0628,0.1225,0.0348,0.0019,0.0818,320.9375,imu,-0.0001
1786347879.504679,0.1064,7.196071147918701,14.667850494384766,0.0641,0.1270,0.0416,0.0023,0.0982,320.0000,imu,-0.0026
1786347879.605407,0.1007,6.733109474182129,15.540399551391602,0.0653,0.1497,0.0481,0.0032,0.1189,318.8125,imu,0.0015
1786347879.710118,0.1047,7.423067092895508,16.896825790405273,0.0713,0.1610,0.0555,0.0043,0.1407,317.5625,imu,0.0002
1786347879.812011,0.1019,7.09096097946167,16.8839168548584,0.0703,0.1665,0.0626,0.0055,0.1658,316.1250,imu,-0.0001
1786347879.913330,0.1013,6.75332498550415,15.320387840270996,0.0647,0.1456,0.0690,0.0068,0.1887,314.8125,imu,0.0007
1786347880.017365,0.1040,6.890714645385742,17.39971923828125,0.0712,0.1786,0.0763,0.0082,0.2116,313.5000,imu,-0.0016
1786347880.130144,0.1128,6.946140289306641,18.585886001586914,0.0749,0.1979,0.0845,0.0101,0.2356,312.1250,imu,-0.0002
1786347880.225042,0.0949,7.028364658355713,19.48341941833496,0.0777,0.2117,0.0916,0.0121,0.2683,310.2500,imu,-0.0001
1786347880.329942,0.1049,6.368793964385986,18.36579704284668,0.0725,0.2039,0.0989,0.0143,0.2967,308.6250,imu,0.0001
1786347880.437989,0.1080,6.894901752471924,20.197938919067383,0.0794,0.2261,0.1070,0.0171,0.3240,307.0625,imu,0.0001
1786347880.536582,0.0986,6.51570463180542,20.87762451171875,0.0803,0.2441,0.1144,0.0199,0.3611,304.9375,imu,0.0008
1786347880.640092,0.1035,6.1562180519104,20.44859504699707,0.0780,0.2429,0.1220,0.0227,0.3982,302.8125,imu,-0.0033
1786347880.744658,0.1046,6.457706928253174,20.761632919311523,0.0798,0.2431,0.1294,0.0265,0.4309,300.9375,imu,0.0033
1786347880.846667,0.1020,8.930749893188477,22.47205352783203,0.0921,0.2302,0.1378,0.0307,0.4691,298.7500,imu,-0.0008
1786347880.950103,0.1034,10.373991012573242,23.333959579467773,0.0988,0.2203,0.1468,0.0355,0.4931,297.3750,imu,-0.0005
1786347881.058243,0.1081,9.889304161071777,21.544967651367188,0.0922,0.1981,0.1555,0.0405,0.5269,295.4375,imu,0.0000
1786347881.222711,0.1645,10.54601001739502,23.637128829956055,0.1002,0.2225,0.1693,0.0495,0.5585,293.6250,imu,0.0017
1786347881.332914,0.1102,10.39976692199707,23.32872772216797,0.0989,0.2198,0.1783,0.0556,0.5869,292.0000,imu,0.0008
1786347881.438448,0.1055,9.626462936401367,21.22726821899414,0.0905,0.1972,0.1861,0.0611,0.6163,290.3125,imu,-0.0006
1786347881.466415,0.0280,11.946897506713867,23.778961181640625,0.1048,0.2011,0.1885,0.0628,0.6414,288.8750,imu,-0.0005
1786347881.570805,0.1044,14.66387939453125,24.735958099365234,0.1155,0.1712,0.1979,0.0703,0.6698,287.2500,imu,0.0007
1786347881.676543,0.1057,16.770618438720703,25.0921573638916,0.1227,0.1414,0.2081,0.0784,0.6927,285.9375,imu,-0.0031
1786347881.778362,0.1018,16.019210815429688,25.221275329589844,0.1209,0.1564,0.2173,0.0866,0.7079,285.0625,imu,0.0032
1786347881.884833,0.1065,17.465059280395508,25.51652717590332,0.1260,0.1369,0.2273,0.0955,0.7341,283.5625,imu,-0.0009
1786347881.987895,0.1031,16.897953033447266,23.726137161254883,0.1191,0.1161,0.2363,0.1039,0.7483,282.7500,imu,-0.0007
1786347882.089033,0.1011,16.660686492919922,22.45856285095215,0.1147,0.0986,0.2447,0.1118,0.7636,281.8750,imu,-0.0004
1786347882.209264,0.1202,14.584736824035645,18.83226203918457,0.0980,0.0722,0.2531,0.1201,0.7756,281.1875,imu,0.0003
1786347882.310121,0.1009,15.509849548339844,18.95660972595215,0.1011,0.0586,0.2604,0.1273,0.7810,280.8750,imu,-0.0001
1786347882.405168,0.0950,15.611480712890625,18.711843490600586,0.1006,0.0527,0.2670,0.1341,0.7919,280.2500,imu,0.0007
1786347882.514692,0.1095,15.5613374710083,18.806848526000977,0.1008,0.0552,0.2748,0.1420,0.7974,279.9375,imu,-0.0004
1786347882.607100,0.0924,14.443429946899414,17.36374282836914,0.0933,0.0496,0.2808,0.1482,0.7974,279.9375,imu,0.0004
1786347882.711618,0.1045,15.930258750915527,19.30950927734375,0.1033,0.0574,0.2882,0.1561,0.8116,279.1250,imu,0.0007
1786347882.820139,0.1085,15.728352546691895,19.0794677734375,0.1021,0.0570,0.2957,0.1642,0.8181,278.7500,imu,0.0009
1786347882.919421,0.0993,14.391412734985352,16.305335998535156,0.0900,0.0325,0.3018,0.1707,0.8214,278.5625,imu,-0.0006
1786347883.026333,0.1069,15.481436729431152,16.306419372558594,0.0932,0.0140,0.3085,0.1781,0.8268,278.2500,imu,0.0003
1786347883.142258,0.1159,15.453803062438965,15.10937786102295,0.0896,-0.0059,0.3156,0.1857,0.8279,278.1875,imu,-0.0008
1786347883.256880,0.1146,15.189508438110352,12.821004867553711,0.0821,-0.0403,0.3219,0.1927,0.8236,278.4375,imu,0.0014
1786347883.357679,0.1008,15.376933097839355,12.953276634216309,0.0831,-0.0412,0.3277,0.1987,0.8170,278.8125,imu,-0.0015
1786347883.446465,0.0888,16.601829528808594,12.793457984924316,0.0862,-0.0647,0.3330,0.2042,0.8061,279.4375,imu,0.0002
1786347883.543284,0.0968,16.650224685668945,12.85060977935791,0.0865,-0.0646,0.3389,0.2102,0.7985,279.8750,imu,-0.0001
1786347883.646684,0.1034,14.964302062988281,11.275918006896973,0.0769,-0.0627,0.3445,0.2159,0.7919,280.2500,imu,-0.0002
1786347883.763652,0.1170,17.22101593017578,11.830568313598633,0.0852,-0.0916,0.3516,0.2228,0.7745,281.2500,imu,-0.0002
1786347883.853204,0.0896,17.446630477905273,11.123613357543945,0.0838,-0.1075,0.3571,0.2280,0.7647,281.8125,imu,-0.0007
1786347883.952193,0.0990,17.634817123413086,10.9444580078125,0.0838,-0.1137,0.3632,0.2336,0.7483,282.7500,imu,-0.0006
1786347884.068991,0.1168,15.894842147827148,9.972613334655762,0.0758,-0.1007,0.3697,0.2396,0.7287,283.8750,imu,0.0010
1786347884.160913,0.0919,17.630895614624023,10.952064514160156,0.0838,-0.1135,0.3755,0.2447,0.7134,284.7500,imu,0.0007
1786347884.263256,0.1023,17.873685836791992,10.144814491271973,0.0822,-0.1314,0.3820,0.2500,0.7014,285.4375,imu,-0.0007
1786347884.367983,0.1047,17.877967834472656,8.457277297973633,0.0772,-0.1601,0.3883,0.2550,0.6774,286.8125,imu,-0.0010
1786347884.468787,0.1008,16.662612915039062,8.446146965026855,0.0736,-0.1397,0.3942,0.2595,0.6556,288.0625,imu,0.0001
1786347884.576870,0.1081,18.49930763244629,7.6078057289123535,0.0766,-0.1851,0.4008,0.2645,0.6250,289.8125,imu,0.0012
1786347884.685958,0.1091,18.486663818359375,6.551924228668213,0.0734,-0.2029,0.4074,0.2690,0.5978,291.3750,imu,0.0006
1786347884.784662,0.0987,18.92863655090332,6.660068988800049,0.0750,-0.2085,0.4137,0.2730,0.5727,292.8125,imu,-0.0006
1786347884.889446,0.1048,19.108299255371094,6.312460422515869,0.0745,-0.2175,0.4204,0.2770,0.5411,294.6250,imu,-0.0008
1786347884.996185,0.1067,17.80545425415039,6.231176376342773,0.0705,-0.1967,0.4270,0.2806,0.5138,296.1875,imu,-0.0001
1786347885.100491,0.1043,19.912841796875,5.4573140144348145,0.0744,-0.2457,0.4339,0.2842,0.4767,298.3125,imu,-0.0001
1786347885.204762,0.1043,19.96193504333496,4.812597751617432,0.0726,-0.2575,0.4407,0.2874,0.4385,300.5000,imu,0.0003
1786347885.304673,0.0999,18.530414581298828,4.489505767822266,0.0675,-0.2387,0.4469,0.2901,0.4025,302.5625,imu,0.0001
1786347885.407223,0.1025,20.093042373657227,4.899038314819336,0.0733,-0.2583,0.4539,0.2929,0.3654,304.6875,imu,0.0014
1786347885.515848,0.1086,20.386140823364258,5.024977207183838,0.0745,-0.2611,0.4616,0.2955,0.3262,306.9375,imu,0.0001
1786347885.615064,0.0992,20.981094360351562,5.637027263641357,0.0780,-0.2608,0.4690,0.2977,0.2891,309.0625,imu,0.0003
1786347885.741238,0.1262,19.938798904418945,5.701757907867432,0.0752,-0.2420,0.4782,0.3001,0.2563,310.9375,imu,-0.0007
1786347885.824179,0.0829,22.345529556274414,6.930017948150635,0.0858,-0.2620,0.4851,0.3016,0.2149,313.3125,imu,0.0000
1786347885.924673,0.1005,23.075899124145508,9.243082046508789,0.0948,-0.2351,0.4945,0.3032,0.1844,315.0625,imu,-0.0009
1786347886.029373,0.1047,21.6814022064209,10.133463859558105,0.0933,-0.1963,0.5042,0.3047,0.1516,316.9375,imu,-0.0006
1786347886.135900,0.1065,24.21991729736328,12.13984489440918,0.1066,-0.2053,0.5154,0.3061,0.1200,318.7500,imu,0.0004
1786347886.235990,0.1001,24.415342330932617,12.365193367004395,0.1078,-0.2048,0.5262,0.3071,0.0938,320.2500,imu,0.0007
1786347886.338244,0.1023,23.886133193969727,12.557783126831055,0.1069,-0.1926,0.5371,0.3079,0.0676,321.7500,imu,0.0002
1786347886.456347,0.1181,21.895370483398438,12.33863353729248,0.1004,-0.1624,0.5489,0.3083,0.0415,323.2500,imu,-0.0008
1786347886.545069,0.0887,24.1976261138916,14.292824745178223,0.1129,-0.1684,0.5589,0.3085,0.0131,324.8750,imu,0.0005
1786347886.649591,0.1045,24.11202621459961,14.487927436828613,0.1132,-0.1636,0.5708,0.3085,-0.0055,325.9375,imu,0.0008
1786347886.764826,0.1152,24.10928726196289,14.263520240783691,0.1125,-0.1674,0.5837,0.3080,-0.0305,327.3750,imu,-0.0006
1786347886.862271,0.0974,22.117151260375977,13.102177619934082,0.1033,-0.1532,0.5938,0.3075,-0.0556,328.8125,imu,0.0003
1786347886.980404,0.1181,23.220905303955078,14.684324264526367,0.1111,-0.1451,0.6069,0.3066,-0.0731,329.8125,imu,0.0007
1786347887.099078,0.1187,21.90107536315918,14.927462577819824,0.1080,-0.1185,0.6196,0.3054,-0.0949,331.0625,imu,-0.0001
1786347887.170178,0.0711,21.52751350402832,15.380375862121582,0.1082,-0.1045,0.6273,0.3046,-0.1080,331.8125,imu,0.0007
1786347887.273448,0.1033,18.911392211914062,14.522761344909668,0.0980,-0.0746,0.6373,0.3034,-0.1211,332.5625,imu,0.0001
1786347887.382756,0.1093,19.751218795776367,16.400117874145508,0.1060,-0.0570,0.6488,0.3019,-0.1287,333.0000,imu,0.0000
1786347887.478148,0.0954,19.148557662963867,16.439661026000977,0.1044,-0.0460,0.6587,0.3005,-0.1396,333.6250,imu,-0.0004
1786347887.581852,0.1037,19.066144943237305,15.208498001098633,0.1005,-0.0656,0.6690,0.2989,-0.1396,333.6250,imu,-0.0010
1786347887.691952,0.1101,16.666976928710938,16.112991333007812,0.0961,-0.0094,0.6794,0.2973,-0.1494,334.1875,imu,-0.0008
1786347887.792913,0.1010,16.783924102783203,16.01253890991211,0.0962,-0.0131,0.6890,0.2958,-0.1516,334.3125,imu,0.0001
1786347887.894727,0.1018,15.260046005249023,15.207387924194336,0.0893,-0.0009,0.6980,0.2944,-0.1505,334.2500,imu,-0.0007
1786347888.000712,0.1060,14.349740982055664,13.87413501739502,0.0828,-0.0081,0.7067,0.2932,-0.1527,334.3750,imu,0.0017
1786347888.102565,0.1019,14.625677108764648,15.101950645446777,0.0872,0.0081,0.7155,0.2917,-0.1505,334.2500,imu,-0.0017
1786347888.207611,0.1050,15.020658493041992,15.178553581237793,0.0885,0.0027,0.7246,0.2903,-0.1505,334.2500,imu,-0.0006
1786347888.312509,0.1049,14.246838569641113,15.413421630859375,0.0870,0.0198,0.7337,0.2889,-0.1538,334.4375,imu,0.0007
1786347888.412040,0.0995,11.761305809020996,13.980549812316895,0.0755,0.0377,0.7411,0.2879,-0.1440,333.8750,imu,0.0006
1786347888.515904,0.1039,12.04931926727295,14.998210906982422,0.0793,0.0501,0.7493,0.2868,-0.1385,333.5625,imu,-0.0002
1786347888.673782,0.1579,12.11348819732666,15.085896492004395,0.0798,0.0505,0.7618,0.2851,-0.1374,333.5000,imu,0.0006
1786347888.733819,0.0600,11.695542335510254,15.262064933776855,0.0790,0.0606,0.7665,0.2845,-0.1254,332.8125,imu,0.0000
1786347888.825439,0.0916,9.393758773803711,14.289216995239258,0.0694,0.0832,0.7728,0.2838,-0.1156,332.2500,imu,0.0006
1786347888.929935,0.1045,9.860295295715332,16.168060302734375,0.0763,0.1072,0.7807,0.2831,-0.1004,331.3750,imu,0.0003
1786347889.032389,0.1025,9.319958686828613,16.612531661987305,0.0760,0.1240,0.7885,0.2823,-0.0862,330.5625,imu,-0.0006
1786347889.134589,0.1022,7.709380626678467,15.558349609375,0.0682,0.1334,0.7954,0.2819,-0.0676,329.5000,imu,-0.0001
1786347889.239848,0.1053,7.832829475402832,17.495878219604492,0.0743,0.1643,0.8033,0.2816,-0.0415,328.0000,imu,0.0001
1786347889.343569,0.1037,7.688468933105469,17.354280471801758,0.0734,0.1643,0.8109,0.2814,-0.0196,326.7500,imu,0.0004
1786347889.444849,0.1013,7.308417320251465,15.976781845092773,0.0683,0.1473,0.8178,0.2815,0.0022,325.5000,imu,0.0004
1786347889.552642,0.1078,7.878426551818848,17.125669479370117,0.0733,0.1572,0.8257,0.2817,0.0229,324.3125,imu,0.0001
1786347889.651530,0.0989,7.433872699737549,17.670398712158203,0.0736,0.1740,0.8330,0.2820,0.0425,323.1875,imu,-0.0001
1786347889.755612,0.1041,6.433220386505127,16.541629791259766,0.0674,0.1718,0.8400,0.2824,0.0720,321.5000,imu,-0.0008
1786347889.857415,0.1018,5.607113838195801,18.233963012695312,0.0699,0.2146,0.8470,0.2832,0.1036,319.6875,imu,0.0005
1786347889.962129,0.1047,5.9540300369262695,18.611257553100586,0.0720,0.2151,0.8545,0.2842,0.1320,318.0625,imu,0.0002
1786347890.066572,0.1044,5.657238483428955,18.86914825439453,0.0719,0.2246,0.8619,0.2854,0.1614,316.3750,imu,0.0001
1786347890.172232,0.1057,4.721083641052246,17.599882125854492,0.0654,0.2189,0.8687,0.2867,0.1974,314.3125,imu,-0.0004
1786347890.272865,0.1006,4.280349254608154,20.059261322021484,0.0714,0.2682,0.8757,0.2883,0.2302,312.4375,imu,-0.0007
1786347890.382775,0.1099,4.622947692871094,20.586727142333984,0.0739,0.2714,0.8836,0.2904,0.2694,310.1875,imu,-0.0005
1786347890.487231,0.1045,5.228468894958496,21.121864318847656,0.0773,0.2702,0.8912,0.2929,0.3054,308.1250,imu,0.0006
1786347890.584170,0.0969,5.443349838256836,20.108455657958984,0.0749,0.2493,0.8981,0.2954,0.3458,305.8125,imu,0.0005
1786347890.697200,0.1130,5.861166954040527,22.623332977294922,0.0835,0.2849,0.9069,0.2988,0.3796,303.8750,imu,-0.0011
1786347890.804564,0.1074,6.014978408813477,22.4227237701416,0.0834,0.2789,0.9151,0.3024,0.4167,301.7500,imu,-0.0001
1786347890.895988,0.0914,5.773217678070068,21.2947998046875,0.0794,0.2638,0.9217,0.3054,0.4592,299.3125,imu,-0.0027
1786347891.002142,0.1062,5.3186540603637695,21.168243408203125,0.0777,0.2694,0.9287,0.3097,0.4952,297.2500,imu,0.0041
1786347891.101705,0.0996,6.198734760284424,22.04482078552246,0.0828,0.2694,0.9358,0.3140,0.5334,295.0625,imu,0.0007
1786347891.205220,0.1035,8.094865798950195,22.514421463012695,0.0898,0.2451,0.9436,0.3190,0.5694,293.0000,imu,0.0004
1786347891.327352,0.1221,8.683887481689453,21.01549530029297,0.0871,0.2096,0.9524,0.3250,0.6010,291.1875,imu,-0.0007
1786347891.448762,0.1214,10.597261428833008,23.26291275024414,0.0993,0.2153,0.9622,0.3320,0.6261,289.7500,imu,-0.0005
1786347891.521457,0.0727,12.379759788513184,23.76702880859375,0.1060,0.1936,0.9683,0.3367,0.6600,287.8125,imu,-0.0006
1786347891.636379,0.1149,13.423697471618652,24.351160049438477,0.1108,0.1857,0.9781,0.3448,0.6861,286.3125,imu,0.0004
1786347891.737877,0.1015,12.48488998413086,22.178096771240234,0.1016,0.1648,0.9860,0.3515,0.7090,285.0000,imu,-0.0004
1786347891.827672,0.0898,14.093793869018555,24.556190490722656,0.1133,0.1778,0.9936,0.3582,0.7341,283.5625,imu,-0.0004
1786347891.942930,0.1153,14.047840118408203,23.39715576171875,0.1098,0.1589,1.0028,0.3669,0.7570,282.2500,imu,-0.0002
1786347892.060433,0.1175,13.351202011108398,19.978776931762695,0.0977,0.1127,1.0109,0.3751,0.7745,281.2500,imu,0.0014
1786347892.177119,0.1167,13.627291679382324,21.213001251220703,0.1022,0.1289,1.0194,0.3834,0.7898,280.3750,imu,-0.0013
1786347892.252905,0.0758,14.134744644165039,21.341638565063477,0.1040,0.1225,1.0248,0.3892,0.8116,279.1250,imu,0.0003
1786347892.345441,0.0925,13.822917938232422,20.50681495666504,0.1007,0.1136,1.0312,0.3959,0.8279,278.1875,imu,-0.0022
1786347892.449395,0.1040,12.964420318603516,20.429367065429688,0.0979,0.1269,1.0378,0.4036,0.8410,277.4375,imu,0.0025
1786347892.567413,0.1180,14.604379653930664,20.36556053161621,0.1025,0.0979,1.0458,0.4128,0.8563,276.5625,imu,0.0001
1786347892.656488,0.0891,14.117339134216309,18.6890811920166,0.0962,0.0777,1.0513,0.4193,0.8683,275.8750,imu,-0.0007
1786347892.758899,0.1024,14.302704811096191,17.11726951599121,0.0921,0.0478,1.0576,0.4264,0.8770,275.3750,imu,-0.0023
1786347892.877262,0.1184,13.469389915466309,16.06197166442871,0.0866,0.0441,1.0639,0.4345,0.8836,275.0000,imu,0.0022
1786347892.972570,0.0953,14.544666290283203,15.88726806640625,0.0892,0.0228,1.0692,0.4411,0.8868,274.8125,imu,0.0008
1786347893.083556,0.1110,14.85629940032959,15.597809791564941,0.0893,0.0126,1.0754,0.4489,0.8901,274.6250,imu,0.0004
1786347893.184263,0.1007,14.78123664855957,14.38204574584961,0.0855,-0.0068,1.0808,0.4555,0.8901,274.6250,imu,-0.0003
1786347893.280653,0.0964,13.877655029296875,15.086859703063965,0.0849,0.0206,1.0859,0.4619,0.8923,274.5000,imu,0.0006
1786347893.380704,0.1001,15.806624412536621,14.588250160217285,0.0891,-0.0207,1.0916,0.4688,0.8879,274.7500,imu,-0.0006
1786347893.487380,0.1067,15.952126502990723,14.172782897949219,0.0883,-0.0302,1.0975,0.4761,0.8836,275.0000,imu,0.0001
1786347893.589755,0.1024,14.61463737487793,12.884763717651367,0.0806,-0.0294,1.1028,0.4825,0.8792,275.2500,imu,0.0001
1786347893.709314,0.1196,15.932323455810547,14.05907917022705,0.0879,-0.0318,1.1096,0.4905,0.8738,275.5625,imu,-0.0007
1786347893.815393,0.1061,15.887449264526367,13.973791122436523,0.0876,-0.0325,1.1155,0.4976,0.8716,275.6875,imu,0.0006
1786347893.901812,0.0864,16.01565170288086,12.343582153320312,0.0832,-0.0624,1.1203,0.5030,0.8618,276.2500,imu,-0.0019
1786347894.002135,0.1003,14.441847801208496,10.833693504333496,0.0741,-0.0613,1.1252,0.5086,0.8530,276.7500,imu,0.0006
1786347894.108723,0.1066,15.702127456665039,10.485698699951172,0.0768,-0.0887,1.1307,0.5147,0.8421,277.3750,imu,-0.0004
1786347894.208406,0.0997,16.113847732543945,9.286179542541504,0.0745,-0.1161,1.1357,0.5202,0.8225,278.5000,imu,0.0003
1786347894.311674,0.1033,16.441768646240234,7.903506755828857,0.0714,-0.1451,1.1408,0.5255,0.8072,279.3750,imu,0.0004
1786347894.434321,0.1226,15.198592185974121,8.172286033630371,0.0685,-0.1194,1.1468,0.5314,0.7909,280.3125,imu,-0.0011
1786347894.520028,0.0857,16.659452438354492,8.317139625549316,0.0732,-0.1418,1.1513,0.5357,0.7690,281.5625,imu,-0.0005
1786347894.623147,0.1031,16.67131233215332,8.40604019165039,0.0735,-0.1405,1.1568,0.5409,0.7472,282.8125,imu,0.0009
1786347894.745107,0.1220,16.974891662597656,7.922792434692383,0.0730,-0.1539,1.1635,0.5468,0.7232,284.1875,imu,-0.0002
1786347894.834076,0.0890,15.779070854187012,6.689858436584473,0.0659,-0.1545,1.1679,0.5507,0.7047,285.2500,imu,0.0016
1786347894.935560,0.1015,17.58099937438965,6.118824481964111,0.0695,-0.1948,1.1735,0.5550,0.6730,287.0625,imu,-0.0009
1786347895.040863,0.1053,17.878490447998047,6.03548002243042,0.0701,-0.2013,1.1793,0.5595,0.6501,288.3750,imu,0.0001
1786347895.140836,0.1000,16.316225051879883,5.30719518661499,0.0634,-0.1871,1.1845,0.5632,0.6229,289.9375,imu,-0.0006
1786347895.244347,0.1035,18.66313934326172,5.4671125411987305,0.0708,-0.2243,1.1906,0.5672,0.5901,291.8125,imu,-0.0006
1786347895.463703,0.2194,19.394636154174805,5.113895416259766,0.0719,-0.2427,1.2041,0.5754,0.5552,293.8125,imu,-0.0005
1786347895.748709,0.2850,19.84690284729004,4.5290021896362305,0.0715,-0.2604,1.2216,0.5858,0.5225,295.6875,imu,0.0008
1786347895.748798,0.0001,18.849945068359375,4.2036871910095215,0.0676,-0.2490,1.2216,0.5858,0.4789,298.1875,imu,0.0010
1786347895.806360,0.0576,21.18364715576172,3.8944008350372314,0.0735,-0.2939,1.2254,0.5876,0.4396,300.4375,imu,0.0008
1786347895.881157,0.0748,21.491870880126953,3.8327836990356445,0.0743,-0.3002,1.2306,0.5898,0.3960,302.9375,imu,0.0002
1786347895.907119,0.0260,21.086490631103516,3.6149344444274902,0.0724,-0.2970,1.2323,0.5904,0.3523,305.4375,imu,0.0005
1786347895.974607,0.0675,19.572580337524414,3.662339687347412,0.0681,-0.2704,1.2367,0.5918,0.3087,307.9375,imu,0.0002
1786347896.074980,0.1004,21.284679412841797,3.6558077335357666,0.0731,-0.2997,1.2438,0.5938,0.2694,310.1875,imu,0.0000
1786347896.182275,0.1073,21.670766830444336,3.4082529544830322,0.0735,-0.3104,1.2515,0.5955,0.2247,312.7500,imu,-0.0009
1786347896.288999,0.1067,21.839323043823242,3.2564005851745605,0.0736,-0.3159,1.2592,0.5969,0.1822,315.1875,imu,-0.0003
1786347896.385733,0.0967,19.990947723388672,3.0211546421051025,0.0675,-0.2885,1.2657,0.5977,0.1418,317.5000,imu,-0.0004
1786347896.495381,0.1096,21.748855590820312,3.641528606414795,0.0744,-0.3078,1.2738,0.5986,0.0894,320.5000,imu,0.0007
1786347896.596046,0.1007,22.974748611450195,6.070089817047119,0.0852,-0.2873,1.2824,0.5991,0.0513,322.6875,imu,0.0010
1786347896.694634,0.0986,21.84366798400879,7.475066184997559,0.0860,-0.2442,1.2908,0.5991,0.0153,324.7500,imu,-0.0015
1786347896.801161,0.1065,24.618675231933594,9.908075332641602,0.1012,-0.2501,1.3016,0.5987,-0.0229,326.9375,imu,-0.0012
1786347896.904913,0.1038,25.18125343322754,11.352049827575684,0.1071,-0.2351,1.3127,0.5981,-0.0545,328.7500,imu,0.0000
1786347897.005550,0.1006,23.22484016418457,11.40975570678711,0.1016,-0.2008,1.3229,0.5973,-0.0884,330.6875,imu,0.0011
1786347897.119690,0.1141,25.61985969543457,12.853013038635254,0.1128,-0.2170,1.3357,0.5958,-0.1178,332.3750,imu,0.0001
1786347897.231718,0.1120,25.65117835998535,12.852775573730469,0.1129,-0.2175,1.3482,0.5939,-0.1484,334.1250,imu,-0.0007
1786347897.317284,0.0856,25.19305992126465,11.605597496032715,0.1079,-0.2310,1.3573,0.5923,-0.1778,335.8125,imu,0.0007
1786347897.426185,0.1089,22.523406982421875,12.200638771057129,0.1018,-0.1755,1.3681,0.5900,-0.2094,337.6250,imu,0.0003
1786347897.523158,0.0970,23.32815170288086,12.292871475219727,0.1044,-0.1876,1.3780,0.5876,-0.2389,339.3125,imu,0.0001
1786347897.631458,0.1083,21.49742317199707,12.072149276733398,0.0984,-0.1602,1.3883,0.5849,-0.2585,340.4375,imu,-0.0002
1786347897.731677,0.1002,20.88985252380371,11.961921691894531,0.0963,-0.1518,1.3975,0.5822,-0.2836,341.8750,imu,0.0001
1786347897.840447,0.1088,19.072561264038086,11.087568283081055,0.0884,-0.1357,1.4068,0.5794,-0.3033,343.0000,imu,0.0008
1786347897.938496,0.0980,19.935016632080078,12.0818510055542,0.0939,-0.1335,1.4155,0.5765,-0.3240,344.1875,imu,0.0002
1786347898.052451,0.1140,18.132131576538086,11.718033790588379,0.0875,-0.1090,1.4249,0.5731,-0.3382,345.0000,imu,-0.0002
1786347898.148238,0.0958,17.36700439453125,11.676530838012695,0.0852,-0.0967,1.4325,0.5703,-0.3556,346.0000,imu,0.0000
1786347898.247098,0.0989,14.473709106445312,10.429045677185059,0.0730,-0.0688,1.4393,0.5677,-0.3643,346.5000,imu,0.0002
1786347898.353637,0.1065,14.610228538513184,10.964709281921387,0.0750,-0.0620,1.4467,0.5648,-0.3742,347.0625,imu,-0.0005
1786347898.454342,0.1007,14.220973014831543,10.787060737609863,0.0733,-0.0584,1.4535,0.5619,-0.3840,347.6250,imu,-0.0008
1786347898.557200,0.1029,12.815707206726074,9.891136169433594,0.0666,-0.0497,1.4599,0.5594,-0.3894,347.9375,imu,0.0004
1786347898.670384,0.1132,14.109101295471191,10.783327102661133,0.0730,-0.0565,1.4675,0.5562,-0.3971,348.3750,imu,-0.0002
1786347898.786822,0.1164,14.170495986938477,10.877108573913574,0.0734,-0.0560,1.4753,0.5527,-0.4091,349.0625,imu,-0.0006
1786347898.870806,0.0840,11.559967994689941,10.097290992736816,0.0635,-0.0249,1.4802,0.5506,-0.4112,349.1875,imu,0.0007
1786347898.978055,0.1072,11.467218399047852,11.177599906921387,0.0664,-0.0049,1.4868,0.5478,-0.4134,349.3125,imu,0.0007
1786347899.074542,0.0965,10.744428634643555,11.245636940002441,0.0645,0.0085,1.4924,0.5453,-0.4189,349.6250,imu,-0.0003
1786347899.179539,0.1050,9.627415657043457,11.515363693237305,0.0620,0.0321,1.4984,0.5426,-0.4112,349.1875,imu,-0.0005
1786347899.296307,0.1168,8.032790184020996,10.42832088470459,0.0541,0.0407,1.5042,0.5403,-0.4047,348.8125,imu,0.0012
1786347899.392512,0.0962,8.229748725891113,11.575838088989258,0.0581,0.0569,1.5094,0.5380,-0.3992,348.5000,imu,-0.0007
1786347899.503908,0.1114,8.594066619873047,11.567307472229004,0.0591,0.0505,1.5155,0.5355,-0.3883,347.8750,imu,-0.0001
1786347899.604470,0.1006,7.574365139007568,11.997418403625488,0.0574,0.0752,1.5208,0.5333,-0.3851,347.6875,imu,-0.0009
1786347899.702316,0.0978,6.344603061676025,12.232945442199707,0.0545,0.1001,1.5258,0.5315,-0.3687,346.7500,imu,0.0013
1786347899.831628,0.1293,5.561263561248779,11.658482551574707,0.0505,0.1036,1.5320,0.5293,-0.3523,345.8125,imu,0.0011
1786347899.933666,0.1020,6.08246374130249,12.756449699401855,0.0552,0.1134,1.5372,0.5273,-0.3349,344.8125,imu,-0.0016
1786347900.015530,0.0819,4.393986225128174,11.123156547546387,0.0455,0.1144,1.5408,0.5261,-0.3218,344.0625,imu,-0.0005
1786347900.137587,0.1221,0.5347608923912048,6.436394214630127,0.0204,0.1003,1.5431,0.5254,-0.3087,343.3125,imu,0.0000
1786347900.223063,0.0855,-1.508947730064392,3.880967855453491,0.0070,0.0916,1.5437,0.5252,-0.2945,342.5000,imu,-0.0003
1786347900.326914,0.1039,-3.3217294216156006,2.745546340942383,-0.0017,0.1031,1.5435,0.5252,-0.2825,341.8125,imu,-0.0006
1786347900.440198,0.1133,-3.9748528003692627,2.9014523029327393,-0.0031,0.1169,1.5432,0.5253,-0.2651,340.8125,imu,0.0000
1786347900.542210,0.1020,-4.10565185546875,2.924863576889038,-0.0035,0.1195,1.5428,0.5254,-0.2465,339.7500,imu,0.0003
1786347900.636492,0.0943,-3.464810609817505,3.3688547611236572,-0.0003,0.1162,1.5428,0.5254,-0.2302,338.8125,imu,0.0007
1786347900.817290,0.1808,-3.325225830078125,3.5469329357147217,0.0007,0.1168,1.5430,0.5255,-0.2171,338.0625,imu,0.0007
1786347900.879318,0.0620,-3.1343231201171875,3.7086029052734375,0.0017,0.1163,1.5431,0.5255,-0.2007,337.1250,imu,-0.0004
1786347900.944324,0.0650,-2.9879844188690186,3.2120447158813477,0.0007,0.1054,1.5431,0.5254,-0.1844,336.1875,imu,-0.0007
1786347901.054504,0.1102,-3.4380404949188232,3.564711332321167,0.0004,0.1190,1.5431,0.5254,-0.1691,335.3125,imu,-0.0004
1786347901.150025,0.0955,-3.610539197921753,3.388157844543457,-0.0007,0.1190,1.5431,0.5253,-0.1516,334.3125,imu,-0.0005
1786347901.254894,0.1049,-3.747628688812256,3.4915125370025635,-0.0008,0.1231,1.5430,0.5253,-0.1342,333.3125,imu,-0.0002
1786347901.358423,0.1035,-3.3343098163604736,3.238283634185791,-0.0003,0.1117,1.5429,0.5254,-0.1178,332.3750,imu,0.0001
1786347901.462435,0.1040,-3.506739377975464,3.5707507133483887,0.0002,0.1203,1.5430,0.5254,-0.0993,331.3125,imu,0.0002
1786347901.580508,0.1181,-3.664881944656372,3.4407925605773926,-0.0007,0.1208,1.5429,0.5254,-0.0818,330.3125,imu,0.0005
1786347901.668455,0.0879,-3.182633638381958,3.055450916290283,-0.0004,0.1060,1.5429,0.5255,-0.0676,329.5000,imu,0.0007
1786347901.770192,0.1017,-3.308445692062378,3.5004072189331055,0.0006,0.1157,1.5429,0.5256,-0.0502,328.5000,imu,0.0006
1786347901.871857,0.1017,-3.2390918731689453,3.623018741607666,0.0011,0.1166,1.5430,0.5256,-0.0349,327.6250,imu,0.0002
1786347901.979285,0.1074,-3.191465377807617,3.191465377807617,0.0000,0.1085,1.5430,0.5255,-0.0196,326.7500,imu,-0.0006
1786347902.080883,0.1016,-3.465047836303711,3.5599963665008545,0.0003,0.1194,1.5431,0.5254,-0.0011,325.6875,imu,-0.0008
1786347902.186015,0.1051,-3.4727773666381836,3.5366532802581787,0.0002,0.1191,1.5431,0.5253,0.0142,324.8125,imu,-0.0007
1786347902.301709,0.1157,-3.692828416824341,3.4368209838867188,-0.0008,0.1212,1.5430,0.5253,0.0316,323.8125,imu,-0.0006
1786347902.407178,0.1055,-3.2123310565948486,3.14909029006958,-0.0002,0.1081,1.5430,0.5253,0.0491,322.8125,imu,0.0006
1786347902.493739,0.0866,-3.424788475036621,3.7441790103912354,0.0009,0.1219,1.5431,0.5254,0.0654,321.8750,imu,0.0004
1786347902.601377,0.1076,-1.7054681777954102,6.411125183105469,0.0138,0.1380,1.5445,0.5256,0.0862,320.6875,imu,0.0008
1786347902.701331,0.1000,0.4020061790943146,9.674490928649902,0.0295,0.1576,1.5475,0.5258,0.1102,319.3125,imu,-0.0009
1786347902.805169,0.1038,1.1722972393035889,12.100316047668457,0.0389,0.1858,1.5515,0.5265,0.1374,317.7500,imu,0.0016
1786347902.911153,0.1060,1.4396110773086548,15.000724792480469,0.0482,0.2305,1.5565,0.5273,0.1691,315.9375,imu,-0.0007
1786347903.012835,0.1017,1.647849678993225,16.628896713256836,0.0536,0.2546,1.5619,0.5283,0.2018,314.0625,imu,-0.0010
1786347903.113936,0.1011,1.8386831283569336,15.86134147644043,0.0519,0.2384,1.5670,0.5296,0.2411,311.8125,imu,0.0001
1786347903.223259,0.1093,3.149815082550049,17.25437355041504,0.0598,0.2397,1.5732,0.5314,0.2738,309.9375,imu,0.0003
1786347903.329550,0.1063,3.4149999618530273,18.16710662841797,0.0633,0.2508,1.5796,0.5335,0.3054,308.1250,imu,0.0008
1786347903.425756,0.0962,2.9380578994750977,17.452539443969727,0.0598,0.2467,1.5850,0.5354,0.3458,305.8125,imu,0.0000
1786347903.587665,0.1619,3.302442789077759,20.15019989013672,0.0688,0.2864,1.5954,0.5396,0.3840,303.6250,imu,0.0002
1786347903.747860,0.1602,3.162750482559204,20.272092819213867,0.0687,0.2908,1.6054,0.5441,0.4254,301.2500,imu,-0.0005
1786347904.194262,0.4464,3.073110818862915,20.02621841430664,0.0677,0.2882,1.6324,0.5577,0.4669,298.8750,imu,0.0000
1786347904.263409,0.0691,2.9125139713287354,18.37124252319336,0.0624,0.2628,1.6362,0.5598,0.5094,296.4375,imu,0.0001
1786347904.315022,0.0516,3.221402645111084,19.803375244140625,0.0675,0.2819,1.6391,0.5616,0.5509,294.0625,imu,-0.0001
1786347904.349275,0.0343,5.2922749519348145,20.877696990966797,0.0767,0.2649,1.6413,0.5631,0.5880,291.9375,imu,-0.0006
1786347904.475852,0.1266,7.545820713043213,21.68250274658203,0.0857,0.2403,1.6502,0.5694,0.6185,290.1875,imu,-0.0003
1786347904.505397,0.0295,8.479277610778809,22.369356155395508,0.0905,0.2361,1.6523,0.5710,0.6490,288.4375,imu,0.0001
1786347904.546366,0.0410,8.809514045715332,20.864456176757812,0.0870,0.2049,1.6551,0.5732,0.6785,286.7500,imu,0.0001
1786347904.605392,0.0590,10.795344352722168,23.194026947021484,0.0997,0.2108,1.6595,0.5771,0.7079,285.0625,imu,0.0009
1786347904.651545,0.0462,11.6398344039917,23.484899520874023,0.1030,0.2013,1.6631,0.5803,0.7374,283.3750,imu,0.0001
1786347904.686905,0.0354,11.056081771850586,21.44339370727539,0.0953,0.1766,1.6655,0.5826,0.7625,281.9375,imu,0.0001
1786347904.792355,0.1054,12.875163078308105,24.02189064025879,0.1082,0.1895,1.6735,0.5907,0.7887,280.4375,imu,-0.0001
1786347904.882920,0.0906,12.989104270935059,24.272708892822266,0.1093,0.1918,1.6802,0.5980,0.8170,278.8125,imu,0.0013
1786347905.003564,0.1206,11.83590030670166,22.109737396240234,0.0995,0.1746,1.6882,0.6069,0.8432,277.3125,imu,-0.0003
1786347905.085170,0.0816,13.253066062927246,24.297286987304688,0.1101,0.1877,1.6941,0.6137,0.8661,276.0000,imu,-0.0007
1786347905.186045,0.1009,13.022329330444336,24.17302894592285,0.1091,0.1895,1.7010,0.6223,0.8934,274.4375,imu,-0.0005
1786347905.300836,0.1148,12.717693328857422,23.073938369750977,0.1049,0.1760,1.7084,0.6318,0.9207,272.8750,imu,-0.0011
1786347905.418896,0.1181,11.7542724609375,19.73845863342285,0.0923,0.1357,1.7149,0.6406,0.9392,271.8125,imu,-0.0001
1786347905.498258,0.0794,12.772151947021484,20.52208709716797,0.0976,0.1317,1.7193,0.6469,0.9567,270.8125,imu,-0.0002
1786347905.605368,0.1071,12.632591247558594,20.44877052307129,0.0970,0.1329,1.7251,0.6556,0.9774,269.6250,imu,0.0008
1786347905.716043,0.1107,12.859055519104004,20.19344139099121,0.0969,0.1247,1.7309,0.6646,0.9937,268.6875,imu,-0.0002
1786347905.813663,0.0976,12.308259963989258,17.735578536987305,0.0881,0.0923,1.7355,0.6718,1.0068,267.9375,imu,0.0004
1786347905.919722,0.1061,13.754058837890625,19.012718200683594,0.0961,0.0894,1.7408,0.6805,1.0177,267.3125,imu,0.0002
1786347906.017759,0.0980,13.807576179504395,18.0720157623291,0.0935,0.0725,1.7455,0.6884,1.0297,266.6250,imu,0.0006
1786347906.119926,0.1022,14.186345100402832,16.761798858642578,0.0907,0.0438,1.7503,0.6964,1.0341,266.3750,imu,-0.0001
1786347906.232915,0.1130,12.95426082611084,14.470648765563965,0.0804,0.0258,1.7548,0.7042,1.0396,266.0625,imu,0.0003
1786347906.338192,0.1053,13.915962219238281,15.460283279418945,0.0861,0.0263,1.7594,0.7121,1.0461,265.6875,imu,0.0003
1786347906.437109,0.0989,14.227360725402832,15.713358879089355,0.0878,0.0253,1.7638,0.7196,1.0461,265.6875,imu,-0.0007
1786347906.540443,0.1033,14.346748352050781,15.858125686645508,0.0886,0.0257,1.7683,0.7275,1.0483,265.5625,imu,0.0003
1786347906.641908,0.1015,12.871138572692871,13.662702560424805,0.0778,0.0135,1.7722,0.7344,1.0516,265.3750,imu,-0.0002
1786347906.744122,0.1022,14.260480880737305,13.765864372253418,0.0822,-0.0084,1.7764,0.7416,1.0483,265.5625,imu,0.0001
1786347906.855825,0.1117,14.929342269897461,13.465642929077148,0.0833,-0.0249,1.7811,0.7497,1.0494,265.5000,imu,-0.0001
1786347906.951566,0.0957,14.496123313903809,11.80874252319336,0.0771,-0.0457,1.7848,0.7561,1.0439,265.8125,imu,-0.0006
1786347907.055079,0.1035,14.812260627746582,10.153120040893555,0.0732,-0.0792,1.7889,0.7625,1.0308,266.5625,imu,-0.0017
1786347907.172212,0.1171,13.705913543701172,9.661128044128418,0.0685,-0.0688,1.7929,0.7694,1.0232,267.0000,imu,0.0017
1786347907.265670,0.0935,14.76911735534668,10.051936149597168,0.0728,-0.0802,1.7965,0.7752,1.0123,267.6250,imu,0.0001
1786347907.396662,0.1310,15.171337127685547,9.786367416381836,0.0732,-0.0915,1.8018,0.7832,0.9992,268.3750,imu,-0.0007
1786347907.472559,0.0759,15.0211181640625,8.446944236755371,0.0688,-0.1117,1.8045,0.7876,0.9839,269.2500,imu,0.0023
1786347907.572141,0.0996,15.37646198272705,8.564759254455566,0.0702,-0.1158,1.8086,0.7933,0.9665,270.2500,imu,-0.0013
1786347907.675045,0.1029,16.41021728515625,8.483444213867188,0.0730,-0.1347,1.8130,0.7994,0.9447,271.5000,imu,0.0002
1786347907.781898,0.1069,15.309283256530762,7.568673133850098,0.0671,-0.1316,1.8171,0.8053,0.9283,272.4375,imu,0.0016
1786347907.880811,0.0989,15.432074546813965,8.27692985534668,0.0695,-0.1216,1.8216,0.8105,0.9098,273.5000,imu,-0.0035
1786347907.985238,0.1044,16.38994789123535,7.823680877685547,0.0710,-0.1456,1.8263,0.8162,0.8890,274.6875,imu,-0.0003
1786347908.092755,0.1075,15.936556816101074,5.95952844619751,0.0642,-0.1696,1.8307,0.8215,0.8705,275.7500,imu,0.0002
1786347908.192709,0.1000,10.742732048034668,1.512371301651001,0.0359,-0.1569,1.8331,0.8242,0.8410,277.4375,imu,0.0008
1786347908.296159,0.1034,6.0039143562316895,-1.0216114521026611,0.0146,-0.1194,1.8341,0.8254,0.8268,278.2500,imu,0.0006
1786347908.415310,0.1192,3.1110270023345947,-2.8229475021362305,0.0008,-0.1009,1.8342,0.8254,0.8127,279.0625,imu,-0.0005
1786347908.504137,0.0888,2.439185619354248,-3.4956259727478027,-0.0031,-0.1009,1.8340,0.8252,0.7974,279.9375,imu,-0.0007
1786347908.606145,0.1020,3.049934148788452,-4.064160346984863,-0.0030,-0.1209,1.8338,0.8250,0.7799,280.9375,imu,-0.0002
1786347908.714131,0.1080,3.3805694580078125,-3.891366720199585,-0.0015,-0.1236,1.8337,0.8249,0.7636,281.8750,imu,0.0000
1786347908.815897,0.1018,3.5261292457580566,-3.686197519302368,-0.0005,-0.1226,1.8337,0.8248,0.7461,282.8750,imu,-0.0001
1786347908.918263,0.1024,3.1773669719696045,-3.30414080619812,-0.0004,-0.1102,1.8337,0.8248,0.7265,284.0000,imu,-0.0004
1786347909.031498,0.1132,3.6348538398742676,-3.4442107677459717,0.0006,-0.1203,1.8337,0.8248,0.7101,284.9375,imu,0.0004
1786347909.125947,0.0944,3.5215954780578613,-3.425541400909424,0.0003,-0.1181,1.8337,0.8249,0.6949,285.8125,imu,0.0008
1786347909.233473,0.1075,3.5370213985443115,-2.9288790225982666,0.0018,-0.1099,1.8338,0.8251,0.6807,286.6250,imu,0.0003
1786347909.337332,0.1039,5.005687236785889,-2.1251323223114014,0.0084,-0.1212,1.8345,0.8256,0.6621,287.6875,imu,-0.0004
1786347909.434949,0.0976,9.206809997558594,-0.08216233551502228,0.0268,-0.1579,1.8366,0.8271,0.6414,288.8750,imu,0.0001
1786347909.536371,0.1014,11.716997146606445,1.0791971683502197,0.0375,-0.1808,1.8397,0.8293,0.6163,290.3125,imu,-0.0002
1786347909.652963,0.1166,12.396655082702637,1.1417971849441528,0.0397,-0.1913,1.8436,0.8319,0.5869,292.0000,imu,-0.0001
1786347909.744610,0.0916,15.201322555541992,1.400121808052063,0.0487,-0.2346,1.8474,0.8342,0.5552,293.8125,imu,-0.0006
1786347909.848189,0.1036,16.2974910736084,1.5010846853256226,0.0522,-0.2515,1.8521,0.8369,0.5192,295.8750,imu,0.0000
1786347909.954412,0.1062,14.887774467468262,1.3712422847747803,0.0477,-0.2298,1.8566,0.8392,0.4821,298.0000,imu,-0.0001
1786347910.055817,0.1014,16.73684310913086,1.5415512323379517,0.0536,-0.2583,1.8615,0.8415,0.4472,300.0000,imu,-0.0002
1786347910.158070,0.1023,18.317670822143555,1.687153935432434,0.0587,-0.2827,1.8670,0.8439,0.4080,302.2500,imu,0.0001
1786347910.264154,0.1061,18.93878936767578,1.744362235069275,0.0606,-0.2923,1.8730,0.8462,0.3632,304.8125,imu,-0.0001
1786347910.368112,0.1040,17.72249984741211,1.6323354244232178,0.0568,-0.2735,1.8786,0.8481,0.3218,307.1875,imu,0.0000
1786347910.467551,0.0994,19.54771614074707,1.8004474639892578,0.0626,-0.3017,1.8846,0.8498,0.2782,309.6875,imu,-0.0001
1786347910.575792,0.1082,19.44540786743164,1.7910243272781372,0.0623,-0.3001,1.8911,0.8514,0.2356,312.1250,imu,0.0004
1786347910.676279,0.1005,19.639619827270508,2.0401360988616943,0.0636,-0.2992,1.8974,0.8526,0.1920,314.6250,imu,0.0001
1786347910.779118,0.1028,18.86044692993164,2.812539577484131,0.0635,-0.2728,1.9038,0.8538,0.1516,316.9375,imu,0.0018
1786347910.890877,0.1118,21.306262969970703,4.6303911209106445,0.0761,-0.2835,1.9123,0.8548,0.1102,319.3125,imu,0.0004
1786347910.984735,0.0939,21.746252059936523,5.432513236999512,0.0797,-0.2773,1.9197,0.8553,0.0698,321.6250,imu,0.0005
1786347911.087507,0.1028,19.816192626953125,5.140251636505127,0.0732,-0.2495,1.9272,0.8555,0.0295,323.9375,imu,-0.0006
1786347911.193649,0.1061,22.396724700927734,6.81664514541626,0.0857,-0.2648,1.9363,0.8554,-0.0055,325.9375,imu,-0.0001
1786347911.298663,0.1050,22.662050247192383,7.613473892211914,0.0888,-0.2558,1.9456,0.8549,-0.0447,328.1875,imu,-0.0010
1786347911.409945,0.1113,23.073009490966797,7.928459167480469,0.0909,-0.2574,1.9557,0.8541,-0.0764,330.0000,imu,-0.0006
1786347911.508772,0.0988,20.81781005859375,9.625336647033691,0.0893,-0.1902,1.9645,0.8531,-0.1069,331.7500,imu,-0.0003
1786347911.608900,0.1001,22.484966278076172,10.771832466125488,0.0975,-0.1991,1.9742,0.8518,-0.1407,333.6875,imu,0.0009
1786347911.726829,0.1179,22.828861236572266,11.33926773071289,0.1002,-0.1953,1.9858,0.8499,-0.1680,335.2500,imu,0.0008
1786347911.813734,0.0869,22.305622100830078,10.906132698059082,0.0974,-0.1938,1.9941,0.8482,-0.1963,336.8750,imu,-0.0009
1786347911.919021,0.1053,20.72590446472168,10.110843658447266,0.0904,-0.1804,2.0034,0.8460,-0.2203,338.2500,imu,-0.0009
1786347912.029566,0.1105,22.471820831298828,10.892850875854492,0.0978,-0.1968,2.0139,0.8434,-0.2520,340.0625,imu,0.0004
1786347912.126176,0.0966,22.381877899169922,11.061017990112305,0.0981,-0.1924,2.0230,0.8409,-0.2803,341.6875,imu,0.0013
1786347912.229218,0.1030,21.539079666137695,11.27587890625,0.0962,-0.1745,2.0325,0.8380,-0.3000,342.8125,imu,0.0006
1786347912.339158,0.1099,18.46605682373047,10.4248685836792,0.0847,-0.1367,2.0413,0.8350,-0.3229,344.1250,imu,-0.0006
1786347912.437217,0.0981,19.615795135498047,11.486570358276367,0.0912,-0.1382,2.0497,0.8319,-0.3469,345.5000,imu,-0.0004
1786347912.574909,0.1377,18.85982894897461,11.967313766479492,0.0904,-0.1172,2.0614,0.8276,-0.3632,346.4375,imu,0.0010
1786347912.654982,0.0801,18.578262329101562,12.460041999816895,0.0910,-0.1040,2.0682,0.8250,-0.3807,347.4375,imu,0.0006
1786347912.748059,0.0931,16.612329483032227,11.501436233520508,0.0824,-0.0869,2.0753,0.8220,-0.3916,348.0625,imu,-0.0004
1786347912.850329,0.1023,18.316753387451172,12.557113647460938,0.0905,-0.0979,2.0837,0.8182,-0.4080,349.0000,imu,-0.0008
1786347912.958730,0.1084,18.313203811645508,12.671845436096191,0.0909,-0.0959,2.0927,0.8143,-0.4189,349.6250,imu,0.0002
1786347913.057612,0.0989,16.759628295898438,11.466209411621094,0.0828,-0.0900,2.1002,0.8110,-0.4309,350.3125,imu,0.0020
1786347913.160440,0.1028,15.780960083007812,12.65388011932373,0.0834,-0.0532,2.1079,0.8071,-0.4418,350.9375,imu,-0.0028
1786347913.283350,0.1229,15.30789852142334,12.859807968139648,0.0826,-0.0416,2.1170,0.8027,-0.4461,351.1875,imu,0.0000
1786347913.380617,0.0973,14.217238426208496,12.820643424987793,0.0793,-0.0237,2.1239,0.7993,-0.4527,351.5625,imu,-0.0005
1786347913.475763,0.0951,11.89100456237793,11.838118553161621,0.0696,-0.0009,2.1299,0.7963,-0.4538,351.6250,imu,-0.0006
1786347913.582033,0.1063,12.645868301391602,13.28458309173584,0.0760,0.0109,2.1371,0.7928,-0.4516,351.5000,imu,0.0002
1786347913.683048,0.1010,12.515246391296387,13.222346305847168,0.0755,0.0120,2.1440,0.7896,-0.4549,351.6875,imu,0.0008
1786347913.784913,0.1019,12.289262771606445,13.349676132202148,0.0752,0.0180,2.1509,0.7862,-0.4472,351.2500,imu,-0.0004
1786347913.889408,0.1045,9.817228317260742,12.25693130493164,0.0647,0.0415,2.1570,0.7833,-0.4429,351.0000,imu,0.0000
1786347913.988691,0.0993,9.948676109313965,13.585508346557617,0.0690,0.0618,2.1632,0.7804,-0.4396,350.8125,imu,0.0003
1786347914.094375,0.1057,9.437267303466797,13.289267539978027,0.0666,0.0655,2.1696,0.7775,-0.4287,350.1875,imu,-0.0003
1786347914.207350,0.1130,9.425153732299805,13.78357982635498,0.0681,0.0741,2.1767,0.7744,-0.4123,349.2500,imu,0.0002
1786347914.302646,0.0953,8.526487350463867,12.387079238891602,0.0613,0.0656,2.1820,0.7721,-0.4047,348.8125,imu,-0.0003
1786347914.408790,0.1061,8.90500259399414,13.256855010986328,0.0650,0.0740,2.1884,0.7693,-0.3949,348.2500,imu,-0.0008
1786347914.514100,0.1053,7.822332382202148,13.746606826782227,0.0632,0.1007,2.1946,0.7669,-0.3851,347.6875,imu,0.0003
1786347914.667197,0.1531,3.8104820251464844,10.807039260864258,0.0429,0.1189,2.2007,0.7646,-0.3654,346.5625,imu,0.0006
1786347914.773352,0.1062,-0.6716727018356323,4.942243576049805,0.0125,0.0954,2.2020,0.7642,-0.3534,345.8750,imu,0.0003
1786347914.874343,0.1010,-3.061237335205078,2.7438323497772217,-0.0009,0.0987,2.2019,0.7642,-0.3392,345.0625,imu,0.0004
1786347914.979594,0.1053,-4.009781837463379,2.6395297050476074,-0.0040,0.1130,2.2015,0.7644,-0.3229,344.1250,imu,-0.0001
1786347915.084879,0.1053,-3.622713565826416,3.1160831451416016,-0.0015,0.1145,2.2014,0.7645,-0.3054,343.1250,imu,0.0009
1786347915.191221,0.1063,-3.7687997817993164,3.5495035648345947,-0.0006,0.1244,2.2013,0.7645,-0.2847,341.9375,imu,-0.0001
1786347915.295896,0.1047,-3.6530025005340576,3.493222236633301,-0.0005,0.1215,2.2012,0.7645,-0.2651,340.8125,imu,-0.0007
1786347915.395825,0.0999,-3.564016819000244,3.2801268100738525,-0.0008,0.1163,2.2011,0.7644,-0.2498,339.9375,imu,-0.0010
1786347915.500515,0.1047,-3.447075366973877,2.9668684005737305,-0.0014,0.1090,2.2010,0.7643,-0.2345,339.0625,imu,-0.0010
1786347915.608679,0.1082,-3.1784088611602783,3.497055768966675,0.0009,0.1135,2.2011,0.7644,-0.2203,338.2500,imu,0.0006
1786347915.707320,0.0986,-3.1827049255371094,3.496551275253296,0.0009,0.1135,2.2012,0.7644,-0.2062,337.4375,imu,0.0011
1786347915.812063,0.1047,-3.303583860397339,3.5895040035247803,0.0008,0.1172,2.2013,0.7645,-0.1909,336.5625,imu,0.0007
1786347915.920643,0.1086,-3.4536619186401367,3.421973466873169,-0.0001,0.1169,2.2013,0.7645,-0.1734,335.5625,imu,0.0003
1786347916.019675,0.0990,-3.3173961639404297,3.2536516189575195,-0.0002,0.1117,2.2013,0.7645,-0.1560,334.5625,imu,0.0000
1786347916.124842,0.1052,-3.5556704998016357,3.6196048259735107,0.0002,0.1220,2.2013,0.7645,-0.1374,333.5000,imu,0.0002
1786347916.235796,0.1110,-3.5039732456207275,3.5665106773376465,0.0002,0.1202,2.2013,0.7645,-0.1178,332.3750,imu,0.0000
1786347916.330572,0.0948,-3.2791683673858643,4.012782573699951,0.0022,0.1239,2.2015,0.7645,-0.0993,331.3125,imu,-0.0003
1786347916.437027,0.1065,-1.5707436800003052,6.0335774421691895,0.0131,0.1293,2.2029,0.7643,-0.0829,330.3750,imu,-0.0010
1786347916.549634,0.1126,0.1040249913930893,9.858367919921875,0.0292,0.1658,2.2062,0.7640,-0.0578,328.9375,imu,-0.0005
1786347916.643171,0.0935,0.9302393794059753,11.985909461975098,0.0379,0.1879,2.2097,0.7639,-0.0316,327.4375,imu,-0.0005
1786347916.746569,0.1034,1.1415008306503296,12.393438339233398,0.0397,0.1913,2.2138,0.7639,-0.0044,325.8750,imu,0.0002
1786347916.858746,0.1122,0.9752217531204224,10.903735160827637,0.0348,0.1688,2.2177,0.7640,0.0229,324.3125,imu,0.0001
1786347916.955629,0.0969,0.6997400522232056,11.95069408416748,0.0371,0.1912,2.2213,0.7642,0.0480,322.8750,imu,0.0010
1786347917.061437,0.1058,0.7809259295463562,14.152212142944336,0.0438,0.2273,2.2259,0.7648,0.0774,321.1875,imu,0.0018
1786347917.165359,0.1039,1.219420313835144,15.739038467407227,0.0497,0.2468,2.2310,0.7654,0.1134,319.1250,imu,0.0007
1786347917.269302,0.1039,1.00397789478302,15.002584457397461,0.0469,0.2379,2.2359,0.7660,0.1473,317.1875,imu,-0.0013
1786347917.369982,0.1007,1.336948037147522,16.38733673095703,0.0520,0.2558,2.2410,0.7669,0.1833,315.1250,imu,-0.0006
1786347917.484471,0.1145,1.5938339233398438,17.30448341369629,0.0554,0.2670,2.2472,0.7683,0.2214,312.9375,imu,-0.0004
1786347917.613883,0.1294,1.71943199634552,18.668119430541992,0.0598,0.2881,2.2547,0.7703,0.2607,310.6875,imu,0.0003
1786347917.680202,0.0663,1.6248003244400024,17.640689849853516,0.0565,0.2722,2.2583,0.7714,0.3011,308.3750,imu,0.0002
1786347917.806284,0.1261,1.8016303777694702,19.560558319091797,0.0626,0.3019,2.2657,0.7741,0.3469,305.7500,imu,0.0000
1786347917.945819,0.1395,2.0352931022644043,19.8890323638916,0.0643,0.3035,2.2740,0.7775,0.3894,303.3125,imu,-0.0005
1786347918.000798,0.0550,2.4863219261169434,20.432525634765625,0.0672,0.3050,2.2774,0.7790,0.4309,300.9375,imu,0.0001
1786347918.100941,0.1001,4.1717329025268555,19.33698081970215,0.0689,0.2578,2.2836,0.7821,0.4778,298.2500,imu,-0.0008
1786347918.199438,0.0985,5.493420124053955,21.816482543945312,0.0801,0.2775,2.2904,0.7859,0.5127,296.2500,imu,-0.0004
1786347918.301258,0.1018,5.810718536376953,21.721439361572266,0.0807,0.2705,2.2975,0.7902,0.5552,293.8125,imu,-0.0006
1786347918.415001,0.1137,6.5557684898376465,21.447338104248047,0.0821,0.2531,2.3054,0.7951,0.5923,291.6875,imu,-0.0031
1786347918.507218,0.0922,6.673478603363037,21.973695755004883,0.0840,0.2601,2.3115,0.8000,0.6349,289.2500,imu,0.0031
1786347918.610765,0.1035,7.390580177307129,23.18278694152832,0.0896,0.2684,2.3187,0.8057,0.6676,287.3750,imu,0.0002
1786347918.717561,0.1068,7.5400800704956055,23.205760955810547,0.0902,0.2663,2.3260,0.8120,0.7047,285.2500,imu,0.0007
1786347918.818491,0.1009,7.871387481689453,21.118356704711914,0.0850,0.2252,2.3324,0.8178,0.7429,283.0625,imu,0.0000
1786347918.933484,0.1150,9.584086418151855,22.994186401367188,0.0955,0.2279,2.3402,0.8255,0.7734,281.3125,imu,-0.0002
1786347919.027431,0.0939,10.295557022094727,22.733896255493164,0.0968,0.2114,2.3466,0.8320,0.8094,279.2500,imu,-0.0010
1786347919.130874,0.1034,10.731396675109863,23.294279098510742,0.0998,0.2135,2.3535,0.8397,0.8345,277.8125,imu,0.0001
1786347919.243869,0.1130,10.076725006103516,20.389501571655273,0.0893,0.1753,2.3599,0.8474,0.8639,276.1250,imu,0.0016
1786347919.354132,0.1103,10.822546005249023,21.789018630981445,0.0956,0.1864,2.3666,0.8556,0.8945,274.3750,imu,-0.0010
1786347919.447889,0.0938,11.168356895446777,20.750391006469727,0.0936,0.1629,2.3720,0.8625,0.9108,273.4375,imu,0.0002
1786347919.558097,0.1102,11.42615032196045,20.090219497680664,0.0924,0.1473,2.3780,0.8708,0.9338,272.1250,imu,0.0005
1786347919.650635,0.0925,11.699532508850098,20.20626449584961,0.0936,0.1446,2.3830,0.8778,0.9490,271.2500,imu,0.0002
1786347919.754555,0.1039,11.454127311706543,17.93358612060547,0.0862,0.1101,2.3879,0.8853,0.9763,269.6875,imu,0.0017
1786347919.862106,0.1076,11.87419319152832,19.09309959411621,0.0908,0.1227,2.3934,0.8934,0.9861,269.1250,imu,-0.0017
1786347919.962212,0.1001,12.797290802001953,18.908475875854492,0.0930,0.1039,2.3985,0.9012,0.9992,268.3750,imu,0.0002
1786347920.065798,0.1036,12.394247055053711,17.790014266967773,0.0885,0.0917,2.4035,0.9089,1.0145,267.5000,imu,-0.0024
1786347920.174824,0.1090,11.332444190979004,16.909942626953125,0.0828,0.0948,2.4078,0.9168,1.0308,266.5625,imu,0.0036
1786347920.275838,0.1010,12.30012321472168,16.339061737060547,0.0840,0.0687,2.4121,0.9241,1.0374,266.1875,imu,0.0000
1786347920.377228,0.1014,12.261361122131348,15.159811019897461,0.0804,0.0493,2.4162,0.9312,1.0428,265.8750,imu,0.0001
1786347920.482753,0.1055,12.465805053710938,14.169053077697754,0.0781,0.0290,2.4203,0.9383,1.0472,265.6250,imu,0.0002
1786347920.585612,0.1029,11.16985034942627,11.512697219848633,0.0665,0.0058,2.4237,0.9443,1.0494,265.5000,imu,0.0007
1786347920.694766,0.1092,12.517234802246094,12.2826566696167,0.0727,-0.0040,2.4276,0.9511,1.0461,265.6875,imu,0.0001
1786347920.796908,0.1021,12.652681350708008,12.466940879821777,0.0737,-0.0032,2.4315,0.9576,1.0483,265.5625,imu,-0.0008
1786347920.899942,0.1030,12.471278190612793,12.313592910766602,0.0727,-0.0027,2.4352,0.9641,1.0472,265.6250,imu,0.0006
1786347921.001961,0.1020,12.734612464904785,12.207015037536621,0.0731,-0.0090,2.4389,0.9706,1.0428,265.8750,imu,0.0002
1786347921.116476,0.1145,11.812228202819824,9.8469877243042,0.0635,-0.0334,2.4427,0.9768,1.0417,265.9375,imu,-0.0009
1786347921.208847,0.0924,12.738454818725586,9.730779647827148,0.0659,-0.0511,2.4459,0.9820,1.0352,266.3125,imu,-0.0009
1786347921.325263,0.1164,11.48006534576416,8.028824806213379,0.0572,-0.0587,2.4493,0.9877,1.0265,266.8125,imu,-0.0003
1786347921.430928,0.1057,7.407238960266113,3.5827572345733643,0.0322,-0.0650,2.4511,0.9906,1.0156,267.4375,imu,0.0002
1786347921.521451,0.0905,3.740208864212036,-0.03273116052150726,0.0109,-0.0641,2.4516,0.9914,1.0090,267.8125,imu,-0.0002
1786347921.637724,0.1163,2.305307149887085,-1.892456293106079,0.0012,-0.0714,2.4518,0.9915,1.0014,268.2500,imu,-0.0008
1786347921.733148,0.0954,2.5675301551818848,-3.3597419261932373,-0.0023,-0.1008,2.4517,0.9913,0.9883,269.0000,imu,0.0001
1786347921.834781,0.1016,3.1093506813049316,-3.995666265487671,-0.0026,-0.1208,2.4515,0.9911,0.9697,270.0625,imu,0.0000
1786347921.939330,0.1045,3.587397336959839,-3.587397336959839,0.0000,-0.1220,2.4515,0.9911,0.9512,271.1250,imu,0.0000
1786347922.045835,0.1065,3.203930377960205,-3.8358840942382812,-0.0019,-0.1197,2.4514,0.9909,0.9338,272.1250,imu,0.0002
1786347922.145667,0.0998,3.6155202388763428,-3.487985849380493,0.0004,-0.1207,2.4514,0.9909,0.9163,273.1250,imu,-0.0002
1786347922.252587,0.1069,3.604661703109741,-3.3810064792633057,0.0007,-0.1187,2.4515,0.9910,0.8988,274.1250,imu,-0.0005
1786347922.355529,0.1029,3.513410806655884,-3.101304054260254,0.0012,-0.1124,2.4516,0.9910,0.8825,275.0625,imu,-0.0005
1786347922.456205,0.1007,3.170689582824707,-3.4245588779449463,-0.0007,-0.1121,2.4516,0.9910,0.8650,276.0625,imu,-0.0002
1786347922.563762,0.1076,3.545332193374634,-3.48129940032959,0.0002,-0.1194,2.4516,0.9910,0.8476,277.0625,imu,0.0000
1786347922.661342,0.0976,3.547877311706543,-3.3880457878112793,0.0005,-0.1179,2.4516,0.9911,0.8312,278.0000,imu,0.0007
1786347922.765207,0.1039,2.9873557090759277,-3.211369037628174,-0.0007,-0.1054,2.4515,0.9910,0.8149,278.9375,imu,0.0005
1786347922.883362,0.1182,3.3209805488586426,-3.576263189315796,-0.0007,-0.1172,2.4514,0.9910,0.7985,279.8750,imu,0.0004
1786347922.970956,0.0876,3.500243902206421,-3.6603455543518066,-0.0005,-0.1217,2.4514,0.9910,0.7821,280.8125,imu,0.0003
1786347923.076292,0.1053,3.2401065826416016,-3.3041067123413086,-0.0002,-0.1112,2.4513,0.9910,0.7636,281.8750,imu,0.0002
1786347923.208783,0.1325,3.659202814102173,-3.4991512298583984,0.0005,-0.1217,2.4514,0.9910,0.7472,282.8125,imu,-0.0003
1786347923.282488,0.0737,3.6323986053466797,-3.472355604171753,0.0005,-0.1208,2.4514,0.9910,0.7298,283.8125,imu,-0.0001
1786347923.385664,0.1032,3.5728564262390137,-3.3827011585235596,0.0006,-0.1182,2.4514,0.9911,0.7112,284.8750,imu,0.0006
1786347923.496256,0.1106,3.221301794052124,-3.380772113800049,-0.0005,-0.1122,2.4515,0.9910,0.6949,285.8125,imu,-0.0008
1786347923.592680,0.0964,5.235762119293213,-2.4824934005737305,0.0081,-0.1312,2.4521,0.9915,0.6774,286.8125,imu,-0.0004
1786347923.695159,0.1025,8.780077934265137,-0.22671562433242798,0.0251,-0.1531,2.4541,0.9931,0.6589,287.8750,imu,0.0002
1786347923.802200,0.1070,10.472358703613281,0.8777221441268921,0.0333,-0.1631,2.4569,0.9953,0.6338,289.3125,imu,0.0019
1786347923.902248,0.1000,11.373017311096191,1.047514796257019,0.0364,-0.1755,2.4599,0.9973,0.6076,290.8125,imu,-0.0012
1786347924.007354,0.1051,12.584136962890625,1.1590652465820312,0.0403,-0.1942,2.4635,0.9996,0.5803,292.3750,imu,0.0000
1786347924.114973,0.1076,14.040331840515137,1.293188452720642,0.0450,-0.2167,2.4676,1.0021,0.5509,294.0625,imu,-0.0006
1786347924.214950,0.1000,15.682175636291504,1.4444109201431274,0.0502,-0.2420,2.4720,1.0046,0.5181,295.9375,imu,-0.0001
1786347924.345526,0.1306,15.41815185546875,1.4200929403305054,0.0494,-0.2379,2.4777,1.0076,0.4800,298.1250,imu,0.0001
1786347924.441713,0.0962,18.15974998474121,1.6726086139678955,0.0582,-0.2802,2.4828,1.0100,0.4418,300.3125,imu,0.0003
1786347924.526305,0.0846,19.295284271240234,1.777197241783142,0.0618,-0.2978,2.4876,1.0120,0.4025,302.5625,imu,0.0000
1786347924.627679,0.1014,17.514265060424805,1.6131560802459717,0.0561,-0.2703,2.4929,1.0140,0.3567,305.1875,imu,0.0000
1786347924.740405,0.1127,19.76012420654297,1.8200113773345947,0.0633,-0.3049,2.4997,1.0163,0.3163,307.5000,imu,0.0002
1786347924.840026,0.0996,19.01959800720215,1.7518051862716675,0.0609,-0.2935,2.5055,1.0180,0.2749,309.8750,imu,0.0006
1786347924.947737,0.1077,19.174501419067383,1.766072392463684,0.0614,-0.2959,2.5119,1.0195,0.2313,312.3750,imu,0.0003
1786347925.055954,0.1082,19.4399356842041,1.8775700330734253,0.0625,-0.2985,2.5186,1.0208,0.1898,314.7500,imu,-0.0001
1786347925.149818,0.0939,18.18653106689453,2.3374767303466797,0.0602,-0.2694,2.5241,1.0217,0.1494,317.0625,imu,0.0005
1786347925.263169,0.1134,20.891849517822266,4.136207103729248,0.0734,-0.2848,2.5324,1.0225,0.1004,319.8750,imu,0.0005
1786347925.362748,0.0996,22.09308624267578,5.7546610832214355,0.0817,-0.2777,2.5405,1.0231,0.0654,321.8750,imu,0.0000
1786347925.461728,0.0990,24.243432998657227,9.236410140991211,0.0982,-0.2551,2.5502,1.0233,0.0316,323.8125,imu,-0.0005
1786347925.569654,0.1079,23.821598052978516,11.30618953704834,0.1030,-0.2127,2.5614,1.0232,-0.0044,325.8750,imu,-0.0011
1786347925.675736,0.1061,27.105884552001953,13.76455307006836,0.1198,-0.2268,2.5741,1.0226,-0.0371,327.7500,imu,-0.0007
1786347925.776227,0.1005,27.402931213378906,14.20547103881836,0.1220,-0.2243,2.5863,1.0218,-0.0720,329.7500,imu,0.0008
1786347925.880911,0.1047,24.217546463012695,13.09698486328125,0.1094,-0.1890,2.5977,1.0208,-0.0993,331.3125,imu,0.0008
1786347925.978383,0.0975,25.606966018676758,14.813689231872559,0.1185,-0.1835,2.6091,1.0192,-0.1254,332.8125,imu,-0.0008
1786347926.080036,0.1017,24.826675415039062,15.066290855407715,0.1170,-0.1659,2.6209,1.0176,-0.1505,334.2500,imu,0.0014
1786347926.190470,0.1104,24.76399803161621,14.045125961303711,0.1138,-0.1822,2.6333,1.0155,-0.1713,335.4375,imu,-0.0001
1786347926.287263,0.0968,22.729162216186523,14.863153457641602,0.1102,-0.1337,2.6438,1.0133,-0.1953,336.8125,imu,-0.0007
1786347926.390115,0.1029,24.46852684020996,14.848876953125,0.1153,-0.1635,2.6554,1.0108,-0.2193,338.1875,imu,0.0011
1786347926.500169,0.1101,23.04581069946289,14.844527244567871,0.1111,-0.1394,2.6672,1.0080,-0.2378,339.2500,imu,0.0004
1786347926.600262,0.1001,20.683359146118164,13.499306678771973,0.1002,-0.1221,2.6770,1.0057,-0.2585,340.4375,imu,0.0024
1786347926.704207,0.1039,19.736825942993164,14.361207008361816,0.1000,-0.0914,2.6869,1.0026,-0.2727,341.2500,imu,-0.0031
1786347926.810439,0.1062,20.672712326049805,14.588730812072754,0.1034,-0.1034,2.6975,0.9995,-0.2880,342.1250,imu,0.0003
1786347926.911239,0.1008,20.193708419799805,14.763084411621094,0.1025,-0.0923,2.7073,0.9964,-0.3011,342.8750,imu,-0.0003
1786347927.013991,0.1028,18.957382202148438,14.851932525634766,0.0991,-0.0698,2.7170,0.9933,-0.3120,343.5000,imu,0.0000
1786347927.118224,0.1042,16.924724578857422,13.762224197387695,0.0900,-0.0538,2.7259,0.9903,-0.3174,343.8125,imu,-0.0006
1786347927.220616,0.1024,18.419139862060547,15.206928253173828,0.0986,-0.0546,2.7355,0.9870,-0.3283,344.4375,imu,-0.0005
1786347927.324780,0.1042,18.55209732055664,15.252198219299316,0.0991,-0.0561,2.7452,0.9835,-0.3392,345.0625,imu,0.0000
1786347927.432554,0.1078,18.06825828552246,14.782670021057129,0.0963,-0.0558,2.7550,0.9800,-0.3447,345.3750,imu,-0.0001
1786347927.531028,0.0985,15.648185729980469,13.386174201965332,0.0851,-0.0384,2.7628,0.9771,-0.3545,345.9375,imu,-0.0007
1786347927.634835,0.1038,15.599931716918945,14.45573616027832,0.0881,-0.0194,2.7714,0.9739,-0.3556,346.0000,imu,0.0001
1786347927.738308,0.1035,14.391851425170898,13.809703826904297,0.0827,-0.0099,2.7794,0.9709,-0.3567,346.0625,imu,-0.0004
1786347927.841136,0.1028,12.590792655944824,12.697236061096191,0.0741,0.0018,2.7866,0.9683,-0.3578,346.1250,imu,0.0013
1786347927.945952,0.1048,11.423044204711914,13.741637229919434,0.0738,0.0394,2.7938,0.9655,-0.3545,345.9375,imu,-0.0011
1786347928.051298,0.1053,11.15847110748291,13.577747344970703,0.0725,0.0411,2.8010,0.9629,-0.3458,345.4375,imu,0.0002
1786347928.152893,0.1016,11.408544540405273,13.776232719421387,0.0738,0.0402,2.8080,0.9604,-0.3403,345.1250,imu,-0.0005
1786347928.257155,0.1043,11.331873893737793,13.174361228942871,0.0719,0.0313,2.8151,0.9578,-0.3360,344.8750,imu,-0.0015
1786347928.361862,0.1047,9.99123764038086,13.138679504394531,0.0678,0.0535,2.8219,0.9557,-0.3272,344.3750,imu,0.0025
1786347928.465392,0.1035,9.601465225219727,13.91321086883545,0.0689,0.0733,2.8286,0.9535,-0.3218,344.0625,imu,-0.0003
1786347928.568143,0.1028,8.56950855255127,13.99738597869873,0.0662,0.0923,2.8351,0.9514,-0.3142,343.6250,imu,0.0002
1786347928.698855,0.1307,8.265499114990234,13.57854175567627,0.0641,0.0903,2.8430,0.9486,-0.2978,342.6875,imu,-0.0023
1786347928.774043,0.0752,7.304631233215332,13.371066093444824,0.0606,0.1031,2.8475,0.9476,-0.2825,341.8125,imu,0.0030
1786347928.881738,0.1077,7.359620094299316,14.620942115783691,0.0645,0.1234,2.8542,0.9459,-0.2673,340.9375,imu,0.0010
1786347928.998421,0.1167,6.709522724151611,15.139979362487793,0.0641,0.1433,2.8614,0.9440,-0.2443,339.6250,imu,-0.0001
1786347929.117094,0.1187,5.817706108093262,13.93503189086914,0.0579,0.1380,2.8681,0.9425,-0.2258,338.5625,imu,-0.0001
1786347929.197249,0.0802,5.707293510437012,15.907122611999512,0.0634,0.1734,2.8731,0.9415,-0.2073,337.5000,imu,0.0004
1786347929.294234,0.0970,5.051425457000732,16.37898063659668,0.0628,0.1925,2.8791,0.9403,-0.1778,335.8125,imu,-0.0006
1786347929.402817,0.1086,4.20004415512085,15.001480102539062,0.0563,0.1836,2.8851,0.9394,-0.1527,334.3750,imu,-0.0004
1786347929.500721,0.0979,4.517618179321289,16.384428024291992,0.0613,0.2017,2.8911,0.9387,-0.1233,332.6875,imu,0.0004
1786347929.602158,0.1014,4.445788383483887,16.091211318969727,0.0602,0.1979,2.8972,0.9382,-0.0949,331.0625,imu,0.0013
1786347929.713047,0.1109,4.477690696716309,16.745637893676758,0.0622,0.2085,2.9041,0.9377,-0.0665,329.4375,imu,-0.0001
1786347929.822607,0.1096,3.7292888164520264,16.69692039489746,0.0599,0.2204,2.9106,0.9375,-0.0327,327.5000,imu,-0.0006
1786347929.917561,0.0950,3.7929556369781494,18.808021545410156,0.0663,0.2552,2.9169,0.9375,0.0022,325.5000,imu,-0.0001
1786347930.037978,0.1204,3.276214122772217,17.18145751953125,0.0600,0.2364,2.9241,0.9376,0.0360,323.5625,imu,-0.0010
1786347930.127745,0.0898,3.7040019035339355,19.02543067932129,0.0666,0.2604,2.9301,0.9380,0.0753,321.3125,imu,-0.0005
1786347930.235269,0.1075,3.45166277885437,19.550325393676758,0.0674,0.2736,2.9373,0.9388,0.1134,319.1250,imu,-0.0005
1786347930.332281,0.0970,3.2703678607940674,20.370710372924805,0.0693,0.2907,2.9440,0.9398,0.1494,317.0625,imu,0.0005
1786347930.439828,0.1075,2.9557018280029297,18.888368606567383,0.0641,0.2708,2.9507,0.9412,0.1942,314.5000,imu,-0.0001
1786347930.544887,0.1051,3.299838066101074,20.996549606323242,0.0712,0.3008,2.9580,0.9429,0.2356,312.1250,imu,0.0003
1786347930.644357,0.0995,3.198272228240967,20.841026306152344,0.0705,0.2999,2.9647,0.9449,0.2749,309.8750,imu,0.0005
1786347930.749755,0.1054,2.9060840606689453,18.951919555664062,0.0641,0.2727,2.9712,0.9470,0.3036,307.5000,enc,0.0006
1786347930.854854,0.1051,2.8501834869384766,21.161714553833008,0.0704,0.3113,2.9782,0.9493,0.3363,305.0625,enc,-0.0006
1786347930.953383,0.0985,2.5889217853546143,21.53712272644043,0.0707,0.3221,2.9847,0.9518,0.3681,302.6250,enc,-0.0006
1786347931.058226,0.1048,2.2290220260620117,21.701364517211914,0.0702,0.3310,2.9914,0.9548,0.4028,299.8125,enc,0.0008
1786347931.159973,0.1017,2.1960864067077637,20.056020736694336,0.0652,0.3036,2.9974,0.9576,0.4337,297.1250,enc,0.0010
1786347931.266244,0.1063,4.223577499389648,22.535762786865234,0.0785,0.3113,3.0048,0.9614,0.4668,294.5625,enc,0.0001
1786347931.373495,0.1073,6.66682767868042,23.342294692993164,0.0880,0.2834,3.0132,0.9658,0.4972,292.1250,enc,-0.0008
1786347931.470086,0.0966,8.05976676940918,23.44333267211914,0.0924,0.2615,3.0211,0.9699,0.5224,290.0000,enc,-0.0039
1786347931.573758,0.1037,8.417835235595703,23.479549407958984,0.0935,0.2560,3.0292,0.9754,0.5490,287.9375,enc,0.0039
1786347931.678913,0.1052,10.514451026916504,24.594873428344727,0.1029,0.2393,3.0382,0.9812,0.5741,285.9375,enc,0.0001
1786347931.780999,0.1021,11.27631664276123,24.63252830505371,0.1053,0.2270,3.0472,0.9872,0.5973,284.1875,enc,-0.0006
1786347931.884275,0.1033,10.841246604919434,22.359037399291992,0.0973,0.1958,3.0554,0.9931,0.6175,282.4375,enc,0.0000
1786347932.007142,0.1229,11.103129386901855,24.622196197509766,0.1048,0.2298,3.0658,1.0006,0.6458,280.8125,enc,-0.0017
1786347932.092529,0.0854,11.090516090393066,24.648277282714844,0.1048,0.2305,3.0728,1.0062,0.6654,278.7500,enc,0.0007
1786347932.195976,0.1034,11.016963005065918,24.57863998413086,0.1044,0.2305,3.0811,1.0131,0.6893,277.0000,enc,0.0001
1786347932.318228,0.1223,10.382143020629883,22.16993522644043,0.0954,0.2004,3.0899,1.0208,0.7138,275.5000,enc,0.0003
1786347932.532542,0.2143,11.918814659118652,23.3135986328125,0.1033,0.1937,3.1061,1.0358,0.7553,273.8750,enc,-0.0008
1786347932.549646,0.0171,12.276183128356934,22.52240562438965,0.1020,0.1742,3.1074,1.0370,0.7583,272.2500,enc,0.0005
1786347932.620088,0.0704,11.691441535949707,20.048946380615234,0.0931,0.1421,3.1122,1.0414,0.7683,271.0625,enc,-0.0024
1786347932.726030,0.1059,10.682622909545898,18.43350601196289,0.0854,0.1317,3.1184,1.0480,0.7822,269.9375,enc,0.0029
1786347932.909268,0.1832,11.393278121948242,18.31208610534668,0.0871,0.1176,3.1296,1.0595,0.8038,269.1250,enc,-0.0006
1786347933.026382,0.1171,10.862356185913086,17.65949058532715,0.0836,0.1155,3.1362,1.0666,0.8173,268.0000,enc,0.0004
1786347933.383621,0.3572,10.764985084533691,16.58037567138672,0.0802,0.0988,3.1556,1.0877,0.8526,267.0000,enc,-0.0021
1786347933.462255,0.0786,9.937460899353027,15.445717811584473,0.0744,0.0936,3.1593,1.0923,0.8600,266.5000,enc,0.0025
1786347933.468488,0.0062,10.448580741882324,14.742314338684082,0.0739,0.0730,3.1596,1.0926,0.8604,265.9375,enc,-0.0008
1786347933.591359,0.1229,10.033035278320312,14.072651863098145,0.0707,0.0687,3.1652,1.0993,0.8689,265.2500,enc,0.0005
1786347933.595816,0.0045,9.5037841796875,12.643305778503418,0.0649,0.0534,3.1654,1.0995,0.8691,264.7500,enc,0.0011
1786347933.612770,0.0170,9.81407642364502,13.140979766845703,0.0673,0.0566,3.1661,1.1004,0.8701,264.3750,enc,-0.0022
1786347933.694296,0.0815,10.078134536743164,11.616435050964355,0.0636,0.0261,3.1694,1.1043,0.8722,264.4375,enc,0.0002
1786347933.769232,0.0749,9.903602600097656,10.53890609741211,0.0599,0.0108,3.1723,1.1078,0.8730,264.2500,enc,0.0002
1786347933.933768,0.1645,8.658203125,9.053302764892578,0.0519,0.0067,3.1778,1.1143,0.8741,264.0000,enc,-0.0001
1786347933.966931,0.0332,9.848712921142578,9.47992992401123,0.0567,-0.0063,3.1790,1.1158,0.8739,264.0000,enc,-0.0004
1786347934.066508,0.0996,9.785197257995605,8.37868595123291,0.0533,-0.0239,3.1824,1.1199,0.8715,264.3125,enc,0.0003
1786347934.167830,0.1013,9.582852363586426,7.23895263671875,0.0493,-0.0398,3.1856,1.1237,0.8675,264.7500,enc,0.0005
1786347934.269818,0.1020,8.405045509338379,6.235432147979736,0.0429,-0.0369,3.1885,1.1270,0.8637,264.8750,enc,0.0002
1786347934.372147,0.1023,9.54318618774414,6.803952217102051,0.0479,-0.0466,3.1917,1.1307,0.8590,265.1250,enc,-0.0007
1786347934.494684,0.1225,9.832964897155762,5.483262062072754,0.0449,-0.0739,3.1954,1.1348,0.8499,265.7500,enc,-0.0007
1786347934.658914,0.1642,10.0637845993042,4.247365474700928,0.0420,-0.0989,3.2000,1.1399,0.8337,266.6250,enc,0.0000
1786347934.704070,0.0452,8.89989185333252,3.4492881298065186,0.0362,-0.0926,3.2011,1.1411,0.8295,267.5000,enc,0.0009
1786347934.797706,0.0936,9.775986671447754,3.8587112426757812,0.0400,-0.1006,3.2036,1.1439,0.8201,268.3750,enc,0.0006
1786347935.023369,0.2257,10.350543022155762,3.468339204788208,0.0405,-0.1170,3.2100,1.1505,0.7937,269.3750,enc,0.0004
1786347935.182503,0.1591,10.945893287658691,2.746856212615967,0.0401,-0.1394,3.2146,1.1549,0.7715,270.4375,enc,-0.0001
1786347935.384938,0.2024,9.795969009399414,1.8906056880950928,0.0343,-0.1344,3.2196,1.1597,0.7443,271.5625,enc,0.0003
1786347935.555827,0.1709,8.799576759338379,0.551477313041687,0.0274,-0.1402,3.2231,1.1628,0.7203,272.8125,enc,0.0003
1786347935.742255,0.1864,5.572300434112549,-1.026993989944458,0.0133,-0.1122,3.2251,1.1643,0.6994,273.7500,enc,-0.0009
1786347935.897336,0.1551,3.786332368850708,-2.1216883659362793,0.0049,-0.1004,3.2258,1.1646,0.6838,274.6250,enc,-0.0008
1786347936.179043,0.2817,2.7794346809387207,-3.384009599685669,-0.0018,-0.1048,3.2253,1.1644,0.6543,275.3125,enc,0.0003
1786347936.573426,0.3944,3.0962867736816406,-3.8957884311676025,-0.0023,-0.1189,3.2245,1.1640,0.6075,276.2500,enc,0.0005
1786347936.898907,0.3255,3.18049955368042,-3.9097301959991455,-0.0021,-0.1205,3.2239,1.1637,0.5682,277.1250,enc,0.0001
1786347937.076358,0.1775,3.148744583129883,-3.3390910625457764,-0.0006,-0.1103,3.2238,1.1636,0.5487,278.1250,enc,-0.0002
1786347937.355239,0.2789,3.3126752376556396,-3.47271728515625,-0.0005,-0.1153,3.2239,1.1631,0.5165,278.9375,enc,-0.0018
1786347937.622128,0.2669,3.550936460494995,-3.297461748123169,0.0007,-0.1164,3.2242,1.1631,0.4854,279.8750,enc,-0.0006
1786347937.786922,0.1648,3.60103178024292,-3.442370653152466,0.0005,-0.1197,3.2242,1.1631,0.4657,281.0000,enc,0.0001
1786347938.093764,0.3068,3.2176384925842285,-3.249652862548828,-0.0001,-0.1099,3.2242,1.1631,0.4320,281.9375,enc,0.0001
1786347938.303078,0.2093,3.5506751537323,-3.582336664199829,-0.0001,-0.1212,3.2242,1.1632,0.4066,282.9375,enc,0.0005
1786347938.474970,0.1719,3.6002891063690186,-3.4416606426239014,0.0005,-0.1197,3.2242,1.1633,0.3860,284.0000,enc,0.0003
1786347938.675364,0.2004,3.520707845687866,-3.424678087234497,0.0003,-0.1181,3.2242,1.1635,0.3624,285.0625,enc,0.0008
1786347938.763261,0.0879,3.2019870281219482,-3.1059389114379883,0.0003,-0.1072,3.2242,1.1635,0.3529,285.8125,enc,0.0005
1786347938.958797,0.1955,3.389584541320801,-3.581622362136841,-0.0006,-0.1185,3.2241,1.1634,0.3298,286.8125,enc,-0.0004
1786347938.962882,0.0041,3.3194470405578613,-3.638920783996582,-0.0009,-0.1183,3.2241,1.1634,0.3293,287.7500,enc,-0.0013
1786347939.023899,0.0610,3.072885274887085,-3.2329113483428955,-0.0005,-0.1072,3.2241,1.1633,0.3227,288.6250,enc,-0.0007
1786347939.084513,0.0606,3.5387115478515625,-3.506730556488037,0.0001,-0.1198,3.2241,1.1633,0.3155,289.6875,enc,-0.0001
1786347939.186066,0.1016,3.6224286556243896,-3.4946506023406982,0.0004,-0.1210,3.2242,1.1633,0.3032,290.6250,enc,-0.0002
1786347939.188880,0.0028,3.6148908138275146,-3.358750820159912,0.0008,-0.1185,3.2242,1.1633,0.3029,291.5625,enc,0.0008
1786347939.233025,0.0441,3.1921324729919434,-3.35015869140625,-0.0005,-0.1112,3.2241,1.1633,0.2979,292.6250,enc,-0.0003
1786347939.276964,0.0439,3.628702163696289,-3.4052021503448486,0.0007,-0.1196,3.2242,1.1634,0.2927,293.5625,enc,0.0010
1786347939.362969,0.0860,3.55350661277771,-3.3934214115142822,0.0005,-0.1181,3.2242,1.1634,0.2825,294.6250,enc,0.0007
1786347939.365893,0.0029,4.175747394561768,-3.066922187805176,0.0033,-0.1231,3.2242,1.1634,0.2822,295.6250,enc,0.0008
1786347939.459975,0.0941,5.685538291931152,-2.6889450550079346,0.0088,-0.1423,3.2250,1.1636,0.2688,296.7500,enc,-0.0009
1786347939.529711,0.0697,8.06903076171875,-2.048125982284546,0.0177,-0.1720,3.2262,1.1638,0.2568,298.0625,enc,-0.0009
1786347939.597212,0.0675,8.937255859375,-1.7095365524291992,0.0212,-0.1810,3.2276,1.1641,0.2446,299.5000,enc,-0.0006
1786347939.639865,0.0427,9.283167839050293,-1.367368459701538,0.0232,-0.1810,3.2286,1.1644,0.2369,301.1250,enc,0.0001
1786347939.809145,0.1693,8.978836059570312,-1.904753565788269,0.0207,-0.1850,3.2320,1.1652,0.2055,302.6250,enc,0.0005
1786347939.811870,0.0027,10.560986518859863,-2.078645706176758,0.0249,-0.2148,3.2321,1.1652,0.2050,304.1875,enc,-0.0007
1786347939.815617,0.0037,11.244029998779297,-2.2187294960021973,0.0265,-0.2288,3.2322,1.1652,0.2041,306.1250,enc,-0.0004
1786347939.868688,0.0531,10.479896545410156,-1.998576283454895,0.0249,-0.2121,3.2335,1.1655,0.1928,308.0000,enc,0.0003
1786347939.871534,0.0028,11.2670316696167,-2.041884660720825,0.0270,-0.2262,3.2335,1.1655,0.1922,309.6250,enc,0.0008
1786347939.966837,0.0953,11.27440071105957,-2.0077171325683594,0.0272,-0.2258,3.2361,1.1659,0.1707,311.5625,enc,0.0002
1786347939.969566,0.0027,10.7562837600708,-1.9169615507125854,0.0259,-0.2154,3.2361,1.1660,0.1701,313.5000,enc,0.0006
1786347940.006052,0.0365,13.104043960571289,-2.281480073928833,0.0317,-0.2615,3.2373,1.1662,0.1605,315.4375,enc,0.0008
1786347940.063288,0.0572,13.863678932189941,-2.520321846008301,0.0333,-0.2785,3.2392,1.1664,0.1446,317.8125,enc,-0.0007
1786347940.216108,0.1528,14.725912094116211,-2.625370979309082,0.0355,-0.2949,3.2446,1.1669,0.0995,320.2500,enc,-0.0006
1786347940.218426,0.0023,13.46609115600586,-2.421767473220825,0.0324,-0.2701,3.2447,1.1669,0.0989,322.4375,enc,-0.0003
1786347940.221719,0.0033,15.19443416595459,-3.08882737159729,0.0355,-0.3108,3.2448,1.1669,0.0979,324.8125,enc,-0.0009
1786347940.224079,0.0024,16.050064086914062,-3.357099771499634,0.0372,-0.3299,3.2449,1.1669,0.0971,327.3125,enc,-0.0002
1786347940.247396,0.0233,15.490700721740723,-3.105774402618408,0.0363,-0.3161,3.2457,1.1670,0.0897,330.0000,enc,0.0023
1786347940.359011,0.1116,15.527220726013184,-3.5476062297821045,0.0351,-0.3242,3.2496,1.1669,0.0535,332.4375,enc,-0.0024
1786347940.361284,0.0023,16.159679412841797,-3.6355650424957275,0.0367,-0.3365,3.2497,1.1670,0.0528,335.4375,enc,0.0012
1786347940.363520,0.0022,16.44922637939453,-3.803838014602661,0.0371,-0.3443,3.2498,1.1670,0.0520,338.3125,enc,0.0001
1786347940.500481,0.1370,15.236003875732422,-3.3230996131896973,0.0349,-0.3155,3.2546,1.1670,0.0088,340.9375,enc,0.0003
1786347940.530192,0.0297,17.583932876586914,-3.610893964767456,0.0410,-0.3603,3.2558,1.1670,-0.0019,344.1250,enc,-0.0008
1786347940.532425,0.0022,18.76219367980957,-3.2404584884643555,0.0455,-0.3740,3.2559,1.1670,-0.0027,346.6875,enc,-0.0007
1786347940.535726,0.0033,19.187992095947266,-2.75262188911438,0.0482,-0.3729,3.2561,1.1670,-0.0040,349.6875,enc,0.0003
1786347940.584987,0.0493,18.099245071411133,-1.7827258110046387,0.0478,-0.3380,3.2584,1.1669,-0.0206,352.6875,enc,-0.0005
1786347940.587113,0.0021,20.705032348632812,-0.09753976762294769,0.0604,-0.3536,3.2585,1.1669,-0.0214,355.5625,enc,0.0008
1786347940.647659,0.0605,21.001758575439453,0.7571256160736084,0.0638,-0.3441,3.2624,1.1668,-0.0422,358.1875,enc,0.0006
1786347940.689013,0.0414,21.1346378326416,0.8838973045349121,0.0646,-0.3442,3.2651,1.1667,-0.0564,1.3750,enc,0.0000
1786347940.787286,0.0983,19.27715492248535,0.7876960635185242,0.0588,-0.3143,3.2708,1.1661,-0.0873,3.9375,enc,-0.0003
1786347940.891117,0.1038,22.596513748168945,2.138766050338745,0.0725,-0.3477,3.2783,1.1652,-0.1234,6.7500,enc,0.0005
1786347940.993346,0.1022,25.013938903808594,5.015881538391113,0.0881,-0.3399,3.2872,1.1640,-0.1582,9.9375,enc,0.0018
1786347941.111977,0.1186,27.329776763916016,7.451194763183594,0.1020,-0.3379,3.2991,1.1618,-0.1983,12.5625,enc,0.0013
1786347941.201182,0.0892,24.810096740722656,9.589726448059082,0.1009,-0.2587,3.3079,1.1598,-0.2213,14.8125,enc,0.0004
1786347941.304796,0.1036,26.413822174072266,10.61392593383789,0.1086,-0.2686,3.3188,1.1570,-0.2492,17.2500,enc,-0.0007
1786347941.422035,0.1172,25.4760684967041,10.308895111083984,0.1049,-0.2578,3.3306,1.1535,-0.2794,19.2500,enc,-0.0006
1786347941.520496,0.0985,23.866025924682617,9.230798721313477,0.0970,-0.2488,3.3398,1.1509,-0.3039,21.2500,enc,0.0028
1786347941.616358,0.0959,22.83302879333496,8.870495796203613,0.0930,-0.2373,3.3481,1.1478,-0.3266,23.5000,enc,-0.0029
1786347941.724232,0.1079,18.406192779541016,3.4086968898773193,0.0640,-0.2549,3.3546,1.1454,-0.3541,25.1875,enc,-0.0004
1786347941.841961,0.1177,10.2427978515625,-1.9898244142532349,0.0242,-0.2079,3.3572,1.1442,-0.3786,26.8750,enc,-0.0017
1786347941.960053,0.1181,4.705977439880371,-4.101487159729004,0.0018,-0.1497,3.3573,1.1439,-0.3963,28.4375,enc,-0.0012
1786347942.054139,0.0941,3.32637357711792,-5.181251525878906,-0.0054,-0.1446,3.3568,1.1442,-0.4099,29.6250,enc,0.0002
1786347942.133523,0.0794,3.316423177719116,-4.780588626861572,-0.0043,-0.1376,3.3566,1.1443,-0.4208,30.7500,enc,0.0006
1786347942.418533,0.2850,3.174323558807373,-3.8377344608306885,-0.0019,-0.1192,3.3561,1.1447,-0.4548,31.8125,enc,0.0003
1786347942.418606,0.0001,2.4327094554901123,-2.5926291942596436,-0.0005,-0.0854,3.3561,1.1447,-0.4548,32.5000,enc,0.0001
1786347942.449069,0.0305,2.037339210510254,-2.2273383140563965,-0.0006,-0.0725,3.3561,1.1446,-0.4570,33.0625,enc,-0.0007
1786347942.551257,0.1022,2.0281331539154053,-2.0281331539154053,0.0000,-0.0689,3.3560,1.1446,-0.4641,33.5000,enc,-0.0006
1786347942.681172,0.1299,2.42531681060791,-2.0099992752075195,0.0012,-0.0754,3.3561,1.1444,-0.4739,34.0625,enc,-0.0007
1786347942.795778,0.1146,2.1294898986816406,-1.9704010486602783,0.0005,-0.0697,3.3562,1.1444,-0.4818,34.6250,enc,-0.0001
1786347942.869749,0.0740,1.8164730072021484,-1.7848522663116455,0.0001,-0.0612,3.3562,1.1444,-0.4864,35.1250,enc,0.0003
1786347943.039968,0.1702,1.359910011291504,-1.327898621559143,0.0001,-0.0457,3.3562,1.1444,-0.4941,35.5000,enc,0.0001
1786347943.099920,0.0600,1.1279826164245605,-0.9999954700469971,0.0004,-0.0362,3.3562,1.1444,-0.4963,35.8125,enc,0.0000
1786347943.167583,0.0677,0.48931562900543213,-0.681340217590332,-0.0006,-0.0199,3.3562,1.1445,-0.4977,36.0625,enc,0.0004
1786347943.459698,0.2921,-0.0026970268227159977,-0.02928200364112854,-0.0001,-0.0005,3.3562,1.1444,-0.4978,36.0625,enc,-0.0001
1786347943.459802,0.0001,-0.029315663501620293,-0.002700126962736249,-0.0001,0.0005,3.3562,1.1444,-0.4978,36.0625,enc,-0.0001
1786347943.497970,0.0382,-0.12903694808483124,0.16072353720664978,0.0001,0.0049,3.3562,1.1444,-0.4976,36.0625,enc,0.0001
1786347943.609670,0.1117,-0.08467312902212143,0.3402320146560669,0.0007,0.0072,3.3563,1.1445,-0.4968,36.0625,enc,0.0007
1786347943.701744,0.0921,-0.7131878733634949,0.7772166728973389,0.0002,0.0253,3.3564,1.1446,-0.4945,36.0625,enc,0.0021
1786347943.791013,0.0893,-1.8628219366073608,1.2012696266174316,-0.0019,0.0521,3.3563,1.1447,-0.4898,35.8750,enc,0.0003
1786347943.911251,0.1202,-1.8660943508148193,1.6753482818603516,-0.0006,0.0602,3.3562,1.1447,-0.4826,35.5000,enc,-0.0006
1786347944.007490,0.0962,-2.0857222080230713,1.9577258825302124,-0.0004,0.0687,3.3561,1.1447,-0.4760,35.0000,enc,-0.0004
1786347944.130623,0.1231,-2.393686532974243,2.425363063812256,0.0001,0.0819,3.3561,1.1446,-0.4659,34.3125,enc,-0.0005
1786347944.254196,0.1236,-2.7280266284942627,2.567962884902954,-0.0005,0.0900,3.3560,1.1446,-0.4548,33.5000,enc,-0.0007
1786347944.353002,0.0988,-3.034414529800415,3.0661823749542236,0.0001,0.1037,3.3561,1.1446,-0.4445,32.6875,enc,0.0005
1786347944.430019,0.0770,-3.2456538677215576,3.1822757720947266,-0.0002,0.1093,3.3561,1.1447,-0.4361,31.9375,enc,0.0006
1786347944.535404,0.1054,-3.1914193630218506,3.5113706588745117,0.0009,0.1139,3.3562,1.1447,-0.4241,31.0625,enc,0.0004
1786347944.626402,0.0910,-3.009931802749634,3.265833854675293,0.0008,0.1067,3.3562,1.1446,-0.4144,30.1250,enc,0.0000
1786347944.907881,0.2815,-3.559936761856079,3.5919179916381836,0.0001,0.1216,3.3562,1.1446,-0.3802,29.1250,enc,-0.0001
1786347944.912300,0.0044,-3.484227418899536,3.484227418899536,0.0000,0.1184,3.3562,1.1446,-0.3796,28.1250,enc,0.0002
1786347945.042735,0.1304,-3.5925240516662598,3.5925240516662598,0.0000,0.1221,3.3562,1.1446,-0.3637,27.2500,enc,0.0000
1786347945.286982,0.2442,-3.6715240478515625,3.4169938564300537,-0.0007,0.1205,3.3560,1.1446,-0.3343,26.1250,enc,-0.0004
1786347945.292084,0.0051,-3.2168571949005127,3.248863935470581,0.0001,0.1099,3.3560,1.1446,-0.3337,25.1250,enc,-0.0005
1786347945.301875,0.0098,-3.3980982303619385,3.5559279918670654,0.0005,0.1182,3.3560,1.1446,-0.3326,24.2500,enc,0.0001
1786347945.496987,0.1951,-3.58703351020813,3.523674488067627,-0.0002,0.1209,3.3560,1.1446,-0.3090,23.1250,enc,0.0002
1786347945.633856,0.1369,-3.6018869876861572,3.3149805068969727,-0.0008,0.1176,3.3560,1.1448,-0.2929,22.3125,enc,0.0010
1786347945.683704,0.0498,-3.0799319744110107,3.1116247177124023,0.0001,0.1052,3.3560,1.1448,-0.2876,21.4375,enc,0.0008
1786347945.687483,0.0038,-3.245701789855957,3.528876304626465,0.0008,0.1152,3.3560,1.1448,-0.2872,20.5000,enc,-0.0006
1786347945.764696,0.0772,-3.390054702758789,3.5821192264556885,0.0006,0.1185,3.3560,1.1447,-0.2781,19.5625,enc,-0.0011
1786347945.869645,0.1049,-3.4618282318115234,3.525019645690918,0.0002,0.1188,3.3560,1.1447,-0.2656,18.5625,enc,-0.0004
1786347945.975224,0.1056,-3.1689155101776123,3.1369102001190186,-0.0001,0.1072,3.3560,1.1447,-0.2543,17.6250,enc,0.0003
1786347946.071534,0.0963,-3.660032272338867,3.4999444484710693,-0.0005,0.1217,3.3559,1.1447,-0.2425,16.6250,enc,-0.0001
1786347946.175312,0.1038,-3.6324408054351807,3.472395896911621,-0.0005,0.1208,3.3559,1.1448,-0.2300,15.6875,enc,0.0005
1786347946.297212,0.1219,-3.541637897491455,3.1293129920959473,-0.0012,0.1134,3.3558,1.1448,-0.2162,14.6250,enc,-0.0001
1786347946.384747,0.0875,-3.134122371673584,3.5182230472564697,0.0011,0.1131,3.3559,1.1448,-0.2063,13.7500,enc,0.0000
1786347946.485587,0.1008,-3.4334676265716553,3.4334676265716553,0.0000,0.1167,3.3559,1.1448,-0.1945,12.8750,enc,0.0006
1786347946.616996,0.1314,-3.4067349433898926,3.5342042446136475,0.0004,0.1180,3.3559,1.1449,-0.1790,11.9375,enc,0.0006
1786347946.699761,0.0828,-3.0949020385742188,3.3189971446990967,0.0007,0.1090,3.3560,1.1449,-0.1700,11.0625,enc,-0.0005
1786347946.796638,0.0969,-3.4953227043151855,3.558645248413086,0.0002,0.1199,3.3560,1.1448,-0.1584,10.1250,enc,-0.0007
1786347946.916732,0.1201,-3.534377098083496,3.3763375282287598,-0.0005,0.1175,3.3559,1.1448,-0.1443,9.1250,enc,-0.0001
1786347947.001903,0.0852,-3.483266592025757,3.5152761936187744,0.0001,0.1190,3.3559,1.1448,-0.1341,8.1875,enc,-0.0001
1786347947.107649,0.1057,-3.4258790016174316,3.0461156368255615,-0.0011,0.1100,3.3558,1.1447,-0.1225,7.1875,enc,-0.0009
1786347947.221378,0.1137,-3.3738043308258057,3.4691483974456787,0.0003,0.1163,3.3559,1.1448,-0.1093,6.1250,enc,0.0010
1786347947.332807,0.1114,-3.6197590827941895,3.5877668857574463,-0.0001,0.1225,3.3558,1.1448,-0.0956,5.1250,enc,0.0001
1786347947.419985,0.0872,-3.4750418663024902,3.4750418663024902,0.0000,0.1181,3.3558,1.1448,-0.0853,4.2500,enc,0.0002
1786347947.538630,0.1186,-3.438303232192993,3.025722026824951,-0.0012,0.1099,3.3557,1.1449,-0.0723,3.2500,enc,0.0008
1786347947.627730,0.0891,-3.0340585708618164,3.5122714042663574,0.0014,0.1113,3.3558,1.1450,-0.0624,2.3750,enc,0.0007
1786347947.733981,0.1063,-3.358020782470703,3.614104986190796,0.0008,0.1185,3.3559,1.1450,-0.0498,1.5000,enc,-0.0002
1786347947.842681,0.1087,-3.510744333267212,3.5425209999084473,0.0001,0.1199,3.3559,1.1449,-0.0368,0.5000,enc,-0.0007
1786347947.935070,0.0924,-3.2160093784332275,3.280059576034546,0.0002,0.1104,3.3559,1.1449,-0.0266,359.5625,enc,-0.0004
1786347948.037873,0.1028,-3.5460047721862793,3.481959819793701,-0.0002,0.1195,3.3559,1.1448,-0.0143,358.5625,enc,-0.0006
1786347948.148150,0.1103,-3.659566640853882,3.4994993209838867,-0.0005,0.1217,3.3559,1.1448,-0.0009,357.5000,enc,-0.0001
1786347948.243444,0.0953,-3.2789673805236816,3.1830034255981445,-0.0003,0.1098,3.3558,1.1448,0.0096,356.5000,enc,0.0003
1786347948.347581,0.1041,-3.565640687942505,3.565640687942505,0.0000,0.1212,3.3558,1.1448,0.0222,355.5000,enc,0.0000
1786347948.455496,0.1079,-3.5046069622039795,3.5046069622039795,0.0000,0.1191,3.3558,1.1449,0.0351,354.5625,enc,0.0006
1786347948.553835,0.0983,-3.356071710586548,3.5798354148864746,0.0007,0.1179,3.3559,1.1450,0.0467,353.6875,enc,0.0008
1786347948.661132,0.1073,-3.1718053817749023,3.107790946960449,-0.0002,0.1067,3.3559,1.1450,0.0581,352.8125,enc,0.0004
1786347948.766454,0.1053,-3.414862632751465,3.5416502952575684,0.0004,0.1182,3.3559,1.1450,0.0706,351.9375,enc,0.0002
1786347948.868893,0.1024,-3.4053094387054443,3.5647053718566895,0.0005,0.1185,3.3560,1.1449,0.0827,350.9375,enc,-0.0008
1786347948.969238,0.1003,-3.3684885501861572,3.176466226577759,-0.0006,0.1113,3.3559,1.1448,0.0939,350.0625,enc,-0.0011
1786347949.073900,0.1047,-3.3885560035705566,3.356983184814453,-0.0001,0.1147,3.3559,1.1448,0.1059,349.0000,enc,-0.0001
1786347949.176082,0.1022,-3.6238722801208496,3.3689727783203125,-0.0007,0.1189,3.3558,1.1448,0.1180,348.0625,enc,-0.0002
1786347949.280048,0.1040,-3.531869888305664,3.4680802822113037,-0.0002,0.1190,3.3558,1.1448,0.1304,347.1250,enc,0.0000
1786347949.392893,0.1128,-3.3949360847473145,3.171098232269287,-0.0007,0.1116,3.3558,1.1447,0.1430,346.1875,enc,-0.0007
1786347949.497171,0.1043,-3.3357133865356445,3.4635066986083984,0.0004,0.1156,3.3558,1.1448,0.1551,345.1875,enc,0.0007
1786347949.592298,0.0951,-3.4200921058654785,3.388470411300659,-0.0001,0.1157,3.3558,1.1449,0.1661,344.3750,enc,0.0008
1786347949.697125,0.1048,-3.391996383666992,3.4878547191619873,0.0003,0.1169,3.3558,1.1449,0.1783,343.5000,enc,0.0005
1786347949.801059,0.1039,-3.4013671875,3.147259473800659,-0.0007,0.1113,3.3557,1.1449,0.1899,342.5000,enc,-0.0004
1786347949.909896,0.1088,-3.211897134780884,3.6280899047851562,0.0012,0.1163,3.3559,1.1448,0.2026,341.6250,enc,-0.0010
1786347950.006793,0.0969,-3.42374849319458,3.5168581008911133,0.0003,0.1180,3.3559,1.1448,0.2140,340.5625,enc,-0.0003
1786347950.113514,0.1067,-3.538597822189331,3.538597822189331,0.0000,0.1203,3.3559,1.1448,0.2268,339.6250,enc,0.0002
1786347950.216443,0.1029,-3.6247804164886475,3.4332737922668457,-0.0006,0.1200,3.3558,1.1448,0.2392,338.6250,enc,0.0002
1786347950.319531,0.1031,-3.177947521209717,3.146381139755249,-0.0001,0.1075,3.3558,1.1448,0.2503,337.5625,enc,0.0001
1786347950.422673,0.1031,-3.5096497535705566,3.5416572093963623,0.0001,0.1199,3.3558,1.1448,0.2626,336.6250,enc,-0.0001
1786347950.531529,0.1089,-3.5151188373565674,3.5151188373565674,0.0000,0.1195,3.3558,1.1448,0.2756,335.7500,enc,0.0002
1786347950.631714,0.1002,-3.4062421321868896,3.3111789226531982,-0.0003,0.1142,3.3558,1.1449,0.2871,334.8125,enc,0.0007
1786347950.761182,0.1295,-3.138209104537964,3.138209104537964,0.0000,0.1067,3.3558,1.1449,0.3009,334.0625,enc,0.0002
1786347950.875048,0.1139,-3.290292739868164,3.6417243480682373,0.0010,0.1178,3.3559,1.1449,0.3143,333.1250,enc,-0.0005
1786347950.946229,0.0712,-3.5374608039855957,3.56947922706604,0.0001,0.1208,3.3559,1.1449,0.3229,332.1875,enc,-0.0003
1786347951.044146,0.0979,-3.2882659435272217,3.1294217109680176,-0.0005,0.1091,3.3559,1.1448,0.3336,331.1875,enc,-0.0001
1786347951.154353,0.1102,-3.6205403804779053,3.4928290843963623,-0.0004,0.1209,3.3558,1.1448,0.3469,330.2500,enc,0.0000
1786347951.253349,0.0990,-3.426760196685791,3.4582505226135254,0.0001,0.1170,3.3558,1.1448,0.3585,329.2500,enc,0.0001
1786347951.422560,0.1692,-2.9649996757507324,4.3055949211120605,0.0039,0.1236,3.3565,1.1450,0.3794,328.1875,enc,-0.0006
1786347951.472990,0.0504,-0.8534164428710938,7.9240899085998535,0.0207,0.1492,3.3575,1.1454,0.3869,327.0000,enc,0.0001
1786347951.565555,0.0926,0.7425410151481628,9.922531127929688,0.0313,0.1560,3.3601,1.1466,0.4014,325.3750,enc,0.0005
1786347951.667363,0.1018,1.1690332889556885,12.692360877990723,0.0406,0.1959,3.3639,1.1483,0.4213,323.9375,enc,0.0007
1786347951.776982,0.1096,1.205713152885437,13.09060001373291,0.0419,0.2020,3.3680,1.1503,0.4434,322.3125,enc,0.0001
1786347951.872961,0.0960,1.3525326251983643,14.370898246765137,0.0461,0.2213,3.3720,1.1522,0.4647,320.5000,enc,-0.0004
1786347951.977212,0.1043,1.4083755016326904,14.65990924835205,0.0471,0.2252,3.3763,1.1545,0.4882,318.6875,enc,-0.0002
1786347952.084168,0.1070,1.5505774021148682,16.834840774536133,0.0539,0.2598,3.3813,1.1574,0.5160,316.6875,enc,0.0002
1786347952.185874,0.1017,1.6259573698043823,17.02680206298828,0.0547,0.2618,3.3861,1.1602,0.5426,314.3750,enc,-0.0005
1786347952.425668,0.2398,1.6615753173828125,17.093517303466797,0.0550,0.2623,3.3970,1.1676,0.6055,312.3125,enc,-0.0006
1786347952.611139,0.1855,1.5717726945877075,15.48751449584961,0.0500,0.2365,3.4045,1.1732,0.6494,310.3125,enc,-0.0003
1786347952.695161,0.0840,3.7514805793762207,18.331703186035156,0.0648,0.2478,3.4087,1.1766,0.6702,308.1875,enc,0.0006
1786347952.796159,0.1010,4.73800802230835,19.58240509033203,0.0713,0.2523,3.4142,1.1812,0.6957,306.3125,enc,-0.0002
1786347952.949994,0.1538,4.53393030166626,18.6136474609375,0.0679,0.2393,3.4220,1.1882,0.7325,304.3125,enc,0.0003
1786347952.951015,0.0010,4.717180252075195,20.605552673339844,0.0743,0.2701,3.4220,1.1883,0.7328,302.1250,enc,-0.0003
1786347953.126245,0.1752,5.013087749481201,20.788982391357422,0.0757,0.2682,3.4314,1.1976,0.7797,299.9375,enc,0.0003
1786347953.180586,0.0543,5.506430149078369,19.39707374572754,0.0730,0.2361,3.4342,1.2005,0.7926,297.7500,enc,0.0008
1786347953.215080,0.0345,6.225981712341309,21.411611557006836,0.0810,0.2581,3.4361,1.2025,0.8015,296.1250,enc,-0.0010
1786347953.309409,0.0943,6.575462818145752,21.7158203125,0.0830,0.2574,3.4414,1.2082,0.8258,294.0625,enc,0.0001
1786347953.392342,0.0829,6.511943817138672,21.78837776184082,0.0830,0.2597,3.4460,1.2134,0.8473,292.0000,enc,0.0006
1786347953.484340,0.0920,5.915637493133545,19.540929794311523,0.0746,0.2316,3.4503,1.2187,0.8686,289.8125,enc,0.0016
1786347953.648986,0.1646,8.05598258972168,22.99512481689453,0.0910,0.2539,3.4596,1.2305,0.9104,287.7500,enc,-0.0006
1786347953.741976,0.0930,11.776469230651855,25.29678726196289,0.1087,0.2298,3.4656,1.2386,0.9318,286.0625,enc,0.0000
1786347953.916407,0.1744,13.882538795471191,26.688552856445312,0.1190,0.2177,3.4774,1.2557,0.9697,284.3750,enc,-0.0006
1786347953.919280,0.0029,14.31357479095459,25.11680030822754,0.1156,0.1836,3.4776,1.2560,0.9703,282.5000,enc,0.0001
1786347954.023811,0.1045,13.516971588134766,27.487478256225586,0.1202,0.2375,3.4844,1.2666,0.9951,280.6875,enc,0.0008
1786347954.102675,0.0789,16.600072860717773,27.80500602722168,0.1302,0.1905,3.4898,1.2753,1.0101,279.3750,enc,-0.0001
1786347954.281378,0.1787,18.447439193725586,27.11964988708496,0.1336,0.1474,3.5026,1.2954,1.0365,278.0000,enc,-0.0039
1786347954.583040,0.3017,17.5826358795166,27.091936111450195,0.1310,0.1616,3.5197,1.3311,1.0852,276.6875,enc,0.0048
1786347954.693061,0.1100,19.6712703704834,28.615352630615234,0.1416,0.1520,3.5268,1.3449,1.1019,275.5625,enc,-0.0004
1786347954.819975,0.1269,19.470653533935547,28.815826416015625,0.1416,0.1588,3.5346,1.3611,1.1221,274.3125,enc,0.0002
1786347954.980493,0.1605,17.831890106201172,25.416440963745117,0.1268,0.1289,3.5430,1.3797,1.1428,273.2500,enc,-0.0001
1786347955.129134,0.1486,19.513324737548828,26.38024139404297,0.1346,0.1167,3.5510,1.3980,1.1602,272.2500,enc,0.0001
1786347955.132326,0.0032,19.3137264251709,25.057554244995117,0.1301,0.0976,3.5512,1.3984,1.1605,271.6250,enc,0.0002
1786347955.360738,0.2284,19.02391815185547,24.63421630859375,0.1280,0.0954,3.5623,1.4254,1.1822,270.5000,enc,-0.0003
1786347955.453202,0.0925,15.223203659057617,19.66245460510254,0.1023,0.0755,3.5658,1.4342,1.1892,270.0625,enc,0.0003
1786347955.644847,0.1916,14.869396209716797,18.347501754760742,0.0974,0.0591,3.5726,1.4516,1.2006,269.6875,enc,-0.0004
1786347955.759958,0.1151,13.815710067749023,16.445642471313477,0.0887,0.0447,3.5763,1.4611,1.2057,269.2500,enc,0.0003
1786347955.763611,0.0037,13.67032527923584,14.947688102722168,0.0839,0.0217,3.5764,1.4614,1.2058,269.0000,enc,0.0004
1786347955.842064,0.0785,12.431812286376953,16.089731216430664,0.0836,0.0622,3.5787,1.4676,1.2107,268.6875,enc,-0.0005
1786347955.919079,0.0770,8.95941162109375,12.659621238708496,0.0634,0.0629,3.5805,1.4721,1.2155,268.0000,enc,-0.0007
1786347956.004050,0.0850,1.188262939453125,6.590404510498047,0.0228,0.0918,3.5812,1.4739,1.2233,267.4375,enc,-0.0005
1786347956.007682,0.0036,-2.089142084121704,2.8568179607391357,0.0023,0.0841,3.5812,1.4739,1.2236,266.7500,enc,-0.0013
1786347956.348855,0.3412,-3.4443979263305664,2.356165647506714,-0.0032,0.0986,3.5808,1.4729,1.2572,265.8750,enc,0.0000
1786347956.348930,0.0001,-3.923584461212158,2.804046869277954,-0.0033,0.1144,3.5808,1.4729,1.2573,265.0625,enc,-0.0003
1786347956.348953,0.0000,-3.5579700469970703,2.950793504714966,-0.0018,0.1106,3.5808,1.4729,1.2573,264.3750,enc,-0.0001
1786347956.349056,0.0001,-2.8827199935913086,3.4221787452697754,0.0016,0.1072,3.5808,1.4729,1.2573,263.4375,enc,0.0008
1786347956.349086,0.0000,-3.5108678340911865,3.478898286819458,-0.0001,0.1188,3.5808,1.4729,1.2573,262.5000,enc,0.0003
1786347956.352157,0.0031,-3.654635429382324,3.5266597270965576,-0.0004,0.1221,3.5808,1.4729,1.2576,261.5625,enc,0.0000
1786347956.426194,0.0740,-3.5449295043945312,3.229097366333008,-0.0009,0.1151,3.5808,1.4728,1.2662,260.5000,enc,-0.0004
1786347956.526334,0.1001,-3.1507279872894287,3.6629912853240967,0.0015,0.1158,3.5809,1.4730,1.2778,259.5625,enc,0.0000
1786347956.637442,0.1111,-3.4823505878448486,3.4823505878448486,0.0000,0.1184,3.5808,1.4730,1.2909,258.6875,enc,0.0004
1786347956.735060,0.0976,-3.563920497894287,3.4372777938842773,-0.0004,0.1190,3.5808,1.4729,1.3025,257.5625,enc,-0.0002
1786347956.836803,0.1017,-3.254232406616211,3.1582136154174805,-0.0003,0.1090,3.5808,1.4729,1.3136,256.6250,enc,0.0001
1786347956.941427,0.1046,-3.6031646728515625,3.4751274585723877,-0.0004,0.1203,3.5808,1.4729,1.3262,255.6875,enc,0.0002
1786347957.045231,0.1038,-2.9971420764923096,3.662029266357422,0.0019,0.1132,3.5808,1.4731,1.3380,254.8750,enc,0.0003
1786347957.148725,0.1035,-1.4609278440475464,3.985783815383911,0.0074,0.0926,3.5810,1.4738,1.3476,254.1875,enc,-0.0005
1786347957.254634,0.1059,-0.18428078293800354,3.99210786819458,0.0112,0.0710,3.5813,1.4750,1.3551,253.5625,enc,-0.0005
1786347957.359348,0.1047,0.4237307906150818,4.600505828857422,0.0147,0.0710,3.5817,1.4765,1.3625,253.0000,enc,-0.0001
1786347957.456729,0.0974,0.1892956644296646,4.5785651206970215,0.0140,0.0746,3.5820,1.4778,1.3698,252.3750,enc,-0.0010
1786347957.559797,0.1031,0.19897626340389252,3.737745761871338,0.0115,0.0602,3.5823,1.4789,1.3760,251.8750,enc,-0.0007
1786347957.669972,0.1102,0.3690526485443115,3.384946346282959,0.0110,0.0513,3.5826,1.4801,1.3816,251.3750,enc,-0.0005
1786347957.767309,0.0973,0.4006388485431671,3.087888240814209,0.0102,0.0457,3.5828,1.4811,1.3861,251.0000,enc,-0.0003
1786347957.875870,0.1086,0.3947056531906128,3.0251781940460205,0.0100,0.0447,3.5831,1.4821,1.3909,250.6250,enc,-0.0005
1786347957.987489,0.1116,1.166620135307312,2.9395604133605957,0.0120,0.0301,3.5831,1.4835,1.3943,250.3125,enc,0.0016
1786347958.078818,0.0913,2.937762498855591,2.6225943565368652,0.0163,-0.0054,3.5834,1.4850,1.3938,250.3125,enc,0.0002
1786347958.200171,0.1214,3.6118178367614746,2.39082407951355,0.0176,-0.0208,3.5837,1.4871,1.3913,250.5000,enc,0.0006
1786347958.301852,0.1017,3.4137167930603027,2.1518607139587402,0.0163,-0.0214,3.5840,1.4887,1.3891,250.5000,enc,-0.0002
1786347958.397254,0.0954,3.1974031925201416,1.8511885404586792,0.0148,-0.0229,3.5842,1.4901,1.3869,250.6875,enc,0.0007
1786347958.503018,0.1058,3.9151458740234375,1.4938713312149048,0.0159,-0.0412,3.5846,1.4918,1.3826,250.9375,enc,-0.0005
1786347958.600020,0.0970,4.884352684020996,0.5936149954795837,0.0161,-0.0729,3.5848,1.4933,1.3755,251.5000,enc,0.0008
1786347958.702704,0.1027,5.173192501068115,0.47647824883461,0.0166,-0.0798,3.5851,1.4950,1.3673,252.1875,enc,0.0006
1786347958.807472,0.1048,5.35811185836792,0.49351027607917786,0.0172,-0.0827,3.5854,1.4967,1.3586,252.8750,enc,0.0007
1786347958.910774,0.1033,5.189448356628418,0.4779755175113678,0.0166,-0.0801,3.5858,1.4984,1.3503,253.6875,enc,0.0001
1786347959.016623,0.1058,6.102138996124268,0.5336213111877441,0.0195,-0.0947,3.5863,1.5004,1.3403,254.4375,enc,-0.0004
1786347959.120773,0.1042,6.329248905181885,0.5538912415504456,0.0202,-0.0982,3.5868,1.5025,1.3301,255.1250,enc,-0.0003
1786347959.254657,0.1339,6.325159072875977,0.5244614481925964,0.0201,-0.0986,3.5875,1.5051,1.3169,255.9375,enc,0.0000
1786347959.325649,0.0710,5.826651573181152,0.47854894399642944,0.0185,-0.0909,3.5878,1.5063,1.3104,256.7500,enc,-0.0001
1786347959.434978,0.1093,6.606705665588379,0.11452703177928925,0.0197,-0.1104,3.5885,1.5084,1.2984,257.5625,enc,-0.0011
1786347959.530614,0.0956,7.25653076171875,-0.5982168316841125,0.0195,-0.1335,3.5891,1.5101,1.2856,258.6875,enc,-0.0007
1786347959.633622,0.1030,7.269728660583496,-1.3901917934417725,0.0172,-0.1472,3.5896,1.5118,1.2705,259.9375,enc,0.0000
1786347959.745358,0.1117,8.004105567932129,-2.081923484802246,0.0174,-0.1714,3.5902,1.5137,1.2513,261.1875,enc,0.0001
1786347959.846873,0.1015,9.062673568725586,-2.4333620071411133,0.0194,-0.1954,3.5909,1.5155,1.2315,262.6875,enc,-0.0003
1786347959.988443,0.1416,8.682021141052246,-3.2950022220611572,0.0158,-0.2036,3.5918,1.5176,1.2026,264.5000,enc,-0.0004
1786347960.087584,0.0991,10.040044784545898,-3.7153706550598145,0.0185,-0.2338,3.5925,1.5193,1.1795,266.4375,enc,0.0002
1786347960.163189,0.0756,8.110198020935059,-4.3969926834106445,0.0109,-0.2126,3.5928,1.5201,1.1634,267.8125,enc,0.0004
1786347960.284973,0.1218,5.876099586486816,-4.995858669281006,0.0026,-0.1848,3.5929,1.5204,1.1409,269.4375,enc,0.0002
1786347960.380588,0.0956,4.859408378601074,-4.827657699584961,0.0001,-0.1647,3.5928,1.5204,1.1251,271.0000,enc,0.0010
1786347960.619930,0.2393,4.832120418548584,-5.43868350982666,-0.0018,-0.1746,3.5928,1.5199,1.0833,272.4375,enc,-0.0010
1786347960.655905,0.0360,4.685906887054443,-4.845592498779297,-0.0005,-0.1620,3.5928,1.5199,1.0775,273.9375,enc,0.0001
1786347960.724881,0.0690,3.8381261825561523,-3.7740931510925293,0.0002,-0.1294,3.5928,1.5199,1.0686,274.6875,enc,0.0002
1786347960.787245,0.0624,2.9139981269836426,-2.8821616172790527,0.0001,-0.0985,3.5928,1.5199,1.0625,275.5000,enc,-0.0003
1786347960.915369,0.1281,3.193148612976074,-3.1297669410705566,0.0002,-0.1075,3.5929,1.5199,1.0487,276.3750,enc,-0.0006
1786347961.048311,0.1329,3.464346170425415,-3.368403434753418,0.0003,-0.1161,3.5930,1.5199,1.0332,277.1875,enc,-0.0007
1786347961.094106,0.0458,3.6539273262023926,-3.237823009490967,0.0012,-0.1171,3.5930,1.5199,1.0279,278.1250,enc,-0.0003
1786347961.223167,0.1291,3.212223529815674,-3.5929653644561768,-0.0011,-0.1157,3.5929,1.5198,1.0129,279.1875,enc,0.0004
1786347961.308172,0.0850,3.4913763999938965,-3.6510722637176514,-0.0005,-0.1214,3.5928,1.5198,1.0026,280.2500,enc,0.0003
1786347961.402849,0.0947,3.5865108966827393,-3.6505215167999268,-0.0002,-0.1230,3.5928,1.5198,0.9910,281.3125,enc,0.0004
1786347961.520827,0.1180,3.4404501914978027,-3.187352418899536,0.0007,-0.1127,3.5928,1.5199,0.9777,282.4375,enc,0.0004
1786347961.628756,0.1079,3.3402202129364014,-3.627018451690674,-0.0008,-0.1184,3.5928,1.5198,0.9649,283.3750,enc,-0.0005
1786347961.714467,0.0857,3.3284807205200195,-3.52006459236145,-0.0006,-0.1164,3.5927,1.5198,0.9549,284.0625,enc,0.0006
1786347962.019082,0.3046,3.337186813354492,-3.2091450691223145,0.0004,-0.1113,3.5928,1.5199,0.9210,284.8125,enc,0.0000
1786347962.168139,0.1491,3.071591377258301,-2.9130256175994873,0.0005,-0.1017,3.5929,1.5199,0.9059,285.6875,enc,-0.0005
1786347962.241302,0.0732,3.4729905128479004,-3.4093081951141357,0.0002,-0.1170,3.5929,1.5199,0.8973,286.5625,enc,-0.0002
1786347962.446068,0.2048,3.549098253250122,-3.676924228668213,-0.0004,-0.1228,3.5929,1.5199,0.8722,287.5000,enc,0.0002
1786347962.565807,0.1197,3.6819515228271484,-3.1707510948181152,0.0015,-0.1165,3.5930,1.5200,0.8582,288.6250,enc,-0.0002
1786347962.712569,0.1468,3.179933786392212,-3.6601641178131104,-0.0014,-0.1163,3.5928,1.5199,0.8411,289.6875,enc,0.0003
1786347962.895854,0.1833,3.5604970455169678,-3.6245179176330566,-0.0002,-0.1221,3.5928,1.5199,0.8188,290.7500,enc,0.0002
1786347963.027343,0.1315,3.5864546298980713,-3.5547566413879395,0.0001,-0.1214,3.5928,1.5199,0.8028,291.8750,enc,-0.0003
1786347963.487835,0.4605,3.2500662803649902,-3.218047857284546,0.0001,-0.1099,3.5929,1.5199,0.7522,292.8750,enc,-0.0001
1786347963.487916,0.0001,3.4340078830718994,-3.4340078830718994,0.0000,-0.1167,3.5929,1.5199,0.7522,293.6250,enc,-0.0002
1786347963.487944,0.0000,3.3258049488067627,-3.2624053955078125,0.0002,-0.1120,3.5929,1.5199,0.7522,294.3750,enc,-0.0002
1786347963.488683,0.0007,3.391571283340454,-2.94332218170166,0.0013,-0.1077,3.5929,1.5199,0.7521,295.1875,enc,0.0002
1786347963.609818,0.1211,3.0777416229248047,-3.486717462539673,-0.0012,-0.1116,3.5928,1.5197,0.7386,296.0625,enc,-0.0001
1786347963.612531,0.0027,3.5578057765960693,-3.5261282920837402,0.0001,-0.1204,3.5928,1.5197,0.7382,297.1250,enc,-0.0001
1786347963.680762,0.0682,3.5708322525024414,-3.6026735305786133,-0.0001,-0.1219,3.5927,1.5198,0.7299,298.1250,enc,0.0003
1786347963.853251,0.1725,3.5034568309783936,-3.5994579792022705,-0.0003,-0.1207,3.5927,1.5198,0.7091,299.1875,enc,0.0003
1786347963.855313,0.0021,3.1737489700317383,-3.3014373779296875,-0.0004,-0.1101,3.5927,1.5198,0.7089,300.3750,enc,0.0004
1786347963.858200,0.0029,3.5758750438690186,-3.4812026023864746,0.0003,-0.1200,3.5927,1.5198,0.7085,301.3750,enc,-0.0003
1786347963.868305,0.0101,3.651670455932617,-3.491948366165161,0.0005,-0.1214,3.5927,1.5198,0.7073,302.3750,enc,-0.0005
1786347963.931663,0.0634,3.5407090187072754,-3.4130048751831055,0.0004,-0.1182,3.5927,1.5198,0.6998,303.1875,enc,-0.0006
1786347963.934361,0.0027,3.090989351272583,-2.963224411010742,0.0004,-0.1029,3.5927,1.5198,0.6995,303.9375,enc,-0.0004
1786347964.003384,0.0690,3.3057470321655273,-3.3375847339630127,-0.0001,-0.1129,3.5927,1.5198,0.6917,304.7500,enc,0.0005
1786347964.103298,0.0999,3.3872170448303223,-3.513956069946289,-0.0004,-0.1173,3.5927,1.5197,0.6800,305.6875,enc,0.0000
1786347964.210661,0.1074,3.5522143840789795,-3.680152654647827,-0.0004,-0.1229,3.5926,1.5198,0.6668,306.6875,enc,0.0004
1786347964.305349,0.0947,3.2314743995666504,-3.359346628189087,-0.0004,-0.1120,3.5926,1.5198,0.6562,307.6875,enc,0.0004
1786347964.408426,0.1031,3.431598424911499,-3.6533734798431396,-0.0007,-0.1204,3.5925,1.5198,0.6438,308.8125,enc,0.0007
1786347964.520394,0.1120,3.624636173248291,-3.528672933578491,0.0003,-0.1216,3.5925,1.5198,0.6302,309.8750,enc,0.0001
1786347964.620756,0.1004,5.172769069671631,-2.166142702102661,0.0088,-0.1247,3.5932,1.5204,0.6177,310.9375,enc,0.0006
1786347964.721018,0.1003,9.22745132446289,0.5334029793739319,0.0286,-0.1478,3.5956,1.5219,0.6028,312.1250,enc,-0.0013
1786347964.834925,0.1139,12.61471939086914,1.4231674671173096,0.0412,-0.1902,3.5995,1.5246,0.5812,313.6250,enc,0.0010
1786347964.924891,0.0900,14.156512260437012,2.2916910648345947,0.0482,-0.2017,3.6031,1.5270,0.5630,315.3750,enc,0.0015
1786347965.025801,0.1009,13.683210372924805,3.4109678268432617,0.0501,-0.1746,3.6074,1.5296,0.5454,317.0625,enc,0.0002
1786347965.132606,0.1068,16.746036529541016,5.839584827423096,0.0662,-0.1854,3.6135,1.5332,0.5256,318.7500,enc,0.0001
1786347965.235307,0.1027,18.91110610961914,7.552182197570801,0.0776,-0.1931,3.6205,1.5370,0.5058,320.3125,enc,0.0001
1786347965.334122,0.0988,17.849042892456055,7.339285373687744,0.0739,-0.1786,3.6269,1.5405,0.4881,321.5000,enc,0.0001
1786347965.445995,0.1119,19.822731018066406,7.984841346740723,0.0815,-0.2012,3.6351,1.5446,0.4656,323.5000,enc,-0.0001
1786347965.545248,0.0993,19.352968215942383,7.565338611602783,0.0789,-0.2004,3.6421,1.5479,0.4457,324.7500,enc,-0.0005
1786347965.646816,0.1016,20.151493072509766,8.597358703613281,0.0843,-0.1964,3.6500,1.5513,0.4258,326.3750,enc,-0.0011
1786347965.759354,0.1125,20.031768798828125,10.761322021484375,0.0903,-0.1576,3.6593,1.5554,0.4080,328.0625,enc,0.0006
1786347966.149230,0.3899,24.072538375854492,14.917915344238281,0.1143,-0.1556,3.7011,1.5709,0.3474,329.4375,enc,0.0008
1786347966.149290,0.0001,25.050392150878906,16.407608032226562,0.1216,-0.1469,3.7011,1.5709,0.3474,330.5000,enc,0.0002
1786347966.149304,0.0000,24.79625129699707,16.606273651123047,0.1214,-0.1392,3.7011,1.5709,0.3474,331.7500,enc,-0.0007
1786347966.243206,0.0939,23.086013793945312,16.777517318725586,0.1169,-0.1072,3.7114,1.5746,0.3373,332.8750,enc,0.0008
1786347966.336591,0.0934,25.662904739379883,20.1337833404541,0.1343,-0.0940,3.7233,1.5786,0.3285,333.4375,enc,-0.0002
1786347966.510285,0.1737,26.006549835205078,20.976163864135742,0.1378,-0.0855,3.7461,1.5858,0.3137,334.0625,enc,-0.0010
1786347966.631806,0.1215,26.46422004699707,21.620494842529297,0.1410,-0.0823,3.7625,1.5909,0.3037,334.8125,enc,-0.0002
1786347966.829966,0.1982,23.846782684326172,19.300006866455078,0.1265,-0.0773,3.7865,1.5980,0.2883,335.5000,enc,-0.0001
1786347967.378298,0.5483,26.1549072265625,20.914518356323242,0.1380,-0.0891,3.8601,1.6159,0.2395,336.0625,enc,-0.0001
1786347967.378416,0.0001,23.797670364379883,20.107872009277344,0.1287,-0.0627,3.8601,1.6159,0.2395,336.7500,enc,0.0005
1786347967.378436,0.0000,20.3264102935791,17.694637298583984,0.1115,-0.0447,3.8601,1.6159,0.2395,337.0625,enc,0.0001
1786347967.378455,0.0000,21.193241119384766,19.064931869506836,0.1180,-0.0362,3.8601,1.6159,0.2395,337.3750,enc,0.0002
1786347967.379979,0.0015,20.93962860107422,18.627641677856445,0.1160,-0.0393,3.8603,1.6160,0.2394,337.6250,enc,-0.0002
1786347967.480017,0.1000,20.783409118652344,18.774335861206055,0.1160,-0.0342,3.8715,1.6187,0.2360,338.1250,enc,-0.0002
1786347967.706975,0.2270,18.89979362487793,17.270179748535156,0.1061,-0.0277,3.8948,1.6248,0.2297,338.4375,enc,0.0030
1786347967.709143,0.0022,18.06230926513672,19.047168731689453,0.1088,0.0167,3.8951,1.6249,0.2298,338.3750,enc,-0.0023
1786347967.774754,0.0656,18.035127639770508,18.693748474121094,0.1077,0.0112,3.9019,1.6265,0.2305,338.5625,enc,-0.0003
1786347967.881513,0.1068,17.97553062438965,18.660539627075195,0.1074,0.0116,3.9131,1.6291,0.2317,338.1875,enc,0.0004
1786347967.957056,0.0755,16.474395751953125,17.111370086669922,0.0985,0.0108,3.9203,1.6309,0.2326,338.3125,enc,0.0002
1786347968.081990,0.1249,18.106565475463867,18.896678924560547,0.1085,0.0134,3.9335,1.6341,0.2342,338.0625,enc,0.0004
1786347968.205283,0.1233,16.805601119995117,18.113208770751953,0.1024,0.0222,3.9458,1.6370,0.2370,338.0625,enc,0.0002
1786347968.207725,0.0024,15.096047401428223,17.836471557617188,0.0966,0.0466,3.9460,1.6371,0.2371,337.4375,enc,-0.0001
1786347968.353516,0.1458,12.56919002532959,15.629156112670898,0.0827,0.0520,3.9576,1.6403,0.2447,337.1875,enc,0.0018
1786347968.434730,0.0812,10.735645294189453,16.268068313598633,0.0792,0.0940,3.9639,1.6418,0.2523,336.7500,enc,-0.0015
1786347968.523156,0.0884,9.586115837097168,15.708113670349121,0.0742,0.1041,3.9702,1.6434,0.2615,335.9375,enc,-0.0009
1786347968.590262,0.0671,8.610420227050781,14.598182678222656,0.0681,0.1018,3.9747,1.6445,0.2683,334.9375,enc,-0.0018
1786347968.625726,0.0355,7.947575092315674,14.654317855834961,0.0663,0.1140,3.9769,1.6452,0.2724,334.0625,enc,0.0024
1786347968.658869,0.0331,8.819421768188477,15.287611961364746,0.0707,0.1099,3.9792,1.6458,0.2760,333.1250,enc,-0.0011
1786347968.751563,0.0927,9.042030334472656,15.508005142211914,0.0720,0.1099,3.9856,1.6477,0.2862,332.5000,enc,0.0001
1786347968.867336,0.1158,7.534894943237305,14.308164596557617,0.0640,0.1151,3.9927,1.6498,0.2996,331.5625,enc,-0.0005
1786347968.959363,0.0920,7.150726318359375,16.486610412597656,0.0693,0.1587,3.9987,1.6518,0.3142,330.0625,enc,0.0003
1786347969.067590,0.1082,6.301336288452148,16.67760467529297,0.0674,0.1764,4.0056,1.6543,0.3332,328.5625,enc,0.0009
1786347969.170170,0.1026,5.421937942504883,16.99192237854004,0.0657,0.1967,4.0120,1.6565,0.3534,327.1875,enc,-0.0008
1786347969.273035,0.1029,4.5214715003967285,15.862890243530273,0.0598,0.1928,4.0177,1.6589,0.3733,325.4375,enc,0.0007
1786347969.375014,0.1020,4.770865440368652,17.74700164794922,0.0660,0.2206,4.0239,1.6614,0.3957,323.6250,enc,-0.0004
1786347969.483641,0.1086,4.781939506530762,17.577787399291992,0.0656,0.2175,4.0304,1.6644,0.4194,322.0625,enc,0.0006
1786347969.582486,0.0988,4.871689796447754,17.775997161865234,0.0664,0.2193,4.0363,1.6672,0.4411,320.2500,enc,0.0000
1786347969.724218,0.1417,4.413881778717041,16.065235137939453,0.0600,0.1980,4.0439,1.6710,0.4691,318.5625,enc,-0.0004
1786347969.801989,0.0778,4.969545841217041,17.68427276611328,0.0664,0.2161,4.0485,1.6734,0.4859,316.9375,enc,-0.0002
1786347969.889741,0.0878,4.245233535766602,18.040700912475586,0.0653,0.2345,4.0535,1.6761,0.5065,315.0000,enc,-0.0005
1786347969.997452,0.1077,3.186673402786255,17.269651412963867,0.0600,0.2394,4.0591,1.6794,0.5323,313.0625,enc,0.0004
1786347970.143754,0.1463,2.8835816383361816,19.355863571166992,0.0652,0.2800,4.0671,1.6846,0.5733,310.9375,enc,-0.0001
1786347970.217366,0.0736,2.064480781555176,19.890583038330078,0.0644,0.3030,4.0710,1.6873,0.5956,308.5000,enc,0.0009
1786347970.302171,0.0848,1.5856438875198364,18.162023544311523,0.0579,0.2818,4.0750,1.6902,0.6195,306.1875,enc,0.0003
1786347970.429486,0.1273,1.7322441339492798,20.069499969482422,0.0639,0.3117,4.0814,1.6952,0.6591,303.8750,enc,-0.0001
1786347970.508416,0.0789,1.6513690948486328,19.803447723388672,0.0629,0.3085,4.0852,1.6983,0.6835,301.2500,enc,0.0001
1786347970.615579,0.1072,0.5875864624977112,19.91675567626953,0.0601,0.3286,4.0902,1.7025,0.7187,298.9375,enc,-0.0009
1786347970.723837,0.1083,0.15502391755580902,18.089208602905273,0.0535,0.3048,4.0944,1.7064,0.7517,296.3750,enc,-0.0002
1786347970.825767,0.1019,1.353776216506958,20.009536743164062,0.0626,0.3171,4.0990,1.7108,0.7840,293.9375,enc,-0.0009
1786347970.924513,0.0987,1.886569619178772,20.482755661010742,0.0656,0.3161,4.1034,1.7155,0.8152,291.1875,enc,-0.0001
1786347971.034761,0.1102,1.93800950050354,20.725709915161133,0.0665,0.3194,4.1083,1.7211,0.8504,288.8125,enc,0.0000
1786347971.137652,0.1029,1.9275193214416504,18.740131378173828,0.0606,0.2858,4.1122,1.7259,0.8799,286.3125,enc,0.0002
1786347971.255091,0.1174,4.659736633300781,20.59499168395996,0.0741,0.2709,4.1176,1.7327,0.9117,283.8750,enc,-0.0003
1786347971.366424,0.1113,7.5598249435424805,21.825260162353516,0.0862,0.2425,4.1232,1.7405,0.9387,281.8750,enc,0.0005
1786347971.473047,0.1066,8.462956428527832,22.483572006225586,0.0907,0.2383,4.1287,1.7485,0.9641,279.8125,enc,0.0005
1786347971.571733,0.0987,7.867197513580322,20.58142852783203,0.0834,0.2161,4.1332,1.7554,0.9854,277.9375,enc,0.0003
1786347971.658115,0.0864,7.986631393432617,21.989032745361328,0.0879,0.2380,4.1373,1.7618,1.0060,276.0625,enc,0.0001
1786347971.757223,0.0991,3.533707857131958,17.962055206298828,0.0630,0.2453,4.1404,1.7671,1.0303,274.0625,enc,0.0005
1786347971.866785,0.1096,-0.2273954153060913,10.144147872924805,0.0291,0.1763,4.1421,1.7699,1.0496,272.7500,enc,-0.0006
1786347971.969773,0.1030,-2.4485280513763428,3.4975690841674805,0.0031,0.1011,4.1423,1.7701,1.0600,271.8125,enc,-0.0008
1786347972.066783,0.0970,-3.8211829662323,1.8899941444396973,-0.0057,0.0971,4.1421,1.7696,1.0694,271.0000,enc,-0.0001
1786347972.179716,0.1129,-3.9673750400543213,2.2054450511932373,-0.0052,0.1049,4.1417,1.7691,1.0813,270.1875,enc,0.0004
1786347972.277360,0.0976,-3.8039586544036865,3.0436248779296875,-0.0022,0.1164,4.1416,1.7690,1.0926,269.2500,enc,0.0006
1786347972.379665,0.1023,-3.581387996673584,3.518589735031128,-0.0002,0.1207,4.1416,1.7690,1.1050,268.2500,enc,0.0002
1786347972.496675,0.1170,-3.1583595275878906,3.254382848739624,0.0003,0.1090,4.1416,1.7690,1.1177,267.2500,enc,-0.0005
1786347972.589185,0.0925,-3.1711506843566895,3.5182626247406006,0.0010,0.1137,4.1417,1.7690,1.1282,266.3750,enc,-0.0005
1786347972.838293,0.2491,-3.2217214107513428,3.509767532348633,0.0008,0.1144,4.1419,1.7692,1.1567,265.5000,enc,-0.0007
1786347972.842548,0.0043,-3.4522759914398193,3.4203567504882812,-0.0001,0.1168,4.1419,1.7692,1.1572,264.6250,enc,-0.0001
1786347972.898734,0.0562,-3.272467851638794,3.240490674972534,-0.0001,0.1107,4.1419,1.7692,1.1635,263.6250,enc,0.0001
1786347973.091084,0.1924,-3.5877652168273926,3.555820941925049,-0.0001,0.1214,4.1419,1.7692,1.1868,262.6250,enc,0.0003
1786347973.122817,0.0317,-3.64996075630188,3.4903132915496826,-0.0005,0.1214,4.1419,1.7691,1.1907,261.6250,enc,0.0003
1786347973.363103,0.2403,-3.43243145942688,3.144176721572876,-0.0008,0.1118,4.1419,1.7689,1.2175,260.6875,enc,-0.0003
1786347973.363590,0.0005,-3.275548219680786,3.563648223876953,0.0008,0.1163,4.1419,1.7689,1.2176,259.6875,enc,0.0005
1786347973.423966,0.0604,-3.541665554046631,3.509657859802246,-0.0001,0.1199,4.1419,1.7689,1.2248,258.6875,enc,-0.0001
1786347973.598824,0.1749,-3.6201488971710205,3.2999866008758545,-0.0009,0.1176,4.1418,1.7688,1.2454,257.7500,enc,-0.0002
1786347973.625367,0.0265,-3.1116561889648438,3.3969295024871826,0.0008,0.1106,4.1418,1.7688,1.2483,256.8125,enc,0.0007
1786347973.840721,0.2154,-3.362323760986328,3.5543243885040283,0.0006,0.1176,4.1419,1.7689,1.2736,256.0000,enc,-0.0002
1786347973.843406,0.0027,-3.4692156314849854,3.4692156314849854,0.0000,0.1179,4.1419,1.7689,1.2740,255.1250,enc,-0.0002
1786347973.930932,0.0875,-3.556671619415283,3.239793539047241,-0.0009,0.1155,4.1419,1.7688,1.2841,254.1250,enc,-0.0004
1786347974.092246,0.1613,-3.2005057334899902,3.4245409965515137,0.0007,0.1126,4.1419,1.7689,1.3022,253.1875,enc,0.0005
1786347974.138750,0.0465,-3.5011539459228516,3.565063238143921,0.0002,0.1201,4.1419,1.7689,1.3078,252.2500,enc,0.0000
1786347974.348218,0.2095,-3.472576141357422,3.535963773727417,0.0002,0.1191,4.1418,1.7690,1.3328,251.2500,enc,0.0002
1786347974.362120,0.0139,-3.184579610824585,3.216529369354248,0.0001,0.1088,4.1418,1.7690,1.3343,250.3125,enc,0.0001
1786347974.596600,0.2345,-3.509963035583496,3.509963035583496,0.0000,0.1193,4.1418,1.7690,1.3623,249.3125,enc,0.0002
1786347974.599551,0.0030,-3.476030111312866,3.5394809246063232,0.0002,0.1192,4.1418,1.7690,1.3626,248.3125,enc,-0.0002
1786347974.662129,0.0626,-3.5047080516815186,3.472794771194458,-0.0001,0.1186,4.1418,1.7690,1.3700,247.4375,enc,0.0003
1786347974.859756,0.1976,-3.257189989089966,3.4120633602142334,0.0005,0.1134,4.1418,1.7691,1.3925,246.6250,enc,-0.0001
1786347974.879659,0.0199,-3.4372260570526123,3.2515509128570557,-0.0005,0.1137,4.1418,1.7691,1.3947,245.7500,enc,0.0000
1786347975.108305,0.2286,-3.533722162246704,3.0910067558288574,-0.0013,0.1126,4.1419,1.7688,1.4205,244.8125,enc,-0.0004
1786347975.115183,0.0069,-3.1981475353240967,3.5482144355773926,0.0010,0.1147,4.1419,1.7688,1.4213,243.8125,enc,0.0001
1786347975.183879,0.0687,-3.5568652153015137,3.5568652153015137,0.0000,0.1209,4.1419,1.7688,1.4296,242.8750,enc,0.0000
1786347975.366256,0.1824,-3.472142457962036,3.472142457962036,0.0000,0.1180,4.1419,1.7688,1.4511,241.8125,enc,0.0000
1786347975.393506,0.0273,-3.323523998260498,3.1642558574676514,-0.0005,0.1103,4.1419,1.7687,1.4541,240.8750,enc,-0.0005
1786347975.612023,0.2185,-3.355637788772583,3.5793726444244385,0.0007,0.1179,4.1417,1.7689,1.4798,239.8750,enc,0.0007
1786347975.613500,0.0015,-3.4509239196777344,3.4826362133026123,0.0001,0.1179,4.1417,1.7689,1.4800,238.9375,enc,-0.0001
1786347975.697251,0.0838,-3.425920248031616,3.48941969871521,0.0002,0.1175,4.1417,1.7689,1.4899,238.0625,enc,0.0004
1786347975.861117,0.1639,-3.1003808975219727,3.2604527473449707,0.0005,0.1081,4.1417,1.7690,1.5076,237.2500,enc,0.0003
1786347975.912552,0.0514,-3.4879097938537598,3.4879097938537598,0.0000,0.1186,4.1417,1.7690,1.5137,236.3750,enc,0.0000
1786347976.112237,0.1997,-3.547736883163452,3.4516959190368652,-0.0003,0.1190,4.1416,1.7689,1.5374,235.3750,enc,0.0003
1786347976.118304,0.0061,-3.5376503467559814,3.1860036849975586,-0.0010,0.1143,4.1416,1.7689,1.5381,234.4375,enc,-0.0001
1786347976.361835,0.2435,-3.245396137237549,3.5654244422912598,0.0009,0.1158,4.1417,1.7692,1.5663,233.5000,enc,-0.0004
1786347976.365084,0.0032,-3.5884249210357666,3.49271821975708,-0.0003,0.1204,4.1417,1.7692,1.5667,232.5000,enc,-0.0003
1786347976.432512,0.0674,-3.517396926879883,3.517396926879883,0.0000,0.1196,4.1417,1.7692,1.5748,231.5625,enc,-0.0002
1786347976.631013,0.1985,-3.2560057640075684,3.128016948699951,-0.0004,0.1085,4.1416,1.7691,1.5963,230.5000,enc,0.0004
1786347976.647019,0.0160,-3.50008225440979,3.5317625999450684,0.0001,0.1195,4.1416,1.7691,1.5982,229.5000,enc,0.0001
1786347976.869165,0.2221,-3.456120491027832,3.4881253242492676,0.0001,0.1180,4.1416,1.7691,1.6245,228.6250,enc,0.0003
1786347976.872608,0.0034,-3.3790650367736816,3.5690157413482666,0.0006,0.1181,4.1416,1.7691,1.6249,227.8125,enc,0.0004
1786347976.940540,0.0679,-3.0444231033325195,3.171146869659424,0.0004,0.1057,4.1416,1.7691,1.6320,227.0000,enc,0.0000
1786347977.126265,0.1857,-3.417649030685425,3.481487274169922,0.0002,0.1173,4.1416,1.7692,1.6538,226.0625,enc,-0.0002
1786347977.148988,0.0227,-3.507826328277588,3.4761245250701904,-0.0001,0.1187,4.1416,1.7692,1.6565,225.1250,enc,-0.0001
1786347977.435108,0.2861,-3.546278953552246,3.4202632904052734,-0.0004,0.1184,4.1417,1.7691,1.6904,224.0625,enc,-0.0002
1786347977.442803,0.0077,-3.2583179473876953,3.1302382946014404,-0.0004,0.1086,4.1417,1.7691,1.6912,223.1875,enc,-0.0004
1786347977.473088,0.0303,-3.6416172981262207,3.385469436645508,-0.0008,0.1194,4.1417,1.7691,1.6949,222.2500,enc,-0.0008
1786347977.560561,0.0875,-3.584625244140625,3.393843650817871,-0.0006,0.1186,4.1417,1.7690,1.7052,221.1875,enc,0.0000
1786347977.669835,0.1093,-3.580691337585449,3.1004111766815186,-0.0014,0.1136,4.1417,1.7689,1.7176,220.3125,enc,0.0001
1786347977.769507,0.0997,-3.030454158782959,3.7027313709259033,0.0020,0.1145,4.1417,1.7690,1.7290,219.4375,enc,0.0003
1786347977.873806,0.1043,-3.336909294128418,3.528978109359741,0.0006,0.1167,4.1417,1.7691,1.7412,218.6250,enc,0.0000
1786347977.980363,0.1066,-3.4785656929016113,3.4785656929016113,0.0000,0.1183,4.1417,1.7691,1.7538,217.6250,enc,-0.0002
1786347978.079085,0.0987,-3.1888058185577393,3.156867742538452,-0.0001,0.1079,4.1417,1.7691,1.7645,216.6875,enc,0.0001
1786347978.182160,0.1031,-3.499563455581665,3.4679362773895264,-0.0001,0.1184,4.1416,1.7691,1.7767,215.7500,enc,0.0005
1786347978.288039,0.1059,-3.5844926834106445,3.4888908863067627,-0.0003,0.1202,4.1416,1.7690,1.7894,214.7500,enc,0.0001
1786347978.388579,0.1005,-3.6973841190338135,3.3140201568603516,-0.0011,0.1192,4.1417,1.7689,1.8014,213.8125,enc,-0.0004
1786347978.502952,0.1144,-3.2061543464660645,3.3004531860351562,0.0003,0.1106,4.1416,1.7690,1.8140,212.8125,enc,0.0005
1786347978.642216,0.1393,-3.5636515617370605,3.5316853523254395,-0.0001,0.1206,4.1416,1.7689,1.8308,211.8125,enc,-0.0001
1786347978.703013,0.0608,-3.460155725479126,3.460155725479126,0.0000,0.1176,4.1417,1.7690,1.8380,210.9375,enc,-0.0004
1786347978.813259,0.1102,-3.309938430786133,3.467319965362549,0.0005,0.1152,4.1416,1.7690,1.8507,210.0625,enc,0.0003
1786347978.915119,0.1019,-2.98580265045166,3.2419159412384033,0.0008,0.1059,4.1416,1.7691,1.8615,209.1875,enc,-0.0004
1786347979.012455,0.0973,-3.347273588180542,3.538414716720581,0.0006,0.1170,4.1416,1.7691,1.8729,208.3125,enc,0.0002
1786347979.121104,0.1086,-3.5951406955718994,3.5631306171417236,-0.0001,0.1217,4.1416,1.7691,1.8861,207.3125,enc,0.0003
1786347979.276802,0.1557,-3.5062527656555176,3.5062527656555176,0.0000,0.1192,4.1415,1.7691,1.9046,206.3125,enc,0.0002
1786347979.331701,0.0549,-3.31003999710083,3.182018756866455,-0.0004,0.1104,4.1416,1.7691,1.9107,205.3750,enc,0.0000
1786347979.432715,0.1010,-3.5479612350463867,3.5479612350463867,0.0000,0.1206,4.1416,1.7691,1.9229,204.3750,enc,0.0000
1786347979.574619,0.1419,-3.592689037322998,3.49686861038208,-0.0003,0.1205,4.1416,1.7691,1.9400,203.3750,enc,-0.0005
1786347979.657942,0.0833,-3.3746824264526367,3.1185922622680664,-0.0008,0.1104,4.1417,1.7690,1.9492,202.3750,enc,0.0000
1786347979.769511,0.1116,-3.596712112426758,3.405287265777588,-0.0006,0.1190,4.1417,1.7690,1.9625,201.3125,enc,-0.0004
1786347979.995573,0.2261,-3.181259870529175,3.497556686401367,0.0009,0.1135,4.1416,1.7692,1.9881,200.5625,enc,0.0000
1786347980.105766,0.1102,-3.191854476928711,3.5118496417999268,0.0009,0.1139,4.1416,1.7693,2.0007,199.6875,enc,-0.0002
1786347980.267225,0.1615,-3.125481605529785,3.06240177154541,-0.0002,0.1052,4.1416,1.7692,2.0177,198.8125,enc,0.0002
1786347980.478967,0.2117,-3.5128679275512695,3.5128679275512695,0.0000,0.1194,4.1414,1.7691,2.0430,197.7500,enc,0.0007
1786347980.735772,0.2568,-3.508124589920044,3.540118455886841,0.0001,0.1198,4.1414,1.7692,2.0737,196.8125,enc,0.0001
1786347980.962780,0.2270,-3.5286026000976562,3.433790683746338,-0.0003,0.1183,4.1415,1.7692,2.1006,195.8125,enc,-0.0005
1786347981.006053,0.0433,-3.34647798538208,3.187377452850342,-0.0005,0.1111,4.1415,1.7691,2.1054,194.8125,enc,0.0001
1786347981.048330,0.0423,-3.712411642074585,3.5204901695251465,-0.0006,0.1229,4.1416,1.7691,2.1106,193.8750,enc,0.0002
1786347981.253937,0.2056,-3.6323649883270264,3.472323417663574,-0.0005,0.1208,4.1416,1.7690,2.1354,192.8750,enc,0.0001
1786347981.257383,0.0034,-3.50579571723938,3.186352252960205,-0.0009,0.1138,4.1416,1.7690,2.1358,191.8750,enc,-0.0004
1786347981.357692,0.1003,-2.9275267124176025,3.5679712295532227,0.0019,0.1104,4.1415,1.7692,2.1469,191.0000,enc,-0.0004
1786347981.511148,0.1535,-3.141561508178711,3.523332357406616,0.0011,0.1133,4.1415,1.7694,2.1643,190.1875,enc,-0.0007
1786347981.562871,0.0517,-3.5423710346221924,3.446475028991699,-0.0003,0.1188,4.1415,1.7694,2.1704,189.2500,enc,-0.0001
1786347981.648003,0.0851,-3.3420839309692383,3.150049924850464,-0.0006,0.1104,4.1415,1.7693,2.1798,188.2500,enc,0.0008
1786347981.871940,0.2239,-3.615885019302368,3.5524818897247314,-0.0002,0.1218,4.1415,1.7693,2.2071,187.2500,enc,0.0002
1786347981.877412,0.0055,-3.5647521018981934,3.438079833984375,-0.0004,0.1190,4.1415,1.7693,2.2077,186.1875,enc,0.0002
1786347982.014368,0.1370,-3.569471597671509,3.5054831504821777,-0.0002,0.1203,4.1415,1.7692,2.2242,185.2500,enc,0.0004
1786347982.113866,0.0995,-3.2786638736724854,3.2146410942077637,-0.0002,0.1104,4.1415,1.7692,2.2352,184.3125,enc,0.0000
1786347982.167087,0.0532,-3.451653242111206,3.451653242111206,0.0000,0.1173,4.1415,1.7692,2.2414,183.2500,enc,0.0004
1786347982.301940,0.1349,-3.5098769664764404,3.541886568069458,0.0001,0.1199,4.1415,1.7692,2.2576,182.3750,enc,-0.0005
1786347982.407464,0.1055,-3.0815672874450684,3.145589828491211,0.0002,0.1058,4.1415,1.7693,2.2688,181.5625,enc,-0.0002
1786347982.514768,0.1073,-3.1808745861053467,3.529050827026367,0.0010,0.1141,4.1415,1.7694,2.2810,180.6250,enc,-0.0008
1786347982.549844,0.0351,-3.4811172485351562,3.5131070613861084,0.0001,0.1189,4.1415,1.7694,2.2852,179.6875,enc,-0.0001
1786347982.662374,0.1125,-3.5987508296966553,3.5027687549591064,-0.0003,0.1207,4.1415,1.7693,2.2988,178.7500,enc,0.0007
1786347982.743126,0.0808,-3.1886136531829834,3.1886136531829834,0.0000,0.1084,4.1415,1.7693,2.3075,177.8125,enc,-0.0002
1786347982.790238,0.0471,-3.590083122253418,3.495034694671631,-0.0003,0.1204,4.1415,1.7693,2.3132,176.7500,enc,-0.0001
1786347982.913483,0.1232,-3.5367586612701416,3.5047953128814697,-0.0001,0.1197,4.1415,1.7693,2.3279,175.8125,enc,0.0003
1786347982.917575,0.0041,-3.2163662910461426,3.24836802482605,0.0001,0.1099,4.1415,1.7693,2.3284,174.8750,enc,-0.0001
1786347982.992343,0.0748,-3.5123491287231445,3.5123491287231445,0.0000,0.1194,4.1415,1.7693,2.3373,173.8125,enc,0.0000
1786347983.045917,0.0536,-3.6009397506713867,3.504899263381958,-0.0003,0.1208,4.1415,1.7693,2.3438,172.8125,enc,-0.0001
1786347983.051268,0.0054,-3.4204912185668945,3.4838900566101074,0.0002,0.1174,4.1415,1.7693,2.3444,172.0000,enc,0.0000
1786347983.086671,0.0354,-2.9581339359283447,3.1799557209014893,0.0007,0.1043,4.1415,1.7693,2.3481,171.0625,enc,0.0001
1786347983.162575,0.0759,-3.462575674057007,3.4305613040924072,-0.0001,0.1172,4.1415,1.7693,2.3570,170.1875,enc,0.0001
1786347983.265696,0.1031,-3.4644320011138916,3.4326446056365967,-0.0001,0.1172,4.1415,1.7693,2.3691,169.3125,enc,0.0001
1786347983.359738,0.0940,-3.5564281940460205,3.5564281940460205,0.0000,0.1209,4.1415,1.7693,2.3805,168.2500,enc,-0.0004
1786347983.476613,0.1169,-3.3046185970306396,3.2406084537506104,-0.0002,0.1113,4.1415,1.7693,2.3935,167.2500,enc,-0.0002
1786347983.565553,0.0889,-3.476954460144043,3.540422201156616,0.0002,0.1193,4.1415,1.7693,2.4041,166.3125,enc,0.0002
1786347983.669698,0.1041,-3.453362226486206,3.547990322113037,0.0003,0.1190,4.1415,1.7693,2.4165,165.3125,enc,-0.0001
1786347983.830081,0.1604,-3.544471502304077,3.480454206466675,-0.0002,0.1194,4.1415,1.7693,2.4356,164.3750,enc,0.0002
1786347983.874879,0.0448,-3.202112913131714,3.1060609817504883,-0.0003,0.1072,4.1415,1.7693,2.4404,163.4375,enc,-0.0001
1786347983.980714,0.1058,-3.429969310760498,3.429969310760498,0.0000,0.1166,4.1415,1.7693,2.4528,162.5625,enc,0.0002
1786347984.098078,0.1174,-3.5011179447174072,3.5970547199249268,0.0003,0.1207,4.1414,1.7693,2.4669,161.6875,enc,0.0005
1786347984.197671,0.0996,-3.098586082458496,3.194406747817993,0.0003,0.1070,4.1414,1.7693,2.4776,160.8750,enc,-0.0001
1786347984.329668,0.1320,-3.481149435043335,3.513139486312866,0.0001,0.1189,4.1414,1.7693,2.4933,159.9375,enc,-0.0003
1786347984.530937,0.2013,-3.437281370162964,3.596931219100952,0.0005,0.1196,4.1414,1.7694,2.5173,158.9375,enc,-0.0001
1786347984.657116,0.1262,-3.5477638244628906,3.3243460655212402,-0.0007,0.1168,4.1415,1.7694,2.5321,158.0000,enc,-0.0007
1786347984.835507,0.1784,-3.1808393001556396,3.3383066654205322,0.0005,0.1108,4.1414,1.7694,2.5519,156.9375,enc,0.0003
1786347985.024470,0.1890,-3.6293859481811523,3.469475507736206,-0.0005,0.1207,4.1415,1.7694,2.5747,156.0625,enc,-0.0005
1786347985.214165,0.1897,-3.5768771171569824,3.4488284587860107,-0.0004,0.1194,4.1416,1.7694,2.5973,155.0000,enc,-0.0002
1786347985.245173,0.0310,-3.49935245513916,3.436150074005127,-0.0002,0.1179,4.1416,1.7694,2.6010,154.0000,enc,0.0000
1786347985.365063,0.1199,-3.132249593734741,3.100346565246582,-0.0001,0.1059,4.1416,1.7694,2.6137,153.1875,enc,0.0005
1786347985.488102,0.1230,-3.4506449699401855,3.5146028995513916,0.0002,0.1184,4.1415,1.7693,2.6282,152.4375,enc,0.0008
1786347985.545456,0.0574,-3.3313651084899902,3.5215978622436523,0.0006,0.1165,4.1415,1.7693,2.6349,151.4375,enc,-0.0006
1786347985.596648,0.0512,-3.4731152057647705,3.1858997344970703,-0.0008,0.1132,4.1415,1.7693,2.6407,150.5000,enc,0.0003
1786347985.678771,0.0821,-3.118494987487793,3.694751262664795,0.0017,0.1158,4.1414,1.7694,2.6502,149.5625,enc,0.0002
1786347985.703723,0.0250,-3.571312189102173,3.507290840148926,-0.0002,0.1203,4.1414,1.7694,2.6532,148.6250,enc,0.0000
1786347985.774194,0.0705,-3.6604719161987305,3.468485116958618,-0.0006,0.1212,4.1414,1.7693,2.6618,147.5625,enc,0.0000
1786347985.817070,0.0429,-3.371865749359131,3.147794723510742,-0.0007,0.1108,4.1415,1.7693,2.6665,146.6250,enc,-0.0003
1786347985.839615,0.0225,-3.693289279937744,3.4372501373291016,-0.0008,0.1212,4.1415,1.7693,2.6692,145.5625,enc,0.0000
1786347985.942028,0.1024,-3.566800594329834,3.5028600692749023,-0.0002,0.1202,4.1415,1.7693,2.6816,144.5625,enc,0.0002
1786347986.046122,0.1041,-3.0741186141967773,3.170004367828369,0.0003,0.1061,4.1414,1.7693,2.6926,143.7500,enc,0.0007
1786347986.157205,0.1111,-3.2932987213134766,3.548491954803467,0.0007,0.1163,4.1413,1.7693,2.7055,143.0000,enc,0.0004
1786347986.259584,0.1024,-3.2361302375793457,3.486893653869629,0.0007,0.1143,4.1413,1.7693,2.7172,142.0625,enc,-0.0002
1786347986.363379,0.1038,-3.4785337448120117,3.4785337448120117,0.0000,0.1183,4.1413,1.7693,2.7295,141.1250,enc,-0.0004
1786347986.468232,0.1049,-3.374845266342163,3.120746374130249,-0.0007,0.1104,4.1414,1.7694,2.7411,140.1875,enc,-0.0007
1786347986.571743,0.1035,-3.353764295578003,3.4164090156555176,0.0002,0.1151,4.1414,1.7693,2.7530,139.1250,enc,0.0006
1786347986.671765,0.1000,-3.61367130279541,3.54984188079834,-0.0002,0.1218,4.1414,1.7693,2.7652,138.1875,enc,0.0002
1786347986.794188,0.1224,-3.5809171199798584,3.4555227756500244,-0.0004,0.1196,4.1414,1.7693,2.7798,137.1875,enc,-0.0002
1786347986.882880,0.0887,-3.631657361984253,3.4728105068206787,-0.0005,0.1208,4.1415,1.7693,2.7905,136.0625,enc,-0.0005
1786347986.984942,0.1021,-3.3289029598236084,3.2968943119049072,-0.0001,0.1126,4.1415,1.7694,2.8020,135.1875,enc,-0.0008
1786347987.102055,0.1171,-3.162766695022583,3.477224826812744,0.0009,0.1129,4.1414,1.7694,2.8152,134.3125,enc,0.0009
1786347987.202794,0.1007,-3.3734381198883057,3.469524383544922,0.0003,0.1163,4.1413,1.7694,2.8269,133.5000,enc,-0.0001
1786347987.297671,0.0949,-3.3416287899017334,3.469648599624634,0.0004,0.1158,4.1413,1.7694,2.8379,132.6250,enc,-0.0004
1786347987.446571,0.1489,-3.1376283168792725,3.1696410179138184,0.0001,0.1072,4.1413,1.7694,2.8539,131.7500,enc,-0.0001
1786347987.509906,0.0633,-3.4746694564819336,3.5706100463867188,0.0003,0.1198,4.1413,1.7694,2.8615,130.6875,enc,0.0005
1786347987.611259,0.1014,-3.5950825214385986,3.56307315826416,-0.0001,0.1217,4.1413,1.7694,2.8738,129.7500,enc,0.0003
1786347987.720557,0.1093,-3.5789592266082764,3.262439489364624,-0.0009,0.1163,4.1414,1.7694,2.8865,128.8125,enc,-0.0006
1786347987.814717,0.0942,-3.3383030891418457,3.370198965072632,0.0001,0.1140,4.1414,1.7694,2.8973,127.8125,enc,0.0003
1786347987.917662,0.1029,-3.7076728343963623,3.4842123985290527,-0.0007,0.1222,4.1415,1.7694,2.9098,126.8125,enc,-0.0005
1786347988.036901,0.1192,-3.5133790969848633,3.5133790969848633,0.0000,0.1194,4.1415,1.7694,2.9241,125.8125,enc,0.0000
1786347988.132793,0.0959,-3.4264278411865234,3.1069562435150146,-0.0009,0.1111,4.1416,1.7694,2.9347,125.0000,enc,0.0000
1786347988.226794,0.0940,-2.8957600593566895,3.567659616470337,0.0020,0.1099,4.1414,1.7694,2.9451,124.1250,enc,-0.0001
1786347988.335419,0.1086,-3.276108980178833,3.434384346008301,0.0005,0.1141,4.1413,1.7695,2.9574,123.1875,enc,-0.0001
1786347988.433514,0.0981,-3.4357848167419434,3.4676010608673096,0.0001,0.1173,4.1413,1.7694,2.9690,122.2500,enc,0.0005
1786347988.537486,0.1040,-3.1860029697418213,3.2499852180480957,0.0002,0.1094,4.1413,1.7694,2.9803,121.3125,enc,0.0002
1786347988.668483,0.1310,-3.583035469055176,3.551133394241333,-0.0001,0.1213,4.1413,1.7694,2.9962,120.3750,enc,0.0001
1786347988.767040,0.0986,-3.6820595264434814,3.4903335571289062,-0.0006,0.1219,4.1413,1.7693,3.0082,119.3125,enc,0.0006
1786347988.845804,0.0788,-3.6028897762298584,3.4748623371124268,-0.0004,0.1203,4.1414,1.7693,3.0177,118.3125,enc,0.0000
1786347988.955841,0.1100,-3.2813940048217773,3.185358762741089,-0.0003,0.1099,4.1414,1.7694,3.0298,117.3125,enc,-0.0005
1786347989.051715,0.0959,-3.7238175868988037,3.4356789588928223,-0.0008,0.1217,4.1415,1.7694,3.0415,116.2500,enc,-0.0007
1786347989.156678,0.1050,-3.3631012439727783,3.5551462173461914,0.0006,0.1176,4.1414,1.7694,3.0538,115.5000,enc,0.0000
1786347989.272715,0.1160,-2.863354206085205,3.24682879447937,0.0011,0.1039,4.1413,1.7694,3.0659,114.6875,enc,0.0000
1786347989.364345,0.0916,-3.4002511501312256,3.3685693740844727,-0.0001,0.1151,4.1413,1.7695,3.0764,113.6875,enc,-0.0001
1786347989.466551,0.1022,-3.539461374282837,3.4436440467834473,-0.0003,0.1187,4.1413,1.7694,3.0885,112.7500,enc,0.0008
1786347989.578017,0.1115,-3.544135808944702,3.1601107120513916,-0.0011,0.1140,4.1415,1.7693,3.1012,111.8125,enc,0.0009
1786347989.684532,0.1065,-3.211228132247925,3.432337760925293,0.0006,0.1129,4.1414,1.7692,3.1133,110.7500,enc,0.0001
1786347989.781111,0.0966,-3.652838945388794,3.461252450942993,-0.0006,0.1209,4.1414,1.7692,3.1250,109.8125,enc,0.0000
1786347989.885938,0.1048,-3.3921220302581787,3.453115463256836,0.0002,0.1164,4.1414,1.7693,3.1372,108.7500,enc,-0.0005
1786347989.987372,0.1014,-3.6646361351013184,3.4405617713928223,-0.0007,0.1208,4.1415,1.7693,3.1494,107.7500,enc,-0.0003
1786347990.092643,0.1053,-3.5998239517211914,3.5038132667541504,-0.0003,0.1207,4.1415,1.7693,3.1621,106.7500,enc,-0.0001
1786347990.195784,0.1031,-2.9578888416290283,3.2138895988464355,0.0008,0.1049,4.1414,1.7693,3.1729,106.0000,enc,0.0000
1786347990.298193,0.1024,-3.208080768585205,3.4949073791503906,0.0008,0.1139,4.1414,1.7694,3.1846,105.0625,enc,-0.0005
1786347990.409945,0.1118,-3.511261224746704,3.511261224746704,0.0000,0.1194,4.1414,1.7694,3.1979,104.1875,enc,0.0000
1786347990.509652,0.0997,-3.541550636291504,3.447093963623047,-0.0003,0.1188,4.1414,1.7693,3.2098,103.2500,enc,0.0005
1786347990.608131,0.0985,-3.2750279903411865,3.147334575653076,-0.0004,0.1092,4.1414,1.7693,3.2205,102.1875,enc,0.0000
1786347990.732399,0.1243,-3.5392906665802,3.5077781677246094,-0.0001,0.1198,4.1414,1.7693,3.2354,101.2500,enc,0.0001
1786347990.819581,0.0872,-3.62087082862854,3.462496042251587,-0.0005,0.1204,4.1415,1.7693,3.2459,100.1875,enc,0.0001
1786347990.921974,0.1024,-3.5418343544006348,3.4778647422790527,-0.0002,0.1193,4.1415,1.7693,3.2581,99.1875,enc,0.0002
1786347991.036972,0.1150,-3.1645121574401855,3.1965274810791016,0.0001,0.1081,4.1415,1.7693,3.2706,98.3125,enc,0.0001
1786347991.130702,0.0937,-3.5360448360443115,3.4726555347442627,-0.0002,0.1191,4.1415,1.7694,3.2817,97.1875,enc,-0.0006
1786347991.231109,0.1004,-3.2865867614746094,3.5733282566070557,0.0008,0.1166,4.1414,1.7694,3.2934,96.3750,enc,-0.0005
1786347991.355559,0.1244,-3.174783945083618,3.493067502975464,0.0009,0.1133,4.1413,1.7694,3.3076,95.5625,enc,-0.0004
1786347991.440278,0.0847,-3.355625629425049,3.040311574935913,-0.0009,0.1087,4.1414,1.7695,3.3168,94.6250,enc,-0.0007
1786347991.543009,0.1027,-3.3581295013427734,3.6142220497131348,0.0008,0.1185,4.1413,1.7694,3.3289,93.6250,enc,0.0009
1786347991.662044,0.1190,-3.659050464630127,3.4990055561065674,-0.0005,0.1217,4.1414,1.7694,3.3434,92.6875,enc,0.0003
1786347991.752393,0.0903,-3.4022305011749268,3.1460697650909424,-0.0008,0.1113,4.1414,1.7694,3.3535,91.6875,enc,-0.0004
1786347991.856126,0.1037,-3.3276915550231934,3.5513339042663574,0.0007,0.1169,4.1414,1.7693,3.3656,90.6875,enc,0.0005
1786347991.988347,0.1322,-3.479983329772949,3.511962652206421,0.0001,0.1188,4.1413,1.7694,3.3813,89.8125,enc,-0.0001
1786347992.060734,0.0724,-3.588547706604004,3.332388162612915,-0.0008,0.1176,4.1414,1.7694,3.3898,88.7500,enc,-0.0006
1786347992.160788,0.1001,-3.2293524742126465,3.389221429824829,0.0005,0.1125,4.1414,1.7693,3.4011,87.6875,enc,0.0008
1786347992.282028,0.1212,-3.540404796600342,3.508408546447754,-0.0001,0.1198,4.1414,1.7693,3.4156,86.8125,enc,0.0001
1786347992.369260,0.0872,-3.333508014678955,3.5575413703918457,0.0007,0.1171,4.1413,1.7693,3.4258,86.0625,enc,-0.0001
1786347992.474056,0.1048,-3.097217082977295,3.1604721546173096,0.0002,0.1064,4.1413,1.7693,3.4370,85.1250,enc,-0.0002
1786347992.593282,0.1192,-3.5445756912231445,3.4167323112487793,-0.0004,0.1183,4.1413,1.7693,3.4511,84.1875,enc,-0.0002
1786347992.679580,0.0863,-3.548597812652588,3.4532485008239746,-0.0003,0.1190,4.1414,1.7693,3.4614,83.2500,enc,0.0001
1786347992.783018,0.1034,-3.4445955753326416,3.507953405380249,0.0002,0.1182,4.1414,1.7693,3.4736,82.2500,enc,0.0002
1786347992.893853,0.1108,-3.184180736541748,3.2801802158355713,0.0003,0.1099,4.1413,1.7693,3.4858,81.3125,enc,-0.0001
1786347992.989653,0.0958,-3.564277172088623,3.5323052406311035,-0.0001,0.1206,4.1413,1.7693,3.4973,80.3750,enc,0.0001
1786347993.095341,0.1057,-3.5036699771881104,3.472005605697632,-0.0001,0.1186,4.1413,1.7693,3.5099,79.3125,enc,0.0001
1786347993.201716,0.1064,-3.5539793968200684,3.361997365951538,-0.0006,0.1176,4.1414,1.7694,3.5224,78.3125,enc,-0.0004
1786347993.300866,0.0992,-3.1409523487091064,3.461181879043579,0.0009,0.1122,4.1413,1.7693,3.5335,77.5000,enc,0.0006
1786347993.405405,0.1045,-3.405604362487793,3.5010993480682373,0.0003,0.1174,4.1413,1.7692,3.5458,76.6250,enc,0.0003
1786347993.508900,0.1035,-3.509244203567505,3.4453837871551514,-0.0002,0.1182,4.1413,1.7693,3.5580,75.8125,enc,-0.0004
1786347993.611772,0.1029,-3.204435110092163,3.076381206512451,-0.0004,0.1068,4.1413,1.7694,3.5690,74.8750,enc,-0.0006
1786347993.713839,0.1021,-3.517634153366089,3.4536211490631104,-0.0002,0.1185,4.1413,1.7694,3.5811,73.9375,enc,0.0000
1786347993.847468,0.1336,-3.509243965148926,3.541247844696045,0.0001,0.1198,4.1413,1.7693,3.5971,72.9375,enc,0.0003
1786347993.921969,0.0745,-3.2260069847106934,3.161972999572754,-0.0002,0.1086,4.1414,1.7693,3.6052,72.0000,enc,0.0000
1786347994.022346,0.1004,-3.509868860244751,3.5418784618377686,0.0001,0.1199,4.1413,1.7693,3.6172,71.0625,enc,0.0001
1786347994.132683,0.1103,-3.535745143890381,3.4723613262176514,-0.0002,0.1191,4.1414,1.7693,3.6303,69.9375,enc,-0.0002
1786347994.228983,0.0963,-3.5342061519622803,3.2781264781951904,-0.0008,0.1158,4.1414,1.7694,3.6415,69.0625,enc,-0.0004
1786347994.333219,0.1042,-3.126079797744751,3.412675380706787,0.0008,0.1111,4.1413,1.7694,3.6531,68.1875,enc,0.0001
1786347994.444850,0.1116,-3.4140727519989014,3.5090670585632324,0.0003,0.1177,4.1413,1.7693,3.6662,67.3125,enc,0.0006
1786347994.539436,0.0946,-3.481452465057373,3.545488119125366,0.0002,0.1194,4.1413,1.7693,3.6775,66.4375,enc,-0.0002
1786347994.643790,0.1044,-3.192990303039551,3.161010265350342,-0.0001,0.1080,4.1413,1.7693,3.6888,65.5625,enc,-0.0001
1786347994.751404,0.1076,-3.570518732070923,3.412040948867798,-0.0005,0.1187,4.1414,1.7693,3.7016,64.5000,enc,0.0001
1786347994.877815,0.1264,-3.5591230392456055,3.463491201400757,-0.0003,0.1194,4.1414,1.7693,3.7167,63.5625,enc,0.0001
1786347994.966855,0.0890,-3.5096335411071777,3.5416407585144043,0.0001,0.1199,4.1414,1.7693,3.7273,62.6250,enc,-0.0001
1786347995.058828,0.0920,-3.1177468299865723,3.1814212799072266,0.0002,0.1071,4.1414,1.7693,3.7372,61.6875,enc,0.0000
1786347995.159952,0.1011,-3.5010159015655518,3.5010159015655518,0.0000,0.1190,4.1414,1.7693,3.7492,60.6250,enc,-0.0002
1786347995.263780,0.1038,-3.573730945587158,3.4777064323425293,-0.0003,0.1199,4.1414,1.7693,3.7617,59.6875,enc,0.0005
1786347995.372333,0.1086,-3.37943696975708,3.251809597015381,-0.0004,0.1127,4.1414,1.7694,3.7739,58.8125,enc,-0.0006
1786347995.469990,0.0977,-3.273893117904663,3.594106674194336,0.0009,0.1167,4.1414,1.7693,3.7853,57.8750,enc,0.0008
1786347995.573997,0.1040,-3.4133665561676025,3.6374025344848633,0.0007,0.1198,4.1413,1.7692,3.7978,57.0625,enc,0.0001
1786347995.680852,0.1069,-3.5024309158325195,3.534132242202759,0.0001,0.1196,4.1413,1.7692,3.8105,56.1250,enc,-0.0001
1786347995.783439,0.1026,-3.363137722015381,3.1413965225219727,-0.0007,0.1106,4.1413,1.7693,3.8219,55.1250,enc,-0.0008
1786347995.884465,0.1010,-3.401435613632202,3.465468168258667,0.0002,0.1167,4.1413,1.7693,3.8337,54.1875,enc,0.0004
1786347996.023456,0.1390,-3.6541244983673096,3.494295120239258,-0.0005,0.1215,4.1414,1.7693,3.8506,53.2500,enc,-0.0001
1786347996.091746,0.0683,-3.5109946727752686,3.4159481525421143,-0.0003,0.1177,4.1414,1.7694,3.8586,52.2500,enc,-0.0001
1786347996.199598,0.1079,-3.2227067947387695,3.1268341541290283,-0.0003,0.1079,4.1414,1.7694,3.8702,51.2500,enc,0.0001
1786347996.360876,0.1613,-3.512300491333008,3.512300491333008,0.0000,0.1194,4.1414,1.7694,3.8895,50.3750,enc,0.0002
1786347996.515697,0.1548,-3.333326816558838,3.3965718746185303,0.0002,0.1144,4.1414,1.7693,3.9072,49.5000,enc,0.0002
1786347996.715429,0.1997,-3.4004056453704834,3.1443824768066406,-0.0008,0.1112,4.1415,1.7694,3.9294,48.6875,enc,-0.0002
1786347997.657664,0.9422,-3.068814277648926,3.580733060836792,0.0015,0.1130,4.1402,1.7687,4.0359,47.8125,enc,-0.0006
1786347997.659273,0.0016,-3.56792950630188,3.5039687156677246,-0.0002,0.1202,4.1402,1.7687,4.0361,46.8750,enc,0.0002
1786347998.034680,0.3754,-3.579005241394043,3.4835498332977295,-0.0003,0.1200,4.1404,1.7687,4.0812,45.8125,enc,0.0003
1786347998.409488,0.3748,-3.24550724029541,3.1816132068634033,-0.0002,0.1092,4.1405,1.7687,4.1221,44.8750,enc,0.0002
1786347998.681751,0.2723,-3.6269912719726562,3.530965566635132,-0.0003,0.1217,4.1406,1.7687,4.1553,43.9375,enc,0.0005
1786347998.987994,0.3062,-3.515040159225464,3.451554536819458,-0.0002,0.1184,4.1406,1.7688,4.1915,42.9375,enc,0.0000
1786347999.262942,0.2749,-3.531588077545166,3.3075132369995117,-0.0007,0.1163,4.1406,1.7690,4.2235,42.0000,enc,-0.0005
1786347999.359725,0.0968,-3.201770782470703,3.3295183181762695,0.0004,0.1110,4.1406,1.7689,4.2342,41.0625,enc,0.0004
1786347999.476655,0.1169,-3.3557934761047363,3.545916795730591,0.0006,0.1173,4.1406,1.7689,4.2480,40.1875,enc,0.0002
1786347999.651177,0.1745,-3.323434352874756,3.546790599822998,0.0007,0.1168,4.1405,1.7688,4.2683,39.3125,enc,-0.0005
1786347999.654342,0.0032,-3.1048402786254883,3.2008543014526367,0.0003,0.1072,4.1405,1.7688,4.2687,38.4375,enc,-0.0005
1786347999.753512,0.0992,-3.4446895122528076,3.476344585418701,0.0001,0.1176,4.1405,1.7688,4.2803,37.4375,enc,0.0005
1786347999.844061,0.0905,-3.5372157096862793,3.5372157096862793,0.0000,0.1203,4.1406,1.7687,4.2912,36.5000,enc,0.0006
1786347999.902284,0.0582,-3.5635907649993896,3.4997076988220215,-0.0002,0.1201,4.1406,1.7688,4.2982,35.5625,enc,0.0004
1786347999.955520,0.0532,-3.2211787700653076,3.1261351108551025,-0.0003,0.1079,4.1406,1.7688,4.3040,34.5000,enc,-0.0003
1786348000.064103,0.1086,-3.655226945877075,3.5272302627563477,-0.0004,0.1221,4.1406,1.7688,4.3172,33.5625,enc,-0.0002
1786348000.066747,0.0026,-3.658644437789917,3.49861741065979,-0.0005,0.1217,4.1406,1.7688,4.3175,32.6250,enc,-0.0003
1786348000.123717,0.0570,-3.400714635848999,3.1128907203674316,-0.0008,0.1107,4.1406,1.7689,4.3238,31.5000,enc,-0.0007
1786348000.180765,0.0570,-3.3029563426971436,3.4305102825164795,0.0004,0.1145,4.1406,1.7688,4.3304,30.6875,enc,0.0004
1786348000.240137,0.0594,-3.1075282096862793,3.584813356399536,0.0014,0.1138,4.1405,1.7688,4.3371,29.8750,enc,-0.0001
1786348000.257966,0.0178,-3.3821284770965576,3.477707862854004,0.0003,0.1166,4.1405,1.7688,4.3392,29.0000,enc,-0.0003
1786348000.282381,0.0244,-3.597949743270874,3.0598208904266357,-0.0016,0.1132,4.1406,1.7688,4.3420,27.9375,enc,0.0005
1786348000.333859,0.0515,-3.1814639568328857,3.629514217376709,0.0013,0.1158,4.1405,1.7687,4.3479,27.0000,enc,0.0002
1786348000.377267,0.0434,-3.5172455310821533,3.392261505126953,-0.0004,0.1174,4.1406,1.7687,4.3530,25.9375,enc,0.0000
1786348000.379747,0.0025,-3.6578495502471924,3.497857093811035,-0.0005,0.1216,4.1406,1.7688,4.3533,25.0000,enc,-0.0001
1786348000.417938,0.0382,-3.627427816390991,3.340597152709961,-0.0008,0.1184,4.1406,1.7688,4.3579,24.0625,enc,-0.0003
1786348000.458112,0.0402,-3.1040382385253906,3.3249945640563965,0.0006,0.1093,4.1406,1.7687,4.3622,23.0000,enc,0.0010
1786348000.460639,0.0025,-3.556973457336426,3.5250673294067383,-0.0001,0.1204,4.1406,1.7687,4.3626,22.0000,enc,-0.0005
1786348000.488370,0.0277,-3.3466849327087402,3.44052791595459,0.0003,0.1154,4.1406,1.7687,4.3657,21.0625,enc,-0.0005
1786348000.530194,0.0418,-3.0829734802246094,3.4608054161071777,0.0011,0.1112,4.1405,1.7687,4.3704,20.2500,enc,-0.0004
1786348000.532655,0.0025,-3.421759843826294,3.4856748580932617,0.0002,0.1174,4.1405,1.7687,4.3707,19.3750,enc,-0.0006
1786348000.577482,0.0448,-3.2901930809020996,3.069810152053833,-0.0006,0.1081,4.1406,1.7687,4.3755,18.3750,enc,0.0005
1786348000.580881,0.0034,-3.676499843597412,3.5486886501312256,-0.0004,0.1228,4.1406,1.7687,4.3760,17.3750,enc,0.0006
1786348000.630428,0.0495,-3.5959722995758057,3.5639548301696777,-0.0001,0.1217,4.1406,1.7687,4.3820,16.3750,enc,0.0001
1786348000.657185,0.0268,-3.539970636367798,3.4141790866851807,-0.0004,0.1182,4.1406,1.7687,4.3851,15.3750,enc,0.0006
1786348000.661568,0.0044,-3.397329568862915,3.1733341217041016,-0.0007,0.1117,4.1406,1.7687,4.3856,14.3750,enc,-0.0008
1786348000.691019,0.0295,-3.320235252380371,3.5433764457702637,0.0007,0.1167,4.1406,1.7687,4.3891,13.4375,enc,0.0007
1786348000.693212,0.0022,-3.501760482788086,3.501760482788086,0.0000,0.1190,4.1406,1.7687,4.3893,12.4375,enc,0.0002
1786348000.750889,0.0577,-3.3733839988708496,3.437389373779297,0.0002,0.1158,4.1406,1.7687,4.3960,11.6250,enc,-0.0004
1786348000.770787,0.0199,-2.8917789459228516,3.210951328277588,0.0009,0.1037,4.1406,1.7687,4.3981,10.7500,enc,-0.0009
1786348000.824626,0.0538,-3.4201622009277344,3.4835550785064697,0.0002,0.1173,4.1405,1.7687,4.4044,9.8125,enc,-0.0006
1786348000.861371,0.0367,-3.686544179916382,3.4945850372314453,-0.0006,0.1221,4.1406,1.7687,4.4089,8.8750,enc,0.0008
1786348000.963840,0.1025,-3.509640693664551,3.541407346725464,0.0001,0.1199,4.1406,1.7687,4.4212,7.8750,enc,0.0001
1786348001.075228,0.1114,-3.3044328689575195,3.1145622730255127,-0.0006,0.1091,4.1405,1.7688,4.4333,6.8750,enc,-0.0004
1786348001.171782,0.0966,-3.3618109226226807,3.5537822246551514,0.0006,0.1176,4.1406,1.7687,4.4447,5.9375,enc,0.0006
1786348001.273601,0.1018,-3.5334086418151855,3.4695913791656494,-0.0002,0.1190,4.1406,1.7687,4.4568,5.0000,enc,0.0000
1786348001.383520,0.1099,-3.537125825881958,3.537125825881958,0.0000,0.1202,4.1406,1.7687,4.4700,3.9375,enc,0.0000
1786348001.482682,0.0992,-3.331662893295288,3.2038328647613525,-0.0004,0.1111,4.1406,1.7688,4.4810,2.9375,enc,0.0002
1786348001.590696,0.1080,-3.536660671234131,3.5046982765197754,-0.0001,0.1197,4.1406,1.7688,4.4939,2.0000,enc,-0.0001
1786348001.690408,0.0997,-3.360081672668457,3.455787420272827,0.0003,0.1159,4.1406,1.7687,4.5055,1.1250,enc,0.0001
1786348001.790229,0.0998,-2.9882335662841797,3.1159324645996094,0.0004,0.1038,4.1406,1.7687,4.5159,0.3125,enc,-0.0004
1786348001.897794,0.1076,-2.13881516456604,2.266505718231201,0.0004,0.0749,4.1405,1.7687,4.5239,359.6250,enc,-0.0002
1786348001.999512,0.1017,-0.5444210171699524,0.6073993444442749,0.0002,0.0196,4.1405,1.7687,4.5259,359.3750,enc,0.0000
1786348002.101569,0.1021,-0.0584305077791214,-0.005381757393479347,-0.0002,0.0009,4.1405,1.7687,4.5260,359.3750,enc,-0.0002
1786348002.212880,0.1113,0.0,0.0,0.0000,0.0000,4.1405,1.7687,4.5260,359.3750,enc,0.0000
1786348002.312155,0.0993,0.0,0.0,0.0000,0.0000,4.1405,1.7687,4.5260,359.3750,enc,0.0000
1786348002.413121,0.1010,0.029322851449251175,0.0027007891330868006,0.0001,-0.0005,4.1405,1.7687,4.5259,359.4375,enc,-0.0001
1786348002.517957,0.1048,0.021576961502432823,0.23426415026187897,0.0008,0.0036,4.1405,1.7686,4.5263,359.4375,enc,0.0006
1786348002.622367,0.1044,0.1371012181043625,1.4885274171829224,0.0048,0.0230,4.1405,1.7681,4.5287,359.2500,enc,0.0000
1786348002.724681,0.1023,0.19168373942375183,2.0811376571655273,0.0067,0.0321,4.1403,1.7674,4.5320,359.0000,enc,-0.0003
1786348002.828456,0.1038,0.2078549712896347,2.256711006164551,0.0072,0.0348,4.1402,1.7667,4.5356,358.7500,enc,-0.0001
1786348002.932301,0.1038,0.13759635388851166,1.493903398513794,0.0048,0.0231,4.1401,1.7662,4.5380,358.5000,enc,0.0003
1786348003.034096,0.1018,0.032367534935474396,0.35141897201538086,0.0011,0.0054,4.1401,1.7661,4.5386,358.4375,enc,0.0000
1786348003.139843,0.1057,0.0,0.0,0.0000,0.0000,4.1401,1.7661,4.5386,358.4375,enc,0.0000
1786348003.245101,0.1053,0.0,0.0,0.0000,0.0000,4.1401,1.7661,4.5386,358.4375,enc,0.0000
1786348003.345206,0.1001,0.0,0.0,0.0000,0.0000,4.1401,1.7661,4.5386,358.4375,enc,0.0000
1786348003.450895,0.1057,0.026608766987919807,-0.026608766987919807,0.0000,-0.0009,4.1401,1.7661,4.5385,358.4375,enc,0.0000
1786348003.554358,0.1035,0.0,0.0,0.0000,0.0000,4.1401,1.7661,4.5385,358.4375,enc,0.0000
1786348003.656776,0.1024,0.0,0.0,0.0000,0.0000,4.1401,1.7661,4.5385,358.4375,enc,0.0000
1786348003.759511,0.1027,0.0,0.0,0.0000,0.0000,4.1401,1.7661,4.5385,358.4375,enc,0.0000
1786348003.865068,0.1056,0.0,0.0,0.0000,0.0000,4.1401,1.7661,4.5385,358.4375,enc,0.0000
1786348004.020248,0.1552,0.0,0.0,0.0000,0.0000,4.1401,1.7661,4.5385,358.4375,enc,0.0000
1786348004.071100,0.0509,0.0,0.0,0.0000,0.0000,4.1401,1.7661,4.5385,358.4375,enc,0.0000
1786348004.174590,0.1035,0.0,0.0,0.0000,0.0000,4.1401,1.7661,4.5385,358.4375,enc,0.0000
1786348004.277832,0.1032,0.0,0.0,0.0000,0.0000,4.1401,1.7661,4.5385,358.4375,enc,0.0000
1786348004.383339,0.1055,0.0,0.0,0.0000,0.0000,4.1401,1.7661,4.5385,358.4375,enc,0.0000
1786348004.484710,0.1014,0.0,0.0,0.0000,0.0000,4.1401,1.7661,4.5385,358.4375,enc,0.0000
1786348004.589473,0.1048,0.0,0.0,0.0000,0.0000,4.1401,1.7661,4.5385,358.4375,enc,0.0000
1786348004.691916,0.1024,0.0,0.0,0.0000,0.0000,4.1401,1.7661,4.5385,358.4375,enc,0.0000
1786348004.801059,0.1091,0.0,0.0,0.0000,0.0000,4.1401,1.7661,4.5385,358.4375,enc,0.0000
1786348004.905422,0.1044,0.0,0.0,0.0000,0.0000,4.1401,1.7661,4.5385,358.4375,enc,0.0000
1786348005.010766,0.1053,0.0,0.0,0.0000,0.0000,4.1401,1.7661,4.5385,358.4375,enc,0.0000
1786348005.110460,0.0997,0.0,0.0,0.0000,0.0000,4.1401,1.7661,4.5385,358.4375,enc,0.0000
1786348005.213969,0.1035,0.0,0.0,0.0000,0.0000,4.1401,1.7661,4.5385,358.4375,enc,0.0000
1786348005.318286,0.1043,0.0,0.0,0.0000,0.0000,4.1401,1.7661,4.5385,358.4375,enc,0.0000
1786348005.425794,0.1075,0.0,0.0,0.0000,0.0000,4.1401,1.7661,4.5385,358.4375,enc,0.0000
1786348005.524287,0.0985,0.0,0.0,0.0000,0.0000,4.1401,1.7661,4.5385,358.4375,enc,0.0000
1786348005.631556,0.1073,0.0,0.0,0.0000,0.0000,4.1401,1.7661,4.5385,358.4375,enc,0.0000
1786348005.739615,0.1081,0.0,0.0,0.0000,0.0000,4.1401,1.7661,4.5385,358.4375,enc,0.0000
1786348005.838366,0.0988,0.0,0.0,0.0000,0.0000,4.1401,1.7661,4.5385,358.4375,enc,0.0000
1786348005.945505,0.1071,0.0,0.0,0.0000,0.0000,4.1401,1.7661,4.5385,358.4375,enc,0.0000
1786348006.047482,0.1020,0.0,0.0,0.0000,0.0000,4.1401,1.7661,4.5385,358.4375,enc,0.0000
1786348006.148879,0.1014,0.0,0.0,0.0000,0.0000,4.1401,1.7661,4.5385,358.4375,enc,0.0000
1786348006.253247,0.1044,0.0,0.0,0.0000,0.0000,4.1401,1.7661,4.5385,358.4375,enc,0.0000
1786348006.355578,0.1023,0.0,0.0,0.0000,0.0000,4.1401,1.7661,4.5385,358.4375,enc,0.0000
1786348006.457714,0.1021,0.0,0.0,0.0000,0.0000,4.1401,1.7661,4.5385,358.4375,enc,0.0000
1786348006.563171,0.1055,0.0,0.0,0.0000,0.0000,4.1401,1.7661,4.5385,358.4375,enc,0.0000
1786348006.664851,0.1017,0.0,0.0,0.0000,0.0000,4.1401,1.7661,4.5385,358.4375,enc,0.0000
1786348006.770234,0.1054,-0.029296893626451492,-0.002698398195207119,-0.0001,0.0005,4.1401,1.7661,4.5385,358.4375,enc,0.0001
1786348006.873350,0.1031,-2.8572282791137695,-2.0965425968170166,-0.0145,0.0129,4.1402,1.7676,4.5399,358.1875,enc,-0.0010
1786348006.974830,0.1015,-8.867568969726562,-7.670863151550293,-0.0485,0.0203,4.1410,1.7724,4.5419,358.0000,enc,-0.0010
1786348007.078420,0.1036,-13.050148963928223,-12.386836051940918,-0.0746,0.0113,4.1423,1.7801,4.5431,357.8750,enc,-0.0003
1786348007.182840,0.1044,-13.178848266601562,-12.941959381103516,-0.0766,0.0040,4.1436,1.7879,4.5435,357.7500,enc,0.0003
1786348007.286654,0.1038,-14.205976486206055,-14.444419860839844,-0.0840,-0.0041,4.1450,1.7966,4.5431,357.8750,enc,-0.0007
1786348007.389855,0.1032,-13.949760437011719,-14.188727378845215,-0.0825,-0.0041,4.1465,1.8049,4.5427,357.7500,enc,0.0001
1786348007.493188,0.1033,-13.462394714355469,-13.010010719299316,-0.0776,0.0077,4.1480,1.8128,4.5435,357.8125,enc,0.0018
1786348007.595810,0.1026,-11.834253311157227,-12.41787338256836,-0.0711,-0.0099,4.1490,1.8201,4.5424,357.8125,enc,-0.0028
1786348007.701257,0.1054,-14.3005952835083,-12.412324905395508,-0.0783,0.0321,4.1504,1.8282,4.5458,357.7500,enc,0.0005
1786348007.804058,0.1028,-19.393369674682617,-7.017946720123291,-0.0774,0.2104,4.1517,1.8361,4.5675,356.5625,enc,0.0016
1786348007.906173,0.1021,-22.909423828125,-1.0375080108642578,-0.0702,0.3718,4.1525,1.8432,4.6054,353.5000,enc,0.0004
1786348008.009244,0.1031,-28.4910888671875,0.08026854693889618,-0.0833,0.4857,4.1530,1.8517,4.6555,349.8750,enc,0.0005
1786348008.114056,0.1048,-25.155298233032227,-4.105276584625244,-0.0858,0.3578,4.1532,1.8607,4.6930,346.6250,enc,-0.0001
1786348008.216081,0.1020,-17.52474021911621,-9.039261817932129,-0.0779,0.1442,4.1530,1.8687,4.7077,345.0625,enc,-0.0019
1786348008.320078,0.1040,-11.859105110168457,-11.380112648010254,-0.0681,0.0081,4.1529,1.8758,4.7085,344.6250,enc,-0.0011
1786348008.425153,0.1051,-11.45457935333252,-13.811983108520508,-0.0741,-0.0401,4.1530,1.8836,4.7043,345.1250,enc,0.0001
1786348008.526136,0.1010,-12.18880558013916,-14.031604766845703,-0.0769,-0.0313,4.1532,1.8913,4.7012,345.3125,enc,0.0013
1786348008.631436,0.1053,-12.46237850189209,-12.648528099060059,-0.0736,-0.0032,4.1532,1.8991,4.7008,345.3750,enc,-0.0016
1786348008.738445,0.1070,-13.127236366271973,-13.074495315551758,-0.0768,0.0009,4.1535,1.9073,4.7009,345.5000,enc,0.0022
1786348008.843101,0.1047,-17.66281509399414,-8.732718467712402,-0.0774,0.1518,4.1536,1.9154,4.7168,344.5625,enc,0.0018
1786348008.949681,0.1066,-24.285091400146484,-2.149617910385132,-0.0775,0.3763,4.1534,1.9237,4.7569,342.0000,enc,0.0011
1786348009.044457,0.0948,-25.583297729492188,0.23025083541870117,-0.0743,0.4388,4.1528,1.9307,4.7985,338.3125,enc,-0.0004
1786348009.148763,0.1043,-26.25176239013672,-2.9990336894989014,-0.0858,0.3952,4.1516,1.9395,4.8397,335.0625,enc,-0.0004
1786348009.250524,0.1018,-18.769733428955078,-8.338129043579102,-0.0795,0.1773,4.1502,1.9475,4.8578,333.0000,enc,-0.0016
1786348009.378100,0.1276,-13.208415031433105,-11.293806076049805,-0.0718,0.0325,4.1487,1.9566,4.8619,332.6875,enc,-0.0011
1786348009.481021,0.1029,-10.799047470092773,-13.778733253479004,-0.0721,-0.0506,4.1476,1.9639,4.8567,332.8750,enc,-0.0008
1786348009.566778,0.0858,-12.21981430053711,-14.124201774597168,-0.0772,-0.0324,4.1467,1.9705,4.8539,333.3125,enc,0.0006
1786348009.670684,0.1039,-12.749330520629883,-13.787156105041504,-0.0778,-0.0176,4.1457,1.9785,4.8521,333.4375,enc,0.0008
1786348009.773414,0.1027,-12.024184226989746,-12.181806564331055,-0.0710,-0.0027,4.1446,1.9857,4.8518,333.4375,enc,-0.0002
1786348009.877771,0.1044,-13.432147026062012,-13.273941993713379,-0.0783,0.0027,4.1436,1.9938,4.8521,333.3125,enc,0.0006
1786348009.977947,0.1002,-13.301310539245605,-13.301310539245605,-0.0780,0.0000,4.1425,2.0015,4.8521,333.4375,enc,0.0006
1786348010.080266,0.1023,-13.181139945983887,-13.128562927246094,-0.0771,0.0009,4.1414,2.0093,4.8522,333.3125,enc,-0.0004
1786348010.185869,0.1056,-12.7174654006958,-12.084668159484863,-0.0727,0.0108,4.1401,2.0169,4.8533,333.1250,enc,-0.0020
1786348010.289701,0.1038,-12.746277809143066,-13.300130844116211,-0.0764,-0.0094,4.1392,2.0248,4.8524,333.3125,enc,0.0025
1786348010.393984,0.1043,-13.190694808959961,-13.269726753234863,-0.0776,-0.0013,4.1381,2.0328,4.8522,333.2500,enc,-0.0003
1786348010.502495,0.1085,-13.347280502319336,-13.320919036865234,-0.0782,0.0004,4.1369,2.0412,4.8523,333.0625,enc,0.0001
1786348010.601832,0.0993,-13.29340934753418,-12.38830280303955,-0.0753,0.0154,4.1359,2.0486,4.8538,333.3125,enc,0.0006
1786348010.702170,0.1003,-12.190558433532715,-13.095248222351074,-0.0741,-0.0154,4.1348,2.0560,4.8523,333.3125,enc,-0.0006
1786348010.809757,0.1076,-13.25925064086914,-13.101966857910156,-0.0773,0.0027,4.1336,2.0642,4.8525,333.1250,enc,-0.0002
1786348010.913204,0.1034,-13.419085502624512,-13.525497436523438,-0.0790,-0.0018,4.1325,2.0723,4.8524,333.3125,enc,-0.0002
1786348011.015188,0.1020,-12.004616737365723,-12.004616737365723,-0.0704,0.0000,4.1314,2.0794,4.8524,333.1875,enc,-0.0006
1786348011.174523,0.1593,-13.30905818939209,-13.229601860046387,-0.0778,0.0014,4.1296,2.0917,4.8526,333.0625,enc,-0.0005
1786348011.224714,0.0502,-13.397701263427734,-13.424278259277344,-0.0786,-0.0005,4.1291,2.0956,4.8525,333.2500,enc,0.0005
1786348011.437134,0.2124,-13.11617660522461,-13.11617660522461,-0.0769,0.0000,4.1267,2.1118,4.8525,333.1250,enc,-0.0006
1786348011.590539,0.1534,-12.136689186096191,-12.110132217407227,-0.0711,0.0005,4.1252,2.1226,4.8526,333.1250,enc,-0.0001
1786348011.617775,0.0272,-13.501181602478027,-13.448092460632324,-0.0790,0.0009,4.1249,2.1247,4.8526,333.0625,enc,0.0007
1786348011.693683,0.0759,-13.093648910522461,-13.172669410705566,-0.0770,-0.0013,4.1240,2.1305,4.8525,333.1250,enc,-0.0008
1786348011.866074,0.1724,-13.160968780517578,-13.082396507263184,-0.0769,0.0013,4.1221,2.1436,4.8528,333.0625,enc,-0.0005
1786348011.927392,0.0613,-12.736448287963867,-12.13075065612793,-0.0729,0.0103,4.1214,2.1480,4.8534,332.9375,enc,-0.0012
1786348011.966948,0.0396,-12.57123851776123,-13.255340576171875,-0.0757,-0.0116,4.1210,2.1510,4.8529,332.9375,enc,0.0019
1786348012.057625,0.0907,-13.356430053710938,-13.436263084411621,-0.0786,-0.0014,4.1200,2.1580,4.8528,332.9375,enc,-0.0001
1786348012.155215,0.0976,-13.586487770080566,-13.426841735839844,-0.0792,0.0027,4.1190,2.1657,4.8531,332.8125,enc,0.0004
1786348012.256178,0.1010,-14.226425170898438,-10.20665168762207,-0.0716,0.0683,4.1180,2.1729,4.8600,332.6875,enc,0.0008
1786348012.364305,0.1081,-20.35517692565918,-5.74125337600708,-0.0765,0.2484,4.1166,2.1810,4.8868,330.7500,enc,0.0003
1786348012.462737,0.0984,-21.36701774597168,-5.922933578491211,-0.0800,0.2625,4.1149,2.1887,4.9127,328.6250,enc,-0.0008
1786348012.567428,0.1047,-15.896106719970703,-8.78938102722168,-0.0724,0.1208,4.1132,2.1961,4.9253,327.2500,enc,-0.0010
1786348012.684240,0.1168,-14.140442848205566,-12.555243492126465,-0.0783,0.0269,4.1113,2.2050,4.9285,326.9375,enc,0.0004
1786348012.775571,0.0913,-12.79065227508545,-13.908416748046875,-0.0783,-0.0190,4.1099,2.2121,4.9267,327.0000,enc,0.0015
1786348012.877654,0.1021,-12.623674392700195,-13.7296142578125,-0.0773,-0.0188,4.1083,2.2198,4.9248,327.1250,enc,0.0000
1786348012.991722,0.1141,-11.860638618469238,-12.362083435058594,-0.0710,-0.0085,4.1065,2.2277,4.9238,327.1875,enc,-0.0001
1786348013.085402,0.0937,-13.169580459594727,-13.461938858032227,-0.0781,-0.0050,4.1051,2.2348,4.9234,327.2500,enc,0.0005
1786348013.189253,0.1039,-13.241806983947754,-13.215465545654297,-0.0776,0.0004,4.1033,2.2427,4.9234,327.1875,enc,-0.0010
1786348013.298837,0.1096,-11.409588813781738,-14.895852088928223,-0.0771,-0.0593,4.1015,2.2510,4.9169,327.3750,enc,-0.0006
1786348013.396606,0.0978,-4.728066444396973,-18.532941818237305,-0.0682,-0.2347,4.1003,2.2575,4.8940,329.1875,enc,0.0001
1786348013.503132,0.1065,-0.6108957529067993,-25.675554275512695,-0.0771,-0.4260,4.0991,2.2657,4.8486,332.1875,enc,-0.0004
1786348013.607322,0.1042,1.486350178718567,-29.55029296875,-0.0823,-0.5276,4.0984,2.2742,4.7936,336.3750,enc,-0.0004
1786348013.709149,0.1018,1.392754077911377,-29.37203025817871,-0.0820,-0.5229,4.0986,2.2826,4.7404,340.3750,enc,0.0045
1786348013.816455,0.1073,-3.370431661605835,-25.5544490814209,-0.0848,-0.3771,4.0984,2.2917,4.6999,343.8125,enc,-0.0036
1786348013.916460,0.1000,-8.841647148132324,-18.664369583129883,-0.0807,-0.1670,4.0987,2.2997,4.6832,345.8125,enc,0.0010
1786348014.017574,0.1011,-12.262535095214844,-12.901293754577637,-0.0738,-0.0109,4.0990,2.3072,4.6821,346.1875,enc,0.0011
1786348014.120581,0.1030,-12.409805297851562,-10.094536781311035,-0.0660,0.0394,4.0991,2.3140,4.6862,345.7500,enc,-0.0008
1786348014.226135,0.1056,-13.887592315673828,-11.652621269226074,-0.0749,0.0380,4.0992,2.3219,4.6902,345.0625,enc,-0.0011
1786348014.326139,0.1000,-13.657800674438477,-12.836166381835938,-0.0777,0.0140,4.0994,2.3297,4.6916,345.0625,enc,0.0001
1786348014.428765,0.1026,-12.44139289855957,-12.068984031677246,-0.0719,0.0063,4.0995,2.3370,4.6922,345.1250,enc,0.0002
1786348014.539449,0.1107,-16.695209503173828,-10.055313110351562,-0.0784,0.1129,4.0997,2.3457,4.7047,344.3750,enc,0.0006
1786348014.640028,0.1006,-22.841384887695312,-3.170724630355835,-0.0763,0.3344,4.0996,2.3534,4.7384,342.1250,enc,0.0014
1786348014.748229,0.1082,-28.3576602935791,0.35207027196884155,-0.0821,0.4880,4.0989,2.3622,4.7912,338.5625,enc,0.0001
1786348014.849888,0.1017,-27.362022399902344,1.5611357688903809,-0.0757,0.4916,4.0979,2.3699,4.8411,334.2500,enc,0.0001
1786348014.968249,0.1184,-29.280603408813477,0.16617734730243683,-0.0854,0.5005,4.0960,2.3798,4.9004,329.7500,enc,-0.0006
1786348015.170527,0.2023,-21.958263397216797,-5.510395050048828,-0.0805,0.2796,4.0917,2.3955,4.9569,326.8750,enc,-0.0017
1786348015.204331,0.0338,-14.381728172302246,-10.542688369750977,-0.0731,0.0653,4.0910,2.3979,4.9592,325.9375,enc,-0.0020
1786348015.262669,0.0583,-10.693835258483887,-12.254999160766602,-0.0673,-0.0265,4.0901,2.4017,4.9576,326.1250,enc,0.0001
1786348015.362751,0.1001,-11.619842529296875,-14.152911186218262,-0.0756,-0.0431,4.0883,2.4090,4.9533,326.5000,enc,0.0002
1786348015.471360,0.1086,-12.663997650146484,-13.887308120727539,-0.0779,-0.0208,4.0863,2.4173,4.9510,326.6250,enc,-0.0002
1786348015.570047,0.0987,-13.239033699035645,-13.106297492980957,-0.0772,0.0023,4.0846,2.4247,4.9513,326.7500,enc,0.0018
1786348015.682586,0.1125,-12.396089553833008,-12.874759674072266,-0.0741,-0.0081,4.0826,2.4328,4.9503,326.7500,enc,-0.0006
1786348015.775266,0.0927,-13.34961986541748,-13.163507461547852,-0.0777,0.0032,4.0809,2.4398,4.9506,326.6250,enc,0.0003
1786348015.878441,0.1032,-13.388848304748535,-13.283262252807617,-0.0782,0.0018,4.0791,2.4476,4.9508,326.4375,enc,0.0002
1786348015.997652,0.1192,-12.198197364807129,-12.251405715942383,-0.0717,-0.0009,4.0771,2.4560,4.9507,326.6250,enc,0.0006
1786348016.124950,0.1273,-13.173498153686523,-13.19981861114502,-0.0773,-0.0004,4.0748,2.4655,4.9507,326.5000,enc,-0.0001
1786348016.189748,0.0648,-13.323906898498535,-13.218332290649414,-0.0778,0.0018,4.0736,2.4704,4.9508,326.4375,enc,-0.0002
1786348016.319296,0.1295,-13.379127502441406,-13.458905220031738,-0.0787,-0.0014,4.0712,2.4803,4.9506,326.5000,enc,0.0007
1786348016.396860,0.0776,-11.981637954711914,-12.086947441101074,-0.0706,-0.0018,4.0699,2.4857,4.9505,326.6250,enc,0.0000
1786348016.500687,0.1038,-13.398736953735352,-13.240177154541016,-0.0781,0.0027,4.0680,2.4935,4.9507,326.3750,enc,-0.0002
1786348016.612381,0.1117,-13.421300888061523,-13.474411010742188,-0.0789,-0.0009,4.0660,2.5021,4.9506,326.4375,enc,0.0004
1786348016.708776,0.0964,-13.133747100830078,-13.239153861999512,-0.0773,-0.0018,4.0642,2.5094,4.9505,326.5625,enc,0.0002
1786348016.813671,0.1049,-12.617402076721191,-11.984850883483887,-0.0721,0.0108,4.0622,2.5167,4.9516,326.3125,enc,-0.0022
1786348016.940333,0.1267,-12.949532508850098,-13.455066680908203,-0.0774,-0.0086,4.0601,2.5262,4.9505,326.5000,enc,0.0018
1786348017.059536,0.1192,-13.074503898620605,-13.153599739074707,-0.0769,-0.0013,4.0580,2.5352,4.9503,326.5000,enc,0.0001
1786348017.129334,0.0698,-13.314982414245605,-13.208971977233887,-0.0778,0.0018,4.0566,2.5404,4.9505,326.4375,enc,-0.0007
1786348017.234997,0.1057,-12.245931625366211,-12.086237907409668,-0.0713,0.0027,4.0549,2.5477,4.9508,326.5000,enc,0.0000
1786348017.329848,0.0949,-13.183404922485352,-13.236201286315918,-0.0775,-0.0009,4.0531,2.5549,4.9507,326.3750,enc,-0.0004
1786348017.434523,0.1047,-13.255325317382812,-13.175999641418457,-0.0775,0.0013,4.0511,2.5627,4.9508,326.3750,enc,-0.0010
1786348017.554264,0.1197,-13.406820297241211,-12.928569793701172,-0.0772,0.0081,4.0491,2.5718,4.9518,326.5000,enc,0.0017
1786348017.641965,0.0877,-12.10931396484375,-12.689295768737793,-0.0727,-0.0099,4.0474,2.5779,4.9509,326.5625,enc,-0.0017
1786348017.746477,0.1045,-13.258552551269531,-13.152738571166992,-0.0774,0.0018,4.0455,2.5858,4.9511,326.5000,enc,-0.0004
1786348017.957363,0.2109,-13.500970840454102,-13.421133041381836,-0.0789,0.0014,4.0416,2.6020,4.9514,326.5625,enc,0.0003
1786348017.984113,0.0268,-13.216081619262695,-12.847058296203613,-0.0764,0.0063,4.0412,2.6040,4.9516,326.4375,enc,0.0022
1786348018.056366,0.0723,-11.958135604858398,-12.540019989013672,-0.0718,-0.0099,4.0398,2.6090,4.9508,326.4375,enc,-0.0024
1786348018.169172,0.1128,-13.504325866699219,-13.451098442077637,-0.0790,0.0009,4.0377,2.6176,4.9509,326.2500,enc,0.0004
1786348018.263229,0.0941,-13.32040023803711,-13.346760749816895,-0.0782,-0.0004,4.0360,2.6248,4.9509,326.5625,enc,0.0007
1786348018.366640,0.1034,-13.124800682067871,-13.230389595031738,-0.0773,-0.0018,4.0341,2.6326,4.9507,326.3750,enc,-0.0004
1786348018.478098,0.1115,-12.21386432647705,-12.10744857788086,-0.0713,0.0018,4.0322,2.6403,4.9509,326.3750,enc,-0.0006
1786348018.573809,0.0957,-13.346435546875,-13.293580055236816,-0.0781,0.0009,4.0305,2.6475,4.9510,326.5000,enc,0.0007
1786348018.676392,0.1026,-13.240951538085938,-13.320284843444824,-0.0779,-0.0013,4.0287,2.6553,4.9509,326.4375,enc,0.0010
1786348018.797001,0.1206,-13.160521507263184,-12.18244743347168,-0.0743,0.0166,4.0266,2.6640,4.9529,326.3750,enc,0.0003
1786348018.887630,0.0906,-12.184918403625488,-13.265179634094238,-0.0746,-0.0184,4.0250,2.6706,4.9512,326.3750,enc,0.0003
1786348018.991043,0.1034,-13.155294418334961,-13.23449420928955,-0.0774,-0.0013,4.0231,2.6784,4.9511,326.3750,enc,0.0003
1786348019.108001,0.1170,-13.259072303771973,-13.17972469329834,-0.0775,0.0013,4.0209,2.6872,4.9512,326.3125,enc,-0.0008
1786348019.197533,0.0895,-13.174055099487305,-13.200250625610352,-0.0773,-0.0004,4.0193,2.6939,4.9512,326.3125,enc,0.0003
1786348019.313709,0.1162,-12.061098098754883,-12.246978759765625,-0.0713,-0.0032,4.0174,2.7020,4.9508,326.3750,enc,0.0008
1786348019.411897,0.0982,-13.241658210754395,-13.267862319946289,-0.0777,-0.0004,4.0155,2.7094,4.9508,326.2500,enc,-0.0008
1786348019.509241,0.0973,-13.401541709899902,-13.29610538482666,-0.0783,0.0018,4.0137,2.7168,4.9510,326.1875,enc,0.0000
1786348019.618182,0.1089,-13.232940673828125,-13.259379386901855,-0.0777,-0.0004,4.0118,2.7250,4.9509,326.2500,enc,0.0008
1786348019.720516,0.1023,-13.244491577148438,-13.112969398498535,-0.0773,0.0022,4.0099,2.7327,4.9511,326.1250,enc,-0.0005
1786348019.851787,0.1313,-12.210918426513672,-12.078595161437988,-0.0712,0.0022,4.0077,2.7418,4.9514,326.1250,enc,-0.0001
1786348019.940424,0.0886,-12.984723091125488,-13.114334106445312,-0.0765,-0.0022,4.0061,2.7484,4.9512,326.2500,enc,0.0003
1786348020.031599,0.0912,-13.195561408996582,-13.16918659210205,-0.0773,0.0004,4.0044,2.7552,4.9513,326.1875,enc,-0.0010
1786348020.136032,0.1044,-13.443961143493652,-13.204606056213379,-0.0781,0.0041,4.0024,2.7631,4.9517,326.0625,enc,-0.0003
1786348020.238960,0.1029,-12.13703727722168,-12.24343204498291,-0.0715,-0.0018,4.0007,2.7703,4.9515,326.1250,enc,0.0002
1786348020.340073,0.1011,-13.181181907653809,-13.181181907653809,-0.0773,0.0000,3.9987,2.7779,4.9515,326.1250,enc,-0.0009
1786348020.444537,0.1045,-13.396949768066406,-13.37036418914795,-0.0785,0.0005,3.9967,2.7858,4.9516,326.1250,enc,-0.0007
1786348020.555563,0.1110,-13.346505165100098,-13.346505165100098,-0.0783,0.0000,3.9947,2.7943,4.9516,326.2500,enc,0.0006
1786348020.652796,0.0972,-12.512809753417969,-11.986532211303711,-0.0718,0.0089,3.9928,2.8010,4.9524,326.2500,enc,-0.0022
1786348020.756139,0.1033,-12.787883758544922,-13.265655517578125,-0.0764,-0.0081,3.9911,2.8087,4.9516,326.2500,enc,0.0017
1786348020.880224,0.1241,-13.379627227783203,-13.432320594787598,-0.0786,-0.0009,3.9889,2.8182,4.9515,326.1250,enc,0.0004
1786348020.962638,0.0824,-13.171016693115234,-13.223763465881348,-0.0774,-0.0009,3.9874,2.8244,4.9514,326.1875,enc,0.0000
1786348021.069892,0.1073,-12.636392593383789,-12.104917526245117,-0.0725,0.0090,3.9853,2.8319,4.9524,326.1875,enc,-0.0021
1786348021.172036,0.1021,-12.906618118286133,-13.222185134887695,-0.0766,-0.0054,3.9837,2.8396,4.9518,326.2500,enc,0.0024
1786348021.275171,0.1031,-16.050100326538086,-10.433845520019531,-0.0777,0.0955,3.9818,2.8473,4.9617,325.6875,enc,0.0007
1786348021.378525,0.1034,-21.352989196777344,-4.8375067710876465,-0.0768,0.2807,3.9796,2.8550,4.9907,323.5625,enc,0.0006
1786348021.493287,0.1148,-20.538246154785156,-5.000667095184326,-0.0749,0.2641,3.9768,2.8631,5.0210,321.2500,enc,-0.0026
1786348021.595151,0.1019,-16.745689392089844,-9.589784622192383,-0.0772,0.1216,3.9745,2.8706,5.0334,319.6875,enc,0.0020
1786348021.688556,0.0934,-13.999490737915039,-12.855298042297363,-0.0787,0.0194,3.9722,2.8776,5.0352,319.6875,enc,0.0005
1786348021.792680,0.1041,-12.562087059020996,-12.774847030639648,-0.0743,-0.0036,3.9698,2.8850,5.0348,319.7500,enc,0.0004
1786348021.899365,0.1067,-11.803187370300293,-13.93197250366211,-0.0755,-0.0362,3.9672,2.8926,5.0310,319.8750,enc,-0.0002
1786348022.006616,0.1073,-12.969477653503418,-13.714225769042969,-0.0782,-0.0127,3.9647,2.9006,5.0296,320.0625,enc,0.0008
1786348022.128565,0.1219,-12.880782127380371,-13.784493446350098,-0.0782,-0.0154,3.9617,2.9097,5.0277,320.1875,enc,0.0002
1786348022.209368,0.0808,-8.036802291870117,-15.413098335266113,-0.0688,-0.1254,3.9600,2.9149,5.0176,320.7500,enc,-0.0011
1786348022.320604,0.1112,-4.328086853027344,-21.80130386352539,-0.0766,-0.2970,3.9576,2.9231,4.9846,322.9375,enc,-0.0009
1786348022.493548,0.1729,-6.708798885345459,-21.164682388305664,-0.0817,-0.2457,3.9544,2.9369,4.9421,325.1250,enc,0.0002
1786348022.520097,0.0265,-10.68542766571045,-16.134387969970703,-0.0786,-0.0926,3.9540,2.9389,4.9396,326.2500,enc,0.0042
1786348022.627435,0.1073,-11.894028663635254,-12.921568870544434,-0.0728,-0.0175,3.9521,2.9465,4.9377,326.4375,enc,-0.0021
1786348022.729418,0.1020,-14.565064430236816,-11.634604454040527,-0.0768,0.0498,3.9503,2.9541,4.9428,326.0625,enc,-0.0003
1786348022.827945,0.0985,-19.18269157409668,-6.589115619659424,-0.0756,0.2141,3.9485,2.9614,4.9639,324.8750,enc,0.0007
1786348022.934440,0.1065,-25.156248092651367,-1.08000648021698,-0.0769,0.4092,3.9461,2.9692,5.0075,321.7500,enc,-0.0002
1786348023.042295,0.1079,-29.383831024169922,0.6326892375946045,-0.0843,0.5102,3.9430,2.9777,5.0625,318.0625,enc,0.0001
1786348023.139009,0.0967,-27.873607635498047,1.9927064180374146,-0.0759,0.5077,3.9402,2.9845,5.1116,313.3125,enc,0.0008
1786348023.250494,0.1115,-27.3188533782959,-1.2615803480148315,-0.0838,0.4429,3.9361,2.9929,5.1610,309.5000,enc,0.0000
1786348023.347419,0.0969,-19.563539505004883,-7.3150529861450195,-0.0788,0.2082,3.9326,2.9997,5.1812,307.2500,enc,-0.0012
1786348023.454187,0.1068,-13.846034049987793,-18.41168785095215,-0.0946,-0.0776,3.9259,3.0077,5.1729,306.5625,enc,-0.0231
1786348023.647187,0.1930,-9.612192153930664,-5.2343621253967285,-0.0435,0.0744,3.9255,3.0169,5.1873,307.0000,enc,0.0205
1786348023.730703,0.0835,-11.62595272064209,-13.56761360168457,-0.0739,-0.0330,3.9227,3.0224,5.1845,307.3750,enc,-0.0008
1786348023.874202,0.1435,-12.911778450012207,-13.894538879394531,-0.0786,-0.0167,3.9176,3.0325,5.1821,307.1875,enc,0.0005
1786348023.999739,0.1255,-11.6893892288208,-14.925341606140137,-0.0780,-0.0550,3.9133,3.0413,5.1752,307.6250,enc,0.0001
1786348024.038916,0.0392,-5.187962532043457,-20.225801467895508,-0.0745,-0.2556,3.9120,3.0439,5.1652,309.3750,enc,-0.0007
1786348024.100685,0.0618,-0.46820008754730225,-23.69964027404785,-0.0709,-0.3949,3.9101,3.0478,5.1408,312.2500,enc,-0.0005
1786348024.193776,0.0931,1.076785922050476,-29.212223052978516,-0.0825,-0.5149,3.9073,3.0550,5.0929,316.6875,enc,0.0005
1786348024.294208,0.1004,1.9997200965881348,-31.207029342651367,-0.0856,-0.5644,3.9047,3.0632,5.0362,321.1250,enc,0.0009
1786348024.414466,0.1203,1.3403222560882568,-30.560195922851562,-0.0857,-0.5422,3.9020,3.0731,4.9710,325.5000,enc,0.0001
1786348024.545235,0.1308,-3.2256264686584473,-23.34539031982422,-0.0779,-0.3420,3.9000,3.0831,4.9262,328.5625,enc,0.0009
1786348024.601924,0.0567,-8.816550254821777,-17.76079750061035,-0.0779,-0.1520,3.8992,3.0875,4.9176,330.1875,enc,0.0021
1786348024.717006,0.1151,-13.584134101867676,-11.189383506774902,-0.0726,0.0407,3.8976,3.0957,4.9223,330.3125,enc,0.0008
1786348024.804054,0.0870,-18.03043556213379,-4.063099384307861,-0.0648,0.2374,3.8963,3.1012,4.9430,328.4375,enc,0.0003
1786348024.902467,0.0984,-26.001785278320312,-0.2152063399553299,-0.0769,0.4383,3.8942,3.1084,4.9861,325.0625,enc,-0.0003
1786348025.005550,0.1031,-28.690980911254883,-0.17310898005962372,-0.0846,0.4847,3.8914,3.1167,5.0361,321.3750,enc,0.0000
1786348025.117312,0.1118,-22.701250076293945,-4.646380424499512,-0.0802,0.3069,3.8880,3.1250,5.0704,318.1250,enc,-0.0031
1786348025.217530,0.1002,-15.821778297424316,-9.669414520263672,-0.0747,0.1046,3.8854,3.1320,5.0809,317.0000,enc,0.0009
1786348025.315924,0.0984,-12.456877708435059,-12.934200286865234,-0.0745,-0.0081,3.8826,3.1388,5.0801,316.7500,enc,-0.0009
1786348025.422705,0.1068,-11.908413887023926,-14.117233276367188,-0.0763,-0.0375,3.8798,3.1464,5.0761,317.0625,enc,0.0003
1786348025.525275,0.1026,-11.968722343444824,-12.678909301757812,-0.0723,-0.0121,3.8772,3.1534,5.0748,317.3750,enc,0.0001
1786348025.629007,0.1037,-9.454867362976074,-15.822713851928711,-0.0741,-0.1082,3.8746,3.1606,5.0636,317.8125,enc,0.0006
1786348025.734914,0.1059,-5.025786399841309,-20.885316848754883,-0.0760,-0.2696,3.8720,3.1682,5.0350,319.5625,enc,-0.0003
1786348025.836607,0.1017,-5.208266258239746,-21.698156356811523,-0.0789,-0.2803,3.8696,3.1759,5.0065,322.2500,enc,-0.0006
1786348025.950396,0.1138,-9.534011840820312,-18.574216842651367,-0.0824,-0.1537,3.8670,3.1849,4.9890,323.6250,enc,-0.0002
1786348026.043515,0.0931,-12.438023567199707,-12.304974555969238,-0.0726,0.0023,3.8653,3.1914,4.9893,324.1250,enc,0.0008
1786348026.147849,0.1043,-19.551855087280273,-6.050750732421875,-0.0751,0.2295,3.8630,3.1989,5.0132,322.5000,enc,0.0011
1786348026.255072,0.1072,-23.214937210083008,-3.126199960708618,-0.0772,0.3415,3.8603,3.2067,5.0498,319.9375,enc,-0.0005
1786348026.356117,0.1010,-19.69527816772461,-6.664273738861084,-0.0773,0.2215,3.8573,3.2140,5.0722,317.9375,enc,-0.0017
1786348026.457828,0.1017,-14.076112747192383,-11.284547805786133,-0.0744,0.0475,3.8545,3.2210,5.0770,317.0000,enc,-0.0014
1786348026.563309,0.1055,-12.773953437805176,-13.624138832092285,-0.0774,-0.0145,3.8516,3.2286,5.0755,317.1875,enc,-0.0004
1786348026.667086,0.1038,-12.55005931854248,-14.221221923828125,-0.0785,-0.0284,3.8488,3.2363,5.0725,317.3750,enc,0.0010
1786348026.770158,0.1031,-11.68203353881836,-12.498764038085938,-0.0709,-0.0139,3.8463,3.2431,5.0711,317.3750,enc,0.0003
1786348026.877784,0.1076,-13.079334259033203,-13.530797004699707,-0.0780,-0.0077,3.8433,3.2510,5.0703,317.6250,enc,0.0001
1786348026.979706,0.1019,-13.27566909790039,-13.355210304260254,-0.0781,-0.0014,3.8406,3.2585,5.0702,317.5625,enc,0.0008
1786348027.079483,0.0998,-13.293575286865234,-13.161880493164062,-0.0776,0.0022,3.8379,3.2657,5.0704,317.2500,enc,-0.0001
1786348027.186624,0.1071,-12.138298034667969,-12.111806869506836,-0.0711,0.0005,3.8353,3.2729,5.0704,317.4375,enc,0.0001
1786348027.288402,0.1018,-13.269102096557617,-13.374829292297363,-0.0781,-0.0018,3.8325,3.2803,5.0702,317.5000,enc,0.0007
1786348027.390704,0.1023,-13.683760643005371,-13.02528190612793,-0.0783,0.0112,3.8297,3.2878,5.0714,317.3125,enc,-0.0001
1786348027.497085,0.1064,-17.934810638427734,-8.596277236938477,-0.0778,0.1587,3.8267,3.2956,5.0883,316.5000,enc,0.0005
1786348027.595106,0.0980,-19.236785888671875,-4.869415760040283,-0.0707,0.2442,3.8241,3.3019,5.1122,314.4375,enc,0.0004
1786348027.700810,0.1057,-19.096248626708984,-8.239419937133789,-0.0802,0.1845,3.8206,3.3097,5.1317,312.6875,enc,-0.0002
1786348027.820174,0.1194,-15.244812965393066,-11.581070899963379,-0.0787,0.0623,3.8167,3.3182,5.1392,311.8125,enc,0.0002
1786348027.908029,0.0879,-13.103134155273438,-12.308934211730957,-0.0745,0.0135,3.8140,3.3242,5.1403,311.9375,enc,-0.0006
1786348028.013373,0.1053,-11.496941566467285,-13.758843421936035,-0.0741,-0.0384,3.8107,3.3313,5.1363,312.0625,enc,-0.0003
1786348028.118347,0.1050,-12.858549118041992,-13.649338722229004,-0.0777,-0.0134,3.8075,3.3387,5.1349,312.0000,enc,0.0007
1786348028.219691,0.1013,-13.465719223022461,-13.652030944824219,-0.0795,-0.0032,3.8042,3.3461,5.1346,312.0625,enc,0.0003
1786348028.322755,0.1031,-11.893514633178711,-11.998885154724121,-0.0701,-0.0018,3.8011,3.3527,5.1344,312.1875,enc,-0.0009
1786348028.428373,0.1056,-13.172454833984375,-13.251567840576172,-0.0775,-0.0013,3.7978,3.3601,5.1342,312.1250,enc,0.0003
1786348028.528215,0.0998,-13.535392761230469,-13.455541610717773,-0.0791,0.0014,3.7946,3.3674,5.1344,312.0000,enc,0.0007
1786348028.632557,0.1043,-13.12812614440918,-13.233487129211426,-0.0773,-0.0018,3.7913,3.3747,5.1342,312.1250,enc,-0.0007
1786348028.737442,0.1049,-13.010383605957031,-12.113747596740723,-0.0737,0.0152,3.7881,3.3817,5.1358,312.1875,enc,-0.0004
1786348028.853665,0.1162,-12.076240539550781,-13.061213493347168,-0.0737,-0.0167,3.7846,3.3896,5.1338,312.0000,enc,0.0003
1786348028.943824,0.0902,-6.917993068695068,-7.075194358825684,-0.0410,-0.0027,3.7831,3.3929,5.1336,312.0625,enc,0.0004
1786348029.062005,0.1182,-0.5874425172805786,-0.7199916839599609,-0.0038,-0.0023,3.7830,3.3934,5.1333,312.1875,enc,0.0005
1786348029.151626,0.0896,0.09874977916479111,0.12536592781543732,0.0007,0.0005,3.7830,3.3933,5.1334,312.1875,enc,0.0003
1786348029.253819,0.1022,0.0,0.0,0.0000,0.0000,3.7830,3.3933,5.1334,312.1875,enc,0.0000
1786348029.376568,0.1227,0.0,0.0,0.0000,0.0000,3.7830,3.3933,5.1334,312.1875,enc,0.0000
1786348029.491137,0.1146,0.0,0.0,0.0000,0.0000,3.7830,3.3933,5.1334,312.1875,enc,0.0000
1786348029.564819,0.0737,-0.031679265201091766,-0.031679265201091766,-0.0002,0.0000,3.7830,3.3933,5.1334,312.1875,enc,0.0000
1786348029.682876,0.1181,0.0,0.0,0.0000,0.0000,3.7830,3.3933,5.1334,312.1875,enc,0.0000
1786348029.772356,0.0895,0.0,0.0,0.0000,0.0000,3.7830,3.3933,5.1334,312.1875,enc,0.0000
1786348029.876045,0.1037,0.0,0.0,0.0000,0.0000,3.7830,3.3933,5.1334,312.1875,enc,0.0000
1786348029.981778,0.1057,0.0,0.0,0.0000,0.0000,3.7830,3.3933,5.1334,312.1875,enc,0.0000
1786348030.083435,0.1017,0.0,0.0,0.0000,0.0000,3.7830,3.3933,5.1334,312.1875,enc,0.0000
1786348030.187184,0.1037,0.0,0.0,0.0000,0.0000,3.7830,3.3933,5.1334,312.1875,enc,0.0000
1786348030.311036,0.1239,0.0,0.0,0.0000,0.0000,3.7830,3.3933,5.1334,312.1875,enc,0.0000
1786348030.405456,0.0944,0.0,0.0,0.0000,0.0000,3.7830,3.3933,5.1334,312.1875,enc,0.0000
1786348030.503254,0.0978,0.0,0.0,0.0000,0.0000,3.7830,3.3933,5.1334,312.1875,enc,0.0000
1786348030.618708,0.1155,0.0,0.0,0.0000,0.0000,3.7830,3.3933,5.1334,312.1875,enc,0.0000
1786348030.707124,0.0884,0.0,0.0,0.0000,0.0000,3.7830,3.3933,5.1334,312.1875,enc,0.0000
1786348030.811317,0.1042,0.0,0.0,0.0000,0.0000,3.7830,3.3933,5.1334,312.1875,enc,0.0000
1786348030.939776,0.1285,0.0,0.0,0.0000,0.0000,3.7830,3.3933,5.1334,312.1875,enc,0.0000
1786348031.019294,0.0795,0.0,0.0,0.0000,0.0000,3.7830,3.3933,5.1334,312.1875,enc,0.0000
1786348031.119115,0.0998,0.0,0.0,0.0000,0.0000,3.7830,3.3933,5.1334,312.1875,enc,0.0000
1786348031.231536,0.1124,0.0,0.0,0.0000,0.0000,3.7830,3.3933,5.1334,312.1875,enc,0.0000
1786348031.330300,0.0988,0.0,0.0,0.0000,0.0000,3.7830,3.3933,5.1334,312.1875,enc,0.0000
1786348031.451820,0.1215,0.0,0.0,0.0000,0.0000,3.7830,3.3933,5.1334,312.1875,enc,0.0000
1786348031.547302,0.0955,0.0,0.0,0.0000,0.0000,3.7830,3.3933,5.1334,312.1875,enc,0.0000
1786348031.640295,0.0930,0.0,0.0,0.0000,0.0000,3.7830,3.3933,5.1334,312.1875,enc,0.0000
1786348031.750784,0.1105,0.0,0.0,0.0000,0.0000,3.7830,3.3933,5.1334,312.1875,enc,0.0000
1786348031.855946,0.1052,0.0,0.0,0.0000,0.0000,3.7830,3.3933,5.1334,312.1875,enc,0.0000
1786348031.959867,0.1039,0.0,0.0,0.0000,0.0000,3.7830,3.3933,5.1334,312.1875,enc,0.0000
1786348032.068772,0.1089,-0.1241268441081047,-0.09777376055717468,-0.0007,0.0004,3.7830,3.3934,5.1334,312.1875,enc,-0.0001
1786348032.171423,0.1027,-2.9944756031036377,-2.756739854812622,-0.0169,0.0040,3.7821,3.3949,5.1338,312.1875,enc,-0.0016
1786348032.379062,0.2076,-9.02492904663086,-8.678943634033203,-0.0519,0.0059,3.7775,3.4047,5.1350,312.1250,enc,-0.0008
1786348032.431932,0.0529,-11.786507606506348,-11.706790924072266,-0.0689,0.0014,3.7760,3.4080,5.1351,312.1250,enc,0.0001
1786348032.469700,0.0378,-14.380655288696289,-14.380655288696289,-0.0843,0.0000,3.7747,3.4109,5.1351,311.9375,enc,0.0000
1786348032.584310,0.1146,-14.397013664245605,-14.37041187286377,-0.0844,0.0005,3.7708,3.4197,5.1352,312.0000,enc,-0.0001
1786348032.678361,0.0941,-13.913919448852539,-14.020200729370117,-0.0819,-0.0018,3.7677,3.4268,5.1350,312.0625,enc,0.0007
1786348032.776194,0.0978,-12.237472534179688,-12.131683349609375,-0.0715,0.0018,3.7648,3.4331,5.1352,311.7500,enc,-0.0002
1786348032.879863,0.1037,-13.122891426086426,-13.149494171142578,-0.0770,-0.0005,3.7614,3.4404,5.1351,311.9375,enc,-0.0008
1786348032.988705,0.1088,-12.98459243774414,-13.116096496582031,-0.0765,-0.0022,3.7580,3.4480,5.1349,312.0000,enc,0.0001
1786348033.087264,0.0986,-13.273640632629395,-13.221074104309082,-0.0777,0.0009,3.7549,3.4550,5.1350,311.8750,enc,0.0002
1786348033.209147,0.1219,-12.226709365844727,-12.200095176696777,-0.0716,0.0005,3.7513,3.4630,5.1350,311.9375,enc,0.0003
1786348033.298567,0.0894,-13.103972434997559,-13.235722541809082,-0.0772,-0.0022,3.7486,3.4693,5.1348,311.9375,enc,0.0008
1786348033.405993,0.1074,-13.360462188720703,-13.38690185546875,-0.0784,-0.0004,3.7451,3.4770,5.1348,311.8125,enc,0.0001
1786348033.502532,0.0965,-13.331870079040527,-12.852867126464844,-0.0768,0.0081,3.7422,3.4838,5.1356,311.8750,enc,0.0013
1786348033.608891,0.1064,-11.945911407470703,-12.525657653808594,-0.0718,-0.0099,3.7389,3.4907,5.1345,311.8750,enc,-0.0017
1786348033.708953,0.1001,-13.300007820129395,-13.273614883422852,-0.0779,0.0004,3.7357,3.4978,5.1346,311.6875,enc,0.0003
1786348033.814393,0.1054,-13.416509628295898,-13.469727516174316,-0.0788,-0.0009,3.7323,3.5054,5.1345,311.8125,enc,-0.0002
1786348033.929538,0.1151,-13.23157787322998,-12.72602367401123,-0.0761,0.0086,3.7289,3.5134,5.1355,311.8125,enc,0.0018
1786348034.019301,0.0898,-12.125557899475098,-12.626144409179688,-0.0726,-0.0085,3.7261,3.5193,5.1347,311.5625,enc,-0.0016
1786348034.144357,0.1251,-13.538044929504395,-13.538044929504395,-0.0794,0.0000,3.7221,3.5284,5.1347,311.6875,enc,0.0002
1786348034.236174,0.0918,-13.097674369812012,-13.229361534118652,-0.0772,-0.0022,3.7191,3.5349,5.1345,311.6875,enc,-0.0003
1786348034.332699,0.0965,-13.381144523620605,-13.275618553161621,-0.0782,0.0018,3.7161,3.5418,5.1347,311.5000,enc,0.0007
1786348034.435040,0.1023,-12.843995094299316,-11.673238754272461,-0.0719,0.0199,3.7131,3.5485,5.1367,311.6250,enc,0.0000
1786348034.540660,0.1056,-17.489042282104492,-8.10905933380127,-0.0751,0.1594,3.7097,3.5556,5.1535,310.3750,enc,-0.0003
1786348034.765127,0.2245,-24.431913375854492,-1.9598718881607056,-0.0774,0.3820,3.7011,3.5708,5.2393,307.6250,enc,0.0010
1786348034.825844,0.0607,-28.74125099182129,0.780144989490509,-0.0820,0.5018,3.6985,3.5750,5.2698,303.8750,enc,0.0008
1786348034.884746,0.0589,-27.760251998901367,1.6646318435668945,-0.0765,0.5002,3.6961,3.5788,5.2992,299.1250,enc,0.0006
1786348034.959295,0.0745,-29.93610191345215,2.094973087310791,-0.0816,0.5445,3.6925,3.5837,5.3398,294.9375,enc,-0.0002
1786348035.074125,0.1148,-29.668094635009766,1.9290372133255005,-0.0813,0.5371,3.6865,3.5908,5.4015,290.1875,enc,-0.0009
1786348035.165581,0.0915,-29.374807357788086,1.9255179166793823,-0.0805,0.5320,3.6815,3.5962,5.4501,286.0000,enc,-0.0007
1786348035.267843,0.1023,-29.08653450012207,1.8533798456192017,-0.0799,0.5259,3.6757,3.6020,5.5039,282.0000,enc,0.0003
1786348035.380496,0.1127,-27.436918258666992,1.5448188781738281,-0.0759,0.4926,3.6690,3.6073,5.5594,277.6875,enc,-0.0041
1786348035.477578,0.0971,-27.720693588256836,1.9714717864990234,-0.0755,0.5047,3.6635,3.6123,5.6084,273.5625,enc,0.0049
1786348035.579872,0.1023,-29.12236213684082,1.8805789947509766,-0.0799,0.5270,3.6569,3.6171,5.6623,269.1875,enc,0.0005
1786348035.703563,0.1237,-29.056228637695312,1.8152501583099365,-0.0799,0.5248,3.6485,3.6222,5.7272,264.6875,enc,-0.0003
1786348035.818059,0.1145,-26.583389282226562,1.5267629623413086,-0.0735,0.4778,3.6411,3.6262,5.7819,260.8125,enc,-0.0006
1786348035.961175,0.1431,-29.326993942260742,1.5713576078414917,-0.0814,0.5252,3.6305,3.6310,5.8571,256.6875,enc,-0.0007
1786348036.008329,0.0472,-29.059215545654297,1.669464111328125,-0.0803,0.5223,3.6270,3.6324,5.8817,252.5625,enc,-0.0007
1786348036.105216,0.0969,-29.108203887939453,1.7778143882751465,-0.0801,0.5250,3.6197,3.6351,5.9326,248.0625,enc,0.0003
1786348036.211753,0.1065,-26.584712982177734,1.649082899093628,-0.0731,0.4799,3.6123,3.6374,5.9837,244.1250,enc,0.0005
1786348036.322656,0.1109,-28.682594299316406,1.665035605430603,-0.0792,0.5158,3.6037,3.6397,6.0409,239.6875,enc,0.0009
1786348036.407438,0.0848,-29.337854385375977,1.714935541152954,-0.0810,0.5278,3.5970,3.6411,6.0857,235.5000,enc,0.0007
1786348036.513033,0.1056,-28.578123092651367,2.473388195037842,-0.0765,0.5278,3.5890,3.6422,6.1414,231.3750,enc,0.0003
1786348036.617651,0.1046,-20.551715850830078,7.733348369598389,-0.0376,0.4808,3.5851,3.6426,6.1917,226.7500,enc,0.0005
1786348036.718678,0.1010,-14.729090690612793,12.94676685333252,-0.0052,0.4704,3.5846,3.6426,6.2392,222.8750,enc,-0.0007
1786348036.821837,0.1032,-5.409648418426514,10.062506675720215,0.0136,0.2630,3.5860,3.6424,6.2664,220.6875,enc,-0.0015
1786348036.930531,0.1087,3.5578548908233643,7.389925003051758,0.0321,0.0651,3.5895,3.6423,6.2735,219.8750,enc,-0.0004
1786348037.035268,0.1047,10.691825866699219,10.188305854797363,0.0612,-0.0086,3.5959,3.6423,6.2726,219.7500,enc,0.0003
1786348037.132827,0.0976,20.189096450805664,18.9925479888916,0.1149,-0.0203,3.6071,3.6422,6.2706,219.8750,enc,0.0008
1786348037.238109,0.1053,26.268287658691406,25.5231990814209,0.1519,-0.0127,3.6231,3.6421,6.2692,220.0625,enc,0.0008
1786348037.337928,0.0998,26.052860260009766,25.814634323120117,0.1521,-0.0040,3.6383,3.6419,6.2688,220.0000,enc,0.0003
1786348037.443916,0.1060,29.240188598632812,29.426437377929688,0.1720,0.0032,3.6565,3.6417,6.2692,219.7500,enc,0.0003
1786348037.546905,0.1030,27.932275772094727,28.327516555786133,0.1650,0.0067,3.6735,3.6415,6.2699,220.1250,enc,0.0007
1786348037.650472,0.1036,24.908790588378906,29.37419319152832,0.1592,0.0759,3.6900,3.6414,6.2777,219.5625,enc,-0.0006
1786348037.754874,0.1044,17.111513137817383,31.01169204711914,0.1411,0.2363,3.7047,3.6416,6.3024,218.0625,enc,-0.0005
1786348037.861918,0.1070,10.705902099609375,39.13695526123047,0.1461,0.4833,3.7203,3.6427,6.3541,214.3125,enc,0.0002
1786348037.962153,0.1002,9.412559509277344,42.74222183227539,0.1529,0.5665,3.7355,3.6447,6.4109,209.5625,enc,0.0001
1786348038.071234,0.1091,10.020808219909668,44.7469367980957,0.1606,0.5903,3.7527,3.6480,6.4753,205.0000,enc,-0.0007
1786348038.171834,0.1006,10.528914451599121,42.18321228027344,0.1546,0.5381,3.7680,3.6511,6.5294,200.2500,enc,-0.0067
1786348038.274320,0.1025,10.294022560119629,41.50731658935547,0.1519,0.5306,3.7827,3.6563,6.5838,196.1250,enc,0.0056
1786348038.454592,0.1803,12.615312576293945,41.73602294921875,0.1594,0.4950,3.8092,3.6672,6.6730,191.8750,enc,-0.0001
1786348038.607136,0.1525,18.20343017578125,36.11879348754883,0.1593,0.3045,3.8313,3.6774,6.7195,189.2500,enc,-0.0006
1786348038.672703,0.0656,22.677114486694336,26.870439529418945,0.1453,0.0713,3.8398,3.6816,6.7242,188.0625,enc,0.0022
1786348038.707344,0.0346,25.498769760131836,25.261552810668945,0.1488,-0.0040,3.8446,3.6836,6.7240,188.0625,enc,-0.0033
1786348038.808388,0.1010,27.842416763305664,24.679960250854492,0.1540,-0.0538,3.8587,3.6902,6.7186,188.5625,enc,0.0003
1786348039.206204,0.3978,27.259592056274414,24.910266876220703,0.1530,-0.0399,3.9142,3.7151,6.7027,188.8750,enc,0.0003
1786348039.206277,0.0001,24.598918914794922,23.774961471557617,0.1418,-0.0140,3.9142,3.7151,6.7027,189.0000,enc,0.0005
1786348039.309594,0.1033,26.125728607177734,26.203643798828125,0.1534,0.0013,3.9287,3.7216,6.7028,188.9375,enc,0.0003
1786348039.313474,0.0039,26.650184631347656,26.96933937072754,0.1572,0.0054,3.9292,3.7219,6.7029,188.9375,enc,0.0002
1786348039.367192,0.0537,26.64534568786621,26.91004180908203,0.1570,0.0045,3.9369,3.7253,6.7031,189.0625,enc,0.0000
1786348039.430454,0.0633,27.338348388671875,25.864065170288086,0.1560,-0.0251,3.9459,3.7293,6.7015,189.1875,enc,0.0006
1786348039.521277,0.0908,30.15427017211914,19.54381561279297,0.1457,-0.1804,3.9579,3.7350,6.6851,190.0000,enc,0.0053
1786348039.639529,0.1183,33.82343673706055,17.3851375579834,0.1502,-0.2794,3.9747,3.7409,6.6521,192.6875,enc,-0.0045
1786348039.753368,0.1138,33.335662841796875,19.84575653076172,0.1559,-0.2293,3.9913,3.7470,6.6260,194.9375,enc,0.0013
1786348039.831237,0.0779,29.638704299926758,24.29068946838379,0.1581,-0.0909,4.0029,3.7511,6.6189,195.7500,enc,0.0008
1786348039.942885,0.1116,24.115299224853516,24.16846466064453,0.1416,0.0009,4.0179,3.7563,6.6190,196.1250,enc,0.0004
1786348040.037838,0.0950,25.891841888427734,27.860124588012695,0.1576,0.0335,4.0320,3.7613,6.6222,195.7500,enc,-0.0008
1786348040.139140,0.1013,26.012147903442383,27.526756286621094,0.1570,0.0257,4.0470,3.7666,6.6248,195.5625,enc,-0.0001
1786348040.252361,0.1132,26.318769454956055,26.132766723632812,0.1538,-0.0032,4.0636,3.7719,6.6244,195.3125,enc,-0.0044
1786348040.349613,0.0973,24.48104476928711,25.599063873291016,0.1468,0.0190,4.0769,3.7770,6.6263,195.2500,enc,0.0026
1786348040.450976,0.1014,26.681079864501953,26.44264793395996,0.1558,-0.0041,4.0918,3.7822,6.6259,195.4375,enc,-0.0005
1786348040.562287,0.1113,26.76972007751465,26.531349182128906,0.1563,-0.0041,4.1082,3.7881,6.6254,195.3750,enc,0.0001
1786348040.659499,0.0972,26.337970733642578,24.13245391845703,0.1480,-0.0375,4.1217,3.7929,6.6218,195.3750,enc,0.0002
1786348040.762646,0.1031,24.389707565307617,26.35297203063965,0.1488,0.0334,4.1362,3.7980,6.6252,195.5000,enc,0.0000
1786348040.867267,0.1046,26.628965377807617,26.576120376586914,0.1560,-0.0009,4.1515,3.8036,6.6251,195.5625,enc,0.0009
1786348040.969081,0.1018,26.46563148498535,26.46563148498535,0.1552,0.0000,4.1664,3.8089,6.6251,195.5625,enc,-0.0002
1786348041.072055,0.1030,26.553665161132812,24.5313663482666,0.1498,-0.0344,4.1810,3.8141,6.6216,195.6875,enc,0.0006
1786348041.178788,0.1067,24.357221603393555,26.365163803100586,0.1487,0.0341,4.1959,3.8194,6.6252,195.6250,enc,0.0002
1786348041.280851,0.1021,26.385988235473633,26.359716415405273,0.1547,-0.0004,4.2108,3.8247,6.6252,195.6875,enc,0.0001
1786348041.382873,0.1020,26.673337936401367,26.80636978149414,0.1568,0.0023,4.2258,3.8301,6.6254,195.7500,enc,0.0007
1786348041.489581,0.1067,25.47971534729004,24.522897720336914,0.1466,-0.0163,4.2405,3.8357,6.6237,195.5625,enc,0.0032
1786348041.589094,0.0995,25.557584762573242,26.648578643798828,0.1531,0.0185,4.2549,3.8404,6.6255,195.7500,enc,-0.0038
1786348041.692578,0.1035,26.806629180908203,26.886194229125977,0.1574,0.0014,4.2703,3.8458,6.6257,195.5625,enc,-0.0007
1786348041.798181,0.1056,27.415576934814453,33.217281341552734,0.1778,0.0986,4.2872,3.8543,6.6361,195.5000,enc,0.0195
1786348041.899268,0.1011,23.63062286376953,17.72344970703125,0.1213,-0.1004,4.2995,3.8564,6.6259,195.6250,enc,-0.0205
1786348042.002139,0.1029,26.622516632080078,26.464336395263672,0.1557,-0.0027,4.3145,3.8618,6.6257,195.6875,enc,0.0000
1786348042.114474,0.1123,26.7840576171875,26.810657501220703,0.1571,0.0005,4.3312,3.8677,6.6257,195.6875,enc,0.0001
1786348042.210288,0.0958,26.354509353637695,26.354509353637695,0.1546,0.0000,4.3451,3.8728,6.6257,195.6875,enc,0.0004
1786348042.315082,0.1048,23.03923225402832,23.46230125427246,0.1363,0.0072,4.3585,3.8778,6.6265,194.5000,enc,0.0021
1786348042.418651,0.1036,24.554275512695312,25.24605369567871,0.1460,0.0118,4.3727,3.8830,6.6277,191.9375,enc,0.0009
1786348042.522338,0.1037,24.916501998901367,24.837717056274414,0.1459,-0.0013,4.3869,3.8881,6.6275,190.1250,enc,0.0006
1786348042.624588,0.1022,26.40367889404297,26.35077476501465,0.1547,-0.0009,4.4018,3.8935,6.6274,187.6250,enc,0.0002
1786348042.736066,0.1115,23.99439811706543,24.260414123535156,0.1415,0.0045,4.4166,3.8990,6.6280,185.0625,enc,0.0017
1786348042.832823,0.0968,26.482593536376953,26.482593536376953,0.1553,0.0000,4.4307,3.9040,6.6280,182.8750,enc,-0.0004
1786348042.935739,0.1029,26.775020599365234,26.669361114501953,0.1567,-0.0018,4.4460,3.9092,6.6278,180.0625,enc,-0.0030
1786348043.049321,0.1136,26.56076431274414,24.299034118652344,0.1491,-0.0384,4.4621,3.9146,6.6234,177.5000,enc,-0.0022
1786348043.144754,0.0954,24.619150161743164,26.32159423828125,0.1494,0.0289,4.4756,3.9191,6.6262,174.4375,enc,-0.0038
1786348043.288273,0.1435,26.49845314025879,26.17919158935547,0.1545,-0.0054,4.4966,3.9262,6.6254,172.1875,enc,-0.0021
1786348043.479727,0.1915,26.325929641723633,25.77566909790039,0.1528,-0.0094,4.5242,3.9359,6.6236,169.7500,enc,-0.0008
1786348043.597844,0.1181,24.161163330078125,23.629310607910156,0.1401,-0.0090,4.5398,3.9413,6.6225,168.8125,enc,-0.0002
1786348043.742029,0.1442,26.489885330200195,26.278474807739258,0.1547,-0.0036,4.5607,3.9493,6.6220,169.6875,enc,0.0037
1786348043.848497,0.1065,26.685075759887695,26.8979549407959,0.1571,0.0036,4.5763,3.9551,6.6224,170.0000,enc,0.0030
1786348043.919285,0.0708,26.34049415588379,26.81451416015625,0.1559,0.0081,4.5867,3.9589,6.6230,169.1250,enc,0.0011
1786348043.995644,0.0764,25.155662536621094,24.390460968017578,0.1453,-0.0130,4.5970,3.9630,6.6220,169.8125,enc,0.0062
1786348043.999838,0.0042,23.334869384765625,26.7849063873291,0.1470,0.0586,4.5976,3.9632,6.6222,170.6250,enc,-0.0022
1786348044.106467,0.1066,13.5547456741333,26.350534439086914,0.1170,0.2175,4.6092,3.9678,6.6454,170.0000,enc,0.0013
1786348044.220976,0.1145,-0.6446916460990906,22.44246482849121,0.0639,0.3924,4.6160,3.9705,6.6903,169.7500,enc,-0.0011
1786348044.631639,0.4107,-8.785784721374512,16.308137893676758,0.0221,0.4265,4.6238,3.9752,6.8655,168.0625,enc,-0.0010
1786348044.785974,0.1543,-14.340888977050781,14.403985977172852,0.0002,0.4886,4.6235,3.9756,6.9409,165.3750,enc,0.0035
1786348044.796266,0.0103,-15.932758331298828,14.467473983764648,-0.0043,0.5167,4.6234,3.9756,6.9462,162.4375,enc,0.0032
1786348044.845850,0.0496,-15.813750267028809,14.918341636657715,-0.0026,0.5224,4.6232,3.9756,6.9721,159.7500,enc,0.0028
1786348044.962569,0.1167,-14.08458137512207,13.89263916015625,-0.0006,0.4756,4.6232,3.9756,7.0276,156.5625,enc,0.0006
1786348045.115812,0.1532,-15.052536010742188,15.660279273986816,0.0018,0.5221,4.6233,3.9759,7.1076,153.4375,enc,0.0003
1786348045.120610,0.0048,-14.973093032836914,15.57977294921875,0.0018,0.5193,4.6233,3.9759,7.1101,150.5000,enc,-0.0003
1786348045.183275,0.0627,-15.055915832519531,14.255314826965332,-0.0023,0.4982,4.6233,3.9757,7.1414,146.8125,enc,-0.0008
1786348045.186580,0.0033,-13.850818634033203,16.122222900390625,0.0067,0.5095,4.6233,3.9757,7.1430,142.0625,enc,-0.0020
1786348045.215341,0.0288,-15.877262115478516,15.973284721374512,0.0003,0.5414,4.6235,3.9756,7.1586,138.0000,enc,-0.0078
1786348045.318504,0.1032,-15.550175666809082,15.838398933410645,0.0008,0.5335,4.6239,3.9754,7.2137,133.6875,enc,-0.0044
1786348045.420526,0.1020,-14.009089469909668,13.787238121032715,-0.0007,0.4725,4.6240,3.9752,7.2619,129.6250,enc,-0.0021
1786348045.542769,0.1222,-15.070385932922363,15.197916030883789,0.0004,0.5145,4.6240,3.9753,7.3248,125.1250,enc,0.0006
1786348045.649090,0.1063,-15.230448722839355,15.102422714233398,-0.0004,0.5156,4.6239,3.9753,7.3796,121.1875,enc,0.0006
1786348045.741773,0.0927,-14.94918155670166,14.885886192321777,-0.0002,0.5071,4.6238,3.9753,7.4266,117.2500,enc,0.0009
1786348045.836811,0.0950,-13.757457733154297,13.725578308105469,-0.0001,0.4672,4.6238,3.9753,7.4710,112.7500,enc,0.0005
1786348045.937690,0.1009,-15.182271003723145,15.21426010131836,0.0001,0.5167,4.6239,3.9753,7.5231,108.8125,enc,-0.0008
1786348046.041600,0.1039,-15.110837936401367,15.1741943359375,0.0002,0.5148,4.6238,3.9753,7.5766,104.6250,enc,0.0004
1786348046.147037,0.1054,-15.089337348937988,15.184584617614746,0.0003,0.5146,4.6238,3.9754,7.6308,100.3125,enc,0.0001
1786348046.247769,0.1007,-13.80398178100586,13.80398178100586,0.0000,0.4693,4.6238,3.9754,7.6781,96.1875,enc,0.0006
1786348046.352530,0.1048,-15.135997772216797,15.040722846984863,-0.0003,0.5129,4.6238,3.9754,7.7319,92.0625,enc,0.0001
1786348046.457538,0.1050,-15.164081573486328,15.068296432495117,-0.0003,0.5139,4.6238,3.9753,7.7858,87.6875,enc,-0.0003
1786348046.559417,0.1019,-15.345575332641602,13.65405559539795,-0.0050,0.4929,4.6237,3.9748,7.8360,83.5000,enc,0.0005
1786348046.662924,0.1035,-13.672287940979004,15.333781242370605,0.0049,0.4930,4.6237,3.9753,7.8871,79.7500,enc,0.0000
1786348046.839290,0.1764,-15.045585632324219,15.14072322845459,0.0003,0.5131,4.6238,3.9754,7.9776,75.2500,enc,-0.0003
1786348047.009557,0.1703,-15.175596237182617,15.112013816833496,-0.0002,0.5148,4.6238,3.9753,8.0652,71.5000,enc,0.0000
1786348047.087554,0.0780,-15.03619384765625,15.16298770904541,0.0004,0.5133,4.6238,3.9754,8.1053,67.3750,enc,0.0000
1786348047.261794,0.1742,-15.155511856079102,13.42848014831543,-0.0051,0.4859,4.6241,3.9746,8.1899,63.0000,enc,-0.0003
1786348047.321548,0.0598,-13.531583786010742,15.249917030334473,0.0050,0.4892,4.6240,3.9748,8.2192,59.0625,enc,-0.0002
1786348047.343859,0.0223,-14.863313674926758,15.051715850830078,0.0006,0.5085,4.6240,3.9749,8.2305,54.5000,enc,0.0000
1786348047.408612,0.0648,-15.23082447052002,15.070816040039062,-0.0005,0.5151,4.6240,3.9748,8.2638,50.7500,enc,-0.0003
1786348047.499015,0.0904,-15.060319900512695,15.218817710876465,0.0005,0.5147,4.6240,3.9749,8.3104,46.5625,enc,0.0003
1786348047.612784,0.1138,-13.818830490112305,13.628352165222168,-0.0006,0.4665,4.6241,3.9748,8.3635,42.2500,enc,-0.0006
1786348047.702980,0.0902,-15.158687591552734,15.286739349365234,0.0004,0.5175,4.6240,3.9748,8.4101,38.1875,enc,0.0008
1786348047.806255,0.1033,-15.225730895996094,15.193717002868652,-0.0001,0.5171,4.6240,3.9748,8.4635,34.0625,enc,-0.0005
1786348047.917401,0.1111,-15.33809757232666,14.410698890686035,-0.0027,0.5057,4.6244,3.9748,8.5197,29.7500,enc,-0.0023
1786348048.090919,0.1735,-13.726872444152832,14.686954498291016,0.0028,0.4830,4.6237,3.9748,8.6035,25.6875,enc,0.0028
1786348048.122144,0.0312,-15.089252471923828,15.025588035583496,-0.0002,0.5119,4.6237,3.9748,8.6195,21.7500,enc,-0.0002
1786348048.248613,0.1265,-15.152705192565918,15.088772773742676,-0.0002,0.5140,4.6238,3.9748,8.6845,17.1250,enc,0.0000
1786348048.329213,0.0806,-13.894060134887695,13.766334533691406,-0.0004,0.4702,4.6238,3.9747,8.7224,13.3125,enc,0.0002
1786348048.429153,0.0999,-15.205521583557129,15.014863967895508,-0.0006,0.5137,4.6238,3.9747,8.7738,9.2500,enc,0.0002
1786348048.536218,0.1071,-15.160905838012695,15.160905838012695,0.0000,0.5154,4.6238,3.9747,8.8290,4.9375,enc,-0.0002
1786348048.650967,0.1147,-15.07663631439209,15.204218864440918,0.0004,0.5147,4.6238,3.9748,8.8880,0.7500,enc,-0.0004
1786348048.739146,0.0882,-15.199893951416016,13.707374572753906,-0.0044,0.4914,4.6241,3.9746,8.9313,356.5000,enc,-0.0001
1786348048.848336,0.1092,-13.496272087097168,15.043846130371094,0.0045,0.4851,4.6237,3.9748,8.9843,352.3125,enc,0.0001
1786348048.952750,0.1044,-15.184427261352539,15.344511032104492,0.0005,0.5189,4.6237,3.9748,9.0385,348.0625,enc,-0.0001
1786348049.051599,0.0988,-15.092182159423828,15.123870849609375,0.0001,0.5136,4.6236,3.9748,9.0893,344.3750,enc,0.0005
1786348049.163260,0.1117,-15.073220252990723,15.104813575744629,0.0001,0.5130,4.6236,3.9748,9.1465,339.8750,enc,0.0001
1786348049.256851,0.0936,-13.905524253845215,13.745460510253906,-0.0005,0.4700,4.6237,3.9747,9.1905,336.1875,enc,0.0003
1786348049.359797,0.1029,-15.166561126708984,15.23037338256836,0.0002,0.5167,4.6236,3.9747,9.2437,332.0000,enc,0.0002
1786348049.467772,0.1080,-15.19357681274414,15.225589752197266,0.0001,0.5171,4.6236,3.9748,9.2996,327.6875,enc,-0.0005
1786348049.565930,0.0982,-14.484855651855469,13.780516624450684,-0.0021,0.4805,4.6238,3.9750,9.3467,323.7500,enc,-0.0026
1786348049.669053,0.1031,-14.444513320922852,15.308062553405762,0.0025,0.5057,4.6236,3.9748,9.3989,319.4375,enc,0.0023
1786348049.778649,0.1096,-15.203469276428223,15.139435768127441,-0.0002,0.5158,4.6236,3.9748,9.4554,315.7500,enc,-0.0006
1786348049.888533,0.1099,-15.152449607849121,15.248095512390137,0.0003,0.5167,4.6236,3.9748,9.5122,311.2500,enc,0.0007
1786348049.984534,0.0960,-14.600549697875977,14.29564380645752,-0.0009,0.4912,4.6237,3.9748,9.5593,306.9375,enc,-0.0004
1786348050.090195,0.1057,-15.292692184448242,13.82019329071045,-0.0043,0.4949,4.6241,3.9749,9.6116,302.8750,enc,0.0004
1786348050.192674,0.1025,-13.751249313354492,15.415870666503906,0.0049,0.4958,4.6236,3.9748,9.6624,298.6250,enc,-0.0006
1786348050.298753,0.1061,-15.0040864944458,14.877299308776855,-0.0004,0.5079,4.6237,3.9748,9.7163,294.3125,enc,0.0000
1786348050.399889,0.1011,-15.12850570678711,15.384281158447266,0.0007,0.5187,4.6236,3.9748,9.7688,290.1875,enc,0.0004
1786348050.501267,0.1014,-13.930835723876953,13.706853866577148,-0.0007,0.4698,4.6237,3.9748,9.8164,286.2500,enc,-0.0001
1786348050.605071,0.1038,-15.031661033630371,15.19013500213623,0.0005,0.5137,4.6236,3.9747,9.8697,281.6875,enc,0.0005
1786348050.716617,0.1115,-15.224905967712402,15.097594261169434,-0.0004,0.5154,4.6237,3.9747,9.9272,277.8750,enc,0.0000
1786348050.864175,0.1476,-15.148066520690918,15.052045822143555,-0.0003,0.5133,4.6237,3.9748,10.0030,273.8125,enc,-0.0003
1786348050.918509,0.0543,-13.853572845458984,13.757856369018555,-0.0003,0.4693,4.6237,3.9748,10.0285,269.9375,enc,0.0005
1786348051.017575,0.0991,-15.14583683013916,15.14583683013916,0.0000,0.5149,4.6237,3.9748,10.0795,265.5000,enc,-0.0002
1786348051.121557,0.1040,-15.346301078796387,15.378299713134766,0.0001,0.5223,4.6237,3.9748,10.1338,261.4375,enc,-0.0003
1786348051.223636,0.1021,-15.112412452697754,13.676156044006348,-0.0042,0.4893,4.6240,3.9751,10.1837,257.6250,enc,0.0003
1786348051.336795,0.1132,-10.955626487731934,12.777904510498047,0.0053,0.4034,4.6235,3.9747,10.2294,253.5625,enc,-0.0007
1786348051.433664,0.0969,-6.979498386383057,6.883476734161377,-0.0003,0.2356,4.6235,3.9748,10.2522,251.9375,enc,-0.0008
1786348051.556327,0.1227,-7.11533260345459,7.11533260345459,0.0000,0.2419,4.6235,3.9747,10.2819,250.3125,enc,0.0006
1786348051.639364,0.0830,-11.296090126037598,11.107632637023926,-0.0006,0.3808,4.6236,3.9747,10.3135,247.2500,enc,0.0011
1786348051.745685,0.1063,-13.347034454345703,13.154991149902344,-0.0006,0.4505,4.6237,3.9747,10.3614,243.3750,enc,0.0004
1786348051.851824,0.1061,-15.831088066101074,15.799407958984375,-0.0001,0.5377,4.6237,3.9748,10.4185,239.5000,enc,-0.0001
1786348051.952772,0.1009,-15.882667541503906,16.200565338134766,0.0009,0.5454,4.6237,3.9747,10.4735,234.6250,enc,0.0000
1786348052.056857,0.1041,-15.897098541259766,14.232246398925781,-0.0049,0.5121,4.6238,3.9752,10.5268,230.5625,enc,-0.0009
1786348052.168200,0.1113,-13.582837104797363,15.515064239501953,0.0057,0.4946,4.6236,3.9746,10.5819,226.4375,enc,0.0001
1786348052.261656,0.0935,-15.116582870483398,14.957775115966797,-0.0005,0.5112,4.6235,3.9746,10.6297,222.0625,enc,-0.0003
1786348052.368370,0.1067,-15.011127471923828,15.011127471923828,0.0000,0.5103,4.6236,3.9746,10.6841,218.0000,enc,0.0004
1786348052.474502,0.1061,-14.564318656921387,13.732556343078613,-0.0024,0.4810,4.6234,3.9749,10.7352,214.0000,enc,-0.0021
1786348052.572502,0.0980,-14.360098838806152,15.127017974853516,0.0022,0.5012,4.6236,3.9747,10.7843,209.6875,enc,0.0019
1786348052.674117,0.1016,-15.228453636169434,15.132430076599121,-0.0003,0.5161,4.6236,3.9747,10.8367,205.5000,enc,0.0001
1786348052.786574,0.1125,-15.363689422607422,14.468170166015625,-0.0026,0.5071,4.6234,3.9750,10.8937,201.6250,enc,-0.0021
1786348052.882251,0.0957,-13.67737865447998,14.50419807434082,0.0024,0.4790,4.6236,3.9748,10.9396,197.1875,enc,0.0026
1786348052.985703,0.1035,-15.267237663269043,15.299238204956055,0.0001,0.5196,4.6236,3.9748,10.9933,193.0625,enc,-0.0001
1786348053.097925,0.1122,-15.069259643554688,15.228687286376953,0.0005,0.5150,4.6236,3.9747,11.0511,189.0625,enc,-0.0003
1786348053.234168,0.1362,-15.134705543518066,15.103103637695312,-0.0001,0.5140,4.6236,3.9747,11.1212,184.4375,enc,0.0001
1786348053.301682,0.0675,-13.774288177490234,13.742307662963867,-0.0001,0.4677,4.6236,3.9747,11.1527,180.6250,enc,-0.0001
1786348053.406436,0.1048,-15.168051719665527,15.199899673461914,0.0001,0.5162,4.6236,3.9747,11.2068,176.4375,enc,-0.0001
1786348053.504021,0.0976,-15.004215240478516,15.004215240478516,0.0000,0.5101,4.6236,3.9747,11.2566,172.2500,enc,0.0002
1786348053.681009,0.1770,-15.224651336669922,15.256563186645508,0.0001,0.5181,4.6236,3.9747,11.3483,168.1875,enc,0.0001
1786348053.852047,0.1710,-13.922994613647461,13.763644218444824,-0.0005,0.4706,4.6236,3.9748,11.4288,164.5625,enc,-0.0001
1786348053.949054,0.0970,-15.019974708557129,15.083280563354492,0.0002,0.5117,4.6236,3.9748,11.4784,160.0625,enc,0.0000
1786348053.951346,0.0023,-15.142597198486328,15.110590934753418,-0.0001,0.5142,4.6236,3.9748,11.4796,156.0000,enc,-0.0005
1786348054.028556,0.0772,-15.02044677734375,15.116095542907715,0.0003,0.5123,4.6236,3.9747,11.5191,152.1250,enc,-0.0001
1786348054.126333,0.0978,-13.78630542755127,13.914216995239258,0.0004,0.4709,4.6236,3.9747,11.5652,147.8750,enc,0.0004
1786348054.227596,0.1013,-15.241538047790527,15.241538047790527,0.0000,0.5182,4.6236,3.9747,11.6177,143.6250,enc,-0.0002
1786348054.336236,0.1086,-12.586368560791016,17.997499465942383,0.0159,0.5199,4.6248,3.9734,11.6741,139.5625,enc,0.0007
1786348054.447805,0.1116,-4.723336219787598,22.231843948364258,0.0513,0.4582,4.6286,3.9692,11.7252,135.3750,enc,0.0001
1786348054.573146,0.1253,4.110690593719482,33.27268600463867,0.1096,0.4957,4.6384,3.9595,11.7874,131.5000,enc,0.0000
1786348054.768009,0.1949,12.343961715698242,38.62957000732422,0.1495,0.4468,4.6608,3.9409,11.8744,127.6875,enc,0.0000
1786348054.856091,0.0881,20.711009979248047,36.05633544921875,0.1665,0.2608,4.6723,3.9318,11.8974,125.3125,enc,0.0000
1786348054.889681,0.0336,23.997783660888672,28.527639389038086,0.1540,0.0770,4.6763,3.9286,11.9000,124.4375,enc,-0.0009
1786348055.161313,0.2716,28.456918716430664,27.421092987060547,0.1638,-0.0176,4.7112,3.9009,11.8952,124.3750,enc,-0.0001
1786348055.236929,0.0756,28.110797882080078,25.241657257080078,0.1564,-0.0488,4.7204,3.8935,11.8915,124.7500,enc,0.0001
1786348055.314013,0.0771,27.027830123901367,25.078041076660156,0.1528,-0.0331,4.7296,3.8862,11.8890,125.2500,enc,0.0002
1786348055.528047,0.2140,24.25078773498535,23.692424774169922,0.1406,-0.0095,4.7529,3.8671,11.8869,125.3125,enc,-0.0007
1786348055.543992,0.0159,26.243223190307617,26.190641403198242,0.1537,-0.0009,4.7548,3.8656,11.8869,125.2500,enc,-0.0006
1786348055.546581,0.0026,26.248287200927734,26.537853240966797,0.1548,0.0049,4.7551,3.8653,11.8869,125.3750,enc,-0.0005
1786348055.588377,0.0418,26.596590042114258,26.755752563476562,0.1564,0.0027,4.7602,3.8613,11.8871,125.3125,enc,0.0006
1786348055.680078,0.0917,24.347511291503906,22.910200119018555,0.1386,-0.0244,4.7701,3.8533,11.8848,125.2500,enc,0.0004
1786348055.804230,0.1242,16.098859786987305,17.89480972290039,0.0997,0.0305,4.7798,3.8455,11.8886,125.3125,enc,0.0002
1786348055.978539,0.1743,7.257364749908447,7.230776309967041,0.0425,-0.0005,4.7855,3.8409,11.8885,125.3750,enc,-0.0001
1786348056.176667,0.1981,2.9028403759002686,2.5082461833953857,0.0159,-0.0067,4.7880,3.8389,11.8872,125.3125,enc,0.0003
1786348056.226628,0.0500,8.409635543823242,7.057530879974365,0.0454,-0.0230,4.7898,3.8376,11.8861,125.3750,enc,0.0020
1786348056.271228,0.0446,16.033267974853516,16.804113388061523,0.0963,0.0131,4.7932,3.8349,11.8866,125.3750,enc,0.0005
1786348056.307565,0.0363,23.514141082763672,23.514141082763672,0.1379,0.0000,4.7971,3.8318,11.8866,125.5000,enc,0.0004
1786348056.417184,0.1096,22.040302276611328,22.464345932006836,0.1305,0.0072,4.8082,3.8228,11.8874,125.3750,enc,-0.0004
1786348056.512018,0.0948,11.762928009033203,11.949145317077637,0.0695,0.0032,4.8133,3.8186,11.8877,125.5625,enc,-0.0008
1786348056.632857,0.1208,2.528794765472412,2.7920918464660645,0.0156,0.0045,4.8146,3.8172,11.8883,125.5000,enc,-0.0020
1786348056.724201,0.0913,-0.16480718553066254,-0.5350484251976013,-0.0021,-0.0063,4.8144,3.8172,11.8877,125.3125,enc,-0.0009
1786348056.818534,0.0943,-0.05915733426809311,-0.6422796249389648,-0.0021,-0.0099,4.8143,3.8174,11.8868,125.3125,enc,0.0004
1786348056.922632,0.1041,-0.02673274651169777,-0.2902412414550781,-0.0009,-0.0045,4.8142,3.8175,11.8863,125.2500,enc,0.0009
1786348057.036840,0.1142,0.08693680912256241,0.008007337339222431,0.0003,-0.0013,4.8143,3.8175,11.8861,125.2500,enc,0.0001
1786348057.132770,0.0959,0.0,0.0,0.0000,0.0000,4.8143,3.8175,11.8861,125.2500,enc,0.0000
1786348057.237679,0.1049,0.0,0.0,0.0000,0.0000,4.8143,3.8175,11.8861,125.2500,enc,0.0000
1786348057.346167,0.1085,0.0,0.0,0.0000,0.0000,4.8143,3.8175,11.8861,125.2500,enc,0.0000
1786348057.443292,0.0971,0.0,0.0,0.0000,0.0000,4.8143,3.8175,11.8861,125.2500,enc,0.0000
1786348057.544874,0.1016,0.0,0.0,0.0000,0.0000,4.8143,3.8175,11.8861,125.2500,enc,0.0000
1786348057.656411,0.1115,0.0,0.0,0.0000,0.0000,4.8143,3.8175,11.8861,125.2500,enc,0.0000
1786348057.752824,0.0964,0.0,0.0,0.0000,0.0000,4.8143,3.8175,11.8861,125.2500,enc,0.0000
1786348057.855942,0.1031,0.0,0.0,0.0000,0.0000,4.8143,3.8175,11.8861,125.2500,enc,0.0000
1786348057.962316,0.1064,0.0,0.0,0.0000,0.0000,4.8143,3.8175,11.8861,125.2500,enc,0.0000
1786348058.064409,0.1021,0.0,0.0,0.0000,0.0000,4.8143,3.8175,11.8861,125.2500,enc,0.0000
1786348058.168174,0.1038,0.0,0.0,0.0000,0.0000,4.8143,3.8175,11.8861,125.2500,enc,0.0000
1786348058.273711,0.1055,0.0,0.0,0.0000,0.0000,4.8143,3.8175,11.8861,125.2500,enc,0.0000
1786348058.381495,0.1078,0.0,0.0,0.0000,0.0000,4.8143,3.8175,11.8861,125.2500,enc,0.0000
1786348058.477333,0.0958,0.0,0.0,0.0000,0.0000,4.8143,3.8175,11.8861,125.2500,enc,0.0000
1786348058.588082,0.1107,0.0,0.0,0.0000,0.0000,4.8143,3.8175,11.8861,125.2500,enc,0.0000
1786348058.685693,0.0976,0.0,0.0,0.0000,0.0000,4.8143,3.8175,11.8861,125.2500,enc,0.0000
1786348058.787624,0.1019,0.0,0.0,0.0000,0.0000,4.8143,3.8175,11.8861,125.2500,enc,0.0000
1786348058.895719,0.1081,0.0,0.0,0.0000,0.0000,4.8143,3.8175,11.8861,125.2500,enc,0.0000
1786348058.994952,0.0992,0.0,0.0,0.0000,0.0000,4.8143,3.8175,11.8861,125.2500,enc,0.0000
1786348059.100490,0.1055,0.0,0.0,0.0000,0.0000,4.8143,3.8175,11.8861,125.2500,enc,0.0000
1786348059.204507,0.1040,0.0,0.0,0.0000,0.0000,4.8143,3.8175,11.8861,125.2500,enc,0.0000
1786348059.307309,0.1028,0.0,0.0,0.0000,0.0000,4.8143,3.8175,11.8861,125.2500,enc,0.0000
1786348059.422422,0.1151,0.0,0.0,0.0000,0.0000,4.8143,3.8175,11.8861,125.2500,enc,0.0000
1786348059.523160,0.1007,0.0,0.0,0.0000,0.0000,4.8143,3.8175,11.8861,125.2500,enc,0.0000
1786348059.619804,0.0966,0.0,0.0,0.0000,0.0000,4.8143,3.8175,11.8861,125.2500,enc,0.0000
1786348059.721428,0.1016,0.0,0.0,0.0000,0.0000,4.8143,3.8175,11.8861,125.2500,enc,0.0000
1786348059.826241,0.1048,0.0,0.0,0.0000,0.0000,4.8143,3.8175,11.8861,125.2500,enc,0.0000
1786348059.929526,0.1033,0.0,0.0,0.0000,0.0000,4.8143,3.8175,11.8861,125.2500,enc,0.0000
1786348060.032397,0.1029,0.0,0.0,0.0000,0.0000,4.8143,3.8175,11.8861,125.2500,enc,0.0000
1786348060.139520,0.1071,0.0,0.0,0.0000,0.0000,4.8143,3.8175,11.8861,125.2500,enc,0.0000
1786348060.239741,0.1002,0.0,0.0,0.0000,0.0000,4.8143,3.8175,11.8861,125.2500,enc,0.0000
1786348060.350717,0.1110,0.0,0.0,0.0000,0.0000,4.8143,3.8175,11.8861,125.2500,enc,0.0000
1786348060.447016,0.0963,0.0,0.0,0.0000,0.0000,4.8143,3.8175,11.8861,125.2500,enc,0.0000
1786348060.550700,0.1037,0.0,0.0,0.0000,0.0000,4.8143,3.8175,11.8861,125.2500,enc,0.0000
1786348060.662880,0.1122,0.0,0.0,0.0000,0.0000,4.8143,3.8175,11.8861,125.2500,enc,0.0000
1786348060.765716,0.1028,0.0,0.0,0.0000,0.0000,4.8143,3.8175,11.8861,125.2500,enc,0.0000
1786348060.865778,0.1001,0.0,0.0,0.0000,0.0000,4.8143,3.8175,11.8861,125.2500,enc,0.0000
1786348060.992957,0.1272,0.0,0.0,0.0000,0.0000,4.8143,3.8175,11.8861,125.2500,enc,0.0000
1786348061.083275,0.0903,0.0,0.0,0.0000,0.0000,4.8143,3.8175,11.8861,125.2500,enc,0.0000
1786348061.172394,0.0891,0.0,0.0,0.0000,0.0000,4.8143,3.8175,11.8861,125.2500,enc,0.0000
1786348061.284616,0.1122,0.0,0.0,0.0000,0.0000,4.8143,3.8175,11.8861,125.2500,enc,0.0000
1786348061.382454,0.0978,0.0,0.0,0.0000,0.0000,4.8143,3.8175,11.8861,125.2500,enc,0.0000
1786348061.483516,0.1011,0.0,0.0,0.0000,0.0000,4.8143,3.8175,11.8861,125.2500,enc,0.0000
1786348061.595853,0.1123,0.0,0.0,0.0000,0.0000,4.8143,3.8175,11.8861,125.2500,enc,0.0000
1786348061.712636,0.1168,0.0,0.0,0.0000,0.0000,4.8143,3.8175,11.8861,125.2500,enc,0.0000
1786348061.792835,0.0802,0.0,0.0,0.0000,0.0000,4.8143,3.8175,11.8861,125.2500,enc,0.0000
1786348061.899961,0.1071,0.0,0.0,0.0000,0.0000,4.8143,3.8175,11.8861,125.2500,enc,0.0000
1786348062.002225,0.1023,0.0,0.0,0.0000,0.0000,4.8143,3.8175,11.8861,125.2500,enc,0.0000
1786348062.104939,0.1027,0.0,0.0,0.0000,0.0000,4.8143,3.8175,11.8861,125.2500,enc,0.0000
1786348062.300910,0.1960,0.0,0.0,0.0000,0.0000,4.8143,3.8175,11.8861,125.2500,enc,0.0000
1786348062.358172,0.0573,0.0,0.0,0.0000,0.0000,4.8143,3.8175,11.8861,125.2500,enc,0.0000
1786348062.415920,0.0577,0.0,0.0,0.0000,0.0000,4.8143,3.8175,11.8861,125.2500,enc,0.0000
1786348062.519538,0.1036,0.0,0.0,0.0000,0.0000,4.8143,3.8175,11.8861,125.2500,enc,0.0000
1786348062.626353,0.1068,0.0,0.0,0.0000,0.0000,4.8143,3.8175,11.8861,125.2500,enc,0.0000
1786348062.728894,0.1025,0.0,0.0,0.0000,0.0000,4.8143,3.8175,11.8861,125.3125,enc,0.0000
1786348062.831299,0.1024,0.0,0.0,0.0000,0.0000,4.8143,3.8175,11.8861,125.3125,enc,0.0000
1786348062.936423,0.1051,0.0,0.0,0.0000,0.0000,4.8143,3.8175,11.8861,125.3125,enc,0.0000
1786348063.216763,0.2803,0.0,0.0,0.0000,0.0000,4.8143,3.8175,11.8861,125.3125,enc,0.0000
1786348063.216817,0.0001,0.0,0.0,0.0000,0.0000,4.8143,3.8175,11.8861,125.3125,enc,0.0000
1786348063.251199,0.0344,0.0,0.0,0.0000,0.0000,4.8143,3.8175,11.8861,125.3125,enc,0.0000
1786348063.356670,0.1055,0.0,0.0,0.0000,0.0000,4.8143,3.8175,11.8861,125.3125,enc,0.0000
1786348063.463866,0.1072,0.0,0.0,0.0000,0.0000,4.8143,3.8175,11.8861,125.3125,enc,0.0000
1786348063.557238,0.0934,0.0,0.0,0.0000,0.0000,4.8143,3.8175,11.8861,125.3125,enc,0.0000
1786348063.660207,0.1030,0.0,0.0,0.0000,0.0000,4.8143,3.8175,11.8861,125.3125,enc,0.0000
1786348063.762115,0.1019,0.0,0.0,0.0000,0.0000,4.8143,3.8175,11.8861,125.3125,enc,0.0000
1786348063.871576,0.1095,0.0,0.0,0.0000,0.0000,4.8143,3.8175,11.8861,125.3125,enc,0.0000
1786348063.970716,0.0991,0.0,0.0,0.0000,0.0000,4.8143,3.8175,11.8861,125.3125,enc,0.0000
1786348064.073707,0.1030,0.0,0.0,0.0000,0.0000,4.8143,3.8175,11.8861,125.3125,enc,0.0000
1786348064.188081,0.1144,0.0,0.0,0.0000,0.0000,4.8143,3.8175,11.8861,125.3125,enc,0.0000
1786348064.280301,0.0922,0.0,0.0,0.0000,0.0000,4.8143,3.8175,11.8861,125.3125,enc,0.0000
1786348064.383684,0.1034,0.0,0.0,0.0000,0.0000,4.8143,3.8175,11.8861,125.3125,enc,0.0000
1786348064.494096,0.1104,0.0,0.0,0.0000,0.0000,4.8143,3.8175,11.8861,125.3125,enc,0.0000
1786348064.596194,0.1021,0.0,0.0,0.0000,0.0000,4.8143,3.8175,11.8861,125.3125,enc,0.0000
1786348064.695891,0.0997,0.0,0.0,0.0000,0.0000,4.8143,3.8175,11.8861,125.3125,enc,0.0000
1786348064.873219,0.1773,0.0,0.0,0.0000,0.0000,4.8143,3.8175,11.8861,125.3125,enc,0.0000
1786348064.907438,0.0342,0.0,0.0,0.0000,0.0000,4.8143,3.8175,11.8861,125.3125,enc,0.0000
1786348065.008604,0.1012,0.0,0.0,0.0000,0.0000,4.8143,3.8175,11.8861,125.3125,enc,0.0000
1786348065.120447,0.1118,0.0,0.0,0.0000,0.0000,4.8143,3.8175,11.8861,125.3125,enc,0.0000
1786348065.216452,0.0960,0.0,0.0,0.0000,0.0000,4.8143,3.8175,11.8861,125.3125,enc,0.0000
1786348065.319866,0.1034,0.0,0.0,0.0000,0.0000,4.8143,3.8175,11.8861,125.3125,enc,0.0000
1786348065.443229,0.1234,0.0,0.0,0.0000,0.0000,4.8143,3.8175,11.8861,125.3125,enc,0.0000
1786348065.533827,0.0906,0.0,0.0,0.0000,0.0000,4.8143,3.8175,11.8861,125.4375,enc,0.0000
1786348065.631189,0.0974,0.0,0.0,0.0000,0.0000,4.8143,3.8175,11.8861,125.3125,enc,0.0000
1786348065.744287,0.1131,0.0,0.0,0.0000,0.0000,4.8143,3.8175,11.8861,125.3750,enc,0.0000
1786348065.838750,0.0945,0.0,0.0,0.0000,0.0000,4.8143,3.8175,11.8861,125.3750,enc,0.0000
1786348065.941603,0.1029,0.0,0.0,0.0000,0.0000,4.8143,3.8175,11.8861,125.3750,enc,0.0000
1786348066.049168,0.1076,0.0,0.0,0.0000,0.0000,4.8143,3.8175,11.8861,125.3750,enc,0.0000
1786348066.153426,0.1043,0.0,0.0,0.0000,0.0000,4.8143,3.8175,11.8861,125.4375,enc,0.0000
1786348066.253146,0.0997,0.0,0.0,0.0000,0.0000,4.8143,3.8175,11.8861,125.4375,enc,0.0000
1786348066.357856,0.1047,0.0,0.0,0.0000,0.0000,4.8143,3.8175,11.8861,125.4375,enc,0.0000
1786348066.461900,0.1040,0.0,0.0,0.0000,0.0000,4.8143,3.8175,11.8861,125.4375,enc,0.0000
1786348066.564196,0.1023,0.0,0.0,0.0000,0.0000,4.8143,3.8175,11.8861,125.4375,enc,0.0000
1786348066.673372,0.1092,0.0,0.0,0.0000,0.0000,4.8143,3.8175,11.8861,125.4375,enc,0.0000
1786348066.772723,0.0994,0.0,0.0,0.0000,0.0000,4.8143,3.8175,11.8861,125.4375,enc,0.0000
1786348066.874737,0.1020,0.0,0.0,0.0000,0.0000,4.8143,3.8175,11.8861,125.4375,enc,0.0000
1786348066.990717,0.1160,0.0,0.0,0.0000,0.0000,4.8143,3.8175,11.8861,125.4375,enc,0.0000
1786348067.126314,0.1356,0.0,0.0,0.0000,0.0000,4.8143,3.8175,11.8861,125.4375,enc,0.0000
1786348067.185058,0.0587,0.0,0.0,0.0000,0.0000,4.8143,3.8175,11.8861,125.4375,enc,0.0000
1786348067.295408,0.1104,0.0,0.0,0.0000,0.0000,4.8143,3.8175,11.8861,125.4375,enc,0.0000
1786348067.393342,0.0979,0.0,0.0,0.0000,0.0000,4.8143,3.8175,11.8861,125.4375,enc,0.0000
1786348067.496189,0.1028,0.0,0.0,0.0000,0.0000,4.8143,3.8175,11.8861,125.4375,enc,0.0000
1786348067.607666,0.1115,0.0,0.0,0.0000,0.0000,4.8143,3.8175,11.8861,125.4375,enc,0.0000
1786348067.708807,0.1011,0.0,0.0,0.0000,0.0000,4.8143,3.8175,11.8861,125.4375,enc,0.0000
1786348067.815739,0.1069,0.0,0.0,0.0000,0.0000,4.8143,3.8175,11.8861,125.4375,enc,0.0000
1786348067.919665,0.1039,0.0,0.0,0.0000,0.0000,4.8143,3.8175,11.8861,125.4375,enc,0.0000
1786348068.014601,0.0949,0.0,0.0,0.0000,0.0000,4.8143,3.8175,11.8861,125.4375,enc,0.0000
1786348068.117402,0.1028,0.0,0.0,0.0000,0.0000,4.8143,3.8175,11.8861,125.4375,enc,0.0000
1786348068.232011,0.1146,0.0,0.0,0.0000,0.0000,4.8143,3.8175,11.8861,125.4375,enc,0.0000
1786348068.329909,0.0979,0.0,0.0,0.0000,0.0000,4.8143,3.8175,11.8861,125.4375,enc,0.0000
1786348068.428876,0.0990,0.0,0.0,0.0000,0.0000,4.8143,3.8175,11.8861,125.4375,enc,0.0000
1786348068.535481,0.1066,0.0,0.0,0.0000,0.0000,4.8143,3.8175,11.8861,125.4375,enc,0.0000
1786348068.636681,0.1012,0.0,0.0,0.0000,0.0000,4.8143,3.8175,11.8861,125.4375,enc,0.0000
1786348068.740072,0.1034,0.0,0.0,0.0000,0.0000,4.8143,3.8175,11.8861,125.4375,enc,0.0000
1786348068.852252,0.1122,0.0,0.0,0.0000,0.0000,4.8143,3.8175,11.8861,125.4375,enc,0.0000
1786348068.949495,0.0972,0.0,0.0,0.0000,0.0000,4.8143,3.8175,11.8861,125.4375,enc,0.0000
1786348069.052219,0.1027,0.0,0.0,0.0000,0.0000,4.8143,3.8175,11.8861,125.4375,enc,0.0000
1786348069.156450,0.1042,0.0,0.0,0.0000,0.0000,4.8143,3.8175,11.8861,125.4375,enc,0.0000
1786348069.284175,0.1277,0.0,0.0,0.0000,0.0000,4.8143,3.8175,11.8861,125.4375,enc,0.0000
1786348069.361693,0.0775,0.0,0.0,0.0000,0.0000,4.8143,3.8175,11.8861,125.4375,enc,0.0000
1786348069.468874,0.1072,0.0,0.0,0.0000,0.0000,4.8143,3.8175,11.8861,125.4375,enc,0.0000
1786348069.568450,0.0996,0.0,0.0,0.0000,0.0000,4.8143,3.8175,11.8861,125.4375,enc,0.0000
1786348069.671218,0.1028,0.0,0.0,0.0000,0.0000,4.8143,3.8175,11.8861,125.4375,enc,0.0000
1786348069.799349,0.1281,0.0,0.0,0.0000,0.0000,4.8143,3.8175,11.8861,125.4375,enc,0.0000
1786348069.879532,0.0802,0.0,0.0,0.0000,0.0000,4.8143,3.8175,11.8861,125.4375,enc,0.0000
1786348069.983203,0.1037,0.0,0.0,0.0000,0.0000,4.8143,3.8175,11.8861,125.4375,enc,0.0000
1786348070.093446,0.1102,0.0,0.0,0.0000,0.0000,4.8143,3.8175,11.8861,125.4375,enc,0.0000
1786348070.191025,0.0976,0.0,0.0,0.0000,0.0000,4.8143,3.8175,11.8861,125.4375,enc,0.0000
1786348070.300826,0.1098,0.0,0.0,0.0000,0.0000,4.8143,3.8175,11.8861,125.4375,enc,0.0000
1786348070.407521,0.1067,0.0,0.0,0.0000,0.0000,4.8143,3.8175,11.8861,125.4375,enc,0.0000
1786348070.502120,0.0946,0.0,0.0,0.0000,0.0000,4.8143,3.8175,11.8861,125.4375,enc,0.0000
1786348070.605057,0.1029,0.0,0.0,0.0000,0.0000,4.8143,3.8175,11.8861,125.4375,enc,0.0000
1786348070.711244,0.1062,0.0,0.0,0.0000,0.0000,4.8143,3.8175,11.8861,125.4375,enc,0.0000
1786348070.873418,0.1622,0.0,0.0,0.0000,0.0000,4.8143,3.8175,11.8861,125.4375,enc,0.0000
1786348070.924770,0.0514,0.0,0.0,0.0000,0.0000,4.8143,3.8175,11.8861,125.4375,enc,0.0000
1786348071.022670,0.0979,0.0,0.0,0.0000,0.0000,4.8143,3.8175,11.8861,125.4375,enc,0.0000
1786348071.125832,0.1032,0.0,0.0,0.0000,0.0000,4.8143,3.8175,11.8861,125.4375,enc,0.0000
1786348071.237693,0.1119,0.0,0.0,0.0000,0.0000,4.8143,3.8175,11.8861,125.5000,enc,0.0000
1786348071.341544,0.1039,0.0,0.0,0.0000,0.0000,4.8143,3.8175,11.8861,125.5000,enc,0.0000
1786348071.438463,0.0969,0.0,0.0,0.0000,0.0000,4.8143,3.8175,11.8861,125.5000,enc,0.0000
1786348071.545350,0.1069,0.0,0.0,0.0000,0.0000,4.8143,3.8175,11.8861,125.5000,enc,0.0000
1786348071.644934,0.0996,0.0,0.0,0.0000,0.0000,4.8143,3.8175,11.8861,125.5000,enc,0.0000
1786348071.750665,0.1057,0.0,0.0,0.0000,0.0000,4.8143,3.8175,11.8861,125.5000,enc,0.0000
1786348071.856974,0.1063,0.0,0.0,0.0000,0.0000,4.8143,3.8175,11.8861,125.5000,enc,0.0000
1786348071.955854,0.0989,0.0,0.0,0.0000,0.0000,4.8143,3.8175,11.8861,125.5000,enc,0.0000
1786348072.059685,0.1038,0.0,0.0,0.0000,0.0000,4.8143,3.8175,11.8861,125.5000,enc,0.0000
1786348072.164772,0.1051,0.0,0.0,0.0000,0.0000,4.8143,3.8175,11.8861,125.5000,enc,0.0000
1786348072.266758,0.1020,0.0,0.0,0.0000,0.0000,4.8143,3.8175,11.8861,125.5000,enc,0.0000
1786348072.370258,0.1035,0.0,0.0,0.0000,0.0000,4.8143,3.8175,11.8861,125.5000,enc,0.0000
1786348072.473747,0.1035,0.0,0.0,0.0000,0.0000,4.8143,3.8175,11.8861,125.5000,enc,0.0000
1786348072.578320,0.1046,0.0,0.0,0.0000,0.0000,4.8143,3.8175,11.8861,125.5000,enc,0.0000
1786348072.680734,0.1024,0.0,0.0,0.0000,0.0000,4.8143,3.8175,11.8861,125.5000,enc,0.0000
1786348072.788781,0.1080,0.0,0.0,0.0000,0.0000,4.8143,3.8175,11.8861,125.5000,enc,0.0000
1786348072.889889,0.1011,0.0,0.0,0.0000,0.0000,4.8143,3.8175,11.8861,125.5000,enc,0.0000
1786348072.997347,0.1075,0.0,0.0,0.0000,0.0000,4.8143,3.8175,11.8861,125.5000,enc,0.0000
1786348073.105634,0.1083,0.0,0.0,0.0000,0.0000,4.8143,3.8175,11.8861,125.5000,enc,0.0000
1786348073.200654,0.0950,0.0,0.0,0.0000,0.0000,4.8143,3.8175,11.8861,125.5000,enc,0.0000
1786348073.303172,0.1025,0.0,0.0,0.0000,0.0000,4.8143,3.8175,11.8861,125.5000,enc,0.0000
1786348073.413270,0.1101,0.0,0.0,0.0000,0.0000,4.8143,3.8175,11.8861,125.5000,enc,0.0000
1786348073.515287,0.1020,0.0,0.0,0.0000,0.0000,4.8143,3.8175,11.8861,125.5000,enc,0.0000
1786348073.617892,0.1026,0.0,0.0,0.0000,0.0000,4.8143,3.8175,11.8861,125.5000,enc,0.0000
1786348073.728502,0.1106,0.0,0.0,0.0000,0.0000,4.8143,3.8175,11.8861,125.5000,enc,0.0000
1786348073.836822,0.1083,0.0,0.0,0.0000,0.0000,4.8143,3.8175,11.8861,125.5000,enc,0.0000
1786348073.931381,0.0946,0.0,0.0,0.0000,0.0000,4.8143,3.8175,11.8861,125.5000,enc,0.0000
1786348074.034275,0.1029,0.0,0.0,0.0000,0.0000,4.8143,3.8175,11.8861,125.5000,enc,0.0000
1786348074.133947,0.0997,0.0,0.0,0.0000,0.0000,4.8143,3.8175,11.8861,125.5000,enc,0.0000
1786348074.239575,0.1056,0.0,0.0,0.0000,0.0000,4.8143,3.8175,11.8861,125.5000,enc,0.0000
1786348074.341046,0.1015,0.0,0.0,0.0000,0.0000,4.8143,3.8175,11.8861,125.5000,enc,0.0000
1786348074.445176,0.1041,0.0,0.0,0.0000,0.0000,4.8143,3.8175,11.8861,125.5000,enc,0.0000
1786348074.548034,0.1029,0.0,0.0,0.0000,0.0000,4.8143,3.8175,11.8861,125.5000,enc,0.0000
1786348074.652108,0.1041,0.0,0.0,0.0000,0.0000,4.8143,3.8175,11.8861,125.5000,enc,0.0000
1786348074.759924,0.1078,0.0,0.0,0.0000,0.0000,4.8143,3.8175,11.8861,125.5000,enc,0.0000
1786348074.857297,0.0974,0.0,0.0,0.0000,0.0000,4.8143,3.8175,11.8861,125.5000,enc,0.0000
1786348074.962823,0.1055,0.0,0.0,0.0000,0.0000,4.8143,3.8175,11.8861,125.5000,enc,0.0000
1786348075.070019,0.1072,0.0,0.0,0.0000,0.0000,4.8143,3.8175,11.8861,125.5000,enc,0.0000
1786348075.178511,0.1085,0.0,0.0,0.0000,0.0000,4.8143,3.8175,11.8861,125.5000,enc,0.0000
1786348075.276230,0.0977,0.0,0.0,0.0000,0.0000,4.8143,3.8175,11.8861,125.5000,enc,0.0000
1786348075.379879,0.1036,0.0,0.0,0.0000,0.0000,4.8143,3.8175,11.8861,125.5000,enc,0.0000
1786348075.506484,0.1266,0.0,0.0,0.0000,0.0000,4.8143,3.8175,11.8861,125.5000,enc,0.0000
1786348075.640441,0.1340,0.0,0.0,0.0000,0.0000,4.8143,3.8175,11.8861,125.5000,enc,0.0000
1786348075.731343,0.0909,0.0,0.0,0.0000,0.0000,4.8143,3.8175,11.8861,125.5000,enc,0.0000
1786348075.837479,0.1061,0.0,0.0,0.0000,0.0000,4.8143,3.8175,11.8861,125.5000,enc,0.0000
1786348075.900780,0.0633,0.0,0.0,0.0000,0.0000,4.8143,3.8175,11.8861,125.5000,enc,0.0000
1786348076.001930,0.1012,0.0,0.0,0.0000,0.0000,4.8143,3.8175,11.8861,125.5000,enc,0.0000
1786348076.107331,0.1054,0.0,0.0,0.0000,0.0000,4.8143,3.8175,11.8861,125.5000,enc,0.0000
1786348076.209991,0.1027,0.0,0.0,0.0000,0.0000,4.8143,3.8175,11.8861,125.5000,enc,0.0000
1786348076.340749,0.1308,0.0,0.0,0.0000,0.0000,4.8143,3.8175,11.8861,125.4375,enc,0.0000
1786348076.432472,0.0917,0.0,0.0,0.0000,0.0000,4.8143,3.8175,11.8861,125.4375,enc,0.0000
1786348076.522840,0.0904,0.0,0.0,0.0000,0.0000,4.8143,3.8175,11.8861,125.4375,enc,0.0000
1786348076.639032,0.1162,0.0,0.0,0.0000,0.0000,4.8143,3.8175,11.8861,125.4375,enc,0.0000
1786348076.732209,0.0932,0.0,0.0,0.0000,0.0000,4.8143,3.8175,11.8861,125.4375,enc,0.0000
1786348076.840098,0.1079,0.0,0.0,0.0000,0.0000,4.8143,3.8175,11.8861,125.4375,enc,0.0000
1786348076.954203,0.1141,0.0,0.0,0.0000,0.0000,4.8143,3.8175,11.8861,125.4375,enc,0.0000
1786348077.059440,0.1052,0.0,0.0,0.0000,0.0000,4.8143,3.8175,11.8861,125.4375,enc,0.0000
1786348077.144249,0.0848,0.0,0.0,0.0000,0.0000,4.8143,3.8175,11.8861,125.4375,enc,0.0000
1786348077.254851,0.1106,0.0,0.0,0.0000,0.0000,4.8143,3.8175,11.8861,125.4375,enc,0.0000
1786348077.353915,0.0991,0.0,0.0,0.0000,0.0000,4.8143,3.8175,11.8861,125.4375,enc,0.0000
1786348077.457731,0.1038,0.0,0.0,0.0000,0.0000,4.8143,3.8175,11.8861,125.4375,enc,0.0000
1786348077.566133,0.1084,0.0,0.0,0.0000,0.0000,4.8143,3.8175,11.8861,125.4375,enc,0.0000
1786348077.662674,0.0965,0.0,0.0,0.0000,0.0000,4.8143,3.8175,11.8861,125.4375,enc,0.0000
1786348077.765376,0.1027,0.0,0.0,0.0000,0.0000,4.8143,3.8175,11.8861,125.4375,enc,0.0000
1786348077.871742,0.1064,0.0,0.0,0.0000,0.0000,4.8143,3.8175,11.8861,125.4375,enc,0.0000
1786348077.976055,0.1043,0.0,0.0,0.0000,0.0000,4.8143,3.8175,11.8861,125.4375,enc,0.0000
1786348078.119049,0.1430,0.0,0.0,0.0000,0.0000,4.8143,3.8175,11.8861,125.4375,enc,0.0000
1786348078.199142,0.0801,0.23219479620456696,0.31203585863113403,0.0016,0.0014,4.8144,3.8174,11.8862,125.4375,enc,0.0003
1786348078.287814,0.0887,4.552286148071289,4.578551769256592,0.0268,0.0004,4.8164,3.8162,11.8863,125.4375,enc,0.0029
1786348078.391551,0.1037,13.237713813781738,12.55124282836914,0.0756,-0.0117,4.8227,3.8115,11.8851,125.4375,enc,0.0032
1786348078.492358,0.1008,21.638935089111328,22.357135772705078,0.1290,0.0122,4.8326,3.8031,11.8863,125.5625,enc,-0.0029
1786348078.598076,0.1057,27.580411911010742,27.926158905029297,0.1628,0.0059,4.8460,3.7922,11.8869,125.4375,enc,-0.0003
1786348078.698345,0.1003,29.404890060424805,28.63396644592285,0.1702,-0.0131,4.8590,3.7811,11.8856,125.4375,enc,-0.0046
1786348079.056021,0.3577,25.29160499572754,26.80517578125,0.1528,0.0257,4.9025,3.7481,11.8948,125.6250,enc,0.0035
1786348079.335237,0.2792,20.807035446166992,21.09979248046875,0.1229,0.0050,4.9292,3.7265,11.8962,125.4375,enc,-0.0012
1786348079.431647,0.0964,8.831656455993652,8.805047035217285,0.0517,-0.0005,4.9330,3.7233,11.8962,125.5000,enc,-0.0012
1786348079.590605,0.1590,0.7396908402442932,0.47414106130599976,0.0036,-0.0045,4.9334,3.7229,11.8954,125.6250,enc,-0.0007
1786348079.740292,0.1497,-0.2665020227432251,-0.6910593509674072,-0.0028,-0.0072,4.9331,3.7232,11.8944,125.6250,enc,0.0007
1786348079.823709,0.0834,-0.04544941708445549,-0.4934508204460144,-0.0016,-0.0076,4.9331,3.7234,11.8937,125.6250,enc,0.0008
1786348079.938064,0.1144,-0.010769745334982872,-0.11692865937948227,-0.0004,-0.0018,4.9330,3.7234,11.8935,125.6250,enc,0.0002
1786348080.015540,0.0775,0.09062909334897995,0.037408605217933655,0.0004,-0.0009,4.9331,3.7234,11.8935,125.6250,enc,0.0000
1786348080.069677,0.0541,0.0,0.0,0.0000,0.0000,4.9331,3.7234,11.8935,125.6250,enc,0.0000
1786348080.134443,0.0648,0.0,0.0,0.0000,0.0000,4.9331,3.7234,11.8935,125.6250,enc,0.0000
1786348080.175244,0.0408,0.0,0.0,0.0000,0.0000,4.9331,3.7234,11.8935,125.6250,enc,0.0000
1786348080.231001,0.0558,0.0,0.0,0.0000,0.0000,4.9331,3.7234,11.8935,125.6250,enc,0.0000
1786348080.313851,0.0828,1.1834913492202759,1.2606513500213623,0.0072,0.0013,4.9335,3.7230,11.8936,125.6250,enc,-0.0003
1786348080.348754,0.0349,8.479419708251953,8.266876220703125,0.0491,-0.0036,4.9349,3.7220,11.8934,125.6250,enc,0.0002
1786348080.398498,0.0497,17.61418914794922,17.69316291809082,0.1035,0.0013,4.9389,3.7188,11.8935,125.5625,enc,0.0014
1786348080.438207,0.0397,24.76423454284668,25.109970092773438,0.1462,0.0059,4.9435,3.7152,11.8937,125.5625,enc,-0.0001
1786348080.493963,0.0558,25.606111526489258,25.97762107849121,0.1513,0.0063,4.9501,3.7099,11.8941,125.4375,enc,-0.0004
1786348080.616709,0.1227,28.86419105529785,28.91691780090332,0.1694,0.0009,4.9663,3.6969,11.8942,125.4375,enc,-0.0009
1786348080.678645,0.0619,28.232521057128906,28.179471969604492,0.1654,-0.0009,4.9742,3.6905,11.8941,125.5625,enc,-0.0007
1786348080.775206,0.0966,27.200973510742188,27.227325439453125,0.1596,0.0004,4.9863,3.6809,11.8942,125.5000,enc,0.0003
1786348080.887509,0.1123,23.59566307067871,23.753746032714844,0.1388,0.0027,4.9986,3.6712,11.8945,125.6250,enc,0.0006
1786348081.055585,0.1681,21.40911293029785,21.515474319458008,0.1259,0.0018,5.0150,3.6580,11.8948,125.5625,enc,-0.0008
1786348081.328070,0.2725,11.509346008300781,11.483125686645508,0.0674,-0.0004,5.0293,3.6464,11.8947,125.6250,enc,-0.0008
1786348081.555340,0.2273,2.2901666164398193,2.2105586528778076,0.0132,-0.0014,5.0317,3.6445,11.8944,125.3750,enc,0.0003
1786348081.608726,0.0534,-0.13328923285007477,-0.18645083904266357,-0.0009,-0.0009,5.0316,3.6446,11.8943,125.3750,enc,-0.0002
1786348081.669731,0.0610,0.0,0.0,0.0000,0.0000,5.0316,3.6446,11.8943,125.3750,enc,0.0000
1786348081.777322,0.1076,-0.0026880595833063126,-0.029184646904468536,-0.0001,-0.0005,5.0316,3.6446,11.8943,125.3750,enc,-0.0001
1786348081.823097,0.0458,0.02391037717461586,-0.055919431149959564,-0.0001,-0.0014,5.0316,3.6446,11.8942,125.3750,enc,-0.0003
1786348081.886514,0.0634,0.0293166134506464,0.002700214274227619,0.0001,-0.0005,5.0316,3.6445,11.8942,125.3750,enc,-0.0001
1786348082.014862,0.1283,0.0,0.0,0.0000,0.0000,5.0316,3.6445,11.8942,125.3750,enc,0.0000
1786348082.094611,0.0797,0.0,0.0,0.0000,0.0000,5.0316,3.6445,11.8942,125.3750,enc,0.0000
1786348082.271170,0.1766,0.0,0.0,0.0000,0.0000,5.0316,3.6445,11.8942,125.3750,enc,0.0000
1786348082.492053,0.2209,0.0,0.0,0.0000,0.0000,5.0316,3.6445,11.8942,125.3750,enc,0.0000
1786348082.747422,0.2554,0.0,0.0,0.0000,0.0000,5.0316,3.6445,11.8942,125.3750,enc,0.0000
1786348082.910089,0.1627,0.0,0.0,0.0000,0.0000,5.0316,3.6445,11.8942,125.3750,enc,0.0000
1786348083.247203,0.3371,0.0,0.0,0.0000,0.0000,5.0316,3.6445,11.8942,125.3750,enc,0.0000
1786348083.566983,0.3198,0.0,0.0,0.0000,0.0000,5.0316,3.6445,11.8942,125.3750,enc,0.0000
1786348083.803191,0.2362,0.0,0.0,0.0000,0.0000,5.0316,3.6445,11.8942,125.4375,enc,0.0000
1786348084.082135,0.2789,0.0,0.0,0.0000,0.0000,5.0316,3.6445,11.8942,125.5000,enc,0.0000
1786348084.242481,0.1603,0.0,0.0,0.0000,0.0000,5.0316,3.6445,11.8942,125.5000,enc,0.0000
1786348084.450067,0.2076,0.0,0.0,0.0000,0.0000,5.0316,3.6445,11.8942,125.5000,enc,0.0000
1786348084.667186,0.2171,0.0,0.0,0.0000,0.0000,5.0316,3.6445,11.8942,125.5000,enc,0.0000
1786348084.770377,0.1032,0.0,0.0,0.0000,0.0000,5.0316,3.6445,11.8942,125.5000,enc,0.0000
1786348084.833006,0.0626,0.0,0.0,0.0000,0.0000,5.0316,3.6445,11.8942,125.5000,enc,0.0000
1786348085.025127,0.1921,0.0,0.0,0.0000,0.0000,5.0316,3.6445,11.8942,125.5000,enc,0.0000
1786348085.081195,0.0561,0.0,0.0,0.0000,0.0000,5.0316,3.6445,11.8942,125.5000,enc,0.0000
1786348085.211187,0.1300,0.0,0.0,0.0000,0.0000,5.0316,3.6445,11.8942,125.5000,enc,0.0000
1786348085.403424,0.1922,0.0,0.0,0.0000,0.0000,5.0316,3.6445,11.8942,125.5000,enc,0.0000
1786348085.491061,0.0876,0.0,0.0,0.0000,0.0000,5.0316,3.6445,11.8942,125.5000,enc,0.0000
1786348085.689322,0.1983,0.0,0.0,0.0000,0.0000,5.0316,3.6445,11.8942,125.5000,enc,0.0000
1786348085.786146,0.0968,0.0,0.0,0.0000,0.0000,5.0316,3.6445,11.8942,125.5000,enc,0.0000
1786348085.914439,0.1283,0.0,0.0,0.0000,0.0000,5.0316,3.6445,11.8942,125.5000,enc,0.0000
1786348086.010167,0.0957,0.0,0.0,0.0000,0.0000,5.0316,3.6445,11.8942,125.5000,enc,0.0000
1786348086.112444,0.1023,0.0,0.0,0.0000,0.0000,5.0316,3.6445,11.8942,125.5000,enc,0.0000
1786348086.241177,0.1287,0.0,0.0,0.0000,0.0000,5.0316,3.6445,11.8942,125.5000,enc,0.0000
1786348086.334158,0.0930,0.0,0.0,0.0000,0.0000,5.0316,3.6445,11.8942,125.5000,enc,0.0000
1786348086.444063,0.1099,0.0,0.0,0.0000,0.0000,5.0316,3.6445,11.8942,125.5000,enc,0.0000
1786348086.537005,0.0929,0.0,0.0,0.0000,0.0000,5.0316,3.6445,11.8942,125.5000,enc,0.0000
1786348086.654130,0.1171,0.0,0.0,0.0000,0.0000,5.0316,3.6445,11.8942,125.5000,enc,0.0000
1786348086.755026,0.1009,0.0,0.0,0.0000,0.0000,5.0316,3.6445,11.8942,125.5000,enc,0.0000
1786348086.842757,0.0877,0.0,0.0,0.0000,0.0000,5.0316,3.6445,11.8942,125.5000,enc,0.0000
1786348087.024726,0.1820,0.0,0.0,0.0000,0.0000,5.0316,3.6445,11.8942,125.5000,enc,0.0000
1786348087.091627,0.0669,0.0,0.0,0.0000,0.0000,5.0316,3.6445,11.8942,125.5000,enc,0.0000
1786348087.177206,0.0856,0.0,0.0,0.0000,0.0000,5.0316,3.6445,11.8942,125.5000,enc,0.0000
1786348087.305425,0.1282,0.0,0.0,0.0000,0.0000,5.0316,3.6445,11.8942,125.5000,enc,0.0000
1786348087.371597,0.0662,0.0,0.0,0.0000,0.0000,5.0316,3.6445,11.8942,125.5000,enc,0.0000
1786348087.437979,0.0664,0.0,0.0,0.0000,0.0000,5.0316,3.6445,11.8942,125.5000,enc,0.0000
1786348087.585804,0.1478,0.0,0.0,0.0000,0.0000,5.0316,3.6445,11.8942,125.5000,enc,0.0000
1786348087.640406,0.0546,0.0,0.0,0.0000,0.0000,5.0316,3.6445,11.8942,125.5000,enc,0.0000
1786348087.728845,0.0884,0.0,0.0,0.0000,0.0000,5.0316,3.6445,11.8942,125.5000,enc,0.0000
1786348087.851106,0.1223,0.0,0.0,0.0000,0.0000,5.0316,3.6445,11.8942,125.5000,enc,0.0000
1786348087.943906,0.0928,0.0,0.0,0.0000,0.0000,5.0316,3.6445,11.8942,125.5000,enc,0.0000
1786348088.049867,0.1060,0.0,0.0,0.0000,0.0000,5.0316,3.6445,11.8942,125.5000,enc,0.0000
1786348088.250978,0.2011,0.0,0.0,0.0000,0.0000,5.0316,3.6445,11.8942,125.5000,enc,0.0000
1786348088.303725,0.0527,0.0,0.0,0.0000,0.0000,5.0316,3.6445,11.8942,125.5000,enc,0.0000
1786348088.410312,0.1066,0.0,0.0,0.0000,0.0000,5.0316,3.6445,11.8942,125.5000,enc,0.0000
1786348088.599615,0.1893,0.0,0.0,0.0000,0.0000,5.0316,3.6445,11.8942,125.5000,enc,0.0000
1786348088.679953,0.0803,0.0,0.0,0.0000,0.0000,5.0316,3.6445,11.8942,125.5000,enc,0.0000
1786348088.790342,0.1104,0.0,0.0,0.0000,0.0000,5.0316,3.6445,11.8942,125.5000,enc,0.0000
1786348088.915835,0.1255,0.0,0.0,0.0000,0.0000,5.0316,3.6445,11.8942,125.5000,enc,0.0000
1786348089.106427,0.1906,0.0,0.0,0.0000,0.0000,5.0316,3.6445,11.8942,125.5000,enc,0.0000
1786348089.429942,0.3235,0.0,0.0,0.0000,0.0000,5.0316,3.6445,11.8942,125.5000,enc,0.0000
1786348089.506740,0.0768,0.0,0.0,0.0000,0.0000,5.0316,3.6445,11.8942,125.5000,enc,0.0000
1786348089.586893,0.0802,0.0,0.0,0.0000,0.0000,5.0316,3.6445,11.8942,125.5000,enc,0.0000
1786348089.684823,0.0979,0.0,0.0,0.0000,0.0000,5.0316,3.6445,11.8942,125.5000,enc,0.0000
1786348089.716391,0.0316,0.0,0.0,0.0000,0.0000,5.0316,3.6445,11.8942,125.5000,enc,0.0000
1786348089.785576,0.0692,0.0,0.0,0.0000,0.0000,5.0316,3.6445,11.8942,125.5000,enc,0.0000
1786348089.922474,0.1369,0.0,0.0,0.0000,0.0000,5.0316,3.6445,11.8942,125.5000,enc,0.0000
1786348090.098114,0.1756,0.0,0.0,0.0000,0.0000,5.0316,3.6445,11.8942,125.5000,enc,0.0000
1786348090.217915,0.1198,0.0,0.0,0.0000,0.0000,5.0316,3.6445,11.8942,125.5000,enc,0.0000
1786348090.299075,0.0812,0.0,0.0,0.0000,0.0000,5.0316,3.6445,11.8942,125.5000,enc,0.0000
1786348090.419532,0.1205,0.0,0.0,0.0000,0.0000,5.0316,3.6445,11.8942,125.5000,enc,0.0000
1786348090.502089,0.0826,0.0,0.0,0.0000,0.0000,5.0316,3.6445,11.8942,125.5000,enc,0.0000
1786348090.589862,0.0878,0.0,0.0,0.0000,0.0000,5.0316,3.6445,11.8942,125.5000,enc,0.0000
1786348090.670832,0.0810,0.0,0.0,0.0000,0.0000,5.0316,3.6445,11.8942,125.5000,enc,0.0000
1786348090.724348,0.0535,0.0,0.0,0.0000,0.0000,5.0316,3.6445,11.8942,125.5000,enc,0.0000
1786348090.913345,0.1890,0.6480357646942139,0.490312784910202,0.0033,-0.0027,5.0321,3.6442,11.8937,125.5625,enc,0.0004
1786348091.003316,0.0900,6.349320411682129,5.977641582489014,0.0361,-0.0063,5.0347,3.6423,11.8931,125.5625,enc,0.0011
1786348091.053065,0.0497,16.09718132019043,15.112584114074707,0.0915,-0.0167,5.0382,3.6393,11.8923,125.6250,enc,-0.0027
1786348091.359947,0.3069,21.625471115112305,22.31064796447754,0.1288,0.0116,5.0698,3.6155,11.8958,125.6250,enc,0.0030
1786348091.537341,0.1774,28.016036987304688,28.280149459838867,0.1651,0.0045,5.0927,3.5973,11.8966,125.6250,enc,0.0002
1786348091.539422,0.0021,29.48664093017578,29.885759353637695,0.1741,0.0068,5.0930,3.5971,11.8967,125.4375,enc,-0.0001
1786348091.821960,0.2825,28.690275192260742,26.85390853881836,0.1629,-0.0312,5.1288,3.5682,11.8878,125.6250,enc,-0.0001
1786348091.930350,0.1084,25.26604652404785,27.55475425720215,0.1549,0.0389,5.1419,3.5576,11.8921,125.5000,enc,-0.0009
1786348092.017529,0.0872,26.767791748046875,26.84762191772461,0.1572,0.0014,5.1525,3.5490,11.8922,125.4375,enc,-0.0007
1786348092.124557,0.1070,26.30593490600586,26.252779006958008,0.1541,-0.0009,5.1654,3.5387,11.8921,125.5625,enc,-0.0002
1786348092.179539,0.0550,23.96030044555664,23.800630569458008,0.1400,-0.0027,5.1714,3.5339,11.8919,125.5625,enc,0.0004
1786348092.278771,0.0992,26.582473754882812,26.449920654296875,0.1555,-0.0023,5.1835,3.5243,11.8917,125.5625,enc,0.0003
1786348092.440512,0.1617,26.686172485351562,26.57972526550293,0.1562,-0.0018,5.2032,3.5085,11.8914,125.5625,enc,0.0000
1786348092.539212,0.0987,26.479015350341797,25.55858612060547,0.1526,-0.0156,5.2148,3.4988,11.8899,125.5000,enc,-0.0031
1786348092.585713,0.0465,24.272762298583984,25.30377769470215,0.1454,0.0175,5.2202,3.4948,11.8907,125.6250,enc,0.0038
1786348092.634806,0.0491,26.654870986938477,26.78765106201172,0.1567,0.0023,5.2262,3.4899,11.8908,125.5625,enc,-0.0001
1786348092.673909,0.0391,26.507461547851562,26.481098175048828,0.1554,-0.0004,5.2309,3.4861,11.8908,125.5000,enc,0.0001
1786348092.736631,0.0627,26.5756893157959,25.488983154296875,0.1527,-0.0185,5.2382,3.4800,11.8896,125.6875,enc,-0.0036
1786348092.790865,0.0542,24.337936401367188,25.37580108642578,0.1458,0.0176,5.2445,3.4752,11.8906,125.6250,enc,0.0037
1786348092.831198,0.0403,26.60610580444336,26.65882110595703,0.1562,0.0009,5.2494,3.4712,11.8906,125.5000,enc,-0.0002
1786348092.874389,0.0432,26.494476318359375,26.468063354492188,0.1553,-0.0004,5.2547,3.4670,11.8906,125.6250,enc,-0.0003
1786348092.918293,0.0439,26.45488739013672,24.43280029296875,0.1492,-0.0344,5.2598,3.4629,11.8891,125.6250,enc,-0.0002
1786348092.949922,0.0316,21.587459564208984,23.583477020263672,0.1324,0.0339,5.2630,3.4603,11.8902,125.6250,enc,-0.0003
1786348092.953414,0.0035,14.960524559020996,15.093279838562012,0.0881,0.0023,5.2633,3.4601,11.8902,125.5625,enc,0.0003
1786348093.053605,0.1002,4.5021586418151855,4.422382354736328,0.0262,-0.0014,5.2653,3.4584,11.8900,125.6250,enc,-0.0001
1786348093.072890,0.0193,3.835211753845215,-0.30494850873947144,0.0104,-0.0704,5.2655,3.4583,11.8887,125.7500,enc,0.0017
1786348093.138060,0.0652,13.618831634521484,0.3331356942653656,0.0409,-0.2258,5.2675,3.4566,11.8739,127.5000,enc,-0.0011
1786348093.177680,0.0396,27.577016830444336,4.020821571350098,0.0926,-0.4004,5.2703,3.4542,11.8581,130.5625,enc,0.0006
1786348093.209256,0.0316,37.01960372924805,6.542653560638428,0.1277,-0.5180,5.2733,3.4516,11.8417,134.3750,enc,0.0004
1786348093.250381,0.0411,37.97529983520508,3.3538503646850586,0.1212,-0.5885,5.2770,3.4482,11.8175,139.4375,enc,0.0000
1786348093.325778,0.0754,27.301898956298828,-3.297051429748535,0.0704,-0.5201,5.2807,3.4444,11.7783,144.1250,enc,0.0000
1786348093.427432,0.1017,16.870040893554688,-8.959945678710938,0.0232,-0.4391,5.2823,3.4426,11.7337,147.9375,enc,-0.0004
1786348093.530045,0.1026,3.7481987476348877,-7.6321797370910645,-0.0114,-0.1934,5.2815,3.4435,11.7138,149.7500,enc,-0.0006
1786348093.786499,0.2565,-0.9847074747085571,-2.83895206451416,-0.0112,-0.0315,5.2797,3.4457,11.7057,150.2500,enc,0.0006
1786348093.986857,0.2004,-1.0653406381607056,-0.04074032977223396,-0.0032,0.0174,5.2792,3.4462,11.7092,150.1875,enc,-0.0006
1786348094.206206,0.2193,-3.9210426807403564,3.121812343597412,-0.0023,0.1197,5.2787,3.4465,11.7355,149.8125,enc,-0.0005
1786348094.336460,0.1303,-9.951622009277344,9.311522483825684,-0.0019,0.3274,5.2785,3.4466,11.7781,147.8750,enc,-0.0006
1786348094.565751,0.2293,-14.06789779663086,13.523798942565918,-0.0016,0.4690,5.2781,3.4466,11.8857,144.3750,enc,-0.0012
1786348094.704961,0.1392,-14.47331428527832,15.721352577209473,0.0037,0.5132,5.2787,3.4466,11.9571,139.5000,enc,0.0025
1786348094.803564,0.0986,-14.27204418182373,14.432044982910156,0.0005,0.4879,5.2787,3.4465,12.0052,135.6875,enc,-0.0005
1786348094.845412,0.0418,-6.715710163116455,7.163475513458252,0.0013,0.2359,5.2787,3.4465,12.0151,133.1875,enc,-0.0002
1786348094.994549,0.1491,-0.9700916409492493,0.8102710247039795,-0.0005,0.0303,5.2787,3.4465,12.0196,132.6250,enc,-0.0001
1786348095.055748,0.0612,-1.2678862810134888,1.0126948356628418,-0.0007,0.0388,5.2786,3.4466,12.0220,132.5625,enc,0.0004
1786348095.122028,0.0663,-6.2143988609313965,5.702443599700928,-0.0015,0.2026,5.2786,3.4466,12.0354,131.2500,enc,-0.0002
1786348095.202272,0.0802,-6.368392467498779,6.051860332489014,-0.0009,0.2111,5.2784,3.4466,12.0524,129.0625,enc,-0.0011
1786348095.542154,0.3399,-1.1053332090377808,4.681796073913574,0.0105,0.0984,5.2818,3.4453,12.0858,128.3125,enc,0.0011
1786348095.632787,0.0906,6.612550735473633,8.231362342834473,0.0435,0.0275,5.2853,3.4435,12.0883,127.8125,enc,0.0005
1786348096.109799,0.4770,15.854366302490234,16.064964294433594,0.0936,0.0036,5.3253,3.4236,12.0900,127.7500,enc,0.0013
1786348096.461919,0.3521,23.911949157714844,22.692922592163086,0.1367,-0.0207,5.3673,3.4001,12.0827,127.8125,enc,-0.0036
1786348096.962938,0.5010,25.69940948486328,26.630674362182617,0.1534,0.0158,5.4364,3.3663,12.0906,127.8750,enc,0.0033
1786348098.276265,1.3133,28.98118782043457,29.06007194519043,0.1702,0.0013,5.6349,3.2635,12.0924,127.6875,enc,-0.0006
1786348098.276734,0.0005,28.567806243896484,28.779693603515625,0.1682,0.0036,5.6349,3.2635,12.0924,128.0000,enc,0.0004
1786348098.659152,0.3824,26.995969772338867,25.110332489013672,0.1528,-0.0321,5.6866,3.2363,12.0801,127.8125,enc,0.0004
1786348100.455827,1.7967,24.56964874267578,26.642539978027344,0.1502,0.0352,5.9327,3.1256,12.1434,127.8125,enc,0.0000
1786348100.455911,0.0001,26.320201873779297,26.320201873779297,0.1543,0.0000,5.9327,3.1256,12.1434,127.8750,enc,0.0000
1786348100.543236,0.0873,26.178970336914062,26.2053165435791,0.1536,0.0004,5.9449,3.1201,12.1435,127.9375,enc,-0.0003
1786348100.783902,0.2407,26.68307113647461,26.603254318237305,0.1562,-0.0014,5.9791,3.1045,12.1432,127.8125,enc,-0.0007
1786348100.850306,0.0664,24.25663185119629,24.309757232666016,0.1424,0.0009,5.9878,3.1006,12.1432,127.9375,enc,0.0004
1786348100.902184,0.0519,26.662939071655273,26.63632583618164,0.1563,-0.0005,5.9952,3.0973,12.1432,128.0000,enc,0.0003
1786348101.042892,0.1407,26.586021423339844,26.586021423339844,0.1559,0.0000,6.0152,3.0883,12.1432,128.0625,enc,0.0000
1786348101.122087,0.0792,26.568510055541992,26.515596389770508,0.1557,-0.0009,6.0264,3.0833,12.1431,127.9375,enc,0.0007
1786348101.221806,0.0997,25.595468521118164,25.595468521118164,0.1501,0.0000,6.0401,3.0772,12.1431,128.1250,enc,0.0002
1786348101.397413,0.1756,25.348403930664062,25.215465545654297,0.1483,-0.0023,6.0638,3.0665,12.1427,128.1875,enc,0.0001
1786348101.447981,0.0506,18.83755874633789,31.86093521118164,0.1487,0.2214,6.0707,3.0635,12.1539,127.0000,enc,0.0007
1786348101.475575,0.0276,13.84518051147461,37.848663330078125,0.1516,0.4080,6.0746,3.0619,12.1652,124.0000,enc,0.0005
1786348101.577737,0.1022,12.875850677490234,41.05179977416992,0.1581,0.4789,6.0897,3.0562,12.2141,120.1875,enc,-0.0005
1786348101.665302,0.0876,16.64303970336914,34.12822341918945,0.1489,0.2972,6.1020,3.0520,12.2401,117.0000,enc,-0.0009
1786348101.868283,0.2030,22.07220458984375,29.35027503967285,0.1508,0.1237,6.1312,3.0426,12.2652,115.7500,enc,-0.0014
1786348101.951047,0.0828,18.428220748901367,17.369171142578125,0.1050,-0.0180,6.1394,3.0399,12.2638,115.6250,enc,-0.0015
1786348102.006320,0.0553,7.8672990798950195,4.7118377685546875,0.0369,-0.0536,6.1414,3.0393,12.2608,116.1875,enc,-0.0005
1786348102.057309,0.0510,0.6407060027122498,-0.5143910050392151,0.0004,-0.0196,6.1414,3.0393,12.2598,116.4375,enc,0.0004
1786348102.104697,0.0474,-0.10653714090585709,-0.8442781567573547,-0.0028,-0.0125,6.1413,3.0394,12.2592,116.5000,enc,0.0009
1786348102.161495,0.0568,-0.0454266332089901,-0.49320346117019653,-0.0016,-0.0076,6.1412,3.0395,12.2588,116.5000,enc,0.0007
1786348102.221958,0.0605,-0.0026984543073922396,-0.02929750271141529,-0.0001,-0.0005,6.1412,3.0395,12.2587,116.5625,enc,-0.0001
1786348102.264037,0.0421,0.09029459953308105,0.03727053850889206,0.0004,-0.0009,6.1412,3.0395,12.2587,116.5625,enc,0.0002
1786348102.314084,0.0500,0.0,0.0,0.0000,0.0000,6.1412,3.0395,12.2587,116.5625,enc,0.0000
1786348102.361005,0.0469,0.0,0.0,0.0000,0.0000,6.1412,3.0395,12.2587,116.5625,enc,0.0000
1786348102.428100,0.0671,0.0,0.0,0.0000,0.0000,6.1412,3.0395,12.2587,116.5625,enc,0.0000
1786348102.464115,0.0360,0.0,0.0,0.0000,0.0000,6.1412,3.0395,12.2587,116.5625,enc,0.0000
1786348102.519572,0.0555,26.25655746459961,26.09693717956543,0.1535,-0.0027,6.1493,3.0369,12.2585,117.4375,enc,0.0004
1786348102.589288,0.0697,24.889892578125,23.83638572692871,0.1429,-0.0179,6.1589,3.0341,12.2573,117.3750,enc,0.0037
1786348102.698667,0.1094,24.977020263671875,26.75002670288086,0.1517,0.0301,6.1746,3.0287,12.2606,117.4375,enc,-0.0036
1786348102.732709,0.0340,21.969879150390625,30.936681747436523,0.1551,0.1524,6.1797,3.0272,12.2658,116.4375,enc,0.0003
1786348102.790560,0.0579,14.945545196533203,36.95248794555664,0.1522,0.3741,6.1881,3.0248,12.2874,114.3125,enc,0.0008
1786348102.834805,0.0442,10.905990600585938,45.10516357421875,0.1642,0.5813,6.1949,3.0220,12.3131,109.8125,enc,-0.0226
1786348102.919614,0.0848,8.609923362731934,36.68424987792969,0.1328,0.4772,6.2064,3.0216,12.3536,105.2500,enc,0.0239
1786348103.038740,0.1191,12.514382362365723,43.43227005004883,0.1640,0.5255,6.2257,3.0186,12.4162,100.9375,enc,-0.0008
1786348103.097700,0.0590,19.537517547607422,37.26572036743164,0.1666,0.3013,6.2354,3.0172,12.4340,98.0625,enc,-0.0013
1786348103.130417,0.0327,22.60879135131836,27.106327056884766,0.1458,0.0764,6.2401,3.0166,12.4365,96.9375,enc,-0.0010
1786348103.221542,0.0911,27.117446899414062,25.227766036987305,0.1535,-0.0321,6.2540,3.0147,12.4336,97.3750,enc,-0.0007
1786348103.264391,0.0428,27.597396850585938,24.272247314453125,0.1521,-0.0565,6.2604,3.0138,12.4311,97.6875,enc,0.0003
1786348103.292987,0.0286,25.704275131225586,22.79057502746582,0.1422,-0.0495,6.2645,3.0134,12.4297,98.0625,enc,0.0041
1786348103.368706,0.0757,23.57722282409668,28.08403968811035,0.1515,0.0766,6.2758,3.0117,12.4355,98.1875,enc,-0.0026
1786348103.484881,0.1162,17.59954071044922,34.66215515136719,0.1532,0.2900,6.2935,3.0100,12.4692,96.1250,enc,0.0007
1786348103.530115,0.0452,11.90176010131836,40.150421142578125,0.1526,0.4802,6.3004,3.0095,12.4909,92.3125,enc,0.0000
1786348103.621770,0.0917,12.97898006439209,37.87897872924805,0.1491,0.4232,6.3141,3.0092,12.5297,88.5000,enc,0.0016
1786348103.630968,0.0092,19.12534523010254,35.73255920410156,0.1609,0.2823,6.3156,3.0091,12.5323,85.8750,enc,-0.0018
1786348103.659913,0.0289,25.25877571105957,29.326025009155273,0.1601,0.0691,6.3202,3.0089,12.5343,85.0000,enc,-0.0003
1786348103.733115,0.0732,27.12872314453125,25.16573143005371,0.1533,-0.0334,6.3314,3.0086,12.5319,85.1875,enc,0.0001
1786348103.786675,0.0536,27.278291702270508,24.33714485168457,0.1513,-0.0500,6.3395,3.0083,12.5292,85.5625,enc,0.0006
1786348103.791368,0.0047,27.04291343688965,24.336854934692383,0.1507,-0.0460,6.3402,3.0082,12.5290,85.9375,enc,-0.0039
1786348103.888132,0.0968,24.528596878051758,25.14011573791504,0.1456,0.0104,6.3543,3.0081,12.5300,86.1250,enc,0.0037
1786348103.917199,0.0291,26.670188903808594,26.696802139282227,0.1565,0.0005,6.3589,3.0079,12.5300,86.1250,enc,0.0003
1786348103.960230,0.0430,26.83432388305664,26.99394989013672,0.1578,0.0027,6.3657,3.0077,12.5301,86.0625,enc,0.0006
1786348104.019268,0.0590,24.19917869567871,24.305572509765625,0.1422,0.0018,6.3740,3.0074,12.5302,86.0625,enc,0.0002
1786348104.023157,0.0039,26.876773834228516,26.983253479003906,0.1579,0.0018,6.3747,3.0074,12.5302,86.2500,enc,0.0002
1786348104.060590,0.0374,26.61249542236328,26.74506378173828,0.1565,0.0023,6.3805,3.0072,12.5303,86.0625,enc,0.0003
1786348104.103391,0.0428,26.45815086364746,26.511075973510742,0.1553,0.0009,6.3872,3.0070,12.5304,86.1875,enc,0.0002
1786348104.149142,0.0458,26.631385803222656,26.57866096496582,0.1560,-0.0009,6.3943,3.0067,12.5303,86.1250,enc,-0.0004
1786348104.211940,0.0628,26.507915496826172,25.523038864135742,0.1526,-0.0167,6.4039,3.0061,12.5293,86.0625,enc,-0.0037
1786348104.305982,0.0940,25.367033004760742,25.23516273498535,0.1484,-0.0022,6.4178,3.0062,12.5291,86.0625,enc,0.0068
1786348104.500262,0.1943,25.723447799682617,26.73516082763672,0.1538,0.0172,6.4477,3.0045,12.5324,86.2500,enc,-0.0036
1786348104.569173,0.0689,26.418306350708008,26.497377395629883,0.1552,0.0013,6.4583,3.0042,12.5325,86.1250,enc,0.0001
1786348104.624667,0.0555,26.718032836914062,26.691587448120117,0.1566,-0.0004,6.4670,3.0039,12.5325,86.1250,enc,-0.0001
1786348104.775299,0.1506,26.734071731567383,26.70745277404785,0.1567,-0.0005,6.4906,3.0030,12.5324,86.2500,enc,-0.0007
1786348104.912280,0.1370,26.814233779907227,26.761085510253906,0.1571,-0.0009,6.5121,3.0022,12.5323,86.3125,enc,0.0000
1786348104.949892,0.0376,26.602283477783203,26.575828552246094,0.1559,-0.0004,6.5180,3.0020,12.5323,86.1875,enc,-0.0001
1786348105.050833,0.1009,27.191173553466797,31.919235229492188,0.1733,0.0804,6.5354,2.9992,12.5404,86.1250,enc,-0.0234
1786348105.148758,0.0979,23.758066177368164,19.053449630737305,0.1255,-0.0800,6.5478,3.0011,12.5325,86.1875,enc,0.0241
1786348105.251237,0.1025,26.60783576965332,26.58146858215332,0.1560,-0.0004,6.5638,3.0006,12.5325,86.3125,enc,-0.0001
1786348105.385021,0.1338,26.654966354370117,26.761455535888672,0.1566,0.0018,6.5847,2.9999,12.5327,86.1875,enc,0.0002
1786348105.533880,0.1489,26.475337982177734,26.501693725585938,0.1553,0.0004,6.6078,2.9992,12.5328,86.3125,enc,0.0001
1786348105.583674,0.0498,26.687244415283203,26.581050872802734,0.1562,-0.0018,6.6156,2.9989,12.5327,86.2500,enc,-0.0002
1786348105.687790,0.1041,26.47527313232422,26.527917861938477,0.1554,0.0009,6.6318,2.9983,12.5328,86.2500,enc,0.0000
1786348105.886377,0.1986,26.55401611328125,26.501256942749023,0.1556,-0.0009,6.6626,2.9973,12.5326,86.1875,enc,0.0000
1786348105.888427,0.0020,25.328739166259766,24.450519561767578,0.1460,-0.0149,6.6629,2.9973,12.5326,86.2500,enc,0.0038
1786348105.987752,0.0993,25.723194122314453,26.707151412963867,0.1537,0.0167,6.6782,2.9964,12.5343,86.3125,enc,-0.0037
1786348106.171962,0.1842,26.788223266601562,26.73499870300293,0.1569,-0.0009,6.7071,2.9953,12.5341,86.2500,enc,-0.0013
1786348106.245491,0.0735,26.738815307617188,26.712223052978516,0.1567,-0.0005,6.7186,2.9949,12.5341,86.3750,enc,-0.0003
1786348106.347007,0.1015,26.5360107421875,26.562362670898438,0.1557,0.0004,6.7344,2.9943,12.5341,86.3750,enc,-0.0003
1786348106.426868,0.0799,26.474653244018555,26.421926498413086,0.1551,-0.0009,6.7468,2.9939,12.5340,86.1875,enc,0.0000
1786348106.806517,0.3796,26.41905975341797,26.445297241210938,0.1550,0.0004,6.8056,2.9922,12.5342,86.1875,enc,0.0005
1786348106.872167,0.0656,26.349777221679688,24.340585708618164,0.1486,-0.0342,6.8153,2.9919,12.5320,86.1875,enc,0.0000
1786348106.937896,0.0657,24.223222732543945,26.222728729248047,0.1479,0.0340,6.8251,2.9916,12.5342,86.2500,enc,0.0002
1786348106.989623,0.0517,26.64143943786621,26.69454002380371,0.1564,0.0009,6.8331,2.9914,12.5342,86.3125,enc,0.0007
1786348107.271721,0.2821,26.387907028198242,26.387907028198242,0.1547,0.0000,6.8768,2.9902,12.5342,86.4375,enc,0.0007
1786348107.431397,0.1597,26.717607498168945,26.63778305053711,0.1564,-0.0014,6.9017,2.9894,12.5340,86.5000,enc,0.0005
1786348107.653209,0.2218,26.718814849853516,26.692276000976562,0.1566,-0.0005,6.9365,2.9884,12.5339,86.3125,enc,0.0005
1786348107.679065,0.0259,26.599658966064453,26.599658966064453,0.1560,0.0000,6.9405,2.9883,12.5339,86.3750,enc,0.0000
1786348107.790940,0.1119,24.408592224121094,24.488452911376953,0.1434,0.0014,6.9565,2.9877,12.5341,86.4375,enc,-0.0003
1786348107.835468,0.0445,26.800695419311523,26.85392189025879,0.1573,0.0009,6.9635,2.9875,12.5341,86.4375,enc,0.0000
1786348107.876269,0.0408,26.71803855895996,26.71803855895996,0.1567,0.0000,6.9699,2.9873,12.5341,86.4375,enc,-0.0004
1786348107.910511,0.0342,26.614578247070312,26.66731071472168,0.1562,0.0009,6.9753,2.9871,12.5342,86.3750,enc,-0.0004
1786348107.987409,0.0769,26.60402488708496,26.630508422851562,0.1561,0.0005,6.9873,2.9867,12.5342,86.4375,enc,-0.0003
1786348108.030245,0.0428,26.525026321411133,24.341461181640625,0.1491,-0.0371,6.9936,2.9865,12.5326,86.5000,enc,-0.0002
1786348108.139725,0.1095,24.2973690032959,26.326509475708008,0.1484,0.0345,7.0099,2.9860,12.5364,86.2500,enc,0.0003
1786348108.233523,0.0938,26.793941497802734,26.84715461730957,0.1573,0.0009,7.0246,2.9856,12.5365,86.4375,enc,0.0000
1786348108.333004,0.0995,26.4150390625,26.49410057067871,0.1551,0.0013,7.0401,2.9851,12.5366,86.6250,enc,0.0003
1786348108.380098,0.0471,26.679487228393555,26.653018951416016,0.1564,-0.0004,7.0474,2.9849,12.5366,86.5000,enc,0.0001
1786348108.409785,0.0297,26.252140045166016,26.145896911621094,0.1536,-0.0018,7.0520,2.9848,12.5365,86.6250,enc,0.0006
1786348108.489953,0.0802,21.727785110473633,20.45267105102539,0.1237,-0.0217,7.0619,2.9845,12.5348,86.6250,enc,-0.0002
1786348108.606652,0.1167,11.234000205993652,12.747127532958984,0.0703,0.0257,7.0701,2.9841,12.5378,86.8750,enc,-0.0014
1786348108.716677,0.1100,2.6797096729278564,2.5732004642486572,0.0154,-0.0018,7.0718,2.9839,12.5376,86.6875,enc,-0.0008
1786348108.851421,0.1347,-0.261879563331604,-0.6569894552230835,-0.0027,-0.0067,7.0714,2.9840,12.5367,86.6250,enc,0.0003
1786348108.966398,0.1150,-0.018890270963311195,-0.2050943821668625,-0.0007,-0.0032,7.0713,2.9840,12.5363,86.6250,enc,-0.0001
1786348109.065291,0.0989,-0.0080017214640975,-0.08687583357095718,-0.0003,-0.0013,7.0713,2.9840,12.5362,86.6875,enc,-0.0003
1786348109.117558,0.0523,0.015821250155568123,-0.14393478631973267,-0.0004,-0.0027,7.0713,2.9840,12.5360,86.6875,enc,0.0004
1786348109.220193,0.1026,0.028966618701815605,0.0026679779402911663,0.0001,-0.0004,7.0713,2.9840,12.5360,86.6875,enc,0.0001
1786348109.371841,0.1516,0.0,0.0,0.0000,0.0000,7.0713,2.9840,12.5360,86.6875,enc,0.0000
1786348109.488795,0.1170,0.0,0.0,0.0000,0.0000,7.0713,2.9840,12.5360,86.6875,enc,0.0000
1786348110.004071,0.5153,0.0,0.0,0.0000,0.0000,7.0713,2.9840,12.5360,86.7500,enc,0.0000
1786348110.004122,0.0001,0.0,0.0,0.0000,0.0000,7.0713,2.9840,12.5360,86.7500,enc,0.0000
1786348110.038826,0.0347,0.0,0.0,0.0000,0.0000,7.0713,2.9840,12.5360,86.7500,enc,0.0000
1786348110.122761,0.0839,0.0,0.0,0.0000,0.0000,7.0713,2.9840,12.5360,86.7500,enc,0.0000
1786348110.225866,0.1031,0.0,0.0,0.0000,0.0000,7.0713,2.9840,12.5360,86.7500,enc,0.0000
1786348110.326712,0.1008,0.0,0.0,0.0000,0.0000,7.0713,2.9840,12.5360,86.7500,enc,0.0000
1786348110.439015,0.1123,0.0,0.0,0.0000,0.0000,7.0713,2.9840,12.5360,86.7500,enc,0.0000
1786348110.597170,0.1582,0.0,0.0,0.0000,0.0000,7.0713,2.9840,12.5360,86.7500,enc,0.0000
1786348110.673713,0.0765,0.0,0.0,0.0000,0.0000,7.0713,2.9840,12.5360,86.7500,enc,0.0000
1786348110.891956,0.2182,0.0,0.0,0.0000,0.0000,7.0713,2.9840,12.5360,86.7500,enc,0.0000
1786348110.937883,0.0459,0.0,0.0,0.0000,0.0000,7.0713,2.9840,12.5360,86.7500,enc,0.0000
1786348111.020944,0.0831,0.0,0.0,0.0000,0.0000,7.0713,2.9840,12.5360,86.7500,enc,0.0000
1786348111.113929,0.0930,0.0,0.0,0.0000,0.0000,7.0713,2.9840,12.5360,86.7500,enc,0.0000
1786348111.166357,0.0524,0.0,0.0,0.0000,0.0000,7.0713,2.9840,12.5360,86.7500,enc,0.0000
1786348111.305200,0.1388,0.0,0.0,0.0000,0.0000,7.0713,2.9840,12.5360,86.7500,enc,0.0000
1786348111.414588,0.1094,0.0,0.0,0.0000,0.0000,7.0713,2.9840,12.5360,86.7500,enc,0.0000
1786348111.510157,0.0956,0.0,0.0,0.0000,0.0000,7.0713,2.9840,12.5360,86.7500,enc,0.0000
1786348111.635359,0.1252,0.0,0.0,0.0000,0.0000,7.0713,2.9840,12.5360,86.7500,enc,0.0000
1786348111.725170,0.0898,0.0,0.0,0.0000,0.0000,7.0713,2.9840,12.5360,86.7500,enc,0.0000
1786348111.976397,0.2512,0.0,0.0,0.0000,0.0000,7.0713,2.9840,12.5360,86.7500,enc,0.0000
1786348112.282114,0.3057,0.0,0.0,0.0000,0.0000,7.0713,2.9840,12.5360,86.7500,enc,0.0000
1786348112.405926,0.1238,0.0,0.0,0.0000,0.0000,7.0713,2.9840,12.5360,86.7500,enc,0.0000
1786348112.567706,0.1618,0.0,0.0,0.0000,0.0000,7.0713,2.9840,12.5360,86.7500,enc,0.0000
1786348112.834413,0.2667,0.0,0.0,0.0000,0.0000,7.0713,2.9840,12.5360,86.7500,enc,0.0000
1786348113.076024,0.2416,0.0,0.0,0.0000,0.0000,7.0713,2.9840,12.5360,86.7500,enc,0.0000
1786348113.145827,0.0698,0.0,0.0,0.0000,0.0000,7.0713,2.9840,12.5360,86.6875,enc,0.0000
1786348113.484233,0.3384,0.0,0.0,0.0000,0.0000,7.0713,2.9840,12.5360,86.5000,enc,0.0000
1786348114.066467,0.5822,0.0,0.0,0.0000,0.0000,7.0713,2.9840,12.5360,86.2500,enc,0.0000
1786348114.394866,0.3284,0.0,0.0,0.0000,0.0000,7.0713,2.9840,12.5360,86.3125,enc,0.0000
1786348114.605998,0.2111,0.0,0.0,0.0000,0.0000,7.0713,2.9840,12.5360,86.3125,enc,0.0000
1786348114.689655,0.0837,0.0,0.0,0.0000,0.0000,7.0713,2.9840,12.5360,86.3750,enc,0.0000
1786348114.829907,0.1403,0.0,0.0,0.0000,0.0000,7.0713,2.9840,12.5360,86.5625,enc,0.0000
1786348115.103027,0.2731,0.0,0.0,0.0000,0.0000,7.0713,2.9840,12.5360,86.5625,enc,0.0000
1786348115.359611,0.2566,0.0,0.0,0.0000,0.0000,7.0713,2.9840,12.5360,86.5625,enc,0.0000
1786348115.455256,0.0956,0.0,0.0,0.0000,0.0000,7.0713,2.9840,12.5360,86.5625,enc,0.0000
1786348115.528828,0.0736,0.0,0.0,0.0000,0.0000,7.0713,2.9840,12.5360,86.5625,enc,0.0000
1786348115.601310,0.0725,0.0,0.0,0.0000,0.0000,7.0713,2.9840,12.5360,86.5625,enc,0.0000
1786348115.726856,0.1255,0.0,0.0,0.0000,0.0000,7.0713,2.9840,12.5360,86.5625,enc,0.0000
1786348115.765915,0.0391,0.0,0.0,0.0000,0.0000,7.0713,2.9840,12.5360,86.5625,enc,0.0000
1786348115.811280,0.0454,0.0,0.0,0.0000,0.0000,7.0713,2.9840,12.5360,86.5625,enc,0.0000
1786348115.922851,0.1116,0.0,0.0,0.0000,0.0000,7.0713,2.9840,12.5360,86.5625,enc,0.0000
1786348116.008910,0.0861,0.0,0.0,0.0000,0.0000,7.0713,2.9840,12.5360,86.5625,enc,0.0000
1786348116.052292,0.0434,0.0,0.0,0.0000,0.0000,7.0713,2.9840,12.5360,86.5625,enc,0.0000
1786348116.128090,0.0758,0.0,0.0,0.0000,0.0000,7.0713,2.9840,12.5360,86.5625,enc,0.0000
1786348116.139591,0.0115,0.0,0.0,0.0000,0.0000,7.0713,2.9840,12.5360,86.5625,enc,0.0000
1786348116.234989,0.0954,0.0,0.0,0.0000,0.0000,7.0713,2.9840,12.5360,86.5625,enc,0.0000
1786348116.244141,0.0092,0.0,0.0,0.0000,0.0000,7.0713,2.9840,12.5360,86.5625,enc,0.0000
1786348116.294861,0.0507,0.0,0.0,0.0000,0.0000,7.0713,2.9840,12.5360,86.5625,enc,0.0000
1786348116.375583,0.0807,0.0,0.0,0.0000,0.0000,7.0713,2.9840,12.5360,86.5625,enc,0.0000
1786348116.417185,0.0416,0.0,0.0,0.0000,0.0000,7.0713,2.9840,12.5360,86.5625,enc,0.0000
1786348116.446832,0.0296,0.0,0.0,0.0000,0.0000,7.0713,2.9840,12.5360,86.5625,enc,0.0000
1786348116.544105,0.0973,0.0,0.0,0.0000,0.0000,7.0713,2.9840,12.5360,86.5625,enc,0.0000
1786348116.584657,0.0406,0.0,0.0,0.0000,0.0000,7.0713,2.9840,12.5360,86.5625,enc,0.0000
1786348116.615252,0.0306,0.0,0.0,0.0000,0.0000,7.0713,2.9840,12.5360,86.5625,enc,0.0000
1786348116.716511,0.1013,0.0,0.0,0.0000,0.0000,7.0713,2.9840,12.5360,86.5625,enc,0.0000
1786348116.735677,0.0192,0.0,0.0,0.0000,0.0000,7.0713,2.9840,12.5360,86.5625,enc,0.0000
1786348116.830097,0.0944,0.0,0.0,0.0000,0.0000,7.0713,2.9840,12.5360,86.5625,enc,0.0000
1786348116.891231,0.0611,0.0,0.0,0.0000,0.0000,7.0713,2.9840,12.5360,86.5625,enc,0.0000
1786348116.897077,0.0058,0.0,0.0,0.0000,0.0000,7.0713,2.9840,12.5360,86.5625,enc,0.0000
1786348116.990017,0.0929,0.0,0.0,0.0000,0.0000,7.0713,2.9840,12.5360,86.5625,enc,0.0000
1786348117.045601,0.0556,0.0,0.0,0.0000,0.0000,7.0713,2.9840,12.5360,86.5625,enc,0.0000
1786348117.073216,0.0276,0.0,0.0,0.0000,0.0000,7.0713,2.9840,12.5360,86.5625,enc,0.0000
1786348117.140435,0.0672,0.0,0.0,0.0000,0.0000,7.0713,2.9840,12.5360,86.5625,enc,0.0000
1786348117.176910,0.0365,0.0,0.0,0.0000,0.0000,7.0713,2.9840,12.5360,86.5625,enc,0.0000
1786348117.233569,0.0567,0.0,0.0,0.0000,0.0000,7.0713,2.9840,12.5360,86.5625,enc,0.0000
1786348117.305485,0.0719,0.0,0.0,0.0000,0.0000,7.0713,2.9840,12.5360,86.5625,enc,0.0000
1786348117.404078,0.0986,0.0,0.0,0.0000,0.0000,7.0713,2.9840,12.5360,86.5625,enc,0.0000
1786348117.449160,0.0451,0.0,0.0,0.0000,0.0000,7.0713,2.9840,12.5360,86.5625,enc,0.0000
1786348117.526040,0.0769,0.0,0.0,0.0000,0.0000,7.0713,2.9840,12.5360,86.5625,enc,0.0000
1786348117.579928,0.0539,0.0,0.0,0.0000,0.0000,7.0713,2.9840,12.5360,86.5625,enc,0.0000
1786348117.626379,0.0465,0.0,0.0,0.0000,0.0000,7.0713,2.9840,12.5360,86.5625,enc,0.0000
1786348117.664688,0.0383,0.0,0.0,0.0000,0.0000,7.0713,2.9840,12.5360,86.5625,enc,0.0000
1786348117.726657,0.0620,0.0,0.0,0.0000,0.0000,7.0713,2.9840,12.5360,86.5625,enc,0.0000
1786348117.781610,0.0550,0.0,0.0,0.0000,0.0000,7.0713,2.9840,12.5360,86.5625,enc,0.0000
1786348117.824697,0.0431,0.0,0.0,0.0000,0.0000,7.0713,2.9840,12.5360,86.5625,enc,0.0000
1786348117.872487,0.0478,0.0,0.0,0.0000,0.0000,7.0713,2.9840,12.5360,86.5625,enc,0.0000
1786348117.932051,0.0596,0.0,0.0,0.0000,0.0000,7.0713,2.9840,12.5360,86.5625,enc,0.0000
1786348117.935829,0.0038,0.0,0.0,0.0000,0.0000,7.0713,2.9840,12.5360,86.5625,enc,0.0000
1786348117.976889,0.0411,0.0,0.0,0.0000,0.0000,7.0713,2.9840,12.5360,86.5625,enc,0.0000
1786348118.018752,0.0419,0.0,0.0,0.0000,0.0000,7.0713,2.9840,12.5360,86.5625,enc,0.0000
1786348118.058591,0.0398,0.0,0.0,0.0000,0.0000,7.0713,2.9840,12.5360,86.5625,enc,0.0000
1786348118.088639,0.0300,0.0,0.0,0.0000,0.0000,7.0713,2.9840,12.5360,86.5625,enc,0.0000
1786348118.118285,0.0296,0.0,0.0,0.0000,0.0000,7.0713,2.9840,12.5360,86.5625,enc,0.0000
1786348118.194467,0.0762,0.0,0.0,0.0000,0.0000,7.0713,2.9840,12.5360,86.5625,enc,0.0000
1786348118.288227,0.0938,0.0,0.0,0.0000,0.0000,7.0713,2.9840,12.5360,86.5625,enc,0.0000
1786348118.402694,0.1145,0.0,0.0,0.0000,0.0000,7.0713,2.9840,12.5360,86.5625,enc,0.0000
1786348118.509485,0.1068,0.0,0.0,0.0000,0.0000,7.0713,2.9840,12.5360,86.5625,enc,0.0000
1786348118.598696,0.0892,0.0,0.0,0.0000,0.0000,7.0713,2.9840,12.5360,86.5625,enc,0.0000
1786348118.844141,0.2454,0.0,0.0,0.0000,0.0000,7.0713,2.9840,12.5360,86.5625,enc,0.0000
1786348118.995245,0.1511,0.0,0.0,0.0000,0.0000,7.0713,2.9840,12.5360,86.5625,enc,0.0000
1786348119.011374,0.0161,0.0,0.0,0.0000,0.0000,7.0713,2.9840,12.5360,86.5625,enc,0.0000
1786348119.177460,0.1661,0.0,0.0,0.0000,0.0000,7.0713,2.9840,12.5360,86.5625,enc,0.0000
1786348119.294878,0.1174,0.0,0.0,0.0000,0.0000,7.0713,2.9840,12.5360,86.5625,enc,0.0000
1786348119.377495,0.0826,0.0,0.0,0.0000,0.0000,7.0713,2.9840,12.5360,86.5625,enc,0.0000
1786348119.534965,0.1575,0.0,0.0,0.0000,0.0000,7.0713,2.9840,12.5360,86.5625,enc,0.0000
1786348119.606912,0.0719,0.0,0.0,0.0000,0.0000,7.0713,2.9840,12.5360,86.5625,enc,0.0000
1786348119.735967,0.1291,0.0,0.0,0.0000,0.0000,7.0713,2.9840,12.5360,86.5625,enc,0.0000
1786348119.806009,0.0700,0.0,0.0,0.0000,0.0000,7.0713,2.9840,12.5360,86.5625,enc,0.0000
1786348119.981836,0.1758,0.0,0.0,0.0000,0.0000,7.0713,2.9840,12.5360,86.5625,enc,0.0000
1786348119.986363,0.0045,0.0,0.0,0.0000,0.0000,7.0713,2.9840,12.5360,86.5625,enc,0.0000
1786348120.130136,0.1438,0.0,0.0,0.0000,0.0000,7.0713,2.9840,12.5360,86.5625,enc,0.0000
1786348120.133115,0.0030,0.0,0.0,0.0000,0.0000,7.0713,2.9840,12.5360,86.5625,enc,0.0000
1786348120.249449,0.1163,0.0,0.0,0.0000,0.0000,7.0713,2.9840,12.5360,86.5625,enc,0.0000
1786348120.313278,0.0638,0.0,0.0,0.0000,0.0000,7.0713,2.9840,12.5360,86.5625,enc,0.0000
1786348120.402039,0.0888,0.0,0.0,0.0000,0.0000,7.0713,2.9840,12.5360,86.5625,enc,0.0000
1786348120.544631,0.1426,0.0,0.0,0.0000,0.0000,7.0713,2.9840,12.5360,86.5625,enc,0.0000
1786348120.646076,0.1014,0.0,0.0,0.0000,0.0000,7.0713,2.9840,12.5360,86.5625,enc,0.0000
1786348120.729994,0.0839,0.0,0.0,0.0000,0.0000,7.0713,2.9840,12.5360,86.5625,enc,0.0000
1786348120.816305,0.0863,0.0,0.0,0.0000,0.0000,7.0713,2.9840,12.5360,86.5625,enc,0.0000
1786348120.929396,0.1131,0.0,0.0,0.0000,0.0000,7.0713,2.9840,12.5360,86.5625,enc,0.0000
1786348121.074118,0.1447,0.0,0.0,0.0000,0.0000,7.0713,2.9840,12.5360,86.5625,enc,0.0000
1786348121.252919,0.1788,0.0,0.0,0.0000,0.0000,7.0713,2.9840,12.5360,86.5625,enc,0.0000
1786348121.254373,0.0015,0.0,0.0,0.0000,0.0000,7.0713,2.9840,12.5360,86.5625,enc,0.0000
1786348121.378692,0.1243,0.0,0.0,0.0000,0.0000,7.0713,2.9840,12.5360,86.5625,enc,0.0000
1786348121.467460,0.0888,0.0,0.0,0.0000,0.0000,7.0713,2.9840,12.5360,86.5625,enc,0.0000
1786348121.518549,0.0511,0.0,0.0,0.0000,0.0000,7.0713,2.9840,12.5360,86.5625,enc,0.0000
1786348121.651238,0.1327,0.0,0.0,0.0000,0.0000,7.0713,2.9840,12.5360,86.5625,enc,0.0000
1786348121.744665,0.0934,0.0,0.0,0.0000,0.0000,7.0713,2.9840,12.5360,86.5625,enc,0.0000
1786348121.863289,0.1186,0.0,0.0,0.0000,0.0000,7.0713,2.9840,12.5360,86.5625,enc,0.0000
1786348121.956119,0.0928,0.0,0.0,0.0000,0.0000,7.0713,2.9840,12.5360,86.5625,enc,0.0000
1786348122.042931,0.0868,0.0,0.0,0.0000,0.0000,7.0713,2.9840,12.5360,86.5625,enc,0.0000
1786348122.167938,0.1250,0.0,0.0,0.0000,0.0000,7.0713,2.9840,12.5360,86.5625,enc,0.0000
1786348122.404646,0.2367,0.0,0.0,0.0000,0.0000,7.0713,2.9840,12.5360,86.5625,enc,0.0000
1786348122.509075,0.1044,0.0,0.0,0.0000,0.0000,7.0713,2.9840,12.5360,86.5625,enc,0.0000
1786348122.610473,0.1014,0.0,0.0,0.0000,0.0000,7.0713,2.9840,12.5360,86.5625,enc,0.0000
1786348122.762100,0.1516,0.0,0.0,0.0000,0.0000,7.0713,2.9840,12.5360,86.5625,enc,0.0000
1786348122.764976,0.0029,0.0,0.0,0.0000,0.0000,7.0713,2.9840,12.5360,86.5625,enc,0.0000
1786348122.831841,0.0669,0.0,0.0,0.0000,0.0000,7.0713,2.9840,12.5360,86.5625,enc,0.0000
1786348122.900239,0.0684,0.0,0.0,0.0000,0.0000,7.0713,2.9840,12.5360,86.5625,enc,0.0000
1786348123.008942,0.1087,0.0,0.0,0.0000,0.0000,7.0713,2.9840,12.5360,86.5625,enc,0.0000
1786348123.138884,0.1299,0.0,0.0,0.0000,0.0000,7.0713,2.9840,12.5360,86.5625,enc,0.0000
1786348123.378006,0.2391,0.0,0.0,0.0000,0.0000,7.0713,2.9840,12.5360,86.5625,enc,0.0000
1786348123.378597,0.0006,0.0,0.0,0.0000,0.0000,7.0713,2.9840,12.5360,86.5625,enc,0.0000
1786348123.466286,0.0877,0.0,0.0,0.0000,0.0000,7.0713,2.9840,12.5360,86.5625,enc,0.0000
1786348123.533131,0.0668,0.0,0.0,0.0000,0.0000,7.0713,2.9840,12.5360,86.5625,enc,0.0000
1786348123.635457,0.1023,0.0,0.0,0.0000,0.0000,7.0713,2.9840,12.5360,86.5625,enc,0.0000
1786348123.764992,0.1295,0.0,0.0,0.0000,0.0000,7.0713,2.9840,12.5360,86.5625,enc,0.0000
1786348123.899632,0.1346,0.0,0.0,0.0000,0.0000,7.0713,2.9840,12.5360,86.5625,enc,0.0000
1786348124.043688,0.1441,0.0,0.0,0.0000,0.0000,7.0713,2.9840,12.5360,86.5625,enc,0.0000
1786348124.150788,0.1071,0.0,0.0,0.0000,0.0000,7.0713,2.9840,12.5360,86.5625,enc,0.0000
1786348124.191890,0.0411,0.0,0.0,0.0000,0.0000,7.0713,2.9840,12.5360,86.5625,enc,0.0000
1786348124.308700,0.1168,0.0,0.0,0.0000,0.0000,7.0713,2.9840,12.5360,86.5625,enc,0.0000
1786348124.361025,0.0523,0.0,0.0,0.0000,0.0000,7.0713,2.9840,12.5360,86.5625,enc,0.0000
1786348124.476423,0.1154,0.0,0.0,0.0000,0.0000,7.0713,2.9840,12.5360,86.5625,enc,0.0000
1786348124.557934,0.0815,0.0,0.0,0.0000,0.0000,7.0713,2.9840,12.5360,86.5625,enc,0.0000
1786348124.704136,0.1462,0.0,0.0,0.0000,0.0000,7.0713,2.9840,12.5360,86.5625,enc,0.0000
1786348124.784050,0.0799,0.0,0.0,0.0000,0.0000,7.0713,2.9840,12.5360,86.5625,enc,0.0000
1786348124.913088,0.1290,0.0,0.0,0.0000,0.0000,7.0713,2.9840,12.5360,86.5625,enc,0.0000
1786348125.003997,0.0909,0.0,0.0,0.0000,0.0000,7.0713,2.9840,12.5360,86.5625,enc,0.0000
1786348125.094256,0.0903,0.0,0.0,0.0000,0.0000,7.0713,2.9840,12.5360,86.5625,enc,0.0000
1786348125.160673,0.0664,0.0,0.0,0.0000,0.0000,7.0713,2.9840,12.5360,86.5625,enc,0.0000
1786348125.304055,0.1434,0.0,0.0,0.0000,0.0000,7.0713,2.9840,12.5360,86.5625,enc,0.0000
1786348125.425934,0.1219,0.0,0.0,0.0000,0.0000,7.0713,2.9840,12.5360,86.5625,enc,0.0000
1786348125.595753,0.1698,0.0,0.0,0.0000,0.0000,7.0713,2.9840,12.5360,86.5625,enc,0.0000
1786348125.914260,0.3185,0.0,0.0,0.0000,0.0000,7.0713,2.9840,12.5360,86.5625,enc,0.0000
1786348126.383412,0.4692,0.0,0.0,0.0000,0.0000,7.0713,2.9840,12.5360,86.5625,enc,0.0000
1786348126.383846,0.0004,0.0,0.0,0.0000,0.0000,7.0713,2.9840,12.5360,86.5625,enc,0.0000
1786348126.383880,0.0000,0.0,0.0,0.0000,0.0000,7.0713,2.9840,12.5360,86.5625,enc,0.0000
1786348126.383899,0.0000,0.0,0.0,0.0000,0.0000,7.0713,2.9840,12.5360,86.5625,enc,0.0000
1786348126.664087,0.2802,0.0,0.0,0.0000,0.0000,7.0713,2.9840,12.5360,86.5625,enc,0.0000
1786348126.668584,0.0045,0.0,0.0,0.0000,0.0000,7.0713,2.9840,12.5360,86.5625,enc,0.0000
1786348126.676137,0.0076,0.0,0.0,0.0000,0.0000,7.0713,2.9840,12.5360,86.5625,enc,0.0000
1786348126.751242,0.0751,0.0,0.0,0.0000,0.0000,7.0713,2.9840,12.5360,86.5625,enc,0.0000
1786348126.836448,0.0852,0.0,0.0,0.0000,0.0000,7.0713,2.9840,12.5360,86.5625,enc,0.0000
1786348126.924848,0.0884,0.0,0.0,0.0000,0.0000,7.0713,2.9840,12.5360,86.5625,enc,0.0000
1786348128.565063,1.6402,0.0,0.0,0.0000,0.0000,7.0713,2.9840,12.5360,86.5625,enc,0.0000
1786348128.779690,0.2146,0.0,0.0,0.0000,0.0000,7.0713,2.9840,12.5360,86.5625,enc,0.0000
1786348129.344641,0.5650,0.0,0.0,0.0000,0.0000,7.0713,2.9840,12.5360,86.5625,enc,0.0000
1786348131.019396,1.6748,0.0,0.0,0.0000,0.0000,7.0713,2.9840,12.5360,86.5625,enc,0.0000
1786348132.173710,1.1543,0.0,0.0,0.0000,0.0000,7.0713,2.9840,12.5360,86.5625,enc,0.0000
1786348132.195228,0.0215,0.0,0.0,0.0000,0.0000,7.0713,2.9840,12.5360,86.5625,enc,0.0000
1786348132.852432,0.6572,0.0,0.0,0.0000,0.0000,7.0713,2.9840,12.5360,86.5625,enc,0.0000
1786348133.328895,0.4765,0.0,0.0,0.0000,0.0000,7.0713,2.9840,12.5360,86.5625,enc,0.0000
1786348133.872378,0.5435,0.0,0.0,0.0000,0.0000,7.0713,2.9840,12.5360,86.5625,enc,0.0000
1786348134.235977,0.3636,0.0,0.0,0.0000,0.0000,7.0713,2.9840,12.5360,86.5625,enc,0.0000
1786348134.847027,0.6110,0.0,0.0,0.0000,0.0000,7.0713,2.9840,12.5360,86.5625,enc,0.0000
1786348135.322490,0.4755,0.0,0.0,0.0000,0.0000,7.0713,2.9840,12.5360,86.5625,enc,0.0000
1786348135.404487,0.0820,0.0,0.0,0.0000,0.0000,7.0713,2.9840,12.5360,86.5625,enc,0.0000
1786348135.584178,0.1797,0.0,0.0,0.0000,0.0000,7.0713,2.9840,12.5360,86.5625,enc,0.0000
1786348135.671530,0.0874,0.0,0.0,0.0000,0.0000,7.0713,2.9840,12.5360,86.5625,enc,0.0000
1786348135.750837,0.0793,0.0,0.0,0.0000,0.0000,7.0713,2.9840,12.5360,86.5625,enc,0.0000
1786348135.809091,0.0583,0.0,0.0,0.0000,0.0000,7.0713,2.9840,12.5360,86.5625,enc,0.0000
1786348135.921510,0.1124,0.0,0.0,0.0000,0.0000,7.0713,2.9840,12.5360,86.5625,enc,0.0000
1786348136.004427,0.0829,0.0,0.0,0.0000,0.0000,7.0713,2.9840,12.5360,86.5625,enc,0.0000
1786348136.059505,0.0551,0.0,0.0,0.0000,0.0000,7.0713,2.9840,12.5360,86.5625,enc,0.0000
1786348136.125616,0.0661,0.0,0.0,0.0000,0.0000,7.0713,2.9840,12.5360,86.5625,enc,0.0000
1786348136.265776,0.1402,0.0,0.0,0.0000,0.0000,7.0713,2.9840,12.5360,86.5625,enc,0.0000
1786348136.367313,0.1015,0.0,0.0,0.0000,0.0000,7.0713,2.9840,12.5360,86.5625,enc,0.0000
1786348136.472448,0.1051,0.0,0.0,0.0000,0.0000,7.0713,2.9840,12.5360,86.5625,enc,0.0000
1786348136.523955,0.0515,0.0,0.0,0.0000,0.0000,7.0713,2.9840,12.5360,86.5625,enc,0.0000
1786348136.618584,0.0946,0.0,0.0,0.0000,0.0000,7.0713,2.9840,12.5360,86.5625,enc,0.0000
1786348136.671551,0.0530,0.0,0.0,0.0000,0.0000,7.0713,2.9840,12.5360,86.5625,enc,0.0000
1786348136.739825,0.0683,0.0,0.0,0.0000,0.0000,7.0713,2.9840,12.5360,86.5625,enc,0.0000
1786348136.814831,0.0750,0.0,0.0,0.0000,0.0000,7.0713,2.9840,12.5360,86.5625,enc,0.0000
1786348136.862403,0.0476,0.0,0.0,0.0000,0.0000,7.0713,2.9840,12.5360,86.5625,enc,0.0000
1786348136.900277,0.0379,0.0,0.0,0.0000,0.0000,7.0713,2.9840,12.5360,86.5625,enc,0.0000
1786348136.931631,0.0314,0.0,0.0,0.0000,0.0000,7.0713,2.9840,12.5360,86.5625,enc,0.0000
1786348137.008894,0.0773,0.0,0.0,0.0000,0.0000,7.0713,2.9840,12.5360,86.5625,enc,0.0000
1786348137.036011,0.0271,0.0,0.0,0.0000,0.0000,7.0713,2.9840,12.5360,86.5625,enc,0.0000
1786348137.081171,0.0452,0.0,0.0,0.0000,0.0000,7.0713,2.9840,12.5360,86.5625,enc,0.0000
1786348137.114984,0.0338,0.0,0.0,0.0000,0.0000,7.0713,2.9840,12.5360,86.5625,enc,0.0000
1786348137.141562,0.0266,0.0,0.0,0.0000,0.0000,7.0713,2.9840,12.5360,86.5625,enc,0.0000
1786348137.196184,0.0546,0.0,0.0,0.0000,0.0000,7.0713,2.9840,12.5360,86.5625,enc,0.0000
1786348137.229080,0.0329,0.0,0.0,0.0000,0.0000,7.0713,2.9840,12.5360,340.3125,enc,0.0000
1786348137.265638,0.0366,0.0,0.0,0.0000,0.0000,7.0713,2.9840,12.5360,339.6875,enc,0.0000
1786348137.320327,0.0547,0.0,0.0,0.0000,0.0000,7.0713,2.9840,12.5360,339.6875,enc,0.0000
1786348137.343702,0.0234,0.0,0.0,0.0000,0.0000,7.0713,2.9840,12.5360,339.6875,enc,0.0000
1786348137.412519,0.0688,0.0,0.0,0.0000,0.0000,7.0713,2.9840,12.5360,339.7500,enc,0.0000
1786348137.440638,0.0281,0.0,0.0,0.0000,0.0000,7.0713,2.9840,12.5360,339.7500,enc,0.0000
1786348137.469342,0.0287,0.0,0.0,0.0000,0.0000,7.0713,2.9840,12.5360,339.7500,enc,0.0000
1786348137.501103,0.0318,0.0,0.0,0.0000,0.0000,7.0713,2.9840,12.5360,339.8125,enc,0.0000
1786348137.588587,0.0875,0.0,0.0,0.0000,0.0000,7.0713,2.9840,12.5360,339.8125,enc,0.0000
1786348137.626128,0.0375,0.0,0.0,0.0000,0.0000,7.0713,2.9840,12.5360,339.8125,enc,0.0000
1786348137.651821,0.0257,0.0,0.0,0.0000,0.0000,7.0713,2.9840,12.5360,339.8125,enc,0.0000
1786348137.713032,0.0612,0.0,0.0,0.0000,0.0000,7.0713,2.9840,12.5360,339.8125,enc,0.0000
1786348137.748659,0.0356,0.0,0.0,0.0000,0.0000,7.0713,2.9840,12.5360,339.8125,enc,0.0000
1786348137.787442,0.0388,0.0,0.0,0.0000,0.0000,7.0713,2.9840,12.5360,339.8125,enc,0.0000
1786348137.830527,0.0431,-0.02910149097442627,-0.0026804006192833185,-0.0001,0.0004,7.0713,2.9840,12.5360,339.9375,enc,0.0001
1786348137.855041,0.0245,0.0,0.0,0.0000,0.0000,7.0713,2.9840,12.5360,339.9375,enc,0.0000
1786348137.892614,0.0376,0.0,0.0,0.0000,0.0000,7.0713,2.9840,12.5360,339.9375,enc,0.0000
1786348137.920697,0.0281,0.0,0.0,0.0000,0.0000,7.0713,2.9840,12.5360,339.9375,enc,0.0000
1786348137.948780,0.0281,0.0,0.0,0.0000,0.0000,7.0713,2.9840,12.5360,339.9375,enc,0.0000
1786348138.006178,0.0574,0.0,0.0,0.0000,0.0000,7.0713,2.9840,12.5360,339.9375,enc,0.0000
1786348138.009400,0.0032,0.0,0.0,0.0000,0.0000,7.0713,2.9840,12.5360,339.9375,enc,0.0000
1786348138.037356,0.0280,0.0,0.0,0.0000,0.0000,7.0713,2.9840,12.5360,339.9375,enc,0.0000
1786348138.085257,0.0479,0.0,0.0,0.0000,0.0000,7.0713,2.9840,12.5360,339.9375,enc,0.0000
1786348138.139758,0.0545,0.0,0.0,0.0000,0.0000,7.0713,2.9840,12.5360,339.9375,enc,0.0000
1786348138.242173,0.1024,0.0,0.0,0.0000,0.0000,7.0713,2.9840,12.5360,339.9375,enc,0.0000
1786348138.357109,0.1149,0.0,0.0,0.0000,0.0000,7.0713,2.9840,12.5360,339.9375,enc,0.0000
1786348138.448554,0.0914,0.0,0.0,0.0000,0.0000,7.0713,2.9840,12.5360,339.9375,enc,0.0000
1786348138.556315,0.1078,0.0,0.0,0.0000,0.0000,7.0713,2.9840,12.5360,339.9375,enc,0.0000
1786348138.660212,0.1039,0.0,0.0,0.0000,0.0000,7.0713,2.9840,12.5360,339.9375,enc,0.0000
1786348138.759418,0.0992,0.0,0.0,0.0000,0.0000,7.0713,2.9840,12.5360,339.9375,enc,0.0000
1786348138.863163,0.1037,0.0,0.0,0.0000,0.0000,7.0713,2.9840,12.5360,339.9375,enc,0.0000
1786348138.977316,0.1142,0.0,0.0,0.0000,0.0000,7.0713,2.9840,12.5360,339.9375,enc,0.0000
1786348139.070678,0.0934,0.0,0.0,0.0000,0.0000,7.0713,2.9840,12.5360,339.9375,enc,0.0000
1786348139.177622,0.1069,0.0,0.0,0.0000,0.0000,7.0713,2.9840,12.5360,339.9375,enc,0.0000
1786348139.281641,0.1040,0.0,0.0,0.0000,0.0000,7.0713,2.9840,12.5360,339.9375,enc,0.0000
1786348139.381721,0.1001,0.0,0.0,0.0000,0.0000,7.0713,2.9840,12.5360,339.9375,enc,0.0000
1786348139.484388,0.1027,0.0,0.0,0.0000,0.0000,7.0713,2.9840,12.5360,339.9375,enc,0.0000
1786348139.590494,0.1061,0.0,0.0,0.0000,0.0000,7.0713,2.9840,12.5360,339.9375,enc,0.0000
1786348139.692657,0.1022,0.0,0.0,0.0000,0.0000,7.0713,2.9840,12.5360,339.9375,enc,0.0000
1786348139.817335,0.1247,0.0,0.0,0.0000,0.0000,7.0713,2.9840,12.5360,339.9375,enc,0.0000
1786348139.910930,0.0936,0.0,0.0,0.0000,0.0000,7.0713,2.9840,12.5360,339.9375,enc,0.0000
1786348140.004808,0.0939,0.0,0.0,0.0000,0.0000,7.0713,2.9840,12.5360,339.9375,enc,0.0000
1786348140.110882,0.1061,0.0,0.0,0.0000,0.0000,7.0713,2.9840,12.5360,339.9375,enc,0.0000
1786348140.218133,0.1073,0.0,0.0,0.0000,0.0000,7.0713,2.9840,12.5360,339.9375,enc,0.0000
1786348140.322244,0.1041,0.0,0.0,0.0000,0.0000,7.0713,2.9840,12.5360,339.9375,enc,0.0000
1786348140.434435,0.1122,0.0,0.0,0.0000,0.0000,7.0713,2.9840,12.5360,339.9375,enc,0.0000
1786348140.530434,0.0960,0.0,0.0,0.0000,0.0000,7.0713,2.9840,12.5360,339.9375,enc,0.0000
1786348140.634803,0.1044,0.0,0.0,0.0000,0.0000,7.0713,2.9840,12.5360,339.9375,enc,0.0000
1786348140.743491,0.1087,0.0,0.0,0.0000,0.0000,7.0713,2.9840,12.5360,339.9375,enc,0.0000
1786348140.851573,0.1081,0.0,0.0,0.0000,0.0000,7.0713,2.9840,12.5360,339.9375,enc,0.0000
1786348140.946875,0.0953,0.0,0.0,0.0000,0.0000,7.0713,2.9840,12.5360,339.9375,enc,0.0000
1786348141.050707,0.1038,0.0,0.0,0.0000,0.0000,7.0713,2.9840,12.5360,339.9375,enc,0.0000
1786348141.153497,0.1028,0.0,0.0,0.0000,0.0000,7.0713,2.9840,12.5360,339.9375,enc,0.0000
1786348141.258712,0.1052,0.0,0.0,0.0000,0.0000,7.0713,2.9840,12.5360,339.9375,enc,0.0000
1786348141.363007,0.1043,0.0,0.0,0.0000,0.0000,7.0713,2.9840,12.5360,339.9375,enc,0.0000
1786348141.464896,0.1019,0.0,0.0,0.0000,0.0000,7.0713,2.9840,12.5360,339.9375,enc,0.0000
1786348141.568271,0.1034,0.0,0.0,0.0000,0.0000,7.0713,2.9840,12.5360,339.9375,enc,0.0000
1786348141.675194,0.1069,0.0,0.0,0.0000,0.0000,7.0713,2.9840,12.5360,339.9375,enc,0.0000
1786348141.779182,0.1040,0.0,0.0,0.0000,0.0000,7.0713,2.9840,12.5360,339.9375,enc,0.0000
1786348141.886668,0.1075,0.0,0.0,0.0000,0.0000,7.0713,2.9840,12.5360,339.9375,enc,0.0000
1786348141.983812,0.0971,0.0,0.0,0.0000,0.0000,7.0713,2.9840,12.5360,339.9375,enc,0.0000
1786348142.093651,0.1098,0.0,0.0,0.0000,0.0000,7.0713,2.9840,12.5360,339.9375,enc,0.0000
1786348142.194484,0.1008,0.0,0.0,0.0000,0.0000,7.0713,2.9840,12.5360,339.9375,enc,0.0000
1786348142.294837,0.1004,0.0,0.0,0.0000,0.0000,7.0713,2.9840,12.5360,339.9375,enc,0.0000
1786348142.399767,0.1049,0.0,0.0,0.0000,0.0000,7.0713,2.9840,12.5360,339.9375,enc,0.0000
1786348142.513577,0.1138,0.0,0.0,0.0000,0.0000,7.0713,2.9840,12.5360,339.9375,enc,0.0000
1786348142.607846,0.0943,0.0,0.0,0.0000,0.0000,7.0713,2.9840,12.5360,339.9375,enc,0.0000
1786348142.710750,0.1029,0.0,0.0,0.0000,0.0000,7.0713,2.9840,12.5360,339.9375,enc,0.0000
1786348142.821103,0.1104,0.0,0.0,0.0000,0.0000,7.0713,2.9840,12.5360,339.9375,enc,0.0000
1786348142.927506,0.1064,0.0,0.0,0.0000,0.0000,7.0713,2.9840,12.5360,339.9375,enc,0.0000
1786348143.023094,0.0956,0.0,0.0,0.0000,0.0000,7.0713,2.9840,12.5360,339.9375,enc,0.0000
1786348143.128192,0.1051,0.0,0.0,0.0000,0.0000,7.0713,2.9840,12.5360,339.9375,enc,0.0000
1786348143.265024,0.1368,0.0,0.0,0.0000,0.0000,7.0713,2.9840,12.5360,339.9375,enc,0.0000
1786348143.338181,0.0732,0.0,0.0,0.0000,0.0000,7.0713,2.9840,12.5360,339.9375,enc,0.0000
1786348143.446027,0.1078,0.0,0.0,0.0000,0.0000,7.0713,2.9840,12.5360,339.9375,enc,0.0000
1786348143.542434,0.0964,0.0,0.0,0.0000,0.0000,7.0713,2.9840,12.5360,339.9375,enc,0.0000
1786348143.647265,0.1048,0.0,0.0,0.0000,0.0000,7.0713,2.9840,12.5360,339.9375,enc,0.0000
1786348143.759520,0.1123,0.0,0.0,0.0000,0.0000,7.0713,2.9840,12.5360,339.9375,enc,0.0000
1786348143.851340,0.0918,0.0,0.0,0.0000,0.0000,7.0713,2.9840,12.5360,339.9375,enc,0.0000
1786348143.955203,0.1039,0.0,0.0,0.0000,0.0000,7.0713,2.9840,12.5360,339.9375,enc,0.0000
1786348144.066983,0.1118,0.0,0.0,0.0000,0.0000,7.0713,2.9840,12.5360,339.9375,enc,0.0000
1786348144.162941,0.0960,0.0,0.0,0.0000,0.0000,7.0713,2.9840,12.5360,339.9375,enc,0.0000
1786348144.269186,0.1062,0.0,0.0,0.0000,0.0000,7.0713,2.9840,12.5360,339.9375,enc,0.0000
1786348144.377041,0.1079,0.0,0.0,0.0000,0.0000,7.0713,2.9840,12.5360,339.9375,enc,0.0000
1786348144.475957,0.0989,0.0,0.0,0.0000,0.0000,7.0713,2.9840,12.5360,339.9375,enc,0.0000
1786348144.596040,0.1201,0.0,0.0,0.0000,0.0000,7.0713,2.9840,12.5360,339.9375,enc,0.0000
1786348144.691533,0.0955,0.0,0.0,0.0000,0.0000,7.0713,2.9840,12.5360,339.9375,enc,0.0000
1786348144.787030,0.0955,0.0,0.0,0.0000,0.0000,7.0713,2.9840,12.5360,339.9375,enc,0.0000
1786348144.896013,0.1090,0.0,0.0,0.0000,0.0000,7.0713,2.9840,12.5360,339.9375,enc,0.0000
1786348144.996447,0.1004,0.0,0.0,0.0000,0.0000,7.0713,2.9840,12.5360,339.9375,enc,0.0000
1786348145.096403,0.1000,0.0,0.0,0.0000,0.0000,7.0713,2.9840,12.5360,339.9375,enc,0.0000
1786348145.206837,0.1104,0.0,0.0,0.0000,0.0000,7.0713,2.9840,12.5360,339.9375,enc,0.0000
1786348145.305157,0.0983,0.0,0.0,0.0000,0.0000,7.0713,2.9840,12.5360,339.9375,enc,0.0000
1786348145.408529,0.1034,0.0,0.0,0.0000,0.0000,7.0713,2.9840,12.5360,339.9375,enc,0.0000
1786348145.520010,0.1115,0.0,0.0,0.0000,0.0000,7.0713,2.9840,12.5360,339.9375,enc,0.0000
1786348145.620192,0.1002,0.0,0.0,0.0000,0.0000,7.0713,2.9840,12.5360,339.9375,enc,0.0000
1786348145.724630,0.1044,0.0,0.0,0.0000,0.0000,7.0713,2.9840,12.5360,339.9375,enc,0.0000
1786348145.828552,0.1039,0.0,0.0,0.0000,0.0000,7.0713,2.9840,12.5360,339.9375,enc,0.0000
1786348145.928335,0.0998,0.0,0.0,0.0000,0.0000,7.0713,2.9840,12.5360,339.9375,enc,0.0000
1786348146.031828,0.1035,0.0,0.0,0.0000,0.0000,7.0713,2.9840,12.5360,339.9375,enc,0.0000
1786348146.140984,0.1092,0.0,0.0,0.0000,0.0000,7.0713,2.9840,12.5360,339.9375,enc,0.0000
1786348146.240042,0.0991,0.0,0.0,0.0000,0.0000,7.0713,2.9840,12.5360,339.9375,enc,0.0000
1786348146.345290,0.1052,0.0,0.0,0.0000,0.0000,7.0713,2.9840,12.5360,339.9375,enc,0.0000
1786348146.490141,0.1449,0.0,0.0,0.0000,0.0000,7.0713,2.9840,12.5360,339.9375,enc,0.0000
1786348146.551980,0.0618,0.0,0.0,0.0000,0.0000,7.0713,2.9840,12.5360,339.9375,enc,0.0000
1786348146.655832,0.1039,0.0,0.0,0.0000,0.0000,7.0713,2.9840,12.5360,339.9375,enc,0.0000
1786348146.768540,0.1127,0.0,0.0,0.0000,0.0000,7.0713,2.9840,12.5360,339.9375,enc,0.0000
1786348146.863302,0.0948,0.0,0.0,0.0000,0.0000,7.0713,2.9840,12.5360,339.9375,enc,0.0000
1786348146.966123,0.1028,0.0,0.0,0.0000,0.0000,7.0713,2.9840,12.5360,339.9375,enc,0.0000
1786348147.075716,0.1096,0.0,0.0,0.0000,0.0000,7.0713,2.9840,12.5360,339.9375,enc,0.0000
1786348147.177526,0.1018,0.0,0.0,0.0000,0.0000,7.0713,2.9840,12.5360,339.9375,enc,0.0000
1786348147.287874,0.1103,0.0,0.0,0.0000,0.0000,7.0713,2.9840,12.5360,339.9375,enc,0.0000
1786348147.392821,0.1049,0.0,0.0,0.0000,0.0000,7.0713,2.9840,12.5360,339.9375,enc,0.0000
1786348147.487833,0.0950,0.0,0.0,0.0000,0.0000,7.0713,2.9840,12.5360,339.9375,enc,0.0000
1786348147.604228,0.1164,0.0,0.0,0.0000,0.0000,7.0713,2.9840,12.5360,339.9375,enc,0.0000
1786348147.700111,0.0959,0.0,0.0,0.0000,0.0000,7.0713,2.9840,12.5360,339.9375,enc,0.0000
1786348147.802530,0.1024,0.0,0.0,0.0000,0.0000,7.0713,2.9840,12.5360,339.9375,enc,0.0000
1786348147.908188,0.1057,0.0,0.0,0.0000,0.0000,7.0713,2.9840,12.5360,339.9375,enc,0.0000
1786348148.008855,0.1007,0.0,0.0,0.0000,0.0000,7.0713,2.9840,12.5360,339.9375,enc,0.0000
1786348148.113082,0.1042,0.0,0.0,0.0000,0.0000,7.0713,2.9840,12.5360,339.9375,enc,0.0000
1786348148.218647,0.1056,0.0,0.0,0.0000,0.0000,7.0713,2.9840,12.5360,339.9375,enc,0.0000
1786348148.320226,0.1016,0.0,0.0,0.0000,0.0000,7.0713,2.9840,12.5360,339.9375,enc,0.0000
1786348148.422527,0.1023,0.0,0.0,0.0000,0.0000,7.0713,2.9840,12.5360,339.9375,enc,0.0000
1786348148.528728,0.1062,0.0,0.0,0.0000,0.0000,7.0713,2.9840,12.5360,339.9375,enc,0.0000
1786348148.631504,0.1028,0.0,0.0,0.0000,0.0000,7.0713,2.9840,12.5360,339.9375,enc,0.0000
1786348148.734454,0.1030,0.0,0.0,0.0000,0.0000,7.0713,2.9840,12.5360,339.9375,enc,0.0000
1786348148.843906,0.1095,0.0,0.0,0.0000,0.0000,7.0713,2.9840,12.5360,339.9375,enc,0.0000
1786348148.940751,0.0968,0.0,0.0,0.0000,0.0000,7.0713,2.9840,12.5360,339.9375,enc,0.0000
1786348149.046249,0.1055,0.0,0.0,0.0000,0.0000,7.0713,2.9840,12.5360,339.9375,enc,0.0000
1786348149.151388,0.1051,0.0,0.0,0.0000,0.0000,7.0713,2.9840,12.5360,339.9375,enc,0.0000
1786348149.253942,0.1026,0.0,0.0,0.0000,0.0000,7.0713,2.9840,12.5360,339.9375,enc,0.0000
1786348149.357256,0.1033,0.0,0.0,0.0000,0.0000,7.0713,2.9840,12.5360,339.9375,enc,0.0000
1786348149.462287,0.1050,0.0,0.0,0.0000,0.0000,7.0713,2.9840,12.5360,339.9375,enc,0.0000
1786348149.564435,0.1021,0.0,0.0,0.0000,0.0000,7.0713,2.9840,12.5360,339.9375,enc,0.0000
1786348149.666454,0.1020,0.0,0.0,0.0000,0.0000,7.0713,2.9840,12.5360,339.9375,enc,0.0000
1786348149.771278,0.1048,0.0,0.0,0.0000,0.0000,7.0713,2.9840,12.5360,339.9375,enc,0.0000
1786348149.873819,0.1025,0.0,0.0,0.0000,0.0000,7.0713,2.9840,12.5360,339.9375,enc,0.0000
1786348149.988898,0.1151,0.0,0.0,0.0000,0.0000,7.0713,2.9840,12.5360,339.9375,enc,0.0000
1786348150.082785,0.0939,0.0,0.0,0.0000,0.0000,7.0713,2.9840,12.5360,339.9375,enc,0.0000
1786348150.189614,0.1068,0.0,0.0,0.0000,0.0000,7.0713,2.9840,12.5360,339.9375,enc,0.0000
1786348150.295340,0.1057,0.0,0.0,0.0000,0.0000,7.0713,2.9840,12.5360,339.9375,enc,0.0000
1786348150.395624,0.1003,0.0,0.0,0.0000,0.0000,7.0713,2.9840,12.5360,339.9375,enc,0.0000
1786348150.498743,0.1031,0.0,0.0,0.0000,0.0000,7.0713,2.9840,12.5360,339.9375,enc,0.0000
1786348150.618492,0.1197,0.0,0.0,0.0000,0.0000,7.0713,2.9840,12.5360,339.9375,enc,0.0000
1786348150.710498,0.0920,0.0,0.0,0.0000,0.0000,7.0713,2.9840,12.5360,339.9375,enc,0.0000
1786348150.812560,0.1021,0.0,0.0,0.0000,0.0000,7.0713,2.9840,12.5360,339.9375,enc,0.0000
1786348150.927748,0.1152,0.0,0.0,0.0000,0.0000,7.0713,2.9840,12.5360,339.9375,enc,0.0000
1786348151.020900,0.0932,0.0,0.0,0.0000,0.0000,7.0713,2.9840,12.5360,339.9375,enc,0.0000
1786348151.122522,0.1016,0.0,0.0,0.0000,0.0000,7.0713,2.9840,12.5360,339.9375,enc,0.0000
1786348151.245970,0.1234,0.0,0.0,0.0000,0.0000,7.0713,2.9840,12.5360,339.9375,enc,0.0000
1786348151.335398,0.0894,0.0,0.0,0.0000,0.0000,7.0713,2.9840,12.5360,339.9375,enc,0.0000
1786348151.451791,0.1164,0.0,0.0,0.0000,0.0000,7.0713,2.9840,12.5360,339.9375,enc,0.0000
1786348151.550437,0.0986,0.0,0.0,0.0000,0.0000,7.0713,2.9840,12.5360,339.9375,enc,0.0000
1786348151.642051,0.0916,0.0,0.0,0.0000,0.0000,7.0713,2.9840,12.5360,339.9375,enc,0.0000
1786348151.755916,0.1139,0.0,0.0,0.0000,0.0000,7.0713,2.9840,12.5360,339.9375,enc,0.0000
1786348151.857422,0.1015,0.0,0.0,0.0000,0.0000,7.0713,2.9840,12.5360,339.9375,enc,0.0000
1786348151.958610,0.1012,0.0,0.0,0.0000,0.0000,7.0713,2.9840,12.5360,339.9375,enc,0.0000
1786348152.059097,0.1005,0.0,0.0,0.0000,0.0000,7.0713,2.9840,12.5360,339.9375,enc,0.0000
1786348152.161588,0.1025,0.0,0.0,0.0000,0.0000,7.0713,2.9840,12.5360,339.9375,enc,0.0000
1786348152.264684,0.1031,0.0,0.0,0.0000,0.0000,7.0713,2.9840,12.5360,339.9375,enc,0.0000
1786348152.375365,0.1107,0.0,0.0,0.0000,0.0000,7.0713,2.9840,12.5360,339.9375,enc,0.0000
1786348152.480722,0.1054,0.0,0.0,0.0000,0.0000,7.0713,2.9840,12.5360,339.9375,enc,0.0000
1786348152.575666,0.0949,0.0,0.0,0.0000,0.0000,7.0713,2.9840,12.5360,339.9375,enc,0.0000
1786348152.692360,0.1167,0.0,0.0,0.0000,0.0000,7.0713,2.9840,12.5360,339.9375,enc,0.0000
1786348152.788516,0.0962,0.0,0.0,0.0000,0.0000,7.0713,2.9840,12.5360,339.9375,enc,0.0000
1786348152.885694,0.0972,0.0,0.0,0.0000,0.0000,7.0713,2.9840,12.5360,339.9375,enc,0.0000
1786348152.994473,0.1088,0.0,0.0,0.0000,0.0000,7.0713,2.9840,12.5360,339.9375,enc,0.0000
1786348153.095265,0.1008,0.0,0.0,0.0000,0.0000,7.0713,2.9840,12.5360,339.9375,enc,0.0000
1786348153.197220,0.1020,0.0,0.0,0.0000,0.0000,7.0713,2.9840,12.5360,339.9375,enc,0.0000
1786348153.308093,0.1109,0.0,0.0,0.0000,0.0000,7.0713,2.9840,12.5360,339.9375,enc,0.0000
1786348153.406191,0.0981,0.0,0.0,0.0000,0.0000,7.0713,2.9840,12.5360,339.9375,enc,0.0000
1786348153.509242,0.1031,0.0,0.0,0.0000,0.0000,7.0713,2.9840,12.5360,339.9375,enc,0.0000
1786348153.619009,0.1098,0.0,0.0,0.0000,0.0000,7.0713,2.9840,12.5360,339.9375,enc,0.0000
1786348153.718182,0.0992,0.0,0.0,0.0000,0.0000,7.0713,2.9840,12.5360,339.9375,enc,0.0000
1786348153.852625,0.1344,0.0,0.0,0.0000,0.0000,7.0713,2.9840,12.5360,339.9375,enc,0.0000
1786348153.928500,0.0759,0.0,0.0,0.0000,0.0000,7.0713,2.9840,12.5360,339.9375,enc,0.0000
1786348154.025730,0.0972,0.0,0.0,0.0000,0.0000,7.0713,2.9840,12.5360,339.9375,enc,0.0000
1786348154.129664,0.1039,0.0,0.0,0.0000,0.0000,7.0713,2.9840,12.5360,339.9375,enc,0.0000
1786348154.244092,0.1144,0.0,0.0,0.0000,0.0000,7.0713,2.9840,12.5360,339.9375,enc,0.0000
1786348154.336642,0.0925,0.0,0.0,0.0000,0.0000,7.0713,2.9840,12.5360,339.9375,enc,0.0000
1786348154.463694,0.1271,0.0,0.0,0.0000,0.0000,7.0713,2.9840,12.5360,339.9375,enc,0.0000
1786348154.554882,0.0912,0.0,0.0,0.0000,0.0000,7.0713,2.9840,12.5360,339.9375,enc,0.0000
1786348154.648427,0.0935,0.0,0.0,0.0000,0.0000,7.0713,2.9840,12.5360,339.9375,enc,0.0000
1786348154.755729,0.1073,0.0,0.0,0.0000,0.0000,7.0713,2.9840,12.5360,339.9375,enc,0.0000
1786348154.867102,0.1114,0.0,0.0,0.0000,0.0000,7.0713,2.9840,12.5360,339.9375,enc,0.0000
1786348154.962303,0.0952,0.0,0.0,0.0000,0.0000,7.0713,2.9840,12.5360,339.9375,enc,0.0000
1786348155.074848,0.1125,0.0,0.0,0.0000,0.0000,7.0713,2.9840,12.5360,339.9375,enc,0.0000
1786348155.173846,0.0990,0.0,0.0,0.0000,0.0000,7.0713,2.9840,12.5360,339.9375,enc,0.0000
1786348155.277942,0.1041,0.0,0.0,0.0000,0.0000,7.0713,2.9840,12.5360,339.9375,enc,0.0000
1786348155.388275,0.1103,0.0,0.0,0.0000,0.0000,7.0713,2.9840,12.5360,339.9375,enc,0.0000
1786348155.487536,0.0993,0.0,0.0,0.0000,0.0000,7.0713,2.9840,12.5360,339.9375,enc,0.0000
1786348155.588740,0.1012,0.0,0.0,0.0000,0.0000,7.0713,2.9840,12.5360,339.9375,enc,0.0000
1786348155.694994,0.1063,0.0,0.0,0.0000,0.0000,7.0713,2.9840,12.5360,339.9375,enc,0.0000
1786348155.794889,0.0999,0.0,0.0,0.0000,0.0000,7.0713,2.9840,12.5360,339.9375,enc,0.0000
1786348155.899607,0.1047,0.0,0.0,0.0000,0.0000,7.0713,2.9840,12.5360,339.9375,enc,0.0000
1786348156.017678,0.1181,0.0,0.0,0.0000,0.0000,7.0713,2.9840,12.5360,339.9375,enc,0.0000
1786348156.126156,0.1085,0.0,0.0,0.0000,0.0000,7.0713,2.9840,12.5360,339.9375,enc,0.0000
1786348156.213072,0.0869,0.0,0.0,0.0000,0.0000,7.0713,2.9840,12.5360,339.9375,enc,0.0000
1786348156.322533,0.1095,0.0,0.0,0.0000,0.0000,7.0713,2.9840,12.5360,339.9375,enc,0.0000
1786348156.421877,0.0993,0.0,0.0,0.0000,0.0000,7.0713,2.9840,12.5360,339.9375,enc,0.0000
1786348156.532267,0.1104,0.0,0.0,0.0000,0.0000,7.0713,2.9840,12.5360,339.9375,enc,0.0000
1786348156.635550,0.1033,0.0,0.0,0.0000,0.0000,7.0713,2.9840,12.5360,339.9375,enc,0.0000
1786348156.732785,0.0972,0.0,0.0,0.0000,0.0000,7.0713,2.9840,12.5360,339.9375,enc,0.0000
1786348156.838941,0.1062,0.0,0.0,0.0000,0.0000,7.0713,2.9840,12.5360,339.9375,enc,0.0000
1786348156.944182,0.1052,0.0,0.0,0.0000,0.0000,7.0713,2.9840,12.5360,339.9375,enc,0.0000
1786348157.046419,0.1022,0.0,0.0,0.0000,0.0000,7.0713,2.9840,12.5360,339.9375,enc,0.0000
1786348157.154392,0.1080,0.0,0.0,0.0000,0.0000,7.0713,2.9840,12.5360,339.9375,enc,0.0000
1786348157.255450,0.1011,0.0,0.0,0.0000,0.0000,7.0713,2.9840,12.5360,339.9375,enc,0.0000
1786348157.356114,0.1007,0.0,0.0,0.0000,0.0000,7.0713,2.9840,12.5360,339.9375,enc,0.0000
1786348157.461107,0.1050,0.0,0.0,0.0000,0.0000,7.0713,2.9840,12.5360,339.9375,enc,0.0000
1786348157.566090,0.1050,0.0,0.0,0.0000,0.0000,7.0713,2.9840,12.5360,339.9375,enc,0.0000
1786348157.668841,0.1028,0.0,0.0,0.0000,0.0000,7.0713,2.9840,12.5360,339.9375,enc,0.0000
1786348157.785944,0.1171,0.0,0.0,0.0000,0.0000,7.0713,2.9840,12.5360,339.9375,enc,0.0000
1786348157.877905,0.0920,0.0,0.0,0.0000,0.0000,7.0713,2.9840,12.5360,339.9375,enc,0.0000
1786348157.980704,0.1028,0.0,0.0,0.0000,0.0000,7.0713,2.9840,12.5360,339.9375,enc,0.0000
1786348158.104245,0.1235,0.0,0.0,0.0000,0.0000,7.0713,2.9840,12.5360,339.9375,enc,0.0000
1786348158.190268,0.0860,0.0,0.0,0.0000,0.0000,7.0713,2.9840,12.5360,339.9375,enc,0.0000
1786348158.291680,0.1014,0.0,0.0,0.0000,0.0000,7.0713,2.9840,12.5360,339.9375,enc,0.0000
1786348158.408538,0.1169,0.0,0.0,0.0000,0.0000,7.0713,2.9840,12.5360,339.9375,enc,0.0000
1786348158.496859,0.0883,0.0,0.0,0.0000,0.0000,7.0713,2.9840,12.5360,339.9375,enc,0.0000
1786348158.601155,0.1043,0.0,0.0,0.0000,0.0000,7.0713,2.9840,12.5360,339.9375,enc,0.0000
1786348158.730178,0.1290,0.0,0.0,0.0000,0.0000,7.0713,2.9840,12.5360,339.9375,enc,0.0000
1786348158.810192,0.0800,0.0,0.0,0.0000,0.0000,7.0713,2.9840,12.5360,339.9375,enc,0.0000
1786348158.912365,0.1022,0.0,0.0,0.0000,0.0000,7.0713,2.9840,12.5360,339.9375,enc,0.0000
1786348159.030632,0.1183,0.0,0.0,0.0000,0.0000,7.0713,2.9840,12.5360,339.9375,enc,0.0000
1786348159.123813,0.0932,0.0,0.0,0.0000,0.0000,7.0713,2.9840,12.5360,339.9375,enc,0.0000
1786348159.224925,0.1011,0.0,0.0,0.0000,0.0000,7.0713,2.9840,12.5360,339.9375,enc,0.0000
1786348159.334127,0.1092,0.0,0.0,0.0000,0.0000,7.0713,2.9840,12.5360,339.9375,enc,0.0000
1786348159.431023,0.0969,0.0,0.0,0.0000,0.0000,7.0713,2.9840,12.5360,339.9375,enc,0.0000
1786348159.534783,0.1038,0.0,0.0,0.0000,0.0000,7.0713,2.9840,12.5360,339.9375,enc,0.0000
1786348159.646685,0.1119,0.0,0.0,0.0000,0.0000,7.0713,2.9840,12.5360,339.9375,enc,0.0000
1786348159.744025,0.0973,0.0,0.0,0.0000,0.0000,7.0713,2.9840,12.5360,339.9375,enc,0.0000
1786348159.846648,0.1026,0.0,0.0,0.0000,0.0000,7.0713,2.9840,12.5360,339.9375,enc,0.0000
1786348159.951851,0.1052,0.0,0.0,0.0000,0.0000,7.0713,2.9840,12.5360,339.9375,enc,0.0000
1786348160.054112,0.1023,0.0,0.0,0.0000,0.0000,7.0713,2.9840,12.5360,339.9375,enc,0.0000
1786348160.158377,0.1043,0.0,0.0,0.0000,0.0000,7.0713,2.9840,12.5360,339.9375,enc,0.0000
1786348160.266151,0.1078,0.0,0.0,0.0000,0.0000,7.0713,2.9840,12.5360,339.9375,enc,0.0000
1786348160.365899,0.0997,0.0,0.0,0.0000,0.0000,7.0713,2.9840,12.5360,339.9375,enc,0.0000
1786348160.469411,0.1035,0.0,0.0,0.0000,0.0000,7.0713,2.9840,12.5360,339.9375,enc,0.0000
1786348160.573160,0.1037,0.0,0.0,0.0000,0.0000,7.0713,2.9840,12.5360,339.9375,enc,0.0000
1786348160.676355,0.1032,0.0,0.0,0.0000,0.0000,7.0713,2.9840,12.5360,339.9375,enc,0.0000
1786348160.786769,0.1104,0.0,0.0,0.0000,0.0000,7.0713,2.9840,12.5360,339.9375,enc,0.0000
1786348160.885529,0.0988,0.0,0.0,0.0000,0.0000,7.0713,2.9840,12.5360,339.9375,enc,0.0000
1786348160.987562,0.1020,0.0,0.0,0.0000,0.0000,7.0713,2.9840,12.5360,339.9375,enc,0.0000
1786348161.094611,0.1070,0.0,0.0,0.0000,0.0000,7.0713,2.9840,12.5360,339.9375,enc,0.0000
1786348161.193858,0.0992,0.0,0.0,0.0000,0.0000,7.0713,2.9840,12.5360,339.9375,enc,0.0000
1786348161.299285,0.1054,0.0,0.0,0.0000,0.0000,7.0713,2.9840,12.5360,339.9375,enc,0.0000
1786348161.412192,0.1129,0.0,0.0,0.0000,0.0000,7.0713,2.9840,12.5360,339.9375,enc,0.0000
1786348161.506111,0.0939,0.0,0.0,0.0000,0.0000,7.0713,2.9840,12.5360,339.9375,enc,0.0000
1786348161.640332,0.1342,0.0,0.0,0.0000,0.0000,7.0713,2.9840,12.5360,339.9375,enc,0.0000
1786348161.735751,0.0954,0.0,0.0,0.0000,0.0000,7.0713,2.9840,12.5360,339.9375,enc,0.0000
1786348161.816669,0.0809,0.0,0.0,0.0000,0.0000,7.0713,2.9840,12.5360,339.9375,enc,0.0000
1786348161.921046,0.1044,0.0,0.0,0.0000,0.0000,7.0713,2.9840,12.5360,339.9375,enc,0.0000
1786348162.029325,0.1083,0.0,0.0,0.0000,0.0000,7.0713,2.9840,12.5360,339.9375,enc,0.0000
1786348162.130435,0.1011,0.0,0.0,0.0000,0.0000,7.0713,2.9840,12.5360,339.9375,enc,0.0000
1786348162.234388,0.1040,0.0,0.0,0.0000,0.0000,7.0713,2.9840,12.5360,339.9375,enc,0.0000
1786348162.346697,0.1123,0.0,0.0,0.0000,0.0000,7.0713,2.9840,12.5360,339.9375,enc,0.0000
1786348162.443067,0.0964,0.0,0.0,0.0000,0.0000,7.0713,2.9840,12.5360,339.9375,enc,0.0000
1786348162.546615,0.1035,0.0,0.0,0.0000,0.0000,7.0713,2.9840,12.5360,339.9375,enc,0.0000
1786348162.650455,0.1038,0.0,0.0,0.0000,0.0000,7.0713,2.9840,12.5360,339.9375,enc,0.0000
1786348162.752648,0.1022,0.0,0.0,0.0000,0.0000,7.0713,2.9840,12.5360,339.9375,enc,0.0000
1786348162.858432,0.1058,0.0,0.0,0.0000,0.0000,7.0713,2.9840,12.5360,339.9375,enc,0.0000
1786348162.973787,0.1154,0.0,0.0,0.0000,0.0000,7.0713,2.9840,12.5360,339.9375,enc,0.0000
1786348163.088020,0.1142,0.0,0.0,0.0000,0.0000,7.0713,2.9840,12.5360,339.9375,enc,0.0000
1786348163.175358,0.0873,0.0,0.0,0.0000,0.0000,7.0713,2.9840,12.5360,339.9375,enc,0.0000
1786348163.278730,0.1034,0.0,0.0,0.0000,0.0000,7.0713,2.9840,12.5360,339.9375,enc,0.0000
1786348163.376234,0.0975,0.0,0.0,0.0000,0.0000,7.0713,2.9840,12.5360,339.9375,enc,0.0000
1786348163.489207,0.1130,0.0,0.0,0.0000,0.0000,7.0713,2.9840,12.5360,339.9375,enc,0.0000
1786348163.584088,0.0949,0.0,0.0,0.0000,0.0000,7.0713,2.9840,12.5360,339.9375,enc,0.0000
1786348163.688242,0.1042,0.0,0.0,0.0000,0.0000,7.0713,2.9840,12.5360,339.9375,enc,0.0000
1786348163.801738,0.1135,0.0,0.0,0.0000,0.0000,7.0713,2.9840,12.5360,339.9375,enc,0.0000
1786348163.896592,0.0949,0.0,0.0,0.0000,0.0000,7.0713,2.9840,12.5360,339.9375,enc,0.0000
1786348164.003344,0.1068,0.0,0.0,0.0000,0.0000,7.0713,2.9840,12.5360,339.9375,enc,0.0000
1786348164.111105,0.1078,0.0,0.0,0.0000,0.0000,7.0713,2.9840,12.5360,339.9375,enc,0.0000
1786348164.209737,0.0986,0.0,0.0,0.0000,0.0000,7.0713,2.9840,12.5360,339.9375,enc,0.0000
1786348164.310965,0.1012,0.0,0.0,0.0000,0.0000,7.0713,2.9840,12.5360,339.9375,enc,0.0000
1786348164.421496,0.1105,0.0,0.0,0.0000,0.0000,7.0713,2.9840,12.5360,339.9375,enc,0.0000
1786348164.521691,0.1002,0.0,0.0,0.0000,0.0000,7.0713,2.9840,12.5360,339.9375,enc,0.0000
1786348164.620126,0.0984,0.0,0.0,0.0000,0.0000,7.0713,2.9840,12.5360,339.9375,enc,0.0000
1786348164.739071,0.1189,0.0,0.0,0.0000,0.0000,7.0713,2.9840,12.5360,339.9375,enc,0.0000
1786348164.829437,0.0904,0.0,0.0,0.0000,0.0000,7.0713,2.9840,12.5360,339.9375,enc,0.0000
1786348164.931284,0.1018,0.0,0.0,0.0000,0.0000,7.0713,2.9840,12.5360,339.9375,enc,0.0000
1786348165.047488,0.1162,0.0,0.0,0.0000,0.0000,7.0713,2.9840,12.5360,339.9375,enc,0.0000
1786348165.138729,0.0912,0.0,0.0,0.0000,0.0000,7.0713,2.9840,12.5360,339.9375,enc,0.0000
1786348165.255300,0.1166,0.0,0.0,0.0000,0.0000,7.0713,2.9840,12.5360,339.9375,enc,0.0000
1786348165.347858,0.0926,0.0,0.0,0.0000,0.0000,7.0713,2.9840,12.5360,339.9375,enc,0.0000
1786348165.449753,0.1019,0.0,0.0,0.0000,0.0000,7.0713,2.9840,12.5360,339.9375,enc,0.0000
1786348165.557431,0.1077,0.0,0.0,0.0000,0.0000,7.0713,2.9840,12.5360,339.9375,enc,0.0000
1786348165.660869,0.1034,0.0,0.0,0.0000,0.0000,7.0713,2.9840,12.5360,339.9375,enc,0.0000
1786348165.761901,0.1010,0.0,0.0,0.0000,0.0000,7.0713,2.9840,12.5360,339.9375,enc,0.0000
1786348165.867274,0.1054,0.0,0.0,0.0000,0.0000,7.0713,2.9840,12.5360,339.9375,enc,0.0000
1786348165.998218,0.1309,0.0,0.0,0.0000,0.0000,7.0713,2.9840,12.5360,339.9375,enc,0.0000
1786348166.073856,0.0756,0.0,0.0,0.0000,0.0000,7.0713,2.9840,12.5360,339.9375,enc,0.0000
1786348166.184761,0.1109,0.0,0.0,0.0000,0.0000,7.0713,2.9840,12.5360,339.9375,enc,0.0000
1786348166.287238,0.1025,0.0,0.0,0.0000,0.0000,7.0713,2.9840,12.5360,339.9375,enc,0.0000
1786348166.393427,0.1062,0.0,0.0,0.0000,0.0000,7.0713,2.9840,12.5360,339.9375,enc,0.0000
1786348166.502593,0.1092,0.0,0.0,0.0000,0.0000,7.0713,2.9840,12.5360,339.9375,enc,0.0000
1786348166.599410,0.0968,0.0,0.0,0.0000,0.0000,7.0713,2.9840,12.5360,339.9375,enc,0.0000
1786348166.699594,0.1002,0.0,0.0,0.0000,0.0000,7.0713,2.9840,12.5360,339.9375,enc,0.0000
1786348166.809780,0.1102,0.0,0.0,0.0000,0.0000,7.0713,2.9840,12.5360,339.9375,enc,0.0000
1786348166.909891,0.1001,0.0,0.0,0.0000,0.0000,7.0713,2.9840,12.5360,339.9375,enc,0.0000
1786348167.014713,0.1048,0.0,0.0,0.0000,0.0000,7.0713,2.9840,12.5360,339.9375,enc,0.0000
1786348167.127645,0.1129,0.0,0.0,0.0000,0.0000,7.0713,2.9840,12.5360,339.9375,enc,0.0000
1786348167.220012,0.0924,0.0,0.0,0.0000,0.0000,7.0713,2.9840,12.5360,339.9375,enc,0.0000
1786348167.324493,0.1045,0.0,0.0,0.0000,0.0000,7.0713,2.9840,12.5360,339.9375,enc,0.0000
1786348167.437535,0.1130,0.0,0.0,0.0000,0.0000,7.0713,2.9840,12.5360,339.9375,enc,0.0000
1786348167.531715,0.0942,0.0,0.0,0.0000,0.0000,7.0713,2.9840,12.5360,339.9375,enc,0.0000
1786348167.636110,0.1044,0.0,0.0,0.0000,0.0000,7.0713,2.9840,12.5360,339.9375,enc,0.0000
1786348167.739990,0.1039,0.0,0.0,0.0000,0.0000,7.0713,2.9840,12.5360,339.9375,enc,0.0000
1786348167.843817,0.1038,0.0,0.0,0.0000,0.0000,7.0713,2.9840,12.5360,339.9375,enc,0.0000
1786348167.948941,0.1051,0.0,0.0,0.0000,0.0000,7.0713,2.9840,12.5360,339.9375,enc,0.0000
1786348168.052526,0.1036,0.0,0.0,0.0000,0.0000,7.0713,2.9840,12.5360,339.9375,enc,0.0000
1786348168.154801,0.1023,0.0,0.0,0.0000,0.0000,7.0713,2.9840,12.5360,339.9375,enc,0.0000
1786348168.260041,0.1052,0.0,0.0,0.0000,0.0000,7.0713,2.9840,12.5360,339.9375,enc,0.0000
1786348168.366145,0.1061,0.0,0.0,0.0000,0.0000,7.0713,2.9840,12.5360,339.9375,enc,0.0000
1786348168.466063,0.0999,0.0,0.0,0.0000,0.0000,7.0713,2.9840,12.5360,339.9375,enc,0.0000
1786348168.574406,0.1083,0.0,0.0,0.0000,0.0000,7.0713,2.9840,12.5360,339.9375,enc,0.0000
1786348168.672875,0.0985,0.0,0.0,0.0000,0.0000,7.0713,2.9840,12.5360,339.9375,enc,0.0000
1786348168.784522,0.1116,0.0,0.0,0.0000,0.0000,7.0713,2.9840,12.5360,339.9375,enc,0.0000
1786348168.907643,0.1231,0.0,0.0,0.0000,0.0000,7.0713,2.9840,12.5360,339.9375,enc,0.0000
1786348168.991848,0.0842,0.0,0.0,0.0000,0.0000,7.0713,2.9840,12.5360,339.9375,enc,0.0000
1786348169.092054,0.1002,0.0,0.0,0.0000,0.0000,7.0713,2.9840,12.5360,339.9375,enc,0.0000
1786348169.220684,0.1286,0.0,0.0,0.0000,0.0000,7.0713,2.9840,12.5360,339.9375,enc,0.0000
1786348169.299868,0.0792,0.0,0.0,0.0000,0.0000,7.0713,2.9840,12.5360,339.9375,enc,0.0000
1786348169.402677,0.1028,0.0,0.0,0.0000,0.0000,7.0713,2.9840,12.5360,339.9375,enc,0.0000
1786348169.530079,0.1274,0.0,0.0,0.0000,0.0000,7.0713,2.9840,12.5360,339.9375,enc,0.0000
1786348169.611810,0.0817,0.0,0.0,0.0000,0.0000,7.0713,2.9840,12.5360,339.9375,enc,0.0000
1786348169.715894,0.1041,0.0,0.0,0.0000,0.0000,7.0713,2.9840,12.5360,339.9375,enc,0.0000
1786348169.823706,0.1078,0.0,0.0,0.0000,0.0000,7.0713,2.9840,12.5360,339.9375,enc,0.0000
1786348169.939277,0.1156,0.0,0.0,0.0000,0.0000,7.0713,2.9840,12.5360,339.9375,enc,0.0000
1786348170.023380,0.0841,0.0,0.0,0.0000,0.0000,7.0713,2.9840,12.5360,339.9375,enc,0.0000
1786348170.129825,0.1064,0.0,0.0,0.0000,0.0000,7.0713,2.9840,12.5360,339.9375,enc,0.0000
1786348170.232670,0.1028,0.0,0.0,0.0000,0.0000,7.0713,2.9840,12.5360,339.9375,enc,0.0000
1786348170.338082,0.1054,0.0,0.0,0.0000,0.0000,7.0713,2.9840,12.5360,339.9375,enc,0.0000
1786348170.441837,0.1038,0.0,0.0,0.0000,0.0000,7.0713,2.9840,12.5360,339.9375,enc,0.0000
1786348170.545382,0.1035,0.0,0.0,0.0000,0.0000,7.0713,2.9840,12.5360,339.9375,enc,0.0000
1786348170.658759,0.1134,0.0,0.0,0.0000,0.0000,7.0713,2.9840,12.5360,339.9375,enc,0.0000
1786348170.758083,0.0993,0.0,0.0,0.0000,0.0000,7.0713,2.9840,12.5360,339.9375,enc,0.0000
1786348170.856694,0.0986,0.0,0.0,0.0000,0.0000,7.0713,2.9840,12.5360,339.9375,enc,0.0000
1786348170.968519,0.1118,0.0,0.0,0.0000,0.0000,7.0713,2.9840,12.5360,339.9375,enc,0.0000
1786348171.067131,0.0986,0.0,0.0,0.0000,0.0000,7.0713,2.9840,12.5360,339.9375,enc,0.0000
1786348171.169855,0.1027,0.0,0.0,0.0000,0.0000,7.0713,2.9840,12.5360,339.9375,enc,0.0000
1786348171.276515,0.1067,0.0,0.0,0.0000,0.0000,7.0713,2.9840,12.5360,339.9375,enc,0.0000
1786348171.389736,0.1132,0.0,0.0,0.0000,0.0000,7.0713,2.9840,12.5360,339.9375,enc,0.0000
1786348171.479273,0.0895,0.0,0.0,0.0000,0.0000,7.0713,2.9840,12.5360,339.9375,enc,0.0000
1786348171.588314,0.1090,0.0,0.0,0.0000,0.0000,7.0713,2.9840,12.5360,339.9375,enc,0.0000
1786348171.686639,0.0983,0.0,0.0,0.0000,0.0000,7.0713,2.9840,12.5360,339.9375,enc,0.0000
1786348171.791362,0.1047,0.0,0.0,0.0000,0.0000,7.0713,2.9840,12.5360,339.9375,enc,0.0000
1786348171.902600,0.1112,0.0,0.0,0.0000,0.0000,7.0713,2.9840,12.5360,339.9375,enc,0.0000
1786348172.001731,0.0991,0.0,0.0,0.0000,0.0000,7.0713,2.9840,12.5360,339.9375,enc,0.0000
1786348172.101843,0.1001,0.0,0.0,0.0000,0.0000,7.0713,2.9840,12.5360,339.9375,enc,0.0000
1786348172.206812,0.1050,0.0,0.0,0.0000,0.0000,7.0713,2.9840,12.5360,339.9375,enc,0.0000
1786348172.311686,0.1049,0.0,0.0,0.0000,0.0000,7.0713,2.9840,12.5360,339.9375,enc,0.0000
1786348172.421898,0.1102,0.0,0.0,0.0000,0.0000,7.0713,2.9840,12.5360,339.9375,enc,0.0000
1786348172.525702,0.1038,0.0,0.0,0.0000,0.0000,7.0713,2.9840,12.5360,339.9375,enc,0.0000
1786348172.623780,0.0981,0.0,0.0,0.0000,0.0000,7.0713,2.9840,12.5360,339.9375,enc,0.0000
1786348172.727766,0.1040,0.0,0.0,0.0000,0.0000,7.0713,2.9840,12.5360,339.9375,enc,0.0000
1786348172.838120,0.1104,0.0,0.0,0.0000,0.0000,7.0713,2.9840,12.5360,339.9375,enc,0.0000
1786348172.931899,0.0938,0.0,0.0,0.0000,0.0000,7.0713,2.9840,12.5360,339.9375,enc,0.0000
1786348173.037697,0.1058,0.0,0.0,0.0000,0.0000,7.0713,2.9840,12.5360,339.9375,enc,0.0000
1786348173.146231,0.1085,0.0,0.0,0.0000,0.0000,7.0713,2.9840,12.5360,339.9375,enc,0.0000
1786348173.243808,0.0976,0.0,0.0,0.0000,0.0000,7.0713,2.9840,12.5360,339.9375,enc,0.0000
1786348173.350274,0.1065,0.0,0.0,0.0000,0.0000,7.0713,2.9840,12.5360,339.9375,enc,0.0000
1786348173.457895,0.1076,0.0,0.0,0.0000,0.0000,7.0713,2.9840,12.5360,339.9375,enc,0.0000
1786348173.557302,0.0994,0.0,0.0,0.0000,0.0000,7.0713,2.9840,12.5360,339.9375,enc,0.0000
1786348173.660248,0.1029,0.0,0.0,0.0000,0.0000,7.0713,2.9840,12.5360,339.9375,enc,0.0000
1786348173.787616,0.1274,0.0,0.0,0.0000,0.0000,7.0713,2.9840,12.5360,339.9375,enc,0.0000
1786348173.865590,0.0780,0.0,0.0,0.0000,0.0000,7.0713,2.9840,12.5360,339.9375,enc,0.0000
1786348173.970094,0.1045,0.0,0.0,0.0000,0.0000,7.0713,2.9840,12.5360,339.9375,enc,0.0000
1786348174.072481,0.1024,0.0,0.0,0.0000,0.0000,7.0713,2.9840,12.5360,339.9375,enc,0.0000
1786348174.179921,0.1074,0.0,0.0,0.0000,0.0000,7.0713,2.9840,12.5360,339.9375,enc,0.0000
1786348174.298352,0.1184,0.0,0.0,0.0000,0.0000,7.0713,2.9840,12.5360,339.9375,enc,0.0000
1786348174.385094,0.0867,0.0,0.0,0.0000,0.0000,7.0713,2.9840,12.5360,339.9375,enc,0.0000
1786348174.487762,0.1027,0.0,0.0,0.0000,0.0000,7.0713,2.9840,12.5360,339.9375,enc,0.0000
1786348174.594806,0.1070,0.0,0.0,0.0000,0.0000,7.0713,2.9840,12.5360,339.9375,enc,0.0000
1786348174.695756,0.1009,0.0,0.0,0.0000,0.0000,7.0713,2.9840,12.5360,339.9375,enc,0.0000
1786348174.800283,0.1045,0.0,0.0,0.0000,0.0000,7.0713,2.9840,12.5360,339.9375,enc,0.0000
1786348174.909771,0.1095,0.0,0.0,0.0000,0.0000,7.0713,2.9840,12.5360,339.9375,enc,0.0000
1786348175.017425,0.1077,0.0,0.0,0.0000,0.0000,7.0713,2.9840,12.5360,339.9375,enc,0.0000
1786348175.111564,0.0941,0.0,0.0,0.0000,0.0000,7.0713,2.9840,12.5360,339.9375,enc,0.0000
1786348175.218611,0.1070,0.0,0.0,0.0000,0.0000,7.0713,2.9840,12.5360,339.9375,enc,0.0000
1786348175.316740,0.0981,0.0,0.0,0.0000,0.0000,7.0713,2.9840,12.5360,339.9375,enc,0.0000
1786348175.420686,0.1039,0.0,0.0,0.0000,0.0000,7.0713,2.9840,12.5360,339.9375,enc,0.0000
1786348175.530700,0.1100,0.0,0.0,0.0000,0.0000,7.0713,2.9840,12.5360,339.9375,enc,0.0000
1786348175.627772,0.0971,0.0,0.0,0.0000,0.0000,7.0713,2.9840,12.5360,339.9375,enc,0.0000
1786348175.731165,0.1034,0.0,0.0,0.0000,0.0000,7.0713,2.9840,12.5360,339.9375,enc,0.0000
1786348175.841186,0.1100,0.0,0.0,0.0000,0.0000,7.0713,2.9840,12.5360,339.9375,enc,0.0000
1786348175.938608,0.0974,0.0,0.0,0.0000,0.0000,7.0713,2.9840,12.5360,339.9375,enc,0.0000
1786348176.042416,0.1038,0.0,0.0,0.0000,0.0000,7.0713,2.9840,12.5360,339.9375,enc,0.0000
1786348176.151106,0.1087,0.0,0.0,0.0000,0.0000,7.0713,2.9840,12.5360,339.9375,enc,0.0000
1786348176.249529,0.0984,0.0,0.0,0.0000,0.0000,7.0713,2.9840,12.5360,339.9375,enc,0.0000
1786348176.353328,0.1038,0.0,0.0,0.0000,0.0000,7.0713,2.9840,12.5360,339.9375,enc,0.0000
1786348176.464309,0.1110,0.0,0.0,0.0000,0.0000,7.0713,2.9840,12.5360,339.9375,enc,0.0000
1786348176.561710,0.0974,0.0,0.0,0.0000,0.0000,7.0713,2.9840,12.5360,339.9375,enc,0.0000
1786348176.678632,0.1169,0.0,0.0,0.0000,0.0000,7.0713,2.9840,12.5360,339.9375,enc,0.0000
1786348176.778309,0.0997,0.0,0.0,0.0000,0.0000,7.0713,2.9840,12.5360,339.9375,enc,0.0000
1786348176.889384,0.1111,0.0,0.0,0.0000,0.0000,7.0713,2.9840,12.5360,339.9375,enc,0.0000
1786348176.975105,0.0857,0.0,0.0,0.0000,0.0000,7.0713,2.9840,12.5360,339.9375,enc,0.0000
1786348177.094918,0.1198,0.0,0.0,0.0000,0.0000,7.0713,2.9840,12.5360,339.9375,enc,0.0000
1786348177.183439,0.0885,0.0,0.0,0.0000,0.0000,7.0713,2.9840,12.5360,339.9375,enc,0.0000
1786348177.288014,0.1046,0.0,0.0,0.0000,0.0000,7.0713,2.9840,12.5360,339.9375,enc,0.0000
1786348177.395112,0.1071,0.0,0.0,0.0000,0.0000,7.0713,2.9840,12.5360,339.9375,enc,0.0000
1786348177.493098,0.0980,0.0,0.0,0.0000,0.0000,7.0713,2.9840,12.5360,339.9375,enc,0.0000
1786348177.603425,0.1103,0.0,0.0,0.0000,0.0000,7.0713,2.9840,12.5360,339.9375,enc,0.0000
1786348177.705418,0.1020,0.0,0.0,0.0000,0.0000,7.0713,2.9840,12.5360,339.9375,enc,0.0000
1786348177.806596,0.1012,0.0,0.0,0.0000,0.0000,7.0713,2.9840,12.5360,339.9375,enc,0.0000
1786348177.915189,0.1086,0.0,0.0,0.0000,0.0000,7.0713,2.9840,12.5360,339.9375,enc,0.0000
1786348178.018320,0.1031,0.0,0.0,0.0000,0.0000,7.0713,2.9840,12.5360,339.9375,enc,0.0000
1786348178.118884,0.1006,0.0,0.0,0.0000,0.0000,7.0713,2.9840,12.5360,339.9375,enc,0.0000
1786348178.227852,0.1090,0.0,0.0,0.0000,0.0000,7.0713,2.9840,12.5360,339.9375,enc,0.0000
1786348178.327518,0.0997,0.0,0.0,0.0000,0.0000,7.0713,2.9840,12.5360,339.9375,enc,0.0000
1786348178.432584,0.1051,0.0,0.0,0.0000,0.0000,7.0713,2.9840,12.5360,339.9375,enc,0.0000
1786348178.540160,0.1076,0.0,0.0,0.0000,0.0000,7.0713,2.9840,12.5360,339.9375,enc,0.0000
1786348178.643194,0.1030,0.0,0.0,0.0000,0.0000,7.0713,2.9840,12.5360,339.9375,enc,0.0000
1786348178.743917,0.1007,0.0,0.0,0.0000,0.0000,7.0713,2.9840,12.5360,339.9375,enc,0.0000
1786348178.849437,0.1055,0.0,0.0,0.0000,0.0000,7.0713,2.9840,12.5360,339.9375,enc,0.0000
1786348178.951019,0.1016,0.0,0.0,0.0000,0.0000,7.0713,2.9840,12.5360,339.9375,enc,0.0000
1786348179.054166,0.1031,0.0,0.0,0.0000,0.0000,7.0713,2.9840,12.5360,339.9375,enc,0.0000
1786348179.167558,0.1134,0.0,0.0,0.0000,0.0000,7.0713,2.9840,12.5360,339.9375,enc,0.0000
1786348179.261974,0.0944,0.0,0.0,0.0000,0.0000,7.0713,2.9840,12.5360,339.9375,enc,0.0000
1786348179.365293,0.1033,0.0,0.0,0.0000,0.0000,7.0713,2.9840,12.5360,339.9375,enc,0.0000
1786348179.472864,0.1076,0.0,0.0,0.0000,0.0000,7.0713,2.9840,12.5360,339.9375,enc,0.0000
1786348179.574381,0.1015,0.0,0.0,0.0000,0.0000,7.0713,2.9840,12.5360,339.9375,enc,0.0000
1786348179.677463,0.1031,0.0,0.0,0.0000,0.0000,7.0713,2.9840,12.5360,339.9375,enc,0.0000
1786348179.783430,0.1060,0.0,0.0,0.0000,0.0000,7.0713,2.9840,12.5360,339.9375,enc,0.0000
1786348179.885164,0.1017,0.0,0.0,0.0000,0.0000,7.0713,2.9840,12.5360,339.9375,enc,0.0000
1786348180.001721,0.1166,0.0,0.0,0.0000,0.0000,7.0713,2.9840,12.5360,339.9375,enc,0.0000
1786348180.098412,0.0967,0.0,0.0,0.0000,0.0000,7.0713,2.9840,12.5360,339.9375,enc,0.0000
1786348180.196592,0.0982,0.0,0.0,0.0000,0.0000,7.0713,2.9840,12.5360,339.9375,enc,0.0000
1786348180.308915,0.1123,0.0,0.0,0.0000,0.0000,7.0713,2.9840,12.5360,339.9375,enc,0.0000
1786348180.409294,0.1004,0.0,0.0,0.0000,0.0000,7.0713,2.9840,12.5360,339.9375,enc,0.0000
1786348180.511868,0.1026,0.0,0.0,0.0000,0.0000,7.0713,2.9840,12.5360,339.9375,enc,0.0000
1786348180.624044,0.1122,0.0,0.0,0.0000,0.0000,7.0713,2.9840,12.5360,339.9375,enc,0.0000
1786348180.717251,0.0932,0.0,0.0,0.0000,0.0000,7.0713,2.9840,12.5360,339.9375,enc,0.0000
1786348180.838064,0.1208,0.0,0.0,0.0000,0.0000,7.0713,2.9840,12.5360,339.9375,enc,0.0000
1786348180.931682,0.0936,0.0,0.0,0.0000,0.0000,7.0713,2.9840,12.5360,339.9375,enc,0.0000
1786348181.029837,0.0982,0.0,0.0,0.0000,0.0000,7.0713,2.9840,12.5360,339.9375,enc,0.0000
1786348181.134926,0.1051,0.0,0.0,0.0000,0.0000,7.0713,2.9840,12.5360,339.9375,enc,0.0000
1786348181.246250,0.1113,0.0,0.0,0.0000,0.0000,7.0713,2.9840,12.5360,339.9375,enc,0.0000
1786348181.342674,0.0964,0.0,0.0,0.0000,0.0000,7.0713,2.9840,12.5360,339.9375,enc,0.0000
1786348181.445475,0.1028,0.0,0.0,0.0000,0.0000,7.0713,2.9840,12.5360,339.9375,enc,0.0000
1786348181.553293,0.1078,0.0,0.0,0.0000,0.0000,7.0713,2.9840,12.5360,339.9375,enc,0.0000
1786348181.657799,0.1045,0.0,0.0,0.0000,0.0000,7.0713,2.9840,12.5360,339.9375,enc,0.0000
1786348181.757973,0.1002,0.0,0.0,0.0000,0.0000,7.0713,2.9840,12.5360,339.9375,enc,0.0000
1786348181.865562,0.1076,0.0,0.0,0.0000,0.0000,7.0713,2.9840,12.5360,339.9375,enc,0.0000
1786348181.966261,0.1007,0.0,0.0,0.0000,0.0000,7.0713,2.9840,12.5360,339.9375,enc,0.0000
1786348182.076453,0.1102,0.0,0.0,0.0000,0.0000,7.0713,2.9840,12.5360,339.9375,enc,0.0000
1786348182.181157,0.1047,0.0,0.0,0.0000,0.0000,7.0713,2.9840,12.5360,339.9375,enc,0.0000
1786348182.279982,0.0988,0.0,0.0,0.0000,0.0000,7.0713,2.9840,12.5360,339.9375,enc,0.0000
1786348182.386616,0.1066,0.0,0.0,0.0000,0.0000,7.0713,2.9840,12.5360,339.9375,enc,0.0000
1786348182.485144,0.0985,0.0,0.0,0.0000,0.0000,7.0713,2.9840,12.5360,339.9375,enc,0.0000
1786348182.588224,0.1031,0.0,0.0,0.0000,0.0000,7.0713,2.9840,12.5360,339.9375,enc,0.0000
1786348182.699528,0.1113,0.0,0.0,0.0000,0.0000,7.0713,2.9840,12.5360,339.9375,enc,0.0000
1786348182.806614,0.1071,0.0,0.0,0.0000,0.0000,7.0713,2.9840,12.5360,339.9375,enc,0.0000
1786348182.898975,0.0924,0.0,0.0,0.0000,0.0000,7.0713,2.9840,12.5360,339.9375,enc,0.0000
1786348183.006987,0.1080,0.0,0.0,0.0000,0.0000,7.0713,2.9840,12.5360,339.9375,enc,0.0000
1786348183.106672,0.0997,0.0,0.0,0.0000,0.0000,7.0713,2.9840,12.5360,339.9375,enc,0.0000
1786348183.210111,0.1034,0.0,0.0,0.0000,0.0000,7.0713,2.9840,12.5360,339.9375,enc,0.0000
1786348183.324602,0.1145,0.0,0.0,0.0000,0.0000,7.0713,2.9840,12.5360,339.9375,enc,0.0000
1786348183.420474,0.0959,0.0,0.0,0.0000,0.0000,7.0713,2.9840,12.5360,339.9375,enc,0.0000
1786348183.522622,0.1021,0.0,0.0,0.0000,0.0000,7.0713,2.9840,12.5360,339.9375,enc,0.0000
1786348183.641611,0.1190,0.0,0.0,0.0000,0.0000,7.0713,2.9840,12.5360,339.9375,enc,0.0000
1786348183.728319,0.0867,0.0,0.0,0.0000,0.0000,7.0713,2.9840,12.5360,339.9375,enc,0.0000
1786348183.832615,0.1043,0.0,0.0,0.0000,0.0000,7.0713,2.9840,12.5360,339.9375,enc,0.0000
1786348183.948166,0.1156,0.0,0.0,0.0000,0.0000,7.0713,2.9840,12.5360,339.9375,enc,0.0000
1786348184.043276,0.0951,0.0,0.0,0.0000,0.0000,7.0713,2.9840,12.5360,339.9375,enc,0.0000
1786348184.146056,0.1028,0.0,0.0,0.0000,0.0000,7.0713,2.9840,12.5360,339.9375,enc,0.0000
1786348184.258685,0.1126,0.0,0.0,0.0000,0.0000,7.0713,2.9840,12.5360,339.9375,enc,0.0000
1786348184.350321,0.0916,0.0,0.0,0.0000,0.0000,7.0713,2.9840,12.5360,339.9375,enc,0.0000
1786348184.456246,0.1059,0.0,0.0,0.0000,0.0000,7.0713,2.9840,12.5360,339.9375,enc,0.0000
1786348184.567730,0.1115,0.0,0.0,0.0000,0.0000,7.0713,2.9840,12.5360,339.9375,enc,0.0000
1786348184.668361,0.1006,0.0,0.0,0.0000,0.0000,7.0713,2.9840,12.5360,339.9375,enc,0.0000
1786348184.765143,0.0968,0.0,0.0,0.0000,0.0000,7.0713,2.9840,12.5360,339.9375,enc,0.0000
1786348184.888489,0.1233,0.0,0.0,0.0000,0.0000,7.0713,2.9840,12.5360,339.9375,enc,0.0000
1786348185.006890,0.1184,0.0,0.0,0.0000,0.0000,7.0713,2.9840,12.5360,339.9375,enc,0.0000
1786348185.083602,0.0767,0.0,0.0,0.0000,0.0000,7.0713,2.9840,12.5360,339.9375,enc,0.0000
1786348185.185951,0.1023,0.0,0.0,0.0000,0.0000,7.0713,2.9840,12.5360,339.9375,enc,0.0000
1786348185.284132,0.0982,0.0,0.0,0.0000,0.0000,7.0713,2.9840,12.5360,339.9375,enc,0.0000
1786348185.399779,0.1156,0.0,0.0,0.0000,0.0000,7.0713,2.9840,12.5360,339.9375,enc,0.0000
1786348185.498361,0.0986,0.0,0.0,0.0000,0.0000,7.0713,2.9840,12.5360,339.9375,enc,0.0000
1786348185.604914,0.1066,0.0,0.0,0.0000,0.0000,7.0713,2.9840,12.5360,339.9375,enc,0.0000
1786348185.711483,0.1066,0.0,0.0,0.0000,0.0000,7.0713,2.9840,12.5360,339.9375,enc,0.0000
1786348185.821073,0.1096,0.0,0.0,0.0000,0.0000,7.0713,2.9840,12.5360,339.9375,enc,0.0000
1786348185.912042,0.0910,0.0,0.0,0.0000,0.0000,7.0713,2.9840,12.5360,339.9375,enc,0.0000
1786348186.030380,0.1183,0.0,0.0,0.0000,0.0000,7.0713,2.9840,12.5360,339.9375,enc,0.0000
1786348186.118580,0.0882,0.0,0.0,0.0000,0.0000,7.0713,2.9840,12.5360,339.9375,enc,0.0000
1786348186.224069,0.1055,0.0,0.0,0.0000,0.0000,7.0713,2.9840,12.5360,339.9375,enc,0.0000
1786348186.334303,0.1102,0.0,0.0,0.0000,0.0000,7.0713,2.9840,12.5360,339.9375,enc,0.0000
1786348186.431416,0.0971,0.0,0.0,0.0000,0.0000,7.0713,2.9840,12.5360,339.9375,enc,0.0000
1786348186.533797,0.1024,0.0,0.0,0.0000,0.0000,7.0713,2.9840,12.5360,339.9375,enc,0.0000
1786348186.646643,0.1128,0.0,0.0,0.0000,0.0000,7.0713,2.9840,12.5360,339.9375,enc,0.0000
1786348186.741009,0.0944,0.0,0.0,0.0000,0.0000,7.0713,2.9840,12.5360,339.9375,enc,0.0000
1786348186.848548,0.1075,0.0,0.0,0.0000,0.0000,7.0713,2.9840,12.5360,339.9375,enc,0.0000
1786348186.954011,0.1055,0.0,0.0,0.0000,0.0000,7.0713,2.9840,12.5360,339.9375,enc,0.0000
1786348187.060074,0.1061,0.0,0.0,0.0000,0.0000,7.0713,2.9840,12.5360,339.9375,enc,0.0000
1786348187.158066,0.0980,0.0,0.0,0.0000,0.0000,7.0713,2.9840,12.5360,339.9375,enc,0.0000
1786348187.261936,0.1039,0.0,0.0,0.0000,0.0000,7.0713,2.9840,12.5360,339.9375,enc,0.0000
1786348187.363399,0.1015,0.0,0.0,0.0000,0.0000,7.0713,2.9840,12.5360,339.9375,enc,0.0000
1786348187.469458,0.1061,0.0,0.0,0.0000,0.0000,7.0713,2.9840,12.5360,339.9375,enc,0.0000
1786348187.572392,0.1029,0.0,0.0,0.0000,0.0000,7.0713,2.9840,12.5360,339.9375,enc,0.0000
1786348187.677782,0.1054,0.0,0.0,0.0000,0.0000,7.0713,2.9840,12.5360,339.9375,enc,0.0000
1786348187.782908,0.1051,0.0,0.0,0.0000,0.0000,7.0713,2.9840,12.5360,339.9375,enc,0.0000
1786348187.882867,0.1000,0.0,0.0,0.0000,0.0000,7.0713,2.9840,12.5360,339.9375,enc,0.0000
1786348187.985353,0.1025,0.0,0.0,0.0000,0.0000,7.0713,2.9840,12.5360,339.9375,enc,0.0000
1786348188.102201,0.1168,0.0,0.0,0.0000,0.0000,7.0713,2.9840,12.5360,339.9375,enc,0.0000
1786348188.200988,0.0988,0.0,0.0,0.0000,0.0000,7.0713,2.9840,12.5360,339.9375,enc,0.0000
1786348188.302539,0.1016,0.0,0.0,0.0000,0.0000,7.0713,2.9840,12.5360,339.9375,enc,0.0000
1786348188.413692,0.1112,0.0,0.0,0.0000,0.0000,7.0713,2.9840,12.5360,339.9375,enc,0.0000
1786348188.510890,0.0972,0.0,0.0,0.0000,0.0000,7.0713,2.9840,12.5360,339.9375,enc,0.0000
1786348188.610575,0.0997,0.0,0.0,0.0000,0.0000,7.0713,2.9840,12.5360,339.9375,enc,0.0000
1786348188.722770,0.1122,0.0,0.0,0.0000,0.0000,7.0713,2.9840,12.5360,339.9375,enc,0.0000
1786348188.820196,0.0974,0.0,0.0,0.0000,0.0000,7.0713,2.9840,12.5360,339.9375,enc,0.0000
1786348188.922710,0.1025,0.0,0.0,0.0000,0.0000,7.0713,2.9840,12.5360,339.9375,enc,0.0000
1786348189.027670,0.1050,0.0,0.0,0.0000,0.0000,7.0713,2.9840,12.5360,339.9375,enc,0.0000
1786348189.129993,0.1023,0.0,0.0,0.0000,0.0000,7.0713,2.9840,12.5360,339.9375,enc,0.0000
1786348189.234369,0.1044,0.0,0.0,0.0000,0.0000,7.0713,2.9840,12.5360,339.9375,enc,0.0000
1786348189.343050,0.1087,0.0,0.0,0.0000,0.0000,7.0713,2.9840,12.5360,339.9375,enc,0.0000
1786348189.441160,0.0981,0.0,0.0,0.0000,0.0000,7.0713,2.9840,12.5360,339.9375,enc,0.0000
1786348189.545785,0.1046,0.0,0.0,0.0000,0.0000,7.0713,2.9840,12.5360,339.9375,enc,0.0000
1786348189.650315,0.1045,0.0,0.0,0.0000,0.0000,7.0713,2.9840,12.5360,339.9375,enc,0.0000
1786348189.754725,0.1044,0.0,0.0,0.0000,0.0000,7.0713,2.9840,12.5360,339.9375,enc,0.0000
1786348189.857701,0.1030,0.0,0.0,0.0000,0.0000,7.0713,2.9840,12.5360,339.9375,enc,0.0000
1786348189.965563,0.1079,0.0,0.0,0.0000,0.0000,7.0713,2.9840,12.5360,339.9375,enc,0.0000
1786348190.064852,0.0993,0.0,0.0,0.0000,0.0000,7.0713,2.9840,12.5360,339.9375,enc,0.0000
1786348190.172742,0.1079,0.0,0.0,0.0000,0.0000,7.0713,2.9840,12.5360,339.9375,enc,0.0000
1786348190.274641,0.1019,0.0,0.0,0.0000,0.0000,7.0713,2.9840,12.5360,339.9375,enc,0.0000
1786348190.377512,0.1029,0.0,0.0,0.0000,0.0000,7.0713,2.9840,12.5360,339.9375,enc,0.0000
1786348190.488405,0.1109,0.0,0.0,0.0000,0.0000,7.0713,2.9840,12.5360,339.9375,enc,0.0000
1786348190.591135,0.1027,0.0,0.0,0.0000,0.0000,7.0713,2.9840,12.5360,339.9375,enc,0.0000
1786348190.690901,0.0998,0.0,0.0,0.0000,0.0000,7.0713,2.9840,12.5360,339.9375,enc,0.0000
1786348190.812686,0.1218,0.0,0.0,0.0000,0.0000,7.0713,2.9840,12.5360,339.9375,enc,0.0000
1786348190.912501,0.0998,0.0,0.0,0.0000,0.0000,7.0713,2.9840,12.5360,339.9375,enc,0.0000
1786348191.000053,0.0876,0.0,0.0,0.0000,0.0000,7.0713,2.9840,12.5360,339.9375,enc,0.0000
1786348191.124837,0.1248,0.0,0.0,0.0000,0.0000,7.0713,2.9840,12.5360,339.9375,enc,0.0000
1786348191.216202,0.0914,0.0,0.0,0.0000,0.0000,7.0713,2.9840,12.5360,339.9375,enc,0.0000
1786348191.318313,0.1021,0.0,0.0,0.0000,0.0000,7.0713,2.9840,12.5360,339.9375,enc,0.0000
1786348191.446456,0.1281,0.0,0.0,0.0000,0.0000,7.0713,2.9840,12.5360,339.9375,enc,0.0000
1786348191.521359,0.0749,0.0,0.0,0.0000,0.0000,7.0713,2.9840,12.5360,339.9375,enc,0.0000
1786348191.636308,0.1149,0.0,0.0,0.0000,0.0000,7.0713,2.9840,12.5360,339.9375,enc,0.0000
1786348191.782602,0.1463,0.0,0.0,0.0000,0.0000,7.0713,2.9840,12.5360,339.9375,enc,0.0000
1786348191.837620,0.0550,0.0,0.0,0.0000,0.0000,7.0713,2.9840,12.5360,339.9375,enc,0.0000
1786348191.936284,0.0987,0.0,0.0,0.0000,0.0000,7.0713,2.9840,12.5360,339.9375,enc,0.0000
1786348192.054548,0.1183,0.0,0.0,0.0000,0.0000,7.0713,2.9840,12.5360,339.9375,enc,0.0000
1786348192.173218,0.1187,0.0,0.0,0.0000,0.0000,7.0713,2.9840,12.5360,339.9375,enc,0.0000
1786348192.242656,0.0694,0.0,0.0,0.0000,0.0000,7.0713,2.9840,12.5360,339.9375,enc,0.0000
1786348192.355766,0.1131,0.0,0.0,0.0000,0.0000,7.0713,2.9840,12.5360,339.9375,enc,0.0000
1786348192.453268,0.0975,0.0,0.0,0.0000,0.0000,7.0713,2.9840,12.5360,339.9375,enc,0.0000
1786348192.554803,0.1015,0.0,0.0,0.0000,0.0000,7.0713,2.9840,12.5360,339.9375,enc,0.0000
1786348192.663536,0.1087,0.0,0.0,0.0000,0.0000,7.0713,2.9840,12.5360,339.9375,enc,0.0000
1786348192.761756,0.0982,0.0,0.0,0.0000,0.0000,7.0713,2.9840,12.5360,339.9375,enc,0.0000
1786348192.866359,0.1046,0.0,0.0,0.0000,0.0000,7.0713,2.9840,12.5360,339.9375,enc,0.0000
1786348192.973064,0.1067,0.0,0.0,0.0000,0.0000,7.0713,2.9840,12.5360,339.9375,enc,0.0000
1786348193.073385,0.1003,0.0,0.0,0.0000,0.0000,7.0713,2.9840,12.5360,339.9375,enc,0.0000
1786348193.177393,0.1040,0.0,0.0,0.0000,0.0000,7.0713,2.9840,12.5360,339.9375,enc,0.0000
1786348193.290317,0.1129,0.0,0.0,0.0000,0.0000,7.0713,2.9840,12.5360,339.9375,enc,0.0000
1786348193.386359,0.0960,0.0,0.0,0.0000,0.0000,7.0713,2.9840,12.5360,339.9375,enc,0.0000
1786348193.489537,0.1032,0.0,0.0,0.0000,0.0000,7.0713,2.9840,12.5360,339.9375,enc,0.0000
1786348193.592474,0.1029,0.0,0.0,0.0000,0.0000,7.0713,2.9840,12.5360,339.9375,enc,0.0000
1786348193.698410,0.1059,0.0,0.0,0.0000,0.0000,7.0713,2.9840,12.5360,339.9375,enc,0.0000
1786348193.810830,0.1124,0.0,0.0,0.0000,0.0000,7.0713,2.9840,12.5360,339.9375,enc,0.0000
1786348193.905904,0.0951,0.0,0.0,0.0000,0.0000,7.0713,2.9840,12.5360,339.9375,enc,0.0000
1786348194.008787,0.1029,0.0,0.0,0.0000,0.0000,7.0713,2.9840,12.5360,339.9375,enc,0.0000
1786348194.138661,0.1299,0.0,0.0,0.0000,0.0000,7.0713,2.9840,12.5360,339.9375,enc,0.0000
1786348194.217214,0.0786,0.0,0.0,0.0000,0.0000,7.0713,2.9840,12.5360,339.9375,enc,0.0000
1786348194.319735,0.1025,0.0,0.0,0.0000,0.0000,7.0713,2.9840,12.5360,339.9375,enc,0.0000
1786348194.437618,0.1179,0.0,0.0,0.0000,0.0000,7.0713,2.9840,12.5360,339.9375,enc,0.0000
1786348194.530658,0.0930,0.0,0.0,0.0000,0.0000,7.0713,2.9840,12.5360,339.9375,enc,0.0000
1786348194.630030,0.0994,0.0,0.0,0.0000,0.0000,7.0713,2.9840,12.5360,339.9375,enc,0.0000
1786348194.756618,0.1266,0.0,0.0,0.0000,0.0000,7.0713,2.9840,12.5360,339.9375,enc,0.0000
1786348194.855398,0.0988,0.0,0.0,0.0000,0.0000,7.0713,2.9840,12.5360,339.9375,enc,0.0000
1786348194.946962,0.0916,0.0,0.0,0.0000,0.0000,7.0713,2.9840,12.5360,339.9375,enc,0.0000
1786348195.072180,0.1252,0.0,0.0,0.0000,0.0000,7.0713,2.9840,12.5360,339.9375,enc,0.0000
1786348195.150750,0.0786,0.0,0.0,0.0000,0.0000,7.0713,2.9840,12.5360,339.9375,enc,0.0000
1786348195.253754,0.1030,0.0,0.0,0.0000,0.0000,7.0713,2.9840,12.5360,339.9375,enc,0.0000
1786348195.373967,0.1202,0.0,0.0,0.0000,0.0000,7.0713,2.9840,12.5360,339.9375,enc,0.0000
1786348195.461367,0.0874,0.0,0.0,0.0000,0.0000,7.0713,2.9840,12.5360,339.9375,enc,0.0000
1786348195.564794,0.1034,0.0,0.0,0.0000,0.0000,7.0713,2.9840,12.5360,339.9375,enc,0.0000
1786348195.680966,0.1162,0.0,0.0,0.0000,0.0000,7.0713,2.9840,12.5360,339.9375,enc,0.0000
1786348195.771063,0.0901,0.0,0.0,0.0000,0.0000,7.0713,2.9840,12.5360,339.9375,enc,0.0000
1786348195.880181,0.1091,0.0,0.0,0.0000,0.0000,7.0713,2.9840,12.5360,339.9375,enc,0.0000
1786348195.990748,0.1106,0.0,0.0,0.0000,0.0000,7.0713,2.9840,12.5360,339.9375,enc,0.0000
1786348196.087737,0.0970,0.0,0.0,0.0000,0.0000,7.0713,2.9840,12.5360,339.9375,enc,0.0000
1786348196.198483,0.1107,0.0,0.0,0.0000,0.0000,7.0713,2.9840,12.5360,339.9375,enc,0.0000
1786348196.301126,0.1026,0.0,0.0,0.0000,0.0000,7.0713,2.9840,12.5360,339.9375,enc,0.0000
1786348196.396111,0.0950,0.0,0.0,0.0000,0.0000,7.0713,2.9840,12.5360,339.9375,enc,0.0000
1786348196.504904,0.1088,0.0,0.0,0.0000,0.0000,7.0713,2.9840,12.5360,339.9375,enc,0.0000
1786348196.611282,0.1064,0.0,0.0,0.0000,0.0000,7.0713,2.9840,12.5360,339.9375,enc,0.0000
1786348196.707979,0.0967,0.0,0.0,0.0000,0.0000,7.0713,2.9840,12.5360,339.9375,enc,0.0000
1786348196.817809,0.1098,0.0,0.0,0.0000,0.0000,7.0713,2.9840,12.5360,339.9375,enc,0.0000
1786348196.942791,0.1250,0.0,0.0,0.0000,0.0000,7.0713,2.9840,12.5360,339.9375,enc,0.0000
1786348197.021160,0.0784,0.0,0.0,0.0000,0.0000,7.0713,2.9840,12.5360,339.9375,enc,0.0000
1786348197.130591,0.1094,0.0,0.0,0.0000,0.0000,7.0713,2.9840,12.5360,339.9375,enc,0.0000
1786348197.230319,0.0997,0.0,0.0,0.0000,0.0000,7.0713,2.9840,12.5360,339.9375,enc,0.0000
1786348197.443779,0.2135,0.0,0.0,0.0000,0.0000,7.0713,2.9840,12.5360,339.9375,enc,0.0000
1786348197.585222,0.1414,0.0,0.0,0.0000,0.0000,7.0713,2.9840,12.5360,339.9375,enc,0.0000
1786348197.620444,0.0352,0.0,0.0,0.0000,0.0000,7.0713,2.9840,12.5360,339.9375,enc,0.0000
1786348197.655755,0.0353,0.0,0.0,0.0000,0.0000,7.0713,2.9840,12.5360,339.9375,enc,0.0000
1786348197.750191,0.0944,0.0,0.0,0.0000,0.0000,7.0713,2.9840,12.5360,339.9375,enc,0.0000
1786348197.849549,0.0994,0.0,0.0,0.0000,0.0000,7.0713,2.9840,12.5360,339.9375,enc,0.0000
1786348197.954082,0.1045,0.0,0.0,0.0000,0.0000,7.0713,2.9840,12.5360,339.9375,enc,0.0000
1786348198.060507,0.1064,0.0,0.0,0.0000,0.0000,7.0713,2.9840,12.5360,339.9375,enc,0.0000
1786348198.161363,0.1009,0.0,0.0,0.0000,0.0000,7.0713,2.9840,12.5360,339.9375,enc,0.0000
1786348198.263653,0.1023,0.0,0.0,0.0000,0.0000,7.0713,2.9840,12.5360,339.9375,enc,0.0000
1786348198.372451,0.1088,0.0,0.0,0.0000,0.0000,7.0713,2.9840,12.5360,339.9375,enc,0.0000
1786348198.470635,0.0982,0.0,0.0,0.0000,0.0000,7.0713,2.9840,12.5360,339.9375,enc,0.0000
1786348198.575392,0.1048,0.0,0.0,0.0000,0.0000,7.0713,2.9840,12.5360,339.9375,enc,0.0000
1786348198.679517,0.1041,0.0,0.0,0.0000,0.0000,7.0713,2.9840,12.5360,339.9375,enc,0.0000
1786348198.781711,0.1022,0.0,0.0,0.0000,0.0000,7.0713,2.9840,12.5360,339.9375,enc,0.0000
1786348198.903777,0.1221,0.0,0.0,0.0000,0.0000,7.0713,2.9840,12.5360,339.9375,enc,0.0000
1786348198.999748,0.0960,0.0,0.0,0.0000,0.0000,7.0713,2.9840,12.5360,339.9375,enc,0.0000
1786348199.097244,0.0975,0.0,0.0,0.0000,0.0000,7.0713,2.9840,12.5360,339.9375,enc,0.0000
1786348199.197708,0.1005,0.0,0.0,0.0000,0.0000,7.0713,2.9840,12.5360,339.9375,enc,0.0000
1786348199.309206,0.1115,0.0,0.0,0.0000,0.0000,7.0713,2.9840,12.5360,339.9375,enc,0.0000
1786348199.404965,0.0958,0.0,0.0,0.0000,0.0000,7.0713,2.9840,12.5360,339.9375,enc,0.0000
1786348199.515202,0.1102,0.0,0.0,0.0000,0.0000,7.0713,2.9840,12.5360,339.9375,enc,0.0000
1786348199.618026,0.1028,0.0,0.0,0.0000,0.0000,7.0713,2.9840,12.5360,339.9375,enc,0.0000
1786348199.717480,0.0995,0.0,0.0,0.0000,0.0000,7.0713,2.9840,12.5360,339.9375,enc,0.0000
1786348199.829423,0.1119,0.0,0.0,0.0000,0.0000,7.0713,2.9840,12.5360,339.9375,enc,0.0000
1786348199.926246,0.0968,0.0,0.0,0.0000,0.0000,7.0713,2.9840,12.5360,339.9375,enc,0.0000
1786348200.027516,0.1013,0.0,0.0,0.0000,0.0000,7.0713,2.9840,12.5360,339.9375,enc,0.0000
1786348200.137996,0.1105,0.0,0.0,0.0000,0.0000,7.0713,2.9840,12.5360,339.9375,enc,0.0000
1786348200.236934,0.0989,0.0,0.0,0.0000,0.0000,7.0713,2.9840,12.5360,339.9375,enc,0.0000
1786348200.339859,0.1029,0.0,0.0,0.0000,0.0000,7.0713,2.9840,12.5360,339.9375,enc,0.0000
1786348200.448146,0.1083,0.0,0.0,0.0000,0.0000,7.0713,2.9840,12.5360,339.9375,enc,0.0000
1786348200.550691,0.1025,0.0,0.0,0.0000,0.0000,7.0713,2.9840,12.5360,339.9375,enc,0.0000
1786348200.653765,0.1031,0.0,0.0,0.0000,0.0000,7.0713,2.9840,12.5360,339.9375,enc,0.0000
1786348200.762250,0.1085,0.0,0.0,0.0000,0.0000,7.0713,2.9840,12.5360,339.9375,enc,0.0000
1786348200.859635,0.0974,0.0,0.0,0.0000,0.0000,7.0713,2.9840,12.5360,339.9375,enc,0.0000
1786348200.965886,0.1063,0.0,0.0,0.0000,0.0000,7.0713,2.9840,12.5360,339.9375,enc,0.0000
1786348201.069380,0.1035,0.0,0.0,0.0000,0.0000,7.0713,2.9840,12.5360,339.9375,enc,0.0000
1786348201.171506,0.1021,0.0,0.0,0.0000,0.0000,7.0713,2.9840,12.5360,339.9375,enc,0.0000
1786348201.275005,0.1035,0.0,0.0,0.0000,0.0000,7.0713,2.9840,12.5360,339.9375,enc,0.0000
1786348201.379745,0.1047,0.0,0.0,0.0000,0.0000,7.0713,2.9840,12.5360,339.9375,enc,0.0000
1786348201.483164,0.1034,0.0,0.0,0.0000,0.0000,7.0713,2.9840,12.5360,339.9375,enc,0.0000
1786348201.588049,0.1049,0.0,0.0,0.0000,0.0000,7.0713,2.9840,12.5360,339.9375,enc,0.0000
1786348201.693177,0.1051,0.0,0.0,0.0000,0.0000,7.0713,2.9840,12.5360,339.9375,enc,0.0000
1786348201.797468,0.1043,0.0,0.0,0.0000,0.0000,7.0713,2.9840,12.5360,339.9375,enc,0.0000
1786348201.902755,0.1053,0.0,0.0,0.0000,0.0000,7.0713,2.9840,12.5360,339.9375,enc,0.0000
1786348202.003246,0.1005,0.0,0.0,0.0000,0.0000,7.0713,2.9840,12.5360,339.9375,enc,0.0000
1786348202.107080,0.1038,0.0,0.0,0.0000,0.0000,7.0713,2.9840,12.5360,339.9375,enc,0.0000
1786348202.208689,0.1016,0.0,0.0,0.0000,0.0000,7.0713,2.9840,12.5360,339.9375,enc,0.0000
1786348202.346900,0.1382,0.0,0.0,0.0000,0.0000,7.0713,2.9840,12.5360,339.9375,enc,0.0000
1786348202.426785,0.0799,0.0,0.0,0.0000,0.0000,7.0713,2.9840,12.5360,339.9375,enc,0.0000
1786348202.534096,0.1073,0.0,0.0,0.0000,0.0000,7.0713,2.9840,12.5360,339.9375,enc,0.0000
1786348202.627198,0.0931,0.0,0.0,0.0000,0.0000,7.0713,2.9840,12.5360,339.9375,enc,0.0000
1786348202.727735,0.1005,0.0,0.0,0.0000,0.0000,7.0713,2.9840,12.5360,339.9375,enc,0.0000
1786348202.836179,0.1084,0.0,0.0,0.0000,0.0000,7.0713,2.9840,12.5360,339.9375,enc,0.0000
1786348202.935616,0.0994,0.0,0.0,0.0000,0.0000,7.0713,2.9840,12.5360,339.9375,enc,0.0000
1786348203.037675,0.1021,0.0,0.0,0.0000,0.0000,7.0713,2.9840,12.5360,339.9375,enc,0.0000
1786348203.148585,0.1109,0.0,0.0,0.0000,0.0000,7.0713,2.9840,12.5360,339.9375,enc,0.0000
1786348203.251420,0.1028,0.0,0.0,0.0000,0.0000,7.0713,2.9840,12.5360,339.9375,enc,0.0000
1786348203.351947,0.1005,0.0,0.0,0.0000,0.0000,7.0713,2.9840,12.5360,339.9375,enc,0.0000
1786348203.456929,0.1050,0.0,0.0,0.0000,0.0000,7.0713,2.9840,12.5360,339.9375,enc,0.0000
1786348203.556708,0.0998,0.0,0.0,0.0000,0.0000,7.0713,2.9840,12.5360,339.9375,enc,0.0000
1786348203.662631,0.1059,0.0,0.0,0.0000,0.0000,7.0713,2.9840,12.5360,339.9375,enc,0.0000
1786348203.774677,0.1120,0.0,0.0,0.0000,0.0000,7.0713,2.9840,12.5360,339.9375,enc,0.0000
1786348203.865964,0.0913,0.0,0.0,0.0000,0.0000,7.0713,2.9840,12.5360,339.9375,enc,0.0000
1786348203.969471,0.1035,0.0,0.0,0.0000,0.0000,7.0713,2.9840,12.5360,339.9375,enc,0.0000
1786348204.085473,0.1160,0.0,0.0,0.0000,0.0000,7.0713,2.9840,12.5360,339.9375,enc,0.0000
1786348204.175925,0.0905,0.0,0.0,0.0000,0.0000,7.0713,2.9840,12.5360,339.9375,enc,0.0000
1786348204.280802,0.1049,0.0,0.0,0.0000,0.0000,7.0713,2.9840,12.5360,339.9375,enc,0.0000
1786348204.394801,0.1140,0.0,0.0,0.0000,0.0000,7.0713,2.9840,12.5360,339.9375,enc,0.0000
1786348204.486698,0.0919,0.0,0.0,0.0000,0.0000,7.0713,2.9840,12.5360,339.9375,enc,0.0000
1786348204.592377,0.1057,0.0,0.0,0.0000,0.0000,7.0713,2.9840,12.5360,339.9375,enc,0.0000
1786348204.705743,0.1134,0.0,0.0,0.0000,0.0000,7.0713,2.9840,12.5360,339.9375,enc,0.0000
1786348204.800721,0.0950,0.0,0.0,0.0000,0.0000,7.0713,2.9840,12.5360,339.9375,enc,0.0000
1786348204.907138,0.1064,0.0,0.0,0.0000,0.0000,7.0713,2.9840,12.5360,339.9375,enc,0.0000
1786348205.011116,0.1040,0.0,0.0,0.0000,0.0000,7.0713,2.9840,12.5360,339.9375,enc,0.0000
1786348205.107153,0.0960,0.0,0.0,0.0000,0.0000,7.0713,2.9840,12.5360,339.9375,enc,0.0000
1786348205.211855,0.1047,0.0,0.0,0.0000,0.0000,7.0713,2.9840,12.5360,339.9375,enc,0.0000
1786348205.324190,0.1123,0.0,0.0,0.0000,0.0000,7.0713,2.9840,12.5360,339.9375,enc,0.0000
1786348205.418603,0.0944,0.0,0.0,0.0000,0.0000,7.0713,2.9840,12.5360,339.9375,enc,0.0000
1786348205.523871,0.1053,0.0,0.0,0.0000,0.0000,7.0713,2.9840,12.5360,339.9375,enc,0.0000
1786348205.637167,0.1133,0.0,0.0,0.0000,0.0000,7.0713,2.9840,12.5360,339.9375,enc,0.0000
1786348205.731561,0.0944,0.0,0.0,0.0000,0.0000,7.0713,2.9840,12.5360,339.9375,enc,0.0000
1786348205.831825,0.1003,0.0,0.0,0.0000,0.0000,7.0713,2.9840,12.5360,339.9375,enc,0.0000
1786348205.937809,0.1060,0.0,0.0,0.0000,0.0000,7.0713,2.9840,12.5360,339.9375,enc,0.0000
1786348206.040730,0.1029,0.0,0.0,0.0000,0.0000,7.0713,2.9840,12.5360,339.9375,enc,0.0000
1786348206.141983,0.1013,0.0,0.0,0.0000,0.0000,7.0713,2.9840,12.5360,339.9375,enc,0.0000
1786348206.248697,0.1067,0.0,0.0,0.0000,0.0000,7.0713,2.9840,12.5360,339.9375,enc,0.0000
1786348206.349971,0.1013,0.0,0.0,0.0000,0.0000,7.0713,2.9840,12.5360,339.9375,enc,0.0000
1786348206.453792,0.1038,0.0,0.0,0.0000,0.0000,7.0713,2.9840,12.5360,339.9375,enc,0.0000
1786348206.559688,0.1059,0.0,0.0,0.0000,0.0000,7.0713,2.9840,12.5360,339.9375,enc,0.0000
1786348206.663681,0.1040,0.0,0.0,0.0000,0.0000,7.0713,2.9840,12.5360,339.9375,enc,0.0000
1786348206.764967,0.1013,0.0,0.0,0.0000,0.0000,7.0713,2.9840,12.5360,339.9375,enc,0.0000
1786348206.871159,0.1062,0.0,0.0,0.0000,0.0000,7.0713,2.9840,12.5360,339.9375,enc,0.0000
1786348206.971398,0.1002,0.0,0.0,0.0000,0.0000,7.0713,2.9840,12.5360,339.9375,enc,0.0000
1786348207.097029,0.1256,0.0,0.0,0.0000,0.0000,7.0713,2.9840,12.5360,339.9375,enc,0.0000
1786348207.183587,0.0866,0.0,0.0,0.0000,0.0000,7.0713,2.9840,12.5360,339.9375,enc,0.0000
1786348207.279911,0.0963,0.0,0.0,0.0000,0.0000,7.0713,2.9840,12.5360,339.9375,enc,0.0000
1786348207.748603,0.4687,0.0,0.0,0.0000,0.0000,7.0713,2.9840,12.5360,339.9375,enc,0.0000
1786348207.776861,0.0283,0.0,0.0,0.0000,0.0000,7.0713,2.9840,12.5360,339.9375,enc,0.0000
1786348207.799052,0.0222,0.0,0.0,0.0000,0.0000,7.0713,2.9840,12.5360,339.9375,enc,0.0000
1786348207.841516,0.0425,0.0,0.0,0.0000,0.0000,7.0713,2.9840,12.5360,339.9375,enc,0.0000
1786348207.892797,0.0513,0.0,0.0,0.0000,0.0000,7.0713,2.9840,12.5360,339.9375,enc,0.0000
1786348207.935436,0.0426,0.0,0.0,0.0000,0.0000,7.0713,2.9840,12.5360,339.9375,enc,0.0000
1786348208.009717,0.0743,0.0,0.0,0.0000,0.0000,7.0713,2.9840,12.5360,339.9375,enc,0.0000
1786348208.283837,0.2741,0.0,0.0,0.0000,0.0000,7.0713,2.9840,12.5360,339.9375,enc,0.0000
1786348208.330473,0.0466,0.0,0.0,0.0000,0.0000,7.0713,2.9840,12.5360,339.9375,enc,0.0000
1786348208.426098,0.0956,0.0,0.0,0.0000,0.0000,7.0713,2.9840,12.5360,339.9375,enc,0.0000
1786348208.537416,0.1113,0.0,0.0,0.0000,0.0000,7.0713,2.9840,12.5360,339.9375,enc,0.0000
1786348208.577892,0.0405,0.0,0.0,0.0000,0.0000,7.0713,2.9840,12.5360,339.9375,enc,0.0000
1786348208.635001,0.0571,0.0,0.0,0.0000,0.0000,7.0713,2.9840,12.5360,339.9375,enc,0.0000
1786348208.755883,0.1209,0.0,0.0,0.0000,0.0000,7.0713,2.9840,12.5360,339.9375,enc,0.0000
1786348208.860220,0.1043,0.0,0.0,0.0000,0.0000,7.0713,2.9840,12.5360,339.9375,enc,0.0000
1786348208.944719,0.0845,0.0,0.0,0.0000,0.0000,7.0713,2.9840,12.5360,339.9375,enc,0.0000
1786348209.053046,0.1083,-0.7726380228996277,0.014836476184427738,-0.0022,0.0134,7.0711,2.9840,12.5375,339.9375,enc,-0.0002
1786348209.145524,0.0925,-5.333036422729492,3.605091094970703,-0.0051,0.1519,7.0706,2.9840,12.5515,339.4375,enc,0.0000
1786348209.255084,0.1096,-11.346817016601562,10.258602142333984,-0.0032,0.3672,7.0702,2.9840,12.5917,337.1250,enc,0.0000
1786348209.352316,0.0972,-13.104379653930664,12.8804292678833,-0.0007,0.4417,7.0702,2.9840,12.6347,332.9375,enc,0.0001
1786348209.453387,0.1011,-11.10368824005127,11.26326847076416,0.0005,0.3802,7.0702,2.9840,12.6731,329.3750,enc,-0.0003
1786348209.556780,0.1034,-3.743178129196167,4.126975059509277,0.0011,0.1338,7.0704,2.9839,12.6870,328.3125,enc,-0.0009
1786348209.671863,0.1151,-0.002671726979315281,-0.0290073212236166,-0.0001,-0.0004,7.0703,2.9839,12.6869,328.2500,enc,0.0005
1786348209.762747,0.0909,-0.03174734115600586,-0.03174734115600586,-0.0002,0.0000,7.0703,2.9839,12.6869,328.2500,enc,-0.0002
1786348209.871347,0.1086,0.0,0.0,0.0000,0.0000,7.0703,2.9839,12.6869,328.2500,enc,0.0000
1786348209.970777,0.0994,0.0,0.0,0.0000,0.0000,7.0703,2.9839,12.6869,328.2500,enc,0.0000
1786348210.075803,0.1050,-0.15332873165607452,0.21696016192436218,0.0002,0.0063,7.0704,2.9839,12.6876,328.2500,enc,-0.0002
1786348210.183156,0.1074,-3.0982587337493896,3.0664327144622803,-0.0001,0.1048,7.0703,2.9839,12.6988,327.6875,enc,-0.0001
1786348210.281846,0.0987,-9.719045639038086,9.592453002929688,-0.0004,0.3283,7.0703,2.9839,12.7312,325.5000,enc,0.0007
1786348210.386163,0.1043,-13.864851951599121,13.769966125488281,-0.0003,0.4697,7.0702,2.9840,12.7802,321.5000,enc,0.0010
1786348210.496781,0.1106,-11.098771095275879,10.362990379333496,-0.0022,0.3648,7.0700,2.9840,12.8206,318.1250,enc,-0.0001
1786348210.592477,0.0957,-3.643404722213745,4.7593994140625,0.0033,0.1428,7.0703,2.9839,12.8342,316.7500,enc,-0.0012
1786348210.695711,0.1032,-0.22205106914043427,0.09494597464799881,-0.0004,0.0054,7.0703,2.9839,12.8348,316.5625,enc,-0.0002
1786348210.803659,0.1079,-0.002698354423046112,-0.029296420514583588,-0.0001,-0.0005,7.0703,2.9839,12.8347,316.5625,enc,-0.0001
1786348210.903632,0.1000,0.0,0.0,0.0000,0.0000,7.0703,2.9839,12.8347,316.5625,enc,0.0000
1786348211.007051,0.1034,0.0,0.0,0.0000,0.0000,7.0703,2.9839,12.8347,316.5625,enc,0.0000
1786348211.115308,0.1083,0.0,0.0,0.0000,0.0000,7.0703,2.9839,12.8347,316.5625,enc,0.0000
1786348211.214689,0.0994,0.0,0.0,0.0000,0.0000,7.0703,2.9839,12.8347,316.5625,enc,0.0000
1786348211.321739,0.1071,0.0,0.0,0.0000,0.0000,7.0703,2.9839,12.8347,316.5625,enc,0.0000
1786348211.442013,0.1203,0.0,0.0,0.0000,0.0000,7.0703,2.9839,12.8347,316.5625,enc,0.0000
1786348211.526030,0.0840,0.0,0.0,0.0000,0.0000,7.0703,2.9839,12.8347,316.5625,enc,0.0000
1786348211.627941,0.1019,0.0,0.0,0.0000,0.0000,7.0703,2.9839,12.8347,316.5625,enc,0.0000
1786348211.740435,0.1125,0.0,0.0,0.0000,0.0000,7.0703,2.9839,12.8347,316.5625,enc,0.0000
1786348211.837300,0.0969,0.0,0.0,0.0000,0.0000,7.0703,2.9839,12.8347,316.5625,enc,0.0000
1786348211.943111,0.1058,0.0,0.0,0.0000,0.0000,7.0703,2.9839,12.8347,316.5625,enc,0.0000
1786348212.051704,0.1086,0.0,0.0,0.0000,0.0000,7.0703,2.9839,12.8347,316.5625,enc,0.0000
1786348212.152234,0.1005,0.0,0.0,0.0000,0.0000,7.0703,2.9839,12.8347,316.5625,enc,0.0000
1786348212.251513,0.0993,0.0,0.0,0.0000,0.0000,7.0703,2.9839,12.8347,316.5625,enc,0.0000
1786348212.381821,0.1303,0.0,0.0,0.0000,0.0000,7.0703,2.9839,12.8347,316.5625,enc,0.0000
1786348212.458655,0.0768,0.0,0.0,0.0000,0.0000,7.0703,2.9839,12.8347,316.5625,enc,0.0000
1786348212.561578,0.1029,0.0,0.0,0.0000,0.0000,7.0703,2.9839,12.8347,316.5625,enc,0.0000
1786348212.671530,0.1100,0.0,0.0,0.0000,0.0000,7.0703,2.9839,12.8347,316.5625,enc,0.0000
1786348212.768459,0.0969,0.0,0.0,0.0000,0.0000,7.0703,2.9839,12.8347,316.5625,enc,0.0000
1786348212.873042,0.1046,0.0,0.0,0.0000,0.0000,7.0703,2.9839,12.8347,316.5625,enc,0.0000
