t,dt,left_rpm,right_rpm,v,w,x,y,theta
1785484418.479928,0.0000,-0.0,-0.0,-0.0000,0.0000,0.0000,0.0000,0.0000
1785484418.576503,0.0966,-0.0,-0.0,-0.0000,0.0000,0.0000,0.0000,0.0000
1785484418.687578,0.1111,-0.0,-0.0,-0.0000,0.0000,0.0000,0.0000,0.0000
1785484418.777910,0.0903,-0.0,-0.0,-0.0000,0.0000,0.0000,0.0000,0.0000
1785484418.879457,0.1015,-0.0,-0.0,-0.0000,0.0000,0.0000,0.0000,0.0000
1785484418.981788,0.1023,-0.0,-0.0,-0.0000,0.0000,0.0000,0.0000,0.0000
1785484419.080146,0.0984,-0.0,-0.0,-0.0000,0.0000,0.0000,0.0000,0.0000
1785484419.181187,0.1010,-0.0,-0.0,-0.0000,0.0000,0.0000,0.0000,0.0000
1785484419.284246,0.1031,-0.0,-0.0,-0.0000,0.0000,0.0000,0.0000,0.0000
1785484419.383110,0.0989,-0.0,-0.0,-0.0000,0.0000,0.0000,0.0000,0.0000
1785484419.485002,0.1019,-0.0,-0.0,-0.0000,0.0000,0.0000,0.0000,0.0000
1785484419.585720,0.1007,-0.0,-0.0,-0.0000,0.0000,0.0000,0.0000,0.0000
1785484419.690339,0.1046,-0.0,-0.0,-0.0000,0.0000,0.0000,0.0000,0.0000
1785484419.795241,0.1049,-0.0,-0.0,-0.0000,0.0000,0.0000,0.0000,0.0000
1785484419.889936,0.0947,-0.0,-0.0,-0.0000,0.0000,0.0000,0.0000,0.0000
1785484419.992282,0.1023,-0.0,-0.0,-0.0000,0.0000,0.0000,0.0000,0.0000
1785484420.091845,0.0996,-0.0,-0.0,-0.0000,0.0000,0.0000,0.0000,0.0000
1785484420.194020,0.1022,-0.0,-0.0,-0.0000,0.0000,0.0000,0.0000,0.0000
1785484420.295269,0.1012,-0.0,-0.0,-0.0000,0.0000,0.0000,0.0000,0.0000
1785484420.394966,0.0997,-0.0,-0.0,-0.0000,0.0000,0.0000,0.0000,0.0000
1785484420.495074,0.1001,-0.0,-0.0,-0.0000,0.0000,0.0000,0.0000,0.0000
1785484420.599184,0.1041,-0.0,-0.0,-0.0000,0.0000,0.0000,0.0000,0.0000
1785484420.697789,0.0986,-0.0,-0.0,-0.0000,0.0000,0.0000,0.0000,0.0000
1785484420.799157,0.1014,-0.0,-0.0,-0.0000,0.0000,0.0000,0.0000,0.0000
1785484420.908052,0.1089,-0.0,-0.0,-0.0000,0.0000,0.0000,0.0000,0.0000
1785484421.002089,0.0940,-0.0,-0.0,-0.0000,0.0000,0.0000,0.0000,0.0000
1785484421.104938,0.1028,-0.0,-0.0,-0.0000,0.0000,0.0000,0.0000,0.0000
1785484421.205518,0.1006,-0.0,-0.0,-0.0000,0.0000,0.0000,0.0000,0.0000
1785484421.306799,0.1013,-0.0,-0.0,-0.0000,0.0000,0.0000,0.0000,0.0000
1785484421.412190,0.1054,-0.0,-0.0,-0.0000,0.0000,0.0000,0.0000,0.0000
1785484421.510393,0.0982,-0.0,-0.0,-0.0000,0.0000,0.0000,0.0000,0.0000
1785484421.610731,0.1003,-0.0,-0.0,-0.0000,0.0000,0.0000,0.0000,0.0000
1785484421.713020,0.1023,-0.0,-0.0,-0.0000,0.0000,0.0000,0.0000,0.0000
1785484421.812840,0.0998,-0.0,-0.0,-0.0000,0.0000,0.0000,0.0000,0.0000
1785484421.913789,0.1009,-0.0,-0.0,-0.0000,0.0000,0.0000,0.0000,0.0000
1785484422.015018,0.1012,-0.0,-0.0,-0.0000,0.0000,0.0000,0.0000,0.0000
1785484422.115644,0.1006,-0.0,-0.0,-0.0000,0.0000,0.0000,0.0000,0.0000
1785484422.218272,0.1026,-0.0,-0.0,-0.0000,0.0000,0.0000,0.0000,0.0000
1785484422.320952,0.1027,-0.0,-0.0,-0.0000,0.0000,0.0000,0.0000,0.0000
1785484422.422775,0.1018,-0.0,-0.0,-0.0000,0.0000,0.0000,0.0000,0.0000
1785484422.521305,0.0985,-0.0,-0.0,-0.0000,0.0000,0.0000,0.0000,0.0000
1785484422.624757,0.1035,-0.0,-0.0,-0.0000,0.0000,0.0000,0.0000,0.0000
1785484422.722010,0.0973,-0.0,-0.0,-0.0000,0.0000,0.0000,0.0000,0.0000
1785484422.822446,0.1004,-0.0,-0.0,-0.0000,0.0000,0.0000,0.0000,0.0000
1785484422.923770,0.1013,-0.0,-0.0,-0.0000,0.0000,0.0000,0.0000,0.0000
1785484423.025253,0.1015,-0.0,-0.0,-0.0000,0.0000,0.0000,0.0000,0.0000
1785484423.126804,0.1016,-0.0,-0.0,-0.0000,0.0000,0.0000,0.0000,0.0000
1785484423.226878,0.1001,-0.0,-0.0,-0.0000,0.0000,0.0000,0.0000,0.0000
1785484423.330192,0.1033,-0.0,-0.0,-0.0000,0.0000,0.0000,0.0000,0.0000
1785484423.432040,0.1018,-0.0,-0.0,-0.0000,0.0000,0.0000,0.0000,0.0000
1785484423.531571,0.0995,-0.0,-0.0,-0.0000,0.0000,0.0000,0.0000,0.0000
1785484423.632409,0.1008,-0.0,-0.0,-0.0000,0.0000,0.0000,0.0000,0.0000
1785484423.736673,0.1043,-0.0,-0.0,-0.0000,0.0000,0.0000,0.0000,0.0000
1785484423.837910,0.1012,-0.0,-0.0,-0.0000,0.0000,0.0000,0.0000,0.0000
1785484423.939640,0.1017,-0.0,-0.0,-0.0000,0.0000,0.0000,0.0000,0.0000
1785484424.043508,0.1039,-0.0,-0.0,-0.0000,0.0000,0.0000,0.0000,0.0000
1785484424.143921,0.1004,-0.0,-0.0,-0.0000,0.0000,0.0000,0.0000,0.0000
1785484424.247138,0.1032,-0.0,-0.0,-0.0000,0.0000,0.0000,0.0000,0.0000
1785484424.349176,0.1020,-0.0,-0.0,-0.0000,0.0000,0.0000,0.0000,0.0000
1785484424.455068,0.1059,-0.0,-0.0,-0.0000,0.0000,0.0000,0.0000,0.0000
1785484424.552459,0.0974,-0.0,-0.0,-0.0000,0.0000,0.0000,0.0000,0.0000
1785484424.653854,0.1014,-0.0,-0.0,-0.0000,0.0000,0.0000,0.0000,0.0000
1785484424.756476,0.1026,-0.0,-0.0,-0.0000,0.0000,0.0000,0.0000,0.0000
1785484424.859616,0.1031,-0.0,-0.0,-0.0000,0.0000,0.0000,0.0000,0.0000
1785484424.951368,0.0918,-0.0,-0.0,-0.0000,0.0000,0.0000,0.0000,0.0000
1785484425.049519,0.0982,-0.0,-0.0,-0.0000,0.0000,0.0000,0.0000,0.0000
1785484425.166252,0.1167,-0.0,-0.0,-0.0000,0.0000,0.0000,0.0000,0.0000
1785484425.252227,0.0860,-0.0,-0.0,-0.0000,0.0000,0.0000,0.0000,0.0000
1785484425.352036,0.0998,-0.0,-0.0,-0.0000,0.0000,0.0000,0.0000,0.0000
1785484425.453453,0.1014,-0.0,-0.0,-0.0000,0.0000,0.0000,0.0000,0.0000
1785484425.554695,0.1012,-0.0,-0.0,-0.0000,0.0000,0.0000,0.0000,0.0000
1785484425.655727,0.1010,-0.0,-0.0,-0.0000,0.0000,0.0000,0.0000,0.0000
1785484425.760496,0.1048,-0.0,-0.0,-0.0000,0.0000,0.0000,0.0000,0.0000
1785484425.862142,0.1016,-0.0,-0.0,-0.0000,0.0000,0.0000,0.0000,0.0000
1785484425.959851,0.0977,-0.0,-0.0,-0.0000,0.0000,0.0000,0.0000,0.0000
1785484426.062860,0.1030,-0.0,-0.0,-0.0000,0.0000,0.0000,0.0000,0.0000
1785484426.261988,0.1991,-0.0,-0.0,-0.0000,0.0000,0.0000,0.0000,0.0000
1785484426.271662,0.0097,-0.0,-0.0,-0.0000,0.0000,0.0000,0.0000,0.0000
1785484426.512040,0.2404,-0.0,-0.0,-0.0000,0.0000,0.0000,0.0000,0.0000
1785484426.512081,0.0000,-0.0,-0.0,-0.0000,0.0000,0.0000,0.0000,0.0000
1785484426.569921,0.0578,-0.0,-0.0,-0.0000,0.0000,0.0000,0.0000,0.0000
1785484426.764500,0.1946,-0.0,-0.0,-0.0000,0.0000,0.0000,0.0000,0.0000
1785484426.769504,0.0050,-0.0,-0.0,-0.0000,0.0000,0.0000,0.0000,0.0000
1785484427.016317,0.2468,-0.0,-0.0,-0.0000,0.0000,0.0000,0.0000,0.0000
1785484427.016364,0.0000,-0.0,-0.0,-0.0000,0.0000,0.0000,0.0000,0.0000
1785484427.075238,0.0589,-0.0,-0.0,-0.0000,0.0000,0.0000,0.0000,0.0000
1785484427.258275,0.1830,-0.0,-0.0,-0.0000,0.0000,0.0000,0.0000,0.0000
1785484427.276209,0.0179,-0.0,-0.0,-0.0000,0.0000,0.0000,0.0000,0.0000
1785484427.520543,0.2443,-0.0,-0.0,-0.0000,0.0000,0.0000,0.0000,0.0000
1785484427.520596,0.0001,-0.0,-0.0,-0.0000,0.0000,0.0000,0.0000,0.0000
1785484427.578691,0.0581,-0.0,-0.0,-0.0000,0.0000,0.0000,0.0000,0.0000
1785484427.765836,0.1871,-0.0,-0.0,-0.0000,0.0000,0.0000,0.0000,0.0000
1785484427.789102,0.0233,-0.0,-0.0,-0.0000,0.0000,0.0000,0.0000,0.0000
1785484428.018213,0.2291,-0.0,-0.0,-0.0000,0.0000,0.0000,0.0000,0.0000
1785484428.018261,0.0000,-0.0,-0.0,-0.0000,0.0000,0.0000,0.0000,0.0000
1785484428.084216,0.0660,-0.0,-0.0,-0.0000,0.0000,0.0000,0.0000,0.0000
1785484428.271973,0.1878,-0.0,-0.0,-0.0000,0.0000,0.0000,0.0000,0.0000
1785484428.295264,0.0233,-0.0,-0.0,-0.0000,0.0000,0.0000,0.0000,0.0000
1785484428.521224,0.2260,-0.0,-0.0,-0.0000,0.0000,0.0000,0.0000,0.0000
1785484428.521267,0.0000,-0.0,-0.0,-0.0000,0.0000,0.0000,0.0000,0.0000
1785484428.589633,0.0684,-0.0,-0.0,-0.0000,0.0000,0.0000,0.0000,0.0000
1785484428.774732,0.1851,-0.0,-0.0,-0.0000,0.0000,0.0000,0.0000,0.0000
1785484428.792650,0.0179,-0.0,-0.0,-0.0000,0.0000,0.0000,0.0000,0.0000
1785484429.033876,0.2412,-0.0,-0.0,-0.0000,0.0000,0.0000,0.0000,0.0000
1785484429.033930,0.0001,-0.0,-0.0,-0.0000,0.0000,0.0000,0.0000,0.0000
1785484429.098268,0.0643,-0.0,-0.0,-0.0000,0.0000,0.0000,0.0000,0.0000
1785484429.273206,0.1749,-0.0,-0.0,-0.0000,0.0000,0.0000,0.0000,0.0000
1785484429.300651,0.0274,-0.0,-0.0,-0.0000,0.0000,0.0000,0.0000,0.0000
1785484429.538765,0.2381,-0.0,-0.0,-0.0000,0.0000,0.0000,0.0000,0.0000
1785484429.538819,0.0001,-0.0,-0.0,-0.0000,0.0000,0.0000,0.0000,0.0000
1785484429.603703,0.0649,-0.0,-0.0,-0.0000,0.0000,0.0000,0.0000,0.0000
1785484429.779111,0.1754,-0.0,-0.0,-0.0000,0.0000,0.0000,0.0000,0.0000
1785484429.803374,0.0243,-0.0,-0.0,-0.0000,0.0000,0.0000,0.0000,0.0000
1785484430.027442,0.2241,-0.0,-0.0,-0.0000,0.0000,0.0000,0.0000,0.0000
1785484430.027500,0.0001,-0.0,-0.0,-0.0000,0.0000,0.0000,0.0000,0.0000
1785484430.108435,0.0809,-0.0,-0.0,-0.0000,0.0000,0.0000,0.0000,0.0000
1785484430.288846,0.1804,-0.0,-0.0,-0.0000,0.0000,0.0000,0.0000,0.0000
1785484430.315058,0.0262,-0.0,-0.0,-0.0000,0.0000,0.0000,0.0000,0.0000
1785484430.534129,0.2191,-0.0,-0.0,-0.0000,0.0000,0.0000,0.0000,0.0000
1785484430.534172,0.0000,-0.0,-0.0,-0.0000,0.0000,0.0000,0.0000,0.0000
1785484430.615443,0.0813,-0.0,-0.0,-0.0000,0.0000,0.0000,0.0000,0.0000
1785484430.850983,0.2355,-0.0,-0.0,-0.0000,0.0000,0.0000,0.0000,0.0000
1785484430.851031,0.0000,-0.0,-0.0,-0.0000,0.0000,0.0000,0.0000,0.0000
1785484430.954041,0.1030,-0.0,-0.0,-0.0000,0.0000,0.0000,0.0000,0.0000
1785484431.021201,0.0672,-0.0,-0.0,-0.0000,0.0000,0.0000,0.0000,0.0000
1785484431.123713,0.1025,-0.0,-0.0,-0.0000,0.0000,0.0000,0.0000,0.0000
1785484431.226055,0.1023,-0.0,-0.0,-0.0000,0.0000,0.0000,0.0000,0.0000
1785484431.322409,0.0964,-0.0,-0.0,-0.0000,0.0000,0.0000,0.0000,0.0000
1785484431.423503,0.1011,-0.0,-0.0,-0.0000,0.0000,0.0000,0.0000,0.0000
1785484431.524274,0.1008,-0.0,-0.0,-0.0000,0.0000,0.0000,0.0000,0.0000
1785484431.626350,0.1021,-0.0,-0.0,-0.0000,0.0000,0.0000,0.0000,0.0000
1785484431.727742,0.1014,-0.0,-0.0,-0.0000,0.0000,0.0000,0.0000,0.0000
1785484431.832305,0.1046,-0.0,-0.0,-0.0000,0.0000,0.0000,0.0000,0.0000
1785484431.931787,0.0995,-0.0,-0.0,-0.0000,0.0000,0.0000,0.0000,0.0000
1785484432.032485,0.1007,-0.0,-0.0,-0.0000,0.0000,0.0000,0.0000,0.0000
1785484432.134856,0.1024,-0.0,-0.0,-0.0000,0.0000,0.0000,0.0000,0.0000
1785484432.240880,0.1060,-0.0,-0.0,-0.0000,0.0000,0.0000,0.0000,0.0000
1785484432.347074,0.1062,-0.0,-0.0,-0.0000,0.0000,0.0000,0.0000,0.0000
1785484432.441355,0.0943,-0.0,-0.0,-0.0000,0.0000,0.0000,0.0000,0.0000
1785484432.541287,0.0999,-0.0,-0.0,-0.0000,0.0000,0.0000,0.0000,0.0000
1785484432.654888,0.1136,-0.0,-0.0,-0.0000,0.0000,0.0000,0.0000,0.0000
1785484432.756380,0.1015,-0.0,-0.0,-0.0000,0.0000,0.0000,0.0000,0.0000
1785484432.849365,0.0930,-0.0,-0.0,-0.0000,0.0000,0.0000,0.0000,0.0000
1785484432.954235,0.1049,-0.0,-0.0,-0.0000,0.0000,0.0000,0.0000,0.0000
1785484433.061259,0.1070,-0.0,-0.0,-0.0000,0.0000,0.0000,0.0000,0.0000
1785484433.152550,0.0913,-0.0,-0.0,-0.0000,0.0000,0.0000,0.0000,0.0000
1785484433.278548,0.1260,-0.0,-0.0,-0.0000,0.0000,0.0000,0.0000,0.0000
1785484433.357873,0.0793,-0.0,-0.0,-0.0000,0.0000,0.0000,0.0000,0.0000
1785484433.482803,0.1249,-0.0,-0.0,-0.0000,0.0000,0.0000,0.0000,0.0000
1785484433.547135,0.0643,-0.0,-0.0,-0.0000,0.0000,0.0000,0.0000,0.0000
1785484433.649716,0.1026,-0.0,-0.0,-0.0000,0.0000,0.0000,0.0000,0.0000
1785484433.780107,0.1304,-0.0,-0.0,-0.0000,0.0000,0.0000,0.0000,0.0000
1785484433.850399,0.0703,-0.0,-0.0,-0.0000,0.0000,0.0000,0.0000,0.0000
1785484433.953459,0.1031,-0.0,-0.0,-0.0000,0.0000,0.0000,0.0000,0.0000
1785484434.054267,0.1008,-0.0,-0.0,-0.0000,0.0000,0.0000,0.0000,0.0000
1785484434.219707,0.1654,-0.0,-0.0,-0.0000,0.0000,0.0000,0.0000,0.0000
1785484434.254668,0.0350,-0.0,-0.0,-0.0000,0.0000,0.0000,0.0000,0.0000
1785484434.356962,0.1023,-0.0,-0.0,-0.0000,0.0000,0.0000,0.0000,0.0000
1785484434.458204,0.1012,-0.0,-0.0,-0.0000,0.0000,0.0000,0.0000,0.0000
1785484434.595522,0.1373,-0.0,-0.0,-0.0000,0.0000,0.0000,0.0000,0.0000
1785484434.669323,0.0738,-0.0,-0.0,-0.0000,0.0000,0.0000,0.0000,0.0000
1785484434.764213,0.0949,-0.0,-0.0,-0.0000,0.0000,0.0000,0.0000,0.0000
1785484434.907979,0.1438,-0.0,-0.0,-0.0000,0.0000,0.0000,0.0000,0.0000
1785484434.975449,0.0675,-0.0,-0.0,-0.0000,0.0000,0.0000,0.0000,0.0000
1785484435.075214,0.0998,-0.0,-0.0,-0.0000,0.0000,0.0000,0.0000,0.0000
1785484435.247474,0.1723,-0.0,-0.0,-0.0000,0.0000,0.0000,0.0000,0.0000
1785484435.268223,0.0207,-0.0,-0.0,-0.0000,0.0000,0.0000,0.0000,0.0000
1785484435.413711,0.1455,-0.0,-0.0,-0.0000,0.0000,0.0000,0.0000,0.0000
1785484435.468757,0.0550,-0.0,-0.0,-0.0000,0.0000,0.0000,0.0000,0.0000
1785484435.571066,0.1023,-0.0,-0.0,-0.0000,0.0000,0.0000,0.0000,0.0000
1785484435.690267,0.1192,-0.0,-0.0,-0.0000,0.0000,0.0000,0.0000,0.0000
1785484435.775984,0.0857,-0.0,-0.0,-0.0000,0.0000,0.0000,0.0000,0.0000
1785484435.874029,0.0980,-0.0,-0.0,-0.0000,0.0000,0.0000,0.0000,0.0000
1785484435.996540,0.1225,-0.0,-0.0,-0.0000,0.0000,0.0000,0.0000,0.0000
1785484436.076046,0.0795,-0.0,-0.0,-0.0000,0.0000,0.0000,0.0000,0.0000
1785484436.176865,0.1008,-0.0,-0.0,-0.0000,0.0000,0.0000,0.0000,0.0000
1785484436.279004,0.1021,-0.0,-0.0,-0.0000,0.0000,0.0000,0.0000,0.0000
1785484436.378933,0.0999,-0.0,-0.0,-0.0000,0.0000,0.0000,0.0000,0.0000
1785484436.480249,0.1013,-0.0,-0.0,-0.0000,0.0000,0.0000,0.0000,0.0000
1785484436.645394,0.1651,-0.0,-0.0,-0.0000,0.0000,0.0000,0.0000,0.0000
1785484436.687355,0.0420,-0.0,-0.0,-0.0000,0.0000,0.0000,0.0000,0.0000
1785484436.782779,0.0954,-0.0,-0.0,-0.0000,0.0000,0.0000,0.0000,0.0000
1785484436.887440,0.1047,-0.0,-0.0,-0.0000,0.0000,0.0000,0.0000,0.0000
1785484436.987996,0.1006,-0.0,-0.0,-0.0000,0.0000,0.0000,0.0000,0.0000
1785484437.086398,0.0984,-0.0,-0.0,-0.0000,0.0000,0.0000,0.0000,0.0000
1785484437.188335,0.1019,-0.0,-0.0,-0.0000,0.0000,0.0000,0.0000,0.0000
1785484437.298265,0.1099,-0.0,-0.0,-0.0000,0.0000,0.0000,0.0000,0.0000
1785484437.389516,0.0913,-0.0,-0.0,-0.0000,0.0000,0.0000,0.0000,0.0000
1785484437.490623,0.1011,-0.0,-0.0,-0.0000,0.0000,0.0000,0.0000,0.0000
1785484437.594427,0.1038,-0.0,-0.0,-0.0000,0.0000,0.0000,0.0000,0.0000
1785484437.692713,0.0983,-0.0,-0.0,-0.0000,0.0000,0.0000,0.0000,0.0000
1785484437.792711,0.1000,-0.0,-0.0,-0.0000,0.0000,0.0000,0.0000,0.0000
1785484437.894318,0.1016,-0.0,-0.0,-0.0000,0.0000,0.0000,0.0000,0.0000
1785484437.994761,0.1004,-0.0,-0.0,-0.0000,0.0000,0.0000,0.0000,0.0000
1785484438.097861,0.1031,-0.0,-0.0,-0.0000,0.0000,0.0000,0.0000,0.0000
1785484438.198368,0.1005,-0.0,-0.0,-0.0000,0.0000,0.0000,0.0000,0.0000
1785484438.298282,0.0999,-0.0,-0.0,-0.0000,0.0000,0.0000,0.0000,0.0000
1785484438.401709,0.1034,-0.0,-0.0,-0.0000,0.0000,0.0000,0.0000,0.0000
1785484438.509262,0.1076,-0.0,-0.0,-0.0000,0.0000,0.0000,0.0000,0.0000
1785484438.635267,0.1260,-0.0,-0.0,-0.0000,0.0000,0.0000,0.0000,0.0000
1785484438.703768,0.0685,-0.0,-0.0,-0.0000,0.0000,0.0000,0.0000,0.0000
1785484438.803391,0.0996,-0.0,-0.0,-0.0000,0.0000,0.0000,0.0000,0.0000
1785484438.907962,0.1046,-0.0,-0.0,-0.0000,0.0000,0.0000,0.0000,0.0000
1785484439.004213,0.0963,-0.0,-0.0,-0.0000,0.0000,0.0000,0.0000,0.0000
1785484439.105541,0.1013,-0.0,-0.0,-0.0000,0.0000,0.0000,0.0000,0.0000
1785484439.207059,0.1015,-0.0,-0.0,-0.0000,0.0000,0.0000,0.0000,0.0000
1785484439.307631,0.1006,-0.0,-0.0,-0.0000,0.0000,0.0000,0.0000,0.0000
1785484439.410714,0.1031,-0.0,-0.0,-0.0000,0.0000,0.0000,0.0000,0.0000
1785484439.540289,0.1296,-0.0,-0.0,-0.0000,0.0000,0.0000,0.0000,0.0000
1785484439.611150,0.0709,-0.0,-0.0,-0.0000,0.0000,0.0000,0.0000,0.0000
1785484439.714322,0.1032,-0.0,-0.0,-0.0000,0.0000,0.0000,0.0000,0.0000
1785484439.814803,0.1005,-0.0,-0.0,-0.0000,0.0000,0.0000,0.0000,0.0000
1785484439.916296,0.1015,-0.0,-0.0,-0.0000,0.0000,0.0000,0.0000,0.0000
1785484440.020278,0.1040,-0.0,-0.0,-0.0000,0.0000,0.0000,0.0000,0.0000
1785484440.141713,0.1214,-0.0,-0.0,-0.0000,0.0000,0.0000,0.0000,0.0000
1785484440.241006,0.0993,-0.0,-0.0,-0.0000,0.0000,0.0000,0.0000,0.0000
1785484440.333513,0.0925,-0.0,-0.0,-0.0000,0.0000,0.0000,0.0000,0.0000
1785484440.427412,0.0939,-0.0,-0.0,-0.0000,0.0000,0.0000,0.0000,0.0000
1785484440.528943,0.1015,-0.0,-0.0,-0.0000,0.0000,0.0000,0.0000,0.0000
1785484440.631366,0.1024,-0.0,-0.0,-0.0000,0.0000,0.0000,0.0000,0.0000
1785484440.731378,0.1000,-0.0,-0.0,-0.0000,0.0000,0.0000,0.0000,0.0000
1785484440.854096,0.1227,-0.0,-0.0,-0.0000,0.0000,0.0000,0.0000,0.0000
1785484440.941255,0.0872,-0.0,-0.0,-0.0000,0.0000,0.0000,0.0000,0.0000
1785484441.046915,0.1057,-0.0,-0.0,-0.0000,0.0000,0.0000,0.0000,0.0000
1785484441.256195,0.2093,-0.0,-0.0,-0.0000,0.0000,0.0000,0.0000,0.0000
1785484441.256229,0.0000,-0.0,-0.0,-0.0000,0.0000,0.0000,0.0000,0.0000
1785484441.326614,0.0704,-0.0,-0.0,-0.0000,0.0000,0.0000,0.0000,0.0000
1785484441.510955,0.1843,-0.0,-0.0,-0.0000,0.0000,0.0000,0.0000,0.0000
1785484441.531678,0.0207,-0.0,-0.0,-0.0000,0.0000,0.0000,0.0000,0.0000
1785484441.760018,0.2283,-0.0,-0.0,-0.0000,0.0000,0.0000,0.0000,0.0000
1785484441.760058,0.0000,-0.0,-0.0,-0.0000,0.0000,0.0000,0.0000,0.0000
1785484441.834309,0.0743,-0.0,-0.0,-0.0000,0.0000,0.0000,0.0000,0.0000
1785484442.004091,0.1698,-0.0,-0.0,-0.0000,0.0000,0.0000,0.0000,0.0000
1785484442.042305,0.0382,-0.0,-0.0,-0.0000,0.0000,0.0000,0.0000,0.0000
1785484442.245631,0.2033,-0.0,-0.0,-0.0000,0.0000,0.0000,0.0000,0.0000
1785484442.245689,0.0001,-0.0,-0.0,-0.0000,0.0000,0.0000,0.0000,0.0000
1785484442.342285,0.0966,-0.0,-0.0,-0.0000,0.0000,0.0000,0.0000,0.0000
1785484442.497885,0.1556,-0.0,-0.0,-0.0000,0.0000,0.0000,0.0000,0.0000
1785484442.543105,0.0452,-0.0,-0.0,-0.0000,0.0000,0.0000,0.0000,0.0000
1785484442.753204,0.2101,-0.0,-0.0,-0.0000,0.0000,0.0000,0.0000,0.0000
1785484442.753243,0.0000,-0.0,-0.0,-0.0000,0.0000,0.0000,0.0000,0.0000
1785484442.846651,0.0934,-0.0,-0.0,-0.0000,0.0000,0.0000,0.0000,0.0000
1785484443.005694,0.1590,-0.0,-0.0,-0.0000,0.0000,0.0000,0.0000,0.0000
1785484443.046679,0.0410,-0.0,-0.0,-0.0000,0.0000,0.0000,0.0000,0.0000
1785484443.263705,0.2170,-0.0,-0.0,-0.0000,0.0000,0.0000,0.0000,0.0000
1785484443.263736,0.0000,-0.0,-0.0,-0.0000,0.0000,0.0000,0.0000,0.0000
1785484443.350736,0.0870,-0.0,-0.0,-0.0000,0.0000,0.0000,0.0000,0.0000
1785484443.515444,0.1647,-0.0,-0.0,-0.0000,0.0000,0.0000,0.0000,0.0000
1785484443.551531,0.0361,-0.0,-0.0,-0.0000,0.0000,0.0000,0.0000,0.0000
1785484443.762965,0.2114,-0.0,-0.0,-0.0000,0.0000,0.0000,0.0000,0.0000
1785484443.763002,0.0000,-0.0,-0.0,-0.0000,0.0000,0.0000,0.0000,0.0000
1785484443.853835,0.0908,-0.0,-0.0,-0.0000,0.0000,0.0000,0.0000,0.0000
1785484444.018434,0.1646,-0.0,-0.0,-0.0000,0.0000,0.0000,0.0000,0.0000
1785484444.057534,0.0391,-0.0,-0.0,-0.0000,0.0000,0.0000,0.0000,0.0000
1785484444.273792,0.2163,-0.0,-0.0,-0.0000,0.0000,0.0000,0.0000,0.0000
1785484444.273832,0.0000,-0.0,-0.0,-0.0000,0.0000,0.0000,0.0000,0.0000
1785484444.361904,0.0881,-0.0,-0.0,-0.0000,0.0000,0.0000,0.0000,0.0000
1785484444.531939,0.1700,-0.0,-0.0,-0.0000,0.0000,0.0000,0.0000,0.0000
1785484444.563579,0.0316,-0.0,-0.0,-0.0000,0.0000,0.0000,0.0000,0.0000
1785484444.769226,0.2056,-0.0,-0.0,-0.0000,0.0000,0.0000,0.0000,0.0000
1785484444.769263,0.0000,-0.0,-0.0,-0.0000,0.0000,0.0000,0.0000,0.0000
1785484444.863792,0.0945,-0.0,-0.0,-0.0000,0.0000,0.0000,0.0000,0.0000
1785484445.044368,0.1806,-0.0,-0.0,-0.0000,0.0000,0.0000,0.0000,0.0000
1785484445.093295,0.0489,-0.0,-0.0,-0.0000,0.0000,0.0000,0.0000,0.0000
1785484445.273198,0.1799,-0.0,-0.0,-0.0000,0.0000,0.0000,0.0000,0.0000
1785484445.290049,0.0169,-0.0,-0.0,-0.0000,0.0000,0.0000,0.0000,0.0000
1785484445.368910,0.0789,-0.0,-0.0,-0.0000,0.0000,0.0000,0.0000,0.0000
1785484445.525891,0.1570,-0.0,-0.0,-0.0000,0.0000,0.0000,0.0000,0.0000
1785484445.570436,0.0445,-0.0,-0.0,-0.0000,0.0000,0.0000,0.0000,0.0000
1785484445.860918,0.2905,-0.0,-0.0,-0.0000,0.0000,0.0000,0.0000,0.0000
1785484445.860956,0.0000,-0.0,-0.0,-0.0000,0.0000,0.0000,0.0000,0.0000
1785484445.873282,0.0123,-0.0,-0.0,-0.0000,0.0000,0.0000,0.0000,0.0000
1785484445.976296,0.1030,-0.0,-0.0,-0.0000,0.0000,0.0000,0.0000,0.0000
1785484446.076073,0.0998,-0.0,-0.0,-0.0000,0.0000,0.0000,0.0000,0.0000
1785484446.179050,0.1030,-0.0,-0.0,-0.0000,0.0000,0.0000,0.0000,0.0000
1785484446.283354,0.1043,-0.0,-0.0,-0.0000,0.0000,0.0000,0.0000,0.0000
1785484446.383835,0.1005,-0.0,-0.0,-0.0000,0.0000,0.0000,0.0000,0.0000
1785484446.483836,0.1000,-0.0,-0.0,-0.0000,0.0000,0.0000,0.0000,0.0000
1785484446.588250,0.1044,-0.0,-0.0,-0.0000,0.0000,0.0000,0.0000,0.0000
1785484446.719270,0.1310,-0.0,-0.0,-0.0000,0.0000,0.0000,0.0000,0.0000
1785484446.786754,0.0675,-0.0,-0.0,-0.0000,0.0000,0.0000,0.0000,0.0000
1785484446.925024,0.1383,-0.0,-0.0,-0.0000,0.0000,0.0000,0.0000,0.0000
1785484446.989572,0.0645,-0.0,-0.0,-0.0000,0.0000,0.0000,0.0000,0.0000
1785484447.091406,0.1018,-0.0,-0.0,-0.0000,0.0000,0.0000,0.0000,0.0000
1785484447.191222,0.0998,-0.0,-0.0,-0.0000,0.0000,0.0000,0.0000,0.0000
1785484447.294387,0.1032,-0.0,-0.0,-0.0000,0.0000,0.0000,0.0000,0.0000
1785484447.427021,0.1326,-0.0,-0.0,-0.0000,0.0000,0.0000,0.0000,0.0000
1785484447.496786,0.0698,-0.0,-0.0,-0.0000,0.0000,0.0000,0.0000,0.0000
1785484447.596938,0.1002,-0.0,-0.0,-0.0000,0.0000,0.0000,0.0000,0.0000
1785484447.699128,0.1022,-0.0,-0.0,-0.0000,0.0000,0.0000,0.0000,0.0000
1785484447.800398,0.1013,-0.0,-0.0,-0.0000,0.0000,0.0000,0.0000,0.0000
1785484447.901681,0.1013,-0.0,-0.0,-0.0000,0.0000,0.0000,0.0000,0.0000
1785484448.006216,0.1045,-0.0,-0.0,-0.0000,0.0000,0.0000,0.0000,0.0000
1785484448.107372,0.1012,-0.0,-0.0,-0.0000,0.0000,0.0000,0.0000,0.0000
1785484448.208843,0.1015,-0.0,-0.0,-0.0000,0.0000,0.0000,0.0000,0.0000
1785484448.311229,0.1024,-0.0,-0.0,-0.0000,0.0000,0.0000,0.0000,0.0000
1785484448.413122,0.1019,-0.0,-0.0,-0.0000,0.0000,0.0000,0.0000,0.0000
1785484448.516014,0.1029,-0.0,-0.0,-0.0000,0.0000,0.0000,0.0000,0.0000
1785484448.619598,0.1036,-0.0,-0.0,-0.0000,0.0000,0.0000,0.0000,0.0000
1785484448.717862,0.0983,-0.0,-0.0,-0.0000,0.0000,0.0000,0.0000,0.0000
1785484448.822409,0.1045,-0.0,-0.0,-0.0000,0.0000,0.0000,0.0000,0.0000
1785484448.910072,0.0877,-0.0,-0.0,-0.0000,0.0000,0.0000,0.0000,0.0000
1785484449.011573,0.1015,-0.0,-0.0,-0.0000,0.0000,0.0000,0.0000,0.0000
1785484449.113829,0.1023,-0.0,-0.0,-0.0000,0.0000,0.0000,0.0000,0.0000
1785484449.214013,0.1002,-0.0,-0.0,-0.0000,0.0000,0.0000,0.0000,0.0000
1785484449.315610,0.1016,-0.0,-0.0,-0.0000,0.0000,0.0000,0.0000,0.0000
1785484449.416727,0.1011,-0.0,-0.0,-0.0000,0.0000,0.0000,0.0000,0.0000
1785484449.517542,0.1008,-0.0,-0.0,-0.0000,0.0000,0.0000,0.0000,0.0000
1785484449.618657,0.1011,-0.0,-0.0,-0.0000,0.0000,0.0000,0.0000,0.0000
1785484449.720045,0.1014,-0.0,-0.0,-0.0000,0.0000,0.0000,0.0000,0.0000
1785484449.821895,0.1018,-0.0,-0.0,-0.0000,0.0000,0.0000,0.0000,0.0000
1785484449.922330,0.1004,-0.0,-0.0,-0.0000,0.0000,0.0000,0.0000,0.0000
1785484450.022912,0.1006,-0.0,-0.0,-0.0000,0.0000,0.0000,0.0000,0.0000
1785484450.124840,0.1019,-0.0,-0.0,-0.0000,0.0000,0.0000,0.0000,0.0000
1785484450.227209,0.1024,-0.0,-0.0,-0.0000,0.0000,0.0000,0.0000,0.0000
1785484450.330849,0.1036,-0.0,-0.0,-0.0000,0.0000,0.0000,0.0000,0.0000
1785484450.429474,0.0986,-0.0,-0.0,-0.0000,0.0000,0.0000,0.0000,0.0000
1785484450.588326,0.1589,-0.0,-0.0,-0.0000,0.0000,0.0000,0.0000,0.0000
1785484450.640048,0.0517,-0.0,-0.0,-0.0000,0.0000,0.0000,0.0000,0.0000
1785484450.729786,0.0897,-0.0,-0.0,-0.0000,0.0000,0.0000,0.0000,0.0000
1785484450.832179,0.1024,-0.0,-0.0,-0.0000,0.0000,0.0000,0.0000,0.0000
1785484450.934317,0.1021,-0.0,-0.0,-0.0000,0.0000,0.0000,0.0000,0.0000
1785484451.031932,0.0976,-0.0,-0.0,-0.0000,0.0000,0.0000,0.0000,0.0000
1785484451.134072,0.1021,-0.0,-0.0,-0.0000,0.0000,0.0000,0.0000,0.0000
1785484451.236397,0.1023,-0.0,-0.0,-0.0000,0.0000,0.0000,0.0000,0.0000
1785484451.334568,0.0982,-0.0,-0.0,-0.0000,0.0000,0.0000,0.0000,0.0000
1785484451.436253,0.1017,-0.0,-0.0,-0.0000,0.0000,0.0000,0.0000,0.0000
1785484451.644288,0.2080,-0.0,-0.0,-0.0000,0.0000,0.0000,0.0000,0.0000
1785484451.644329,0.0000,-0.0,-0.0,-0.0000,0.0000,0.0000,0.0000,0.0000
1785484451.741014,0.0967,-0.0,-0.0,-0.0000,0.0000,0.0000,0.0000,0.0000
1785484451.896353,0.1553,-0.0,-0.0,-0.0000,0.0000,0.0000,0.0000,0.0000
1785484451.944910,0.0486,-0.0,-0.0,-0.0000,0.0000,0.0000,0.0000,0.0000
1785484452.158312,0.2134,-0.0,-0.0,-0.0000,0.0000,0.0000,0.0000,0.0000
1785484452.160407,0.0021,-0.0,-0.0,-0.0000,0.0000,0.0000,0.0000,0.0000
1785484452.408732,0.2483,-0.0,-0.0,-0.0000,0.0000,0.0000,0.0000,0.0000
1785484452.408764,0.0000,-0.0,-0.0,-0.0000,0.0000,0.0000,0.0000,0.0000
1785484452.450134,0.0414,-0.0,-0.0,-0.0000,0.0000,0.0000,0.0000,0.0000
1785484452.761413,0.3113,-0.0,-0.0,-0.0000,0.0000,0.0000,0.0000,0.0000
1785484452.761451,0.0000,-0.0,-0.0,-0.0000,0.0000,0.0000,0.0000,0.0000
1785484452.904423,0.1430,-0.0,-0.0,-0.0000,0.0000,0.0000,0.0000,0.0000
1785484452.904454,0.0000,-0.0,-0.0,-0.0000,0.0000,0.0000,0.0000,0.0000
1785484452.956759,0.0523,-0.0,-0.0,-0.0000,0.0000,0.0000,0.0000,0.0000
1785484453.158422,0.2017,-0.0,-0.0,-0.0000,0.0000,0.0000,0.0000,0.0000
1785484453.158463,0.0000,-0.0,-0.0,-0.0000,0.0000,0.0000,0.0000,0.0000
1785484453.415988,0.2575,-0.0,-0.0,-0.0000,0.0000,0.0000,0.0000,0.0000
1785484453.416021,0.0000,-0.0,-0.0,-0.0000,0.0000,0.0000,0.0000,0.0000
1785484453.461606,0.0456,-0.0,-0.0,-0.0000,0.0000,0.0000,0.0000,0.0000
1785484453.666981,0.2054,-0.0,-0.0,-0.0000,0.0000,0.0000,0.0000,0.0000
1785484453.667023,0.0000,-0.0,-0.0,-0.0000,0.0000,0.0000,0.0000,0.0000
1785484453.917859,0.2508,-0.0,-0.0,-0.0000,0.0000,0.0000,0.0000,0.0000
1785484453.917890,0.0000,-0.0,-0.0,-0.0000,0.0000,0.0000,0.0000,0.0000
1785484453.968609,0.0507,-0.0,-0.0,-0.0000,0.0000,0.0000,0.0000,0.0000
1785484454.169277,0.2007,-0.0,-0.0,-0.0000,0.0000,0.0000,0.0000,0.0000
1785484454.169320,0.0000,-0.0,-0.0,-0.0000,0.0000,0.0000,0.0000,0.0000
1785484454.427027,0.2577,-0.0,-0.0,-0.0000,0.0000,0.0000,0.0000,0.0000
1785484454.427055,0.0000,-0.0,-0.0,-0.0000,0.0000,0.0000,0.0000,0.0000
1785484454.475871,0.0488,-0.0,-0.0,-0.0000,0.0000,0.0000,0.0000,0.0000
1785484454.672160,0.1963,-0.0,-0.0,-0.0000,0.0000,0.0000,0.0000,0.0000
1785484454.681748,0.0096,-0.0,-0.0,-0.0000,0.0000,0.0000,0.0000,0.0000
1785484454.923365,0.2416,-0.0,-0.0,-0.0000,0.0000,0.0000,0.0000,0.0000
1785484454.923407,0.0000,-0.0,-0.0,-0.0000,0.0000,0.0000,0.0000,0.0000
1785484454.983047,0.0596,-0.0,-0.0,-0.0000,0.0000,0.0000,0.0000,0.0000
1785484455.176207,0.1932,-0.0,-0.0,-0.0000,0.0000,0.0000,0.0000,0.0000
1785484455.182347,0.0061,-0.0,-0.0,-0.0000,0.0000,0.0000,0.0000,0.0000
1785484455.427299,0.2450,-0.0,-0.0,-0.0000,0.0000,0.0000,0.0000,0.0000
1785484455.427330,0.0000,-0.0,-0.0,-0.0000,0.0000,0.0000,0.0000,0.0000
1785484455.486103,0.0588,-0.0,-0.0,-0.0000,0.0000,0.0000,0.0000,0.0000
1785484455.683341,0.1972,21.638526916503906,-0.0,0.0634,-0.3678,0.0125,-0.0009,-0.0725
1785484455.693409,0.0101,42.00419998168945,-0.0,0.1232,-0.7140,0.0137,-0.0010,-0.0797
1785484455.936915,0.2435,40.54950714111328,-0.0,0.1189,-0.6893,0.0418,-0.0081,-0.2476
1785484455.936952,0.0000,21.820363998413086,-0.0,0.0640,-0.3709,0.0418,-0.0081,-0.2476
1785484455.990808,0.0539,-0.0,-0.0,-0.0000,0.0000,0.0418,-0.0081,-0.2476
1785484456.250222,0.2594,-0.0,-0.0,-0.0000,0.0000,0.0418,-0.0081,-0.2476
1785484456.250259,0.0000,-0.0,-0.0,-0.0000,0.0000,0.0418,-0.0081,-0.2476
1785484456.298188,0.0479,-0.0,-0.0,-0.0000,0.0000,0.0418,-0.0081,-0.2476
1785484456.404886,0.1067,-0.0,-0.0,-0.0000,0.0000,0.0418,-0.0081,-0.2476
1785484456.553275,0.1484,-0.0,-0.0,-0.0000,0.0000,0.0418,-0.0081,-0.2476
1785484456.611259,0.0580,-0.0,-0.0,-0.0000,0.0000,0.0418,-0.0081,-0.2476
1785484456.709208,0.0979,-0.0,-0.0,-0.0000,0.0000,0.0418,-0.0081,-0.2476
1785484456.812595,0.1034,-0.0,-0.0,-0.0000,0.0000,0.0418,-0.0081,-0.2476
1785484456.912925,0.1003,-0.0,-0.0,-0.0000,0.0000,0.0418,-0.0081,-0.2476
1785484457.014702,0.1018,-0.0,-0.0,-0.0000,0.0000,0.0418,-0.0081,-0.2476
1785484457.117207,0.1025,-0.0,-0.0,-0.0000,0.0000,0.0418,-0.0081,-0.2476
1785484457.204164,0.0870,-0.0,-0.0,-0.0000,0.0000,0.0418,-0.0081,-0.2476
1785484457.305643,0.1015,-0.0,-0.0,-0.0000,0.0000,0.0418,-0.0081,-0.2476
1785484457.427249,0.1216,-0.0,-0.0,-0.0000,0.0000,0.0418,-0.0081,-0.2476
1785484457.511398,0.0841,-0.0,-0.0,-0.0000,0.0000,0.0418,-0.0081,-0.2476
1785484457.610670,0.0993,-0.0,-0.0,-0.0000,0.0000,0.0418,-0.0081,-0.2476
1785484457.713278,0.1026,-0.0,-0.0,-0.0000,0.0000,0.0418,-0.0081,-0.2476
1785484457.813852,0.1006,12.728546142578125,-0.0,0.0373,-0.2164,0.0454,-0.0091,-0.2693
1785484457.915389,0.1015,42.85276794433594,-0.0,0.1257,-0.7284,0.0574,-0.0134,-0.3433
1785484458.025441,0.1101,40.6921272277832,-0.0,0.1193,-0.6917,0.0694,-0.0187,-0.4194
1785484458.117454,0.0920,27.639127731323242,-0.0,0.0810,-0.4698,0.0761,-0.0221,-0.4627
1785484458.219465,0.1020,0.18005365133285522,-0.0,0.0005,-0.0031,0.0761,-0.0221,-0.4630
1785484458.322392,0.1029,-0.0,-0.0,-0.0000,0.0000,0.0761,-0.0221,-0.4630
1785484458.422730,0.1003,-0.0,-0.0,-0.0000,0.0000,0.0761,-0.0221,-0.4630
1785484458.523395,0.1007,-0.0,-0.0,-0.0000,0.0000,0.0761,-0.0221,-0.4630
1785484458.626406,0.1030,-0.0,-0.0,-0.0000,0.0000,0.0761,-0.0221,-0.4630
1785484458.727023,0.1006,20.547510147094727,-0.0,0.0602,-0.3493,0.0815,-0.0250,-0.4981
1785484458.977130,0.2501,42.36787414550781,-0.0,0.1242,-0.7202,0.1057,-0.0445,-0.6782
1785484458.977176,0.0000,40.54950714111328,-0.0,0.1189,-0.6893,0.1057,-0.0445,-0.6783
1785484459.033008,0.0558,36.1907844543457,-0.0,0.1061,-0.6152,0.1101,-0.0484,-0.7126
1785484459.132780,0.0998,0.9091818928718567,-0.0,0.0027,-0.0155,0.1103,-0.0485,-0.7142
1785484459.237440,0.1047,-0.0,-0.0,-0.0000,0.0000,0.1103,-0.0485,-0.7142
1785484459.332002,0.0946,-0.0,-0.0,-0.0000,0.0000,0.1103,-0.0485,-0.7142
1785484459.433972,0.1020,-0.0,-0.0,-0.0000,0.0000,0.1103,-0.0485,-0.7142
1785484459.538265,0.1043,-0.0,-0.0,-0.0000,0.0000,0.1103,-0.0485,-0.7142
1785484459.647008,0.1087,-0.0,-0.0,-0.0000,0.0000,0.1103,-0.0485,-0.7142
1785484459.740419,0.0934,2.7275454998016357,-0.0,0.0080,-0.0464,0.1109,-0.0490,-0.7185
1785484459.843180,0.1028,42.00419998168945,-0.0,0.1232,-0.7140,0.1198,-0.0580,-0.7919
1785484459.943031,0.0999,40.731346130371094,-0.0,0.1194,-0.6924,0.1276,-0.0671,-0.8610
1785484460.046996,0.1040,37.2711067199707,-0.0,0.1093,-0.6335,0.1344,-0.0762,-0.9268
1785484460.149275,0.1023,1.4404292106628418,-0.0,0.0042,-0.0245,0.1346,-0.0765,-0.9294
1785484460.256382,0.1071,-0.0,-0.0,-0.0000,0.0000,0.1346,-0.0765,-0.9294
1785484460.364847,0.1085,-0.0,-0.0,-0.0000,0.0000,0.1346,-0.0765,-0.9294
1785484460.449376,0.0845,-0.0,-0.0,-0.0000,0.0000,0.1346,-0.0765,-0.9294
1785484460.552043,0.1027,-0.0,-0.0,-0.0000,0.0000,0.1346,-0.0765,-0.9294
1785484460.664026,0.1120,5.818763732910156,-0.0,0.0171,-0.0989,0.1358,-0.0781,-0.9404
1785484460.754204,0.0902,42.73154830932617,-0.0,0.1253,-0.7264,0.1418,-0.0876,-1.0059
1785484460.877653,0.1234,40.8721809387207,-0.0,0.1198,-0.6947,0.1486,-0.1007,-1.0917
1785484460.955875,0.0782,40.36767578125,-0.0,0.1184,-0.6862,0.1525,-0.1092,-1.1454
1785484461.058760,0.1029,10.910181999206543,-0.0,0.0320,-0.1855,0.1538,-0.1122,-1.1645
1785484461.168382,0.1096,-0.0,-0.0,-0.0000,0.0000,0.1538,-0.1122,-1.1645
1785484461.259553,0.0912,-0.0,-0.0,-0.0000,0.0000,0.1538,-0.1122,-1.1645
1785484461.359663,0.1001,-0.0,-0.0,-0.0000,0.0000,0.1538,-0.1122,-1.1645
1785484461.461349,0.1017,-0.0,-0.0,-0.0000,0.0000,0.1538,-0.1122,-1.1645
1785484461.563281,0.1019,-0.0,-0.0,-0.0000,0.0000,0.1538,-0.1122,-1.1645
1785484461.665006,0.1017,-0.0,-0.0,-0.0000,0.0000,0.1538,-0.1122,-1.1645
1785484461.765427,0.1004,-0.0,-0.0,-0.0000,0.0000,0.1538,-0.1122,-1.1645
1785484461.863984,0.0986,-0.0,-0.0,-0.0000,0.0000,0.1538,-0.1122,-1.1645
1785484461.967667,0.1037,-0.0,-0.0,-0.0000,0.0000,0.1538,-0.1122,-1.1645
1785484462.068424,0.1008,-0.0,-0.0,-0.0000,0.0000,0.1538,-0.1122,-1.1645
1785484462.168140,0.0997,-0.18005365133285522,-0.0,-0.0005,0.0031,0.1537,-0.1121,-1.1641
1785484462.270376,0.1022,-0.0,-0.0,-0.0000,0.0000,0.1537,-0.1121,-1.1641
1785484462.373390,0.1030,-0.0,-0.0,-0.0000,0.0000,0.1537,-0.1121,-1.1641
1785484462.472262,0.0989,-0.0,-0.0,-0.0000,0.0000,0.1537,-0.1121,-1.1641
1785484462.573330,0.1011,-0.0,-0.0,-0.0000,0.0000,0.1537,-0.1121,-1.1641
1785484462.674095,0.1008,-0.0,-0.0,-0.0000,0.0000,0.1537,-0.1121,-1.1641
1785484462.775042,0.1009,-0.0,-0.0,-0.0000,0.0000,0.1537,-0.1121,-1.1641
1785484462.875853,0.1008,-0.0,-0.0,-0.0000,0.0000,0.1537,-0.1121,-1.1641
1785484463.012491,0.1366,-0.0,-0.0,-0.0000,0.0000,0.1537,-0.1121,-1.1641
1785484463.078061,0.0656,-0.0,-0.0,-0.0000,0.0000,0.1537,-0.1121,-1.1641
1785484463.179167,0.1011,-0.0,-0.0,-0.0000,0.0000,0.1537,-0.1121,-1.1641
1785484463.291198,0.1120,20.547510147094727,-0.0,0.0602,-0.3493,0.1562,-0.1184,-1.2033
1785484463.381980,0.0908,42.36787414550781,-0.0,0.1242,-0.7202,0.1595,-0.1292,-1.2687
1785484463.483691,0.1017,40.54950714111328,-0.0,0.1189,-0.6893,0.1623,-0.1410,-1.3388
1785484463.584830,0.1011,12.183035850524902,-0.0,0.0357,-0.2071,0.1631,-0.1445,-1.3597
1785484463.700849,0.1160,-0.0,-0.0,-0.0000,0.0000,0.1631,-0.1445,-1.3597
1785484463.785672,0.0848,-0.0,-0.0,-0.0000,0.0000,0.1631,-0.1445,-1.3597
1785484463.885681,0.1000,-0.0,-0.0,-0.0000,0.0000,0.1631,-0.1445,-1.3597
1785484463.988412,0.1027,-0.0,-0.0,-0.0000,0.0000,0.1631,-0.1445,-1.3597
1785484464.088172,0.0998,-0.0,-0.0,-0.0000,0.0000,0.1631,-0.1445,-1.3597
1785484464.190141,0.1020,-0.0,-0.0,-0.0000,0.0000,0.1631,-0.1445,-1.3597
1785484464.290017,0.0999,-0.0,-0.0,-0.0000,0.0000,0.1631,-0.1445,-1.3597
1785484464.392177,0.1022,-0.0,-0.0,-0.0000,0.0000,0.1631,-0.1445,-1.3597
1785484464.498250,0.1061,-0.0,-0.0,-0.0000,0.0000,0.1631,-0.1445,-1.3597
1785484464.593436,0.0952,-0.0,-0.0,-0.0000,0.0000,0.1631,-0.1445,-1.3597
1785484464.695007,0.1016,-0.0,-0.0,-0.0000,0.0000,0.1631,-0.1445,-1.3597
1785484464.807930,0.1129,-0.0,-0.0,-0.0000,0.0000,0.1631,-0.1445,-1.3597
1785484464.899871,0.0919,-0.0,-0.0,-0.0000,0.0000,0.1631,-0.1445,-1.3597
1785484465.003690,0.1038,-0.0,-0.0,-0.0000,0.0000,0.1631,-0.1445,-1.3597
1785484465.114041,0.1104,-0.0,-0.0,-0.0000,0.0000,0.1631,-0.1445,-1.3597
1785484465.206693,0.0927,19.092819213867188,-0.0,0.0560,-0.3245,0.1640,-0.1496,-1.3898
1785484465.311484,0.1048,42.91338348388672,-0.0,0.1258,-0.7294,0.1654,-0.1627,-1.4662
1785484465.429795,0.1183,40.58769607543945,-0.0,0.1190,-0.6899,0.1657,-0.1768,-1.5478
1785484465.515167,0.0854,31.149282455444336,-0.0,0.0913,-0.5295,0.1655,-0.1846,-1.5930
1785484465.616605,0.1014,0.36730945110321045,-0.0,0.0011,-0.0062,0.1655,-0.1847,-1.5937
1785484465.728651,0.1120,-0.0,-0.0,-0.0000,0.0000,0.1655,-0.1847,-1.5937
1785484465.806232,0.0776,-0.0,-0.0,-0.0000,0.0000,0.1655,-0.1847,-1.5937
1785484465.924275,0.1180,-0.0,-0.0,-0.0000,0.0000,0.1655,-0.1847,-1.5937
1785484466.102943,0.1787,-0.0,-0.0,-0.0000,0.0000,0.1655,-0.1847,-1.5937
1785484466.109934,0.0070,-0.0,-0.0,-0.0000,0.0000,0.1655,-0.1847,-1.5937
1785484466.216835,0.1069,37.09461975097656,-0.0,0.1088,-0.6305,0.1645,-0.1963,-1.6611
1785484466.314765,0.0979,41.27685546875,-0.0,0.1210,-0.7016,0.1626,-0.2080,-1.7298
1785484466.412849,0.0981,20.547510147094727,-0.0,0.0602,-0.3493,0.1615,-0.2138,-1.7640
1785484466.515300,0.1025,-0.0,-0.0,-0.0000,0.0000,0.1615,-0.2138,-1.7640
1785484466.616209,0.1009,-0.0,-0.0,-0.0000,0.0000,0.1615,-0.2138,-1.7640
1785484466.715395,0.0992,-0.0,-0.0,-0.0000,0.0000,0.1615,-0.2138,-1.7640
1785484466.818365,0.1030,-0.0,-0.0,-0.0000,0.0000,0.1615,-0.2138,-1.7640
1785484466.917998,0.0996,-0.0,-0.0,-0.0000,0.0000,0.1615,-0.2138,-1.7640
1785484467.020554,0.1026,-0.0,-0.0,-0.0000,0.0000,0.1615,-0.2138,-1.7640
1785484467.120071,0.0995,-0.0,-0.0,-0.0000,0.0000,0.1615,-0.2138,-1.7640
1785484467.226754,0.1067,-0.0,-0.0,-0.0000,0.0000,0.1615,-0.2138,-1.7640
1785484467.326358,0.0996,-29.708852767944336,-0.0,-0.0871,0.5050,0.1627,-0.2052,-1.7137
1785484467.422832,0.0965,-29.821165084838867,-0.0,-0.0874,0.5069,0.1635,-0.1968,-1.6648
1785484467.546665,0.1238,-0.18183636665344238,-0.0,-0.0005,0.0031,0.1635,-0.1967,-1.6645
1785484467.623913,0.0772,-0.0,-0.0,-0.0000,0.0000,0.1635,-0.1967,-1.6645
1785484467.726594,0.1027,-0.0,-0.0,-0.0000,0.0000,0.1635,-0.1967,-1.6645
1785484467.828383,0.1018,-0.0,-0.0,-0.0000,0.0000,0.1635,-0.1967,-1.6645
1785484467.925778,0.0974,-0.0,-0.0,-0.0000,0.0000,0.1635,-0.1967,-1.6645
1785484468.027755,0.1020,-11.27385425567627,-0.0,-0.0331,0.1916,0.1637,-0.1934,-1.6449
1785484468.150789,0.1230,-41.27685546875,-0.0,-0.1210,0.7016,0.1636,-0.1785,-1.5586
1785484468.229770,0.0790,-26.54810905456543,-0.0,-0.0778,0.4513,0.1633,-0.1723,-1.5230
1785484468.336334,0.1066,-0.18183636665344238,-0.0,-0.0005,0.0031,0.1633,-0.1723,-1.5226
1785484468.431995,0.0957,-0.0,-0.0,-0.0000,0.0000,0.1633,-0.1723,-1.5226
1785484468.542204,0.1102,-0.0,-0.0,-0.0000,0.0000,0.1633,-0.1723,-1.5226
1785484468.633769,0.0916,-0.0,-0.0,-0.0000,0.0000,0.1633,-0.1723,-1.5226
1785484468.738374,0.1046,-0.0,-0.0,-0.0000,0.0000,0.1633,-0.1723,-1.5226
1785484468.836711,0.0983,-0.0,-0.0,-0.0000,0.0000,0.1633,-0.1723,-1.5226
1785484468.937720,0.1010,-10.00100040435791,-0.0,-0.0293,0.1700,0.1631,-0.1693,-1.5055
1785484469.038166,0.1004,-41.82236862182617,-0.0,-0.1226,0.7109,0.1614,-0.1571,-1.4340
1785484469.141087,0.1029,-4.182236194610596,-0.0,-0.0123,0.0711,0.1612,-0.1559,-1.4267
1785484469.242011,0.1009,-0.0,-0.0,-0.0000,0.0000,0.1612,-0.1559,-1.4267
1785484469.345129,0.1031,-0.0,-0.0,-0.0000,0.0000,0.1612,-0.1559,-1.4267
1785484469.445387,0.1003,32.36687469482422,-0.0,0.0949,-0.5502,0.1621,-0.1654,-1.4819
1785484469.544726,0.0993,29.821165084838867,-0.0,0.0874,-0.5069,0.1624,-0.1740,-1.5322
1785484469.644734,0.1000,0.18365472555160522,-0.0,0.0005,-0.0031,0.1624,-0.1741,-1.5326
1785484469.746223,0.1015,-0.0,-0.0,-0.0000,0.0000,0.1624,-0.1741,-1.5326
1785484469.847318,0.1011,14.001399993896484,-0.0,0.0411,-0.2380,0.1625,-0.1782,-1.5566
1785484469.947481,0.1002,42.91338348388672,-0.0,0.1258,-0.7294,0.1617,-0.1908,-1.6297
1785484470.051422,0.1039,5.4550909996032715,-0.0,0.0160,-0.0927,0.1616,-0.1925,-1.6393
1785484470.149691,0.0983,-0.0,-0.0,-0.0000,0.0000,0.1616,-0.1925,-1.6393
1785484470.250856,0.1012,-0.0,-0.0,-0.0000,0.0000,0.1616,-0.1925,-1.6393
1785484470.351862,0.1010,-0.0,-0.0,-0.0000,0.0000,0.1616,-0.1925,-1.6393
1785484470.452604,0.1007,20.547510147094727,-0.0,0.0602,-0.3493,0.1610,-0.1985,-1.6745
1785484470.554804,0.1022,39.64032745361328,-0.0,0.1162,-0.6738,0.1589,-0.2102,-1.7434
1785484470.656388,0.1016,2.000200033187866,-0.0,0.0059,-0.0340,0.1588,-0.2108,-1.7468
1785484470.756495,0.1001,-0.0,-0.0,-0.0000,0.0000,0.1588,-0.2108,-1.7468
1785484470.857628,0.1011,-0.0,-0.0,-0.0000,0.0000,0.1588,-0.2108,-1.7468
1785484470.967636,0.1100,-0.0,-0.0,-0.0000,0.0000,0.1588,-0.2108,-1.7468
1785484471.065283,0.0976,-22.365873336791992,-0.0,-0.0656,0.3802,0.1597,-0.2045,-1.7097
1785484471.259421,0.1941,-40.91318130493164,-0.0,-0.1200,0.6954,0.1598,-0.1812,-1.5747
1785484471.269262,0.0098,-5.091418266296387,-0.0,-0.0149,0.0865,0.1598,-0.1810,-1.5738
1785484471.507960,0.2387,-18.3654727935791,-0.0,-0.0539,0.3122,0.1589,-0.1682,-1.4993
1785484471.508002,0.0000,-41.27685546875,-0.0,-0.1210,0.7016,0.1589,-0.1682,-1.4993
1785484471.564232,0.0562,-35.2762565612793,-0.0,-0.1034,0.5996,0.1583,-0.1624,-1.4656
1785484471.759321,0.1951,-0.9182736277580261,-0.0,-0.0027,0.0156,0.1582,-0.1619,-1.4625
1785484471.766343,0.0070,-0.0,-0.0,-0.0000,0.0000,0.1582,-0.1619,-1.4625
1785484471.995153,0.2288,-0.0,-0.0,-0.0000,0.0000,0.1582,-0.1619,-1.4625
1785484471.995197,0.0000,-0.0,-0.0,-0.0000,0.0000,0.1582,-0.1619,-1.4625
1785484472.068331,0.0731,-0.0,-0.0,-0.0000,0.0000,0.1582,-0.1619,-1.4625
1785484472.240232,0.1719,-0.0,-0.0,-0.0000,0.0000,0.1582,-0.1619,-1.4625
1785484472.272891,0.0327,-0.0,-0.0,-0.0000,0.0000,0.1582,-0.1619,-1.4625
1785484472.489926,0.2170,34.73074722290039,-0.0,0.1018,-0.5904,0.1578,-0.1840,-1.5907
1785484472.489974,0.0000,1.454690933227539,-0.0,0.0043,-0.0247,0.1578,-0.1840,-1.5907
1785484472.580116,0.0901,-0.0,-0.0,-0.0000,0.0000,0.1578,-0.1840,-1.5907
1785484472.743462,0.1633,-0.0,-0.0,-0.0000,0.0000,0.1578,-0.1840,-1.5907
1785484472.784486,0.0410,-0.0,-0.0,-0.0000,0.0000,0.1578,-0.1840,-1.5907
1785484472.998371,0.2139,-0.0,-0.0,-0.0000,0.0000,0.1578,-0.1840,-1.5907
1785484472.998411,0.0000,-0.0,-0.0,-0.0000,0.0000,0.1578,-0.1840,-1.5907
1785484473.077529,0.0791,-0.0,-0.0,-0.0000,0.0000,0.1578,-0.1840,-1.5907
1785484473.253020,0.1755,-0.0,-0.0,-0.0000,0.0000,0.1578,-0.1840,-1.5907
1785484473.280440,0.0274,-0.0,-0.0,-0.0000,0.0000,0.1578,-0.1840,-1.5907
1785484473.504369,0.2239,32.185035705566406,-0.0,0.0944,-0.5471,0.1548,-0.2049,-1.7132
1785484473.504417,0.0000,13.957759857177734,-0.0,0.0409,-0.2373,0.1548,-0.2049,-1.7132
1785484473.584856,0.0804,-0.0,-0.0,-0.0000,0.0000,0.1548,-0.2049,-1.7132
1785484473.754182,0.1693,-0.0,-0.0,-0.0000,0.0000,0.1548,-0.2049,-1.7132
1785484473.786333,0.0322,-0.0,-0.0,-0.0000,0.0000,0.1548,-0.2049,-1.7132
1785484474.016330,0.2300,-0.0,-0.0,-0.0000,0.0000,0.1548,-0.2049,-1.7132
1785484474.016477,0.0001,-0.0,-0.0,-0.0000,0.0000,0.1548,-0.2049,-1.7132
1785484474.100952,0.0845,-0.0,-0.0,-0.0000,0.0000,0.1548,-0.2049,-1.7132
1785484474.257132,0.1562,-0.0,-0.0,-0.0000,0.0000,0.1548,-0.2049,-1.7132
1785484474.292282,0.0352,-0.0,-0.0,-0.0000,0.0000,0.1548,-0.2049,-1.7132
1785484474.525738,0.2335,-0.0,-0.0,-0.0000,0.0000,0.1548,-0.2049,-1.7132
1785484474.525789,0.0001,-0.0,-0.0,-0.0000,0.0000,0.1548,-0.2049,-1.7132
1785484474.596636,0.0708,-0.0,-0.0,-0.0000,0.0000,0.1548,-0.2049,-1.7132
1785484474.761435,0.1648,-0.0,-0.0,-0.0000,0.0000,0.1548,-0.2049,-1.7132
1785484474.792811,0.0314,-0.0,-0.0,-0.0000,0.0000,0.1548,-0.2049,-1.7132
1785484475.013059,0.2202,-0.0,-0.0,-0.0000,0.0000,0.1548,-0.2049,-1.7132
1785484475.013102,0.0000,-0.0,-0.0,-0.0000,0.0000,0.1548,-0.2049,-1.7132
1785484475.094063,0.0810,-0.0,-0.0,-0.0000,0.0000,0.1548,-0.2049,-1.7132
1785484475.266388,0.1723,-0.0,-0.0,-0.0000,0.0000,0.1548,-0.2049,-1.7132
1785484475.295282,0.0289,-0.0,-0.0,-0.0000,0.0000,0.1548,-0.2049,-1.7132
1785484475.522306,0.2270,-0.0,-0.0,-0.0000,0.0000,0.1548,-0.2049,-1.7132
1785484475.522353,0.0000,-0.0,-0.0,-0.0000,0.0000,0.1548,-0.2049,-1.7132
1785484475.598437,0.0761,-0.0,-0.0,-0.0000,0.0000,0.1548,-0.2049,-1.7132
1785484475.838338,0.2399,-0.0,-0.0,-0.0000,0.0000,0.1548,-0.2049,-1.7132
1785484475.838381,0.0000,-0.0,-0.0,-0.0000,0.0000,0.1548,-0.2049,-1.7132
1785484476.012776,0.1744,-0.0,-0.0,-0.0000,0.0000,0.1548,-0.2049,-1.7132
1785484476.012825,0.0000,-0.0,-0.0,-0.0000,0.0000,0.1548,-0.2049,-1.7132
1785484476.103618,0.0908,-0.0,-0.0,-0.0000,0.0000,0.1548,-0.2049,-1.7132
1785484476.204250,0.1006,-0.0,-0.0,-0.0000,0.0000,0.1548,-0.2049,-1.7132
1785484476.305050,0.1008,-0.0,-0.0,-0.0000,0.0000,0.1548,-0.2049,-1.7132
1785484476.409957,0.1049,-0.0,-0.0,-0.0000,0.0000,0.1548,-0.2049,-1.7132
1785484476.510360,0.1004,-0.0,-0.0,-0.0000,0.0000,0.1548,-0.2049,-1.7132
1785484476.610876,0.1005,-18.5455265045166,-0.0,-0.0544,0.3152,0.1554,-0.1995,-1.6815
1785484476.711279,0.1004,-41.27685546875,-0.0,-0.1210,0.7016,0.1559,-0.1873,-1.6110
1785484476.814265,0.1030,-4.182236194610596,-0.0,-0.0123,0.0711,0.1559,-0.1861,-1.6037
1785484476.913388,0.0991,0.18183636665344238,-0.0,0.0005,-0.0031,0.1559,-0.1861,-1.6040
1785484477.015191,0.1018,-0.0,-0.0,-0.0000,0.0000,0.1559,-0.1861,-1.6040
1785484477.117904,0.1027,-0.0,-0.0,-0.0000,0.0000,0.1559,-0.1861,-1.6040
1785484477.217389,0.0995,-0.0,-0.0,-0.0000,0.0000,0.1559,-0.1861,-1.6040
1785484477.318807,0.1014,-0.0,-0.0,-0.0000,0.0000,0.1559,-0.1861,-1.6040
1785484477.419303,0.1005,-0.0,-0.0,-0.0000,0.0000,0.1559,-0.1861,-1.6040
1785484477.522412,0.1031,-0.0,-0.0,-0.0000,0.0000,0.1559,-0.1861,-1.6040
1785484477.622384,0.1000,-0.0,-0.0,-0.0000,0.0000,0.1559,-0.1861,-1.6040
1785484477.745031,0.1226,-0.0,-0.0,-0.0000,0.0000,0.1559,-0.1861,-1.6040
1785484477.825946,0.0809,-0.0,-0.0,-0.0000,0.0000,0.1559,-0.1861,-1.6040
1785484477.927080,0.1011,-0.0,-0.0,-0.0000,0.0000,0.1559,-0.1861,-1.6040
1785484478.028337,0.1013,-0.0,-0.0,-0.0000,0.0000,0.1559,-0.1861,-1.6040
1785484478.128417,0.1001,-19.63832664489746,-0.0,-0.0576,0.3338,0.1559,-0.1804,-1.5706
1785484478.230713,0.1023,-38.54930877685547,-0.0,-0.1130,0.6553,0.1551,-0.1688,-1.5036
1785484478.334584,0.1039,-1.8183637857437134,-0.0,-0.0053,0.0309,0.1551,-0.1683,-1.5004
1785484478.432867,0.0983,-0.0,-0.0,-0.0000,0.0000,0.1551,-0.1683,-1.5004
1785484478.535217,0.1023,-0.0,-0.0,-0.0000,0.0000,0.1551,-0.1683,-1.5004
1785484478.637576,0.1024,-0.0,-0.0,-0.0000,0.0000,0.1551,-0.1683,-1.5004
1785484478.735389,0.0978,-0.0,-0.0,-0.0000,0.0000,0.1551,-0.1683,-1.5004
1785484478.836004,0.1006,-0.0,-0.0,-0.0000,0.0000,0.1551,-0.1683,-1.5004
1785484478.937131,0.1011,-0.0,-0.0,-0.0000,0.0000,0.1551,-0.1683,-1.5004
1785484479.039333,0.1022,-0.0,-0.0,-0.0000,0.0000,0.1551,-0.1683,-1.5004
1785484479.139418,0.1001,-0.0,-0.0,-0.0000,0.0000,0.1551,-0.1683,-1.5004
1785484479.240201,0.1008,-0.0,-0.0,-0.0000,0.0000,0.1551,-0.1683,-1.5004
1785484479.341779,0.1016,-0.0,-0.0,-0.0000,0.0000,0.1551,-0.1683,-1.5004
1785484479.443322,0.1015,-0.0,-0.0,-0.0000,0.0000,0.1551,-0.1683,-1.5004
1785484479.544206,0.1009,-0.0,-0.0,-0.0000,0.0000,0.1551,-0.1683,-1.5004
1785484479.652231,0.1080,-0.0,-0.0,-0.0000,0.0000,0.1551,-0.1683,-1.5004
1785484479.753550,0.1013,-0.0,-0.0,-0.0000,0.0000,0.1551,-0.1683,-1.5004
1785484479.858887,0.1053,-0.0,-0.0,-0.0000,0.0000,0.1551,-0.1683,-1.5004
1785484479.953108,0.0942,-0.0,-0.0,-0.0000,0.0000,0.1551,-0.1683,-1.5004
1785484480.054918,0.1018,10.182836532592773,-0.0,0.0299,-0.1731,0.1553,-0.1713,-1.5180
1785484480.162349,0.1074,43.70982360839844,-0.0,0.1282,-0.7430,0.1549,-0.1851,-1.5978
1785484480.268232,0.1059,12.855831146240234,-0.0,0.0377,-0.2185,0.1547,-0.1891,-1.6210
1785484480.362399,0.0942,-0.0,-0.0,-0.0000,0.0000,0.1547,-0.1891,-1.6210
1785484480.465278,0.1029,-0.0,-0.0,-0.0000,0.0000,0.1547,-0.1891,-1.6210
1785484480.564817,0.0995,-0.0,-0.0,-0.0000,0.0000,0.1547,-0.1891,-1.6210
1785484480.655017,0.0902,-0.0,-0.0,-0.0000,0.0000,0.1547,-0.1891,-1.6210
1785484480.755949,0.1009,-0.0,-0.0,-0.0000,0.0000,0.1547,-0.1891,-1.6210
1785484480.860219,0.1043,-0.0,-0.0,-0.0000,0.0000,0.1547,-0.1891,-1.6210
1785484480.959322,0.0991,-0.0,-0.0,-0.0000,0.0000,0.1547,-0.1891,-1.6210
1785484481.059428,0.1001,-0.0,-0.0,-0.0000,0.0000,0.1547,-0.1891,-1.6210
1785484481.161305,0.1019,-0.0,-0.0,-0.0000,0.0000,0.1547,-0.1891,-1.6210
1785484481.262086,0.1008,-12.364872932434082,-0.0,-0.0363,0.2102,0.1548,-0.1854,-1.5998
1785484481.362595,0.1005,-41.45869445800781,-0.0,-0.1216,0.7047,0.1543,-0.1732,-1.5289
1785484481.464169,0.1016,-6.182436466217041,-0.0,-0.0181,0.1051,0.1542,-0.1714,-1.5183
1785484481.565145,0.1010,0.18183636665344238,-0.0,0.0005,-0.0031,0.1542,-0.1714,-1.5186
1785484481.666397,0.1013,-0.0,-0.0,-0.0000,0.0000,0.1542,-0.1714,-1.5186
1785484481.768478,0.1021,-0.0,-0.0,-0.0000,0.0000,0.1542,-0.1714,-1.5186
1785484481.869101,0.1006,-0.0,-0.0,-0.0000,0.0000,0.1542,-0.1714,-1.5186
1785484481.969871,0.1008,0.18183636665344238,-0.0,0.0005,-0.0031,0.1542,-0.1715,-1.5189
1785484482.074386,0.1045,39.09482192993164,-0.0,0.1146,-0.6645,0.1540,-0.1834,-1.5883
1785484482.175357,0.1010,22.54770851135254,-0.0,0.0661,-0.3833,0.1536,-0.1901,-1.6270
1785484482.275131,0.0998,0.18183636665344238,-0.0,0.0005,-0.0031,0.1536,-0.1902,-1.6274
1785484482.380322,0.1052,-0.0,-0.0,-0.0000,0.0000,0.1536,-0.1902,-1.6274
1785484482.476367,0.0960,-0.0,-0.0,-0.0000,0.0000,0.1536,-0.1902,-1.6274
1785484482.578345,0.1020,-0.0,-0.0,-0.0000,0.0000,0.1536,-0.1902,-1.6274
1785484482.679345,0.1010,-0.0,-0.0,-0.0000,0.0000,0.1536,-0.1902,-1.6274
1785484482.781487,0.1021,-0.0,-0.0,-0.0000,0.0000,0.1536,-0.1902,-1.6274
1785484482.883501,0.1020,-0.0,-0.0,-0.0000,0.0000,0.1536,-0.1902,-1.6274
1785484482.983497,0.1000,-37.09461975097656,-0.0,-0.1088,0.6305,0.1535,-0.1793,-1.5643
1785484483.100215,0.1167,-22.54770851135254,-0.0,-0.0661,0.3833,0.1531,-0.1716,-1.5196
1785484483.185243,0.0850,-0.0,-0.0,-0.0000,0.0000,0.1531,-0.1716,-1.5196
1785484483.286671,0.1014,-0.0,-0.0,-0.0000,0.0000,0.1531,-0.1716,-1.5196
1785484483.387056,0.1004,-0.0,-0.0,-0.0000,0.0000,0.1531,-0.1716,-1.5196
1785484483.488322,0.1013,-0.0,-0.0,-0.0000,0.0000,0.1531,-0.1716,-1.5196
1785484483.590438,0.1021,-0.0,-0.0,-0.0000,0.0000,0.1531,-0.1716,-1.5196
1785484483.692992,0.1026,-0.0,-0.0,-0.0000,0.0000,0.1531,-0.1716,-1.5196
1785484483.794074,0.1011,-0.0,-0.0,-0.0000,0.0000,0.1531,-0.1716,-1.5196
1785484483.893393,0.0993,-0.0,-0.0,-0.0000,0.0000,0.1531,-0.1716,-1.5196
1785484483.996794,0.1034,20.183837890625,-0.0,0.0592,-0.3431,0.1532,-0.1777,-1.5550
1785484484.095788,0.0990,40.00400161743164,-0.0,0.1173,-0.6800,0.1526,-0.1893,-1.6224
1785484484.201418,0.1056,2.000200033187866,-0.0,0.0059,-0.0340,0.1526,-0.1899,-1.6259
1785484484.296749,0.0953,-0.0,-0.0,-0.0000,0.0000,0.1526,-0.1899,-1.6259
1785484484.398605,0.1019,-0.0,-0.0,-0.0000,0.0000,0.1526,-0.1899,-1.6259
1785484484.500769,0.1022,-0.0,-0.0,-0.0000,0.0000,0.1526,-0.1899,-1.6259
1785484484.602387,0.1016,-0.0,-0.0,-0.0000,0.0000,0.1526,-0.1899,-1.6259
1785484484.702499,0.1001,-0.0,-0.0,-0.0000,0.0000,0.1526,-0.1899,-1.6259
1785484484.803277,0.1008,-0.0,-0.0,-0.0000,0.0000,0.1526,-0.1899,-1.6259
1785484484.905452,0.1022,-0.0,-0.0,-0.0000,0.0000,0.1526,-0.1899,-1.6259
1785484485.006419,0.1010,-0.0,-0.0,-0.0000,0.0000,0.1526,-0.1899,-1.6259
1785484485.108432,0.1020,-0.0,-0.0,-0.0000,0.0000,0.1526,-0.1899,-1.6259
1785484485.212383,0.1040,-0.0,-0.0,-0.0000,0.0000,0.1526,-0.1899,-1.6259
1785484485.308997,0.0966,-0.0,-0.0,-0.0000,0.0000,0.1526,-0.1899,-1.6259
1785484485.409215,0.1002,-0.0,-0.0,-0.0000,0.0000,0.1526,-0.1899,-1.6259
1785484485.512408,0.1032,-0.0,-0.0,-0.0000,0.0000,0.1526,-0.1899,-1.6259
1785484485.611384,0.0990,-0.0,-0.0,-0.0000,0.0000,0.1526,-0.1899,-1.6259
1785484485.749167,0.1378,-0.0,-0.0,-0.0000,0.0000,0.1526,-0.1899,-1.6259
1785484485.814585,0.0654,-0.0,-0.0,-0.0000,0.0000,0.1526,-0.1899,-1.6259
1785484485.917081,0.1025,-0.0,-0.0,-0.0000,0.0000,0.1526,-0.1899,-1.6259
1785484486.018198,0.1011,-0.0,-0.0,-0.0000,0.0000,0.1526,-0.1899,-1.6259
1785484486.255910,0.2377,-0.0,-0.0,-0.0000,0.0000,0.1526,-0.1899,-1.6259
1785484486.255964,0.0001,-0.0,-0.0,-0.0000,0.0000,0.1526,-0.1899,-1.6259
1785484486.319881,0.0639,-0.0,-0.0,-0.0000,0.0000,0.1526,-0.1899,-1.6259
1785484486.508921,0.1890,-31.275854110717773,-0.0,-0.0917,0.5316,0.1518,-0.1726,-1.5255
1785484486.526741,0.0178,-40.18583679199219,-0.0,-0.1178,0.6831,0.1517,-0.1705,-1.5133
1785484486.759956,0.2332,-39.11845779418945,-0.0,-0.1147,0.6649,0.1460,-0.1444,-1.3582
1785484486.760020,0.0001,-18.3654727935791,-0.0,-0.0539,0.3122,0.1460,-0.1444,-1.3582
1785484486.823085,0.0631,-0.0,-0.0,-0.0000,0.0000,0.1460,-0.1444,-1.3582
1785484487.020859,0.1978,-0.0,-0.0,-0.0000,0.0000,0.1460,-0.1444,-1.3582
1785484487.026320,0.0055,-0.0,-0.0,-0.0000,0.0000,0.1460,-0.1444,-1.3582
1785484487.245294,0.2190,14.001399993896484,-0.0,0.0411,-0.2380,0.1475,-0.1532,-1.4103
1785484487.245348,0.0001,42.73154830932617,-0.0,0.1253,-0.7264,0.1475,-0.1532,-1.4103
1785484487.328843,0.0835,21.9665470123291,-0.0,0.0644,-0.3734,0.1482,-0.1586,-1.4415
1785484487.503349,0.1745,-0.0,-0.0,-0.0000,0.0000,0.1482,-0.1586,-1.4415
1785484487.534014,0.0307,-0.0,-0.0,-0.0000,0.0000,0.1482,-0.1586,-1.4415
1785484487.754493,0.2205,-0.0,-0.0,-0.0000,0.0000,0.1482,-0.1586,-1.4415
1785484487.754549,0.0001,-0.0,-0.0,-0.0000,0.0000,0.1482,-0.1586,-1.4415
1785484487.838357,0.0838,-0.0,-0.0,-0.0000,0.0000,0.1482,-0.1586,-1.4415
1785484488.011363,0.1730,-0.0,-0.0,-0.0000,0.0000,0.1482,-0.1586,-1.4415
1785484488.045415,0.0341,-0.0,-0.0,-0.0000,0.0000,0.1482,-0.1586,-1.4415
1785484488.264021,0.2186,-0.0,-0.0,-0.0000,0.0000,0.1482,-0.1586,-1.4415
1785484488.264076,0.0001,-0.0,-0.0,-0.0000,0.0000,0.1482,-0.1586,-1.4415
1785484488.354498,0.0904,-0.0,-0.0,-0.0000,0.0000,0.1482,-0.1586,-1.4415
1785484488.516928,0.1624,-0.0,-0.0,-0.0000,0.0000,0.1482,-0.1586,-1.4415
1785484488.552774,0.0358,-0.0,-0.0,-0.0000,0.0000,0.1482,-0.1586,-1.4415
1785484488.767053,0.2143,-0.0,-0.0,-0.0000,0.0000,0.1482,-0.1586,-1.4415
1785484488.767173,0.0001,-0.0,-0.0,-0.0000,0.0000,0.1482,-0.1586,-1.4415
1785484488.846670,0.0795,-0.0,-0.0,-0.0000,0.0000,0.1482,-0.1586,-1.4415
1785484489.026030,0.1794,19.092819213867188,-0.0,0.0560,-0.3245,0.1489,-0.1686,-1.4997
1785484489.085225,0.0592,42.73154830932617,-0.0,0.1253,-0.7264,0.1491,-0.1760,-1.5427
1785484489.273262,0.1880,4.545909404754639,-0.0,0.0133,-0.0773,0.1491,-0.1785,-1.5573
1785484489.273318,0.0001,-0.0,-0.0,-0.0000,0.0000,0.1491,-0.1785,-1.5573
1785484489.352084,0.0788,-0.0,-0.0,-0.0000,0.0000,0.1491,-0.1785,-1.5573
1785484489.522985,0.1709,-0.0,-0.0,-0.0000,0.0000,0.1491,-0.1785,-1.5573
1785484489.554173,0.0312,-0.0,-0.0,-0.0000,0.0000,0.1491,-0.1785,-1.5573
1785484489.783868,0.2297,-0.0,-0.0,-0.0000,0.0000,0.1491,-0.1785,-1.5573
1785484489.783942,0.0001,-0.0,-0.0,-0.0000,0.0000,0.1491,-0.1785,-1.5573
1785484489.860536,0.0766,-0.0,-0.0,-0.0000,0.0000,0.1491,-0.1785,-1.5573
1785484490.025382,0.1648,-0.0,-0.0,-0.0000,0.0000,0.1491,-0.1785,-1.5573
1785484490.065014,0.0396,-0.0,-0.0,-0.0000,0.0000,0.1491,-0.1785,-1.5573
1785484490.278485,0.2135,-0.0,-0.0,-0.0000,0.0000,0.1491,-0.1785,-1.5573
1785484490.278538,0.0001,-0.0,-0.0,-0.0000,0.0000,0.1491,-0.1785,-1.5573
1785484490.366922,0.0884,-0.0,-0.0,-0.0000,0.0000,0.1491,-0.1785,-1.5573
1785484490.532668,0.1657,-0.0,-0.0,-0.0000,0.0000,0.1491,-0.1785,-1.5573
1785484490.572291,0.0396,-0.0,-0.0,-0.0000,0.0000,0.1491,-0.1785,-1.5573
1785484490.847762,0.2755,-0.0,-0.0,-0.0000,0.0000,0.1491,-0.1785,-1.5573
1785484490.847819,0.0001,-0.0,-0.0,-0.0000,0.0000,0.1491,-0.1785,-1.5573
1785484490.876534,0.0287,-0.0,-0.0,-0.0000,0.0000,0.1491,-0.1785,-1.5573
1785484490.974001,0.0975,-0.0,-0.0,-0.0000,0.0000,0.1491,-0.1785,-1.5573
1785484491.075374,0.1014,-0.0,-0.0,-0.0000,0.0000,0.1491,-0.1785,-1.5573
1785484491.176298,0.1009,-0.0,-0.0,-0.0000,0.0000,0.1491,-0.1785,-1.5573
1785484491.278340,0.1020,-0.0,-0.0,-0.0000,0.0000,0.1491,-0.1785,-1.5573
1785484491.376993,0.0987,-0.0,-0.0,-0.0000,0.0000,0.1491,-0.1785,-1.5573
1785484491.476822,0.0998,-0.0,-0.0,-0.0000,0.0000,0.1491,-0.1785,-1.5573
1785484491.579222,0.1024,-0.0,-0.0,-0.0000,0.0000,0.1491,-0.1785,-1.5573
1785484491.678242,0.0990,-0.0,-0.0,-0.0000,0.0000,0.1491,-0.1785,-1.5573
1785484491.789076,0.1108,-0.0,-0.0,-0.0000,0.0000,0.1491,-0.1785,-1.5573
1785484491.887370,0.0983,-0.0,-0.0,-0.0000,0.0000,0.1491,-0.1785,-1.5573
1785484491.982577,0.0952,-0.0,-0.0,-0.0000,0.0000,0.1491,-0.1785,-1.5573
1785484492.083496,0.1009,-0.0,-0.0,-0.0000,0.0000,0.1491,-0.1785,-1.5573
1785484492.184289,0.1008,-0.0,-0.0,-0.0000,0.0000,0.1491,-0.1785,-1.5573
1785484492.285727,0.1014,-0.0,-0.0,-0.0000,0.0000,0.1491,-0.1785,-1.5573
1785484492.389658,0.1039,-0.0,-0.0,-0.0000,0.0000,0.1491,-0.1785,-1.5573
1785484492.488707,0.0990,-0.0,-0.0,-0.0000,0.0000,0.1491,-0.1785,-1.5573
1785484492.588297,0.0996,-0.0,-0.0,-0.0000,0.0000,0.1491,-0.1785,-1.5573
1785484492.690556,0.1023,-0.0,-0.0,-0.0000,0.0000,0.1491,-0.1785,-1.5573
1785484492.794227,0.1037,-0.0,-0.0,-0.0000,0.0000,0.1491,-0.1785,-1.5573
1785484492.894389,0.1002,-0.0,-0.0,-0.0000,0.0000,0.1491,-0.1785,-1.5573
1785484492.998512,0.1041,-0.0,-0.0,-0.0000,0.0000,0.1491,-0.1785,-1.5573
1785484493.102895,0.1044,-0.0,-0.0,-0.0000,0.0000,0.1491,-0.1785,-1.5573
1785484493.198382,0.0955,-0.0,-0.0,-0.0000,0.0000,0.1491,-0.1785,-1.5573
1785484493.297303,0.0989,-0.0,-0.0,-0.0000,0.0000,0.1491,-0.1785,-1.5573
1785484493.398613,0.1013,-0.0,-0.0,-0.0000,0.0000,0.1491,-0.1785,-1.5573
1785484493.499452,0.1008,-0.0,-0.0,-0.0000,0.0000,0.1491,-0.1785,-1.5573
1785484493.600341,0.1009,-0.0,-0.0,-0.0000,0.0000,0.1491,-0.1785,-1.5573
1785484493.703154,0.1028,-0.0,-0.0,-0.0000,0.0000,0.1491,-0.1785,-1.5573
1785484493.803801,0.1006,-0.0,-0.0,-0.0000,0.0000,0.1491,-0.1785,-1.5573
1785484493.905574,0.1018,-0.0,-0.0,-0.0000,0.0000,0.1491,-0.1785,-1.5573
1785484494.006459,0.1009,-0.0,-0.0,-0.0000,0.0000,0.1491,-0.1785,-1.5573
1785484494.109790,0.1033,-0.0,-0.0,-0.0000,0.0000,0.1491,-0.1785,-1.5573
1785484494.221345,0.1116,-0.0,-0.0,-0.0000,0.0000,0.1491,-0.1785,-1.5573
1785484494.309262,0.0879,-0.0,-0.0,-0.0000,0.0000,0.1491,-0.1785,-1.5573
1785484494.411473,0.1022,-0.0,-0.0,-0.0000,0.0000,0.1491,-0.1785,-1.5573
1785484494.512124,0.1007,-0.0,-0.0,-0.0000,0.0000,0.1491,-0.1785,-1.5573
1785484494.615222,0.1031,-0.0,-0.0,-0.0000,0.0000,0.1491,-0.1785,-1.5573
1785484494.715700,0.1005,-0.0,-0.0,-0.0000,0.0000,0.1491,-0.1785,-1.5573
1785484494.817160,0.1015,-0.0,-0.0,-0.0000,0.0000,0.1491,-0.1785,-1.5573
1785484494.914373,0.0972,-0.0,-0.0,-0.0000,0.0000,0.1491,-0.1785,-1.5573
1785484495.017857,0.1035,-0.0,-0.0,-0.0000,0.0000,0.1491,-0.1785,-1.5573
1785484495.118102,0.1002,-0.0,-0.0,-0.0000,0.0000,0.1491,-0.1785,-1.5573
1785484495.220607,0.1025,-0.0,-0.0,-0.0000,0.0000,0.1491,-0.1785,-1.5573
1785484495.320184,0.0996,-0.0,-0.0,-0.0000,0.0000,0.1491,-0.1785,-1.5573
1785484495.420536,0.1004,-0.0,-0.0,-0.0000,0.0000,0.1491,-0.1785,-1.5573
1785484495.525541,0.1050,-0.0,-0.0,-0.0000,0.0000,0.1491,-0.1785,-1.5573
1785484495.624378,0.0988,-0.0,-0.0,-0.0000,0.0000,0.1491,-0.1785,-1.5573
1785484495.725289,0.1009,-0.0,-0.0,-0.0000,0.0000,0.1491,-0.1785,-1.5573
1785484495.826994,0.1017,-0.0,-0.0,-0.0000,0.0000,0.1491,-0.1785,-1.5573
1785484495.928122,0.1011,-0.0,-0.0,-0.0000,0.0000,0.1491,-0.1785,-1.5573
1785484496.029322,0.1012,-0.0,-0.0,-0.0000,0.0000,0.1491,-0.1785,-1.5573
1785484496.133385,0.1041,-0.0,-0.0,-0.0000,0.0000,0.1491,-0.1785,-1.5573
1785484496.237880,0.1045,-0.0,-0.0,-0.0000,0.0000,0.1491,-0.1785,-1.5573
1785484496.339370,0.1015,-0.0,-0.0,-0.0000,0.0000,0.1491,-0.1785,-1.5573
1785484496.439713,0.1003,-0.0,-0.0,-0.0000,0.0000,0.1491,-0.1785,-1.5573
1785484496.539059,0.0993,-0.0,-0.0,-0.0000,0.0000,0.1491,-0.1785,-1.5573
1785484496.647308,0.1082,-0.0,-0.0,-0.0000,0.0000,0.1491,-0.1785,-1.5573
1785484496.745255,0.0979,-0.0,-0.0,-0.0000,0.0000,0.1491,-0.1785,-1.5573
1785484496.847880,0.1026,-0.0,-0.0,-0.0000,0.0000,0.1491,-0.1785,-1.5573
1785484496.939391,0.0915,-0.0,-0.0,-0.0000,0.0000,0.1491,-0.1785,-1.5573
1785484497.038301,0.0989,-0.0,-0.0,-0.0000,0.0000,0.1491,-0.1785,-1.5573
1785484497.139272,0.1010,-0.0,-0.0,-0.0000,0.0000,0.1491,-0.1785,-1.5573
1785484497.242391,0.1031,-0.0,-0.0,-0.0000,0.0000,0.1491,-0.1785,-1.5573
1785484497.341184,0.0988,-0.0,-0.0,-0.0000,0.0000,0.1491,-0.1785,-1.5573
1785484497.441935,0.1008,-0.0,-0.0,-0.0000,0.0000,0.1491,-0.1785,-1.5573
1785484497.545432,0.1035,-0.0,-0.0,-0.0000,0.0000,0.1491,-0.1785,-1.5573
1785484497.644222,0.0988,-0.0,-0.0,-0.0000,0.0000,0.1491,-0.1785,-1.5573
1785484497.745923,0.1017,-0.0,-0.0,-0.0000,0.0000,0.1491,-0.1785,-1.5573
1785484497.848032,0.1021,-0.0,-0.0,-0.0000,0.0000,0.1491,-0.1785,-1.5573
1785484497.949453,0.1014,-0.0,-0.0,-0.0000,0.0000,0.1491,-0.1785,-1.5573
1785484498.049502,0.1000,-0.0,-0.0,-0.0000,0.0000,0.1491,-0.1785,-1.5573
1785484498.152393,0.1029,-0.0,-0.0,-0.0000,0.0000,0.1491,-0.1785,-1.5573
1785484498.252635,0.1002,-0.0,-0.0,-0.0000,0.0000,0.1491,-0.1785,-1.5573
1785484498.356928,0.1043,-0.0,-0.0,-0.0000,0.0000,0.1491,-0.1785,-1.5573
1785484498.454495,0.0976,-0.0,-0.0,-0.0000,0.0000,0.1491,-0.1785,-1.5573
1785484498.558758,0.1043,-0.0,-0.0,-0.0000,0.0000,0.1491,-0.1785,-1.5573
1785484498.655159,0.0964,-0.0,-0.0,-0.0000,0.0000,0.1491,-0.1785,-1.5573
1785484498.757821,0.1027,-0.0,-0.0,-0.0000,0.0000,0.1491,-0.1785,-1.5573
1785484498.858260,0.1004,-0.0,-0.0,-0.0000,0.0000,0.1491,-0.1785,-1.5573
1785484498.958764,0.1005,-0.0,-0.0,-0.0000,0.0000,0.1491,-0.1785,-1.5573
1785484499.062422,0.1037,-0.0,-0.0,-0.0000,0.0000,0.1491,-0.1785,-1.5573
1785484499.162459,0.1000,-0.0,-0.0,-0.0000,0.0000,0.1491,-0.1785,-1.5573
1785484499.266449,0.1040,-0.0,-0.0,-0.0000,0.0000,0.1491,-0.1785,-1.5573
1785484499.370408,0.1040,-0.0,-0.0,-0.0000,0.0000,0.1491,-0.1785,-1.5573
1785484499.483284,0.1129,-0.0,-0.0,-0.0000,0.0000,0.1491,-0.1785,-1.5573
1785484499.581482,0.0982,-0.0,-0.0,-0.0000,0.0000,0.1491,-0.1785,-1.5573
1785484499.671136,0.0897,-0.0,-0.0,-0.0000,0.0000,0.1491,-0.1785,-1.5573
1785484499.773581,0.1024,-0.0,-0.0,-0.0000,0.0000,0.1491,-0.1785,-1.5573
1785484499.872015,0.0984,-0.0,-0.0,-0.0000,0.0000,0.1491,-0.1785,-1.5573
1785484499.978120,0.1061,-0.0,-0.0,-0.0000,0.0000,0.1491,-0.1785,-1.5573
1785484500.073496,0.0954,-0.0,-0.0,-0.0000,0.0000,0.1491,-0.1785,-1.5573
1785484500.176800,0.1033,-0.0,-0.0,-0.0000,0.0000,0.1491,-0.1785,-1.5573
1785484500.275278,0.0985,-0.0,-0.0,-0.0000,0.0000,0.1491,-0.1785,-1.5573
1785484500.377275,0.1020,-0.0,-0.0,-0.0000,0.0000,0.1491,-0.1785,-1.5573
1785484500.477765,0.1005,-0.0,-0.0,-0.0000,0.0000,0.1491,-0.1785,-1.5573
1785484500.580958,0.1032,-0.0,-0.0,-0.0000,0.0000,0.1491,-0.1785,-1.5573
1785484500.680739,0.0998,-0.0,-0.0,-0.0000,0.0000,0.1491,-0.1785,-1.5573
1785484500.782213,0.1015,-0.0,-0.0,-0.0000,0.0000,0.1491,-0.1785,-1.5573
1785484500.882019,0.0998,-0.0,-0.0,-0.0000,0.0000,0.1491,-0.1785,-1.5573
1785484500.989109,0.1071,-0.0,-0.0,-0.0000,0.0000,0.1491,-0.1785,-1.5573
1785484501.084613,0.0955,-0.0,-0.0,-0.0000,0.0000,0.1491,-0.1785,-1.5573
1785484501.263838,0.1792,-0.0,-0.0,-0.0000,0.0000,0.1491,-0.1785,-1.5573
1785484501.291158,0.0273,-0.0,-0.0,-0.0000,0.0000,0.1491,-0.1785,-1.5573
1785484501.516239,0.2251,-0.0,-0.0,-0.0000,0.0000,0.1491,-0.1785,-1.5573
1785484501.516293,0.0001,-0.0,-0.0,-0.0000,0.0000,0.1491,-0.1785,-1.5573
1785484501.601365,0.0851,-0.0,-0.0,-0.0000,0.0000,0.1491,-0.1785,-1.5573
1785484501.763479,0.1621,-0.0,-0.0,-0.0000,0.0000,0.1491,-0.1785,-1.5573
1785484501.792812,0.0293,-0.0,-0.0,-0.0000,0.0000,0.1491,-0.1785,-1.5573
1785484502.003098,0.2103,-0.0,-0.0,-0.0000,0.0000,0.1491,-0.1785,-1.5573
1785484502.003145,0.0000,-0.0,-0.0,-0.0000,0.0000,0.1491,-0.1785,-1.5573
1785484502.247318,0.2442,-0.0,-0.0,-0.0000,0.0000,0.1491,-0.1785,-1.5573
1785484502.247354,0.0000,-0.0,-0.0,-0.0000,0.0000,0.1491,-0.1785,-1.5573
1785484502.301520,0.0542,-0.0,-0.0,-0.0000,0.0000,0.1491,-0.1785,-1.5573
1785484502.499469,0.1979,-0.0,-0.0,-0.0000,0.0000,0.1491,-0.1785,-1.5573
1785484502.501420,0.0020,-0.0,-0.0,-0.0000,0.0000,0.1491,-0.1785,-1.5573
1785484502.758735,0.2573,-0.0,-0.0,-0.0000,0.0000,0.1491,-0.1785,-1.5573
1785484502.758796,0.0001,-0.0,-0.0,-0.0000,0.0000,0.1491,-0.1785,-1.5573
1785484502.804332,0.0455,-0.0,-0.0,-0.0000,0.0000,0.1491,-0.1785,-1.5573
1785484502.999390,0.1951,-0.0,-0.0,-0.0000,0.0000,0.1491,-0.1785,-1.5573
1785484503.010863,0.0115,-0.0,-0.0,-0.0000,0.0000,0.1491,-0.1785,-1.5573
1785484503.258862,0.2480,-0.0,-0.0,-0.0000,0.0000,0.1491,-0.1785,-1.5573
1785484503.258930,0.0001,-0.0,-0.0,-0.0000,0.0000,0.1491,-0.1785,-1.5573
1785484503.308145,0.0492,-0.0,-0.0,-0.0000,0.0000,0.1491,-0.1785,-1.5573
1785484503.505989,0.1978,-0.0,-0.0,-0.0000,0.0000,0.1491,-0.1785,-1.5573
1785484503.510806,0.0048,-0.0,-0.0,-0.0000,0.0000,0.1491,-0.1785,-1.5573
1785484503.756666,0.2459,-0.0,-0.0,-0.0000,0.0000,0.1491,-0.1785,-1.5573
1785484503.756726,0.0001,-0.0,-0.0,-0.0000,0.0000,0.1491,-0.1785,-1.5573
1785484503.816205,0.0595,-0.0,-0.0,-0.0000,0.0000,0.1491,-0.1785,-1.5573
1785484504.018997,0.2028,-0.0,-0.0,-0.0000,0.0000,0.1491,-0.1785,-1.5573
1785484504.021205,0.0022,-0.0,-0.0,-0.0000,0.0000,0.1491,-0.1785,-1.5573
1785484504.259944,0.2387,-0.0,-0.0,-0.0000,0.0000,0.1491,-0.1785,-1.5573
1785484504.260004,0.0001,-0.0,-0.0,-0.0000,0.0000,0.1491,-0.1785,-1.5573
1785484504.326181,0.0662,-0.0,-0.0,-0.0000,0.0000,0.1491,-0.1785,-1.5573
1785484504.513235,0.1871,-0.0,-0.0,-0.0000,0.0000,0.1491,-0.1785,-1.5573
1785484504.531652,0.0184,-0.0,-0.0,-0.0000,0.0000,0.1491,-0.1785,-1.5573
1785484504.764291,0.2326,-0.0,-0.0,-0.0000,0.0000,0.1491,-0.1785,-1.5573
1785484504.764349,0.0001,-0.0,-0.0,-0.0000,0.0000,0.1491,-0.1785,-1.5573
1785484504.834996,0.0706,-0.0,-0.0,-0.0000,0.0000,0.1491,-0.1785,-1.5573
1785484505.014847,0.1799,-0.0,-0.0,-0.0000,0.0000,0.1491,-0.1785,-1.5573
1785484505.039545,0.0247,-0.0,-0.0,-0.0000,0.0000,0.1491,-0.1785,-1.5573
1785484505.268174,0.2286,-0.0,-0.0,-0.0000,0.0000,0.1491,-0.1785,-1.5573
1785484505.268207,0.0000,-0.0,-0.0,-0.0000,0.0000,0.1491,-0.1785,-1.5573
1785484505.331134,0.0629,-0.0,-0.0,-0.0000,0.0000,0.1491,-0.1785,-1.5573
1785484505.524108,0.1930,-0.0,-0.0,-0.0000,0.0000,0.1491,-0.1785,-1.5573
1785484505.532943,0.0088,-0.0,-0.0,-0.0000,0.0000,0.1491,-0.1785,-1.5573
1785484505.834728,0.3018,-0.0,-0.0,-0.0000,0.0000,0.1491,-0.1785,-1.5573
1785484505.834767,0.0000,-0.0,-0.0,-0.0000,0.0000,0.1491,-0.1785,-1.5573
1785484505.837867,0.0031,-0.0,-0.0,-0.0000,0.0000,0.1491,-0.1785,-1.5573
1785484505.938537,0.1007,-0.0,-0.0,-0.0000,0.0000,0.1491,-0.1785,-1.5573
1785484506.039398,0.1009,-0.0,-0.0,-0.0000,0.0000,0.1491,-0.1785,-1.5573
1785484506.141141,0.1017,-0.0,-0.0,-0.0000,0.0000,0.1491,-0.1785,-1.5573
1785484506.243250,0.1021,-0.0,-0.0,-0.0000,0.0000,0.1491,-0.1785,-1.5573
1785484506.342339,0.0991,-0.0,-0.0,-0.0000,0.0000,0.1491,-0.1785,-1.5573
1785484506.446347,0.1040,-0.0,-0.0,-0.0000,0.0000,0.1491,-0.1785,-1.5573
1785484506.547058,0.1007,-0.0,-0.0,-0.0000,0.0000,0.1491,-0.1785,-1.5573
1785484506.647129,0.1001,-0.0,-0.0,-0.0000,0.0000,0.1491,-0.1785,-1.5573
1785484506.749376,0.1022,-0.0,-0.0,-0.0000,0.0000,0.1491,-0.1785,-1.5573
1785484506.847329,0.0980,-0.0,-0.0,-0.0000,0.0000,0.1491,-0.1785,-1.5573
1785484506.947280,0.1000,-0.0,-0.0,-0.0000,0.0000,0.1491,-0.1785,-1.5573
1785484507.047972,0.1007,-0.0,-0.0,-0.0000,0.0000,0.1491,-0.1785,-1.5573
1785484507.149495,0.1015,-0.0,-0.0,-0.0000,0.0000,0.1491,-0.1785,-1.5573
1785484507.250523,0.1010,-0.0,-0.0,-0.0000,0.0000,0.1491,-0.1785,-1.5573
1785484507.353444,0.1029,-0.0,-0.0,-0.0000,0.0000,0.1491,-0.1785,-1.5573
1785484507.452000,0.0986,-0.0,-0.0,-0.0000,0.0000,0.1491,-0.1785,-1.5573
1785484507.600394,0.1484,-0.0,-0.0,-0.0000,0.0000,0.1491,-0.1785,-1.5573
1785484507.654755,0.0544,-0.0,-0.0,-0.0000,0.0000,0.1491,-0.1785,-1.5573
1785484507.753533,0.0988,-0.0,-0.0,-0.0000,0.0000,0.1491,-0.1785,-1.5573
1785484507.855536,0.1020,-0.0,-0.0,-0.0000,0.0000,0.1491,-0.1785,-1.5573
1785484507.956422,0.1009,-0.0,-0.0,-0.0000,0.0000,0.1491,-0.1785,-1.5573
1785484508.064603,0.1082,-0.0,-0.0,-0.0000,0.0000,0.1491,-0.1785,-1.5573
1785484508.158515,0.0939,-0.0,-0.0,-0.0000,0.0000,0.1491,-0.1785,-1.5573
1785484508.259974,0.1015,-0.0,-0.0,-0.0000,0.0000,0.1491,-0.1785,-1.5573
1785484508.485945,0.2260,-0.0,-0.0,-0.0000,0.0000,0.1491,-0.1785,-1.5573
1785484508.485991,0.0000,-0.0,-0.0,-0.0000,0.0000,0.1491,-0.1785,-1.5573
1785484508.609711,0.1237,-0.0,-0.0,-0.0000,0.0000,0.1491,-0.1785,-1.5573
1785484508.683184,0.0735,-0.0,-0.0,-0.0000,0.0000,0.1491,-0.1785,-1.5573
1785484508.767655,0.0845,-0.0,-0.0,-0.0000,0.0000,0.1491,-0.1785,-1.5573
1785484508.867446,0.0998,-0.0,-0.0,-0.0000,0.0000,0.1491,-0.1785,-1.5573
1785484508.979034,0.1116,-0.0,-0.0,-0.0000,0.0000,0.1491,-0.1785,-1.5573
1785484509.072511,0.0935,-0.0,-0.0,-0.0000,0.0000,0.1491,-0.1785,-1.5573
1785484509.195138,0.1226,-0.0,-0.0,-0.0000,0.0000,0.1491,-0.1785,-1.5573
1785484509.271004,0.0759,-0.0,-0.0,-0.0000,0.0000,0.1491,-0.1785,-1.5573
1785484509.372418,0.1014,-0.0,-0.0,-0.0000,0.0000,0.1491,-0.1785,-1.5573
1785484509.485314,0.1129,-0.0,-0.0,-0.0000,0.0000,0.1491,-0.1785,-1.5573
1785484509.575881,0.0906,-0.0,-0.0,-0.0000,0.0000,0.1491,-0.1785,-1.5573
1785484509.677034,0.1012,-0.0,-0.0,-0.0000,0.0000,0.1491,-0.1785,-1.5573
1785484509.777603,0.1006,-0.0,-0.0,-0.0000,0.0000,0.1491,-0.1785,-1.5573
1785484509.879414,0.1018,-0.0,-0.0,-0.0000,0.0000,0.1491,-0.1785,-1.5573
1785484509.977326,0.0979,-0.0,-0.0,-0.0000,0.0000,0.1491,-0.1785,-1.5573
1785484510.078473,0.1011,-0.0,-0.0,-0.0000,0.0000,0.1491,-0.1785,-1.5573
1785484510.179663,0.1012,-0.0,-0.0,-0.0000,0.0000,0.1491,-0.1785,-1.5573
1785484510.281246,0.1016,-0.0,-0.0,-0.0000,0.0000,0.1491,-0.1785,-1.5573
1785484510.382229,0.1010,-0.0,-0.0,-0.0000,0.0000,0.1491,-0.1785,-1.5573
1785484510.486339,0.1041,-0.0,-0.0,-0.0000,0.0000,0.1491,-0.1785,-1.5573
1785484510.586188,0.0998,-0.0,-0.0,-0.0000,0.0000,0.1491,-0.1785,-1.5573
1785484510.689372,0.1032,-0.0,-0.0,-0.0000,0.0000,0.1491,-0.1785,-1.5573
1785484510.786327,0.0970,-0.0,-0.0,-0.0000,0.0000,0.1491,-0.1785,-1.5573
1785484510.908147,0.1218,-0.0,-0.0,-0.0000,0.0000,0.1491,-0.1785,-1.5573
1785484510.989234,0.0811,-0.0,-0.0,-0.0000,0.0000,0.1491,-0.1785,-1.5573
1785484511.090734,0.1015,-0.0,-0.0,-0.0000,0.0000,0.1491,-0.1785,-1.5573
1785484511.192616,0.1019,-0.0,-0.0,-0.0000,0.0000,0.1491,-0.1785,-1.5573
1785484511.292217,0.0996,-0.0,-0.0,-0.0000,0.0000,0.1491,-0.1785,-1.5573
1785484511.394178,0.1020,-0.0,-0.0,-0.0000,0.0000,0.1491,-0.1785,-1.5573
1785484511.495166,0.1010,-0.0,-0.0,-0.0000,0.0000,0.1491,-0.1785,-1.5573
1785484511.595710,0.1005,-0.0,-0.0,-0.0000,0.0000,0.1491,-0.1785,-1.5573
1785484511.703743,0.1080,-0.0,-0.0,-0.0000,0.0000,0.1491,-0.1785,-1.5573
1785484511.801103,0.0974,-0.0,-0.0,-0.0000,0.0000,0.1491,-0.1785,-1.5573
1785484511.902366,0.1013,-0.0,-0.0,-0.0000,0.0000,0.1491,-0.1785,-1.5573
1785484512.014697,0.1123,-0.0,-0.0,-0.0000,0.0000,0.1491,-0.1785,-1.5573
1785484512.110830,0.0961,-0.0,-0.0,-0.0000,0.0000,0.1491,-0.1785,-1.5573
1785484512.213688,0.1029,-0.0,-0.0,-0.0000,0.0000,0.1491,-0.1785,-1.5573
1785484512.312102,0.0984,-0.0,-0.0,-0.0000,0.0000,0.1491,-0.1785,-1.5573
1785484512.420388,0.1083,-0.0,-0.0,-0.0000,0.0000,0.1491,-0.1785,-1.5573
1785484512.515061,0.0947,-0.0,-0.0,-0.0000,0.0000,0.1491,-0.1785,-1.5573
1785484512.618650,0.1036,-0.0,-0.0,-0.0000,0.0000,0.1491,-0.1785,-1.5573
1785484512.723382,0.1047,-0.0,-0.0,-0.0000,0.0000,0.1491,-0.1785,-1.5573
1785484512.821819,0.0984,-0.0,-0.0,-0.0000,0.0000,0.1491,-0.1785,-1.5573
1785484512.910854,0.0890,-0.0,-0.0,-0.0000,0.0000,0.1491,-0.1785,-1.5573
1785484513.012524,0.1017,-0.0,-0.0,-0.0000,0.0000,0.1491,-0.1785,-1.5573
1785484513.113410,0.1009,-0.0,-0.0,-0.0000,0.0000,0.1491,-0.1785,-1.5573
1785484513.213997,0.1006,-0.0,-0.0,-0.0000,0.0000,0.1491,-0.1785,-1.5573
1785484513.318401,0.1044,-0.0,-0.0,-0.0000,0.0000,0.1491,-0.1785,-1.5573
1785484513.416145,0.0977,-0.0,-0.0,-0.0000,0.0000,0.1491,-0.1785,-1.5573
1785484513.523034,0.1069,-0.0,-0.0,-0.0000,0.0000,0.1491,-0.1785,-1.5573
1785484513.625399,0.1024,-0.0,-0.0,-0.0000,0.0000,0.1491,-0.1785,-1.5573
1785484513.720076,0.0947,-0.0,-0.0,-0.0000,0.0000,0.1491,-0.1785,-1.5573
1785484513.822824,0.1027,-0.0,-0.0,-0.0000,0.0000,0.1491,-0.1785,-1.5573
1785484513.927480,0.1047,-0.0,-0.0,-0.0000,0.0000,0.1491,-0.1785,-1.5573
1785484514.025811,0.0983,-0.0,-0.0,-0.0000,0.0000,0.1491,-0.1785,-1.5573
1785484514.126014,0.1002,-0.0,-0.0,-0.0000,0.0000,0.1491,-0.1785,-1.5573
1785484514.227408,0.1014,-0.0,-0.0,-0.0000,0.0000,0.1491,-0.1785,-1.5573
1785484514.330786,0.1034,-0.0,-0.0,-0.0000,0.0000,0.1491,-0.1785,-1.5573
1785484514.431182,0.1004,-0.0,-0.0,-0.0000,0.0000,0.1491,-0.1785,-1.5573
1785484514.532689,0.1015,-0.0,-0.0,-0.0000,0.0000,0.1491,-0.1785,-1.5573
1785484514.630878,0.0982,-0.0,-0.0,-0.0000,0.0000,0.1491,-0.1785,-1.5573
1785484514.737398,0.1065,-0.0,-0.0,-0.0000,0.0000,0.1491,-0.1785,-1.5573
1785484514.842872,0.1055,-0.0,-0.0,-0.0000,0.0000,0.1491,-0.1785,-1.5573
1785484514.934026,0.0912,-0.0,-0.0,-0.0000,0.0000,0.1491,-0.1785,-1.5573
1785484515.034970,0.1009,-0.0,-0.0,-0.0000,0.0000,0.1491,-0.1785,-1.5573
1785484515.137007,0.1020,-0.0,-0.0,-0.0000,0.0000,0.1491,-0.1785,-1.5573
1785484515.238143,0.1011,-0.0,-0.0,-0.0000,0.0000,0.1491,-0.1785,-1.5573
1785484515.338552,0.1004,-0.0,-0.0,-0.0000,0.0000,0.1491,-0.1785,-1.5573
1785484515.441404,0.1029,-0.0,-0.0,-0.0000,0.0000,0.1491,-0.1785,-1.5573
1785484515.541147,0.0997,-0.0,-0.0,-0.0000,0.0000,0.1491,-0.1785,-1.5573
1785484515.641202,0.1001,-0.0,-0.0,-0.0000,0.0000,0.1491,-0.1785,-1.5573
1785484515.743996,0.1028,-0.0,-0.0,-0.0000,0.0000,0.1491,-0.1785,-1.5573
1785484515.845114,0.1011,-0.0,-0.0,-0.0000,0.0000,0.1491,-0.1785,-1.5573
1785484515.945306,0.1002,-0.0,-0.0,-0.0000,0.0000,0.1491,-0.1785,-1.5573
1785484516.054313,0.1090,-0.0,-0.0,-0.0000,0.0000,0.1491,-0.1785,-1.5573
1785484516.259038,0.2047,-0.0,-0.0,-0.0000,0.0000,0.1491,-0.1785,-1.5573
1785484516.259075,0.0000,-0.0,-0.0,-0.0000,0.0000,0.1491,-0.1785,-1.5573
1785484516.351718,0.0926,-0.0,-0.0,-0.0000,0.0000,0.1491,-0.1785,-1.5573
1785484516.515295,0.1636,-0.0,-0.0,-0.0000,0.0000,0.1491,-0.1785,-1.5573
1785484516.552153,0.0369,-0.0,-0.0,-0.0000,0.0000,0.1491,-0.1785,-1.5573
1785484516.760751,0.2086,-0.0,-0.0,-0.0000,0.0000,0.1491,-0.1785,-1.5573
1785484516.760793,0.0000,-0.0,-0.0,-0.0000,0.0000,0.1491,-0.1785,-1.5573
1785484516.855111,0.0943,-0.0,-0.0,-0.0000,0.0000,0.1491,-0.1785,-1.5573
1785484517.003286,0.1482,-0.0,-0.0,-0.0000,0.0000,0.1491,-0.1785,-1.5573
1785484517.057423,0.0541,-0.0,-0.0,-0.0000,0.0000,0.1491,-0.1785,-1.5573
1785484517.245797,0.1884,-0.0,-0.0,-0.0000,0.0000,0.1491,-0.1785,-1.5573
1785484517.258875,0.0131,-0.0,-0.0,-0.0000,0.0000,0.1491,-0.1785,-1.5573
1785484517.504170,0.2453,-0.0,-0.0,-0.0000,0.0000,0.1491,-0.1785,-1.5573
1785484517.504212,0.0000,-0.0,-0.0,-0.0000,0.0000,0.1491,-0.1785,-1.5573
1785484517.564226,0.0600,-0.0,-0.0,-0.0000,0.0000,0.1491,-0.1785,-1.5573
1785484517.757015,0.1928,-0.0,-0.0,-0.0000,0.0000,0.1491,-0.1785,-1.5573
1785484517.765324,0.0083,-0.0,-0.0,-0.0000,0.0000,0.1491,-0.1785,-1.5573
1785484518.010316,0.2450,-0.0,-0.0,-0.0000,0.0000,0.1491,-0.1785,-1.5573
1785484518.010357,0.0000,-0.0,-0.0,-0.0000,0.0000,0.1491,-0.1785,-1.5573
1785484518.069193,0.0588,-0.0,-0.0,-0.0000,0.0000,0.1491,-0.1785,-1.5573
1785484518.261250,0.1921,-0.0,-0.0,-0.0000,0.0000,0.1491,-0.1785,-1.5573
1785484518.273605,0.0124,-0.0,-0.0,-0.0000,0.0000,0.1491,-0.1785,-1.5573
1785484518.513522,0.2399,-0.0,-0.0,-0.0000,0.0000,0.1491,-0.1785,-1.5573
1785484518.513564,0.0000,-0.0,-0.0,-0.0000,0.0000,0.1491,-0.1785,-1.5573
1785484518.574045,0.0605,-0.0,-0.0,-0.0000,0.0000,0.1491,-0.1785,-1.5573
1785484518.797964,0.2239,-0.0,-0.0,-0.0000,0.0000,0.1491,-0.1785,-1.5573
1785484518.798021,0.0001,-0.0,-0.0,-0.0000,0.0000,0.1491,-0.1785,-1.5573
1785484519.037820,0.2398,-0.0,-0.0,-0.0000,0.0000,0.1491,-0.1785,-1.5573
1785484519.037863,0.0000,-0.0,-0.0,-0.0000,0.0000,0.1491,-0.1785,-1.5573
1785484519.078063,0.0402,-0.0,-0.0,-0.0000,0.0000,0.1491,-0.1785,-1.5573
1785484519.277741,0.1997,-0.0,-0.0,-0.0000,0.0000,0.1491,-0.1785,-1.5573
1785484519.281131,0.0034,-0.0,-0.0,-0.0000,0.0000,0.1491,-0.1785,-1.5573
1785484519.529736,0.2486,-0.0,-0.0,-0.0000,0.0000,0.1491,-0.1785,-1.5573
1785484519.529780,0.0000,-0.0,-0.0,-0.0000,0.0000,0.1491,-0.1785,-1.5573
1785484519.582001,0.0522,-0.0,-0.0,-0.0000,0.0000,0.1491,-0.1785,-1.5573
1785484519.786807,0.2048,-0.0,-0.0,-0.0000,0.0000,0.1491,-0.1785,-1.5573
1785484519.788513,0.0017,-0.0,-0.0,-0.0000,0.0000,0.1491,-0.1785,-1.5573
1785484520.024762,0.2362,-0.0,-0.0,-0.0000,0.0000,0.1491,-0.1785,-1.5573
1785484520.024804,0.0000,-0.0,-0.0,-0.0000,0.0000,0.1491,-0.1785,-1.5573
1785484520.097460,0.0727,-0.0,-0.0,-0.0000,0.0000,0.1491,-0.1785,-1.5573
1785484520.283781,0.1863,-0.0,-0.0,-0.0000,0.0000,0.1491,-0.1785,-1.5573
1785484520.296712,0.0129,-0.0,-0.0,-0.0000,0.0000,0.1491,-0.1785,-1.5573
1785484520.533297,0.2366,-0.0,-0.0,-0.0000,0.0000,0.1491,-0.1785,-1.5573
1785484520.533345,0.0000,-0.0,-0.0,-0.0000,0.0000,0.1491,-0.1785,-1.5573
1785484520.604568,0.0712,-0.0,-0.0,-0.0000,0.0000,0.1491,-0.1785,-1.5573
1785484520.846294,0.2417,-0.0,-0.0,-0.0000,0.0000,0.1491,-0.1785,-1.5573
1785484520.846334,0.0000,-0.0,-0.0,-0.0000,0.0000,0.1491,-0.1785,-1.5573
1785484520.898228,0.0519,-0.0,-0.0,-0.0000,0.0000,0.1491,-0.1785,-1.5573
1785484520.999337,0.1011,-0.0,-0.0,-0.0000,0.0000,0.1491,-0.1785,-1.5573
1785484521.102186,0.1028,-0.0,-0.0,-0.0000,0.0000,0.1491,-0.1785,-1.5573
1785484521.201889,0.0997,-0.0,-0.0,-0.0000,0.0000,0.1491,-0.1785,-1.5573
1785484521.308091,0.1062,-0.0,-0.0,-0.0000,0.0000,0.1491,-0.1785,-1.5573
1785484521.409232,0.1011,-0.0,-0.0,-0.0000,0.0000,0.1491,-0.1785,-1.5573
1785484521.505270,0.0960,-0.0,-0.0,-0.0000,0.0000,0.1491,-0.1785,-1.5573
1785484521.609268,0.1040,-0.0,-0.0,-0.0000,0.0000,0.1491,-0.1785,-1.5573
1785484521.707963,0.0987,-0.0,-0.0,-0.0000,0.0000,0.1491,-0.1785,-1.5573
1785484521.809420,0.1015,-0.0,-0.0,-0.0000,0.0000,0.1491,-0.1785,-1.5573
1785484521.916143,0.1067,-0.0,-0.0,-0.0000,0.0000,0.1491,-0.1785,-1.5573
1785484522.011307,0.0952,-0.0,-0.0,-0.0000,0.0000,0.1491,-0.1785,-1.5573
1785484522.112955,0.1016,-0.0,-0.0,-0.0000,0.0000,0.1491,-0.1785,-1.5573
1785484522.213843,0.1009,-0.0,-0.0,-0.0000,0.0000,0.1491,-0.1785,-1.5573
1785484522.316895,0.1031,-0.0,-0.0,-0.0000,0.0000,0.1491,-0.1785,-1.5573
1785484522.419375,0.1025,-0.0,-0.0,-0.0000,0.0000,0.1491,-0.1785,-1.5573
1785484522.519461,0.1001,-0.0,-0.0,-0.0000,0.0000,0.1491,-0.1785,-1.5573
1785484522.622068,0.1026,-0.0,-0.0,-0.0000,0.0000,0.1491,-0.1785,-1.5573
1785484522.718995,0.0969,-0.0,-0.0,-0.0000,0.0000,0.1491,-0.1785,-1.5573
1785484522.820378,0.1014,-0.0,-0.0,-0.0000,0.0000,0.1491,-0.1785,-1.5573
1785484522.923375,0.1030,-0.0,-0.0,-0.0000,0.0000,0.1491,-0.1785,-1.5573
1785484523.022107,0.0987,-0.0,-0.0,-0.0000,0.0000,0.1491,-0.1785,-1.5573
1785484523.125969,0.1039,-0.0,-0.0,-0.0000,0.0000,0.1491,-0.1785,-1.5573
1785484523.228376,0.1024,-0.0,-0.0,-0.0000,0.0000,0.1491,-0.1785,-1.5573
1785484523.325003,0.0966,-0.0,-0.0,-0.0000,0.0000,0.1491,-0.1785,-1.5573
1785484523.426392,0.1014,-0.0,-0.0,-0.0000,0.0000,0.1491,-0.1785,-1.5573
1785484523.527091,0.1007,-0.0,-0.0,-0.0000,0.0000,0.1491,-0.1785,-1.5573
1785484523.629039,0.1019,-0.0,-0.0,-0.0000,0.0000,0.1491,-0.1785,-1.5573
1785484523.731038,0.1020,-0.0,-0.0,-0.0000,0.0000,0.1491,-0.1785,-1.5573
1785484523.834372,0.1033,-0.0,-0.0,-0.0000,0.0000,0.1491,-0.1785,-1.5573
1785484523.937869,0.1035,-0.0,-0.0,-0.0000,0.0000,0.1491,-0.1785,-1.5573
1785484524.035310,0.0974,-0.0,-0.0,-0.0000,0.0000,0.1491,-0.1785,-1.5573
1785484524.137264,0.1020,-0.0,-0.0,-0.0000,0.0000,0.1491,-0.1785,-1.5573
1785484524.238172,0.1009,-0.0,-0.0,-0.0000,0.0000,0.1491,-0.1785,-1.5573
1785484524.339381,0.1012,-0.0,-0.0,-0.0000,0.0000,0.1491,-0.1785,-1.5573
1785484524.442359,0.1030,-0.0,-0.0,-0.0000,0.0000,0.1491,-0.1785,-1.5573
1785484524.541007,0.0986,-0.0,-0.0,-0.0000,0.0000,0.1491,-0.1785,-1.5573
1785484524.642518,0.1015,-0.0,-0.0,-0.0000,0.0000,0.1491,-0.1785,-1.5573
1785484524.746392,0.1039,-0.0,-0.0,-0.0000,0.0000,0.1491,-0.1785,-1.5573
1785484524.844985,0.0986,-0.0,-0.0,-0.0000,0.0000,0.1491,-0.1785,-1.5573
1785484524.946841,0.1019,-0.0,-0.0,-0.0000,0.0000,0.1491,-0.1785,-1.5573
1785484525.049268,0.1024,-0.0,-0.0,-0.0000,0.0000,0.1491,-0.1785,-1.5573
1785484525.148836,0.0996,-0.0,-0.0,-0.0000,0.0000,0.1491,-0.1785,-1.5573
1785484525.250751,0.1019,-0.0,-0.0,-0.0000,0.0000,0.1491,-0.1785,-1.5573
1785484525.354348,0.1036,-0.0,-0.0,-0.0000,0.0000,0.1491,-0.1785,-1.5573
1785484525.453175,0.0988,-0.0,-0.0,-0.0000,0.0000,0.1491,-0.1785,-1.5573
1785484525.553747,0.1006,-0.0,-0.0,-0.0000,0.0000,0.1491,-0.1785,-1.5573
1785484525.656399,0.1027,-0.0,-0.0,-0.0000,0.0000,0.1491,-0.1785,-1.5573
1785484525.758798,0.1024,-0.0,-0.0,-0.0000,0.0000,0.1491,-0.1785,-1.5573
1785484525.858062,0.0993,-0.0,-0.0,-0.0000,0.0000,0.1491,-0.1785,-1.5573
1785484525.961413,0.1034,-0.0,-0.0,-0.0000,0.0000,0.1491,-0.1785,-1.5573
1785484526.059969,0.0986,-0.0,-0.0,-0.0000,0.0000,0.1491,-0.1785,-1.5573
1785484526.161303,0.1013,-0.0,-0.0,-0.0000,0.0000,0.1491,-0.1785,-1.5573
1785484526.261929,0.1006,-0.0,-0.0,-0.0000,0.0000,0.1491,-0.1785,-1.5573
1785484526.363171,0.1012,-0.0,-0.0,-0.0000,0.0000,0.1491,-0.1785,-1.5573
1785484526.464941,0.1018,-0.0,-0.0,-0.0000,0.0000,0.1491,-0.1785,-1.5573
1785484526.567415,0.1025,-0.0,-0.0,-0.0000,0.0000,0.1491,-0.1785,-1.5573
1785484526.667808,0.1004,-0.0,-0.0,-0.0000,0.0000,0.1491,-0.1785,-1.5573
1785484526.768615,0.1008,-0.0,-0.0,-0.0000,0.0000,0.1491,-0.1785,-1.5573
1785484526.873191,0.1046,-0.0,-0.0,-0.0000,0.0000,0.1491,-0.1785,-1.5573
1785484526.971004,0.0978,-0.0,-0.0,-0.0000,0.0000,0.1491,-0.1785,-1.5573
1785484527.073343,0.1023,-0.0,-0.0,-0.0000,0.0000,0.1491,-0.1785,-1.5573
1785484527.174374,0.1010,-0.0,-0.0,-0.0000,0.0000,0.1491,-0.1785,-1.5573
1785484527.274213,0.0998,-0.0,-0.0,-0.0000,0.0000,0.1491,-0.1785,-1.5573
1785484527.375117,0.1009,-0.0,-0.0,-0.0000,0.0000,0.1491,-0.1785,-1.5573
1785484527.477350,0.1022,-0.0,-0.0,-0.0000,0.0000,0.1491,-0.1785,-1.5573
1785484527.577135,0.0998,-0.0,-0.0,-0.0000,0.0000,0.1491,-0.1785,-1.5573
1785484527.693529,0.1164,-0.0,-0.0,-0.0000,0.0000,0.1491,-0.1785,-1.5573
1785484527.791408,0.0979,-0.0,-0.0,-0.0000,0.0000,0.1491,-0.1785,-1.5573
1785484527.897280,0.1059,-0.0,-0.0,-0.0000,0.0000,0.1491,-0.1785,-1.5573
1785484527.988081,0.0908,-0.0,-0.0,-0.0000,0.0000,0.1491,-0.1785,-1.5573
1785484528.092614,0.1045,-0.0,-0.0,-0.0000,0.0000,0.1491,-0.1785,-1.5573
1785484528.192362,0.0997,-0.0,-0.0,-0.0000,0.0000,0.1491,-0.1785,-1.5573
1785484528.291110,0.0987,-0.0,-0.0,-0.0000,0.0000,0.1491,-0.1785,-1.5573
1785484528.394845,0.1037,-0.0,-0.0,-0.0000,0.0000,0.1491,-0.1785,-1.5573
1785484528.493351,0.0985,-0.0,-0.0,-0.0000,0.0000,0.1491,-0.1785,-1.5573
1785484528.601566,0.1082,-0.0,-0.0,-0.0000,0.0000,0.1491,-0.1785,-1.5573
1785484528.696373,0.0948,-0.0,-0.0,-0.0000,0.0000,0.1491,-0.1785,-1.5573
1785484528.804229,0.1079,-0.0,-0.0,-0.0000,0.0000,0.1491,-0.1785,-1.5573
1785484528.911703,0.1075,-0.0,-0.0,-0.0000,0.0000,0.1491,-0.1785,-1.5573
1785484529.001609,0.0899,-0.0,-0.0,-0.0000,0.0000,0.1491,-0.1785,-1.5573
1785484529.109312,0.1077,-0.0,-0.0,-0.0000,0.0000,0.1491,-0.1785,-1.5573
1785484529.211615,0.1023,-0.0,-0.0,-0.0000,0.0000,0.1491,-0.1785,-1.5573
1785484529.310981,0.0994,-0.0,-0.0,-0.0000,0.0000,0.1491,-0.1785,-1.5573
1785484529.413151,0.1022,-0.0,-0.0,-0.0000,0.0000,0.1491,-0.1785,-1.5573
1785484529.515527,0.1024,-0.0,-0.0,-0.0000,0.0000,0.1491,-0.1785,-1.5573
1785484529.703219,0.1877,-0.0,-0.0,-0.0000,0.0000,0.1491,-0.1785,-1.5573
1785484529.720452,0.0172,-0.0,-0.0,-0.0000,0.0000,0.1491,-0.1785,-1.5573
1785484529.955197,0.2347,-0.0,-0.0,-0.0000,0.0000,0.1491,-0.1785,-1.5573
1785484529.955249,0.0001,-0.0,-0.0,-0.0000,0.0000,0.1491,-0.1785,-1.5573
1785484530.011794,0.0565,-0.0,-0.0,-0.0000,0.0000,0.1491,-0.1785,-1.5573
1785484530.206962,0.1952,-0.0,-0.0,-0.0000,0.0000,0.1491,-0.1785,-1.5573
1785484530.214151,0.0072,-0.0,-0.0,-0.0000,0.0000,0.1491,-0.1785,-1.5573
1785484530.458178,0.2440,-0.0,-0.0,-0.0000,0.0000,0.1491,-0.1785,-1.5573
1785484530.458210,0.0000,-0.0,-0.0,-0.0000,0.0000,0.1491,-0.1785,-1.5573
1785484530.517041,0.0588,-0.0,-0.0,-0.0000,0.0000,0.1491,-0.1785,-1.5573
1785484530.701963,0.1849,-0.0,-0.0,-0.0000,0.0000,0.1491,-0.1785,-1.5573
1785484530.719157,0.0172,-0.0,-0.0,-0.0000,0.0000,0.1491,-0.1785,-1.5573
1785484530.952630,0.2335,-0.0,-0.0,-0.0000,0.0000,0.1491,-0.1785,-1.5573
1785484530.952673,0.0000,-0.0,-0.0,-0.0000,0.0000,0.1491,-0.1785,-1.5573
1785484531.022679,0.0700,-0.0,-0.0,-0.0000,0.0000,0.1491,-0.1785,-1.5573
1785484531.208818,0.1861,-0.0,-0.0,-0.0000,0.0000,0.1491,-0.1785,-1.5573
1785484531.226859,0.0180,-0.0,-0.0,-0.0000,0.0000,0.1491,-0.1785,-1.5573
1785484531.466245,0.2394,-0.0,-0.0,-0.0000,0.0000,0.1491,-0.1785,-1.5573
1785484531.466305,0.0001,-0.0,-0.0,-0.0000,0.0000,0.1491,-0.1785,-1.5573
1785484531.534043,0.0677,-0.0,-0.0,-0.0000,0.0000,0.1491,-0.1785,-1.5573
1785484531.716016,0.1820,-0.0,-0.0,-0.0000,0.0000,0.1491,-0.1785,-1.5573
1785484531.739391,0.0234,-0.0,-0.0,-0.0000,0.0000,0.1491,-0.1785,-1.5573
1785484531.978973,0.2396,-0.0,-0.0,-0.0000,0.0000,0.1491,-0.1785,-1.5573
1785484531.979020,0.0000,-0.0,-0.0,-0.0000,0.0000,0.1491,-0.1785,-1.5573
1785484532.035840,0.0568,-0.0,-0.0,-0.0000,0.0000,0.1491,-0.1785,-1.5573
1785484532.218841,0.1830,-0.0,-0.0,-0.0000,0.0000,0.1491,-0.1785,-1.5573
1785484532.240252,0.0214,-0.0,-0.0,-0.0000,0.0000,0.1491,-0.1785,-1.5573
1785484532.483844,0.2436,-0.0,-0.0,-0.0000,0.0000,0.1491,-0.1785,-1.5573
1785484532.483889,0.0000,-0.0,-0.0,-0.0000,0.0000,0.1491,-0.1785,-1.5573
1785484532.541235,0.0573,-0.0,-0.0,-0.0000,0.0000,0.1491,-0.1785,-1.5573
1785484532.719605,0.1784,-0.0,-0.0,-0.0000,0.0000,0.1491,-0.1785,-1.5573
1785484532.744882,0.0253,-0.0,-0.0,-0.0000,0.0000,0.1491,-0.1785,-1.5573
1785484532.969739,0.2249,-0.0,-0.0,-0.0000,0.0000,0.1491,-0.1785,-1.5573
1785484532.969789,0.0000,-0.0,-0.0,-0.0000,0.0000,0.1491,-0.1785,-1.5573
1785484533.047851,0.0781,-0.0,-0.0,-0.0000,0.0000,0.1491,-0.1785,-1.5573
1785484533.223767,0.1759,-0.0,-0.0,-0.0000,0.0000,0.1491,-0.1785,-1.5573
1785484533.248071,0.0243,-0.0,-0.0,-0.0000,0.0000,0.1491,-0.1785,-1.5573
1785484533.480007,0.2319,-0.0,-0.0,-0.0000,0.0000,0.1491,-0.1785,-1.5573
1785484533.480087,0.0001,-0.0,-0.0,-0.0000,0.0000,0.1491,-0.1785,-1.5573
1785484533.729335,0.2492,-0.0,-0.0,-0.0000,0.0000,0.1491,-0.1785,-1.5573
1785484533.729395,0.0001,-0.0,-0.0,-0.0000,0.0000,0.1491,-0.1785,-1.5573
1785484533.758829,0.0294,-0.0,-0.0,-0.0000,0.0000,0.1491,-0.1785,-1.5573
1785484533.983058,0.2242,-0.0,-0.0,-0.0000,0.0000,0.1491,-0.1785,-1.5573
1785484533.983122,0.0001,-0.0,-0.0,-0.0000,0.0000,0.1491,-0.1785,-1.5573
1785484534.060143,0.0770,-0.0,-0.0,-0.0000,0.0000,0.1491,-0.1785,-1.5573
1785484534.299980,0.2398,-0.0,-0.0,-0.0000,0.0000,0.1491,-0.1785,-1.5573
1785484534.300035,0.0001,-0.0,-0.0,-0.0000,0.0000,0.1491,-0.1785,-1.5573
1785484534.362221,0.0622,-0.0,-0.0,-0.0000,0.0000,0.1491,-0.1785,-1.5573
1785484534.467050,0.1048,-0.0,-0.0,-0.0000,0.0000,0.1491,-0.1785,-1.5573
1785484534.568996,0.1019,-0.0,-0.0,-0.0000,0.0000,0.1491,-0.1785,-1.5573
1785484534.668874,0.0999,-0.0,-0.0,-0.0000,0.0000,0.1491,-0.1785,-1.5573
1785484534.767787,0.0989,-0.0,-0.0,-0.0000,0.0000,0.1491,-0.1785,-1.5573
1785484534.869070,0.1013,-0.0,-0.0,-0.0000,0.0000,0.1491,-0.1785,-1.5573
1785484534.970051,0.1010,-0.0,-0.0,-0.0000,0.0000,0.1491,-0.1785,-1.5573
1785484535.070879,0.1008,-0.0,-0.0,-0.0000,0.0000,0.1491,-0.1785,-1.5573
1785484535.174547,0.1037,-0.0,-0.0,-0.0000,0.0000,0.1491,-0.1785,-1.5573
1785484535.272802,0.0983,-0.0,-0.0,-0.0000,0.0000,0.1491,-0.1785,-1.5573
1785484535.374756,0.1020,-0.0,-0.0,-0.0000,0.0000,0.1491,-0.1785,-1.5573
1785484535.475279,0.1005,-0.0,-0.0,-0.0000,0.0000,0.1491,-0.1785,-1.5573
1785484535.578480,0.1032,-0.0,-0.0,-0.0000,0.0000,0.1491,-0.1785,-1.5573
1785484535.679250,0.1008,-0.0,-0.0,-0.0000,0.0000,0.1491,-0.1785,-1.5573
1785484535.780023,0.1008,-0.0,-0.0,-0.0000,0.0000,0.1491,-0.1785,-1.5573
1785484535.890389,0.1104,-0.0,-0.0,-0.0000,0.0000,0.1491,-0.1785,-1.5573
1785484535.984577,0.0942,-0.0,-0.0,-0.0000,0.0000,0.1491,-0.1785,-1.5573
1785484536.085896,0.1013,-0.0,-0.0,-0.0000,0.0000,0.1491,-0.1785,-1.5573
1785484536.188677,0.1028,-0.0,-0.0,-0.0000,0.0000,0.1491,-0.1785,-1.5573
1785484536.284818,0.0961,-0.0,-0.0,-0.0000,0.0000,0.1491,-0.1785,-1.5573
1785484536.386100,0.1013,-0.0,-0.0,-0.0000,0.0000,0.1491,-0.1785,-1.5573
1785484536.488406,0.1023,-0.0,-0.0,-0.0000,0.0000,0.1491,-0.1785,-1.5573
1785484536.587152,0.0987,-0.0,-0.0,-0.0000,0.0000,0.1491,-0.1785,-1.5573
1785484536.695039,0.1079,-0.0,-0.0,-0.0000,0.0000,0.1491,-0.1785,-1.5573
1785484536.793348,0.0983,-0.0,-0.0,-0.0000,0.0000,0.1491,-0.1785,-1.5573
1785484536.892259,0.0989,-0.0,-0.0,-0.0000,0.0000,0.1491,-0.1785,-1.5573
1785484536.993315,0.1011,-0.0,-0.0,-0.0000,0.0000,0.1491,-0.1785,-1.5573
1785484537.097420,0.1041,-0.0,-0.0,-0.0000,0.0000,0.1491,-0.1785,-1.5573
1785484537.198238,0.1008,-0.0,-0.0,-0.0000,0.0000,0.1491,-0.1785,-1.5573
1785484537.299659,0.1014,-0.0,-0.0,-0.0000,0.0000,0.1491,-0.1785,-1.5573
1785484537.403453,0.1038,-0.0,-0.0,-0.0000,0.0000,0.1491,-0.1785,-1.5573
1785484537.508377,0.1049,-0.0,-0.0,-0.0000,0.0000,0.1491,-0.1785,-1.5573
1785484537.603235,0.0949,-0.0,-0.0,-0.0000,0.0000,0.1491,-0.1785,-1.5573
1785484537.709942,0.1067,-0.0,-0.0,-0.0000,0.0000,0.1491,-0.1785,-1.5573
1785484537.815400,0.1055,-0.0,-0.0,-0.0000,0.0000,0.1491,-0.1785,-1.5573
1785484537.914865,0.0995,-0.0,-0.0,-0.0000,0.0000,0.1491,-0.1785,-1.5573
1785484538.013418,0.0986,-0.0,-0.0,-0.0000,0.0000,0.1491,-0.1785,-1.5573
1785484538.115302,0.1019,-0.0,-0.0,-0.0000,0.0000,0.1491,-0.1785,-1.5573
1785484538.218285,0.1030,-0.0,-0.0,-0.0000,0.0000,0.1491,-0.1785,-1.5573
1785484538.305938,0.0877,-0.0,-0.0,-0.0000,0.0000,0.1491,-0.1785,-1.5573
1785484538.408448,0.1025,-0.0,-0.0,-0.0000,0.0000,0.1491,-0.1785,-1.5573
1785484538.551420,0.1430,-0.0,-0.0,-0.0000,0.0000,0.1491,-0.1785,-1.5573
1785484538.632540,0.0811,-0.0,-0.0,-0.0000,0.0000,0.1491,-0.1785,-1.5573
1785484538.729555,0.0970,-0.0,-0.0,-0.0000,0.0000,0.1491,-0.1785,-1.5573
1785484538.812057,0.0825,-0.0,-0.0,-0.0000,0.0000,0.1491,-0.1785,-1.5573
1785484538.913255,0.1012,-0.0,-0.0,-0.0000,0.0000,0.1491,-0.1785,-1.5573
1785484539.017258,0.1040,-0.0,-0.0,-0.0000,0.0000,0.1491,-0.1785,-1.5573
1785484539.113690,0.0964,-0.0,-0.0,-0.0000,0.0000,0.1491,-0.1785,-1.5573
1785484539.215994,0.1023,-0.0,-0.0,-0.0000,0.0000,0.1491,-0.1785,-1.5573
1785484539.319407,0.1034,-0.0,-0.0,-0.0000,0.0000,0.1491,-0.1785,-1.5573
1785484539.417239,0.0978,-0.0,-0.0,-0.0000,0.0000,0.1491,-0.1785,-1.5573
1785484539.520371,0.1031,-0.0,-0.0,-0.0000,0.0000,0.1491,-0.1785,-1.5573
1785484539.623313,0.1029,-0.0,-0.0,-0.0000,0.0000,0.1491,-0.1785,-1.5573
1785484539.726577,0.1033,-0.0,-0.0,-0.0000,0.0000,0.1491,-0.1785,-1.5573
1785484539.827498,0.1009,-0.0,-0.0,-0.0000,0.0000,0.1491,-0.1785,-1.5573
1785484539.929411,0.1019,-0.0,-0.0,-0.0000,0.0000,0.1491,-0.1785,-1.5573
1785484540.062349,0.1329,-0.0,-0.0,-0.0000,0.0000,0.1491,-0.1785,-1.5573
1785484540.127183,0.0648,-0.0,-0.0,-0.0000,0.0000,0.1491,-0.1785,-1.5573
1785484540.228865,0.1017,-0.0,-0.0,-0.0000,0.0000,0.1491,-0.1785,-1.5573
1785484540.329247,0.1004,-0.0,-0.0,-0.0000,0.0000,0.1491,-0.1785,-1.5573
1785484540.472404,0.1432,-0.0,-0.0,-0.0000,0.0000,0.1491,-0.1785,-1.5573
1785484540.535809,0.0634,-0.0,-0.0,-0.0000,0.0000,0.1491,-0.1785,-1.5573
1785484540.635181,0.0994,-0.0,-0.0,-0.0000,0.0000,0.1491,-0.1785,-1.5573
1785484540.736002,0.1008,-0.0,-0.0,-0.0000,0.0000,0.1491,-0.1785,-1.5573
1785484540.849293,0.1133,-0.0,-0.0,-0.0000,0.0000,0.1491,-0.1785,-1.5573
1785484540.983831,0.1345,-0.0,-0.0,-0.0000,0.0000,0.1491,-0.1785,-1.5573
1785484541.039659,0.0558,-0.0,-0.0,-0.0000,0.0000,0.1491,-0.1785,-1.5573
1785484541.141852,0.1022,-0.0,-0.0,-0.0000,0.0000,0.1491,-0.1785,-1.5573
1785484541.255051,0.1132,-0.0,-0.0,-0.0000,0.0000,0.1491,-0.1785,-1.5573
1785484541.386421,0.1314,-0.0,-0.0,-0.0000,0.0000,0.1491,-0.1785,-1.5573
1785484541.445864,0.0594,-0.0,-0.0,-0.0000,0.0000,0.1491,-0.1785,-1.5573
1785484541.547078,0.1012,-0.0,-0.0,-0.0000,0.0000,0.1491,-0.1785,-1.5573
1785484541.657189,0.1101,-0.0,-0.0,-0.0000,0.0000,0.1491,-0.1785,-1.5573
1785484541.749713,0.0925,-0.0,-0.0,-0.0000,0.0000,0.1491,-0.1785,-1.5573
1785484541.850880,0.1012,-0.0,-0.0,-0.0000,0.0000,0.1491,-0.1785,-1.5573
1785484541.980344,0.1295,-0.0,-0.0,-0.0000,0.0000,0.1491,-0.1785,-1.5573
1785484542.053246,0.0729,-0.0,-0.0,-0.0000,0.0000,0.1491,-0.1785,-1.5573
1785484542.153755,0.1005,-0.0,-0.0,-0.0000,0.0000,0.1491,-0.1785,-1.5573
1785484542.293116,0.1394,-0.0,-0.0,-0.0000,0.0000,0.1491,-0.1785,-1.5573
1785484542.355698,0.0626,-0.0,-0.0,-0.0000,0.0000,0.1491,-0.1785,-1.5573
1785484542.456005,0.1003,-0.0,-0.0,-0.0000,0.0000,0.1491,-0.1785,-1.5573
1785484542.592564,0.1366,-0.0,-0.0,-0.0000,0.0000,0.1491,-0.1785,-1.5573
1785484542.660377,0.0678,-0.0,-0.0,-0.0000,0.0000,0.1491,-0.1785,-1.5573
1785484542.759187,0.0988,-0.0,-0.0,-0.0000,0.0000,0.1491,-0.1785,-1.5573
1785484542.899870,0.1407,-0.0,-0.0,-0.0000,0.0000,0.1491,-0.1785,-1.5573
1785484542.961958,0.0621,-0.0,-0.0,-0.0000,0.0000,0.1491,-0.1785,-1.5573
1785484543.063121,0.1012,-0.0,-0.0,-0.0000,0.0000,0.1491,-0.1785,-1.5573
1785484543.214410,0.1513,-0.0,-0.0,-0.0000,0.0000,0.1491,-0.1785,-1.5573
1785484543.266155,0.0517,-0.0,-0.0,-0.0000,0.0000,0.1491,-0.1785,-1.5573
1785484543.369411,0.1033,-0.0,-0.0,-0.0000,0.0000,0.1491,-0.1785,-1.5573
1785484543.469218,0.0998,-0.0,-0.0,-0.0000,0.0000,0.1491,-0.1785,-1.5573
1785484543.569382,0.1002,-0.0,-0.0,-0.0000,0.0000,0.1491,-0.1785,-1.5573
1785484543.673464,0.1041,-0.0,-0.0,-0.0000,0.0000,0.1491,-0.1785,-1.5573
1785484543.770858,0.0974,-0.0,-0.0,-0.0000,0.0000,0.1491,-0.1785,-1.5573
1785484543.871947,0.1011,-0.0,-0.0,-0.0000,0.0000,0.1491,-0.1785,-1.5573
1785484543.974585,0.1026,-0.0,-0.0,-0.0000,0.0000,0.1491,-0.1785,-1.5573
1785484544.087377,0.1128,-0.0,-0.0,-0.0000,0.0000,0.1491,-0.1785,-1.5573
1785484544.177145,0.0898,-0.0,-0.0,-0.0000,0.0000,0.1491,-0.1785,-1.5573
1785484544.280205,0.1031,-0.0,-0.0,-0.0000,0.0000,0.1491,-0.1785,-1.5573
1785484544.385324,0.1051,-0.0,-0.0,-0.0000,0.0000,0.1491,-0.1785,-1.5573
1785484544.481440,0.0961,-0.0,-0.0,-0.0000,0.0000,0.1491,-0.1785,-1.5573
1785484544.579341,0.0979,-0.0,-0.0,-0.0000,0.0000,0.1491,-0.1785,-1.5573
1785484544.680828,0.1015,-0.0,-0.0,-0.0000,0.0000,0.1491,-0.1785,-1.5573
1785484544.781268,0.1004,-0.0,-0.0,-0.0000,0.0000,0.1491,-0.1785,-1.5573
1785484544.884403,0.1031,-0.0,-0.0,-0.0000,0.0000,0.1491,-0.1785,-1.5573
1785484544.984166,0.0998,-0.0,-0.0,-0.0000,0.0000,0.1491,-0.1785,-1.5573
1785484545.084949,0.1008,-0.0,-0.0,-0.0000,0.0000,0.1491,-0.1785,-1.5573
1785484545.183384,0.0984,-0.0,-0.0,-0.0000,0.0000,0.1491,-0.1785,-1.5573
1785484545.286286,0.1029,-0.0,-0.0,-0.0000,0.0000,0.1491,-0.1785,-1.5573
1785484545.389595,0.1033,-0.0,-0.0,-0.0000,0.0000,0.1491,-0.1785,-1.5573
1785484545.491401,0.1018,-0.0,-0.0,-0.0000,0.0000,0.1491,-0.1785,-1.5573
1785484545.595375,0.1040,-0.0,-0.0,-0.0000,0.0000,0.1491,-0.1785,-1.5573
1785484545.693204,0.0978,-0.0,-0.0,-0.0000,0.0000,0.1491,-0.1785,-1.5573
1785484545.799105,0.1059,-0.0,-0.0,-0.0000,0.0000,0.1491,-0.1785,-1.5573
1785484545.902491,0.1034,-0.0,-0.0,-0.0000,0.0000,0.1491,-0.1785,-1.5573
1785484546.002144,0.0997,-0.0,-0.0,-0.0000,0.0000,0.1491,-0.1785,-1.5573
1785484546.098485,0.0963,-0.0,-0.0,-0.0000,0.0000,0.1491,-0.1785,-1.5573
1785484546.263157,0.1647,-0.0,-0.0,-0.0000,0.0000,0.1491,-0.1785,-1.5573
1785484546.293621,0.0305,-0.0,-0.0,-0.0000,0.0000,0.1491,-0.1785,-1.5573
1785484546.514238,0.2206,-0.0,-0.0,-0.0000,0.0000,0.1491,-0.1785,-1.5573
1785484546.514308,0.0001,-0.0,-0.0,-0.0000,0.0000,0.1491,-0.1785,-1.5573
1785484546.598034,0.0837,-0.0,-0.0,-0.0000,0.0000,0.1491,-0.1785,-1.5573
1785484546.758708,0.1607,-0.0,-0.0,-0.0000,0.0000,0.1491,-0.1785,-1.5573
1785484546.800116,0.0414,-0.0,-0.0,-0.0000,0.0000,0.1491,-0.1785,-1.5573
1785484547.001949,0.2018,-0.0,-0.0,-0.0000,0.0000,0.1491,-0.1785,-1.5573
1785484547.002016,0.0001,-0.0,-0.0,-0.0000,0.0000,0.1491,-0.1785,-1.5573
1785484547.253214,0.2512,-0.0,-0.0,-0.0000,0.0000,0.1491,-0.1785,-1.5573
1785484547.253278,0.0001,-0.0,-0.0,-0.0000,0.0000,0.1491,-0.1785,-1.5573
1785484547.305383,0.0521,-0.0,-0.0,-0.0000,0.0000,0.1491,-0.1785,-1.5573
1785484547.505409,0.2000,-0.0,-0.0,-0.0000,0.0000,0.1491,-0.1785,-1.5573
1785484547.509400,0.0040,-0.0,-0.0,-0.0000,0.0000,0.1491,-0.1785,-1.5573
1785484547.760895,0.2515,-0.0,-0.0,-0.0000,0.0000,0.1491,-0.1785,-1.5573
1785484547.760961,0.0001,-0.0,-0.0,-0.0000,0.0000,0.1491,-0.1785,-1.5573
1785484547.817583,0.0566,-0.0,-0.0,-0.0000,0.0000,0.1491,-0.1785,-1.5573
1785484548.012384,0.1948,-0.0,-0.0,-0.0000,0.0000,0.1491,-0.1785,-1.5573
1785484548.012448,0.0001,-0.0,-0.0,-0.0000,0.0000,0.1491,-0.1785,-1.5573
1785484548.271789,0.2593,-0.0,-0.0,-0.0000,0.0000,0.1491,-0.1785,-1.5573
1785484548.271847,0.0001,-0.0,-0.0,-0.0000,0.0000,0.1491,-0.1785,-1.5573
1785484548.316090,0.0442,-0.0,-0.0,-0.0000,0.0000,0.1491,-0.1785,-1.5573
1785484548.519831,0.2037,-0.0,-0.0,-0.0000,0.0000,0.1491,-0.1785,-1.5573
1785484548.534222,0.0144,-0.0,-0.0,-0.0000,0.0000,0.1491,-0.1785,-1.5573
1785484548.772978,0.2388,-0.0,-0.0,-0.0000,0.0000,0.1491,-0.1785,-1.5573
1785484548.773034,0.0001,-0.0,-0.0,-0.0000,0.0000,0.1491,-0.1785,-1.5573
1785484548.821764,0.0487,-0.0,-0.0,-0.0000,0.0000,0.1491,-0.1785,-1.5573
1785484549.023387,0.2016,-0.0,-0.0,-0.0000,0.0000,0.1491,-0.1785,-1.5573
1785484549.023436,0.0000,-0.0,-0.0,-0.0000,0.0000,0.1491,-0.1785,-1.5573
1785484549.277085,0.2536,-0.0,-0.0,-0.0000,0.0000,0.1491,-0.1785,-1.5573
1785484549.277121,0.0000,-0.0,-0.0,-0.0000,0.0000,0.1491,-0.1785,-1.5573
1785484549.328267,0.0511,-0.0,-0.0,-0.0000,0.0000,0.1491,-0.1785,-1.5573
1785484549.530617,0.2023,-0.0,-0.0,-0.0000,0.0000,0.1491,-0.1785,-1.5573
1785484549.533708,0.0031,-0.0,-0.0,-0.0000,0.0000,0.1491,-0.1785,-1.5573
1785484549.788729,0.2550,-0.0,-0.0,-0.0000,0.0000,0.1491,-0.1785,-1.5573
1785484549.788809,0.0001,-0.0,-0.0,-0.0000,0.0000,0.1491,-0.1785,-1.5573
1785484549.835023,0.0462,-0.0,-0.0,-0.0000,0.0000,0.1491,-0.1785,-1.5573
1785484550.032319,0.1973,-0.0,-0.0,-0.0000,0.0000,0.1491,-0.1785,-1.5573
1785484550.037935,0.0056,-0.0,-0.0,-0.0000,0.0000,0.1491,-0.1785,-1.5573
1785484550.284180,0.2462,-0.0,-0.0,-0.0000,0.0000,0.1491,-0.1785,-1.5573
1785484550.284217,0.0000,-0.0,-0.0,-0.0000,0.0000,0.1491,-0.1785,-1.5573
1785484550.341960,0.0577,-0.0,-0.0,-0.0000,0.0000,0.1491,-0.1785,-1.5573
1785484550.539211,0.1973,-0.0,-0.0,-0.0000,0.0000,0.1491,-0.1785,-1.5573
1785484550.549364,0.0102,-0.0,-0.0,-0.0000,0.0000,0.1491,-0.1785,-1.5573
1785484550.850277,0.3009,-0.0,-0.0,-0.0000,0.0000,0.1491,-0.1785,-1.5573
1785484550.850324,0.0000,-0.0,-0.0,-0.0000,0.0000,0.1491,-0.1785,-1.5573
1785484550.850334,0.0000,-0.0,-0.0,-0.0000,0.0000,0.1491,-0.1785,-1.5573
1785484550.972118,0.1218,-0.0,-0.0,-0.0000,0.0000,0.1491,-0.1785,-1.5573
1785484551.047275,0.0752,-0.0,-0.0,-0.0000,0.0000,0.1491,-0.1785,-1.5573
1785484551.145957,0.0987,-0.0,-0.0,-0.0000,0.0000,0.1491,-0.1785,-1.5573
1785484551.247458,0.1015,-0.0,-0.0,-0.0000,0.0000,0.1491,-0.1785,-1.5573
1785484551.369712,0.1223,-0.0,-0.0,-0.0000,0.0000,0.1491,-0.1785,-1.5573
1785484551.451532,0.0818,-0.0,-0.0,-0.0000,0.0000,0.1491,-0.1785,-1.5573
1785484551.551077,0.0995,-0.0,-0.0,-0.0000,0.0000,0.1491,-0.1785,-1.5573
1785484551.651320,0.1002,-0.0,-0.0,-0.0000,0.0000,0.1491,-0.1785,-1.5573
1785484551.751785,0.1005,-0.0,-0.0,-0.0000,0.0000,0.1491,-0.1785,-1.5573
1785484551.850655,0.0989,-0.0,-0.0,-0.0000,0.0000,0.1491,-0.1785,-1.5573
1785484551.972202,0.1215,-0.0,-0.0,-0.0000,0.0000,0.1491,-0.1785,-1.5573
1785484552.053706,0.0815,-0.0,-0.0,-0.0000,0.0000,0.1491,-0.1785,-1.5573
1785484552.167908,0.1142,-0.0,-0.0,-0.0000,0.0000,0.1491,-0.1785,-1.5573
1785484552.256190,0.0883,-0.0,-0.0,-0.0000,0.0000,0.1491,-0.1785,-1.5573
1785484552.366713,0.1105,-0.0,-0.0,-0.0000,0.0000,0.1491,-0.1785,-1.5573
1785484552.457173,0.0905,-0.0,-0.0,-0.0000,0.0000,0.1491,-0.1785,-1.5573
1785484552.559850,0.1027,-0.0,-0.0,-0.0000,0.0000,0.1491,-0.1785,-1.5573
1785484552.660299,0.1004,-0.0,-0.0,-0.0000,0.0000,0.1491,-0.1785,-1.5573
1785484552.760680,0.1004,-0.0,-0.0,-0.0000,0.0000,0.1491,-0.1785,-1.5573
1785484552.863835,0.1032,-0.0,-0.0,-0.0000,0.0000,0.1491,-0.1785,-1.5573
1785484552.966983,0.1031,-0.0,-0.0,-0.0000,0.0000,0.1491,-0.1785,-1.5573
1785484553.070355,0.1034,-0.0,-0.0,-0.0000,0.0000,0.1491,-0.1785,-1.5573
1785484553.172244,0.1019,-0.0,-0.0,-0.0000,0.0000,0.1491,-0.1785,-1.5573
1785484553.270704,0.0985,-0.0,-0.0,-0.0000,0.0000,0.1491,-0.1785,-1.5573
1785484553.372162,0.1015,-0.0,-0.0,-0.0000,0.0000,0.1491,-0.1785,-1.5573
1785484553.479539,0.1074,-0.0,-0.0,-0.0000,0.0000,0.1491,-0.1785,-1.5573
1785484553.577846,0.0983,-0.0,-0.0,-0.0000,0.0000,0.1491,-0.1785,-1.5573
1785484553.679733,0.1019,-0.0,-0.0,-0.0000,0.0000,0.1491,-0.1785,-1.5573
1785484553.783928,0.1042,-0.0,-0.0,-0.0000,0.0000,0.1491,-0.1785,-1.5573
1785484553.872367,0.0884,-0.0,-0.0,-0.0000,0.0000,0.1491,-0.1785,-1.5573
1785484553.973670,0.1013,-0.0,-0.0,-0.0000,0.0000,0.1491,-0.1785,-1.5573
1785484554.076432,0.1028,-0.0,-0.0,-0.0000,0.0000,0.1491,-0.1785,-1.5573
1785484554.175534,0.0991,-0.0,-0.0,-0.0000,0.0000,0.1491,-0.1785,-1.5573
1785484554.277500,0.1020,-0.0,-0.0,-0.0000,0.0000,0.1491,-0.1785,-1.5573
1785484554.383377,0.1059,-0.0,-0.0,-0.0000,0.0000,0.1491,-0.1785,-1.5573
1785484554.479221,0.0958,-0.0,-0.0,-0.0000,0.0000,0.1491,-0.1785,-1.5573
1785484554.581644,0.1024,-0.0,-0.0,-0.0000,0.0000,0.1491,-0.1785,-1.5573
1785484554.684428,0.1028,-0.0,-0.0,-0.0000,0.0000,0.1491,-0.1785,-1.5573
1785484554.787348,0.1029,-0.0,-0.0,-0.0000,0.0000,0.1491,-0.1785,-1.5573
1785484554.884430,0.0971,-0.0,-0.0,-0.0000,0.0000,0.1491,-0.1785,-1.5573
1785484554.985245,0.1008,-0.0,-0.0,-0.0000,0.0000,0.1491,-0.1785,-1.5573
1785484555.089408,0.1042,-0.0,-0.0,-0.0000,0.0000,0.1491,-0.1785,-1.5573
1785484555.187955,0.0985,-0.0,-0.0,-0.0000,0.0000,0.1491,-0.1785,-1.5573
1785484555.299114,0.1112,-0.0,-0.0,-0.0000,0.0000,0.1491,-0.1785,-1.5573
1785484555.395878,0.0968,-0.0,-0.0,-0.0000,0.0000,0.1491,-0.1785,-1.5573
1785484555.492921,0.0970,-0.0,-0.0,-0.0000,0.0000,0.1491,-0.1785,-1.5573
1785484555.595186,0.1023,-0.0,-0.0,-0.0000,0.0000,0.1491,-0.1785,-1.5573
1785484555.699369,0.1042,-0.0,-0.0,-0.0000,0.0000,0.1491,-0.1785,-1.5573
1785484555.794395,0.0950,-0.0,-0.0,-0.0000,0.0000,0.1491,-0.1785,-1.5573
1785484555.897301,0.1029,-0.0,-0.0,-0.0000,0.0000,0.1491,-0.1785,-1.5573
1785484556.005234,0.1079,-0.0,-0.0,-0.0000,0.0000,0.1491,-0.1785,-1.5573
1785484556.102167,0.0969,-0.0,-0.0,-0.0000,0.0000,0.1491,-0.1785,-1.5573
1785484556.199021,0.0969,-0.0,-0.0,-0.0000,0.0000,0.1491,-0.1785,-1.5573
1785484556.300141,0.1011,-0.0,-0.0,-0.0000,0.0000,0.1491,-0.1785,-1.5573
1785484556.400265,0.1001,-0.0,-0.0,-0.0000,0.0000,0.1491,-0.1785,-1.5573
1785484556.502528,0.1023,-0.0,-0.0,-0.0000,0.0000,0.1491,-0.1785,-1.5573
1785484556.604321,0.1018,-0.0,-0.0,-0.0000,0.0000,0.1491,-0.1785,-1.5573
1785484556.705652,0.1013,-0.0,-0.0,-0.0000,0.0000,0.1491,-0.1785,-1.5573
1785484556.806600,0.1009,-0.0,-0.0,-0.0000,0.0000,0.1491,-0.1785,-1.5573
1785484556.912330,0.1057,-0.0,-0.0,-0.0000,0.0000,0.1491,-0.1785,-1.5573
1785484557.011364,0.0990,-0.0,-0.0,-0.0000,0.0000,0.1491,-0.1785,-1.5573
1785484557.112028,0.1007,-0.0,-0.0,-0.0000,0.0000,0.1491,-0.1785,-1.5573
1785484557.213447,0.1014,-0.0,-0.0,-0.0000,0.0000,0.1491,-0.1785,-1.5573
1785484557.313264,0.0998,-0.0,-0.0,-0.0000,0.0000,0.1491,-0.1785,-1.5573
1785484557.414316,0.1011,-0.0,-0.0,-0.0000,0.0000,0.1491,-0.1785,-1.5573
1785484557.514967,0.1007,-0.0,-0.0,-0.0000,0.0000,0.1491,-0.1785,-1.5573
1785484557.616222,0.1013,-0.0,-0.0,-0.0000,0.0000,0.1491,-0.1785,-1.5573
1785484557.715443,0.0992,-0.0,-0.0,-0.0000,0.0000,0.1491,-0.1785,-1.5573
1785484557.818428,0.1030,-0.0,-0.0,-0.0000,0.0000,0.1491,-0.1785,-1.5573
1785484557.919474,0.1010,-0.0,-0.0,-0.0000,0.0000,0.1491,-0.1785,-1.5573
1785484558.020270,0.1008,-0.0,-0.0,-0.0000,0.0000,0.1491,-0.1785,-1.5573
1785484558.123416,0.1031,-0.0,-0.0,-0.0000,0.0000,0.1491,-0.1785,-1.5573
1785484558.221562,0.0981,-0.0,-0.0,-0.0000,0.0000,0.1491,-0.1785,-1.5573
1785484558.322231,0.1007,-0.0,-0.0,-0.0000,0.0000,0.1491,-0.1785,-1.5573
1785484558.424473,0.1022,-0.0,-0.0,-0.0000,0.0000,0.1491,-0.1785,-1.5573
1785484558.526456,0.1020,-0.0,-0.0,-0.0000,0.0000,0.1491,-0.1785,-1.5573
1785484558.625094,0.0986,-0.0,-0.0,-0.0000,0.0000,0.1491,-0.1785,-1.5573
1785484558.726158,0.1011,-0.0,-0.0,-0.0000,0.0000,0.1491,-0.1785,-1.5573
1785484558.827355,0.1012,-0.0,-0.0,-0.0000,0.0000,0.1491,-0.1785,-1.5573
1785484558.928504,0.1011,-0.0,-0.0,-0.0000,0.0000,0.1491,-0.1785,-1.5573
1785484559.029189,0.1007,-0.0,-0.0,-0.0000,0.0000,0.1491,-0.1785,-1.5573
1785484559.130463,0.1013,-0.0,-0.0,-0.0000,0.0000,0.1491,-0.1785,-1.5573
1785484559.232903,0.1024,-0.0,-0.0,-0.0000,0.0000,0.1491,-0.1785,-1.5573
1785484559.333818,0.1009,-0.0,-0.0,-0.0000,0.0000,0.1491,-0.1785,-1.5573
1785484559.457350,0.1235,-0.0,-0.0,-0.0000,0.0000,0.1491,-0.1785,-1.5573
1785484559.537876,0.0805,-0.0,-0.0,-0.0000,0.0000,0.1491,-0.1785,-1.5573
1785484559.639711,0.1018,-0.0,-0.0,-0.0000,0.0000,0.1491,-0.1785,-1.5573
1785484559.743744,0.1040,-0.0,-0.0,-0.0000,0.0000,0.1491,-0.1785,-1.5573
1785484559.841657,0.0979,-0.0,-0.0,-0.0000,0.0000,0.1491,-0.1785,-1.5573
1785484559.962668,0.1210,-0.0,-0.0,-0.0000,0.0000,0.1491,-0.1785,-1.5573
1785484560.047925,0.0853,-0.0,-0.0,-0.0000,0.0000,0.1491,-0.1785,-1.5573
1785484560.142637,0.0947,-0.0,-0.0,-0.0000,0.0000,0.1491,-0.1785,-1.5573
1785484560.244145,0.1015,-0.0,-0.0,-0.0000,0.0000,0.1491,-0.1785,-1.5573
1785484560.345121,0.1010,-0.0,-0.0,-0.0000,0.0000,0.1491,-0.1785,-1.5573
1785484560.447432,0.1023,-0.0,-0.0,-0.0000,0.0000,0.1491,-0.1785,-1.5573
1785484560.547479,0.1000,-0.0,-0.0,-0.0000,0.0000,0.1491,-0.1785,-1.5573
1785484560.648772,0.1013,-0.0,-0.0,-0.0000,0.0000,0.1491,-0.1785,-1.5573
1785484560.749624,0.1009,-0.0,-0.0,-0.0000,0.0000,0.1491,-0.1785,-1.5573
1785484560.853624,0.1040,-0.0,-0.0,-0.0000,0.0000,0.1491,-0.1785,-1.5573
1785484560.958221,0.1046,-0.0,-0.0,-0.0000,0.0000,0.1491,-0.1785,-1.5573
1785484561.057021,0.0988,-0.0,-0.0,-0.0000,0.0000,0.1491,-0.1785,-1.5573
1785484561.259763,0.2027,-0.0,-0.0,-0.0000,0.0000,0.1491,-0.1785,-1.5573
1785484561.259815,0.0001,-0.0,-0.0,-0.0000,0.0000,0.1491,-0.1785,-1.5573
1785484561.511810,0.2520,-0.0,-0.0,-0.0000,0.0000,0.1491,-0.1785,-1.5573
1785484561.511862,0.0001,-0.0,-0.0,-0.0000,0.0000,0.1491,-0.1785,-1.5573
1785484561.564872,0.0530,-0.0,-0.0,-0.0000,0.0000,0.1491,-0.1785,-1.5573
1785484561.770533,0.2057,-0.0,-0.0,-0.0000,0.0000,0.1491,-0.1785,-1.5573
1785484561.770579,0.0000,-0.0,-0.0,-0.0000,0.0000,0.1491,-0.1785,-1.5573
1785484562.007480,0.2369,-0.0,-0.0,-0.0000,0.0000,0.1491,-0.1785,-1.5573
1785484562.007530,0.0001,-0.0,-0.0,-0.0000,0.0000,0.1491,-0.1785,-1.5573
1785484562.076671,0.0691,-0.0,-0.0,-0.0000,0.0000,0.1491,-0.1785,-1.5573
1785484562.251356,0.1747,-0.0,-0.0,-0.0000,0.0000,0.1491,-0.1785,-1.5573
1785484562.268270,0.0169,-0.0,-0.0,-0.0000,0.0000,0.1491,-0.1785,-1.5573
1785484562.500416,0.2321,-0.0,-0.0,-0.0000,0.0000,0.1491,-0.1785,-1.5573
1785484562.500468,0.0001,-0.0,-0.0,-0.0000,0.0000,0.1491,-0.1785,-1.5573
1785484562.570180,0.0697,-0.0,-0.0,-0.0000,0.0000,0.1491,-0.1785,-1.5573
1785484562.757203,0.1870,-0.0,-0.0,-0.0000,0.0000,0.1491,-0.1785,-1.5573
1785484562.772413,0.0152,-0.0,-0.0,-0.0000,0.0000,0.1491,-0.1785,-1.5573
1785484563.016492,0.2441,-0.0,-0.0,-0.0000,0.0000,0.1491,-0.1785,-1.5573
1785484563.016542,0.0001,-0.0,-0.0,-0.0000,0.0000,0.1491,-0.1785,-1.5573
1785484563.076453,0.0599,-0.0,-0.0,-0.0000,0.0000,0.1491,-0.1785,-1.5573
1785484563.263666,0.1872,-0.0,-0.0,-0.0000,0.0000,0.1491,-0.1785,-1.5573
1785484563.277676,0.0140,-0.0,-0.0,-0.0000,0.0000,0.1491,-0.1785,-1.5573
1785484563.513495,0.2358,-0.0,-0.0,-0.0000,0.0000,0.1491,-0.1785,-1.5573
1785484563.513544,0.0000,-0.0,-0.0,-0.0000,0.0000,0.1491,-0.1785,-1.5573
1785484563.582649,0.0691,-0.0,-0.0,-0.0000,0.0000,0.1491,-0.1785,-1.5573
1785484563.766156,0.1835,-0.0,-0.0,-0.0000,0.0000,0.1491,-0.1785,-1.5573
1785484563.787105,0.0209,-0.0,-0.0,-0.0000,0.0000,0.1491,-0.1785,-1.5573
1785484564.023611,0.2365,-0.0,-0.0,-0.0000,0.0000,0.1491,-0.1785,-1.5573
1785484564.023663,0.0001,-0.0,-0.0,-0.0000,0.0000,0.1491,-0.1785,-1.5573
1785484564.087379,0.0637,-0.0,-0.0,-0.0000,0.0000,0.1491,-0.1785,-1.5573
1785484564.270268,0.1829,-0.0,-0.0,-0.0000,0.0000,0.1491,-0.1785,-1.5573
1785484564.288710,0.0184,-0.0,-0.0,-0.0000,0.0000,0.1491,-0.1785,-1.5573
1785484564.533948,0.2452,-0.0,-0.0,-0.0000,0.0000,0.1491,-0.1785,-1.5573
1785484564.534004,0.0001,-0.0,-0.0,-0.0000,0.0000,0.1491,-0.1785,-1.5573
1785484564.594342,0.0603,-0.0,-0.0,-0.0000,0.0000,0.1491,-0.1785,-1.5573
1785484564.773469,0.1791,-0.0,-0.0,-0.0000,0.0000,0.1491,-0.1785,-1.5573
1785484564.796363,0.0229,-0.0,-0.0,-0.0000,0.0000,0.1491,-0.1785,-1.5573
1785484565.026269,0.2299,-0.0,-0.0,-0.0000,0.0000,0.1491,-0.1785,-1.5573
1785484565.026312,0.0000,-0.0,-0.0,-0.0000,0.0000,0.1491,-0.1785,-1.5573
1785484565.096962,0.0707,-0.0,-0.0,-0.0000,0.0000,0.1491,-0.1785,-1.5573
1785484565.282355,0.1854,-0.0,-0.0,-0.0000,0.0000,0.1491,-0.1785,-1.5573
1785484565.300450,0.0181,-0.0,-0.0,-0.0000,0.0000,0.1491,-0.1785,-1.5573
1785484565.534024,0.2336,-0.0,-0.0,-0.0000,0.0000,0.1491,-0.1785,-1.5573
1785484565.534071,0.0000,-0.0,-0.0,-0.0000,0.0000,0.1491,-0.1785,-1.5573
1785484565.600962,0.0669,-0.0,-0.0,-0.0000,0.0000,0.1491,-0.1785,-1.5573
1785484565.846919,0.2460,-0.0,-0.0,-0.0000,0.0000,0.1491,-0.1785,-1.5573
1785484565.846963,0.0000,-0.0,-0.0,-0.0000,0.0000,0.1491,-0.1785,-1.5573
1785484565.906625,0.0597,-0.0,-0.0,-0.0000,0.0000,0.1491,-0.1785,-1.5573
1785484566.007530,0.1009,-0.0,-0.0,-0.0000,0.0000,0.1491,-0.1785,-1.5573
1785484566.109385,0.1019,-0.0,-0.0,-0.0000,0.0000,0.1491,-0.1785,-1.5573
1785484566.210031,0.1006,-0.0,-0.0,-0.0000,0.0000,0.1491,-0.1785,-1.5573
1785484566.309956,0.0999,-0.0,-0.0,-0.0000,0.0000,0.1491,-0.1785,-1.5573
1785484566.412287,0.1023,-0.0,-0.0,-0.0000,0.0000,0.1491,-0.1785,-1.5573
1785484566.513175,0.1009,-0.0,-0.0,-0.0000,0.0000,0.1491,-0.1785,-1.5573
1785484566.614891,0.1017,-0.0,-0.0,-0.0000,0.0000,0.1491,-0.1785,-1.5573
1785484566.716208,0.1013,-0.0,-0.0,-0.0000,0.0000,0.1491,-0.1785,-1.5573
1785484566.816017,0.0998,-0.0,-0.0,-0.0000,0.0000,0.1491,-0.1785,-1.5573
1785484566.918516,0.1025,-0.0,-0.0,-0.0000,0.0000,0.1491,-0.1785,-1.5573
1785484567.021748,0.1032,-0.0,-0.0,-0.0000,0.0000,0.1491,-0.1785,-1.5573
1785484567.121372,0.0996,-0.0,-0.0,-0.0000,0.0000,0.1491,-0.1785,-1.5573
1785484567.219956,0.0986,-0.0,-0.0,-0.0000,0.0000,0.1491,-0.1785,-1.5573
1785484567.321643,0.1017,-0.0,-0.0,-0.0000,0.0000,0.1491,-0.1785,-1.5573
1785484567.422532,0.1009,-0.0,-0.0,-0.0000,0.0000,0.1491,-0.1785,-1.5573
1785484567.527308,0.1048,-0.0,-0.0,-0.0000,0.0000,0.1491,-0.1785,-1.5573
1785484567.626750,0.0994,-0.0,-0.0,-0.0000,0.0000,0.1491,-0.1785,-1.5573
1785484567.726505,0.0998,-0.0,-0.0,-0.0000,0.0000,0.1491,-0.1785,-1.5573
1785484567.828732,0.1022,-0.0,-0.0,-0.0000,0.0000,0.1491,-0.1785,-1.5573
1785484567.931249,0.1025,-0.0,-0.0,-0.0000,0.0000,0.1491,-0.1785,-1.5573
1785484568.029702,0.0985,-0.0,-0.0,-0.0000,0.0000,0.1491,-0.1785,-1.5573
1785484568.130405,0.1007,-0.0,-0.0,-0.0000,0.0000,0.1491,-0.1785,-1.5573
1785484568.231471,0.1011,-0.0,-0.0,-0.0000,0.0000,0.1491,-0.1785,-1.5573
1785484568.343274,0.1118,-0.0,-0.0,-0.0000,0.0000,0.1491,-0.1785,-1.5573
1785484568.459735,0.1165,-0.0,-0.0,-0.0000,0.0000,0.1491,-0.1785,-1.5573
1785484568.535549,0.0758,-0.0,-0.0,-0.0000,0.0000,0.1491,-0.1785,-1.5573
1785484568.634502,0.0990,-0.0,-0.0,-0.0000,0.0000,0.1491,-0.1785,-1.5573
1785484568.737672,0.1032,-0.0,-0.0,-0.0000,0.0000,0.1491,-0.1785,-1.5573
1785484568.838341,0.1007,-0.0,-0.0,-0.0000,0.0000,0.1491,-0.1785,-1.5573
1785484568.947381,0.1090,-0.0,-0.0,-0.0000,0.0000,0.1491,-0.1785,-1.5573
1785484569.044982,0.0976,-0.0,-0.0,-0.0000,0.0000,0.1491,-0.1785,-1.5573
1785484569.143855,0.0989,-0.0,-0.0,-0.0000,0.0000,0.1491,-0.1785,-1.5573
1785484569.252403,0.1085,-0.0,-0.0,-0.0000,0.0000,0.1491,-0.1785,-1.5573
1785484569.351942,0.0995,-0.0,-0.0,-0.0000,0.0000,0.1491,-0.1785,-1.5573
1785484569.453993,0.1021,-0.0,-0.0,-0.0000,0.0000,0.1491,-0.1785,-1.5573
1785484569.558414,0.1044,-0.0,-0.0,-0.0000,0.0000,0.1491,-0.1785,-1.5573
1785484569.655564,0.0971,-0.0,-0.0,-0.0000,0.0000,0.1491,-0.1785,-1.5573
1785484569.761179,0.1056,-0.0,-0.0,-0.0000,0.0000,0.1491,-0.1785,-1.5573
1785484569.859258,0.0981,-0.0,-0.0,-0.0000,0.0000,0.1491,-0.1785,-1.5573
1785484569.962127,0.1029,-0.0,-0.0,-0.0000,0.0000,0.1491,-0.1785,-1.5573
1785484570.049176,0.0870,-0.0,-0.0,-0.0000,0.0000,0.1491,-0.1785,-1.5573
1785484570.151952,0.1028,-0.0,-0.0,-0.0000,0.0000,0.1491,-0.1785,-1.5573
1785484570.253432,0.1015,-0.0,-0.0,-0.0000,0.0000,0.1491,-0.1785,-1.5573
1785484570.352652,0.0992,-0.0,-0.0,-0.0000,0.0000,0.1491,-0.1785,-1.5573
1785484570.455840,0.1032,-0.0,-0.0,-0.0000,0.0000,0.1491,-0.1785,-1.5573
1785484570.556426,0.1006,-0.0,-0.0,-0.0000,0.0000,0.1491,-0.1785,-1.5573
1785484570.657607,0.1012,-0.0,-0.0,-0.0000,0.0000,0.1491,-0.1785,-1.5573
1785484570.758289,0.1007,-0.0,-0.0,-0.0000,0.0000,0.1491,-0.1785,-1.5573
1785484570.858820,0.1005,-0.0,-0.0,-0.0000,0.0000,0.1491,-0.1785,-1.5573
1785484570.961510,0.1027,-0.0,-0.0,-0.0000,0.0000,0.1491,-0.1785,-1.5573
1785484571.061613,0.1001,-0.0,-0.0,-0.0000,0.0000,0.1491,-0.1785,-1.5573
1785484571.165254,0.1036,-0.0,-0.0,-0.0000,0.0000,0.1491,-0.1785,-1.5573
1785484571.265631,0.1004,-0.0,-0.0,-0.0000,0.0000,0.1491,-0.1785,-1.5573
1785484571.365572,0.0999,-0.0,-0.0,-0.0000,0.0000,0.1491,-0.1785,-1.5573
1785484571.466636,0.1011,-0.0,-0.0,-0.0000,0.0000,0.1491,-0.1785,-1.5573
1785484571.569819,0.1032,-0.0,-0.0,-0.0000,0.0000,0.1491,-0.1785,-1.5573
