t,dt,left_rpm,right_rpm,v,w,x,y,theta,imu_heading_deg,theta_src,lateral_m_s
1786777408.569183,0.0000,-0.0,-0.0,-0.0000,0.0000,-0.2864,-4.1680,-1.5175,335.7689,enc,
1786777408.667326,0.0981,-0.0,-0.0,-0.0000,0.0000,-0.2864,-4.1680,-1.5175,335.7688,enc,
1786777408.718989,0.0517,-0.0,-0.0,-0.0000,0.0000,-0.2864,-4.1680,-1.5175,335.7689,enc,
1786777408.831611,0.1126,-0.0,-0.0,-0.0000,0.0000,-0.2864,-4.1680,-1.5175,335.7762,enc,
1786777408.921581,0.0900,-0.0,-0.0,-0.0000,0.0000,-0.2864,-4.1680,-1.5175,335.7687,enc,
1786777409.071484,0.1499,-0.0,16.00160026550293,0.0469,0.2720,-0.2860,-4.1751,-1.5147,335.6055,imu,
1786777409.132269,0.0608,-0.0,23.50780487060547,0.0689,0.3996,-0.2857,-4.1792,-1.4914,334.2744,imu,
1786777409.271395,0.1391,-0.0,21.9665470123291,0.0644,0.3734,-0.2848,-4.1882,-1.4696,333.0241,imu,
1786777409.329863,0.0585,-0.0,22.213476181030273,0.0651,0.3776,-0.2843,-4.1919,-1.4486,331.8229,imu,
1786777409.495844,0.1660,-0.0,22.22222137451172,0.0652,0.3777,-0.2828,-4.2026,-1.4263,330.5443,imu,
1786777409.533550,0.0377,-0.0,24.18423843383789,0.0709,0.4111,-0.2823,-4.2053,-1.4041,329.2691,imu,
1786777409.695381,0.1618,-0.0,23.38998794555664,0.0686,0.3976,-0.2802,-4.2162,-1.3769,327.7141,imu,
1786777409.735950,0.0406,-0.0,24.00240135192871,0.0704,0.4080,-0.2796,-4.2189,-1.3527,326.3230,imu,
1786777409.900132,0.1642,-0.0,23.76708221435547,0.0697,0.4040,-0.2768,-4.2301,-1.3296,325.0049,imu,
1786777409.940883,0.0408,-0.0,24.30724334716797,0.0713,0.4132,-0.2761,-4.2329,-1.3070,323.7052,imu,
1786777410.047497,0.1066,-0.0,25.344350814819336,0.0743,0.4308,-0.2738,-4.2405,-1.2820,322.2740,imu,
1786777410.150410,0.1029,-0.0,24.793386459350586,0.0727,0.4214,-0.2715,-4.2476,-1.2570,320.8443,imu,
1786777410.299750,0.1493,-12.121212005615234,25.528005599975586,0.0393,0.6400,-0.2695,-4.2531,-1.2307,319.3341,imu,
1786777410.409801,0.1101,-26.078969955444336,26.44628143310547,0.0011,0.8928,-0.2695,-4.2532,-1.1845,316.6886,imu,
1786777410.520291,0.1105,-24.48729705810547,26.10778045654297,0.0048,0.8600,-0.2693,-4.2537,-1.1323,313.7003,imu,
1786777410.615200,0.0949,-24.77606201171875,26.16213607788086,0.0041,0.8658,-0.2691,-4.2540,-1.0822,310.8274,imu,
1786777410.662544,0.0473,-25.676002502441406,27.459056854248047,0.0052,0.9032,-0.2690,-4.2542,-1.0159,307.0272,imu,
1786777410.764370,0.1018,-25.63892936706543,27.457292556762695,0.0053,0.9025,-0.2687,-4.2547,-0.9626,303.9758,imu,
1786777410.874063,0.1097,-25.38756561279297,27.188100814819336,0.0053,0.8937,-0.2683,-4.2551,-0.9076,300.8209,imu,
1786777411.011037,0.1370,-25.74767303466797,27.008047103881836,0.0037,0.8967,-0.2680,-4.2555,-0.8568,297.9126,imu,
1786777411.168532,0.1575,-25.27525520324707,27.457292556762695,0.0064,0.8963,-0.2673,-4.2563,-0.8068,295.0495,imu,
1786777411.174320,0.0058,-25.27525520324707,27.09362030029297,0.0053,0.8902,-0.2672,-4.2563,-0.7577,292.2345,imu,
1786777411.386325,0.2120,-25.528005599975586,27.548208236694336,0.0059,0.9022,-0.2663,-4.2571,-0.7065,289.3029,imu,
1786777411.489904,0.1036,-26.62993621826172,29.017446517944336,0.0070,0.9459,-0.2657,-4.2575,-0.6560,286.4098,imu,
1786777411.571357,0.0815,-26.46788787841797,28.80858612060547,0.0069,0.9396,-0.2653,-4.2579,-0.6059,283.5387,imu,
1786777411.636276,0.0649,-26.287832260131836,28.80858612060547,0.0074,0.9365,-0.2649,-4.2581,-0.5555,280.6501,imu,
1786777411.792345,0.1561,-26.488662719726562,28.960939407348633,0.0072,0.9425,-0.2639,-4.2587,-0.5026,277.6175,imu,
1786777411.852895,0.0605,-27.54821014404297,29.97383689880371,0.0071,0.9778,-0.2635,-4.2588,-0.4393,273.9892,imu,
1786777411.940406,0.0875,-27.457292556762695,30.184837341308594,0.0080,0.9798,-0.2628,-4.2591,-0.3856,270.9176,imu,
1786777411.985457,0.0451,-28.099172592163086,30.670339584350586,0.0075,0.9990,-0.2625,-4.2592,-0.3297,267.7136,imu,
1786777412.096485,0.1110,-29.201101303100586,31.588611602783203,0.0070,1.0333,-0.2618,-4.2594,-0.2737,264.5049,imu,
1786777412.187947,0.0915,-29.598724365234375,32.808223724365234,0.0094,1.0608,-0.2609,-4.2596,-0.2167,261.2389,imu,
1786777412.345782,0.1578,-29.752065658569336,33.0578498840332,0.0097,1.0676,-0.2594,-4.2598,-0.1534,257.6120,imu,
1786777412.449751,0.1040,-30.003000259399414,33.27605438232422,0.0096,1.0756,-0.2584,-4.2599,-0.0882,253.8741,imu,
1786777412.559281,0.1095,-29.935720443725586,33.24150466918945,0.0097,1.0739,-0.2573,-4.2600,-0.0277,250.4061,imu,
1786777412.610711,0.0514,-29.708852767944336,32.9498176574707,0.0095,1.0651,-0.2569,-4.2599,0.0325,246.9584,imu,
1786777412.813940,0.2032,-29.97383689880371,32.919246673583984,0.0086,1.0691,-0.2551,-4.2598,0.0933,243.4779,imu,
1786777412.870541,0.0566,-29.559663772583008,32.53312301635742,0.0087,1.0555,-0.2546,-4.2597,0.1708,239.0381,imu,
1786777412.919854,0.0493,-30.54850959777832,34.185237884521484,0.0107,1.1003,-0.2541,-4.2596,0.2337,235.4329,imu,
1786777413.076423,0.1566,-31.037647247314453,34.5270881652832,0.0102,1.1145,-0.2526,-4.2591,0.2976,231.7732,imu,
1786777413.125328,0.0489,-31.772266387939453,35.44536209106445,0.0108,1.1426,-0.2521,-4.2589,0.3654,227.8860,imu,
1786777413.281858,0.1565,-32.50688552856445,35.81267166137695,0.0097,1.1613,-0.2507,-4.2583,0.4306,224.1500,imu,
1786777413.381442,0.0996,-32.3232307434082,35.9963264465332,0.0108,1.1613,-0.2498,-4.2578,0.4940,220.5159,imu,
1786777413.416591,0.0351,-32.3232307434082,36.3636360168457,0.0118,1.1675,-0.2494,-4.2575,0.5570,216.9106,imu,
1786777413.574151,0.1576,-32.0495491027832,36.7309455871582,0.0137,1.1691,-0.2477,-4.2563,0.6221,213.1758,imu,
1786777413.622293,0.0481,-32.3232307434082,36.54729080200195,0.0124,1.1707,-0.2472,-4.2559,0.6860,209.5161,imu,
1786777413.781832,0.1595,-32.4096565246582,36.7309455871582,0.0127,1.1753,-0.2457,-4.2545,0.7512,205.7816,imu,
1786777413.887136,0.1053,-31.821365356445312,36.549110412597656,0.0139,1.1622,-0.2447,-4.2535,0.8190,201.8971,imu,
1786777413.943939,0.0568,-31.833486557006836,36.556034088134766,0.0138,1.1625,-0.2442,-4.2529,0.8874,197.9755,imu,
1786777414.080378,0.1364,-31.689441680908203,36.5508918762207,0.0143,1.1599,-0.2431,-4.2513,0.9566,194.0127,imu,
1786777414.306217,0.2258,-31.70642852783203,36.38442611694336,0.0137,1.1574,-0.2415,-4.2486,1.0381,189.3431,imu,
1786777414.348950,0.0427,-31.149282455444336,36.7309455871582,0.0164,1.1538,-0.2412,-4.2480,1.1054,185.4878,imu,
1786777414.440225,0.0913,-30.84686279296875,36.552642822265625,0.0167,1.1457,-0.2406,-4.2466,1.1740,181.5585,imu,
1786777414.463087,0.0229,-29.384756088256836,36.3636360168457,0.0205,1.1176,-0.2405,-4.2461,1.2433,177.5859,imu,
1786777415.791284,1.3282,-28.466482162475586,35.6290168762207,0.0210,1.0895,-0.2333,-4.2192,1.3096,173.7851,imu,
1786777415.791352,0.0001,-28.099172592163086,35.6290168762207,0.0221,1.0833,-0.2333,-4.2192,1.3750,170.0420,imu,
1786777415.791372,0.0000,-28.650136947631836,36.17998123168945,0.0221,1.1020,-0.2333,-4.2192,1.4390,166.3705,imu,
1786777415.832834,0.0415,-28.510210037231445,36.20621871948242,0.0226,1.1000,-0.2332,-4.2182,1.5013,162.8064,imu,
1786777415.833646,0.0008,-28.366474151611328,36.1854362487793,0.0229,1.0973,-0.2332,-4.2182,1.5664,159.0710,imu,
1786777415.833864,0.0002,-28.33530044555664,35.85639953613281,0.0221,1.0911,-0.2332,-4.2182,1.6409,154.8078,imu,
1786777416.703154,0.8693,-9.81916332244873,13.637727737426758,0.0112,0.3987,-0.2344,-4.2086,1.6907,151.9542,imu,
1786777416.703285,0.0001,-18.9056339263916,23.76708221435547,0.0143,0.7254,-0.2344,-4.2085,1.6937,151.7814,imu,
1786777417.006425,0.3031,-28.548309326171875,41.82236862182617,0.0389,1.1962,-0.2365,-4.1970,1.7563,148.1938,imu,
1786777417.006498,0.0001,-25.14108657836914,40.118751525878906,0.0439,1.1093,-0.2365,-4.1969,1.8197,144.5621,imu,
1786777417.006517,0.0000,-24.05876922607422,40.4040412902832,0.0479,1.0957,-0.2365,-4.1969,1.8782,141.2096,imu,
1786777419.867149,2.8606,-23.638729095458984,40.36767578125,0.0491,1.0880,-0.2876,-4.0662,1.9429,137.5040,imu,
1786777419.867231,0.0001,-23.69145965576172,40.4040412902832,0.0490,1.0895,-0.2876,-4.0662,2.0024,134.0909,imu,
1786777419.867264,0.0000,-23.58702850341797,40.33201599121094,0.0491,1.0865,-0.2876,-4.0662,2.0630,130.6220,imu,
1786777419.867283,0.0000,-6.646552085876465,12.243648529052734,0.0164,0.3211,-0.2876,-4.0662,2.1095,127.9591,imu,
1786777419.867347,0.0001,-0.0,-0.0,-0.0000,0.0000,-0.2876,-4.0662,2.1095,128.3339,enc,
1786777419.867364,0.0000,-0.0,-0.0,-0.0000,0.0000,-0.2876,-4.0662,2.1095,128.3140,enc,
1786777419.867377,0.0000,-0.0,-0.0,-0.0000,0.0000,-0.2876,-4.0662,2.1095,128.3098,enc,
1786777419.867389,0.0000,-0.0,-0.0,-0.0000,0.0000,-0.2876,-4.0662,2.1095,128.3095,enc,
1786777419.867401,0.0000,-0.0,-0.0,-0.0000,0.0000,-0.2876,-4.0662,2.1095,128.3134,enc,
1786777419.867418,0.0000,-0.0,-0.0,-0.0000,0.0000,-0.2876,-4.0662,2.1095,128.3095,enc,
1786777419.867430,0.0000,-0.0,-0.0,-0.0000,0.0000,-0.2876,-4.0662,2.1095,128.3096,enc,
1786777419.867443,0.0000,-0.0,-0.0,-0.0000,0.0000,-0.2876,-4.0662,2.1095,128.2977,enc,
1786777419.867457,0.0000,-0.0,-0.0,-0.0000,0.0000,-0.2876,-4.0662,2.1095,128.2975,enc,
1786777419.867469,0.0000,-0.0,-0.0,-0.0000,0.0000,-0.2876,-4.0662,2.1095,128.2974,enc,
1786777419.867485,0.0000,-0.0,-0.0,-0.0000,0.0000,-0.2876,-4.0662,2.1095,128.2974,enc,
1786777419.867497,0.0000,-0.0,-0.0,-0.0000,0.0000,-0.2876,-4.0662,2.1095,128.2972,enc,
1786777419.867510,0.0000,-0.0,-0.0,-0.0000,0.0000,-0.2876,-4.0662,2.1095,128.2972,enc,
1786777419.867530,0.0000,-0.0,-0.0,-0.0000,0.0000,-0.2876,-4.0662,2.1095,128.2971,enc,
1786777419.867542,0.0000,-0.0,-0.0,-0.0000,0.0000,-0.2876,-4.0662,2.1095,128.3010,enc,
1786777419.867567,0.0000,-0.0,-0.0,-0.0000,0.0000,-0.2876,-4.0662,2.1095,128.3008,enc,
1786777420.070215,0.2026,-0.0,-0.0,-0.0000,0.0000,-0.2876,-4.0662,2.1095,128.3007,enc,
1786777420.070857,0.0006,-0.0,-0.0,-0.0000,0.0000,-0.2876,-4.0662,2.1095,128.3086,enc,
1786777420.070973,0.0001,-0.0,-0.0,-0.0000,0.0000,-0.2876,-4.0662,2.1095,128.3125,enc,
1786777420.071109,0.0001,-0.0,-0.0,-0.0000,0.0000,-0.2876,-4.0662,2.1095,128.3084,enc,
1786777420.071148,0.0000,-0.0,-0.0,-0.0000,0.0000,-0.2876,-4.0662,2.1095,128.3084,enc,
1786777420.071170,0.0000,-0.0,-0.0,-0.0000,0.0000,-0.2876,-4.0662,2.1095,128.3085,enc,
1786777420.071219,0.0000,-0.0,-0.0,-0.0000,0.0000,-0.2876,-4.0662,2.1095,128.3004,enc,
1786777420.071272,0.0001,-0.0,-0.0,-0.0000,0.0000,-0.2876,-4.0662,2.1095,128.3003,enc,
1786777420.071329,0.0001,-0.0,-0.0,-0.0000,0.0000,-0.2876,-4.0662,2.1095,128.3002,enc,
1786777420.071406,0.0001,-0.0,-0.0,-0.0000,0.0000,-0.2876,-4.0662,2.1095,128.3001,enc,
1786777420.071437,0.0000,-0.0,-0.0,-0.0000,0.0000,-0.2876,-4.0662,2.1095,128.2999,enc,
1786777420.071464,0.0000,-0.0,-0.0,-0.0000,0.0000,-0.2876,-4.0662,2.1095,128.2959,enc,
1786777420.071483,0.0000,-0.0,-0.0,-0.0000,0.0000,-0.2876,-4.0662,2.1095,128.2998,enc,
1786777420.071502,0.0000,-0.0,-0.0,-0.0000,0.0000,-0.2876,-4.0662,2.1095,128.2997,enc,
1786777420.071526,0.0000,-0.0,-0.0,-0.0000,0.0000,-0.2876,-4.0662,2.1095,128.2997,enc,
1786777420.071558,0.0000,-0.0,-0.0,-0.0000,0.0000,-0.2876,-4.0662,2.1095,128.2997,enc,
1786777420.071619,0.0001,-0.0,-0.0,-0.0000,0.0000,-0.2876,-4.0662,2.1095,128.2996,enc,
1786777420.071647,0.0000,-0.0,-0.0,-0.0000,0.0000,-0.2876,-4.0662,2.1095,128.2996,enc,
1786777420.071669,0.0000,-0.0,-0.0,-0.0000,0.0000,-0.2876,-4.0662,2.1095,128.2995,enc,
1786777420.071689,0.0000,-0.0,-0.0,-0.0000,0.0000,-0.2876,-4.0662,2.1095,128.2995,enc,
1786777421.167874,1.0962,-0.0,9.445099830627441,0.0277,0.1605,-0.3031,-4.0402,2.1095,128.2995,imu,
1786777421.167941,0.0001,-0.0,42.62175750732422,0.1250,0.7245,-0.3031,-4.0402,2.1347,126.8544,imu,
1786777421.167955,0.0000,-0.0,34.5703010559082,0.1014,0.5876,-0.3031,-4.0402,2.1703,124.8106,imu,
1786777421.167965,0.0000,-0.0,33.69975280761719,0.0988,0.5728,-0.3031,-4.0402,2.2029,122.9467,imu,
1786777421.167975,0.0000,-0.0,33.6700325012207,0.0987,0.5723,-0.3031,-4.0402,2.2353,121.0874,imu,
1786777421.167984,0.0000,-0.0,33.63972854614258,0.0986,0.5718,-0.3031,-4.0402,2.2691,119.1520,imu,
1786777421.167999,0.0000,-0.0,33.7924690246582,0.0991,0.5744,-0.3031,-4.0402,2.3024,117.2447,imu,
1786777421.168010,0.0000,-0.0,9.889100074768066,0.0290,0.1681,-0.3031,-4.0402,2.3318,115.5582,imu,
1786777421.168022,0.0000,-0.0,-0.0,-0.0000,0.0000,-0.3031,-4.0402,2.3318,115.6247,enc,
1786777421.168039,0.0000,-0.0,-0.0,-0.0000,0.0000,-0.3031,-4.0402,2.3318,115.8339,enc,
1786777421.168047,0.0000,-0.0,-0.0,-0.0000,0.0000,-0.3031,-4.0402,2.3318,115.8338,enc,
1786777421.168056,0.0000,-0.0,-0.0,-0.0000,0.0000,-0.3031,-4.0402,2.3318,115.8338,enc,
1786777421.168065,0.0000,-0.0,-0.0,-0.0000,0.0000,-0.3031,-4.0402,2.3318,115.8248,enc,
1786777421.168073,0.0000,6.301877975463867,7.202146530151367,0.0396,0.0153,-0.3031,-4.0402,2.3319,115.8224,imu,
1786777421.168108,0.0000,31.256622314453125,16.422971725463867,0.1398,-0.2521,-0.3031,-4.0401,2.3367,115.5447,imu,
1786777421.406196,0.2381,35.126197814941406,-25.31938934326172,0.0288,-1.0275,-0.3078,-4.0351,2.3203,116.4842,imu,
1786777421.782447,0.3763,36.7309455871582,-27.91551971435547,0.0258,-1.0989,-0.3141,-4.0277,2.2759,119.0303,imu,
1786777421.782515,0.0001,36.54729080200195,-27.548208236694336,0.0264,-1.0895,-0.3141,-4.0277,2.2158,122.4711,imu,
1786777422.385255,0.6027,38.01652908325195,-29.201101303100586,0.0258,-1.1426,-0.3227,-4.0147,2.1545,125.9861,imu,
1786777422.385310,0.0001,37.64921951293945,-28.282827377319336,0.0275,-1.1207,-0.3227,-4.0147,2.0887,129.7530,imu,
1786777422.385323,0.0000,37.423980712890625,-28.587764739990234,0.0259,-1.1221,-0.3227,-4.0147,2.0090,134.3200,imu,
1786777422.385334,0.0000,37.4655647277832,-28.466482162475586,0.0264,-1.1207,-0.3227,-4.0147,1.9480,137.8190,imu,
1786777422.385344,0.0000,28.528892517089844,-21.753280639648438,0.0199,-0.8547,-0.3227,-4.0147,1.8886,141.2175,imu,
1786777422.385353,0.0000,0.18183636665344238,-0.18183636665344238,0.0000,-0.0062,-0.3227,-4.0147,1.8886,141.4919,enc,
1786777422.385363,0.0000,-0.0,-0.0,-0.0000,0.0000,-0.3227,-4.0147,1.8886,141.4262,enc,
1786777422.834878,0.4495,-0.0,-0.0,-0.0000,0.0000,-0.3227,-4.0147,1.8886,141.4094,enc,
1786777422.835205,0.0003,-0.0,-0.0,-0.0000,0.0000,-0.3227,-4.0147,1.8886,141.4095,enc,
1786777422.875259,0.0401,-0.0,-0.0,-0.0000,0.0000,-0.3227,-4.0147,1.8886,141.4043,enc,
1786777422.875290,0.0000,-0.0,-0.0,-0.0000,0.0000,-0.3227,-4.0147,1.8886,141.4093,enc,
1786777424.472013,1.5967,-0.0,-0.0,-0.0000,0.0000,-0.3227,-4.0147,1.8886,141.4041,enc,
1786777424.472094,0.0001,-0.0,-0.0,-0.0000,0.0000,-0.3227,-4.0147,1.8886,141.4042,enc,
1786777424.472108,0.0000,-0.0,-0.0,-0.0000,0.0000,-0.3227,-4.0147,1.8886,141.4041,enc,
1786777424.472117,0.0000,-0.0,-0.0,-0.0000,0.0000,-0.3227,-4.0147,1.8886,141.4040,enc,
1786777424.472126,0.0000,-0.0,-0.0,-0.0000,0.0000,-0.3227,-4.0147,1.8886,141.4039,enc,
1786777424.472134,0.0000,-0.0,-0.0,-0.0000,0.0000,-0.3227,-4.0147,1.8886,141.3987,enc,
1786777424.472142,0.0000,-0.0,-0.0,-0.0000,0.0000,-0.3227,-4.0147,1.8886,141.3987,enc,
1786777424.472150,0.0000,-0.0,-0.0,-0.0000,0.0000,-0.3227,-4.0147,1.8886,141.3986,enc,
1786777424.472157,0.0000,-0.0,-0.0,-0.0000,0.0000,-0.3227,-4.0147,1.8886,141.3986,enc,
1786777424.472165,0.0000,-0.0,-0.0,-0.0000,0.0000,-0.3227,-4.0147,1.8886,141.4037,enc,
1786777424.472173,0.0000,-0.0,-0.0,-0.0000,0.0000,-0.3227,-4.0147,1.8886,141.4036,enc,
1786777424.472184,0.0000,-0.0,-0.0,-0.0000,0.0000,-0.3227,-4.0147,1.8886,141.4037,enc,
1786777424.472209,0.0000,-0.0,-0.0,-0.0000,0.0000,-0.3227,-4.0147,1.8886,141.4037,enc,
1786777424.472218,0.0000,-0.0,-0.0,-0.0000,0.0000,-0.3227,-4.0147,1.8886,141.4037,enc,
1786777424.472226,0.0000,-0.0,-0.0,-0.0000,0.0000,-0.3227,-4.0147,1.8886,141.4089,enc,
1786777424.472234,0.0000,-0.0,-0.0,-0.0000,0.0000,-0.3227,-4.0147,1.8886,141.4088,enc,
1786777443.285334,18.8131,-0.0,-0.0,-0.0000,0.0000,-0.3227,-4.0147,1.8886,162.4059,enc,
1786777443.468107,0.1828,-0.0,-0.0,-0.0000,0.0000,-0.3227,-4.0147,1.8886,162.4059,enc,
1786777443.520702,0.0526,-0.0,-0.0,-0.0000,0.0000,-0.3227,-4.0147,1.8886,162.4059,enc,
1786777443.592611,0.0719,-0.0,-0.0,-0.0000,0.0000,-0.3227,-4.0147,1.8886,162.4059,enc,
1786777443.828309,0.2357,-0.0,-0.0,-0.0000,0.0000,-0.3227,-4.0147,1.8886,162.4059,enc,
1786777443.828376,0.0001,-0.0,-0.0,-0.0000,0.0000,-0.3227,-4.0147,1.8886,162.4060,enc,
1786777443.930680,0.1023,-0.0,-0.0,-0.0000,0.0000,-0.3227,-4.0147,1.8886,162.4060,enc,
1786777444.133512,0.2028,-0.0,-0.0,-0.0000,0.0000,-0.3227,-4.0147,1.8886,162.4060,enc,
1786777444.133607,0.0001,-0.0,-0.0,-0.0000,0.0000,-0.3227,-4.0147,1.8886,162.4060,enc,
1786777444.236528,0.1029,-0.0,-0.0,-0.0000,0.0000,-0.3227,-4.0147,1.8886,162.4060,enc,
1786777444.311901,0.0754,-0.0,-0.0,-0.0000,0.0000,-0.3227,-4.0147,1.8886,162.4060,enc,
1786777444.493291,0.1814,-0.0,-0.0,-0.0000,0.0000,-0.3227,-4.0147,1.8886,162.4060,enc,
1786777444.553554,0.0603,-0.0,-0.0,-0.0000,0.0000,-0.3227,-4.0147,1.8886,162.4060,enc,
1786777444.648706,0.0952,-0.0,-0.0,-0.0000,0.0000,-0.3227,-4.0147,1.8886,162.4060,enc,
1786777444.851810,0.2031,-0.0,-0.0,-0.0000,0.0000,-0.3227,-4.0147,1.8886,162.4060,enc,
1786777444.851879,0.0001,-0.0,-0.0,-0.0000,0.0000,-0.3227,-4.0147,1.8886,162.4060,enc,
1786777444.953015,0.1011,-0.0,-0.0,-0.0000,0.0000,-0.3227,-4.0147,1.8886,162.4060,enc,
1786777445.159252,0.2062,-0.0,-0.0,-0.0000,0.0000,-0.3227,-4.0147,1.8886,162.4060,enc,
1786777445.162445,0.0032,-0.0,-0.0,-0.0000,0.0000,-0.3227,-4.0147,1.8886,162.4060,enc,
1786777445.231524,0.0691,-0.0,-0.0,-0.0000,0.0000,-0.3227,-4.0147,1.8886,162.4060,enc,
1786777445.518186,0.2867,-0.0,-0.0,-0.0000,0.0000,-0.3227,-4.0147,1.8886,162.4060,enc,
1786777445.518670,0.0005,-0.0,-0.0,-0.0000,0.0000,-0.3227,-4.0147,1.8886,162.4060,enc,
1786777445.533739,0.0151,-0.0,-0.0,-0.0000,0.0000,-0.3227,-4.0147,1.8886,162.4059,enc,
1786777445.640019,0.1063,-0.0,-0.0,-0.0000,0.0000,-0.3227,-4.0147,1.8886,162.4059,enc,
1786777445.823328,0.1833,-0.0,-0.0,-0.0000,0.0000,-0.3227,-4.0147,1.8886,162.4059,enc,
1786777445.831066,0.0077,-0.0,-0.0,-0.0000,0.0000,-0.3227,-4.0147,1.8886,162.4059,enc,
1786777445.936961,0.1059,-0.0,-0.0,-0.0000,0.0000,-0.3227,-4.0147,1.8886,162.4059,enc,
1786777446.338058,0.4011,-0.0,-0.0,-0.0000,0.0000,-0.3227,-4.0147,1.8886,162.4059,enc,
1786777446.338119,0.0001,-0.0,-0.0,-0.0000,0.0000,-0.3227,-4.0147,1.8886,162.4059,enc,
1786777446.338137,0.0000,-0.0,-0.0,-0.0000,0.0000,-0.3227,-4.0147,1.8886,162.4059,enc,
1786777446.344339,0.0062,-0.0,-0.0,-0.0000,0.0000,-0.3227,-4.0147,1.8886,162.4059,enc,
1786777446.544879,0.2005,-0.0,-0.0,-0.0000,0.0000,-0.3227,-4.0147,1.8886,162.4059,enc,
1786777446.547394,0.0025,-0.0,-0.0,-0.0000,0.0000,-0.3227,-4.0147,1.8886,162.4059,enc,
1786777446.647869,0.1005,-0.0,-0.0,-0.0000,0.0000,-0.3227,-4.0147,1.8886,162.4059,enc,
1786777446.968872,0.3210,-0.0,-0.0,-0.0000,0.0000,-0.3227,-4.0147,1.8886,162.4059,enc,
1786777446.969015,0.0001,-0.0,-0.0,-0.0000,0.0000,-0.3227,-4.0147,1.8886,162.4059,enc,
1786777446.969043,0.0000,-0.0,-0.0,-0.0000,0.0000,-0.3227,-4.0147,1.8886,162.4059,enc,
1786777447.065015,0.0960,-0.0,-0.0,-0.0000,0.0000,-0.3227,-4.0147,1.8886,162.4060,enc,
1786777447.209141,0.1441,-0.0,-0.0,-0.0000,0.0000,-0.3227,-4.0147,1.8886,162.4060,enc,
1786777447.269940,0.0608,-0.0,-0.0,-0.0000,0.0000,-0.3227,-4.0147,1.8886,162.4060,enc,
1786777447.522558,0.2526,-0.0,-0.0,-0.0000,0.0000,-0.3227,-4.0147,1.8886,162.4060,enc,
1786777447.527855,0.0053,2.4962778091430664,-1.9613611698150635,0.0016,-0.0758,-0.3227,-4.0147,1.8886,162.4060,imu,
1786777447.588462,0.0606,43.82256317138672,-32.00320053100586,0.0347,-1.2889,-0.3233,-4.0127,1.8595,164.0748,imu,
1786777447.687764,0.0993,42.54970932006836,-32.185035705566406,0.0304,-1.2703,-0.3240,-4.0098,1.7886,168.1399,imu,
1786777447.886221,0.1985,42.05693435668945,-31.404958724975586,0.0312,-1.2487,-0.3249,-4.0036,1.7244,171.8191,imu,
1786777447.943976,0.0578,42.20526885986328,-31.256622314453125,0.0321,-1.2487,-0.3251,-4.0018,1.6550,175.7913,imu,
1786777447.993396,0.0494,41.77244567871094,-30.789175033569336,0.0322,-1.2334,-0.3251,-4.0002,1.5798,180.1026,imu,
1786777448.136181,0.1428,42.18603515625,-30.912181854248047,0.0331,-1.2425,-0.3248,-3.9955,1.5040,184.4470,imu,
1786777448.387456,0.2513,41.8732795715332,-30.486684799194336,0.0334,-1.2300,-0.3235,-3.9872,1.4258,188.9255,imu,
1786777448.389777,0.0023,41.755462646484375,-30.493614196777344,0.0330,-1.2281,-0.3235,-3.9871,1.3302,194.4052,imu,
1786777448.389804,0.0000,42.080116271972656,-30.311946868896484,0.0345,-1.2305,-0.3235,-3.9871,1.2510,198.9387,imu,
1786777448.490282,0.1005,41.77244567871094,-30.609121322631836,0.0327,-1.2303,-0.3223,-3.9841,1.1777,203.1406,imu,
1786777448.655719,0.1654,41.95249938964844,-29.888906478881836,0.0354,-1.2212,-0.3196,-3.9788,1.1059,207.2534,imu,
1786777448.998980,0.3433,41.453495025634766,-29.384754180908203,0.0354,-1.2041,-0.3134,-3.9684,1.0338,211.3825,imu,
1786777448.999312,0.0003,41.8732795715332,-26.997243881225586,0.0436,-1.1707,-0.3134,-3.9684,0.9612,215.5438,imu,
1786777449.052097,0.0528,41.4123420715332,-26.82799530029297,0.0428,-1.1599,-0.3120,-3.9666,0.8982,219.1549,imu,
1786777449.112069,0.0600,41.103675842285156,-26.23638916015625,0.0436,-1.1446,-0.3102,-3.9647,0.8205,223.6061,imu,
1786777449.154274,0.0422,41.77244567871094,-26.64794158935547,0.0443,-1.1630,-0.3089,-3.9634,0.7566,227.2675,imu,
1786777449.327665,0.1734,42.4926643371582,-23.04686737060547,0.0570,-1.1140,-0.3013,-3.9571,0.6955,230.7692,imu,
1786777449.328403,0.0007,43.21287536621094,-21.78649139404297,0.0628,-1.1049,-0.3012,-3.9571,0.6398,233.9604,imu,
1786777449.417182,0.0888,42.97520446777344,-20.9366397857666,0.0646,-1.0864,-0.2964,-3.9539,0.5777,237.5187,imu,
1786777449.516152,0.0990,42.328041076660156,-6.121824264526367,0.1062,-0.8236,-0.2873,-3.9487,0.5214,240.7404,imu,
1786777449.618937,0.1028,42.36787414550781,-0.0,0.1242,-0.7202,-0.2760,-3.9428,0.4835,242.9171,imu,
1786777449.725707,0.1068,42.2405891418457,-0.0,0.1239,-0.7180,-0.2641,-3.9371,0.4428,245.2485,imu,
1786777449.833864,0.1082,38.73114776611328,-0.0,0.1136,-0.6584,-0.2528,-3.9323,0.4018,247.5980,imu,
1786777449.934898,0.1010,38.496856689453125,-0.0,0.1129,-0.6544,-0.2421,-3.9283,0.3564,250.1977,imu,
1786777450.036690,0.1018,38.75114822387695,-0.0,0.1136,-0.6587,-0.2311,-3.9247,0.3191,252.3341,imu,
1786777450.133083,0.0964,38.91298294067383,-0.0,0.1141,-0.6614,-0.2205,-3.9216,0.2823,254.4418,imu,
1786777450.243659,0.1106,35.9963264465332,-0.0,0.1055,-0.6119,-0.2092,-3.9188,0.2460,256.5213,imu,
1786777450.346032,0.1024,35.094417572021484,-0.0,0.1029,-0.5965,-0.1989,-3.9165,0.2136,258.3787,imu,
1786777450.485908,0.1399,35.07805252075195,-0.0,0.1029,-0.5963,-0.1848,-3.9140,0.1778,260.4324,imu,
1786777450.540505,0.0546,35.094417572021484,-0.0,0.1029,-0.5965,-0.1792,-3.9132,0.1455,262.2803,imu,
1786777450.658933,0.1184,34.05636215209961,-0.0,0.0999,-0.5789,-0.1675,-3.9118,0.1138,264.0948,imu,
1786777450.758463,0.0995,31.509389877319336,-0.0,0.0924,-0.5356,-0.1583,-3.9111,0.0835,265.8350,imu,
1786777450.858163,0.0997,31.221303939819336,-0.0,0.0915,-0.5307,-0.1492,-3.9106,0.0536,267.5483,imu,
1786777450.955851,0.0977,31.588611602783203,-0.0,0.0926,-0.5369,-0.1401,-3.9104,0.0242,269.2324,imu,
1786777451.215763,0.2599,31.133848190307617,-0.0,0.0913,-0.5292,-0.1164,-3.9105,-0.0046,270.8821,imu,
1786777451.223547,0.0078,28.650136947631836,-0.0,0.0840,-0.4870,-0.1157,-3.9105,-0.0330,272.5104,imu,
1786777451.255692,0.0321,28.282827377319336,-0.0,0.0829,-0.4808,-0.1131,-3.9107,-0.0588,273.9836,imu,
1786777451.370181,0.1145,28.18463706970215,-0.0,0.0826,-0.4791,-0.1037,-3.9115,-0.0845,275.4570,imu,
1786777451.477205,0.1070,26.262624740600586,-0.0,0.0770,-0.4464,-0.0955,-3.9124,-0.1108,276.9677,imu,
1786777451.610014,0.1328,25.469099044799805,-0.0,0.0747,-0.4329,-0.0856,-3.9138,-0.1410,278.6949,imu,
1786777451.672750,0.0627,25.27525520324707,-0.0,0.0741,-0.4296,-0.0811,-3.9145,-0.1653,280.0884,imu,
1786777451.836496,0.1637,25.38756561279297,-0.0,0.0744,-0.4315,-0.0691,-3.9168,-0.1900,281.5044,imu,
1786777451.888911,0.0524,24.609731674194336,-0.0,0.0722,-0.4183,-0.0654,-3.9176,-0.2142,282.8878,imu,
1786777451.974467,0.0856,22.9113826751709,-0.0,0.0672,-0.3894,-0.0598,-3.9190,-0.2367,284.1787,imu,
1786777452.083446,0.1090,23.04686737060547,-0.0,0.0676,-0.3918,-0.0527,-3.9209,-0.2583,285.4160,imu,
1786777452.242254,0.1588,22.03856658935547,4.775022506713867,0.0786,-0.2934,-0.0407,-3.9243,-0.2803,286.6750,imu,
1786777452.292221,0.0500,20.9366397857666,24.97704315185547,0.1346,0.0687,-0.0342,-3.9262,-0.2853,286.9630,imu,
1786777452.491765,0.1995,21.31087875366211,23.563247680664062,0.1316,0.0383,-0.0090,-3.9335,-0.2797,286.6418,imu,
1786777452.502868,0.0111,21.12029457092285,23.14049530029297,0.1298,0.0343,-0.0076,-3.9339,-0.2765,286.4573,imu,
1786777452.650872,0.1480,21.01433753967285,22.95684242248535,0.1289,0.0330,0.0107,-3.9392,-0.2817,286.7550,imu,
1786777452.703715,0.0528,7.845444679260254,23.8929443359375,0.0931,0.2728,0.0155,-3.9405,-0.2751,286.3797,imu,
1786777452.909297,0.2056,-0.0,24.42786407470703,0.0716,0.4152,0.0297,-3.9443,-0.2585,285.4272,imu,
1786777453.014501,0.1052,-0.0,23.14049530029297,0.0679,0.3933,0.0366,-3.9460,-0.2482,284.8370,imu,
1786777453.014552,0.0001,-0.0,22.95684051513672,0.0673,0.3902,0.0366,-3.9460,-0.2288,283.7281,imu,
1786777453.166994,0.1524,-0.0,22.9113826751709,0.0672,0.3894,0.0466,-3.9481,-0.2089,282.5844,imu,
1786777453.220753,0.0538,-0.0,23.456892013549805,0.0688,0.3987,0.0503,-3.9488,-0.1873,281.3499,imu,
1786777453.402374,0.1816,-0.0,24.66735076904297,0.0723,0.4193,0.0632,-3.9510,-0.1647,280.0519,imu,
1786777453.402420,0.0000,-0.0,24.312387466430664,0.0713,0.4133,0.0632,-3.9510,-0.1410,278.6931,imu,
1786777453.504158,0.1017,-0.0,23.69145965576172,0.0695,0.4027,0.0702,-3.9518,-0.1177,277.3591,imu,
1786777453.811203,0.3070,-0.0,24.083024978637695,0.0706,0.4094,0.0918,-3.9537,-0.0887,275.6989,imu,
1786777453.811269,0.0001,-0.0,21.85491180419922,0.0641,0.3715,0.0918,-3.9537,-0.0662,274.4076,imu,
1786777453.811283,0.0000,-0.0,0.9091818928718567,0.0027,0.0155,0.0918,-3.9537,-0.0596,274.0327,imu,
1786777454.123959,0.3127,-0.0,3.2409658432006836,0.0095,0.0551,0.0948,-3.9539,-0.0631,274.2333,imu,
1786777454.223761,0.0998,-0.0,28.282827377319336,0.0829,0.4808,0.1031,-3.9543,-0.0486,273.4017,imu,
1786777454.223819,0.0001,-0.0,27.908315658569336,0.0818,0.4744,0.1031,-3.9543,-0.0210,271.8231,imu,
1786777454.227003,0.0032,-0.0,26.997243881225586,0.0792,0.4589,0.1033,-3.9543,0.0067,270.2326,imu,
1786777454.323248,0.0962,-0.0,27.36815643310547,0.0802,0.4652,0.1111,-3.9541,0.0287,268.9714,imu,
1786777454.425768,0.1025,-0.0,27.008047103881836,0.0792,0.4591,0.1192,-3.9537,0.0506,267.7186,imu,
1786777454.943536,0.5178,-11.411556243896484,16.404111862182617,0.0146,0.4728,0.1267,-3.9532,0.0659,266.8409,imu,
1786777454.943624,0.0001,-25.820762634277344,29.457490921020508,0.0107,0.9396,0.1267,-3.9532,0.1054,264.5784,imu,
1786777454.943638,0.0000,-24.369569778442383,28.607755661010742,0.0124,0.9005,0.1267,-3.9532,0.1575,261.5924,imu,
1786777454.943649,0.0000,-24.66735076904297,28.448476791381836,0.0111,0.9029,0.1267,-3.9532,0.1971,259.3258,imu,
1786777455.400219,0.4566,-24.18423843383789,28.18463706970215,0.0117,0.8902,0.1319,-3.9519,0.2366,257.0631,imu,
1786777455.400280,0.0001,-25.27525520324707,29.639328002929688,0.0128,0.9334,0.1319,-3.9519,0.2762,254.7905,imu,
1786777455.400299,0.0000,-25.567617416381836,29.708852767944336,0.0121,0.9396,0.1319,-3.9519,0.3188,252.3502,imu,
1786777455.400313,0.0000,-25.53675079345703,30.084392547607422,0.0133,0.9454,0.1319,-3.9519,0.3629,249.8221,imu,
1786777455.400327,0.0000,-24.899343490600586,29.490711212158203,0.0135,0.9245,0.1319,-3.9519,0.4097,247.1454,imu,
1786777455.454876,0.0545,-25.0759334564209,29.490711212158203,0.0129,0.9275,0.1326,-3.9516,0.4584,244.3546,imu,
1786777455.523386,0.0685,-28.448476791381836,33.1298713684082,0.0137,1.0467,0.1334,-3.9512,0.5047,241.7025,imu,
1786777455.725306,0.2019,-29.639328002929688,34.36707305908203,0.0139,1.0880,0.1358,-3.9497,0.5557,238.7780,imu,
1786777455.726131,0.0008,-28.988637924194336,34.2101936340332,0.0153,1.0743,0.1358,-3.9497,0.6064,235.8758,imu,
1786777455.929799,0.2037,-29.168691635131836,34.2101936340332,0.0148,1.0773,0.1382,-3.9478,0.6536,233.1692,imu,
1786777455.929855,0.0001,-29.017446517944336,33.97612380981445,0.0145,1.0708,0.1382,-3.9478,0.7006,230.4777,imu,
1786777456.026347,0.0965,-8.44811725616455,10.651973724365234,0.0065,0.3247,0.1386,-3.9474,0.7388,228.2870,imu,
1786777456.683748,0.6574,-1.2855830192565918,1.1019283533096313,-0.0005,0.0406,0.1384,-3.9477,0.7306,228.7592,imu,
1786777456.683833,0.0001,-31.037647247314453,35.07805252075195,0.0118,1.1238,0.1384,-3.9477,0.7627,226.9199,imu,
1786777456.683859,0.0000,-30.853992462158203,35.6290168762207,0.0140,1.1301,0.1384,-3.9477,0.8240,223.4040,imu,
1786777456.683878,0.0000,-30.119375228881836,34.71074295043945,0.0135,1.1020,0.1384,-3.9477,0.8867,219.8146,imu,
1786777456.689108,0.0052,-30.147096633911133,34.99835205078125,0.0142,1.1073,0.1384,-3.9476,0.9551,215.8921,imu,
1786777456.691350,0.0022,-27.36815643310547,32.0495491027832,0.0137,1.0100,0.1384,-3.9476,1.0198,212.1877,imu,
1786777456.885834,0.1945,-0.8915278911590576,1.604750156402588,0.0021,0.0424,0.1386,-3.9472,1.0511,210.3949,imu,
1786777456.886225,0.0004,-0.0,-0.0,-0.0000,0.0000,0.1386,-3.9472,1.0511,210.6853,enc,
1786777457.707422,0.8212,-0.0,-0.0,-0.0000,0.0000,0.1386,-3.9472,1.0511,210.6796,enc,
1786777457.707747,0.0003,-0.0,-0.0,-0.0000,0.0000,0.1386,-3.9472,1.0511,210.6796,enc,
1786777457.707780,0.0000,-27.63736343383789,31.56008529663086,0.0115,1.0062,0.1386,-3.9472,1.0779,209.1428,imu,
1786777457.707809,0.0000,-30.853992462158203,35.81267166137695,0.0145,1.1332,0.1386,-3.9472,1.1418,205.4794,imu,
1786777457.707824,0.0000,-30.249011993408203,35.1104621887207,0.0143,1.1110,0.1386,-3.9472,1.2050,201.8633,imu,
1786777457.707837,0.0000,-30.003000259399414,35.094417572021484,0.0149,1.1065,0.1386,-3.9472,1.2677,198.2664,imu,
1786777458.370070,0.6622,-30.003000259399414,35.094417572021484,0.0149,1.1065,0.1410,-3.9376,1.3315,194.6150,imu,
1786777458.370128,0.0001,-3.4894399642944336,4.775022506713867,0.0038,0.1405,0.1410,-3.9376,1.3683,192.5022,imu,
1786777458.370144,0.0000,-0.18365472555160522,-0.0,-0.0005,0.0031,0.1410,-3.9376,1.3683,192.8261,enc,
1786777458.370157,0.0000,-0.0,-0.0,-0.0000,0.0000,0.1410,-3.9376,1.3683,192.8463,enc,
1786777458.370167,0.0000,-0.0,-0.0,-0.0000,0.0000,0.1410,-3.9376,1.3683,192.8530,enc,
1786777458.370176,0.0000,-0.0,-0.0,-0.0000,0.0000,0.1410,-3.9376,1.3683,192.8527,enc,
1786777458.370185,0.0000,-0.0,-0.0,-0.0000,0.0000,0.1410,-3.9376,1.3683,192.8529,enc,
1786777458.370194,0.0000,-0.0,-0.0,-0.0000,0.0000,0.1410,-3.9376,1.3683,192.8528,enc,
1786777459.297888,0.9277,-0.0,-0.0,-0.0000,0.0000,0.1410,-3.9376,1.3683,192.8531,enc,
1786777459.297982,0.0001,-0.0,-0.0,-0.0000,0.0000,0.1410,-3.9376,1.3683,192.8599,enc,
1786777459.298007,0.0000,-0.0,-0.0,-0.0000,0.0000,0.1410,-3.9376,1.3683,192.8599,enc,
1786777459.298022,0.0000,-0.0,-0.0,-0.0000,0.0000,0.1410,-3.9376,1.3683,192.8530,enc,
1786777459.298047,0.0000,-0.0,-0.0,-0.0000,0.0000,0.1410,-3.9376,1.3683,192.8530,enc,
1786777459.298060,0.0000,-0.0,-0.0,-0.0000,0.0000,0.1410,-3.9376,1.3683,192.8461,enc,
1786777459.298072,0.0000,-22.9113826751709,26.54810905456543,0.0107,0.8407,0.1410,-3.9376,1.3814,192.1000,imu,
1786777459.298090,0.0000,-31.025169372558594,36.017723083496094,0.0146,1.1396,0.1410,-3.9376,1.4459,188.4012,imu,
1786777459.298105,0.0000,-30.303028106689453,34.8943977355957,0.0135,1.1082,0.1410,-3.9376,1.5106,184.6955,imu,
1786777459.298119,0.0000,-30.020484924316406,34.96503448486328,0.0145,1.1046,0.1410,-3.9376,1.5762,180.9369,imu,
1786777459.443838,0.1457,-30.84686279296875,35.66111373901367,0.0141,1.1305,0.1408,-3.9356,1.6565,176.3336,imu,
1786777459.555268,0.1114,-31.275854110717773,36.549110412597656,0.0155,1.1529,0.1405,-3.9339,1.7216,172.6081,imu,
1786777459.609310,0.0540,-31.203475952148438,36.37433624267578,0.0152,1.1487,0.1404,-3.9331,1.7924,168.5509,imu,
1786777459.699853,0.0905,-31.457691192626953,36.549110412597656,0.0149,1.1560,0.1400,-3.9318,1.8622,164.5514,imu,
1786777459.815786,0.1159,-30.912181854248047,36.00360107421875,0.0149,1.1374,0.1394,-3.9301,1.9291,160.7140,imu,
1786777460.225367,0.4096,-31.094018936157227,36.36727523803711,0.0155,1.1467,0.1367,-3.9244,1.9975,156.7955,imu,
1786777460.225433,0.0001,-11.27385425567627,14.001399993896484,0.0080,0.4296,0.1367,-3.9244,2.0542,153.5495,imu,
1786777460.225448,0.0000,-0.0,-0.0,-0.0000,0.0000,0.1367,-3.9244,2.0542,153.9220,enc,
1786777460.236952,0.0115,-21.820363998413086,25.45709228515625,0.0107,0.8036,0.1367,-3.9243,2.0643,153.3404,imu,
1786777460.315702,0.0787,-32.88294219970703,39.17967224121094,0.0185,1.2249,0.1359,-3.9230,2.1282,149.6789,imu,
1786777460.424393,0.1087,-31.037647247314453,37.8328742980957,0.0199,1.1707,0.1346,-3.9213,2.1931,145.9659,imu,
1786777460.592033,0.1676,-26.44628143310547,37.28190994262695,0.0318,1.0833,0.1313,-3.9172,2.2587,142.2063,imu,
1786777460.592095,0.0001,-25.71166229248047,36.91460037231445,0.0328,1.0645,0.1313,-3.9172,2.3209,138.6420,imu,
1786777460.691904,0.0998,-25.89531707763672,36.54729080200195,0.0312,1.0614,0.1290,-3.9150,2.3813,135.1804,imu,
1786777460.828721,0.1368,-25.36184310913086,36.7309455871582,0.0333,1.0555,0.1255,-3.9121,2.4561,130.8943,imu,
1786777460.889454,0.0607,-25.71166229248047,36.3636360168457,0.0312,1.0552,0.1239,-3.9110,2.5206,127.2010,imu,
1786777461.095135,0.2057,-3.81856369972229,6.3642730712890625,0.0075,0.1731,0.1227,-3.9102,2.5538,125.2959,imu,
1786777461.336977,0.2418,-0.0,-0.0,-0.0000,0.0000,0.1227,-3.9102,2.5538,125.5825,enc,
1786777461.337107,0.0001,-0.0,-0.0,-0.0000,0.0000,0.1227,-3.9102,2.5538,125.6824,enc,
1786777461.337125,0.0000,-0.0,-0.0,-0.0000,0.0000,0.1227,-3.9102,2.5538,125.6749,enc,
1786777461.922834,0.5857,-0.0,-0.0,-0.0000,0.0000,0.1227,-3.9102,2.5538,125.6664,enc,
1786777461.922894,0.0001,-0.0,-0.0,-0.0000,0.0000,0.1227,-3.9102,2.5538,125.6746,enc,
1786777461.922914,0.0000,-0.0,-0.0,-0.0000,0.0000,0.1227,-3.9102,2.5538,125.6664,enc,
1786777461.922928,0.0000,-0.0,-0.0,-0.0000,0.0000,0.1227,-3.9102,2.5538,125.6626,enc,
1786777461.922941,0.0000,-0.0,-0.0,-0.0000,0.0000,0.1227,-3.9102,2.5538,125.6624,enc,
1786777463.499261,1.5763,-0.0,-0.0,-0.0000,0.0000,0.1227,-3.9102,2.5538,125.6622,enc,
1786777463.499323,0.0001,-0.0,6.427915573120117,0.0188,0.1093,0.1227,-3.9102,2.5538,125.6622,imu,
1786777463.499340,0.0000,-0.0,39.66941833496094,0.1163,0.6743,0.1227,-3.9102,2.5737,124.5221,imu,
1786777463.499352,0.0000,-0.0,37.28190994262695,0.1093,0.6337,0.1227,-3.9102,2.6091,122.4972,imu,
1786777463.499362,0.0000,-0.0,36.91460037231445,0.1082,0.6275,0.1227,-3.9102,2.6459,120.3830,imu,
1786777463.499372,0.0000,-0.0,36.54729080200195,0.1072,0.6212,0.1227,-3.9102,2.6825,118.2903,imu,
1786777463.499382,0.0000,15.363424301147461,35.141624450683594,0.1481,0.3362,0.1226,-3.9102,2.7152,116.4158,imu,
1786777463.499393,0.0000,26.82799530029297,34.2101936340332,0.1790,0.1255,0.1226,-3.9102,2.7214,116.0615,imu,
1786777463.499403,0.0000,25.89531707763672,34.34343338012695,0.1766,0.1436,0.1226,-3.9102,2.7262,115.7832,imu,
1786777463.499413,0.0000,25.71166229248047,34.1597785949707,0.1756,0.1436,0.1226,-3.9102,2.7347,115.2970,imu,
1786777463.499423,0.0000,25.45709228515625,34.00339889526367,0.1743,0.1453,0.1226,-3.9102,2.7433,114.8035,imu,
1786777463.499433,0.0000,15.059687614440918,20.38567543029785,0.1039,0.0905,0.1226,-3.9102,2.7528,114.2607,imu,
1786777463.499443,0.0000,-0.0,0.18365472555160522,0.0005,0.0031,0.1226,-3.9102,2.7528,113.7065,enc,
1786777463.499454,0.0000,-0.0,-0.0,-0.0000,0.0000,0.1226,-3.9102,2.7528,114.1313,enc,
1786777463.499463,0.0000,-0.0,-0.0,-0.0000,0.0000,0.1226,-3.9102,2.7528,114.0430,enc,
1786777463.499472,0.0000,-0.0,-0.0,-0.0000,0.0000,0.1226,-3.9102,2.7528,114.0546,enc,
1786777463.598722,0.0992,17.819963455200195,20.00200080871582,0.1109,0.0371,0.1125,-3.9060,2.7524,114.0802,imu,
1786777463.644341,0.0456,29.348745346069336,31.869497299194336,0.1795,0.0428,0.1049,-3.9029,2.7575,113.7845,imu,
1786777463.745516,0.1012,29.017446517944336,28.650136947631836,0.1691,-0.0062,0.0890,-3.8966,2.7604,113.6201,imu,
1786777463.846026,0.1005,28.587764739990234,28.241247177124023,0.1666,-0.0059,0.0734,-3.8903,2.7591,113.6938,imu,
1786777463.948529,0.1025,28.18463706970215,28.00279998779297,0.1648,-0.0031,0.0578,-3.8840,2.7618,113.5404,imu,
1786777464.066789,0.1183,28.3505859375,28.172279357910156,0.1657,-0.0030,0.0396,-3.8768,2.7626,113.4912,imu,
1786777464.158214,0.0914,28.07798194885254,27.72480010986328,0.1636,-0.0060,0.0257,-3.8713,2.7638,113.4261,imu,
1786777464.411165,0.2530,28.08837127685547,27.728261947631836,0.1637,-0.0061,-0.0128,-3.8560,2.7647,113.3750,imu,
1786777464.426263,0.0151,27.993972778320312,24.784473419189453,0.1548,-0.0546,-0.0150,-3.8552,2.7669,113.2473,imu,
1786777464.566796,0.1405,27.36455535888672,24.24242401123047,0.1513,-0.0531,-0.0348,-3.8474,2.7673,113.2216,imu,
1786777464.566854,0.0001,27.36455535888672,24.42607879638672,0.1519,-0.0499,-0.0348,-3.8474,2.7640,113.4154,imu,
1786777464.665889,0.0990,27.280750274658203,20.861751556396484,0.1412,-0.1091,-0.0478,-3.8422,2.7600,113.6444,imu,
1786777464.974147,0.3083,27.91551971435547,0.7346189022064209,0.0840,-0.4620,-0.0718,-3.8324,2.7535,114.0175,imu,
1786777464.974214,0.0001,27.09362030029297,-0.0,0.0794,-0.4605,-0.0718,-3.8324,2.7278,115.4850,imu,
1786777464.974232,0.0000,27.18090057373047,-0.0,0.0797,-0.4620,-0.0718,-3.8324,2.7029,116.9110,imu,
1786777465.074531,0.1003,26.91178321838379,-0.0,0.0789,-0.4574,-0.0789,-3.8289,2.6803,118.2083,imu,
1786777465.177527,0.1030,21.45669174194336,-0.0,0.0629,-0.3647,-0.0846,-3.8258,2.6546,119.6837,imu,
1786777465.282170,0.1046,8.364472389221191,-0.0,0.0245,-0.1422,-0.0868,-3.8246,2.6482,120.0466,imu,
1786777465.352199,0.0700,34.96503448486328,-24.19297981262207,0.0316,-1.0056,-0.0888,-3.8235,2.6168,121.8456,imu,
1786777465.537262,0.1851,34.73074722290039,-28.18463706970215,0.0192,-1.0694,-0.0917,-3.8215,2.5561,125.3262,imu,
1786777465.549205,0.0119,34.548912048339844,-27.457292556762695,0.0208,-1.0540,-0.0919,-3.8214,2.4964,128.7439,imu,
1786777465.742118,0.1929,35.8217658996582,-28.548309326171875,0.0213,-1.0942,-0.0950,-3.8187,2.4369,132.1528,imu,
1786777465.946336,0.2042,41.545196533203125,-34.05636215209961,0.0220,-1.2851,-0.0983,-3.8156,2.3687,136.0642,imu,
1786777466.153014,0.2067,42.2405891418457,-34.8943977355957,0.0215,-1.3111,-0.1012,-3.8123,2.2912,140.5051,imu,
1786777466.324253,0.1712,42.735042572021484,-35.141624450683594,0.0223,-1.3237,-0.1035,-3.8092,2.2156,144.8368,imu,
1786777466.326128,0.0019,42.55845260620117,-34.96503448486328,0.0223,-1.3177,-0.1035,-3.8092,2.1364,149.3745,imu,
1786777466.359062,0.0329,42.60789489746094,-34.5270881652832,0.0237,-1.3111,-0.1039,-3.8085,2.0541,154.0889,imu,
1786777466.378457,0.0194,42.10198211669922,-34.65183639526367,0.0218,-1.3047,-0.1040,-3.8081,1.9524,159.9145,imu,
1786777466.479899,0.1014,42.42424011230469,-34.8943977355957,0.0221,-1.3143,-0.1047,-3.8060,1.8746,164.3695,imu,
1786777466.515914,0.0360,40.00400161743164,-32.73054504394531,0.0213,-1.2363,-0.1049,-3.8052,1.7935,169.0176,imu,
1786777466.774252,0.2583,15.304560661315918,-12.603755950927734,0.0079,-0.4744,-0.1052,-3.8032,1.7551,171.2161,imu,
1786777466.774330,0.0001,44.8117561340332,-37.0982551574707,0.0226,-1.3923,-0.1052,-3.8032,1.7149,173.5226,imu,
1786777466.820516,0.0462,43.09522247314453,-36.1854362487793,0.0203,-1.3476,-0.1053,-3.8023,1.6333,178.1992,imu,
1786777466.889166,0.0687,42.79154968261719,-35.9963264465332,0.0199,-1.3392,-0.1053,-3.8009,1.5540,182.7398,imu,
1786777467.021420,0.1323,42.73154830932617,-35.8217658996582,0.0203,-1.3352,-0.1050,-3.7982,1.4780,187.0970,imu,
1786777467.130736,0.1093,37.780399322509766,-31.133848190307617,0.0195,-1.1714,-0.1047,-3.7961,1.3936,191.9330,imu,
1786777467.301272,0.1705,1.1019283533096313,-1.2855830192565918,-0.0005,-0.0406,-0.1047,-3.7962,1.3587,193.9327,imu,
1786777467.302832,0.0016,-0.0,-0.0,-0.0000,0.0000,-0.1047,-3.7962,1.3587,193.4812,enc,
1786777467.484526,0.1817,-0.0,-0.0,-0.0000,0.0000,-0.1047,-3.7962,1.3587,193.5039,enc,
1786777467.496228,0.0117,-0.0,-0.0,-0.0000,0.0000,-0.1047,-3.7962,1.3587,193.4905,enc,
1786777467.740706,0.2445,-0.0,-0.0,-0.0000,0.0000,-0.1047,-3.7962,1.3587,193.4973,enc,
1786777467.741348,0.0006,-0.0,-0.0,-0.0000,0.0000,-0.1047,-3.7962,1.3587,193.4973,enc,
1786777467.854452,0.1131,-0.0,-0.0,-0.0000,0.0000,-0.1047,-3.7962,1.3587,193.4969,enc,
1786777468.162386,0.3079,-0.0,-0.0,-0.0000,0.0000,-0.1047,-3.7962,1.3587,193.4965,enc,
1786777468.162459,0.0001,-0.0,-0.0,-0.0000,0.0000,-0.1047,-3.7962,1.3587,193.4893,enc,
1786777468.162474,0.0000,-0.0,-0.0,-0.0000,0.0000,-0.1047,-3.7962,1.3587,193.4889,enc,
1786777468.353239,0.1908,-0.0,-0.0,-0.0000,0.0000,-0.1047,-3.7962,1.3587,193.4885,enc,
1786777468.353284,0.0000,-0.0,-0.0,-0.0000,0.0000,-0.1047,-3.7962,1.3587,193.4814,enc,
1786777471.023624,2.6703,-0.0,-0.0,-0.0000,0.0000,-0.1047,-3.7962,1.3587,193.4810,enc,
1786777471.023712,0.0001,-0.0,-0.0,-0.0000,0.0000,-0.1047,-3.7962,1.3587,193.4739,enc,
1786777471.023727,0.0000,-0.0,-0.0,-0.0000,0.0000,-0.1047,-3.7962,1.3587,193.4735,enc,
1786777471.023748,0.0000,-0.0,-0.0,-0.0000,0.0000,-0.1047,-3.7962,1.3587,193.4732,enc,
1786777471.023757,0.0000,26.078969955444336,-20.38567543029785,0.0167,-0.7898,-0.1047,-3.7962,1.3539,193.7486,imu,
1786777471.023772,0.0000,44.62809753417969,-34.8943977355957,0.0285,-1.3517,-0.1047,-3.7962,1.2862,197.6237,imu,
1786777471.023783,0.0000,42.42424011230469,-33.24150466918945,0.0269,-1.2862,-0.1047,-3.7962,1.2160,201.6470,imu,
1786777471.023792,0.0000,42.18603515625,-33.09421920776367,0.0267,-1.2796,-0.1047,-3.7962,1.1492,205.4725,imu,
1786777471.023802,0.0000,42.73154830932617,-33.27605438232422,0.0277,-1.2920,-0.1047,-3.7962,1.0805,209.4138,imu,
1786777471.023812,0.0000,25.36184310913086,-19.58983612060547,0.0169,-0.7641,-0.1047,-3.7962,0.9967,214.2106,imu,
1786777471.023822,0.0000,3.6730945110321045,-2.9384756088256836,0.0022,-0.1124,-0.1047,-3.7962,0.9972,214.1826,imu,
1786777471.023832,0.0000,44.29319763183594,-26.82799530029297,0.0512,-1.2089,-0.1047,-3.7962,0.9625,216.1716,imu,
1786777471.023841,0.0000,44.07713317871094,-26.262624740600586,0.0522,-1.1956,-0.1047,-3.7962,0.8874,220.4772,imu,
1786777471.023850,0.0000,42.7933349609375,-25.31938934326172,0.0512,-1.1578,-0.1047,-3.7962,0.8172,224.4947,imu,
1786777471.023860,0.0000,42.73154830932617,-22.184038162231445,0.0602,-1.1034,-0.1047,-3.7962,0.7460,228.5785,imu,
1786777471.023870,0.0000,42.91338348388672,-22.365873336791992,0.0602,-1.1096,-0.1047,-3.7962,0.6721,232.8112,imu,
1786777471.023879,0.0000,42.62175750732422,-22.350435256958008,0.0594,-1.1044,-0.1047,-3.7962,0.6016,236.8527,imu,
1786777471.023888,0.0000,24.793386459350586,-12.672175407409668,0.0355,-0.6368,-0.1047,-3.7962,0.5375,240.5212,imu,
1786777471.023896,0.0000,0.17490926384925842,-0.0,0.0005,-0.0030,-0.1047,-3.7962,0.5375,240.9357,enc,
1786777471.023906,0.0000,-0.0,-0.0,-0.0000,0.0000,-0.1047,-3.7962,0.5375,240.9117,enc,
1786777471.023915,0.0000,-0.0,-0.0,-0.0000,0.0000,-0.1047,-3.7962,0.5375,240.8795,enc,
1786777471.023923,0.0000,-0.0,-0.0,-0.0000,0.0000,-0.1047,-3.7962,0.5375,240.8908,enc,
1786777471.023932,0.0000,-0.0,-0.0,-0.0000,0.0000,-0.1047,-3.7962,0.5375,240.8939,enc,
1786777471.023940,0.0000,-0.0,-0.0,-0.0000,0.0000,-0.1047,-3.7962,0.5375,240.8906,enc,
1786777471.529503,0.5056,-0.0,-0.0,-0.0000,0.0000,-0.1047,-3.7962,0.5375,240.8898,enc,
1786777471.529572,0.0001,-0.0,-0.0,-0.0000,0.0000,-0.1047,-3.7962,0.5375,240.8925,enc,
1786777471.529584,0.0000,-0.0,-0.0,-0.0000,0.0000,-0.1047,-3.7962,0.5375,240.8923,enc,
1786777471.529594,0.0000,-0.0,-0.0,-0.0000,0.0000,-0.1047,-3.7962,0.5375,240.8918,enc,
1786777471.529602,0.0000,-0.0,-0.0,-0.0000,0.0000,-0.1047,-3.7962,0.5375,240.8794,enc,
1786777471.581560,0.0520,-0.0,-0.0,-0.0000,0.0000,-0.1047,-3.7962,0.5375,240.8790,enc,
1786777471.581597,0.0000,-0.0,-0.0,-0.0000,0.0000,-0.1047,-3.7962,0.5375,240.8753,enc,
1786777472.450635,0.8690,-0.0,-0.0,-0.0000,0.0000,-0.1047,-3.7962,0.5375,240.8748,enc,
1786777472.450687,0.0001,-0.0,-0.0,-0.0000,0.0000,-0.1047,-3.7962,0.5375,240.8744,enc,
1786777472.450701,0.0000,-0.0,-0.0,-0.0000,0.0000,-0.1047,-3.7962,0.5375,240.8742,enc,
1786777472.450711,0.0000,-0.0,-0.0,-0.0000,0.0000,-0.1047,-3.7962,0.5375,240.8737,enc,
1786777472.450719,0.0000,-0.0,-0.0,-0.0000,0.0000,-0.1047,-3.7962,0.5375,240.8737,enc,
1786777472.450727,0.0000,-0.0,-0.0,-0.0000,0.0000,-0.1047,-3.7962,0.5375,240.8731,enc,
1786777472.450736,0.0000,-0.0,-0.0,-0.0000,0.0000,-0.1047,-3.7962,0.5375,240.8727,enc,
1786777472.450745,0.0000,-0.0,-0.0,-0.0000,0.0000,-0.1047,-3.7962,0.5375,240.8814,enc,
1786777472.451576,0.0008,-0.0,-0.0,-0.0000,0.0000,-0.1047,-3.7962,0.5375,240.8810,enc,
1786777472.464871,0.0133,-0.0,-0.0,-0.0000,0.0000,-0.1047,-3.7962,0.5375,240.8807,enc,
1786777472.604777,0.1399,-0.0,-0.0,-0.0000,0.0000,-0.1047,-3.7962,0.5375,240.8805,enc,
1786777472.720458,0.1157,-0.0,-0.0,-0.0000,0.0000,-0.1047,-3.7962,0.5375,240.8803,enc,
1786777472.857795,0.1373,-0.0,-0.0,-0.0000,0.0000,-0.1047,-3.7962,0.5375,240.8801,enc,
1786777472.961377,0.1036,-0.0,-0.0,-0.0000,0.0000,-0.1047,-3.7962,0.5375,240.8799,enc,
1786777472.962921,0.0015,-0.0,-0.0,-0.0000,0.0000,-0.1047,-3.7962,0.5375,240.8795,enc,
1786777473.268066,0.3051,-0.0,-0.0,-0.0000,0.0000,-0.1047,-3.7962,0.5375,240.8795,enc,
1786777473.268116,0.0000,-0.0,-0.0,-0.0000,0.0000,-0.1047,-3.7962,0.5375,240.8792,enc,
1786777473.472155,0.2040,-0.0,-0.0,-0.0000,0.0000,-0.1047,-3.7962,0.5375,240.8790,enc,
1786777473.472219,0.0001,-0.0,-0.0,-0.0000,0.0000,-0.1047,-3.7962,0.5375,240.8786,enc,
1786777473.539637,0.0674,-0.0,-0.0,-0.0000,0.0000,-0.1047,-3.7962,0.5375,240.8783,enc,
1786777473.648375,0.1087,-0.0,-0.0,-0.0000,0.0000,-0.1047,-3.7962,0.5375,240.8783,enc,
1786777473.739683,0.0913,-0.0,-0.0,-0.0000,0.0000,-0.1047,-3.7962,0.5375,240.8781,enc,
1786777474.919175,1.1795,-0.0,-0.0,-0.0000,0.0000,-0.1047,-3.7962,0.5375,240.8779,enc,
1786777474.919251,0.0001,-0.0,-0.0,-0.0000,0.0000,-0.1047,-3.7962,0.5375,240.8779,enc,
1786777474.919264,0.0000,-0.0,-0.0,-0.0000,0.0000,-0.1047,-3.7962,0.5375,240.8777,enc,
1786777474.919273,0.0000,-0.0,-0.0,-0.0000,0.0000,-0.1047,-3.7962,0.5375,240.8774,enc,
1786777474.919282,0.0000,-0.0,-0.0,-0.0000,0.0000,-0.1047,-3.7962,0.5375,240.8774,enc,
1786777474.919290,0.0000,-0.0,-0.0,-0.0000,0.0000,-0.1047,-3.7962,0.5375,240.8772,enc,
1786777474.919299,0.0000,-0.0,-0.0,-0.0000,0.0000,-0.1047,-3.7962,0.5375,240.8772,enc,
1786777475.062774,0.1435,-0.0,-0.0,-0.0000,0.0000,-0.1047,-3.7962,0.5375,240.8770,enc,
1786777475.062831,0.0001,-0.0,-0.0,-0.0000,0.0000,-0.1047,-3.7962,0.5375,240.8770,enc,
1786777475.062857,0.0000,-0.0,-0.0,-0.0000,0.0000,-0.1047,-3.7962,0.5375,240.8887,enc,
1786777475.062867,0.0000,-0.0,-0.0,-0.0000,0.0000,-0.1047,-3.7962,0.5375,240.8884,enc,
1786777475.062876,0.0000,-0.0,-0.0,-0.0000,0.0000,-0.1047,-3.7962,0.5375,240.8793,enc,
1786777475.062885,0.0000,-0.0,-0.0,-0.0000,0.0000,-0.1047,-3.7962,0.5375,240.8761,enc,
1786777475.430747,0.3679,-0.0,-0.0,-0.0000,0.0000,-0.1047,-3.7962,0.5375,240.8763,enc,
1786777475.430806,0.0001,-0.0,-0.0,-0.0000,0.0000,-0.1047,-3.7962,0.5375,240.8760,enc,
1786777475.471085,0.0403,-0.0,-0.0,-0.0000,0.0000,-0.1047,-3.7962,0.5375,240.8760,enc,
1786777475.725436,0.2544,-0.0,-0.0,-0.0000,0.0000,-0.1047,-3.7962,0.5375,240.8758,enc,
1786777475.892682,0.1672,-0.0,-0.0,-0.0000,0.0000,-0.1047,-3.7962,0.5375,240.8760,enc,
1786777475.893569,0.0009,-0.0,-0.0,-0.0000,0.0000,-0.1047,-3.7962,0.5375,240.8760,enc,
1786777475.893599,0.0000,-0.0,-0.0,-0.0000,0.0000,-0.1047,-3.7962,0.5375,240.8758,enc,
1786777475.894866,0.0013,-0.0,-0.0,-0.0000,0.0000,-0.1047,-3.7962,0.5375,240.8758,enc,
1786777475.980245,0.0854,-0.0,-0.0,-0.0000,0.0000,-0.1047,-3.7962,0.5375,240.8758,enc,
1786777476.048932,0.0687,-0.0,-0.0,-0.0000,0.0000,-0.1047,-3.7962,0.5375,240.8755,enc,
1786777476.199119,0.1502,-0.0,-0.0,-0.0000,0.0000,-0.1047,-3.7962,0.5375,240.8755,enc,
1786777476.296487,0.0974,-0.0,-0.0,-0.0000,0.0000,-0.1047,-3.7962,0.5375,240.8756,enc,
1786777476.460645,0.1642,-0.0,-0.0,-0.0000,0.0000,-0.1047,-3.7962,0.5375,240.8754,enc,
1786777476.544498,0.0839,-0.0,-0.0,-0.0000,0.0000,-0.1047,-3.7962,0.5375,240.8754,enc,
1786777476.556735,0.0122,-0.0,-0.0,-0.0000,0.0000,-0.1047,-3.7962,0.5375,240.8751,enc,
1786777476.659261,0.1025,-0.0,-0.0,-0.0000,0.0000,-0.1047,-3.7962,0.5375,240.8751,enc,
1786777476.772814,0.1136,-0.0,-0.0,-0.0000,0.0000,-0.1047,-3.7962,0.5375,240.8751,enc,
1786777476.863561,0.0907,-0.0,-0.0,-0.0000,0.0000,-0.1047,-3.7962,0.5375,240.8751,enc,
1786777476.975033,0.1115,-0.0,-0.0,-0.0000,0.0000,-0.1047,-3.7962,0.5375,240.8749,enc,
1786777477.107212,0.1322,-0.0,-0.0,-0.0000,0.0000,-0.1047,-3.7962,0.5375,240.8750,enc,
1786777477.229433,0.1222,-0.0,-0.0,-0.0000,0.0000,-0.1047,-3.7962,0.5375,240.8750,enc,
1786777477.272580,0.0431,-0.0,-0.0,-0.0000,0.0000,-0.1047,-3.7962,0.5375,240.8750,enc,
1786777477.387355,0.1148,-0.0,-0.0,-0.0000,0.0000,-0.1047,-3.7962,0.5375,240.8750,enc,
1786777477.575861,0.1885,-0.0,-0.0,-0.0000,0.0000,-0.1047,-3.7962,0.5375,240.8747,enc,
1786777477.576604,0.0007,-0.0,-0.0,-0.0000,0.0000,-0.1047,-3.7962,0.5375,240.8747,enc,
1786777477.773833,0.1972,-0.0,-0.0,-0.0000,0.0000,-0.1047,-3.7962,0.5375,240.8747,enc,
1786777477.850127,0.0763,-0.0,-0.0,-0.0000,0.0000,-0.1047,-3.7962,0.5375,240.8745,enc,
1786777477.876630,0.0265,-0.0,-0.0,-0.0000,0.0000,-0.1047,-3.7962,0.5375,240.8745,enc,
1786777477.994503,0.1179,-0.0,-0.0,-0.0000,0.0000,-0.1047,-3.7962,0.5375,240.8745,enc,
1786777478.080134,0.0856,-0.0,-0.0,-0.0000,0.0000,-0.1047,-3.7962,0.5375,240.8745,enc,
1786777478.156641,0.0765,-0.0,-0.0,-0.0000,0.0000,-0.1047,-3.7962,0.5375,240.8746,enc,
1786777478.287387,0.1307,-0.0,-0.0,-0.0000,0.0000,-0.1047,-3.7962,0.5375,240.8746,enc,
1786777478.389798,0.1024,-0.0,-0.0,-0.0000,0.0000,-0.1047,-3.7962,0.5375,240.8746,enc,
1786777478.595048,0.2053,-0.0,-0.0,-0.0000,0.0000,-0.1047,-3.7962,0.5375,240.8743,enc,
1786777478.601007,0.0060,-0.0,-0.0,-0.0000,0.0000,-0.1047,-3.7962,0.5375,240.8743,enc,
1786777478.763110,0.1621,-0.0,-0.0,-0.0000,0.0000,-0.1047,-3.7962,0.5375,240.8743,enc,
1786777478.910621,0.1475,-0.0,-0.0,-0.0000,0.0000,-0.1047,-3.7962,0.5375,240.8743,enc,
1786777478.951090,0.0405,-0.0,-0.0,-0.0000,0.0000,-0.1047,-3.7962,0.5375,240.8743,enc,
1786777479.074572,0.1235,-0.0,-0.0,-0.0000,0.0000,-0.1047,-3.7962,0.5375,240.8743,enc,
1786777479.076697,0.0021,-0.0,-0.0,-0.0000,0.0000,-0.1047,-3.7962,0.5375,240.8743,enc,
1786777479.322380,0.2457,-0.0,-0.0,-0.0000,0.0000,-0.1047,-3.7962,0.5375,240.8744,enc,
1786777479.363856,0.0415,-0.0,-0.0,-0.0000,0.0000,-0.1047,-3.7962,0.5375,240.8744,enc,
1786777479.463951,0.1001,-0.0,-0.0,-0.0000,0.0000,-0.1047,-3.7962,0.5375,240.8744,enc,
1786777479.619102,0.1552,-0.0,-0.0,-0.0000,0.0000,-0.1047,-3.7962,0.5375,240.8744,enc,
1786777479.684421,0.0653,-0.0,-0.0,-0.0000,0.0000,-0.1047,-3.7962,0.5375,240.8744,enc,
1786777479.686456,0.0020,-0.0,-0.0,-0.0000,0.0000,-0.1047,-3.7962,0.5375,240.8744,enc,
1786777479.944307,0.2579,-0.0,-0.0,-0.0000,0.0000,-0.1047,-3.7962,0.5375,240.8744,enc,
1786777479.976126,0.0318,-0.0,-0.0,-0.0000,0.0000,-0.1047,-3.7962,0.5375,240.8744,enc,
1786777480.131970,0.1558,-0.0,-0.0,-0.0000,0.0000,-0.1047,-3.7962,0.5375,240.8744,enc,
1786777480.135430,0.0035,-0.0,-0.0,-0.0000,0.0000,-0.1047,-3.7962,0.5375,240.8744,enc,
1786777480.253136,0.1177,-0.0,-0.0,-0.0000,0.0000,-0.1047,-3.7962,0.5375,240.8744,enc,
1786777480.299777,0.0466,-0.0,-0.0,-0.0000,0.0000,-0.1047,-3.7962,0.5375,240.8744,enc,
1786777480.439237,0.1395,-0.0,-0.0,-0.0000,0.0000,-0.1047,-3.7962,0.5375,240.8744,enc,
1786777480.511093,0.0719,-0.0,-0.0,-0.0000,0.0000,-0.1047,-3.7962,0.5375,240.8741,enc,
1786777480.604700,0.0936,-0.0,-0.0,-0.0000,0.0000,-0.1047,-3.7962,0.5375,240.8741,enc,
1786777480.762970,0.1583,-0.0,-0.0,-0.0000,0.0000,-0.1047,-3.7962,0.5375,240.8741,enc,
1786777480.896102,0.1331,-0.0,-0.0,-0.0000,0.0000,-0.1047,-3.7962,0.5375,240.8741,enc,
1786777481.063093,0.1670,-0.0,-0.0,-0.0000,0.0000,-0.1047,-3.7962,0.5375,240.8741,enc,
1786777481.076353,0.0133,-0.0,-0.0,-0.0000,0.0000,-0.1047,-3.7962,0.5375,240.8741,enc,
1786777481.109203,0.0328,-0.0,-0.0,-0.0000,0.0000,-0.1047,-3.7962,0.5375,240.8741,enc,
1786777481.272681,0.1635,-0.0,-0.0,-0.0000,0.0000,-0.1047,-3.7962,0.5375,240.8741,enc,
1786777481.367530,0.0948,-0.0,-0.0,-0.0000,0.0000,-0.1047,-3.7962,0.5375,240.8741,enc,
1786777481.682198,0.3147,-0.0,-0.0,-0.0000,0.0000,-0.1047,-3.7962,0.5375,240.8741,enc,
1786777481.684183,0.0020,-0.0,-0.0,-0.0000,0.0000,-0.1047,-3.7962,0.5375,240.8741,enc,
1786777481.740322,0.0561,-0.0,-0.0,-0.0000,0.0000,-0.1047,-3.7962,0.5375,240.8741,enc,
1786777481.776517,0.0362,-0.0,-0.0,-0.0000,0.0000,-0.1047,-3.7962,0.5375,240.8741,enc,
1786777482.231916,0.4554,-0.0,-0.0,-0.0000,0.0000,-0.1047,-3.7962,0.5375,240.8741,enc,
1786777482.235648,0.0037,-0.0,-0.0,-0.0000,0.0000,-0.1047,-3.7962,0.5375,240.8741,enc,
1786777482.235664,0.0000,-0.0,-0.0,-0.0000,0.0000,-0.1047,-3.7962,0.5375,240.8742,enc,
1786777482.240962,0.0053,-0.0,-0.0,-0.0000,0.0000,-0.1047,-3.7962,0.5375,240.8742,enc,
1786777482.290222,0.0493,14.207253456115723,-0.0,0.0417,-0.2415,-0.1029,-3.7952,0.5375,240.8742,imu,
1786777482.388726,0.0985,41.13865661621094,-0.0,0.1206,-0.6993,-0.0926,-3.7893,0.5141,242.2147,imu,
1786777482.743148,0.3544,38.56748962402344,-0.0,0.1131,-0.6556,-0.0570,-3.7709,0.4778,244.2954,imu,
1786777482.753963,0.0108,38.38383483886719,-0.0,0.1125,-0.6524,-0.0559,-3.7704,0.4413,246.3856,imu,
1786777482.755152,0.0012,38.20018005371094,-0.0,0.1120,-0.6493,-0.0557,-3.7703,0.4040,248.5234,imu,
1786777482.793592,0.0384,38.20018005371094,-0.0,0.1120,-0.6493,-0.0517,-3.7688,0.3670,250.6450,imu,
1786777482.908660,0.1151,34.99835205078125,-0.0,0.1026,-0.5949,-0.0405,-3.7650,0.3265,252.9625,imu,
1786777483.222338,0.3137,35.2762565612793,-0.0,0.1034,-0.5996,-0.0095,-3.7556,0.2934,254.8608,imu,
1786777483.222393,0.0001,32.87419509887695,-0.0,0.0964,-0.5588,-0.0095,-3.7556,0.2608,256.7289,imu,
1786777483.223373,0.0010,32.87419509887695,-0.0,0.0964,-0.5588,-0.0094,-3.7556,0.2281,258.6032,imu,
1786777483.305197,0.0818,32.87419509887695,-0.0,0.0964,-0.5588,-0.0017,-3.7540,0.1962,260.4289,imu,
1786777483.356759,0.0516,32.548709869384766,-0.0,0.0954,-0.5533,0.0032,-3.7532,0.1642,262.2623,imu,
1786777483.513892,0.1571,31.738391876220703,-0.0,0.0931,-0.5395,0.0177,-3.7513,0.1295,264.2523,imu,
1786777483.713133,0.1992,29.935720443725586,-0.0,0.0878,-0.5088,0.0351,-3.7496,0.0999,265.9505,imu,
1786777483.713235,0.0001,29.935720443725586,-0.0,0.0878,-0.5088,0.0351,-3.7496,0.0712,267.5907,imu,
1786777483.888779,0.1755,29.639328002929688,-0.0,0.0869,-0.5038,0.0504,-3.7490,0.0413,269.3044,imu,
1786777484.035634,0.1469,29.568410873413086,-0.0,0.0867,-0.5026,0.0631,-3.7488,0.0128,270.9362,imu,
1786777484.037891,0.0023,28.860027313232422,-0.0,0.0846,-0.4906,0.0633,-3.7488,-0.0152,272.5439,imu,
1786777484.087599,0.0497,26.997243881225586,-0.0,0.0792,-0.4589,0.0672,-3.7490,-0.0412,274.0348,imu,
1786777484.279593,0.1920,26.72994613647461,-0.0,0.0784,-0.4544,0.0822,-3.7500,-0.0680,275.5670,imu,
1786777484.280651,0.0011,26.50865364074707,-0.0,0.0777,-0.4506,0.0823,-3.7500,-0.0992,277.3577,imu,
1786777484.581501,0.3008,26.813589096069336,-0.0,0.0786,-0.4558,0.1058,-3.7529,-0.1240,278.7766,imu,
1786777484.581578,0.0001,19.65105628967285,-0.0,0.0576,-0.3340,0.1058,-3.7529,-0.1488,280.1981,imu,
1786777484.895239,0.3137,0.17830556631088257,-0.0,0.0005,-0.0030,0.1059,-3.7530,-0.1498,280.3350,enc,
1786777484.946527,0.0513,19.071836471557617,2.2956840991973877,0.0627,-0.2852,0.1091,-3.7534,-0.1512,280.4726,imu,
1786777484.947638,0.0011,24.77606201171875,25.122581481933594,0.1463,0.0059,0.1093,-3.7535,-0.1620,281.0920,imu,
1786777485.096053,0.1484,24.609731674194336,24.05876922607422,0.1427,-0.0094,0.1302,-3.7568,-0.1580,280.8643,imu,
1786777485.096141,0.0001,24.42954444885254,23.909765243530273,0.1417,-0.0088,0.1302,-3.7568,-0.1587,280.9012,imu,
1786777485.217668,0.1215,19.8059024810791,23.94713592529297,0.1283,0.0704,0.1456,-3.7592,-0.1571,280.8110,imu,
1786777485.454419,0.2368,0.36367273330688477,25.27525520324707,0.0752,0.4234,0.1632,-3.7618,-0.1420,279.9457,imu,
1786777485.454513,0.0001,-0.0,24.366071701049805,0.0714,0.4142,0.1632,-3.7618,-0.1369,279.6552,imu,
1786777485.456460,0.0019,-0.0,24.00240135192871,0.0704,0.4080,0.1634,-3.7618,-0.1275,279.1150,imu,
1786777486.176933,0.7205,-0.0,24.05876922607422,0.0705,0.4090,0.2139,-3.7673,-0.1096,278.0887,imu,
1786777486.177732,0.0008,-0.0,24.609731674194336,0.0722,0.4183,0.2139,-3.7673,-0.0883,276.8695,imu,
1786777486.182129,0.0044,-0.0,25.27525520324707,0.0741,0.4296,0.2143,-3.7674,-0.0654,275.5539,imu,
1786777486.182177,0.0000,-0.0,24.97704315185547,0.0732,0.4246,0.2143,-3.7674,-0.0417,274.1955,imu,
1786777486.182190,0.0000,-0.0,26.078969955444336,0.0765,0.4433,0.2143,-3.7674,-0.0172,272.7946,imu,
1786777486.182208,0.0000,-0.0,26.078969955444336,0.0765,0.4433,0.2143,-3.7674,0.0086,271.3137,imu,
1786777486.182217,0.0000,-0.0,26.078969955444336,0.0765,0.4433,0.2143,-3.7674,0.0358,269.7561,imu,
1786777486.193851,0.0116,-0.0,25.71166229248047,0.0754,0.4370,0.2152,-3.7673,0.0626,268.2204,imu,
1786777486.297819,0.1040,-4.677997589111328,25.81561851501465,0.0620,0.5183,0.2216,-3.7667,0.0897,266.6697,imu,
1786777486.541906,0.2441,-25.89531707763672,27.36455535888672,0.0043,0.9053,0.2226,-3.7666,0.1264,264.5685,imu,
1786777486.549354,0.0074,-24.366071701049805,26.91178321838379,0.0075,0.8716,0.2227,-3.7666,0.1762,261.7129,imu,
1786777486.704809,0.1555,-24.837114334106445,27.460752487182617,0.0077,0.8890,0.2238,-3.7663,0.2400,258.0581,imu,
1786777486.839389,0.1346,-25.820762634277344,28.911983489990234,0.0091,0.9303,0.2250,-3.7659,0.2942,254.9505,imu,
1786777486.895540,0.0562,-25.45709228515625,28.366474151611328,0.0085,0.9149,0.2254,-3.7658,0.3408,252.2802,imu,
1786777486.998223,0.1027,-25.27525520324707,28.548309326171875,0.0096,0.9149,0.2264,-3.7654,0.3887,249.5406,imu,
1786777487.606282,0.6081,-24.847402572631836,28.448476791381836,0.0106,0.9059,0.2322,-3.7627,0.4388,246.6681,imu,
1786777487.606485,0.0002,-25.20751190185547,28.628530502319336,0.0100,0.9151,0.2322,-3.7627,0.4912,243.6654,imu,
1786777487.606503,0.0000,-26.16213607788086,30.320356369018555,0.0122,0.9601,0.2322,-3.7627,0.5410,240.8141,imu,
1786777487.606515,0.0000,-26.032611846923828,29.955333709716797,0.0115,0.9517,0.2322,-3.7627,0.6053,237.1296,imu,
1786777487.606527,0.0000,-26.002599716186523,29.639328002929688,0.0107,0.9458,0.2322,-3.7627,0.6602,233.9820,imu,
1786777488.527557,0.9210,-26.366273880004883,30.912181854248047,0.0133,0.9736,0.2415,-3.7546,0.7142,230.8902,imu,
1786777488.527670,0.0001,-26.72994613647461,32.00320053100586,0.0155,0.9983,0.2415,-3.7546,0.7718,227.5879,imu,
1786777488.527685,0.0000,-26.62993621826172,31.955923080444336,0.0156,0.9958,0.2415,-3.7546,0.8297,224.2683,imu,
1786777488.527696,0.0000,-26.64794158935547,31.869497299194336,0.0153,0.9947,0.2415,-3.7546,0.8848,221.1148,imu,
1786777488.527705,0.0000,-27.09362030029297,32.548709869384766,0.0160,1.0138,0.2415,-3.7546,0.9410,217.8912,imu,
1786777488.527715,0.0000,-28.282827377319336,33.60881423950195,0.0156,1.0520,0.2415,-3.7546,1.0002,214.4995,imu,
1786777488.527724,0.0000,-27.457292556762695,33.27605438232422,0.0171,1.0323,0.2415,-3.7546,1.0557,211.3221,imu,
1786777488.527734,0.0000,-27.639127731323242,33.27605438232422,0.0165,1.0354,0.2415,-3.7546,1.1172,207.7996,imu,
1786777488.527743,0.0000,-27.36455535888672,33.4251594543457,0.0178,1.0333,0.2415,-3.7546,1.1782,204.3017,imu,
1786777488.527752,0.0000,-27.54821014404297,33.19912338256836,0.0166,1.0326,0.2415,-3.7546,1.2364,200.9676,imu,
1786777488.641238,0.1135,-27.371618270874023,33.72889709472656,0.0186,1.0386,0.2420,-3.7526,1.2932,197.7116,imu,
1786777488.641303,0.0001,-26.16213607788086,34.825096130371094,0.0254,1.0367,0.2420,-3.7526,1.3586,193.9680,imu,
1786777488.902471,0.2612,-26.10778045654297,35.2905158996582,0.0269,1.0436,0.2431,-3.7457,1.4171,190.6135,imu,
1786777488.902520,0.0000,-26.10778045654297,34.9304084777832,0.0259,1.0375,0.2431,-3.7457,1.4776,187.1465,imu,
1786777489.298382,0.3959,-25.344350814819336,35.07805252075195,0.0285,1.0271,0.2434,-3.7344,1.5423,183.4415,imu,
1786777489.298440,0.0001,-25.71166229248047,35.07805252075195,0.0275,1.0333,0.2434,-3.7344,1.6113,179.4909,imu,
1786777489.298454,0.0000,-26.002599716186523,35.094417572021484,0.0267,1.0385,0.2434,-3.7344,1.6703,176.1056,imu,
1786777489.309267,0.0108,-25.63892936706543,34.185237884521484,0.0251,1.0169,0.2434,-3.7341,1.7322,172.5607,imu,
1786777489.499994,0.1907,-22.563295364379883,35.85639953613281,0.0390,0.9930,0.2417,-3.7268,1.7946,168.9884,imu,
1786777489.502123,0.0021,-21.12029457092285,36.17998123168945,0.0442,0.9740,0.2417,-3.7268,1.8532,165.6310,imu,
1786777489.771746,0.2696,-21.12029457092285,35.9963264465332,0.0436,0.9709,0.2378,-3.7157,1.9135,162.1758,imu,
1786777489.771817,0.0001,-21.12029457092285,36.17998123168945,0.0442,0.9740,0.2378,-3.7157,1.9711,158.8750,imu,
1786777489.962015,0.1902,-21.093017578125,36.36727523803711,0.0448,0.9767,0.2340,-3.7080,2.0275,155.6441,imu,
1786777490.377869,0.4159,-16.28636360168457,35.518131256103516,0.0564,0.8806,0.2223,-3.6877,2.0937,151.8514,imu,
1786777490.378026,0.0002,-0.0,34.36707305908203,0.1008,0.5842,0.2223,-3.6877,2.1333,149.5809,imu,
1786777490.378056,0.0000,-0.0,32.13957595825195,0.0942,0.5463,0.2223,-3.6877,2.1672,147.6401,imu,
1786777490.684431,0.3064,-0.0,31.639528274536133,0.0928,0.5378,0.2055,-3.6647,2.2005,145.7291,imu,
1786777490.685117,0.0007,-0.0,29.52880096435547,0.0866,0.5019,0.2055,-3.6647,2.2304,144.0171,imu,
1786777490.685136,0.0000,-0.0,29.708852767944336,0.0871,0.5050,0.2055,-3.6647,2.2576,142.4573,imu,
1786777490.685850,0.0007,-0.0,29.28080177307129,0.0859,0.4977,0.2055,-3.6646,2.2877,140.7324,imu,
1786777490.888467,0.2026,-0.0,29.639328002929688,0.0869,0.5038,0.1935,-3.6517,2.3177,139.0146,imu,
1786777490.888552,0.0001,-0.0,29.384754180908203,0.0862,0.4995,0.1935,-3.6517,2.3490,137.2208,imu,
1786777490.888565,0.0000,-0.0,28.988637924194336,0.0850,0.4927,0.1935,-3.6517,2.3850,135.1561,imu,
1786777490.932309,0.0437,-0.0,4.767959117889404,0.0140,0.0810,0.1930,-3.6513,2.4014,134.2179,imu,
1786777491.193094,0.2608,-0.0,5.761716842651367,0.0169,0.0979,0.1898,-3.6483,2.3967,134.4857,imu,
1786777491.242254,0.0492,-0.0,32.18330383300781,0.0944,0.5471,0.1863,-3.6452,2.4187,133.2253,imu,
1786777491.244493,0.0022,-0.0,28.00279998779297,0.0821,0.4760,0.1862,-3.6451,2.4449,131.7259,imu,
1786777491.415095,0.1706,-0.0,27.91551971435547,0.0819,0.4745,0.1752,-3.6365,2.4721,130.1696,imu,
1786777491.415200,0.0001,-0.0,27.72146987915039,0.0813,0.4712,0.1752,-3.6364,2.5049,128.2868,imu,
1786777492.835227,1.4200,-0.0,27.731863021850586,0.0813,0.4714,0.0806,-3.5703,2.5317,126.7545,imu,
1786777492.835291,0.0001,-0.0,25.63892936706543,0.0752,0.4358,0.0806,-3.5703,2.5573,125.2885,imu,
1786777492.835305,0.0000,-0.0,25.497695922851562,0.0748,0.4334,0.0806,-3.5703,2.5821,123.8664,imu,
1786777492.835316,0.0000,-0.0,25.45709228515625,0.0746,0.4327,0.0806,-3.5703,2.6055,122.5228,imu,
1786777492.835510,0.0002,-0.0,25.16069793701172,0.0738,0.4277,0.0806,-3.5703,2.6304,121.1005,imu,
1786777492.932869,0.0974,-0.0,24.97704315185547,0.0732,0.4246,0.0743,-3.5670,2.6552,119.6777,imu,
1786777492.932923,0.0001,-0.0,3.4894399642944336,0.0102,0.0593,0.0743,-3.5670,2.6670,119.0005,imu,
1786777492.933093,0.0002,-0.0,-0.0,-0.0000,0.0000,0.0743,-3.5670,2.6670,119.1358,enc,
1786777492.933125,0.0000,-0.0,-0.0,-0.0000,0.0000,0.0743,-3.5670,2.6670,119.1649,enc,
1786777492.933137,0.0000,-0.0,-0.0,-0.0000,0.0000,0.0743,-3.5670,2.6670,119.1764,enc,
1786777492.933148,0.0000,-0.0,-0.0,-0.0000,0.0000,0.0743,-3.5670,2.6670,119.1762,enc,
1786777492.933157,0.0000,-0.0,-0.0,-0.0000,0.0000,0.0743,-3.5670,2.6670,119.1790,enc,
1786777493.154813,0.2217,-0.0,-0.0,-0.0000,0.0000,0.0743,-3.5670,2.6670,119.1788,enc,
1786777493.154867,0.0001,-0.0,-0.0,-0.0000,0.0000,0.0743,-3.5670,2.6670,119.1817,enc,
1786777493.154881,0.0000,-0.0,-0.0,-0.0000,0.0000,0.0743,-3.5670,2.6670,119.1816,enc,
1786777493.154891,0.0000,-0.0,-0.0,-0.0000,0.0000,0.0743,-3.5670,2.6670,119.1814,enc,
1786777493.289280,0.1344,-0.0,-0.0,-0.0000,0.0000,0.0743,-3.5670,2.6670,119.1814,enc,
1786777493.289332,0.0001,3.2409658432006836,2.1606438159942627,0.0158,-0.0184,0.0743,-3.5670,2.6675,119.1520,imu,
1786777493.337784,0.0485,26.82799530029297,0.5401609539985657,0.0802,-0.4468,0.0708,-3.5652,2.6637,119.3732,imu,
1786777493.441289,0.1035,24.847402572631836,-0.0,0.0729,-0.4224,0.0641,-3.5616,2.6539,119.9339,imu,
1786777493.598116,0.1568,24.609731674194336,-0.0,0.0722,-0.4183,0.0542,-3.5562,2.6419,120.6215,imu,
1786777495.078455,1.4803,24.42786407470703,-0.0,0.0716,-0.4152,-0.0379,-3.5038,2.6242,121.6333,imu,
1786777495.078565,0.0001,22.77318572998047,-0.0,0.0668,-0.3871,-0.0379,-3.5038,2.6041,122.7887,imu,
1786777495.078594,0.0000,0.9182736277580261,-0.0,0.0027,-0.0156,-0.0379,-3.5038,2.5940,123.3647,imu,
1786777495.078647,0.0001,-0.0,-0.0,-0.0000,0.0000,-0.0379,-3.5038,2.5940,123.2312,enc,
1786777495.078689,0.0000,-0.0,-0.0,-0.0000,0.0000,-0.0379,-3.5038,2.5940,123.2313,enc,
1786777495.078715,0.0000,2.7008047103881836,-0.0,0.0079,-0.0459,-0.0379,-3.5038,2.5940,123.2314,imu,
1786777495.078742,0.0000,29.752065658569336,-0.0,0.0872,-0.5057,-0.0380,-3.5038,2.5805,124.0020,imu,
1786777495.610985,0.5322,28.282827377319336,-0.0,0.0829,-0.4808,-0.0747,-3.4794,2.5558,125.4175,imu,
1786777495.611174,0.0002,28.099172592163086,-0.0,0.0824,-0.4776,-0.0747,-3.4794,2.5297,126.9159,imu,
1786777495.611205,0.0000,27.82096290588379,-0.0,0.0816,-0.4729,-0.0747,-3.4794,2.5062,128.2639,imu,
1786777495.611230,0.0000,26.62993621826172,-0.0,0.0781,-0.4527,-0.0747,-3.4794,2.4838,129.5455,imu,
1786777495.611253,0.0000,1.6528925895690918,-0.0,0.0048,-0.0281,-0.0747,-3.4794,2.4792,129.8082,imu,
1786777495.611275,0.0000,-0.0,-0.0,-0.0000,0.0000,-0.0747,-3.4794,2.4792,129.7441,enc,
1786777495.611298,0.0000,-0.0,-0.0,-0.0000,0.0000,-0.0747,-3.4794,2.4792,129.7443,enc,
1786777495.611318,0.0000,-0.0,-0.0,-0.0000,0.0000,-0.0747,-3.4794,2.4792,129.7404,enc,
1786777495.611339,0.0000,-0.0,-0.0,-0.0000,0.0000,-0.0747,-3.4794,2.4792,129.7284,enc,
1786777495.611358,0.0000,15.363424301147461,-7.240234851837158,0.0238,-0.3842,-0.0747,-3.4794,2.4780,129.7961,imu,
1786777495.611382,0.0000,33.958797454833984,-27.54821014404297,0.0188,-1.0455,-0.0747,-3.4794,2.4321,132.4298,imu,
1786777495.611403,0.0000,32.62991714477539,-25.676002502441406,0.0204,-0.9911,-0.0747,-3.4794,2.3813,135.3391,imu,
1786777495.611426,0.0000,32.548709869384766,-25.63892936706543,0.0203,-0.9891,-0.0747,-3.4794,2.3241,138.6178,imu,
1786777495.662549,0.0511,33.24150466918945,-26.44628143310547,0.0199,-1.0146,-0.0754,-3.4786,2.2731,141.5382,imu,
1786777495.795548,0.1330,36.54729080200195,-29.017446517944336,0.0221,-1.1145,-0.0772,-3.4762,2.2152,144.8575,imu,
1786777495.904088,0.1085,36.91460037231445,-29.752065658569336,0.0210,-1.1332,-0.0784,-3.4743,2.1491,148.6412,imu,
1786777495.999952,0.0959,38.91298294067383,-31.457691192626953,0.0219,-1.1962,-0.0795,-3.4725,2.0940,151.7975,imu,
1786777496.072389,0.0724,38.75114822387695,-31.404958724975586,0.0215,-1.1925,-0.0802,-3.4711,2.0471,154.4853,imu,
1786777496.379358,0.3070,38.9348030090332,-31.404958724975586,0.0221,-1.1956,-0.0829,-3.4649,1.9828,158.1729,imu,
1786777496.524100,0.1447,38.54930877685547,-30.912181854248047,0.0224,-1.1807,-0.0840,-3.4619,1.9180,161.8811,imu,
1786777496.524174,0.0001,38.480037689208984,-30.609121322631836,0.0231,-1.1744,-0.0840,-3.4619,1.8468,165.9644,imu,
1786777496.524200,0.0000,38.38383483886719,-30.670339584350586,0.0226,-1.1738,-0.0840,-3.4619,1.7721,170.2402,imu,
1786777496.613959,0.0898,38.54930877685547,-30.366674423217773,0.0240,-1.1714,-0.0843,-3.4597,1.6991,174.4269,imu,
1786777496.844711,0.2308,38.56748962402344,-30.670339584350586,0.0232,-1.1769,-0.0846,-3.4544,1.6278,178.5082,imu,
1786777496.844786,0.0001,36.54729080200195,-29.017446517944336,0.0221,-1.1145,-0.0846,-3.4544,1.5527,182.8165,imu,
1786777497.133108,0.2883,2.5988876819610596,-2.0791101455688477,0.0015,-0.0795,-0.0846,-3.4539,1.5109,185.2114,imu,
1786777497.330585,0.1975,18.72914695739746,-15.092418670654297,0.0107,-0.5749,-0.0844,-3.4518,1.5128,185.0995,imu,
1786777497.330642,0.0001,43.7530403137207,-34.5703010559082,0.0269,-1.3313,-0.0844,-3.4518,1.4421,189.1495,imu,
1786777497.330657,0.0000,41.95249938964844,-33.4899787902832,0.0248,-1.2824,-0.0844,-3.4518,1.3636,193.6497,imu,
1786777497.330688,0.0000,42.05693435668945,-31.772266387939453,0.0302,-1.2549,-0.0844,-3.4518,1.2922,197.7385,imu,
1786777497.697593,0.3669,41.675498962402344,-31.786394119262695,0.0290,-1.2487,-0.0808,-3.4419,1.2186,201.9566,imu,
1786777497.697648,0.0001,41.675498962402344,-31.96298599243164,0.0285,-1.2517,-0.0808,-3.4419,1.1496,205.9108,imu,
1786777497.810254,0.1126,41.32231140136719,-31.221303939819336,0.0296,-1.2331,-0.0792,-3.4389,1.0880,209.4391,imu,
1786777497.810386,0.0001,40.95500183105469,-29.201101303100586,0.0345,-1.1925,-0.0792,-3.4389,1.0264,212.9698,imu,
1786777497.810431,0.0000,40.75385665893555,-28.510210037231445,0.0359,-1.1773,-0.0792,-3.4389,0.9508,217.3005,imu,
1786777497.996554,0.1861,40.731346130371094,-28.911983489990234,0.0347,-1.1838,-0.0751,-3.4339,0.8878,220.9084,imu,
1786777498.116422,0.1199,41.18858337402344,-25.676002502441406,0.0455,-1.1366,-0.0714,-3.4299,0.8225,224.6509,imu,
1786777498.156217,0.0398,41.27685546875,-24.729745864868164,0.0485,-1.1220,-0.0700,-3.4286,0.7545,228.5462,imu,
1786777498.364421,0.2082,41.27685546875,-24.911582946777344,0.0480,-1.1251,-0.0623,-3.4222,0.6914,232.1624,imu,
1786777498.364471,0.0000,41.32231140136719,-24.42607879638672,0.0495,-1.1176,-0.0623,-3.4222,0.6287,235.7576,imu,
1786777498.411066,0.0466,40.95500183105469,-24.42607879638672,0.0485,-1.1113,-0.0604,-3.4210,0.5640,239.4623,imu,
1786777498.525655,0.1146,40.054222106933594,-22.738204956054688,0.0508,-1.0673,-0.0553,-3.4182,0.4938,243.4840,imu,
1786777498.633684,0.1080,39.27665328979492,-21.45669174194336,0.0523,-1.0323,-0.0502,-3.4159,0.4276,247.2774,imu,
1786777498.779858,0.1462,37.28190994262695,-20.38567543029785,0.0495,-0.9802,-0.0434,-3.4133,0.3632,250.9665,imu,
1786777498.884331,0.1045,37.423980712890625,-20.271324157714844,0.0503,-0.9807,-0.0383,-3.4119,0.2824,255.5956,imu,
1786777498.922177,0.0378,37.64921951293945,-20.01836395263672,0.0517,-0.9802,-0.0364,-3.4114,0.2165,259.3739,imu,
1786777499.076246,0.1541,37.09461975097656,-20.547510147094727,0.0485,-0.9798,-0.0290,-3.4103,0.1549,262.9008,imu,
1786777499.122578,0.0463,36.549110412597656,-19.82016372680664,0.0491,-0.9582,-0.0268,-3.4101,0.0929,266.4527,imu,
1786777499.604859,0.4823,33.8500862121582,-20.16600799560547,0.0401,-0.9182,-0.0074,-3.4095,0.0284,270.1482,imu,
1786777499.605117,0.0003,33.8500862121582,-20.16600799560547,0.0401,-0.9182,-0.0074,-3.4095,-0.0290,273.4404,imu,
1786777499.605138,0.0000,34.00339889526367,-20.365673065185547,0.0400,-0.9242,-0.0074,-3.4095,-0.0828,276.5224,imu,
1786777499.605154,0.0000,33.26576232910156,-16.63288116455078,0.0488,-0.8482,-0.0074,-3.4095,-0.1367,279.6064,imu,
1786777499.741965,0.1368,30.853992462158203,-0.36730945110321045,0.0894,-0.5307,0.0046,-3.4116,-0.1742,281.7586,imu,
1786777499.794554,0.0526,31.275854110717773,-0.0,0.0917,-0.5316,0.0093,-3.4126,-0.2042,283.4793,imu,
1786777499.890775,0.0962,30.853992462158203,-0.0,0.0905,-0.5245,0.0178,-3.4147,-0.2372,285.3661,imu,
1786777499.950603,0.0598,28.241247177124023,-0.0,0.0828,-0.4800,0.0226,-3.4160,-0.2747,287.5131,imu,
1786777500.015041,0.0644,28.366474151611328,-0.0,0.0832,-0.4822,0.0277,-3.4176,-0.3040,289.1950,imu,
1786777500.147246,0.1322,28.628530502319336,-0.0,0.0839,-0.4866,0.0382,-3.4212,-0.3332,290.8692,imu,
1786777500.218317,0.0711,28.18463706970215,-0.0,0.0826,-0.4791,0.0437,-3.4233,-0.3608,292.4510,imu,
1786777500.404678,0.1864,25.820762634277344,-0.0,0.0757,-0.4389,0.0567,-3.4287,-0.3883,294.0241,imu,
1786777500.455106,0.0504,25.820762634277344,-0.0,0.0757,-0.4389,0.0602,-3.4302,-0.4157,295.5933,imu,
1786777500.522939,0.0678,25.676002502441406,-0.0,0.0753,-0.4364,0.0648,-3.4324,-0.4427,297.1408,imu,
1786777500.627564,0.1046,25.528005599975586,-0.0,0.0749,-0.4339,0.0718,-3.4359,-0.4696,298.6812,imu,
1786777500.812721,0.1852,24.962779998779297,-0.0,0.0732,-0.4243,0.0837,-3.4424,-0.4974,300.2766,imu,
1786777500.931555,0.1188,23.310022354125977,-0.0,0.0683,-0.3962,0.0908,-3.4465,-0.5270,301.9734,imu,
1786777500.936366,0.0048,23.22692108154297,-0.0,0.0681,-0.3948,0.0910,-3.4467,-0.5502,303.3023,imu,
1786777501.036198,0.0998,23.4069766998291,-0.0,0.0686,-0.3979,0.0968,-3.4504,-0.5726,304.5858,imu,
1786777501.174745,0.1385,22.86681365966797,-0.0,0.0670,-0.3887,0.1045,-3.4556,-0.5971,305.9876,imu,
1786777501.343587,0.1688,20.88622283935547,-0.0,0.0612,-0.3550,0.1129,-3.4616,-0.6195,307.2716,imu,
1786777501.538379,0.1948,20.911184310913086,-0.0,0.0613,-0.3554,0.1225,-3.4687,-0.6414,308.5241,imu,
1786777501.538712,0.0003,20.75298309326172,-0.0,0.0609,-0.3528,0.1225,-3.4688,-0.6641,309.8243,imu,
1786777501.640130,0.1014,11.768167495727539,9.628499984741211,0.0627,-0.0364,0.1274,-3.4728,-0.6832,310.9198,imu,
1786777501.733243,0.0931,-0.0,25.38756561279297,0.0744,0.4315,0.1328,-3.4771,-0.6735,310.3672,imu,
1786777501.807468,0.0742,-0.0,22.95684051513672,0.0673,0.3902,0.1368,-3.4802,-0.6626,309.7412,imu,
1786777502.062160,0.2547,-0.0,24.05876922607422,0.0705,0.4090,0.1511,-3.4909,-0.6434,308.6419,imu,
1786777502.062229,0.0001,-0.0,24.00240135192871,0.0704,0.4080,0.1511,-3.4910,-0.6190,307.2422,imu,
1786777502.246981,0.1848,-0.0,24.083024978637695,0.0706,0.4094,0.1620,-3.4982,-0.5872,305.4209,imu,
1786777502.401432,0.1545,-0.0,24.00240135192871,0.0704,0.4080,0.1712,-3.5040,-0.5636,304.0698,imu,
1786777502.401591,0.0002,-0.0,24.071250915527344,0.0706,0.4092,0.1712,-3.5040,-0.5401,302.7196,imu,
1786777502.464766,0.0632,-0.0,24.00240135192871,0.0704,0.4080,0.1751,-3.5062,-0.5169,301.3913,imu,
1786777502.552717,0.0880,-0.0,23.87511444091797,0.0700,0.4058,0.1805,-3.5091,-0.4934,300.0476,imu,
1786777502.606708,0.0540,-0.0,22.95684051513672,0.0673,0.3902,0.1837,-3.5108,-0.4703,298.7258,imu,
1786777502.761590,0.1549,-0.0,1.6365272998809814,0.0048,0.0278,0.1844,-3.5111,-0.4556,297.8831,imu,
1786777502.766779,0.0052,-0.0,-0.0,-0.0000,0.0000,0.1844,-3.5111,-0.4556,298.2821,enc,
1786777503.131513,0.3647,-8.2644624710083,14.325068473815918,0.0178,0.3840,0.1902,-3.5139,-0.4528,298.1202,imu,
1786777503.131599,0.0001,-25.642358779907227,29.107542037963867,0.0102,0.9306,0.1902,-3.5139,-0.4074,295.5178,imu,
1786777503.681129,0.5495,-24.19297981262207,27.54821014404297,0.0098,0.8795,0.1953,-3.5157,-0.3429,291.8243,imu,
1786777503.681213,0.0001,-24.071250915527344,27.459056854248047,0.0099,0.8759,0.1953,-3.5157,-0.2941,289.0291,imu,
1786777503.681240,0.0000,-25.63892936706543,29.275653839111328,0.0107,0.9334,0.1953,-3.5157,-0.2465,286.2996,imu,
1786777503.681263,0.0000,-25.20751190185547,28.80858612060547,0.0106,0.9182,0.1953,-3.5157,-0.1960,283.4032,imu,
1786777503.681285,0.0000,-24.97704315185547,28.833791732788086,0.0113,0.9147,0.1953,-3.5157,-0.1449,280.4754,imu,
1786777503.681500,0.0002,-24.97704315185547,28.833791732788086,0.0113,0.9147,0.1953,-3.5157,-0.0929,277.5014,imu,
1786777503.820539,0.1390,-25.567617416381836,29.348745346069336,0.0111,0.9335,0.1969,-3.5158,-0.0411,274.5303,imu,
1786777503.829674,0.0091,-26.44628143310547,30.119375228881836,0.0108,0.9615,0.1970,-3.5158,0.0131,271.4228,imu,
1786777503.881839,0.0522,-26.135480880737305,30.020484924316406,0.0114,0.9545,0.1976,-3.5158,0.0677,268.2941,imu,
1786777504.103853,0.2220,-27.548208236694336,31.149282455444336,0.0106,0.9977,0.1999,-3.5155,0.1266,264.9202,imu,
1786777504.518126,0.4143,-27.82096290588379,31.639528274536133,0.0112,1.0107,0.2044,-3.5146,0.1817,261.7624,imu,
1786777504.518200,0.0001,-19.778200149536133,22.60365867614746,0.0083,0.7204,0.2044,-3.5146,0.2487,257.9251,imu,
1786777504.518225,0.0000,-0.0,0.18365472555160522,0.0005,0.0031,0.2044,-3.5146,0.2487,257.5210,enc,
1786777504.518249,0.0000,-0.0,-0.0,-0.0000,0.0000,0.2044,-3.5146,0.2487,257.5439,enc,
1786777504.523769,0.0055,-0.0,-0.0,-0.0000,0.0000,0.2044,-3.5146,0.2487,257.5422,enc,
1786777504.661037,0.1373,-0.0,-0.0,-0.0000,0.0000,0.2044,-3.5146,0.2487,257.5527,enc,
1786777504.830957,0.1699,-0.0,-0.0,-0.0000,0.0000,0.2044,-3.5146,0.2487,257.5433,enc,
1786777504.831015,0.0001,-0.0,-0.0,-0.0000,0.0000,0.2044,-3.5146,0.2487,257.5542,enc,
1786777505.126179,0.2952,-0.0,-0.0,-0.0000,0.0000,0.2044,-3.5146,0.2487,257.5542,enc,
1786777505.126236,0.0001,-0.0,-0.0,-0.0000,0.0000,0.2044,-3.5146,0.2487,257.5545,enc,
1786777505.126248,0.0000,-0.0,-0.0,-0.0000,0.0000,0.2044,-3.5146,0.2487,257.5551,enc,
1786777505.578387,0.4521,-0.0,-0.0,-0.0000,0.0000,0.2044,-3.5146,0.2487,257.5551,enc,
1786777505.578436,0.0000,-0.0,-0.0,-0.0000,0.0000,0.2044,-3.5146,0.2487,257.5654,enc,
1786777505.586974,0.0085,-0.0,-0.0,-0.0000,0.0000,0.2044,-3.5146,0.2487,257.5671,enc,
1786777505.586986,0.0000,-0.0,-0.0,-0.0000,0.0000,0.2044,-3.5146,0.2487,257.5568,enc,
1786777505.876523,0.2895,-0.0,-0.0,-0.0000,0.0000,0.2044,-3.5146,0.2487,257.5459,enc,
1786777505.876596,0.0001,-0.0,-0.0,-0.0000,0.0000,0.2044,-3.5146,0.2487,257.5571,enc,
1786777505.883084,0.0065,-0.0,-0.0,-0.0000,0.0000,0.2044,-3.5146,0.2487,257.5462,enc,
1786777506.065348,0.1823,-0.0,-0.0,-0.0000,0.0000,0.2044,-3.5146,0.2487,257.5464,enc,
1786777506.065407,0.0001,-0.0,-0.0,-0.0000,0.0000,0.2044,-3.5146,0.2487,257.5468,enc,
1786777506.132307,0.0669,-0.0,-0.0,-0.0000,0.0000,0.2044,-3.5146,0.2487,257.5468,enc,
1786777506.252769,0.1205,-0.0,-0.0,-0.0000,0.0000,0.2044,-3.5146,0.2487,257.5471,enc,
1786777506.350691,0.0979,-0.0,-0.0,-0.0000,0.0000,0.2044,-3.5146,0.2487,257.5474,enc,
1786777506.416942,0.0663,-0.0,-0.0,-0.0000,0.0000,0.2044,-3.5146,0.2487,257.5476,enc,
1786777506.518893,0.1020,-0.0,-0.0,-0.0000,0.0000,0.2044,-3.5146,0.2487,257.5479,enc,
1786777506.734338,0.2154,-0.0,-0.0,-0.0000,0.0000,0.2044,-3.5146,0.2487,257.5482,enc,
1786777506.734392,0.0001,-0.0,-0.0,-0.0000,0.0000,0.2044,-3.5146,0.2487,257.5485,enc,
1786777506.828468,0.0941,-0.0,-0.0,-0.0000,0.0000,0.2044,-3.5146,0.2487,257.5488,enc,
1786777506.986217,0.1577,-0.0,-0.0,-0.0000,0.0000,0.2044,-3.5146,0.2487,257.5491,enc,
1786777507.034620,0.0484,-0.0,-0.0,-0.0000,0.0000,0.2044,-3.5146,0.2487,257.5493,enc,
1786777507.171295,0.1367,-0.0,-0.0,-0.0000,0.0000,0.2044,-3.5146,0.2487,257.5494,enc,
1786777507.291465,0.1202,-0.0,-0.0,-0.0000,0.0000,0.2044,-3.5146,0.2487,257.5497,enc,
1786777507.340231,0.0488,-0.0,-0.0,-0.0000,0.0000,0.2044,-3.5146,0.2487,257.5497,enc,
1786777507.468837,0.1286,-0.0,-0.0,-0.0000,0.0000,0.2044,-3.5146,0.2487,257.5500,enc,
1786777507.593459,0.1246,-0.0,-0.0,-0.0000,0.0000,0.2044,-3.5146,0.2487,257.5500,enc,
1786777507.652912,0.0595,-0.0,-0.0,-0.0000,0.0000,0.2044,-3.5146,0.2487,257.5503,enc,
1786777507.798024,0.1451,-0.0,-0.0,-0.0000,0.0000,0.2044,-3.5146,0.2487,257.5503,enc,
1786777507.912468,0.1144,-0.0,-0.0,-0.0000,0.0000,0.2044,-3.5146,0.2487,257.5505,enc,
1786777507.952007,0.0395,-0.0,-0.0,-0.0000,0.0000,0.2044,-3.5146,0.2487,257.5505,enc,
1786777508.068994,0.1170,-0.0,-0.0,-0.0000,0.0000,0.2044,-3.5146,0.2487,257.5508,enc,
1786777508.206643,0.1376,-0.0,-0.0,-0.0000,0.0000,0.2044,-3.5146,0.2487,257.5508,enc,
1786777508.253661,0.0470,-0.0,-0.0,-0.0000,0.0000,0.2044,-3.5146,0.2487,257.5511,enc,
1786777508.418656,0.1650,-0.0,-0.0,-0.0000,0.0000,0.2044,-3.5146,0.2487,257.5511,enc,
1786777508.530179,0.1115,-0.0,-0.0,-0.0000,0.0000,0.2044,-3.5146,0.2487,257.5511,enc,
1786777508.548253,0.0181,-0.0,-0.0,-0.0000,0.0000,0.2044,-3.5146,0.2487,257.5514,enc,
1786777508.686130,0.1379,-0.0,-0.0,-0.0000,0.0000,0.2044,-3.5146,0.2487,257.5514,enc,
1786777508.767855,0.0817,-0.0,-0.0,-0.0000,0.0000,0.2044,-3.5146,0.2487,257.5417,enc,
1786777508.854747,0.0869,-0.0,-0.0,-0.0000,0.0000,0.2044,-3.5146,0.2487,257.5420,enc,
1786777508.960162,0.1054,-0.0,-0.0,-0.0000,0.0000,0.2044,-3.5146,0.2487,257.5420,enc,
1786777509.060343,0.1002,-0.0,-0.0,-0.0000,0.0000,0.2044,-3.5146,0.2487,257.5420,enc,
1786777509.169053,0.1087,-0.0,-0.0,-0.0000,0.0000,0.2044,-3.5146,0.2487,257.5423,enc,
1786777509.276685,0.1076,-0.0,-0.0,-0.0000,0.0000,0.2044,-3.5146,0.2487,257.5423,enc,
1786777509.372692,0.0960,-0.0,-0.0,-0.0000,0.0000,0.2044,-3.5146,0.2487,257.5423,enc,
1786777509.477612,0.1049,-0.0,-0.0,-0.0000,0.0000,0.2044,-3.5146,0.2487,257.5425,enc,
1786777509.582610,0.1050,-0.0,-0.0,-0.0000,0.0000,0.2044,-3.5146,0.2487,257.5425,enc,
1786777509.672683,0.0901,-0.0,-0.0,-0.0000,0.0000,0.2044,-3.5146,0.2487,257.5426,enc,
1786777509.781067,0.1084,-0.0,-0.0,-0.0000,0.0000,0.2044,-3.5146,0.2487,257.5426,enc,
1786777509.874164,0.0931,-0.0,-0.0,-0.0000,0.0000,0.2044,-3.5146,0.2487,257.5426,enc,
1786777509.978062,0.1039,-0.0,-0.0,-0.0000,0.0000,0.2044,-3.5146,0.2487,257.5426,enc,
1786777510.078232,0.1002,-0.0,-0.0,-0.0000,0.0000,0.2044,-3.5146,0.2487,257.5428,enc,
1786777510.185042,0.1068,-0.0,-0.0,-0.0000,0.0000,0.2044,-3.5146,0.2487,257.5428,enc,
1786777510.281584,0.0965,-0.0,-0.0,-0.0000,0.0000,0.2044,-3.5146,0.2487,257.5428,enc,
1786777510.388673,0.1071,-0.0,-0.0,-0.0000,0.0000,0.2044,-3.5146,0.2487,257.5428,enc,
1786777510.487709,0.0990,-0.0,-0.0,-0.0000,0.0000,0.2044,-3.5146,0.2487,257.5428,enc,
1786777510.597360,0.1097,-0.0,-0.0,-0.0000,0.0000,0.2044,-3.5146,0.2487,257.5428,enc,
1786777510.698642,0.1013,-0.0,-0.0,-0.0000,0.0000,0.2044,-3.5146,0.2487,257.5428,enc,
1786777510.799022,0.1004,-0.0,-0.0,-0.0000,0.0000,0.2044,-3.5146,0.2487,257.5428,enc,
1786777510.897780,0.0988,-0.0,-0.0,-0.0000,0.0000,0.2044,-3.5146,0.2487,257.5431,enc,
1786777511.001963,0.1042,-0.0,-0.0,-0.0000,0.0000,0.2044,-3.5146,0.2487,257.5431,enc,
1786777511.120008,0.1180,-0.0,-0.0,-0.0000,0.0000,0.2044,-3.5146,0.2487,257.5432,enc,
1786777511.201517,0.0815,-0.0,-0.0,-0.0000,0.0000,0.2044,-3.5146,0.2487,257.5432,enc,
1786777511.307176,0.1057,-0.0,-0.0,-0.0000,0.0000,0.2044,-3.5146,0.2487,257.5432,enc,
1786777511.408951,0.1018,-0.0,-0.0,-0.0000,0.0000,0.2044,-3.5146,0.2487,257.5432,enc,
1786777511.504311,0.0954,-0.0,-0.0,-0.0000,0.0000,0.2044,-3.5146,0.2487,257.5432,enc,
1786777511.605679,0.1014,-0.0,-0.0,-0.0000,0.0000,0.2044,-3.5146,0.2487,257.5432,enc,
1786777511.711256,0.1056,-0.0,-0.0,-0.0000,0.0000,0.2044,-3.5146,0.2487,257.5432,enc,
1786777511.817186,0.1059,-0.0,-0.0,-0.0000,0.0000,0.2044,-3.5146,0.2487,257.5432,enc,
1786777511.916198,0.0990,-0.0,-0.0,-0.0000,0.0000,0.2044,-3.5146,0.2487,257.5432,enc,
1786777512.025732,0.1095,-0.0,-0.0,-0.0000,0.0000,0.2044,-3.5146,0.2487,257.5434,enc,
1786777512.135772,0.1100,-0.0,-0.0,-0.0000,0.0000,0.2044,-3.5146,0.2487,257.5434,enc,
1786777512.217032,0.0813,-0.0,-0.0,-0.0000,0.0000,0.2044,-3.5146,0.2487,257.5434,enc,
1786777512.328372,0.1113,-0.0,-0.0,-0.0000,0.0000,0.2044,-3.5146,0.2487,257.5434,enc,
1786777512.423444,0.0951,-0.0,-0.0,-0.0000,0.0000,0.2044,-3.5146,0.2487,257.5434,enc,
1786777512.524841,0.1014,-0.0,-0.0,-0.0000,0.0000,0.2044,-3.5146,0.2487,257.5436,enc,
1786777512.627951,0.1031,-0.0,-0.0,-0.0000,0.0000,0.2044,-3.5146,0.2487,257.5436,enc,
1786777512.733723,0.1058,-0.0,-0.0,-0.0000,0.0000,0.2044,-3.5146,0.2487,257.5436,enc,
1786777512.823172,0.0894,-0.0,-0.0,-0.0000,0.0000,0.2044,-3.5146,0.2487,257.5436,enc,
1786777512.932568,0.1094,-0.0,-0.0,-0.0000,0.0000,0.2044,-3.5146,0.2487,257.5436,enc,
1786777513.027977,0.0954,-0.0,-0.0,-0.0000,0.0000,0.2044,-3.5146,0.2487,257.5436,enc,
1786777513.134792,0.1068,-0.0,-0.0,-0.0000,0.0000,0.2044,-3.5146,0.2487,257.5436,enc,
1786777513.230898,0.0961,-0.0,-0.0,-0.0000,0.0000,0.2044,-3.5146,0.2487,257.5436,enc,
1786777513.329677,0.0988,-0.0,-0.0,-0.0000,0.0000,0.2044,-3.5146,0.2487,257.5436,enc,
1786777513.431240,0.1016,-0.0,-0.0,-0.0000,0.0000,0.2044,-3.5146,0.2487,257.5436,enc,
1786777513.535069,0.1038,-0.0,-0.0,-0.0000,0.0000,0.2044,-3.5146,0.2487,257.5436,enc,
1786777513.650899,0.1158,-0.0,-0.0,-0.0000,0.0000,0.2044,-3.5146,0.2487,257.5436,enc,
1786777513.736682,0.0858,-0.0,-0.0,-0.0000,0.0000,0.2044,-3.5146,0.2487,257.5439,enc,
1786777513.853385,0.1167,-0.0,-0.0,-0.0000,0.0000,0.2044,-3.5146,0.2487,257.5439,enc,
1786777513.971113,0.1177,-0.0,-0.0,-0.0000,0.0000,0.2044,-3.5146,0.2487,257.5439,enc,
1786777514.121249,0.1501,-0.0,-0.0,-0.0000,0.0000,0.2044,-3.5146,0.2487,257.5442,enc,
1786777514.258011,0.1368,-0.0,-0.0,-0.0000,0.0000,0.2044,-3.5146,0.2487,257.5442,enc,
1786777514.415395,0.1574,-0.0,-0.0,-0.0000,0.0000,0.2044,-3.5146,0.2487,257.5442,enc,
1786777514.417474,0.0021,-0.0,-0.0,-0.0000,0.0000,0.2044,-3.5146,0.2487,257.5442,enc,
1786777514.496493,0.0790,-0.0,-0.0,-0.0000,0.0000,0.2044,-3.5146,0.2487,257.5442,enc,
1786777514.565092,0.0686,-0.0,-0.0,-0.0000,0.0000,0.2044,-3.5146,0.2487,257.5441,enc,
1786777514.658755,0.0937,-0.0,-0.0,-0.0000,0.0000,0.2044,-3.5146,0.2487,257.5442,enc,
1786777514.768095,0.1093,-0.0,-0.0,-0.0000,0.0000,0.2044,-3.5146,0.2487,257.5442,enc,
1786777514.869958,0.1019,-0.0,-0.0,-0.0000,0.0000,0.2044,-3.5146,0.2487,257.5442,enc,
1786777515.109434,0.2395,-0.0,-0.0,-0.0000,0.0000,0.2044,-3.5146,0.2487,257.5442,enc,
1786777515.152007,0.0426,-0.0,-0.0,-0.0000,0.0000,0.2044,-3.5146,0.2487,257.5442,enc,
1786777515.312822,0.1608,-0.0,-0.0,-0.0000,0.0000,0.2044,-3.5146,0.2487,257.5442,enc,
1786777515.497447,0.1846,-0.0,-0.0,-0.0000,0.0000,0.2044,-3.5146,0.2487,257.5442,enc,
1786777515.501918,0.0045,-0.0,-0.0,-0.0000,0.0000,0.2044,-3.5146,0.2487,257.5442,enc,
1786777515.512768,0.0109,-0.0,-0.0,-0.0000,0.0000,0.2044,-3.5146,0.2487,257.5442,enc,
1786777515.614393,0.1016,-0.0,-0.0,-0.0000,0.0000,0.2044,-3.5146,0.2487,257.5442,enc,
1786777515.704986,0.0906,-0.0,-0.0,-0.0000,0.0000,0.2044,-3.5146,0.2487,257.5442,enc,
1786777515.786139,0.0812,-0.0,-0.0,-0.0000,0.0000,0.2044,-3.5146,0.2487,257.5439,enc,
1786777515.878120,0.0920,-0.0,-0.0,-0.0000,0.0000,0.2044,-3.5146,0.2487,257.5439,enc,
1786777516.002079,0.1240,-0.0,-0.0,-0.0000,0.0000,0.2044,-3.5146,0.2487,257.5439,enc,
1786777516.077672,0.0756,-0.0,-0.0,-0.0000,0.0000,0.2044,-3.5146,0.2487,257.5439,enc,
1786777516.194224,0.1166,-0.0,-0.0,-0.0000,0.0000,0.2044,-3.5146,0.2487,257.5439,enc,
1786777516.283347,0.0891,-0.0,-0.0,-0.0000,0.0000,0.2044,-3.5146,0.2487,257.5439,enc,
1786777516.390086,0.1067,-0.0,-0.0,-0.0000,0.0000,0.2044,-3.5146,0.2487,257.5439,enc,
1786777516.492655,0.1026,-0.0,-0.0,-0.0000,0.0000,0.2044,-3.5146,0.2487,257.5439,enc,
1786777516.592734,0.1001,-2.7548208236694336,3.1221303939819336,0.0011,0.0999,0.2045,-3.5146,0.2487,257.5439,imu,
1786777516.703680,0.1109,-32.79548645019531,36.56696701049805,0.0111,1.1790,0.2057,-3.5143,0.2826,255.6006,imu,
1786777516.805604,0.1019,-32.185035705566406,35.8217658996582,0.0107,1.1560,0.2067,-3.5139,0.3502,251.7280,imu,
1786777516.909225,0.1036,-31.533170700073242,34.99835205078125,0.0102,1.1309,0.2077,-3.5134,0.4314,247.0756,imu,
1786777517.011069,0.1018,-33.457889556884766,36.7309455871582,0.0096,1.1931,0.2086,-3.5130,0.5001,243.1386,imu,
1786777517.133897,0.1228,-33.1298713684082,37.0910530090332,0.0116,1.1936,0.2098,-3.5122,0.5689,239.2014,imu,
1786777517.212656,0.0788,-33.0578498840332,36.91460037231445,0.0113,1.1894,0.2105,-3.5117,0.6382,235.2275,imu,
1786777517.546263,0.3336,-33.3099250793457,37.0910530090332,0.0111,1.1967,0.2133,-3.5093,0.7080,231.2280,imu,
1786777517.551723,0.0055,-33.63972854614258,37.45829391479492,0.0112,1.2085,0.2133,-3.5092,0.7728,227.5172,imu,
1786777517.661844,0.1101,-33.97612380981445,37.8328742980957,0.0113,1.2206,0.2142,-3.5083,0.8379,223.7847,imu,
1786777517.684230,0.0224,-33.60881423950195,38.01652908325195,0.0129,1.2175,0.2143,-3.5081,0.9070,219.8279,imu,
1786777517.873039,0.1888,-33.439022064208984,37.25072479248047,0.0112,1.2016,0.2155,-3.5063,0.9766,215.8421,imu,
1786777517.881781,0.0087,-31.639528274536133,38.00379943847656,0.0187,1.1838,0.2156,-3.5062,1.0455,211.8931,imu,
1786777518.037730,0.1559,-31.1866512298584,37.423980712890625,0.0183,1.1662,0.2168,-3.5036,1.1257,207.2995,imu,
1786777518.045773,0.0080,-31.275854110717773,37.64012908935547,0.0187,1.1714,0.2169,-3.5035,1.1910,203.5563,imu,
1786777518.138803,0.0930,-30.13364028930664,37.44416809082031,0.0214,1.1487,0.2175,-3.5016,1.2593,199.6432,imu,
1786777518.238983,0.1002,-28.282827377319336,37.0982551574707,0.0258,1.1113,0.2181,-3.4991,1.3292,195.6360,imu,
1786777518.335676,0.0967,-28.18463706970215,36.91278076171875,0.0256,1.1065,0.2186,-3.4966,1.3960,191.8108,imu,
1786777518.500129,0.1645,-28.3505859375,37.44416809082031,0.0267,1.1184,0.2190,-3.4923,1.4651,187.8505,imu,
1786777518.542773,0.0426,-28.33530044555664,37.255672454833984,0.0262,1.1149,0.2191,-3.4911,1.5307,184.0903,imu,
1786777518.647657,0.1049,-24.949321746826172,36.55768585205078,0.0340,1.0455,0.2189,-3.4876,1.6078,179.6744,imu,
1786777518.779023,0.1314,-24.729745864868164,36.91278076171875,0.0357,1.0478,0.2185,-3.4829,1.6710,176.0507,imu,
1786777518.852041,0.0730,-24.784473419189453,36.90925598144531,0.0356,1.0487,0.2180,-3.4803,1.7333,172.4847,imu,
1786777519.032655,0.1806,-22.9113826751709,35.63992691040039,0.0373,0.9953,0.2166,-3.4738,1.7897,169.2506,imu,
1786777519.057749,0.0251,-22.95684051513672,35.6290168762207,0.0372,0.9958,0.2163,-3.4729,1.8460,166.0270,imu,
1786777519.174437,0.1167,-22.9113826751709,35.8217658996582,0.0379,0.9983,0.2149,-3.4687,1.9016,162.8413,imu,
1786777519.257686,0.0832,-22.77318572998047,35.44536209106445,0.0372,0.9896,0.2137,-3.4658,1.9561,159.7163,imu,
1786777519.379490,0.1218,-21.31087875366211,34.47857666015625,0.0386,0.9483,0.2117,-3.4616,2.0116,156.5409,imu,
1786777519.462065,0.0826,-21.093017578125,33.63972854614258,0.0368,0.9303,0.2103,-3.4589,2.0630,153.5954,imu,
1786777519.605259,0.1432,-20.75298309326172,33.7924690246582,0.0382,0.9272,0.2074,-3.4542,2.1161,150.5531,imu,
1786777519.669350,0.0641,-20.617841720581055,33.612281799316406,0.0381,0.9218,0.2060,-3.4522,2.1791,146.9440,imu,
1786777519.773725,0.1044,-15.124505996704102,33.1298713684082,0.0528,0.8202,0.2027,-3.4479,2.2317,143.9274,imu,
1786777519.877810,0.1041,-0.0,31.094018936157227,0.0912,0.5285,0.1966,-3.4406,2.2660,141.9608,imu,
1786777519.974120,0.0963,-0.0,31.329336166381836,0.0919,0.5325,0.1907,-3.4339,2.2949,140.3038,imu,
1786777520.072269,0.0981,-0.0,30.853992462158203,0.0905,0.5245,0.1846,-3.4275,2.3247,138.6000,imu,
1786777520.170686,0.0984,-0.0,28.650136947631836,0.0840,0.4870,0.1788,-3.4216,2.3544,136.8951,imu,
1786777520.273028,0.1023,-0.0,28.730146408081055,0.0842,0.4884,0.1725,-3.4157,2.3863,135.0673,imu,
1786777520.395863,0.1228,-0.0,28.833791732788086,0.0845,0.4901,0.1648,-3.4088,2.4162,133.3592,imu,
1786777520.479175,0.0833,-0.0,28.414506912231445,0.0833,0.4830,0.1594,-3.4044,2.4457,131.6661,imu,
1786777520.579678,0.1005,-0.0,26.184436798095703,0.0768,0.4451,0.1534,-3.3996,2.4756,129.9547,imu,
1786777520.679349,0.0997,-0.0,26.078969955444336,0.0765,0.4433,0.1472,-3.3951,2.5029,128.3900,imu,
1786777520.784217,0.1049,-0.0,25.53675079345703,0.0749,0.4341,0.1408,-3.3906,2.5369,126.4390,imu,
1786777520.889041,0.1048,-0.0,25.820762634277344,0.0757,0.4389,0.1341,-3.3862,2.5629,124.9525,imu,
1786777520.987981,0.0989,-0.0,24.97704315185547,0.0732,0.4246,0.1280,-3.3824,2.5869,123.5758,imu,
1786777521.088703,0.1007,-0.0,23.69145965576172,0.0695,0.4027,0.1220,-3.3789,2.6069,122.4310,imu,
1786777521.184833,0.0961,-0.0,23.69145965576172,0.0695,0.4027,0.1162,-3.3756,2.6252,121.3842,imu,
1786777521.328075,0.1432,-0.0,22.9113826751709,0.0672,0.3894,0.1077,-3.3710,2.6462,120.1786,imu,
1786777521.474160,0.1461,-0.0,21.2463321685791,0.0623,0.3611,0.0996,-3.3668,2.6651,119.0931,imu,
1786777521.552504,0.0783,-0.0,21.638526916503906,0.0634,0.3678,0.0951,-3.3646,2.6878,117.7959,imu,
1786777521.621917,0.0694,-0.0,21.48760223388672,0.0630,0.3652,0.0912,-3.3628,2.7080,116.6383,imu,
1786777521.692788,0.0709,-0.0,21.78649139404297,0.0639,0.3703,0.0870,-3.3610,2.7294,115.4128,imu,
1786777521.823101,0.1303,16.34527015686035,8.9990816116333,0.0743,-0.1249,0.0781,-3.3573,2.7450,114.5157,imu,
1786777521.900140,0.0770,25.53675079345703,-0.0,0.0749,-0.4341,0.0728,-3.3549,2.7248,115.6733,imu,
1786777522.039921,0.1398,24.366071701049805,-0.0,0.0714,-0.4142,0.0637,-3.3507,2.7105,116.4972,imu,
1786777522.238826,0.1989,24.24242401123047,-0.0,0.0711,-0.4121,0.0510,-3.3446,2.6953,117.3640,imu,
1786777522.259881,0.0211,23.909765243530273,-0.0,0.0701,-0.4064,0.0497,-3.3440,2.6716,118.7238,imu,
1786777522.467350,0.2075,25.27525520324707,-0.0,0.0741,-0.4296,0.0361,-3.3367,2.6513,119.8879,imu,
1786777522.536042,0.0687,25.528005599975586,-0.0,0.0749,-0.4339,0.0316,-3.3342,2.6303,121.0871,imu,
1786777522.596260,0.0602,25.45709228515625,-0.0,0.0746,-0.4327,0.0278,-3.3319,2.6085,122.3365,imu,
1786777522.674773,0.0785,26.92414093017578,-0.0,0.0789,-0.4577,0.0225,-3.3287,2.5855,123.6567,imu,
1786777522.808438,0.1337,26.44628143310547,-0.0,0.0775,-0.4495,0.0138,-3.3230,2.5614,125.0346,imu,
1786777522.939256,0.1308,26.841846466064453,-0.0,0.0787,-0.4563,0.0053,-3.3171,2.5380,126.3781,imu,
1786777523.449767,0.5105,26.488662719726562,-0.0,0.0777,-0.4503,-0.0268,-3.2939,2.5150,127.6972,imu,
1786777523.498355,0.0486,27.63736343383789,-0.0,0.0810,-0.4698,-0.0299,-3.2915,2.4872,129.2903,imu,
1786777523.788717,0.2904,27.91551971435547,-0.0,0.0819,-0.4745,-0.0484,-3.2766,2.4623,130.7160,imu,
1786777523.789119,0.0004,27.548208236694336,-0.0,0.0808,-0.4683,-0.0484,-3.2765,2.4381,132.1032,imu,
1786777523.789331,0.0002,27.63736343383789,-0.0,0.0810,-0.4698,-0.0484,-3.2765,2.4148,133.4359,imu,
1786777523.789514,0.0002,28.707195281982422,-22.10988998413086,0.0193,-0.8638,-0.0484,-3.2765,2.3847,135.1616,imu,
1786777524.200571,0.4111,28.730146408081055,-23.638729095458984,0.0149,-0.8902,-0.0527,-3.2721,2.3348,138.0209,imu,
1786777524.201101,0.0005,28.650136947631836,-22.58953094482422,0.0178,-0.8710,-0.0527,-3.2721,2.2810,141.1036,imu,
1786777524.201164,0.0001,28.466482162475586,-22.95684051513672,0.0162,-0.8741,-0.0527,-3.2721,2.2244,144.3445,imu,
1786777524.201334,0.0002,29.667301177978516,-24.19297981262207,0.0161,-0.9155,-0.0527,-3.2721,2.1668,147.6445,imu,
1786777524.201370,0.0000,30.003000259399414,-24.00240135192871,0.0176,-0.9180,-0.0527,-3.2721,2.1098,150.9110,imu,
1786777524.342026,0.1407,30.003000259399414,-24.18423843383789,0.0171,-0.9211,-0.0538,-3.2700,2.0528,154.1802,imu,
1786777524.342086,0.0001,29.90948486328125,-24.48729705810547,0.0159,-0.9246,-0.0538,-3.2699,1.9853,158.0468,imu,
1786777524.342101,0.0000,31.772266387939453,-26.262624740600586,0.0162,-0.9865,-0.0538,-3.2699,1.9310,161.1544,imu,
1786777524.356422,0.0143,30.912181854248047,-24.911582946777344,0.0176,-0.9489,-0.0539,-3.2697,1.8724,164.5157,imu,
1786777524.502520,0.1461,31.275854110717773,-24.911582946777344,0.0187,-0.9551,-0.0545,-3.2671,1.8120,167.9755,imu,
1786777524.757432,0.2549,31.404958724975586,-25.344350814819336,0.0178,-0.9646,-0.0554,-3.2626,1.7544,171.2771,imu,
1786777524.780018,0.0226,31.149282455444336,-24.847402572631836,0.0185,-0.9518,-0.0554,-3.2622,1.6914,174.8849,imu,
1786777524.853149,0.0731,32.22960662841797,-26.10778045654297,0.0180,-0.9916,-0.0555,-3.2609,1.6309,178.3485,imu,
1786777525.042394,0.1892,32.87419509887695,-26.813589096069336,0.0178,-1.0146,-0.0555,-3.2575,1.5701,181.8328,imu,
1786777525.059387,0.0170,32.87419509887695,-26.44628143310547,0.0188,-1.0083,-0.0555,-3.2572,1.5122,185.1509,imu,
1786777525.133406,0.0740,34.71074295043945,-27.18090057373047,0.0221,-1.0520,-0.0553,-3.2556,1.4462,188.9361,imu,
1786777525.199381,0.0660,34.34343338012695,-27.548208236694336,0.0199,-1.0520,-0.0550,-3.2543,1.3829,192.5598,imu,
1786777525.388654,0.1893,34.5270881652832,-27.548208236694336,0.0205,-1.0552,-0.0540,-3.2505,1.3189,196.2270,imu,
1786777525.477502,0.0888,34.34343338012695,-27.731863021850586,0.0194,-1.0552,-0.0535,-3.2489,1.2681,199.1388,imu,
1786777525.477575,0.0001,34.71074295043945,-28.099172592163086,0.0194,-1.0676,-0.0535,-3.2489,1.2179,202.0153,imu,
1786777525.554871,0.0773,34.5270881652832,-27.548208236694336,0.0205,-1.0552,-0.0529,-3.2474,1.1642,205.0891,imu,
1786777525.748142,0.1933,35.331668853759766,-26.411298751831055,0.0262,-1.0495,-0.0507,-3.2429,1.1098,208.2100,imu,
1786777525.813309,0.0652,35.86465072631836,-26.16213607788086,0.0284,-1.0543,-0.0497,-3.2413,1.0444,211.9558,imu,
1786777525.949666,0.1364,36.36727523803711,-23.638729095458984,0.0373,-1.0200,-0.0470,-3.2370,0.9946,214.8083,imu,
1786777525.959559,0.0099,36.0107307434082,-21.9665470123291,0.0412,-0.9855,-0.0467,-3.2367,0.9391,217.9871,imu,
1786777526.086748,0.1272,36.5508918762207,-20.88622283935547,0.0459,-0.9763,-0.0430,-3.2322,0.8862,221.0179,imu,
1786777526.169666,0.0829,37.27645492553711,-1.2728545665740967,0.1056,-0.6553,-0.0373,-3.2255,0.8627,222.3678,imu,
1786777526.298220,0.1286,37.45115661621094,-0.0,0.1098,-0.6366,-0.0278,-3.2151,0.8343,223.9951,imu,
1786777526.455248,0.1570,37.25072479248047,-0.0,0.1092,-0.6332,-0.0159,-3.2027,0.8034,225.7621,imu,
1786777526.508576,0.0533,37.28190994262695,-0.0,0.1093,-0.6337,-0.0118,-3.1987,0.7747,227.4060,imu,
1786777526.595323,0.0867,36.7309455871582,-0.0,0.1077,-0.6244,-0.0049,-3.1923,0.7452,229.0998,imu,
1786777526.675082,0.0798,34.36707305908203,-0.0,0.1008,-0.5842,0.0011,-3.1870,0.7189,230.6021,imu,
1786777526.810479,0.1354,34.47857666015625,-0.0,0.1011,-0.5861,0.0117,-3.1784,0.6860,232.4884,imu,
1786777526.903660,0.0932,34.73074722290039,-0.0,0.1018,-0.5904,0.0192,-3.1725,0.6598,233.9894,imu,
1786777526.978554,0.0749,33.97612380981445,-0.0,0.0996,-0.5775,0.0252,-3.1681,0.6338,235.4810,imu,
1786777527.080580,0.1020,32.0495491027832,-0.0,0.0940,-0.5448,0.0331,-3.1626,0.6087,236.9159,imu,
1786777527.182455,0.1019,32.22960662841797,-0.0,0.0945,-0.5478,0.0411,-3.1573,0.5859,238.2235,imu,
1786777527.283437,0.1010,31.588611602783203,-0.0,0.0926,-0.5369,0.0491,-3.1523,0.5616,239.6183,imu,
1786777527.382698,0.0993,29.935720443725586,-0.0,0.0878,-0.5088,0.0565,-3.1479,0.5397,240.8728,imu,
1786777527.529624,0.1469,29.935720443725586,-0.0,0.0878,-0.5088,0.0677,-3.1415,0.5161,242.2248,imu,
1786777527.625073,0.0954,30.184837341308594,-0.0,0.0885,-0.5131,0.0752,-3.1375,0.4902,243.7096,imu,
1786777527.686488,0.0614,29.955333709716797,-0.0,0.0878,-0.5092,0.0800,-3.1351,0.4600,245.4381,imu,
1786777527.799142,0.1127,27.993972778320312,17.830556869506836,0.1344,-0.1728,0.0937,-3.1287,0.4363,246.7985,imu,
1786777527.893828,0.0947,27.285844802856445,23.612749099731445,0.1492,-0.0624,0.1066,-3.1228,0.4359,246.8187,imu,
1786777527.993930,0.1001,28.099172592163086,23.32415008544922,0.1508,-0.0812,0.1202,-3.1164,0.4352,246.8607,imu,
1786777528.093510,0.0996,27.731863021850586,23.14049530029297,0.1492,-0.0780,0.1337,-3.1102,0.4326,247.0100,imu,
1786777528.229441,0.1359,26.813589096069336,23.69145965576172,0.1481,-0.0531,0.1520,-3.1017,0.4328,246.9985,imu,
1786777528.294707,0.0653,24.729745864868164,23.456892013549805,0.1413,-0.0216,0.1604,-3.0979,0.4330,246.9850,imu,
1786777528.394819,0.1001,24.793386459350586,23.50780487060547,0.1416,-0.0219,0.1733,-3.0919,0.4311,247.0971,imu,
1786777528.495531,0.1007,24.366071701049805,24.366071701049805,0.1429,0.0000,0.1863,-3.0859,0.4301,247.1497,imu,
1786777528.596072,0.1005,24.05876922607422,25.71166229248047,0.1459,0.0281,0.1997,-3.0798,0.4323,247.0265,imu,
1786777528.700918,0.1048,24.30724334716797,25.567617416381836,0.1462,0.0214,0.2136,-3.0733,0.4346,246.8957,imu,
1786777528.800925,0.1000,23.94713592529297,25.20751190185547,0.1441,0.0214,0.2266,-3.0673,0.4331,246.9821,imu,
1786777528.927307,0.1264,23.69145965576172,25.344350814819336,0.1438,0.0281,0.2431,-3.0596,0.4348,246.8820,imu,
1786777529.039291,0.1120,22.58953094482422,26.997243881225586,0.1454,0.0749,0.2579,-3.0527,0.4375,246.7284,imu,
1786777529.104426,0.0651,22.77318572998047,26.997243881225586,0.1459,0.0718,0.2665,-3.0487,0.4402,246.5733,imu,
1786777529.205410,0.1010,22.427066802978516,26.665254592895508,0.1439,0.0720,0.2796,-3.0424,0.4433,246.3953,imu,
1786777529.308679,0.1033,22.50670623779297,26.64794158935547,0.1441,0.0704,0.2931,-3.0361,0.4437,246.3723,imu,
1786777529.407357,0.0987,21.48760223388672,27.36455535888672,0.1432,0.0999,0.3058,-3.0300,0.4460,246.2387,imu,
1786777529.512271,0.1049,20.729347229003906,28.00279998779297,0.1429,0.1236,0.3193,-3.0234,0.4498,246.0241,imu,
1786777529.654359,0.1421,20.444583892822266,27.72146987915039,0.1412,0.1237,0.3373,-3.0146,0.4577,245.5704,imu,
1786777529.765307,0.1109,20.7061710357666,27.728261947631836,0.1420,0.1194,0.3514,-3.0075,0.4647,245.1669,imu,
1786777529.818820,0.0535,20.56932830810547,27.731863021850586,0.1416,0.1217,0.3581,-3.0041,0.4704,244.8416,imu,
1786777529.918584,0.0998,19.0856876373291,28.628530502319336,0.1399,0.1622,0.3705,-2.9977,0.4763,244.5023,imu,
1786777530.017893,0.0993,18.54730987548828,28.911983489990234,0.1392,0.1762,0.3828,-2.9912,0.4860,243.9517,imu,
1786777530.118857,0.1010,16.5289249420166,28.650136947631836,0.1325,0.2060,0.3945,-2.9849,0.4948,243.4474,imu,
1786777530.218388,0.0995,0.5509641766548157,29.935720443725586,0.0894,0.4995,0.4023,-2.9805,0.5140,242.3448,imu,
1786777530.322613,0.1042,-0.0,30.003000259399414,0.0880,0.5100,0.4101,-2.9758,0.5431,240.6783,imu,
1786777530.425787,0.1032,-0.0,29.45406150817871,0.0864,0.5007,0.4176,-2.9709,0.5712,239.0684,imu,
1786777530.562060,0.1363,-0.0,29.457490921020508,0.0864,0.5007,0.4274,-2.9643,0.5993,237.4550,imu,
1786777530.628050,0.0660,-0.0,30.486684799194336,0.0894,0.5182,0.4321,-2.9608,0.6270,235.8681,imu,
1786777530.728432,0.1004,-0.0,30.54850959777832,0.0896,0.5193,0.4393,-2.9554,0.6561,234.2031,imu,
1786777530.861308,0.1329,-0.0,30.609121322631836,0.0898,0.5203,0.4484,-2.9478,0.6911,232.1970,imu,
1786777530.932152,0.0708,-0.0,30.486684799194336,0.0894,0.5182,0.4532,-2.9436,0.7206,230.5073,imu,
1786777531.058097,0.1259,-0.0,30.7303466796875,0.0901,0.5224,0.4615,-2.9358,0.7509,228.7720,imu,
1786777531.158503,0.1004,-0.0,32.22960662841797,0.0945,0.5478,0.4682,-2.9291,0.7823,226.9715,imu,
1786777531.245422,0.0869,-0.0,32.13957595825195,0.0942,0.5463,0.4738,-2.9232,0.8157,225.0577,imu,
1786777531.337186,0.0918,-0.0,32.548709869384766,0.0954,0.5533,0.4796,-2.9166,0.8482,223.1972,imu,
1786777531.444360,0.1072,-0.0,32.6905403137207,0.0959,0.5557,0.4862,-2.9087,0.8799,221.3798,imu,
1786777531.537383,0.0930,-0.0,31.955923080444336,0.0937,0.5432,0.4915,-2.9018,0.9116,219.5641,imu,
1786777531.639614,0.1022,-0.0,32.50688552856445,0.0953,0.5526,0.4972,-2.8939,0.9428,217.7742,imu,
1786777531.738935,0.0993,-0.0,32.3232307434082,0.0948,0.5494,0.5025,-2.8861,0.9757,215.8937,imu,
1786777531.841215,0.1023,-0.0,32.548709869384766,0.0954,0.5533,0.5077,-2.8779,1.0071,214.0922,imu,
1786777531.944097,0.1029,-0.0,32.57272720336914,0.0955,0.5537,0.5127,-2.8694,1.0374,212.3559,imu,
1786777532.045088,0.1010,-0.0,32.36687469482422,0.0949,0.5502,0.5173,-2.8610,1.0683,210.5866,imu,
1786777532.145278,0.1002,11.570247650146484,31.588611602783203,0.1265,0.3403,0.5231,-2.8497,1.0978,208.8945,imu,
1786777532.249377,0.1041,27.102447509765625,30.668556213378906,0.1694,0.0606,0.5311,-2.8340,1.1020,208.6538,imu,
1786777532.349961,0.1006,25.74767303466797,31.329336166381836,0.1674,0.0949,0.5386,-2.8189,1.1056,208.4462,imu,
1786777532.470131,0.1202,25.27525520324707,30.912181854248047,0.1648,0.0958,0.5474,-2.8012,1.1101,208.1893,imu,
1786777532.550064,0.0799,25.528005599975586,30.303028106689453,0.1637,0.0812,0.5532,-2.7894,1.1182,207.7278,imu,
1786777532.652405,0.1023,25.567617416381836,28.268423080444336,0.1579,0.0459,0.5602,-2.7749,1.1204,207.5978,imu,
1786777532.781712,0.1293,25.45709228515625,28.548309326171875,0.1584,0.0525,0.5691,-2.7564,1.1226,207.4771,imu,
1786777532.853920,0.0722,25.09341812133789,28.18463706970215,0.1562,0.0525,0.5739,-2.7463,1.1256,207.3033,imu,
1786777532.953642,0.0997,25.16069793701172,28.282827377319336,0.1567,0.0531,0.5806,-2.7321,1.1281,207.1574,imu,
1786777533.055638,0.1020,25.71166229248047,26.078969955444336,0.1519,0.0062,0.5872,-2.7181,1.1307,207.0116,imu,
1786777533.155306,0.0997,25.528005599975586,25.71166229248047,0.1502,0.0031,0.5936,-2.7046,1.1321,206.9279,imu,
1786777533.256387,0.1011,25.16069793701172,25.89531707763672,0.1497,0.0125,0.6000,-2.6909,1.1328,206.8921,imu,
1786777533.398702,0.1423,25.27525520324707,26.002599716186523,0.1504,0.0124,0.6090,-2.6715,1.1354,206.7383,imu,
1786777533.461675,0.0630,25.122581481933594,25.988876342773438,0.1499,0.0147,0.6130,-2.6629,1.1365,206.6796,imu,
1786777533.571156,0.1095,24.602802276611328,27.72146987915039,0.1534,0.0530,0.6200,-2.6476,1.1396,206.4976,imu,
1786777533.675334,0.1042,24.547908782958984,27.82096290588379,0.1536,0.0556,0.6266,-2.6331,1.1449,206.1963,imu,
1786777533.769809,0.0945,24.729745864868164,28.18463706970215,0.1552,0.0587,0.6326,-2.6197,1.1503,205.8898,imu,
1786777533.873279,0.1035,24.60616683959961,28.885501861572266,0.1568,0.0727,0.6392,-2.6049,1.1508,205.8567,imu,
1786777533.979951,0.1067,24.48729705810547,28.988637924194336,0.1568,0.0765,0.6460,-2.5896,1.1548,205.6281,imu,
1786777534.111349,0.1314,24.256284713745117,28.587764739990234,0.1549,0.0736,0.6541,-2.5709,1.1600,205.3296,imu,
1786777534.192260,0.0809,24.18423843383789,28.548309326171875,0.1546,0.0742,0.6591,-2.5594,1.1640,205.1030,imu,
1786777534.287539,0.0953,23.736507415771484,28.934284210205078,0.1544,0.0884,0.6648,-2.5459,1.1687,204.8320,imu,
1786777534.417603,0.1301,23.456892013549805,28.730146408081055,0.1530,0.0896,0.6725,-2.5275,1.1737,204.5451,imu,
1786777534.493566,0.0760,23.536334991455078,29.06380844116211,0.1542,0.0940,0.6770,-2.5167,1.1777,204.3165,imu,
1786777534.592420,0.0989,23.32415008544922,29.017446517944336,0.1535,0.0968,0.6827,-2.5027,1.1832,204.0024,imu,
1786777534.690778,0.0984,22.22222137451172,29.017446517944336,0.1502,0.1155,0.6883,-2.4890,1.1864,203.8205,imu,
1786777534.792120,0.1013,21.27485466003418,29.093820571899414,0.1477,0.1329,0.6938,-2.4750,1.1947,203.3409,imu,
1786777534.893946,0.1018,21.30394744873047,28.833791732788086,0.1470,0.1280,0.6992,-2.4611,1.2023,202.9070,imu,
1786777534.996311,0.1024,7.946598529815674,29.314119338989258,0.1093,0.3632,0.7031,-2.4506,1.2147,202.1967,imu,
1786777535.098354,0.1020,-0.0,21.42638397216797,0.0628,0.3642,0.7051,-2.4445,1.2448,200.4703,imu,
1786777535.199784,0.1014,-0.0,0.18183636665344238,0.0005,0.0031,0.7051,-2.4445,1.2452,199.9629,enc,
1786777535.300295,0.1005,-0.0,-0.0,-0.0000,0.0000,0.7051,-2.4445,1.2452,200.2887,enc,
1786777535.405929,0.1056,-0.0,-0.0,-0.0000,0.0000,0.7051,-2.4445,1.2452,200.2595,enc,
1786777535.510509,0.1046,-0.0,-0.0,-0.0000,0.0000,0.7051,-2.4445,1.2452,200.2758,enc,
1786777535.607635,0.0971,-0.0,-0.0,-0.0000,0.0000,0.7051,-2.4445,1.2452,200.2696,enc,
1786777535.719241,0.1116,-0.0,-0.0,-0.0000,0.0000,0.7051,-2.4445,1.2452,200.2762,enc,
1786777535.831245,0.1120,-0.0,-0.0,-0.0000,0.0000,0.7051,-2.4445,1.2452,200.2762,enc,
1786777535.926961,0.0957,-0.0,-0.0,-0.0000,0.0000,0.7051,-2.4445,1.2452,200.2765,enc,
1786777536.013325,0.0864,-0.0,-0.0,-0.0000,0.0000,0.7051,-2.4445,1.2452,200.2765,enc,
1786777536.126879,0.1136,-0.0,-0.0,-0.0000,0.0000,0.7051,-2.4445,1.2452,200.2699,enc,
1786777536.240077,0.1132,-0.0,-0.0,-0.0000,0.0000,0.7051,-2.4445,1.2452,200.2632,enc,
1786777536.416368,0.1763,-0.0,-0.0,-0.0000,0.0000,0.7051,-2.4445,1.2452,200.2530,enc,
1786777536.471587,0.0552,-0.0,-0.0,-0.0000,0.0000,0.7051,-2.4445,1.2452,200.2463,enc,
1786777536.605004,0.1334,-0.0,-0.0,-0.0000,0.0000,0.7051,-2.4445,1.2452,200.2464,enc,
1786777536.632597,0.0276,-0.0,-0.0,-0.0000,0.0000,0.7051,-2.4445,1.2452,200.2396,enc,
1786777536.729607,0.0970,-0.0,-0.0,-0.0000,0.0000,0.7051,-2.4445,1.2452,200.2333,enc,
1786777536.830455,0.1008,-0.0,-0.0,-0.0000,0.0000,0.7051,-2.4445,1.2452,200.2266,enc,
1786777536.935605,0.1052,-0.0,-0.0,-0.0000,0.0000,0.7051,-2.4445,1.2452,200.2265,enc,
1786777537.054744,0.1191,-0.0,-0.0,-0.0000,0.0000,0.7051,-2.4445,1.2452,200.2263,enc,
1786777537.287628,0.2329,-0.0,-0.0,-0.0000,0.0000,0.7051,-2.4445,1.2452,200.2262,enc,
1786777537.421155,0.1335,-0.0,-0.0,-0.0000,0.0000,0.7051,-2.4445,1.2452,200.2263,enc,
1786777537.438801,0.0176,-0.0,-0.0,-0.0000,0.0000,0.7051,-2.4445,1.2452,200.2261,enc,
1786777537.511207,0.0724,-0.0,-0.0,-0.0000,0.0000,0.7051,-2.4445,1.2452,200.2260,enc,
1786777537.651093,0.1399,-0.0,-0.0,-0.0000,0.0000,0.7051,-2.4445,1.2452,200.2259,enc,
1786777537.698828,0.0477,-0.0,-0.0,-0.0000,0.0000,0.7051,-2.4445,1.2452,200.2259,enc,
1786777537.816640,0.1178,-0.0,-0.0,-0.0000,0.0000,0.7051,-2.4445,1.2452,200.2257,enc,
1786777537.878664,0.0620,-0.0,-0.0,-0.0000,0.0000,0.7051,-2.4445,1.2452,200.2257,enc,
1786777538.052928,0.1743,-0.0,-0.0,-0.0000,0.0000,0.7051,-2.4445,1.2452,200.2256,enc,
1786777538.282464,0.2295,-0.0,-0.0,-0.0000,0.0000,0.7051,-2.4445,1.2452,200.2255,enc,
1786777538.286652,0.0042,-0.0,-0.0,-0.0000,0.0000,0.7051,-2.4445,1.2452,200.2255,enc,
1786777538.368907,0.0823,-0.0,-0.0,-0.0000,0.0000,0.7051,-2.4445,1.2452,200.2253,enc,
1786777538.463827,0.0949,-0.0,-0.0,-0.0000,0.0000,0.7051,-2.4445,1.2452,200.2254,enc,
1786777538.488419,0.0246,-0.0,-0.0,-0.0000,0.0000,0.7051,-2.4445,1.2452,200.2253,enc,
1786777538.568135,0.0797,-0.0,-0.0,-0.0000,0.0000,0.7051,-2.4445,1.2452,200.2253,enc,
1786777539.001652,0.4335,-0.0,-0.0,-0.0000,0.0000,0.7051,-2.4445,1.2452,200.2254,enc,
1786777539.001737,0.0001,-0.0,-0.0,-0.0000,0.0000,0.7051,-2.4445,1.2452,200.2319,enc,
1786777539.001749,0.0000,-0.0,-0.0,-0.0000,0.0000,0.7051,-2.4445,1.2452,200.2384,enc,
1786777539.009920,0.0082,-0.0,-0.0,-0.0000,0.0000,0.7051,-2.4445,1.2452,200.2386,enc,
1786777539.115809,0.1059,-0.0,-0.0,-0.0000,0.0000,0.7051,-2.4445,1.2452,200.2321,enc,
1786777539.182799,0.0670,-0.0,-0.0,-0.0000,0.0000,0.7051,-2.4445,1.2452,200.2383,enc,
1786777539.312712,0.1299,-0.0,-0.0,-0.0000,0.0000,0.7051,-2.4445,1.2452,200.2383,enc,
1786777539.451777,0.1391,-0.0,-0.0,-0.0000,0.0000,0.7051,-2.4445,1.2452,200.2383,enc,
1786777539.533688,0.0819,-0.0,-0.0,-0.0000,0.0000,0.7051,-2.4445,1.2452,200.2383,enc,
1786777539.588485,0.0548,-0.0,-0.0,-0.0000,0.0000,0.7051,-2.4445,1.2452,200.2383,enc,
1786777539.672477,0.0840,-0.0,-0.0,-0.0000,0.0000,0.7051,-2.4445,1.2452,200.2382,enc,
1786777539.774113,0.1016,-0.0,-0.0,-0.0000,0.0000,0.7051,-2.4445,1.2452,200.2382,enc,
1786777539.906714,0.1326,-0.0,-0.0,-0.0000,0.0000,0.7051,-2.4445,1.2452,200.2382,enc,
1786777539.975580,0.0689,-0.0,-0.0,-0.0000,0.0000,0.7051,-2.4445,1.2452,200.2382,enc,
1786777540.073279,0.0977,-0.0,-0.0,-0.0000,0.0000,0.7051,-2.4445,1.2452,200.2382,enc,
1786777540.177207,0.1039,-0.0,-0.0,-0.0000,0.0000,0.7051,-2.4445,1.2452,200.2380,enc,
1786777540.272451,0.0952,-0.0,-0.0,-0.0000,0.0000,0.7051,-2.4445,1.2452,200.2380,enc,
1786777540.378887,0.1064,-0.0,-0.0,-0.0000,0.0000,0.7051,-2.4445,1.2452,200.2380,enc,
1786777540.473374,0.0945,-0.0,-0.0,-0.0000,0.0000,0.7051,-2.4445,1.2452,200.2380,enc,
1786777540.601196,0.1278,-0.0,-0.0,-0.0000,0.0000,0.7051,-2.4445,1.2452,200.2379,enc,
1786777540.679767,0.0786,-0.0,-0.0,-0.0000,0.0000,0.7051,-2.4445,1.2452,200.2379,enc,
1786777540.805961,0.1262,-0.0,-0.0,-0.0000,0.0000,0.7051,-2.4445,1.2452,200.2378,enc,
1786777540.884139,0.0782,-0.0,-0.0,-0.0000,0.0000,0.7051,-2.4445,1.2452,200.2376,enc,
1786777540.983325,0.0992,-0.0,-0.0,-0.0000,0.0000,0.7051,-2.4445,1.2452,200.2378,enc,
1786777541.084050,0.1007,-0.0,-0.0,-0.0000,0.0000,0.7051,-2.4445,1.2452,200.2378,enc,
1786777541.187736,0.1037,-0.0,-0.0,-0.0000,0.0000,0.7051,-2.4445,1.2452,200.2378,enc,
1786777541.285083,0.0973,-0.0,-0.0,-0.0000,0.0000,0.7051,-2.4445,1.2452,200.2312,enc,
1786777541.385301,0.1002,-0.0,-0.0,-0.0000,0.0000,0.7051,-2.4445,1.2452,200.2312,enc,
1786777541.491552,0.1063,-0.0,-0.0,-0.0000,0.0000,0.7051,-2.4445,1.2452,200.2377,enc,
1786777541.591916,0.1004,-0.0,-0.0,-0.0000,0.0000,0.7051,-2.4445,1.2452,200.2375,enc,
1786777541.717852,0.1259,-0.0,-0.0,-0.0000,0.0000,0.7051,-2.4445,1.2452,200.2378,enc,
1786777541.801979,0.0841,-0.0,-0.0,-0.0000,0.0000,0.7051,-2.4445,1.2452,200.2378,enc,
1786777541.905631,0.1037,-0.0,-0.0,-0.0000,0.0000,0.7051,-2.4445,1.2452,200.2313,enc,
1786777542.002316,0.0967,-0.0,-0.0,-0.0000,0.0000,0.7051,-2.4445,1.2452,200.2312,enc,
1786777542.137914,0.1356,-0.0,-0.0,-0.0000,0.0000,0.7051,-2.4445,1.2452,200.2313,enc,
1786777542.226806,0.0889,-0.0,-0.0,-0.0000,0.0000,0.7051,-2.4445,1.2452,200.2247,enc,
1786777542.309770,0.0830,-0.0,-0.0,-0.0000,0.0000,0.7051,-2.4445,1.2452,200.2245,enc,
1786777542.409983,0.1002,-0.0,-0.0,-0.0000,0.0000,0.7051,-2.4445,1.2452,200.2245,enc,
1786777542.512401,0.1024,-0.0,-0.0,-0.0000,0.0000,0.7051,-2.4445,1.2452,200.2244,enc,
1786777542.609694,0.0973,-0.0,-0.0,-0.0000,0.0000,0.7051,-2.4445,1.2452,200.2244,enc,
1786777542.716913,0.1072,-0.0,-0.0,-0.0000,0.0000,0.7051,-2.4445,1.2452,200.2244,enc,
1786777542.832062,0.1151,-0.0,-0.0,-0.0000,0.0000,0.7051,-2.4445,1.2452,200.2244,enc,
1786777542.930367,0.0983,-0.0,-0.0,-0.0000,0.0000,0.7051,-2.4445,1.2452,200.2244,enc,
1786777543.016751,0.0864,-0.0,-0.0,-0.0000,0.0000,0.7051,-2.4445,1.2452,200.2243,enc,
1786777543.123945,0.1072,-0.0,-0.0,-0.0000,0.0000,0.7051,-2.4445,1.2452,200.2242,enc,
1786777543.215803,0.0919,-0.0,-0.0,-0.0000,0.0000,0.7051,-2.4445,1.2452,200.2242,enc,
1786777543.314893,0.0991,-0.0,-0.0,-0.0000,0.0000,0.7051,-2.4445,1.2452,200.2242,enc,
1786777543.419387,0.1045,-0.0,-0.0,-0.0000,0.0000,0.7051,-2.4445,1.2452,200.2241,enc,
1786777543.526061,0.1067,-0.0,-0.0,-0.0000,0.0000,0.7051,-2.4445,1.2452,200.2241,enc,
1786777543.667516,0.1415,-0.0,-0.0,-0.0000,0.0000,0.7051,-2.4445,1.2452,200.2241,enc,
1786777543.728203,0.0607,-0.0,-0.0,-0.0000,0.0000,0.7051,-2.4445,1.2452,200.2241,enc,
1786777543.828888,0.1007,-20.75298309326172,19.10009002685547,-0.0048,0.6774,0.7050,-2.4449,1.2486,200.0259,imu,
1786777543.941391,0.1125,-40.95500183105469,39.3021125793457,-0.0048,1.3642,0.7048,-2.4455,1.3129,196.3428,imu,
1786777544.033876,0.0925,-39.15657424926758,37.59724044799805,-0.0046,1.3047,0.7048,-2.4459,1.4076,190.9181,imu,
1786777544.142277,0.1084,-39.4317512512207,37.8112678527832,-0.0048,1.3130,0.7047,-2.4464,1.4886,186.2781,imu,
1786777544.244029,0.1018,-39.09482192993164,37.27645492553711,-0.0053,1.2982,0.7047,-2.4469,1.5671,181.7762,imu,
1786777544.345429,0.1014,-39.07164001464844,37.8112678527832,-0.0037,1.3069,0.7048,-2.4473,1.6449,177.3192,imu,
1786777544.444123,0.0987,-39.27665328979492,37.64012908935547,-0.0048,1.3074,0.7048,-2.4478,1.7190,173.0724,imu,
1786777544.545048,0.1009,-34.96503448486328,33.72889709472656,-0.0036,1.1677,0.7049,-2.4481,1.7965,168.6364,imu,
1786777544.666208,0.1212,-1.2481389045715332,1.2481389045715332,0.0000,0.0424,0.7049,-2.4481,1.8316,166.6247,imu,
1786777544.747045,0.0808,-10.284664154052734,9.917354583740234,-0.0011,0.3434,0.7049,-2.4482,1.8237,167.0735,imu,
1786777544.853734,0.1067,-33.09250259399414,31.879688262939453,-0.0036,1.1044,0.7051,-2.4486,1.8849,163.5683,imu,
1786777544.954514,0.1008,-0.18365472555160522,0.7346189022064209,0.0016,0.0156,0.7050,-2.4484,1.9015,162.6195,imu,
1786777545.073346,0.1188,-0.0,-0.0,-0.0000,0.0000,0.7050,-2.4484,1.9015,162.7871,enc,
1786777545.179863,0.1065,-0.0,-0.0,-0.0000,0.0000,0.7050,-2.4484,1.9015,162.8658,enc,
1786777545.254506,0.0746,-0.0,-0.0,-0.0000,0.0000,0.7050,-2.4484,1.9015,162.8229,enc,
1786777545.354733,0.1002,-0.0,-0.0,-0.0000,0.0000,0.7050,-2.4484,1.9015,162.8360,enc,
1786777545.455495,0.1008,-8.546309471130371,8.182636260986328,-0.0011,0.2844,0.7050,-2.4485,1.9017,162.8227,imu,
1786777545.556179,0.1007,-42.00419998168945,40.36767578125,-0.0048,1.4002,0.7052,-2.4490,1.9520,159.9414,imu,
1786777545.658488,0.1023,-39.7918586730957,38.3514289855957,-0.0042,1.3283,0.7054,-2.4494,2.0298,155.4845,imu,
1786777545.795510,0.1370,-39.37981033325195,37.96708679199219,-0.0041,1.3147,0.7057,-2.4498,2.1005,151.4327,imu,
1786777545.871707,0.0762,-39.203224182128906,37.79049301147461,-0.0041,1.3087,0.7059,-2.4501,2.1741,147.2145,imu,
1786777545.975433,0.1037,-38.810054779052734,37.59724044799805,-0.0036,1.2988,0.7061,-2.4504,2.2656,141.9715,imu,
1786777546.074031,0.0986,-38.91298294067383,37.64012908935547,-0.0037,1.3012,0.7064,-2.4507,2.3487,137.2112,imu,
1786777546.178726,0.1047,-39.4317512512207,37.9913215637207,-0.0042,1.3160,0.7067,-2.4509,2.4207,133.0865,imu,
1786777546.310217,0.1315,-39.09482192993164,37.64012908935547,-0.0043,1.3043,0.7071,-2.4513,2.4924,128.9789,imu,
1786777546.384084,0.0739,-39.3021125793457,37.4655647277832,-0.0054,1.3049,0.7075,-2.4515,2.5632,124.9218,imu,
1786777546.555422,0.1713,-39.3021125793457,37.64921951293945,-0.0048,1.3080,0.7082,-2.4519,2.6329,120.9274,imu,
1786777546.601487,0.0461,-22.72954559326172,22.002201080322266,-0.0021,0.7603,0.7083,-2.4519,2.7024,116.9470,imu,
1786777546.749543,0.1481,-0.0,-0.0,-0.0000,0.0000,0.7083,-2.4519,2.7024,116.8542,enc,
1786777546.795141,0.0456,-0.0,-0.0,-0.0000,0.0000,0.7083,-2.4519,2.7024,116.9062,enc,
1786777546.939585,0.1444,27.54821014404297,23.663204193115234,0.1502,-0.0660,0.6886,-2.4428,2.7041,116.8106,imu,
1786777546.990057,0.0505,36.55435562133789,34.258670806884766,0.2076,-0.0390,0.6792,-2.4383,2.7042,116.8015,imu,
1786777547.124500,0.1344,35.69139099121094,33.439022064208984,0.2027,-0.0383,0.6544,-2.4269,2.7073,116.6238,imu,
1786777547.194782,0.0703,35.6506233215332,33.8500862121582,0.2038,-0.0306,0.6414,-2.4208,2.7082,116.5710,imu,
1786777547.295835,0.1011,35.8217658996582,33.821563720703125,0.2042,-0.0340,0.6227,-2.4122,2.7094,116.5052,imu,
1786777547.421680,0.1258,35.2762565612793,33.27605438232422,0.2010,-0.0340,0.5997,-2.4016,2.7104,116.4478,imu,
1786777547.497084,0.0754,35.458091735839844,33.457889556884766,0.2021,-0.0340,0.5859,-2.3953,2.7122,116.3435,imu,
1786777547.631854,0.1348,35.63992691040039,33.63972854614258,0.2031,-0.0340,0.5610,-2.3839,2.7120,116.3548,imu,
1786777547.703791,0.0719,35.681488037109375,32.008392333984375,0.1985,-0.0624,0.5480,-2.3779,2.7118,116.3681,imu,
1786777547.865709,0.1619,53.07621765136719,-26.44628143310547,0.0781,-1.3517,0.5366,-2.3725,2.6940,117.3859,imu,
1786777547.925109,0.0594,43.89347839355469,5.325986862182617,0.1443,-0.6556,0.5291,-2.3682,2.6255,121.3100,imu,
1786777548.086333,0.1612,33.582576751708984,35.85639953613281,0.2036,0.0387,0.5007,-2.3519,2.6214,121.5495,imu,
1786777548.126662,0.0403,35.07805252075195,33.4251594543457,0.2009,-0.0281,0.4936,-2.3479,2.6218,121.5247,imu,
1786777548.209195,0.0825,35.094417572021484,33.457889556884766,0.2010,-0.0278,0.4792,-2.3396,2.6216,121.5345,imu,
1786777548.341077,0.1319,34.8943977355957,33.24150466918945,0.1998,-0.0281,0.4563,-2.3266,2.6227,121.4752,imu,
1786777548.410860,0.0698,34.7503547668457,33.1298713684082,0.1990,-0.0275,0.4443,-2.3197,2.6243,121.3801,imu,
1786777548.534306,0.1234,46.18114471435547,-7.488833427429199,0.1135,-0.9123,0.4322,-2.3126,2.6130,122.0308,imu,
1786777548.616395,0.0821,48.43443298339844,-9.54284381866455,0.1140,-0.9855,0.4244,-2.3074,2.5475,125.7785,imu,
1786777548.798207,0.1818,32.919246673583984,36.7309455871582,0.2042,0.0648,0.3939,-2.2863,2.5366,126.4067,imu,
1786777548.823527,0.0253,35.094417572021484,33.63972854614258,0.2015,-0.0247,0.3897,-2.2834,2.5373,126.3628,imu,
1786777549.088075,0.2645,35.84798812866211,26.31207275390625,0.1823,-0.1621,0.3499,-2.2561,2.5404,126.1905,imu,
1786777549.097788,0.0097,53.47593688964844,-28.80858612060547,0.0723,-1.3987,0.3494,-2.2557,2.5040,128.2719,imu,
1786777549.400872,0.3031,53.81083297729492,-26.262624740600586,0.0808,-1.3611,0.3309,-2.2396,2.4259,132.7485,imu,
1786777549.406300,0.0054,52.39561080932617,-22.32665252685547,0.0882,-1.2701,0.3305,-2.2393,2.3467,137.2842,imu,
1786777549.485759,0.0795,32.5897102355957,35.6506233215332,0.2001,0.0520,0.3199,-2.2275,2.3041,139.7265,imu,
1786777549.498920,0.0132,34.185237884521484,34.00339889526367,0.1999,-0.0031,0.3181,-2.2255,2.3086,139.4692,imu,
1786777549.607472,0.1086,34.8943977355957,33.4251594543457,0.2003,-0.0250,0.3035,-2.2095,2.3108,139.3445,imu,
1786777549.635543,0.0281,34.34343338012695,33.24150466918945,0.1982,-0.0187,0.2997,-2.2054,2.3098,139.3992,imu,
1786777549.734356,0.0988,34.36707305908203,33.27605438232422,0.1983,-0.0185,0.2865,-2.1909,2.3120,139.2747,imu,
1786777549.868209,0.1339,20.56932830810547,34.5270881652832,0.1616,0.2373,0.2719,-2.1749,2.3113,139.3173,imu,
1786777549.937849,0.0696,-31.203475952148438,51.7086181640625,0.0601,1.4093,0.2690,-2.1719,2.3440,137.4418,imu,
1786777550.171203,0.2334,32.316165924072266,33.19912338256836,0.1921,0.0150,0.2362,-2.1413,2.3903,134.7859,imu,
1786777550.357130,0.1859,34.99835205078125,32.74598693847656,0.1986,-0.0383,0.2094,-2.1160,2.3847,135.1077,imu,
1786777550.466679,0.1095,34.548912048339844,33.27605438232422,0.1989,-0.0216,0.1935,-2.1010,2.3859,135.0422,imu,
1786777550.618414,0.1517,18.3654727935791,32.87419509887695,0.1502,0.2466,0.1769,-2.0854,2.3871,134.9720,imu,
1786777550.619505,0.0011,-14.404293060302734,46.99400329589844,0.0956,1.0436,0.1768,-2.0854,2.4280,132.6281,imu,
1786777550.700737,0.0812,37.45829391479492,32.185035705566406,0.2042,-0.0896,0.1642,-2.0746,2.4352,132.2177,imu,
1786777550.841569,0.1408,34.36707305908203,32.912384033203125,0.1973,-0.0247,0.1430,-2.0566,2.4383,132.0392,imu,
1786777550.906159,0.0646,33.97612380981445,33.0578498840332,0.1966,-0.0156,0.1333,-2.0484,2.4395,131.9706,imu,
1786777551.148165,0.2420,33.958797454833984,33.09250259399414,0.1966,-0.0147,0.0970,-2.0177,2.4390,131.9952,imu,
1786777551.259569,0.1114,34.34343338012695,33.0578498840332,0.1976,-0.0219,0.0802,-2.0035,2.4406,131.9057,imu,
1786777551.263174,0.0036,33.97612380981445,32.87419509887695,0.1960,-0.0187,0.0796,-2.0030,2.4409,131.8893,imu,
1786777551.438911,0.1757,33.6700325012207,32.5897102355957,0.1943,-0.0184,0.0535,-1.9811,2.4424,131.8003,imu,
1786777551.519108,0.0802,33.69975280761719,32.808223724365234,0.1950,-0.0152,0.0415,-1.9710,2.4436,131.7318,imu,
1786777551.756701,0.2376,38.185638427734375,15.27425479888916,0.1568,-0.3894,0.0130,-1.9470,2.4427,131.7841,imu,
1786777551.760074,0.0034,53.11582946777344,-30.068960189819336,0.0676,-1.4140,0.0129,-1.9469,2.3989,134.2976,imu,
1786777551.763337,0.0033,52.70890426635742,-26.44628143310547,0.0770,-1.3455,0.0127,-1.9467,2.3273,138.3981,imu,
1786777551.851966,0.0886,52.55071258544922,-26.366273880004883,0.0768,-1.3414,0.0084,-1.9414,2.2485,142.9133,imu,
1786777551.938942,0.0870,52.75571823120117,-26.10778045654297,0.0781,-1.3405,0.0046,-1.9358,2.1712,147.3444,imu,
1786777552.065784,0.1268,47.05059051513672,-7.870916366577148,0.1149,-0.9336,-0.0027,-1.9231,2.0898,152.0045,imu,
1786777552.172816,0.1070,32.0495491027832,36.0107307434082,0.1996,0.0673,-0.0127,-1.9043,2.0615,153.6273,imu,
1786777552.294877,0.1221,33.7924690246582,33.4251594543457,0.1971,-0.0062,-0.0242,-1.8831,2.0668,153.3248,imu,
1786777552.384126,0.0892,33.821563720703125,33.09421920776367,0.1962,-0.0124,-0.0325,-1.8678,2.0677,153.2728,imu,
1786777552.540821,0.1567,33.7924690246582,33.0578498840332,0.1960,-0.0125,-0.0472,-1.8408,2.0687,153.2141,imu,
1786777552.540933,0.0001,33.63972854614258,32.912384033203125,0.1951,-0.0124,-0.0472,-1.8407,2.0695,153.1683,imu,
1786777552.658077,0.1171,33.60881423950195,33.0578498840332,0.1955,-0.0094,-0.0582,-1.8207,2.0707,153.0985,imu,
1786777552.771251,0.1132,33.40766906738281,32.53312301635742,0.1933,-0.0149,-0.0687,-1.8015,2.0725,152.9946,imu,
1786777552.848119,0.0769,33.69975280761719,32.98653030395508,0.1955,-0.0121,-0.0759,-1.7883,2.0739,152.9186,imu,
1786777552.934366,0.0862,33.4251594543457,32.6905403137207,0.1939,-0.0125,-0.0840,-1.7737,2.0745,152.8835,imu,
1786777552.981548,0.0472,3.0912182331085205,38.36747360229492,0.1216,0.5996,-0.0868,-1.7687,2.0878,152.1200,imu,
1786777553.249466,0.2679,35.458091735839844,32.185035705566406,0.1983,-0.0556,-0.1135,-1.7227,2.0959,151.6584,imu,
1786777553.250476,0.0010,33.457889556884766,32.73054504394531,0.1941,-0.0124,-0.1136,-1.7225,2.0957,151.6702,imu,
1786777553.292952,0.0425,33.439022064208984,32.919246673583984,0.1946,-0.0088,-0.1177,-1.7154,2.0961,151.6471,imu,
1786777553.416517,0.1236,33.09421920776367,32.73054504394531,0.1930,-0.0062,-0.1297,-1.6948,2.0992,151.4684,imu,
1786777553.519753,0.1032,32.548709869384766,32.36687469482422,0.1903,-0.0031,-0.1397,-1.6778,2.0996,151.4458,imu,
1786777553.617317,0.0976,33.0578498840332,32.88294219970703,0.1933,-0.0030,-0.1492,-1.6615,2.0997,151.4398,imu,
1786777553.749666,0.1323,32.6905403137207,32.6905403137207,0.1917,0.0000,-0.1620,-1.6396,2.1007,151.3820,imu,
1786777553.838296,0.0886,32.98653030395508,32.62991714477539,0.1924,-0.0061,-0.1706,-1.6249,2.1010,151.3646,imu,
1786777553.925937,0.0876,32.548709869384766,32.548709869384766,0.1909,0.0000,-0.1791,-1.6105,2.1014,151.3419,imu,
1786777554.020906,0.0950,32.6905403137207,32.3232307434082,0.1906,-0.0062,-0.1883,-1.5949,2.1022,151.2957,imu,
1786777554.273769,0.2529,32.6905403137207,32.3232307434082,0.1906,-0.0062,-0.2128,-1.5534,2.1036,151.2160,imu,
1786777554.304834,0.0311,32.50688552856445,32.3232307434082,0.1901,-0.0031,-0.2158,-1.5483,2.1059,151.0835,imu,
1786777554.509550,0.2047,32.548709869384766,32.185035705566406,0.1898,-0.0062,-0.2356,-1.5148,2.1055,151.1070,imu,
1786777554.547550,0.0380,16.71257972717285,16.71257972717285,0.0980,0.0000,-0.2375,-1.5116,2.1073,151.0036,imu,
1786777554.568515,0.0210,-0.0,-0.0,-0.0000,0.0000,-0.2375,-1.5116,2.1073,150.4525,enc,
1786777554.721366,0.1529,-0.0,-0.0,-0.0000,0.0000,-0.2375,-1.5116,2.1073,150.6875,enc,
1786777554.721432,0.0001,24.48729705810547,22.738204956054688,0.1385,-0.0297,-0.2375,-1.5116,2.1070,150.7049,imu,
1786777554.721461,0.0000,36.7309455871582,34.548912048339844,0.2090,-0.0371,-0.2375,-1.5116,2.1029,150.9404,imu,
1786777554.921536,0.2001,35.63992691040039,33.63972854614258,0.2031,-0.0340,-0.2582,-1.4767,2.1057,150.7795,imu,
1786777555.008837,0.0873,35.518131256103516,33.612281799316406,0.2027,-0.0324,-0.2672,-1.4614,2.1062,150.7506,imu,
1786777555.102481,0.0936,35.6290168762207,33.7924690246582,0.2036,-0.0312,-0.2770,-1.4451,2.1067,150.7217,imu,
1786777555.196045,0.0936,35.458091735839844,33.457889556884766,0.2021,-0.0340,-0.2866,-1.4288,2.1073,150.6874,imu,
1786777555.306281,0.1102,35.48280715942383,33.521446228027344,0.2023,-0.0333,-0.2981,-1.4097,2.1094,150.5662,imu,
1786777555.375849,0.0696,35.44536209106445,33.60881423950195,0.2025,-0.0312,-0.3053,-1.3976,2.1095,150.5611,imu,
1786777555.525738,0.1499,35.2905158996582,33.6700325012207,0.2022,-0.0275,-0.3209,-1.3716,2.1115,150.4469,imu,
1786777555.654647,0.1289,35.07805252075195,33.60881423950195,0.2014,-0.0250,-0.3342,-1.3493,2.1103,150.5149,imu,
1786777555.706174,0.0515,34.99835205078125,33.439022064208984,0.2007,-0.0265,-0.3395,-1.3404,2.1100,150.5326,imu,
1786777555.733173,0.0270,35.07805252075195,33.60881423950195,0.2014,-0.0250,-0.3423,-1.3358,2.1092,150.5777,imu,
1786777555.908195,0.1750,34.73074722290039,33.457889556884766,0.1999,-0.0216,-0.3603,-1.3057,2.1094,150.5663,imu,
1786777556.014661,0.1065,34.47857666015625,33.26576232910156,0.1986,-0.0206,-0.3711,-1.2876,2.1095,150.5604,imu,
1786777556.163447,0.1488,34.59128189086914,33.16483688354492,0.1987,-0.0242,-0.3863,-1.2622,2.1085,150.6185,imu,
1786777556.208474,0.0450,34.71074295043945,33.24150466918945,0.1992,-0.0250,-0.3909,-1.2545,2.1092,150.5785,imu,
1786777556.432293,0.2238,34.5270881652832,33.24150466918945,0.1987,-0.0219,-0.4137,-1.2163,2.1091,150.5843,imu,
1786777556.447681,0.0154,34.5270881652832,33.24150466918945,0.1987,-0.0219,-0.4152,-1.2137,2.1096,150.5559,imu,
1786777556.501353,0.0537,34.1597785949707,32.6905403137207,0.1960,-0.0250,-0.4206,-1.2046,2.1093,150.5728,imu,
1786777556.555511,0.0542,34.1597785949707,33.0578498840332,0.1971,-0.0187,-0.4261,-1.1955,2.1093,150.5734,imu,
1786777556.773280,0.2178,34.185237884521484,33.09421920776367,0.1973,-0.0185,-0.4481,-1.1586,2.1099,150.5388,imu,
1786777556.839988,0.0667,34.00339889526367,32.73054504394531,0.1957,-0.0216,-0.4548,-1.1474,2.1099,150.5385,imu,
1786777556.860069,0.0201,34.1597785949707,33.0578498840332,0.1971,-0.0187,-0.4569,-1.1440,2.1106,150.4987,imu,
1786777557.005827,0.1458,33.78553771972656,32.39946746826172,0.1941,-0.0236,-0.4714,-1.1197,2.1104,150.5100,imu,
1786777557.061616,0.0558,34.1597785949707,33.0578498840332,0.1971,-0.0187,-0.4771,-1.1103,2.1104,150.5094,imu,
1786777557.189801,0.1282,33.63972854614258,32.73054504394531,0.1946,-0.0155,-0.4899,-1.0889,2.1107,150.4923,imu,
1786777557.264537,0.0747,33.439022064208984,32.2262077331543,0.1925,-0.0206,-0.4973,-1.0766,2.1126,150.3836,imu,
1786777557.357179,0.0926,33.60881423950195,32.50688552856445,0.1939,-0.0187,-0.5066,-1.0612,2.1130,150.3606,imu,
1786777557.563287,0.2061,33.60881423950195,32.50688552856445,0.1939,-0.0187,-0.5272,-1.0270,2.1125,150.3894,imu,
1786777557.567446,0.0042,33.4251594543457,32.3232307434082,0.1928,-0.0187,-0.5276,-1.0263,2.1112,150.4629,imu,
1786777557.703063,0.1356,33.457889556884766,32.36687469482422,0.1930,-0.0185,-0.5411,-1.0038,2.1115,150.4458,imu,
1786777557.762396,0.0593,33.457889556884766,32.73054504394531,0.1941,-0.0124,-0.5470,-0.9940,2.1115,150.4461,imu,
1786777557.909096,0.1467,32.912384033203125,32.00320053100586,0.1903,-0.0155,-0.5614,-0.9700,2.1111,150.4694,imu,
1786777557.961729,0.0526,33.0578498840332,32.13957595825195,0.1912,-0.0156,-0.5665,-0.9614,2.1114,150.4529,imu,
1786777558.108607,0.1469,33.09421920776367,32.185035705566406,0.1914,-0.0155,-0.5810,-0.9373,2.1113,150.4584,imu,
1786777558.162098,0.0535,33.0578498840332,31.772266387939453,0.1901,-0.0219,-0.5862,-0.9286,2.1129,150.3670,imu,
1786777558.420737,0.2586,33.09421920776367,32.185035705566406,0.1914,-0.0155,-0.6118,-0.8862,2.1140,150.3040,imu,
1786777558.423854,0.0031,32.87419509887695,31.772266387939453,0.1896,-0.0187,-0.6121,-0.8857,2.1141,150.2981,imu,
1786777558.518577,0.0947,32.87419509887695,31.955923080444336,0.1901,-0.0156,-0.6214,-0.8703,2.1136,150.3270,imu,
1786777558.571546,0.0530,32.6905403137207,31.588611602783203,0.1885,-0.0187,-0.6266,-0.8617,2.1142,150.2925,imu,
1786777558.665342,0.0938,32.6905403137207,31.772266387939453,0.1890,-0.0156,-0.6358,-0.8466,2.1150,150.2463,imu,
1786777558.796614,0.1313,32.492759704589844,31.609806060791016,0.1880,-0.0150,-0.6485,-0.8254,2.1146,150.2694,imu,
1786777558.907315,0.1107,32.7697639465332,31.689441680908203,0.1890,-0.0184,-0.6594,-0.8075,2.1150,150.2462,imu,
1786777558.998091,0.0908,32.50688552856445,31.588611602783203,0.1879,-0.0156,-0.6682,-0.7930,2.1155,150.2177,imu,
1786777559.100445,0.1024,32.185035705566406,31.275854110717773,0.1861,-0.0155,-0.6781,-0.7767,2.1160,150.1892,imu,
1786777559.175428,0.0750,32.39946746826172,31.533170700073242,0.1875,-0.0147,-0.6854,-0.7646,2.1158,150.2007,imu,
1786777559.327945,0.1525,32.36687469482422,31.457691192626953,0.1871,-0.0155,-0.7002,-0.7403,2.1165,150.1604,imu,
1786777559.377770,0.0498,32.22960662841797,31.689441680908203,0.1874,-0.0092,-0.7050,-0.7323,2.1163,150.1714,imu,
1786777559.560024,0.1823,32.22960662841797,31.329336166381836,0.1864,-0.0153,-0.7226,-0.7032,2.1158,150.1999,imu,
1786777559.625717,0.0657,32.185035705566406,31.457691192626953,0.1866,-0.0124,-0.7290,-0.6927,2.1167,150.1484,imu,
1786777559.780344,0.1546,32.13957595825195,31.404958724975586,0.1863,-0.0125,-0.7440,-0.6681,2.1175,150.1029,imu,
1786777559.814256,0.0339,32.052947998046875,31.01339340209961,0.1849,-0.0177,-0.7473,-0.6628,2.1184,150.0514,imu,
1786777559.889231,0.0750,31.821365356445312,31.094018936157227,0.1845,-0.0124,-0.7544,-0.6510,2.1174,150.1081,imu,
1786777560.020435,0.1312,31.916696548461914,30.668556213378906,0.1835,-0.0212,-0.7670,-0.6304,2.1186,150.0410,imu,
1786777560.096220,0.0758,31.56008529663086,30.84686279296875,0.1830,-0.0121,-0.7742,-0.6186,2.1195,149.9890,imu,
1786777560.235241,0.1390,31.772266387939453,30.853992462158203,0.1836,-0.0156,-0.7875,-0.5968,2.1196,149.9833,imu,
1786777560.328036,0.0928,32.00320053100586,31.275854110717773,0.1855,-0.0124,-0.7965,-0.5821,2.1205,149.9321,imu,
1786777560.451923,0.1239,31.509389877319336,30.609121322631836,0.1821,-0.0153,-0.8083,-0.5629,2.1207,149.9202,imu,
1786777560.498020,0.0461,31.588611602783203,30.853992462158203,0.1831,-0.0125,-0.8127,-0.5557,2.1198,149.9716,imu,
1786777560.629956,0.1319,31.738391876220703,31.025169372558594,0.1840,-0.0121,-0.8254,-0.5350,2.1200,149.9601,imu,
1786777560.704205,0.0742,31.404958724975586,30.670339584350586,0.1820,-0.0125,-0.8325,-0.5234,2.1202,149.9487,imu,
1786777560.875950,0.1717,31.588611602783203,30.670339584350586,0.1826,-0.0156,-0.8488,-0.4967,2.1193,149.9995,imu,
1786777560.908684,0.0327,31.43321418762207,30.726848602294922,0.1823,-0.0120,-0.8519,-0.4916,2.1200,149.9601,imu,
1786777561.011100,0.1024,31.329336166381836,30.609121322631836,0.1816,-0.0122,-0.8616,-0.4757,2.1214,149.8804,imu,
1786777561.143467,0.1324,31.01339340209961,30.493614196777344,0.1803,-0.0088,-0.8741,-0.4554,2.1211,149.8968,imu,
1786777561.218208,0.0747,31.094018936157227,30.54850959777832,0.1807,-0.0093,-0.8812,-0.4439,2.1223,149.8287,imu,
1786777561.340525,0.1223,31.221303939819336,30.303028106689453,0.1804,-0.0156,-0.8928,-0.4251,2.1226,149.8110,imu,
1786777561.414381,0.0739,31.149282455444336,30.789175033569336,0.1816,-0.0061,-0.8998,-0.4137,2.1220,149.8448,imu,
1786777561.534914,0.1205,31.149282455444336,30.429067611694336,0.1806,-0.0122,-0.9112,-0.3951,2.1227,149.8054,imu,
1786777561.618602,0.0837,31.094018936157227,30.54850959777832,0.1807,-0.0093,-0.9192,-0.3823,2.1238,149.7424,imu,
1786777561.743926,0.1253,30.912181854248047,30.366674423217773,0.1797,-0.0093,-0.9310,-0.3631,2.1244,149.7085,imu,
1786777561.864775,0.1208,30.903440475463867,30.19707679748535,0.1792,-0.0120,-0.9424,-0.3447,2.1262,149.6057,imu,
1786777561.968673,0.1039,30.366674423217773,30.003000259399414,0.1770,-0.0062,-0.9521,-0.3291,2.1251,149.6693,imu,
1786777562.082919,0.1142,31.1866512298584,30.320356369018555,0.1803,-0.0147,-0.9630,-0.3116,2.1262,149.6011,imu,
1786777562.246833,0.1639,30.54850959777832,29.821165084838867,0.1770,-0.0124,-0.9783,-0.2869,2.1265,149.5839,imu,
1786777562.277749,0.0309,30.853992462158203,30.119375228881836,0.1788,-0.0125,-0.9812,-0.2822,2.1269,149.5615,imu,
1786777562.410982,0.1332,30.789175033569336,30.068960189819336,0.1784,-0.0122,-0.9938,-0.2621,2.1283,149.4816,imu,
1786777562.435274,0.0243,30.670339584350586,29.935720443725586,0.1777,-0.0125,-0.9960,-0.2584,2.1284,149.4756,imu,
1786777562.642806,0.2075,30.609121322631836,29.888906478881836,0.1774,-0.0122,-1.0155,-0.2272,2.1284,149.4760,imu,
1786777562.648309,0.0055,30.670339584350586,29.935720443725586,0.1777,-0.0125,-1.0160,-0.2263,2.1289,149.4474,imu,
1786777562.750178,0.1019,32.13957595825195,22.4058780670166,0.1599,-0.1655,-1.0247,-0.2125,2.1299,149.3899,imu,
1786777562.907475,0.1573,49.84913635253906,-33.0578498840332,0.0492,-1.4093,-1.0286,-0.2058,2.0994,151.1396,imu,
1786777562.950228,0.0428,49.58677291870117,-29.935720443725586,0.0576,-1.3517,-1.0297,-0.2036,2.0281,155.2222,imu,
1786777563.072299,0.1221,49.40311813354492,-29.568410873413086,0.0582,-1.3424,-1.0323,-0.1970,1.9529,159.5326,imu,
1786777563.170771,0.0985,49.62209701538086,-29.314119338989258,0.0595,-1.3418,-1.0341,-0.1914,1.8770,163.8839,imu,
1786777563.383587,0.2128,49.58677291870117,-29.017446517944336,0.0603,-1.3361,-1.0370,-0.1789,1.7990,168.3500,imu,
1786777563.471132,0.0875,49.95408630371094,-28.466482162475586,0.0630,-1.3330,-1.0378,-0.1735,1.7223,172.7460,imu,
1786777563.487944,0.0168,49.37886428833008,-28.587764739990234,0.0610,-1.3253,-1.0379,-0.1725,1.6288,178.1020,imu,
1786777563.560859,0.0729,50.18683624267578,-28.00279998779297,0.0650,-1.3291,-1.0378,-0.1677,1.5486,182.6993,imu,
1786777563.702667,0.1418,50.18683624267578,-28.00279998779297,0.0650,-1.3291,-1.0368,-0.1585,1.4661,187.4266,imu,
1786777563.756982,0.0543,50.05491638183594,-27.908315658569336,0.0649,-1.3252,-1.0362,-0.1551,1.3824,192.2213,imu,
1786777563.891547,0.1346,50.32139587402344,-27.731863021850586,0.0662,-1.3267,-1.0338,-0.1465,1.3057,196.6150,imu,
1786777564.092878,0.2013,50.591678619384766,-27.54821014404297,0.0676,-1.3282,-1.0292,-0.1337,1.2263,201.1623,imu,
1786777564.150479,0.0576,50.68870162963867,-27.18090057373047,0.0689,-1.3236,-1.0276,-0.1301,1.1429,205.9403,imu,
1786777564.232798,0.0823,50.36867141723633,-26.91178321838379,0.0688,-1.3136,-1.0248,-0.1251,1.0593,210.7326,imu,
1786777564.280714,0.0479,50.9141845703125,-26.72994613647461,0.0709,-1.3198,-1.0229,-0.1223,0.9685,215.9365,imu,
1786777564.369084,0.0884,50.10386657714844,-27.102447509765625,0.0674,-1.3124,-1.0190,-0.1178,0.8628,221.9939,imu,
1786777564.493979,0.1249,32.548709869384766,27.275455474853516,0.1754,-0.0896,-1.0038,-0.1020,0.8030,225.4204,imu,
1786777564.571409,0.0774,31.381778717041016,32.62991714477539,0.1877,0.0212,-0.9937,-0.0916,0.8043,225.3411,imu,
1786777564.682349,0.1109,32.00320053100586,32.00320053100586,0.1877,0.0000,-0.9793,-0.0765,0.8084,225.1058,imu,
1786777564.780172,0.0978,16.361967086791992,16.528926849365234,0.0964,0.0028,-0.9728,-0.0697,0.8100,225.0181,imu,
1786777564.930731,0.1506,-0.0,-0.0,-0.0000,0.0000,-0.9728,-0.0697,0.8100,224.9017,enc,
1786777564.988711,0.0580,-0.0,-0.0,-0.0000,0.0000,-0.9728,-0.0697,0.8100,224.9023,enc,
1786777565.128066,0.1394,-0.0,-0.0,-0.0000,0.0000,-0.9728,-0.0697,0.8100,224.9279,enc,
1786777565.213618,0.0856,-0.0,-0.0,-0.0000,0.0000,-0.9728,-0.0697,0.8100,224.9396,enc,
1786777565.341663,0.1280,-0.0,-0.0,-0.0000,0.0000,-0.9728,-0.0697,0.8100,224.9393,enc,
1786777565.445760,0.1041,-0.0,-0.0,-0.0000,0.0000,-0.9728,-0.0697,0.8100,224.9389,enc,
1786777565.566202,0.1204,-0.0,-0.0,-0.0000,0.0000,-0.9728,-0.0697,0.8100,224.9381,enc,
1786777565.617434,0.0512,-0.0,-0.0,-0.0000,0.0000,-0.9728,-0.0697,0.8100,224.9417,enc,
1786777565.698067,0.0806,-0.0,-0.0,-0.0000,0.0000,-0.9728,-0.0697,0.8100,224.9528,enc,
1786777565.801024,0.1030,-0.0,-0.0,-0.0000,0.0000,-0.9728,-0.0697,0.8100,224.9520,enc,
1786777565.902705,0.1017,-0.0,-0.0,-0.0000,0.0000,-0.9728,-0.0697,0.8100,224.9514,enc,
1786777566.004569,0.1019,-0.0,-0.0,-0.0000,0.0000,-0.9728,-0.0697,0.8100,224.9506,enc,
1786777566.107682,0.1031,-0.0,-0.0,-0.0000,0.0000,-0.9728,-0.0697,0.8100,224.9501,enc,
1786777566.273121,0.1654,-0.0,-0.0,-0.0000,0.0000,-0.9728,-0.0697,0.8100,224.9494,enc,
1786777566.345959,0.0728,-0.0,-0.0,-0.0000,0.0000,-0.9728,-0.0697,0.8100,224.9491,enc,
1786777566.450162,0.1042,-0.0,-0.0,-0.0000,0.0000,-0.9728,-0.0697,0.8100,224.9485,enc,
1786777566.541604,0.0914,-0.0,-0.0,-0.0000,0.0000,-0.9728,-0.0697,0.8100,224.9480,enc,
1786777566.639478,0.0979,-0.0,-0.0,-0.0000,0.0000,-0.9728,-0.0697,0.8100,224.9475,enc,
1786777566.711689,0.0722,-0.0,-0.0,-0.0000,0.0000,-0.9728,-0.0697,0.8100,224.9469,enc,
1786777566.810244,0.0986,-0.0,-0.0,-0.0000,0.0000,-0.9728,-0.0697,0.8100,224.9464,enc,
1786777566.930440,0.1202,-0.0,-0.0,-0.0000,0.0000,-0.9728,-0.0697,0.8100,224.9458,enc,
1786777567.024786,0.0943,-0.0,-0.0,-0.0000,0.0000,-0.9728,-0.0697,0.8100,224.9451,enc,
1786777567.128556,0.1038,-0.0,-0.0,-0.0000,0.0000,-0.9728,-0.0697,0.8100,224.9399,enc,
1786777567.224786,0.0962,-0.0,-0.0,-0.0000,0.0000,-0.9728,-0.0697,0.8100,224.9392,enc,
1786777567.329592,0.1048,-0.0,-0.0,-0.0000,0.0000,-0.9728,-0.0697,0.8100,224.9460,enc,
1786777567.427831,0.0982,-0.0,-0.0,-0.0000,0.0000,-0.9728,-0.0697,0.8100,224.9455,enc,
1786777567.541440,0.1136,-0.0,-0.0,-0.0000,0.0000,-0.9728,-0.0697,0.8100,224.9450,enc,
1786777567.660382,0.1189,-0.0,-0.0,-0.0000,0.0000,-0.9728,-0.0697,0.8100,224.9447,enc,
1786777567.763019,0.1026,-7.382200241088867,-7.022092819213867,-0.0422,0.0061,-0.9758,-0.0728,0.8100,224.9442,imu,
1786777567.839477,0.0765,-29.627321243286133,-28.587764739990234,-0.1707,0.0177,-0.9848,-0.0823,0.8111,224.8824,imu,
1786777567.936974,0.0975,-27.91551971435547,-27.731863021850586,-0.1632,0.0031,-0.9958,-0.0938,0.8096,224.9642,imu,
1786777568.042657,0.1057,-27.91551971435547,-26.62993621826172,-0.1599,0.0219,-1.0074,-0.1060,0.8106,224.9088,imu,
1786777568.137577,0.0949,-27.82096290588379,-27.457292556762695,-0.1621,0.0062,-1.0180,-0.1172,0.8106,224.9095,imu,
1786777568.239483,0.1019,-27.731863021850586,-26.997243881225586,-0.1605,0.0125,-1.0293,-0.1290,0.8098,224.9535,imu,
1786777568.343494,0.1040,-27.54821014404297,-26.841846466064453,-0.1595,0.0120,-1.0407,-0.1411,0.8106,224.9098,imu,
1786777568.473295,0.1298,-27.459056854248047,-26.92414093017578,-0.1595,0.0091,-1.0550,-0.1561,0.8109,224.8910,imu,
1786777568.550746,0.0775,-27.36815643310547,-27.008047103881836,-0.1594,0.0061,-1.0635,-0.1650,0.8083,225.0384,imu,
1786777568.645650,0.0949,-27.18090057373047,-26.62993621826172,-0.1578,0.0094,-1.0739,-0.1758,0.8097,224.9587,imu,
1786777568.746183,0.1005,-26.997243881225586,-26.813589096069336,-0.1578,0.0031,-1.0848,-0.1873,0.8105,224.9161,imu,
1786777568.848070,0.1019,-42.2405891418457,26.997243881225586,-0.0447,1.1769,-1.0879,-0.1907,0.8255,224.0524,imu,
1786777568.948212,0.1001,-46.27378845214844,34.0301399230957,-0.0359,1.3650,-1.0902,-0.1934,0.8672,221.6676,imu,
1786777569.079585,0.1314,-45.17906188964844,32.13957595825195,-0.0382,1.3143,-1.0932,-0.1974,0.9266,218.2608,imu,
1786777569.176114,0.0965,-45.17906188964844,32.3232307434082,-0.0377,1.3174,-1.0952,-0.2005,0.9897,214.6462,imu,
1786777569.421548,0.2454,-45.17906188964844,32.13957595825195,-0.0382,1.3143,-1.0999,-0.2086,1.0533,211.0027,imu,
1786777569.429204,0.0077,-45.27725601196289,31.821365356445312,-0.0395,1.3105,-1.1000,-0.2089,1.1233,206.9948,imu,
1786777569.475514,0.0463,-45.04738998413086,31.879688262939453,-0.0386,1.3076,-1.1006,-0.2106,1.1997,202.6174,imu,
1786777569.566184,0.0907,-44.87413024902344,31.70642852783203,-0.0386,1.3017,-1.1016,-0.2139,1.2913,197.3660,imu,
1786777569.663734,0.0976,-45.17906188964844,32.13957595825195,-0.0382,1.3143,-1.1023,-0.2176,1.3688,192.9275,imu,
1786777569.766858,0.1031,-45.17906188964844,31.772266387939453,-0.0393,1.3080,-1.1029,-0.2216,1.4453,188.5439,imu,
1786777569.868294,0.1014,-41.36688995361328,35.30450439453125,-0.0178,1.3033,-1.1029,-0.2234,1.5207,184.2225,imu,
1786777569.982573,0.1143,-38.00379943847656,38.73114776611328,0.0021,1.3043,-1.1030,-0.2232,1.5953,179.9484,imu,
1786777570.073316,0.0907,1.4404292106628418,34.7503547668457,0.1061,0.5662,-1.1039,-0.2136,1.6682,175.7723,imu,
1786777570.168732,0.0954,40.03672790527344,33.60881423950195,0.2159,-0.1093,-1.1061,-0.1931,1.6791,175.1494,imu,
1786777570.276477,0.1077,37.0982551574707,34.34343338012695,0.2095,-0.0468,-1.1085,-0.1707,1.6775,175.2392,imu,
1786777570.369637,0.0932,36.91460037231445,33.97612380981445,0.2079,-0.0499,-1.1106,-0.1514,1.6773,175.2528,imu,
1786777570.512904,0.1433,36.552642822265625,34.05636215209961,0.2070,-0.0424,-1.1137,-0.1219,1.6766,175.2883,imu,
1786777570.601943,0.0890,36.7309455871582,33.8500862121582,0.2070,-0.0490,-1.1157,-0.1036,1.6773,175.2527,imu,
1786777570.692489,0.0905,36.5508918762207,33.8500862121582,0.2064,-0.0459,-1.1177,-0.0850,1.6777,175.2259,imu,
1786777570.780239,0.0878,36.19602966308594,33.69975280761719,0.2049,-0.0424,-1.1196,-0.0671,1.6795,175.1220,imu,
1786777570.879737,0.0995,36.19602966308594,33.87805938720703,0.2055,-0.0394,-1.1217,-0.0468,1.6754,175.3604,imu,
1786777570.980848,0.1011,36.1854362487793,33.63972854614258,0.2047,-0.0433,-1.1239,-0.0262,1.6756,175.3466,imu,
1786777571.083404,0.1026,36.19602966308594,33.69975280761719,0.2049,-0.0424,-1.1261,-0.0053,1.6755,175.3535,imu,
1786777571.184737,0.1013,35.8217658996582,34.00339889526367,0.2047,-0.0309,-1.1283,0.0153,1.6752,175.3682,imu,
1786777571.305511,0.1208,36.201171875,33.905487060546875,0.2056,-0.0390,-1.1309,0.0400,1.6762,175.3138,imu,
1786777571.401459,0.0959,35.6713981628418,34.08208084106445,0.2045,-0.0270,-1.1329,0.0595,1.6753,175.3655,imu,
1786777571.504842,0.1034,35.344871520996094,33.439022064208984,0.2017,-0.0324,-1.1351,0.0803,1.6754,175.3566,imu,
1786777571.600544,0.0957,35.6290168762207,33.60881423950195,0.2030,-0.0343,-1.1371,0.0996,1.6752,175.3723,imu,
1786777571.703131,0.1026,35.48280715942383,33.69975280761719,0.2029,-0.0303,-1.1393,0.1203,1.6746,175.4070,imu,
1786777571.801087,0.0980,13.406794548034668,13.039484977722168,0.0775,-0.0062,-1.1401,0.1279,1.6725,175.5242,imu,
1786777571.909176,0.1081,3.1221303939819336,2.9384756088256836,0.0178,-0.0031,-1.1403,0.1298,1.6781,175.2047,imu,
1786777572.034822,0.1256,35.4705696105957,34.3902473449707,0.2048,-0.0184,-1.1428,0.1554,1.6688,175.7390,imu,
1786777572.126560,0.0917,36.17998123168945,34.1597785949707,0.2062,-0.0343,-1.1446,0.1742,1.6684,175.7582,imu,
1786777572.237622,0.1111,35.8217658996582,33.821563720703125,0.2042,-0.0340,-1.1468,0.1968,1.6688,175.7366,imu,
1786777572.374547,0.1369,35.6290168762207,33.60881423950195,0.2030,-0.0343,-1.1496,0.2244,1.6689,175.7294,imu,
1786777572.416415,0.0419,35.44536209106445,33.60881423950195,0.2025,-0.0312,-1.1504,0.2329,1.6702,175.6582,imu,
1786777572.511372,0.0950,35.518131256103516,33.612281799316406,0.2027,-0.0324,-1.1523,0.2520,1.6713,175.5949,imu,
1786777572.617296,0.1059,35.2617073059082,33.4251594543457,0.2014,-0.0312,-1.1545,0.2732,1.6725,175.5262,imu,
1786777572.716909,0.0996,34.99835205078125,33.26576232910156,0.2002,-0.0295,-1.1566,0.2931,1.6746,175.4063,imu,
1786777572.894736,0.1778,35.07805252075195,33.4251594543457,0.2009,-0.0281,-1.1602,0.3286,1.6734,175.4768,imu,
1786777572.976250,0.0815,35.07805252075195,33.60881423950195,0.2014,-0.0250,-1.1619,0.3449,1.6719,175.5597,imu,
1786777573.036037,0.0598,34.8943977355957,33.4251594543457,0.2003,-0.0250,-1.1631,0.3569,1.6737,175.4542,imu,
1786777573.119959,0.0839,34.9304084777832,33.4899787902832,0.2006,-0.0245,-1.1648,0.3736,1.6731,175.4895,imu,
1786777573.280458,0.1605,34.7503547668457,33.3099250793457,0.1996,-0.0245,-1.1681,0.4055,1.6729,175.5039,imu,
1786777573.321411,0.0410,34.73074722290039,33.63972854614258,0.2005,-0.0185,-1.1689,0.4136,1.6732,175.4836,imu,
1786777573.429984,0.1086,20.75298309326172,20.2020206451416,0.1201,-0.0094,-1.1703,0.4266,1.6719,175.5592,imu,
1786777573.624565,0.1946,-0.0,-0.0,-0.0000,0.0000,-1.1703,0.4266,1.6719,175.6149,enc,
1786777573.640399,0.0158,-0.0,-0.0,-0.0000,0.0000,-1.1703,0.4266,1.6719,175.8179,enc,
1786777573.767506,0.1271,0.18365472555160522,-0.0,0.0005,-0.0031,-1.1703,0.4267,1.6715,175.7618,enc,
1786777573.827400,0.0599,38.143672943115234,-36.55435562133789,0.0047,-1.2697,-1.1703,0.4270,1.6562,176.6645,imu,
1786777573.952374,0.1250,41.18858337402344,-39.583839416503906,0.0047,-1.3730,-1.1703,0.4275,1.5841,180.7908,imu,
1786777574.031370,0.0790,40.58769607543945,-38.9348030090332,0.0048,-1.3517,-1.1703,0.4279,1.5036,185.4031,imu,
1786777574.171376,0.1400,40.4040412902832,-38.9348030090332,0.0043,-1.3486,-1.1702,0.4285,1.4196,190.2179,imu,
1786777574.247576,0.0762,40.118751525878906,-39.048919677734375,0.0031,-1.3457,-1.1701,0.4288,1.3225,195.7801,imu,
1786777574.358617,0.1110,39.64032745361328,-39.27665328979492,0.0011,-1.3414,-1.1701,0.4289,1.2508,199.8907,imu,
1786777574.435447,0.0768,39.9719123840332,-39.2516975402832,0.0021,-1.3466,-1.1700,0.4290,1.1959,203.0343,imu,
1786777574.537015,0.1016,40.18583679199219,-39.09482192993164,0.0032,-1.3476,-1.1699,0.4293,1.1235,207.1837,imu,
1786777574.643368,0.1064,40.22038650512695,-39.11845779418945,0.0032,-1.3486,-1.1697,0.4296,1.0523,211.2656,imu,
1786777574.736052,0.0927,40.03672790527344,-38.9348030090332,0.0032,-1.3424,-1.1695,0.4299,0.9764,215.6132,imu,
1786777574.837777,0.1017,40.4040412902832,-38.9348030090332,0.0043,-1.3486,-1.1693,0.4302,0.8978,220.1177,imu,
1786777574.949895,0.1121,39.822166442871094,-38.54930877685547,0.0037,-1.3322,-1.1690,0.4305,0.8216,224.4806,imu,
1786777575.039915,0.0900,39.7918586730957,-38.7115364074707,0.0032,-1.3344,-1.1688,0.4307,0.7443,228.9098,imu,
1786777575.140950,0.1010,40.15196228027344,-38.5314826965332,0.0048,-1.3375,-1.1684,0.4310,0.6643,233.4927,imu,
1786777575.248225,0.1073,39.849613189697266,-38.463539123535156,0.0041,-1.3312,-1.1680,0.4312,0.5860,237.9824,imu,
1786777575.366611,0.1184,39.909584045410156,-38.32026290893555,0.0047,-1.3298,-1.1676,0.4315,0.4928,243.3183,imu,
1786777575.452324,0.0857,39.4317512512207,-37.8112678527832,0.0048,-1.3130,-1.1672,0.4317,0.4142,247.8240,imu,
1786777575.553172,0.1008,39.822166442871094,-38.185638427734375,0.0048,-1.3260,-1.1667,0.4318,0.3380,252.1902,imu,
1786777575.680573,0.1274,39.76213836669922,-38.15739440917969,0.0047,-1.3245,-1.1661,0.4320,0.2614,256.5773,imu,
1786777575.768923,0.0883,39.458492279052734,-38.00379943847656,0.0043,-1.3167,-1.1658,0.4320,0.1845,260.9859,imu,
1786777575.858152,0.0892,39.85307312011719,-38.38383483886719,0.0043,-1.3299,-1.1654,0.4321,0.1100,265.2549,imu,
1786777575.958430,0.1003,30.7303466796875,-29.639328002929688,0.0032,-1.0262,-1.1651,0.4321,0.0316,269.7441,imu,
1786777576.066489,0.1081,0.5509641766548157,-0.36730945110321045,0.0005,-0.0156,-1.1650,0.4321,0.0168,270.5941,imu,
1786777576.157999,0.0915,-0.0,-0.0,-0.0000,0.0000,-1.1650,0.4321,0.0168,270.2887,enc,
1786777576.279369,0.1214,-0.0,-0.0,-0.0000,0.0000,-1.1650,0.4321,0.0168,270.3674,enc,
1786777576.396832,0.1175,-0.0,-0.0,-0.0000,0.0000,-1.1650,0.4321,0.0168,270.3179,enc,
1786777576.493918,0.0971,-0.0,-0.0,-0.0000,0.0000,-1.1650,0.4321,0.0168,270.3177,enc,
1786777576.565735,0.0718,-0.0,-0.0,-0.0000,0.0000,-1.1650,0.4321,0.0168,270.3173,enc,
1786777576.680731,0.1150,-0.0,-0.0,-0.0000,0.0000,-1.1650,0.4321,0.0168,270.3166,enc,
1786777576.769217,0.0885,-0.0,-0.0,-0.0000,0.0000,-1.1650,0.4321,0.0168,270.3154,enc,
1786777576.876272,0.1071,-0.0,-0.0,-0.0000,0.0000,-1.1650,0.4321,0.0168,270.3145,enc,
1786777576.978267,0.1020,-0.0,-0.0,-0.0000,0.0000,-1.1650,0.4321,0.0168,270.3134,enc,
1786777577.080422,0.1022,-0.0,-0.0,-0.0000,0.0000,-1.1650,0.4321,0.0168,270.3123,enc,
1786777577.205731,0.1253,-0.0,-0.0,-0.0000,0.0000,-1.1650,0.4321,0.0168,270.3211,enc,
1786777577.415165,0.2094,-0.0,-0.0,-0.0000,0.0000,-1.1650,0.4321,0.0168,270.3199,enc,
1786777577.433441,0.0183,-0.0,-0.0,-0.0000,0.0000,-1.1650,0.4321,0.0168,270.3190,enc,
1786777577.493825,0.0604,-0.0,-0.0,-0.0000,0.0000,-1.1650,0.4321,0.0168,270.3082,enc,
1786777577.586101,0.0923,-0.0,-0.0,-0.0000,0.0000,-1.1650,0.4321,0.0168,270.3174,enc,
1786777577.688445,0.1023,-0.0,-0.0,-0.0000,0.0000,-1.1650,0.4321,0.0168,270.3162,enc,
1786777577.795223,0.1068,-0.0,-0.0,-0.0000,0.0000,-1.1650,0.4321,0.0168,270.3154,enc,
1786777577.908322,0.1131,-0.0,-0.0,-0.0000,0.0000,-1.1650,0.4321,0.0168,270.3148,enc,
1786777578.028914,0.1206,-0.0,-0.0,-0.0000,0.0000,-1.1650,0.4321,0.0168,270.3142,enc,
1786777578.098818,0.0699,-0.0,-0.0,-0.0000,0.0000,-1.1650,0.4321,0.0168,270.3134,enc,
1786777578.236774,0.1380,-0.0,-0.0,-0.0000,0.0000,-1.1650,0.4321,0.0168,270.3130,enc,
1786777578.296612,0.0598,-0.0,-0.0,-0.0000,0.0000,-1.1650,0.4321,0.0168,270.3124,enc,
1786777578.419187,0.1226,-0.0,-0.0,-0.0000,0.0000,-1.1650,0.4321,0.0168,270.3117,enc,
1786777578.525342,0.1062,-0.0,-0.0,-0.0000,0.0000,-1.1650,0.4321,0.0168,270.3113,enc,
1786777578.656369,0.1310,-0.0,-0.0,-0.0000,0.0000,-1.1650,0.4321,0.0168,270.3107,enc,
1786777578.715545,0.0592,-0.0,-0.0,-0.0000,0.0000,-1.1650,0.4321,0.0168,270.3102,enc,
1786777578.895472,0.1799,-0.0,-0.0,-0.0000,0.0000,-1.1650,0.4321,0.0168,270.3096,enc,
1786777578.915224,0.0198,-0.0,-0.0,-0.0000,0.0000,-1.1650,0.4321,0.0168,270.3091,enc,
1786777579.100140,0.1849,-0.0,-0.0,-0.0000,0.0000,-1.1650,0.4321,0.0168,270.3087,enc,
1786777579.166860,0.0667,-0.0,-0.0,-0.0000,0.0000,-1.1650,0.4321,0.0168,270.3083,enc,
1786777579.222765,0.0559,-0.0,-0.0,-0.0000,0.0000,-1.1650,0.4321,0.0168,270.3078,enc,
