t,dt,left_rpm,right_rpm,v,w,x,y,theta,imu_heading_deg,theta_src,lateral_m_s
1786096149.274490,0.0000,0.0,0.0,0.0000,0.0000,0.0000,0.0000,0.0000,320.3125,enc,0.0000
1786096149.335269,0.0608,0.0,0.0,0.0000,0.0000,0.0000,0.0000,0.0000,320.3125,enc,0.0000
1786096149.455892,0.1206,0.0,0.0,0.0000,0.0000,0.0000,0.0000,0.0000,320.3125,enc,0.0000
1786096149.542890,0.0870,0.0,0.0,0.0000,0.0000,0.0000,0.0000,0.0000,320.3125,enc,0.0000
1786096149.645670,0.1028,0.0,0.0,0.0000,0.0000,0.0000,0.0000,0.0000,320.3125,enc,0.0000
1786096149.755291,0.1096,0.0,0.0,0.0000,0.0000,0.0000,0.0000,0.0000,320.3125,enc,0.0000
1786096149.857983,0.1027,0.0,0.0,0.0000,0.0000,0.0000,0.0000,0.0000,320.3125,enc,0.0000
1786096149.967475,0.1095,0.0,0.0,0.0000,0.0000,0.0000,0.0000,0.0000,320.3125,enc,0.0000
1786096150.159813,0.1923,0.0,0.0,0.0000,0.0000,0.0000,0.0000,0.0000,320.3125,enc,0.0000
1786096150.229238,0.0694,0.0,0.0,0.0000,0.0000,0.0000,0.0000,0.0000,320.3125,enc,0.0000
1786096150.273003,0.0438,0.0,0.0,0.0000,0.0000,0.0000,0.0000,0.0000,320.3125,enc,0.0000
1786096150.378921,0.1059,0.0,0.0,0.0000,0.0000,0.0000,0.0000,0.0000,320.3125,enc,0.0000
1786096150.478817,0.0999,0.0,0.0,0.0000,0.0000,0.0000,0.0000,0.0000,320.3125,enc,0.0000
1786096150.579804,0.1010,0.0,0.0,0.0000,0.0000,0.0000,0.0000,0.0000,320.3125,enc,0.0000
1786096150.682948,0.1031,0.0,0.0,0.0000,0.0000,0.0000,0.0000,0.0000,320.3125,enc,0.0000
1786096150.788872,0.1059,0.0,0.0,0.0000,0.0000,0.0000,0.0000,0.0000,320.3125,enc,0.0000
1786096150.951147,0.1623,0.0,0.0,0.0000,0.0000,0.0000,0.0000,0.0000,320.3125,enc,0.0000
1786096150.994701,0.0436,0.0,0.0,0.0000,0.0000,0.0000,0.0000,0.0000,320.3125,enc,0.0000
1786096151.102752,0.1081,0.0,0.0,0.0000,0.0000,0.0000,0.0000,0.0000,320.3125,enc,0.0000
1786096151.208268,0.1055,0.0,0.0,0.0000,0.0000,0.0000,0.0000,0.0000,320.3125,enc,0.0000
1786096151.304414,0.0961,0.0,0.0,0.0000,0.0000,0.0000,0.0000,0.0000,320.3125,enc,0.0000
1786096151.470565,0.1662,0.0,0.0,0.0000,0.0000,0.0000,0.0000,0.0000,320.3125,enc,0.0000
1786096151.514094,0.0435,0.0,0.0,0.0000,0.0000,0.0000,0.0000,0.0000,320.3125,enc,0.0000
1786096151.615682,0.1016,0.0,0.0,0.0000,0.0000,0.0000,0.0000,0.0000,320.3125,enc,0.0000
1786096151.720951,0.1053,0.0,0.0,0.0000,0.0000,0.0000,0.0000,0.0000,320.3125,enc,0.0000
1786096151.824468,0.1035,0.0,0.0,0.0000,0.0000,0.0000,0.0000,0.0000,320.3125,enc,0.0000
1786096151.925610,0.1011,0.0,0.0,0.0000,0.0000,0.0000,0.0000,0.0000,320.3125,enc,0.0000
1786096152.030290,0.1047,0.0,0.0,0.0000,0.0000,0.0000,0.0000,0.0000,320.3125,enc,0.0000
1786096152.135617,0.1053,0.0,0.0,0.0000,0.0000,0.0000,0.0000,0.0000,320.3125,enc,0.0000
1786096152.242979,0.1074,0.0,0.0,0.0000,0.0000,0.0000,0.0000,0.0000,320.3125,enc,0.0000
1786096152.343977,0.1010,0.0,0.0,0.0000,0.0000,0.0000,0.0000,0.0000,320.3125,enc,0.0000
1786096152.447224,0.1032,0.0,0.0,0.0000,0.0000,0.0000,0.0000,0.0000,320.3125,enc,0.0000
1786096152.556513,0.1093,0.0,0.0,0.0000,0.0000,0.0000,0.0000,0.0000,320.3125,enc,0.0000
1786096152.657009,0.1005,0.0,0.0,0.0000,0.0000,0.0000,0.0000,0.0000,320.3125,enc,0.0000
1786096152.822763,0.1658,0.0,0.0,0.0000,0.0000,0.0000,0.0000,0.0000,320.3125,enc,0.0000
1786096152.871786,0.0490,0.0,0.0,0.0000,0.0000,0.0000,0.0000,0.0000,320.3125,enc,0.0000
1786096152.966934,0.0951,0.0,0.0,0.0000,0.0000,0.0000,0.0000,0.0000,320.3125,enc,0.0000
1786096153.122192,0.1553,0.0,0.0,0.0000,0.0000,0.0000,0.0000,0.0000,320.3125,enc,0.0000
1786096153.176452,0.0543,0.0,0.0,0.0000,0.0000,0.0000,0.0000,0.0000,320.3125,enc,0.0000
1786096153.325117,0.1487,0.0,0.0,0.0000,0.0000,0.0000,0.0000,0.0000,320.3125,enc,0.0000
1786096153.381405,0.0563,0.0,0.0,0.0000,0.0000,0.0000,0.0000,0.0000,320.3125,enc,0.0000
1786096153.598092,0.2167,0.0,0.0,0.0000,0.0000,0.0000,0.0000,0.0000,320.3125,enc,0.0000
1786096153.598135,0.0000,0.0,0.0,0.0000,0.0000,0.0000,0.0000,0.0000,320.3125,enc,0.0000
1786096153.691716,0.0936,0.0,0.0,0.0000,0.0000,0.0000,0.0000,0.0000,320.3125,enc,0.0000
1786096153.803908,0.1122,0.0,0.0,0.0000,0.0000,0.0000,0.0000,0.0000,320.3125,enc,0.0000
1786096153.901370,0.0975,0.0,0.0,0.0000,0.0000,0.0000,0.0000,0.0000,320.3125,enc,0.0000
1786096154.007443,0.1061,0.0,0.0,0.0000,0.0000,0.0000,0.0000,0.0000,320.3125,enc,0.0000
1786096154.110941,0.1035,0.0,0.0,0.0000,0.0000,0.0000,0.0000,0.0000,320.3125,enc,0.0000
1786096154.216019,0.1051,0.0,0.0,0.0000,0.0000,0.0000,0.0000,0.0000,320.3125,enc,0.0000
1786096154.321083,0.1051,0.0,0.0,0.0000,0.0000,0.0000,0.0000,0.0000,320.3125,enc,0.0000
1786096154.422912,0.1018,0.0,0.0,0.0000,0.0000,0.0000,0.0000,0.0000,320.3125,enc,0.0000
1786096154.528492,0.1056,0.0,0.0,0.0000,0.0000,0.0000,0.0000,0.0000,320.3125,enc,0.0000
1786096154.630907,0.1024,0.0,0.0,0.0000,0.0000,0.0000,0.0000,0.0000,320.3125,enc,0.0000
1786096154.730113,0.0992,0.0,0.0,0.0000,0.0000,0.0000,0.0000,0.0000,320.3125,enc,0.0000
1786096154.836950,0.1068,0.0,0.0,0.0000,0.0000,0.0000,0.0000,0.0000,320.3125,enc,0.0000
1786096154.937430,0.1005,0.0,0.0,0.0000,0.0000,0.0000,0.0000,0.0000,320.3125,enc,0.0000
1786096155.042900,0.1055,0.0,0.0,0.0000,0.0000,0.0000,0.0000,0.0000,320.3125,enc,0.0000
1786096155.265358,0.2225,0.0,0.0,0.0000,0.0000,0.0000,0.0000,0.0000,320.3125,enc,0.0000
1786096155.266511,0.0012,0.0,0.0,0.0000,0.0000,0.0000,0.0000,0.0000,320.3125,enc,0.0000
1786096155.353823,0.0873,0.0,0.0,0.0000,0.0000,0.0000,0.0000,0.0000,320.3125,enc,0.0000
1786096155.511901,0.1581,0.0,0.0,0.0000,0.0000,0.0000,0.0000,0.0000,320.3125,enc,0.0000
1786096155.561562,0.0497,0.0,0.0,0.0000,0.0000,0.0000,0.0000,0.0000,320.3125,enc,0.0000
1786096155.766259,0.2047,0.0,0.0,0.0000,0.0000,0.0000,0.0000,0.0000,320.3125,enc,0.0000
1786096155.774168,0.0079,0.0,0.0,0.0000,0.0000,0.0000,0.0000,0.0000,320.3125,enc,0.0000
1786096156.022118,0.2479,0.0,0.0,0.0000,0.0000,0.0000,0.0000,0.0000,320.3125,enc,0.0000
1786096156.024436,0.0023,0.0,0.0,0.0000,0.0000,0.0000,0.0000,0.0000,320.3125,enc,0.0000
1786096156.080235,0.0558,0.0,0.0,0.0000,0.0000,0.0000,0.0000,0.0000,320.3125,enc,0.0000
1786096156.275666,0.1954,0.0,0.0,0.0000,0.0000,0.0000,0.0000,0.0000,320.3125,enc,0.0000
1786096156.286827,0.0112,0.0,0.0,0.0000,0.0000,0.0000,0.0000,0.0000,320.3125,enc,0.0000
1786096156.531378,0.2446,0.0,0.0,0.0000,0.0000,0.0000,0.0000,0.0000,320.3125,enc,0.0000
1786096156.532592,0.0012,0.0,0.0,0.0000,0.0000,0.0000,0.0000,0.0000,320.3125,enc,0.0000
1786096156.596295,0.0637,0.0,0.0,0.0000,0.0000,0.0000,0.0000,0.0000,320.3125,enc,0.0000
1786096156.783607,0.1873,0.0,0.0,0.0000,0.0000,0.0000,0.0000,0.0000,320.3125,enc,0.0000
1786096156.805125,0.0215,0.0,0.0,0.0000,0.0000,0.0000,0.0000,0.0000,320.3125,enc,0.0000
1786096157.036765,0.2316,0.0,0.0,0.0000,0.0000,0.0000,0.0000,0.0000,320.3125,enc,0.0000
1786096157.037064,0.0003,0.0,0.0,0.0000,0.0000,0.0000,0.0000,0.0000,320.3125,enc,0.0000
1786096157.120338,0.0833,0.0,0.0,0.0000,0.0000,0.0000,0.0000,0.0000,320.3125,enc,0.0000
1786096157.285210,0.1649,0.0,0.0,0.0000,0.0000,0.0000,0.0000,0.0000,320.3125,enc,0.0000
1786096157.324340,0.0391,0.0,0.0,0.0000,0.0000,0.0000,0.0000,0.0000,320.3125,enc,0.0000
1786096157.540983,0.2166,0.0,0.0,0.0000,0.0000,0.0000,0.0000,0.0000,320.3125,enc,0.0000
1786096157.556444,0.0155,0.0,0.0,0.0000,0.0000,0.0000,0.0000,0.0000,320.3125,enc,0.0000
1786096157.794767,0.2383,0.0,0.0,0.0000,0.0000,0.0000,0.0000,0.0000,320.3125,enc,0.0000
1786096157.794817,0.0001,0.0,0.0,0.0000,0.0000,0.0000,0.0000,0.0000,320.3125,enc,0.0000
1786096157.845397,0.0506,0.0,0.0,0.0000,0.0000,0.0000,0.0000,0.0000,320.3125,enc,0.0000
1786096158.035280,0.1899,0.0,0.0,0.0000,0.0000,0.0000,0.0000,0.0000,320.3125,enc,0.0000
1786096158.050998,0.0157,0.0,0.0,0.0000,0.0000,0.0000,0.0000,0.0000,320.3125,enc,0.0000
1786096158.282932,0.2319,0.0,0.0,0.0000,0.0000,0.0000,0.0000,0.0000,320.3125,enc,0.0000
1786096158.283980,0.0010,0.0,0.0,0.0000,0.0000,0.0000,0.0000,0.0000,320.3125,enc,0.0000
1786096158.364315,0.0803,0.0,0.0,0.0000,0.0000,0.0000,0.0000,0.0000,320.3125,enc,0.0000
1786096158.532487,0.1682,0.0,0.0,0.0000,0.0000,0.0000,0.0000,0.0000,320.3125,enc,0.0000
1786096158.568021,0.0355,0.0,0.0,0.0000,0.0000,0.0000,0.0000,0.0000,320.3125,enc,0.0000
1786096158.780633,0.2126,0.0,0.0,0.0000,0.0000,0.0000,0.0000,0.0000,320.3125,enc,0.0000
1786096158.780855,0.0002,0.0,0.0,0.0000,0.0000,0.0000,0.0000,0.0000,320.3125,enc,0.0000
1786096158.882396,0.1015,0.0,0.0,0.0000,0.0000,0.0000,0.0000,0.0000,320.3125,enc,0.0000
1786096159.034161,0.1518,0.0,0.0,0.0000,0.0000,0.0000,0.0000,0.0000,320.3125,enc,0.0000
1786096159.090240,0.0561,0.0,0.0,0.0000,0.0000,0.0000,0.0000,0.0000,320.3125,enc,0.0000
1786096159.284818,0.1946,0.0,0.0,0.0000,0.0000,0.0000,0.0000,0.0000,320.3125,enc,0.0000
1786096159.297826,0.0130,0.0,0.0,0.0000,0.0000,0.0000,0.0000,0.0000,320.3125,enc,0.0000
1786096159.544495,0.2467,0.0,0.0,0.0000,0.0000,0.0000,0.0000,0.0000,320.3125,enc,0.0000
1786096159.557566,0.0131,0.0,0.0,0.0000,0.0000,0.0000,0.0000,0.0000,320.3125,enc,0.0000
1786096159.896718,0.3392,0.0,0.0,0.0000,0.0000,0.0000,0.0000,0.0000,320.3125,enc,0.0000
1786096159.896766,0.0000,0.0,0.0,0.0000,0.0000,0.0000,0.0000,0.0000,320.3125,enc,0.0000
1786096159.896779,0.0000,0.0,0.0,0.0000,0.0000,0.0000,0.0000,0.0000,320.3125,enc,0.0000
1786096160.049568,0.1528,0.0,0.0,0.0000,0.0000,0.0000,0.0000,0.0000,320.3125,enc,0.0000
1786096160.050471,0.0009,0.0,0.0,0.0000,0.0000,0.0000,0.0000,0.0000,320.3125,enc,0.0000
1786096160.131607,0.0811,0.0,0.0,0.0000,0.0000,0.0000,0.0000,0.0000,320.3125,enc,0.0000
1786096160.245648,0.1140,0.0,0.0,0.0000,0.0000,0.0000,0.0000,0.0000,320.3125,enc,0.0000
1786096160.477739,0.2321,0.0,0.0,0.0000,0.0000,0.0000,0.0000,0.0000,320.3125,enc,0.0000
1786096160.477921,0.0002,0.0,0.0,0.0000,0.0000,0.0000,0.0000,0.0000,320.3125,enc,0.0000
1786096160.587772,0.1099,0.0,0.0,0.0000,0.0000,0.0000,0.0000,0.0000,320.3125,enc,0.0000
1786096160.647544,0.0598,0.0,0.0,0.0000,0.0000,0.0000,0.0000,0.0000,320.3125,enc,0.0000
1786096160.749841,0.1023,0.0,0.0,0.0000,0.0000,0.0000,0.0000,0.0000,320.3125,enc,0.0000
1786096160.857847,0.1080,0.0,0.0,0.0000,0.0000,0.0000,0.0000,0.0000,320.3125,enc,0.0000
1786096160.962843,0.1050,0.0,0.0,0.0000,0.0000,0.0000,0.0000,0.0000,320.3125,enc,0.0000
1786096161.168371,0.2055,0.0,0.0,0.0000,0.0000,0.0000,0.0000,0.0000,320.3125,enc,0.0000
1786096161.168415,0.0000,0.0,0.0,0.0000,0.0000,0.0000,0.0000,0.0000,320.3125,enc,0.0000
1786096161.276956,0.1085,0.0,0.0,0.0000,0.0000,0.0000,0.0000,0.0000,320.3125,enc,0.0000
1786096161.372183,0.0952,0.0,0.0,0.0000,0.0000,0.0000,0.0000,0.0000,320.3125,enc,0.0000
1786096161.476612,0.1044,0.0,0.0,0.0000,0.0000,0.0000,0.0000,0.0000,320.3125,enc,0.0000
1786096161.596823,0.1202,0.0,0.0,0.0000,0.0000,0.0000,0.0000,0.0000,320.3125,enc,0.0000
1786096161.686516,0.0897,0.0,0.0,0.0000,0.0000,0.0000,0.0000,0.0000,320.3125,enc,0.0000
1786096161.786647,0.1001,0.0,0.0,0.0000,0.0000,0.0000,0.0000,0.0000,320.3125,enc,0.0000
1786096161.892325,0.1057,0.0,0.0,0.0000,0.0000,0.0000,0.0000,0.0000,320.3125,enc,0.0000
1786096161.992438,0.1001,0.0,0.0,0.0000,0.0000,0.0000,0.0000,0.0000,320.3125,enc,0.0000
1786096162.096677,0.1042,0.0,0.0,0.0000,0.0000,0.0000,0.0000,0.0000,320.3125,enc,0.0000
1786096162.206180,0.1095,0.0,0.0,0.0000,0.0000,0.0000,0.0000,0.0000,320.3125,enc,0.0000
1786096162.307560,0.1014,0.0,0.0,0.0000,0.0000,0.0000,0.0000,0.0000,320.3125,enc,0.0000
1786096162.410575,0.1030,0.0,0.0,0.0000,0.0000,0.0000,0.0000,0.0000,320.3125,enc,0.0000
1786096162.515460,0.1049,0.0,0.0,0.0000,0.0000,0.0000,0.0000,0.0000,320.3125,enc,0.0000
1786096162.618972,0.1035,0.0,0.0,0.0000,0.0000,0.0000,0.0000,0.0000,320.3125,enc,0.0000
1786096162.724999,0.1060,0.0,0.0,0.0000,0.0000,0.0000,0.0000,0.0000,320.3125,enc,0.0000
1786096162.825127,0.1001,0.0,0.0,0.0000,0.0000,0.0000,0.0000,0.0000,320.3125,enc,0.0000
1786096162.929227,0.1041,0.0,0.0,0.0000,0.0000,0.0000,0.0000,0.0000,320.2500,enc,0.0000
1786096163.037066,0.1078,0.0,0.0,0.0000,0.0000,0.0000,0.0000,0.0000,320.1875,enc,0.0000
1786096163.138601,0.1015,0.0,0.0,0.0000,0.0000,0.0000,0.0000,0.0000,317.3750,enc,0.0000
1786096163.247461,0.1089,0.0,0.0,0.0000,0.0000,0.0000,0.0000,0.0000,314.0000,enc,0.0000
1786096163.345995,0.0985,0.0,0.0,0.0000,0.0000,0.0000,0.0000,0.0000,306.6250,enc,0.0000
1786096163.450035,0.1040,0.0,0.0,0.0000,0.0000,0.0000,0.0000,0.0000,305.3750,enc,0.0000
1786096163.555812,0.1058,0.0,0.0,0.0000,0.0000,0.0000,0.0000,0.0000,311.0625,enc,0.0000
1786096163.659321,0.1035,0.0,0.0,0.0000,0.0000,0.0000,0.0000,0.0000,321.1875,enc,0.0000
1786096163.760845,0.1015,0.0,0.0,0.0000,0.0000,0.0000,0.0000,0.0000,334.3750,enc,0.0000
1786096163.870420,0.1096,0.0,0.0,0.0000,0.0000,0.0000,0.0000,0.0000,345.0625,enc,0.0000
1786096163.973251,0.1028,0.0,0.0,0.0000,0.0000,0.0000,0.0000,0.0000,345.8125,enc,0.0000
1786096164.072896,0.0996,0.0,0.0,0.0000,0.0000,0.0000,0.0000,0.0000,342.1875,enc,0.0000
1786096164.178380,0.1055,0.0,0.0,0.0000,0.0000,0.0000,0.0000,0.0000,335.7500,enc,0.0000
1786096164.282915,0.1045,0.0,0.0,0.0000,0.0000,0.0000,0.0000,0.0000,325.6875,enc,0.0000
1786096164.395152,0.1122,0.0,0.0,0.0000,0.0000,0.0000,0.0000,0.0000,313.5625,enc,0.0000
1786096164.486486,0.0913,0.0,0.0,0.0000,0.0000,0.0000,0.0000,0.0000,299.0000,enc,0.0000
1786096164.594295,0.1078,0.0,0.0,0.0000,0.0000,0.0000,0.0000,0.0000,283.0000,enc,0.0000
1786096164.787226,0.1929,0.0,0.0,0.0000,0.0000,0.0000,0.0000,0.0000,276.7500,enc,0.0000
1786096164.796866,0.0096,0.0,0.0,0.0000,0.0000,0.0000,0.0000,0.0000,273.1875,enc,0.0000
1786096165.013980,0.2171,0.0,0.0,0.0000,0.0000,0.0000,0.0000,0.0000,273.5625,enc,0.0000
1786096165.015430,0.0014,0.0,0.0,0.0000,0.0000,0.0000,0.0000,0.0000,281.6875,enc,0.0000
1786096165.195917,0.1805,0.0,0.0,0.0000,0.0000,0.0000,0.0000,0.0000,293.9375,enc,0.0000
1786096165.218592,0.0227,0.0,0.0,0.0000,0.0000,0.0000,0.0000,0.0000,308.5625,enc,0.0000
1786096165.322605,0.1040,0.0,0.0,0.0000,0.0000,0.0000,0.0000,0.0000,318.6875,enc,0.0000
1786096165.424616,0.1020,0.0,0.0,0.0000,0.0000,0.0000,0.0000,0.0000,325.3750,enc,0.0000
1786096165.531334,0.1067,0.0,0.0,0.0000,0.0000,0.0000,0.0000,0.0000,332.0000,enc,0.0000
1786096165.630929,0.0996,0.0,0.0,0.0000,0.0000,0.0000,0.0000,0.0000,340.2500,enc,0.0000
1786096165.735021,0.1041,0.0,0.0,0.0000,0.0000,0.0000,0.0000,0.0000,345.0625,enc,0.0000
1786096165.839696,0.1047,0.0,0.0,0.0000,0.0000,0.0000,0.0000,0.0000,345.8750,enc,0.0000
1786096165.941615,0.1019,0.0,0.0,0.0000,0.0000,0.0000,0.0000,0.0000,340.8125,enc,0.0000
1786096166.044496,0.1029,0.0,0.0,0.0000,0.0000,0.0000,0.0000,0.0000,332.4375,enc,0.0000
1786096166.145158,0.1007,0.0,0.0,0.0000,0.0000,0.0000,0.0000,0.0000,326.3125,enc,0.0000
1786096166.252819,0.1077,0.0,0.0,0.0000,0.0000,0.0000,0.0000,0.0000,320.1250,enc,0.0000
1786096166.351974,0.0992,0.0,0.0,0.0000,0.0000,0.0000,0.0000,0.0000,313.6250,enc,0.0000
1786096166.458883,0.1069,0.0,0.0,0.0000,0.0000,0.0000,0.0000,0.0000,313.9375,enc,0.0000
1786096166.563872,0.1050,0.0,0.0,0.0000,0.0000,0.0000,0.0000,0.0000,317.8125,enc,0.0000
1786096166.665974,0.1021,0.0,0.0,0.0000,0.0000,0.0000,0.0000,0.0000,328.1875,enc,0.0000
1786096166.768941,0.1030,0.0,0.0,0.0000,0.0000,0.0000,0.0000,0.0000,341.1875,enc,0.0000
1786096166.875200,0.1063,0.0,0.0,0.0000,0.0000,0.0000,0.0000,0.0000,348.5625,enc,0.0000
1786096166.981020,0.1058,0.0,0.0,0.0000,0.0000,0.0000,0.0000,0.0000,350.2500,enc,0.0000
1786096167.088101,0.1071,0.0,0.0,0.0000,0.0000,0.0000,0.0000,0.0000,346.5000,enc,0.0000
1786096167.184567,0.0965,0.0,0.0,0.0000,0.0000,0.0000,0.0000,0.0000,341.3125,enc,0.0000
1786096167.289891,0.1053,0.0,0.0,0.0000,0.0000,0.0000,0.0000,0.0000,337.1875,enc,0.0000
1786096167.392235,0.1023,0.0,0.0,0.0000,0.0000,0.0000,0.0000,0.0000,333.8750,enc,0.0000
1786096167.493467,0.1012,0.0,0.0,0.0000,0.0000,0.0000,0.0000,0.0000,329.6875,enc,0.0000
1786096167.599860,0.1064,0.0,0.0,0.0000,0.0000,0.0000,0.0000,0.0000,327.0000,enc,0.0000
1786096167.701434,0.1016,0.0,0.0,0.0000,0.0000,0.0000,0.0000,0.0000,325.7500,enc,0.0000
1786096167.804952,0.1035,0.0,0.0,0.0000,0.0000,0.0000,0.0000,0.0000,327.1875,enc,0.0000
1786096167.914093,0.1091,0.0,0.0,0.0000,0.0000,0.0000,0.0000,0.0000,330.3125,enc,0.0000
1786096168.010390,0.0963,0.0,0.0,0.0000,0.0000,0.0000,0.0000,0.0000,333.7500,enc,0.0000
1786096168.173612,0.1632,-0.029243698343634605,-0.002693498507142067,-0.0001,0.0005,-0.0000,0.0000,0.0001,334.6250,enc,0.0001
1786096168.220949,0.0473,0.0,0.0,0.0000,0.0000,-0.0000,0.0000,0.0001,335.3125,enc,0.0000
1786096168.338037,0.1171,0.0,0.0,0.0000,0.0000,-0.0000,0.0000,0.0001,335.4375,enc,0.0000
1786096168.437184,0.0991,0.0,0.0,0.0000,0.0000,-0.0000,0.0000,0.0001,335.5625,enc,0.0000
1786096168.538895,0.1017,0.0,0.0,0.0000,0.0000,-0.0000,0.0000,0.0001,333.8750,enc,0.0000
1786096168.658850,0.1200,0.0,0.0,0.0000,0.0000,-0.0000,0.0000,0.0001,332.4375,enc,0.0000
1786096168.749902,0.0911,0.0,0.0,0.0000,0.0000,-0.0000,0.0000,0.0001,331.1250,enc,0.0000
1786096168.847428,0.0975,0.0,0.0,0.0000,0.0000,-0.0000,0.0000,0.0001,329.4375,enc,0.0000
1786096168.948026,0.1006,0.0,0.0,0.0000,0.0000,-0.0000,0.0000,0.0001,328.6250,enc,0.0000
1786096169.060665,0.1126,0.0,0.0,0.0000,0.0000,-0.0000,0.0000,0.0001,328.0000,enc,0.0000
1786096169.162971,0.1023,0.0,0.0,0.0000,0.0000,-0.0000,0.0000,0.0001,327.3125,enc,0.0000
1786096169.262986,0.1000,0.0,0.0,0.0000,0.0000,-0.0000,0.0000,0.0001,326.8750,enc,0.0000
1786096169.359491,0.0965,0.0,0.0,0.0000,0.0000,-0.0000,0.0000,0.0001,326.7500,enc,0.0000
1786096169.477309,0.1178,0.0,0.0,0.0000,0.0000,-0.0000,0.0000,0.0001,326.4375,enc,0.0000
1786096169.566561,0.0893,0.0,0.0,0.0000,0.0000,-0.0000,0.0000,0.0001,326.2500,enc,0.0000
1786096169.698928,0.1324,0.0,0.0,0.0000,0.0000,-0.0000,0.0000,0.0001,326.0625,enc,0.0000
1786096169.775161,0.0762,0.0,0.0,0.0000,0.0000,-0.0000,0.0000,0.0001,325.8125,enc,0.0000
1786096169.882809,0.1076,0.0,0.0,0.0000,0.0000,-0.0000,0.0000,0.0001,325.6875,enc,0.0000
1786096169.983121,0.1003,0.0,0.0,0.0000,0.0000,-0.0000,0.0000,0.0001,325.5000,enc,0.0000
1786096170.090874,0.1078,0.0,0.0,0.0000,0.0000,-0.0000,0.0000,0.0001,325.4375,enc,0.0000
1786096170.266590,0.1757,0.0,0.0,0.0000,0.0000,-0.0000,0.0000,0.0001,325.2500,enc,0.0000
1786096170.289461,0.0229,0.0,0.0,0.0000,0.0000,-0.0000,0.0000,0.0001,325.1875,enc,0.0000
1786096170.525444,0.2360,0.0,0.0,0.0000,0.0000,-0.0000,0.0000,0.0001,325.1875,enc,0.0000
1786096170.528661,0.0032,0.0,0.0,0.0000,0.0000,-0.0000,0.0000,0.0001,325.0625,enc,0.0000
1786096170.603653,0.0750,0.0,0.0,0.0000,0.0000,-0.0000,0.0000,0.0001,325.0625,enc,0.0000
1786096170.777883,0.1742,0.0,0.0,0.0000,0.0000,-0.0000,0.0000,0.0001,325.0625,enc,0.0000
1786096170.808398,0.0305,0.0,0.0,0.0000,0.0000,-0.0000,0.0000,0.0001,325.0625,enc,0.0000
1786096171.014453,0.2061,0.0,0.0,0.0000,0.0000,-0.0000,0.0000,0.0001,325.0625,enc,0.0000
1786096171.020322,0.0059,0.0,0.0,0.0000,0.0000,-0.0000,0.0000,0.0001,325.0625,enc,0.0000
1786096171.268910,0.2486,0.0,0.0,0.0000,0.0000,-0.0000,0.0000,0.0001,325.0625,enc,0.0000
1786096171.271493,0.0026,0.0,0.0,0.0000,0.0000,-0.0000,0.0000,0.0001,325.0625,enc,0.0000
1786096171.328845,0.0574,0.0,0.0,0.0000,0.0000,-0.0000,0.0000,0.0001,325.0625,enc,0.0000
1786096171.535022,0.2062,0.0,0.0,0.0000,0.0000,-0.0000,0.0000,0.0001,325.0625,enc,0.0000
1786096171.544008,0.0090,0.0,0.0,0.0000,0.0000,-0.0000,0.0000,0.0001,325.0625,enc,0.0000
1786096171.888014,0.3440,0.0,0.0,0.0000,0.0000,-0.0000,0.0000,0.0001,325.0625,enc,0.0000
1786096171.894818,0.0068,0.0,0.0,0.0000,0.0000,-0.0000,0.0000,0.0001,325.0625,enc,0.0000
1786096171.894853,0.0000,0.0,0.0,0.0000,0.0000,-0.0000,0.0000,0.0001,325.0625,enc,0.0000
1786096172.039732,0.1449,0.0,0.0,0.0000,0.0000,-0.0000,0.0000,0.0001,325.0625,enc,0.0000
1786096172.053938,0.0142,0.0,0.0,0.0000,0.0000,-0.0000,0.0000,0.0001,325.0625,enc,0.0000
1786096172.277425,0.2235,0.0,0.0,0.0000,0.0000,-0.0000,0.0000,0.0001,325.0625,enc,0.0000
1786096172.277471,0.0000,0.0,0.0,0.0000,0.0000,-0.0000,0.0000,0.0001,325.0625,enc,0.0000
1786096172.369070,0.0916,0.0,0.0,0.0000,0.0000,-0.0000,0.0000,0.0001,325.0625,enc,0.0000
1786096172.527151,0.1581,0.0,0.0,0.0000,0.0000,-0.0000,0.0000,0.0001,325.0625,enc,0.0000
1786096172.592862,0.0657,0.0,0.0,0.0000,0.0000,-0.0000,0.0000,0.0001,325.0625,enc,0.0000
1786096172.786857,0.1940,0.5283066630363464,0.4228745400905609,0.0028,-0.0018,0.0005,-0.0001,0.0001,325.0625,imu,-0.0004
1786096172.801003,0.0141,4.599752426147461,4.599752426147461,0.0270,0.0000,0.0009,-0.0001,0.0001,325.0625,imu,0.0000
1786096173.032156,0.2312,13.053790092468262,12.974721908569336,0.0763,-0.0013,0.0185,-0.0000,-0.0010,325.1250,imu,0.0003
1786096173.033056,0.0009,20.632471084594727,20.869688034057617,0.1217,0.0040,0.0187,-0.0000,0.0023,324.9375,imu,0.0003
1786096173.093452,0.0604,25.634506225585938,23.73771858215332,0.1448,-0.0322,0.0274,-0.0000,0.0001,325.0625,imu,-0.0006
1786096173.278123,0.1847,25.531566619873047,27.882387161254883,0.1566,0.0400,0.0563,-0.0001,-0.0021,325.1875,imu,-0.0002
1786096173.299093,0.0210,28.979068756103516,29.191869735717773,0.1706,0.0036,0.0599,-0.0001,0.0033,324.8750,imu,-0.0004
1786096173.531989,0.2329,28.512800216674805,28.619171142578125,0.1675,0.0018,0.0989,-0.0002,0.0001,325.0625,imu,-0.0004
1786096173.533203,0.0012,25.328554153442383,25.434988021850586,0.1488,0.0018,0.0991,-0.0002,-0.0021,325.1875,imu,0.0000
1786096173.611010,0.0778,27.137842178344727,27.0580997467041,0.1589,-0.0014,0.1115,-0.0002,0.0033,324.8750,imu,0.0003
1786096173.816601,0.2056,26.61374282836914,26.427465438842773,0.1555,-0.0032,0.1434,-0.0002,-0.0010,325.1250,imu,-0.0001
1786096173.823960,0.0074,24.116443634033203,24.010038375854492,0.1411,-0.0018,0.1445,-0.0002,0.0230,323.7500,imu,0.0000
1786096174.079995,0.2560,26.582664489746094,26.582664489746094,0.1559,0.0000,0.1843,0.0025,0.0644,321.3750,imu,0.0006
1786096174.087755,0.0078,26.5103702545166,26.483781814575195,0.1554,-0.0005,0.1855,0.0027,0.1015,319.2500,imu,0.0003
1786096174.128084,0.0403,24.040735244750977,24.146154403686523,0.1413,0.0018,0.1911,0.0034,0.1332,317.4375,imu,0.0004
1786096174.301703,0.1736,26.59438705444336,26.48893928527832,0.1556,-0.0018,0.2179,0.0074,0.1495,316.5000,imu,-0.0004
1786096174.344980,0.0433,26.695920944213867,26.695920944213867,0.1566,0.0000,0.2246,0.0085,0.1659,315.5625,imu,0.0002
1786096174.539825,0.1948,25.135169982910156,24.134876251220703,0.1445,-0.0170,0.2519,0.0150,0.2041,313.3750,imu,0.0043
1786096174.543072,0.0032,25.764293670654297,26.748600006103516,0.1540,0.0167,0.2524,0.0151,0.2302,311.8750,imu,-0.0038
1786096174.794299,0.2512,26.50213623046875,26.60788917541504,0.1557,0.0018,0.2902,0.0252,0.2597,310.1875,imu,0.0002
1786096174.794344,0.0000,26.602991104125977,26.68204689025879,0.1562,0.0013,0.2902,0.0252,0.2804,309.0000,imu,-0.0003
1786096174.859740,0.0654,24.11833953857422,24.09188461303711,0.1414,-0.0004,0.2991,0.0278,0.2804,309.0000,imu,-0.0003
1786096175.051006,0.1913,26.753725051879883,26.86009979248047,0.1572,0.0018,0.3280,0.0361,0.2793,309.0625,imu,0.0002
1786096175.062477,0.0115,26.66910171508789,26.563232421875,0.1561,-0.0018,0.3297,0.0366,0.2804,309.0000,imu,-0.0004
1786096175.188509,0.1260,24.234956741333008,24.18192481994629,0.1420,-0.0009,0.3469,0.0415,0.2815,308.9375,imu,-0.0002
1786096175.269553,0.0810,26.38076400756836,26.32765007019043,0.1545,-0.0009,0.3590,0.0450,0.2804,309.0000,imu,0.0000
1786096175.368283,0.0987,22.6715145111084,22.592626571655273,0.1327,-0.0013,0.3716,0.0486,0.2804,309.0000,imu,0.0001
1786096175.591962,0.2237,14.08703327178955,14.166834831237793,0.0828,0.0014,0.3893,0.0539,0.2782,309.1250,imu,0.0007
1786096175.592007,0.0000,8.557392120361328,8.371169090270996,0.0496,-0.0032,0.3893,0.0539,0.2761,309.2500,imu,-0.0003
1786096175.685386,0.0934,7.39898681640625,7.2145185470581055,0.0428,-0.0031,0.3932,0.0550,0.2771,309.1875,imu,0.0005
1786096175.782830,0.0974,12.938136100769043,11.586034774780273,0.0719,-0.0230,0.3999,0.0570,0.2771,309.1875,imu,0.0008
1786096175.893277,0.1104,18.20112419128418,19.398210525512695,0.1102,0.0203,0.4113,0.0612,0.3502,305.0000,imu,-0.0001
1786096175.997812,0.1045,24.37926483154297,24.37926483154297,0.1430,0.0000,0.4250,0.0672,0.4124,301.4375,imu,0.0002
1786096176.114987,0.1172,27.18721580505371,27.372344970703125,0.1600,0.0031,0.4420,0.0752,0.4386,299.9375,imu,0.0003
1786096176.200160,0.0852,25.628780364990234,25.841659545898438,0.1509,0.0036,0.4536,0.0807,0.4430,299.6875,imu,0.0002
1786096176.328640,0.1285,28.187885284423828,28.24059295654297,0.1655,0.0009,0.4728,0.0897,0.4408,299.8125,imu,-0.0006
1786096176.416732,0.0881,27.47865104675293,27.610937118530273,0.1615,0.0022,0.4857,0.0957,0.4364,300.0625,imu,-0.0001
1786096176.679238,0.2625,24.780521392822266,24.833742141723633,0.1455,0.0009,0.5203,0.1120,0.4430,299.6875,imu,-0.0004
1786096176.794700,0.1155,26.69681739807129,26.69681739807129,0.1566,0.0000,0.5367,0.1196,0.4419,299.7500,imu,-0.0007
1786096176.806973,0.0123,26.61080551147461,26.743844985961914,0.1564,0.0023,0.5384,0.1204,0.4386,299.9375,imu,0.0001
1786096176.824756,0.0178,24.167747497558594,24.194355010986328,0.1418,0.0005,0.5407,0.1215,0.4408,299.8125,imu,-0.0005
1786096176.923782,0.0990,26.481380462646484,26.3753719329834,0.1550,-0.0018,0.5546,0.1281,0.4419,299.7500,imu,-0.0002
1786096177.070998,0.1472,26.702110290527344,26.622333526611328,0.1564,-0.0014,0.5754,0.1379,0.4408,299.8125,imu,0.0003
1786096177.146854,0.0759,24.38764190673828,24.33441734313965,0.1429,-0.0009,0.5852,0.1425,0.4386,299.9375,imu,0.0002
1786096177.260073,0.1132,26.622072219848633,26.542627334594727,0.1559,-0.0014,0.6011,0.1501,0.4386,299.9375,imu,0.0005
1786096177.345816,0.0857,26.539411544799805,26.644807815551758,0.1559,0.0018,0.6132,0.1558,0.4375,300.0000,imu,0.0004
1786096177.440862,0.0950,24.37433433532715,24.321208953857422,0.1428,-0.0009,0.6255,0.1615,0.4364,300.0625,imu,-0.0002
1786096177.593637,0.1528,26.668859481811523,26.642240524291992,0.1563,-0.0005,0.6472,0.1716,0.4331,300.2500,imu,0.0005
1786096177.647982,0.0543,26.544553756713867,26.465530395507812,0.1554,-0.0013,0.6548,0.1752,0.4364,300.0625,imu,0.0003
1786096177.764107,0.1161,24.252843856811523,24.173126220703125,0.1420,-0.0014,0.6698,0.1821,0.4353,300.1250,imu,0.0001
1786096177.883120,0.1190,26.738525390625,26.844837188720703,0.1571,0.0018,0.6867,0.1900,0.4353,300.1250,imu,0.0002
1786096177.971345,0.0882,26.444055557250977,26.39151382446289,0.1549,-0.0009,0.6991,0.1958,0.4386,299.9375,imu,-0.0007
1786096178.120101,0.1488,26.524404525756836,24.586999893188477,0.1499,-0.0329,0.7193,0.2052,0.4397,299.8750,imu,-0.0005
1786096178.219564,0.0995,25.927284240722656,26.68845558166504,0.1543,0.0129,0.7333,0.2115,0.4364,300.0625,imu,-0.0026
1786096178.363576,0.1440,24.554170608520508,25.485698699951172,0.1467,0.0158,0.7523,0.2209,0.4397,299.8750,imu,0.0035
1786096178.440994,0.0774,26.772153854370117,26.692453384399414,0.1568,-0.0014,0.7633,0.2260,0.4386,299.9375,imu,-0.0005
1786096178.639847,0.1989,25.37433433532715,24.336530685424805,0.1458,-0.0176,0.7892,0.2390,0.4386,299.9375,imu,0.0037
1786096178.747741,0.1079,25.56433868408203,26.623807907104492,0.1530,0.0180,0.8043,0.2457,0.4386,299.9375,imu,-0.0034
1786096178.850713,0.1030,26.722675323486328,26.64312171936035,0.1565,-0.0014,0.8189,0.2525,0.4375,300.0000,imu,0.0003
1786096178.940062,0.0893,26.284996032714844,24.406757354736328,0.1486,-0.0319,0.8309,0.2582,0.4364,300.0625,imu,0.0005
1786096178.962208,0.0221,24.189985275268555,26.215444564819336,0.1478,0.0344,0.8339,0.2596,0.4353,300.1250,imu,0.0001
1786096179.044833,0.0826,26.623790740966797,26.544246673583984,0.1559,-0.0014,0.8455,0.2650,0.4353,300.1250,imu,0.0001
1786096179.230043,0.1852,26.722103118896484,26.74870491027832,0.1568,0.0005,0.8718,0.2774,0.4386,299.9375,imu,0.0003
1786096179.260867,0.0308,24.14879608154297,24.0699405670166,0.1414,-0.0013,0.8758,0.2792,0.4364,300.0625,imu,-0.0003
1786096179.376754,0.1159,26.656982421875,26.71017837524414,0.1565,0.0009,0.8922,0.2868,0.4342,300.1875,imu,-0.0002
1786096179.464962,0.0882,26.794111251831055,26.794111251831055,0.1571,0.0000,0.9048,0.2927,0.4397,299.8750,imu,-0.0006
1786096179.563287,0.0983,26.176414489746094,26.22865104675293,0.1537,0.0009,0.9185,0.2991,0.4397,299.8750,imu,-0.0002
1786096179.670285,0.1070,24.292585372924805,24.425548553466797,0.1428,0.0023,0.9323,0.3056,0.4397,299.8750,imu,-0.0001
1786096179.772491,0.1022,26.755599975585938,26.70256805419922,0.1567,-0.0009,0.9468,0.3124,0.4375,300.0000,imu,-0.0002
1786096179.874978,0.1025,26.629642486572266,26.576416015625,0.1560,-0.0009,0.9613,0.3191,0.4419,299.7500,imu,-0.0006
1786096179.976291,0.1013,23.034727096557617,23.061283111572266,0.1352,0.0005,0.9737,0.3250,0.4419,299.7500,imu,-0.0003
1786096180.090422,0.1141,20.0445499420166,20.097774505615234,0.1177,0.0009,0.9858,0.3307,0.4397,299.8750,imu,0.0002
1786096180.202736,0.1123,10.462224006652832,10.196372985839844,0.0606,-0.0045,0.9920,0.3336,0.4397,299.8750,imu,0.0000
1786096180.290046,0.0873,2.546607494354248,2.6520159244537354,0.0152,0.0018,0.9932,0.3342,0.4397,299.8750,imu,0.0009
1786096180.409656,0.1196,0.0,0.0,0.0000,0.0000,0.9931,0.3343,0.4397,299.8750,enc,0.0002
1786096180.495313,0.0857,0.029020803049206734,0.002672968665137887,0.0001,-0.0004,0.9932,0.3343,0.4396,299.8750,enc,-0.0001
1786096180.601058,0.1057,1.1130791902542114,-1.0812770128250122,0.0001,-0.0373,0.9932,0.3342,0.4386,299.9375,imu,-0.0008
1786096180.760897,0.1598,6.190641403198242,-5.966641426086426,0.0007,-0.2066,0.9934,0.3340,0.4190,301.0625,imu,-0.0018
1786096181.026873,0.2660,11.032443046569824,-11.15805721282959,-0.0004,-0.3772,0.9934,0.3337,0.3677,304.0000,imu,-0.0011
1786096181.050827,0.0240,14.0313138961792,-14.826761245727539,-0.0023,-0.4905,0.9934,0.3337,0.3011,307.8125,imu,0.0003
1786096181.054693,0.0039,13.915132522583008,-14.576024055480957,-0.0019,-0.4843,0.9934,0.3336,0.2281,312.0000,imu,-0.0003
1786096181.128368,0.0737,15.851937294006348,-16.167644500732422,-0.0009,-0.5443,0.9933,0.3337,0.1462,316.6875,imu,0.0007
1786096181.231513,0.1031,15.592434883117676,-16.232606887817383,-0.0019,-0.5410,0.9931,0.3337,0.0775,320.6250,imu,0.0004
1786096181.329792,0.0983,15.726619720458984,-14.734572410583496,0.0029,-0.5178,0.9934,0.3339,0.0023,324.9375,imu,0.0023
1786096181.443688,0.1139,13.556640625,-14.632086753845215,-0.0032,-0.4792,0.9930,0.3337,-0.0730,329.2500,imu,-0.0022
1786096181.566308,0.1226,15.343339920043945,-15.183268547058105,0.0005,-0.5189,0.9930,0.3336,-0.1450,333.3750,imu,-0.0008
1786096181.685899,0.1196,15.194443702697754,-15.162439346313477,0.0001,-0.5160,0.9931,0.3337,-0.2159,337.4375,imu,0.0007
1786096181.784311,0.0984,13.74516773223877,-13.809154510498047,-0.0002,-0.4684,0.9930,0.3337,-0.2890,341.6250,imu,-0.0004
1786096181.844004,0.0597,15.23420524597168,-15.074161529541016,0.0005,-0.5152,0.9931,0.3337,-0.3577,345.5625,imu,0.0001
1786096181.945637,0.1016,15.065568923950195,-15.193282127380371,-0.0004,-0.5143,0.9930,0.3337,-0.4264,349.5000,imu,0.0002
1786096182.052630,0.1070,13.767047882080078,-13.545275688171387,0.0007,-0.4643,0.9931,0.3336,-0.5017,353.8125,imu,-0.0001
1786096182.161418,0.1088,15.069047927856445,-15.324716567993164,-0.0007,-0.5166,0.9931,0.3337,-0.5693,357.6875,imu,0.0004
1786096182.279718,0.1183,15.329978942871094,-15.138093948364258,0.0006,-0.5179,0.9931,0.3337,-0.6435,1.9375,imu,-0.0002
1786096182.364190,0.0845,13.682120323181152,-13.745445251464844,-0.0002,-0.4662,0.9931,0.3337,-0.7166,6.1250,imu,0.0007
1786096182.473613,0.1094,15.19058895111084,-15.19058895111084,0.0000,-0.5164,0.9930,0.3336,-0.7853,10.0625,imu,-0.0009
1786096182.575115,0.1015,15.173709869384766,-15.14175033569336,0.0001,-0.5153,0.9931,0.3337,-0.8551,14.0625,imu,0.0007
1786096182.704496,0.1294,14.847160339355469,-15.066762924194336,-0.0006,-0.5085,0.9930,0.3337,-0.9315,18.4375,imu,-0.0001
1786096182.781961,0.0775,14.005424499511719,-13.781525611877441,0.0007,-0.4723,0.9931,0.3337,-1.0013,22.4375,imu,0.0003
1786096182.877358,0.0954,15.108642578125,-15.428618431091309,-0.0009,-0.5191,0.9930,0.3338,-1.0700,26.3750,imu,0.0000
1786096182.994538,0.1172,15.397475242614746,-15.141480445861816,0.0008,-0.5191,0.9930,0.3337,-1.1442,30.6250,imu,-0.0004
1786096183.100078,0.1055,13.7442626953125,-13.935989379882812,-0.0006,-0.4705,0.9931,0.3338,-1.2184,34.8750,imu,0.0006
1786096183.205868,0.1058,15.174847602844238,-15.046841621398926,0.0004,-0.5137,0.9930,0.3337,-1.2904,39.0000,imu,-0.0008
1786096183.295356,0.0895,15.315387725830078,-14.451425552368164,0.0025,-0.5060,0.9933,0.3335,-1.3580,42.8750,imu,0.0031
1786096183.397915,0.1026,13.611237525939941,-14.665182113647461,-0.0031,-0.4806,0.9930,0.3338,-1.4322,47.1250,imu,-0.0029
1786096183.507147,0.1092,15.401954650878906,-15.113926887512207,0.0008,-0.5187,0.9930,0.3337,-1.5009,51.0625,imu,-0.0001
1786096183.615393,0.1082,14.897685050964355,-15.309516906738281,-0.0012,-0.5135,0.9930,0.3339,-1.5707,55.0625,imu,0.0003
1786096183.715981,0.1006,13.721089363098145,-13.530869483947754,0.0006,-0.4632,0.9930,0.3338,-1.6525,59.7500,imu,-0.0002
1786096183.824832,0.1089,15.234436988830566,-15.266424179077148,-0.0001,-0.5185,0.9930,0.3338,-1.7202,63.6250,imu,0.0001
1786096183.919443,0.0946,15.042387962341309,-15.074082374572754,-0.0001,-0.5119,0.9930,0.3338,-1.7911,67.6875,imu,-0.0005
1786096184.023753,0.1043,15.206786155700684,-14.318877220153809,0.0026,-0.5019,0.9932,0.3335,-1.8642,71.8750,imu,0.0030
1786096184.137111,0.1134,13.626014709472656,-14.584616661071777,-0.0028,-0.4795,0.9930,0.3339,-1.9318,75.7500,imu,-0.0024
1786096184.252978,0.1159,15.138520240783691,-14.916720390319824,0.0007,-0.5109,0.9930,0.3338,-2.0027,79.8125,imu,-0.0003
1786096184.342510,0.0895,16.37637710571289,-13.93700122833252,0.0072,-0.5153,0.9927,0.3333,-2.0769,84.0625,imu,0.0001
1786096184.461073,0.1186,19.75815200805664,-7.9456095695495605,0.0346,-0.4709,0.9905,0.3298,-2.1478,88.1250,imu,0.0003
1786096184.584790,0.1237,28.970117568969727,-0.4096091389656067,0.0837,-0.4994,0.9842,0.3215,-2.2176,92.1250,imu,0.0001
1786096184.641901,0.0571,34.3798942565918,5.690521240234375,0.1175,-0.4877,0.9798,0.3165,-2.2907,96.3125,imu,-0.0006
1786096184.746879,0.1050,33.6644287109375,8.01203441619873,0.1222,-0.4360,0.9708,0.3074,-2.3572,100.1250,imu,0.0009
1786096184.860431,0.1136,38.20008087158203,10.551398277282715,0.1429,-0.4700,0.9587,0.2965,-2.4183,103.6250,imu,0.0010
1786096184.971108,0.1107,38.791717529296875,11.217639923095703,0.1466,-0.4687,0.9459,0.2865,-2.4848,107.4375,imu,0.0009
1786096185.055437,0.0843,35.383544921875,10.188626289367676,0.1336,-0.4283,0.9366,0.2802,-2.5481,111.0625,imu,0.0008
1786096185.274279,0.2188,39.27537155151367,10.711219787597656,0.1466,-0.4855,0.9089,0.2640,-2.6157,114.9375,imu,0.0007
1786096185.289962,0.0157,37.72820281982422,8.165324211120605,0.1346,-0.5025,0.9070,0.2630,-2.6834,118.8125,imu,0.0000
1786096185.363307,0.0733,30.53227996826172,2.3199045658111572,0.0963,-0.4796,0.9005,0.2604,-2.7630,123.3750,imu,0.0000
1786096185.539527,0.1762,25.68820571899414,-4.813621520996094,0.0612,-0.5185,0.8901,0.2573,-2.8350,127.5000,imu,-0.0008
1786096185.570754,0.0312,17.823501586914062,-11.13548755645752,0.0196,-0.4922,0.8895,0.2572,-2.8994,131.1875,imu,-0.0010
1786096185.774979,0.2042,14.45931339263916,-13.695390701293945,0.0022,-0.4786,0.8892,0.2567,-2.9681,135.1250,imu,0.0019
1786096185.780032,0.0051,12.110872268676758,-15.280949592590332,-0.0093,-0.4656,0.8892,0.2567,-3.0357,139.0000,imu,-0.0035
1786096186.032513,0.2525,13.306058883666992,-15.396651268005371,-0.0061,-0.4879,0.8907,0.2568,-3.1012,142.7500,imu,-0.0002
1786096186.034243,0.0017,9.854508399963379,-11.379419326782227,-0.0045,-0.3609,0.8908,0.2568,3.1198,146.3125,imu,0.0013
1786096186.090100,0.0559,4.169063568115234,-4.90530252456665,-0.0022,-0.1542,0.8909,0.2568,3.0893,148.0625,imu,0.0008
1786096186.278867,0.1888,1.0801067352294922,-1.2081308364868164,-0.0004,-0.0389,0.8909,0.2567,3.0806,148.5625,imu,0.0002
1786096186.296011,0.0171,-0.055413294583559036,0.023693960160017014,-0.0001,0.0013,0.8909,0.2568,3.0806,148.6250,enc,-0.0003
1786096186.539727,0.2437,0.0,0.0,0.0000,0.0000,0.8909,0.2568,3.0806,148.6250,enc,0.0000
1786096186.551481,0.0118,0.0,0.0,0.0000,0.0000,0.8909,0.2568,3.0806,148.6250,enc,0.0000
1786096186.815394,0.2639,0.0,0.0,0.0000,0.0000,0.8909,0.2568,3.0806,148.6250,enc,0.0000
1786096186.815497,0.0001,0.0,0.0,0.0000,0.0000,0.8909,0.2568,3.0806,148.6250,enc,0.0000
1786096186.843405,0.0279,0.0,0.0,0.0000,0.0000,0.8909,0.2568,3.0806,148.6250,enc,0.0000
1786096187.049282,0.2059,0.0,0.0,0.0000,0.0000,0.8909,0.2568,3.0806,148.6250,enc,0.0000
1786096187.049327,0.0000,-0.9703720211982727,1.1303023099899292,0.0005,0.0357,0.8909,0.2568,3.0806,148.6250,imu,-0.0005
1786096187.127926,0.0786,-4.694864273071289,4.916593551635742,0.0007,0.1634,0.8909,0.2568,3.0948,147.8125,imu,-0.0008
1786096187.302373,0.1744,-7.532554626464844,7.723718643188477,0.0006,0.2593,0.8908,0.2568,3.1341,145.5625,imu,0.0004
1786096187.359862,0.0575,-5.591730117797852,5.559715747833252,-0.0001,0.1896,0.8908,0.2567,-3.1219,144.0000,imu,0.0010
1786096187.538308,0.1784,-2.690924644470215,2.5330376625061035,-0.0005,0.0888,0.8909,0.2566,-3.1044,143.0000,imu,0.0005
1786096187.549774,0.0115,-3.3654634952545166,3.6200973987579346,0.0007,0.1187,0.8909,0.2566,-3.0902,142.1875,imu,0.0004
1786096187.783866,0.2341,-8.078246116638184,8.49422550201416,0.0012,0.2817,0.8906,0.2568,-3.0553,140.1875,imu,-0.0008
1786096187.783912,0.0000,-12.269011497497559,12.332653045654297,0.0002,0.4182,0.8906,0.2568,-3.0030,137.1875,imu,0.0000
1786096187.849614,0.0657,-13.428068161010742,13.204926490783691,-0.0007,0.4527,0.8906,0.2568,-2.9288,132.9375,imu,0.0003
1786096188.034006,0.1844,-13.733200073242188,14.021284103393555,0.0008,0.4718,0.8905,0.2567,-2.8622,129.1250,imu,0.0003
1786096188.055543,0.0215,-8.31607437133789,8.124075889587402,-0.0006,0.2794,0.8905,0.2567,-2.8186,126.6250,imu,0.0004
1786096188.285491,0.2299,-2.7454683780670166,2.2984063625335693,-0.0013,0.0857,0.8908,0.2567,-2.8012,125.6250,imu,0.0002
1786096188.288117,0.0026,-0.37403634190559387,0.023425273597240448,-0.0010,0.0068,0.8908,0.2567,-2.8011,125.6250,enc,0.0001
1786096188.368826,0.0807,0.15054646134376526,0.07145225256681442,0.0007,-0.0013,0.8908,0.2567,-2.8012,125.6250,enc,-0.0001
1786096188.536385,0.1676,2.6092190742492676,2.4778823852539062,0.0149,-0.0022,0.8884,0.2559,-2.7990,125.5000,imu,-0.0001
1786096188.573799,0.0374,8.307859420776367,8.3344144821167,0.0488,0.0005,0.8867,0.2553,-2.7990,125.5000,imu,0.0007
1786096188.804634,0.2308,16.912614822387695,17.12337875366211,0.0998,0.0036,0.8650,0.2474,-2.7979,125.4375,imu,0.0004
1786096189.042358,0.2377,23.238496780395508,23.29083824157715,0.1364,0.0009,0.8344,0.2367,-2.7990,125.5000,imu,-0.0007
1786096189.042409,0.0001,26.73862075805664,26.949398040771484,0.1574,0.0036,0.8344,0.2367,-2.7990,125.5000,imu,-0.0011
1786096189.042425,0.0000,26.736770629882812,25.900287628173828,0.1543,-0.0142,0.8344,0.2367,-2.7990,125.5000,imu,0.0035
1786096189.098562,0.0561,27.456668853759766,28.57459259033203,0.1643,0.0190,0.8256,0.2338,-2.7979,125.4375,imu,-0.0041
1786096189.317870,0.2193,27.917972564697266,27.9444637298584,0.1638,0.0005,0.7918,0.2217,-2.8000,125.5625,imu,0.0001
1786096189.568426,0.2506,25.893314361572266,24.855236053466797,0.1488,-0.0176,0.7570,0.2084,-2.7990,125.5000,imu,0.0037
1786096189.568479,0.0001,25.77690887451172,26.73518180847168,0.1540,0.0163,0.7570,0.2084,-2.7979,125.4375,imu,-0.0036
1786096189.571381,0.0029,26.608537673950195,26.714969635009766,0.1564,0.0018,0.7566,0.2082,-2.8011,125.6250,imu,0.0002
1786096189.806192,0.2348,24.024919509887695,23.971860885620117,0.1407,-0.0009,0.7254,0.1972,-2.8000,125.5625,imu,-0.0004
1786096189.806242,0.0001,26.575239181518555,26.601789474487305,0.1559,0.0005,0.7254,0.1972,-2.8011,125.6250,imu,-0.0001
1786096189.833520,0.0273,26.599843978881836,26.546613693237305,0.1558,-0.0009,0.7214,0.1958,-2.8000,125.5625,imu,0.0006
1786096190.060180,0.2267,26.353099822998047,25.19490623474121,0.1511,-0.0197,0.6888,0.1852,-2.8055,125.8750,imu,-0.0035
1786096190.061928,0.0017,24.35511016845703,25.468833923339844,0.1461,0.0189,0.6885,0.1851,-2.8077,126.0000,imu,0.0041
1786096190.128143,0.0662,26.721628189086914,26.721628189086914,0.1567,0.0000,0.6788,0.1817,-2.8033,125.7500,imu,0.0004
1786096190.237310,0.1092,26.600074768066406,26.65277671813965,0.1561,0.0009,0.6627,0.1761,-2.8066,125.9375,imu,0.0000
1786096190.597429,0.3601,24.202369689941406,24.334665298461914,0.1423,0.0022,0.6143,0.1592,-2.8077,126.0000,imu,0.0003
1786096190.597482,0.0001,26.730424880981445,26.783639907836914,0.1569,0.0009,0.6143,0.1592,-2.8055,125.8750,imu,-0.0006
1786096190.597496,0.0000,26.64624786376953,26.593557357788086,0.1561,-0.0009,0.6143,0.1592,-2.8088,126.0625,imu,-0.0002
1786096190.650587,0.0531,25.112096786499023,24.108928680419922,0.1443,-0.0171,0.6071,0.1565,-2.8110,126.1875,imu,0.0039
1786096190.754850,0.1043,25.702346801757812,26.660226821899414,0.1535,0.0163,0.5918,0.1516,-2.8110,126.1875,imu,-0.0036
1786096190.872553,0.1177,26.698036193847656,26.67142105102539,0.1565,-0.0005,0.5744,0.1457,-2.8120,126.2500,imu,0.0001
1786096190.956094,0.0835,24.36428451538086,24.44410514831543,0.1431,0.0014,0.5631,0.1418,-2.8088,126.0625,imu,-0.0001
1786096191.074385,0.1183,26.874347686767578,26.79453468322754,0.1574,-0.0014,0.5455,0.1357,-2.8099,126.1250,imu,-0.0001
1786096191.163074,0.0887,26.448030471801758,26.500999450683594,0.1553,0.0009,0.5325,0.1313,-2.8164,126.5000,imu,0.0004
1786096191.266668,0.1036,23.66502571105957,22.866886138916016,0.1364,-0.0136,0.5192,0.1264,-2.8120,126.2500,imu,0.0038
1786096191.391792,0.1251,17.82744026184082,18.651365280151367,0.1070,0.0140,0.5064,0.1223,-2.8153,126.4375,imu,-0.0022
1786096191.484377,0.0926,9.363804817199707,9.204666137695312,0.0544,-0.0027,0.5017,0.1207,-2.8120,126.2500,imu,-0.0004
1786096191.586089,0.1017,5.678686618804932,5.520881652832031,0.0328,-0.0027,0.4985,0.1196,-2.8131,126.3125,imu,0.0004
1786096191.857548,0.2715,9.094757080078125,9.015655517578125,0.0531,-0.0013,0.4849,0.1149,-2.8120,126.2500,imu,0.0003
1786096191.857606,0.0001,17.240514755249023,17.16070556640625,0.1009,-0.0014,0.4849,0.1149,-2.8153,126.4375,imu,-0.0005
1786096191.889726,0.0321,22.910791397094727,22.858596801757812,0.1342,-0.0009,0.4808,0.1135,-2.8164,126.5000,imu,-0.0002
1786096191.998541,0.1088,25.447385787963867,24.516088485717773,0.1465,-0.0158,0.4658,0.1081,-2.8175,126.5625,imu,0.0035
1786096192.101586,0.1030,26.130905151367188,28.1894588470459,0.1593,0.0350,0.4501,0.1032,-2.8153,126.4375,imu,-0.0040
1786096192.323084,0.2215,24.036741256713867,32.290924072265625,0.1652,0.1403,0.4156,0.0912,-2.8022,125.6875,imu,-0.0009
1786096192.323128,0.0000,17.402767181396484,36.56050491333008,0.1582,0.3256,0.4156,0.0912,-2.7662,123.6250,imu,0.0004
1786096192.438958,0.1158,12.533591270446777,34.50786209106445,0.1379,0.3735,0.4010,0.0846,-2.7084,120.3125,imu,-0.0006
1786096192.535962,0.0970,16.309553146362305,36.19213104248047,0.1539,0.3380,0.3878,0.0776,-2.6561,117.3125,imu,-0.0002
1786096192.627436,0.0915,21.502735137939453,31.878738403320312,0.1565,0.1764,0.3754,0.0705,-2.6299,115.8125,imu,0.0006
1786096192.724246,0.0968,22.738452911376953,25.70594024658203,0.1420,0.0504,0.3635,0.0637,-2.6168,115.0625,imu,-0.0002
1786096192.826386,0.1021,26.699987411499023,26.22120475769043,0.1552,-0.0081,0.3497,0.0557,-2.6201,115.2500,imu,0.0004
1786096192.930523,0.1041,27.233196258544922,25.583330154418945,0.1549,-0.0280,0.3357,0.0477,-2.6233,115.4375,imu,0.0002
1786096193.032515,0.1020,24.62969398498535,23.466157913208008,0.1410,-0.0198,0.3233,0.0406,-2.6233,115.4375,imu,0.0004
1786096193.138098,0.1056,26.71518898010254,26.0828857421875,0.1548,-0.0107,0.3091,0.0325,-2.6277,115.6875,imu,0.0007
1786096193.242659,0.1046,26.17111587524414,25.990327835083008,0.1529,-0.0031,0.2951,0.0246,-2.6277,115.6875,imu,-0.0001
1786096193.344657,0.1020,26.524890899658203,26.445831298828125,0.1553,-0.0013,0.2813,0.0169,-2.6244,115.5000,imu,-0.0008
1786096193.447032,0.1024,26.539020538330078,24.676294326782227,0.1502,-0.0317,0.2679,0.0093,-2.6266,115.6250,imu,-0.0006
1786096193.552990,0.1060,24.48197364807129,26.57644271850586,0.1497,0.0356,0.2541,0.0015,-2.6244,115.5000,imu,-0.0005
1786096193.652890,0.0999,26.475889205932617,26.528596878051758,0.1554,0.0009,0.2406,-0.0061,-2.6244,115.5000,imu,-0.0002
1786096193.758916,0.1060,26.701187133789062,26.701187133789062,0.1566,0.0000,0.2261,-0.0143,-2.6244,115.5000,imu,-0.0002
1786096193.859847,0.1009,24.155677795410156,24.155677795410156,0.1417,0.0000,0.2137,-0.0214,-2.6212,115.3125,imu,-0.0002
1786096193.965953,0.1061,26.72494125366211,26.671716690063477,0.1566,-0.0009,0.1993,-0.0297,-2.6212,115.3125,imu,0.0002
1786096194.069466,0.1035,26.77349090576172,26.853147506713867,0.1572,0.0014,0.1854,-0.0381,-2.5982,114.0000,imu,0.0001
1786096194.172614,0.1031,24.222732543945312,24.222732543945312,0.1420,0.0000,0.1732,-0.0462,-2.5557,111.5625,imu,0.0000
1786096194.273342,0.1007,26.827775955200195,26.854387283325195,0.1574,0.0005,0.1600,-0.0550,-2.5590,111.7500,imu,0.0008
1786096194.379027,0.1057,26.53299903869629,26.53299903869629,0.1556,0.0000,0.1463,-0.0641,-2.5568,111.6250,imu,0.0002
1786096194.484150,0.1051,24.348798751831055,24.215906143188477,0.1424,-0.0023,0.1338,-0.0724,-2.5568,111.6250,imu,0.0001
1786096194.587002,0.1029,26.539596557617188,26.56595230102539,0.1557,0.0004,0.1205,-0.0812,-2.5590,111.7500,imu,0.0005
1786096194.693561,0.1066,26.49665641784668,26.470304489135742,0.1553,-0.0004,0.1067,-0.0904,-2.5524,111.3750,imu,-0.0001
1786096194.799853,0.1063,26.60211181640625,24.52488899230957,0.1499,-0.0353,0.0934,-0.0992,-2.5524,111.3750,imu,-0.0004
1786096194.951299,0.1514,24.39897918701172,26.56490135192871,0.1494,0.0368,0.0746,-0.1117,-2.5502,111.2500,imu,-0.0007
1786096195.023501,0.0722,26.495689392089844,26.495689392089844,0.1554,0.0000,0.0652,-0.1179,-2.5513,111.3125,imu,-0.0007
1786096195.106997,0.0835,26.20663070678711,26.31247329711914,0.1540,0.0018,0.0545,-0.1251,-2.5546,111.5000,imu,0.0000
1786096195.210223,0.1032,22.001346588134766,21.372432708740234,0.1272,-0.0107,0.0435,-0.1322,-2.5502,111.2500,imu,-0.0024
1786096195.344571,0.1343,13.143877983093262,13.83144474029541,0.0791,0.0117,0.0349,-0.1384,-2.5524,111.3750,imu,0.0032
1786096195.416918,0.0723,5.423156261444092,5.2368693351745605,0.0313,-0.0032,0.0330,-0.1397,-2.5513,111.3125,imu,0.0005
1786096195.521349,0.1044,0.5102407336235046,0.19186897575855255,0.0021,-0.0054,0.0329,-0.1399,-2.5513,111.3125,imu,0.0004
1786096195.639972,0.1186,-0.0026804436929523945,-0.029101960361003876,-0.0001,-0.0004,0.0329,-0.1399,-2.5514,111.3125,enc,0.0001
1786096195.728456,0.0885,0.0,0.0,0.0000,0.0000,0.0329,-0.1399,-2.5514,111.3125,enc,0.0000
1786096195.831984,0.1035,0.0,0.0,0.0000,0.0000,0.0329,-0.1399,-2.5514,111.3125,enc,0.0000
1786096195.934422,0.1024,0.0,0.0,0.0000,0.0000,0.0329,-0.1399,-2.5514,112.0000,enc,0.0000
1786096196.041021,0.1066,0.0,0.0,0.0000,0.0000,0.0329,-0.1399,-2.5514,112.8750,enc,0.0000
1786096196.139110,0.0981,0.0,0.0,0.0000,0.0000,0.0329,-0.1399,-2.5514,113.7500,enc,0.0000
1786096196.246836,0.1077,0.0,0.0,0.0000,0.0000,0.0329,-0.1399,-2.5514,114.4375,enc,0.0000
1786096196.510935,0.2641,0.0,0.0,0.0000,0.0000,0.0329,-0.1399,-2.5514,115.0625,enc,0.0000
1786096196.521374,0.0104,0.0,0.0,0.0000,0.0000,0.0329,-0.1399,-2.5514,115.5000,enc,0.0000
1786096196.554879,0.0335,0.0,0.0,0.0000,0.0000,0.0329,-0.1399,-2.5514,116.0000,enc,0.0000
1786096196.658116,0.1032,0.538147509098053,0.48498764634132385,0.0030,-0.0009,0.0327,-0.1401,-2.5558,116.2500,imu,0.0002
1786096196.769436,0.1113,5.131435871124268,5.1050896644592285,0.0300,-0.0004,0.0298,-0.1418,-2.5558,116.2500,imu,-0.0010
1786096196.866731,0.0973,13.237974166870117,13.237974166870117,0.0776,0.0000,0.0235,-0.1460,-2.5568,116.3125,imu,-0.0002
1786096196.968868,0.1021,18.566967010498047,18.59348487854004,0.1090,0.0005,0.0142,-0.1521,-2.5612,116.5625,imu,-0.0003
1786096197.075985,0.1071,15.635132789611816,15.794777870178223,0.0922,0.0027,0.0059,-0.1574,-2.5678,116.9375,imu,0.0000
1786096197.179280,0.1033,10.245809555053711,10.325103759765625,0.0603,0.0013,0.0006,-0.1607,-2.5863,118.0000,imu,0.0005
1786096197.283069,0.1038,3.3260562419891357,3.006976842880249,0.0186,-0.0054,-0.0010,-0.1618,-2.5874,118.0625,imu,0.0000
1786096197.387964,0.1049,0.18462350964546204,0.1319829225540161,0.0009,-0.0009,-0.0011,-0.1618,-2.5875,118.3125,enc,0.0000
1786096197.492654,0.1047,0.0,0.0,0.0000,0.0000,-0.0011,-0.1618,-2.5875,118.7500,enc,0.0000
1786096197.595356,0.1027,0.0,0.0,0.0000,0.0000,-0.0011,-0.1618,-2.5875,118.7500,enc,0.0000
1786096197.701043,0.1057,0.0,0.0,0.0000,0.0000,-0.0011,-0.1618,-2.5875,118.7500,enc,0.0000
1786096197.804902,0.1039,0.0,0.0,0.0000,0.0000,-0.0011,-0.1618,-2.5875,119.0625,enc,0.0000
1786096197.905095,0.1002,0.0,0.0,0.0000,0.0000,-0.0011,-0.1618,-2.5875,119.5625,enc,0.0000
1786096198.016644,0.1115,0.0,0.0,0.0000,0.0000,-0.0011,-0.1618,-2.5875,120.0625,enc,0.0000
1786096198.112136,0.0955,0.0,0.0,0.0000,0.0000,-0.0011,-0.1618,-2.5875,120.1875,enc,0.0000
1786096198.215032,0.1029,0.0,0.0,0.0000,0.0000,-0.0011,-0.1618,-2.5875,120.3125,enc,0.0000
1786096198.317221,0.1022,0.0,0.0,0.0000,0.0000,-0.0011,-0.1618,-2.5875,120.4375,enc,0.0000
1786096198.424592,0.1074,0.0,0.0,0.0000,0.0000,-0.0011,-0.1618,-2.5875,120.5625,enc,0.0000
1786096198.525835,0.1012,0.0,0.0,0.0000,0.0000,-0.0011,-0.1618,-2.5875,120.5625,enc,0.0000
1786096198.626579,0.1007,0.0,0.0,0.0000,0.0000,-0.0011,-0.1618,-2.5875,120.7500,enc,0.0000
1786096198.739093,0.1125,0.0,0.0,0.0000,0.0000,-0.0011,-0.1618,-2.5875,121.0625,enc,0.0000
1786096198.835358,0.0963,0.0,0.0,0.0000,0.0000,-0.0011,-0.1618,-2.5875,121.0625,enc,0.0000
1786096198.947086,0.1117,0.0,0.0,0.0000,0.0000,-0.0011,-0.1618,-2.5875,121.1250,enc,0.0000
1786096199.044391,0.0973,0.0,0.0,0.0000,0.0000,-0.0011,-0.1618,-2.5875,121.2500,enc,0.0000
1786096199.148730,0.1043,0.0,0.0,0.0000,0.0000,-0.0011,-0.1618,-2.5875,121.3125,enc,0.0000
1786096199.253186,0.1045,0.0,0.0,0.0000,0.0000,-0.0011,-0.1618,-2.5875,121.3125,enc,0.0000
1786096199.354597,0.1014,0.0,0.0,0.0000,0.0000,-0.0011,-0.1618,-2.5875,121.3125,enc,0.0000
1786096199.461114,0.1065,0.0,0.0,0.0000,0.0000,-0.0011,-0.1618,-2.5875,121.3125,enc,0.0000
1786096199.561645,0.1005,0.0,0.0,0.0000,0.0000,-0.0011,-0.1618,-2.5875,121.3125,enc,0.0000
1786096199.662662,0.1010,0.0,0.0,0.0000,0.0000,-0.0011,-0.1618,-2.5875,121.3125,enc,0.0000
1786096199.779731,0.1171,0.0,0.0,0.0000,0.0000,-0.0011,-0.1618,-2.5875,121.3125,enc,0.0000
1786096199.876493,0.0968,0.0,0.0,0.0000,0.0000,-0.0011,-0.1618,-2.5875,121.3125,enc,0.0000
1786096199.977181,0.1007,0.0,0.0,0.0000,0.0000,-0.0011,-0.1618,-2.5875,121.3125,enc,0.0000
1786096200.081110,0.1039,0.0,0.0,0.0000,0.0000,-0.0011,-0.1618,-2.5875,121.3125,enc,0.0000
1786096200.266204,0.1851,0.0,0.0,0.0000,0.0000,-0.0011,-0.1618,-2.5875,121.3125,enc,0.0000
1786096200.284517,0.0183,0.0,0.0,0.0000,0.0000,-0.0011,-0.1618,-2.5875,121.3125,enc,0.0000
1786096200.521060,0.2365,0.0,0.0,0.0000,0.0000,-0.0011,-0.1618,-2.5875,121.3125,enc,0.0000
1786096200.521130,0.0001,0.0,0.0,0.0000,0.0000,-0.0011,-0.1618,-2.5875,121.3125,enc,0.0000
1786096200.600823,0.0797,-0.06358539313077927,-0.06358539313077927,-0.0004,0.0000,-0.0011,-0.1618,-2.5875,121.3125,enc,0.0000
1786096200.761960,0.1611,-1.7927100658416748,-1.7927100658416748,-0.0105,0.0000,0.0003,-0.1607,-2.5864,121.2500,imu,-0.0011
1786096200.806367,0.0444,-6.541193962097168,-6.514913082122803,-0.0383,0.0004,0.0017,-0.1598,-2.5853,121.1875,imu,-0.0014
1786096201.016867,0.2105,-6.244706153869629,-6.271181106567383,-0.0367,-0.0005,0.0082,-0.1557,-2.5853,121.1875,imu,0.0001
1786096201.016972,0.0001,-3.3262343406677246,-3.299624443054199,-0.0194,0.0005,0.0082,-0.1557,-2.5809,120.9375,imu,0.0010
1786096201.117853,0.1009,-0.5572251081466675,-0.4254617989063263,-0.0029,0.0022,0.0085,-0.1556,-2.5809,120.9375,imu,0.0005
1786096201.273915,0.1561,0.02910623699426651,0.002680837642401457,0.0001,-0.0004,0.0085,-0.1556,-2.5810,120.9375,enc,0.0001
1786096201.323800,0.0499,0.0,0.0,0.0000,0.0000,0.0085,-0.1556,-2.5810,120.9375,enc,0.0000
1786096201.526795,0.2030,-0.41638776659965515,-0.46896007657051086,-0.0026,-0.0009,0.0089,-0.1553,-2.5812,120.9375,enc,-0.0006
1786096201.531899,0.0051,-4.49827241897583,-4.259986400604248,-0.0257,0.0041,0.0090,-0.1552,-2.5810,120.9375,imu,-0.0007
1786096201.778824,0.2469,-6.848932266235352,-6.690402507781982,-0.0397,0.0027,0.0173,-0.1500,-2.5810,120.9375,imu,0.0002
1786096201.778893,0.0001,-4.425541400909424,-4.636262893676758,-0.0266,-0.0036,0.0173,-0.1500,-2.5821,121.0000,imu,0.0011
1786096201.839601,0.0607,-1.3045823574066162,-1.5701168775558472,-0.0084,-0.0045,0.0178,-0.1498,-2.5821,121.0000,imu,0.0009
1786096202.030385,0.1908,-0.029225291684269905,-0.0026918030343949795,-0.0001,0.0005,0.0178,-0.1498,-2.5820,121.0000,enc,-0.0001
1786096202.048810,0.0184,0.0,0.0,0.0000,0.0000,0.0178,-0.1498,-2.5820,121.0000,enc,0.0000
1786096202.282928,0.2341,-0.31450164318084717,-0.2881339490413666,-0.0018,0.0004,0.0181,-0.1495,-2.5819,121.0000,enc,-0.0003
1786096202.283767,0.0008,-4.222634792327881,-4.143301963806152,-0.0245,0.0013,0.0181,-0.1495,-2.5820,121.0000,imu,-0.0003
1786096202.360197,0.0764,-8.363000869750977,-8.310497283935547,-0.0489,0.0009,0.0213,-0.1475,-2.5820,121.0000,imu,-0.0004
1786096202.557896,0.1977,-5.3640289306640625,-5.523757457733154,-0.0319,-0.0027,0.0266,-0.1441,-2.5831,121.0625,imu,0.0000
1786096202.567974,0.0101,-2.218130588531494,-2.2706892490386963,-0.0132,-0.0009,0.0268,-0.1441,-2.5798,120.8750,imu,-0.0004
1786096202.781080,0.2131,-0.2115054428577423,-0.1059439554810524,-0.0009,0.0018,0.0269,-0.1440,-2.5794,120.9375,enc,0.0002
1786096202.781130,0.0001,0.0,0.0,0.0000,0.0000,0.0269,-0.1440,-2.5794,120.9375,enc,0.0000
1786096203.031051,0.2499,0.0,0.0,0.0000,0.0000,0.0269,-0.1440,-2.5794,120.9375,enc,0.0000
1786096203.031860,0.0008,0.0,0.0,0.0000,0.0000,0.0269,-0.1440,-2.5794,120.9375,enc,0.0000
1786096203.089849,0.0580,0.0,0.0,0.0000,0.0000,0.0269,-0.1440,-2.5794,120.9375,enc,0.0000
1786096203.279485,0.1896,0.0,0.0,0.0000,0.0000,0.0269,-0.1440,-2.5794,120.9375,enc,0.0000
1786096203.294531,0.0150,0.0,0.0,0.0000,0.0000,0.0269,-0.1440,-2.5794,120.9375,enc,0.0000
1786096203.530722,0.2362,0.0,0.0,0.0000,0.0000,0.0269,-0.1440,-2.5794,120.9375,enc,0.0000
1786096203.613089,0.0824,0.0,0.0,0.0000,0.0000,0.0269,-0.1440,-2.5794,120.9375,enc,0.0000
1786096203.613119,0.0000,0.0,0.0,0.0000,0.0000,0.0269,-0.1440,-2.5794,120.9375,enc,0.0000
1786096203.787592,0.1745,0.0,0.0,0.0000,0.0000,0.0269,-0.1440,-2.5794,120.9375,enc,0.0000
1786096203.816531,0.0289,0.0,0.0,0.0000,0.0000,0.0269,-0.1440,-2.5794,120.9375,enc,0.0000
1786096204.035405,0.2189,0.0,0.0,0.0000,0.0000,0.0269,-0.1440,-2.5794,120.9375,enc,0.0000
1786096204.035538,0.0001,0.0,0.0,0.0000,0.0000,0.0269,-0.1440,-2.5794,120.9375,enc,0.0000
1786096204.124566,0.0890,0.0,0.0,0.0000,0.0000,0.0269,-0.1440,-2.5794,120.9375,enc,0.0000
1786096204.296975,0.1724,0.0,0.0,0.0000,0.0000,0.0269,-0.1440,-2.5794,120.9375,enc,0.0000
1786096204.335889,0.0389,0.0,0.0,0.0000,0.0000,0.0269,-0.1440,-2.5794,120.9375,enc,0.0000
1786096204.541554,0.2057,0.0,0.0,0.0000,0.0000,0.0269,-0.1440,-2.5794,120.9375,enc,0.0000
1786096204.544919,0.0034,0.0,0.0,0.0000,0.0000,0.0269,-0.1440,-2.5794,120.9375,enc,0.0000
1786096204.797767,0.2528,0.0,0.0,0.0000,0.0000,0.0269,-0.1440,-2.5794,120.9375,enc,0.0000
1786096204.807847,0.0101,0.0,0.0,0.0000,0.0000,0.0269,-0.1440,-2.5794,120.9375,enc,0.0000
1786096204.858446,0.0506,0.0,0.0,0.0000,0.0000,0.0269,-0.1440,-2.5794,120.9375,enc,0.0000
1786096205.051966,0.1935,0.0,0.0,0.0000,0.0000,0.0269,-0.1440,-2.5794,120.9375,enc,0.0000
1786096205.064322,0.0124,0.0,0.0,0.0000,0.0000,0.0269,-0.1440,-2.5794,120.9375,enc,0.0000
1786096205.180494,0.1162,0.0,0.0,0.0000,0.0000,0.0269,-0.1440,-2.5794,120.9375,enc,0.0000
1786096205.281331,0.1008,0.0,0.0,0.0000,0.0000,0.0269,-0.1440,-2.5794,120.9375,enc,0.0000
1786096205.387601,0.1063,0.0,0.0,0.0000,0.0000,0.0269,-0.1440,-2.5794,120.9375,enc,0.0000
1786096205.482829,0.0952,0.0,0.0,0.0000,0.0000,0.0269,-0.1440,-2.5794,120.9375,enc,0.0000
1786096205.588363,0.1055,0.0,0.0,0.0000,0.0000,0.0269,-0.1440,-2.5794,120.9375,enc,0.0000
1786096205.687412,0.0990,0.0,0.0,0.0000,0.0000,0.0269,-0.1440,-2.5794,120.9375,enc,0.0000
1786096205.798746,0.1113,0.0,0.0,0.0000,0.0000,0.0269,-0.1440,-2.5794,120.9375,enc,0.0000
1786096205.895456,0.0967,0.0,0.0,0.0000,0.0000,0.0269,-0.1440,-2.5794,120.9375,enc,0.0000
1786096206.003698,0.1082,0.0,0.0,0.0000,0.0000,0.0269,-0.1440,-2.5794,120.9375,enc,0.0000
1786096206.105517,0.1018,0.0,0.0,0.0000,0.0000,0.0269,-0.1440,-2.5794,120.9375,enc,0.0000
1786096206.210448,0.1049,0.0,0.0,0.0000,0.0000,0.0269,-0.1440,-2.5794,120.9375,enc,0.0000
1786096206.319158,0.1087,0.0,0.0,0.0000,0.0000,0.0269,-0.1440,-2.5794,120.9375,enc,0.0000
1786096206.418526,0.0994,0.0,0.0,0.0000,0.0000,0.0269,-0.1440,-2.5794,120.9375,enc,0.0000
1786096206.521418,0.1029,0.0,0.0,0.0000,0.0000,0.0269,-0.1440,-2.5794,120.9375,enc,0.0000
1786096206.624166,0.1027,0.0,0.0,0.0000,0.0000,0.0269,-0.1440,-2.5794,120.9375,enc,0.0000
1786096206.723886,0.0997,0.0,0.0,0.0000,0.0000,0.0269,-0.1440,-2.5794,120.9375,enc,0.0000
1786096206.831051,0.1072,0.0,0.0,0.0000,0.0000,0.0269,-0.1440,-2.5794,120.9375,enc,0.0000
1786096207.112950,0.2819,0.0,0.0,0.0000,0.0000,0.0269,-0.1440,-2.5794,120.9375,enc,0.0000
1786096207.112992,0.0000,0.0,0.0,0.0000,0.0000,0.0269,-0.1440,-2.5794,120.9375,enc,0.0000
1786096207.171398,0.0584,0.0,0.0,0.0000,0.0000,0.0269,-0.1440,-2.5794,120.9375,enc,0.0000
1786096207.275588,0.1042,0.0,0.0,0.0000,0.0000,0.0269,-0.1440,-2.5794,120.9375,enc,0.0000
1786096207.371885,0.0963,0.0,0.0,0.0000,0.0000,0.0269,-0.1440,-2.5794,120.9375,enc,0.0000
1786096207.476338,0.1045,0.0,0.0,0.0000,0.0000,0.0269,-0.1440,-2.5794,120.9375,enc,0.0000
1786096207.555853,0.0795,0.0,0.0,0.0000,0.0000,0.0269,-0.1440,-2.5794,120.9375,enc,0.0000
1786096207.659291,0.1034,0.0,0.0,0.0000,0.0000,0.0269,-0.1440,-2.5794,120.9375,enc,0.0000
1786096207.766085,0.1068,0.0,0.0,0.0000,0.0000,0.0269,-0.1440,-2.5794,120.9375,enc,0.0000
1786096207.984601,0.2185,0.0,0.0,0.0000,0.0000,0.0269,-0.1440,-2.5794,120.9375,enc,0.0000
1786096207.984646,0.0000,0.0,0.0,0.0000,0.0000,0.0269,-0.1440,-2.5794,120.9375,enc,0.0000
1786096208.083670,0.0990,0.0,0.0,0.0000,0.0000,0.0269,-0.1440,-2.5794,120.9375,enc,0.0000
1786096208.184881,0.1012,0.0,0.0,0.0000,0.0000,0.0269,-0.1440,-2.5794,120.9375,enc,0.0000
1786096208.292469,0.1076,0.0,0.0,0.0000,0.0000,0.0269,-0.1440,-2.5794,120.9375,enc,0.0000
1786096208.394595,0.1021,0.0,0.0,0.0000,0.0000,0.0269,-0.1440,-2.5794,120.9375,enc,0.0000
1786096208.505252,0.1107,0.0,0.0,0.0000,0.0000,0.0269,-0.1440,-2.5794,120.9375,enc,0.0000
1786096208.711825,0.2066,0.0,0.0,0.0000,0.0000,0.0269,-0.1440,-2.5794,120.9375,enc,0.0000
1786096208.711867,0.0000,0.0,0.0,0.0000,0.0000,0.0269,-0.1440,-2.5794,120.9375,enc,0.0000
1786096208.809550,0.0977,0.0,0.0,0.0000,0.0000,0.0269,-0.1440,-2.5794,120.9375,enc,0.0000
1786096208.912954,0.1034,0.0,0.0,0.0000,0.0000,0.0269,-0.1440,-2.5794,120.9375,enc,0.0000
1786096209.012140,0.0992,0.0,0.0,0.0000,0.0000,0.0269,-0.1440,-2.5794,120.9375,enc,0.0000
1786096209.122831,0.1107,0.0,0.0,0.0000,0.0000,0.0269,-0.1440,-2.5794,120.9375,enc,0.0000
1786096209.221025,0.0982,0.0,0.0,0.0000,0.0000,0.0269,-0.1440,-2.5794,120.9375,enc,0.0000
1786096209.324845,0.1038,0.0,0.0,0.0000,0.0000,0.0269,-0.1440,-2.5794,120.9375,enc,0.0000
1786096209.425910,0.1011,0.0,0.0,0.0000,0.0000,0.0269,-0.1440,-2.5794,120.9375,enc,0.0000
1786096209.532610,0.1067,0.0,0.0,0.0000,0.0000,0.0269,-0.1440,-2.5794,120.9375,enc,0.0000
1786096209.636065,0.1035,0.0,0.0,0.0000,0.0000,0.0269,-0.1440,-2.5794,120.9375,enc,0.0000
1786096209.736709,0.1006,0.0,0.0,0.0000,0.0000,0.0269,-0.1440,-2.5794,120.9375,enc,0.0000
1786096209.843003,0.1063,0.0,0.0,0.0000,0.0000,0.0269,-0.1440,-2.5794,120.9375,enc,0.0000
1786096209.946310,0.1033,0.0,0.0,0.0000,0.0000,0.0269,-0.1440,-2.5794,120.9375,enc,0.0000
1786096210.047363,0.1011,0.0,0.0,0.0000,0.0000,0.0269,-0.1440,-2.5794,120.9375,enc,0.0000
1786096210.259568,0.2122,0.0,0.0,0.0000,0.0000,0.0269,-0.1440,-2.5794,120.9375,enc,0.0000
1786096210.259607,0.0000,0.0,0.0,0.0000,0.0000,0.0269,-0.1440,-2.5794,120.9375,enc,0.0000
1786096210.358476,0.0989,0.0,0.0,0.0000,0.0000,0.0269,-0.1440,-2.5794,120.9375,enc,0.0000
1786096210.461712,0.1032,0.0,0.0,0.0000,0.0000,0.0269,-0.1440,-2.5794,120.9375,enc,0.0000
1786096210.566841,0.1051,0.0,0.0,0.0000,0.0000,0.0269,-0.1440,-2.5794,120.9375,enc,0.0000
1786096210.671900,0.1051,0.0,0.0,0.0000,0.0000,0.0269,-0.1440,-2.5794,120.9375,enc,0.0000
1786096210.791219,0.1193,0.0,0.0,0.0000,0.0000,0.0269,-0.1440,-2.5794,120.9375,enc,0.0000
1786096210.878227,0.0870,0.0,0.0,0.0000,0.0000,0.0269,-0.1440,-2.5794,120.9375,enc,0.0000
1786096210.982878,0.1047,0.0,0.0,0.0000,0.0000,0.0269,-0.1440,-2.5794,120.9375,enc,0.0000
1786096211.085825,0.1029,0.0,0.0,0.0000,0.0000,0.0269,-0.1440,-2.5794,120.9375,enc,0.0000
1786096211.190704,0.1049,0.0,0.0,0.0000,0.0000,0.0269,-0.1440,-2.5794,120.9375,enc,0.0000
1786096211.293530,0.1028,0.0,0.0,0.0000,0.0000,0.0269,-0.1440,-2.5794,120.9375,enc,0.0000
1786096211.395886,0.1024,0.0,0.0,0.0000,0.0000,0.0269,-0.1440,-2.5794,120.9375,enc,0.0000
1786096211.504722,0.1088,0.0,0.0,0.0000,0.0000,0.0269,-0.1440,-2.5794,120.9375,enc,0.0000
1786096211.607041,0.1023,0.0,0.0,0.0000,0.0000,0.0269,-0.1440,-2.5794,120.9375,enc,0.0000
1786096211.709558,0.1025,0.0,0.0,0.0000,0.0000,0.0269,-0.1440,-2.5794,120.9375,enc,0.0000
1786096211.814438,0.1049,0.0,0.0,0.0000,0.0000,0.0269,-0.1440,-2.5794,120.9375,enc,0.0000
1786096211.918825,0.1044,0.0,0.0,0.0000,0.0000,0.0269,-0.1440,-2.5794,120.9375,enc,0.0000
1786096212.021797,0.1030,0.0,0.0,0.0000,0.0000,0.0269,-0.1440,-2.5794,120.9375,enc,0.0000
1786096212.128202,0.1064,0.0,0.0,0.0000,0.0000,0.0269,-0.1440,-2.5794,120.9375,enc,0.0000
1786096212.233222,0.1050,0.0,0.0,0.0000,0.0000,0.0269,-0.1440,-2.5794,120.9375,enc,0.0000
1786096212.335881,0.1027,0.0,0.0,0.0000,0.0000,0.0269,-0.1440,-2.5794,120.9375,enc,0.0000
1786096212.439986,0.1041,0.0,0.0,0.0000,0.0000,0.0269,-0.1440,-2.5794,120.9375,enc,0.0000
1786096212.543959,0.1040,0.0,0.0,0.0000,0.0000,0.0269,-0.1440,-2.5794,120.9375,enc,0.0000
1786096212.647986,0.1040,0.0,0.0,0.0000,0.0000,0.0269,-0.1440,-2.5794,120.9375,enc,0.0000
1786096212.750434,0.1024,0.0,0.0,0.0000,0.0000,0.0269,-0.1440,-2.5794,120.9375,enc,0.0000
1786096212.852449,0.1020,0.0,0.0,0.0000,0.0000,0.0269,-0.1440,-2.5794,120.9375,enc,0.0000
1786096213.060148,0.2077,0.0,0.0,0.0000,0.0000,0.0269,-0.1440,-2.5794,120.9375,enc,0.0000
1786096213.060187,0.0000,0.0,0.0,0.0000,0.0000,0.0269,-0.1440,-2.5794,120.9375,enc,0.0000
1786096213.164098,0.1039,0.0,0.0,0.0000,0.0000,0.0269,-0.1440,-2.5794,120.9375,enc,0.0000
1786096213.268053,0.1040,0.0,0.0,0.0000,0.0000,0.0269,-0.1440,-2.5794,120.9375,enc,0.0000
1786096213.371168,0.1031,0.0,0.0,0.0000,0.0000,0.0269,-0.1440,-2.5794,120.9375,enc,0.0000
1786096213.473869,0.1027,0.0,0.0,0.0000,0.0000,0.0269,-0.1440,-2.5794,120.9375,enc,0.0000
1786096213.575555,0.1017,0.0,0.0,0.0000,0.0000,0.0269,-0.1440,-2.5794,120.9375,enc,0.0000
1786096213.682294,0.1067,0.0,0.0,0.0000,0.0000,0.0269,-0.1440,-2.5794,120.9375,enc,0.0000
1786096213.784543,0.1022,0.0,0.0,0.0000,0.0000,0.0269,-0.1440,-2.5794,120.9375,enc,0.0000
1786096213.889961,0.1054,0.0,0.0,0.0000,0.0000,0.0269,-0.1440,-2.5794,120.9375,enc,0.0000
1786096213.997935,0.1080,0.0,0.0,0.0000,0.0000,0.0269,-0.1440,-2.5794,120.9375,enc,0.0000
1786096214.099273,0.1013,0.0,0.0,0.0000,0.0000,0.0269,-0.1440,-2.5794,120.9375,enc,0.0000
1786096214.199133,0.0999,0.0,0.0,0.0000,0.0000,0.0269,-0.1440,-2.5794,120.9375,enc,0.0000
1786096214.300579,0.1014,0.0,0.0,0.0000,0.0000,0.0269,-0.1440,-2.5794,120.9375,enc,0.0000
1786096214.409698,0.1091,0.0,0.0,0.0000,0.0000,0.0269,-0.1440,-2.5794,120.9375,enc,0.0000
1786096214.511191,0.1015,0.0,0.0,0.0000,0.0000,0.0269,-0.1440,-2.5794,120.9375,enc,0.0000
1786096214.629960,0.1188,0.0,0.0,0.0000,0.0000,0.0269,-0.1440,-2.5794,120.9375,enc,0.0000
1786096214.715132,0.0852,0.0,0.0,0.0000,0.0000,0.0269,-0.1440,-2.5794,120.9375,enc,0.0000
1786096214.832844,0.1177,0.0,0.0,0.0000,0.0000,0.0269,-0.1440,-2.5794,120.9375,enc,0.0000
1786096214.924335,0.0915,0.0,0.0,0.0000,0.0000,0.0269,-0.1440,-2.5794,120.9375,enc,0.0000
1786096215.029911,0.1056,0.0,0.0,0.0000,0.0000,0.0269,-0.1440,-2.5794,120.9375,enc,0.0000
1786096215.272014,0.2421,0.0,0.0,0.0000,0.0000,0.0269,-0.1440,-2.5794,120.9375,enc,0.0000
1786096215.273508,0.0015,0.0,0.0,0.0000,0.0000,0.0269,-0.1440,-2.5794,120.9375,enc,0.0000
1786096215.359804,0.0863,0.0,0.0,0.0000,0.0000,0.0269,-0.1440,-2.5794,120.9375,enc,0.0000
1786096215.530077,0.1703,0.0,0.0,0.0000,0.0000,0.0269,-0.1440,-2.5794,120.9375,enc,0.0000
1786096215.551930,0.0219,0.0,0.0,0.0000,0.0000,0.0269,-0.1440,-2.5794,120.9375,enc,0.0000
1786096215.787851,0.2359,0.0,0.0,0.0000,0.0000,0.0269,-0.1440,-2.5794,120.9375,enc,0.0000
1786096215.864096,0.0762,0.0,0.0,0.0000,0.0000,0.0269,-0.1440,-2.5794,120.9375,enc,0.0000
1786096215.864133,0.0000,0.0,0.0,0.0000,0.0000,0.0269,-0.1440,-2.5794,120.9375,enc,0.0000
1786096216.020597,0.1565,0.0,0.0,0.0000,0.0000,0.0269,-0.1440,-2.5794,120.9375,enc,0.0000
1786096216.079094,0.0585,0.0,0.0,0.0000,0.0000,0.0269,-0.1440,-2.5794,120.9375,enc,0.0000
1786096216.279069,0.2000,0.0,0.0,0.0000,0.0000,0.0269,-0.1440,-2.5794,120.9375,enc,0.0000
1786096216.299711,0.0206,0.0,0.0,0.0000,0.0000,0.0269,-0.1440,-2.5794,120.9375,enc,0.0000
1786096216.377465,0.0778,0.0,0.0,0.0000,0.0000,0.0269,-0.1440,-2.5794,120.9375,enc,0.0000
1786096216.532638,0.1552,0.0,0.0,0.0000,0.0000,0.0269,-0.1440,-2.5794,120.9375,enc,0.0000
1786096216.784670,0.2520,0.0,0.0,0.0000,0.0000,0.0269,-0.1440,-2.5794,120.9375,enc,0.0000
1786096216.785633,0.0010,0.0,0.0,0.0000,0.0000,0.0269,-0.1440,-2.5794,120.9375,enc,0.0000
1786096216.790918,0.0053,0.0,0.0,0.0000,0.0000,0.0269,-0.1440,-2.5794,120.9375,enc,0.0000
1786096217.034725,0.2438,0.0,0.0,0.0000,0.0000,0.0269,-0.1440,-2.5794,120.9375,enc,0.0000
1786096217.034870,0.0001,0.0,0.0,0.0000,0.0000,0.0269,-0.1440,-2.5794,120.9375,enc,0.0000
1786096217.102429,0.0676,0.0,0.0,0.0000,0.0000,0.0269,-0.1440,-2.5794,120.9375,enc,0.0000
1786096217.289189,0.1868,0.0,0.0,0.0000,0.0000,0.0269,-0.1440,-2.5794,120.9375,enc,0.0000
1786096217.538766,0.2496,0.0,0.0,0.0000,0.0000,0.0269,-0.1440,-2.5794,120.9375,enc,0.0000
1786096217.538814,0.0000,0.0,0.0,0.0000,0.0000,0.0269,-0.1440,-2.5794,120.9375,enc,0.0000
1786096217.541699,0.0029,0.0,0.0,0.0000,0.0000,0.0269,-0.1440,-2.5794,120.9375,enc,0.0000
1786096217.620151,0.0785,0.0,0.0,0.0000,0.0000,0.0269,-0.1440,-2.5794,120.9375,enc,0.0000
1786096217.783843,0.1637,0.0,0.0,0.0000,0.0000,0.0269,-0.1440,-2.5794,120.9375,enc,0.0000
1786096217.827194,0.0434,0.0,0.0,0.0000,0.0000,0.0269,-0.1440,-2.5794,120.9375,enc,0.0000
1786096218.035365,0.2082,0.0,0.0,0.0000,0.0000,0.0269,-0.1440,-2.5794,120.9375,enc,0.0000
1786096218.037466,0.0021,0.0,0.0,0.0000,0.0000,0.0269,-0.1440,-2.5794,120.9375,enc,0.0000
1786096218.283965,0.2465,0.0,0.0,0.0000,0.0000,0.0269,-0.1440,-2.5794,120.9375,enc,0.0000
1786096218.284187,0.0002,0.0,0.0,0.0000,0.0000,0.0269,-0.1440,-2.5794,120.9375,enc,0.0000
1786096218.350712,0.0665,0.0,0.0,0.0000,0.0000,0.0269,-0.1440,-2.5794,120.9375,enc,0.0000
1786096218.539215,0.1885,0.0,0.0,0.0000,0.0000,0.0269,-0.1440,-2.5794,120.9375,enc,0.0000
1786096218.548579,0.0094,0.0,0.0,0.0000,0.0000,0.0269,-0.1440,-2.5794,120.9375,enc,0.0000
1786096218.786107,0.2375,0.0,0.0,0.0000,0.0000,0.0269,-0.1440,-2.5794,120.9375,enc,0.0000
1786096218.788042,0.0019,0.0,0.0,0.0000,0.0000,0.0269,-0.1440,-2.5794,120.9375,enc,0.0000
1786096218.863838,0.0758,0.0,0.0,0.0000,0.0000,0.0269,-0.1440,-2.5794,120.9375,enc,0.0000
1786096219.037864,0.1740,0.0,0.0,0.0000,0.0000,0.0269,-0.1440,-2.5794,120.9375,enc,0.0000
1786096219.073263,0.0354,0.0,0.0,0.0000,0.0000,0.0269,-0.1440,-2.5794,120.9375,enc,0.0000
1786096219.286246,0.2130,0.0,0.0,0.0000,0.0000,0.0269,-0.1440,-2.5794,120.9375,enc,0.0000
1786096219.286472,0.0002,0.0,0.0,0.0000,0.0000,0.0269,-0.1440,-2.5794,120.9375,enc,0.0000
1786096219.381690,0.0952,0.0,0.0,0.0000,0.0000,0.0269,-0.1440,-2.5794,120.9375,enc,0.0000
1786096219.543412,0.1617,0.0,0.0,0.0000,0.0000,0.0269,-0.1440,-2.5794,120.9375,enc,0.0000
1786096219.589637,0.0462,0.0,0.0,0.0000,0.0000,0.0269,-0.1440,-2.5794,120.9375,enc,0.0000
1786096219.803600,0.2140,0.0,0.0,0.0000,0.0000,0.0269,-0.1440,-2.5794,120.9375,enc,0.0000
1786096219.805357,0.0018,0.0,0.0,0.0000,0.0000,0.0269,-0.1440,-2.5794,120.9375,enc,0.0000
1786096220.055103,0.2497,0.0,0.0,0.0000,0.0000,0.0269,-0.1440,-2.5794,120.9375,enc,0.0000
1786096220.056159,0.0011,0.0,0.0,0.0000,0.0000,0.0269,-0.1440,-2.5794,120.9375,enc,0.0000
1786096220.105247,0.0491,0.0,0.0,0.0000,0.0000,0.0269,-0.1440,-2.5794,120.9375,enc,0.0000
1786096220.212396,0.1071,0.0,0.0,0.0000,0.0000,0.0269,-0.1440,-2.5794,120.9375,enc,0.0000
1786096220.313081,0.1007,0.0,0.0,0.0000,0.0000,0.0269,-0.1440,-2.5794,120.9375,enc,0.0000
1786096220.419437,0.1064,0.0,0.0,0.0000,0.0000,0.0269,-0.1440,-2.5794,120.9375,enc,0.0000
1786096220.526401,0.1070,0.0,0.0,0.0000,0.0000,0.0269,-0.1440,-2.5794,120.9375,enc,0.0000
1786096220.628577,0.1022,0.0,0.0,0.0000,0.0000,0.0269,-0.1440,-2.5794,120.9375,enc,0.0000
1786096220.737003,0.1084,0.0,0.0,0.0000,0.0000,0.0269,-0.1440,-2.5794,120.9375,enc,0.0000
1786096220.836573,0.0996,0.0,0.0,0.0000,0.0000,0.0269,-0.1440,-2.5794,120.9375,enc,0.0000
1786096220.939272,0.1027,0.0,0.0,0.0000,0.0000,0.0269,-0.1440,-2.5794,120.9375,enc,0.0000
1786096221.048387,0.1091,0.0,0.0,0.0000,0.0000,0.0269,-0.1440,-2.5794,120.9375,enc,0.0000
1786096221.147347,0.0990,0.0,0.0,0.0000,0.0000,0.0269,-0.1440,-2.5794,120.9375,enc,0.0000
1786096221.253212,0.1059,0.0,0.0,0.0000,0.0000,0.0269,-0.1440,-2.5794,120.9375,enc,0.0000
1786096221.354768,0.1016,0.0,0.0,0.0000,0.0000,0.0269,-0.1440,-2.5794,120.9375,enc,0.0000
1786096221.456903,0.1021,0.0,0.0,0.0000,0.0000,0.0269,-0.1440,-2.5794,120.9375,enc,0.0000
1786096221.568058,0.1112,0.0,0.0,0.0000,0.0000,0.0269,-0.1440,-2.5794,120.9375,enc,0.0000
1786096221.663789,0.0957,0.0,0.0,0.0000,0.0000,0.0269,-0.1440,-2.5794,120.9375,enc,0.0000
1786096221.770702,0.1069,0.0,0.0,0.0000,0.0000,0.0269,-0.1440,-2.5794,120.9375,enc,0.0000
1786096221.876158,0.1055,0.0,0.0,0.0000,0.0000,0.0269,-0.1440,-2.5794,120.9375,enc,0.0000
1786096221.977466,0.1013,0.0,0.0,0.0000,0.0000,0.0269,-0.1440,-2.5794,120.9375,enc,0.0000
1786096222.080098,0.1026,0.0,0.0,0.0000,0.0000,0.0269,-0.1440,-2.5794,120.9375,enc,0.0000
1786096222.187850,0.1078,0.0,0.0,0.0000,0.0000,0.0269,-0.1440,-2.5794,120.9375,enc,0.0000
1786096222.285042,0.0972,0.0,0.0,0.0000,0.0000,0.0269,-0.1440,-2.5794,120.9375,enc,0.0000
1786096222.393530,0.1085,0.0,0.0,0.0000,0.0000,0.0269,-0.1440,-2.5794,120.9375,enc,0.0000
1786096222.497988,0.1045,0.0,0.0,0.0000,0.0000,0.0269,-0.1440,-2.5794,120.9375,enc,0.0000
1786096222.600382,0.1024,0.0,0.0,0.0000,0.0000,0.0269,-0.1440,-2.5794,120.9375,enc,0.0000
1786096222.715242,0.1149,0.0,0.0,0.0000,0.0000,0.0269,-0.1440,-2.5794,120.9375,enc,0.0000
1786096222.806601,0.0914,0.0,0.0,0.0000,0.0000,0.0269,-0.1440,-2.5794,120.9375,enc,0.0000
1786096222.916345,0.1097,0.0,0.0,0.0000,0.0000,0.0269,-0.1440,-2.5794,120.9375,enc,0.0000
1786096223.017823,0.1015,0.0,0.0,0.0000,0.0000,0.0269,-0.1440,-2.5794,120.9375,enc,0.0000
1786096223.125684,0.1079,0.0,0.0,0.0000,0.0000,0.0269,-0.1440,-2.5794,120.9375,enc,0.0000
1786096223.227631,0.1019,0.0,0.0,0.0000,0.0000,0.0269,-0.1440,-2.5794,120.9375,enc,0.0000
1786096223.330953,0.1033,0.0,0.0,0.0000,0.0000,0.0269,-0.1440,-2.5794,120.9375,enc,0.0000
1786096223.435352,0.1044,0.0,0.0,0.0000,0.0000,0.0269,-0.1440,-2.5794,120.9375,enc,0.0000
1786096223.537760,0.1024,0.0,0.0,0.0000,0.0000,0.0269,-0.1440,-2.5794,120.9375,enc,0.0000
1786096223.643616,0.1059,0.0,0.0,0.0000,0.0000,0.0269,-0.1440,-2.5794,120.9375,enc,0.0000
1786096223.751183,0.1076,0.0,0.0,0.0000,0.0000,0.0269,-0.1440,-2.5794,120.9375,enc,0.0000
1786096223.854976,0.1038,0.0,0.0,0.0000,0.0000,0.0269,-0.1440,-2.5794,120.9375,enc,0.0000
1786096223.954220,0.0992,0.0,0.0,0.0000,0.0000,0.0269,-0.1440,-2.5794,120.9375,enc,0.0000
1786096224.056176,0.1020,0.0,0.0,0.0000,0.0000,0.0269,-0.1440,-2.5794,120.9375,enc,0.0000
1786096224.158523,0.1023,0.0,0.0,0.0000,0.0000,0.0269,-0.1440,-2.5794,120.9375,enc,0.0000
1786096224.265912,0.1074,0.0,0.0,0.0000,0.0000,0.0269,-0.1440,-2.5794,120.9375,enc,0.0000
1786096224.368008,0.1021,0.0,0.0,0.0000,0.0000,0.0269,-0.1440,-2.5794,120.9375,enc,0.0000
1786096224.471169,0.1032,0.0,0.0,0.0000,0.0000,0.0269,-0.1440,-2.5794,120.9375,enc,0.0000
1786096224.575462,0.1043,0.0,0.0,0.0000,0.0000,0.0269,-0.1440,-2.5794,120.9375,enc,0.0000
1786096224.676818,0.1014,0.0,0.0,0.0000,0.0000,0.0269,-0.1440,-2.5794,120.9375,enc,0.0000
1786096224.790167,0.1133,0.0,0.0,0.0000,0.0000,0.0269,-0.1440,-2.5794,120.9375,enc,0.0000
1786096224.895397,0.1052,0.0,0.0,0.0000,0.0000,0.0269,-0.1440,-2.5794,120.9375,enc,0.0000
1786096224.989683,0.0943,0.0,0.0,0.0000,0.0000,0.0269,-0.1440,-2.5794,120.9375,enc,0.0000
1786096225.100996,0.1113,0.0,0.0,0.0000,0.0000,0.0269,-0.1440,-2.5794,120.9375,enc,0.0000
1786096225.203911,0.1029,0.0,0.0,0.0000,0.0000,0.0269,-0.1440,-2.5794,120.9375,enc,0.0000
1786096225.303210,0.0993,0.0,0.0,0.0000,0.0000,0.0269,-0.1440,-2.5794,120.9375,enc,0.0000
1786096225.403514,0.1003,0.0,0.0,0.0000,0.0000,0.0269,-0.1440,-2.5794,120.9375,enc,0.0000
1786096225.508016,0.1045,0.0,0.0,0.0000,0.0000,0.0269,-0.1440,-2.5794,120.9375,enc,0.0000
1786096225.612989,0.1050,0.0,0.0,0.0000,0.0000,0.0269,-0.1440,-2.5794,120.9375,enc,0.0000
1786096225.710735,0.0977,0.0,0.0,0.0000,0.0000,0.0269,-0.1440,-2.5794,120.9375,enc,0.0000
1786096225.815584,0.1048,0.0,0.0,0.0000,0.0000,0.0269,-0.1440,-2.5794,120.9375,enc,0.0000
1786096225.923870,0.1083,0.0,0.0,0.0000,0.0000,0.0269,-0.1440,-2.5794,120.9375,enc,0.0000
1786096226.028581,0.1047,0.0,0.0,0.0000,0.0000,0.0269,-0.1440,-2.5794,120.9375,enc,0.0000
1786096226.128393,0.0998,0.0,0.0,0.0000,0.0000,0.0269,-0.1440,-2.5794,120.9375,enc,0.0000
1786096226.234015,0.1056,0.0,0.0,0.0000,0.0000,0.0269,-0.1440,-2.5794,120.9375,enc,0.0000
1786096226.334739,0.1007,0.0,0.0,0.0000,0.0000,0.0269,-0.1440,-2.5794,120.9375,enc,0.0000
1786096226.438566,0.1038,0.0,0.0,0.0000,0.0000,0.0269,-0.1440,-2.5794,120.9375,enc,0.0000
1786096226.545077,0.1065,0.0,0.0,0.0000,0.0000,0.0269,-0.1440,-2.5794,120.9375,enc,0.0000
1786096226.647860,0.1028,0.0,0.0,0.0000,0.0000,0.0269,-0.1440,-2.5794,120.9375,enc,0.0000
1786096226.751418,0.1036,0.0,0.0,0.0000,0.0000,0.0269,-0.1440,-2.5794,120.9375,enc,0.0000
1786096226.857934,0.1065,0.0,0.0,0.0000,0.0000,0.0269,-0.1440,-2.5794,120.9375,enc,0.0000
1786096226.958545,0.1006,0.0,0.0,0.0000,0.0000,0.0269,-0.1440,-2.5794,120.9375,enc,0.0000
1786096227.059960,0.1014,0.0,0.0,0.0000,0.0000,0.0269,-0.1440,-2.5794,120.9375,enc,0.0000
1786096227.164968,0.1050,0.0,0.0,0.0000,0.0000,0.0269,-0.1440,-2.5794,120.9375,enc,0.0000
1786096227.268727,0.1038,0.0,0.0,0.0000,0.0000,0.0269,-0.1440,-2.5794,120.9375,enc,0.0000
1786096227.379045,0.1103,0.0,0.0,0.0000,0.0000,0.0269,-0.1440,-2.5794,120.9375,enc,0.0000
1786096227.478987,0.0999,0.0,0.0,0.0000,0.0000,0.0269,-0.1440,-2.5794,120.9375,enc,0.0000
1786096227.583207,0.1042,0.0,0.0,0.0000,0.0000,0.0269,-0.1440,-2.5794,120.9375,enc,0.0000
1786096227.682647,0.0994,0.0,0.0,0.0000,0.0000,0.0269,-0.1440,-2.5794,120.9375,enc,0.0000
1786096227.798860,0.1162,0.0,0.0,0.0000,0.0000,0.0269,-0.1440,-2.5794,120.9375,enc,0.0000
1786096227.899256,0.1004,0.0,0.0,0.0000,0.0000,0.0269,-0.1440,-2.5794,120.9375,enc,0.0000
1786096227.995584,0.0963,0.0,0.0,0.0000,0.0000,0.0269,-0.1440,-2.5794,120.9375,enc,0.0000
1786096228.100080,0.1045,0.0,0.0,0.0000,0.0000,0.0269,-0.1440,-2.5794,120.9375,enc,0.0000
1786096228.207967,0.1079,0.0,0.0,0.0000,0.0000,0.0269,-0.1440,-2.5794,120.9375,enc,0.0000
1786096228.309290,0.1013,0.0,0.0,0.0000,0.0000,0.0269,-0.1440,-2.5794,120.9375,enc,0.0000
1786096228.411659,0.1024,0.0,0.0,0.0000,0.0000,0.0269,-0.1440,-2.5794,120.9375,enc,0.0000
1786096228.517785,0.1061,0.0,0.0,0.0000,0.0000,0.0269,-0.1440,-2.5794,120.9375,enc,0.0000
1786096228.620803,0.1030,0.0,0.0,0.0000,0.0000,0.0269,-0.1440,-2.5794,120.9375,enc,0.0000
1786096228.723906,0.1031,0.0,0.0,0.0000,0.0000,0.0269,-0.1440,-2.5794,120.9375,enc,0.0000
1786096228.829529,0.1056,0.0,0.0,0.0000,0.0000,0.0269,-0.1440,-2.5794,120.9375,enc,0.0000
1786096228.932883,0.1034,0.0,0.0,0.0000,0.0000,0.0269,-0.1440,-2.5794,120.9375,enc,0.0000
1786096229.031408,0.0985,0.0,0.0,0.0000,0.0000,0.0269,-0.1440,-2.5794,120.9375,enc,0.0000
1786096229.135045,0.1036,0.0,0.0,0.0000,0.0000,0.0269,-0.1440,-2.5794,120.9375,enc,0.0000
1786096229.243904,0.1089,0.0,0.0,0.0000,0.0000,0.0269,-0.1440,-2.5794,120.9375,enc,0.0000
1786096229.351611,0.1077,0.0,0.0,0.0000,0.0000,0.0269,-0.1440,-2.5794,120.9375,enc,0.0000
1786096229.447693,0.0961,0.0,0.0,0.0000,0.0000,0.0269,-0.1440,-2.5794,120.9375,enc,0.0000
1786096229.560472,0.1128,0.0,0.0,0.0000,0.0000,0.0269,-0.1440,-2.5794,120.9375,enc,0.0000
1786096229.658963,0.0985,0.0,0.0,0.0000,0.0000,0.0269,-0.1440,-2.5794,120.9375,enc,0.0000
1786096229.760375,0.1014,0.0,0.0,0.0000,0.0000,0.0269,-0.1440,-2.5794,120.9375,enc,0.0000
1786096229.870084,0.1097,0.0,0.0,0.0000,0.0000,0.0269,-0.1440,-2.5794,120.9375,enc,0.0000
1786096229.991943,0.1219,0.0,0.0,0.0000,0.0000,0.0269,-0.1440,-2.5794,120.9375,enc,0.0000
1786096230.070917,0.0790,0.0,0.0,0.0000,0.0000,0.0269,-0.1440,-2.5794,120.9375,enc,0.0000
1786096230.261910,0.1910,0.0,0.0,0.0000,0.0000,0.0269,-0.1440,-2.5794,120.9375,enc,0.0000
1786096230.275823,0.0139,0.0,0.0,0.0000,0.0000,0.0269,-0.1440,-2.5794,120.9375,enc,0.0000
1786096230.525924,0.2501,0.0,0.0,0.0000,0.0000,0.0269,-0.1440,-2.5794,120.9375,enc,0.0000
1786096230.532757,0.0068,0.0,0.0,0.0000,0.0000,0.0269,-0.1440,-2.5794,120.9375,enc,0.0000
1786096230.599887,0.0671,0.0,0.0,0.0000,0.0000,0.0269,-0.1440,-2.5794,120.9375,enc,0.0000
1786096230.770830,0.1709,0.0,0.0,0.0000,0.0000,0.0269,-0.1440,-2.5794,120.9375,enc,0.0000
1786096230.804820,0.0340,0.0,0.0,0.0000,0.0000,0.0269,-0.1440,-2.5794,120.9375,enc,0.0000
1786096231.029136,0.2243,0.0,0.0,0.0000,0.0000,0.0269,-0.1440,-2.5794,120.9375,enc,0.0000
1786096231.031102,0.0020,0.0,0.0,0.0000,0.0000,0.0269,-0.1440,-2.5794,120.9375,enc,0.0000
1786096231.287258,0.2562,0.0,0.0,0.0000,0.0000,0.0269,-0.1440,-2.5794,120.9375,enc,0.0000
1786096231.288901,0.0016,0.0,0.0,0.0000,0.0000,0.0269,-0.1440,-2.5794,120.9375,enc,0.0000
1786096231.328376,0.0395,0.0,0.0,0.0000,0.0000,0.0269,-0.1440,-2.5794,120.9375,enc,0.0000
1786096231.535442,0.2071,0.0,0.0,0.0000,0.0000,0.0269,-0.1440,-2.5794,120.9375,enc,0.0000
1786096231.537228,0.0018,0.0,0.0,0.0000,0.0000,0.0269,-0.1440,-2.5794,120.9375,enc,0.0000
1786096231.786076,0.2488,0.0,0.0,0.0000,0.0000,0.0269,-0.1440,-2.5794,120.9375,enc,0.0000
1786096231.788853,0.0028,0.0,0.0,0.0000,0.0000,0.0269,-0.1440,-2.5794,120.9375,enc,0.0000
1786096232.068679,0.2798,0.0,0.0,0.0000,0.0000,0.0269,-0.1440,-2.5794,120.9375,enc,0.0000
1786096232.068726,0.0000,0.0,0.0,0.0000,0.0000,0.0269,-0.1440,-2.5794,120.9375,enc,0.0000
1786096232.068740,0.0000,0.0,0.0,0.0000,0.0000,0.0269,-0.1440,-2.5794,120.9375,enc,0.0000
1786096232.282647,0.2139,0.0,0.0,0.0000,0.0000,0.0269,-0.1440,-2.5794,120.9375,enc,0.0000
1786096232.283503,0.0009,0.0,0.0,0.0000,0.0000,0.0269,-0.1440,-2.5794,120.9375,enc,0.0000
1786096232.354356,0.0709,0.0,0.0,0.0000,0.0000,0.0269,-0.1440,-2.5794,120.9375,enc,0.0000
1786096232.534603,0.1802,0.0,0.0,0.0000,0.0000,0.0269,-0.1440,-2.5794,120.9375,enc,0.0000
1786096232.561736,0.0271,0.0,0.0,0.0000,0.0000,0.0269,-0.1440,-2.5794,120.9375,enc,0.0000
1786096232.806657,0.2449,0.0,0.0,0.0000,0.0000,0.0269,-0.1440,-2.5794,120.9375,enc,0.0000
1786096232.809220,0.0026,0.0,0.0,0.0000,0.0000,0.0269,-0.1440,-2.5794,120.9375,enc,0.0000
1786096233.030379,0.2212,0.0,0.0,0.0000,0.0000,0.0269,-0.1440,-2.5794,120.9375,enc,0.0000
1786096233.069712,0.0393,0.0,0.0,0.0000,0.0000,0.0269,-0.1440,-2.5794,120.9375,enc,0.0000
1786096233.103591,0.0339,0.0,0.0,0.0000,0.0000,0.0269,-0.1440,-2.5794,120.9375,enc,0.0000
1786096233.287204,0.1836,0.0,0.0,0.0000,0.0000,0.0269,-0.1440,-2.5794,120.9375,enc,0.0000
1786096233.288779,0.0016,0.0,0.0,0.0000,0.0000,0.0269,-0.1440,-2.5794,120.9375,enc,0.0000
1786096233.534980,0.2462,0.0,0.0,0.0000,0.0000,0.0269,-0.1440,-2.5794,120.9375,enc,0.0000
1786096233.535948,0.0010,0.0,0.0,0.0000,0.0000,0.0269,-0.1440,-2.5794,120.9375,enc,0.0000
1786096233.596328,0.0604,0.0,0.0,0.0000,0.0000,0.0269,-0.1440,-2.5794,120.9375,enc,0.0000
1786096233.789553,0.1932,0.0,0.0,0.0000,0.0000,0.0269,-0.1440,-2.5794,120.9375,enc,0.0000
1786096233.807269,0.0177,0.0,0.0,0.0000,0.0000,0.0269,-0.1440,-2.5794,120.9375,enc,0.0000
1786096234.040346,0.2331,0.0,0.0,0.0000,0.0000,0.0269,-0.1440,-2.5794,120.9375,enc,0.0000
1786096234.043436,0.0031,0.0,0.0,0.0000,0.0000,0.0269,-0.1440,-2.5794,120.9375,enc,0.0000
1786096234.115607,0.0722,0.0,0.0,0.0000,0.0000,0.0269,-0.1440,-2.5794,120.9375,enc,0.0000
1786096234.302491,0.1869,0.0,0.0,0.0000,0.0000,0.0269,-0.1440,-2.5794,120.9375,enc,0.0000
1786096234.318130,0.0156,0.0,0.0,0.0000,0.0000,0.0269,-0.1440,-2.5794,120.9375,enc,0.0000
1786096234.547341,0.2292,0.0,0.0,0.0000,0.0000,0.0269,-0.1440,-2.5794,120.9375,enc,0.0000
1786096234.548830,0.0015,0.0,0.0,0.0000,0.0000,0.0269,-0.1440,-2.5794,120.9375,enc,0.0000
1786096234.637648,0.0888,0.0,0.0,0.0000,0.0000,0.0269,-0.1440,-2.5794,120.9375,enc,0.0000
1786096234.843953,0.2063,0.0,0.0,0.0000,0.0000,0.0269,-0.1440,-2.5794,120.9375,enc,0.0000
1786096234.844006,0.0001,0.0,0.0,0.0000,0.0000,0.0269,-0.1440,-2.5794,120.9375,enc,0.0000
1786096235.052240,0.2082,0.0,0.0,0.0000,0.0000,0.0269,-0.1440,-2.5794,120.9375,enc,0.0000
1786096235.055942,0.0037,0.0,0.0,0.0000,0.0000,0.0269,-0.1440,-2.5794,120.9375,enc,0.0000
1786096235.162171,0.1062,0.0,0.0,0.0000,0.0000,0.0269,-0.1440,-2.5794,120.9375,enc,0.0000
1786096235.259971,0.0978,0.0,0.0,0.0000,0.0000,0.0269,-0.1440,-2.5794,120.9375,enc,0.0000
1786096235.366973,0.1070,0.0,0.0,0.0000,0.0000,0.0269,-0.1440,-2.5794,120.9375,enc,0.0000
1786096235.480039,0.1131,0.0,0.0,0.0000,0.0000,0.0269,-0.1440,-2.5794,120.9375,enc,0.0000
1786096235.571222,0.0912,0.0,0.0,0.0000,0.0000,0.0269,-0.1440,-2.5794,120.9375,enc,0.0000
1786096235.675793,0.1046,0.0,0.0,0.0000,0.0000,0.0269,-0.1440,-2.5794,120.9375,enc,0.0000
1786096235.783214,0.1074,0.0,0.0,0.0000,0.0000,0.0269,-0.1440,-2.5794,120.9375,enc,0.0000
1786096235.881518,0.0983,0.0,0.0,0.0000,0.0000,0.0269,-0.1440,-2.5794,120.9375,enc,0.0000
1786096236.008929,0.1274,0.0,0.0,0.0000,0.0000,0.0269,-0.1440,-2.5794,120.9375,enc,0.0000
1786096236.103208,0.0943,0.0,0.0,0.0000,0.0000,0.0269,-0.1440,-2.5794,120.9375,enc,0.0000
1786096236.189170,0.0860,0.0,0.0,0.0000,0.0000,0.0269,-0.1440,-2.5794,120.9375,enc,0.0000
1786096236.311868,0.1227,0.0,0.0,0.0000,0.0000,0.0269,-0.1440,-2.5794,120.9375,enc,0.0000
1786096236.506027,0.1942,0.0,0.0,0.0000,0.0000,0.0269,-0.1440,-2.5794,120.9375,enc,0.0000
1786096236.506072,0.0000,0.0,0.0,0.0000,0.0000,0.0269,-0.1440,-2.5794,120.9375,enc,0.0000
1786096236.607865,0.1018,0.0,0.0,0.0000,0.0000,0.0269,-0.1440,-2.5794,120.9375,enc,0.0000
1786096236.719230,0.1114,0.0,0.0,0.0000,0.0000,0.0269,-0.1440,-2.5794,120.9375,enc,0.0000
1786096236.820071,0.1008,0.0,0.0,0.0000,0.0000,0.0269,-0.1440,-2.5794,120.9375,enc,0.0000
1786096236.918917,0.0988,0.0,0.0,0.0000,0.0000,0.0269,-0.1440,-2.5794,120.9375,enc,0.0000
1786096237.075047,0.1561,0.0,0.0,0.0000,0.0000,0.0269,-0.1440,-2.5794,120.9375,enc,0.0000
1786096237.171005,0.0960,0.0,0.0,0.0000,0.0000,0.0269,-0.1440,-2.5794,120.9375,enc,0.0000
1786096237.235501,0.0645,0.0,0.0,0.0000,0.0000,0.0269,-0.1440,-2.5794,120.9375,enc,0.0000
1786096237.334400,0.0989,0.0,0.0,0.0000,0.0000,0.0269,-0.1440,-2.5794,120.9375,enc,0.0000
1786096237.439957,0.1056,0.0,0.0,0.0000,0.0000,0.0269,-0.1440,-2.5794,120.9375,enc,0.0000
1786096237.537137,0.0972,0.0,0.0,0.0000,0.0000,0.0269,-0.1440,-2.5794,120.9375,enc,0.0000
1786096237.643183,0.1060,0.0,0.0,0.0000,0.0000,0.0269,-0.1440,-2.5794,120.9375,enc,0.0000
1786096237.744302,0.1011,0.0,0.0,0.0000,0.0000,0.0269,-0.1440,-2.5794,120.9375,enc,0.0000
1786096237.850738,0.1064,0.0,0.0,0.0000,0.0000,0.0269,-0.1440,-2.5794,120.9375,enc,0.0000
1786096237.956950,0.1062,0.0,0.0,0.0000,0.0000,0.0269,-0.1440,-2.5794,120.9375,enc,0.0000
1786096238.055460,0.0985,0.0,0.0,0.0000,0.0000,0.0269,-0.1440,-2.5794,120.9375,enc,0.0000
1786096238.191962,0.1365,0.0,0.0,0.0000,0.0000,0.0269,-0.1440,-2.5794,120.9375,enc,0.0000
1786096238.276590,0.0846,0.0,0.0,0.0000,0.0000,0.0269,-0.1440,-2.5794,120.9375,enc,0.0000
1786096238.374453,0.0979,0.0,0.0,0.0000,0.0000,0.0269,-0.1440,-2.5794,120.9375,enc,0.0000
1786096238.484461,0.1100,0.0,0.0,0.0000,0.0000,0.0269,-0.1440,-2.5794,120.9375,enc,0.0000
1786096238.599383,0.1149,0.0,0.0,0.0000,0.0000,0.0269,-0.1440,-2.5794,120.9375,enc,0.0000
1786096238.686402,0.0870,0.0,0.0,0.0000,0.0000,0.0269,-0.1440,-2.5794,120.9375,enc,0.0000
1786096238.794184,0.1078,0.0,0.0,0.0000,0.0000,0.0269,-0.1440,-2.5794,120.9375,enc,0.0000
1786096238.898817,0.1046,0.0,0.0,0.0000,0.0000,0.0269,-0.1440,-2.5794,120.9375,enc,0.0000
1786096238.997202,0.0984,0.0,0.0,0.0000,0.0000,0.0269,-0.1440,-2.5794,120.9375,enc,0.0000
1786096239.099130,0.1019,0.0,0.0,0.0000,0.0000,0.0269,-0.1440,-2.5794,120.9375,enc,0.0000
1786096239.217969,0.1188,0.0,0.0,0.0000,0.0000,0.0269,-0.1440,-2.5794,120.9375,enc,0.0000
1786096239.314915,0.0969,0.0,0.0,0.0000,0.0000,0.0269,-0.1440,-2.5794,120.9375,enc,0.0000
1786096239.419568,0.1047,0.0,0.0,0.0000,0.0000,0.0269,-0.1440,-2.5794,120.9375,enc,0.0000
1786096239.526790,0.1072,0.0,0.0,0.0000,0.0000,0.0269,-0.1440,-2.5794,120.9375,enc,0.0000
1786096239.623243,0.0965,0.0,0.0,0.0000,0.0000,0.0269,-0.1440,-2.5794,120.9375,enc,0.0000
1786096239.723903,0.1007,0.0,0.0,0.0000,0.0000,0.0269,-0.1440,-2.5794,120.9375,enc,0.0000
1786096239.955786,0.2319,0.0,0.0,0.0000,0.0000,0.0269,-0.1440,-2.5794,120.9375,enc,0.0000
1786096239.955827,0.0000,0.0,0.0,0.0000,0.0000,0.0269,-0.1440,-2.5794,120.9375,enc,0.0000
1786096240.037921,0.0821,0.19238106906414032,-0.09733565896749496,0.0003,-0.0049,0.0269,-0.1440,-2.5799,120.9375,enc,-0.0003
1786096240.137853,0.0999,2.838679790496826,-2.553896903991699,0.0008,-0.0917,0.0268,-0.1439,-2.5860,121.3125,imu,-0.0008
1786096240.257427,0.1196,8.347844123840332,-8.411438941955566,-0.0002,-0.2849,0.0268,-0.1438,-2.6209,123.3125,imu,-0.0009
1786096240.468342,0.2109,12.628191947937012,-12.85004711151123,-0.0007,-0.4331,0.0268,-0.1437,-2.6853,127.0000,imu,-0.0007
1786096240.468386,0.0000,15.227670669555664,-15.643479347229004,-0.0012,-0.5247,0.0268,-0.1437,-2.7551,131.0000,imu,-0.0001
1786096240.550113,0.0817,14.343504905700684,-14.854372024536133,-0.0015,-0.4963,0.0270,-0.1437,-2.8271,135.1250,imu,0.0007
1786096240.759765,0.2097,16.05757713317871,-16.249649047851562,-0.0006,-0.5492,0.0271,-0.1436,-2.9045,139.5625,imu,0.0000
1786096240.759812,0.0000,15.589282035827637,-15.812793731689453,-0.0007,-0.5338,0.0271,-0.1436,-2.9820,144.0000,imu,0.0007
1786096240.860542,0.1007,14.01347827911377,-14.045470237731934,-0.0001,-0.4769,0.0271,-0.1436,-3.0529,148.0625,imu,-0.0003
1786096240.967845,0.1073,15.126490592956543,-15.062891960144043,0.0002,-0.5132,0.0271,-0.1437,-3.1358,152.8125,imu,0.0004
1786096241.072865,0.1050,15.237349510192871,-15.013321876525879,0.0007,-0.5142,0.0270,-0.1436,3.0623,157.6875,imu,-0.0007
1786096241.173553,0.1007,13.717326164245605,-13.495079040527344,0.0007,-0.4626,0.0269,-0.1436,2.9860,162.0625,imu,0.0001
1786096241.279881,0.1063,14.982383728027344,-15.014062881469727,-0.0001,-0.5099,0.0269,-0.1436,2.9096,166.4375,imu,-0.0001
1786096241.381675,0.1018,15.214858055114746,-15.056675910949707,0.0005,-0.5146,0.0269,-0.1436,2.8169,171.7500,imu,-0.0001
1786096241.485510,0.1038,15.06021785736084,-15.251788139343262,-0.0006,-0.5152,0.0269,-0.1436,2.7394,176.1875,imu,0.0002
1786096241.587255,0.1017,14.982328414916992,-14.260602951049805,0.0021,-0.4971,0.0267,-0.1437,2.6598,180.7500,imu,0.0017
1786096241.695920,0.1087,13.2257719039917,-14.121780395507812,-0.0026,-0.4649,0.0270,-0.1436,2.5933,184.5625,imu,-0.0017
1786096241.801739,0.1058,10.470693588256836,-10.72060489654541,-0.0007,-0.3602,0.0270,-0.1438,2.5289,188.2500,imu,0.0007
1786096241.902703,0.1010,7.091130256652832,-7.218161106109619,-0.0004,-0.2432,0.0270,-0.1438,2.4984,190.0000,imu,0.0004
1786096242.010027,0.1073,8.763264656066895,-8.668099403381348,0.0003,-0.2963,0.0270,-0.1439,2.4635,192.0000,imu,0.0008
1786096242.113139,0.1031,10.883050918579102,-10.531064987182617,0.0010,-0.3640,0.0270,-0.1437,2.4100,195.0625,imu,-0.0010
1786096242.212092,0.0990,14.089775085449219,-13.80620288848877,0.0008,-0.4742,0.0270,-0.1436,2.3435,198.8750,imu,-0.0010
1786096242.322073,0.1100,14.542113304138184,-14.670125007629395,-0.0004,-0.4965,0.0269,-0.1436,2.2551,203.9375,imu,0.0006
1786096242.420914,0.0988,9.470502853393555,-9.787843704223633,-0.0009,-0.3274,0.0270,-0.1437,2.1940,207.4375,imu,-0.0004
1786096242.525038,0.1041,8.285923957824707,-8.381855964660645,-0.0003,-0.2833,0.0270,-0.1438,2.1580,209.5000,imu,0.0007
1786096242.639321,0.1143,9.921262741088867,-10.048359870910645,-0.0004,-0.3394,0.0269,-0.1439,2.1177,211.8125,imu,0.0009
1786096242.734771,0.0955,12.701048851013184,-12.259504318237305,0.0013,-0.4243,0.0269,-0.1437,2.0348,216.5625,imu,-0.0007
1786096242.837924,0.1032,13.242188453674316,-13.082099914550781,0.0005,-0.4475,0.0270,-0.1436,1.9290,222.6250,imu,-0.0008
1786096242.941798,0.1039,15.235377311706543,-15.330384254455566,-0.0003,-0.5196,0.0270,-0.1437,1.8231,228.6875,imu,-0.0003
1786096243.046291,0.1045,15.522255897521973,-15.553908348083496,-0.0001,-0.5282,0.0271,-0.1437,1.7097,235.1875,imu,-0.0003
1786096243.149531,0.1032,14.908734321594238,-14.204487800598145,0.0021,-0.4949,0.0268,-0.1435,1.6093,240.9375,imu,0.0028
1786096243.259177,0.1096,14.410492897033691,-15.329401969909668,-0.0027,-0.5055,0.0270,-0.1438,1.5090,246.6875,imu,-0.0021
1786096243.371746,0.1126,15.163578987121582,-15.163578987121582,0.0000,-0.5155,0.0270,-0.1438,1.4075,252.5000,imu,-0.0004
1786096243.455977,0.0842,15.14606761932373,-15.082051277160645,0.0002,-0.5138,0.0270,-0.1438,1.3170,257.6875,imu,0.0004
1786096243.559572,0.1036,13.873772621154785,-13.745743751525879,0.0004,-0.4695,0.0271,-0.1437,1.2221,263.1250,imu,-0.0008
1786096243.667257,0.1077,15.166646957397461,-15.198659896850586,-0.0001,-0.5161,0.0270,-0.1437,1.1305,268.3750,imu,0.0005
1786096243.767688,0.1004,15.318320274353027,-15.158231735229492,0.0005,-0.5180,0.0271,-0.1437,1.0410,273.5000,imu,-0.0007
1786096243.878434,0.1107,13.864623069763184,-13.800625801086426,0.0002,-0.4703,0.0271,-0.1437,0.9581,278.2500,imu,0.0000
1786096243.977137,0.0987,15.071510314941406,-15.167485237121582,-0.0003,-0.5140,0.0271,-0.1437,0.8730,283.1250,imu,0.0003
1786096244.079010,0.1019,15.296490669250488,-15.264552116394043,0.0001,-0.5195,0.0271,-0.1437,0.7836,288.2500,imu,-0.0001
1786096244.184514,0.1055,13.670381546020508,-13.926227569580078,-0.0008,-0.4691,0.0270,-0.1437,0.7105,292.4375,imu,0.0006
1786096244.292000,0.1075,15.234207153320312,-15.107697486877441,0.0004,-0.5158,0.0270,-0.1437,0.6287,297.1250,imu,-0.0002
1786096244.395017,0.1030,14.584646224975586,-14.616148948669434,-0.0001,-0.4964,0.0270,-0.1436,0.5512,301.5625,imu,0.0010
1786096244.498790,0.1038,11.066062927246094,-11.256048202514648,-0.0006,-0.3794,0.0269,-0.1437,0.4901,305.0625,imu,0.0000
1786096244.645838,0.1470,4.941859722137451,-4.847153186798096,0.0003,-0.1664,0.0269,-0.1435,0.4596,306.8125,imu,0.0012
1786096244.727005,0.0812,0.9419505596160889,-1.4210063219070435,-0.0014,-0.0402,0.0268,-0.1435,0.4476,307.5000,imu,0.0003
1786096244.807438,0.0804,-0.0633721649646759,-0.0633721649646759,-0.0004,0.0000,0.0267,-0.1435,0.4476,307.5000,enc,0.0000
1786096244.917461,0.1100,0.0,0.0,0.0000,0.0000,0.0267,-0.1435,0.4476,307.6875,enc,0.0000
1786096245.014099,0.0966,0.0,0.0,0.0000,0.0000,0.0267,-0.1435,0.4476,307.8125,enc,0.0000
1786096245.267286,0.2532,0.029303938150405884,0.0026990468613803387,0.0001,-0.0005,0.0268,-0.1435,0.4475,307.8750,enc,0.0001
1786096245.267437,0.0002,2.1139748096466064,-2.082228899002075,0.0001,-0.0713,0.0268,-0.1435,0.4432,308.1250,imu,-0.0005
1786096245.329153,0.0617,7.435886383056641,-6.34761381149292,0.0032,-0.2343,0.0269,-0.1433,0.4160,309.6875,imu,0.0013
1786096245.522582,0.1934,11.587148666381836,-11.747176170349121,-0.0005,-0.3966,0.0270,-0.1438,0.3658,312.5625,imu,-0.0025
1786096245.529416,0.0068,14.912775993347168,-14.784736633300781,0.0004,-0.5048,0.0270,-0.1438,0.2873,317.0625,imu,-0.0011
1786096245.782725,0.2533,13.886382102966309,-14.07823657989502,-0.0006,-0.4753,0.0269,-0.1439,0.2185,321.0000,imu,0.0000
1786096245.801170,0.0184,11.356925010681152,-11.546492576599121,-0.0006,-0.3893,0.0268,-0.1439,0.1542,324.6875,imu,0.0004
1786096245.842342,0.0412,5.151272296905518,-5.49923849105835,-0.0010,-0.1810,0.0268,-0.1438,0.1214,326.5625,imu,0.0008
1786096246.094331,0.2520,0.865790843963623,-1.3133214712142944,-0.0013,-0.0370,0.0264,-0.1435,0.1149,326.9375,imu,0.0013
1786096246.096260,0.0019,-0.05001765862107277,0.08170823752880096,0.0001,0.0022,0.0264,-0.1435,0.1149,326.9375,enc,0.0001
1786096246.288194,0.1919,0.0,0.0,0.0000,0.0000,0.0264,-0.1435,0.1149,326.9375,enc,0.0000
1786096246.372439,0.0842,0.0,0.0,0.0000,0.0000,0.0264,-0.1435,0.1149,326.9375,enc,0.0000
1786096246.372478,0.0000,0.0,0.0,0.0000,0.0000,0.0264,-0.1435,0.1149,326.9375,enc,0.0000
1786096246.549416,0.1769,0.0,0.0,0.0000,0.0000,0.0264,-0.1435,0.1149,326.8750,enc,0.0000
1786096246.571292,0.0219,0.0,0.0,0.0000,0.0000,0.0264,-0.1435,0.1149,326.8125,enc,0.0000
1786096246.800035,0.2287,0.0,0.0,0.0000,0.0000,0.0264,-0.1435,0.1149,326.8125,enc,0.0000
1786096246.800482,0.0004,0.0,0.0,0.0000,0.0000,0.0264,-0.1435,0.1149,326.8125,enc,0.0000
1786096246.884437,0.0840,0.0,0.0,0.0000,0.0000,0.0264,-0.1435,0.1149,326.8750,enc,0.0000
1786096247.072455,0.1880,0.0,0.0,0.0000,0.0000,0.0264,-0.1435,0.1149,326.8750,enc,0.0000
1786096247.102859,0.0304,0.0,0.0,0.0000,0.0000,0.0264,-0.1435,0.1149,326.8750,enc,0.0000
1786096247.300420,0.1976,0.0,0.0,0.0000,0.0000,0.0264,-0.1435,0.1149,326.8750,enc,0.0000
1786096247.300778,0.0004,0.0,0.0,0.0000,0.0000,0.0264,-0.1435,0.1149,326.8750,enc,0.0000
1786096247.419247,0.1185,0.0,0.0,0.0000,0.0000,0.0264,-0.1435,0.1149,326.8750,enc,0.0000
1786096247.548738,0.1295,0.0,0.0,0.0000,0.0000,0.0264,-0.1435,0.1149,327.0000,enc,0.0000
1786096247.609188,0.0605,0.0,0.0,0.0000,0.0000,0.0264,-0.1435,0.1149,327.0000,enc,0.0000
1786096247.798760,0.1896,0.0,0.0,0.0000,0.0000,0.0264,-0.1435,0.1149,326.9375,enc,0.0000
1786096247.812107,0.0133,0.0,0.0,0.0000,0.0000,0.0264,-0.1435,0.1149,326.9375,enc,0.0000
1786096248.050949,0.2388,0.0,0.0,0.0000,0.0000,0.0264,-0.1435,0.1149,326.9375,enc,0.0000
1786096248.051061,0.0001,0.0,0.0,0.0000,0.0000,0.0264,-0.1435,0.1149,326.9375,enc,0.0000
1786096248.124664,0.0736,0.0,0.0,0.0000,0.0000,0.0264,-0.1435,0.1149,326.9375,enc,0.0000
1786096248.311042,0.1864,0.0,0.0,0.0000,0.0000,0.0264,-0.1435,0.1149,326.9375,enc,0.0000
1786096248.334040,0.0230,0.0,0.0,0.0000,0.0000,0.0264,-0.1435,0.1149,326.9375,enc,0.0000
1786096248.551135,0.2171,0.0,0.0,0.0000,0.0000,0.0264,-0.1435,0.1149,326.9375,enc,0.0000
1786096248.551308,0.0002,0.0,0.0,0.0000,0.0000,0.0264,-0.1435,0.1149,326.9375,enc,0.0000
1786096248.645563,0.0943,0.0,0.0,0.0000,0.0000,0.0264,-0.1435,0.1149,326.9375,enc,0.0000
1786096248.802418,0.1569,0.0,0.0,0.0000,0.0000,0.0264,-0.1435,0.1149,326.9375,enc,0.0000
1786096248.850985,0.0486,0.0,0.0,0.0000,0.0000,0.0264,-0.1435,0.1149,326.9375,enc,0.0000
1786096249.053129,0.2021,0.0,0.0,0.0000,0.0000,0.0264,-0.1435,0.1149,326.9375,enc,0.0000
1786096249.056721,0.0036,0.0,0.0,0.0000,0.0000,0.0264,-0.1435,0.1149,326.9375,enc,0.0000
1786096249.304936,0.2482,0.0,0.0,0.0000,0.0000,0.0264,-0.1435,0.1149,326.9375,enc,0.0000
1786096249.307678,0.0027,0.0,0.0,0.0000,0.0000,0.0264,-0.1435,0.1149,326.9375,enc,0.0000
1786096249.372496,0.0648,0.0,0.0,0.0000,0.0000,0.0264,-0.1435,0.1149,326.9375,enc,0.0000
1786096249.562555,0.1901,0.0,0.0,0.0000,0.0000,0.0264,-0.1435,0.1149,326.9375,enc,0.0000
1786096249.574652,0.0121,0.0,0.0,0.0000,0.0000,0.0264,-0.1435,0.1149,326.9375,enc,0.0000
1786096249.816082,0.2414,0.0,0.0,0.0000,0.0000,0.0264,-0.1435,0.1149,326.9375,enc,0.0000
1786096249.817580,0.0015,0.0,0.0,0.0000,0.0000,0.0264,-0.1435,0.1149,326.9375,enc,0.0000
1786096249.892757,0.0752,0.0,0.0,0.0000,0.0000,0.0264,-0.1435,0.1149,326.9375,enc,0.0000
1786096250.071599,0.1788,0.0,0.0,0.0000,0.0000,0.0264,-0.1435,0.1149,326.9375,enc,0.0000
1786096250.531934,0.4603,0.0,0.0,0.0000,0.0000,0.0264,-0.1435,0.1149,326.9375,enc,0.0000
1786096250.532002,0.0001,0.0,0.0,0.0000,0.0000,0.0264,-0.1435,0.1149,326.9375,enc,0.0000
1786096250.532016,0.0000,0.0,0.0,0.0000,0.0000,0.0264,-0.1435,0.1149,326.9375,enc,0.0000
1786096250.543491,0.0115,0.0,0.0,0.0000,0.0000,0.0264,-0.1435,0.1149,326.9375,enc,0.0000
1786096250.572398,0.0289,0.0,0.0,0.0000,0.0000,0.0264,-0.1435,0.1149,326.9375,enc,0.0000
1786096250.610599,0.0382,0.0,0.0,0.0000,0.0000,0.0264,-0.1435,0.1149,326.9375,enc,0.0000
1786096250.717504,0.1069,0.0,0.0,0.0000,0.0000,0.0264,-0.1435,0.1149,326.9375,enc,0.0000
1786096250.819817,0.1023,0.0,0.0,0.0000,0.0000,0.0264,-0.1435,0.1149,326.9375,enc,0.0000
1786096250.920576,0.1008,0.0,0.0,0.0000,0.0000,0.0264,-0.1435,0.1149,326.9375,enc,0.0000
1786096251.030042,0.1095,0.0,0.0,0.0000,0.0000,0.0264,-0.1435,0.1149,326.9375,enc,0.0000
1786096251.127435,0.0974,0.0,0.0,0.0000,0.0000,0.0264,-0.1435,0.1149,326.9375,enc,0.0000
1786096251.239469,0.1120,0.0,0.0,0.0000,0.0000,0.0264,-0.1435,0.1149,326.9375,enc,0.0000
1786096251.339856,0.1004,0.0,0.0,0.0000,0.0000,0.0264,-0.1435,0.1149,326.9375,enc,0.0000
1786096251.442801,0.1029,0.0,0.0,0.0000,0.0000,0.0264,-0.1435,0.1149,326.9375,enc,0.0000
1786096251.542693,0.0999,0.0,0.0,0.0000,0.0000,0.0264,-0.1435,0.1149,326.9375,enc,0.0000
1786096251.651306,0.1086,0.0,0.0,0.0000,0.0000,0.0264,-0.1435,0.1149,326.9375,enc,0.0000
1786096251.752844,0.1015,0.0,0.0,0.0000,0.0000,0.0264,-0.1435,0.1149,326.9375,enc,0.0000
1786096251.856187,0.1033,0.0,0.0,0.0000,0.0000,0.0264,-0.1435,0.1149,326.9375,enc,0.0000
1786096251.958875,0.1027,0.0,0.0,0.0000,0.0000,0.0264,-0.1435,0.1149,326.9375,enc,0.0000
1786096252.068970,0.1101,0.0,0.0,0.0000,0.0000,0.0264,-0.1435,0.1149,326.9375,enc,0.0000
1786096252.175807,0.1068,0.0,0.0,0.0000,0.0000,0.0264,-0.1435,0.1149,326.9375,enc,0.0000
1786096252.267268,0.0915,0.0,0.0,0.0000,0.0000,0.0264,-0.1435,0.1149,326.9375,enc,0.0000
1786096252.377022,0.1098,0.0,0.0,0.0000,0.0000,0.0264,-0.1435,0.1149,326.9375,enc,0.0000
1786096252.477172,0.1002,0.0,0.0,0.0000,0.0000,0.0264,-0.1435,0.1149,326.9375,enc,0.0000
1786096252.578945,0.1018,0.0,0.0,0.0000,0.0000,0.0264,-0.1435,0.1149,326.9375,enc,0.0000
1786096252.693790,0.1148,0.0,0.0,0.0000,0.0000,0.0264,-0.1435,0.1149,326.9375,enc,0.0000
1786096252.786644,0.0929,0.0,0.0,0.0000,0.0000,0.0264,-0.1435,0.1149,326.9375,enc,0.0000
1786096252.891472,0.1048,0.0,0.0,0.0000,0.0000,0.0264,-0.1435,0.1149,326.9375,enc,0.0000
1786096252.994986,0.1035,0.0,0.0,0.0000,0.0000,0.0264,-0.1435,0.1149,326.9375,enc,0.0000
1786096253.098432,0.1034,0.0,0.0,0.0000,0.0000,0.0264,-0.1435,0.1149,326.9375,enc,0.0000
1786096253.204711,0.1063,0.0,0.0,0.0000,0.0000,0.0264,-0.1435,0.1149,326.9375,enc,0.0000
1786096253.328875,0.1242,0.0,0.0,0.0000,0.0000,0.0264,-0.1435,0.1149,326.9375,enc,0.0000
1786096253.412941,0.0841,0.0,0.0,0.0000,0.0000,0.0264,-0.1435,0.1149,326.9375,enc,0.0000
1786096253.516470,0.1035,0.0,0.0,0.0000,0.0000,0.0264,-0.1435,0.1149,326.9375,enc,0.0000
1786096253.625021,0.1086,0.0,0.0,0.0000,0.0000,0.0264,-0.1435,0.1149,326.9375,enc,0.0000
1786096253.730545,0.1055,0.0,0.0,0.0000,0.0000,0.0264,-0.1435,0.1149,326.9375,enc,0.0000
1786096253.865659,0.1351,0.0,0.0,0.0000,0.0000,0.0264,-0.1435,0.1149,326.9375,enc,0.0000
1786096253.931525,0.0659,0.0,0.0,0.0000,0.0000,0.0264,-0.1435,0.1149,326.9375,enc,0.0000
1786096254.053976,0.1225,0.0,0.0,0.0000,0.0000,0.0264,-0.1435,0.1149,326.9375,enc,0.0000
1786096254.171001,0.1170,0.0,0.0,0.0000,0.0000,0.0264,-0.1435,0.1149,326.9375,enc,0.0000
1786096254.251037,0.0800,0.0,0.0,0.0000,0.0000,0.0264,-0.1435,0.1149,326.9375,enc,0.0000
1786096254.352111,0.1011,0.0,0.0,0.0000,0.0000,0.0264,-0.1435,0.1149,326.9375,enc,0.0000
1786096254.455717,0.1036,0.0,0.0,0.0000,0.0000,0.0264,-0.1435,0.1149,326.9375,enc,0.0000
1786096254.558702,0.1030,0.0,0.0,0.0000,0.0000,0.0264,-0.1435,0.1149,326.9375,enc,0.0000
1786096254.675297,0.1166,0.0,0.0,0.0000,0.0000,0.0264,-0.1435,0.1149,326.9375,enc,0.0000
1786096254.778669,0.1034,0.0,0.0,0.0000,0.0000,0.0264,-0.1435,0.1149,326.9375,enc,0.0000
1786096254.900957,0.1223,0.0,0.0,0.0000,0.0000,0.0264,-0.1435,0.1149,326.9375,enc,0.0000
1786096254.972221,0.0713,0.0,0.0,0.0000,0.0000,0.0264,-0.1435,0.1149,326.9375,enc,0.0000
1786096255.093971,0.1217,0.0,0.0,0.0000,0.0000,0.0264,-0.1435,0.1149,326.9375,enc,0.0000
1786096255.240744,0.1468,0.0,0.0,0.0000,0.0000,0.0264,-0.1435,0.1149,326.9375,enc,0.0000
1786096255.307605,0.0669,0.0,0.0,0.0000,0.0000,0.0264,-0.1435,0.1149,326.9375,enc,0.0000
1786096255.390242,0.0826,0.0,0.0,0.0000,0.0000,0.0264,-0.1435,0.1149,326.9375,enc,0.0000
1786096255.494081,0.1038,0.0,0.0,0.0000,0.0000,0.0264,-0.1435,0.1149,326.9375,enc,0.0000
1786096255.605495,0.1114,0.0,0.0,0.0000,0.0000,0.0264,-0.1435,0.1149,326.9375,enc,0.0000
1786096255.699720,0.0942,0.0,0.0,0.0000,0.0000,0.0264,-0.1435,0.1149,326.9375,enc,0.0000
1786096255.809958,0.1102,0.0,0.0,0.0000,0.0000,0.0264,-0.1435,0.1149,326.9375,enc,0.0000
1786096255.907090,0.0971,0.0,0.0,0.0000,0.0000,0.0264,-0.1435,0.1149,326.9375,enc,0.0000
1786096256.011132,0.1040,0.0,0.0,0.0000,0.0000,0.0264,-0.1435,0.1149,326.9375,enc,0.0000
1786096256.111243,0.1001,0.0,0.0,0.0000,0.0000,0.0264,-0.1435,0.1149,326.9375,enc,0.0000
1786096256.236686,0.1254,0.0,0.0,0.0000,0.0000,0.0264,-0.1435,0.1149,326.9375,enc,0.0000
1786096256.322753,0.0861,0.0,0.0,0.0000,0.0000,0.0264,-0.1435,0.1149,326.9375,enc,0.0000
1786096256.430035,0.1073,0.0,0.0,0.0000,0.0000,0.0264,-0.1435,0.1149,326.9375,enc,0.0000
1786096256.527827,0.0978,0.0,0.0,0.0000,0.0000,0.0264,-0.1435,0.1149,326.9375,enc,0.0000
1786096256.640218,0.1124,0.0,0.0,0.0000,0.0000,0.0264,-0.1435,0.1149,326.9375,enc,0.0000
1786096256.736820,0.0966,0.0,0.0,0.0000,0.0000,0.0264,-0.1435,0.1149,326.9375,enc,0.0000
1786096256.839903,0.1031,0.0,0.0,0.0000,0.0000,0.0264,-0.1435,0.1149,326.9375,enc,0.0000
1786096256.943580,0.1037,0.0,0.0,0.0000,0.0000,0.0264,-0.1435,0.1149,326.9375,enc,0.0000
1786096257.067401,0.1238,0.0,0.0,0.0000,0.0000,0.0264,-0.1435,0.1149,326.9375,enc,0.0000
1786096257.150681,0.0833,0.0,0.0,0.0000,0.0000,0.0264,-0.1435,0.1149,326.9375,enc,0.0000
1786096257.258397,0.1077,0.0,0.0,0.0000,0.0000,0.0264,-0.1435,0.1149,326.9375,enc,0.0000
1786096257.358977,0.1006,0.0,0.0,0.0000,0.0000,0.0264,-0.1435,0.1149,326.9375,enc,0.0000
1786096257.462387,0.1034,0.0,0.0,0.0000,0.0000,0.0264,-0.1435,0.1149,326.9375,enc,0.0000
1786096257.572940,0.1106,0.0,0.0,0.0000,0.0000,0.0264,-0.1435,0.1149,326.9375,enc,0.0000
1786096257.673966,0.1010,0.0,0.0,0.0000,0.0000,0.0264,-0.1435,0.1149,326.9375,enc,0.0000
1786096257.776900,0.1029,0.0,0.0,0.0000,0.0000,0.0264,-0.1435,0.1149,326.9375,enc,0.0000
1786096257.877872,0.1010,0.0,0.0,0.0000,0.0000,0.0264,-0.1435,0.1149,326.9375,enc,0.0000
1786096257.978125,0.1003,0.0,0.0,0.0000,0.0000,0.0264,-0.1435,0.1149,326.9375,enc,0.0000
1786096258.084454,0.1063,0.0,0.0,0.0000,0.0000,0.0264,-0.1435,0.1149,326.9375,enc,0.0000
1786096258.187929,0.1035,0.0,0.0,0.0000,0.0000,0.0264,-0.1435,0.1149,326.9375,enc,0.0000
1786096258.291866,0.1039,0.0,0.0,0.0000,0.0000,0.0264,-0.1435,0.1149,326.9375,enc,0.0000
1786096258.400967,0.1091,0.0,0.0,0.0000,0.0000,0.0264,-0.1435,0.1149,326.9375,enc,0.0000
1786096258.497163,0.0962,0.0,0.0,0.0000,0.0000,0.0264,-0.1435,0.1149,326.9375,enc,0.0000
1786096258.612851,0.1157,0.0,0.0,0.0000,0.0000,0.0264,-0.1435,0.1149,326.9375,enc,0.0000
1786096258.712016,0.0992,0.0,0.0,0.0000,0.0000,0.0264,-0.1435,0.1149,326.9375,enc,0.0000
1786096258.812212,0.1002,0.0,0.0,0.0000,0.0000,0.0264,-0.1435,0.1149,326.9375,enc,0.0000
1786096258.915569,0.1034,0.0,0.0,0.0000,0.0000,0.0264,-0.1435,0.1149,326.9375,enc,0.0000
1786096259.018837,0.1033,0.0,0.0,0.0000,0.0000,0.0264,-0.1435,0.1149,326.9375,enc,0.0000
1786096259.123955,0.1051,0.0,0.0,0.0000,0.0000,0.0264,-0.1435,0.1149,326.9375,enc,0.0000
1786096259.225878,0.1019,0.0,0.0,0.0000,0.0000,0.0264,-0.1435,0.1149,326.9375,enc,0.0000
1786096259.338582,0.1127,0.0,0.0,0.0000,0.0000,0.0264,-0.1435,0.1149,326.9375,enc,0.0000
1786096259.432939,0.0944,0.0,0.0,0.0000,0.0000,0.0264,-0.1435,0.1149,326.9375,enc,0.0000
1786096259.539376,0.1064,0.0,0.0,0.0000,0.0000,0.0264,-0.1435,0.1149,326.9375,enc,0.0000
1786096259.649027,0.1097,0.0,0.0,0.0000,0.0000,0.0264,-0.1435,0.1149,326.9375,enc,0.0000
1786096259.747003,0.0980,0.0,0.0,0.0000,0.0000,0.0264,-0.1435,0.1149,326.9375,enc,0.0000
1786096259.847466,0.1005,0.0,0.0,0.0000,0.0000,0.0264,-0.1435,0.1149,326.9375,enc,0.0000
1786096259.951210,0.1037,0.0,0.0,0.0000,0.0000,0.0264,-0.1435,0.1149,326.9375,enc,0.0000
1786096260.060998,0.1098,0.0,0.0,0.0000,0.0000,0.0264,-0.1435,0.1149,326.9375,enc,0.0000
1786096260.264773,0.2038,0.0,0.0,0.0000,0.0000,0.0264,-0.1435,0.1149,326.9375,enc,0.0000
1786096260.264923,0.0001,0.0,0.0,0.0000,0.0000,0.0264,-0.1435,0.1149,326.9375,enc,0.0000
1786096260.519927,0.2550,0.0,0.0,0.0000,0.0000,0.0264,-0.1435,0.1149,326.9375,enc,0.0000
1786096260.524518,0.0046,0.0,0.0,0.0000,0.0000,0.0264,-0.1435,0.1149,326.9375,enc,0.0000
1786096260.575499,0.0510,0.0,0.0,0.0000,0.0000,0.0264,-0.1435,0.1149,326.9375,enc,0.0000
1786096260.762288,0.1868,0.0,0.0,0.0000,0.0000,0.0264,-0.1435,0.1149,326.9375,enc,0.0000
1786096260.778320,0.0160,0.0,0.0,0.0000,0.0000,0.0264,-0.1435,0.1149,326.9375,enc,0.0000
1786096261.017827,0.2395,0.0,0.0,0.0000,0.0000,0.0264,-0.1435,0.1149,326.9375,enc,0.0000
1786096261.025321,0.0075,0.0,0.0,0.0000,0.0000,0.0264,-0.1435,0.1149,326.9375,enc,0.0000
1786096261.092648,0.0673,0.0,0.0,0.0000,0.0000,0.0264,-0.1435,0.1149,326.9375,enc,0.0000
1786096261.262177,0.1695,0.0,0.0,0.0000,0.0000,0.0264,-0.1435,0.1149,326.9375,enc,0.0000
1786096261.297057,0.0349,0.0,0.0,0.0000,0.0000,0.0264,-0.1435,0.1149,326.9375,enc,0.0000
1786096261.528782,0.2317,0.0,0.0,0.0000,0.0000,0.0264,-0.1435,0.1149,326.9375,enc,0.0000
1786096261.547404,0.0186,0.0,0.0,0.0000,0.0000,0.0264,-0.1435,0.1149,326.9375,enc,0.0000
1786096261.607267,0.0599,0.0,0.0,0.0000,0.0000,0.0264,-0.1435,0.1149,326.9375,enc,0.0000
1786096261.770084,0.1628,0.0,0.0,0.0000,0.0000,0.0264,-0.1435,0.1149,326.9375,enc,0.0000
1786096261.819212,0.0491,0.0,0.0,0.0000,0.0000,0.0264,-0.1435,0.1149,326.9375,enc,0.0000
1786096262.020399,0.2012,0.0,0.0,0.0000,0.0000,0.0264,-0.1435,0.1149,326.9375,enc,0.0000
1786096262.031786,0.0114,0.0,0.0,0.0000,0.0000,0.0264,-0.1435,0.1149,326.9375,enc,0.0000
1786096262.277440,0.2457,0.0,0.0,0.0000,0.0000,0.0264,-0.1435,0.1149,326.9375,enc,0.0000
1786096262.305476,0.0280,0.0,0.0,0.0000,0.0000,0.0264,-0.1435,0.1149,326.9375,enc,0.0000
1786096262.337890,0.0324,0.0,0.0,0.0000,0.0000,0.0264,-0.1435,0.1149,326.9375,enc,0.0000
1786096262.528070,0.1902,0.0,0.0,0.0000,0.0000,0.0264,-0.1435,0.1149,326.9375,enc,0.0000
1786096262.549727,0.0217,0.0,0.0,0.0000,0.0000,0.0264,-0.1435,0.1149,326.9375,enc,0.0000
1786096262.771630,0.2219,0.0,0.0,0.0000,0.0000,0.0264,-0.1435,0.1149,326.9375,enc,0.0000
1786096262.771678,0.0000,0.0,0.0,0.0000,0.0000,0.0264,-0.1435,0.1149,326.9375,enc,0.0000
1786096262.859976,0.0883,0.0,0.0,0.0000,0.0000,0.0264,-0.1435,0.1149,326.9375,enc,0.0000
1786096263.023885,0.1639,0.0,0.0,0.0000,0.0000,0.0264,-0.1435,0.1149,326.9375,enc,0.0000
1786096263.065720,0.0418,0.0,0.0,0.0000,0.0000,0.0264,-0.1435,0.1149,326.9375,enc,0.0000
1786096263.289186,0.2235,0.0,0.0,0.0000,0.0000,0.0264,-0.1435,0.1149,326.9375,enc,0.0000
1786096263.289230,0.0000,0.0,0.0,0.0000,0.0000,0.0264,-0.1435,0.1149,326.9375,enc,0.0000
1786096263.528072,0.2388,0.0,0.0,0.0000,0.0000,0.0264,-0.1435,0.1149,326.9375,enc,0.0000
1786096263.530190,0.0021,0.0,0.0,0.0000,0.0000,0.0264,-0.1435,0.1149,326.9375,enc,0.0000
1786096263.591386,0.0612,0.0,0.0,0.0000,0.0000,0.0264,-0.1435,0.1149,326.9375,enc,0.0000
1786096263.781191,0.1898,0.0,0.0,0.0000,0.0000,0.0264,-0.1435,0.1149,326.9375,enc,0.0000
1786096263.787910,0.0067,0.0,0.0,0.0000,0.0000,0.0264,-0.1435,0.1149,326.9375,enc,0.0000
1786096264.043828,0.2559,0.0,0.0,0.0000,0.0000,0.0264,-0.1435,0.1149,326.9375,enc,0.0000
1786096264.046969,0.0031,0.0,0.0,0.0000,0.0000,0.0264,-0.1435,0.1149,326.9375,enc,0.0000
1786096264.100922,0.0540,0.0,0.0,0.0000,0.0000,0.0264,-0.1435,0.1149,326.9375,enc,0.0000
1786096264.284753,0.1838,0.0,0.0,0.0000,0.0000,0.0264,-0.1435,0.1149,326.9375,enc,0.0000
1786096264.310901,0.0261,0.0,0.0,0.0000,0.0000,0.0264,-0.1435,0.1149,326.9375,enc,0.0000
1786096264.536429,0.2255,0.0,0.0,0.0000,0.0000,0.0264,-0.1435,0.1149,326.9375,enc,0.0000
1786096264.538865,0.0024,0.0,0.0,0.0000,0.0000,0.0264,-0.1435,0.1149,326.9375,enc,0.0000
1786096264.619899,0.0810,0.0,0.0,0.0000,0.0000,0.0264,-0.1435,0.1149,326.9375,enc,0.0000
1786096264.825910,0.2060,0.0,0.0,0.0000,0.0000,0.0264,-0.1435,0.1149,326.9375,enc,0.0000
1786096264.838204,0.0123,0.0,0.0,0.0000,0.0000,0.0264,-0.1435,0.1149,326.9375,enc,0.0000
1786096265.053356,0.2152,0.0,0.0,0.0000,0.0000,0.0264,-0.1435,0.1149,326.9375,enc,0.0000
1786096265.053403,0.0000,0.0,0.0,0.0000,0.0000,0.0264,-0.1435,0.1149,326.9375,enc,0.0000
1786096265.151492,0.0981,0.0,0.0,0.0000,0.0000,0.0264,-0.1435,0.1149,326.9375,enc,0.0000
1786096265.241835,0.0903,0.0,0.0,0.0000,0.0000,0.0264,-0.1435,0.1149,326.9375,enc,0.0000
1786096265.344028,0.1022,0.0,0.0,0.0000,0.0000,0.0264,-0.1435,0.1149,326.9375,enc,0.0000
1786096265.452953,0.1089,0.0,0.0,0.0000,0.0000,0.0264,-0.1435,0.1149,326.9375,enc,0.0000
1786096265.554106,0.1012,0.0,0.0,0.0000,0.0000,0.0264,-0.1435,0.1149,326.9375,enc,0.0000
1786096265.657319,0.1032,0.0,0.0,0.0000,0.0000,0.0264,-0.1435,0.1149,326.9375,enc,0.0000
1786096265.775998,0.1187,0.0,0.0,0.0000,0.0000,0.0264,-0.1435,0.1149,326.9375,enc,0.0000
1786096265.867862,0.0919,0.0,0.0,0.0000,0.0000,0.0264,-0.1435,0.1149,326.9375,enc,0.0000
1786096265.968272,0.1004,0.0,0.0,0.0000,0.0000,0.0264,-0.1435,0.1149,326.9375,enc,0.0000
1786096266.074911,0.1066,0.0,0.0,0.0000,0.0000,0.0264,-0.1435,0.1149,326.9375,enc,0.0000
1786096266.176454,0.1015,0.0,0.0,0.0000,0.0000,0.0264,-0.1435,0.1149,326.9375,enc,0.0000
1786096266.277500,0.1010,0.0,0.0,0.0000,0.0000,0.0264,-0.1435,0.1149,326.9375,enc,0.0000
1786096266.390898,0.1134,0.0,0.0,0.0000,0.0000,0.0264,-0.1435,0.1149,326.9375,enc,0.0000
1786096266.487364,0.0965,0.0,0.0,0.0000,0.0000,0.0264,-0.1435,0.1149,326.9375,enc,0.0000
1786096266.592034,0.1047,0.0,0.0,0.0000,0.0000,0.0264,-0.1435,0.1149,326.9375,enc,0.0000
1786096266.692924,0.1009,0.0,0.0,0.0000,0.0000,0.0264,-0.1435,0.1149,326.9375,enc,0.0000
1786096266.805086,0.1122,0.0,0.0,0.0000,0.0000,0.0264,-0.1435,0.1149,326.9375,enc,0.0000
1786096266.899829,0.0947,0.0,0.0,0.0000,0.0000,0.0264,-0.1435,0.1149,326.9375,enc,0.0000
1786096267.006395,0.1066,0.0,0.0,0.0000,0.0000,0.0264,-0.1435,0.1149,326.9375,enc,0.0000
1786096267.113868,0.1075,0.0,0.0,0.0000,0.0000,0.0264,-0.1435,0.1149,326.9375,enc,0.0000
1786096267.214058,0.1002,0.0,0.0,0.0000,0.0000,0.0264,-0.1435,0.1149,326.9375,enc,0.0000
1786096267.313589,0.0995,0.0,0.0,0.0000,0.0000,0.0264,-0.1435,0.1149,326.9375,enc,0.0000
1786096267.420506,0.1069,0.0,0.0,0.0000,0.0000,0.0264,-0.1435,0.1149,326.9375,enc,0.0000
1786096267.536556,0.1161,0.0,0.0,0.0000,0.0000,0.0264,-0.1435,0.1149,326.9375,enc,0.0000
1786096267.629605,0.0930,0.0,0.0,0.0000,0.0000,0.0264,-0.1435,0.1149,326.9375,enc,0.0000
1786096267.733494,0.1039,0.0,0.0,0.0000,0.0000,0.0264,-0.1435,0.1149,326.9375,enc,0.0000
1786096267.852983,0.1195,0.0,0.0,0.0000,0.0000,0.0264,-0.1435,0.1149,326.9375,enc,0.0000
1786096267.939255,0.0863,0.0,0.0,0.0000,0.0000,0.0264,-0.1435,0.1149,326.9375,enc,0.0000
1786096268.040768,0.1015,0.0,0.0,0.0000,0.0000,0.0264,-0.1435,0.1149,326.9375,enc,0.0000
1786096268.142446,0.1017,0.0,0.0,0.0000,0.0000,0.0264,-0.1435,0.1149,326.9375,enc,0.0000
1786096268.245516,0.1031,0.0,0.0,0.0000,0.0000,0.0264,-0.1435,0.1149,326.9375,enc,0.0000
1786096268.355737,0.1102,0.0,0.0,0.0000,0.0000,0.0264,-0.1435,0.1149,326.9375,enc,0.0000
1786096268.467891,0.1122,0.0,0.0,0.0000,0.0000,0.0264,-0.1435,0.1149,326.9375,enc,0.0000
1786096268.566340,0.0984,0.0,0.0,0.0000,0.0000,0.0264,-0.1435,0.1149,326.9375,enc,0.0000
1786096268.668296,0.1020,0.0,0.0,0.0000,0.0000,0.0264,-0.1435,0.1149,326.9375,enc,0.0000
1786096268.775070,0.1068,0.0,0.0,0.0000,0.0000,0.0264,-0.1435,0.1149,326.9375,enc,0.0000
1786096268.888681,0.1136,0.0,0.0,0.0000,0.0000,0.0264,-0.1435,0.1149,326.9375,enc,0.0000
1786096268.978515,0.0898,0.0,0.0,0.0000,0.0000,0.0264,-0.1435,0.1149,326.9375,enc,0.0000
1786096269.084695,0.1062,0.0,0.0,0.0000,0.0000,0.0264,-0.1435,0.1149,326.9375,enc,0.0000
1786096269.188733,0.1040,0.0,0.0,0.0000,0.0000,0.0264,-0.1435,0.1149,326.9375,enc,0.0000
1786096269.294997,0.1063,0.0,0.0,0.0000,0.0000,0.0264,-0.1435,0.1149,326.9375,enc,0.0000
1786096269.395890,0.1009,0.0,0.0,0.0000,0.0000,0.0264,-0.1435,0.1149,326.9375,enc,0.0000
1786096269.510069,0.1142,0.0,0.0,0.0000,0.0000,0.0264,-0.1435,0.1149,326.9375,enc,0.0000
1786096269.602270,0.0922,0.0,0.0,0.0000,0.0000,0.0264,-0.1435,0.1149,326.9375,enc,0.0000
1786096269.726403,0.1241,0.0,0.0,0.0000,0.0000,0.0264,-0.1435,0.1149,326.9375,enc,0.0000
1786096269.821272,0.0949,0.0,0.0,0.0000,0.0000,0.0264,-0.1435,0.1149,326.9375,enc,0.0000
1786096269.940683,0.1194,0.0,0.0,0.0000,0.0000,0.0264,-0.1435,0.1149,326.9375,enc,0.0000
1786096270.019468,0.0788,0.0,0.0,0.0000,0.0000,0.0264,-0.1435,0.1149,326.9375,enc,0.0000
1786096270.125442,0.1060,0.0,0.0,0.0000,0.0000,0.0264,-0.1435,0.1149,326.9375,enc,0.0000
1786096270.239574,0.1141,0.0,0.0,0.0000,0.0000,0.0264,-0.1435,0.1149,326.9375,enc,0.0000
1786096270.343387,0.1038,0.0,0.0,0.0000,0.0000,0.0264,-0.1435,0.1149,326.9375,enc,0.0000
1786096270.457683,0.1143,0.0,0.0,0.0000,0.0000,0.0264,-0.1435,0.1149,326.9375,enc,0.0000
1786096270.660379,0.2027,0.0,0.0,0.0000,0.0000,0.0264,-0.1435,0.1149,326.9375,enc,0.0000
1786096270.660428,0.0000,0.0,0.0,0.0000,0.0000,0.0264,-0.1435,0.1149,326.9375,enc,0.0000
1786096270.742512,0.0821,0.0,0.0,0.0000,0.0000,0.0264,-0.1435,0.1149,326.9375,enc,0.0000
1786096270.845487,0.1030,0.0,0.0,0.0000,0.0000,0.0264,-0.1435,0.1149,326.9375,enc,0.0000
1786096270.956431,0.1109,0.0,0.0,0.0000,0.0000,0.0264,-0.1435,0.1149,326.9375,enc,0.0000
1786096271.061342,0.1049,0.0,0.0,0.0000,0.0000,0.0264,-0.1435,0.1149,326.9375,enc,0.0000
1786096271.262996,0.2017,0.0,0.0,0.0000,0.0000,0.0264,-0.1435,0.1149,326.9375,enc,0.0000
1786096271.263041,0.0000,0.0,0.0,0.0000,0.0000,0.0264,-0.1435,0.1149,326.9375,enc,0.0000
1786096271.365685,0.1026,0.0,0.0,0.0000,0.0000,0.0264,-0.1435,0.1149,326.9375,enc,0.0000
1786096271.470360,0.1047,0.0,0.0,0.0000,0.0000,0.0264,-0.1435,0.1149,326.9375,enc,0.0000
1786096271.572078,0.1017,0.0,0.0,0.0000,0.0000,0.0264,-0.1435,0.1149,326.9375,enc,0.0000
1786096271.675902,0.1038,0.0,0.0,0.0000,0.0000,0.0264,-0.1435,0.1149,326.9375,enc,0.0000
1786096271.781817,0.1059,0.0,0.0,0.0000,0.0000,0.0264,-0.1435,0.1149,326.9375,enc,0.0000
1786096271.900075,0.1183,0.0,0.0,0.0000,0.0000,0.0264,-0.1435,0.1149,326.9375,enc,0.0000
1786096271.988100,0.0880,0.0,0.0,0.0000,0.0000,0.0264,-0.1435,0.1149,326.9375,enc,0.0000
1786096272.090366,0.1023,0.0,0.0,0.0000,0.0000,0.0264,-0.1435,0.1149,326.9375,enc,0.0000
1786096272.199873,0.1095,0.0,0.0,0.0000,0.0000,0.0264,-0.1435,0.1149,326.9375,enc,0.0000
1786096272.295867,0.0960,0.0,0.0,0.0000,0.0000,0.0264,-0.1435,0.1149,326.9375,enc,0.0000
1786096272.402099,0.1062,0.0,0.0,0.0000,0.0000,0.0264,-0.1435,0.1149,326.9375,enc,0.0000
1786096272.515978,0.1139,0.0,0.0,0.0000,0.0000,0.0264,-0.1435,0.1149,326.9375,enc,0.0000
1786096272.610728,0.0947,0.0,0.0,0.0000,0.0000,0.0264,-0.1435,0.1149,326.9375,enc,0.0000
1786096272.712700,0.1020,0.0,0.0,0.0000,0.0000,0.0264,-0.1435,0.1149,326.9375,enc,0.0000
1786096272.833008,0.1203,0.0,0.0,0.0000,0.0000,0.0264,-0.1435,0.1149,326.9375,enc,0.0000
1786096272.921404,0.0884,0.0,0.0,0.0000,0.0000,0.0264,-0.1435,0.1149,326.9375,enc,0.0000
1786096273.029404,0.1080,0.0,0.0,0.0000,0.0000,0.0264,-0.1435,0.1149,326.9375,enc,0.0000
1786096273.131450,0.1020,0.0,0.0,0.0000,0.0000,0.0264,-0.1435,0.1149,326.9375,enc,0.0000
1786096273.231884,0.1004,0.0,0.0,0.0000,0.0000,0.0264,-0.1435,0.1149,326.9375,enc,0.0000
1786096273.338673,0.1068,0.0,0.0,0.0000,0.0000,0.0264,-0.1435,0.1149,326.9375,enc,0.0000
1786096273.441523,0.1028,0.0,0.0,0.0000,0.0000,0.0264,-0.1435,0.1149,326.9375,enc,0.0000
1786096273.545000,0.1035,0.0,0.0,0.0000,0.0000,0.0264,-0.1435,0.1149,326.9375,enc,0.0000
1786096273.648810,0.1038,0.0,0.0,0.0000,0.0000,0.0264,-0.1435,0.1149,326.9375,enc,0.0000
1786096273.752336,0.1035,0.0,0.0,0.0000,0.0000,0.0264,-0.1435,0.1149,326.9375,enc,0.0000
1786096273.867023,0.1147,0.0,0.0,0.0000,0.0000,0.0264,-0.1435,0.1149,326.9375,enc,0.0000
1786096273.958983,0.0920,0.0,0.0,0.0000,0.0000,0.0264,-0.1435,0.1149,326.9375,enc,0.0000
1786096274.064991,0.1060,0.0,0.0,0.0000,0.0000,0.0264,-0.1435,0.1149,326.9375,enc,0.0000
1786096274.163941,0.0989,0.0,0.0,0.0000,0.0000,0.0264,-0.1435,0.1149,326.9375,enc,0.0000
1786096274.380331,0.2164,0.0,0.0,0.0000,0.0000,0.0264,-0.1435,0.1149,326.9375,enc,0.0000
1786096274.381216,0.0009,0.0,0.0,0.0000,0.0000,0.0264,-0.1435,0.1149,326.9375,enc,0.0000
1786096274.486042,0.1048,0.0,0.0,0.0000,0.0000,0.0264,-0.1435,0.1149,326.9375,enc,0.0000
1786096274.587470,0.1014,0.06651924550533295,0.0930500403046608,0.0005,0.0005,0.0265,-0.1435,0.1150,326.9375,enc,0.0001
1786096274.684526,0.0971,2.166531801223755,2.0087578296661377,0.0122,-0.0027,0.0277,-0.1434,0.1149,326.9375,imu,-0.0006
1786096274.791663,0.1071,9.11681079864502,8.746869087219238,0.0524,-0.0063,0.0332,-0.1428,0.1138,327.0000,imu,-0.0002
1786096274.901942,0.1103,17.257030487060547,17.071887969970703,0.1007,-0.0031,0.0443,-0.1415,0.1138,327.0000,imu,0.0007
1786096275.001905,0.1000,23.16303062438965,22.406925201416016,0.1336,-0.0129,0.0576,-0.1403,0.1149,326.9375,imu,-0.0038
1786096275.105821,0.1039,24.595544815063477,25.737939834594727,0.1476,0.0194,0.0728,-0.1383,0.1160,326.8750,imu,0.0029
1786096275.267463,0.1616,28.191394805908203,28.585826873779297,0.1665,0.0067,0.0995,-0.1352,0.1160,326.8750,imu,-0.0001
1786096275.312923,0.0455,28.321077346801758,28.7191104888916,0.1673,0.0068,0.1071,-0.1342,0.1182,326.7500,imu,0.0007
1786096275.520198,0.2073,26.708871841430664,25.80382537841797,0.1540,-0.0154,0.1386,-0.1296,0.1182,326.7500,imu,0.0041
1786096275.520253,0.0001,25.9494686126709,27.006458282470703,0.1553,0.0180,0.1387,-0.1296,0.1160,326.8750,imu,-0.0034
1786096275.620798,0.1005,26.6934871673584,26.640703201293945,0.1564,-0.0009,0.1543,-0.1277,0.1215,326.5625,imu,0.0004
1786096275.774783,0.1540,26.56217384338379,26.535566329956055,0.1557,-0.0005,0.1781,-0.1248,0.1193,326.6875,imu,0.0003
1786096275.827262,0.0525,23.990427017211914,23.91136360168457,0.1405,-0.0013,0.1854,-0.1239,0.1171,326.8125,imu,0.0001
1786096276.021572,0.1943,26.450550079345703,26.450550079345703,0.1551,0.0000,0.2152,-0.1195,0.1444,325.2500,imu,0.0002
1786096276.031854,0.0103,26.640033721923828,26.640033721923828,0.1562,0.0000,0.2168,-0.1193,0.1836,323.0000,imu,-0.0004
1786096276.274937,0.2431,26.269472122192383,24.346059799194336,0.1484,-0.0327,0.2520,-0.1114,0.2229,320.7500,imu,-0.0005
1786096276.296771,0.0218,24.178319931030273,26.275495529174805,0.1479,0.0356,0.2551,-0.1107,0.2218,320.8125,imu,0.0000
1786096276.358863,0.0621,26.672508239746094,26.61951446533203,0.1563,-0.0009,0.2646,-0.1084,0.2382,319.8750,imu,-0.0002
1786096276.530955,0.1721,26.524770736694336,26.498422622680664,0.1555,-0.0004,0.2905,-0.1020,0.2436,319.5625,imu,-0.0001
1786096276.551203,0.0202,24.412879943847656,24.359670639038086,0.1430,-0.0009,0.2933,-0.1013,0.2414,319.6875,imu,0.0000
1786096276.789067,0.2379,26.6007022857666,26.6007022857666,0.1560,0.0000,0.3288,-0.0904,0.2971,316.5000,imu,-0.0002
1786096276.800475,0.0114,26.711544036865234,26.738134384155273,0.1567,0.0005,0.3305,-0.0899,0.3211,315.1250,imu,0.0005
1786096276.864801,0.0643,25.116453170776367,24.140851974487305,0.1444,-0.0166,0.3391,-0.0863,0.3658,312.5625,imu,0.0038
1786096277.026021,0.1612,25.617624282836914,26.65545654296875,0.1533,0.0176,0.3619,-0.0768,0.4171,309.6250,imu,-0.0033
1786096277.072628,0.0466,26.58096694946289,26.58096694946289,0.1559,0.0000,0.3684,-0.0735,0.4651,306.8750,imu,0.0006
1786096277.274943,0.2023,26.61893081665039,26.592491149902344,0.1560,-0.0004,0.3967,-0.0594,0.4640,306.9375,imu,-0.0003
1786096277.278625,0.0037,24.349830627441406,24.296619415283203,0.1426,-0.0009,0.3971,-0.0592,0.4672,306.7500,imu,0.0002
1786096277.524196,0.2456,26.48101234436035,26.454675674438477,0.1552,-0.0004,0.4311,-0.0419,0.4672,306.7500,imu,0.0005
1786096277.524661,0.0005,26.57515525817871,26.601612091064453,0.1559,0.0004,0.4312,-0.0419,0.4662,306.8125,imu,-0.0003
1786096277.588625,0.0640,24.338294982910156,24.28510856628418,0.1426,-0.0009,0.4393,-0.0378,0.4705,306.5625,imu,-0.0004
1786096277.772891,0.1843,26.35332679748535,26.379499435424805,0.1546,0.0004,0.4648,-0.0250,0.4672,306.7500,imu,-0.0001
1786096277.795507,0.0226,26.722126007080078,26.801916122436523,0.1569,0.0014,0.4679,-0.0234,0.4672,306.7500,imu,-0.0003
1786096278.024976,0.2295,26.333768844604492,25.376121520996094,0.1516,-0.0163,0.4992,-0.0082,0.4705,306.5625,imu,-0.0028
1786096278.025238,0.0003,21.66431999206543,22.55973243713379,0.1297,0.0152,0.4993,-0.0082,0.4672,306.7500,imu,0.0032
1786096278.109690,0.0845,16.561540603637695,16.640779495239258,0.0974,0.0013,0.5066,-0.0044,0.4716,306.5000,imu,-0.0001
1786096278.273176,0.1635,6.811369895935059,6.784775257110596,0.0399,-0.0005,0.5124,-0.0015,0.4683,306.6875,imu,-0.0003
1786096278.315362,0.0422,0.8427329659461975,0.6840738654136658,0.0045,-0.0027,0.5126,-0.0014,0.4683,306.6875,imu,0.0004
1786096278.527318,0.2120,-0.0026892484165728092,-0.029197555035352707,-0.0001,-0.0005,0.5126,-0.0014,0.4682,306.6875,enc,0.0001
1786096278.536958,0.0096,0.0,0.0,0.0000,0.0000,0.5126,-0.0014,0.4682,300.5000,enc,0.0000
1786096278.772229,0.2353,-0.255484938621521,-0.28175684809684753,-0.0016,-0.0004,0.5123,-0.0017,0.4681,295.5000,enc,-0.0003
1786096278.775918,0.0037,-2.944026470184326,-2.97060489654541,-0.0173,-0.0005,0.5122,-0.0017,0.5381,291.5000,imu,-0.0010
1786096278.835489,0.0596,-7.923763275146484,-7.897405624389648,-0.0464,0.0004,0.5099,-0.0033,0.5959,288.1875,imu,-0.0005
1786096279.037489,0.2020,-11.52293872833252,-11.417573928833008,-0.0673,0.0018,0.4990,-0.0114,0.6406,285.6250,imu,0.0002
1786096279.047521,0.0100,-13.25625228881836,-12.304780960083008,-0.0749,0.0162,0.4984,-0.0118,0.6700,283.9375,imu,-0.0006
1786096279.275918,0.2284,-12.953842163085938,-14.124628067016602,-0.0794,-0.0199,0.4846,-0.0235,0.6930,282.6250,imu,-0.0006
1786096279.276936,0.0010,-13.968195915222168,-14.020718574523926,-0.0821,-0.0009,0.4845,-0.0236,0.7028,282.0625,imu,0.0002
1786096279.355963,0.0790,-13.70557975769043,-13.70557975769043,-0.0804,0.0000,0.4797,-0.0277,0.7082,281.7500,imu,0.0000
1786096279.528432,0.1725,-12.112699508666992,-12.165396690368652,-0.0712,-0.0009,0.4705,-0.0358,0.7126,281.5000,imu,-0.0007
1786096279.564414,0.0360,-13.384560585021973,-13.437273979187012,-0.0786,-0.0009,0.4683,-0.0377,0.7137,281.4375,imu,0.0000
1786096279.782698,0.2183,-13.194365501403809,-13.220983505249023,-0.0775,-0.0005,0.4555,-0.0487,0.7148,281.3750,imu,0.0005
1786096279.782768,0.0001,-12.745309829711914,-12.186572074890137,-0.0731,0.0095,0.4555,-0.0487,0.7093,281.6875,imu,-0.0022
1786096279.869864,0.0871,-12.944559097290039,-13.423401832580566,-0.0773,-0.0081,0.4503,-0.0530,0.7093,281.6875,imu,0.0017
1786096280.039219,0.1694,-13.325318336486816,-13.325318336486816,-0.0781,0.0000,0.4400,-0.0613,0.6940,282.5625,imu,0.0009
1786096280.074473,0.0353,-12.639265060424805,-12.110344886779785,-0.0726,0.0090,0.4381,-0.0630,0.6842,283.1250,imu,-0.0022
1786096280.181431,0.1070,-12.808572769165039,-13.473898887634277,-0.0771,-0.0113,0.4315,-0.0680,0.6711,283.8750,imu,0.0012
1786096280.282941,0.1015,-13.228506088256836,-13.175867080688477,-0.0774,0.0009,0.4253,-0.0727,0.6602,284.5000,imu,0.0009
1786096280.391424,0.1085,-13.270296096801758,-13.190881729125977,-0.0776,0.0013,0.4186,-0.0779,0.6439,285.4375,imu,-0.0008
1786096280.498861,0.1074,-12.022192001342773,-11.969979286193848,-0.0703,0.0009,0.4125,-0.0824,0.6308,286.1875,imu,-0.0006
1786096280.599008,0.1001,-13.30683708190918,-13.227011680603027,-0.0778,0.0014,0.4061,-0.0868,0.6144,287.1250,imu,0.0010
1786096280.704994,0.1060,-13.157316207885742,-13.157316207885742,-0.0772,0.0000,0.3994,-0.0914,0.6002,287.9375,imu,0.0000
1786096280.808203,0.1032,-13.343138694763184,-13.39581298828125,-0.0784,-0.0009,0.3926,-0.0959,0.5817,289.0000,imu,-0.0004
1786096280.909253,0.1010,-12.110747337341309,-12.137306213378906,-0.0711,-0.0005,0.3865,-0.0997,0.5686,289.7500,imu,0.0010
1786096281.013185,0.1039,-13.283143997192383,-13.177891731262207,-0.0776,0.0018,0.3797,-0.1039,0.5533,290.6250,imu,-0.0004
1786096281.115928,0.1027,-13.199722290039062,-13.173651695251465,-0.0773,0.0004,0.3729,-0.1080,0.5337,291.7500,imu,-0.0006
1786096281.221647,0.1057,-13.248677253723145,-13.275148391723633,-0.0778,-0.0004,0.3657,-0.1120,0.5173,292.6875,imu,0.0008
1786096281.322613,0.1010,-12.003103256225586,-12.003103256225586,-0.0704,0.0000,0.3594,-0.1154,0.4988,293.7500,imu,0.0000
1786096281.426583,0.1040,-13.419567108154297,-13.47266960144043,-0.0789,-0.0009,0.3522,-0.1193,0.4824,294.6875,imu,-0.0004
1786096281.533933,0.1074,-13.392409324645996,-13.49886417388916,-0.0788,-0.0018,0.3446,-0.1230,0.4682,295.5000,imu,0.0006
1786096281.636538,0.1026,-12.03526496887207,-12.061868667602539,-0.0707,-0.0005,0.3381,-0.1262,0.4497,296.5625,imu,-0.0001
1786096281.744245,0.1077,-13.329177856445312,-13.355618476867676,-0.0782,-0.0004,0.3305,-0.1298,0.4344,297.4375,imu,-0.0005
1786096281.855992,0.1117,-13.452710151672363,-13.532544136047363,-0.0791,-0.0014,0.3224,-0.1334,0.4213,298.1875,imu,0.0001
1786096281.946648,0.0907,-13.136870384216309,-12.05673599243164,-0.0739,0.0184,0.3162,-0.1359,0.4072,299.0000,imu,0.0010
1786096282.052015,0.1054,-12.21603775024414,-13.141785621643066,-0.0744,-0.0157,0.3090,-0.1389,0.3908,299.9375,imu,-0.0001
1786096282.152656,0.1006,-13.456342697143555,-13.562796592712402,-0.0792,-0.0018,0.3016,-0.1419,0.3777,300.6875,imu,0.0000
1786096282.257463,0.1048,-13.104119300842285,-12.99903392791748,-0.0765,0.0018,0.2940,-0.1447,0.3635,301.5000,imu,0.0007
1786096282.360105,0.1026,-12.096503257751465,-11.990555763244629,-0.0706,0.0018,0.2872,-0.1472,0.3515,302.1875,imu,-0.0004
1786096282.461960,0.1019,-13.388555526733398,-13.441661834716797,-0.0787,-0.0009,0.2797,-0.1499,0.3341,303.1875,imu,-0.0007
1786096282.572967,0.1110,-13.168230056762695,-13.220586776733398,-0.0774,-0.0009,0.2715,-0.1525,0.3210,303.9375,imu,0.0009
1786096282.690939,0.1180,-13.286402702331543,-13.206892013549805,-0.0777,0.0014,0.2628,-0.1553,0.3101,304.5625,imu,-0.0001
1786096282.777265,0.0863,-12.141077995300293,-12.24750804901123,-0.0715,-0.0018,0.2569,-0.1572,0.2970,305.3125,imu,-0.0006
1786096282.895856,0.1186,-13.269110679626465,-13.29549503326416,-0.0779,-0.0004,0.2480,-0.1596,0.2806,306.2500,imu,0.0007
1786096282.980869,0.0850,-13.348165512084961,-13.268476486206055,-0.0780,0.0014,0.2416,-0.1614,0.2752,306.5625,imu,0.0001
1786096283.092775,0.1119,-12.034964561462402,-12.034964561462402,-0.0706,0.0000,0.2340,-0.1635,0.2577,307.5625,imu,-0.0007
1786096283.193033,0.1003,-13.382612228393555,-13.382612228393555,-0.0785,0.0000,0.2264,-0.1654,0.2479,308.1250,imu,0.0004
1786096283.292722,0.0997,-13.3175630569458,-13.29094409942627,-0.0780,0.0005,0.2188,-0.1672,0.2348,308.8750,imu,0.0003
1786096283.404933,0.1122,-13.339112281799316,-13.233416557312012,-0.0779,0.0018,0.2103,-0.1693,0.2239,309.5000,imu,-0.0009
1786096283.509841,0.1049,-12.73475170135498,-12.785506248474121,-0.0748,-0.0009,0.2026,-0.1709,0.2163,309.9375,imu,0.0004
1786096283.615876,0.1060,-13.02198314666748,-12.073680877685547,-0.0736,0.0161,0.1950,-0.1724,0.2075,310.4375,imu,0.0007
1786096283.725947,0.1101,-12.129707336425781,-13.072513580322266,-0.0739,-0.0160,0.1870,-0.1742,0.2064,310.5000,imu,-0.0009
1786096283.816089,0.0901,-13.496538162231445,-13.469945907592773,-0.0791,0.0005,0.1800,-0.1756,0.1988,310.9375,imu,-0.0003
1786096283.932959,0.1169,-13.15733814239502,-13.183626174926758,-0.0772,-0.0004,0.1712,-0.1772,0.1835,311.8125,imu,0.0003
1786096284.024081,0.0911,-13.183409690856934,-12.107236862182617,-0.0742,0.0183,0.1645,-0.1785,0.1683,312.6875,imu,-0.0008
1786096284.127913,0.1038,-12.241700172424316,-13.303519248962402,-0.0749,-0.0180,0.1568,-0.1796,0.1563,313.3750,imu,0.0004
1786096284.244283,0.1164,-13.269734382629395,-13.269734382629395,-0.0778,0.0000,0.1478,-0.1808,0.1421,314.1875,imu,0.0009
1786096284.384111,0.1398,-13.209019660949707,-13.156457901000977,-0.0773,0.0009,0.1371,-0.1823,0.1301,314.8750,imu,-0.0004
1786096284.442022,0.0579,-13.220746994018555,-12.852476119995117,-0.0765,0.0063,0.1327,-0.1827,0.1104,316.0000,imu,0.0015
1786096284.547864,0.1058,-11.865474700927734,-12.464180946350098,-0.0713,-0.0102,0.1252,-0.1836,0.1028,316.4375,imu,-0.0012
1786096284.651621,0.1038,-13.394659996032715,-13.36807918548584,-0.0785,0.0005,0.1171,-0.1843,0.0908,317.1250,imu,-0.0003
1786096284.788375,0.1368,-13.242230415344238,-13.268436431884766,-0.0777,-0.0004,0.1065,-0.1852,0.0788,317.8125,imu,-0.0003
1786096284.858371,0.0700,-13.345199584960938,-13.318589210510254,-0.0782,0.0005,0.1011,-0.1855,0.0690,318.3750,imu,0.0008
1786096284.979719,0.1213,-12.061481475830078,-11.982475280761719,-0.0705,0.0013,0.0925,-0.1859,0.0537,319.2500,imu,0.0003
1786096285.093097,0.1134,-13.237007141113281,-13.289637565612793,-0.0778,-0.0009,0.0837,-0.1864,0.0450,319.7500,imu,-0.0006
1786096285.197825,0.1047,-13.293132781982422,-13.293132781982422,-0.0780,0.0000,0.0755,-0.1866,0.0363,320.2500,imu,0.0006
1786096285.277822,0.0800,-13.076642036437988,-12.972028732299805,-0.0764,0.0018,0.0694,-0.1868,0.0243,320.9375,imu,0.0004
1786096285.388156,0.1103,-12.136881828308105,-11.794325828552246,-0.0702,0.0058,0.0617,-0.1870,0.0057,322.0000,imu,-0.0021
1786096285.500070,0.1119,-6.984359264373779,-7.568023681640625,-0.0427,-0.0099,0.0569,-0.1869,-0.0063,322.6875,imu,0.0011
1786096285.591028,0.0910,-1.7574564218521118,-1.8104219436645508,-0.0105,-0.0009,0.0560,-0.1868,-0.0074,322.7500,imu,0.0006
1786096285.692852,0.1018,0.09821730107069016,0.12468993663787842,0.0007,0.0004,0.0560,-0.1868,-0.0073,322.9375,enc,-0.0001
1786096285.794654,0.1018,0.0,0.0,0.0000,0.0000,0.0560,-0.1868,-0.0073,323.5625,enc,0.0000
1786096285.898814,0.1042,0.0,0.0,0.0000,0.0000,0.0560,-0.1868,-0.0073,323.9375,enc,0.0000
1786096286.002599,0.1038,0.0,0.0,0.0000,0.0000,0.0560,-0.1868,-0.0073,324.3125,enc,0.0000
1786096286.102654,0.1001,0.0,0.0,0.0000,0.0000,0.0560,-0.1868,-0.0073,324.3750,enc,0.0000
1786096286.219368,0.1167,0.0,0.0,0.0000,0.0000,0.0560,-0.1868,-0.0073,324.6875,enc,0.0000
1786096286.316838,0.0975,0.0,0.0,0.0000,0.0000,0.0560,-0.1868,-0.0073,324.8750,enc,0.0000
1786096286.420580,0.1037,0.0,0.0,0.0000,0.0000,0.0560,-0.1868,-0.0073,325.1250,enc,0.0000
1786096286.528902,0.1083,0.0,0.0,0.0000,0.0000,0.0560,-0.1868,-0.0073,325.1875,enc,0.0000
1786096286.626996,0.0981,0.0,0.0,0.0000,0.0000,0.0560,-0.1868,-0.0073,325.4375,enc,0.0000
1786096286.742045,0.1150,0.0,0.0,0.0000,0.0000,0.0560,-0.1868,-0.0073,325.6250,enc,0.0000
1786096286.828558,0.0865,0.0,0.0,0.0000,0.0000,0.0560,-0.1868,-0.0073,325.6875,enc,0.0000
1786096286.937040,0.1085,0.0,0.0,0.0000,0.0000,0.0560,-0.1868,-0.0073,325.7500,enc,0.0000
1786096287.035968,0.0989,0.0,0.0,0.0000,0.0000,0.0560,-0.1868,-0.0073,325.7500,enc,0.0000
1786096287.139853,0.1039,0.0,0.0,0.0000,0.0000,0.0560,-0.1868,-0.0073,325.7500,enc,0.0000
1786096287.254231,0.1144,0.0,0.0,0.0000,0.0000,0.0560,-0.1868,-0.0073,325.8125,enc,0.0000
1786096287.349679,0.0954,0.0,0.0,0.0000,0.0000,0.0560,-0.1868,-0.0073,325.8125,enc,0.0000
1786096287.454582,0.1049,0.0,0.0,0.0000,0.0000,0.0560,-0.1868,-0.0073,325.8125,enc,0.0000
1786096287.555586,0.1010,0.0,0.0,0.0000,0.0000,0.0560,-0.1868,-0.0073,325.8125,enc,0.0000
1786096287.660265,0.1047,0.0,0.0,0.0000,0.0000,0.0560,-0.1868,-0.0073,325.8125,enc,0.0000
1786096287.764657,0.1044,0.0,0.0,0.0000,0.0000,0.0560,-0.1868,-0.0073,325.8125,enc,0.0000
1786096287.872139,0.1075,0.0,0.0,0.0000,0.0000,0.0560,-0.1868,-0.0073,325.8125,enc,0.0000
1786096287.971450,0.0993,0.0,0.0,0.0000,0.0000,0.0560,-0.1868,-0.0073,325.8125,enc,0.0000
1786096288.075115,0.1037,0.0,0.0,0.0000,0.0000,0.0560,-0.1868,-0.0073,325.8125,enc,0.0000
1786096288.177497,0.1024,0.0,0.0,0.0000,0.0000,0.0560,-0.1868,-0.0073,325.8125,enc,0.0000
1786096288.289035,0.1115,0.0,0.0,0.0000,0.0000,0.0560,-0.1868,-0.0073,325.8125,enc,0.0000
1786096288.385835,0.0968,0.0,0.0,0.0000,0.0000,0.0560,-0.1868,-0.0073,325.8125,enc,0.0000
1786096288.489099,0.1033,0.0,0.0,0.0000,0.0000,0.0560,-0.1868,-0.0073,325.8125,enc,0.0000
1786096288.596154,0.1071,0.0,0.0,0.0000,0.0000,0.0560,-0.1868,-0.0073,325.8125,enc,0.0000
1786096288.696088,0.0999,0.0,0.0,0.0000,0.0000,0.0560,-0.1868,-0.0073,325.8125,enc,0.0000
1786096288.809712,0.1136,0.0,0.0,0.0000,0.0000,0.0560,-0.1868,-0.0073,325.8125,enc,0.0000
1786096288.905043,0.0953,0.0,0.0,0.0000,0.0000,0.0560,-0.1868,-0.0073,325.8125,enc,0.0000
1786096289.007352,0.1023,0.0,0.0,0.0000,0.0000,0.0560,-0.1868,-0.0073,325.8125,enc,0.0000
1786096289.107654,0.1003,0.0,0.0,0.0000,0.0000,0.0560,-0.1868,-0.0073,325.8125,enc,0.0000
1786096289.219037,0.1114,0.0,0.0,0.0000,0.0000,0.0560,-0.1868,-0.0073,325.8125,enc,0.0000
1786096289.318949,0.0999,0.0,0.0,0.0000,0.0000,0.0560,-0.1868,-0.0073,325.8125,enc,0.0000
1786096289.420027,0.1011,0.0,0.0,0.0000,0.0000,0.0560,-0.1868,-0.0073,325.8125,enc,0.0000
1786096289.527682,0.1077,0.0,0.0,0.0000,0.0000,0.0560,-0.1868,-0.0073,325.8125,enc,0.0000
1786096289.642219,0.1145,0.0,0.0,0.0000,0.0000,0.0560,-0.1868,-0.0073,325.8125,enc,0.0000
1786096289.739408,0.0972,0.0,0.0,0.0000,0.0000,0.0560,-0.1868,-0.0073,325.8125,enc,0.0000
1786096289.840978,0.1016,0.0,0.0,0.0000,0.0000,0.0560,-0.1868,-0.0073,325.8125,enc,0.0000
1786096289.943943,0.1030,0.0,0.0,0.0000,0.0000,0.0560,-0.1868,-0.0073,325.8125,enc,0.0000
1786096290.052307,0.1084,0.0,0.0,0.0000,0.0000,0.0560,-0.1868,-0.0073,325.8125,enc,0.0000
1786096290.265560,0.2133,0.0,0.0,0.0000,0.0000,0.0560,-0.1868,-0.0073,325.8125,enc,0.0000
1786096290.266957,0.0014,0.0,0.0,0.0000,0.0000,0.0560,-0.1868,-0.0073,325.8125,enc,0.0000
1786096290.370762,0.1038,0.0,0.0,0.0000,0.0000,0.0560,-0.1868,-0.0073,325.8125,enc,0.0000
1786096290.528434,0.1577,0.0,0.0,0.0000,0.0000,0.0560,-0.1868,-0.0073,325.8125,enc,0.0000
1786096290.579602,0.0512,0.0,0.0,0.0000,0.0000,0.0560,-0.1868,-0.0073,325.8125,enc,0.0000
1786096290.768776,0.1892,0.0,0.0,0.0000,0.0000,0.0560,-0.1868,-0.0073,325.8125,enc,0.0000
1786096290.773318,0.0045,0.0,0.0,0.0000,0.0000,0.0560,-0.1868,-0.0073,325.8125,enc,0.0000
1786096291.018881,0.2456,0.0,0.0,0.0000,0.0000,0.0560,-0.1868,-0.0073,325.8125,enc,0.0000
1786096291.019372,0.0005,0.0,0.0,0.0000,0.0000,0.0560,-0.1868,-0.0073,325.8125,enc,0.0000
1786096291.093774,0.0744,0.0,0.0,0.0000,0.0000,0.0560,-0.1868,-0.0073,325.8125,enc,0.0000
1786096291.280903,0.1871,0.0,0.0,0.0000,0.0000,0.0560,-0.1868,-0.0073,325.8125,enc,0.0000
1786096291.300911,0.0200,0.0,0.0,0.0000,0.0000,0.0560,-0.1868,-0.0073,325.8125,enc,0.0000
1786096291.546380,0.2455,0.0,0.0,0.0000,0.0000,0.0560,-0.1868,-0.0073,325.8125,enc,0.0000
1786096291.556158,0.0098,0.0,0.0,0.0000,0.0000,0.0560,-0.1868,-0.0073,325.8125,enc,0.0000
1786096291.604133,0.0480,0.0,0.0,0.0000,0.0000,0.0560,-0.1868,-0.0073,325.8125,enc,0.0000
1786096291.773332,0.1692,0.0,0.0,0.0000,0.0000,0.0560,-0.1868,-0.0073,325.8125,enc,0.0000
1786096291.812218,0.0389,0.0,0.0,0.0000,0.0000,0.0560,-0.1868,-0.0073,325.8125,enc,0.0000
1786096292.024112,0.2119,0.0,0.0,0.0000,0.0000,0.0560,-0.1868,-0.0073,325.8125,enc,0.0000
1786096292.024905,0.0008,0.0,0.0,0.0000,0.0000,0.0560,-0.1868,-0.0073,325.8125,enc,0.0000
1786096292.376809,0.3519,0.0,0.0,0.0000,0.0000,0.0560,-0.1868,-0.0073,325.8125,enc,0.0000
1786096292.376872,0.0001,0.0,0.0,0.0000,0.0000,0.0560,-0.1868,-0.0073,325.8125,enc,0.0000
1786096292.376899,0.0000,0.0,0.0,0.0000,0.0000,0.0560,-0.1868,-0.0073,325.8125,enc,0.0000
1786096292.525514,0.1486,0.0,0.0,0.0000,0.0000,0.0560,-0.1868,-0.0073,325.8125,enc,0.0000
1786096292.554370,0.0289,0.0,0.0,0.0000,0.0000,0.0560,-0.1868,-0.0073,325.8125,enc,0.0000
1786096292.787784,0.2334,0.0,0.0,0.0000,0.0000,0.0560,-0.1868,-0.0073,325.8125,enc,0.0000
1786096292.799679,0.0119,0.0,0.0,0.0000,0.0000,0.0560,-0.1868,-0.0073,325.8125,enc,0.0000
1786096292.868961,0.0693,0.0,0.0,0.0000,0.0000,0.0560,-0.1868,-0.0073,325.8125,enc,0.0000
1786096293.025877,0.1569,0.0,0.0,0.0000,0.0000,0.0560,-0.1868,-0.0073,325.8125,enc,0.0000
1786096293.067220,0.0413,0.0,0.0,0.0000,0.0000,0.0560,-0.1868,-0.0073,325.8125,enc,0.0000
1786096293.284467,0.2172,0.0,0.0,0.0000,0.0000,0.0560,-0.1868,-0.0073,325.8125,enc,0.0000
1786096293.286419,0.0020,0.0,0.0,0.0000,0.0000,0.0560,-0.1868,-0.0073,325.8125,enc,0.0000
1786096293.367676,0.0813,0.0,0.0,0.0000,0.0000,0.0560,-0.1868,-0.0073,325.8125,enc,0.0000
1786096293.525988,0.1583,0.0,0.0,0.0000,0.0000,0.0560,-0.1868,-0.0073,325.8125,enc,0.0000
1786096293.581434,0.0554,0.0,0.0,0.0000,0.0000,0.0560,-0.1868,-0.0073,325.8125,enc,0.0000
1786096293.801567,0.2201,0.0,0.0,0.0000,0.0000,0.0560,-0.1868,-0.0073,325.8125,enc,0.0000
1786096293.802020,0.0005,0.0,0.0,0.0000,0.0000,0.0560,-0.1868,-0.0073,325.8125,enc,0.0000
1786096294.028981,0.2270,0.0,0.0,0.0000,0.0000,0.0560,-0.1868,-0.0073,325.8125,enc,0.0000
1786096294.034323,0.0053,0.0,0.0,0.0000,0.0000,0.0560,-0.1868,-0.0073,325.8125,enc,0.0000
1786096294.102988,0.0687,0.0,0.0,0.0000,0.0000,0.0560,-0.1868,-0.0073,325.8125,enc,0.0000
1786096294.279986,0.1770,0.0,0.0,0.0000,0.0000,0.0560,-0.1868,-0.0073,325.8125,enc,0.0000
1786096294.297848,0.0179,0.0,0.0,0.0000,0.0000,0.0560,-0.1868,-0.0073,325.8125,enc,0.0000
1786096294.536733,0.2389,0.0,0.0,0.0000,0.0000,0.0560,-0.1868,-0.0073,325.8125,enc,0.0000
1786096294.537389,0.0007,0.0,0.0,0.0000,0.0000,0.0560,-0.1868,-0.0073,325.8125,enc,0.0000
1786096294.614287,0.0769,0.0,0.0,0.0000,0.0000,0.0560,-0.1868,-0.0073,325.8125,enc,0.0000
1786096294.791061,0.1768,0.0,0.0,0.0000,0.0000,0.0560,-0.1868,-0.0073,325.8125,enc,0.0000
1786096294.816209,0.0251,0.0,0.0,0.0000,0.0000,0.0560,-0.1868,-0.0073,325.8125,enc,0.0000
1786096295.048741,0.2325,0.0,0.0,0.0000,0.0000,0.0560,-0.1868,-0.0073,325.8125,enc,0.0000
1786096295.049774,0.0010,0.0,0.0,0.0000,0.0000,0.0560,-0.1868,-0.0073,325.8125,enc,0.0000
1786096295.136424,0.0866,0.0,0.0,0.0000,0.0000,0.0560,-0.1868,-0.0073,325.8125,enc,0.0000
1786096295.236393,0.1000,0.0,0.0,0.0000,0.0000,0.0560,-0.1868,-0.0073,325.8125,enc,0.0000
1786096295.382588,0.1462,0.0,0.0,0.0000,0.0000,0.0560,-0.1868,-0.0073,325.8125,enc,0.0000
1786096295.440735,0.0581,0.0,0.0,0.0000,0.0000,0.0560,-0.1868,-0.0073,325.8125,enc,0.0000
1786096295.543422,0.1027,0.0,0.0,0.0000,0.0000,0.0560,-0.1868,-0.0073,325.8125,enc,0.0000
1786096295.649824,0.1064,0.0,0.0,0.0000,0.0000,0.0560,-0.1868,-0.0073,325.8125,enc,0.0000
1786096295.749884,0.1001,0.0,0.0,0.0000,0.0000,0.0560,-0.1868,-0.0073,325.8125,enc,0.0000
1786096295.852027,0.1021,0.0,0.0,0.0000,0.0000,0.0560,-0.1868,-0.0073,325.8125,enc,0.0000
1786096295.960421,0.1084,0.0,0.0,0.0000,0.0000,0.0560,-0.1868,-0.0073,325.8125,enc,0.0000
1786096296.067243,0.1068,0.0,0.0,0.0000,0.0000,0.0560,-0.1868,-0.0073,325.8125,enc,0.0000
1786096296.161820,0.0946,0.0,0.0,0.0000,0.0000,0.0560,-0.1868,-0.0073,325.8125,enc,0.0000
1786096296.270218,0.1084,0.0,0.0,0.0000,0.0000,0.0560,-0.1868,-0.0073,325.8125,enc,0.0000
1786096296.374360,0.1041,0.0,0.0,0.0000,0.0000,0.0560,-0.1868,-0.0073,325.8125,enc,0.0000
1786096296.478614,0.1043,0.0,0.0,0.0000,0.0000,0.0560,-0.1868,-0.0073,325.8125,enc,0.0000
1786096296.585651,0.1070,0.0,0.0,0.0000,0.0000,0.0560,-0.1868,-0.0073,325.8125,enc,0.0000
1786096296.688241,0.1026,0.0,0.0,0.0000,0.0000,0.0560,-0.1868,-0.0073,325.8125,enc,0.0000
1786096296.791857,0.1036,0.0,0.0,0.0000,0.0000,0.0560,-0.1868,-0.0073,325.8125,enc,0.0000
1786096296.893383,0.1015,0.0,0.0,0.0000,0.0000,0.0560,-0.1868,-0.0073,325.8125,enc,0.0000
1786096297.006932,0.1135,0.0,0.0,0.0000,0.0000,0.0560,-0.1868,-0.0073,325.8125,enc,0.0000
1786096297.100870,0.0939,0.0,0.0,0.0000,0.0000,0.0560,-0.1868,-0.0073,325.8125,enc,0.0000
1786096297.201362,0.1005,0.0,0.0,0.0000,0.0000,0.0560,-0.1868,-0.0073,325.8125,enc,0.0000
1786096297.311939,0.1106,0.0,0.0,0.0000,0.0000,0.0560,-0.1868,-0.0073,325.8125,enc,0.0000
1786096297.410562,0.0986,0.0,0.0,0.0000,0.0000,0.0560,-0.1868,-0.0073,325.8125,enc,0.0000
1786096297.513422,0.1029,0.0,0.0,0.0000,0.0000,0.0560,-0.1868,-0.0073,325.8125,enc,0.0000
1786096297.619063,0.1056,0.0,0.0,0.0000,0.0000,0.0560,-0.1868,-0.0073,325.8125,enc,0.0000
1786096297.722191,0.1031,0.0,0.0,0.0000,0.0000,0.0560,-0.1868,-0.0073,325.8125,enc,0.0000
1786096297.828652,0.1065,0.0,0.0,0.0000,0.0000,0.0560,-0.1868,-0.0073,325.8125,enc,0.0000
1786096297.932445,0.1038,0.0,0.0,0.0000,0.0000,0.0560,-0.1868,-0.0073,325.8125,enc,0.0000
1786096298.033453,0.1010,0.0,0.0,0.0000,0.0000,0.0560,-0.1868,-0.0073,325.8125,enc,0.0000
1786096298.139307,0.1059,0.0,0.0,0.0000,0.0000,0.0560,-0.1868,-0.0073,325.8125,enc,0.0000
1786096298.241745,0.1024,0.0,0.0,0.0000,0.0000,0.0560,-0.1868,-0.0073,325.8125,enc,0.0000
1786096298.344819,0.1031,0.0,0.0,0.0000,0.0000,0.0560,-0.1868,-0.0073,325.8125,enc,0.0000
1786096298.453813,0.1090,0.0,0.0,0.0000,0.0000,0.0560,-0.1868,-0.0073,325.8125,enc,0.0000
1786096298.561112,0.1073,0.0,0.0,0.0000,0.0000,0.0560,-0.1868,-0.0073,325.8125,enc,0.0000
1786096298.662194,0.1011,0.0,0.0,0.0000,0.0000,0.0560,-0.1868,-0.0073,325.8125,enc,0.0000
1786096298.763998,0.1018,0.0,0.0,0.0000,0.0000,0.0560,-0.1868,-0.0073,325.8125,enc,0.0000
1786096298.865724,0.1017,0.0,0.0,0.0000,0.0000,0.0560,-0.1868,-0.0073,325.8125,enc,0.0000
1786096298.976063,0.1103,0.0,0.0,0.0000,0.0000,0.0560,-0.1868,-0.0073,325.8125,enc,0.0000
1786096299.077891,0.1018,0.0,0.0,0.0000,0.0000,0.0560,-0.1868,-0.0073,325.8125,enc,0.0000
1786096299.182568,0.1047,0.0,0.0,0.0000,0.0000,0.0560,-0.1868,-0.0073,325.8125,enc,0.0000
1786096299.284853,0.1023,0.0,0.0,0.0000,0.0000,0.0560,-0.1868,-0.0073,325.8125,enc,0.0000
1786096299.390908,0.1061,0.0,0.0,0.0000,0.0000,0.0560,-0.1868,-0.0073,325.8125,enc,0.0000
1786096299.493012,0.1021,0.0,0.0,0.0000,0.0000,0.0560,-0.1868,-0.0073,325.8125,enc,0.0000
1786096299.595562,0.1025,0.0,0.0,0.0000,0.0000,0.0560,-0.1868,-0.0073,325.8125,enc,0.0000
1786096299.699292,0.1037,0.0,0.0,0.0000,0.0000,0.0560,-0.1868,-0.0073,325.8125,enc,0.0000
1786096299.808949,0.1097,0.0,0.0,0.0000,0.0000,0.0560,-0.1868,-0.0073,325.8125,enc,0.0000
1786096299.906602,0.0977,0.0,0.0,0.0000,0.0000,0.0560,-0.1868,-0.0073,325.8125,enc,0.0000
1786096300.016789,0.1102,0.0,0.0,0.0000,0.0000,0.0560,-0.1868,-0.0073,325.8125,enc,0.0000
1786096300.111922,0.0951,0.0,0.0,0.0000,0.0000,0.0560,-0.1868,-0.0073,325.8125,enc,0.0000
1786096300.220525,0.1086,0.0,0.0,0.0000,0.0000,0.0560,-0.1868,-0.0073,325.8125,enc,0.0000
1786096300.326020,0.1055,0.0,0.0,0.0000,0.0000,0.0560,-0.1868,-0.0073,325.8125,enc,0.0000
1786096300.425862,0.0998,0.0,0.0,0.0000,0.0000,0.0560,-0.1868,-0.0073,325.8125,enc,0.0000
1786096300.524749,0.0989,0.0,0.0,0.0000,0.0000,0.0560,-0.1868,-0.0073,325.8125,enc,0.0000
1786096300.630878,0.1061,0.0,0.0,0.0000,0.0000,0.0560,-0.1868,-0.0073,325.8125,enc,0.0000
1786096300.760074,0.1292,0.0,0.0,0.0000,0.0000,0.0560,-0.1868,-0.0073,325.8125,enc,0.0000
1786096300.846917,0.0868,0.0,0.0,0.0000,0.0000,0.0560,-0.1868,-0.0073,325.8125,enc,0.0000
1786096300.948643,0.1017,0.0,0.0,0.0000,0.0000,0.0560,-0.1868,-0.0073,325.8125,enc,0.0000
1786096301.046690,0.0980,0.0,0.0,0.0000,0.0000,0.0560,-0.1868,-0.0073,325.8125,enc,0.0000
1786096301.165916,0.1192,0.0,0.0,0.0000,0.0000,0.0560,-0.1868,-0.0073,325.8125,enc,0.0000
1786096301.253045,0.0871,0.0,0.0,0.0000,0.0000,0.0560,-0.1868,-0.0073,325.8125,enc,0.0000
1786096301.362152,0.1091,0.0,0.0,0.0000,0.0000,0.0560,-0.1868,-0.0073,325.8125,enc,0.0000
1786096301.463031,0.1009,0.0,0.0,0.0000,0.0000,0.0560,-0.1868,-0.0073,325.8125,enc,0.0000
1786096301.570105,0.1071,0.0,0.0,0.0000,0.0000,0.0560,-0.1868,-0.0073,325.8125,enc,0.0000
1786096301.675929,0.1058,0.0,0.0,0.0000,0.0000,0.0560,-0.1868,-0.0073,325.8125,enc,0.0000
1786096301.786898,0.1110,0.0,0.0,0.0000,0.0000,0.0560,-0.1868,-0.0073,325.8125,enc,0.0000
1786096301.900474,0.1136,0.0,0.0,0.0000,0.0000,0.0560,-0.1868,-0.0073,325.8125,enc,0.0000
1786096301.987911,0.0874,0.0,0.0,0.0000,0.0000,0.0560,-0.1868,-0.0073,325.8125,enc,0.0000
1786096302.087399,0.0995,0.0,0.0,0.0000,0.0000,0.0560,-0.1868,-0.0073,325.8125,enc,0.0000
1786096302.199981,0.1126,0.0,0.0,0.0000,0.0000,0.0560,-0.1868,-0.0073,325.8125,enc,0.0000
1786096302.302477,0.1025,0.0,0.0,0.0000,0.0000,0.0560,-0.1868,-0.0073,325.8125,enc,0.0000
1786096302.398947,0.0965,0.0,0.0,0.0000,0.0000,0.0560,-0.1868,-0.0073,325.8125,enc,0.0000
1786096302.501144,0.1022,0.0,0.0,0.0000,0.0000,0.0560,-0.1868,-0.0073,325.8125,enc,0.0000
1786096302.603914,0.1028,0.0,0.0,0.0000,0.0000,0.0560,-0.1868,-0.0073,325.8125,enc,0.0000
1786096302.708010,0.1041,0.0,0.0,0.0000,0.0000,0.0560,-0.1868,-0.0073,325.8125,enc,0.0000
1786096302.810873,0.1029,0.0,0.0,0.0000,0.0000,0.0560,-0.1868,-0.0073,325.8125,enc,0.0000
1786096302.914906,0.1040,0.0,0.0,0.0000,0.0000,0.0560,-0.1868,-0.0073,325.8125,enc,0.0000
1786096303.019102,0.1042,0.0,0.0,0.0000,0.0000,0.0560,-0.1868,-0.0073,325.8125,enc,0.0000
1786096303.224957,0.2059,0.0,0.0,0.0000,0.0000,0.0560,-0.1868,-0.0073,325.8125,enc,0.0000
1786096303.225024,0.0001,0.0,0.0,0.0000,0.0000,0.0560,-0.1868,-0.0073,325.8125,enc,0.0000
1786096303.331799,0.1068,0.0,0.0,0.0000,0.0000,0.0560,-0.1868,-0.0073,325.8125,enc,0.0000
1786096303.431809,0.1000,0.0,0.0,0.0000,0.0000,0.0560,-0.1868,-0.0073,325.8125,enc,0.0000
1786096303.536412,0.1046,0.0,0.0,0.0000,0.0000,0.0560,-0.1868,-0.0073,325.8125,enc,0.0000
1786096303.640996,0.1046,0.0,0.0,0.0000,0.0000,0.0560,-0.1868,-0.0073,325.8125,enc,0.0000
1786096303.742954,0.1020,0.0,0.0,0.0000,0.0000,0.0560,-0.1868,-0.0073,325.8125,enc,0.0000
1786096303.847342,0.1044,0.0,0.0,0.0000,0.0000,0.0560,-0.1868,-0.0073,325.8125,enc,0.0000
1786096303.952571,0.1052,0.0,0.0,0.0000,0.0000,0.0560,-0.1868,-0.0073,325.8125,enc,0.0000
1786096304.054558,0.1020,0.0,0.0,0.0000,0.0000,0.0560,-0.1868,-0.0073,325.8125,enc,0.0000
1786096304.159077,0.1045,0.0,0.0,0.0000,0.0000,0.0560,-0.1868,-0.0073,325.8125,enc,0.0000
1786096304.263327,0.1042,0.0,0.0,0.0000,0.0000,0.0560,-0.1868,-0.0073,325.8125,enc,0.0000
1786096304.367880,0.1046,0.0,0.0,0.0000,0.0000,0.0560,-0.1868,-0.0073,325.8125,enc,0.0000
1786096304.480966,0.1131,0.0,0.0,0.0000,0.0000,0.0560,-0.1868,-0.0073,325.8125,enc,0.0000
1786096304.573344,0.0924,0.0,0.0,0.0000,0.0000,0.0560,-0.1868,-0.0073,325.8125,enc,0.0000
1786096304.842967,0.2696,0.0,0.0,0.0000,0.0000,0.0560,-0.1868,-0.0073,325.8125,enc,0.0000
1786096304.843013,0.0000,0.0,0.0,0.0000,0.0000,0.0560,-0.1868,-0.0073,325.8125,enc,0.0000
1786096304.881615,0.0386,0.0,0.0,0.0000,0.0000,0.0560,-0.1868,-0.0073,325.8125,enc,0.0000
1786096304.988993,0.1074,0.0,0.0,0.0000,0.0000,0.0560,-0.1868,-0.0073,325.8125,enc,0.0000
1786096305.093926,0.1049,0.0,0.0,0.0000,0.0000,0.0560,-0.1868,-0.0073,325.8125,enc,0.0000
1786096305.266937,0.1730,0.0,0.0,0.0000,0.0000,0.0560,-0.1868,-0.0073,325.8125,enc,0.0000
1786096305.295767,0.0288,0.0,0.0,0.0000,0.0000,0.0560,-0.1868,-0.0073,325.8125,enc,0.0000
1786096305.511688,0.2159,0.0,0.0,0.0000,0.0000,0.0560,-0.1868,-0.0073,325.8125,enc,0.0000
1786096305.512856,0.0012,0.0,0.0,0.0000,0.0000,0.0560,-0.1868,-0.0073,325.8125,enc,0.0000
1786096305.611402,0.0985,0.0,0.0,0.0000,0.0000,0.0560,-0.1868,-0.0073,325.8125,enc,0.0000
1786096305.764573,0.1532,0.0,0.0,0.0000,0.0000,0.0560,-0.1868,-0.0073,325.8125,enc,0.0000
1786096305.819887,0.0553,0.0,0.0,0.0000,0.0000,0.0560,-0.1868,-0.0073,325.8125,enc,0.0000
1786096306.012244,0.1924,0.0,0.0,0.0000,0.0000,0.0560,-0.1868,-0.0073,325.8125,enc,0.0000
1786096306.024848,0.0126,0.0,0.0,0.0000,0.0000,0.0560,-0.1868,-0.0073,325.8125,enc,0.0000
1786096306.270462,0.2456,0.0,0.0,0.0000,0.0000,0.0560,-0.1868,-0.0073,325.8125,enc,0.0000
1786096306.270719,0.0003,0.0,0.0,0.0000,0.0000,0.0560,-0.1868,-0.0073,325.8125,enc,0.0000
1786096306.339142,0.0684,0.0,0.0,0.0000,0.0000,0.0560,-0.1868,-0.0073,325.8125,enc,0.0000
1786096306.521752,0.1826,0.0,0.0,0.0000,0.0000,0.0560,-0.1868,-0.0073,325.8125,enc,0.0000
1786096306.544333,0.0226,0.0,0.0,0.0000,0.0000,0.0560,-0.1868,-0.0073,325.8125,enc,0.0000
1786096306.787949,0.2436,0.0,0.0,0.0000,0.0000,0.0560,-0.1868,-0.0073,325.8125,enc,0.0000
1786096306.788016,0.0001,0.0,0.0,0.0000,0.0000,0.0560,-0.1868,-0.0073,325.8125,enc,0.0000
1786096306.857500,0.0695,0.0,0.0,0.0000,0.0000,0.0560,-0.1868,-0.0073,325.8125,enc,0.0000
1786096307.030351,0.1729,0.0,0.0,0.0000,0.0000,0.0560,-0.1868,-0.0073,325.8125,enc,0.0000
1786096307.060454,0.0301,0.0,0.0,0.0000,0.0000,0.0560,-0.1868,-0.0073,325.8125,enc,0.0000
1786096307.281932,0.2215,0.0,0.0,0.0000,0.0000,0.0560,-0.1868,-0.0073,325.8125,enc,0.0000
1786096307.281998,0.0001,0.0,0.0,0.0000,0.0000,0.0560,-0.1868,-0.0073,325.8125,enc,0.0000
1786096307.528790,0.2468,0.0,0.0,0.0000,0.0000,0.0560,-0.1868,-0.0073,325.8125,enc,0.0000
1786096307.530171,0.0014,0.0,0.0,0.0000,0.0000,0.0560,-0.1868,-0.0073,325.8125,enc,0.0000
1786096307.582787,0.0526,0.0,0.0,0.0000,0.0000,0.0560,-0.1868,-0.0073,325.8125,enc,0.0000
1786096307.778466,0.1957,0.0,0.0,0.0000,0.0000,0.0560,-0.1868,-0.0073,325.8125,enc,0.0000
1786096308.031967,0.2535,0.0,0.0,0.0000,0.0000,0.0560,-0.1868,-0.0073,325.8125,enc,0.0000
1786096308.032033,0.0001,0.0,0.0,0.0000,0.0000,0.0560,-0.1868,-0.0073,325.8125,enc,0.0000
1786096308.033913,0.0019,0.0,0.0,0.0000,0.0000,0.0560,-0.1868,-0.0073,325.8125,enc,0.0000
1786096308.122002,0.0881,0.0,0.0,0.0000,0.0000,0.0560,-0.1868,-0.0073,325.8125,enc,0.0000
1786096308.279886,0.1579,0.0,0.0,0.0000,0.0000,0.0560,-0.1868,-0.0073,325.8125,enc,0.0000
1786096308.309263,0.0294,0.0,0.0,0.0000,0.0000,0.0560,-0.1868,-0.0073,325.8125,enc,0.0000
1786096308.549324,0.2401,0.0,0.0,0.0000,0.0000,0.0560,-0.1868,-0.0073,325.8125,enc,0.0000
1786096308.550026,0.0007,0.0,0.0,0.0000,0.0000,0.0560,-0.1868,-0.0073,325.8125,enc,0.0000
1786096308.786162,0.2361,0.0,0.0,0.0000,0.0000,0.0560,-0.1868,-0.0073,325.8125,enc,0.0000
1786096308.786235,0.0001,0.0,0.0,0.0000,0.0000,0.0560,-0.1868,-0.0073,325.8125,enc,0.0000
1786096309.037454,0.2512,0.0,0.0,0.0000,0.0000,0.0560,-0.1868,-0.0073,325.8125,enc,0.0000
1786096309.040287,0.0028,0.0,0.0,0.0000,0.0000,0.0560,-0.1868,-0.0073,325.8125,enc,0.0000
1786096309.047585,0.0073,0.0,0.0,0.0000,0.0000,0.0560,-0.1868,-0.0073,325.8125,enc,0.0000
1786096309.282146,0.2346,0.0,0.0,0.0000,0.0000,0.0560,-0.1868,-0.0073,325.8125,enc,0.0000
1786096309.283244,0.0011,0.0,0.0,0.0000,0.0000,0.0560,-0.1868,-0.0073,325.8125,enc,0.0000
1786096309.344971,0.0617,0.0,0.0,0.0000,0.0000,0.0560,-0.1868,-0.0073,325.8125,enc,0.0000
1786096309.538718,0.1937,0.0,0.0,0.0000,0.0000,0.0560,-0.1868,-0.0073,325.8125,enc,0.0000
1786096309.566335,0.0276,0.0,0.0,0.0000,0.0000,0.0560,-0.1868,-0.0073,325.8125,enc,0.0000
1786096309.794972,0.2286,0.0,0.0,0.0000,0.0000,0.0560,-0.1868,-0.0073,325.8125,enc,0.0000
1786096309.795021,0.0000,0.0,0.0,0.0000,0.0000,0.0560,-0.1868,-0.0073,325.8125,enc,0.0000
1786096309.862957,0.0679,0.0,0.0,0.0000,0.0000,0.0560,-0.1868,-0.0073,325.8125,enc,0.0000
1786096310.049355,0.1864,0.0,0.0,0.0000,0.0000,0.0560,-0.1868,-0.0073,325.8125,enc,0.0000
1786096310.076260,0.0269,0.0,0.0,0.0000,0.0000,0.0560,-0.1868,-0.0073,325.8125,enc,0.0000
1786096310.169505,0.0932,0.0,0.0,0.0000,0.0000,0.0560,-0.1868,-0.0073,325.8125,enc,0.0000
1786096310.282786,0.1133,0.0,0.0,0.0000,0.0000,0.0560,-0.1868,-0.0073,325.8125,enc,0.0000
1786096310.387852,0.1051,0.0,0.0,0.0000,0.0000,0.0560,-0.1868,-0.0073,325.8125,enc,0.0000
1786096310.484607,0.0968,0.0,0.0,0.0000,0.0000,0.0560,-0.1868,-0.0073,325.8125,enc,0.0000
1786096310.591918,0.1073,0.0,0.0,0.0000,0.0000,0.0560,-0.1868,-0.0073,325.8125,enc,0.0000
1786096310.748827,0.1569,0.0,0.0,0.0000,0.0000,0.0560,-0.1868,-0.0073,325.8125,enc,0.0000
1786096310.800886,0.0521,0.0,0.0,0.0000,0.0000,0.0560,-0.1868,-0.0073,325.8125,enc,0.0000
1786096310.908894,0.1080,0.0,0.0,0.0000,0.0000,0.0560,-0.1868,-0.0073,325.8125,enc,0.0000
1786096311.005058,0.0962,0.0,0.0,0.0000,0.0000,0.0560,-0.1868,-0.0073,325.8125,enc,0.0000
1786096311.109093,0.1040,0.0,0.0,0.0000,0.0000,0.0560,-0.1868,-0.0073,325.8125,enc,0.0000
1786096311.211735,0.1026,0.0,0.0,0.0000,0.0000,0.0560,-0.1868,-0.0073,325.8125,enc,0.0000
1786096311.322997,0.1113,0.0,0.0,0.0000,0.0000,0.0560,-0.1868,-0.0073,325.8125,enc,0.0000
1786096311.422948,0.1000,0.0,0.0,0.0000,0.0000,0.0560,-0.1868,-0.0073,325.8125,enc,0.0000
1786096311.538642,0.1157,0.0,0.0,0.0000,0.0000,0.0560,-0.1868,-0.0073,325.8125,enc,0.0000
1786096311.626367,0.0877,0.0,0.0,0.0000,0.0000,0.0560,-0.1868,-0.0073,325.8125,enc,0.0000
1786096311.741565,0.1152,0.0,0.0,0.0000,0.0000,0.0560,-0.1868,-0.0073,325.8125,enc,0.0000
1786096311.829692,0.0881,0.0,0.0,0.0000,0.0000,0.0560,-0.1868,-0.0073,325.8125,enc,0.0000
1786096311.952506,0.1228,0.0,0.0,0.0000,0.0000,0.0560,-0.1868,-0.0073,325.8125,enc,0.0000
1786096312.041372,0.0889,0.0,0.0,0.0000,0.0000,0.0560,-0.1868,-0.0073,325.8125,enc,0.0000
1786096312.140304,0.0989,0.0,0.0,0.0000,0.0000,0.0560,-0.1868,-0.0073,325.8125,enc,0.0000
1786096312.247690,0.1074,0.0,0.0,0.0000,0.0000,0.0560,-0.1868,-0.0073,325.8125,enc,0.0000
1786096312.352918,0.1052,0.0,0.0,0.0000,0.0000,0.0560,-0.1868,-0.0073,325.8125,enc,0.0000
1786096312.464563,0.1116,0.0,0.0,0.0000,0.0000,0.0560,-0.1868,-0.0073,325.8125,enc,0.0000
1786096312.573921,0.1094,0.0,0.0,0.0000,0.0000,0.0560,-0.1868,-0.0073,325.8125,enc,0.0000
1786096312.669784,0.0959,0.0,0.0,0.0000,0.0000,0.0560,-0.1868,-0.0073,325.8125,enc,0.0000
1786096312.767551,0.0978,0.0,0.0,0.0000,0.0000,0.0560,-0.1868,-0.0073,325.8125,enc,0.0000
1786096312.872248,0.1047,0.0,0.0,0.0000,0.0000,0.0560,-0.1868,-0.0073,325.8125,enc,0.0000
1786096312.974408,0.1022,0.0,0.0,0.0000,0.0000,0.0560,-0.1868,-0.0073,325.8125,enc,0.0000
1786096313.080714,0.1063,0.0,0.0,0.0000,0.0000,0.0560,-0.1868,-0.0073,325.8125,enc,0.0000
1786096313.185087,0.1044,0.0,0.0,0.0000,0.0000,0.0560,-0.1868,-0.0073,325.8125,enc,0.0000
1786096313.286674,0.1016,0.0,0.0,0.0000,0.0000,0.0560,-0.1868,-0.0073,325.8125,enc,0.0000
1786096313.395811,0.1091,0.0,0.0,0.0000,0.0000,0.0560,-0.1868,-0.0073,325.8125,enc,0.0000
1786096313.509465,0.1137,0.0,0.0,0.0000,0.0000,0.0560,-0.1868,-0.0073,325.8125,enc,0.0000
1786096313.610500,0.1010,0.0,0.0,0.0000,0.0000,0.0560,-0.1868,-0.0073,325.8125,enc,0.0000
1786096313.712048,0.1015,0.0,0.0,0.0000,0.0000,0.0560,-0.1868,-0.0073,325.8125,enc,0.0000
1786096313.814650,0.1026,0.0,0.0,0.0000,0.0000,0.0560,-0.1868,-0.0073,325.8125,enc,0.0000
1786096313.916907,0.1023,0.0,0.0,0.0000,0.0000,0.0560,-0.1868,-0.0073,325.8125,enc,0.0000
1786096314.020727,0.1038,0.0,0.0,0.0000,0.0000,0.0560,-0.1868,-0.0073,325.8125,enc,0.0000
1786096314.132420,0.1117,0.0,0.0,0.0000,0.0000,0.0560,-0.1868,-0.0073,325.8125,enc,0.0000
1786096314.225427,0.0930,0.0,0.0,0.0000,0.0000,0.0560,-0.1868,-0.0073,325.8125,enc,0.0000
1786096314.332136,0.1067,0.0,0.0,0.0000,0.0000,0.0560,-0.1868,-0.0073,325.8125,enc,0.0000
1786096314.433142,0.1010,0.0,0.0,0.0000,0.0000,0.0560,-0.1868,-0.0073,325.8125,enc,0.0000
1786096314.536436,0.1033,0.0,0.0,0.0000,0.0000,0.0560,-0.1868,-0.0073,325.8125,enc,0.0000
1786096314.644011,0.1076,0.0,0.0,0.0000,0.0000,0.0560,-0.1868,-0.0073,325.8125,enc,0.0000
1786096314.745925,0.1019,0.0,0.0,0.0000,0.0000,0.0560,-0.1868,-0.0073,325.8125,enc,0.0000
1786096314.846079,0.1002,0.0,0.0,0.0000,0.0000,0.0560,-0.1868,-0.0073,325.8125,enc,0.0000
1786096314.978312,0.1322,0.0,0.0,0.0000,0.0000,0.0560,-0.1868,-0.0073,325.8125,enc,0.0000
1786096315.057463,0.0792,0.0,0.0,0.0000,0.0000,0.0560,-0.1868,-0.0073,325.8125,enc,0.0000
1786096315.289404,0.2319,0.0,0.0,0.0000,0.0000,0.0560,-0.1868,-0.0073,325.8125,enc,0.0000
1786096315.289448,0.0000,0.0,0.0,0.0000,0.0000,0.0560,-0.1868,-0.0073,325.8125,enc,0.0000
1786096315.378946,0.0895,0.0,0.0,0.0000,0.0000,0.0560,-0.1868,-0.0073,325.8125,enc,0.0000
1786096315.476093,0.0971,0.0,0.0,0.0000,0.0000,0.0560,-0.1868,-0.0073,325.8125,enc,0.0000
1786096315.606986,0.1309,0.0,0.0,0.0000,0.0000,0.0560,-0.1868,-0.0073,325.8125,enc,0.0000
1786096315.678202,0.0712,0.0,0.0,0.0000,0.0000,0.0560,-0.1868,-0.0073,325.8125,enc,0.0000
1786096315.821092,0.1429,0.0,0.0,0.0000,0.0000,0.0560,-0.1868,-0.0073,325.8125,enc,0.0000
1786096315.909414,0.0883,0.0,0.0,0.0000,0.0000,0.0560,-0.1868,-0.0073,325.8125,enc,0.0000
1786096315.986399,0.0770,0.0,0.0,0.0000,0.0000,0.0560,-0.1868,-0.0073,325.8125,enc,0.0000
1786096316.108032,0.1216,0.0,0.0,0.0000,0.0000,0.0560,-0.1868,-0.0073,325.8125,enc,0.0000
1786096316.193565,0.0855,0.0,0.0,0.0000,0.0000,0.0560,-0.1868,-0.0073,325.8125,enc,0.0000
1786096316.305053,0.1115,0.0,0.0,0.0000,0.0000,0.0560,-0.1868,-0.0073,325.8125,enc,0.0000
1786096316.406934,0.1019,0.0,0.0,0.0000,0.0000,0.0560,-0.1868,-0.0073,325.8125,enc,0.0000
1786096316.526009,0.1191,0.0,0.0,0.0000,0.0000,0.0560,-0.1868,-0.0073,325.8125,enc,0.0000
1786096316.612488,0.0865,0.0,0.0,0.0000,0.0000,0.0560,-0.1868,-0.0073,325.8125,enc,0.0000
1786096316.719749,0.1073,0.0,0.0,0.0000,0.0000,0.0560,-0.1868,-0.0073,325.8125,enc,0.0000
1786096316.823175,0.1034,0.0,0.0,0.0000,0.0000,0.0560,-0.1868,-0.0073,325.8125,enc,0.0000
1786096316.942178,0.1190,0.0,0.0,0.0000,0.0000,0.0560,-0.1868,-0.0073,325.8125,enc,0.0000
1786096317.028559,0.0864,0.0,0.0,0.0000,0.0000,0.0560,-0.1868,-0.0073,325.8125,enc,0.0000
1786096317.128942,0.1004,0.0,0.0,0.0000,0.0000,0.0560,-0.1868,-0.0073,325.8125,enc,0.0000
1786096317.250476,0.1215,0.0,0.0,0.0000,0.0000,0.0560,-0.1868,-0.0073,325.8125,enc,0.0000
1786096317.494504,0.2440,0.0,0.0,0.0000,0.0000,0.0560,-0.1868,-0.0073,325.8125,enc,0.0000
1786096317.496373,0.0019,0.0,0.0,0.0000,0.0000,0.0560,-0.1868,-0.0073,325.8125,enc,0.0000
1786096317.542420,0.0460,0.0,0.0,0.0000,0.0000,0.0560,-0.1868,-0.0073,325.8125,enc,0.0000
1786096317.668993,0.1266,0.0,0.0,0.0000,0.0000,0.0560,-0.1868,-0.0073,325.8125,enc,0.0000
1786096317.758105,0.0891,0.0,0.0,0.0000,0.0000,0.0560,-0.1868,-0.0073,325.8125,enc,0.0000
1786096317.862447,0.1043,0.0,0.0,0.0000,0.0000,0.0560,-0.1868,-0.0073,325.8125,enc,0.0000
1786096317.957777,0.0953,0.0,0.0,0.0000,0.0000,0.0560,-0.1868,-0.0073,325.8125,enc,0.0000
1786096318.064835,0.1071,0.0,0.0,0.0000,0.0000,0.0560,-0.1868,-0.0073,325.8125,enc,0.0000
1786096318.169800,0.1050,0.0,0.0,0.0000,0.0000,0.0560,-0.1868,-0.0073,325.8125,enc,0.0000
1786096318.271666,0.1019,0.0,0.0,0.0000,0.0000,0.0560,-0.1868,-0.0073,325.8125,enc,0.0000
1786096318.376709,0.1050,0.0,0.0,0.0000,0.0000,0.0560,-0.1868,-0.0073,325.8125,enc,0.0000
1786096318.477826,0.1011,0.0,0.0,0.0000,0.0000,0.0560,-0.1868,-0.0073,325.8125,enc,0.0000
1786096318.581652,0.1038,0.0,0.0,0.0000,0.0000,0.0560,-0.1868,-0.0073,325.8125,enc,0.0000
1786096318.682540,0.1009,0.0,0.0,0.0000,0.0000,0.0560,-0.1868,-0.0073,325.8125,enc,0.0000
1786096318.788579,0.1060,0.0,0.0,0.0000,0.0000,0.0560,-0.1868,-0.0073,325.8125,enc,0.0000
1786096318.887859,0.0993,0.0,0.0,0.0000,0.0000,0.0560,-0.1868,-0.0073,325.8125,enc,0.0000
1786096318.991506,0.1036,0.0,0.0,0.0000,0.0000,0.0560,-0.1868,-0.0073,325.8125,enc,0.0000
1786096319.119687,0.1282,0.0,0.0,0.0000,0.0000,0.0560,-0.1868,-0.0073,325.8125,enc,0.0000
1786096319.199489,0.0798,0.0,0.0,0.0000,0.0000,0.0560,-0.1868,-0.0073,325.8125,enc,0.0000
1786096319.306565,0.1071,0.0,0.0,0.0000,0.0000,0.0560,-0.1868,-0.0073,325.8125,enc,0.0000
1786096319.423051,0.1165,0.0,0.0,0.0000,0.0000,0.0560,-0.1868,-0.0073,325.8125,enc,0.0000
1786096319.521195,0.0981,0.0,0.0,0.0000,0.0000,0.0560,-0.1868,-0.0073,325.8125,enc,0.0000
1786096319.622559,0.1014,0.0,0.0,0.0000,0.0000,0.0560,-0.1868,-0.0073,325.8125,enc,0.0000
1786096319.729606,0.1070,0.0,0.0,0.0000,0.0000,0.0560,-0.1868,-0.0073,325.8125,enc,0.0000
1786096319.837494,0.1079,0.0,0.0,0.0000,0.0000,0.0560,-0.1868,-0.0073,325.8125,enc,0.0000
1786096319.928090,0.0906,0.0,0.0,0.0000,0.0000,0.0560,-0.1868,-0.0073,325.8125,enc,0.0000
1786096320.034792,0.1067,0.0,0.0,0.0000,0.0000,0.0560,-0.1868,-0.0073,325.8125,enc,0.0000
1786096320.263507,0.2287,0.0,0.0,0.0000,0.0000,0.0560,-0.1868,-0.0073,325.8125,enc,0.0000
1786096320.263578,0.0001,0.0,0.0,0.0000,0.0000,0.0560,-0.1868,-0.0073,325.8125,enc,0.0000
1786096320.345404,0.0818,0.0,0.0,0.0000,0.0000,0.0560,-0.1868,-0.0073,325.8125,enc,0.0000
1786096320.516982,0.1716,0.0,0.0,0.0000,0.0000,0.0560,-0.1868,-0.0073,325.8125,enc,0.0000
1786096320.580884,0.0639,0.0,0.0,0.0000,0.0000,0.0560,-0.1868,-0.0073,325.8125,enc,0.0000
1786096320.765832,0.1849,0.0,0.0,0.0000,0.0000,0.0560,-0.1868,-0.0073,325.8125,enc,0.0000
1786096320.771594,0.0058,0.0,0.0,0.0000,0.0000,0.0560,-0.1868,-0.0073,325.8125,enc,0.0000
1786096320.863057,0.0915,0.0,0.0,0.0000,0.0000,0.0560,-0.1868,-0.0073,325.8125,enc,0.0000
1786096321.032109,0.1691,0.0,0.0,0.0000,0.0000,0.0560,-0.1868,-0.0073,325.8125,enc,0.0000
1786096321.076493,0.0444,0.0,0.0,0.0000,0.0000,0.0560,-0.1868,-0.0073,325.8125,enc,0.0000
1786096321.368821,0.2923,0.0,0.0,0.0000,0.0000,0.0560,-0.1868,-0.0073,325.8125,enc,0.0000
1786096321.368885,0.0001,0.0,0.0,0.0000,0.0000,0.0560,-0.1868,-0.0073,325.8125,enc,0.0000
1786096321.534772,0.1659,0.0,0.0,0.0000,0.0000,0.0560,-0.1868,-0.0073,325.8125,enc,0.0000
1786096321.545855,0.0111,0.0,0.0,0.0000,0.0000,0.0560,-0.1868,-0.0073,325.8125,enc,0.0000
1786096321.591737,0.0459,0.0,0.0,0.0000,0.0000,0.0560,-0.1868,-0.0073,325.8125,enc,0.0000
1786096321.763561,0.1718,0.0,0.0,0.0000,0.0000,0.0560,-0.1868,-0.0073,325.8125,enc,0.0000
1786096321.808802,0.0452,0.0,0.0,0.0000,0.0000,0.0560,-0.1868,-0.0073,325.8125,enc,0.0000
1786096322.016521,0.2077,0.0,0.0,0.0000,0.0000,0.0560,-0.1868,-0.0073,325.8125,enc,0.0000
1786096322.016956,0.0004,0.0,0.0,0.0000,0.0000,0.0560,-0.1868,-0.0073,325.8125,enc,0.0000
1786096322.110015,0.0931,0.0,0.0,0.0000,0.0000,0.0560,-0.1868,-0.0073,325.8125,enc,0.0000
1786096322.274668,0.1647,0.0,0.0,0.0000,0.0000,0.0560,-0.1868,-0.0073,325.8125,enc,0.0000
1786096322.322552,0.0479,0.0,0.0,0.0000,0.0000,0.0560,-0.1868,-0.0073,325.8125,enc,0.0000
1786096322.515959,0.1934,0.0,0.0,0.0000,0.0000,0.0560,-0.1868,-0.0073,325.8125,enc,0.0000
1786096322.523580,0.0076,0.0,0.0,0.0000,0.0000,0.0560,-0.1868,-0.0073,325.8125,enc,0.0000
1786096322.773792,0.2502,0.0,0.0,0.0000,0.0000,0.0560,-0.1868,-0.0073,325.8125,enc,0.0000
1786096322.773834,0.0000,0.0,0.0,0.0000,0.0000,0.0560,-0.1868,-0.0073,325.8125,enc,0.0000
1786096322.834064,0.0602,0.0,0.0,0.0000,0.0000,0.0560,-0.1868,-0.0073,325.8125,enc,0.0000
1786096323.033464,0.1994,0.0,0.0,0.0000,0.0000,0.0560,-0.1868,-0.0073,325.8125,enc,0.0000
1786096323.042675,0.0092,0.0,0.0,0.0000,0.0000,0.0560,-0.1868,-0.0073,325.8125,enc,0.0000
1786096323.277860,0.2352,0.0,0.0,0.0000,0.0000,0.0560,-0.1868,-0.0073,325.8125,enc,0.0000
1786096323.277907,0.0000,0.0,0.0,0.0000,0.0000,0.0560,-0.1868,-0.0073,325.8125,enc,0.0000
1786096323.616863,0.3390,0.0,0.0,0.0000,0.0000,0.0560,-0.1868,-0.0073,325.8125,enc,0.0000
1786096323.616909,0.0000,0.0,0.0,0.0000,0.0000,0.0560,-0.1868,-0.0073,325.8125,enc,0.0000
1786096323.616924,0.0000,0.0,0.0,0.0000,0.0000,0.0560,-0.1868,-0.0073,325.8125,enc,0.0000
1786096323.764892,0.1480,0.0,0.0,0.0000,0.0000,0.0560,-0.1868,-0.0073,325.8125,enc,0.0000
1786096323.773588,0.0087,0.0,0.0,0.0000,0.0000,0.0560,-0.1868,-0.0073,325.8125,enc,0.0000
1786096324.039440,0.2659,0.0,0.0,0.0000,0.0000,0.0560,-0.1868,-0.0073,325.8125,enc,0.0000
1786096324.039484,0.0000,0.0,0.0,0.0000,0.0000,0.0560,-0.1868,-0.0073,325.8125,enc,0.0000
1786096324.101784,0.0623,0.0,0.0,0.0000,0.0000,0.0560,-0.1868,-0.0073,325.8125,enc,0.0000
1786096324.274451,0.1727,0.0,0.0,0.0000,0.0000,0.0560,-0.1868,-0.0073,325.8125,enc,0.0000
1786096324.316185,0.0417,0.0,0.0,0.0000,0.0000,0.0560,-0.1868,-0.0073,325.8125,enc,0.0000
1786096324.521857,0.2057,0.0,0.0,0.0000,0.0000,0.0560,-0.1868,-0.0073,325.8125,enc,0.0000
1786096324.522367,0.0005,0.0,0.0,0.0000,0.0000,0.0560,-0.1868,-0.0073,325.8125,enc,0.0000
1786096324.598819,0.0765,0.0,0.0,0.0000,0.0000,0.0560,-0.1868,-0.0073,325.8125,enc,0.0000
1786096324.776794,0.1780,0.0,0.0,0.0000,0.0000,0.0560,-0.1868,-0.0073,325.8125,enc,0.0000
1786096324.809547,0.0328,0.0,0.0,0.0000,0.0000,0.0560,-0.1868,-0.0073,325.8125,enc,0.0000
1786096325.044752,0.2352,0.0,0.0,0.0000,0.0000,0.0560,-0.1868,-0.0073,325.8125,enc,0.0000
1786096325.044943,0.0002,0.0,0.0,0.0000,0.0000,0.0560,-0.1868,-0.0073,325.8125,enc,0.0000
1786096325.126000,0.0811,0.0,0.0,0.0000,0.0000,0.0560,-0.1868,-0.0073,325.8125,enc,0.0000
1786096325.236338,0.1103,0.0,0.0,0.0000,0.0000,0.0560,-0.1868,-0.0073,325.8125,enc,0.0000
1786096325.378346,0.1420,0.0,0.0,0.0000,0.0000,0.0560,-0.1868,-0.0073,325.8125,enc,0.0000
1786096325.448752,0.0704,0.0,0.0,0.0000,0.0000,0.0560,-0.1868,-0.0073,325.8125,enc,0.0000
1786096325.556302,0.1075,0.0,0.0,0.0000,0.0000,0.0560,-0.1868,-0.0073,325.8125,enc,0.0000
1786096325.677839,0.1215,0.0,0.0,0.0000,0.0000,0.0560,-0.1868,-0.0073,325.8125,enc,0.0000
1786096325.741488,0.0636,0.0,0.0,0.0000,0.0000,0.0560,-0.1868,-0.0073,325.8125,enc,0.0000
1786096325.847135,0.1056,0.0,0.0,0.0000,0.0000,0.0560,-0.1868,-0.0073,325.8125,enc,0.0000
1786096325.953714,0.1066,0.0,0.0,0.0000,0.0000,0.0560,-0.1868,-0.0073,325.8125,enc,0.0000
1786096326.068182,0.1145,0.0,0.0,0.0000,0.0000,0.0560,-0.1868,-0.0073,325.8125,enc,0.0000
1786096326.157324,0.0891,0.0,0.0,0.0000,0.0000,0.0560,-0.1868,-0.0073,325.8125,enc,0.0000
1786096326.260791,0.1035,0.0,0.0,0.0000,0.0000,0.0560,-0.1868,-0.0073,325.8125,enc,0.0000
1786096326.365284,0.1045,0.0,0.0,0.0000,0.0000,0.0560,-0.1868,-0.0073,325.8125,enc,0.0000
1786096326.477453,0.1122,0.0,0.0,0.0000,0.0000,0.0560,-0.1868,-0.0073,325.8125,enc,0.0000
1786096326.573389,0.0959,0.0,0.0,0.0000,0.0000,0.0560,-0.1868,-0.0073,325.8125,enc,0.0000
1786096326.673085,0.0997,0.0,0.0,0.0000,0.0000,0.0560,-0.1868,-0.0073,325.8125,enc,0.0000
1786096326.779067,0.1060,0.0,0.0,0.0000,0.0000,0.0560,-0.1868,-0.0073,325.8125,enc,0.0000
1786096326.919998,0.1409,0.0,0.0,0.0000,0.0000,0.0560,-0.1868,-0.0073,325.8125,enc,0.0000
1786096326.995096,0.0751,0.0,0.0,0.0000,0.0000,0.0560,-0.1868,-0.0073,325.8125,enc,0.0000
1786096327.114646,0.1196,0.0,0.0,0.0000,0.0000,0.0560,-0.1868,-0.0073,325.8125,enc,0.0000
1786096327.213584,0.0989,0.0,0.0,0.0000,0.0000,0.0560,-0.1868,-0.0073,325.8125,enc,0.0000
1786096327.315659,0.1021,0.0,0.0,0.0000,0.0000,0.0560,-0.1868,-0.0073,325.8125,enc,0.0000
1786096327.414082,0.0984,0.0,0.0,0.0000,0.0000,0.0560,-0.1868,-0.0073,325.8125,enc,0.0000
1786096327.534710,0.1206,0.0,0.0,0.0000,0.0000,0.0560,-0.1868,-0.0073,325.8125,enc,0.0000
1786096327.613525,0.0788,0.0,0.0,0.0000,0.0000,0.0560,-0.1868,-0.0073,325.8125,enc,0.0000
1786096327.726128,0.1126,0.0,0.0,0.0000,0.0000,0.0560,-0.1868,-0.0073,325.8125,enc,0.0000
1786096327.825902,0.0998,0.0,0.0,0.0000,0.0000,0.0560,-0.1868,-0.0073,325.8125,enc,0.0000
1786096327.923028,0.0971,0.0,0.0,0.0000,0.0000,0.0560,-0.1868,-0.0073,325.8125,enc,0.0000
1786096328.020837,0.0978,0.0,0.0,0.0000,0.0000,0.0560,-0.1868,-0.0073,325.8125,enc,0.0000
1786096328.126226,0.1054,0.0,0.0,0.0000,0.0000,0.0560,-0.1868,-0.0073,325.8125,enc,0.0000
1786096328.246989,0.1208,0.0,0.0,0.0000,0.0000,0.0560,-0.1868,-0.0073,325.8125,enc,0.0000
1786096328.343537,0.0965,0.0,0.0,0.0000,0.0000,0.0560,-0.1868,-0.0073,325.8125,enc,0.0000
1786096328.451221,0.1077,0.0,0.0,0.0000,0.0000,0.0560,-0.1868,-0.0073,325.8125,enc,0.0000
1786096328.552952,0.1017,0.0,0.0,0.0000,0.0000,0.0560,-0.1868,-0.0073,325.8125,enc,0.0000
1786096328.651360,0.0984,0.0,0.0,0.0000,0.0000,0.0560,-0.1868,-0.0073,325.8125,enc,0.0000
1786096328.758501,0.1071,0.0,0.0,0.0000,0.0000,0.0560,-0.1868,-0.0073,325.8125,enc,0.0000
1786096328.875757,0.1173,0.0,0.0,0.0000,0.0000,0.0560,-0.1868,-0.0073,325.8125,enc,0.0000
1786096328.981775,0.1060,0.0,0.0,0.0000,0.0000,0.0560,-0.1868,-0.0073,325.8125,enc,0.0000
1786096329.079497,0.0977,0.0,0.0,0.0000,0.0000,0.0560,-0.1868,-0.0073,325.8125,enc,0.0000
1786096329.176095,0.0966,0.0,0.0,0.0000,0.0000,0.0560,-0.1868,-0.0073,325.8125,enc,0.0000
1786096329.275277,0.0992,0.0,0.0,0.0000,0.0000,0.0560,-0.1868,-0.0073,325.8125,enc,0.0000
1786096329.375281,0.1000,0.0,0.0,0.0000,0.0000,0.0560,-0.1868,-0.0073,325.8125,enc,0.0000
1786096329.492214,0.1169,0.0,0.0,0.0000,0.0000,0.0560,-0.1868,-0.0073,325.8125,enc,0.0000
1786096329.600321,0.1081,0.0,0.0,0.0000,0.0000,0.0560,-0.1868,-0.0073,325.8125,enc,0.0000
1786096329.691862,0.0915,0.0,0.0,0.0000,0.0000,0.0560,-0.1868,-0.0073,325.8125,enc,0.0000
1786096329.914952,0.2231,0.0,0.0,0.0000,0.0000,0.0560,-0.1868,-0.0073,325.8125,enc,0.0000
1786096329.915431,0.0005,0.0,0.0,0.0000,0.0000,0.0560,-0.1868,-0.0073,325.8125,enc,0.0000
1786096329.999369,0.0839,0.0,0.0,0.0000,0.0000,0.0560,-0.1868,-0.0073,325.8125,enc,0.0000
1786096330.104487,0.1051,0.0,0.0,0.0000,0.0000,0.0560,-0.1868,-0.0073,325.8125,enc,0.0000
1786096330.207065,0.1026,0.0,0.0,0.0000,0.0000,0.0560,-0.1868,-0.0073,325.8125,enc,0.0000
1786096330.311961,0.1049,0.0,0.0,0.0000,0.0000,0.0560,-0.1868,-0.0073,325.8125,enc,0.0000
1786096330.415068,0.1031,0.0,0.0,0.0000,0.0000,0.0560,-0.1868,-0.0073,325.8125,enc,0.0000
1786096330.522754,0.1077,0.0,0.0,0.0000,0.0000,0.0560,-0.1868,-0.0073,325.8125,enc,0.0000
1786096330.655356,0.1326,0.0,0.0,0.0000,0.0000,0.0560,-0.1868,-0.0073,325.8125,enc,0.0000
1786096330.728429,0.0731,0.0,0.0,0.0000,0.0000,0.0560,-0.1868,-0.0073,325.8125,enc,0.0000
1786096330.849760,0.1213,0.0,0.0,0.0000,0.0000,0.0560,-0.1868,-0.0073,325.8125,enc,0.0000
1786096330.949307,0.0995,0.0,0.0,0.0000,0.0000,0.0560,-0.1868,-0.0073,325.8125,enc,0.0000
1786096331.037214,0.0879,0.0,0.0,0.0000,0.0000,0.0560,-0.1868,-0.0073,325.8125,enc,0.0000
1786096331.161980,0.1248,0.0,0.0,0.0000,0.0000,0.0560,-0.1868,-0.0073,325.8125,enc,0.0000
1786096331.243862,0.0819,0.0,0.0,0.0000,0.0000,0.0560,-0.1868,-0.0073,325.8125,enc,0.0000
1786096331.365656,0.1218,0.0,0.0,0.0000,0.0000,0.0560,-0.1868,-0.0073,325.8125,enc,0.0000
1786096331.452566,0.0869,0.0,0.0,0.0000,0.0000,0.0560,-0.1868,-0.0073,325.8125,enc,0.0000
1786096331.586156,0.1336,0.0,0.0,0.0000,0.0000,0.0560,-0.1868,-0.0073,325.8125,enc,0.0000
1786096331.703029,0.1169,0.0,0.0,0.0000,0.0000,0.0560,-0.1868,-0.0073,325.8125,enc,0.0000
1786096331.811777,0.1087,0.0,0.0,0.0000,0.0000,0.0560,-0.1868,-0.0073,325.8125,enc,0.0000
1786096331.879343,0.0676,0.0,0.0,0.0000,0.0000,0.0560,-0.1868,-0.0073,325.8125,enc,0.0000
1786096332.002979,0.1236,0.0,0.0,0.0000,0.0000,0.0560,-0.1868,-0.0073,325.8125,enc,0.0000
1786096332.124972,0.1220,0.0,0.0,0.0000,0.0000,0.0560,-0.1868,-0.0073,325.8125,enc,0.0000
1786096332.218563,0.0936,0.0,0.0,0.0000,0.0000,0.0560,-0.1868,-0.0073,325.8125,enc,0.0000
1786096332.289733,0.0712,0.0,0.0,0.0000,0.0000,0.0560,-0.1868,-0.0073,325.8125,enc,0.0000
1786096332.390270,0.1005,0.0,0.0,0.0000,0.0000,0.0560,-0.1868,-0.0073,325.8125,enc,0.0000
1786096332.521888,0.1316,0.0,0.0,0.0000,0.0000,0.0560,-0.1868,-0.0073,325.8125,enc,0.0000
1786096332.606284,0.0844,0.0,0.0,0.0000,0.0000,0.0560,-0.1868,-0.0073,325.8125,enc,0.0000
1786096332.721877,0.1156,0.0,0.0,0.0000,0.0000,0.0560,-0.1868,-0.0073,325.8125,enc,0.0000
1786096332.873009,0.1511,0.0,0.0,0.0000,0.0000,0.0560,-0.1868,-0.0073,325.8125,enc,0.0000
1786096332.933981,0.0610,0.0,0.0,0.0000,0.0000,0.0560,-0.1868,-0.0073,325.8125,enc,0.0000
1786096333.023696,0.0897,0.0,0.0,0.0000,0.0000,0.0560,-0.1868,-0.0073,325.8125,enc,0.0000
1786096333.126836,0.1031,0.0,0.0,0.0000,0.0000,0.0560,-0.1868,-0.0073,325.8125,enc,0.0000
1786096333.235989,0.1092,0.0,0.0,0.0000,0.0000,0.0560,-0.1868,-0.0073,325.8125,enc,0.0000
1786096333.332718,0.0967,0.0,0.0,0.0000,0.0000,0.0560,-0.1868,-0.0073,325.8125,enc,0.0000
1786096333.424247,0.0915,0.0,0.0,0.0000,0.0000,0.0560,-0.1868,-0.0073,325.8125,enc,0.0000
1786096333.535594,0.1113,0.0,0.0,0.0000,0.0000,0.0560,-0.1868,-0.0073,325.8125,enc,0.0000
1786096333.638505,0.1029,0.0,0.0,0.0000,0.0000,0.0560,-0.1868,-0.0073,325.8125,enc,0.0000
1786096333.749527,0.1110,0.0,0.0,0.0000,0.0000,0.0560,-0.1868,-0.0073,325.8125,enc,0.0000
1786096333.852993,0.1035,0.0,0.0,0.0000,0.0000,0.0560,-0.1868,-0.0073,325.8125,enc,0.0000
1786096333.945997,0.0930,0.0,0.0,0.0000,0.0000,0.0560,-0.1868,-0.0073,325.8125,enc,0.0000
1786096334.061757,0.1158,0.0,0.0,0.0000,0.0000,0.0560,-0.1868,-0.0073,325.8125,enc,0.0000
1786096334.164870,0.1031,0.0,0.0,0.0000,0.0000,0.0560,-0.1868,-0.0073,325.8125,enc,0.0000
1786096334.258809,0.0939,0.0,0.0,0.0000,0.0000,0.0560,-0.1868,-0.0073,325.8125,enc,0.0000
1786096334.364980,0.1062,0.0,0.0,0.0000,0.0000,0.0560,-0.1868,-0.0073,325.8125,enc,0.0000
1786096334.470837,0.1059,0.0,0.0,0.0000,0.0000,0.0560,-0.1868,-0.0073,325.8125,enc,0.0000
1786096334.584494,0.1137,0.0,0.0,0.0000,0.0000,0.0560,-0.1868,-0.0073,325.8125,enc,0.0000
1786096334.672734,0.0882,0.0,0.0,0.0000,0.0000,0.0560,-0.1868,-0.0073,325.8125,enc,0.0000
1786096334.775919,0.1032,0.0,0.0,0.0000,0.0000,0.0560,-0.1868,-0.0073,325.8125,enc,0.0000
1786096334.893530,0.1176,0.0,0.0,0.0000,0.0000,0.0560,-0.1868,-0.0073,325.8125,enc,0.0000
1786096334.995812,0.1023,0.0,0.0,0.0000,0.0000,0.0560,-0.1868,-0.0073,325.8125,enc,0.0000
1786096335.099350,0.1035,0.0,0.0,0.0000,0.0000,0.0560,-0.1868,-0.0073,325.8125,enc,0.0000
1786096335.273372,0.1740,0.0,0.0,0.0000,0.0000,0.0560,-0.1868,-0.0073,325.8125,enc,0.0000
1786096335.294949,0.0216,0.0,0.0,0.0000,0.0000,0.0560,-0.1868,-0.0073,325.8125,enc,0.0000
1786096335.572824,0.2779,0.0,0.0,0.0000,0.0000,0.0560,-0.1868,-0.0073,325.8125,enc,0.0000
1786096335.579889,0.0071,0.0,0.0,0.0000,0.0000,0.0560,-0.1868,-0.0073,325.8125,enc,0.0000
1786096335.621008,0.0411,0.0,0.0,0.0000,0.0000,0.0560,-0.1868,-0.0073,325.8125,enc,0.0000
1786096335.775146,0.1541,0.0,0.0,0.0000,0.0000,0.0560,-0.1868,-0.0073,325.8125,enc,0.0000
1786096335.818269,0.0431,0.0,0.0,0.0000,0.0000,0.0560,-0.1868,-0.0073,325.8125,enc,0.0000
1786096336.016083,0.1978,0.0,0.0,0.0000,0.0000,0.0560,-0.1868,-0.0073,325.8125,enc,0.0000
1786096336.025360,0.0093,0.0,0.0,0.0000,0.0000,0.0560,-0.1868,-0.0073,325.8125,enc,0.0000
1786096336.291109,0.2657,0.0,0.0,0.0000,0.0000,0.0560,-0.1868,-0.0073,325.8125,enc,0.0000
1786096336.293797,0.0027,0.0,0.0,0.0000,0.0000,0.0560,-0.1868,-0.0073,325.8125,enc,0.0000
1786096336.350373,0.0566,0.0,0.0,0.0000,0.0000,0.0560,-0.1868,-0.0073,325.8125,enc,0.0000
1786096336.537098,0.1867,0.0,0.0,0.0000,0.0000,0.0560,-0.1868,-0.0073,325.8125,enc,0.0000
1786096336.546829,0.0097,0.0,0.0,0.0000,0.0000,0.0560,-0.1868,-0.0073,325.8125,enc,0.0000
1786096336.782958,0.2361,0.0,0.0,0.0000,0.0000,0.0560,-0.1868,-0.0073,325.8125,enc,0.0000
1786096336.787410,0.0045,0.0,0.0,0.0000,0.0000,0.0560,-0.1868,-0.0073,325.8125,enc,0.0000
1786096336.854296,0.0669,0.0,0.0,0.0000,0.0000,0.0560,-0.1868,-0.0073,325.8125,enc,0.0000
1786096337.049093,0.1948,0.0,0.0,0.0000,0.0000,0.0560,-0.1868,-0.0073,325.8125,enc,0.0000
1786096337.057989,0.0089,0.0,0.0,0.0000,0.0000,0.0560,-0.1868,-0.0073,325.8125,enc,0.0000
1786096337.286653,0.2287,0.0,0.0,0.0000,0.0000,0.0560,-0.1868,-0.0073,325.8125,enc,0.0000
1786096337.287390,0.0007,0.0,0.0,0.0000,0.0000,0.0560,-0.1868,-0.0073,325.8125,enc,0.0000
1786096337.367619,0.0802,0.0,0.0,0.0000,0.0000,0.0560,-0.1868,-0.0073,325.8125,enc,0.0000
1786096337.544479,0.1769,0.0,0.0,0.0000,0.0000,0.0560,-0.1868,-0.0073,325.8125,enc,0.0000
1786096337.582130,0.0377,0.0,0.0,0.0000,0.0000,0.0560,-0.1868,-0.0073,325.8125,enc,0.0000
1786096337.793871,0.2117,0.0,0.0,0.0000,0.0000,0.0560,-0.1868,-0.0073,325.8125,enc,0.0000
1786096337.817125,0.0233,0.0,0.0,0.0000,0.0000,0.0560,-0.1868,-0.0073,325.8125,enc,0.0000
1786096338.030198,0.2131,0.0,0.0,0.0000,0.0000,0.0560,-0.1868,-0.0073,325.8125,enc,0.0000
1786096338.030538,0.0003,0.0,0.0,0.0000,0.0000,0.0560,-0.1868,-0.0073,325.8125,enc,0.0000
1786096338.090951,0.0604,0.0,0.0,0.0000,0.0000,0.0560,-0.1868,-0.0073,325.8125,enc,0.0000
1786096338.288134,0.1972,0.0,0.0,0.0000,0.0000,0.0560,-0.1868,-0.0073,325.8125,enc,0.0000
1786096338.348537,0.0604,0.0,0.0,0.0000,0.0000,0.0560,-0.1868,-0.0073,325.8125,enc,0.0000
1786096338.532042,0.1835,0.0,0.0,0.0000,0.0000,0.0560,-0.1868,-0.0073,325.8125,enc,0.0000
1786096338.552588,0.0205,0.0,0.0,0.0000,0.0000,0.0560,-0.1868,-0.0073,325.8125,enc,0.0000
1786096339.068917,0.5163,0.0,0.0,0.0000,0.0000,0.0560,-0.1868,-0.0073,325.8125,enc,0.0000
1786096339.068963,0.0000,0.0,0.0,0.0000,0.0000,0.0560,-0.1868,-0.0073,325.8125,enc,0.0000
1786096339.068976,0.0000,0.0,0.0,0.0000,0.0000,0.0560,-0.1868,-0.0073,325.8125,enc,0.0000
1786096339.068986,0.0000,0.0,0.0,0.0000,0.0000,0.0560,-0.1868,-0.0073,325.8125,enc,0.0000
1786096339.068994,0.0000,0.0,0.0,0.0000,0.0000,0.0560,-0.1868,-0.0073,325.8125,enc,0.0000
1786096339.148616,0.0796,0.0,0.0,0.0000,0.0000,0.0560,-0.1868,-0.0073,325.8125,enc,0.0000
1786096339.384862,0.2362,0.0,0.0,0.0000,0.0000,0.0560,-0.1868,-0.0073,325.8125,enc,0.0000
1786096339.384913,0.0001,0.0,0.0,0.0000,0.0000,0.0560,-0.1868,-0.0073,325.8125,enc,0.0000
1786096339.538920,0.1540,0.0,0.0,0.0000,0.0000,0.0560,-0.1868,-0.0073,325.8125,enc,0.0000
1786096339.602700,0.0638,0.0,0.0,0.0000,0.0000,0.0560,-0.1868,-0.0073,325.8125,enc,0.0000
1786096339.793986,0.1913,0.0,0.0,0.0000,0.0000,0.0560,-0.1868,-0.0073,325.8125,enc,0.0000
1786096339.825075,0.0311,0.0,0.0,0.0000,0.0000,0.0560,-0.1868,-0.0073,325.8125,enc,0.0000
1786096339.890213,0.0651,0.0,0.0,0.0000,0.0000,0.0560,-0.1868,-0.0073,325.8125,enc,0.0000
1786096340.069231,0.1790,0.0,0.0,0.0000,0.0000,0.0560,-0.1868,-0.0073,325.8125,enc,0.0000
1786096340.094026,0.0248,0.0,0.0,0.0000,0.0000,0.0560,-0.1868,-0.0073,325.8125,enc,0.0000
1786096340.172895,0.0789,0.0,0.0,0.0000,0.0000,0.0560,-0.1868,-0.0073,325.8125,enc,0.0000
1786096340.274748,0.1019,0.0,0.0,0.0000,0.0000,0.0560,-0.1868,-0.0073,325.8125,enc,0.0000
1786096340.386996,0.1122,0.0,0.0,0.0000,0.0000,0.0560,-0.1868,-0.0073,325.8125,enc,0.0000
1786096340.509581,0.1226,0.0,0.0,0.0000,0.0000,0.0560,-0.1868,-0.0073,325.8125,enc,0.0000
1786096340.600003,0.0904,0.0,0.0,0.0000,0.0000,0.0560,-0.1868,-0.0073,325.8125,enc,0.0000
1786096340.694704,0.0947,0.0,0.0,0.0000,0.0000,0.0560,-0.1868,-0.0073,325.8125,enc,0.0000
1786096340.809963,0.1153,0.0,0.0,0.0000,0.0000,0.0560,-0.1868,-0.0073,325.8125,enc,0.0000
1786096340.930655,0.1207,0.0,0.0,0.0000,0.0000,0.0560,-0.1868,-0.0073,325.8125,enc,0.0000
1786096341.014167,0.0835,0.0,0.0,0.0000,0.0000,0.0560,-0.1868,-0.0073,325.8125,enc,0.0000
1786096341.107636,0.0935,0.0,0.0,0.0000,0.0000,0.0560,-0.1868,-0.0073,325.8125,enc,0.0000
1786096341.208874,0.1012,0.0,0.0,0.0000,0.0000,0.0560,-0.1868,-0.0073,325.8125,enc,0.0000
1786096341.311784,0.1029,0.0,0.0,0.0000,0.0000,0.0560,-0.1868,-0.0073,325.8125,enc,0.0000
1786096341.431240,0.1195,0.0,0.0,0.0000,0.0000,0.0560,-0.1868,-0.0073,325.8125,enc,0.0000
1786096341.527205,0.0960,0.0,0.0,0.0000,0.0000,0.0560,-0.1868,-0.0073,325.8125,enc,0.0000
1786096341.639349,0.1121,0.0,0.0,0.0000,0.0000,0.0560,-0.1868,-0.0073,325.8125,enc,0.0000
1786096341.728524,0.0892,0.0,0.0,0.0000,0.0000,0.0560,-0.1868,-0.0073,325.8125,enc,0.0000
1786096341.861196,0.1327,0.0,0.0,0.0000,0.0000,0.0560,-0.1868,-0.0073,325.8125,enc,0.0000
1786096341.949299,0.0881,0.0,0.0,0.0000,0.0000,0.0560,-0.1868,-0.0073,325.8125,enc,0.0000
1786096342.051917,0.1026,0.0,0.0,0.0000,0.0000,0.0560,-0.1868,-0.0073,325.8125,enc,0.0000
1786096342.139005,0.0871,0.0,0.0,0.0000,0.0000,0.0560,-0.1868,-0.0073,325.8125,enc,0.0000
1786096342.288027,0.1490,0.0,0.0,0.0000,0.0000,0.0560,-0.1868,-0.0073,325.8125,enc,0.0000
1786096342.363062,0.0750,0.0,0.0,0.0000,0.0000,0.0560,-0.1868,-0.0073,325.8125,enc,0.0000
1786096342.480769,0.1177,0.0,0.0,0.0000,0.0000,0.0560,-0.1868,-0.0073,325.8125,enc,0.0000
1786096342.564204,0.0834,0.0,0.0,0.0000,0.0000,0.0560,-0.1868,-0.0073,325.8125,enc,0.0000
1786096342.663509,0.0993,0.0,0.0,0.0000,0.0000,0.0560,-0.1868,-0.0073,325.8125,enc,0.0000
1786096342.775288,0.1118,0.0,0.0,0.0000,0.0000,0.0560,-0.1868,-0.0073,325.8125,enc,0.0000
1786096342.871898,0.0966,0.0,0.0,0.0000,0.0000,0.0560,-0.1868,-0.0073,325.8125,enc,0.0000
1786096342.972894,0.1010,0.0,0.0,0.0000,0.0000,0.0560,-0.1868,-0.0073,325.8125,enc,0.0000
1786096343.085208,0.1123,0.0,0.0,0.0000,0.0000,0.0560,-0.1868,-0.0073,325.8125,enc,0.0000
1786096343.191777,0.1066,0.0,0.0,0.0000,0.0000,0.0560,-0.1868,-0.0073,325.8125,enc,0.0000
1786096343.287520,0.0957,0.0,0.0,0.0000,0.0000,0.0560,-0.1868,-0.0073,325.8125,enc,0.0000
1786096343.407200,0.1197,0.0,0.0,0.0000,0.0000,0.0560,-0.1868,-0.0073,325.8125,enc,0.0000
1786096343.490062,0.0829,0.0,0.0,0.0000,0.0000,0.0560,-0.1868,-0.0073,325.8125,enc,0.0000
1786096343.614106,0.1240,0.0,0.0,0.0000,0.0000,0.0560,-0.1868,-0.0073,325.8125,enc,0.0000
1786096343.707899,0.0938,0.0,0.0,0.0000,0.0000,0.0560,-0.1868,-0.0073,325.8125,enc,0.0000
1786096343.807299,0.0994,0.0,0.0,0.0000,0.0000,0.0560,-0.1868,-0.0073,325.8125,enc,0.0000
1786096343.915374,0.1081,0.0,0.0,0.0000,0.0000,0.0560,-0.1868,-0.0073,325.8125,enc,0.0000
1786096344.022354,0.1070,0.0,0.0,0.0000,0.0000,0.0560,-0.1868,-0.0073,325.8125,enc,0.0000
1786096344.289302,0.2669,0.0,0.0,0.0000,0.0000,0.0560,-0.1868,-0.0073,325.8125,enc,0.0000
1786096344.310529,0.0212,0.0,0.0,0.0000,0.0000,0.0560,-0.1868,-0.0073,325.8125,enc,0.0000
1786096344.320547,0.0100,0.0,0.0,0.0000,0.0000,0.0560,-0.1868,-0.0073,325.8125,enc,0.0000
1786096344.432430,0.1119,0.0,0.0,0.0000,0.0000,0.0560,-0.1868,-0.0073,325.8125,enc,0.0000
1786096344.529819,0.0974,0.0,0.0,0.0000,0.0000,0.0560,-0.1868,-0.0073,325.8125,enc,0.0000
1786096344.637070,0.1073,0.0,0.0,0.0000,0.0000,0.0560,-0.1868,-0.0073,325.8125,enc,0.0000
1786096344.741650,0.1046,0.0,0.0,0.0000,0.0000,0.0560,-0.1868,-0.0073,325.8125,enc,0.0000
1786096344.840007,0.0984,0.0,0.0,0.0000,0.0000,0.0560,-0.1868,-0.0073,325.8125,enc,0.0000
1786096344.950036,0.1100,0.0,0.0,0.0000,0.0000,0.0560,-0.1868,-0.0073,325.8125,enc,0.0000
1786096345.050853,0.1008,0.0,0.0,0.0000,0.0000,0.0560,-0.1868,-0.0073,325.8125,enc,0.0000
1786096345.153698,0.1028,0.0,0.0,0.0000,0.0000,0.0560,-0.1868,-0.0073,325.8125,enc,0.0000
1786096345.257487,0.1038,0.0,0.0,0.0000,0.0000,0.0560,-0.1868,-0.0073,325.8125,enc,0.0000
1786096345.362118,0.1046,0.0,0.0,0.0000,0.0000,0.0560,-0.1868,-0.0073,325.8125,enc,0.0000
1786096345.465013,0.1029,0.0,0.0,0.0000,0.0000,0.0560,-0.1868,-0.0073,325.8125,enc,0.0000
1786096345.575387,0.1104,0.0,0.0,0.0000,0.0000,0.0560,-0.1868,-0.0073,325.8125,enc,0.0000
1786096345.681656,0.1063,0.0,0.0,0.0000,0.0000,0.0560,-0.1868,-0.0073,325.8125,enc,0.0000
1786096345.787859,0.1062,0.0,0.0,0.0000,0.0000,0.0560,-0.1868,-0.0073,325.8125,enc,0.0000
1786096345.885099,0.0972,0.0,0.0,0.0000,0.0000,0.0560,-0.1868,-0.0073,325.8125,enc,0.0000
1786096346.027121,0.1420,0.0,0.0,0.0000,0.0000,0.0560,-0.1868,-0.0073,325.8125,enc,0.0000
1786096346.091869,0.0647,0.0,0.0,0.0000,0.0000,0.0560,-0.1868,-0.0073,325.8125,enc,0.0000
1786096346.201893,0.1100,0.0,0.0,0.0000,0.0000,0.0560,-0.1868,-0.0073,325.8125,enc,0.0000
1786096346.297327,0.0954,0.0,0.0,0.0000,0.0000,0.0560,-0.1868,-0.0073,325.8125,enc,0.0000
1786096346.399672,0.1023,0.0,0.0,0.0000,0.0000,0.0560,-0.1868,-0.0073,325.8125,enc,0.0000
1786096346.502391,0.1027,0.0,0.0,0.0000,0.0000,0.0560,-0.1868,-0.0073,325.8125,enc,0.0000
1786096346.624946,0.1226,0.0,0.0,0.0000,0.0000,0.0560,-0.1868,-0.0073,325.8125,enc,0.0000
1786096346.708998,0.0841,0.0,0.0,0.0000,0.0000,0.0560,-0.1868,-0.0073,325.8125,enc,0.0000
1786096346.826743,0.1177,0.0,0.0,0.0000,0.0000,0.0560,-0.1868,-0.0073,325.8125,enc,0.0000
1786096346.937821,0.1111,0.0,0.0,0.0000,0.0000,0.0560,-0.1868,-0.0073,325.8125,enc,0.0000
1786096347.028992,0.0912,0.0,0.0,0.0000,0.0000,0.0560,-0.1868,-0.0073,325.8125,enc,0.0000
1786096347.143592,0.1146,0.0,0.0,0.0000,0.0000,0.0560,-0.1868,-0.0073,325.8125,enc,0.0000
1786096347.231894,0.0883,0.0,0.0,0.0000,0.0000,0.0560,-0.1868,-0.0073,325.8125,enc,0.0000
1786096347.357983,0.1261,0.0,0.0,0.0000,0.0000,0.0560,-0.1868,-0.0073,325.8125,enc,0.0000
1786096347.461285,0.1033,0.0,0.0,0.0000,0.0000,0.0560,-0.1868,-0.0073,325.8125,enc,0.0000
1786096347.560639,0.0994,0.0,0.0,0.0000,0.0000,0.0560,-0.1868,-0.0073,325.8125,enc,0.0000
1786096347.646049,0.0854,0.0,0.0,0.0000,0.0000,0.0560,-0.1868,-0.0073,325.8125,enc,0.0000
1786096347.747960,0.1019,0.0,0.0,0.0000,0.0000,0.0560,-0.1868,-0.0073,325.8125,enc,0.0000
1786096347.880252,0.1323,0.0,0.0,0.0000,0.0000,0.0560,-0.1868,-0.0073,325.8125,enc,0.0000
1786096347.969592,0.0893,0.0,0.0,0.0000,0.0000,0.0560,-0.1868,-0.0073,325.8125,enc,0.0000
1786096348.065335,0.0957,0.0,0.0,0.0000,0.0000,0.0560,-0.1868,-0.0073,325.8125,enc,0.0000
1786096348.171795,0.1065,0.0,0.0,0.0000,0.0000,0.0560,-0.1868,-0.0073,325.8125,enc,0.0000
1786096348.278050,0.1063,0.0,0.0,0.0000,0.0000,0.0560,-0.1868,-0.0073,325.8125,enc,0.0000
1786096348.378614,0.1006,0.0,0.0,0.0000,0.0000,0.0560,-0.1868,-0.0073,325.8125,enc,0.0000
1786096348.477067,0.0985,0.0,0.0,0.0000,0.0000,0.0560,-0.1868,-0.0073,325.8125,enc,0.0000
1786096348.588383,0.1113,0.0,0.0,0.0000,0.0000,0.0560,-0.1868,-0.0073,325.8125,enc,0.0000
1786096348.694073,0.1057,0.0,0.0,0.0000,0.0000,0.0560,-0.1868,-0.0073,325.8125,enc,0.0000
1786096348.790721,0.0966,0.0,0.0,0.0000,0.0000,0.0560,-0.1868,-0.0073,325.8125,enc,0.0000
1786096348.897267,0.1065,0.0,0.0,0.0000,0.0000,0.0560,-0.1868,-0.0073,325.8125,enc,0.0000
1786096348.997007,0.0997,0.0,0.0,0.0000,0.0000,0.0560,-0.1868,-0.0073,325.8125,enc,0.0000
1786096349.097667,0.1007,0.0,0.0,0.0000,0.0000,0.0560,-0.1868,-0.0073,325.8125,enc,0.0000
1786096349.216828,0.1192,0.0,0.0,0.0000,0.0000,0.0560,-0.1868,-0.0073,325.8125,enc,0.0000
1786096349.312966,0.0961,0.0,0.0,0.0000,0.0000,0.0560,-0.1868,-0.0073,325.8125,enc,0.0000
1786096349.406403,0.0934,0.0,0.0,0.0000,0.0000,0.0560,-0.1868,-0.0073,325.8125,enc,0.0000
1786096349.509319,0.1029,0.0,0.0,0.0000,0.0000,0.0560,-0.1868,-0.0073,325.8125,enc,0.0000
1786096349.638589,0.1293,0.0,0.0,0.0000,0.0000,0.0560,-0.1868,-0.0073,325.8125,enc,0.0000
1786096349.722126,0.0835,0.0,0.0,0.0000,0.0000,0.0560,-0.1868,-0.0073,325.8125,enc,0.0000
1786096349.842454,0.1203,0.0,0.0,0.0000,0.0000,0.0560,-0.1868,-0.0073,325.8125,enc,0.0000
1786096349.930615,0.0882,0.0,0.0,0.0000,0.0000,0.0560,-0.1868,-0.0073,325.8125,enc,0.0000
1786096350.033362,0.1027,0.0,0.0,0.0000,0.0000,0.0560,-0.1868,-0.0073,325.8125,enc,0.0000
1786096350.267228,0.2339,0.0,0.0,0.0000,0.0000,0.0560,-0.1868,-0.0073,325.8125,enc,0.0000
1786096350.267291,0.0001,0.0,0.0,0.0000,0.0000,0.0560,-0.1868,-0.0073,325.8125,enc,0.0000
1786096350.340578,0.0733,0.0,0.0,0.0000,0.0000,0.0560,-0.1868,-0.0073,325.8125,enc,0.0000
1786096350.521990,0.1814,0.0,0.0,0.0000,0.0000,0.0560,-0.1868,-0.0073,325.8125,enc,0.0000
1786096350.548355,0.0264,0.0,0.0,0.0000,0.0000,0.0560,-0.1868,-0.0073,325.8125,enc,0.0000
1786096350.775022,0.2267,0.0,0.0,0.0000,0.0000,0.0560,-0.1868,-0.0073,325.8125,enc,0.0000
1786096350.778323,0.0033,0.0,0.0,0.0000,0.0000,0.0560,-0.1868,-0.0073,325.8125,enc,0.0000
1786096350.874856,0.0965,0.0,0.0,0.0000,0.0000,0.0560,-0.1868,-0.0073,325.8125,enc,0.0000
1786096351.026427,0.1516,0.0,0.0,0.0000,0.0000,0.0560,-0.1868,-0.0073,325.8125,enc,0.0000
1786096351.072279,0.0459,0.0,0.0,0.0000,0.0000,0.0560,-0.1868,-0.0073,325.8125,enc,0.0000
1786096351.275455,0.2032,0.0,0.0,0.0000,0.0000,0.0560,-0.1868,-0.0073,325.8125,enc,0.0000
1786096351.277158,0.0017,0.0,0.0,0.0000,0.0000,0.0560,-0.1868,-0.0073,325.8125,enc,0.0000
1786096351.538113,0.2610,0.0,0.0,0.0000,0.0000,0.0560,-0.1868,-0.0073,325.8125,enc,0.0000
1786096351.539829,0.0017,0.0,0.0,0.0000,0.0000,0.0560,-0.1868,-0.0073,325.8125,enc,0.0000
1786096351.593309,0.0535,0.0,0.0,0.0000,0.0000,0.0560,-0.1868,-0.0073,325.8125,enc,0.0000
1786096351.784863,0.1916,0.0,0.0,0.0000,0.0000,0.0560,-0.1868,-0.0073,325.8125,enc,0.0000
1786096351.797477,0.0126,0.0,0.0,0.0000,0.0000,0.0560,-0.1868,-0.0073,325.8125,enc,0.0000
1786096352.047473,0.2500,0.0,0.0,0.0000,0.0000,0.0560,-0.1868,-0.0073,325.8125,enc,0.0000
1786096352.051365,0.0039,0.0,0.0,0.0000,0.0000,0.0560,-0.1868,-0.0073,325.8125,enc,0.0000
1786096352.109697,0.0583,0.0,0.0,0.0000,0.0000,0.0560,-0.1868,-0.0073,325.8125,enc,0.0000
1786096352.293913,0.1842,0.0,0.0,0.0000,0.0000,0.0560,-0.1868,-0.0073,325.8125,enc,0.0000
1786096352.327835,0.0339,0.0,0.0,0.0000,0.0000,0.0560,-0.1868,-0.0073,325.8125,enc,0.0000
1786096352.537225,0.2094,0.0,0.0,0.0000,0.0000,0.0560,-0.1868,-0.0073,325.8125,enc,0.0000
1786096352.542634,0.0054,0.0,0.0,0.0000,0.0000,0.0560,-0.1868,-0.0073,325.8125,enc,0.0000
1786096352.627947,0.0853,0.0,0.0,0.0000,0.0000,0.0560,-0.1868,-0.0073,325.8125,enc,0.0000
1786096352.795715,0.1678,0.0,0.0,0.0000,0.0000,0.0560,-0.1868,-0.0073,325.8125,enc,0.0000
1786096352.870874,0.0752,0.0,0.0,0.0000,0.0000,0.0560,-0.1868,-0.0073,325.8125,enc,0.0000
1786096353.035910,0.1650,0.0,0.0,0.0000,0.0000,0.0560,-0.1868,-0.0073,325.8125,enc,0.0000
1786096353.040076,0.0042,0.0,0.0,0.0000,0.0000,0.0560,-0.1868,-0.0073,325.8125,enc,0.0000
1786096353.290302,0.2502,0.0,0.0,0.0000,0.0000,0.0560,-0.1868,-0.0073,325.8125,enc,0.0000
1786096353.292508,0.0022,0.0,0.0,0.0000,0.0000,0.0560,-0.1868,-0.0073,325.8125,enc,0.0000
1786096353.352848,0.0603,0.0,0.0,0.0000,0.0000,0.0560,-0.1868,-0.0073,325.8125,enc,0.0000
1786096353.540941,0.1881,0.0,0.0,0.0000,0.0000,0.0560,-0.1868,-0.0073,325.8125,enc,0.0000
1786096353.562576,0.0216,0.0,0.0,0.0000,0.0000,0.0560,-0.1868,-0.0073,325.8125,enc,0.0000
1786096353.789380,0.2268,0.0,0.0,0.0000,0.0000,0.0560,-0.1868,-0.0073,325.8125,enc,0.0000
1786096353.789922,0.0005,0.0,0.0,0.0000,0.0000,0.0560,-0.1868,-0.0073,325.8125,enc,0.0000
1786096353.869831,0.0799,0.0,0.0,0.0000,0.0000,0.0560,-0.1868,-0.0073,325.8125,enc,0.0000
1786096354.040911,0.1711,0.0,0.0,0.0000,0.0000,0.0560,-0.1868,-0.0073,325.8125,enc,0.0000
1786096354.082875,0.0420,0.0,0.0,0.0000,0.0000,0.0560,-0.1868,-0.0073,325.8125,enc,0.0000
1786096354.288645,0.2058,0.0,0.0,0.0000,0.0000,0.0560,-0.1868,-0.0073,325.8125,enc,0.0000
1786096354.301630,0.0130,0.0,0.0,0.0000,0.0000,0.0560,-0.1868,-0.0073,325.8125,enc,0.0000
1786096354.551663,0.2500,0.0,0.0,0.0000,0.0000,0.0560,-0.1868,-0.0073,325.8125,enc,0.0000
1786096354.559173,0.0075,0.0,0.0,0.0000,0.0000,0.0560,-0.1868,-0.0073,325.8125,enc,0.0000
1786096354.594434,0.0353,0.0,0.0,0.0000,0.0000,0.0560,-0.1868,-0.0073,325.8125,enc,0.0000
1786096354.849747,0.2553,0.0,0.0,0.0000,0.0000,0.0560,-0.1868,-0.0073,325.8125,enc,0.0000
1786096354.851501,0.0018,0.0,0.0,0.0000,0.0000,0.0560,-0.1868,-0.0073,325.8125,enc,0.0000
1786096355.053427,0.2019,0.0,0.0,0.0000,0.0000,0.0560,-0.1868,-0.0073,325.8125,enc,0.0000
1786096355.055210,0.0018,0.0,0.0,0.0000,0.0000,0.0560,-0.1868,-0.0073,325.8125,enc,0.0000
1786096355.113624,0.0584,0.0,0.0,0.0000,0.0000,0.0560,-0.1868,-0.0073,325.8125,enc,0.0000
1786096355.242918,0.1293,0.0,0.0,0.0000,0.0000,0.0560,-0.1868,-0.0073,325.8125,enc,0.0000
1786096355.339449,0.0965,0.0,0.0,0.0000,0.0000,0.0560,-0.1868,-0.0073,325.8125,enc,0.0000
1786096355.442338,0.1029,0.0,0.0,0.0000,0.0000,0.0560,-0.1868,-0.0073,325.8125,enc,0.0000
1786096355.549474,0.1071,0.0,0.0,0.0000,0.0000,0.0560,-0.1868,-0.0073,325.8125,enc,0.0000
1786096355.648799,0.0993,0.0,0.0,0.0000,0.0000,0.0560,-0.1868,-0.0073,325.8125,enc,0.0000
1786096355.772763,0.1240,0.0,0.0,0.0000,0.0000,0.0560,-0.1868,-0.0073,325.8125,enc,0.0000
1786096355.856902,0.0841,0.0,0.0,0.0000,0.0000,0.0560,-0.1868,-0.0073,325.8125,enc,0.0000
1786096355.946485,0.0896,0.0,0.0,0.0000,0.0000,0.0560,-0.1868,-0.0073,325.8125,enc,0.0000
1786096356.058950,0.1125,0.0,0.0,0.0000,0.0000,0.0560,-0.1868,-0.0073,325.8125,enc,0.0000
1786096356.158085,0.0991,0.0,0.0,0.0000,0.0000,0.0560,-0.1868,-0.0073,325.8125,enc,0.0000
1786096356.275154,0.1171,0.0,0.0,0.0000,0.0000,0.0560,-0.1868,-0.0073,325.8125,enc,0.0000
1786096356.392720,0.1176,0.0,0.0,0.0000,0.0000,0.0560,-0.1868,-0.0073,325.8125,enc,0.0000
1786096356.485908,0.0932,0.0,0.0,0.0000,0.0000,0.0560,-0.1868,-0.0073,325.8125,enc,0.0000
1786096356.565660,0.0798,0.0,0.0,0.0000,0.0000,0.0560,-0.1868,-0.0073,325.8125,enc,0.0000
1786096356.674801,0.1091,0.0,0.0,0.0000,0.0000,0.0560,-0.1868,-0.0073,325.8125,enc,0.0000
1786096356.779471,0.1047,0.0,0.0,0.0000,0.0000,0.0560,-0.1868,-0.0073,325.8125,enc,0.0000
1786096356.888437,0.1090,0.0,0.0,0.0000,0.0000,0.0560,-0.1868,-0.0073,325.8125,enc,0.0000
1786096356.986957,0.0985,0.0,0.0,0.0000,0.0000,0.0560,-0.1868,-0.0073,325.8125,enc,0.0000
1786096357.084393,0.0974,0.0,0.0,0.0000,0.0000,0.0560,-0.1868,-0.0073,325.8125,enc,0.0000
1786096357.206113,0.1217,0.0,0.0,0.0000,0.0000,0.0560,-0.1868,-0.0073,325.8125,enc,0.0000
1786096357.298891,0.0928,0.0,0.0,0.0000,0.0000,0.0560,-0.1868,-0.0073,325.8125,enc,0.0000
1786096357.410462,0.1116,0.0,0.0,0.0000,0.0000,0.0560,-0.1868,-0.0073,325.8125,enc,0.0000
1786096357.508564,0.0981,0.0,0.0,0.0000,0.0000,0.0560,-0.1868,-0.0073,325.8125,enc,0.0000
1786096357.612952,0.1044,0.0,0.0,0.0000,0.0000,0.0560,-0.1868,-0.0073,325.8125,enc,0.0000
1786096357.713918,0.1010,0.0,0.0,0.0000,0.0000,0.0560,-0.1868,-0.0073,325.8125,enc,0.0000
1786096357.828818,0.1149,0.0,0.0,0.0000,0.0000,0.0560,-0.1868,-0.0073,325.8125,enc,0.0000
1786096357.912586,0.0838,0.0,0.0,0.0000,0.0000,0.0560,-0.1868,-0.0073,325.8125,enc,0.0000
1786096358.031981,0.1194,0.0,0.0,0.0000,0.0000,0.0560,-0.1868,-0.0073,325.8125,enc,0.0000
1786096358.123219,0.0912,0.0,0.0,0.0000,0.0000,0.0560,-0.1868,-0.0073,325.8125,enc,0.0000
1786096358.261868,0.1386,0.0,0.0,0.0000,0.0000,0.0560,-0.1868,-0.0073,325.8125,enc,0.0000
1786096358.332437,0.0706,0.0,0.0,0.0000,0.0000,0.0560,-0.1868,-0.0073,325.8125,enc,0.0000
1786096358.435229,0.1028,0.0,0.0,0.0000,0.0000,0.0560,-0.1868,-0.0073,325.8125,enc,0.0000
1786096358.545851,0.1106,0.0,0.0,0.0000,0.0000,0.0560,-0.1868,-0.0073,325.8125,enc,0.0000
1786096358.673235,0.1274,0.0,0.0,0.0000,0.0000,0.0560,-0.1868,-0.0073,325.8125,enc,0.0000
1786096358.760396,0.0872,0.0,0.0,0.0000,0.0000,0.0560,-0.1868,-0.0073,325.8125,enc,0.0000
1786096358.860388,0.1000,0.0,0.0,0.0000,0.0000,0.0560,-0.1868,-0.0073,325.8125,enc,0.0000
1786096358.985337,0.1249,0.0,0.0,0.0000,0.0000,0.0560,-0.1868,-0.0073,325.8125,enc,0.0000
1786096359.064227,0.0789,0.0,0.0,0.0000,0.0000,0.0560,-0.1868,-0.0073,325.8125,enc,0.0000
1786096359.166315,0.1021,0.0,0.0,0.0000,0.0000,0.0560,-0.1868,-0.0073,325.8125,enc,0.0000
1786096359.263846,0.0975,0.0,0.0,0.0000,0.0000,0.0560,-0.1868,-0.0073,325.8125,enc,0.0000
1786096359.392363,0.1285,0.0,0.0,0.0000,0.0000,0.0560,-0.1868,-0.0073,325.8125,enc,0.0000
1786096359.487361,0.0950,0.0,0.0,0.0000,0.0000,0.0560,-0.1868,-0.0073,325.8125,enc,0.0000
1786096359.582779,0.0954,0.0,0.0,0.0000,0.0000,0.0560,-0.1868,-0.0073,325.8125,enc,0.0000
1786096359.685912,0.1031,0.0,0.0,0.0000,0.0000,0.0560,-0.1868,-0.0073,325.8125,enc,0.0000
1786096359.791158,0.1052,0.0,0.0,0.0000,0.0000,0.0560,-0.1868,-0.0073,325.8125,enc,0.0000
1786096359.894367,0.1032,0.0,0.0,0.0000,0.0000,0.0560,-0.1868,-0.0073,325.8125,enc,0.0000
1786096360.016413,0.1220,0.0,0.0,0.0000,0.0000,0.0560,-0.1868,-0.0073,325.8125,enc,0.0000
1786096360.105618,0.0892,0.0,0.0,0.0000,0.0000,0.0560,-0.1868,-0.0073,325.8125,enc,0.0000
1786096360.209321,0.1037,0.0,0.0,0.0000,0.0000,0.0560,-0.1868,-0.0073,325.8125,enc,0.0000
1786096360.306133,0.0968,0.0,0.0,0.0000,0.0000,0.0560,-0.1868,-0.0073,325.8125,enc,0.0000
1786096360.412947,0.1068,0.0,0.0,0.0000,0.0000,0.0560,-0.1868,-0.0073,325.8125,enc,0.0000
1786096360.509015,0.0961,0.0,0.0,0.0000,0.0000,0.0560,-0.1868,-0.0073,325.8125,enc,0.0000
1786096360.610041,0.1010,0.0,0.0,0.0000,0.0000,0.0560,-0.1868,-0.0073,325.8125,enc,0.0000
1786096360.727718,0.1177,0.0,0.0,0.0000,0.0000,0.0560,-0.1868,-0.0073,325.8125,enc,0.0000
1786096360.834995,0.1073,0.0,0.0,0.0000,0.0000,0.0560,-0.1868,-0.0073,325.8125,enc,0.0000
1786096360.921100,0.0861,0.0,0.0,0.0000,0.0000,0.0560,-0.1868,-0.0073,325.8125,enc,0.0000
1786096361.031993,0.1109,0.0,0.0,0.0000,0.0000,0.0560,-0.1868,-0.0073,325.8125,enc,0.0000
1786096361.128901,0.0969,0.0,0.0,0.0000,0.0000,0.0560,-0.1868,-0.0073,325.8125,enc,0.0000
1786096361.232288,0.1034,0.0,0.0,0.0000,0.0000,0.0560,-0.1868,-0.0073,325.8125,enc,0.0000
1786096361.343006,0.1107,0.0,0.0,0.0000,0.0000,0.0560,-0.1868,-0.0073,325.8125,enc,0.0000
1786096361.440547,0.0975,0.0,0.0,0.0000,0.0000,0.0560,-0.1868,-0.0073,325.8125,enc,0.0000
1786096361.560499,0.1200,0.0,0.0,0.0000,0.0000,0.0560,-0.1868,-0.0073,325.8125,enc,0.0000
1786096361.653442,0.0929,0.0,0.0,0.0000,0.0000,0.0560,-0.1868,-0.0073,325.8125,enc,0.0000
1786096361.761488,0.1080,0.0,0.0,0.0000,0.0000,0.0560,-0.1868,-0.0073,325.8125,enc,0.0000
1786096361.863163,0.1017,0.0,0.0,0.0000,0.0000,0.0560,-0.1868,-0.0073,325.8125,enc,0.0000
1786096361.962058,0.0989,0.0,0.0,0.0000,0.0000,0.0560,-0.1868,-0.0073,325.8125,enc,0.0000
1786096362.067025,0.1050,0.0,0.0,0.0000,0.0000,0.0560,-0.1868,-0.0073,325.8125,enc,0.0000
1786096362.180052,0.1130,0.0,0.0,0.0000,0.0000,0.0560,-0.1868,-0.0073,325.8125,enc,0.0000
1786096362.273518,0.0935,0.0,0.0,0.0000,0.0000,0.0560,-0.1868,-0.0073,325.8125,enc,0.0000
1786096362.381964,0.1084,0.0,0.0,0.0000,0.0000,0.0560,-0.1868,-0.0073,325.8125,enc,0.0000
1786096362.490925,0.1090,0.0,0.0,0.0000,0.0000,0.0560,-0.1868,-0.0073,325.8125,enc,0.0000
1786096362.612033,0.1211,0.0,0.0,0.0000,0.0000,0.0560,-0.1868,-0.0073,325.8125,enc,0.0000
1786096362.691579,0.0795,0.0,0.0,0.0000,0.0000,0.0560,-0.1868,-0.0073,325.8125,enc,0.0000
1786096362.815963,0.1244,0.0,0.0,0.0000,0.0000,0.0560,-0.1868,-0.0073,325.8125,enc,0.0000
1786096362.906389,0.0904,0.0,0.0,0.0000,0.0000,0.0560,-0.1868,-0.0073,325.8125,enc,0.0000
1786096363.017323,0.1109,0.0,0.0,0.0000,0.0000,0.0560,-0.1868,-0.0073,325.8125,enc,0.0000
1786096363.105401,0.0881,0.0,0.0,0.0000,0.0000,0.0560,-0.1868,-0.0073,325.8125,enc,0.0000
1786096363.211016,0.1056,0.0,0.0,0.0000,0.0000,0.0560,-0.1868,-0.0073,325.8125,enc,0.0000
1786096363.310901,0.0999,0.0,0.0,0.0000,0.0000,0.0560,-0.1868,-0.0073,325.8125,enc,0.0000
1786096363.416107,0.1052,0.0,0.0,0.0000,0.0000,0.0560,-0.1868,-0.0073,325.8125,enc,0.0000
1786096363.536773,0.1207,0.0,0.0,0.0000,0.0000,0.0560,-0.1868,-0.0073,325.8125,enc,0.0000
1786096363.618269,0.0815,0.0,0.0,0.0000,0.0000,0.0560,-0.1868,-0.0073,325.8125,enc,0.0000
1786096363.723662,0.1054,0.0,0.0,0.0000,0.0000,0.0560,-0.1868,-0.0073,325.8125,enc,0.0000
1786096363.846987,0.1233,0.0,0.0,0.0000,0.0000,0.0560,-0.1868,-0.0073,325.8125,enc,0.0000
1786096363.930040,0.0831,0.0,0.0,0.0000,0.0000,0.0560,-0.1868,-0.0073,325.8125,enc,0.0000
1786096364.038983,0.1089,0.0,0.0,0.0000,0.0000,0.0560,-0.1868,-0.0073,325.8125,enc,0.0000
1786096364.141060,0.1021,0.0,0.0,0.0000,0.0000,0.0560,-0.1868,-0.0073,325.8125,enc,0.0000
1786096364.249671,0.1086,0.0,0.0,0.0000,0.0000,0.0560,-0.1868,-0.0073,325.8125,enc,0.0000
1786096364.349033,0.0994,0.0,0.0,0.0000,0.0000,0.0560,-0.1868,-0.0073,325.8125,enc,0.0000
1786096364.453301,0.1043,0.0,0.0,0.0000,0.0000,0.0560,-0.1868,-0.0073,325.8125,enc,0.0000
1786096364.565806,0.1125,0.0,0.0,0.0000,0.0000,0.0560,-0.1868,-0.0073,325.8125,enc,0.0000
1786096364.661035,0.0952,0.0,0.0,0.0000,0.0000,0.0560,-0.1868,-0.0073,325.8125,enc,0.0000
1786096364.765007,0.1040,0.0,0.0,0.0000,0.0000,0.0560,-0.1868,-0.0073,325.8125,enc,0.0000
1786096364.866543,0.1015,0.0,0.0,0.0000,0.0000,0.0560,-0.1868,-0.0073,325.8125,enc,0.0000
1786096364.966759,0.1002,0.0,0.0,0.0000,0.0000,0.0560,-0.1868,-0.0073,325.8125,enc,0.0000
1786096365.080674,0.1139,0.0,0.0,0.0000,0.0000,0.0560,-0.1868,-0.0073,325.8125,enc,0.0000
1786096365.266972,0.1863,0.0,0.0,0.0000,0.0000,0.0560,-0.1868,-0.0073,325.8125,enc,0.0000
1786096365.277636,0.0107,0.0,0.0,0.0000,0.0000,0.0560,-0.1868,-0.0073,325.8125,enc,0.0000
1786096365.525794,0.2482,0.0,0.0,0.0000,0.0000,0.0560,-0.1868,-0.0073,325.8125,enc,0.0000
1786096365.526047,0.0003,0.0,0.0,0.0000,0.0000,0.0560,-0.1868,-0.0073,325.8125,enc,0.0000
1786096365.592490,0.0664,0.0,0.0,0.0000,0.0000,0.0560,-0.1868,-0.0073,325.8125,enc,0.0000
1786096365.781885,0.1894,0.0,0.0,0.0000,0.0000,0.0560,-0.1868,-0.0073,325.8125,enc,0.0000
1786096365.803780,0.0219,0.0,0.0,0.0000,0.0000,0.0560,-0.1868,-0.0073,325.8125,enc,0.0000
1786096366.033719,0.2299,0.0,0.0,0.0000,0.0000,0.0560,-0.1868,-0.0073,325.8125,enc,0.0000
1786096366.033839,0.0001,0.0,0.0,0.0000,0.0000,0.0560,-0.1868,-0.0073,325.8125,enc,0.0000
1786096366.114692,0.0809,0.0,0.0,0.0000,0.0000,0.0560,-0.1868,-0.0073,325.8125,enc,0.0000
1786096366.291372,0.1767,0.0,0.0,0.0000,0.0000,0.0560,-0.1868,-0.0073,325.8125,enc,0.0000
1786096366.318510,0.0271,0.0,0.0,0.0000,0.0000,0.0560,-0.1868,-0.0073,325.8125,enc,0.0000
1786096366.542849,0.2243,0.0,0.0,0.0000,0.0000,0.0560,-0.1868,-0.0073,325.8125,enc,0.0000
1786096366.543436,0.0006,0.0,0.0,0.0000,0.0000,0.0560,-0.1868,-0.0073,325.8125,enc,0.0000
1786096366.643112,0.0997,0.0,0.0,0.0000,0.0000,0.0560,-0.1868,-0.0073,325.8125,enc,0.0000
1786096366.794715,0.1516,0.0,0.0,0.0000,0.0000,0.0560,-0.1868,-0.0073,325.8125,enc,0.0000
1786096366.838946,0.0442,0.0,0.0,0.0000,0.0000,0.0560,-0.1868,-0.0073,325.8125,enc,0.0000
1786096367.045411,0.2065,0.0,0.0,0.0000,0.0000,0.0560,-0.1868,-0.0073,325.8125,enc,0.0000
1786096367.046640,0.0012,0.0,0.0,0.0000,0.0000,0.0560,-0.1868,-0.0073,325.8125,enc,0.0000
1786096367.305053,0.2584,0.0,0.0,0.0000,0.0000,0.0560,-0.1868,-0.0073,325.8125,enc,0.0000
1786096367.309440,0.0044,0.0,0.0,0.0000,0.0000,0.0560,-0.1868,-0.0073,325.8125,enc,0.0000
1786096367.355742,0.0463,0.0,0.0,0.0000,0.0000,0.0560,-0.1868,-0.0073,325.8125,enc,0.0000
1786096367.546478,0.1907,0.0,0.0,0.0000,0.0000,0.0560,-0.1868,-0.0073,325.8125,enc,0.0000
1786096367.566797,0.0203,0.0,0.0,0.0000,0.0000,0.0560,-0.1868,-0.0073,325.8125,enc,0.0000
1786096367.797260,0.2305,0.0,0.0,0.0000,0.0000,0.0560,-0.1868,-0.0073,325.8125,enc,0.0000
1786096367.798310,0.0010,0.0,0.0,0.0000,0.0000,0.0560,-0.1868,-0.0073,325.8125,enc,0.0000
1786096367.876834,0.0785,0.0,0.0,0.0000,0.0000,0.0560,-0.1868,-0.0073,325.8125,enc,0.0000
1786096368.046981,0.1701,0.0,0.0,0.0000,0.0000,0.0560,-0.1868,-0.0073,325.8125,enc,0.0000
1786096368.082818,0.0358,0.0,0.0,0.0000,0.0000,0.0560,-0.1868,-0.0073,325.8125,enc,0.0000
1786096368.296728,0.2139,0.0,0.0,0.0000,0.0000,0.0560,-0.1868,-0.0073,325.8125,enc,0.0000
1786096368.297289,0.0006,0.0,0.0,0.0000,0.0000,0.0560,-0.1868,-0.0073,325.8125,enc,0.0000
1786096368.546862,0.2496,0.0,0.0,0.0000,0.0000,0.0560,-0.1868,-0.0073,325.8125,enc,0.0000
1786096368.550208,0.0033,0.0,0.0,0.0000,0.0000,0.0560,-0.1868,-0.0073,325.8125,enc,0.0000
1786096368.602307,0.0521,0.0,0.0,0.0000,0.0000,0.0560,-0.1868,-0.0073,325.8125,enc,0.0000
1786096368.795156,0.1928,0.0,0.0,0.0000,0.0000,0.0560,-0.1868,-0.0073,325.8125,enc,0.0000
1786096368.817140,0.0220,0.0,0.0,0.0000,0.0000,0.0560,-0.1868,-0.0073,325.8125,enc,0.0000
1786096369.050694,0.2336,0.0,0.0,0.0000,0.0000,0.0560,-0.1868,-0.0073,325.8125,enc,0.0000
1786096369.050736,0.0000,0.0,0.0,0.0000,0.0000,0.0560,-0.1868,-0.0073,325.8125,enc,0.0000
1786096369.125142,0.0744,0.0,0.0,0.0000,0.0000,0.0560,-0.1868,-0.0073,325.8125,enc,0.0000
1786096369.306726,0.1816,0.0,0.0,0.0000,0.0000,0.0560,-0.1868,-0.0073,325.8125,enc,0.0000
1786096369.327278,0.0206,0.0,0.0,0.0000,0.0000,0.0560,-0.1868,-0.0073,325.8125,enc,0.0000
1786096369.559455,0.2322,0.0,0.0,0.0000,0.0000,0.0560,-0.1868,-0.0073,325.8125,enc,0.0000
1786096369.574244,0.0148,0.0,0.0,0.0000,0.0000,0.0560,-0.1868,-0.0073,325.8125,enc,0.0000
1786096369.639259,0.0650,0.0,0.0,0.0000,0.0000,0.0560,-0.1868,-0.0073,325.8125,enc,0.0000
1786096369.825955,0.1867,0.0,0.0,0.0000,0.0000,0.0560,-0.1868,-0.0073,325.8125,enc,0.0000
1786096369.848951,0.0230,0.0,0.0,0.0000,0.0000,0.0560,-0.1868,-0.0073,325.8125,enc,0.0000
1786096370.072551,0.2236,0.0,0.0,0.0000,0.0000,0.0560,-0.1868,-0.0073,325.8125,enc,0.0000
1786096370.099514,0.0270,0.0,0.0,0.0000,0.0000,0.0560,-0.1868,-0.0073,325.8125,enc,0.0000
1786096370.175272,0.0758,0.0,0.0,0.0000,0.0000,0.0560,-0.1868,-0.0073,325.8125,enc,0.0000
1786096370.257959,0.0827,0.0,0.0,0.0000,0.0000,0.0560,-0.1868,-0.0073,325.8125,enc,0.0000
1786096370.415395,0.1574,0.0,0.0,0.0000,0.0000,0.0560,-0.1868,-0.0073,325.8125,enc,0.0000
1786096370.466906,0.0515,0.0,0.0,0.0000,0.0000,0.0560,-0.1868,-0.0073,325.8125,enc,0.0000
1786096370.570439,0.1035,0.0,0.0,0.0000,0.0000,0.0560,-0.1868,-0.0073,325.8125,enc,0.0000
1786096370.705228,0.1348,0.0,0.0,0.0000,0.0000,0.0560,-0.1868,-0.0073,325.8125,enc,0.0000
1786096370.798763,0.0935,0.0,0.0,0.0000,0.0000,0.0560,-0.1868,-0.0073,325.8125,enc,0.0000
1786096370.895384,0.0966,0.0,0.0,0.0000,0.0000,0.0560,-0.1868,-0.0073,325.8125,enc,0.0000
1786096371.010465,0.1151,0.0,0.0,0.0000,0.0000,0.0560,-0.1868,-0.0073,325.8125,enc,0.0000
1786096371.142334,0.1319,0.0,0.0,0.0000,0.0000,0.0560,-0.1868,-0.0073,325.8125,enc,0.0000
1786096371.210735,0.0684,0.0,0.0,0.0000,0.0000,0.0560,-0.1868,-0.0073,325.8125,enc,0.0000
1786096371.314372,0.1036,0.0,0.0,0.0000,0.0000,0.0560,-0.1868,-0.0073,325.8125,enc,0.0000
1786096371.414624,0.1003,0.0,0.0,0.0000,0.0000,0.0560,-0.1868,-0.0073,325.8125,enc,0.0000
1786096371.507842,0.0932,0.0,0.0,0.0000,0.0000,0.0560,-0.1868,-0.0073,325.8125,enc,0.0000
1786096371.617693,0.1099,0.0,0.0,0.0000,0.0000,0.0560,-0.1868,-0.0073,325.8125,enc,0.0000
1786096371.723341,0.1056,0.0,0.0,0.0000,0.0000,0.0560,-0.1868,-0.0073,325.8125,enc,0.0000
1786096371.821341,0.0980,0.0,0.0,0.0000,0.0000,0.0560,-0.1868,-0.0073,325.8125,enc,0.0000
1786096371.923519,0.1022,0.0,0.0,0.0000,0.0000,0.0560,-0.1868,-0.0073,325.8125,enc,0.0000
1786096372.027901,0.1044,0.0,0.0,0.0000,0.0000,0.0560,-0.1868,-0.0073,325.8125,enc,0.0000
1786096372.131454,0.1036,0.0,0.0,0.0000,0.0000,0.0560,-0.1868,-0.0073,325.8125,enc,0.0000
1786096372.235792,0.1043,0.0,0.0,0.0000,0.0000,0.0560,-0.1868,-0.0073,325.8125,enc,0.0000
1786096372.338915,0.1031,0.0,0.0,0.0000,0.0000,0.0560,-0.1868,-0.0073,325.8125,enc,0.0000
1786096372.445066,0.1062,0.0,0.0,0.0000,0.0000,0.0560,-0.1868,-0.0073,325.8125,enc,0.0000
1786096372.547276,0.1022,0.0,0.0,0.0000,0.0000,0.0560,-0.1868,-0.0073,325.8125,enc,0.0000
1786096372.649184,0.1019,0.0,0.0,0.0000,0.0000,0.0560,-0.1868,-0.0073,325.8125,enc,0.0000
1786096372.751817,0.1026,0.0,0.0,0.0000,0.0000,0.0560,-0.1868,-0.0073,325.8125,enc,0.0000
1786096372.954845,0.2030,0.0,0.0,0.0000,0.0000,0.0560,-0.1868,-0.0073,325.8125,enc,0.0000
1786096372.957859,0.0030,0.0,0.0,0.0000,0.0000,0.0560,-0.1868,-0.0073,325.8125,enc,0.0000
1786096373.063123,0.1053,0.0,0.0,0.0000,0.0000,0.0560,-0.1868,-0.0073,325.8125,enc,0.0000
1786096373.170980,0.1079,0.0,0.0,0.0000,0.0000,0.0560,-0.1868,-0.0073,325.8125,enc,0.0000
1786096373.272612,0.1016,0.0,0.0,0.0000,0.0000,0.0560,-0.1868,-0.0073,325.8125,enc,0.0000
1786096373.375797,0.1032,0.0,0.0,0.0000,0.0000,0.0560,-0.1868,-0.0073,325.8125,enc,0.0000
1786096373.479265,0.1035,0.0,0.0,0.0000,0.0000,0.0560,-0.1868,-0.0073,325.8125,enc,0.0000
1786096373.581989,0.1027,0.0,0.0,0.0000,0.0000,0.0560,-0.1868,-0.0073,325.8125,enc,0.0000
1786096373.687417,0.1054,0.0,0.0,0.0000,0.0000,0.0560,-0.1868,-0.0073,325.8125,enc,0.0000
1786096373.796288,0.1089,0.0,0.0,0.0000,0.0000,0.0560,-0.1868,-0.0073,325.8125,enc,0.0000
1786096373.896477,0.1002,0.0,0.0,0.0000,0.0000,0.0560,-0.1868,-0.0073,325.8125,enc,0.0000
1786096374.000721,0.1042,0.0,0.0,0.0000,0.0000,0.0560,-0.1868,-0.0073,325.8125,enc,0.0000
1786096374.107798,0.1071,0.0,0.0,0.0000,0.0000,0.0560,-0.1868,-0.0073,325.8125,enc,0.0000
1786096374.209882,0.1021,0.0,0.0,0.0000,0.0000,0.0560,-0.1868,-0.0073,325.8125,enc,0.0000
1786096374.312939,0.1031,0.0,0.0,0.0000,0.0000,0.0560,-0.1868,-0.0073,325.8125,enc,0.0000
1786096374.420170,0.1072,0.0,0.0,0.0000,0.0000,0.0560,-0.1868,-0.0073,325.8125,enc,0.0000
1786096374.520863,0.1007,0.0,0.0,0.0000,0.0000,0.0560,-0.1868,-0.0073,325.8125,enc,0.0000
1786096374.624400,0.1035,0.0,0.0,0.0000,0.0000,0.0560,-0.1868,-0.0073,325.8125,enc,0.0000
1786096374.729877,0.1055,0.0,0.0,0.0000,0.0000,0.0560,-0.1868,-0.0073,325.8125,enc,0.0000
1786096374.834524,0.1046,0.0,0.0,0.0000,0.0000,0.0560,-0.1868,-0.0073,325.8125,enc,0.0000
1786096374.938375,0.1039,0.0,0.0,0.0000,0.0000,0.0560,-0.1868,-0.0073,325.8125,enc,0.0000
1786096375.041643,0.1033,0.0,0.0,0.0000,0.0000,0.0560,-0.1868,-0.0073,325.8125,enc,0.0000
1786096375.152022,0.1104,0.0,0.0,0.0000,0.0000,0.0560,-0.1868,-0.0073,325.8125,enc,0.0000
1786096375.247289,0.0953,0.0,0.0,0.0000,0.0000,0.0560,-0.1868,-0.0073,325.8125,enc,0.0000
1786096375.350026,0.1027,0.0,0.0,0.0000,0.0000,0.0560,-0.1868,-0.0073,325.8125,enc,0.0000
1786096375.459204,0.1092,0.0,0.0,0.0000,0.0000,0.0560,-0.1868,-0.0073,325.8125,enc,0.0000
1786096375.557319,0.0981,0.0,0.0,0.0000,0.0000,0.0560,-0.1868,-0.0073,325.8125,enc,0.0000
1786096375.659558,0.1022,0.0,0.0,0.0000,0.0000,0.0560,-0.1868,-0.0073,325.8125,enc,0.0000
1786096375.768425,0.1089,0.0,0.0,0.0000,0.0000,0.0560,-0.1868,-0.0073,325.8125,enc,0.0000
1786096375.873284,0.1049,0.0,0.0,0.0000,0.0000,0.0560,-0.1868,-0.0073,325.8125,enc,0.0000
1786096375.973687,0.1004,0.0,0.0,0.0000,0.0000,0.0560,-0.1868,-0.0073,325.8125,enc,0.0000
1786096376.075462,0.1018,0.0,0.0,0.0000,0.0000,0.0560,-0.1868,-0.0073,325.8125,enc,0.0000
1786096376.185486,0.1100,0.0,0.0,0.0000,0.0000,0.0560,-0.1868,-0.0073,325.8125,enc,0.0000
1786096376.285179,0.0997,0.0,0.0,0.0000,0.0000,0.0560,-0.1868,-0.0073,325.8125,enc,0.0000
1786096376.389359,0.1042,0.0,0.0,0.0000,0.0000,0.0560,-0.1868,-0.0073,325.8125,enc,0.0000
1786096376.493021,0.1037,0.0,0.0,0.0000,0.0000,0.0560,-0.1868,-0.0073,325.8125,enc,0.0000
1786096376.594695,0.1017,0.0,0.0,0.0000,0.0000,0.0560,-0.1868,-0.0073,325.8125,enc,0.0000
1786096376.698586,0.1039,0.0,0.0,0.0000,0.0000,0.0560,-0.1868,-0.0073,325.8125,enc,0.0000
1786096376.805665,0.1071,0.0,0.0,0.0000,0.0000,0.0560,-0.1868,-0.0073,325.8125,enc,0.0000
1786096376.910766,0.1051,0.0,0.0,0.0000,0.0000,0.0560,-0.1868,-0.0073,325.8125,enc,0.0000
1786096377.014544,0.1038,0.0,0.0,0.0000,0.0000,0.0560,-0.1868,-0.0073,325.8125,enc,0.0000
1786096377.120522,0.1060,0.0,0.0,0.0000,0.0000,0.0560,-0.1868,-0.0073,325.8125,enc,0.0000
1786096377.221816,0.1013,0.0,0.0,0.0000,0.0000,0.0560,-0.1868,-0.0073,325.8125,enc,0.0000
1786096377.344508,0.1227,0.0,0.0,0.0000,0.0000,0.0560,-0.1868,-0.0073,325.8125,enc,0.0000
1786096377.437171,0.0927,0.0,0.0,0.0000,0.0000,0.0560,-0.1868,-0.0073,325.8125,enc,0.0000
1786096377.536449,0.0993,0.0,0.0,0.0000,0.0000,0.0560,-0.1868,-0.0073,325.8125,enc,0.0000
1786096377.687037,0.1506,0.0,0.0,0.0000,0.0000,0.0560,-0.1868,-0.0073,325.8125,enc,0.0000
1786096377.762649,0.0756,0.0,0.0,0.0000,0.0000,0.0560,-0.1868,-0.0073,325.8125,enc,0.0000
1786096377.856180,0.0935,0.0,0.0,0.0000,0.0000,0.0560,-0.1868,-0.0073,325.8125,enc,0.0000
1786096377.958091,0.1019,0.0,0.0,0.0000,0.0000,0.0560,-0.1868,-0.0073,325.8125,enc,0.0000
1786096378.058470,0.1004,0.0,0.0,0.0000,0.0000,0.0560,-0.1868,-0.0073,325.8125,enc,0.0000
1786096378.159837,0.1014,0.0,0.0,0.0000,0.0000,0.0560,-0.1868,-0.0073,325.8125,enc,0.0000
1786096378.273420,0.1136,0.0,0.0,0.0000,0.0000,0.0560,-0.1868,-0.0073,325.8125,enc,0.0000
1786096378.376566,0.1031,0.0,0.0,0.0000,0.0000,0.0560,-0.1868,-0.0073,325.8125,enc,0.0000
1786096378.470065,0.0935,0.0,0.0,0.0000,0.0000,0.0560,-0.1868,-0.0073,325.8125,enc,0.0000
1786096378.571878,0.1018,0.0,0.0,0.0000,0.0000,0.0560,-0.1868,-0.0073,325.8125,enc,0.0000
1786096378.673039,0.1012,0.0,0.0,0.0000,0.0000,0.0560,-0.1868,-0.0073,325.8125,enc,0.0000
1786096378.797323,0.1243,0.0,0.0,0.0000,0.0000,0.0560,-0.1868,-0.0073,325.8125,enc,0.0000
1786096378.897247,0.0999,0.0,0.0,0.0000,0.0000,0.0560,-0.1868,-0.0073,325.8125,enc,0.0000
1786096378.993229,0.0960,0.0,0.0,0.0000,0.0000,0.0560,-0.1868,-0.0073,325.8125,enc,0.0000
1786096379.218247,0.2250,0.0,0.0,0.0000,0.0000,0.0560,-0.1868,-0.0073,325.8125,enc,0.0000
1786096379.218308,0.0001,0.0,0.0,0.0000,0.0000,0.0560,-0.1868,-0.0073,325.8125,enc,0.0000
1786096379.302562,0.0843,0.0,0.0,0.0000,0.0000,0.0560,-0.1868,-0.0073,325.8125,enc,0.0000
1786096379.407262,0.1047,0.0,0.0,0.0000,0.0000,0.0560,-0.1868,-0.0073,325.8125,enc,0.0000
1786096379.533566,0.1263,0.0,0.0,0.0000,0.0000,0.0560,-0.1868,-0.0073,325.8125,enc,0.0000
1786096379.610928,0.0774,0.0,0.0,0.0000,0.0000,0.0560,-0.1868,-0.0073,325.8125,enc,0.0000
1786096379.717615,0.1067,0.0,0.0,0.0000,0.0000,0.0560,-0.1868,-0.0073,325.8125,enc,0.0000
1786096379.815900,0.0983,0.0,0.0,0.0000,0.0000,0.0560,-0.1868,-0.0073,325.8125,enc,0.0000
1786096379.918940,0.1030,0.0,0.0,0.0000,0.0000,0.0560,-0.1868,-0.0073,325.8125,enc,0.0000
1786096380.021558,0.1026,0.0,0.0,0.0000,0.0000,0.0560,-0.1868,-0.0073,325.8125,enc,0.0000
1786096380.265707,0.2441,0.0,0.0,0.0000,0.0000,0.0560,-0.1868,-0.0073,325.8125,enc,0.0000
1786096380.265755,0.0000,0.0,0.0,0.0000,0.0000,0.0560,-0.1868,-0.0073,325.8125,enc,0.0000
1786096380.336691,0.0709,0.0,0.0,0.0000,0.0000,0.0560,-0.1868,-0.0073,325.8125,enc,0.0000
1786096380.536975,0.2003,0.0,0.0,0.0000,0.0000,0.0560,-0.1868,-0.0073,325.8125,enc,0.0000
1786096380.541619,0.0046,0.0,0.0,0.0000,0.0000,0.0560,-0.1868,-0.0073,325.8125,enc,0.0000
1786096380.766591,0.2250,0.0,0.0,0.0000,0.0000,0.0560,-0.1868,-0.0073,325.8125,enc,0.0000
1786096380.767712,0.0011,0.0,0.0,0.0000,0.0000,0.0560,-0.1868,-0.0073,325.8125,enc,0.0000
1786096380.849165,0.0815,0.0,0.0,0.0000,0.0000,0.0560,-0.1868,-0.0073,325.8125,enc,0.0000
1786096381.027393,0.1782,0.0,0.0,0.0000,0.0000,0.0560,-0.1868,-0.0073,325.8125,enc,0.0000
1786096381.061281,0.0339,0.0,0.0,0.0000,0.0000,0.0560,-0.1868,-0.0073,325.8125,enc,0.0000
1786096381.269217,0.2079,0.0,0.0,0.0000,0.0000,0.0560,-0.1868,-0.0073,325.8125,enc,0.0000
1786096381.296660,0.0274,0.0,0.0,0.0000,0.0000,0.0560,-0.1868,-0.0073,325.8125,enc,0.0000
1786096381.539812,0.2432,0.0,0.0,0.0000,0.0000,0.0560,-0.1868,-0.0073,325.8125,enc,0.0000
1786096381.541038,0.0012,0.0,0.0,0.0000,0.0000,0.0560,-0.1868,-0.0073,325.8125,enc,0.0000
1786096381.575167,0.0341,0.0,0.0,0.0000,0.0000,0.0560,-0.1868,-0.0073,325.8125,enc,0.0000
1786096381.775136,0.2000,0.0,0.0,0.0000,0.0000,0.0560,-0.1868,-0.0073,325.8125,enc,0.0000
1786096381.783579,0.0084,0.0,0.0,0.0000,0.0000,0.0560,-0.1868,-0.0073,325.8125,enc,0.0000
1786096382.025522,0.2419,0.0,0.0,0.0000,0.0000,0.0560,-0.1868,-0.0073,325.8125,enc,0.0000
1786096382.026119,0.0006,0.0,0.0,0.0000,0.0000,0.0560,-0.1868,-0.0073,325.8125,enc,0.0000
1786096382.098813,0.0727,0.0,0.0,0.0000,0.0000,0.0560,-0.1868,-0.0073,325.8125,enc,0.0000
1786096382.281156,0.1823,0.0,0.0,0.0000,0.0000,0.0560,-0.1868,-0.0073,325.8125,enc,0.0000
1786096382.305145,0.0240,0.0,0.0,0.0000,0.0000,0.0560,-0.1868,-0.0073,325.8125,enc,0.0000
1786096382.525959,0.2208,0.0,0.0,0.0000,0.0000,0.0560,-0.1868,-0.0073,325.8125,enc,0.0000
1786096382.526005,0.0000,0.0,0.0,0.0000,0.0000,0.0560,-0.1868,-0.0073,325.8125,enc,0.0000
1786096382.622956,0.0970,0.0,0.0,0.0000,0.0000,0.0560,-0.1868,-0.0073,325.8125,enc,0.0000
1786096382.783206,0.1603,0.0,0.0,0.0000,0.0000,0.0560,-0.1868,-0.0073,325.8125,enc,0.0000
1786096382.833903,0.0507,0.0,0.0,0.0000,0.0000,0.0560,-0.1868,-0.0073,325.8125,enc,0.0000
1786096383.026650,0.1927,0.0,0.0,0.0000,0.0000,0.0560,-0.1868,-0.0073,325.8125,enc,0.0000
1786096383.036628,0.0100,0.0,0.0,0.0000,0.0000,0.0560,-0.1868,-0.0073,325.8125,enc,0.0000
1786096383.275984,0.2394,0.0,0.0,0.0000,0.0000,0.0560,-0.1868,-0.0073,325.8125,enc,0.0000
1786096383.278578,0.0026,0.0,0.0,0.0000,0.0000,0.0560,-0.1868,-0.0073,325.8125,enc,0.0000
1786096383.344998,0.0664,0.0,0.0,0.0000,0.0000,0.0560,-0.1868,-0.0073,325.8125,enc,0.0000
1786096383.524949,0.1800,0.0,0.0,0.0000,0.0000,0.0560,-0.1868,-0.0073,325.8125,enc,0.0000
1786096383.558785,0.0338,0.0,0.0,0.0000,0.0000,0.0560,-0.1868,-0.0073,325.8125,enc,0.0000
1786096383.776360,0.2176,0.0,0.0,0.0000,0.0000,0.0560,-0.1868,-0.0073,325.8125,enc,0.0000
1786096383.794808,0.0184,0.0,0.0,0.0000,0.0000,0.0560,-0.1868,-0.0073,325.8125,enc,0.0000
1786096383.872680,0.0779,0.0,0.0,0.0000,0.0000,0.0560,-0.1868,-0.0073,325.8125,enc,0.0000
1786096384.024100,0.1514,0.0,0.0,0.0000,0.0000,0.0560,-0.1868,-0.0073,325.8125,enc,0.0000
1786096384.074003,0.0499,0.0,0.0,0.0000,0.0000,0.0560,-0.1868,-0.0073,325.8125,enc,0.0000
1786096384.277313,0.2033,0.0,0.0,0.0000,0.0000,0.0560,-0.1868,-0.0073,325.8125,enc,0.0000
1786096384.281732,0.0044,0.0,0.0,0.0000,0.0000,0.0560,-0.1868,-0.0073,325.8125,enc,0.0000
1786096384.533633,0.2519,0.0,0.0,0.0000,0.0000,0.0560,-0.1868,-0.0073,325.8125,enc,0.0000
1786096384.534396,0.0008,0.0,0.0,0.0000,0.0000,0.0560,-0.1868,-0.0073,325.8125,enc,0.0000
1786096384.595495,0.0611,0.0,0.0,0.0000,0.0000,0.0560,-0.1868,-0.0073,325.8125,enc,0.0000
1786096384.789515,0.1940,0.0,0.0,0.0000,0.0000,0.0560,-0.1868,-0.0073,325.8125,enc,0.0000
1786096384.798402,0.0089,0.0,0.0,0.0000,0.0000,0.0560,-0.1868,-0.0073,325.8125,enc,0.0000
1786096385.043919,0.2455,0.0,0.0,0.0000,0.0000,0.0560,-0.1868,-0.0073,325.8125,enc,0.0000
1786096385.055860,0.0119,0.0,0.0,0.0000,0.0000,0.0560,-0.1868,-0.0073,325.8125,enc,0.0000
1786096385.186996,0.1311,0.0,0.0,0.0000,0.0000,0.0560,-0.1868,-0.0073,325.8125,enc,0.0000
1786096385.226964,0.0400,0.0,0.0,0.0000,0.0000,0.0560,-0.1868,-0.0073,325.8125,enc,0.0000
1786096385.338305,0.1113,0.0,0.0,0.0000,0.0000,0.0560,-0.1868,-0.0073,325.8125,enc,0.0000
1786096385.431849,0.0935,0.0,0.0,0.0000,0.0000,0.0560,-0.1868,-0.0073,325.8125,enc,0.0000
1786096385.536818,0.1050,0.0,0.0,0.0000,0.0000,0.0560,-0.1868,-0.0073,325.8125,enc,0.0000
1786096385.633485,0.0967,0.0,0.0,0.0000,0.0000,0.0560,-0.1868,-0.0073,325.8125,enc,0.0000
1786096385.737557,0.1041,0.0,0.0,0.0000,0.0000,0.0560,-0.1868,-0.0073,325.8125,enc,0.0000
1786096385.880523,0.1430,0.0,0.0,0.0000,0.0000,0.0560,-0.1868,-0.0073,325.8125,enc,0.0000
1786096386.007127,0.1266,0.0,0.0,0.0000,0.0000,0.0560,-0.1868,-0.0073,325.8125,enc,0.0000
1786096386.054466,0.0473,0.0,0.0,0.0000,0.0000,0.0560,-0.1868,-0.0073,325.8125,enc,0.0000
1786096386.150939,0.0965,0.0,0.0,0.0000,0.0000,0.0560,-0.1868,-0.0073,325.8125,enc,0.0000
1786096386.259554,0.1086,0.0,0.0,0.0000,0.0000,0.0560,-0.1868,-0.0073,325.8125,enc,0.0000
1786096386.370652,0.1111,0.0,0.0,0.0000,0.0000,0.0560,-0.1868,-0.0073,325.8125,enc,0.0000
1786096386.457769,0.0871,0.0,0.0,0.0000,0.0000,0.0560,-0.1868,-0.0073,325.8125,enc,0.0000
1786096386.567929,0.1102,0.0,0.0,0.0000,0.0000,0.0560,-0.1868,-0.0073,325.8125,enc,0.0000
1786096386.668553,0.1006,0.0,0.0,0.0000,0.0000,0.0560,-0.1868,-0.0073,325.8125,enc,0.0000
1786096386.769010,0.1005,0.0,0.0,0.0000,0.0000,0.0560,-0.1868,-0.0073,325.8125,enc,0.0000
1786096386.883039,0.1140,0.0,0.0,0.0000,0.0000,0.0560,-0.1868,-0.0073,325.8125,enc,0.0000
1786096386.980055,0.0970,0.0,0.0,0.0000,0.0000,0.0560,-0.1868,-0.0073,325.8125,enc,0.0000
1786096387.090227,0.1102,0.0,0.0,0.0000,0.0000,0.0560,-0.1868,-0.0073,325.8125,enc,0.0000
1786096387.190943,0.1007,0.0,0.0,0.0000,0.0000,0.0560,-0.1868,-0.0073,325.8125,enc,0.0000
1786096387.296487,0.1055,0.0,0.0,0.0000,0.0000,0.0560,-0.1868,-0.0073,325.8125,enc,0.0000
1786096387.398343,0.1019,0.0,0.0,0.0000,0.0000,0.0560,-0.1868,-0.0073,325.8125,enc,0.0000
1786096387.503557,0.1052,0.0,0.0,0.0000,0.0000,0.0560,-0.1868,-0.0073,325.8125,enc,0.0000
1786096387.601566,0.0980,0.0,0.0,0.0000,0.0000,0.0560,-0.1868,-0.0073,325.8125,enc,0.0000
1786096387.707330,0.1058,0.0,0.0,0.0000,0.0000,0.0560,-0.1868,-0.0073,325.8125,enc,0.0000
1786096387.808442,0.1011,0.0,0.0,0.0000,0.0000,0.0560,-0.1868,-0.0073,325.8125,enc,0.0000
1786096387.914081,0.1056,0.0,0.0,0.0000,0.0000,0.0560,-0.1868,-0.0073,325.8125,enc,0.0000
1786096388.021813,0.1077,0.0,0.0,0.0000,0.0000,0.0560,-0.1868,-0.0073,325.8125,enc,0.0000
1786096388.117857,0.0960,0.0,0.0,0.0000,0.0000,0.0560,-0.1868,-0.0073,325.8125,enc,0.0000
1786096388.226244,0.1084,0.0,0.0,0.0000,0.0000,0.0560,-0.1868,-0.0073,325.8125,enc,0.0000
1786096388.326149,0.0999,0.0,0.0,0.0000,0.0000,0.0560,-0.1868,-0.0073,325.8125,enc,0.0000
1786096388.432869,0.1067,0.0,0.0,0.0000,0.0000,0.0560,-0.1868,-0.0073,325.8125,enc,0.0000
1786096388.536788,0.1039,0.0,0.0,0.0000,0.0000,0.0560,-0.1868,-0.0073,325.8125,enc,0.0000
1786096388.643327,0.1065,0.0,0.0,0.0000,0.0000,0.0560,-0.1868,-0.0073,325.8125,enc,0.0000
1786096388.746902,0.1036,0.0,0.0,0.0000,0.0000,0.0560,-0.1868,-0.0073,325.8125,enc,0.0000
1786096388.851005,0.1041,0.0,0.0,0.0000,0.0000,0.0560,-0.1868,-0.0073,325.8125,enc,0.0000
1786096388.956414,0.1054,0.0,0.0,0.0000,0.0000,0.0560,-0.1868,-0.0073,325.8125,enc,0.0000
1786096389.060550,0.1041,0.0,0.0,0.0000,0.0000,0.0560,-0.1868,-0.0073,325.8125,enc,0.0000
1786096389.182348,0.1218,0.0,0.0,0.0000,0.0000,0.0560,-0.1868,-0.0073,325.8125,enc,0.0000
1786096389.266470,0.0841,0.0,0.0,0.0000,0.0000,0.0560,-0.1868,-0.0073,325.8125,enc,0.0000
1786096389.381568,0.1151,0.0,0.0,0.0000,0.0000,0.0560,-0.1868,-0.0073,325.8125,enc,0.0000
1786096389.474426,0.0929,0.0,0.0,0.0000,0.0000,0.0560,-0.1868,-0.0073,325.8125,enc,0.0000
1786096389.581038,0.1066,0.0,0.0,0.0000,0.0000,0.0560,-0.1868,-0.0073,325.8125,enc,0.0000
1786096389.678628,0.0976,0.0,0.0,0.0000,0.0000,0.0560,-0.1868,-0.0073,325.8125,enc,0.0000
1786096389.785057,0.1064,0.0,0.0,0.0000,0.0000,0.0560,-0.1868,-0.0073,325.8125,enc,0.0000
1786096389.887920,0.1029,0.0,0.0,0.0000,0.0000,0.0560,-0.1868,-0.0073,325.8125,enc,0.0000
1786096389.991754,0.1038,0.0,0.0,0.0000,0.0000,0.0560,-0.1868,-0.0073,325.8125,enc,0.0000
1786096390.095333,0.1036,0.0,0.0,0.0000,0.0000,0.0560,-0.1868,-0.0073,325.8125,enc,0.0000
1786096390.262682,0.1673,0.0,0.0,0.0000,0.0000,0.0560,-0.1868,-0.0073,325.8125,enc,0.0000
1786096390.298413,0.0357,0.0,0.0,0.0000,0.0000,0.0560,-0.1868,-0.0073,325.8125,enc,0.0000
1786096390.409673,0.1113,0.0,0.0,0.0000,0.0000,0.0560,-0.1868,-0.0073,325.8125,enc,0.0000
1786096390.729992,0.3203,0.0,0.0,0.0000,0.0000,0.0560,-0.1868,-0.0073,325.8125,enc,0.0000
1786096390.730037,0.0000,0.0,0.0,0.0000,0.0000,0.0560,-0.1868,-0.0073,325.8125,enc,0.0000
1786096390.730051,0.0000,0.0,0.0,0.0000,0.0000,0.0560,-0.1868,-0.0073,325.8125,enc,0.0000
1786096390.817519,0.0875,0.0,0.0,0.0000,0.0000,0.0560,-0.1868,-0.0073,325.8125,enc,0.0000
1786096390.924333,0.1068,0.0,0.0,0.0000,0.0000,0.0560,-0.1868,-0.0073,325.8125,enc,0.0000
1786096391.025057,0.1007,0.0,0.0,0.0000,0.0000,0.0560,-0.1868,-0.0073,325.8125,enc,0.0000
1786096391.137012,0.1120,0.0,0.0,0.0000,0.0000,0.0560,-0.1868,-0.0073,325.8125,enc,0.0000
1786096391.245923,0.1089,0.0,0.0,0.0000,0.0000,0.0560,-0.1868,-0.0073,325.8125,enc,0.0000
1786096391.339033,0.0931,0.0,0.0,0.0000,0.0000,0.0560,-0.1868,-0.0073,325.8125,enc,0.0000
1786096391.442236,0.1032,0.0,0.0,0.0000,0.0000,0.0560,-0.1868,-0.0073,325.8125,enc,0.0000
1786096391.562071,0.1198,0.0,0.0,0.0000,0.0000,0.0560,-0.1868,-0.0073,325.8125,enc,0.0000
1786096391.656692,0.0946,0.0,0.0,0.0000,0.0000,0.0560,-0.1868,-0.0073,325.8125,enc,0.0000
1786096391.762035,0.1053,0.0,0.0,0.0000,0.0000,0.0560,-0.1868,-0.0073,325.8125,enc,0.0000
1786096391.862781,0.1007,0.0,0.0,0.0000,0.0000,0.0560,-0.1868,-0.0073,325.8125,enc,0.0000
1786096391.969033,0.1063,0.0,0.0,0.0000,0.0000,0.0560,-0.1868,-0.0073,325.8125,enc,0.0000
1786096392.086755,0.1177,0.0,0.0,0.0000,0.0000,0.0560,-0.1868,-0.0073,325.8125,enc,0.0000
1786096392.208030,0.1213,0.0,0.0,0.0000,0.0000,0.0560,-0.1868,-0.0073,325.8125,enc,0.0000
1786096392.359866,0.1518,0.0,0.0,0.0000,0.0000,0.0560,-0.1868,-0.0073,325.8125,enc,0.0000
1786096392.381375,0.0215,0.0,0.0,0.0000,0.0000,0.0560,-0.1868,-0.0073,325.8125,enc,0.0000
1786096392.510465,0.1291,0.0,0.0,0.0000,0.0000,0.0560,-0.1868,-0.0073,325.8125,enc,0.0000
1786096392.601945,0.0915,0.0,0.0,0.0000,0.0000,0.0560,-0.1868,-0.0073,325.8125,enc,0.0000
1786096392.696061,0.0941,0.0,0.0,0.0000,0.0000,0.0560,-0.1868,-0.0073,325.8125,enc,0.0000
1786096392.803986,0.1079,0.0,0.0,0.0000,0.0000,0.0560,-0.1868,-0.0073,325.8125,enc,0.0000
1786096392.908044,0.1041,0.0,0.0,0.0000,0.0000,0.0560,-0.1868,-0.0073,325.8125,enc,0.0000
1786096393.012348,0.1043,0.0,0.0,0.0000,0.0000,0.0560,-0.1868,-0.0073,325.8125,enc,0.0000
1786096393.128516,0.1162,0.0,0.0,0.0000,0.0000,0.0560,-0.1868,-0.0073,325.8125,enc,0.0000
1786096393.227999,0.0995,0.0,0.0,0.0000,0.0000,0.0560,-0.1868,-0.0073,325.8125,enc,0.0000
1786096393.332169,0.1042,0.0,0.0,0.0000,0.0000,0.0560,-0.1868,-0.0073,325.8125,enc,0.0000
1786096393.415829,0.0837,0.0,0.0,0.0000,0.0000,0.0560,-0.1868,-0.0073,325.8125,enc,0.0000
1786096393.522069,0.1062,0.0,0.0,0.0000,0.0000,0.0560,-0.1868,-0.0073,325.8125,enc,0.0000
1786096393.625935,0.1039,0.0,0.0,0.0000,0.0000,0.0560,-0.1868,-0.0073,325.8125,enc,0.0000
1786096393.726192,0.1003,0.0,0.0,0.0000,0.0000,0.0560,-0.1868,-0.0073,325.8125,enc,0.0000
1786096393.827109,0.1009,0.0,0.0,0.0000,0.0000,0.0560,-0.1868,-0.0073,325.8125,enc,0.0000
1786096393.935990,0.1089,0.0,0.0,0.0000,0.0000,0.0560,-0.1868,-0.0073,325.8125,enc,0.0000
1786096394.034902,0.0989,0.0,0.0,0.0000,0.0000,0.0560,-0.1868,-0.0073,325.8125,enc,0.0000
1786096394.159714,0.1248,0.0,0.0,0.0000,0.0000,0.0560,-0.1868,-0.0073,325.8125,enc,0.0000
1786096394.248751,0.0890,0.0,0.0,0.0000,0.0000,0.0560,-0.1868,-0.0073,325.8125,enc,0.0000
1786096394.352006,0.1033,0.0,0.0,0.0000,0.0000,0.0560,-0.1868,-0.0073,325.8125,enc,0.0000
1786096394.450388,0.0984,0.0,0.0,0.0000,0.0000,0.0560,-0.1868,-0.0073,325.8125,enc,0.0000
1786096394.556216,0.1058,0.0,0.0,0.0000,0.0000,0.0560,-0.1868,-0.0073,325.8125,enc,0.0000
1786096394.682522,0.1263,0.0,0.0,0.0000,0.0000,0.0560,-0.1868,-0.0073,325.8125,enc,0.0000
1786096394.761240,0.0787,0.0,0.0,0.0000,0.0000,0.0560,-0.1868,-0.0073,325.8125,enc,0.0000
1786096394.866693,0.1055,0.0,0.0,0.0000,0.0000,0.0560,-0.1868,-0.0073,325.8125,enc,0.0000
1786096394.991817,0.1251,0.0,0.0,0.0000,0.0000,0.0560,-0.1868,-0.0073,325.8125,enc,0.0000
1786096395.077615,0.0858,0.0,0.0,0.0000,0.0000,0.0560,-0.1868,-0.0073,325.8125,enc,0.0000
1786096395.304655,0.2270,0.0,0.0,0.0000,0.0000,0.0560,-0.1868,-0.0073,325.8125,enc,0.0000
1786096395.326400,0.0217,0.0,0.0,0.0000,0.0000,0.0560,-0.1868,-0.0073,325.8125,enc,0.0000
1786096395.523033,0.1966,0.0,0.0,0.0000,0.0000,0.0560,-0.1868,-0.0073,325.8125,enc,0.0000
1786096395.523097,0.0001,0.0,0.0,0.0000,0.0000,0.0560,-0.1868,-0.0073,325.8125,enc,0.0000
1786096395.595549,0.0725,0.0,0.0,0.0000,0.0000,0.0560,-0.1868,-0.0073,325.8125,enc,0.0000
1786096395.819090,0.2235,0.0,0.0,0.0000,0.0000,0.0560,-0.1868,-0.0073,325.8125,enc,0.0000
1786096395.819531,0.0004,0.0,0.0,0.0000,0.0000,0.0560,-0.1868,-0.0073,325.8125,enc,0.0000
1786096396.032027,0.2125,0.0,0.0,0.0000,0.0000,0.0560,-0.1868,-0.0073,325.8125,enc,0.0000
1786096396.032073,0.0000,0.0,0.0,0.0000,0.0000,0.0560,-0.1868,-0.0073,325.8125,enc,0.0000
1786096396.117885,0.0858,0.0,0.0,0.0000,0.0000,0.0560,-0.1868,-0.0073,325.8125,enc,0.0000
1786096396.303962,0.1861,0.0,0.0,0.0000,0.0000,0.0560,-0.1868,-0.0073,325.8125,enc,0.0000
1786096396.322176,0.0182,0.0,0.0,0.0000,0.0000,0.0560,-0.1868,-0.0073,325.8125,enc,0.0000
1786096396.542530,0.2204,0.0,0.0,0.0000,0.0000,0.0560,-0.1868,-0.0073,325.8125,enc,0.0000
1786096396.542583,0.0001,0.0,0.0,0.0000,0.0000,0.0560,-0.1868,-0.0073,325.8125,enc,0.0000
1786096396.631667,0.0891,0.0,0.0,0.0000,0.0000,0.0560,-0.1868,-0.0073,325.8125,enc,0.0000
1786096396.797462,0.1658,0.0,0.0,0.0000,0.0000,0.0560,-0.1868,-0.0073,325.8125,enc,0.0000
1786096396.840510,0.0430,0.0,0.0,0.0000,0.0000,0.0560,-0.1868,-0.0073,325.8125,enc,0.0000
1786096397.045786,0.2053,0.0,0.0,0.0000,0.0000,0.0560,-0.1868,-0.0073,325.8125,enc,0.0000
1786096397.049896,0.0041,0.0,0.0,0.0000,0.0000,0.0560,-0.1868,-0.0073,325.8125,enc,0.0000
1786096397.323030,0.2731,0.0,0.0,0.0000,0.0000,0.0560,-0.1868,-0.0073,325.8125,enc,0.0000
1786096397.323096,0.0001,0.0,0.0,0.0000,0.0000,0.0560,-0.1868,-0.0073,325.8125,enc,0.0000
1786096397.381445,0.0583,0.0,0.0,0.0000,0.0000,0.0560,-0.1868,-0.0073,325.8125,enc,0.0000
1786096397.549393,0.1679,0.0,0.0,0.0000,0.0000,0.0560,-0.1868,-0.0073,325.8125,enc,0.0000
1786096397.573959,0.0246,0.0,0.0,0.0000,0.0000,0.0560,-0.1868,-0.0073,325.8125,enc,0.0000
1786096397.803667,0.2297,0.0,0.0,0.0000,0.0000,0.0560,-0.1868,-0.0073,325.8125,enc,0.0000
1786096397.803731,0.0001,0.0,0.0,0.0000,0.0000,0.0560,-0.1868,-0.0073,325.8125,enc,0.0000
1786096397.878088,0.0744,0.0,0.0,0.0000,0.0000,0.0560,-0.1868,-0.0073,325.8125,enc,0.0000
1786096398.047814,0.1697,0.0,0.0,0.0000,0.0000,0.0560,-0.1868,-0.0073,325.8125,enc,0.0000
1786096398.090725,0.0429,0.0,0.0,0.0000,0.0000,0.0560,-0.1868,-0.0073,325.8125,enc,0.0000
1786096398.295877,0.2052,0.0,0.0,0.0000,0.0000,0.0560,-0.1868,-0.0073,325.8125,enc,0.0000
1786096398.297022,0.0011,0.0,0.0,0.0000,0.0000,0.0560,-0.1868,-0.0073,325.8125,enc,0.0000
1786096398.396473,0.0995,0.0,0.0,0.0000,0.0000,0.0560,-0.1868,-0.0073,325.8125,enc,0.0000
1786096398.557185,0.1607,0.0,0.0,0.0000,0.0000,0.0560,-0.1868,-0.0073,325.8125,enc,0.0000
1786096398.603271,0.0461,0.0,0.0,0.0000,0.0000,0.0560,-0.1868,-0.0073,325.8125,enc,0.0000
1786096398.795301,0.1920,0.0,0.0,0.0000,0.0000,0.0560,-0.1868,-0.0073,325.8125,enc,0.0000
1786096398.815759,0.0205,0.0,0.0,0.0000,0.0000,0.0560,-0.1868,-0.0073,325.8125,enc,0.0000
1786096399.048620,0.2329,0.0,0.0,0.0000,0.0000,0.0560,-0.1868,-0.0073,325.8125,enc,0.0000
1786096399.052469,0.0038,0.0,0.0,0.0000,0.0000,0.0560,-0.1868,-0.0073,325.8125,enc,0.0000
1786096399.127272,0.0748,0.0,0.0,0.0000,0.0000,0.0560,-0.1868,-0.0073,325.8125,enc,0.0000
1786096399.304074,0.1768,0.0,0.0,0.0000,0.0000,0.0560,-0.1868,-0.0073,325.8125,enc,0.0000
1786096399.328403,0.0243,0.0,0.0,0.0000,0.0000,0.0560,-0.1868,-0.0073,325.8125,enc,0.0000
1786096399.560888,0.2325,0.0,0.0,0.0000,0.0000,0.0560,-0.1868,-0.0073,325.8125,enc,0.0000
1786096399.560964,0.0001,0.0,0.0,0.0000,0.0000,0.0560,-0.1868,-0.0073,325.8125,enc,0.0000
1786096399.811827,0.2509,0.0,0.0,0.0000,0.0000,0.0560,-0.1868,-0.0073,325.8125,enc,0.0000
1786096399.811903,0.0001,0.0,0.0,0.0000,0.0000,0.0560,-0.1868,-0.0073,325.8125,enc,0.0000
1786096399.849599,0.0377,0.0,0.0,0.0000,0.0000,0.0560,-0.1868,-0.0073,325.8125,enc,0.0000
1786096400.071697,0.2221,0.0,0.0,0.0000,0.0000,0.0560,-0.1868,-0.0073,325.8125,enc,0.0000
1786096400.072265,0.0006,0.0,0.0,0.0000,0.0000,0.0560,-0.1868,-0.0073,325.8125,enc,0.0000
1786096400.157405,0.0851,0.0,0.0,0.0000,0.0000,0.0560,-0.1868,-0.0073,325.8125,enc,0.0000
1786096400.291963,0.1346,0.0,0.0,0.0000,0.0000,0.0560,-0.1868,-0.0073,325.8125,enc,0.0000
1786096400.365066,0.0731,0.0,0.0,0.0000,0.0000,0.0560,-0.1868,-0.0073,325.8125,enc,0.0000
1786096400.494408,0.1293,0.0,0.0,0.0000,0.0000,0.0560,-0.1868,-0.0073,325.8125,enc,0.0000
1786096400.603630,0.1092,0.0,0.0,0.0000,0.0000,0.0560,-0.1868,-0.0073,325.8125,enc,0.0000
1786096400.681442,0.0778,0.0,0.0,0.0000,0.0000,0.0560,-0.1868,-0.0073,325.8125,enc,0.0000
1786096400.791403,0.1100,0.0,0.0,0.0000,0.0000,0.0560,-0.1868,-0.0073,325.8125,enc,0.0000
1786096400.886856,0.0955,0.0,0.0,0.0000,0.0000,0.0560,-0.1868,-0.0073,325.8125,enc,0.0000
1786096401.005046,0.1182,0.0,0.0,0.0000,0.0000,0.0560,-0.1868,-0.0073,325.8125,enc,0.0000
1786096401.103519,0.0985,0.0,0.0,0.0000,0.0000,0.0560,-0.1868,-0.0073,325.8125,enc,0.0000
1786096401.211991,0.1085,0.0,0.0,0.0000,0.0000,0.0560,-0.1868,-0.0073,325.8125,enc,0.0000
1786096401.330514,0.1185,0.0,0.0,0.0000,0.0000,0.0560,-0.1868,-0.0073,325.8125,enc,0.0000
1786096401.413545,0.0830,0.0,0.0,0.0000,0.0000,0.0560,-0.1868,-0.0073,325.8125,enc,0.0000
1786096401.521351,0.1078,0.0,0.0,0.0000,0.0000,0.0560,-0.1868,-0.0073,325.8125,enc,0.0000
1786096401.620863,0.0995,0.0,0.0,0.0000,0.0000,0.0560,-0.1868,-0.0073,325.8125,enc,0.0000
1786096401.724239,0.1034,0.0,0.0,0.0000,0.0000,0.0560,-0.1868,-0.0073,325.8125,enc,0.0000
1786096401.827752,0.1035,0.0,0.0,0.0000,0.0000,0.0560,-0.1868,-0.0073,325.8125,enc,0.0000
1786096401.930958,0.1032,0.0,0.0,0.0000,0.0000,0.0560,-0.1868,-0.0073,325.8125,enc,0.0000
1786096402.044010,0.1131,0.0,0.0,0.0000,0.0000,0.0560,-0.1868,-0.0073,325.8125,enc,0.0000
1786096402.141119,0.0971,0.0,0.0,0.0000,0.0000,0.0560,-0.1868,-0.0073,325.8125,enc,0.0000
1786096402.238331,0.0972,0.0,0.0,0.0000,0.0000,0.0560,-0.1868,-0.0073,325.8125,enc,0.0000
1786096402.343693,0.1054,0.0,0.0,0.0000,0.0000,0.0560,-0.1868,-0.0073,325.8125,enc,0.0000
1786096402.447466,0.1038,0.0,0.0,0.0000,0.0000,0.0560,-0.1868,-0.0073,325.8125,enc,0.0000
1786096402.552917,0.1055,0.0,0.0,0.0000,0.0000,0.0560,-0.1868,-0.0073,325.8125,enc,0.0000
1786096402.657966,0.1050,0.0,0.0,0.0000,0.0000,0.0560,-0.1868,-0.0073,325.8125,enc,0.0000
1786096402.756909,0.0989,0.0,0.0,0.0000,0.0000,0.0560,-0.1868,-0.0073,325.8125,enc,0.0000
1786096402.862237,0.1053,0.0,0.0,0.0000,0.0000,0.0560,-0.1868,-0.0073,325.8125,enc,0.0000
1786096402.975004,0.1128,0.0,0.0,0.0000,0.0000,0.0560,-0.1868,-0.0073,325.8125,enc,0.0000
1786096403.068972,0.0940,0.0,0.0,0.0000,0.0000,0.0560,-0.1868,-0.0073,325.8125,enc,0.0000
1786096403.182834,0.1139,0.0,0.0,0.0000,0.0000,0.0560,-0.1868,-0.0073,325.8125,enc,0.0000
1786096403.281736,0.0989,0.0,0.0,0.0000,0.0000,0.0560,-0.1868,-0.0073,325.8125,enc,0.0000
1786096403.384064,0.1023,0.0,0.0,0.0000,0.0000,0.0560,-0.1868,-0.0073,325.8125,enc,0.0000
1786096403.489252,0.1052,0.0,0.0,0.0000,0.0000,0.0560,-0.1868,-0.0073,325.8125,enc,0.0000
1786096403.591945,0.1027,0.0,0.0,0.0000,0.0000,0.0560,-0.1868,-0.0073,325.8125,enc,0.0000
1786096403.695513,0.1036,0.0,0.0,0.0000,0.0000,0.0560,-0.1868,-0.0073,325.8125,enc,0.0000
1786096403.803079,0.1076,0.0,0.0,0.0000,0.0000,0.0560,-0.1868,-0.0073,325.8125,enc,0.0000
1786096403.903382,0.1003,0.0,0.0,0.0000,0.0000,0.0560,-0.1868,-0.0073,325.8125,enc,0.0000
1786096404.015014,0.1116,0.0,0.0,0.0000,0.0000,0.0560,-0.1868,-0.0073,325.8125,enc,0.0000
1786096404.111931,0.0969,0.0,0.0,0.0000,0.0000,0.0560,-0.1868,-0.0073,325.8125,enc,0.0000
1786096404.215781,0.1039,0.0,0.0,0.0000,0.0000,0.0560,-0.1868,-0.0073,325.8125,enc,0.0000
1786096404.324932,0.1092,0.0,0.0,0.0000,0.0000,0.0560,-0.1868,-0.0073,325.8125,enc,0.0000
1786096404.423206,0.0983,0.0,0.0,0.0000,0.0000,0.0560,-0.1868,-0.0073,325.8125,enc,0.0000
1786096404.529433,0.1062,0.0,0.0,0.0000,0.0000,0.0560,-0.1868,-0.0073,325.8125,enc,0.0000
1786096404.633950,0.1045,0.0,0.0,0.0000,0.0000,0.0560,-0.1868,-0.0073,325.8125,enc,0.0000
1786096404.739301,0.1054,0.0,0.0,0.0000,0.0000,0.0560,-0.1868,-0.0073,325.8125,enc,0.0000
1786096404.839083,0.0998,0.0,0.0,0.0000,0.0000,0.0560,-0.1868,-0.0073,325.8125,enc,0.0000
1786096404.940656,0.1016,0.0,0.0,0.0000,0.0000,0.0560,-0.1868,-0.0073,325.8125,enc,0.0000
1786096405.047973,0.1073,0.0,0.0,0.0000,0.0000,0.0560,-0.1868,-0.0073,325.8125,enc,0.0000
1786096405.148648,0.1007,0.0,0.0,0.0000,0.0000,0.0560,-0.1868,-0.0073,325.8125,enc,0.0000
1786096405.249981,0.1013,0.0,0.0,0.0000,0.0000,0.0560,-0.1868,-0.0073,325.8125,enc,0.0000
1786096405.361270,0.1113,0.0,0.0,0.0000,0.0000,0.0560,-0.1868,-0.0073,325.8125,enc,0.0000
1786096405.458836,0.0976,0.0,0.0,0.0000,0.0000,0.0560,-0.1868,-0.0073,325.8125,enc,0.0000
1786096405.563884,0.1050,0.0,0.0,0.0000,0.0000,0.0560,-0.1868,-0.0073,325.8125,enc,0.0000
1786096405.670025,0.1061,0.0,0.0,0.0000,0.0000,0.0560,-0.1868,-0.0073,325.8125,enc,0.0000
1786096405.772872,0.1028,0.0,0.0,0.0000,0.0000,0.0560,-0.1868,-0.0073,325.8125,enc,0.0000
1786096405.876925,0.1041,0.0,0.0,0.0000,0.0000,0.0560,-0.1868,-0.0073,325.8125,enc,0.0000
1786096405.985032,0.1081,0.0,0.0,0.0000,0.0000,0.0560,-0.1868,-0.0073,325.8125,enc,0.0000
1786096406.084970,0.0999,0.0,0.0,0.0000,0.0000,0.0560,-0.1868,-0.0073,325.8125,enc,0.0000
1786096406.186918,0.1019,0.0,0.0,0.0000,0.0000,0.0560,-0.1868,-0.0073,325.8125,enc,0.0000
1786096406.292723,0.1058,0.0,0.0,0.0000,0.0000,0.0560,-0.1868,-0.0073,325.8125,enc,0.0000
1786096406.410027,0.1173,0.0,0.0,0.0000,0.0000,0.0560,-0.1868,-0.0073,325.8125,enc,0.0000
1786096406.498422,0.0884,0.0,0.0,0.0000,0.0000,0.0560,-0.1868,-0.0073,325.8125,enc,0.0000
1786096406.599559,0.1011,0.0,0.0,0.0000,0.0000,0.0560,-0.1868,-0.0073,325.8125,enc,0.0000
1786096406.714370,0.1148,0.0,0.0,0.0000,0.0000,0.0560,-0.1868,-0.0073,325.8125,enc,0.0000
1786096406.804814,0.0904,0.0,0.0,0.0000,0.0000,0.0560,-0.1868,-0.0073,325.8125,enc,0.0000
1786096406.908463,0.1036,0.0,0.0,0.0000,0.0000,0.0560,-0.1868,-0.0073,325.8125,enc,0.0000
1786096407.017012,0.1085,0.0,0.0,0.0000,0.0000,0.0560,-0.1868,-0.0073,325.8125,enc,0.0000
1786096407.123346,0.1063,0.0,0.0,0.0000,0.0000,0.0560,-0.1868,-0.0073,325.8125,enc,0.0000
1786096407.220295,0.0969,0.0,0.0,0.0000,0.0000,0.0560,-0.1868,-0.0073,325.8125,enc,0.0000
1786096407.345097,0.1248,0.0,0.0,0.0000,0.0000,0.0560,-0.1868,-0.0073,325.8125,enc,0.0000
1786096407.432744,0.0876,0.0,0.0,0.0000,0.0000,0.0560,-0.1868,-0.0073,325.8125,enc,0.0000
1786096407.534013,0.1013,0.0,0.0,0.0000,0.0000,0.0560,-0.1868,-0.0073,325.8125,enc,0.0000
1786096407.645175,0.1112,0.0,0.0,0.0000,0.0000,0.0560,-0.1868,-0.0073,325.8125,enc,0.0000
1786096407.752285,0.1071,0.0,0.0,0.0000,0.0000,0.0560,-0.1868,-0.0073,325.8125,enc,0.0000
1786096407.850449,0.0982,0.0,0.0,0.0000,0.0000,0.0560,-0.1868,-0.0073,325.8125,enc,0.0000
1786096407.972048,0.1216,0.0,0.0,0.0000,0.0000,0.0560,-0.1868,-0.0073,325.8125,enc,0.0000
1786096408.056385,0.0843,0.0,0.0,0.0000,0.0000,0.0560,-0.1868,-0.0073,325.8125,enc,0.0000
1786096408.173939,0.1176,0.0,0.0,0.0000,0.0000,0.0560,-0.1868,-0.0073,325.8125,enc,0.0000
1786096408.268441,0.0945,0.0,0.0,0.0000,0.0000,0.0560,-0.1868,-0.0073,325.8125,enc,0.0000
1786096408.365989,0.0975,0.0,0.0,0.0000,0.0000,0.0560,-0.1868,-0.0073,325.8125,enc,0.0000
1786096408.469836,0.1038,0.0,0.0,0.0000,0.0000,0.0560,-0.1868,-0.0073,325.8125,enc,0.0000
1786096408.574017,0.1042,0.0,0.0,0.0000,0.0000,0.0560,-0.1868,-0.0073,325.8125,enc,0.0000
1786096408.677595,0.1036,0.0,0.0,0.0000,0.0000,0.0560,-0.1868,-0.0073,325.8125,enc,0.0000
1786096408.780020,0.1024,0.0,0.0,0.0000,0.0000,0.0560,-0.1868,-0.0073,325.8125,enc,0.0000
1786096408.894333,0.1143,0.0,0.0,0.0000,0.0000,0.0560,-0.1868,-0.0073,325.8125,enc,0.0000
1786096408.991195,0.0969,0.0,0.0,0.0000,0.0000,0.0560,-0.1868,-0.0073,325.8125,enc,0.0000
1786096409.098294,0.1071,0.0,0.0,0.0000,0.0000,0.0560,-0.1868,-0.0073,325.8125,enc,0.0000
1786096409.201360,0.1031,0.0,0.0,0.0000,0.0000,0.0560,-0.1868,-0.0073,325.8125,enc,0.0000
1786096409.301741,0.1004,0.0,0.0,0.0000,0.0000,0.0560,-0.1868,-0.0073,325.8125,enc,0.0000
1786096409.404723,0.1030,0.0,0.0,0.0000,0.0000,0.0560,-0.1868,-0.0073,325.8125,enc,0.0000
1786096409.515576,0.1109,0.0,0.0,0.0000,0.0000,0.0560,-0.1868,-0.0073,325.8125,enc,0.0000
1786096409.613095,0.0975,0.0,0.0,0.0000,0.0000,0.0560,-0.1868,-0.0073,325.8125,enc,0.0000
1786096409.717856,0.1048,0.0,0.0,0.0000,0.0000,0.0560,-0.1868,-0.0073,325.8125,enc,0.0000
1786096409.864116,0.1463,0.0,0.0,0.0000,0.0000,0.0560,-0.1868,-0.0073,325.8125,enc,0.0000
1786096409.931913,0.0678,0.0,0.0,0.0000,0.0000,0.0560,-0.1868,-0.0073,325.8125,enc,0.0000
1786096410.026026,0.0941,0.0,0.0,0.0000,0.0000,0.0560,-0.1868,-0.0073,325.8125,enc,0.0000
1786096410.267111,0.2411,0.0,0.0,0.0000,0.0000,0.0560,-0.1868,-0.0073,325.8125,enc,0.0000
1786096410.267972,0.0009,0.0,0.0,0.0000,0.0000,0.0560,-0.1868,-0.0073,325.8125,enc,0.0000
1786096410.336433,0.0685,0.0,0.0,0.0000,0.0000,0.0560,-0.1868,-0.0073,325.8125,enc,0.0000
1786096410.524392,0.1880,0.0,0.0,0.0000,0.0000,0.0560,-0.1868,-0.0073,325.8125,enc,0.0000
1786096410.540567,0.0162,0.0,0.0,0.0000,0.0000,0.0560,-0.1868,-0.0073,325.8125,enc,0.0000
1786096410.772649,0.2321,0.0,0.0,0.0000,0.0000,0.0560,-0.1868,-0.0073,325.8125,enc,0.0000
1786096410.773130,0.0005,0.0,0.0,0.0000,0.0000,0.0560,-0.1868,-0.0073,325.8125,enc,0.0000
1786096410.856929,0.0838,0.0,0.0,0.0000,0.0000,0.0560,-0.1868,-0.0073,325.8125,enc,0.0000
1786096411.060051,0.2031,0.0,0.0,0.0000,0.0000,0.0560,-0.1868,-0.0073,325.8125,enc,0.0000
1786096411.062922,0.0029,0.0,0.0,0.0000,0.0000,0.0560,-0.1868,-0.0073,325.8125,enc,0.0000
1786096411.274889,0.2120,0.0,0.0,0.0000,0.0000,0.0560,-0.1868,-0.0073,325.8125,enc,0.0000
1786096411.306644,0.0318,0.0,0.0,0.0000,0.0000,0.0560,-0.1868,-0.0073,325.8125,enc,0.0000
1786096411.527845,0.2212,0.0,0.0,0.0000,0.0000,0.0560,-0.1868,-0.0073,325.8125,enc,0.0000
1786096411.559736,0.0319,0.0,0.0,0.0000,0.0000,0.0560,-0.1868,-0.0073,325.8125,enc,0.0000
1786096411.578246,0.0185,0.0,0.0,0.0000,0.0000,0.0560,-0.1868,-0.0073,325.8125,enc,0.0000
1786096411.776523,0.1983,0.0,0.0,0.0000,0.0000,0.0560,-0.1868,-0.0073,325.8125,enc,0.0000
1786096411.784552,0.0080,0.0,0.0,0.0000,0.0000,0.0560,-0.1868,-0.0073,325.8125,enc,0.0000
1786096412.027615,0.2431,0.0,0.0,0.0000,0.0000,0.0560,-0.1868,-0.0073,325.8125,enc,0.0000
1786096412.034559,0.0069,0.0,0.0,0.0000,0.0000,0.0560,-0.1868,-0.0073,325.8125,enc,0.0000
1786096412.097096,0.0625,0.0,0.0,0.0000,0.0000,0.0560,-0.1868,-0.0073,325.8125,enc,0.0000
1786096412.279323,0.1822,0.0,0.0,0.0000,0.0000,0.0560,-0.1868,-0.0073,325.8125,enc,0.0000
1786096412.303938,0.0246,0.0,0.0,0.0000,0.0000,0.0560,-0.1868,-0.0073,325.8125,enc,0.0000
1786096412.527524,0.2236,0.0,0.0,0.0000,0.0000,0.0560,-0.1868,-0.0073,325.8125,enc,0.0000
1786096412.527580,0.0001,0.0,0.0,0.0000,0.0000,0.0560,-0.1868,-0.0073,325.8125,enc,0.0000
1786096412.614841,0.0873,0.0,0.0,0.0000,0.0000,0.0560,-0.1868,-0.0073,325.8125,enc,0.0000
1786096412.780886,0.1660,0.0,0.0,0.0000,0.0000,0.0560,-0.1868,-0.0073,325.8125,enc,0.0000
1786096412.826440,0.0456,0.0,0.0,0.0000,0.0000,0.0560,-0.1868,-0.0073,325.8125,enc,0.0000
1786096413.028731,0.2023,0.0,0.0,0.0000,0.0000,0.0560,-0.1868,-0.0073,325.8125,enc,0.0000
1786096413.033124,0.0044,0.0,0.0,0.0000,0.0000,0.0560,-0.1868,-0.0073,325.8125,enc,0.0000
1786096413.298716,0.2656,0.0,0.0,0.0000,0.0000,0.0560,-0.1868,-0.0073,325.8125,enc,0.0000
1786096413.300391,0.0017,0.0,0.0,0.0000,0.0000,0.0560,-0.1868,-0.0073,325.8125,enc,0.0000
1786096413.342880,0.0425,0.0,0.0,0.0000,0.0000,0.0560,-0.1868,-0.0073,325.8125,enc,0.0000
1786096413.530146,0.1873,0.0,0.0,0.0000,0.0000,0.0560,-0.1868,-0.0073,325.8125,enc,0.0000
1786096413.550740,0.0206,0.0,0.0,0.0000,0.0000,0.0560,-0.1868,-0.0073,325.8125,enc,0.0000
1786096413.780429,0.2297,0.0,0.0,0.0000,0.0000,0.0560,-0.1868,-0.0073,325.8125,enc,0.0000
1786096413.780482,0.0001,0.0,0.0,0.0000,0.0000,0.0560,-0.1868,-0.0073,325.8125,enc,0.0000
1786096413.864412,0.0839,0.0,0.0,0.0000,0.0000,0.0560,-0.1868,-0.0073,325.8125,enc,0.0000
1786096414.032517,0.1681,0.0,0.0,0.0000,0.0000,0.0560,-0.1868,-0.0073,325.8125,enc,0.0000
1786096414.070613,0.0381,0.0,0.0,0.0000,0.0000,0.0560,-0.1868,-0.0073,325.8125,enc,0.0000
1786096414.283046,0.2124,0.0,0.0,0.0000,0.0000,0.0560,-0.1868,-0.0073,325.8125,enc,0.0000
1786096414.283290,0.0002,0.0,0.0,0.0000,0.0000,0.0560,-0.1868,-0.0073,325.8125,enc,0.0000
1786096414.538080,0.2548,0.0,0.0,0.0000,0.0000,0.0560,-0.1868,-0.0073,325.8125,enc,0.0000
1786096414.538205,0.0001,0.0,0.0,0.0000,0.0000,0.0560,-0.1868,-0.0073,325.8125,enc,0.0000
1786096414.596323,0.0581,0.0,0.0,0.0000,0.0000,0.0560,-0.1868,-0.0073,325.8125,enc,0.0000
1786096414.793605,0.1973,0.0,0.0,0.0000,0.0000,0.0560,-0.1868,-0.0073,325.8125,enc,0.0000
1786096414.804993,0.0114,0.0,0.0,0.0000,0.0000,0.0560,-0.1868,-0.0073,325.8125,enc,0.0000
1786096415.047453,0.2425,0.0,0.0,0.0000,0.0000,0.0560,-0.1868,-0.0073,325.8125,enc,0.0000
1786096415.047506,0.0001,0.0,0.0,0.0000,0.0000,0.0560,-0.1868,-0.0073,325.8125,enc,0.0000
1786096415.111580,0.0641,0.0,0.0,0.0000,0.0000,0.0560,-0.1868,-0.0073,325.8125,enc,0.0000
1786096415.230462,0.1189,0.0,0.0,0.0000,0.0000,0.0560,-0.1868,-0.0073,325.8125,enc,0.0000
1786096415.325876,0.0954,0.0,0.0,0.0000,0.0000,0.0560,-0.1868,-0.0073,325.8125,enc,0.0000
1786096415.436412,0.1105,0.0,0.0,0.0000,0.0000,0.0560,-0.1868,-0.0073,325.8125,enc,0.0000
1786096415.539755,0.1033,0.0,0.0,0.0000,0.0000,0.0560,-0.1868,-0.0073,325.8125,enc,0.0000
1786096415.647785,0.1080,0.0,0.0,0.0000,0.0000,0.0560,-0.1868,-0.0073,325.8125,enc,0.0000
1786096415.749804,0.1020,0.0,0.0,0.0000,0.0000,0.0560,-0.1868,-0.0073,325.8125,enc,0.0000
1786096415.846122,0.0963,0.0,0.0,0.0000,0.0000,0.0560,-0.1868,-0.0073,325.8125,enc,0.0000
1786096415.961461,0.1153,0.0,0.0,0.0000,0.0000,0.0560,-0.1868,-0.0073,325.8125,enc,0.0000
1786096416.045828,0.0844,0.0,0.0,0.0000,0.0000,0.0560,-0.1868,-0.0073,325.8125,enc,0.0000
1786096416.221584,0.1758,0.0,0.0,0.0000,0.0000,0.0560,-0.1868,-0.0073,325.8125,enc,0.0000
1786096416.270349,0.0488,0.0,0.0,0.0000,0.0000,0.0560,-0.1868,-0.0073,325.8125,enc,0.0000
1786096416.359890,0.0895,0.0,0.0,0.0000,0.0000,0.0560,-0.1868,-0.0073,325.8125,enc,0.0000
1786096416.458255,0.0984,0.0,0.0,0.0000,0.0000,0.0560,-0.1868,-0.0073,325.8125,enc,0.0000
1786096416.563583,0.1053,0.0,0.0,0.0000,0.0000,0.0560,-0.1868,-0.0073,325.8125,enc,0.0000
1786096416.666978,0.1034,0.0,0.0,0.0000,0.0000,0.0560,-0.1868,-0.0073,325.8125,enc,0.0000
1786096416.768651,0.1017,0.0,0.0,0.0000,0.0000,0.0560,-0.1868,-0.0073,325.8125,enc,0.0000
1786096416.877200,0.1085,0.0,0.0,0.0000,0.0000,0.0560,-0.1868,-0.0073,325.8125,enc,0.0000
1786096417.008055,0.1309,0.0,0.0,0.0000,0.0000,0.0560,-0.1868,-0.0073,325.8125,enc,0.0000
1786096417.085456,0.0774,0.0,0.0,0.0000,0.0000,0.0560,-0.1868,-0.0073,325.8125,enc,0.0000
1786096417.189808,0.1044,0.0,0.0,0.0000,0.0000,0.0560,-0.1868,-0.0073,325.8125,enc,0.0000
1786096417.335338,0.1455,0.0,0.0,0.0000,0.0000,0.0560,-0.1868,-0.0073,325.8125,enc,0.0000
1786096417.395374,0.0600,0.0,0.0,0.0000,0.0000,0.0560,-0.1868,-0.0073,325.8125,enc,0.0000
1786096417.507551,0.1122,0.0,0.0,0.0000,0.0000,0.0560,-0.1868,-0.0073,325.8125,enc,0.0000
1786096417.605617,0.0981,0.0,0.0,0.0000,0.0000,0.0560,-0.1868,-0.0073,325.8125,enc,0.0000
1786096417.716026,0.1104,0.0,0.0,0.0000,0.0000,0.0560,-0.1868,-0.0073,325.8125,enc,0.0000
1786096417.807208,0.0912,0.0,0.0,0.0000,0.0000,0.0560,-0.1868,-0.0073,325.8125,enc,0.0000
1786096417.913015,0.1058,0.0,0.0,0.0000,0.0000,0.0560,-0.1868,-0.0073,325.8125,enc,0.0000
1786096418.020741,0.1077,0.0,0.0,0.0000,0.0000,0.0560,-0.1868,-0.0073,325.8125,enc,0.0000
1786096418.119200,0.0985,0.0,0.0,0.0000,0.0000,0.0560,-0.1868,-0.0073,325.8125,enc,0.0000
1786096418.222966,0.1038,0.0,0.0,0.0000,0.0000,0.0560,-0.1868,-0.0073,325.8125,enc,0.0000
1786096418.337509,0.1145,0.0,0.0,0.0000,0.0000,0.0560,-0.1868,-0.0073,325.8125,enc,0.0000
1786096418.433033,0.0955,0.0,0.0,0.0000,0.0000,0.0560,-0.1868,-0.0073,325.8125,enc,0.0000
1786096418.554818,0.1218,0.0,0.0,0.0000,0.0000,0.0560,-0.1868,-0.0073,325.8125,enc,0.0000
1786096418.645209,0.0904,0.0,0.0,0.0000,0.0000,0.0560,-0.1868,-0.0073,325.8125,enc,0.0000
1786096418.755649,0.1104,0.0,0.0,0.0000,0.0000,0.0560,-0.1868,-0.0073,325.8125,enc,0.0000
1786096418.888009,0.1324,0.0,0.0,0.0000,0.0000,0.0560,-0.1868,-0.0073,325.8125,enc,0.0000
1786096418.957637,0.0696,0.0,0.0,0.0000,0.0000,0.0560,-0.1868,-0.0073,325.8125,enc,0.0000
1786096419.067081,0.1094,0.0,0.0,0.0000,0.0000,0.0560,-0.1868,-0.0073,325.8125,enc,0.0000
1786096419.178643,0.1116,0.0,0.0,0.0000,0.0000,0.0560,-0.1868,-0.0073,325.8125,enc,0.0000
1786096419.285649,0.1070,0.0,0.0,0.0000,0.0000,0.0560,-0.1868,-0.0073,325.8125,enc,0.0000
1786096419.370548,0.0849,0.0,0.0,0.0000,0.0000,0.0560,-0.1868,-0.0073,325.8125,enc,0.0000
1786096419.471095,0.1005,0.0,0.0,0.0000,0.0000,0.0560,-0.1868,-0.0073,325.8125,enc,0.0000
1786096419.578748,0.1077,0.0,0.0,0.0000,0.0000,0.0560,-0.1868,-0.0073,325.8125,enc,0.0000
1786096419.695795,0.1170,0.0,0.0,0.0000,0.0000,0.0560,-0.1868,-0.0073,325.8125,enc,0.0000
1786096419.783411,0.0876,0.0,0.0,0.0000,0.0000,0.0560,-0.1868,-0.0073,325.8125,enc,0.0000
1786096419.887638,0.1042,0.0,0.0,0.0000,0.0000,0.0560,-0.1868,-0.0073,325.8125,enc,0.0000
1786096420.090826,0.2032,0.0,0.0,0.0000,0.0000,0.0560,-0.1868,-0.0073,325.8125,enc,0.0000
1786096420.103559,0.0127,0.0,0.0,0.0000,0.0000,0.0560,-0.1868,-0.0073,325.8125,enc,0.0000
1786096420.198499,0.0949,0.0,0.0,0.0000,0.0000,0.0560,-0.1868,-0.0073,325.8125,enc,0.0000
1786096420.303809,0.1053,0.0,0.0,0.0000,0.0000,0.0560,-0.1868,-0.0073,325.8125,enc,0.0000
1786096420.405413,0.1016,0.0,0.0,0.0000,0.0000,0.0560,-0.1868,-0.0073,325.8125,enc,0.0000
1786096420.515749,0.1103,0.0,0.0,0.0000,0.0000,0.0560,-0.1868,-0.0073,325.8125,enc,0.0000
1786096420.616853,0.1011,0.0,0.0,0.0000,0.0000,0.0560,-0.1868,-0.0073,325.8125,enc,0.0000
1786096420.718914,0.1021,0.0,0.0,0.0000,0.0000,0.0560,-0.1868,-0.0073,325.8125,enc,0.0000
1786096420.824337,0.1054,0.0,0.0,0.0000,0.0000,0.0560,-0.1868,-0.0073,325.8125,enc,0.0000
1786096420.924503,0.1002,0.0,0.0,0.0000,0.0000,0.0560,-0.1868,-0.0073,325.8125,enc,0.0000
1786096421.027812,0.1033,0.0,0.0,0.0000,0.0000,0.0560,-0.1868,-0.0073,325.8125,enc,0.0000
1786096421.140633,0.1128,0.0,0.0,0.0000,0.0000,0.0560,-0.1868,-0.0073,325.8125,enc,0.0000
1786096421.240608,0.1000,0.0,0.0,0.0000,0.0000,0.0560,-0.1868,-0.0073,325.8125,enc,0.0000
1786096421.341986,0.1014,0.0,0.0,0.0000,0.0000,0.0560,-0.1868,-0.0073,325.8125,enc,0.0000
1786096421.452013,0.1100,0.0,0.0,0.0000,0.0000,0.0560,-0.1868,-0.0073,325.8125,enc,0.0000
1786096421.546891,0.0949,0.0,0.0,0.0000,0.0000,0.0560,-0.1868,-0.0073,325.8125,enc,0.0000
1786096421.649610,0.1027,0.0,0.0,0.0000,0.0000,0.0560,-0.1868,-0.0073,325.8125,enc,0.0000
1786096421.759061,0.1095,0.0,0.0,0.0000,0.0000,0.0560,-0.1868,-0.0073,325.8125,enc,0.0000
1786096421.861956,0.1029,0.0,0.0,0.0000,0.0000,0.0560,-0.1868,-0.0073,325.8125,enc,0.0000
1786096421.972794,0.1108,0.0,0.0,0.0000,0.0000,0.0560,-0.1868,-0.0073,325.8125,enc,0.0000
1786096422.090593,0.1178,0.0,0.0,0.0000,0.0000,0.0560,-0.1868,-0.0073,325.8125,enc,0.0000
1786096422.179568,0.0890,0.0,0.0,0.0000,0.0000,0.0560,-0.1868,-0.0073,325.8125,enc,0.0000
1786096422.276887,0.0973,0.0,0.0,0.0000,0.0000,0.0560,-0.1868,-0.0073,325.8125,enc,0.0000
1786096422.383380,0.1065,0.0,0.0,0.0000,0.0000,0.0560,-0.1868,-0.0073,325.8125,enc,0.0000
1786096422.513986,0.1306,0.0,0.0,0.0000,0.0000,0.0560,-0.1868,-0.0073,325.8125,enc,0.0000
1786096422.611636,0.0976,0.0,0.0,0.0000,0.0000,0.0560,-0.1868,-0.0073,325.8125,enc,0.0000
1786096422.718642,0.1070,0.0,0.0,0.0000,0.0000,0.0560,-0.1868,-0.0073,325.8125,enc,0.0000
1786096422.824060,0.1054,0.0,0.0,0.0000,0.0000,0.0560,-0.1868,-0.0073,325.8125,enc,0.0000
1786096422.909887,0.0858,0.0,0.0,0.0000,0.0000,0.0560,-0.1868,-0.0073,325.8125,enc,0.0000
1786096423.021278,0.1114,0.0,0.0,0.0000,0.0000,0.0560,-0.1868,-0.0073,325.8125,enc,0.0000
1786096423.101640,0.0804,0.0,0.0,0.0000,0.0000,0.0560,-0.1868,-0.0073,325.8125,enc,0.0000
1786096423.230645,0.1290,0.0,0.0,0.0000,0.0000,0.0560,-0.1868,-0.0073,325.8125,enc,0.0000
1786096423.319332,0.0887,0.0,0.0,0.0000,0.0000,0.0560,-0.1868,-0.0073,325.8125,enc,0.0000
1786096423.423803,0.1045,0.0,0.0,0.0000,0.0000,0.0560,-0.1868,-0.0073,325.8125,enc,0.0000
1786096423.524307,0.1005,0.0,0.0,0.0000,0.0000,0.0560,-0.1868,-0.0073,325.8125,enc,0.0000
1786096423.636030,0.1117,0.0,0.0,0.0000,0.0000,0.0560,-0.1868,-0.0073,325.8125,enc,0.0000
1786096423.738951,0.1029,0.0,0.0,0.0000,0.0000,0.0560,-0.1868,-0.0073,325.8125,enc,0.0000
1786096423.849412,0.1105,0.0,0.0,0.0000,0.0000,0.0560,-0.1868,-0.0073,325.8125,enc,0.0000
1786096423.937130,0.0877,0.0,0.0,0.0000,0.0000,0.0560,-0.1868,-0.0073,325.8125,enc,0.0000
1786096424.048092,0.1110,0.0,0.0,0.0000,0.0000,0.0560,-0.1868,-0.0073,325.8125,enc,0.0000
1786096424.142231,0.0941,0.0,0.0,0.0000,0.0000,0.0560,-0.1868,-0.0073,325.8125,enc,0.0000
1786096424.254931,0.1127,0.0,0.0,0.0000,0.0000,0.0560,-0.1868,-0.0073,325.8125,enc,0.0000
1786096424.356415,0.1015,0.0,0.0,0.0000,0.0000,0.0560,-0.1868,-0.0073,325.8125,enc,0.0000
1786096424.473745,0.1173,0.0,0.0,0.0000,0.0000,0.0560,-0.1868,-0.0073,325.8125,enc,0.0000
1786096424.559345,0.0856,0.0,0.0,0.0000,0.0000,0.0560,-0.1868,-0.0073,325.8125,enc,0.0000
1786096424.661153,0.1018,0.0,0.0,0.0000,0.0000,0.0560,-0.1868,-0.0073,325.8125,enc,0.0000
1786096424.766028,0.1049,0.0,0.0,0.0000,0.0000,0.0560,-0.1868,-0.0073,325.8125,enc,0.0000
1786096424.869345,0.1033,0.0,0.0,0.0000,0.0000,0.0560,-0.1868,-0.0073,325.8125,enc,0.0000
1786096424.969518,0.1002,0.0,0.0,0.0000,0.0000,0.0560,-0.1868,-0.0073,325.8125,enc,0.0000
1786096425.077063,0.1075,0.0,0.0,0.0000,0.0000,0.0560,-0.1868,-0.0073,325.8125,enc,0.0000
1786096425.266017,0.1890,0.0,0.0,0.0000,0.0000,0.0560,-0.1868,-0.0073,325.8125,enc,0.0000
1786096425.282381,0.0164,0.0,0.0,0.0000,0.0000,0.0560,-0.1868,-0.0073,325.8125,enc,0.0000
1786096425.510169,0.2278,0.0,0.0,0.0000,0.0000,0.0560,-0.1868,-0.0073,325.8125,enc,0.0000
1786096425.510324,0.0002,0.0,0.0,0.0000,0.0000,0.0560,-0.1868,-0.0073,325.8125,enc,0.0000
1786096425.594659,0.0843,0.0,0.0,0.0000,0.0000,0.0560,-0.1868,-0.0073,325.8125,enc,0.0000
1786096425.759274,0.1646,0.0,0.0,0.0000,0.0000,0.0560,-0.1868,-0.0073,325.8125,enc,0.0000
1786096425.797154,0.0379,0.0,0.0,0.0000,0.0000,0.0560,-0.1868,-0.0073,325.8125,enc,0.0000
1786096426.002270,0.2051,0.0,0.0,0.0000,0.0000,0.0560,-0.1868,-0.0073,325.8125,enc,0.0000
1786096426.022098,0.0198,0.0,0.0,0.0000,0.0000,0.0560,-0.1868,-0.0073,325.8125,enc,0.0000
1786096426.255609,0.2335,0.0,0.0,0.0000,0.0000,0.0560,-0.1868,-0.0073,325.8125,enc,0.0000
1786096426.257022,0.0014,0.0,0.0,0.0000,0.0000,0.0560,-0.1868,-0.0073,325.8125,enc,0.0000
1786096426.316975,0.0600,0.0,0.0,0.0000,0.0000,0.0560,-0.1868,-0.0073,325.8125,enc,0.0000
1786096426.510001,0.1930,0.0,0.0,0.0000,0.0000,0.0560,-0.1868,-0.0073,325.8125,enc,0.0000
1786096426.523572,0.0136,0.0,0.0,0.0000,0.0000,0.0560,-0.1868,-0.0073,325.8125,enc,0.0000
1786096426.764215,0.2406,0.0,0.0,0.0000,0.0000,0.0560,-0.1868,-0.0073,325.8125,enc,0.0000
1786096426.764260,0.0000,0.0,0.0,0.0000,0.0000,0.0560,-0.1868,-0.0073,325.8125,enc,0.0000
1786096426.835886,0.0716,0.0,0.0,0.0000,0.0000,0.0560,-0.1868,-0.0073,325.8125,enc,0.0000
1786096427.018521,0.1826,0.0,0.0,0.0000,0.0000,0.0560,-0.1868,-0.0073,325.8125,enc,0.0000
1786096427.044433,0.0259,0.0,0.0,0.0000,0.0000,0.0560,-0.1868,-0.0073,325.8125,enc,0.0000
1786096427.269284,0.2249,0.0,0.0,0.0000,0.0000,0.0560,-0.1868,-0.0073,325.8125,enc,0.0000
1786096427.273095,0.0038,0.0,0.0,0.0000,0.0000,0.0560,-0.1868,-0.0073,325.8125,enc,0.0000
1786096427.366091,0.0930,0.0,0.0,0.0000,0.0000,0.0560,-0.1868,-0.0073,325.8125,enc,0.0000
1786096427.520957,0.1549,0.0,0.0,0.0000,0.0000,0.0560,-0.1868,-0.0073,325.8125,enc,0.0000
1786096427.562209,0.0413,0.0,0.0,0.0000,0.0000,0.0560,-0.1868,-0.0073,325.8125,enc,0.0000
1786096427.767074,0.2049,0.0,0.0,0.0000,0.0000,0.0560,-0.1868,-0.0073,325.8125,enc,0.0000
1786096427.775951,0.0089,0.0,0.0,0.0000,0.0000,0.0560,-0.1868,-0.0073,325.8125,enc,0.0000
1786096428.028196,0.2522,0.0,0.0,0.0000,0.0000,0.0560,-0.1868,-0.0073,325.8125,enc,0.0000
1786096428.029455,0.0013,0.0,0.0,0.0000,0.0000,0.0560,-0.1868,-0.0073,325.8125,enc,0.0000
1786096428.082648,0.0532,0.0,0.0,0.0000,0.0000,0.0560,-0.1868,-0.0073,325.8125,enc,0.0000
1786096428.269564,0.1869,0.0,0.0,0.0000,0.0000,0.0560,-0.1868,-0.0073,325.8125,enc,0.0000
1786096428.290394,0.0208,0.0,0.0,0.0000,0.0000,0.0560,-0.1868,-0.0073,325.8125,enc,0.0000
1786096428.523912,0.2335,0.0,0.0,0.0000,0.0000,0.0560,-0.1868,-0.0073,325.8125,enc,0.0000
1786096428.539334,0.0154,0.0,0.0,0.0000,0.0000,0.0560,-0.1868,-0.0073,325.8125,enc,0.0000
1786096428.598911,0.0596,0.0,0.0,0.0000,0.0000,0.0560,-0.1868,-0.0073,325.8125,enc,0.0000
1786096428.773587,0.1747,0.0,0.0,0.0000,0.0000,0.0560,-0.1868,-0.0073,325.8125,enc,0.0000
1786096428.809592,0.0360,0.0,0.0,0.0000,0.0000,0.0560,-0.1868,-0.0073,325.8125,enc,0.0000
1786096429.029896,0.2203,0.0,0.0,0.0000,0.0000,0.0560,-0.1868,-0.0073,325.8125,enc,0.0000
1786096429.034018,0.0041,0.0,0.0,0.0000,0.0000,0.0560,-0.1868,-0.0073,325.8125,enc,0.0000
1786096429.119412,0.0854,0.0,0.0,0.0000,0.0000,0.0560,-0.1868,-0.0073,325.8125,enc,0.0000
1786096429.279850,0.1604,0.0,0.0,0.0000,0.0000,0.0560,-0.1868,-0.0073,325.8125,enc,0.0000
1786096429.329286,0.0494,0.0,0.0,0.0000,0.0000,0.0560,-0.1868,-0.0073,325.8125,enc,0.0000
1786096429.539662,0.2104,0.0,0.0,0.0000,0.0000,0.0560,-0.1868,-0.0073,325.8125,enc,0.0000
1786096429.541072,0.0014,0.0,0.0,0.0000,0.0000,0.0560,-0.1868,-0.0073,325.8125,enc,0.0000
1786096429.790743,0.2497,0.0,0.0,0.0000,0.0000,0.0560,-0.1868,-0.0073,325.8125,enc,0.0000
1786096429.790810,0.0001,0.0,0.0,0.0000,0.0000,0.0560,-0.1868,-0.0073,325.8125,enc,0.0000
1786096429.843904,0.0531,0.0,0.0,0.0000,0.0000,0.0560,-0.1868,-0.0073,325.8125,enc,0.0000
1786096430.043340,0.1994,0.0,0.0,0.0000,0.0000,0.0560,-0.1868,-0.0073,325.8125,enc,0.0000
1786096430.047557,0.0042,0.0,0.0,0.0000,0.0000,0.0560,-0.1868,-0.0073,325.8125,enc,0.0000
1786096430.153887,0.1063,0.0,0.0,0.0000,0.0000,0.0560,-0.1868,-0.0073,325.8125,enc,0.0000
1786096430.267169,0.1133,0.0,0.0,0.0000,0.0000,0.0560,-0.1868,-0.0073,325.8125,enc,0.0000
1786096430.390343,0.1232,0.0,0.0,0.0000,0.0000,0.0560,-0.1868,-0.0073,325.8125,enc,0.0000
1786096430.467903,0.0776,0.0,0.0,0.0000,0.0000,0.0560,-0.1868,-0.0073,325.8125,enc,0.0000
1786096430.591039,0.1231,0.0,0.0,0.0000,0.0000,0.0560,-0.1868,-0.0073,325.8125,enc,0.0000
1786096430.690173,0.0991,0.0,0.0,0.0000,0.0000,0.0560,-0.1868,-0.0073,325.8125,enc,0.0000
1786096430.781250,0.0911,0.0,0.0,0.0000,0.0000,0.0560,-0.1868,-0.0073,325.8125,enc,0.0000
1786096430.883734,0.1025,0.0,0.0,0.0000,0.0000,0.0560,-0.1868,-0.0073,325.8125,enc,0.0000
1786096430.984498,0.1008,0.0,0.0,0.0000,0.0000,0.0560,-0.1868,-0.0073,325.8125,enc,0.0000
1786096431.086960,0.1025,0.0,0.0,0.0000,0.0000,0.0560,-0.1868,-0.0073,325.8125,enc,0.0000
1786096431.207573,0.1206,0.0,0.0,0.0000,0.0000,0.0560,-0.1868,-0.0073,325.8125,enc,0.0000
1786096431.300206,0.0926,0.0,0.0,0.0000,0.0000,0.0560,-0.1868,-0.0073,325.8125,enc,0.0000
1786096431.395400,0.0952,0.0,0.0,0.0000,0.0000,0.0560,-0.1868,-0.0073,325.8125,enc,0.0000
1786096431.505681,0.1103,0.0,0.0,0.0000,0.0000,0.0560,-0.1868,-0.0073,325.8125,enc,0.0000
1786096431.613477,0.1078,0.0,0.0,0.0000,0.0000,0.0560,-0.1868,-0.0073,325.8125,enc,0.0000
1786096431.717003,0.1035,0.0,0.0,0.0000,0.0000,0.0560,-0.1868,-0.0073,325.8125,enc,0.0000
1786096431.822334,0.1053,0.0,0.0,0.0000,0.0000,0.0560,-0.1868,-0.0073,325.8125,enc,0.0000
1786096431.921462,0.0991,0.0,0.0,0.0000,0.0000,0.0560,-0.1868,-0.0073,325.8125,enc,0.0000
1786096432.024496,0.1030,0.0,0.0,0.0000,0.0000,0.0560,-0.1868,-0.0073,325.8125,enc,0.0000
1786096432.125084,0.1006,0.0,0.0,0.0000,0.0000,0.0560,-0.1868,-0.0073,325.8125,enc,0.0000
1786096432.244100,0.1190,0.0,0.0,0.0000,0.0000,0.0560,-0.1868,-0.0073,325.8125,enc,0.0000
1786096432.330894,0.0868,0.0,0.0,0.0000,0.0000,0.0560,-0.1868,-0.0073,325.8125,enc,0.0000
1786096432.438092,0.1072,0.0,0.0,0.0000,0.0000,0.0560,-0.1868,-0.0073,325.8125,enc,0.0000
1786096432.543476,0.1054,0.0,0.0,0.0000,0.0000,0.0560,-0.1868,-0.0073,325.8125,enc,0.0000
1786096432.641370,0.0979,0.0,0.0,0.0000,0.0000,0.0560,-0.1868,-0.0073,325.8125,enc,0.0000
1786096432.751933,0.1106,0.0,0.0,0.0000,0.0000,0.0560,-0.1868,-0.0073,325.8125,enc,0.0000
1786096432.851125,0.0992,0.0,0.0,0.0000,0.0000,0.0560,-0.1868,-0.0073,325.8125,enc,0.0000
1786096432.954161,0.1030,0.0,0.0,0.0000,0.0000,0.0560,-0.1868,-0.0073,325.8125,enc,0.0000
1786096433.061682,0.1075,0.0,0.0,0.0000,0.0000,0.0560,-0.1868,-0.0073,325.8125,enc,0.0000
1786096433.164669,0.1030,0.0,0.0,0.0000,0.0000,0.0560,-0.1868,-0.0073,325.8125,enc,0.0000
1786096433.265097,0.1004,0.0,0.0,0.0000,0.0000,0.0560,-0.1868,-0.0073,325.8125,enc,0.0000
1786096433.370875,0.1058,0.0,0.0,0.0000,0.0000,0.0560,-0.1868,-0.0073,325.8125,enc,0.0000
1786096433.477329,0.1065,0.0,0.0,0.0000,0.0000,0.0560,-0.1868,-0.0073,325.8125,enc,0.0000
1786096433.580948,0.1036,0.0,0.0,0.0000,0.0000,0.0560,-0.1868,-0.0073,325.8125,enc,0.0000
1786096433.685264,0.1043,0.0,0.0,0.0000,0.0000,0.0560,-0.1868,-0.0073,325.8125,enc,0.0000
1786096433.788865,0.1036,0.0,0.0,0.0000,0.0000,0.0560,-0.1868,-0.0073,325.8125,enc,0.0000
1786096433.895517,0.1067,0.0,0.0,0.0000,0.0000,0.0560,-0.1868,-0.0073,325.8125,enc,0.0000
1786096434.003380,0.1079,0.0,0.0,0.0000,0.0000,0.0560,-0.1868,-0.0073,325.8125,enc,0.0000
1786096434.108858,0.1055,0.0,0.0,0.0000,0.0000,0.0560,-0.1868,-0.0073,325.8125,enc,0.0000
1786096434.209976,0.1011,0.0,0.0,0.0000,0.0000,0.0560,-0.1868,-0.0073,325.8125,enc,0.0000
1786096434.308006,0.0980,0.0,0.0,0.0000,0.0000,0.0560,-0.1868,-0.0073,325.8125,enc,0.0000
1786096434.413550,0.1055,0.0,0.0,0.0000,0.0000,0.0560,-0.1868,-0.0073,325.8125,enc,0.0000
1786096434.518736,0.1052,0.0,0.0,0.0000,0.0000,0.0560,-0.1868,-0.0073,325.8125,enc,0.0000
1786096434.633367,0.1146,0.0,0.0,0.0000,0.0000,0.0560,-0.1868,-0.0073,325.8125,enc,0.0000
1786096434.722797,0.0894,0.0,0.0,0.0000,0.0000,0.0560,-0.1868,-0.0073,325.8125,enc,0.0000
1786096434.830284,0.1075,0.0,0.0,0.0000,0.0000,0.0560,-0.1868,-0.0073,325.8125,enc,0.0000
1786096434.932001,0.1017,0.0,0.0,0.0000,0.0000,0.0560,-0.1868,-0.0073,325.8125,enc,0.0000
1786096435.038961,0.1070,0.0,0.0,0.0000,0.0000,0.0560,-0.1868,-0.0073,325.8125,enc,0.0000
1786096435.140701,0.1017,0.0,0.0,0.0000,0.0000,0.0560,-0.1868,-0.0073,325.8125,enc,0.0000
1786096435.243331,0.1026,0.0,0.0,0.0000,0.0000,0.0560,-0.1868,-0.0073,325.8125,enc,0.0000
1786096435.347234,0.1039,0.0,0.0,0.0000,0.0000,0.0560,-0.1868,-0.0073,325.8125,enc,0.0000
1786096435.449349,0.1021,0.0,0.0,0.0000,0.0000,0.0560,-0.1868,-0.0073,325.8125,enc,0.0000
1786096435.555958,0.1066,0.0,0.0,0.0000,0.0000,0.0560,-0.1868,-0.0073,325.8125,enc,0.0000
1786096435.662192,0.1062,0.0,0.0,0.0000,0.0000,0.0560,-0.1868,-0.0073,325.8125,enc,0.0000
1786096435.762457,0.1003,0.0,0.0,0.0000,0.0000,0.0560,-0.1868,-0.0073,325.8125,enc,0.0000
1786096435.865442,0.1030,0.0,0.0,0.0000,0.0000,0.0560,-0.1868,-0.0073,325.8125,enc,0.0000
1786096435.969891,0.1044,0.0,0.0,0.0000,0.0000,0.0560,-0.1868,-0.0073,325.8125,enc,0.0000
1786096436.069997,0.1001,0.0,0.0,0.0000,0.0000,0.0560,-0.1868,-0.0073,325.8125,enc,0.0000
1786096436.178548,0.1086,0.0,0.0,0.0000,0.0000,0.0560,-0.1868,-0.0073,325.8125,enc,0.0000
1786096436.284310,0.1058,0.0,0.0,0.0000,0.0000,0.0560,-0.1868,-0.0073,325.8125,enc,0.0000
1786096436.385678,0.1014,0.0,0.0,0.0000,0.0000,0.0560,-0.1868,-0.0073,325.8125,enc,0.0000
1786096436.493389,0.1077,0.0,0.0,0.0000,0.0000,0.0560,-0.1868,-0.0073,325.8125,enc,0.0000
1786096436.591057,0.0977,0.0,0.0,0.0000,0.0000,0.0560,-0.1868,-0.0073,325.8125,enc,0.0000
1786096436.696424,0.1054,0.0,0.0,0.0000,0.0000,0.0560,-0.1868,-0.0073,325.8125,enc,0.0000
1786096436.800387,0.1040,0.0,0.0,0.0000,0.0000,0.0560,-0.1868,-0.0073,325.8125,enc,0.0000
1786096436.914037,0.1137,0.0,0.0,0.0000,0.0000,0.0560,-0.1868,-0.0073,325.8125,enc,0.0000
1786096437.003819,0.0898,0.0,0.0,0.0000,0.0000,0.0560,-0.1868,-0.0073,325.8125,enc,0.0000
1786096437.154032,0.1502,0.0,0.0,0.0000,0.0000,0.0560,-0.1868,-0.0073,325.8125,enc,0.0000
1786096437.214250,0.0602,0.0,0.0,0.0000,0.0000,0.0560,-0.1868,-0.0073,325.8125,enc,0.0000
1786096437.317822,0.1036,0.0,0.0,0.0000,0.0000,0.0560,-0.1868,-0.0073,325.8125,enc,0.0000
1786096437.418715,0.1009,0.0,0.0,0.0000,0.0000,0.0560,-0.1868,-0.0073,325.8125,enc,0.0000
1786096437.531930,0.1132,0.0,0.0,0.0000,0.0000,0.0560,-0.1868,-0.0073,325.8125,enc,0.0000
1786096437.629067,0.0971,0.0,0.0,0.0000,0.0000,0.0560,-0.1868,-0.0073,325.8125,enc,0.0000
1786096437.738758,0.1097,0.0,0.0,0.0000,0.0000,0.0560,-0.1868,-0.0073,325.8125,enc,0.0000
1786096437.917163,0.1784,0.0,0.0,0.0000,0.0000,0.0560,-0.1868,-0.0073,325.8125,enc,0.0000
1786096437.936835,0.0197,0.0,0.0,0.0000,0.0000,0.0560,-0.1868,-0.0073,325.8125,enc,0.0000
1786096438.049381,0.1125,0.0,0.0,0.0000,0.0000,0.0560,-0.1868,-0.0073,325.8125,enc,0.0000
1786096438.147381,0.0980,0.0,0.0,0.0000,0.0000,0.0560,-0.1868,-0.0073,325.8125,enc,0.0000
1786096438.255313,0.1079,0.0,0.0,0.0000,0.0000,0.0560,-0.1868,-0.0073,325.8125,enc,0.0000
1786096438.355978,0.1007,0.0,0.0,0.0000,0.0000,0.0560,-0.1868,-0.0073,325.8125,enc,0.0000
1786096438.454056,0.0981,0.0,0.0,0.0000,0.0000,0.0560,-0.1868,-0.0073,325.8125,enc,0.0000
1786096438.563870,0.1098,0.0,0.0,0.0000,0.0000,0.0560,-0.1868,-0.0073,325.8125,enc,0.0000
1786096438.664192,0.1003,0.0,0.0,0.0000,0.0000,0.0560,-0.1868,-0.0073,325.8125,enc,0.0000
1786096438.768753,0.1046,0.0,0.0,0.0000,0.0000,0.0560,-0.1868,-0.0073,325.8125,enc,0.0000
1786096439.015904,0.2472,0.0,0.0,0.0000,0.0000,0.0560,-0.1868,-0.0073,325.8125,enc,0.0000
1786096439.015980,0.0001,0.0,0.0,0.0000,0.0000,0.0560,-0.1868,-0.0073,325.8125,enc,0.0000
1786096439.395976,0.3800,0.0,0.0,0.0000,0.0000,0.0560,-0.1868,-0.0073,325.8125,enc,0.0000
1786096439.396038,0.0001,0.0,0.0,0.0000,0.0000,0.0560,-0.1868,-0.0073,325.8125,enc,0.0000
1786096439.396065,0.0000,0.0,0.0,0.0000,0.0000,0.0560,-0.1868,-0.0073,325.8125,enc,0.0000
1786096439.396096,0.0000,0.0,0.0,0.0000,0.0000,0.0560,-0.1868,-0.0073,325.8125,enc,0.0000
1786096439.511803,0.1157,0.0,0.0,0.0000,0.0000,0.0560,-0.1868,-0.0073,325.8125,enc,0.0000
1786096439.600700,0.0889,0.0,0.0,0.0000,0.0000,0.0560,-0.1868,-0.0073,325.8125,enc,0.0000
1786096439.782155,0.1815,0.0,0.0,0.0000,0.0000,0.0560,-0.1868,-0.0073,325.8125,enc,0.0000
1786096439.908774,0.1266,0.0,0.0,0.0000,0.0000,0.0560,-0.1868,-0.0073,325.8125,enc,0.0000
1786096439.908849,0.0001,0.0,0.0,0.0000,0.0000,0.0560,-0.1868,-0.0073,325.8125,enc,0.0000
1786096440.022408,0.1136,0.0,0.0,0.0000,0.0000,0.0560,-0.1868,-0.0073,325.8125,enc,0.0000
1786096440.269804,0.2474,0.0,0.0,0.0000,0.0000,0.0560,-0.1868,-0.0073,325.8125,enc,0.0000
1786096440.273205,0.0034,0.0,0.0,0.0000,0.0000,0.0560,-0.1868,-0.0073,325.8125,enc,0.0000
1786096440.325512,0.0523,0.0,0.0,0.0000,0.0000,0.0560,-0.1868,-0.0073,325.8125,enc,0.0000
1786096440.584160,0.2586,0.0,0.0,0.0000,0.0000,0.0560,-0.1868,-0.0073,325.8125,enc,0.0000
1786096440.789587,0.2054,0.0,0.0,0.0000,0.0000,0.0560,-0.1868,-0.0073,325.8125,enc,0.0000
1786096440.791069,0.0015,0.0,0.0,0.0000,0.0000,0.0560,-0.1868,-0.0073,325.8125,enc,0.0000
1786096440.791322,0.0003,0.0,0.0,0.0000,0.0000,0.0560,-0.1868,-0.0073,325.8125,enc,0.0000
1786096440.844207,0.0529,0.0,0.0,0.0000,0.0000,0.0560,-0.1868,-0.0073,325.8125,enc,0.0000
1786096441.037492,0.1933,0.0,0.0,0.0000,0.0000,0.0560,-0.1868,-0.0073,325.8125,enc,0.0000
1786096441.060200,0.0227,0.0,0.0,0.0000,0.0000,0.0560,-0.1868,-0.0073,325.8125,enc,0.0000
1786096441.283046,0.2228,0.0,0.0,0.0000,0.0000,0.0560,-0.1868,-0.0073,325.8125,enc,0.0000
1786096441.343234,0.0602,0.0,0.0,0.0000,0.0000,0.0560,-0.1868,-0.0073,325.8125,enc,0.0000
1786096441.358236,0.0150,0.0,0.0,0.0000,0.0000,0.0560,-0.1868,-0.0073,325.8125,enc,0.0000
1786096441.541937,0.1837,0.0,0.0,0.0000,0.0000,0.0560,-0.1868,-0.0073,325.8125,enc,0.0000
1786096441.791767,0.2498,0.0,0.0,0.0000,0.0000,0.0560,-0.1868,-0.0073,325.8125,enc,0.0000
1786096441.792668,0.0009,0.0,0.0,0.0000,0.0000,0.0560,-0.1868,-0.0073,325.8125,enc,0.0000
1786096441.793559,0.0009,0.0,0.0,0.0000,0.0000,0.0560,-0.1868,-0.0073,325.8125,enc,0.0000
1786096441.876041,0.0825,0.0,0.0,0.0000,0.0000,0.0560,-0.1868,-0.0073,325.8125,enc,0.0000
1786096442.045005,0.1690,0.0,0.0,0.0000,0.0000,0.0560,-0.1868,-0.0073,325.8125,enc,0.0000
1786096442.085555,0.0406,0.0,0.0,0.0000,0.0000,0.0560,-0.1868,-0.0073,325.8125,enc,0.0000
1786096442.294732,0.2092,0.0,0.0,0.0000,0.0000,0.0560,-0.1868,-0.0073,325.8125,enc,0.0000
1786096442.295549,0.0008,0.0,0.0,0.0000,0.0000,0.0560,-0.1868,-0.0073,325.8125,enc,0.0000
1786096442.546721,0.2512,0.0,0.0,0.0000,0.0000,0.0560,-0.1868,-0.0073,325.8125,enc,0.0000
1786096442.548956,0.0022,0.0,0.0,0.0000,0.0000,0.0560,-0.1868,-0.0073,325.8125,enc,0.0000
1786096442.601843,0.0529,0.0,0.0,0.0000,0.0000,0.0560,-0.1868,-0.0073,325.8125,enc,0.0000
1786096442.793550,0.1917,0.0,0.0,0.0000,0.0000,0.0560,-0.1868,-0.0073,325.8125,enc,0.0000
1786096442.810879,0.0173,0.0,0.0,0.0000,0.0000,0.0560,-0.1868,-0.0073,325.8125,enc,0.0000
1786096443.045125,0.2342,0.0,0.0,0.0000,0.0000,0.0560,-0.1868,-0.0073,325.8125,enc,0.0000
1786096443.045284,0.0002,0.0,0.0,0.0000,0.0000,0.0560,-0.1868,-0.0073,325.8125,enc,0.0000
1786096443.134168,0.0889,0.0,0.0,0.0000,0.0000,0.0560,-0.1868,-0.0073,325.8125,enc,0.0000
1786096443.297142,0.1630,0.0,0.0,0.0000,0.0000,0.0560,-0.1868,-0.0073,325.8125,enc,0.0000
1786096443.329029,0.0319,0.0,0.0,0.0000,0.0000,0.0560,-0.1868,-0.0073,325.8125,enc,0.0000
1786096443.551029,0.2220,0.0,0.0,0.0000,0.0000,0.0560,-0.1868,-0.0073,325.8125,enc,0.0000
1786096443.561528,0.0105,0.0,0.0,0.0000,0.0000,0.0560,-0.1868,-0.0073,325.8125,enc,0.0000
1786096443.642562,0.0810,0.0,0.0,0.0000,0.0000,0.0560,-0.1868,-0.0073,325.8125,enc,0.0000
1786096443.824259,0.1817,0.0,0.0,0.0000,0.0000,0.0560,-0.1868,-0.0073,325.8125,enc,0.0000
1786096443.846244,0.0220,0.0,0.0,0.0000,0.0000,0.0560,-0.1868,-0.0073,325.8125,enc,0.0000
1786096444.068935,0.2227,0.0,0.0,0.0000,0.0000,0.0560,-0.1868,-0.0073,325.8125,enc,0.0000
1786096444.088068,0.0191,0.0,0.0,0.0000,0.0000,0.0560,-0.1868,-0.0073,325.8125,enc,0.0000
1786096444.312491,0.2244,0.0,0.0,0.0000,0.0000,0.0560,-0.1868,-0.0073,325.8125,enc,0.0000
1786096444.333507,0.0210,0.0,0.0,0.0000,0.0000,0.0560,-0.1868,-0.0073,325.8125,enc,0.0000
1786096444.365372,0.0319,0.0,0.0,0.0000,0.0000,0.0560,-0.1868,-0.0073,325.8125,enc,0.0000
1786096444.657031,0.2917,0.0,0.0,0.0000,0.0000,0.0560,-0.1868,-0.0073,325.8125,enc,0.0000
1786096444.657173,0.0001,0.0,0.0,0.0000,0.0000,0.0560,-0.1868,-0.0073,325.8125,enc,0.0000
1786096444.816376,0.1592,0.0,0.0,0.0000,0.0000,0.0560,-0.1868,-0.0073,325.8125,enc,0.0000
1786096444.860814,0.0444,0.0,0.0,0.0000,0.0000,0.0560,-0.1868,-0.0073,325.8125,enc,0.0000
1786096444.886489,0.0257,0.0,0.0,0.0000,0.0000,0.0560,-0.1868,-0.0073,325.8125,enc,0.0000
1786096445.098317,0.2118,0.0,0.0,0.0000,0.0000,0.0560,-0.1868,-0.0073,325.8125,enc,0.0000
1786096445.099803,0.0015,0.0,0.0,0.0000,0.0000,0.0560,-0.1868,-0.0073,325.8125,enc,0.0000
1786096445.200958,0.1012,0.0,0.0,0.0000,0.0000,0.0560,-0.1868,-0.0073,325.8125,enc,0.0000
1786096445.304152,0.1032,0.0,0.0,0.0000,0.0000,0.0560,-0.1868,-0.0073,325.8125,enc,0.0000
1786096445.411988,0.1078,0.0,0.0,0.0000,0.0000,0.0560,-0.1868,-0.0073,325.8125,enc,0.0000
1786096445.512813,0.1008,0.0,0.0,0.0000,0.0000,0.0560,-0.1868,-0.0073,325.8125,enc,0.0000
1786096445.619992,0.1072,0.0,0.0,0.0000,0.0000,0.0560,-0.1868,-0.0073,325.8125,enc,0.0000
1786096445.717940,0.0979,0.0,0.0,0.0000,0.0000,0.0560,-0.1868,-0.0073,325.8125,enc,0.0000
1786096445.822395,0.1045,0.0,0.0,0.0000,0.0000,0.0560,-0.1868,-0.0073,325.8125,enc,0.0000
1786096445.925792,0.1034,0.0,0.0,0.0000,0.0000,0.0560,-0.1868,-0.0073,325.8125,enc,0.0000
1786096446.031915,0.1061,0.0,0.0,0.0000,0.0000,0.0560,-0.1868,-0.0073,325.8125,enc,0.0000
1786096446.139998,0.1081,0.0,0.0,0.0000,0.0000,0.0560,-0.1868,-0.0073,325.8125,enc,0.0000
1786096446.237743,0.0977,0.0,0.0,0.0000,0.0000,0.0560,-0.1868,-0.0073,325.8125,enc,0.0000
1786096446.340402,0.1027,0.0,0.0,0.0000,0.0000,0.0560,-0.1868,-0.0073,325.8125,enc,0.0000
1786096446.440942,0.1005,0.0,0.0,0.0000,0.0000,0.0560,-0.1868,-0.0073,325.8125,enc,0.0000
1786096446.548001,0.1071,0.0,0.0,0.0000,0.0000,0.0560,-0.1868,-0.0073,325.8125,enc,0.0000
1786096446.666672,0.1187,0.0,0.0,0.0000,0.0000,0.0560,-0.1868,-0.0073,325.8125,enc,0.0000
1786096446.785236,0.1186,0.0,0.0,0.0000,0.0000,0.0560,-0.1868,-0.0073,325.8125,enc,0.0000
1786096446.858595,0.0734,0.0,0.0,0.0000,0.0000,0.0560,-0.1868,-0.0073,325.8125,enc,0.0000
1786096446.974353,0.1158,0.0,0.0,0.0000,0.0000,0.0560,-0.1868,-0.0073,325.8125,enc,0.0000
1786096447.074923,0.1006,0.0,0.0,0.0000,0.0000,0.0560,-0.1868,-0.0073,325.8125,enc,0.0000
1786096447.172388,0.0975,0.0,0.0,0.0000,0.0000,0.0560,-0.1868,-0.0073,325.8125,enc,0.0000
1786096447.280267,0.1079,0.0,0.0,0.0000,0.0000,0.0560,-0.1868,-0.0073,325.8125,enc,0.0000
1786096447.377847,0.0976,0.0,0.0,0.0000,0.0000,0.0560,-0.1868,-0.0073,325.8125,enc,0.0000
1786096447.479982,0.1021,0.0,0.0,0.0000,0.0000,0.0560,-0.1868,-0.0073,325.8125,enc,0.0000
1786096447.589971,0.1100,0.0,0.0,0.0000,0.0000,0.0560,-0.1868,-0.0073,325.8125,enc,0.0000
1786096447.877325,0.2874,0.0,0.0,0.0000,0.0000,0.0560,-0.1868,-0.0073,325.8125,enc,0.0000
1786096447.882788,0.0055,0.0,0.0,0.0000,0.0000,0.0560,-0.1868,-0.0073,325.8125,enc,0.0000
1786096447.894130,0.0113,0.0,0.0,0.0000,0.0000,0.0560,-0.1868,-0.0073,325.8125,enc,0.0000
1786096447.999531,0.1054,0.0,0.0,0.0000,0.0000,0.0560,-0.1868,-0.0073,325.8125,enc,0.0000
1786096448.103370,0.1038,0.0,0.0,0.0000,0.0000,0.0560,-0.1868,-0.0073,325.8125,enc,0.0000
1786096448.204494,0.1011,0.0,0.0,0.0000,0.0000,0.0560,-0.1868,-0.0073,325.8125,enc,0.0000
1786096448.342473,0.1380,0.0,0.0,0.0000,0.0000,0.0560,-0.1868,-0.0073,325.8125,enc,0.0000
1786096448.417704,0.0752,0.0,0.0,0.0000,0.0000,0.0560,-0.1868,-0.0073,325.8125,enc,0.0000
1786096448.517414,0.0997,0.0,0.0,0.0000,0.0000,0.0560,-0.1868,-0.0073,325.8125,enc,0.0000
1786096448.624260,0.1068,0.0,0.0,0.0000,0.0000,0.0560,-0.1868,-0.0073,325.8125,enc,0.0000
1786096448.724565,0.1003,0.0,0.0,0.0000,0.0000,0.0560,-0.1868,-0.0073,325.8125,enc,0.0000
1786096448.830075,0.1055,0.0,0.0,0.0000,0.0000,0.0560,-0.1868,-0.0073,325.8125,enc,0.0000
1786096448.945867,0.1158,0.0,0.0,0.0000,0.0000,0.0560,-0.1868,-0.0073,325.8125,enc,0.0000
1786096449.043210,0.0973,0.0,0.0,0.0000,0.0000,0.0560,-0.1868,-0.0073,325.8125,enc,0.0000
1786096449.152402,0.1092,0.0,0.0,0.0000,0.0000,0.0560,-0.1868,-0.0073,325.8125,enc,0.0000
1786096449.248846,0.0964,0.0,0.0,0.0000,0.0000,0.0560,-0.1868,-0.0073,325.8125,enc,0.0000
1786096449.353901,0.1051,0.0,0.0,0.0000,0.0000,0.0560,-0.1868,-0.0073,325.8125,enc,0.0000
1786096449.457771,0.1039,0.0,0.0,0.0000,0.0000,0.0560,-0.1868,-0.0073,325.8125,enc,0.0000
1786096449.560229,0.1025,0.0,0.0,0.0000,0.0000,0.0560,-0.1868,-0.0073,325.8125,enc,0.0000
1786096449.765264,0.2050,0.0,0.0,0.0000,0.0000,0.0560,-0.1868,-0.0073,325.8125,enc,0.0000
1786096449.765335,0.0001,0.0,0.0,0.0000,0.0000,0.0560,-0.1868,-0.0073,325.8125,enc,0.0000
1786096449.874159,0.1088,0.0,0.0,0.0000,0.0000,0.0560,-0.1868,-0.0073,325.8125,enc,0.0000
1786096449.976176,0.1020,0.0,0.0,0.0000,0.0000,0.0560,-0.1868,-0.0073,325.8125,enc,0.0000
1786096450.079719,0.1035,0.0,0.0,0.0000,0.0000,0.0560,-0.1868,-0.0073,325.8125,enc,0.0000
1786096450.179679,0.1000,0.0,0.0,0.0000,0.0000,0.0560,-0.1868,-0.0073,325.8125,enc,0.0000
1786096450.286053,0.1064,0.0,0.0,0.0000,0.0000,0.0560,-0.1868,-0.0073,325.8125,enc,0.0000
1786096450.388340,0.1023,0.0,0.0,0.0000,0.0000,0.0560,-0.1868,-0.0073,325.8125,enc,0.0000
1786096450.491620,0.1033,0.0,0.0,0.0000,0.0000,0.0560,-0.1868,-0.0073,325.8125,enc,0.0000
1786096450.596798,0.1052,0.0,0.0,0.0000,0.0000,0.0560,-0.1868,-0.0073,325.8125,enc,0.0000
1786096450.700662,0.1039,0.0,0.0,0.0000,0.0000,0.0560,-0.1868,-0.0073,325.8125,enc,0.0000
1786096450.802626,0.1020,0.0,0.0,0.0000,0.0000,0.0560,-0.1868,-0.0073,325.8125,enc,0.0000
1786096450.912981,0.1104,0.0,0.0,0.0000,0.0000,0.0560,-0.1868,-0.0073,325.8125,enc,0.0000
1786096451.014098,0.1011,0.0,0.0,0.0000,0.0000,0.0560,-0.1868,-0.0073,325.8125,enc,0.0000
1786096451.116485,0.1024,0.0,0.0,0.0000,0.0000,0.0560,-0.1868,-0.0073,325.8125,enc,0.0000
1786096451.218938,0.1025,0.0,0.0,0.0000,0.0000,0.0560,-0.1868,-0.0073,325.8125,enc,0.0000
1786096451.323851,0.1049,0.0,0.0,0.0000,0.0000,0.0560,-0.1868,-0.0073,325.8125,enc,0.0000
1786096451.427320,0.1035,0.0,0.0,0.0000,0.0000,0.0560,-0.1868,-0.0073,325.8125,enc,0.0000
1786096451.533807,0.1065,0.0,0.0,0.0000,0.0000,0.0560,-0.1868,-0.0073,325.8125,enc,0.0000
1786096451.641462,0.1077,0.0,0.0,0.0000,0.0000,0.0560,-0.1868,-0.0073,325.8125,enc,0.0000
1786096451.739987,0.0985,0.0,0.0,0.0000,0.0000,0.0560,-0.1868,-0.0073,325.8125,enc,0.0000
1786096451.842363,0.1024,0.0,0.0,0.0000,0.0000,0.0560,-0.1868,-0.0073,325.8125,enc,0.0000
1786096451.949956,0.1076,0.0,0.0,0.0000,0.0000,0.0560,-0.1868,-0.0073,325.8125,enc,0.0000
1786096452.054440,0.1045,0.0,0.0,0.0000,0.0000,0.0560,-0.1868,-0.0073,325.8125,enc,0.0000
1786096452.157449,0.1030,0.0,0.0,0.0000,0.0000,0.0560,-0.1868,-0.0073,325.8125,enc,0.0000
1786096452.259363,0.1019,0.0,0.0,0.0000,0.0000,0.0560,-0.1868,-0.0073,325.8125,enc,0.0000
1786096452.363048,0.1037,0.0,0.0,0.0000,0.0000,0.0560,-0.1868,-0.0073,325.8125,enc,0.0000
1786096452.467000,0.1040,0.0,0.0,0.0000,0.0000,0.0560,-0.1868,-0.0073,325.8125,enc,0.0000
1786096452.577173,0.1102,0.0,0.0,0.0000,0.0000,0.0560,-0.1868,-0.0073,325.8125,enc,0.0000
1786096452.674937,0.0978,0.0,0.0,0.0000,0.0000,0.0560,-0.1868,-0.0073,325.8125,enc,0.0000
1786096452.783767,0.1088,0.0,0.0,0.0000,0.0000,0.0560,-0.1868,-0.0073,325.8125,enc,0.0000
1786096452.884678,0.1009,0.0,0.0,0.0000,0.0000,0.0560,-0.1868,-0.0073,325.8125,enc,0.0000
1786096452.986161,0.1015,0.0,0.0,0.0000,0.0000,0.0560,-0.1868,-0.0073,325.8125,enc,0.0000
1786096453.095803,0.1096,0.0,0.0,0.0000,0.0000,0.0560,-0.1868,-0.0073,325.8125,enc,0.0000
1786096453.194355,0.0986,0.0,0.0,0.0000,0.0000,0.0560,-0.1868,-0.0073,325.8125,enc,0.0000
1786096453.301001,0.1066,0.0,0.0,0.0000,0.0000,0.0560,-0.1868,-0.0073,325.8125,enc,0.0000
1786096453.401023,0.1000,0.0,0.0,0.0000,0.0000,0.0560,-0.1868,-0.0073,325.8125,enc,0.0000
1786096453.503485,0.1025,0.0,0.0,0.0000,0.0000,0.0560,-0.1868,-0.0073,325.8125,enc,0.0000
1786096453.614969,0.1115,0.0,0.0,0.0000,0.0000,0.0560,-0.1868,-0.0073,325.8125,enc,0.0000
1786096453.709260,0.0943,0.0,0.0,0.0000,0.0000,0.0560,-0.1868,-0.0073,325.8125,enc,0.0000
1786096453.817062,0.1078,0.0,0.0,0.0000,0.0000,0.0560,-0.1868,-0.0073,325.8125,enc,0.0000
1786096453.919665,0.1026,0.0,0.0,0.0000,0.0000,0.0560,-0.1868,-0.0073,325.8125,enc,0.0000
1786096454.019775,0.1001,0.0,0.0,0.0000,0.0000,0.0560,-0.1868,-0.0073,325.8125,enc,0.0000
1786096454.126837,0.1071,0.0,0.0,0.0000,0.0000,0.0560,-0.1868,-0.0073,325.8125,enc,0.0000
1786096454.230355,0.1035,0.0,0.0,0.0000,0.0000,0.0560,-0.1868,-0.0073,325.8125,enc,0.0000
1786096454.348127,0.1178,0.0,0.0,0.0000,0.0000,0.0560,-0.1868,-0.0073,325.8125,enc,0.0000
1786096454.449595,0.1015,0.0,0.0,0.0000,0.0000,0.0560,-0.1868,-0.0073,325.8125,enc,0.0000
1786096454.551166,0.1016,0.0,0.0,0.0000,0.0000,0.0560,-0.1868,-0.0073,325.8125,enc,0.0000
1786096454.656010,0.1048,0.0,0.0,0.0000,0.0000,0.0560,-0.1868,-0.0073,325.8125,enc,0.0000
1786096454.769051,0.1130,0.0,0.0,0.0000,0.0000,0.0560,-0.1868,-0.0073,325.8125,enc,0.0000
1786096454.866817,0.0978,0.0,0.0,0.0000,0.0000,0.0560,-0.1868,-0.0073,325.8125,enc,0.0000
1786096454.955410,0.0886,0.0,0.0,0.0000,0.0000,0.0560,-0.1868,-0.0073,325.8125,enc,0.0000
1786096455.076397,0.1210,0.0,0.0,0.0000,0.0000,0.0560,-0.1868,-0.0073,325.8125,enc,0.0000
1786096455.268065,0.1917,0.0,0.0,0.0000,0.0000,0.0560,-0.1868,-0.0073,325.8125,enc,0.0000
1786096455.271178,0.0031,0.0,0.0,0.0000,0.0000,0.0560,-0.1868,-0.0073,325.8125,enc,0.0000
1786096455.521715,0.2505,0.0,0.0,0.0000,0.0000,0.0560,-0.1868,-0.0073,325.8125,enc,0.0000
1786096455.525701,0.0040,0.0,0.0,0.0000,0.0000,0.0560,-0.1868,-0.0073,325.8125,enc,0.0000
1786096455.577819,0.0521,0.0,0.0,0.0000,0.0000,0.0560,-0.1868,-0.0073,325.8125,enc,0.0000
1786096455.841595,0.2638,0.0,0.0,0.0000,0.0000,0.0560,-0.1868,-0.0073,325.8125,enc,0.0000
1786096456.042097,0.2005,0.0,0.0,0.0000,0.0000,0.0560,-0.1868,-0.0073,325.8125,enc,0.0000
1786096456.042147,0.0001,0.0,0.0,0.0000,0.0000,0.0560,-0.1868,-0.0073,325.8125,enc,0.0000
1786096456.042161,0.0000,0.0,0.0,0.0000,0.0000,0.0560,-0.1868,-0.0073,325.8125,enc,0.0000
1786096456.112923,0.0708,0.0,0.0,0.0000,0.0000,0.0560,-0.1868,-0.0073,325.8125,enc,0.0000
1786096456.294937,0.1820,0.0,0.0,0.0000,0.0000,0.0560,-0.1868,-0.0073,325.8125,enc,0.0000
1786096456.307992,0.0131,0.0,0.0,0.0000,0.0000,0.0560,-0.1868,-0.0073,325.8125,enc,0.0000
1786096456.540845,0.2329,0.0,0.0,0.0000,0.0000,0.0560,-0.1868,-0.0073,325.8125,enc,0.0000
1786096456.545818,0.0050,0.0,0.0,0.0000,0.0000,0.0560,-0.1868,-0.0073,325.8125,enc,0.0000
1786096456.610859,0.0650,0.0,0.0,0.0000,0.0000,0.0560,-0.1868,-0.0073,325.8125,enc,0.0000
1786096456.798368,0.1875,0.0,0.0,0.0000,0.0000,0.0560,-0.1868,-0.0073,325.8125,enc,0.0000
1786096456.818595,0.0202,0.0,0.0,0.0000,0.0000,0.0560,-0.1868,-0.0073,325.8125,enc,0.0000
1786096457.045022,0.2264,0.0,0.0,0.0000,0.0000,0.0560,-0.1868,-0.0073,325.8125,enc,0.0000
1786096457.045283,0.0003,0.0,0.0,0.0000,0.0000,0.0560,-0.1868,-0.0073,325.8125,enc,0.0000
1786096457.132836,0.0876,0.0,0.0,0.0000,0.0000,0.0560,-0.1868,-0.0073,325.8125,enc,0.0000
1786096457.299341,0.1665,0.0,0.0,0.0000,0.0000,0.0560,-0.1868,-0.0073,325.8125,enc,0.0000
1786096457.338022,0.0387,0.0,0.0,0.0000,0.0000,0.0560,-0.1868,-0.0073,325.8125,enc,0.0000
1786096457.548725,0.2107,0.0,0.0,0.0000,0.0000,0.0560,-0.1868,-0.0073,325.8125,enc,0.0000
1786096457.550678,0.0020,0.0,0.0,0.0000,0.0000,0.0560,-0.1868,-0.0073,325.8125,enc,0.0000
1786096457.794651,0.2440,0.0,0.0,0.0000,0.0000,0.0560,-0.1868,-0.0073,325.8125,enc,0.0000
1786096457.802849,0.0082,0.0,0.0,0.0000,0.0000,0.0560,-0.1868,-0.0073,325.8125,enc,0.0000
1786096457.874202,0.0714,0.0,0.0,0.0000,0.0000,0.0560,-0.1868,-0.0073,325.8125,enc,0.0000
1786096458.082528,0.2083,0.0,0.0,0.0000,0.0000,0.0560,-0.1868,-0.0073,325.8125,enc,0.0000
1786096458.082606,0.0001,0.0,0.0,0.0000,0.0000,0.0560,-0.1868,-0.0073,325.8125,enc,0.0000
1786096458.295069,0.2125,0.0,0.0,0.0000,0.0000,0.0560,-0.1868,-0.0073,325.8125,enc,0.0000
1786096458.295909,0.0008,0.0,0.0,0.0000,0.0000,0.0560,-0.1868,-0.0073,325.8125,enc,0.0000
1786096458.373201,0.0773,0.0,0.0,0.0000,0.0000,0.0560,-0.1868,-0.0073,325.8125,enc,0.0000
1786096458.550363,0.1772,0.0,0.0,0.0000,0.0000,0.0560,-0.1868,-0.0073,325.8125,enc,0.0000
1786096458.580567,0.0302,0.0,0.0,0.0000,0.0000,0.0560,-0.1868,-0.0073,325.8125,enc,0.0000
1786096458.794448,0.2139,0.0,0.0,0.0000,0.0000,0.0560,-0.1868,-0.0073,325.8125,enc,0.0000
1786096458.794573,0.0001,0.0,0.0,0.0000,0.0000,0.0560,-0.1868,-0.0073,325.8125,enc,0.0000
1786096458.893174,0.0986,0.0,0.0,0.0000,0.0000,0.0560,-0.1868,-0.0073,325.8125,enc,0.0000
1786096459.059716,0.1665,0.0,0.0,0.0000,0.0000,0.0560,-0.1868,-0.0073,325.8125,enc,0.0000
1786096459.099423,0.0397,0.0,0.0,0.0000,0.0000,0.0560,-0.1868,-0.0073,325.8125,enc,0.0000
1786096459.306776,0.2074,0.0,0.0,0.0000,0.0000,0.0560,-0.1868,-0.0073,325.8125,enc,0.0000
1786096459.317677,0.0109,0.0,0.0,0.0000,0.0000,0.0560,-0.1868,-0.0073,325.8125,enc,0.0000
1786096459.554155,0.2365,0.0,0.0,0.0000,0.0000,0.0560,-0.1868,-0.0073,325.8125,enc,0.0000
1786096459.555769,0.0016,0.0,0.0,0.0000,0.0000,0.0560,-0.1868,-0.0073,325.8125,enc,0.0000
1786096459.622077,0.0663,0.0,0.0,0.0000,0.0000,0.0560,-0.1868,-0.0073,325.8125,enc,0.0000
1786096459.807473,0.1854,0.0,0.0,0.0000,0.0000,0.0560,-0.1868,-0.0073,325.8125,enc,0.0000
1786096459.826405,0.0189,0.0,0.0,0.0000,0.0000,0.0560,-0.1868,-0.0073,325.8125,enc,0.0000
1786096460.063694,0.2373,0.0,0.0,0.0000,0.0000,0.0560,-0.1868,-0.0073,325.8125,enc,0.0000
1786096460.066211,0.0025,0.0,0.0,0.0000,0.0000,0.0560,-0.1868,-0.0073,325.8125,enc,0.0000
1786096460.136502,0.0703,0.0,0.0,0.0000,0.0000,0.0560,-0.1868,-0.0073,325.8125,enc,0.0000
1786096460.264632,0.1281,0.0,0.0,0.0000,0.0000,0.0560,-0.1868,-0.0073,325.8125,enc,0.0000
1786096460.348387,0.0838,0.0,0.0,0.0000,0.0000,0.0560,-0.1868,-0.0073,325.8125,enc,0.0000
1786096460.448936,0.1005,0.0,0.0,0.0000,0.0000,0.0560,-0.1868,-0.0073,325.8125,enc,0.0000
1786096460.564968,0.1160,0.0,0.0,0.0000,0.0000,0.0560,-0.1868,-0.0073,325.8125,enc,0.0000
1786096460.664812,0.0998,0.0,0.0,0.0000,0.0000,0.0560,-0.1868,-0.0073,325.8125,enc,0.0000
1786096460.772837,0.1080,0.0,0.0,0.0000,0.0000,0.0560,-0.1868,-0.0073,325.8125,enc,0.0000
1786096460.909297,0.1365,0.0,0.0,0.0000,0.0000,0.0560,-0.1868,-0.0073,325.8125,enc,0.0000
1786096460.978580,0.0693,0.0,0.0,0.0000,0.0000,0.0560,-0.1868,-0.0073,325.8125,enc,0.0000
1786096461.138698,0.1601,0.0,0.0,0.0000,0.0000,0.0560,-0.1868,-0.0073,325.8125,enc,0.0000
1786096461.293240,0.1545,0.0,0.0,0.0000,0.0000,0.0560,-0.1868,-0.0073,325.8125,enc,0.0000
1786096461.293297,0.0001,0.0,0.0,0.0000,0.0000,0.0560,-0.1868,-0.0073,325.8125,enc,0.0000
1786096461.438414,0.1451,0.0,0.0,0.0000,0.0000,0.0560,-0.1868,-0.0073,325.8125,enc,0.0000
1786096461.487362,0.0489,0.0,0.0,0.0000,0.0000,0.0560,-0.1868,-0.0073,325.8125,enc,0.0000
1786096461.603728,0.1164,0.0,0.0,0.0000,0.0000,0.0560,-0.1868,-0.0073,325.8125,enc,0.0000
1786096461.698661,0.0949,0.0,0.0,0.0000,0.0000,0.0560,-0.1868,-0.0073,325.8125,enc,0.0000
1786096461.807009,0.1083,0.0,0.0,0.0000,0.0000,0.0560,-0.1868,-0.0073,325.8125,enc,0.0000
1786096461.987071,0.1801,0.0,0.0,0.0000,0.0000,0.0560,-0.1868,-0.0073,325.8125,enc,0.0000
1786096462.013423,0.0264,0.0,0.0,0.0000,0.0000,0.0560,-0.1868,-0.0073,325.8125,enc,0.0000
1786096462.159069,0.1456,0.0,0.0,0.0000,0.0000,0.0560,-0.1868,-0.0073,325.8125,enc,0.0000
1786096462.308177,0.1491,0.0,0.0,0.0000,0.0000,0.0560,-0.1868,-0.0073,325.8125,enc,0.0000
1786096462.355958,0.0478,0.0,0.0,0.0000,0.0000,0.0560,-0.1868,-0.0073,325.8125,enc,0.0000
1786096462.458433,0.1025,0.0,0.0,0.0000,0.0000,0.0560,-0.1868,-0.0073,325.8125,enc,0.0000
1786096462.550027,0.0916,0.0,0.0,0.0000,0.0000,0.0560,-0.1868,-0.0073,325.8125,enc,0.0000
1786096462.643142,0.0931,0.0,0.0,0.0000,0.0000,0.0560,-0.1868,-0.0073,325.8125,enc,0.0000
1786096462.819431,0.1763,0.0,0.0,0.0000,0.0000,0.0560,-0.1868,-0.0073,325.8125,enc,0.0000
1786096462.863477,0.0440,0.0,0.0,0.0000,0.0000,0.0560,-0.1868,-0.0073,325.8125,enc,0.0000
1786096462.989224,0.1257,0.0,0.0,0.0000,0.0000,0.0560,-0.1868,-0.0073,325.8125,enc,0.0000
1786096463.064568,0.0753,0.0,0.0,0.0000,0.0000,0.0560,-0.1868,-0.0073,325.8125,enc,0.0000
1786096463.172961,0.1084,0.0,0.0,0.0000,0.0000,0.0560,-0.1868,-0.0073,325.8125,enc,0.0000
1786096463.265606,0.0926,0.0,0.0,0.0000,0.0000,0.0560,-0.1868,-0.0073,325.8125,enc,0.0000
1786096463.380752,0.1151,0.0,0.0,0.0000,0.0000,0.0560,-0.1868,-0.0073,325.8125,enc,0.0000
1786096463.479903,0.0992,0.0,0.0,0.0000,0.0000,0.0560,-0.1868,-0.0073,325.8125,enc,0.0000
1786096463.575185,0.0953,0.0,0.0,0.0000,0.0000,0.0560,-0.1868,-0.0073,325.8125,enc,0.0000
1786096463.677902,0.1027,0.0,0.0,0.0000,0.0000,0.0560,-0.1868,-0.0073,325.8125,enc,0.0000
1786096463.776467,0.0986,0.0,0.0,0.0000,0.0000,0.0560,-0.1868,-0.0073,325.8125,enc,0.0000
1786096463.904736,0.1283,0.0,0.0,0.0000,0.0000,0.0560,-0.1868,-0.0073,325.8125,enc,0.0000
1786096463.987994,0.0833,0.0,0.0,0.0000,0.0000,0.0560,-0.1868,-0.0073,325.8125,enc,0.0000
1786096464.103667,0.1157,0.0,0.0,0.0000,0.0000,0.0560,-0.1868,-0.0073,325.8125,enc,0.0000
1786096464.193853,0.0902,0.0,0.0,0.0000,0.0000,0.0560,-0.1868,-0.0073,325.8125,enc,0.0000
1786096464.296122,0.1023,0.0,0.0,0.0000,0.0000,0.0560,-0.1868,-0.0073,325.8125,enc,0.0000
1786096464.408229,0.1121,0.0,0.0,0.0000,0.0000,0.0560,-0.1868,-0.0073,325.8125,enc,0.0000
1786096464.503970,0.0957,0.0,0.0,0.0000,0.0000,0.0560,-0.1868,-0.0073,325.8125,enc,0.0000
1786096464.612138,0.1082,0.0,0.0,0.0000,0.0000,0.0560,-0.1868,-0.0073,325.8125,enc,0.0000
1786096464.719684,0.1075,0.0,0.0,0.0000,0.0000,0.0560,-0.1868,-0.0073,325.8125,enc,0.0000
1786096464.814580,0.0949,0.0,0.0,0.0000,0.0000,0.0560,-0.1868,-0.0073,325.8125,enc,0.0000
1786096464.918555,0.1040,0.0,0.0,0.0000,0.0000,0.0560,-0.1868,-0.0073,325.8125,enc,0.0000
1786096465.017969,0.0994,0.0,0.0,0.0000,0.0000,0.0560,-0.1868,-0.0073,325.8125,enc,0.0000
1786096465.163137,0.1452,0.0,0.0,0.0000,0.0000,0.0560,-0.1868,-0.0073,325.8125,enc,0.0000
1786096465.229470,0.0663,0.0,0.0,0.0000,0.0000,0.0560,-0.1868,-0.0073,325.8125,enc,0.0000
1786096465.336998,0.1075,0.0,0.0,0.0000,0.0000,0.0560,-0.1868,-0.0073,325.8125,enc,0.0000
1786096465.435570,0.0986,0.0,0.0,0.0000,0.0000,0.0560,-0.1868,-0.0073,325.8125,enc,0.0000
1786096465.546842,0.1113,0.0,0.0,0.0000,0.0000,0.0560,-0.1868,-0.0073,325.8125,enc,0.0000
1786096465.645720,0.0989,0.0,0.0,0.0000,0.0000,0.0560,-0.1868,-0.0073,325.8125,enc,0.0000
1786096465.751070,0.1053,0.0,0.0,0.0000,0.0000,0.0560,-0.1868,-0.0073,325.8125,enc,0.0000
1786096465.850727,0.0997,0.0,0.0,0.0000,0.0000,0.0560,-0.1868,-0.0073,325.8125,enc,0.0000
1786096466.018849,0.1681,0.0,0.0,0.0000,0.0000,0.0560,-0.1868,-0.0073,325.8125,enc,0.0000
1786096466.062439,0.0436,0.0,0.0,0.0000,0.0000,0.0560,-0.1868,-0.0073,325.8125,enc,0.0000
1786096466.161422,0.0990,0.0,0.0,0.0000,0.0000,0.0560,-0.1868,-0.0073,325.8125,enc,0.0000
1786096466.268700,0.1073,0.0,0.0,0.0000,0.0000,0.0560,-0.1868,-0.0073,325.8125,enc,0.0000
1786096466.381558,0.1129,0.0,0.0,0.0000,0.0000,0.0560,-0.1868,-0.0073,325.8125,enc,0.0000
1786096466.473622,0.0921,0.0,0.0,0.0000,0.0000,0.0560,-0.1868,-0.0073,325.8125,enc,0.0000
1786096466.576193,0.1026,0.0,0.0,0.0000,0.0000,0.0560,-0.1868,-0.0073,325.8125,enc,0.0000
1786096466.682977,0.1068,0.0,0.0,0.0000,0.0000,0.0560,-0.1868,-0.0073,325.8125,enc,0.0000
1786096466.790922,0.1079,0.0,0.0,0.0000,0.0000,0.0560,-0.1868,-0.0073,325.8125,enc,0.0000
1786096466.892271,0.1013,0.0,0.0,0.0000,0.0000,0.0560,-0.1868,-0.0073,325.8125,enc,0.0000
1786096466.996944,0.1047,0.0,0.0,0.0000,0.0000,0.0560,-0.1868,-0.0073,325.8125,enc,0.0000
1786096467.098013,0.1011,0.0,0.0,0.0000,0.0000,0.0560,-0.1868,-0.0073,325.8125,enc,0.0000
1786096467.204121,0.1061,0.0,0.0,0.0000,0.0000,0.0560,-0.1868,-0.0073,325.8125,enc,0.0000
1786096467.307786,0.1037,0.0,0.0,0.0000,0.0000,0.0560,-0.1868,-0.0073,325.8125,enc,0.0000
1786096467.407840,0.1001,0.0,0.0,0.0000,0.0000,0.0560,-0.1868,-0.0073,325.8125,enc,0.0000
1786096467.515956,0.1081,0.0,0.0,0.0000,0.0000,0.0560,-0.1868,-0.0073,325.8125,enc,0.0000
1786096467.614869,0.0989,0.0,0.0,0.0000,0.0000,0.0560,-0.1868,-0.0073,325.8125,enc,0.0000
1786096467.721658,0.1068,0.0,0.0,0.0000,0.0000,0.0560,-0.1868,-0.0073,325.8125,enc,0.0000
1786096467.833795,0.1121,0.0,0.0,0.0000,0.0000,0.0560,-0.1868,-0.0073,325.8125,enc,0.0000
1786096467.925230,0.0914,0.0,0.0,0.0000,0.0000,0.0560,-0.1868,-0.0073,325.8125,enc,0.0000
1786096468.032928,0.1077,0.0,0.0,0.0000,0.0000,0.0560,-0.1868,-0.0073,325.8125,enc,0.0000
1786096468.136576,0.1036,0.0,0.0,0.0000,0.0000,0.0560,-0.1868,-0.0073,325.8125,enc,0.0000
1786096468.235803,0.0992,0.0,0.0,0.0000,0.0000,0.0560,-0.1868,-0.0073,325.8125,enc,0.0000
1786096468.343875,0.1081,0.0,0.0,0.0000,0.0000,0.0560,-0.1868,-0.0073,325.8125,enc,0.0000
1786096468.445933,0.1021,0.0,0.0,0.0000,0.0000,0.0560,-0.1868,-0.0073,325.8125,enc,0.0000
1786096468.550006,0.1041,0.0,0.0,0.0000,0.0000,0.0560,-0.1868,-0.0073,325.8125,enc,0.0000
1786096468.653232,0.1032,0.0,0.0,0.0000,0.0000,0.0560,-0.1868,-0.0073,325.8125,enc,0.0000
1786096468.760687,0.1075,0.0,0.0,0.0000,0.0000,0.0560,-0.1868,-0.0073,325.8125,enc,0.0000
1786096468.865906,0.1052,0.0,0.0,0.0000,0.0000,0.0560,-0.1868,-0.0073,325.8125,enc,0.0000
1786096468.967934,0.1020,0.0,0.0,0.0000,0.0000,0.0560,-0.1868,-0.0073,325.8125,enc,0.0000
1786096469.072866,0.1049,0.0,0.0,0.0000,0.0000,0.0560,-0.1868,-0.0073,325.8125,enc,0.0000
1786096469.175681,0.1028,0.0,0.0,0.0000,0.0000,0.0560,-0.1868,-0.0073,325.8125,enc,0.0000
1786096469.276210,0.1005,0.0,0.0,0.0000,0.0000,0.0560,-0.1868,-0.0073,325.8125,enc,0.0000
1786096469.384049,0.1078,0.4939175546169281,0.362129807472229,0.0025,-0.0022,0.0563,-0.1869,-0.0076,325.8125,enc,-0.0001
1786096469.487119,0.1031,4.297729969024658,4.218184947967529,0.0250,-0.0014,0.0589,-0.1868,-0.0062,325.7500,imu,0.0003
1786096469.586629,0.0995,12.344451904296875,12.21137523651123,0.0720,-0.0023,0.0660,-0.1870,-0.0182,326.4375,imu,-0.0003
1786096469.693567,0.1069,19.812395095825195,18.838708877563477,0.1133,-0.0166,0.0781,-0.1875,-0.0215,326.6250,imu,-0.0027
1786096469.817785,0.1242,22.72504997253418,23.83549690246582,0.1365,0.0189,0.0951,-0.1876,-0.0215,326.6250,imu,0.0024
1786096469.909821,0.0920,27.85149383544922,28.117673873901367,0.1641,0.0045,0.1102,-0.1879,-0.0204,326.5625,imu,0.0000
1786096470.038139,0.1283,28.100765228271484,28.43929100036621,0.1658,0.0058,0.1315,-0.1884,-0.0215,326.6250,imu,-0.0001
1786096470.368794,0.3307,27.054967880249023,26.17682647705078,0.1561,-0.0149,0.1831,-0.1881,-0.0204,326.5625,imu,0.0040
1786096470.368848,0.0001,26.623693466186523,27.794591903686523,0.1596,0.0199,0.1831,-0.1881,-0.0204,326.5625,imu,-0.0038
1786096470.368864,0.0000,27.272607803344727,27.245994567871094,0.1599,-0.0005,0.1831,-0.1881,-0.0215,326.6250,imu,0.0003
1786096470.538828,0.1700,25.21384620666504,24.130857467651367,0.1447,-0.0184,0.2077,-0.1878,-0.0160,326.3125,imu,0.0038
1786096470.546036,0.0072,25.446897506713867,26.351776123046875,0.1519,0.0154,0.2088,-0.1879,-0.0193,326.5000,imu,-0.0034
1786096470.775775,0.2297,26.59995460510254,26.59995460510254,0.1560,0.0000,0.2446,-0.1886,-0.0204,326.5625,imu,0.0002
1786096470.780502,0.0047,25.288068771362305,24.27914810180664,0.1453,-0.0171,0.2453,-0.1886,0.0058,325.0625,imu,0.0041
1786096470.832724,0.0522,25.58646583557129,26.59530258178711,0.1530,0.0171,0.2533,-0.1884,0.0461,322.7500,imu,-0.0037
1786096471.022123,0.1894,26.620939254760742,26.620939254760742,0.1561,0.0000,0.2829,-0.1871,0.0472,322.6875,imu,-0.0006
1786096471.058173,0.0360,26.569364547729492,26.516700744628906,0.1557,-0.0009,0.2885,-0.1868,0.0461,322.7500,imu,-0.0002
1786096471.266214,0.2080,26.168392181396484,24.11762809753418,0.1474,-0.0349,0.3191,-0.1849,0.0647,321.6875,imu,0.0000
1786096471.268539,0.0023,24.28473663330078,26.26058006286621,0.1482,0.0336,0.3194,-0.1848,0.1192,318.5625,imu,-0.0001
1786096471.364602,0.0961,26.530309677124023,26.55681610107422,0.1557,0.0005,0.3342,-0.1827,0.1399,317.3750,imu,-0.0001
1786096471.535194,0.1706,26.454376220703125,26.533082962036133,0.1554,0.0013,0.3604,-0.1784,0.1639,316.0000,imu,0.0001
1786096471.573732,0.0385,26.222585678100586,24.247217178344727,0.1480,-0.0336,0.3659,-0.1772,0.2054,313.6250,imu,0.0007
1786096471.781915,0.2082,24.523101806640625,26.48938751220703,0.1496,0.0334,0.3962,-0.1698,0.2425,311.5000,imu,-0.0002
1786096471.798707,0.0168,26.81011390686035,26.730396270751953,0.1570,-0.0014,0.3987,-0.1691,0.2425,311.5000,imu,0.0001
1786096472.030445,0.2317,26.434953689575195,24.49239158630371,0.1493,-0.0330,0.4323,-0.1607,0.2458,311.3125,imu,0.0003
1786096472.034975,0.0045,24.36465072631836,26.284536361694336,0.1485,0.0326,0.4329,-0.1605,0.2436,311.4375,imu,-0.0003
1786096472.083220,0.0482,26.642946243286133,26.722309112548828,0.1565,0.0013,0.4403,-0.1586,0.2468,311.2500,imu,0.0003
1786096472.278723,0.1955,26.411813735961914,26.464584350585938,0.1550,0.0009,0.4696,-0.1512,0.2479,311.1875,imu,0.0002
1786096472.297171,0.0184,24.490381240844727,24.490381240844727,0.1436,0.0000,0.4722,-0.1505,0.2468,311.2500,imu,-0.0002
1786096472.518286,0.2211,26.783727645874023,26.75715446472168,0.1570,-0.0005,0.5058,-0.1419,0.2512,311.0000,imu,0.0001
1786096472.544071,0.0258,26.400876998901367,26.453561782836914,0.1550,0.0009,0.5097,-0.1409,0.2479,311.1875,imu,-0.0002
1786096472.597640,0.0536,25.340904235839844,24.30707550048828,0.1456,-0.0176,0.5172,-0.1388,0.2458,311.3125,imu,0.0035
1786096472.780384,0.1827,25.5893497467041,26.547792434692383,0.1529,0.0163,0.5444,-0.1325,0.2501,311.0625,imu,-0.0034
1786096472.801724,0.0213,26.567045211791992,26.567045211791992,0.1558,0.0000,0.5477,-0.1317,0.2490,311.1250,imu,0.0002
1786096473.023830,0.2221,26.68056297302246,26.707027435302734,0.1565,0.0004,0.5813,-0.1231,0.2512,311.0000,imu,-0.0001
1786096473.024961,0.0011,24.17844009399414,24.231674194335938,0.1419,0.0009,0.5815,-0.1230,0.2490,311.1250,imu,0.0004
1786096473.119169,0.0942,26.6077880859375,26.581453323364258,0.1560,-0.0004,0.5958,-0.1195,0.2458,311.3125,imu,-0.0001
1786096473.271035,0.1519,26.429790496826172,26.429790496826172,0.1550,0.0000,0.6186,-0.1137,0.2479,311.1875,imu,0.0000
1786096473.326467,0.0554,24.354841232299805,24.301618576049805,0.1427,-0.0009,0.6262,-0.1117,0.2479,311.1875,imu,0.0002
1786096473.528621,0.2022,26.305883407592773,26.358823776245117,0.1544,0.0009,0.6565,-0.1041,0.2468,311.2500,imu,0.0000
1786096473.528824,0.0002,22.8289737701416,22.961057662963867,0.1343,0.0022,0.6565,-0.1041,0.2479,311.1875,imu,0.0003
1786096473.769783,0.2410,15.376194953918457,14.579720497131348,0.0878,-0.0135,0.6771,-0.0990,0.2468,311.2500,imu,-0.0004
1786096473.782748,0.0130,9.515837669372559,10.260726928710938,0.0580,0.0127,0.6778,-0.0988,0.2490,311.1250,imu,-0.0004
1786096473.847082,0.0643,12.45931339263916,12.170190811157227,0.0722,-0.0049,0.6823,-0.0977,0.2490,311.1250,imu,-0.0003
1786096474.025706,0.1786,18.3737850189209,18.161758422851562,0.1071,-0.0036,0.7009,-0.0930,0.2468,311.2500,imu,0.0002
1786096474.045809,0.0201,20.833431243896484,20.728252410888672,0.1219,-0.0018,0.7032,-0.0922,0.3341,306.2500,imu,0.0004
1786096474.276053,0.2302,26.31168556213379,26.49692153930664,0.1548,0.0031,0.7359,-0.0780,0.4094,301.9375,imu,-0.0003
1786096474.325807,0.0498,27.90142822265625,28.08771514892578,0.1642,0.0032,0.7434,-0.0748,0.4127,301.7500,imu,-0.0003
1786096474.358129,0.0323,27.625591278076172,26.68067169189453,0.1592,-0.0161,0.7482,-0.0728,0.4116,301.8125,imu,-0.0033
1786096474.556185,0.1981,25.434917449951172,26.576257705688477,0.1525,0.0194,0.7755,-0.0601,0.4105,301.8750,imu,0.0038
1786096474.567110,0.0109,27.26297378540039,27.209760665893555,0.1597,-0.0009,0.7771,-0.0594,0.4127,301.7500,imu,0.0002
1786096474.790186,0.2231,26.60776710510254,26.66042137145996,0.1562,0.0009,0.8091,-0.0455,0.4105,301.8750,imu,0.0000
1786096474.795127,0.0049,24.095041275024414,24.12150001525879,0.1414,0.0004,0.8097,-0.0452,0.4072,302.0625,imu,-0.0001
1786096474.884387,0.0893,26.556777954101562,26.45033836364746,0.1554,-0.0018,0.8224,-0.0396,0.4105,301.8750,imu,0.0002
1786096475.067971,0.1836,26.682485580444336,26.655885696411133,0.1564,-0.0005,0.8488,-0.0282,0.4094,301.9375,imu,0.0001
1786096475.085259,0.0173,26.099794387817383,24.230262756347656,0.1476,-0.0318,0.8511,-0.0272,0.4083,302.0000,imu,-0.0003
1786096475.190117,0.1049,24.533035278320312,26.52907943725586,0.1497,0.0339,0.8655,-0.0209,0.4116,301.8125,imu,0.0003
1786096475.290428,0.1003,26.922204971313477,26.869094848632812,0.1577,-0.0009,0.8800,-0.0146,0.4105,301.8750,imu,-0.0002
1786096475.392060,0.1016,25.445981979370117,24.488025665283203,0.1464,-0.0163,0.8935,-0.0083,0.4137,301.6875,imu,0.0030
1786096475.498502,0.1064,25.64316749572754,26.627737045288086,0.1533,0.0167,0.9086,-0.0021,0.4137,301.6875,imu,-0.0037
1786096475.601766,0.1033,26.533761978149414,26.6127986907959,0.1558,0.0013,0.9234,0.0043,0.4116,301.8125,imu,-0.0005
1786096475.705993,0.1042,26.32735824584961,26.35369300842285,0.1545,0.0004,0.9381,0.0108,0.4159,301.5625,imu,0.0001
1786096475.810839,0.1048,24.349323272705078,24.296113967895508,0.1426,-0.0009,0.9518,0.0168,0.4137,301.6875,imu,-0.0002
1786096475.914839,0.1040,26.57562828063965,26.522951126098633,0.1557,-0.0009,0.9666,0.0233,0.4137,301.6875,imu,-0.0002
1786096476.016061,0.1012,26.424245834350586,26.397903442382812,0.1549,-0.0004,0.9810,0.0296,0.4159,301.5625,imu,0.0003
1786096476.124837,0.1088,25.504528045654297,24.520069122314453,0.1467,-0.0167,0.9954,0.0364,0.4137,301.6875,imu,0.0038
1786096476.235974,0.1111,25.286460876464844,26.312158584594727,0.1513,0.0174,1.0109,0.0429,0.4137,301.6875,imu,-0.0032
1786096476.377090,0.1411,26.416494369506836,26.36388397216797,0.1548,-0.0009,1.0310,0.0516,0.4137,301.6875,imu,-0.0002
1786096476.434302,0.0572,26.799837112426758,26.693449020385742,0.1569,-0.0018,1.0392,0.0552,0.4127,301.7500,imu,0.0000
1786096476.532880,0.0986,24.246562957763672,24.29973602294922,0.1423,0.0009,1.0520,0.0609,0.4181,301.4375,imu,0.0002
1786096476.641935,0.1091,26.70062255859375,26.674068450927734,0.1565,-0.0005,1.0676,0.0679,0.4170,301.5000,imu,0.0001
1786096476.750490,0.1086,26.848981857299805,26.87558364868164,0.1575,0.0005,1.0833,0.0747,0.4148,301.6250,imu,-0.0003
1786096476.843824,0.0933,24.279895782470703,24.359649658203125,0.1426,0.0014,1.0954,0.0802,0.4192,301.3750,imu,0.0005
1786096476.951745,0.1079,26.592941284179688,26.64588165283203,0.1561,0.0009,1.1108,0.0870,0.4181,301.4375,imu,-0.0002
1786096477.058482,0.1067,26.75721549987793,26.783788681030273,0.1570,0.0005,1.1261,0.0938,0.4192,301.3750,imu,-0.0005
1786096477.155770,0.0973,25.31892967224121,24.339176177978516,0.1456,-0.0167,1.1389,0.0998,0.4181,301.4375,imu,0.0033
1786096477.258790,0.1030,25.372488021850586,26.347881317138672,0.1517,0.0166,1.1534,0.1058,0.4159,301.5625,imu,-0.0036
1786096477.360985,0.1022,26.721586227416992,26.69501304626465,0.1566,-0.0005,1.1680,0.1123,0.4214,301.2500,imu,-0.0001
1786096477.506083,0.1451,26.691970825195312,26.691970825195312,0.1565,0.0000,1.1887,0.1216,0.4192,301.3750,imu,0.0004
1786096477.586367,0.0803,24.1196231842041,24.1196231842041,0.1414,0.0000,1.1991,0.1263,0.4192,301.3750,imu,0.0002
1786096477.679760,0.0934,26.598331451416016,26.62480926513672,0.1561,0.0005,1.2124,0.1323,0.4214,301.2500,imu,0.0005
1786096477.795029,0.1153,26.784000396728516,26.677547454833984,0.1568,-0.0018,1.2289,0.1396,0.4170,301.5000,imu,-0.0002
1786096477.928946,0.1339,24.11948013305664,24.145824432373047,0.1415,0.0004,1.2462,0.1473,0.4192,301.3750,imu,-0.0001
1786096477.995374,0.0664,26.6091365814209,26.582672119140625,0.1560,-0.0004,1.2557,0.1515,0.4214,301.2500,imu,0.0005
1786096478.103667,0.1083,26.7662296295166,26.792842864990234,0.1570,0.0005,1.2712,0.1584,0.4192,301.3750,imu,-0.0001
1786096478.253396,0.1497,25.46175765991211,24.451013565063477,0.1464,-0.0172,1.2909,0.1679,0.4225,301.1875,imu,0.0038
1786096478.455815,0.2024,25.070026397705078,26.107717514038086,0.1501,0.0176,1.3189,0.1798,0.4214,301.2500,imu,-0.0031
1786096478.455891,0.0001,22.07149314880371,22.2288761138916,0.1299,0.0027,1.3189,0.1798,0.4192,301.3750,imu,0.0004
1786096478.512065,0.0562,13.546236991882324,13.626056671142578,0.0797,0.0014,1.3230,0.1816,0.4214,301.2500,imu,-0.0003
1786096478.647105,0.1350,4.350152969360352,4.192339897155762,0.0250,-0.0027,1.3261,0.1829,0.4225,301.1875,imu,-0.0007
1786096478.738966,0.0919,0.3520662188529968,0.3520662188529968,0.0021,0.0000,1.3263,0.1829,0.4225,301.1875,enc,-0.0008
1786096478.869814,0.1308,0.0,0.0,0.0000,0.0000,1.3263,0.1829,0.4225,301.1875,enc,0.0000
1786096478.946035,0.0762,0.0,0.0,0.0000,0.0000,1.3263,0.1829,0.4225,301.1875,enc,0.0000
1786096479.040336,0.0943,0.0,0.0,0.0000,0.0000,1.3263,0.1829,0.4225,301.1875,enc,0.0000
1786096479.147675,0.1073,0.0,0.0,0.0000,0.0000,1.3263,0.1829,0.4225,278.8750,enc,0.0000
1786096479.243674,0.0960,0.0,0.0,0.0000,0.0000,1.3263,0.1829,0.4225,260.6250,enc,0.0000
1786096479.384581,0.1409,0.7414389252662659,0.5571286082267761,0.0038,-0.0031,1.3268,0.1832,0.6875,245.4375,imu,-0.0001
1786096479.437964,0.0534,6.093175888061523,5.801560878753662,0.0349,-0.0050,1.3279,0.1847,0.9112,232.6250,imu,-0.0007
1786096479.563198,0.1252,12.710101127624512,12.497353553771973,0.0739,-0.0036,1.3323,0.1929,1.0879,222.5000,imu,-0.0004
1786096479.652043,0.0888,20.77185821533203,20.718711853027344,0.1217,-0.0009,1.3356,0.2032,1.2570,212.8125,imu,0.0006
1786096479.760955,0.1089,25.577054977416992,24.678028106689453,0.1474,-0.0153,1.3409,0.2183,1.2559,212.8750,imu,-0.0039
1786096479.867656,0.1067,25.23167610168457,26.49646759033203,0.1517,0.0215,1.3455,0.2338,1.2591,212.6875,imu,0.0045
1786096479.961182,0.0935,28.775821685791016,29.06855010986328,0.1696,0.0050,1.3503,0.2489,1.2580,212.7500,imu,0.0003
1786096480.066262,0.1051,27.963205337524414,28.147579193115234,0.1645,0.0031,1.3556,0.2654,1.2602,212.6250,imu,-0.0001
1786096480.177758,0.1115,24.970947265625,25.050458908081055,0.1467,0.0014,1.3606,0.2810,1.2624,212.5000,imu,0.0001
1786096480.296831,0.1191,26.77070426940918,26.691669464111328,0.1568,-0.0013,1.3663,0.2987,1.2580,212.7500,imu,-0.0003
1786096480.380923,0.0841,26.66088104248047,26.6077823638916,0.1562,-0.0009,1.3704,0.3112,1.2602,212.6250,imu,-0.0004
1786096480.503662,0.1227,26.25298500061035,24.180564880371094,0.1479,-0.0352,1.3759,0.3285,1.2635,212.4375,imu,0.0000
1786096480.589915,0.0863,24.025562286376953,26.05316734313965,0.1468,0.0345,1.3797,0.3406,1.2613,212.5625,imu,-0.0001
1786096480.837383,0.2475,26.459129333496094,26.459129333496094,0.1552,0.0000,1.3913,0.3772,1.2646,212.3750,imu,0.0002
1786096480.837579,0.0002,26.664995193481445,26.61182403564453,0.1562,-0.0009,1.3913,0.3773,1.2646,212.3750,imu,0.0000
1786096480.911938,0.0744,24.091711044311523,24.091711044311523,0.1413,0.0000,1.3945,0.3872,1.2591,212.6875,imu,-0.0002
1786096480.995944,0.0840,26.748428344726562,26.721921920776367,0.1568,-0.0005,1.3984,0.3998,1.2690,212.1250,imu,-0.0001
1786096481.097775,0.1018,26.40003204345703,26.452714920043945,0.1550,0.0009,1.4032,0.4149,1.2635,212.4375,imu,-0.0002
1786096481.202737,0.1050,26.624725341796875,25.614770889282227,0.1532,-0.0172,1.4085,0.4301,1.2617,212.3125,enc,-0.0036
1786096481.306043,0.1033,24.378910064697266,25.33509635925293,0.1458,0.0163,1.4127,0.4445,1.2634,212.2500,enc,0.0037
1786096481.408014,0.1020,26.36808967590332,26.31570053100586,0.1545,-0.0009,1.4174,0.4595,1.2633,212.3750,enc,-0.0002
1786096481.509578,0.1016,26.770105361938477,26.823335647583008,0.1571,0.0009,1.4223,0.4747,1.2634,212.1250,enc,0.0000
1786096481.631862,0.1223,24.249292373657227,24.275848388671875,0.1423,0.0005,1.4274,0.4914,1.2634,212.2500,enc,0.0008
1786096481.760392,0.1285,26.68561553955078,26.65904426574707,0.1564,-0.0005,1.4335,0.5105,1.2634,212.3750,enc,-0.0001
1786096481.839528,0.0791,26.55598258972168,26.476924896240234,0.1555,-0.0013,1.4372,0.5223,1.2633,212.1250,enc,0.0005
1786096481.924050,0.0845,26.560319900512695,25.499568939208984,0.1526,-0.0180,1.4414,0.5345,1.2617,212.1875,enc,-0.0034
1786096482.034398,0.1103,24.47019386291504,25.561229705810547,0.1467,0.0185,1.4459,0.5500,1.2638,212.1250,enc,0.0037
1786096482.140200,0.1058,26.54990005493164,26.49721336364746,0.1555,-0.0009,1.4509,0.5657,1.2637,212.0625,enc,0.0004
1786096482.237223,0.0970,26.54485511779785,26.650650024414062,0.1560,0.0018,1.4554,0.5801,1.2639,212.1250,enc,0.0002
1786096482.343398,0.1062,24.394887924194336,24.448104858398438,0.1432,0.0009,1.4600,0.5946,1.2640,211.9375,enc,-0.0004
1786096482.447917,0.1045,26.533987045288086,26.507661819458008,0.1555,-0.0004,1.4650,0.6101,1.2639,212.0000,enc,-0.0003
1786096482.559517,0.1116,26.58547019958496,26.58547019958496,0.1559,0.0000,1.4703,0.6267,1.2639,212.0625,enc,-0.0006
1786096482.655982,0.0965,26.369827270507812,25.42009925842285,0.1519,-0.0161,1.4751,0.6405,1.2624,211.7500,enc,-0.0033
1786096482.758912,0.1029,24.448354721069336,25.378293991088867,0.1461,0.0158,1.4792,0.6550,1.2640,211.9375,enc,0.0038
1786096482.855943,0.0970,26.481468200683594,26.507957458496094,0.1554,0.0005,1.4838,0.6694,1.2640,211.8750,enc,-0.0001
1786096482.960050,0.1041,24.193567276000977,24.352874755859375,0.1423,0.0027,1.4882,0.6835,1.2643,211.7500,enc,0.0006
1786096483.068003,0.1080,16.040517807006836,16.12032699584961,0.0943,0.0014,1.4913,0.6932,1.2645,211.9375,enc,0.0001
1786096483.183935,0.1159,8.47230339050293,8.314908981323242,0.0492,-0.0027,1.4930,0.6987,1.2642,211.9375,enc,-0.0002
1786096483.277317,0.0934,5.495044231414795,5.176312446594238,0.0313,-0.0054,1.4939,0.7014,1.2636,211.9375,enc,-0.0006
1786096483.383381,0.1061,10.061193466186523,9.824651718139648,0.0583,-0.0040,1.4958,0.7073,1.2632,212.0000,enc,-0.0003
1786096483.487374,0.1040,15.528986930847168,15.345465660095215,0.0905,-0.0031,1.4987,0.7163,1.2629,212.1250,enc,0.0001
1786096483.590161,0.1028,22.707807540893555,22.707807540893555,0.1332,0.0000,1.5028,0.7293,1.2629,212.0625,enc,0.0004
1786096483.690268,0.1001,26.13787269592285,26.321441650390625,0.1538,0.0031,1.5075,0.7440,1.2632,205.5000,enc,-0.0001
1786096483.798490,0.1082,28.250205993652344,28.48937225341797,0.1664,0.0041,1.5129,0.7612,1.2637,194.6875,enc,0.0001
1786096483.900155,0.1017,25.500282287597656,25.658384323120117,0.1500,0.0027,1.5174,0.7757,1.2639,194.6875,enc,0.0006
1786096484.001463,0.1013,27.840017318725586,27.99844741821289,0.1637,0.0027,1.5224,0.7916,1.2642,194.6875,enc,0.0002
1786096484.106606,0.1051,27.255613327026367,27.30872917175293,0.1600,0.0009,1.5275,0.8076,1.2643,194.5000,enc,-0.0002
1786096484.208793,0.1022,24.493703842163086,24.52031707763672,0.1437,0.0005,1.5320,0.8216,1.2643,194.6250,enc,-0.0001
1786096484.309049,0.1003,26.5363826751709,26.5363826751709,0.1556,0.0000,1.5367,0.8364,1.2643,194.6875,enc,-0.0006
1786096484.414766,0.1057,26.519128799438477,26.465930938720703,0.1554,-0.0009,1.5417,0.8521,1.2642,194.3750,enc,0.0000
1786096484.524068,0.1093,24.21669578552246,24.11026954650879,0.1417,-0.0018,1.5464,0.8669,1.2640,194.5625,enc,-0.0004
1786096484.631318,0.1073,26.643356323242188,26.590166091918945,0.1561,-0.0009,1.5515,0.8828,1.2639,194.4375,enc,-0.0002
1786096484.727055,0.0957,26.715171813964844,26.688602447509766,0.1566,-0.0005,1.5560,0.8971,1.2639,194.3750,enc,0.0005
1786096484.828981,0.1019,25.44375228881836,24.488283157348633,0.1464,-0.0162,1.5601,0.9114,1.2622,194.5000,enc,0.0036
1786096484.929763,0.1008,25.3045597076416,26.332279205322266,0.1514,0.0175,1.5650,0.9259,1.2640,194.5625,enc,-0.0029
1786096485.035161,0.1054,26.8221492767334,26.795665740966797,0.1572,-0.0005,1.5700,0.9417,1.2640,194.5625,enc,0.0001
1786096485.266713,0.2316,26.82755470275879,26.774316787719727,0.1572,-0.0009,1.5810,0.9764,1.2638,194.5625,enc,0.0002
1786096485.266784,0.0001,23.923429489135742,23.923429489135742,0.1403,0.0000,1.5810,0.9764,1.2638,194.5000,enc,-0.0002
1786096485.347504,0.0807,26.568561553955078,26.594947814941406,0.1559,0.0004,1.5848,0.9884,1.2638,194.5625,enc,0.0001
1786096485.520635,0.1731,26.594070434570312,26.647077560424805,0.1561,0.0009,1.5929,1.0142,1.2639,194.6875,enc,0.0000
1786096485.552747,0.0321,27.146562576293945,32.91712188720703,0.1761,0.0981,1.5940,1.0198,1.2671,194.6250,enc,0.0202
1786096485.776651,0.2239,23.746395111083984,17.986278533935547,0.1224,-0.0979,1.6071,1.0443,1.2452,194.6875,enc,-0.0205
1786096485.776735,0.0001,26.75897216796875,26.73236083984375,0.1568,-0.0005,1.6071,1.0443,1.2452,194.5625,enc,-0.0003
1786096485.868810,0.0921,26.684490203857422,25.67348289489746,0.1535,-0.0172,1.6120,1.0575,1.2436,194.6875,enc,-0.0036
1786096486.296278,0.4275,24.26017951965332,25.21046257019043,0.1451,0.0162,1.6301,1.1169,1.2505,193.3750,enc,0.0035
1786096486.296360,0.0001,26.598976135253906,26.572364807128906,0.1559,-0.0005,1.6301,1.1169,1.2505,191.8750,enc,0.0003
1786096486.296388,0.0000,26.883724212646484,26.857114791870117,0.1576,-0.0005,1.6301,1.1169,1.2505,192.0625,enc,-0.0001
1786096486.298773,0.0024,24.038053512573242,24.090978622436523,0.1411,0.0009,1.6302,1.1172,1.2505,191.0625,enc,-0.0002
1786096486.538735,0.2400,23.83505630493164,23.941394805908203,0.1401,0.0018,1.6406,1.1492,1.2509,190.6875,enc,0.0006
1786096486.539746,0.0010,16.397018432617188,16.370698928833008,0.0961,-0.0004,1.6407,1.1493,1.2509,190.4375,enc,0.0003
1786096486.589869,0.0501,6.7012810707092285,6.4913787841796875,0.0387,-0.0036,1.6413,1.1511,1.2508,190.4375,enc,-0.0006
1786096486.817941,0.2281,0.9174919128417969,0.8110489249229431,0.0051,-0.0018,1.6418,1.1521,1.2503,190.4375,enc,-0.0006
1786096486.833873,0.0159,-0.0869002491235733,-0.008003970608115196,-0.0003,0.0013,1.6418,1.1521,1.2504,190.4375,enc,-0.0001
1786096487.039615,0.2057,0.0,0.0,0.0000,0.0000,1.6418,1.1521,1.2504,190.1250,enc,0.0000
1786096487.039687,0.0001,0.0,0.0,0.0000,0.0000,1.6418,1.1521,1.2504,189.6250,enc,0.0000
1786096487.112890,0.0732,0.0,0.0,0.0000,0.0000,1.6418,1.1521,1.2504,189.1875,enc,0.0000
1786096487.301512,0.1886,0.12123124301433563,0.06862145662307739,0.0006,-0.0009,1.6418,1.1522,1.2502,188.8125,enc,0.0000
1786096487.320007,0.0185,3.031744956970215,2.951941728591919,0.0175,-0.0014,1.6419,1.1526,1.2502,188.2500,enc,0.0008
1786096487.542319,0.2223,9.447787284851074,9.261674880981445,0.0549,-0.0032,1.6457,1.1641,1.2495,188.0625,enc,0.0001
1786096487.543331,0.0010,18.381528854370117,18.275163650512695,0.1075,-0.0018,1.6458,1.1642,1.2495,187.2500,enc,-0.0006
1786096487.629272,0.0859,24.16189193725586,23.709354400634766,0.1404,-0.0077,1.6495,1.1757,1.2488,186.9375,enc,0.0008
1786096487.795336,0.1661,24.896984100341797,19.60443878173828,0.1305,-0.0900,1.6567,1.1961,1.2339,187.2500,enc,-0.0003
1786096487.855684,0.0603,26.76725959777832,10.600781440734863,0.1096,-0.2748,1.6590,1.2023,1.2173,189.3750,enc,0.0000
1786096488.050740,0.1951,22.078039169311523,-2.2669553756713867,0.0581,-0.4138,1.6641,1.2125,1.1366,192.4375,enc,-0.0016
1786096488.057812,0.0071,17.347837448120117,-9.965673446655273,0.0216,-0.4643,1.6641,1.2126,1.1333,196.0625,enc,-0.0021
1786096488.290976,0.2332,13.595932006835938,-13.372644424438477,0.0007,-0.4584,1.6644,1.2127,1.0264,200.0625,enc,-0.0007
1786096488.298110,0.0071,14.504831314086914,-16.222509384155273,-0.0050,-0.5223,1.6643,1.2126,1.0227,204.0625,enc,-0.0006
1786096488.355342,0.0572,14.325628280639648,-16.54343032836914,-0.0065,-0.5247,1.6641,1.2123,0.9926,208.4375,enc,0.0006
1786096488.560895,0.2056,13.446870803833008,-14.750195503234863,-0.0038,-0.4793,1.6637,1.2117,0.8941,212.5000,enc,-0.0005
1786096488.567515,0.0066,15.058958053588867,-15.826292991638184,-0.0022,-0.5250,1.6637,1.2117,0.8906,216.5625,enc,-0.0002
1786096488.812150,0.2446,14.933736801147461,-15.218330383300781,-0.0008,-0.5125,1.6634,1.2116,0.7653,220.9375,enc,0.0006
1786096488.820645,0.0085,15.388465881347656,-15.068771362304688,0.0009,-0.5177,1.6634,1.2116,0.7609,225.0000,enc,-0.0002
1786096489.090352,0.2697,13.693384170532227,-13.75688362121582,-0.0002,-0.4666,1.6632,1.2118,0.6350,229.1250,enc,0.0011
1786096489.125705,0.0354,15.27380657196045,-15.08195972442627,0.0006,-0.5160,1.6632,1.2119,0.6168,233.8125,enc,-0.0004
1786096489.128184,0.0025,15.106810569763184,-15.138751983642578,-0.0001,-0.5141,1.6632,1.2119,0.6155,238.5625,enc,0.0007
1786096489.295184,0.1670,13.762186050415039,-13.762186050415039,0.0000,-0.4679,1.6633,1.2118,0.5374,242.7500,enc,-0.0006
1786096489.295299,0.0001,15.36832046508789,-15.240254402160645,0.0004,-0.5203,1.6633,1.2118,0.5373,247.1250,enc,0.0002
1786096489.831794,0.5365,15.126599311828613,-15.350728034973145,-0.0007,-0.5181,1.6630,1.2116,0.2594,251.4375,enc,-0.0001
1786096489.831853,0.0001,13.987869262695312,-13.795794486999512,0.0006,-0.4723,1.6630,1.2116,0.2593,255.8125,enc,-0.0006
1786096489.831869,0.0000,14.974149703979492,-15.1964111328125,-0.0007,-0.5128,1.6630,1.2116,0.2593,259.8125,enc,0.0007
1786096489.831881,0.0000,15.168543815612793,-15.010021209716797,0.0005,-0.5130,1.6630,1.2116,0.2593,264.6250,enc,-0.0003
1786096489.833191,0.0013,14.590001106262207,-13.885725021362305,0.0021,-0.4840,1.6630,1.2116,0.2587,268.5625,enc,0.0032
1786096490.061710,0.2285,14.444751739501953,-15.210525512695312,-0.0022,-0.5041,1.6626,1.2108,0.1435,272.5625,enc,-0.0032
1786096490.094578,0.0329,15.194894790649414,-15.004700660705566,0.0006,-0.5133,1.6626,1.2109,0.1266,277.0000,enc,0.0006
1786096490.111107,0.0165,15.08798599243164,-14.511640548706055,0.0017,-0.5031,1.6626,1.2109,0.1183,280.8125,enc,0.0021
1786096490.238806,0.1277,13.704797744750977,-14.499716758728027,-0.0023,-0.4794,1.6623,1.2105,0.0571,285.0000,enc,-0.0027
1786096490.345854,0.1070,14.830426216125488,-15.147299766540527,-0.0009,-0.5096,1.6622,1.2105,0.0025,289.2500,enc,0.0000
1786096490.439684,0.0938,15.334908485412598,-15.111010551452637,0.0007,-0.5175,1.6623,1.2105,-0.0460,293.3750,enc,-0.0003
1786096490.527959,0.0883,13.781476020812988,-13.941340446472168,-0.0005,-0.4712,1.6622,1.2105,-0.0876,297.2500,enc,0.0001
1786096490.636952,0.1090,15.2586088180542,-15.194565773010254,0.0002,-0.5176,1.6623,1.2105,-0.1440,301.3125,enc,0.0002
1786096490.737109,0.1002,15.336644172668457,-15.208842277526855,0.0004,-0.5192,1.6623,1.2106,-0.1960,305.9375,enc,0.0004
1786096490.929348,0.1922,13.714906692504883,-13.939020156860352,-0.0007,-0.4701,1.6622,1.2106,-0.2864,309.9375,enc,0.0001
1786096490.938364,0.0090,15.328802108764648,-15.0406494140625,0.0008,-0.5162,1.6622,1.2106,-0.2911,314.0625,enc,0.0001
1786096491.052974,0.1146,15.190143585205078,-15.286195755004883,-0.0003,-0.5180,1.6622,1.2106,-0.3504,318.2500,enc,0.0001
1786096491.164448,0.1115,13.874505996704102,-13.778460502624512,0.0003,-0.4700,1.6622,1.2106,-0.4028,322.0000,enc,-0.0003
1786096491.266602,0.1022,15.17639446258545,-15.400472640991211,-0.0007,-0.5197,1.6621,1.2106,-0.4559,325.6875,enc,-0.0001
1786096491.351483,0.0849,14.986262321472168,-15.049649238586426,-0.0002,-0.5106,1.6621,1.2106,-0.4993,330.0000,enc,0.0000
1786096491.457580,0.1061,13.9583101272583,-13.702850341796875,0.0007,-0.4702,1.6622,1.2106,-0.5491,334.2500,enc,0.0000
1786096491.566488,0.1089,14.955299377441406,-15.243346214294434,-0.0008,-0.5133,1.6621,1.2106,-0.6050,337.8750,enc,-0.0003
1786096491.666773,0.1003,15.093944549560547,-15.12563705444336,-0.0001,-0.5137,1.6621,1.2106,-0.6566,342.0000,enc,-0.0003
1786096491.770964,0.1042,15.11328411102295,-15.081618309020996,0.0001,-0.5133,1.6621,1.2106,-0.7100,346.0625,enc,-0.0003
1786096492.817277,1.0463,13.778646469116211,-13.810525894165039,-0.0001,-0.4690,1.6623,1.2108,-1.2007,349.6875,enc,0.0003
1786096492.817337,0.0001,15.000428199768066,-15.0319242477417,-0.0001,-0.5105,1.6623,1.2108,-1.2007,354.0625,enc,-0.0001
1786096492.817352,0.0000,15.111174583435059,-15.016057014465332,0.0003,-0.5121,1.6623,1.2108,-1.2007,358.0625,enc,0.0001
1786096492.817364,0.0000,15.083465576171875,-14.155377388000488,0.0027,-0.4970,1.6623,1.2108,-1.2008,2.0625,enc,0.0025
1786096492.817374,0.0000,10.695879936218262,-11.68348217010498,-0.0029,-0.3804,1.6623,1.2108,-1.2008,5.8750,enc,-0.0023
1786096492.817384,0.0000,6.202960968017578,-6.138969421386719,0.0002,-0.2098,1.6623,1.2108,-1.2008,7.6250,enc,0.0008
1786096492.817393,0.0000,1.415533185005188,-1.6716405153274536,-0.0008,-0.0525,1.6623,1.2108,-1.2008,8.1250,enc,0.0013
1786096492.817403,0.0000,0.002669509267434478,0.02898324280977249,0.0001,0.0004,1.6623,1.2108,-1.2008,8.1875,enc,-0.0001
1786096492.817412,0.0000,0.0,0.0,0.0000,0.0000,1.6623,1.2108,-1.2008,8.1250,enc,0.0000
1786096492.828358,0.0109,0.0,0.0,0.0000,0.0000,1.6623,1.2108,-1.2008,8.1250,enc,0.0000
1786096492.919396,0.0910,0.2368057370185852,-0.2368057370185852,0.0000,-0.0081,1.6623,1.2108,-1.2015,8.1250,enc,0.0000
1786096493.020014,0.1006,4.155580997467041,-3.997899055480957,0.0005,-0.1386,1.6623,1.2107,-1.2154,8.9375,enc,-0.0005
1786096493.169250,0.1492,9.849626541137695,-8.957450866699219,0.0026,-0.3197,1.6623,1.2103,-1.2631,11.0625,enc,-0.0006
1786096493.257188,0.0879,13.687944412231445,-5.897983074188232,0.0228,-0.3329,1.6628,1.2084,-1.2924,14.1250,enc,-0.0007
1786096493.340950,0.0838,16.287715911865234,3.6215922832489014,0.0584,-0.2153,1.6640,1.2036,-1.3105,16.1250,enc,-0.0002
1786096493.481304,0.1404,21.619365692138672,13.737321853637695,0.1037,-0.1340,1.6677,1.1896,-1.3293,17.5000,enc,0.0014
1786096493.535257,0.0540,24.791542053222656,21.472360610961914,0.1357,-0.0564,1.6695,1.1825,-1.3323,18.2500,enc,0.0015
1786096493.654159,0.1189,26.853078842163086,24.143632888793945,0.1495,-0.0461,1.6738,1.1652,-1.3378,18.3750,enc,0.0019
1786096493.749833,0.0957,25.748125076293945,28.326791763305664,0.1586,0.0438,1.6774,1.1505,-1.3336,17.5000,enc,0.0005
1786096494.093982,0.3441,27.914230346679688,28.733930587768555,0.1661,0.0139,1.6910,1.0949,-1.3288,16.0625,enc,-0.0005
1786096494.102697,0.0087,27.574064254760742,28.264522552490234,0.1637,0.0117,1.6913,1.0936,-1.3287,15.0000,enc,-0.0002
1786096494.455091,0.3524,24.91898536682129,25.15839385986328,0.1468,0.0041,1.7034,1.0432,-1.3273,14.2500,enc,-0.0010
1786096494.456139,0.0010,26.000486373901367,26.103618621826172,0.1528,0.0018,1.7035,1.0431,-1.3273,13.5625,enc,-0.0009
1786096494.470989,0.0149,26.426671981811523,26.400136947631836,0.1549,-0.0005,1.7040,1.0409,-1.3273,13.3750,enc,-0.0001
1786096494.504672,0.0337,26.235027313232422,26.287445068359375,0.1540,0.0009,1.7053,1.0358,-1.3272,13.4375,enc,-0.0007
1786096494.605973,0.1013,23.24886703491211,25.9545841217041,0.1443,0.0460,1.7091,1.0217,-1.3226,13.1250,enc,0.0024
1786096494.626255,0.0203,19.3604679107666,32.2650032043457,0.1514,0.2194,1.7098,1.0187,-1.3181,11.6875,enc,-0.0020
1786096494.710999,0.0847,19.844039916992188,33.19517135620117,0.1555,0.2269,1.7134,1.0060,-1.2989,9.6250,enc,0.0001
1786096494.776412,0.0654,22.558292388916016,31.861595153808594,0.1596,0.1581,1.7163,0.9960,-1.2885,8.4375,enc,0.0008
1786096494.957524,0.1811,20.34284782409668,28.80101203918457,0.1441,0.1438,1.7243,0.9712,-1.2625,7.5000,enc,0.0006
1786096494.985008,0.0275,19.611257553100586,33.60173416137695,0.1560,0.2378,1.7257,0.9671,-1.2560,5.9375,enc,0.0005
1786096495.117820,0.1328,20.65009880065918,33.18852233886719,0.1579,0.2131,1.7328,0.9474,-1.2277,4.1875,enc,0.0004
1786096495.222980,0.1052,21.42009925842285,28.099393844604492,0.1452,0.1135,1.7380,0.9331,-1.2157,2.9375,enc,-0.0005
1786096495.309627,0.0866,25.495647430419922,28.23587417602539,0.1575,0.0466,1.7428,0.9203,-1.2117,2.6250,enc,-0.0005
1786096495.431814,0.1222,26.743593215942383,26.87665557861328,0.1572,0.0023,1.7495,0.9023,-1.2114,2.1875,enc,-0.0003
1786096495.526922,0.0951,24.596033096313477,23.771100997924805,0.1418,-0.0140,1.7543,0.8896,-1.2127,2.1875,enc,0.0003
1786096495.687935,0.1610,27.047691345214844,26.116395950317383,0.1559,-0.0158,1.7630,0.8661,-1.2153,2.1250,enc,-0.0001
1786096495.740574,0.0526,26.99928855895996,26.44162940979004,0.1567,-0.0095,1.7658,0.8584,-1.2158,2.1250,enc,-0.0012
1786096495.824400,0.0838,24.308984756469727,24.043485641479492,0.1418,-0.0045,1.7699,0.8472,-1.2162,2.3125,enc,-0.0009
1786096495.939941,0.1155,26.76593017578125,26.792512893676758,0.1570,0.0005,1.7762,0.8302,-1.2161,2.4375,enc,0.0001
1786096496.054404,0.1145,26.355972290039062,26.382272720336914,0.1546,0.0004,1.7823,0.8136,-1.2161,1.7500,enc,-0.0001
1786096496.175052,0.1206,26.791202545166016,26.817745208740234,0.1572,0.0005,1.7889,0.7958,-1.2160,1.1875,enc,0.0003
1786096496.276771,0.1017,24.207307815551758,24.286823272705078,0.1422,0.0014,1.7940,0.7823,-1.2159,1.2500,enc,0.0007
1786096496.346908,0.0701,25.800207138061523,25.800207138061523,0.1513,0.0000,1.7978,0.7723,-1.2159,359.4375,enc,0.0009
1786096496.446631,0.0997,21.928936004638672,22.061342239379883,0.1290,0.0023,1.8024,0.7603,-1.2157,358.9375,enc,0.0012
1786096496.539397,0.0928,12.335310935974121,12.44175910949707,0.0727,0.0018,1.8047,0.7540,-1.2155,358.6250,enc,-0.0002
1786096496.856270,0.3169,4.707952976226807,4.629543781280518,0.0274,-0.0013,1.8075,0.7458,-1.2159,358.5625,enc,-0.0006
1786096496.862312,0.0060,0.33857595920562744,0.20553642511367798,0.0016,-0.0023,1.8075,0.7458,-1.2159,358.5625,enc,-0.0008
1786096496.863708,0.0014,-0.0026991155464202166,-0.029304683208465576,-0.0001,-0.0005,1.8075,0.7458,-1.2159,358.5625,enc,-0.0001
1786096496.959776,0.0961,0.0,0.0,0.0000,0.0000,1.8075,0.7458,-1.2159,357.2500,enc,0.0000
1786096497.063966,0.1042,0.0,0.0,0.0000,0.0000,1.8075,0.7458,-1.2159,356.1875,enc,0.0000
1786096497.161113,0.0971,0.09275365620851517,0.06630736589431763,0.0005,-0.0004,1.8075,0.7457,-1.2160,354.1875,enc,-0.0001
1786096497.263994,0.1029,2.6901702880859375,2.3743975162506104,0.0149,-0.0054,1.8081,0.7443,-1.2165,352.8125,enc,0.0006
1786096497.407388,0.1434,9.345999717712402,9.319475173950195,0.0547,-0.0005,1.8108,0.7370,-1.2166,351.8750,enc,0.0001
1786096497.543115,0.1357,17.800273895263672,17.562976837158203,0.1037,-0.0040,1.8157,0.7237,-1.2171,351.1250,enc,-0.0003
1786096497.621458,0.0783,23.596454620361328,23.754331588745117,0.1388,0.0027,1.8194,0.7135,-1.2169,350.0625,enc,-0.0002
1786096497.698111,0.0767,24.78327751159668,24.99631690979004,0.1460,0.0036,1.8233,0.7030,-1.2166,349.2500,enc,-0.0008
1786096497.796975,0.0989,28.51255226135254,28.752042770385742,0.1679,0.0041,1.8290,0.6874,-1.2162,349.2500,enc,-0.0003
1786096497.943403,0.1464,28.16974449157715,28.354225158691406,0.1657,0.0031,1.8375,0.6647,-1.2158,349.0000,enc,0.0003
1786096498.016659,0.0733,25.37736701965332,25.403900146484375,0.1489,0.0005,1.8412,0.6545,-1.2157,349.0625,enc,-0.0001
1786096498.094619,0.0780,27.24163055419922,27.321441650390625,0.1600,0.0014,1.8456,0.6428,-1.2156,349.2500,enc,0.0003
1786096498.199085,0.1045,26.676088333129883,26.54433250427246,0.1561,-0.0022,1.8513,0.6275,-1.2159,349.0000,enc,-0.0001
1786096498.314718,0.1156,26.292484283447266,26.213361740112305,0.1540,-0.0013,1.8574,0.6108,-1.2160,349.1875,enc,-0.0001
1786096498.411774,0.0971,24.074148178100586,24.127363204956055,0.1413,0.0009,1.8623,0.5979,-1.2159,349.1875,enc,0.0006
1786096498.522407,0.1106,26.65072250366211,26.517667770385742,0.1559,-0.0023,1.8682,0.5818,-1.2162,349.0625,enc,-0.0003
1786096498.742507,0.2201,26.554866790771484,26.52826690673828,0.1556,-0.0005,1.8802,0.5497,-1.2163,349.2500,enc,0.0007
1786096498.800772,0.0583,24.31308937072754,24.392953872680664,0.1428,0.0014,1.8832,0.5419,-1.2162,349.1250,enc,0.0007
1786096498.834831,0.0341,26.798730850219727,26.772111892700195,0.1571,-0.0005,1.8850,0.5369,-1.2162,349.1250,enc,0.0001
1786096498.920530,0.0857,26.70232391357422,25.797500610351562,0.1539,-0.0154,1.8893,0.5244,-1.2175,349.1875,enc,-0.0036
1786096499.029588,0.1091,24.261707305908203,25.317180633544922,0.1454,0.0179,1.8952,0.5097,-1.2156,349.0000,enc,0.0034
1786096499.127864,0.0983,26.563135147094727,26.510231018066406,0.1556,-0.0009,1.9004,0.4953,-1.2157,349.1250,enc,-0.0011
1786096499.231930,0.1041,26.558467864990234,26.558467864990234,0.1557,0.0000,1.9060,0.4801,-1.2157,349.0000,enc,-0.0006
1786096499.333184,0.1013,25.476951599121094,24.46560287475586,0.1464,-0.0172,1.9114,0.4663,-1.2174,348.8750,enc,0.0032
1786096499.449495,0.1163,25.64904022216797,26.633834838867188,0.1533,0.0167,1.9172,0.4494,-1.2155,348.8750,enc,-0.0035
1786096499.540587,0.0911,26.610567092895508,26.663227081298828,0.1562,0.0009,1.9222,0.4361,-1.2154,348.8750,enc,0.0002
1786096499.666011,0.1254,26.650232315063477,26.5441837310791,0.1560,-0.0018,1.9289,0.4177,-1.2156,348.7500,enc,-0.0006
1786096499.756077,0.0901,24.209400177001953,24.209400177001953,0.1420,0.0000,1.9334,0.4057,-1.2156,348.9375,enc,0.0004
1786096499.848029,0.0920,26.47077751159668,26.47077751159668,0.1552,0.0000,1.9384,0.3923,-1.2156,348.6875,enc,0.0000
1786096499.971195,0.1232,26.69330596923828,26.586959838867188,0.1562,-0.0018,1.9450,0.3743,-1.2158,348.8125,enc,-0.0004
1786096500.072599,0.1014,24.3452091217041,24.3452091217041,0.1428,0.0000,1.9501,0.3607,-1.2158,349.0625,enc,0.0002
1786096500.276060,0.2035,26.674144744873047,26.674144744873047,0.1564,0.0000,1.9612,0.3309,-1.2158,348.9375,enc,0.0004
1786096500.287620,0.0116,26.731660842895508,26.758209228515625,0.1568,0.0005,1.9618,0.3292,-1.2158,348.9375,enc,0.0005
1786096500.510219,0.2226,24.337905883789062,24.41774559020996,0.1430,0.0014,1.9729,0.2994,-1.2155,349.0000,enc,0.0001
1786096500.517584,0.0074,26.717323303222656,26.690719604492188,0.1566,-0.0005,1.9733,0.2983,-1.2155,348.8125,enc,-0.0003
1786096500.607942,0.0904,26.792543411254883,26.819150924682617,0.1572,0.0005,1.9782,0.2850,-1.2155,348.9375,enc,-0.0005
1786096500.752140,0.1442,25.432239532470703,24.580472946166992,0.1466,-0.0145,1.9860,0.2653,-1.2176,348.8750,enc,0.0034
1786096500.791281,0.0391,25.602846145629883,26.481061935424805,0.1527,0.0149,1.9879,0.2596,-1.2170,348.7500,enc,-0.0037
1786096501.022863,0.2316,26.535037994384766,26.561389923095703,0.1557,0.0004,2.0004,0.2258,-1.2169,348.6875,enc,0.0001
1786096501.023518,0.0007,26.62339973449707,26.62339973449707,0.1561,0.0000,2.0005,0.2257,-1.2169,348.6875,enc,0.0002
1786096501.090802,0.0673,24.440784454345703,24.33435821533203,0.1430,-0.0018,2.0038,0.2167,-1.2170,348.8750,enc,0.0000
1786096501.292614,0.2018,26.44584846496582,26.577587127685547,0.1555,0.0022,2.0147,0.1873,-1.2166,349.0000,enc,0.0003
1786096501.299780,0.0072,26.47772789001465,26.451269149780273,0.1552,-0.0004,2.0151,0.1863,-1.2166,348.8125,enc,0.0003
1786096501.515878,0.2161,24.25311279296875,24.279708862304688,0.1423,0.0005,2.0259,0.1574,-1.2165,349.0000,enc,0.0005
1786096501.516252,0.0004,26.589923858642578,26.563573837280273,0.1559,-0.0004,2.0259,0.1574,-1.2165,348.8125,enc,0.0005
1786096501.609374,0.0931,26.488140106201172,26.382484436035156,0.1550,-0.0018,2.0310,0.1439,-1.2166,348.8750,enc,0.0004
1786096501.770967,0.1616,26.662322998046875,25.70436668395996,0.1535,-0.0163,2.0390,0.1204,-1.2193,349.0625,enc,-0.0030
1786096501.831359,0.0604,24.31194496154785,25.45603370666504,0.1459,0.0194,2.0423,0.1122,-1.2181,348.8125,enc,0.0035
1786096502.033806,0.2024,26.503555297851562,26.47694206237793,0.1553,-0.0005,2.0531,0.0827,-1.2182,348.8750,enc,-0.0005
1786096502.037704,0.0039,22.956594467163086,22.956594467163086,0.1346,0.0000,2.0532,0.0822,-1.2182,348.8750,enc,-0.0002
1786096502.289804,0.2521,14.405108451843262,14.43171501159668,0.0846,0.0005,2.0605,0.0621,-1.2181,348.9375,enc,-0.0003
1786096502.290292,0.0005,9.92661190032959,9.87368392944336,0.0581,-0.0009,2.0605,0.0621,-1.2181,348.6250,enc,-0.0004
1786096502.335144,0.0449,11.461138725280762,11.30167293548584,0.0667,-0.0027,2.0615,0.0593,-1.2182,348.8750,enc,-0.0006
1786096502.536656,0.2015,14.906951904296875,14.669770240783691,0.0867,-0.0040,2.0674,0.0428,-1.2190,348.8750,enc,-0.0007
1786096502.555188,0.0185,19.013532638549805,18.96100425720215,0.1113,-0.0009,2.0682,0.0409,-1.2190,348.8125,enc,0.0000
1786096502.801839,0.2467,19.734901428222656,19.84137535095215,0.1160,0.0018,2.0781,0.0141,-1.2186,348.7500,enc,0.0004
1786096502.802130,0.0003,19.509780883789062,19.614530563354492,0.1147,0.0018,2.0781,0.0140,-1.2186,348.6875,enc,0.0000
1786096502.852380,0.0503,19.681621551513672,19.681621551513672,0.1154,0.0000,2.0801,0.0086,-1.2186,348.8125,enc,-0.0002
1786096503.025056,0.1727,23.339460372924805,23.419279098510742,0.1371,0.0014,2.0883,-0.0136,-1.2183,348.6875,enc,-0.0003
1786096503.058056,0.0330,21.838481903076172,21.86482810974121,0.1281,0.0004,2.0897,-0.0176,-1.2183,348.8750,enc,0.0003
1786096503.274121,0.2161,20.123477935791016,20.149860382080078,0.1181,0.0004,2.0986,-0.0415,-1.2182,348.6250,enc,0.0003
1786096503.288963,0.0148,18.84697151184082,18.82036781311035,0.1104,-0.0005,2.0992,-0.0431,-1.2182,348.8125,enc,0.0005
1786096503.534887,0.2459,22.92707061767578,22.847293853759766,0.1342,-0.0014,2.1105,-0.0741,-1.2186,348.8125,enc,-0.0003
1786096503.537640,0.0028,23.194246292114258,23.141042709350586,0.1359,-0.0009,2.1106,-0.0744,-1.2186,349.0000,enc,0.0006
1786096503.582246,0.0446,21.67867088317871,21.78510093688965,0.1274,0.0018,2.1126,-0.0798,-1.2185,348.8750,enc,0.0008
1786096503.773302,0.1911,25.056913375854492,25.030305862426758,0.1469,-0.0005,2.1223,-0.1061,-1.2186,348.9375,enc,0.0003
1786096503.792748,0.0194,24.315832138061523,23.571718215942383,0.1404,-0.0126,2.1232,-0.1087,-1.2188,349.0000,enc,-0.0030
1786096504.036666,0.2439,20.129732131958008,21.030187606811523,0.1207,0.0153,2.1341,-0.1360,-1.2151,349.0000,enc,0.0026
1786096504.049979,0.0133,20.816009521484375,20.922119140625,0.1224,0.0018,2.1346,-0.1376,-1.2151,349.1250,enc,-0.0004
1786096504.100588,0.0506,22.366201400756836,22.18195343017578,0.1306,-0.0031,2.1369,-0.1438,-1.2152,349.0625,enc,-0.0010
1786096504.285419,0.1848,21.928688049316406,21.84916877746582,0.1284,-0.0014,2.1451,-0.1660,-1.2155,349.0000,enc,-0.0005
1786096504.301936,0.0165,24.501441955566406,24.554473876953125,0.1438,0.0009,2.1459,-0.1683,-1.2155,348.8750,enc,0.0000
1786096504.547825,0.2459,24.582117080688477,24.661197662353516,0.1444,0.0013,2.1583,-0.2015,-1.2151,348.8750,enc,0.0003
1786096504.549139,0.0013,23.740942001342773,23.820072174072266,0.1395,0.0013,2.1584,-0.2017,-1.2151,348.8125,enc,0.0001
1786096504.789691,0.2406,19.14703369140625,19.09404945373535,0.1121,-0.0009,2.1678,-0.2270,-1.2153,348.9375,enc,0.0002
1786096504.800705,0.0110,18.321786880493164,18.399463653564453,0.1077,0.0013,2.1682,-0.2281,-1.2153,348.7500,enc,0.0003
1786096504.831915,0.0312,17.307397842407227,17.12137222290039,0.1010,-0.0032,2.1693,-0.2310,-1.2154,348.9375,enc,0.0001
1786096505.040121,0.2082,17.582183837890625,17.449445724487305,0.1027,-0.0023,2.1767,-0.2511,-1.2159,348.8125,enc,-0.0003
1786096505.054755,0.0146,18.564388275146484,18.590991973876953,0.1089,0.0005,2.1773,-0.2526,-1.2159,348.8750,enc,0.0001
1786096505.152284,0.0975,23.842140197753906,23.762725830078125,0.1396,-0.0013,2.1820,-0.2654,-1.2160,348.8750,enc,-0.0003
1786096505.252686,0.1004,26.09185791015625,26.06524085998535,0.1529,-0.0005,2.1873,-0.2798,-1.2161,349.0000,enc,0.0003
1786096505.351905,0.0992,24.21866798400879,24.35053253173828,0.1424,0.0022,2.1923,-0.2930,-1.2158,348.9375,enc,0.0007
1786096505.475937,0.1240,26.106231689453125,26.265907287597656,0.1536,0.0027,2.1990,-0.3108,-1.2155,348.9375,enc,0.0004
1786096505.672663,0.1967,22.975656509399414,23.291357040405273,0.1357,0.0054,2.2083,-0.3358,-1.2145,349.2500,enc,0.0004
1786096505.679567,0.0069,21.48299789428711,21.456653594970703,0.1259,-0.0004,2.2086,-0.3366,-1.2145,349.0000,enc,0.0001
1786096505.770364,0.0908,19.635061264038086,19.555917739868164,0.1149,-0.0013,2.2123,-0.3464,-1.2146,349.1875,enc,-0.0001
1786096505.864938,0.0946,20.55427360534668,20.475257873535156,0.1203,-0.0013,2.2162,-0.3571,-1.2147,349.1250,enc,-0.0003
1786096505.976870,0.1119,21.187618255615234,21.055694580078125,0.1239,-0.0022,2.2211,-0.3701,-1.2150,349.2500,enc,0.0003
1786096506.080106,0.1032,22.373533248901367,21.415559768676758,0.1284,-0.0163,2.2254,-0.3826,-1.2166,349.1250,enc,-0.0032
1786096506.171602,0.0915,20.11656951904297,20.168493270874023,0.1181,0.0009,2.2296,-0.3926,-1.2166,349.2500,enc,0.0057
1786096506.275493,0.1039,21.205135345458984,21.975690841674805,0.1266,0.0131,2.2339,-0.4050,-1.2152,349.1875,enc,-0.0033
1786096506.380571,0.1051,22.701204299926758,22.781030654907227,0.1334,0.0014,2.2387,-0.4182,-1.2151,349.2500,enc,-0.0001
1786096506.482888,0.1023,21.89445686340332,21.999616622924805,0.1287,0.0018,2.2433,-0.4305,-1.2149,349.0625,enc,0.0000
1786096506.593403,0.1105,20.530567169189453,20.55718994140625,0.1205,0.0005,2.2479,-0.4430,-1.2148,349.3125,enc,-0.0001
1786096506.689402,0.0960,22.34609603881836,22.31966781616211,0.1310,-0.0004,2.2524,-0.4548,-1.2149,349.0000,enc,0.0003
1786096506.796014,0.1066,21.501636505126953,21.42180824279785,0.1259,-0.0014,2.2570,-0.4673,-1.2150,349.3125,enc,0.0001
1786096506.896651,0.1006,19.860719680786133,19.860719680786133,0.1165,0.0000,2.2612,-0.4783,-1.2150,349.1875,enc,0.0006
1786096507.000771,0.1041,22.090530395507812,22.117141723632812,0.1296,0.0005,2.2659,-0.4910,-1.2150,349.4375,enc,0.0001
1786096507.110053,0.1093,20.750173568725586,20.854984283447266,0.1220,0.0018,2.2706,-0.5034,-1.2148,349.1875,enc,0.0006
1786096507.211556,0.1015,21.691808700561523,20.735666275024414,0.1244,-0.0163,2.2747,-0.5154,-1.2164,349.3750,enc,-0.0032
1786096507.310715,0.0992,19.772920608520508,20.70393180847168,0.1187,0.0158,2.2790,-0.5263,-1.2148,349.3750,enc,0.0029
1786096507.420668,0.1100,20.74260139465332,20.63724136352539,0.1213,-0.0018,2.2836,-0.5389,-1.2150,349.3750,enc,-0.0007
1786096507.523325,0.1027,21.8436336517334,21.923133850097656,0.1283,0.0014,2.2882,-0.5512,-1.2149,349.3750,enc,0.0003
1786096507.620188,0.0969,19.7452392578125,19.692102432250977,0.1156,-0.0009,2.2921,-0.5617,-1.2150,349.3750,enc,-0.0006
1786096507.732587,0.1124,20.949674606323242,21.055011749267578,0.1232,0.0018,2.2969,-0.5747,-1.2148,349.3750,enc,0.0000
1786096507.829926,0.0973,22.35759162902832,22.19884490966797,0.1306,-0.0027,2.3013,-0.5866,-1.2151,349.3125,enc,-0.0004
1786096507.931141,0.1012,21.773107528686523,21.825942993164062,0.1278,0.0009,2.3059,-0.5987,-1.2150,349.3125,enc,0.0006
1786096508.033111,0.1020,19.249717712402344,19.196537017822266,0.1127,-0.0009,2.3098,-0.6095,-1.2151,349.3750,enc,-0.0006
1786096508.136982,0.1039,21.608623504638672,21.661678314208984,0.1269,0.0009,2.3144,-0.6219,-1.2150,349.4375,enc,0.0000
1786096508.241251,0.1043,20.825788497924805,20.772911071777344,0.1220,-0.0009,2.3188,-0.6338,-1.2151,349.3750,enc,-0.0006
1786096508.347831,0.1066,19.15995979309082,19.319639205932617,0.1128,0.0027,2.3230,-0.6451,-1.2148,349.4375,enc,0.0004
1786096508.477873,0.1300,21.940357208251953,21.782550811767578,0.1282,-0.0027,2.3288,-0.6607,-1.2151,349.4375,enc,0.0000
1786096508.552964,0.0751,21.555665969848633,21.608905792236328,0.1266,0.0009,2.3322,-0.6696,-1.2150,349.3750,enc,0.0006
1786096508.677480,0.1245,21.270099639892578,20.321365356445312,0.1220,-0.0161,2.3370,-0.6840,-1.2171,349.3750,enc,-0.0032
1786096508.759592,0.0821,20.023962020874023,20.869897842407227,0.1199,0.0144,2.3407,-0.6931,-1.2159,349.5000,enc,0.0034
1786096508.871756,0.1122,21.473203659057617,21.393362045288086,0.1257,-0.0014,2.3456,-0.7063,-1.2160,349.5000,enc,-0.0001
1786096508.989925,0.1182,21.410951614379883,21.569049835205078,0.1260,0.0027,2.3509,-0.7203,-1.2157,349.6250,enc,0.0009
1786096509.090392,0.1005,22.476255416870117,20.682313919067383,0.1265,-0.0305,2.3553,-0.7322,-1.2188,349.5625,enc,-0.0002
1786096509.211832,0.1214,20.970014572143555,22.666091918945312,0.1279,0.0288,2.3607,-0.7468,-1.2153,349.6250,enc,-0.0001
1786096509.286213,0.0744,20.42386245727539,20.450469970703125,0.1198,0.0005,2.3637,-0.7551,-1.2152,349.5625,enc,-0.0005
1786096509.384760,0.0985,22.875104904174805,22.928285598754883,0.1343,0.0009,2.3683,-0.7676,-1.2152,349.6250,enc,-0.0002
1786096509.511766,0.1270,21.862457275390625,21.889062881469727,0.1283,0.0005,2.3740,-0.7828,-1.2151,349.5000,enc,-0.0003
1786096509.592922,0.0812,20.339706420898438,20.31315803527832,0.1192,-0.0005,2.3773,-0.7919,-1.2151,349.5625,enc,-0.0005
1786096509.695989,0.1031,22.23237419128418,22.285396575927734,0.1305,0.0009,2.3820,-0.8045,-1.2150,349.3750,enc,-0.0002
1786096509.810345,0.1144,21.502809524536133,21.476205825805664,0.1260,-0.0005,2.3870,-0.8181,-1.2151,349.3750,enc,-0.0001
1786096509.902416,0.0921,22.164106369018555,22.190425872802734,0.1301,0.0004,2.3911,-0.8293,-1.2150,349.3750,enc,-0.0001
1786096510.005884,0.1035,20.372703552246094,20.26629638671875,0.1192,-0.0018,2.3954,-0.8409,-1.2152,349.4375,enc,-0.0004
1786096510.114686,0.1088,21.386228561401367,21.359926223754883,0.1253,-0.0004,2.4001,-0.8536,-1.2153,349.3125,enc,0.0001
1786096510.216372,0.1017,22.215578079223633,22.056936264038086,0.1298,-0.0027,2.4047,-0.8660,-1.2156,359.5000,enc,-0.0002
1786096510.322765,0.1064,19.9932804107666,20.072647094726562,0.1175,0.0013,2.4091,-0.8777,-1.2154,8.5000,enc,0.0003
1786096510.433759,0.1110,20.996322631835938,20.97003173828125,0.1231,-0.0004,2.4139,-0.8905,-1.2155,8.8125,enc,0.0003
1786096510.551565,0.1178,22.1003360748291,22.15334701538086,0.1298,0.0009,2.4193,-0.9048,-1.2154,8.6250,enc,0.0006
1786096510.636618,0.0851,20.62713050842285,20.600704193115234,0.1209,-0.0004,2.4229,-0.9145,-1.2154,9.0000,enc,0.0005
1786096510.740102,0.1035,14.09377384185791,13.490992546081543,0.0809,-0.0102,2.4258,-0.9223,-1.2165,8.5625,enc,0.0006
1786096510.843946,0.1038,5.622536659240723,6.308389186859131,0.0350,0.0117,2.4271,-0.9257,-1.2152,9.0000,enc,0.0000
1786096510.946558,0.1026,1.0531283617019653,0.7072271704673767,0.0052,-0.0059,2.4272,-0.9262,-1.2158,9.0625,enc,-0.0005
1786096511.047494,0.1009,-0.08631695061922073,-0.007950245402753353,-0.0003,0.0013,2.4272,-0.9262,-1.2157,17.7500,enc,-0.0003
1786096511.152262,0.1048,0.2745906710624695,0.141537606716156,0.0012,-0.0023,2.4273,-0.9263,-1.2160,33.0625,enc,0.0001
1786096511.256621,0.1044,3.4450371265411377,3.049955368041992,0.0190,-0.0067,2.4279,-0.9282,-1.2167,45.1250,enc,-0.0005
1786096511.357508,0.1009,11.013919830322266,10.698180198669434,0.0637,-0.0054,2.4301,-0.9342,-1.2172,45.1250,enc,-0.0007
1786096511.463459,0.1060,18.93821907043457,19.124507904052734,0.1116,0.0032,2.4341,-0.9453,-1.2169,51.0000,enc,-0.0001
1786096511.597913,0.1345,21.93396759033203,22.223848342895508,0.1295,0.0049,2.4402,-0.9616,-1.2162,60.9375,enc,0.0001
1786096511.669725,0.0718,27.188602447509766,27.66471290588379,0.1608,0.0081,2.4442,-0.9725,-1.2156,69.5000,enc,0.0002
1786096511.775312,0.1056,27.361940383911133,27.574607849121094,0.1611,0.0036,2.4502,-0.9884,-1.2152,76.9375,enc,0.0000
1786096511.910424,0.1351,21.969350814819336,22.101043701171875,0.1292,0.0022,2.4564,-1.0047,-1.2149,77.2500,enc,0.0014
1786096511.982728,0.0723,11.316139221191406,11.316139221191406,0.0664,0.0000,2.4581,-1.0092,-1.2149,77.0000,enc,0.0000
1786096512.095730,0.1130,4.202762603759766,3.9899256229400635,0.0240,-0.0036,2.4590,-1.0118,-1.2153,76.8125,enc,-0.0004
1786096512.227093,0.1314,3.261471748352051,3.235126495361328,0.0190,-0.0004,2.4598,-1.0141,-1.2154,76.8750,enc,-0.0003
1786096512.320935,0.0938,8.422650337219238,8.475461959838867,0.0495,0.0009,2.4614,-1.0185,-1.2153,76.8750,enc,-0.0004
1786096512.416888,0.0960,16.845226287841797,16.63237190246582,0.0982,-0.0036,2.4646,-1.0274,-1.2157,76.9375,enc,-0.0013
1786096512.615308,0.1984,20.316987991333008,20.290386199951172,0.1191,-0.0005,2.4727,-1.0495,-1.2158,76.8750,enc,-0.0003
1786096512.615423,0.0001,14.798917770385742,15.251190185546875,0.0881,0.0077,2.4727,-1.0496,-1.2157,77.0625,enc,0.0007
1786096513.351434,0.7360,5.581238269805908,11.110466003417969,0.0489,0.0940,2.4878,-1.0823,-1.1466,76.3750,enc,0.0004
1786096513.351499,0.0001,-4.626236438751221,10.285661697387695,0.0166,0.2535,2.4878,-1.0823,-1.1466,74.8125,enc,-0.0005
1786096513.351514,0.0000,-11.133123397827148,10.846774101257324,-0.0008,0.3736,2.4878,-1.0823,-1.1466,71.8750,enc,-0.0007
1786096513.351526,0.0000,-13.429903984069824,13.813945770263672,0.0011,0.4631,2.4878,-1.0823,-1.1465,68.1250,enc,0.0002
1786096513.351542,0.0000,-16.141687393188477,15.024955749511719,-0.0033,0.5298,2.4878,-1.0823,-1.1465,67.7500,enc,0.0008
1786096513.351553,0.0000,-15.762523651123047,15.038511276245117,-0.0021,0.5236,2.4878,-1.0823,-1.1465,69.6875,enc,0.0005
1786096513.352800,0.0012,-11.814804077148438,10.920245170593262,-0.0026,0.3865,2.4878,-1.0823,-1.1461,71.0625,enc,0.0007
1786096513.493088,0.1403,-6.382775783538818,6.256082057952881,-0.0004,0.2148,2.4878,-1.0822,-1.1159,69.0625,enc,0.0000
1786096513.538037,0.0449,-1.413779377937317,1.4770033359527588,0.0002,0.0491,2.4878,-1.0822,-1.1137,68.6250,enc,-0.0002
1786096513.671916,0.1339,0.0,0.0,0.0000,0.0000,2.4878,-1.0822,-1.1137,68.6250,enc,0.0002
1786096513.752499,0.0806,-0.8396974802017212,0.4634767472743988,-0.0011,0.0222,2.4878,-1.0821,-1.1119,68.5625,enc,0.0002
1786096513.854290,0.1018,-4.802382469177246,4.929628372192383,0.0004,0.1654,2.4878,-1.0822,-1.0951,67.5000,enc,0.0004
1786096513.971330,0.1170,-10.463848114013672,10.623786926269531,0.0005,0.3584,2.4878,-1.0822,-1.0531,65.0000,enc,-0.0001
1786096514.061333,0.0900,-14.001819610595703,14.225839614868164,0.0007,0.4798,2.4878,-1.0823,-1.0099,61.3750,enc,-0.0005
1786096514.160670,0.0993,-13.985857963562012,14.496265411376953,0.0015,0.4841,2.4879,-1.0825,-0.9619,56.8750,enc,-0.0009
1786096514.286009,0.1253,-16.130889892578125,16.226839065551758,0.0003,0.5500,2.4879,-1.0825,-0.8929,52.4375,enc,-0.0001
1786096514.412792,0.1268,-15.777851104736328,15.967835426330566,0.0006,0.5396,2.4879,-1.0826,-0.8245,48.3750,enc,-0.0002
1786096514.472818,0.0600,-14.477347373962402,13.560683250427246,-0.0027,0.4766,2.4877,-1.0825,-0.7959,46.1250,enc,-0.0016
1786096514.572053,0.0992,-8.666863441467285,9.145854949951172,0.0014,0.3028,2.4880,-1.0824,-0.7658,47.0000,enc,0.0025
1786096514.677523,0.1055,-3.598057985305786,3.407963275909424,-0.0006,0.1191,2.4879,-1.0824,-0.7533,49.1875,enc,-0.0006
1786096514.821859,0.1443,-1.5241962671279907,1.015108585357666,-0.0015,0.0432,2.4877,-1.0823,-0.7471,52.1250,enc,-0.0004
1786096514.903557,0.0817,-4.465633869171143,4.338044166564941,-0.0004,0.1496,2.4877,-1.0823,-0.7348,51.1875,enc,-0.0004
1786096514.995469,0.0919,-9.640745162963867,9.766937255859375,0.0004,0.3299,2.4877,-1.0823,-0.7045,48.6250,enc,0.0002
1786096515.094650,0.0992,-13.421292304992676,13.932418823242188,0.0015,0.4650,2.4878,-1.0824,-0.6584,45.0625,enc,0.0004
1786096515.293629,0.1990,-15.207498550415039,15.7509126663208,0.0016,0.5262,2.4881,-1.0826,-0.5537,40.8750,enc,-0.0003
1786096515.312217,0.0186,-16.085384368896484,14.073433876037598,-0.0059,0.5126,2.4880,-1.0825,-0.5442,37.8750,enc,0.0004
1786096515.538287,0.2261,-14.078672409057617,16.25518226623535,0.0064,0.5156,2.4893,-1.0831,-0.4276,36.6250,enc,0.0002
1786096515.625645,0.0874,-15.76120376586914,15.442033767700195,-0.0009,0.5304,2.4892,-1.0831,-0.3813,34.6875,enc,-0.0002
1786096515.864743,0.2391,-15.451854705810547,14.6514310836792,-0.0023,0.5117,2.4885,-1.0835,-0.2589,32.9375,enc,-0.0025
1786096515.864803,0.0001,-13.788823127746582,14.522930145263672,0.0022,0.4812,2.4885,-1.0835,-0.2589,31.6875,enc,0.0023
1786096515.864818,0.0000,-15.238454818725586,15.046382904052734,-0.0006,0.5148,2.4885,-1.0835,-0.2589,29.6250,enc,0.0002
1786096516.017846,0.1530,-15.123435974121094,15.25141429901123,0.0004,0.5163,2.4886,-1.0835,-0.1799,27.4375,enc,0.0004
1786096516.036767,0.0189,-13.967547416687012,13.679472923278809,-0.0008,0.4699,2.4886,-1.0835,-0.1710,24.3125,enc,-0.0001
1786096516.352798,0.3160,-15.026857376098633,15.250295639038086,0.0007,0.5147,2.4888,-1.0835,-0.0083,20.2500,enc,-0.0001
1786096516.352849,0.0001,-15.018659591674805,14.955292701721191,-0.0002,0.5095,2.4888,-1.0835,-0.0083,17.6250,enc,0.0007
1786096516.506634,0.1538,-15.077227592468262,14.286677360534668,-0.0023,0.4991,2.4885,-1.0840,0.0685,14.7500,enc,-0.0032
1786096516.568221,0.0616,-13.775012969970703,14.511218070983887,0.0022,0.4808,2.4886,-1.0839,0.0981,12.0625,enc,0.0027
1786096517.057250,0.4890,-15.08881950378418,15.152193069458008,0.0002,0.5140,2.4886,-1.0837,0.3494,9.5625,enc,0.0004
1786096517.057302,0.0001,-14.968168258666992,15.031477928161621,0.0002,0.5099,2.4886,-1.0837,0.3495,6.5000,enc,-0.0002
1786096517.057318,0.0000,-14.663484573364258,13.140362739562988,-0.0045,0.4726,2.4886,-1.0837,0.3495,3.6875,enc,0.0002
1786096517.057329,0.0000,-9.273375511169434,10.849252700805664,0.0046,0.3420,2.4886,-1.0837,0.3495,1.3125,enc,-0.0007
1786096517.057339,0.0000,-5.043113708496094,4.75562858581543,-0.0008,0.1666,2.4886,-1.0837,0.3495,0.5000,enc,0.0003
1786096517.063870,0.0065,-4.3106913566589355,4.151150226593018,-0.0005,0.1438,2.4886,-1.0837,0.3504,359.5625,enc,0.0001
1786096517.273742,0.2099,-8.022443771362305,7.57422399520874,-0.0013,0.2651,2.4885,-1.0841,0.4061,357.6250,enc,-0.0019
1786096517.273908,0.0002,-11.50235366821289,12.332468032836914,0.0024,0.4051,2.4885,-1.0841,0.4061,354.1875,enc,0.0013
1786096517.506760,0.2329,-14.542439460754395,14.702488899230957,0.0005,0.4971,2.4887,-1.0842,0.5219,350.5625,enc,-0.0008
1786096517.515334,0.0086,-14.383101463317871,14.191080093383789,-0.0006,0.4857,2.4887,-1.0842,0.5261,347.3125,enc,0.0000
1786096517.579205,0.0639,-15.688868522644043,16.040790557861328,0.0010,0.5393,2.4887,-1.0842,0.5605,343.8125,enc,0.0005
1786096517.764161,0.1850,-15.771110534667969,15.328024864196777,-0.0013,0.5286,2.4885,-1.0843,0.6583,340.3750,enc,0.0004
1786096517.801727,0.0376,-15.107413291931152,15.48747444152832,0.0011,0.5201,2.4885,-1.0842,0.6778,337.3125,enc,0.0006
1786096518.013203,0.2115,-15.309136390686035,13.596017837524414,-0.0050,0.4913,2.4879,-1.0851,0.7817,333.6875,enc,-0.0006
1786096518.063544,0.0503,-13.490788459777832,15.175174713134766,0.0049,0.4873,2.4880,-1.0849,0.8062,330.9375,enc,0.0003
1786096518.102985,0.0394,-13.30038070678711,13.268706321716309,-0.0001,0.4516,2.4880,-1.0849,0.8241,327.6875,enc,-0.0008
1786096518.257744,0.1548,-8.012372970581055,7.597926616668701,-0.0012,0.2653,2.4878,-1.0850,0.8651,326.3125,enc,0.0008
1786096518.306228,0.0485,-2.333451509475708,2.429473638534546,0.0003,0.0810,2.4878,-1.0850,0.8690,325.3125,enc,-0.0001
1786096518.522448,0.2162,-0.1265140175819397,0.18996214866638184,0.0002,0.0054,2.4878,-1.0849,0.8702,325.1875,enc,0.0004
1786096518.529810,0.0074,0.0,0.0,0.0000,0.0000,2.4878,-1.0849,0.8702,325.1875,enc,0.0000
1786096518.770981,0.2412,0.0,0.0,0.0000,0.0000,2.4878,-1.0849,0.8702,325.2500,enc,0.0000
1786096518.771044,0.0001,0.0,0.0,0.0000,0.0000,2.4878,-1.0849,0.8702,325.2500,enc,0.0000
1786096518.822459,0.0514,0.0,0.0,0.0000,0.0000,2.4878,-1.0849,0.8702,326.5625,enc,0.0000
1786096519.011700,0.1892,0.0,0.0,0.0000,0.0000,2.4878,-1.0849,0.8702,327.4375,enc,0.0000
1786096519.030944,0.0192,0.0,0.0,0.0000,0.0000,2.4878,-1.0849,0.8702,327.8125,enc,0.0000
1786096519.285712,0.2548,0.0,0.0,0.0000,0.0000,2.4878,-1.0849,0.8702,328.3750,enc,0.0000
1786096519.292268,0.0066,0.0,0.0,0.0000,0.0000,2.4878,-1.0849,0.8702,328.8125,enc,0.0000
1786096519.338525,0.0463,0.0,0.0,0.0000,0.0000,2.4878,-1.0849,0.8702,328.9375,enc,0.0000
1786096520.029819,0.6913,0.0,0.0,0.0000,0.0000,2.4878,-1.0849,0.8702,329.0625,enc,0.0000
1786096520.029863,0.0000,0.0,0.0,0.0000,0.0000,2.4878,-1.0849,0.8702,329.1875,enc,0.0000
1786096520.029880,0.0000,0.0,0.0,0.0000,0.0000,2.4878,-1.0849,0.8702,329.3750,enc,0.0000
1786096520.029898,0.0000,0.0,0.0,0.0000,0.0000,2.4878,-1.0849,0.8702,329.3750,enc,0.0000
1786096520.029907,0.0000,0.0,0.0,0.0000,0.0000,2.4878,-1.0849,0.8702,329.5625,enc,0.0000
1786096520.029917,0.0000,0.0,0.0,0.0000,0.0000,2.4878,-1.0849,0.8702,329.6250,enc,0.0000
1786096520.071278,0.0414,0.0,0.0,0.0000,0.0000,2.4878,-1.0849,0.8702,329.8750,enc,0.0000
1786096520.198315,0.1270,0.0,0.0,0.0000,0.0000,2.4878,-1.0849,0.8702,329.9375,enc,0.0000
1786096520.302675,0.1044,0.0,0.0,0.0000,0.0000,2.4878,-1.0849,0.8702,330.0000,enc,0.0000
1786096520.376498,0.0738,0.0,0.0,0.0000,0.0000,2.4878,-1.0849,0.8702,330.0625,enc,0.0000
1786096520.483131,0.1066,0.0,0.0,0.0000,0.0000,2.4878,-1.0849,0.8702,330.0625,enc,0.0000
1786096520.582420,0.0993,0.0,0.0,0.0000,0.0000,2.4878,-1.0849,0.8702,330.0625,enc,0.0000
1786096520.689049,0.1066,0.0,0.0,0.0000,0.0000,2.4878,-1.0849,0.8702,330.0625,enc,0.0000
1786096520.808050,0.1190,0.0,0.0,0.0000,0.0000,2.4878,-1.0849,0.8702,330.0625,enc,0.0000
1786096520.896994,0.0889,0.0,0.0,0.0000,0.0000,2.4878,-1.0849,0.8702,330.0625,enc,0.0000
1786096521.134494,0.2375,0.0,0.0,0.0000,0.0000,2.4878,-1.0849,0.8702,330.0625,enc,0.0000
1786096521.134557,0.0001,0.0,0.0,0.0000,0.0000,2.4878,-1.0849,0.8702,330.0625,enc,0.0000
1786096521.213205,0.0786,0.0,0.0,0.0000,0.0000,2.4878,-1.0849,0.8702,330.0625,enc,0.0000
1786096521.315608,0.1024,0.0,0.0,0.0000,0.0000,2.4878,-1.0849,0.8702,330.0625,enc,0.0000
1786096521.436949,0.1213,0.0,0.0,0.0000,0.0000,2.4878,-1.0849,0.8702,330.0625,enc,0.0000
1786096521.636771,0.1998,0.0,0.0,0.0000,0.0000,2.4878,-1.0849,0.8702,330.0625,enc,0.0000
1786096521.636823,0.0001,0.0,0.0,0.0000,0.0000,2.4878,-1.0849,0.8702,330.0625,enc,0.0000
1786096521.741875,0.1051,0.0,0.0,0.0000,0.0000,2.4878,-1.0849,0.8702,330.0625,enc,0.0000
1786096521.844090,0.1022,0.0,0.0,0.0000,0.0000,2.4878,-1.0849,0.8702,330.0625,enc,0.0000
1786096522.158058,0.3140,0.0,0.0,0.0000,0.0000,2.4878,-1.0849,0.8702,330.0625,enc,0.0000
1786096522.158107,0.0000,0.0,0.0,0.0000,0.0000,2.4878,-1.0849,0.8702,330.0625,enc,0.0000
1786096522.158128,0.0000,0.0,0.0,0.0000,0.0000,2.4878,-1.0849,0.8702,330.0625,enc,0.0000
1786096522.247070,0.0889,0.0,0.0,0.0000,0.0000,2.4878,-1.0849,0.8702,330.0625,enc,0.0000
1786096522.454808,0.2077,0.0,0.0,0.0000,0.0000,2.4878,-1.0849,0.8702,330.0625,enc,0.0000
1786096522.454861,0.0001,0.0,0.0,0.0000,0.0000,2.4878,-1.0849,0.8702,330.0625,enc,0.0000
1786096522.561017,0.1062,0.0,0.0,0.0000,0.0000,2.4878,-1.0849,0.8702,330.0625,enc,0.0000
1786096522.663812,0.1028,0.0,0.0,0.0000,0.0000,2.4878,-1.0849,0.8702,330.0625,enc,0.0000
1786096522.879894,0.2161,0.0,0.0,0.0000,0.0000,2.4878,-1.0849,0.8702,330.0625,enc,0.0000
1786096522.879940,0.0000,0.0,0.0,0.0000,0.0000,2.4878,-1.0849,0.8702,330.0625,enc,0.0000
1786096522.976702,0.0968,0.0,0.0,0.0000,0.0000,2.4878,-1.0849,0.8702,330.0625,enc,0.0000
1786096523.074922,0.0982,1.2280946969985962,1.280225396156311,0.0074,0.0009,2.4883,-1.0843,0.8703,330.0000,enc,-0.0002
1786096523.199691,0.1248,7.341075897216797,7.4740800857543945,0.0434,0.0023,2.4919,-1.0803,0.8706,329.8125,enc,-0.0008
1786096523.282334,0.0826,13.826268196105957,13.985722541809082,0.0815,0.0027,2.4962,-1.0751,0.8708,329.8750,enc,0.0002
1786096523.400508,0.1182,21.664470672607422,21.903982162475586,0.1277,0.0041,2.5058,-1.0635,0.8713,329.7500,enc,0.0008
1786096523.490677,0.0902,25.664581298828125,25.976425170898438,0.1514,0.0053,2.5146,-1.0530,0.8718,329.6875,enc,0.0000
1786096523.592238,0.1016,27.864856719970703,25.927478790283203,0.1577,-0.0329,2.5250,-1.0408,0.8684,329.4375,enc,0.0001
1786096523.698632,0.1064,26.316879272460938,28.55234718322754,0.1609,0.0380,2.5359,-1.0276,0.8725,329.5625,enc,0.0006
1786096523.801061,0.1024,27.969459533691406,28.10150718688965,0.1644,0.0022,2.5467,-1.0147,0.8727,329.5000,enc,0.0003
1786096523.912410,0.1113,27.29513931274414,27.216144561767578,0.1598,-0.0013,2.5582,-1.0011,0.8725,329.2500,enc,0.0001
1786096524.010156,0.0977,26.42935562133789,26.42935562133789,0.1550,0.0000,2.5679,-0.9895,0.8725,329.4375,enc,-0.0002
1786096524.145530,0.1354,24.14166831970215,24.14166831970215,0.1416,0.0000,2.5803,-0.9748,0.8725,329.5000,enc,-0.0004
1786096524.254890,0.1094,27.0067138671875,25.467998504638672,0.1539,-0.0262,2.5911,-0.9620,0.8697,329.3125,enc,-0.0001
1786096524.357958,0.1031,24.360450744628906,26.295076370239258,0.1485,0.0329,2.6010,-0.9503,0.8731,329.3750,enc,-0.0001
1786096524.460375,0.1024,26.287090301513672,26.366147994995117,0.1544,0.0013,2.6111,-0.9382,0.8732,329.3125,enc,-0.0001
1786096524.562724,0.1023,26.54180908203125,26.54180908203125,0.1556,0.0000,2.6214,-0.9259,0.8732,329.1875,enc,0.0002
1786096524.665981,0.1033,24.452922821044922,24.479528427124023,0.1435,0.0005,2.6309,-0.9146,0.8733,329.3750,enc,-0.0003
1786096524.770029,0.1040,26.553308486938477,26.447898864746094,0.1554,-0.0018,2.6413,-0.9022,0.8731,327.5000,enc,-0.0002
1786096524.882161,0.1121,26.658897399902344,26.605993270874023,0.1562,-0.0009,2.6525,-0.8888,0.8730,325.6875,enc,0.0006
1786096524.978944,0.0968,26.72099494934082,26.667966842651367,0.1565,-0.0009,2.6622,-0.8772,0.8729,325.8125,enc,0.0000
1786096525.121596,0.1427,24.134973526000977,24.08230209350586,0.1414,-0.0009,2.6752,-0.8617,0.8727,325.6250,enc,0.0002
1786096525.183707,0.0621,25.806631088256836,25.7537784576416,0.1512,-0.0009,2.6812,-0.8545,0.8727,325.7500,enc,0.0006
1786096525.319514,0.1358,21.80855941772461,21.914997100830078,0.1282,0.0018,2.6924,-0.8411,0.8729,323.5000,enc,0.0002
1786096525.413000,0.0935,12.816579818725586,12.52580738067627,0.0743,-0.0049,2.6969,-0.8359,0.8725,323.5000,enc,-0.0012
1786096525.664965,0.2520,4.011587619781494,4.223877429962158,0.0241,0.0036,2.7007,-0.8311,0.8734,323.3750,enc,0.0007
1786096525.665017,0.0001,0.1920614242553711,0.1920614242553711,0.0011,0.0000,2.7007,-0.8311,0.8734,323.3125,enc,-0.0004
1786096525.700668,0.0357,0.0,0.0,0.0000,0.0000,2.7007,-0.8311,0.8734,319.1875,enc,0.0000
1786096525.837448,0.1368,0.0,0.0,0.0000,0.0000,2.7007,-0.8311,0.8734,315.6250,enc,0.0000
1786096525.925006,0.0876,0.0,0.0,0.0000,0.0000,2.7007,-0.8311,0.8734,312.9375,enc,0.0000
1786096526.028045,0.1030,0.0,0.0,0.0000,0.0000,2.7007,-0.8311,0.8734,310.6250,enc,0.0000
1786096526.124096,0.0961,1.2863309383392334,1.0741842985153198,0.0069,-0.0036,2.7011,-0.8306,0.8730,308.9375,enc,-0.0002
1786096526.235168,0.1111,6.984448432922363,7.010711669921875,0.0410,0.0004,2.7041,-0.8271,0.8731,308.1250,enc,-0.0003
1786096526.334084,0.0989,13.57129955291748,13.439983367919922,0.0792,-0.0022,2.7091,-0.8211,0.8729,307.5000,enc,0.0003
1786096526.454499,0.1204,21.753782272338867,21.753782272338867,0.1276,0.0000,2.7189,-0.8093,0.8729,306.4375,enc,0.0002
1786096526.554982,0.1005,25.94401741027832,26.154006958007812,0.1528,0.0036,2.7288,-0.7975,0.8732,305.4375,enc,0.0000
1786096526.666954,0.1120,27.94835662841797,28.080305099487305,0.1643,0.0022,2.7406,-0.7834,0.8735,304.3125,enc,0.0001
1786096526.754907,0.0880,25.999584197998047,26.132442474365234,0.1529,0.0023,2.7492,-0.7731,0.8737,304.4375,enc,0.0001
1786096526.855670,0.1008,28.107337951660156,28.213748931884766,0.1651,0.0018,2.7599,-0.7604,0.8739,304.1875,enc,-0.0002
1786096526.960507,0.1048,27.504539489746094,27.610971450805664,0.1616,0.0018,2.7708,-0.7474,0.8740,304.3125,enc,0.0002
1786096527.074157,0.1136,24.51119041442871,24.484586715698242,0.1437,-0.0005,2.7813,-0.7348,0.8740,304.3750,enc,-0.0001
1786096527.327548,0.2534,26.5994930267334,26.572914123535156,0.1559,-0.0005,2.8066,-0.7046,0.8739,304.5000,enc,-0.0001
1786096527.327601,0.0001,25.51238250732422,25.379423141479492,0.1492,-0.0023,2.8066,-0.7046,0.8739,304.3125,enc,0.0008
1786096527.396981,0.0694,19.05167579650879,18.998779296875,0.1116,-0.0009,2.8116,-0.6986,0.8738,304.3750,enc,-0.0002
1786096527.884989,0.4880,12.326701164245605,12.247211456298828,0.0721,-0.0014,2.8342,-0.6717,0.8732,304.3750,enc,0.0001
1786096527.885041,0.0001,3.7800700664520264,3.542884588241577,0.0215,-0.0040,2.8342,-0.6717,0.8732,304.3750,enc,-0.0005
1786096527.892881,0.0078,-0.16476961970329285,-0.2177724391222,-0.0011,-0.0009,2.8342,-0.6717,0.8732,304.3750,enc,0.0004
1786096527.892911,0.0000,-2.9236700534820557,-2.579866647720337,-0.0161,0.0058,2.8342,-0.6717,0.8732,304.3750,enc,-0.0003
1786096527.892925,0.0000,-7.7448930740356445,-7.586888790130615,-0.0450,0.0027,2.8342,-0.6717,0.8732,304.3750,enc,-0.0007
1786096527.986960,0.0940,-11.543020248413086,-11.569596290588379,-0.0678,-0.0005,2.8301,-0.6766,0.8731,304.3750,enc,-0.0010
1786096528.085324,0.0984,-13.540839195251465,-12.509583473205566,-0.0764,0.0175,2.8254,-0.6825,0.8748,302.1875,enc,-0.0012
1786096528.197101,0.1118,-12.830965995788574,-13.979296684265137,-0.0786,-0.0195,2.8198,-0.6892,0.8727,298.3750,enc,-0.0002
1786096528.306071,0.1090,-13.981683731079102,-14.087993621826172,-0.0823,-0.0018,2.8140,-0.6960,0.8725,295.6250,enc,0.0004
1786096528.420161,0.1141,-13.721911430358887,-13.827452659606934,-0.0808,-0.0018,2.8081,-0.7031,0.8723,295.6875,enc,-0.0004
1786096528.499001,0.0788,-13.374202728271484,-13.055007934570312,-0.0775,0.0054,2.8040,-0.7077,0.8727,295.6875,enc,0.0021
1786096528.609315,0.1103,-11.940906524658203,-12.465180397033691,-0.0716,-0.0089,2.7991,-0.7138,0.8717,294.8125,enc,-0.0013
1786096528.713372,0.1041,-13.14703369140625,-13.199684143066406,-0.0773,-0.0009,2.7939,-0.7200,0.8716,294.2500,enc,0.0000
1786096528.818615,0.1052,-13.26861572265625,-13.295063018798828,-0.0779,-0.0004,2.7886,-0.7263,0.8716,293.3125,enc,0.0001
1786096528.917912,0.0993,-13.231006622314453,-13.12464714050293,-0.0773,0.0018,2.7837,-0.7321,0.8717,292.8750,enc,0.0002
1786096529.032902,0.1150,-12.100164413452148,-12.07382583618164,-0.0709,0.0004,2.7785,-0.7384,0.8718,292.8750,enc,-0.0005
1786096529.134462,0.1016,-13.463019371032715,-13.489473342895508,-0.0790,-0.0004,2.7733,-0.7446,0.8717,292.8125,enc,-0.0005
1786096529.236432,0.1020,-13.330296516418457,-13.144006729125977,-0.0776,0.0032,2.7682,-0.7506,0.8721,292.8125,enc,0.0005
1786096529.335978,0.0995,-13.111008644104004,-12.136613845825195,-0.0740,0.0166,2.7635,-0.7563,0.8737,292.8750,enc,-0.0001
1786096529.440572,0.1046,-12.215197563171387,-13.432040214538574,-0.0752,-0.0207,2.7584,-0.7623,0.8715,293.1875,enc,0.0000
1786096529.545623,0.1051,-12.991050720214844,-12.991050720214844,-0.0762,0.0000,2.7532,-0.7684,0.8715,293.5625,enc,0.0004
1786096529.654840,0.1092,-13.140059471130371,-13.192682266235352,-0.0772,-0.0009,2.7478,-0.7748,0.8715,293.9375,enc,-0.0002
1786096529.754935,0.1001,-13.476017951965332,-13.502623558044434,-0.0791,-0.0005,2.7428,-0.7810,0.8714,294.6250,enc,-0.0008
1786096529.854909,0.1000,-13.133503913879395,-13.004012107849121,-0.0766,0.0022,2.7378,-0.7868,0.8716,295.4375,enc,0.0006
1786096529.963187,0.1083,-12.0332612991333,-12.0332612991333,-0.0706,0.0000,2.7329,-0.7926,0.8716,296.0625,enc,0.0000
1786096530.065482,0.1023,-13.344956398010254,-13.371302604675293,-0.0783,-0.0004,2.7278,-0.7988,0.8716,296.6875,enc,-0.0005
1786096530.266079,0.2006,-13.432425498962402,-13.379355430603027,-0.0786,0.0009,2.7175,-0.8108,0.8718,297.1250,enc,0.0006
1786096530.279656,0.0136,-12.581294059753418,-12.049445152282715,-0.0722,0.0090,2.7169,-0.8115,0.8719,298.1250,enc,-0.0013
1786096530.528179,0.2485,-12.592710494995117,-13.115245819091797,-0.0754,-0.0089,2.7047,-0.8258,0.8697,298.8750,enc,0.0006
1786096530.528230,0.0001,-13.231160163879395,-13.257469177246094,-0.0777,-0.0004,2.7047,-0.8258,0.8697,299.5000,enc,-0.0001
1786096530.581852,0.0536,-13.07768726348877,-13.130569458007812,-0.0768,-0.0009,2.7021,-0.8289,0.8696,300.2500,enc,0.0002
1786096530.783851,0.2020,-8.930282592773438,-8.930282592773438,-0.0524,0.0000,2.6952,-0.8370,0.8696,301.2500,enc,0.0002
1786096530.795819,0.0120,-2.993621349334717,-3.0991435050964355,-0.0179,-0.0018,2.6951,-0.8371,0.8696,302.0625,enc,0.0006
1786096531.027512,0.2317,-0.6614668369293213,-0.9252889156341553,-0.0047,-0.0045,2.6942,-0.8378,0.8686,302.8125,enc,0.0007
1786096531.027699,0.0002,-3.5770633220672607,-3.4461536407470703,-0.0206,0.0022,2.6942,-0.8379,0.8686,303.0000,enc,-0.0005
1786096531.107007,0.0793,-8.374580383300781,-8.055695533752441,-0.0482,0.0054,2.6918,-0.8408,0.8690,303.0000,enc,0.0002
1786096531.287470,0.1805,-10.518477439880371,-10.412055015563965,-0.0614,0.0018,2.6845,-0.8492,0.8693,303.5000,enc,0.0006
1786096531.314414,0.0269,-13.251160621643066,-13.304228782653809,-0.0779,-0.0009,2.6832,-0.8508,0.8693,304.4375,enc,-0.0007
1786096531.541901,0.2275,-14.152487754821777,-14.205584526062012,-0.0832,-0.0009,2.6711,-0.8653,0.8691,305.0625,enc,-0.0007
1786096531.541952,0.0001,-12.704806327819824,-12.678196907043457,-0.0744,0.0005,2.6711,-0.8653,0.8691,305.7500,enc,0.0010
1786096531.623301,0.0813,-13.574165344238281,-13.626875877380371,-0.0798,-0.0009,2.6669,-0.8703,0.8690,306.2500,enc,-0.0002
1786096531.800752,0.1775,-13.501559257507324,-13.554482460021973,-0.0793,-0.0009,2.6579,-0.8811,0.8689,307.0000,enc,-0.0004
1786096531.832466,0.0317,-13.375856399536133,-13.375856399536133,-0.0784,0.0000,2.6563,-0.8830,0.8689,307.3750,enc,0.0009
1786096532.045622,0.2132,-12.01215934753418,-12.01215934753418,-0.0704,0.0000,2.6465,-0.8944,0.8689,308.0625,enc,0.0002
1786096532.045686,0.0001,-13.367053985595703,-13.367053985595703,-0.0784,0.0000,2.6465,-0.8944,0.8689,308.9375,enc,-0.0002
1786096532.142064,0.0964,-13.320302963256836,-13.373518943786621,-0.0783,-0.0009,2.6416,-0.9001,0.8688,309.5625,enc,0.0008
1786096532.317495,0.1754,-13.007437705993652,-12.007159233093262,-0.0733,0.0170,2.6334,-0.9100,0.8718,310.2500,enc,-0.0004
1786096532.594942,0.2774,-12.23306941986084,-13.265148162841797,-0.0748,-0.0175,2.6201,-0.9260,0.8669,310.6875,enc,-0.0008
1786096532.595024,0.0001,-13.439859390258789,-13.413251876831055,-0.0787,0.0005,2.6201,-0.9260,0.8669,311.0625,enc,-0.0001
1786096532.813906,0.2189,-13.120380401611328,-13.120380401611328,-0.0769,0.0000,2.6091,-0.9387,0.8669,311.8750,enc,0.0006
1786096533.607151,0.7932,-11.788021087646484,-11.497520446777344,-0.0683,0.0049,2.5754,-0.9812,0.8708,312.6875,enc,-0.0020
1786096533.607208,0.0001,-6.7323102951049805,-7.237233638763428,-0.0410,-0.0086,2.5754,-0.9812,0.8708,312.8750,enc,0.0014
1786096533.607224,0.0000,-1.8588764667510986,-1.8854814767837524,-0.0110,-0.0005,2.5754,-0.9812,0.8708,312.8750,enc,0.0007
1786096533.629642,0.0224,-1.1518633365631104,-0.9409749507904053,-0.0061,0.0036,2.5753,-0.9813,0.8709,313.2500,enc,0.0011
1786096533.629694,0.0001,-4.678464889526367,-4.412358283996582,-0.0267,0.0045,2.5753,-0.9813,0.8709,313.4375,enc,0.0013
1786096533.629710,0.0000,-9.360017776489258,-9.333722114562988,-0.0548,0.0004,2.5753,-0.9813,0.8709,313.4375,enc,-0.0001
1786096533.629722,0.0000,-12.414066314697266,-12.493400573730469,-0.0730,-0.0013,2.5753,-0.9813,0.8709,313.5000,enc,-0.0014
1786096533.629733,0.0000,-13.079782485961914,-12.656120300292969,-0.0755,0.0072,2.5753,-0.9813,0.8709,314.1875,enc,-0.0035
1786096533.629744,0.0000,-13.347562789916992,-13.847623825073242,-0.0797,-0.0085,2.5753,-0.9813,0.8709,314.8125,enc,0.0019
1786096533.629753,0.0000,-13.789752960205078,-13.842804908752441,-0.0810,-0.0009,2.5753,-0.9813,0.8709,315.5000,enc,-0.0002
1786096533.839976,0.2102,-13.696342468261719,-13.749527931213379,-0.0805,-0.0009,2.5645,-0.9943,0.8707,316.1250,enc,-0.0006
1786096534.067554,0.2276,-11.991131782531738,-12.043574333190918,-0.0705,-0.0009,2.5541,-1.0065,0.8705,316.8750,enc,0.0006
1786096534.067610,0.0001,-13.27638053894043,-13.24984359741211,-0.0778,0.0005,2.5541,-1.0065,0.8705,317.2500,enc,0.0005
1786096534.067625,0.0000,-13.347064971923828,-13.347064971923828,-0.0783,0.0000,2.5541,-1.0065,0.8705,318.1250,enc,-0.0008
1786096534.823276,0.7557,-13.13705825805664,-13.058441162109375,-0.0768,0.0013,2.5167,-1.0508,0.8715,318.6875,enc,0.0001
1786096534.823342,0.0001,-12.00505542755127,-11.978507041931152,-0.0703,0.0005,2.5167,-1.0508,0.8715,318.9375,enc,-0.0001
1786096534.823357,0.0000,-13.47223949432373,-13.44563102722168,-0.0789,0.0005,2.5167,-1.0508,0.8715,319.8125,enc,-0.0007
1786096534.823369,0.0000,-13.422282218933105,-13.475522994995117,-0.0789,-0.0009,2.5167,-1.0508,0.8715,319.8750,enc,0.0008
1786096534.823379,0.0000,-13.111798286437988,-12.161579132080078,-0.0741,0.0162,2.5167,-1.0508,0.8715,320.8750,enc,0.0006
1786096534.823389,0.0000,-12.2544527053833,-13.132719039916992,-0.0744,-0.0149,2.5167,-1.0508,0.8715,321.3125,enc,-0.0005
1786096534.823398,0.0000,-8.920641899108887,-9.052400588989258,-0.0527,-0.0022,2.5167,-1.0508,0.8715,321.0625,enc,0.0001
1786096534.835989,0.0126,-2.678426504135132,-2.7840330600738525,-0.0160,-0.0018,2.5165,-1.0510,0.8715,321.0625,enc,0.0009
1786096535.068913,0.2329,-0.02903449721634388,-0.00267422990873456,-0.0001,0.0004,2.5165,-1.0510,0.8716,321.0625,enc,0.0003
1786096535.068974,0.0001,0.0,0.0,0.0000,0.0000,2.5165,-1.0510,0.8716,321.0625,enc,0.0000
1786096535.151416,0.0824,0.0,0.0,0.0000,0.0000,2.5165,-1.0510,0.8716,321.8750,enc,0.0000
1786096535.255747,0.1043,0.0,0.0,0.0000,0.0000,2.5165,-1.0510,0.8716,322.3125,enc,0.0000
1786096535.363435,0.1077,0.0,0.0,0.0000,0.0000,2.5165,-1.0510,0.8716,322.9375,enc,0.0000
1786096535.468786,0.1054,0.0,0.0,0.0000,0.0000,2.5165,-1.0510,0.8716,323.3125,enc,0.0000
1786096535.564400,0.0956,0.0,0.0,0.0000,0.0000,2.5165,-1.0510,0.8716,323.5625,enc,0.0000
1786096535.665808,0.1014,0.0,0.0,0.0000,0.0000,2.5165,-1.0510,0.8716,323.7500,enc,0.0000
1786096535.770518,0.1047,0.0,0.0,0.0000,0.0000,2.5165,-1.0510,0.8716,323.8750,enc,0.0000
1786096535.875502,0.1050,0.0,0.0,0.0000,0.0000,2.5165,-1.0510,0.8716,324.0000,enc,0.0000
1786096535.984097,0.1086,0.0,0.0,0.0000,0.0000,2.5165,-1.0510,0.8716,324.3125,enc,0.0000
1786096536.081236,0.0971,0.0,0.0,0.0000,0.0000,2.5165,-1.0510,0.8716,324.3750,enc,0.0000
1786096536.187940,0.1067,0.0,0.0,0.0000,0.0000,2.5165,-1.0510,0.8716,324.6250,enc,0.0000
1786096536.287587,0.0996,0.0,0.0,0.0000,0.0000,2.5165,-1.0510,0.8716,324.7500,enc,0.0000
1786096536.394844,0.1073,0.0,0.0,0.0000,0.0000,2.5165,-1.0510,0.8716,324.8125,enc,0.0000
1786096536.496912,0.1021,0.0,0.0,0.0000,0.0000,2.5165,-1.0510,0.8716,324.8125,enc,0.0000
1786096536.599751,0.1028,0.0,0.0,0.0000,0.0000,2.5165,-1.0510,0.8716,324.8125,enc,0.0000
1786096536.724574,0.1248,0.0,0.0,0.0000,0.0000,2.5165,-1.0510,0.8716,324.8125,enc,0.0000
1786096536.817520,0.0929,0.0,0.0,0.0000,0.0000,2.5165,-1.0510,0.8716,324.8125,enc,0.0000
1786096536.911513,0.0940,0.0,0.0,0.0000,0.0000,2.5165,-1.0510,0.8716,324.8125,enc,0.0000
1786096537.039013,0.1275,0.0,0.0,0.0000,0.0000,2.5165,-1.0510,0.8716,324.8125,enc,0.0000
1786096537.157399,0.1184,0.0,0.0,0.0000,0.0000,2.5165,-1.0510,0.8716,324.8125,enc,0.0000
1786096537.227553,0.0702,0.0,0.0,0.0000,0.0000,2.5165,-1.0510,0.8716,324.8125,enc,0.0000
1786096537.334508,0.1070,0.0,0.0,0.0000,0.0000,2.5165,-1.0510,0.8716,324.8125,enc,0.0000
1786096537.442505,0.1080,0.0,0.0,0.0000,0.0000,2.5165,-1.0510,0.8716,324.8125,enc,0.0000
1786096537.642301,0.1998,0.0,0.0,0.0000,0.0000,2.5165,-1.0510,0.8716,324.8125,enc,0.0000
1786096537.644521,0.0022,0.0,0.0,0.0000,0.0000,2.5165,-1.0510,0.8716,324.8125,enc,0.0000
1786096537.762145,0.1176,0.0,0.0,0.0000,0.0000,2.5165,-1.0510,0.8716,324.8125,enc,0.0000
1786096537.853469,0.0913,0.0,0.0,0.0000,0.0000,2.5165,-1.0510,0.8716,324.8125,enc,0.0000
1786096537.975704,0.1222,0.0,0.0,0.0000,0.0000,2.5165,-1.0510,0.8716,324.8125,enc,0.0000
1786096538.133651,0.1579,0.0,0.0,0.0000,0.0000,2.5165,-1.0510,0.8716,324.8125,enc,0.0000
1786096538.168015,0.0344,0.0,0.0,0.0000,0.0000,2.5165,-1.0510,0.8716,324.8125,enc,0.0000
1786096538.290644,0.1226,0.0,0.0,0.0000,0.0000,2.5165,-1.0510,0.8716,324.8125,enc,0.0000
1786096538.388851,0.0982,0.0,0.0,0.0000,0.0000,2.5165,-1.0510,0.8716,324.8125,enc,0.0000
1786096538.475214,0.0864,0.0,0.0,0.0000,0.0000,2.5165,-1.0510,0.8716,324.8125,enc,0.0000
1786096538.577421,0.1022,0.0,0.0,0.0000,0.0000,2.5165,-1.0510,0.8716,324.8125,enc,0.0000
1786096538.680431,0.1030,0.0,0.0,0.0000,0.0000,2.5165,-1.0510,0.8716,324.8125,enc,0.0000
1786096538.780219,0.0998,0.0,0.0,0.0000,0.0000,2.5165,-1.0510,0.8716,324.8125,enc,0.0000
1786096538.896217,0.1160,0.0,0.0,0.0000,0.0000,2.5165,-1.0510,0.8716,324.8125,enc,0.0000
1786096539.000853,0.1046,0.0,0.0,0.0000,0.0000,2.5165,-1.0510,0.8716,324.8125,enc,0.0000
1786096539.096496,0.0956,0.0,0.0,0.0000,0.0000,2.5165,-1.0510,0.8716,324.8125,enc,0.0000
1786096539.207294,0.1108,0.0,0.0,0.0000,0.0000,2.5165,-1.0510,0.8716,324.8125,enc,0.0000
1786096539.307967,0.1007,0.0,0.0,0.0000,0.0000,2.5165,-1.0510,0.8716,324.8125,enc,0.0000
1786096539.411682,0.1037,0.0,0.0,0.0000,0.0000,2.5165,-1.0510,0.8716,324.8125,enc,0.0000
1786096539.513103,0.1014,0.0,0.0,0.0000,0.0000,2.5165,-1.0510,0.8716,324.8125,enc,0.0000
1786096539.616688,0.1036,0.0,0.0,0.0000,0.0000,2.5165,-1.0510,0.8716,324.8125,enc,0.0000
1786096539.832048,0.2154,0.0,0.0,0.0000,0.0000,2.5165,-1.0510,0.8716,324.8125,enc,0.0000
1786096539.832104,0.0001,0.0,0.0,0.0000,0.0000,2.5165,-1.0510,0.8716,324.8125,enc,0.0000
1786096539.937937,0.1058,0.0,0.0,0.0000,0.0000,2.5165,-1.0510,0.8716,324.8125,enc,0.0000
1786096540.035996,0.0981,0.0,0.0,0.0000,0.0000,2.5165,-1.0510,0.8716,324.8125,enc,0.0000
1786096540.137579,0.1016,0.0,0.0,0.0000,0.0000,2.5165,-1.0510,0.8716,324.8125,enc,0.0000
1786096540.243551,0.1060,0.0,0.0,0.0000,0.0000,2.5165,-1.0510,0.8716,324.8125,enc,0.0000
1786096540.622098,0.3785,0.0,0.0,0.0000,0.0000,2.5165,-1.0510,0.8716,324.8125,enc,0.0000
1786096540.622144,0.0000,0.0,0.0,0.0000,0.0000,2.5165,-1.0510,0.8716,324.8125,enc,0.0000
1786096540.622159,0.0000,0.0,0.0,0.0000,0.0000,2.5165,-1.0510,0.8716,324.8125,enc,0.0000
1786096540.656300,0.0341,0.0,0.0,0.0000,0.0000,2.5165,-1.0510,0.8716,324.8125,enc,0.0000
1786096540.991756,0.3355,0.0,0.0,0.0000,0.0000,2.5165,-1.0510,0.8716,324.8125,enc,0.0000
1786096540.991800,0.0000,0.0,0.0,0.0000,0.0000,2.5165,-1.0510,0.8716,324.8125,enc,0.0000
1786096541.831086,0.8393,0.0,0.0,0.0000,0.0000,2.5165,-1.0510,0.8716,324.8125,enc,0.0000
1786096541.831131,0.0000,0.0,0.0,0.0000,0.0000,2.5165,-1.0510,0.8716,324.8125,enc,0.0000
1786096541.831145,0.0000,0.0,0.0,0.0000,0.0000,2.5165,-1.0510,0.8716,324.8125,enc,0.0000
1786096541.831154,0.0000,0.0,0.0,0.0000,0.0000,2.5165,-1.0510,0.8716,324.8125,enc,0.0000
1786096541.831163,0.0000,0.0,0.0,0.0000,0.0000,2.5165,-1.0510,0.8716,324.8125,enc,0.0000
1786096541.831172,0.0000,0.0,0.0,0.0000,0.0000,2.5165,-1.0510,0.8716,324.8125,enc,0.0000
1786096541.831180,0.0000,0.0,0.0,0.0000,0.0000,2.5165,-1.0510,0.8716,324.8125,enc,0.0000
1786096541.831194,0.0000,0.0,0.0,0.0000,0.0000,2.5165,-1.0510,0.8716,324.8125,enc,0.0000
1786096541.831202,0.0000,0.0,0.0,0.0000,0.0000,2.5165,-1.0510,0.8716,324.8125,enc,0.0000
1786096541.922829,0.0916,0.0,0.0,0.0000,0.0000,2.5165,-1.0510,0.8716,324.8125,enc,0.0000
1786096542.021497,0.0987,0.0,0.0,0.0000,0.0000,2.5165,-1.0510,0.8716,324.8125,enc,0.0000
1786096542.186586,0.1651,0.0,0.0,0.0000,0.0000,2.5165,-1.0510,0.8716,324.8125,enc,0.0000
1786096542.447856,0.2613,0.0,0.0,0.0000,0.0000,2.5165,-1.0510,0.8716,324.8125,enc,0.0000
1786096542.447897,0.0000,0.0,0.0,0.0000,0.0000,2.5165,-1.0510,0.8716,324.8125,enc,0.0000
1786096542.447912,0.0000,0.0,0.0,0.0000,0.0000,2.5165,-1.0510,0.8716,324.8125,enc,0.0000
1786096542.540021,0.0921,0.0,0.0,0.0000,0.0000,2.5165,-1.0510,0.8716,324.8125,enc,0.0000
1786096542.634961,0.0949,0.0,0.0,0.0000,0.0000,2.5165,-1.0510,0.8716,324.8125,enc,0.0000
1786096543.915023,1.2801,0.0,0.0,0.0000,0.0000,2.5165,-1.0510,0.8716,324.8125,enc,0.0000
1786096543.915071,0.0000,0.0,0.0,0.0000,0.0000,2.5165,-1.0510,0.8716,324.8125,enc,0.0000
1786096543.915085,0.0000,0.0,0.0,0.0000,0.0000,2.5165,-1.0510,0.8716,324.8125,enc,0.0000
1786096543.915095,0.0000,0.0,0.0,0.0000,0.0000,2.5165,-1.0510,0.8716,324.8125,enc,0.0000
1786096543.915103,0.0000,0.0,0.0,0.0000,0.0000,2.5165,-1.0510,0.8716,324.8125,enc,0.0000
1786096543.915112,0.0000,0.0,0.0,0.0000,0.0000,2.5165,-1.0510,0.8716,324.8125,enc,0.0000
1786096543.915120,0.0000,0.0,0.0,0.0000,0.0000,2.5165,-1.0510,0.8716,324.8125,enc,0.0000
1786096543.915128,0.0000,0.0,0.0,0.0000,0.0000,2.5165,-1.0510,0.8716,324.8125,enc,0.0000
1786096543.915136,0.0000,0.0,0.0,0.0000,0.0000,2.5165,-1.0510,0.8716,324.8125,enc,0.0000
1786096543.915144,0.0000,0.0,0.0,0.0000,0.0000,2.5165,-1.0510,0.8716,324.8125,enc,0.0000
1786096543.915154,0.0000,0.0,0.0,0.0000,0.0000,2.5165,-1.0510,0.8716,324.8125,enc,0.0000
1786096543.915163,0.0000,0.0,0.0,0.0000,0.0000,2.5165,-1.0510,0.8716,324.8125,enc,0.0000
1786096543.983250,0.0681,0.0,0.0,0.0000,0.0000,2.5165,-1.0510,0.8716,324.8125,enc,0.0000
1786096544.092888,0.1096,0.0,0.0,0.0000,0.0000,2.5165,-1.0510,0.8716,324.8125,enc,0.0000
1786096544.187131,0.0942,0.0,0.0,0.0000,0.0000,2.5165,-1.0510,0.8716,324.8125,enc,0.0000
1786096544.316010,0.1289,0.0,0.0,0.0000,0.0000,2.5165,-1.0510,0.8716,324.8125,enc,0.0000
1786096544.392274,0.0763,0.0,0.0,0.0000,0.0000,2.5165,-1.0510,0.8716,324.8125,enc,0.0000
1786096544.502428,0.1102,0.0,0.0,0.0000,0.0000,2.5165,-1.0510,0.8716,324.8125,enc,0.0000
1786096544.599456,0.0970,0.0,0.0,0.0000,0.0000,2.5165,-1.0510,0.8716,324.8125,enc,0.0000
1786096544.703100,0.1036,0.0,0.0,0.0000,0.0000,2.5165,-1.0510,0.8716,324.8125,enc,0.0000
1786096544.817385,0.1143,0.0,0.0,0.0000,0.0000,2.5165,-1.0510,0.8716,324.8125,enc,0.0000
1786096545.007663,0.1903,0.0,0.0,0.0000,0.0000,2.5165,-1.0510,0.8716,324.8125,enc,0.0000
1786096545.011373,0.0037,0.0,0.0,0.0000,0.0000,2.5165,-1.0510,0.8716,324.8125,enc,0.0000
1786096545.264314,0.2529,0.0,0.0,0.0000,0.0000,2.5165,-1.0510,0.8716,324.8125,enc,0.0000
1786096545.264365,0.0001,0.0,0.0,0.0000,0.0000,2.5165,-1.0510,0.8716,324.8125,enc,0.0000
1786096545.340860,0.0765,0.0,0.0,0.0000,0.0000,2.5165,-1.0510,0.8716,324.8125,enc,0.0000
1786096545.525491,0.1846,0.0,0.0,0.0000,0.0000,2.5165,-1.0510,0.8716,324.8125,enc,0.0000
1786096545.537354,0.0119,0.0,0.0,0.0000,0.0000,2.5165,-1.0510,0.8716,324.8125,enc,0.0000
1786096545.777349,0.2400,0.0,0.0,0.0000,0.0000,2.5165,-1.0510,0.8716,324.8125,enc,0.0000
1786096545.777396,0.0000,0.0,0.0,0.0000,0.0000,2.5165,-1.0510,0.8716,324.8125,enc,0.0000
1786096546.048124,0.2707,0.0,0.0,0.0000,0.0000,2.5165,-1.0510,0.8716,324.8125,enc,0.0000
1786096546.048175,0.0001,0.0,0.0,0.0000,0.0000,2.5165,-1.0510,0.8716,324.8125,enc,0.0000
1786096546.127595,0.0794,0.0,0.0,0.0000,0.0000,2.5165,-1.0510,0.8716,324.8125,enc,0.0000
1786096546.287506,0.1599,0.0,0.0,0.0000,0.0000,2.5165,-1.0510,0.8716,324.8125,enc,0.0000
1786096546.303429,0.0159,0.0,0.0,0.0000,0.0000,2.5165,-1.0510,0.8716,324.8125,enc,0.0000
1786096546.365817,0.0624,0.0,0.0,0.0000,0.0000,2.5165,-1.0510,0.8716,324.8125,enc,0.0000
1786096546.532807,0.1670,0.0,0.0,0.0000,0.0000,2.5165,-1.0510,0.8716,324.8125,enc,0.0000
1786096546.581959,0.0492,0.0,0.0,0.0000,0.0000,2.5165,-1.0510,0.8716,324.8125,enc,0.0000
1786096546.782049,0.2001,0.0,0.0,0.0000,0.0000,2.5165,-1.0510,0.8716,324.8125,enc,0.0000
1786096546.880836,0.0988,0.0,0.0,0.0000,0.0000,2.5165,-1.0510,0.8716,324.8125,enc,0.0000
1786096547.033715,0.1529,0.0,0.0,0.0000,0.0000,2.5165,-1.0510,0.8716,324.8125,enc,0.0000
1786096547.035446,0.0017,0.0,0.0,0.0000,0.0000,2.5165,-1.0510,0.8716,324.8125,enc,0.0000
1786096547.096307,0.0609,0.0,0.0,0.0000,0.0000,2.5165,-1.0510,0.8716,324.8125,enc,0.0000
1786096547.379122,0.2828,0.0,0.0,0.0000,0.0000,2.5165,-1.0510,0.8716,324.8125,enc,0.0000
1786096547.379175,0.0001,0.0,0.0,0.0000,0.0000,2.5165,-1.0510,0.8716,324.8125,enc,0.0000
1786096547.551556,0.1724,0.0,0.0,0.0000,0.0000,2.5165,-1.0510,0.8716,324.8125,enc,0.0000
1786096547.556594,0.0050,0.0,0.0,0.0000,0.0000,2.5165,-1.0510,0.8716,324.8125,enc,0.0000
1786096547.810057,0.2535,0.0,0.0,0.0000,0.0000,2.5165,-1.0510,0.8716,324.8125,enc,0.0000
1786096547.810107,0.0001,0.0,0.0,0.0000,0.0000,2.5165,-1.0510,0.8716,324.8125,enc,0.0000
1786096547.883815,0.0737,0.0,0.0,0.0000,0.0000,2.5165,-1.0510,0.8716,324.8125,enc,0.0000
1786096548.035871,0.1521,0.0,0.0,0.0000,0.0000,2.5165,-1.0510,0.8716,324.8125,enc,0.0000
1786096548.320656,0.2848,0.0,0.0,0.0000,0.0000,2.5165,-1.0510,0.8716,324.8125,enc,0.0000
1786096548.320714,0.0001,0.0,0.0,0.0000,0.0000,2.5165,-1.0510,0.8716,324.8125,enc,0.0000
1786096548.320727,0.0000,0.0,0.0,0.0000,0.0000,2.5165,-1.0510,0.8716,324.8125,enc,0.0000
1786096548.571665,0.2509,0.0,0.0,0.0000,0.0000,2.5165,-1.0510,0.8716,324.8125,enc,0.0000
1786096548.571722,0.0001,0.0,0.0,0.0000,0.0000,2.5165,-1.0510,0.8716,324.8125,enc,0.0000
1786096548.583718,0.0120,0.0,0.0,0.0000,0.0000,2.5165,-1.0510,0.8716,324.8125,enc,0.0000
1786096548.795275,0.2116,0.0,0.0,0.0000,0.0000,2.5165,-1.0510,0.8716,324.8125,enc,0.0000
1786096548.800375,0.0051,0.0,0.0,0.0000,0.0000,2.5165,-1.0510,0.8716,324.8125,enc,0.0000
1786096548.865491,0.0651,0.0,0.0,0.0000,0.0000,2.5165,-1.0510,0.8716,324.8125,enc,0.0000
1786096549.046033,0.1805,0.0,0.0,0.0000,0.0000,2.5165,-1.0510,0.8716,324.8125,enc,0.0000
1786096549.061155,0.0151,0.0,0.0,0.0000,0.0000,2.5165,-1.0510,0.8716,324.8125,enc,0.0000
1786096549.290803,0.2296,0.0,0.0,0.0000,0.0000,2.5165,-1.0510,0.8716,324.8125,enc,0.0000
1786096549.304034,0.0132,0.0,0.0,0.0000,0.0000,2.5165,-1.0510,0.8716,324.8125,enc,0.0000
1786096549.373305,0.0693,0.0,0.0,0.0000,0.0000,2.5165,-1.0510,0.8716,324.8125,enc,0.0000
1786096549.546710,0.1734,0.0,0.0,0.0000,0.0000,2.5165,-1.0510,0.8716,324.8125,enc,0.0000
1786096549.580501,0.0338,0.0,0.0,0.0000,0.0000,2.5165,-1.0510,0.8716,324.8125,enc,0.0000
1786096550.064891,0.4844,0.0,0.0,0.0000,0.0000,2.5165,-1.0510,0.8716,324.8125,enc,0.0000
1786096550.064954,0.0001,0.0,0.0,0.0000,0.0000,2.5165,-1.0510,0.8716,324.8125,enc,0.0000
1786096550.064967,0.0000,0.0,0.0,0.0000,0.0000,2.5165,-1.0510,0.8716,324.8125,enc,0.0000
1786096550.064979,0.0000,0.0,0.0,0.0000,0.0000,2.5165,-1.0510,0.8716,324.8125,enc,0.0000
1786096550.103869,0.0389,0.0,0.0,0.0000,0.0000,2.5165,-1.0510,0.8716,324.8125,enc,0.0000
1786096550.351264,0.2474,0.0,0.0,0.0000,0.0000,2.5165,-1.0510,0.8716,324.8125,enc,0.0000
1786096550.351324,0.0001,0.0,0.0,0.0000,0.0000,2.5165,-1.0510,0.8716,324.8125,enc,0.0000
1786096550.436904,0.0856,0.0,0.0,0.0000,0.0000,2.5165,-1.0510,0.8716,324.8125,enc,0.0000
1786096550.554143,0.1172,0.0,0.0,0.0000,0.0000,2.5165,-1.0510,0.8716,324.8125,enc,0.0000
1786096550.672743,0.1186,0.0,0.0,0.0000,0.0000,2.5165,-1.0510,0.8716,324.8125,enc,0.0000
1786096550.734067,0.0613,0.0,0.0,0.0000,0.0000,2.5165,-1.0510,0.8716,324.8125,enc,0.0000
1786096550.839470,0.1054,0.0,0.0,0.0000,0.0000,2.5165,-1.0510,0.8716,324.8125,enc,0.0000
1786096550.935375,0.0959,0.0,0.0,0.0000,0.0000,2.5165,-1.0510,0.8716,324.8125,enc,0.0000
1786096551.045328,0.1100,0.0,0.0,0.0000,0.0000,2.5165,-1.0510,0.8716,324.8125,enc,0.0000
1786096551.153686,0.1084,0.0,0.0,0.0000,0.0000,2.5165,-1.0510,0.8716,324.8125,enc,0.0000
1786096551.278832,0.1251,0.0,0.0,0.0000,0.0000,2.5165,-1.0510,0.8716,324.8125,enc,0.0000
1786096551.346716,0.0679,0.0,0.0,0.0000,0.0000,2.5165,-1.0510,0.8716,324.8125,enc,0.0000
1786096551.492519,0.1458,0.0,0.0,0.0000,0.0000,2.5165,-1.0510,0.8716,324.8125,enc,0.0000
1786096551.563046,0.0705,0.0,0.0,0.0000,0.0000,2.5165,-1.0510,0.8716,324.8125,enc,0.0000
1786096551.696854,0.1338,0.0,0.0,0.0000,0.0000,2.5165,-1.0510,0.8716,324.8125,enc,0.0000
1786096551.759947,0.0631,0.0,0.0,0.0000,0.0000,2.5165,-1.0510,0.8716,324.8125,enc,0.0000
1786096551.872470,0.1125,0.0,0.0,0.0000,0.0000,2.5165,-1.0510,0.8716,324.8125,enc,0.0000
1786096551.992909,0.1204,0.0,0.0,0.0000,0.0000,2.5165,-1.0510,0.8716,324.8125,enc,0.0000
1786096552.099478,0.1066,0.0,0.0,0.0000,0.0000,2.5165,-1.0510,0.8716,324.8125,enc,0.0000
1786096552.177637,0.0782,0.0,0.0,0.0000,0.0000,2.5165,-1.0510,0.8716,324.8125,enc,0.0000
1786096552.283155,0.1055,0.0,0.0,0.0000,0.0000,2.5165,-1.0510,0.8716,324.8125,enc,0.0000
1786096552.382105,0.0989,0.0,0.0,0.0000,0.0000,2.5165,-1.0510,0.8716,324.8125,enc,0.0000
1786096552.499655,0.1176,0.0,0.0,0.0000,0.0000,2.5165,-1.0510,0.8716,324.8125,enc,0.0000
1786096552.618943,0.1193,0.0,0.0,0.0000,0.0000,2.5165,-1.0510,0.8716,324.8125,enc,0.0000
1786096552.718418,0.0995,0.0,0.0,0.0000,0.0000,2.5165,-1.0510,0.8716,324.8125,enc,0.0000
1786096552.823003,0.1046,0.0,0.0,0.0000,0.0000,2.5165,-1.0510,0.8716,324.8125,enc,0.0000
1786096552.903041,0.0800,0.0,0.0,0.0000,0.0000,2.5165,-1.0510,0.8716,324.8125,enc,0.0000
1786096553.273949,0.3709,0.0,0.0,0.0000,0.0000,2.5165,-1.0510,0.8716,324.8125,enc,0.0000
1786096553.273999,0.0001,0.0,0.0,0.0000,0.0000,2.5165,-1.0510,0.8716,324.8125,enc,0.0000
1786096553.274012,0.0000,0.0,0.0,0.0000,0.0000,2.5165,-1.0510,0.8716,324.8125,enc,0.0000
1786096553.330334,0.0563,0.0,0.0,0.0000,0.0000,2.5165,-1.0510,0.8716,324.8125,enc,0.0000
1786096553.433871,0.1035,0.0,0.0,0.0000,0.0000,2.5165,-1.0510,0.8716,324.8125,enc,0.0000
1786096553.569668,0.1358,0.0,0.0,0.0000,0.0000,2.5165,-1.0510,0.8716,324.8125,enc,0.0000
1786096553.638999,0.0693,0.0,0.0,0.0000,0.0000,2.5165,-1.0510,0.8716,324.8125,enc,0.0000
1786096553.739829,0.1008,0.0,0.0,0.0000,0.0000,2.5165,-1.0510,0.8716,324.8125,enc,0.0000
1786096553.840823,0.1010,0.0,0.0,0.0000,0.0000,2.5165,-1.0510,0.8716,324.8125,enc,0.0000
1786096553.940972,0.1001,0.0,0.0,0.0000,0.0000,2.5165,-1.0510,0.8716,324.8125,enc,0.0000
1786096554.040283,0.0993,0.0,0.0,0.0000,0.0000,2.5165,-1.0510,0.8716,324.8125,enc,0.0000
1786096554.157378,0.1171,0.0,0.0,0.0000,0.0000,2.5165,-1.0510,0.8716,324.8125,enc,0.0000
1786096554.252153,0.0948,0.0,0.0,0.0000,0.0000,2.5165,-1.0510,0.8716,324.8125,enc,0.0000
1786096554.361995,0.1098,0.0,0.0,0.0000,0.0000,2.5165,-1.0510,0.8716,324.8125,enc,0.0000
1786096554.466571,0.1046,0.0,0.0,0.0000,0.0000,2.5165,-1.0510,0.8716,324.8125,enc,0.0000
1786096554.583322,0.1168,0.0,0.0,0.0000,0.0000,2.5165,-1.0510,0.8716,324.8125,enc,0.0000
1786096554.679796,0.0965,0.0,0.0,0.0000,0.0000,2.5165,-1.0510,0.8716,324.8125,enc,0.0000
1786096554.777988,0.0982,0.0,0.0,0.0000,0.0000,2.5165,-1.0510,0.8716,324.8125,enc,0.0000
1786096554.952976,0.1750,0.0,0.0,0.0000,0.0000,2.5165,-1.0510,0.8716,324.8125,enc,0.0000
1786096554.976769,0.0238,0.0,0.0,0.0000,0.0000,2.5165,-1.0510,0.8716,324.8125,enc,0.0000
1786096555.083406,0.1066,0.0,0.0,0.0000,0.0000,2.5165,-1.0510,0.8716,324.8125,enc,0.0000
1786096555.234921,0.1515,0.0,0.0,0.0000,0.0000,2.5165,-1.0510,0.8716,324.8125,enc,0.0000
1786096555.287745,0.0528,0.0,0.0,0.0000,0.0000,2.5165,-1.0510,0.8716,324.8125,enc,0.0000
1786096555.401436,0.1137,0.0,0.0,0.0000,0.0000,2.5165,-1.0510,0.8716,324.8125,enc,0.0000
1786096555.499238,0.0978,0.0,0.0,0.0000,0.0000,2.5165,-1.0510,0.8716,324.8125,enc,0.0000
1786096555.607012,0.1078,0.0,0.0,0.0000,0.0000,2.5165,-1.0510,0.8716,324.8125,enc,0.0000
1786096555.731758,0.1247,0.0,0.0,0.0000,0.0000,2.5165,-1.0510,0.8716,324.8125,enc,0.0000
1786096555.809982,0.0782,0.0,0.0,0.0000,0.0000,2.5165,-1.0510,0.8716,324.8125,enc,0.0000
1786096556.075394,0.2654,0.0,0.0,0.0000,0.0000,2.5165,-1.0510,0.8716,324.8125,enc,0.0000
1786096556.075442,0.0000,0.0,0.0,0.0000,0.0000,2.5165,-1.0510,0.8716,324.8125,enc,0.0000
1786096556.149818,0.0744,0.0,0.0,0.0000,0.0000,2.5165,-1.0510,0.8716,324.8125,enc,0.0000
1786096556.383368,0.2336,0.0,0.0,0.0000,0.0000,2.5165,-1.0510,0.8716,324.8125,enc,0.0000
1786096556.383425,0.0001,0.0,0.0,0.0000,0.0000,2.5165,-1.0510,0.8716,324.8125,enc,0.0000
1786096556.456053,0.0726,0.0,0.0,0.0000,0.0000,2.5165,-1.0510,0.8716,324.8125,enc,0.0000
1786096556.557030,0.1010,0.0,0.0,0.0000,0.0000,2.5165,-1.0510,0.8716,324.8125,enc,0.0000
1786096556.710982,0.1540,0.0,0.0,0.0000,0.0000,2.5165,-1.0510,0.8716,324.8125,enc,0.0000
1786096556.748842,0.0379,0.0,0.0,0.0000,0.0000,2.5165,-1.0510,0.8716,324.8125,enc,0.0000
1786096556.869133,0.1203,0.0,0.0,0.0000,0.0000,2.5165,-1.0510,0.8716,324.8125,enc,0.0000
1786096556.960717,0.0916,0.0,0.0,0.0000,0.0000,2.5165,-1.0510,0.8716,324.8125,enc,0.0000
1786096557.215399,0.2547,0.0,0.0,0.0000,0.0000,2.5165,-1.0510,0.8716,324.8125,enc,0.0000
1786096557.215449,0.0001,0.0,0.0,0.0000,0.0000,2.5165,-1.0510,0.8716,324.8125,enc,0.0000
1786096557.433028,0.2176,0.0,0.0,0.0000,0.0000,2.5165,-1.0510,0.8716,324.8125,enc,0.0000
1786096557.433078,0.0000,0.0,0.0,0.0000,0.0000,2.5165,-1.0510,0.8716,324.8125,enc,0.0000
1786096557.483094,0.0500,0.0,0.0,0.0000,0.0000,2.5165,-1.0510,0.8716,324.8125,enc,0.0000
1786096557.596823,0.1137,0.0,0.0,0.0000,0.0000,2.5165,-1.0510,0.8716,324.8125,enc,0.0000
1786096557.685598,0.0888,0.0,0.0,0.0000,0.0000,2.5165,-1.0510,0.8716,324.8125,enc,0.0000
1786096557.829777,0.1442,0.0,0.0,0.0000,0.0000,2.5165,-1.0510,0.8716,324.8125,enc,0.0000
1786096557.931168,0.1014,0.0,0.0,0.0000,0.0000,2.5165,-1.0510,0.8716,324.8125,enc,0.0000
1786096558.168118,0.2369,0.0,0.0,0.0000,0.0000,2.5165,-1.0510,0.8716,324.8125,enc,0.0000
1786096558.168178,0.0001,0.0,0.0,0.0000,0.0000,2.5165,-1.0510,0.8716,324.8125,enc,0.0000
1786096558.218558,0.0504,0.0,0.0,0.0000,0.0000,2.5165,-1.0510,0.8716,324.8125,enc,0.0000
1786096558.323876,0.1053,0.0,0.0,0.0000,0.0000,2.5165,-1.0510,0.8716,324.8125,enc,0.0000
1786096558.423251,0.0994,0.0,0.0,0.0000,0.0000,2.5165,-1.0510,0.8716,324.8125,enc,0.0000
1786096558.515716,0.0925,0.0,0.0,0.0000,0.0000,2.5165,-1.0510,0.8716,324.8125,enc,0.0000
1786096558.638687,0.1230,0.0,0.0,0.0000,0.0000,2.5165,-1.0510,0.8716,324.8125,enc,0.0000
1786096558.722610,0.0839,0.0,0.0,0.0000,0.0000,2.5165,-1.0510,0.8716,324.8125,enc,0.0000
1786096558.940109,0.2175,0.0,0.0,0.0000,0.0000,2.5165,-1.0510,0.8716,324.8125,enc,0.0000
1786096558.940160,0.0001,0.0,0.0,0.0000,0.0000,2.5165,-1.0510,0.8716,324.8125,enc,0.0000
1786096559.029756,0.0896,0.0,0.0,0.0000,0.0000,2.5165,-1.0510,0.8716,324.8125,enc,0.0000
1786096559.147135,0.1174,0.0,0.0,0.0000,0.0000,2.5165,-1.0510,0.8716,324.8125,enc,0.0000
1786096559.244186,0.0971,0.0,0.0,0.0000,0.0000,2.5165,-1.0510,0.8716,324.8125,enc,0.0000
1786096559.360544,0.1164,0.0,0.0,0.0000,0.0000,2.5165,-1.0510,0.8716,324.8125,enc,0.0000
1786096559.489155,0.1286,0.0,0.0,0.0000,0.0000,2.5165,-1.0510,0.8716,324.8125,enc,0.0000
1786096559.558380,0.0692,0.0,0.0,0.0000,0.0000,2.5165,-1.0510,0.8716,324.8125,enc,0.0000
1786096559.671264,0.1129,0.0,0.0,0.0000,0.0000,2.5165,-1.0510,0.8716,324.8125,enc,0.0000
1786096559.762011,0.0907,0.0,0.0,0.0000,0.0000,2.5165,-1.0510,0.8716,324.8125,enc,0.0000
1786096559.894127,0.1321,0.0,0.0,0.0000,0.0000,2.5165,-1.0510,0.8716,324.8125,enc,0.0000
1786096559.990939,0.0968,0.0,0.0,0.0000,0.0000,2.5165,-1.0510,0.8716,324.8125,enc,0.0000
1786096560.085951,0.0950,0.0,0.0,0.0000,0.0000,2.5165,-1.0510,0.8716,324.8125,enc,0.0000
1786096560.297366,0.2114,0.0,0.0,0.0000,0.0000,2.5165,-1.0510,0.8716,324.8125,enc,0.0000
1786096560.308833,0.0115,0.0,0.0,0.0000,0.0000,2.5165,-1.0510,0.8716,324.8125,enc,0.0000
1786096560.551148,0.2423,0.0,0.0,0.0000,0.0000,2.5165,-1.0510,0.8716,324.8125,enc,0.0000
1786096560.555418,0.0043,0.0,0.0,0.0000,0.0000,2.5165,-1.0510,0.8716,324.8125,enc,0.0000
1786096560.782664,0.2272,0.0,0.0,0.0000,0.0000,2.5165,-1.0510,0.8716,324.8125,enc,0.0000
1786096560.782728,0.0001,0.0,0.0,0.0000,0.0000,2.5165,-1.0510,0.8716,324.8125,enc,0.0000
1786096560.809866,0.0271,0.0,0.0,0.0000,0.0000,2.5165,-1.0510,0.8716,324.8125,enc,0.0000
1786096561.059079,0.2492,0.0,0.0,0.0000,0.0000,2.5165,-1.0510,0.8716,324.8125,enc,0.0000
1786096561.059129,0.0001,0.0,0.0,0.0000,0.0000,2.5165,-1.0510,0.8716,324.8125,enc,0.0000
1786096561.123803,0.0647,0.0,0.0,0.0000,0.0000,2.5165,-1.0510,0.8716,324.8125,enc,0.0000
1786096561.290557,0.1668,0.0,0.0,0.0000,0.0000,2.5165,-1.0510,0.8716,324.8125,enc,0.0000
1786096561.315560,0.0250,0.0,0.0,0.0000,0.0000,2.5165,-1.0510,0.8716,324.8125,enc,0.0000
1786096561.632915,0.3174,0.0,0.0,0.0000,0.0000,2.5165,-1.0510,0.8716,324.8125,enc,0.0000
1786096561.632969,0.0001,0.0,0.0,0.0000,0.0000,2.5165,-1.0510,0.8716,324.8125,enc,0.0000
1786096561.788867,0.1559,0.0,0.0,0.0000,0.0000,2.5165,-1.0510,0.8716,324.8125,enc,0.0000
1786096561.886844,0.0980,0.0,0.0,0.0000,0.0000,2.5165,-1.0510,0.8716,324.8125,enc,0.0000
1786096561.886889,0.0000,0.0,0.0,0.0000,0.0000,2.5165,-1.0510,0.8716,324.8125,enc,0.0000
1786096562.136952,0.2501,0.0,0.0,0.0000,0.0000,2.5165,-1.0510,0.8716,324.8125,enc,0.0000
1786096562.137003,0.0001,0.0,0.0,0.0000,0.0000,2.5165,-1.0510,0.8716,324.8125,enc,0.0000
1786096562.309857,0.1729,0.0,0.0,0.0000,0.0000,2.5165,-1.0510,0.8716,324.8125,enc,0.0000
1786096562.327340,0.0175,0.0,0.0,0.0000,0.0000,2.5165,-1.0510,0.8716,324.8125,enc,0.0000
1786096562.380843,0.0535,0.0,0.0,0.0000,0.0000,2.5165,-1.0510,0.8716,324.8125,enc,0.0000
1786096562.552975,0.1721,0.0,0.0,0.0000,0.0000,2.5165,-1.0510,0.8716,324.8125,enc,0.0000
1786096562.595698,0.0427,0.0,0.0,0.0000,0.0000,2.5165,-1.0510,0.8716,324.8125,enc,0.0000
1786096562.904903,0.3092,0.0,0.0,0.0000,0.0000,2.5165,-1.0510,0.8716,324.8125,enc,0.0000
1786096562.904957,0.0001,0.0,0.0,0.0000,0.0000,2.5165,-1.0510,0.8716,324.8125,enc,0.0000
1786096562.904970,0.0000,0.0,0.0,0.0000,0.0000,2.5165,-1.0510,0.8716,324.8125,enc,0.0000
1786096563.065084,0.1601,0.0,0.0,0.0000,0.0000,2.5165,-1.0510,0.8716,324.8125,enc,0.0000
1786096563.425083,0.3600,0.0,0.0,0.0000,0.0000,2.5165,-1.0510,0.8716,324.8125,enc,0.0000
1786096563.425252,0.0002,0.0,0.0,0.0000,0.0000,2.5165,-1.0510,0.8716,324.8125,enc,0.0000
1786096563.425278,0.0000,0.0,0.0,0.0000,0.0000,2.5165,-1.0510,0.8716,324.8125,enc,0.0000
1786096563.530349,0.1051,0.0,0.0,0.0000,0.0000,2.5165,-1.0510,0.8716,324.8125,enc,0.0000
1786096563.581834,0.0515,0.0,0.0,0.0000,0.0000,2.5165,-1.0510,0.8716,324.8125,enc,0.0000
1786096563.904922,0.3231,0.0,0.0,0.0000,0.0000,2.5165,-1.0510,0.8716,324.8125,enc,0.0000
1786096563.904972,0.0000,0.0,0.0,0.0000,0.0000,2.5165,-1.0510,0.8716,324.8125,enc,0.0000
1786096564.054434,0.1495,0.0,0.0,0.0000,0.0000,2.5165,-1.0510,0.8716,324.8125,enc,0.0000
1786096564.054487,0.0001,0.0,0.0,0.0000,0.0000,2.5165,-1.0510,0.8716,324.8125,enc,0.0000
1786096564.061927,0.0074,0.0,0.0,0.0000,0.0000,2.5165,-1.0510,0.8716,324.8125,enc,0.0000
1786096564.392962,0.3310,0.0,0.0,0.0000,0.0000,2.5165,-1.0510,0.8716,324.8125,enc,0.0000
1786096564.656980,0.2640,0.0,0.0,0.0000,0.0000,2.5165,-1.0510,0.8716,324.8125,enc,0.0000
1786096564.876034,0.2191,0.0,0.0,0.0000,0.0000,2.5165,-1.0510,0.8716,324.8125,enc,0.0000
1786096564.876084,0.0001,0.0,0.0,0.0000,0.0000,2.5165,-1.0510,0.8716,324.8125,enc,0.0000
1786096564.876097,0.0000,0.0,0.0,0.0000,0.0000,2.5165,-1.0510,0.8716,324.8125,enc,0.0000
1786096564.876107,0.0000,0.0,0.0,0.0000,0.0000,2.5165,-1.0510,0.8716,324.8125,enc,0.0000
1786096565.112320,0.2362,0.0,0.0,0.0000,0.0000,2.5165,-1.0510,0.8716,324.8125,enc,0.0000
1786096565.112383,0.0001,0.0,0.0,0.0000,0.0000,2.5165,-1.0510,0.8716,324.8125,enc,0.0000
1786096565.112914,0.0005,0.0,0.0,0.0000,0.0000,2.5165,-1.0510,0.8716,324.8125,enc,0.0000
1786096565.268520,0.1556,0.0,0.0,0.0000,0.0000,2.5165,-1.0510,0.8716,324.8125,enc,0.0000
1786096565.268588,0.0001,0.0,0.0,0.0000,0.0000,2.5165,-1.0510,0.8716,324.8125,enc,0.0000
1786096565.529629,0.2610,0.0,0.0,0.0000,0.0000,2.5165,-1.0510,0.8716,324.8125,enc,0.0000
1786096565.529682,0.0001,0.0,0.0,0.0000,0.0000,2.5165,-1.0510,0.8716,324.8125,enc,0.0000
1786096565.557446,0.0278,0.0,0.0,0.0000,0.0000,2.5165,-1.0510,0.8716,324.8125,enc,0.0000
1786096565.573119,0.0157,0.0,0.0,0.0000,0.0000,2.5165,-1.0510,0.8716,324.8125,enc,0.0000
1786096565.676622,0.1035,0.0,0.0,0.0000,0.0000,2.5165,-1.0510,0.8716,324.8125,enc,0.0000
1786096565.931048,0.2544,0.0,0.0,0.0000,0.0000,2.5165,-1.0510,0.8716,324.8125,enc,0.0000
1786096565.931097,0.0000,0.0,0.0,0.0000,0.0000,2.5165,-1.0510,0.8716,324.8125,enc,0.0000
1786096566.128190,0.1971,0.0,0.0,0.0000,0.0000,2.5165,-1.0510,0.8716,324.8125,enc,0.0000
1786096566.128364,0.0002,0.0,0.0,0.0000,0.0000,2.5165,-1.0510,0.8716,324.8125,enc,0.0000
1786096566.197876,0.0695,0.0,0.0,0.0000,0.0000,2.5165,-1.0510,0.8716,324.8125,enc,0.0000
1786096566.324358,0.1265,0.0,0.0,0.0000,0.0000,2.5165,-1.0510,0.8716,324.8125,enc,0.0000
1786096566.417977,0.0936,0.0,0.0,0.0000,0.0000,2.5165,-1.0510,0.8716,324.8125,enc,0.0000
1786096566.529393,0.1114,0.0,0.0,0.0000,0.0000,2.5165,-1.0510,0.8716,324.8125,enc,0.0000
1786096566.630966,0.1016,0.0,0.0,0.0000,0.0000,2.5165,-1.0510,0.8716,324.8125,enc,0.0000
1786096566.815135,0.1842,0.0,0.0,0.0000,0.0000,2.5165,-1.0510,0.8716,324.8125,enc,0.0000
1786096567.581999,0.7669,0.0,0.0,0.0000,0.0000,2.5165,-1.0510,0.8716,324.8125,enc,0.0000
1786096567.582056,0.0001,0.0,0.0,0.0000,0.0000,2.5165,-1.0510,0.8716,324.8125,enc,0.0000
1786096567.640355,0.0583,0.0,0.0,0.0000,0.0000,2.5165,-1.0510,0.8716,324.8125,enc,0.0000
1786096567.640394,0.0000,0.0,0.0,0.0000,0.0000,2.5165,-1.0510,0.8716,324.4375,enc,0.0000
1786096567.640407,0.0000,0.0,0.0,0.0000,0.0000,2.5165,-1.0510,0.8716,324.0000,enc,0.0000
1786096567.640417,0.0000,0.0,0.0,0.0000,0.0000,2.5165,-1.0510,0.8716,324.1875,enc,0.0000
1786096567.640425,0.0000,0.0,0.0,0.0000,0.0000,2.5165,-1.0510,0.8716,325.4375,enc,0.0000
1786096567.640434,0.0000,0.0,0.0,0.0000,0.0000,2.5165,-1.0510,0.8716,329.4375,enc,0.0000
1786096567.832025,0.1916,0.0,0.0,0.0000,0.0000,2.5165,-1.0510,0.8716,337.8750,enc,0.0000
1786096567.832079,0.0001,0.0,0.0,0.0000,0.0000,2.5165,-1.0510,0.8716,349.9375,enc,0.0000
1786096568.028311,0.1962,0.0,0.0,0.0000,0.0000,2.5165,-1.0510,0.8716,1.6875,enc,0.0000
1786096568.028386,0.0001,0.0,0.0,0.0000,0.0000,2.5165,-1.0510,0.8716,13.8125,enc,0.0000
1786096568.142912,0.1145,0.0,0.0,0.0000,0.0000,2.5165,-1.0510,0.8716,25.5000,enc,0.0000
1786096568.340503,0.1976,0.0,0.0,0.0000,0.0000,2.5165,-1.0510,0.8716,33.4375,enc,0.0000
1786096568.346453,0.0060,0.0,0.0,0.0000,0.0000,2.5165,-1.0510,0.8716,42.1250,enc,0.0000
1786096568.395207,0.0488,0.0,0.0,0.0000,0.0000,2.5165,-1.0510,0.8716,53.5000,enc,0.0000
1786096568.491474,0.0963,0.0,0.0,0.0000,0.0000,2.5165,-1.0510,0.8716,64.8125,enc,0.0000
1786096568.582902,0.0914,0.0,0.0,0.0000,0.0000,2.5165,-1.0510,0.8716,75.5625,enc,0.0000
1786096568.695070,0.1122,0.0,0.0,0.0000,0.0000,2.5165,-1.0510,0.8716,86.2500,enc,0.0000
1786096568.799796,0.1047,0.0,0.0,0.0000,0.0000,2.5165,-1.0510,0.8716,95.2500,enc,0.0000
1786096568.891939,0.0921,0.0,0.0,0.0000,0.0000,2.5165,-1.0510,0.8716,101.8750,enc,0.0000
1786096569.182025,0.2901,0.0,0.0,0.0000,0.0000,2.5165,-1.0510,0.8716,106.0000,enc,0.0000
1786096569.182073,0.0000,0.0,0.0,0.0000,0.0000,2.5165,-1.0510,0.8716,107.5625,enc,0.0000
1786096569.214065,0.0320,0.0,0.0,0.0000,0.0000,2.5165,-1.0510,0.8716,109.1250,enc,0.0000
1786096569.318561,0.1045,0.0,0.0,0.0000,0.0000,2.5165,-1.0510,0.8716,109.7500,enc,0.0000
1786096569.415728,0.0972,0.0,0.0,0.0000,0.0000,2.5165,-1.0510,0.8716,110.3750,enc,0.0000
1786096569.522360,0.1066,0.0,0.0,0.0000,0.0000,2.5165,-1.0510,0.8716,111.4375,enc,0.0000
1786096569.621859,0.0995,0.0,0.0,0.0000,0.0000,2.5165,-1.0510,0.8716,112.3750,enc,0.0000
1786096569.728312,0.1065,0.0,0.0,0.0000,0.0000,2.5165,-1.0510,0.8716,114.3750,enc,0.0000
1786096569.825424,0.0971,0.0,0.0,0.0000,0.0000,2.5165,-1.0510,0.8716,116.5625,enc,0.0000
1786096570.020070,0.1946,0.0,0.0,0.0000,0.0000,2.5165,-1.0510,0.8716,116.7500,enc,0.0000
1786096570.031046,0.0110,0.0,0.0,0.0000,0.0000,2.5165,-1.0510,0.8716,114.3125,enc,0.0000
1786096570.137850,0.1068,0.0,0.0,0.0000,0.0000,2.5165,-1.0510,0.8716,111.0625,enc,0.0000
1786096570.419837,0.2820,0.0,0.0,0.0000,0.0000,2.5165,-1.0510,0.8716,109.9375,enc,0.0000
1786096570.419890,0.0001,0.0,0.0,0.0000,0.0000,2.5165,-1.0510,0.8716,109.8750,enc,0.0000
1786096570.446898,0.0270,0.0,0.0,0.0000,0.0000,2.5165,-1.0510,0.8716,110.3125,enc,0.0000
1786096570.605226,0.1583,0.0,0.0,0.0000,0.0000,2.5165,-1.0510,0.8716,112.1250,enc,0.0000
1786096570.699181,0.0940,0.0,0.0,0.0000,0.0000,2.5165,-1.0510,0.8716,114.0000,enc,0.0000
1786096570.803480,0.1043,0.0,0.0,0.0000,0.0000,2.5165,-1.0510,0.8716,115.7500,enc,0.0000
1786096571.236465,0.4330,0.0,0.0,0.0000,0.0000,2.5165,-1.0510,0.8716,119.0625,enc,0.0000
1786096571.236512,0.0000,0.0,0.0,0.0000,0.0000,2.5165,-1.0510,0.8716,123.5625,enc,0.0000
1786096571.236525,0.0000,0.0,0.0,0.0000,0.0000,2.5165,-1.0510,0.8716,127.6875,enc,0.0000
1786096571.256412,0.0199,0.0,0.0,0.0000,0.0000,2.5165,-1.0510,0.8716,129.6250,enc,0.0000
1786096571.342403,0.0860,0.0,0.0,0.0000,0.0000,2.5165,-1.0510,0.8716,131.6250,enc,0.0000
1786096571.518088,0.1757,0.0,0.0,0.0000,0.0000,2.5165,-1.0510,0.8716,133.8750,enc,0.0000
1786096571.518135,0.0000,0.0,0.0,0.0000,0.0000,2.5165,-1.0510,0.8716,134.6250,enc,0.0000
1786096571.622571,0.1044,0.0,0.0,0.0000,0.0000,2.5165,-1.0510,0.8716,134.3125,enc,0.0000
1786096571.704431,0.0819,0.0,0.0,0.0000,0.0000,2.5165,-1.0510,0.8716,134.6250,enc,0.0000
1786096571.836818,0.1324,0.0,0.0,0.0000,0.0000,2.5165,-1.0510,0.8716,137.2500,enc,0.0000
1786096571.949581,0.1128,0.0,0.0,0.0000,0.0000,2.5165,-1.0510,0.8716,141.1875,enc,0.0000
1786096572.040028,0.0904,0.0,0.0,0.0000,0.0000,2.5165,-1.0510,0.8716,143.4375,enc,0.0000
1786096572.114298,0.0743,0.0,0.0,0.0000,0.0000,2.5165,-1.0510,0.8716,142.6875,enc,0.0000
1786096572.342234,0.2279,0.0,0.0,0.0000,0.0000,2.5165,-1.0510,0.8716,140.4375,enc,0.0000
1786096572.574029,0.2318,0.0,0.0,0.0000,0.0000,2.5165,-1.0510,0.8716,141.0000,enc,0.0000
1786096572.584449,0.0104,0.0,0.0,0.0000,0.0000,2.5165,-1.0510,0.8716,141.0000,enc,0.0000
1786096572.588672,0.0042,0.02914297580718994,0.002684221602976322,0.0001,-0.0004,2.5165,-1.0510,0.8716,141.1875,enc,0.0001
1786096572.781145,0.1925,0.0026997835375368595,0.029311934486031532,0.0001,0.0005,2.5165,-1.0509,0.8717,141.0000,enc,0.0001
1786096572.792664,0.0115,0.03149460628628731,0.03149460628628731,0.0002,0.0000,2.5165,-1.0509,0.8717,140.9375,enc,0.0000
1786096572.960226,0.1676,0.0,0.0,0.0000,0.0000,2.5165,-1.0509,0.8717,140.7500,enc,0.0000
1786096572.985960,0.0257,0.0,0.0,0.0000,0.0000,2.5165,-1.0509,0.8717,140.3125,enc,0.0000
1786096573.048237,0.0623,0.0,0.0,0.0000,0.0000,2.5165,-1.0509,0.8717,140.0625,enc,0.0000
1786096573.197572,0.1493,0.0,0.0,0.0000,0.0000,2.5165,-1.0509,0.8717,139.6250,enc,0.0000
1786096573.371968,0.1744,0.0,0.0,0.0000,0.0000,2.5165,-1.0509,0.8717,137.6875,enc,0.0000
1786096573.377679,0.0057,0.002700214274227619,0.0293166134506464,0.0001,0.0005,2.5165,-1.0509,0.8717,134.2500,enc,-0.0001
1786096573.472505,0.0948,0.0,0.0,0.0000,0.0000,2.5165,-1.0509,0.8717,134.3750,enc,0.0000
1786096573.700473,0.2280,0.0,0.0,0.0000,0.0000,2.5165,-1.0509,0.8717,134.5000,enc,0.0000
1786096573.717649,0.0172,0.0,0.0,0.0000,0.0000,2.5165,-1.0509,0.8717,134.5625,enc,0.0000
1786096573.901432,0.1838,0.0,0.0,0.0000,0.0000,2.5165,-1.0509,0.8717,134.5625,enc,0.0000
1786096574.021723,0.1203,0.0,0.0,0.0000,0.0000,2.5165,-1.0509,0.8717,134.5625,enc,0.0000
1786096574.021779,0.0001,0.0,0.0,0.0000,0.0000,2.5165,-1.0509,0.8717,134.5000,enc,0.0000
1786096574.099334,0.0776,0.0,0.0,0.0000,0.0000,2.5165,-1.0509,0.8717,134.5000,enc,0.0000
1786096574.302681,0.2033,0.0,0.0,0.0000,0.0000,2.5165,-1.0509,0.8717,134.5000,enc,0.0000
1786096574.404159,0.1015,0.0,0.0,0.0000,0.0000,2.5165,-1.0509,0.8717,134.5000,enc,0.0000
1786096574.404208,0.0000,0.0,0.0,0.0000,0.0000,2.5165,-1.0509,0.8717,134.4375,enc,0.0000
1786096574.632297,0.2281,0.0,0.0,0.0000,0.0000,2.5165,-1.0509,0.8717,134.4375,enc,0.0000
1786096574.636937,0.0046,0.0,0.0,0.0000,0.0000,2.5165,-1.0509,0.8717,134.4375,enc,0.0000
1786096574.739691,0.1028,0.0,0.0,0.0000,0.0000,2.5165,-1.0509,0.8717,134.4375,enc,0.0000
1786096574.806477,0.0668,0.0,0.0,0.0000,0.0000,2.5165,-1.0509,0.8717,134.4375,enc,0.0000
1786096574.903735,0.0973,0.0,0.0,0.0000,0.0000,2.5165,-1.0509,0.8717,134.4375,enc,0.0000
1786096575.092501,0.1888,0.0,0.0,0.0000,0.0000,2.5165,-1.0509,0.8717,134.4375,enc,0.0000
1786096575.339802,0.2473,0.0,0.0,0.0000,0.0000,2.5165,-1.0509,0.8717,134.3750,enc,0.0000
1786096575.561766,0.2220,0.0,0.0,0.0000,0.0000,2.5165,-1.0509,0.8717,134.3750,enc,0.0000
1786096575.561882,0.0001,0.0,0.0,0.0000,0.0000,2.5165,-1.0509,0.8717,134.3750,enc,0.0000
1786096575.822301,0.2604,0.0,0.0,0.0000,0.0000,2.5165,-1.0509,0.8717,134.3750,enc,0.0000
1786096575.822346,0.0000,0.0,0.0,0.0000,0.0000,2.5165,-1.0509,0.8717,134.3750,enc,0.0000
1786096575.823832,0.0015,0.0,0.0,0.0000,0.0000,2.5165,-1.0509,0.8717,134.3750,enc,0.0000
1786096575.823862,0.0000,0.0,0.0,0.0000,0.0000,2.5165,-1.0509,0.8717,134.3750,enc,0.0000
1786096575.876327,0.0525,0.0,0.0,0.0000,0.0000,2.5165,-1.0509,0.8717,134.3750,enc,0.0000
1786096576.041229,0.1649,0.0,0.0,0.0000,0.0000,2.5165,-1.0509,0.8717,134.3750,enc,0.0000
1786096576.304512,0.2633,0.0,0.0,0.0000,0.0000,2.5165,-1.0509,0.8717,134.3750,enc,0.0000
1786096576.304604,0.0001,0.0,0.0,0.0000,0.0000,2.5165,-1.0509,0.8717,134.3750,enc,0.0000
1786096576.387498,0.0829,0.0,0.0,0.0000,0.0000,2.5165,-1.0509,0.8717,134.3750,enc,0.0000
1786096576.387554,0.0001,0.0,0.0,0.0000,0.0000,2.5165,-1.0509,0.8717,134.3750,enc,0.0000
1786096576.586365,0.1988,0.0,0.0,0.0000,0.0000,2.5165,-1.0509,0.8717,134.3750,enc,0.0000
1786096576.629916,0.0436,0.0,0.0,0.0000,0.0000,2.5165,-1.0509,0.8717,134.3750,enc,0.0000
1786096576.798752,0.1688,0.0,0.0,0.0000,0.0000,2.5165,-1.0509,0.8717,134.3750,enc,0.0000
1786096576.798798,0.0000,0.0,0.0,0.0000,0.0000,2.5165,-1.0509,0.8717,134.3750,enc,0.0000
1786096577.052112,0.2533,0.0,0.0,0.0000,0.0000,2.5165,-1.0509,0.8717,134.3750,enc,0.0000
1786096577.297831,0.2457,0.0,0.0,0.0000,0.0000,2.5165,-1.0509,0.8717,134.3750,enc,0.0000
1786096577.298808,0.0010,0.0,0.0,0.0000,0.0000,2.5165,-1.0509,0.8717,134.3750,enc,0.0000
1786096577.800624,0.5018,0.0,0.0,0.0000,0.0000,2.5165,-1.0509,0.8717,134.3750,enc,0.0000
1786096577.812334,0.0117,0.0,0.0,0.0000,0.0000,2.5165,-1.0509,0.8717,134.3750,enc,0.0000
1786096577.812367,0.0000,0.0,0.0,0.0000,0.0000,2.5165,-1.0509,0.8717,134.3750,enc,0.0000
1786096577.812380,0.0000,0.0,0.0,0.0000,0.0000,2.5165,-1.0509,0.8717,134.3125,enc,0.0000
1786096577.812390,0.0000,0.0,0.0,0.0000,0.0000,2.5165,-1.0509,0.8717,134.3125,enc,0.0000
1786096578.060335,0.2479,0.0,0.0,0.0000,0.0000,2.5165,-1.0509,0.8717,134.3125,enc,0.0000
1786096578.060389,0.0001,0.0,0.0,0.0000,0.0000,2.5165,-1.0509,0.8717,134.3125,enc,0.0000
1786096578.061035,0.0006,0.0,0.0,0.0000,0.0000,2.5165,-1.0509,0.8717,134.3125,enc,0.0000
1786096578.061076,0.0000,0.0,0.0,0.0000,0.0000,2.5165,-1.0509,0.8717,134.3125,enc,0.0000
1786096578.335991,0.2749,0.0,0.0,0.0000,0.0000,2.5165,-1.0509,0.8717,134.3125,enc,0.0000
1786096578.336041,0.0001,0.0,0.0,0.0000,0.0000,2.5165,-1.0509,0.8717,134.3125,enc,0.0000
1786096578.605560,0.2695,0.0,0.0,0.0000,0.0000,2.5165,-1.0509,0.8717,134.3125,enc,0.0000
1786096578.606609,0.0010,0.0,0.0,0.0000,0.0000,2.5165,-1.0509,0.8717,134.3750,enc,0.0000
1786096578.606643,0.0000,0.0,0.0,0.0000,0.0000,2.5165,-1.0509,0.8717,134.3750,enc,0.0000
1786096578.790975,0.1843,0.0,0.0,0.0000,0.0000,2.5165,-1.0509,0.8717,134.3750,enc,0.0000
1786096578.793631,0.0027,0.0,0.0,0.0000,0.0000,2.5165,-1.0509,0.8717,134.3750,enc,0.0000
1786096578.852347,0.0587,0.0,0.0,0.0000,0.0000,2.5165,-1.0509,0.8717,134.3750,enc,0.0000
1786096579.099168,0.2468,0.0,0.0,0.0000,0.0000,2.5165,-1.0509,0.8717,134.3750,enc,0.0000
1786096579.330577,0.2314,0.0,0.0,0.0000,0.0000,2.5165,-1.0509,0.8717,134.3750,enc,0.0000
1786096580.166730,0.8362,0.0,0.0,0.0000,0.0000,2.5165,-1.0509,0.8717,134.3750,enc,0.0000
1786096580.166852,0.0001,0.0,0.0,0.0000,0.0000,2.5165,-1.0509,0.8717,134.4375,enc,0.0000
1786096580.166865,0.0000,0.0,0.0,0.0000,0.0000,2.5165,-1.0509,0.8717,134.5000,enc,0.0000
1786096580.166875,0.0000,0.0,0.0,0.0000,0.0000,2.5165,-1.0509,0.8717,134.5000,enc,0.0000
1786096580.166884,0.0000,0.0,0.0,0.0000,0.0000,2.5165,-1.0509,0.8717,134.5000,enc,0.0000
1786096580.166893,0.0000,0.0,0.0,0.0000,0.0000,2.5165,-1.0509,0.8717,134.5000,enc,0.0000
1786096580.166902,0.0000,0.0,0.0,0.0000,0.0000,2.5165,-1.0509,0.8717,134.5000,enc,0.0000
1786096580.166911,0.0000,0.0,0.0,0.0000,0.0000,2.5165,-1.0509,0.8717,134.6250,enc,0.0000
1786096580.166919,0.0000,0.0,0.0,0.0000,0.0000,2.5165,-1.0509,0.8717,134.6250,enc,0.0000
1786096580.166928,0.0000,0.0,0.0,0.0000,0.0000,2.5165,-1.0509,0.8717,134.6250,enc,0.0000
1786096580.455811,0.2889,0.0,0.0,0.0000,0.0000,2.5165,-1.0509,0.8717,134.6250,enc,0.0000
1786096580.497988,0.0422,0.0,0.0,0.0000,0.0000,2.5165,-1.0509,0.8717,134.6250,enc,0.0000
1786096580.677349,0.1794,0.0,0.0,0.0000,0.0000,2.5165,-1.0509,0.8717,134.6250,enc,0.0000
1786096580.677405,0.0001,0.0,0.0,0.0000,0.0000,2.5165,-1.0509,0.8717,134.6250,enc,0.0000
1786096580.782736,0.1053,0.0,0.0,0.0000,0.0000,2.5165,-1.0509,0.8717,134.6250,enc,0.0000
1786096580.782788,0.0001,0.0,0.0,0.0000,0.0000,2.5165,-1.0509,0.8717,134.6250,enc,0.0000
1786096581.163556,0.3808,0.0,0.0,0.0000,0.0000,2.5165,-1.0509,0.8717,134.7500,enc,0.0000
1786096581.308013,0.1445,0.0,0.0,0.0000,0.0000,2.5165,-1.0509,0.8717,134.8125,enc,0.0000
1786096581.308061,0.0000,0.0,0.0,0.0000,0.0000,2.5165,-1.0509,0.8717,134.8750,enc,0.0000
1786096581.365801,0.0577,0.0,0.0,0.0000,0.0000,2.5165,-1.0509,0.8717,134.8750,enc,0.0000
1786096581.365878,0.0001,0.0,0.0,0.0000,0.0000,2.5165,-1.0509,0.8717,134.8125,enc,0.0000
1786096581.397570,0.0317,0.0,0.0,0.0000,0.0000,2.5165,-1.0509,0.8717,134.8125,enc,0.0000
1786096581.457601,0.0600,0.0,0.0,0.0000,0.0000,2.5165,-1.0509,0.8717,134.8750,enc,0.0000
1786096581.663520,0.2059,0.0,0.0,0.0000,0.0000,2.5165,-1.0509,0.8717,134.8125,enc,0.0000
1786096581.677497,0.0140,0.0,0.0,0.0000,0.0000,2.5165,-1.0509,0.8717,134.8750,enc,0.0000
1786096581.797752,0.1203,0.0,0.0,0.0000,0.0000,2.5165,-1.0509,0.8717,134.8750,enc,0.0000
1786096581.849802,0.0521,0.0,0.0,0.0000,0.0000,2.5165,-1.0509,0.8717,134.8750,enc,0.0000
1786096582.080721,0.2309,0.0,0.0,0.0000,0.0000,2.5165,-1.0509,0.8717,134.8125,enc,0.0000
1786096582.080812,0.0001,0.0,0.0,0.0000,0.0000,2.5165,-1.0509,0.8717,134.8750,enc,0.0000
1786096582.213491,0.1327,0.0,0.0,0.0000,0.0000,2.5165,-1.0509,0.8717,134.8750,enc,0.0000
1786096582.309113,0.0956,0.0,0.0,0.0000,0.0000,2.5165,-1.0509,0.8717,134.8750,enc,0.0000
1786096582.600442,0.2913,0.0,0.0,0.0000,0.0000,2.5165,-1.0509,0.8717,134.8750,enc,0.0000
1786096582.600494,0.0001,0.0,0.0,0.0000,0.0000,2.5165,-1.0509,0.8717,134.8750,enc,0.0000
1786096582.601773,0.0013,0.0,0.0,0.0000,0.0000,2.5165,-1.0509,0.8717,134.8750,enc,0.0000
1786096582.725787,0.1240,0.0,0.0,0.0000,0.0000,2.5165,-1.0509,0.8717,134.8750,enc,0.0000
1786096582.891038,0.1653,0.0,0.0,0.0000,0.0000,2.5165,-1.0509,0.8717,134.8750,enc,0.0000
1786096582.966135,0.0751,0.0,0.0,0.0000,0.0000,2.5165,-1.0509,0.8717,134.8750,enc,0.0000
1786096583.036636,0.0705,0.0,0.0,0.0000,0.0000,2.5165,-1.0509,0.8717,134.8750,enc,0.0000
1786096583.190818,0.1542,0.0,0.0,0.0000,0.0000,2.5165,-1.0509,0.8717,134.8750,enc,0.0000
1786096583.246328,0.0555,0.0,0.0,0.0000,0.0000,2.5165,-1.0509,0.8717,134.8750,enc,0.0000
1786096583.309730,0.0634,0.0,0.0,0.0000,0.0000,2.5165,-1.0509,0.8717,134.8750,enc,0.0000
1786096583.410479,0.1007,0.0,0.0,0.0000,0.0000,2.5165,-1.0509,0.8717,134.8750,enc,0.0000
1786096583.543140,0.1327,0.0,0.0,0.0000,0.0000,2.5165,-1.0509,0.8717,134.8750,enc,0.0000
1786096583.630978,0.0878,0.0,0.0,0.0000,0.0000,2.5165,-1.0509,0.8717,134.8750,enc,0.0000
1786096583.779363,0.1484,0.0,0.0,0.0000,0.0000,2.5165,-1.0509,0.8717,134.8750,enc,0.0000
1786096583.848669,0.0693,0.0,0.0,0.0000,0.0000,2.5165,-1.0509,0.8717,134.8750,enc,0.0000
1786096584.049923,0.2013,0.0,0.0,0.0000,0.0000,2.5165,-1.0509,0.8717,134.8125,enc,0.0000
1786096584.054202,0.0043,0.0,0.0,0.0000,0.0000,2.5165,-1.0509,0.8717,134.8125,enc,0.0000
1786096584.136489,0.0823,0.0,0.0,0.0000,0.0000,2.5165,-1.0509,0.8717,134.8125,enc,0.0000
1786096584.726300,0.5898,0.0,0.0,0.0000,0.0000,2.5165,-1.0509,0.8717,134.8125,enc,0.0000
1786096584.726348,0.0000,0.0,0.0,0.0000,0.0000,2.5165,-1.0509,0.8717,134.8125,enc,0.0000
1786096584.726361,0.0000,0.0,0.0,0.0000,0.0000,2.5165,-1.0509,0.8717,134.8125,enc,0.0000
1786096584.731919,0.0056,0.0,0.0,0.0000,0.0000,2.5165,-1.0509,0.8717,134.8125,enc,0.0000
1786096584.731952,0.0000,0.0,0.0,0.0000,0.0000,2.5165,-1.0509,0.8717,134.8125,enc,0.0000
1786096584.766479,0.0345,0.0,0.0,0.0000,0.0000,2.5165,-1.0509,0.8717,134.8125,enc,0.0000
1786096585.224671,0.4582,0.0,0.0,0.0000,0.0000,2.5165,-1.0509,0.8717,134.8125,enc,0.0000
1786096585.224751,0.0001,0.0,0.0,0.0000,0.0000,2.5165,-1.0509,0.8717,134.8125,enc,0.0000
1786096585.224764,0.0000,0.0,0.0,0.0000,0.0000,2.5165,-1.0509,0.8717,134.8125,enc,0.0000
1786096585.224774,0.0000,0.0,0.0,0.0000,0.0000,2.5165,-1.0509,0.8717,134.8125,enc,0.0000
1786096585.340069,0.1153,0.0,0.0,0.0000,0.0000,2.5165,-1.0509,0.8717,134.8125,enc,0.0000
1786096586.271668,0.9316,0.0,0.0,0.0000,0.0000,2.5165,-1.0509,0.8717,134.8125,enc,0.0000
1786096586.271735,0.0001,0.0,0.0,0.0000,0.0000,2.5165,-1.0509,0.8717,134.8125,enc,0.0000
1786096586.271748,0.0000,0.0,0.0,0.0000,0.0000,2.5165,-1.0509,0.8717,134.8125,enc,0.0000
1786096586.271758,0.0000,0.0,0.0,0.0000,0.0000,2.5165,-1.0509,0.8717,134.8125,enc,0.0000
1786096586.271766,0.0000,0.0,0.0,0.0000,0.0000,2.5165,-1.0509,0.8717,134.8750,enc,0.0000
1786096586.271779,0.0000,0.0,0.0,0.0000,0.0000,2.5165,-1.0509,0.8717,134.8750,enc,0.0000
1786096586.271787,0.0000,0.0,0.0,0.0000,0.0000,2.5165,-1.0509,0.8717,134.8750,enc,0.0000
1786096586.271795,0.0000,0.0,0.0,0.0000,0.0000,2.5165,-1.0509,0.8717,134.8750,enc,0.0000
1786096586.271804,0.0000,0.0,0.0,0.0000,0.0000,2.5165,-1.0509,0.8717,134.8750,enc,0.0000
1786096586.404480,0.1327,0.0,0.0,0.0000,0.0000,2.5165,-1.0509,0.8717,134.8750,enc,0.0000
1786096586.417196,0.0127,0.0,0.0,0.0000,0.0000,2.5165,-1.0509,0.8717,134.8750,enc,0.0000
1786096588.132011,1.7148,0.0,0.0,0.0000,0.0000,2.5165,-1.0509,0.8717,134.8750,enc,0.0000
1786096588.132070,0.0001,0.0,0.0,0.0000,0.0000,2.5165,-1.0509,0.8717,134.8750,enc,0.0000
1786096588.132096,0.0000,0.0,0.0,0.0000,0.0000,2.5165,-1.0509,0.8717,134.8750,enc,0.0000
1786096588.132106,0.0000,0.0,0.0,0.0000,0.0000,2.5165,-1.0509,0.8717,134.8750,enc,0.0000
1786096588.132115,0.0000,0.0,0.0,0.0000,0.0000,2.5165,-1.0509,0.8717,134.8750,enc,0.0000
1786096588.208922,0.0768,0.0,0.0,0.0000,0.0000,2.5165,-1.0509,0.8717,134.8750,enc,0.0000
1786096588.208988,0.0001,0.0,0.0,0.0000,0.0000,2.5165,-1.0509,0.8717,134.8750,enc,0.0000
1786096588.209003,0.0000,0.0,0.0,0.0000,0.0000,2.5165,-1.0509,0.8717,134.8750,enc,0.0000
1786096588.209014,0.0000,0.0,0.0,0.0000,0.0000,2.5165,-1.0509,0.8717,134.8750,enc,0.0000
1786096588.209023,0.0000,0.0,0.0,0.0000,0.0000,2.5165,-1.0509,0.8717,134.8750,enc,0.0000
1786096588.209032,0.0000,0.0,0.0,0.0000,0.0000,2.5165,-1.0509,0.8717,134.8750,enc,0.0000
1786096588.209040,0.0000,0.0,0.0,0.0000,0.0000,2.5165,-1.0509,0.8717,134.8750,enc,0.0000
1786096588.209048,0.0000,0.0,0.0,0.0000,0.0000,2.5165,-1.0509,0.8717,134.8750,enc,0.0000
1786096588.209056,0.0000,0.0,0.0,0.0000,0.0000,2.5165,-1.0509,0.8717,134.8750,enc,0.0000
1786096588.209064,0.0000,0.0,0.0,0.0000,0.0000,2.5165,-1.0509,0.8717,134.8750,enc,0.0000
1786096588.209072,0.0000,0.0,0.0,0.0000,0.0000,2.5165,-1.0509,0.8717,134.8750,enc,0.0000
1786096588.209080,0.0000,0.0,0.0,0.0000,0.0000,2.5165,-1.0509,0.8717,134.9375,enc,0.0000
1786096588.548819,0.3397,0.0,0.0,0.0000,0.0000,2.5165,-1.0509,0.8717,134.9375,enc,0.0000
1786096588.548969,0.0001,0.0,0.0,0.0000,0.0000,2.5165,-1.0509,0.8717,134.9375,enc,0.0000
1786096588.576014,0.0270,0.0,0.0,0.0000,0.0000,2.5165,-1.0509,0.8717,134.9375,enc,0.0000
1786096589.074600,0.4986,0.0,0.0,0.0000,0.0000,2.5165,-1.0509,0.8717,134.9375,enc,0.0000
1786096589.074678,0.0001,0.0,0.0,0.0000,0.0000,2.5165,-1.0509,0.8717,134.9375,enc,0.0000
1786096589.074690,0.0000,0.0,0.0,0.0000,0.0000,2.5165,-1.0509,0.8717,134.9375,enc,0.0000
1786096589.074700,0.0000,0.0,0.0,0.0000,0.0000,2.5165,-1.0509,0.8717,134.9375,enc,0.0000
1786096589.588456,0.5138,0.0,0.0,0.0000,0.0000,2.5165,-1.0509,0.8717,134.9375,enc,0.0000
1786096589.588505,0.0000,0.0,0.0,0.0000,0.0000,2.5165,-1.0509,0.8717,134.9375,enc,0.0000
1786096589.588518,0.0000,0.0,0.0,0.0000,0.0000,2.5165,-1.0509,0.8717,134.9375,enc,0.0000
1786096589.588527,0.0000,0.0,0.0,0.0000,0.0000,2.5165,-1.0509,0.8717,134.9375,enc,0.0000
1786096589.588540,0.0000,0.0,0.0,0.0000,0.0000,2.5165,-1.0509,0.8717,134.9375,enc,0.0000
1786096589.723258,0.1347,0.0,0.0,0.0000,0.0000,2.5165,-1.0509,0.8717,134.9375,enc,0.0000
1786096589.723335,0.0001,0.0,0.0,0.0000,0.0000,2.5165,-1.0509,0.8717,134.9375,enc,0.0000
1786096589.840249,0.1169,0.0,0.0,0.0000,0.0000,2.5165,-1.0509,0.8717,134.9375,enc,0.0000
1786096589.879094,0.0388,0.0,0.0,0.0000,0.0000,2.5165,-1.0509,0.8717,135.0625,enc,0.0000
1786096589.963317,0.0842,0.0,0.0,0.0000,0.0000,2.5165,-1.0509,0.8717,135.0625,enc,0.0000
1786096590.295585,0.3323,0.0,0.0,0.0000,0.0000,2.5165,-1.0509,0.8717,135.1250,enc,0.0000
1786096590.295636,0.0001,0.0,0.0,0.0000,0.0000,2.5165,-1.0509,0.8717,135.1250,enc,0.0000
1786096590.524753,0.2291,0.0,0.0,0.0000,0.0000,2.5165,-1.0509,0.8717,135.1250,enc,0.0000
1786096590.524797,0.0000,0.0,0.0,0.0000,0.0000,2.5165,-1.0509,0.8717,135.1250,enc,0.0000
1786096590.524810,0.0000,0.0,0.0,0.0000,0.0000,2.5165,-1.0509,0.8717,135.1250,enc,0.0000
1786096590.770909,0.2461,0.0,0.0,0.0000,0.0000,2.5165,-1.0509,0.8717,135.1250,enc,0.0000
1786096591.929040,1.1581,0.0,0.0,0.0000,0.0000,2.5165,-1.0509,0.8717,135.1250,enc,0.0000
1786096591.929097,0.0001,0.0,0.0,0.0000,0.0000,2.5165,-1.0509,0.8717,135.1250,enc,0.0000
1786096591.929110,0.0000,0.0,0.0,0.0000,0.0000,2.5165,-1.0509,0.8717,135.1250,enc,0.0000
1786096591.929121,0.0000,0.0,0.0,0.0000,0.0000,2.5165,-1.0509,0.8717,135.1250,enc,0.0000
1786096591.929131,0.0000,0.0,0.0,0.0000,0.0000,2.5165,-1.0509,0.8717,0.0000,enc,0.0000
1786096591.929140,0.0000,0.0,0.0,0.0000,0.0000,2.5165,-1.0509,0.8717,0.0000,enc,0.0000
1786096591.929149,0.0000,0.0,0.0,0.0000,0.0000,2.5165,-1.0509,0.8717,0.0000,enc,0.0000
1786096591.929157,0.0000,0.0,0.0,0.0000,0.0000,2.5165,-1.0509,0.8717,0.0000,enc,0.0000
1786096591.929166,0.0000,0.0,0.0,0.0000,0.0000,2.5165,-1.0509,0.8717,0.0000,enc,0.0000
1786096591.929174,0.0000,0.0,0.0,0.0000,0.0000,2.5165,-1.0509,0.8717,0.0000,enc,0.0000
1786096591.929182,0.0000,0.02900294028222561,0.0026713234838098288,0.0001,-0.0004,2.5165,-1.0509,0.8717,0.0000,enc,0.0001
1786096592.056583,0.1274,0.0,0.0,0.0000,0.0000,2.5165,-1.0509,0.8717,0.0000,enc,0.0000
1786096592.056631,0.0000,0.0,0.0,0.0000,0.0000,2.5165,-1.0509,0.8717,0.0000,enc,0.0000
1786096592.056644,0.0000,0.0,0.0,0.0000,0.0000,2.5165,-1.0509,0.8717,0.0000,enc,0.0000
1786096592.302930,0.2463,0.0,0.0,0.0000,0.0000,2.5165,-1.0509,0.8717,0.0000,enc,0.0000
1786096595.176881,2.8740,0.0,0.0,0.0000,0.0000,2.5165,-1.0509,0.8717,0.0000,enc,0.0000
1786096595.177860,0.0010,0.0,0.0,0.0000,0.0000,2.5165,-1.0509,0.8717,0.0000,enc,0.0000
1786096595.177874,0.0000,0.0,0.0,0.0000,0.0000,2.5165,-1.0509,0.8717,0.0000,enc,0.0000
1786096595.177884,0.0000,0.0,0.0,0.0000,0.0000,2.5165,-1.0509,0.8717,0.0000,enc,0.0000
1786096595.177893,0.0000,0.0,0.0,0.0000,0.0000,2.5165,-1.0509,0.8717,0.0000,enc,0.0000
1786096595.177903,0.0000,0.0,0.0,0.0000,0.0000,2.5165,-1.0509,0.8717,0.0000,enc,0.0000
1786096595.177911,0.0000,0.029015090316534042,0.0026724424678832293,0.0001,-0.0004,2.5165,-1.0509,0.8717,0.0000,enc,0.0001
1786096595.177922,0.0000,0.0,0.0,0.0000,0.0000,2.5165,-1.0509,0.8717,0.0000,enc,0.0000
1786096595.177932,0.0000,0.0,0.0,0.0000,0.0000,2.5165,-1.0509,0.8717,0.0000,enc,0.0000
1786096595.177940,0.0000,0.0,0.0,0.0000,0.0000,2.5165,-1.0509,0.8717,0.0000,enc,0.0000
1786096595.177949,0.0000,0.0,0.0,0.0000,0.0000,2.5165,-1.0509,0.8717,0.0000,enc,0.0000
1786096595.177957,0.0000,0.0,0.0,0.0000,0.0000,2.5165,-1.0509,0.8717,0.0000,enc,0.0000
1786096595.177971,0.0000,0.0,0.0,0.0000,0.0000,2.5165,-1.0509,0.8717,0.0000,enc,0.0000
1786096595.177980,0.0000,0.0,0.0,0.0000,0.0000,2.5165,-1.0509,0.8717,0.0000,enc,0.0000
1786096595.177988,0.0000,0.0,0.0,0.0000,0.0000,2.5165,-1.0509,0.8717,0.0000,enc,0.0000
1786096595.177997,0.0000,0.0,0.0,0.0000,0.0000,2.5165,-1.0509,0.8717,0.0000,enc,0.0000
1786096595.178005,0.0000,0.0,0.0,0.0000,0.0000,2.5165,-1.0509,0.8717,0.0000,enc,0.0000
1786096595.178014,0.0000,0.0,0.0,0.0000,0.0000,2.5165,-1.0509,0.8717,0.0000,enc,0.0000
1786096595.178022,0.0000,0.0,0.0,0.0000,0.0000,2.5165,-1.0509,0.8717,0.0000,enc,0.0000
1786096595.178031,0.0000,0.0,0.0,0.0000,0.0000,2.5165,-1.0509,0.8717,0.0000,enc,0.0000
1786096595.178040,0.0000,0.0,0.0,0.0000,0.0000,2.5165,-1.0509,0.8717,0.0000,enc,0.0000
1786096595.178048,0.0000,0.0,0.0,0.0000,0.0000,2.5165,-1.0509,0.8717,0.0000,enc,0.0000
1786096595.178056,0.0000,0.0,0.0,0.0000,0.0000,2.5165,-1.0509,0.8717,0.0000,enc,0.0000
1786096595.178065,0.0000,0.0,0.0,0.0000,0.0000,2.5165,-1.0509,0.8717,0.0000,enc,0.0000
1786096595.178074,0.0000,0.0,0.0,0.0000,0.0000,2.5165,-1.0509,0.8717,0.0000,enc,0.0000
1786096595.178082,0.0000,0.0,0.0,0.0000,0.0000,2.5165,-1.0509,0.8717,0.0000,enc,0.0000
1786096595.178091,0.0000,0.0,0.0,0.0000,0.0000,2.5165,-1.0509,0.8717,0.0000,enc,0.0000
1786096595.178099,0.0000,0.0,0.0,0.0000,0.0000,2.5165,-1.0509,0.8717,0.0000,enc,0.0000
1786096595.800151,0.6221,0.0,0.0,0.0000,0.0000,2.5165,-1.0509,0.8717,0.0000,enc,0.0000
1786096595.800357,0.0002,0.0,0.0,0.0000,0.0000,2.5165,-1.0509,0.8717,0.0000,enc,0.0000
1786096595.800375,0.0000,0.0,0.0,0.0000,0.0000,2.5165,-1.0509,0.8717,0.0000,enc,0.0000
1786096595.816544,0.0162,0.0,0.0,0.0000,0.0000,2.5165,-1.0509,0.8717,0.0000,enc,0.0000
1786096597.245722,1.4292,0.0,0.0,0.0000,0.0000,2.5165,-1.0509,0.8717,0.0000,enc,0.0000
1786096597.245776,0.0001,0.0,0.0,0.0000,0.0000,2.5165,-1.0509,0.8717,0.0000,enc,0.0000
1786096597.245788,0.0000,0.0,0.0,0.0000,0.0000,2.5165,-1.0509,0.8717,0.0000,enc,0.0000
1786096597.245798,0.0000,0.0,0.0,0.0000,0.0000,2.5165,-1.0509,0.8717,0.0000,enc,0.0000
1786096597.245807,0.0000,0.0,0.0,0.0000,0.0000,2.5165,-1.0509,0.8717,0.0000,enc,0.0000
1786096597.245816,0.0000,0.0,0.0,0.0000,0.0000,2.5165,-1.0509,0.8717,0.0000,enc,0.0000
1786096597.245824,0.0000,0.0,0.0,0.0000,0.0000,2.5165,-1.0509,0.8717,0.0000,enc,0.0000
1786096597.245832,0.0000,0.0,0.0,0.0000,0.0000,2.5165,-1.0509,0.8717,0.0000,enc,0.0000
1786096597.245840,0.0000,0.0,0.0,0.0000,0.0000,2.5165,-1.0509,0.8717,0.0000,enc,0.0000
1786096597.254194,0.0084,0.0,0.0,0.0000,0.0000,2.5165,-1.0509,0.8717,0.0000,enc,0.0000
1786096597.254224,0.0000,0.0,0.0,0.0000,0.0000,2.5165,-1.0509,0.8717,0.0000,enc,0.0000
1786096597.254245,0.0000,0.0,0.0,0.0000,0.0000,2.5165,-1.0509,0.8717,0.0000,enc,0.0000
1786096597.254254,0.0000,0.0,0.0,0.0000,0.0000,2.5165,-1.0509,0.8717,0.0000,enc,0.0000
1786096597.254263,0.0000,0.0,0.0,0.0000,0.0000,2.5165,-1.0509,0.8717,0.0000,enc,0.0000
1786096597.254272,0.0000,0.0,0.0,0.0000,0.0000,2.5165,-1.0509,0.8717,0.0000,enc,0.0000
1786096598.553646,1.2994,0.0,0.0,0.0000,0.0000,2.5165,-1.0509,0.8717,0.0000,enc,0.0000
1786096598.553707,0.0001,0.0,0.0,0.0000,0.0000,2.5165,-1.0509,0.8717,0.0000,enc,0.0000
1786096598.553720,0.0000,0.0,0.0,0.0000,0.0000,2.5165,-1.0509,0.8717,0.0000,enc,0.0000
1786096598.553730,0.0000,0.0,0.0,0.0000,0.0000,2.5165,-1.0509,0.8717,0.0000,enc,0.0000
1786096598.696630,0.1429,0.0,0.0,0.0000,0.0000,2.5165,-1.0509,0.8717,0.0000,enc,0.0000
1786096598.696699,0.0001,0.0,0.0,0.0000,0.0000,2.5165,-1.0509,0.8717,0.0000,enc,0.0000
1786096598.696712,0.0000,0.0,0.0,0.0000,0.0000,2.5165,-1.0509,0.8717,0.0000,enc,0.0000
1786096598.696722,0.0000,0.0,0.0,0.0000,0.0000,2.5165,-1.0509,0.8717,0.0000,enc,0.0000
1786096598.696731,0.0000,0.0,0.0,0.0000,0.0000,2.5165,-1.0509,0.8717,0.0000,enc,0.0000
1786096598.696739,0.0000,0.0,0.0,0.0000,0.0000,2.5165,-1.0509,0.8717,0.0000,enc,0.0000
1786096598.696749,0.0000,0.0,0.0,0.0000,0.0000,2.5165,-1.0509,0.8717,0.0000,enc,0.0000
1786096598.696763,0.0000,0.0,0.0,0.0000,0.0000,2.5165,-1.0509,0.8717,0.0000,enc,0.0000
1786096598.696772,0.0000,0.0,0.0,0.0000,0.0000,2.5165,-1.0509,0.8717,0.0000,enc,0.0000
1786096598.696780,0.0000,0.0,0.0,0.0000,0.0000,2.5165,-1.0509,0.8717,0.0000,enc,0.0000
1786096598.696788,0.0000,0.029027381911873817,0.002673574723303318,0.0001,-0.0004,2.5165,-1.0509,0.8717,0.0000,enc,0.0001
1786096599.155262,0.4585,0.0,0.0,0.0000,0.0000,2.5165,-1.0509,0.8717,0.0000,enc,0.0000
1786096599.155307,0.0000,0.0,0.0,0.0000,0.0000,2.5165,-1.0509,0.8717,0.0000,enc,0.0000
1786096599.404942,0.2496,0.0,0.0,0.0000,0.0000,2.5165,-1.0509,0.8717,0.0000,enc,0.0000
1786096599.409622,0.0047,0.0,0.0,0.0000,0.0000,2.5165,-1.0509,0.8717,0.0000,enc,0.0000
1786096599.409652,0.0000,0.0,0.0,0.0000,0.0000,2.5165,-1.0509,0.8717,0.0000,enc,0.0000
1786096599.409663,0.0000,0.0,0.0,0.0000,0.0000,2.5165,-1.0509,0.8717,0.0000,enc,0.0000
1786096599.409674,0.0000,0.0,0.0,0.0000,0.0000,2.5165,-1.0509,0.8717,0.0000,enc,0.0000
1786096599.494822,0.0851,0.0,0.0,0.0000,0.0000,2.5165,-1.0509,0.8717,0.0000,enc,0.0000
1786096599.625317,0.1305,0.0,0.0,0.0000,0.0000,2.5165,-1.0509,0.8717,0.0000,enc,0.0000
1786096599.712208,0.0869,0.0,0.0,0.0000,0.0000,2.5165,-1.0509,0.8717,0.0000,enc,0.0000
1786096599.823720,0.1115,0.0,0.0,0.0000,0.0000,2.5165,-1.0509,0.8717,0.0000,enc,0.0000
1786096599.927587,0.1039,0.0,0.0,0.0000,0.0000,2.5165,-1.0509,0.8717,0.0000,enc,0.0000
1786096599.986700,0.0591,0.0,0.0,0.0000,0.0000,2.5165,-1.0509,0.8717,0.0000,enc,0.0000
1786096600.096699,0.1100,0.0,0.0,0.0000,0.0000,2.5165,-1.0509,0.8717,0.0000,enc,0.0000
1786096600.195076,0.0984,0.0,0.0,0.0000,0.0000,2.5165,-1.0509,0.8717,0.0000,enc,0.0000
1786096600.302807,0.1077,0.0,0.0,0.0000,0.0000,2.5165,-1.0509,0.8717,0.0000,enc,0.0000
1786096600.386023,0.0832,0.0,0.0,0.0000,0.0000,2.5165,-1.0509,0.8717,0.0000,enc,0.0000
1786096600.550462,0.1644,0.0,0.0,0.0000,0.0000,2.5165,-1.0509,0.8717,0.0000,enc,0.0000
1786096600.593321,0.0429,0.0,0.0,0.0000,0.0000,2.5165,-1.0509,0.8717,0.0000,enc,0.0000
1786096600.694151,0.1008,0.0,0.0,0.0000,0.0000,2.5165,-1.0509,0.8717,0.0000,enc,0.0000
1786096600.792898,0.0987,0.0,0.0,0.0000,0.0000,2.5165,-1.0509,0.8717,0.0000,enc,0.0000
1786096600.902555,0.1097,0.0,0.0,0.0000,0.0000,2.5165,-1.0509,0.8717,0.0000,enc,0.0000
1786096601.023326,0.1208,0.0,0.0,0.0000,0.0000,2.5165,-1.0509,0.8717,0.0000,enc,0.0000
1786096601.105896,0.0826,0.0,0.0,0.0000,0.0000,2.5165,-1.0509,0.8717,0.0000,enc,0.0000
1786096601.230593,0.1247,0.0,0.0,0.0000,0.0000,2.5165,-1.0509,0.8717,0.0000,enc,0.0000
1786096601.331919,0.1013,0.0,0.0,0.0000,0.0000,2.5165,-1.0509,0.8717,0.0000,enc,0.0000
1786096601.431537,0.0996,0.0,0.0,0.0000,0.0000,2.5165,-1.0509,0.8717,0.0000,enc,0.0000
1786096601.552052,0.1205,0.0,0.0,0.0000,0.0000,2.5165,-1.0509,0.8717,0.0000,enc,0.0000
1786096601.667965,0.1159,0.0,0.0,0.0000,0.0000,2.5165,-1.0509,0.8717,0.0000,enc,0.0000
1786096601.742466,0.0745,0.0,0.0,0.0000,0.0000,2.5165,-1.0509,0.8717,0.0000,enc,0.0000
1786096601.877254,0.1348,0.0,0.0,0.0000,0.0000,2.5165,-1.0509,0.8717,0.0000,enc,0.0000
1786096601.956946,0.0797,0.0,0.0,0.0000,0.0000,2.5165,-1.0509,0.8717,0.0000,enc,0.0000
1786096602.072361,0.1154,0.0,0.0,0.0000,0.0000,2.5165,-1.0509,0.8717,0.0000,enc,0.0000
1786096602.166029,0.0937,0.0,0.0,0.0000,0.0000,2.5165,-1.0509,0.8717,0.0000,enc,0.0000
1786096602.263397,0.0974,0.0,0.0,0.0000,0.0000,2.5165,-1.0509,0.8717,0.0000,enc,0.0000
1786096602.377964,0.1146,0.0,0.0,0.0000,0.0000,2.5165,-1.0509,0.8717,0.0000,enc,0.0000
1786096602.482182,0.1042,0.0,0.0,0.0000,0.0000,2.5165,-1.0509,0.8717,0.0000,enc,0.0000
1786096602.578623,0.0964,0.0,0.0,0.0000,0.0000,2.5165,-1.0509,0.8717,0.0000,enc,0.0000
1786096602.679026,0.1004,0.0,0.0,0.0000,0.0000,2.5165,-1.0509,0.8717,0.0000,enc,0.0000
1786096602.783082,0.1041,0.0,0.0,0.0000,0.0000,2.5165,-1.0509,0.8717,0.0000,enc,0.0000
1786096602.891552,0.1085,0.0,0.0,0.0000,0.0000,2.5165,-1.0509,0.8717,0.0000,enc,0.0000
1786096602.990081,0.0985,0.0,0.0,0.0000,0.0000,2.5165,-1.0509,0.8717,0.0000,enc,0.0000
1786096603.155351,0.1653,0.0,0.0,0.0000,0.0000,2.5165,-1.0509,0.8717,0.0000,enc,0.0000
1786096603.199403,0.0441,0.0,0.0,0.0000,0.0000,2.5165,-1.0509,0.8717,0.0000,enc,0.0000
1786096603.301209,0.1018,0.0,0.0,0.0000,0.0000,2.5165,-1.0509,0.8717,0.0000,enc,0.0000
1786096603.410231,0.1090,0.0,0.0,0.0000,0.0000,2.5165,-1.0509,0.8717,0.0000,enc,0.0000
1786096603.521981,0.1117,0.0,0.0,0.0000,0.0000,2.5165,-1.0509,0.8717,0.0000,enc,0.0000
1786096603.615253,0.0933,0.0,0.0,0.0000,0.0000,2.5165,-1.0509,0.8717,0.0000,enc,0.0000
1786096603.739982,0.1247,0.0,0.0,0.0000,0.0000,2.5165,-1.0509,0.8717,0.0000,enc,0.0000
1786096603.827822,0.0878,0.0,0.0,0.0000,0.0000,2.5165,-1.0509,0.8717,0.0000,enc,0.0000
1786096603.927331,0.0995,0.0,0.0,0.0000,0.0000,2.5165,-1.0509,0.8717,0.0000,enc,0.0000
1786096604.034053,0.1067,0.0,0.0,0.0000,0.0000,2.5165,-1.0509,0.8717,0.0000,enc,0.0000
1786096604.134503,0.1005,0.0,0.0,0.0000,0.0000,2.5165,-1.0509,0.8717,0.0000,enc,0.0000
1786096604.242624,0.1081,0.0,0.0,0.0000,0.0000,2.5165,-1.0509,0.8717,0.0000,enc,0.0000
1786096604.346939,0.1043,0.0,0.0,0.0000,0.0000,2.5165,-1.0509,0.8717,0.0000,enc,0.0000
1786096604.446988,0.1000,0.0,0.0,0.0000,0.0000,2.5165,-1.0509,0.8717,0.0000,enc,0.0000
1786096604.553503,0.1065,0.0,0.0,0.0000,0.0000,2.5165,-1.0509,0.8717,0.0000,enc,0.0000
1786096604.680221,0.1267,0.0,0.0,0.0000,0.0000,2.5165,-1.0509,0.8717,0.0000,enc,0.0000
1786096604.807670,0.1274,0.0,0.0,0.0000,0.0000,2.5165,-1.0509,0.8717,0.0000,enc,0.0000
1786096604.902200,0.0945,0.0,0.0,0.0000,0.0000,2.5165,-1.0509,0.8717,0.0000,enc,0.0000
1786096605.036418,0.1342,0.0,0.0,0.0000,0.0000,2.5165,-1.0509,0.8717,0.0000,enc,0.0000
1786096605.266375,0.2300,0.0,0.0,0.0000,0.0000,2.5165,-1.0509,0.8717,0.0000,enc,0.0000
1786096605.266445,0.0001,0.0,0.0,0.0000,0.0000,2.5165,-1.0509,0.8717,0.0000,enc,0.0000
1786096605.301170,0.0347,0.0,0.0,0.0000,0.0000,2.5165,-1.0509,0.8717,0.0000,enc,0.0000
1786096605.632845,0.3317,0.0,0.0,0.0000,0.0000,2.5165,-1.0509,0.8717,0.0000,enc,0.0000
1786096605.632910,0.0001,0.0,0.0,0.0000,0.0000,2.5165,-1.0509,0.8717,0.0000,enc,0.0000
1786096605.632935,0.0000,0.0,0.0,0.0000,0.0000,2.5165,-1.0509,0.8717,0.0000,enc,0.0000
1786096605.778160,0.1452,0.0,0.0,0.0000,0.0000,2.5165,-1.0509,0.8717,0.0000,enc,0.0000
1786096605.815261,0.0371,0.0,0.0,0.0000,0.0000,2.5165,-1.0509,0.8717,0.0000,enc,0.0000
1786096606.037514,0.2223,0.0,0.0,0.0000,0.0000,2.5165,-1.0509,0.8717,0.0000,enc,0.0000
1786096606.037623,0.0001,0.0,0.0,0.0000,0.0000,2.5165,-1.0509,0.8717,0.0000,enc,0.0000
1786096606.132482,0.0949,0.0,0.0,0.0000,0.0000,2.5165,-1.0509,0.8717,0.0000,enc,0.0000
1786096606.293844,0.1614,0.0,0.0,0.0000,0.0000,2.5165,-1.0509,0.8717,0.0000,enc,0.0000
1786096606.337804,0.0440,0.0,0.0,0.0000,0.0000,2.5165,-1.0509,0.8717,0.0000,enc,0.0000
1786096606.547978,0.2102,0.0,0.0,0.0000,0.0000,2.5165,-1.0509,0.8717,0.0000,enc,0.0000
1786096606.549440,0.0015,0.0,0.0,0.0000,0.0000,2.5165,-1.0509,0.8717,0.0000,enc,0.0000
1786096606.833940,0.2845,0.0,0.0,0.0000,0.0000,2.5165,-1.0509,0.8717,0.0000,enc,0.0000
1786096606.833993,0.0001,0.0,0.0,0.0000,0.0000,2.5165,-1.0509,0.8717,0.0000,enc,0.0000
1786096606.886362,0.0524,0.0,0.0,0.0000,0.0000,2.5165,-1.0509,0.8717,0.0000,enc,0.0000
1786096607.152930,0.2666,0.0,0.0,0.0000,0.0000,2.5165,-1.0509,0.8717,0.0000,enc,0.0000
1786096607.152990,0.0001,0.0,0.0,0.0000,0.0000,2.5165,-1.0509,0.8717,0.0000,enc,0.0000
1786096607.301137,0.1481,0.0,0.0,0.0000,0.0000,2.5165,-1.0509,0.8717,0.0000,enc,0.0000
1786096607.301414,0.0003,0.0,0.0,0.0000,0.0000,2.5165,-1.0509,0.8717,0.0000,enc,0.0000
1786096607.370511,0.0691,0.0,0.0,0.0000,0.0000,2.5165,-1.0509,0.8717,0.0000,enc,0.0000
1786096607.558650,0.1881,0.0,0.0,0.0000,0.0000,2.5165,-1.0509,0.8717,0.0000,enc,0.0000
1786096607.585540,0.0269,0.0,0.0,0.0000,0.0000,2.5165,-1.0509,0.8717,0.0000,enc,0.0000
1786096607.813706,0.2282,0.0,0.0,0.0000,0.0000,2.5165,-1.0509,0.8717,0.0000,enc,0.0000
1786096607.813842,0.0001,0.0,0.0,0.0000,0.0000,2.5165,-1.0509,0.8717,0.0000,enc,0.0000
1786096607.886775,0.0729,0.0,0.0,0.0000,0.0000,2.5165,-1.0509,0.8717,0.0000,enc,0.0000
1786096608.062020,0.1752,0.0,0.0,0.0000,0.0000,2.5165,-1.0509,0.8717,0.0000,enc,0.0000
1786096608.112420,0.0504,0.0,0.0,0.0000,0.0000,2.5165,-1.0509,0.8717,0.0000,enc,0.0000
1786096608.305981,0.1936,0.0,0.0,0.0000,0.0000,2.5165,-1.0509,0.8717,0.0000,enc,0.0000
1786096608.329812,0.0238,0.0,0.0,0.0000,0.0000,2.5165,-1.0509,0.8717,0.0000,enc,0.0000
1786096608.563891,0.2341,0.0,0.0,0.0000,0.0000,2.5165,-1.0509,0.8717,0.0000,enc,0.0000
1786096608.564566,0.0007,0.0,0.0,0.0000,0.0000,2.5165,-1.0509,0.8717,0.0000,enc,0.0000
1786096608.620601,0.0560,0.0,0.0,0.0000,0.0000,2.5165,-1.0509,0.8717,0.0000,enc,0.0000
1786096608.809951,0.1893,0.0,0.0,0.0000,0.0000,2.5165,-1.0509,0.8717,0.0000,enc,0.0000
1786096608.831277,0.0213,0.0,0.0,0.0000,0.0000,2.5165,-1.0509,0.8717,0.0000,enc,0.0000
1786096609.056636,0.2254,0.0,0.0,0.0000,0.0000,2.5165,-1.0509,0.8717,0.0000,enc,0.0000
1786096609.056690,0.0001,0.0,0.0,0.0000,0.0000,2.5165,-1.0509,0.8717,0.0000,enc,0.0000
1786096609.143148,0.0865,0.0,0.0,0.0000,0.0000,2.5165,-1.0509,0.8717,0.0000,enc,0.0000
1786096609.314854,0.1717,0.0,0.0,0.0000,0.0000,2.5165,-1.0509,0.8717,0.0000,enc,0.0000
1786096609.351164,0.0363,0.0,0.0,0.0000,0.0000,2.5165,-1.0509,0.8717,0.0000,enc,0.0000
1786096609.567913,0.2167,0.0,0.0,0.0000,0.0000,2.5165,-1.0509,0.8717,0.0000,enc,0.0000
1786096609.599269,0.0314,0.0,0.0,0.0000,0.0000,2.5165,-1.0509,0.8717,0.0000,enc,0.0000
1786096609.822893,0.2236,0.0,0.0,0.0000,0.0000,2.5165,-1.0509,0.8717,0.0000,enc,0.0000
1786096609.823718,0.0008,0.0,0.0,0.0000,0.0000,2.5165,-1.0509,0.8717,0.0000,enc,0.0000
1786096609.893564,0.0698,0.0,0.0,0.0000,0.0000,2.5165,-1.0509,0.8717,0.0000,enc,0.0000
1786096610.071290,0.1777,0.0,0.0,0.0000,0.0000,2.5165,-1.0509,0.8717,0.0000,enc,0.0000
1786096610.078689,0.0074,0.0,0.0,0.0000,0.0000,2.5165,-1.0509,0.8717,0.0000,enc,0.0000
1786096610.186576,0.1079,0.0,0.0,0.0000,0.0000,2.5165,-1.0509,0.8717,0.0000,enc,0.0000
1786096610.311397,0.1248,0.0,0.0,0.0000,0.0000,2.5165,-1.0509,0.8717,0.0000,enc,0.0000
1786096610.407833,0.0964,0.0,0.0,0.0000,0.0000,2.5165,-1.0509,0.8717,0.0000,enc,0.0000
1786096610.510119,0.1023,0.0,0.0,0.0000,0.0000,2.5165,-1.0509,0.8717,0.0000,enc,0.0000
1786096610.614197,0.1041,0.0,0.0,0.0000,0.0000,2.5165,-1.0509,0.8717,0.0000,enc,0.0000
1786096610.711767,0.0976,0.0,0.0,0.0000,0.0000,2.5165,-1.0509,0.8717,0.0000,enc,0.0000
1786096610.868812,0.1570,0.0,0.0,0.0000,0.0000,2.5165,-1.0509,0.8717,0.0000,enc,0.0000
1786096610.980571,0.1118,0.0,0.0,0.0000,0.0000,2.5165,-1.0509,0.8717,0.0000,enc,0.0000
1786096611.035532,0.0550,0.0,0.0,0.0000,0.0000,2.5165,-1.0509,0.8717,0.0000,enc,0.0000
1786096611.141307,0.1058,0.0,0.0,0.0000,0.0000,2.5165,-1.0509,0.8717,0.0000,enc,0.0000
1786096611.248885,0.1076,0.0,0.0,0.0000,0.0000,2.5165,-1.0509,0.8717,0.0000,enc,0.0000
1786096611.337929,0.0890,0.0,0.0,0.0000,0.0000,2.5165,-1.0509,0.8717,0.0000,enc,0.0000
1786096611.440634,0.1027,0.0,0.0,0.0000,0.0000,2.5165,-1.0509,0.8717,0.0000,enc,0.0000
1786096611.569720,0.1291,0.0,0.0,0.0000,0.0000,2.5165,-1.0509,0.8717,0.0000,enc,0.0000
1786096611.648618,0.0789,0.0,0.0,0.0000,0.0000,2.5165,-1.0509,0.8717,0.0000,enc,0.0000
1786096611.752488,0.1039,0.0,0.0,0.0000,0.0000,2.5165,-1.0509,0.8717,0.0000,enc,0.0000
1786096611.858800,0.1063,0.0,0.0,0.0000,0.0000,2.5165,-1.0509,0.8717,0.0000,enc,0.0000
1786096611.957069,0.0983,0.0,0.0,0.0000,0.0000,2.5165,-1.0509,0.8717,0.0000,enc,0.0000
1786096612.066974,0.1099,0.0,0.0,0.0000,0.0000,2.5165,-1.0509,0.8717,0.0000,enc,0.0000
1786096612.177956,0.1110,0.0,0.0,0.0000,0.0000,2.5165,-1.0509,0.8717,0.0000,enc,0.0000
1786096612.282507,0.1046,0.0,0.0,0.0000,0.0000,2.5165,-1.0509,0.8717,0.0000,enc,0.0000
1786096612.388959,0.1065,0.0,0.0,0.0000,0.0000,2.5165,-1.0509,0.8717,0.0000,enc,0.0000
1786096612.489906,0.1009,0.0,0.0,0.0000,0.0000,2.5165,-1.0509,0.8717,0.0000,enc,0.0000
1786096612.587035,0.0971,0.0,0.0,0.0000,0.0000,2.5165,-1.0509,0.8717,0.0000,enc,0.0000
1786096612.690730,0.1037,0.0,0.0,0.0000,0.0000,2.5165,-1.0509,0.8717,0.0000,enc,0.0000
1786096612.794163,0.1034,0.0,0.0,0.0000,0.0000,2.5165,-1.0509,0.8717,0.0000,enc,0.0000
1786096612.904993,0.1108,0.0,0.0,0.0000,0.0000,2.5165,-1.0509,0.8717,0.0000,enc,0.0000
1786096613.002721,0.0977,0.0,0.0,0.0000,0.0000,2.5165,-1.0509,0.8717,0.0000,enc,0.0000
1786096613.108345,0.1056,0.0,0.0,0.0000,0.0000,2.5165,-1.0509,0.8717,0.0000,enc,0.0000
1786096613.212000,0.1037,0.0,0.0,0.0000,0.0000,2.5165,-1.0509,0.8717,0.0000,enc,0.0000
1786096613.327008,0.1150,0.0,0.0,0.0000,0.0000,2.5165,-1.0509,0.8717,0.0000,enc,0.0000
1786096613.419797,0.0928,0.0,0.0,0.0000,0.0000,2.5165,-1.0509,0.8717,0.0000,enc,0.0000
1786096613.532282,0.1125,0.0,0.0,0.0000,0.0000,2.5165,-1.0509,0.8717,0.0000,enc,0.0000
1786096613.637218,0.1049,0.0,0.0,0.0000,0.0000,2.5165,-1.0509,0.8717,0.0000,enc,0.0000
1786096613.743310,0.1061,0.0,0.0,0.0000,0.0000,2.5165,-1.0509,0.8717,0.0000,enc,0.0000
1786096613.844074,0.1008,0.0,0.0,0.0000,0.0000,2.5165,-1.0509,0.8717,0.0000,enc,0.0000
1786096613.955870,0.1118,0.0,0.0,0.0000,0.0000,2.5165,-1.0509,0.8717,0.0000,enc,0.0000
1786096614.052648,0.0968,0.0,0.0,0.0000,0.0000,2.5165,-1.0509,0.8717,0.0000,enc,0.0000
1786096614.148902,0.0963,0.0,0.0,0.0000,0.0000,2.5165,-1.0509,0.8717,0.0000,enc,0.0000
1786096614.268827,0.1199,0.0,0.0,0.0000,0.0000,2.5165,-1.0509,0.8717,0.0000,enc,0.0000
1786096614.360326,0.0915,0.0,0.0,0.0000,0.0000,2.5165,-1.0509,0.8717,0.0000,enc,0.0000
1786096614.477262,0.1169,0.0,0.0,0.0000,0.0000,2.5165,-1.0509,0.8717,0.0000,enc,0.0000
1786096614.577218,0.1000,0.0,0.0,0.0000,0.0000,2.5165,-1.0509,0.8717,0.0000,enc,0.0000
1786096614.683642,0.1064,0.0,0.0,0.0000,0.0000,2.5165,-1.0509,0.8717,0.0000,enc,0.0000
1786096614.786191,0.1025,0.0,0.0,0.0000,0.0000,2.5165,-1.0509,0.8717,0.0000,enc,0.0000
1786096614.937136,0.1509,0.0,0.0,0.0000,0.0000,2.5165,-1.0509,0.8717,0.0000,enc,0.0000
1786096614.987626,0.0505,0.0,0.0,0.0000,0.0000,2.5165,-1.0509,0.8717,0.0000,enc,0.0000
1786096615.093626,0.1060,0.0,0.0,0.0000,0.0000,2.5165,-1.0509,0.8717,0.0000,enc,0.0000
1786096615.196138,0.1025,0.0,0.0,0.0000,0.0000,2.5165,-1.0509,0.8717,0.0000,enc,0.0000
1786096615.345786,0.1496,0.0,0.0,0.0000,0.0000,2.5165,-1.0509,0.8717,0.0000,enc,0.0000
1786096615.415576,0.0698,0.0,0.0,0.0000,0.0000,2.5165,-1.0509,0.8717,0.0000,enc,0.0000
1786096615.550364,0.1348,0.0,0.0,0.0000,0.0000,2.5165,-1.0509,0.8717,0.0000,enc,0.0000
1786096615.628643,0.0783,0.0,0.0,0.0000,0.0000,2.5165,-1.0509,0.8717,0.0000,enc,0.0000
1786096615.793837,0.1652,0.0,0.0,0.0000,0.0000,2.5165,-1.0509,0.8717,0.0000,enc,0.0000
1786096615.831973,0.0381,0.0,0.0,0.0000,0.0000,2.5165,-1.0509,0.8717,0.0000,enc,0.0000
1786096615.968907,0.1369,0.0,0.0,0.0000,0.0000,2.5165,-1.0509,0.8717,0.0000,enc,0.0000
1786096616.051819,0.0829,0.0,0.0,0.0000,0.0000,2.5165,-1.0509,0.8717,0.0000,enc,0.0000
1786096616.152094,0.1003,0.0,0.0,0.0000,0.0000,2.5165,-1.0509,0.8717,0.0000,enc,0.0000
1786096616.324965,0.1729,0.0,0.0,0.0000,0.0000,2.5165,-1.0509,0.8717,0.0000,enc,0.0000
1786096616.366970,0.0420,0.0,0.0,0.0000,0.0000,2.5165,-1.0509,0.8717,0.0000,enc,0.0000
1786096616.475979,0.1090,0.0,0.0,0.0000,0.0000,2.5165,-1.0509,0.8717,0.0000,enc,0.0000
1786096616.566657,0.0907,0.0,0.0,0.0000,0.0000,2.5165,-1.0509,0.8717,0.0000,enc,0.0000
1786096616.671979,0.1053,0.0,0.0,0.0000,0.0000,2.5165,-1.0509,0.8717,0.0000,enc,0.0000
1786096616.781801,0.1098,0.0,0.0,0.0000,0.0000,2.5165,-1.0509,0.8717,0.0000,enc,0.0000
1786096616.868440,0.0866,0.0,0.0,0.0000,0.0000,2.5165,-1.0509,0.8717,0.0000,enc,0.0000
1786096616.978439,0.1100,0.0,0.0,0.0000,0.0000,2.5165,-1.0509,0.8717,0.0000,enc,0.0000
1786096617.080192,0.1018,0.0,0.0,0.0000,0.0000,2.5165,-1.0509,0.8717,0.0000,enc,0.0000
1786096617.188764,0.1086,0.0,0.0,0.0000,0.0000,2.5165,-1.0509,0.8717,0.0000,enc,0.0000
1786096617.293753,0.1050,0.0,0.0,0.0000,0.0000,2.5165,-1.0509,0.8717,0.0000,enc,0.0000
1786096617.390939,0.0972,0.0,0.0,0.0000,0.0000,2.5165,-1.0509,0.8717,0.0000,enc,0.0000
1786096617.491771,0.1008,0.0,0.0,0.0000,0.0000,2.5165,-1.0509,0.8717,0.0000,enc,0.0000
1786096617.598336,0.1066,0.0,0.0,0.0000,0.0000,2.5165,-1.0509,0.8717,0.0000,enc,0.0000
1786096617.700737,0.1024,0.0,0.0,0.0000,0.0000,2.5165,-1.0509,0.8717,0.0000,enc,0.0000
1786096617.803624,0.1029,0.0,0.0,0.0000,0.0000,2.5165,-1.0509,0.8717,0.0000,enc,0.0000
1786096617.909426,0.1058,0.0,0.0,0.0000,0.0000,2.5165,-1.0509,0.8717,0.0000,enc,0.0000
1786096618.017636,0.1082,0.0,0.0,0.0000,0.0000,2.5165,-1.0509,0.8717,0.0000,enc,0.0000
1786096618.119583,0.1019,0.0,0.0,0.0000,0.0000,2.5165,-1.0509,0.8717,0.0000,enc,0.0000
1786096618.220928,0.1013,0.0,0.0,0.0000,0.0000,2.5165,-1.0509,0.8717,0.0000,enc,0.0000
1786096618.336830,0.1159,0.0,0.0,0.0000,0.0000,2.5165,-1.0509,0.8717,0.0000,enc,0.0000
1786096618.438072,0.1012,0.0,0.0,0.0000,0.0000,2.5165,-1.0509,0.8717,0.0000,enc,0.0000
1786096618.556766,0.1187,0.0,0.0,0.0000,0.0000,2.5165,-1.0509,0.8717,0.0000,enc,0.0000
1786096618.653780,0.0970,0.0,0.0,0.0000,0.0000,2.5165,-1.0509,0.8717,0.0000,enc,0.0000
1786096618.754045,0.1003,0.0,0.0,0.0000,0.0000,2.5165,-1.0509,0.8717,0.0000,enc,0.0000
1786096618.874110,0.1201,0.0,0.0,0.0000,0.0000,2.5165,-1.0509,0.8717,0.0000,enc,0.0000
1786096618.976497,0.1024,0.0,0.0,0.0000,0.0000,2.5165,-1.0509,0.8717,0.0000,enc,0.0000
1786096619.068119,0.0916,0.0,0.0,0.0000,0.0000,2.5165,-1.0509,0.8717,0.0000,enc,0.0000
1786096619.173394,0.1053,0.0,0.0,0.0000,0.0000,2.5165,-1.0509,0.8717,0.0000,enc,0.0000
1786096619.270839,0.0974,0.0,0.0,0.0000,0.0000,2.5165,-1.0509,0.8717,0.0000,enc,0.0000
1786096619.373083,0.1022,0.0,0.0,0.0000,0.0000,2.5165,-1.0509,0.8717,0.0000,enc,0.0000
1786096619.475859,0.1028,0.0,0.0,0.0000,0.0000,2.5165,-1.0509,0.8717,0.0000,enc,0.0000
1786096619.588356,0.1125,0.0,0.0,0.0000,0.0000,2.5165,-1.0509,0.8717,0.0000,enc,0.0000
1786096619.692716,0.1044,0.0,0.0,0.0000,0.0000,2.5165,-1.0509,0.8717,0.0000,enc,0.0000
1786096619.795693,0.1030,0.0,0.0,0.0000,0.0000,2.5165,-1.0509,0.8717,0.0000,enc,0.0000
1786096619.895437,0.0997,0.0,0.0,0.0000,0.0000,2.5165,-1.0509,0.8717,0.0000,enc,0.0000
1786096620.000518,0.1051,0.0,0.0,0.0000,0.0000,2.5165,-1.0509,0.8717,0.0000,enc,0.0000
1786096620.103013,0.1025,0.0,0.0,0.0000,0.0000,2.5165,-1.0509,0.8717,0.0000,enc,0.0000
1786096620.263755,0.1607,0.0,0.0,0.0000,0.0000,2.5165,-1.0509,0.8717,0.0000,enc,0.0000
1786096620.315214,0.0515,0.0,0.0,0.0000,0.0000,2.5165,-1.0509,0.8717,0.0000,enc,0.0000
1786096620.518306,0.2031,0.0,0.0,0.0000,0.0000,2.5165,-1.0509,0.8717,0.0000,enc,0.0000
1786096620.522089,0.0038,0.0,0.0,0.0000,0.0000,2.5165,-1.0509,0.8717,0.0000,enc,0.0000
1786096620.772181,0.2501,0.0,0.0,0.0000,0.0000,2.5165,-1.0509,0.8717,0.0000,enc,0.0000
1786096620.772829,0.0006,0.0,0.0,0.0000,0.0000,2.5165,-1.0509,0.8717,0.0000,enc,0.0000
1786096620.833073,0.0602,0.0,0.0,0.0000,0.0000,2.5165,-1.0509,0.8717,0.0000,enc,0.0000
1786096621.030310,0.1972,0.0,0.0,0.0000,0.0000,2.5165,-1.0509,0.8717,0.0000,enc,0.0000
1786096621.040145,0.0098,0.0,0.0,0.0000,0.0000,2.5165,-1.0509,0.8717,0.0000,enc,0.0000
1786096621.283976,0.2438,0.0,0.0,0.0000,0.0000,2.5165,-1.0509,0.8717,0.0000,enc,0.0000
1786096621.315957,0.0320,0.0,0.0,0.0000,0.0000,2.5165,-1.0509,0.8717,0.0000,enc,0.0000
1786096621.527326,0.2114,0.0,0.0,0.0000,0.0000,2.5165,-1.0509,0.8717,0.0000,enc,0.0000
1786096621.527373,0.0000,0.0,0.0,0.0000,0.0000,2.5165,-1.0509,0.8717,0.0000,enc,0.0000
1786096621.578310,0.0509,0.0,0.0,0.0000,0.0000,2.5165,-1.0509,0.8717,0.0000,enc,0.0000
1786096621.797397,0.2191,0.0,0.0,0.0000,0.0000,2.5165,-1.0509,0.8717,0.0000,enc,0.0000
1786096621.797687,0.0003,0.0,0.0,0.0000,0.0000,2.5165,-1.0509,0.8717,0.0000,enc,0.0000
1786096622.025969,0.2283,0.0,0.0,0.0000,0.0000,2.5165,-1.0509,0.8717,0.0000,enc,0.0000
1786096622.026019,0.0001,0.0,0.0,0.0000,0.0000,2.5165,-1.0509,0.8717,0.0000,enc,0.0000
1786096622.099763,0.0737,0.0,0.0,0.0000,0.0000,2.5165,-1.0509,0.8717,0.0000,enc,0.0000
1786096622.278017,0.1783,0.0,0.0,0.0000,0.0000,2.5165,-1.0509,0.8717,0.0000,enc,0.0000
1786096622.322067,0.0440,0.0,0.0,0.0000,0.0000,2.5165,-1.0509,0.8717,0.0000,enc,0.0000
1786096622.616946,0.2949,0.0,0.0,0.0000,0.0000,2.5165,-1.0509,0.8717,0.0000,enc,0.0000
1786096622.617000,0.0001,0.0,0.0,0.0000,0.0000,2.5165,-1.0509,0.8717,0.0000,enc,0.0000
1786096622.617013,0.0000,0.0,0.0,0.0000,0.0000,2.5165,-1.0509,0.8717,0.0000,enc,0.0000
1786096622.764847,0.1478,0.0,0.0,0.0000,0.0000,2.5165,-1.0509,0.8717,0.0000,enc,0.0000
1786096622.849133,0.0843,0.0,0.0,0.0000,0.0000,2.5165,-1.0509,0.8717,0.0000,enc,0.0000
1786096623.028611,0.1795,0.0,0.0,0.0000,0.0000,2.5165,-1.0509,0.8717,0.0000,enc,0.0000
1786096623.061935,0.0333,0.0,0.0,0.0000,0.0000,2.5165,-1.0509,0.8717,0.0000,enc,0.0000
1786096623.376822,0.3149,0.0,0.0,0.0000,0.0000,2.5165,-1.0509,0.8717,0.0000,enc,0.0000
1786096623.376878,0.0001,0.0,0.0,0.0000,0.0000,2.5165,-1.0509,0.8717,0.0000,enc,0.0000
1786096623.376891,0.0000,0.0,0.0,0.0000,0.0000,2.5165,-1.0509,0.8717,0.0000,enc,0.0000
1786096623.540989,0.1641,0.0,0.0,0.0000,0.0000,2.5165,-1.0509,0.8717,0.0000,enc,0.0000
1786096623.550291,0.0093,0.0,0.0,0.0000,0.0000,2.5165,-1.0509,0.8717,0.0000,enc,0.0000
1786096623.771493,0.2212,0.0,0.0,0.0000,0.0000,2.5165,-1.0509,0.8717,0.0000,enc,0.0000
1786096623.772218,0.0007,0.0,0.0,0.0000,0.0000,2.5165,-1.0509,0.8717,0.0000,enc,0.0000
1786096624.035193,0.2630,0.0,0.0,0.0000,0.0000,2.5165,-1.0509,0.8717,0.0000,enc,0.0000
1786096624.061072,0.0259,0.0,0.0,0.0000,0.0000,2.5165,-1.0509,0.8717,0.0000,enc,0.0000
1786096624.080373,0.0193,0.0,0.0,0.0000,0.0000,2.5165,-1.0509,0.8717,0.0000,enc,0.0000
1786096624.400721,0.3203,0.0,0.0,0.0000,0.0000,2.5165,-1.0509,0.8717,0.0000,enc,0.0000
1786096624.400768,0.0000,0.0,0.0,0.0000,0.0000,2.5165,-1.0509,0.8717,0.0000,enc,0.0000
1786096624.545566,0.1448,0.0,0.0,0.0000,0.0000,2.5165,-1.0509,0.8717,0.0000,enc,0.0000
1786096624.546001,0.0004,0.0,0.0,0.0000,0.0000,2.5165,-1.0509,0.8717,0.0000,enc,0.0000
1786096624.609399,0.0634,0.0,0.0,0.0000,0.0000,2.5165,-1.0509,0.8717,0.0000,enc,0.0000
1786096624.816033,0.2066,0.0,0.0,0.0000,0.0000,2.5165,-1.0509,0.8717,0.0000,enc,0.0000
1786096624.859840,0.0438,0.0,0.0,0.0000,0.0000,2.5165,-1.0509,0.8717,0.0000,enc,0.0000
1786096625.049675,0.1898,0.0,0.0,0.0000,0.0000,2.5165,-1.0509,0.8717,0.0000,enc,0.0000
1786096625.050479,0.0008,0.0,0.0,0.0000,0.0000,2.5165,-1.0509,0.8717,0.0000,enc,0.0000
1786096625.121866,0.0714,0.0,0.0,0.0000,0.0000,2.5165,-1.0509,0.8717,0.0000,enc,0.0000
1786096625.221926,0.1001,0.0,0.0,0.0000,0.0000,2.5165,-1.0509,0.8717,0.0000,enc,0.0000
1786096625.331583,0.1097,0.0,0.0,0.0000,0.0000,2.5165,-1.0509,0.8717,0.0000,enc,0.0000
1786096625.428550,0.0970,0.0,0.0,0.0000,0.0000,2.5165,-1.0509,0.8717,0.0000,enc,0.0000
1786096625.569606,0.1411,0.0,0.0,0.0000,0.0000,2.5165,-1.0509,0.8717,0.0000,enc,0.0000
1786096625.699675,0.1301,0.0,0.0,0.0000,0.0000,2.5165,-1.0509,0.8717,0.0000,enc,0.0000
1786096625.923819,0.2241,0.0,0.0,0.0000,0.0000,2.5165,-1.0509,0.8717,0.0000,enc,0.0000
1786096625.959728,0.0359,0.0,0.0,0.0000,0.0000,2.5165,-1.0509,0.8717,0.0000,enc,0.0000
1786096625.994576,0.0348,0.0,0.0,0.0000,0.0000,2.5165,-1.0509,0.8717,0.0000,enc,0.0000
1786096626.054835,0.0603,0.0,0.0,0.0000,0.0000,2.5165,-1.0509,0.8717,0.0000,enc,0.0000
1786096626.193092,0.1383,0.0,0.0,0.0000,0.0000,2.5165,-1.0509,0.8717,0.0000,enc,0.0000
1786096626.317327,0.1242,0.0,0.0,0.0000,0.0000,2.5165,-1.0509,0.8717,0.0000,enc,0.0000
1786096626.390957,0.0736,0.0,0.0,0.0000,0.0000,2.5165,-1.0509,0.8717,0.0000,enc,0.0000
1786096626.484932,0.0940,0.0,0.0,0.0000,0.0000,2.5165,-1.0509,0.8717,0.0000,enc,0.0000
1786096626.608414,0.1235,0.0,0.0,0.0000,0.0000,2.5165,-1.0509,0.8717,0.0000,enc,0.0000
1786096626.698822,0.0904,0.0,0.0,0.0000,0.0000,2.5165,-1.0509,0.8717,0.0000,enc,0.0000
1786096626.835027,0.1362,0.0,0.0,0.0000,0.0000,2.5165,-1.0509,0.8717,0.0000,enc,0.0000
1786096626.925899,0.0909,0.0,0.0,0.0000,0.0000,2.5165,-1.0509,0.8717,0.0000,enc,0.0000
1786096626.997709,0.0718,0.0,0.0,0.0000,0.0000,2.5165,-1.0509,0.8717,0.0000,enc,0.0000
1786096627.167598,0.1699,0.0,0.0,0.0000,0.0000,2.5165,-1.0509,0.8717,0.0000,enc,0.0000
1786096627.238020,0.0704,0.0,0.0,0.0000,0.0000,2.5165,-1.0509,0.8717,0.0000,enc,0.0000
1786096627.315958,0.0779,0.0,0.0,0.0000,0.0000,2.5165,-1.0509,0.8717,0.0000,enc,0.0000
1786096627.416022,0.1001,0.0,0.0,0.0000,0.0000,2.5165,-1.0509,0.8717,0.0000,enc,0.0000
1786096627.527477,0.1115,0.0,0.0,0.0000,0.0000,2.5165,-1.0509,0.8717,0.0000,enc,0.0000
1786096627.624373,0.0969,0.0,0.0,0.0000,0.0000,2.5165,-1.0509,0.8717,0.0000,enc,0.0000
1786096627.733067,0.1087,0.0,0.0,0.0000,0.0000,2.5165,-1.0509,0.8717,0.0000,enc,0.0000
1786096627.841810,0.1087,0.0,0.0,0.0000,0.0000,2.5165,-1.0509,0.8717,0.0000,enc,0.0000
1786096627.967484,0.1257,0.0,0.0,0.0000,0.0000,2.5165,-1.0509,0.8717,0.0000,enc,0.0000
1786096628.048072,0.0806,0.0,0.0,0.0000,0.0000,2.5165,-1.0509,0.8717,0.0000,enc,0.0000
1786096628.180295,0.1322,0.0,0.0,0.0000,0.0000,2.5165,-1.0509,0.8717,0.0000,enc,0.0000
1786096628.250915,0.0706,0.0,0.0,0.0000,0.0000,2.5165,-1.0509,0.8717,0.0000,enc,0.0000
1786096628.355982,0.1051,0.0,0.0,0.0000,0.0000,2.5165,-1.0509,0.8717,0.0000,enc,0.0000
1786096628.459495,0.1035,0.0,0.0,0.0000,0.0000,2.5165,-1.0509,0.8717,0.0000,enc,0.0000
1786096628.574837,0.1153,0.0,0.0,0.0000,0.0000,2.5165,-1.0509,0.8717,0.0000,enc,0.0000
1786096628.670374,0.0955,0.0,0.0,0.0000,0.0000,2.5165,-1.0509,0.8717,0.0000,enc,0.0000
1786096628.769840,0.0995,0.0,0.0,0.0000,0.0000,2.5165,-1.0509,0.8717,0.0000,enc,0.0000
1786096628.872582,0.1027,0.0,0.0,0.0000,0.0000,2.5165,-1.0509,0.8717,0.0000,enc,0.0000
1786096629.006285,0.1337,0.0,0.0,0.0000,0.0000,2.5165,-1.0509,0.8717,0.0000,enc,0.0000
1786096629.088928,0.0826,0.0,0.0,0.0000,0.0000,2.5165,-1.0509,0.8717,0.0000,enc,0.0000
1786096629.186955,0.0980,0.0,0.0,0.0000,0.0000,2.5165,-1.0509,0.8717,0.0000,enc,0.0000
1786096629.308056,0.1211,0.0,0.0,0.0000,0.0000,2.5165,-1.0509,0.8717,0.0000,enc,0.0000
1786096629.435348,0.1273,0.0,0.0,0.0000,0.0000,2.5165,-1.0509,0.8717,0.0000,enc,0.0000
1786096629.512819,0.0775,0.0,0.0,0.0000,0.0000,2.5165,-1.0509,0.8717,0.0000,enc,0.0000
1786096629.608367,0.0955,0.0,0.0,0.0000,0.0000,2.5165,-1.0509,0.8717,0.0000,enc,0.0000
1786096629.734688,0.1263,0.0,0.0,0.0000,0.0000,2.5165,-1.0509,0.8717,0.0000,enc,0.0000
1786096629.832173,0.0975,0.0,0.0,0.0000,0.0000,2.5165,-1.0509,0.8717,0.0000,enc,0.0000
1786096629.929961,0.0978,0.0,0.0,0.0000,0.0000,2.5165,-1.0509,0.8717,0.0000,enc,0.0000
1786096630.027599,0.0976,0.0,0.0,0.0000,0.0000,2.5165,-1.0509,0.8717,0.0000,enc,0.0000
1786096630.143651,0.1161,0.0,0.0,0.0000,0.0000,2.5165,-1.0509,0.8717,0.0000,enc,0.0000
1786096630.239168,0.0955,0.0,0.0,0.0000,0.0000,2.5165,-1.0509,0.8717,0.0000,enc,0.0000
1786096630.340164,0.1010,0.0,0.0,0.0000,0.0000,2.5165,-1.0509,0.8717,0.0000,enc,0.0000
1786096630.451404,0.1112,0.0,0.0,0.0000,0.0000,2.5165,-1.0509,0.8717,0.0000,enc,0.0000
1786096630.586953,0.1355,0.0,0.0,0.0000,0.0000,2.5165,-1.0509,0.8717,0.0000,enc,0.0000
1786096630.653093,0.0661,0.0,0.0,0.0000,0.0000,2.5165,-1.0509,0.8717,0.0000,enc,0.0000
1786096630.911830,0.2587,0.0,0.0,0.0000,0.0000,2.5165,-1.0509,0.8717,0.0000,enc,0.0000
1786096630.923896,0.0121,0.0,0.0,0.0000,0.0000,2.5165,-1.0509,0.8717,0.0000,enc,0.0000
1786096630.972289,0.0484,0.0,0.0,0.0000,0.0000,2.5165,-1.0509,0.8717,0.0000,enc,0.0000
1786096631.069807,0.0975,0.0,0.0,0.0000,0.0000,2.5165,-1.0509,0.8717,0.0000,enc,0.0000
1786096631.172720,0.1029,0.0,0.0,0.0000,0.0000,2.5165,-1.0509,0.8717,0.0000,enc,0.0000
1786096631.331644,0.1589,0.0,0.0,0.0000,0.0000,2.5165,-1.0509,0.8717,0.0000,enc,0.0000
1786096631.409971,0.0783,0.0,0.0,0.0000,0.0000,2.5165,-1.0509,0.8717,0.0000,enc,0.0000
1786096631.494790,0.0848,0.0,0.0,0.0000,0.0000,2.5165,-1.0509,0.8717,0.0000,enc,0.0000
1786096631.627504,0.1327,0.0,0.0,0.0000,0.0000,2.5165,-1.0509,0.8717,0.0000,enc,0.0000
1786096631.730658,0.1032,0.0,0.0,0.0000,0.0000,2.5165,-1.0509,0.8717,0.0000,enc,0.0000
1786096631.861610,0.1310,0.0,0.0,0.0000,0.0000,2.5165,-1.0509,0.8717,0.0000,enc,0.0000
1786096631.911510,0.0499,0.0,0.0,0.0000,0.0000,2.5165,-1.0509,0.8717,0.0000,enc,0.0000
1786096632.046814,0.1353,0.0,0.0,0.0000,0.0000,2.5165,-1.0509,0.8717,0.0000,enc,0.0000
1786096632.123307,0.0765,0.0,0.0,0.0000,0.0000,2.5165,-1.0509,0.8717,0.0000,enc,0.0000
1786096632.235270,0.1120,0.0,0.0,0.0000,0.0000,2.5165,-1.0509,0.8717,0.0000,enc,0.0000
1786096632.339943,0.1047,0.0,0.0,0.0000,0.0000,2.5165,-1.0509,0.8717,0.0000,enc,0.0000
1786096632.430885,0.0909,0.0,0.0,0.0000,0.0000,2.5165,-1.0509,0.8717,0.0000,enc,0.0000
1786096632.540380,0.1095,0.0,0.0,0.0000,0.0000,2.5165,-1.0509,0.8717,0.0000,enc,0.0000
1786096632.640766,0.1004,0.0,0.0,0.0000,0.0000,2.5165,-1.0509,0.8717,0.0000,enc,0.0000
1786096632.757283,0.1165,0.0,0.0,0.0000,0.0000,2.5165,-1.0509,0.8717,0.0000,enc,0.0000
1786096632.848061,0.0908,0.0,0.0,0.0000,0.0000,2.5165,-1.0509,0.8717,0.0000,enc,0.0000
1786096632.958665,0.1106,0.0,0.0,0.0000,0.0000,2.5165,-1.0509,0.8717,0.0000,enc,0.0000
1786096633.056475,0.0978,0.0,0.0,0.0000,0.0000,2.5165,-1.0509,0.8717,0.0000,enc,0.0000
1786096633.162021,0.1055,0.0,0.0,0.0000,0.0000,2.5165,-1.0509,0.8717,0.0000,enc,0.0000
1786096633.275564,0.1135,0.0,0.0,0.0000,0.0000,2.5165,-1.0509,0.8717,0.0000,enc,0.0000
1786096633.368188,0.0926,0.0,0.0,0.0000,0.0000,2.5165,-1.0509,0.8717,0.0000,enc,0.0000
1786096633.482503,0.1143,0.0,0.0,0.0000,0.0000,2.5165,-1.0509,0.8717,0.0000,enc,0.0000
1786096633.610941,0.1284,0.0,0.0,0.0000,0.0000,2.5165,-1.0509,0.8717,0.0000,enc,0.0000
1786096633.682459,0.0715,0.0,0.0,0.0000,0.0000,2.5165,-1.0509,0.8717,0.0000,enc,0.0000
1786096633.802454,0.1200,0.0,0.0,0.0000,0.0000,2.5165,-1.0509,0.8717,0.0000,enc,0.0000
1786096633.904209,0.1018,0.0,0.0,0.0000,0.0000,2.5165,-1.0509,0.8717,0.0000,enc,0.0000
1786096633.997549,0.0933,0.0,0.0,0.0000,0.0000,2.5165,-1.0509,0.8717,0.0000,enc,0.0000
1786096634.102517,0.1050,0.0,0.0,0.0000,0.0000,2.5165,-1.0509,0.8717,0.0000,enc,0.0000
1786096634.219403,0.1169,0.0,0.0,0.0000,0.0000,2.5165,-1.0509,0.8717,0.0000,enc,0.0000
1786096634.363005,0.1436,0.0,0.0,0.0000,0.0000,2.5165,-1.0509,0.8717,0.0000,enc,0.0000
1786096634.418357,0.0554,0.0,0.0,0.0000,0.0000,2.5165,-1.0509,0.8717,0.0000,enc,0.0000
1786096634.518161,0.0998,0.0,0.0,0.0000,0.0000,2.5165,-1.0509,0.8717,0.0000,enc,0.0000
1786096634.712823,0.1947,0.0,0.0,0.0000,0.0000,2.5165,-1.0509,0.8717,0.0000,enc,0.0000
1786096634.743688,0.0309,0.0,0.0,0.0000,0.0000,2.5165,-1.0509,0.8717,0.0000,enc,0.0000
1786096634.854245,0.1106,0.0,0.0,0.0000,0.0000,2.5165,-1.0509,0.8717,0.0000,enc,0.0000
1786096634.938450,0.0842,0.0,0.0,0.0000,0.0000,2.5165,-1.0509,0.8717,0.0000,enc,0.0000
1786096635.063281,0.1248,0.0,0.0,0.0000,0.0000,2.5165,-1.0509,0.8717,0.0000,enc,0.0000
1786096635.266626,0.2033,0.0,0.0,0.0000,0.0000,2.5165,-1.0509,0.8717,0.0000,enc,0.0000
1786096635.266685,0.0001,0.0,0.0,0.0000,0.0000,2.5165,-1.0509,0.8717,0.0000,enc,0.0000
1786096635.364605,0.0979,0.0,0.0,0.0000,0.0000,2.5165,-1.0509,0.8717,0.0000,enc,0.0000
1786096635.520283,0.1557,0.0,0.0,0.0000,0.0000,2.5165,-1.0509,0.8717,0.0000,enc,0.0000
1786096635.567578,0.0473,0.0,0.0,0.0000,0.0000,2.5165,-1.0509,0.8717,0.0000,enc,0.0000
1786096635.777522,0.2099,0.0,0.0,0.0000,0.0000,2.5165,-1.0509,0.8717,0.0000,enc,0.0000
1786096635.777592,0.0001,0.0,0.0,0.0000,0.0000,2.5165,-1.0509,0.8717,0.0000,enc,0.0000
1786096636.033024,0.2554,0.0,0.0,0.0000,0.0000,2.5165,-1.0509,0.8717,0.0000,enc,0.0000
1786096636.033095,0.0001,0.0,0.0,0.0000,0.0000,2.5165,-1.0509,0.8717,0.0000,enc,0.0000
1786096636.083820,0.0507,0.0,0.0,0.0000,0.0000,2.5165,-1.0509,0.8717,0.0000,enc,0.0000
1786096636.289182,0.2054,0.0,0.0,0.0000,0.0000,2.5165,-1.0509,0.8717,0.0000,enc,0.0000
1786096636.296302,0.0071,0.0,0.0,0.0000,0.0000,2.5165,-1.0509,0.8717,0.0000,enc,0.0000
1786096636.616911,0.3206,0.0,0.0,0.0000,0.0000,2.5165,-1.0509,0.8717,0.0000,enc,0.0000
1786096636.616982,0.0001,0.0,0.0,0.0000,0.0000,2.5165,-1.0509,0.8717,0.0000,enc,0.0000
1786096636.617007,0.0000,0.0,0.0,0.0000,0.0000,2.5165,-1.0509,0.8717,0.0000,enc,0.0000
1786096636.892422,0.2754,0.0,0.0,0.0000,0.0000,2.5165,-1.0509,0.8717,0.0000,enc,0.0000
1786096636.892500,0.0001,0.0,0.0,0.0000,0.0000,2.5165,-1.0509,0.8717,0.0000,enc,0.0000
1786096637.090636,0.1981,0.0,0.0,0.0000,0.0000,2.5165,-1.0509,0.8717,0.0000,enc,0.0000
1786096637.095812,0.0052,0.0,0.0,0.0000,0.0000,2.5165,-1.0509,0.8717,0.0000,enc,0.0000
1786096637.124886,0.0291,0.0,0.0,0.0000,0.0000,2.5165,-1.0509,0.8717,0.0000,enc,0.0000
1786096637.293968,0.1691,0.0,0.0,0.0000,0.0000,2.5165,-1.0509,0.8717,0.0000,enc,0.0000
1786096637.364705,0.0707,0.0,0.0,0.0000,0.0000,2.5165,-1.0509,0.8717,0.0000,enc,0.0000
1786096637.544530,0.1798,0.0,0.0,0.0000,0.0000,2.5165,-1.0509,0.8717,0.0000,enc,0.0000
1786096637.566056,0.0215,0.0,0.0,0.0000,0.0000,2.5165,-1.0509,0.8717,0.0000,enc,0.0000
1786096637.809759,0.2437,0.0,0.0,0.0000,0.0000,2.5165,-1.0509,0.8717,0.0000,enc,0.0000
1786096637.811301,0.0015,0.0,0.0,0.0000,0.0000,2.5165,-1.0509,0.8717,0.0000,enc,0.0000
1786096637.873924,0.0626,0.0,0.0,0.0000,0.0000,2.5165,-1.0509,0.8717,0.0000,enc,0.0000
1786096638.136025,0.2621,0.0,0.0,0.0000,0.0000,2.5165,-1.0509,0.8717,0.0000,enc,0.0000
1786096638.155799,0.0198,0.0,0.0,0.0000,0.0000,2.5165,-1.0509,0.8717,0.0000,enc,0.0000
1786096638.369993,0.2142,0.0,0.0,0.0000,0.0000,2.5165,-1.0509,0.8717,0.0000,enc,0.0000
1786096638.539466,0.1695,0.0,0.0,0.0000,0.0000,2.5165,-1.0509,0.8717,0.0000,enc,0.0000
1786096638.539555,0.0001,0.0,0.0,0.0000,0.0000,2.5165,-1.0509,0.8717,0.0000,enc,0.0000
1786096638.541597,0.0020,0.0,0.0,0.0000,0.0000,2.5165,-1.0509,0.8717,0.0000,enc,0.0000
1786096638.610259,0.0687,0.0,0.0,0.0000,0.0000,2.5165,-1.0509,0.8717,0.0000,enc,0.0000
1786096638.818043,0.2078,0.0,0.0,0.0000,0.0000,2.5165,-1.0509,0.8717,0.0000,enc,0.0000
1786096638.833163,0.0151,0.0,0.0,0.0000,0.0000,2.5165,-1.0509,0.8717,0.0000,enc,0.0000
1786096639.052435,0.2193,0.0,0.0,0.0000,0.0000,2.5165,-1.0509,0.8717,0.0000,enc,0.0000
1786096639.052496,0.0001,0.0,0.0,0.0000,0.0000,2.5165,-1.0509,0.8717,0.0000,enc,0.0000
1786096639.116211,0.0637,0.0,0.0,0.0000,0.0000,2.5165,-1.0509,0.8717,0.0000,enc,0.0000
1786096639.296602,0.1804,0.0,0.0,0.0000,0.0000,2.5165,-1.0509,0.8717,0.0000,enc,0.0000
1786096639.325414,0.0288,0.0,0.0,0.0000,0.0000,2.5165,-1.0509,0.8717,0.0000,enc,0.0000
1786096639.551960,0.2265,0.0,0.0,0.0000,0.0000,2.5165,-1.0509,0.8717,0.0000,enc,0.0000
1786096639.552027,0.0001,0.0,0.0,0.0000,0.0000,2.5165,-1.0509,0.8717,0.0000,enc,0.0000
1786096639.817603,0.2656,0.0,0.0,0.0000,0.0000,2.5165,-1.0509,0.8717,0.0000,enc,0.0000
1786096639.817720,0.0001,0.0,0.0,0.0000,0.0000,2.5165,-1.0509,0.8717,0.0000,enc,0.0000
1786096639.866883,0.0492,0.0,0.0,0.0000,0.0000,2.5165,-1.0509,0.8717,0.0000,enc,0.0000
1786096640.069268,0.2024,0.0,0.0,0.0000,0.0000,2.5165,-1.0509,0.8717,0.0000,enc,0.0000
1786096640.126075,0.0568,0.0,0.0,0.0000,0.0000,2.5165,-1.0509,0.8717,0.0000,enc,0.0000
1786096640.154812,0.0287,0.0,0.0,0.0000,0.0000,2.5165,-1.0509,0.8717,0.0000,enc,0.0000
1786096640.275557,0.1207,0.0,0.0,0.0000,0.0000,2.5165,-1.0509,0.8717,0.0000,enc,0.0000
1786096640.375843,0.1003,0.0,0.0,0.0000,0.0000,2.5165,-1.0509,0.8717,0.0000,enc,0.0000
1786096640.472710,0.0969,0.0,0.0,0.0000,0.0000,2.5165,-1.0509,0.8717,0.0000,enc,0.0000
1786096640.573330,0.1006,0.0,0.0,0.0000,0.0000,2.5165,-1.0509,0.8717,0.0000,enc,0.0000
1786096640.682903,0.1096,0.0,0.0,0.0000,0.0000,2.5165,-1.0509,0.8717,0.0000,enc,0.0000
1786096640.926056,0.2432,0.0,0.0,0.0000,0.0000,2.5165,-1.0509,0.8717,0.0000,enc,0.0000
1786096640.926101,0.0000,0.0,0.0,0.0000,0.0000,2.5165,-1.0509,0.8717,0.0000,enc,0.0000
1786096641.004070,0.0780,0.0,0.0,0.0000,0.0000,2.5165,-1.0509,0.8717,0.0000,enc,0.0000
1786096641.259369,0.2553,0.0,0.0,0.0000,0.0000,2.5165,-1.0509,0.8717,0.0000,enc,0.0000
1786096641.259413,0.0000,0.0,0.0,0.0000,0.0000,2.5165,-1.0509,0.8717,0.0000,enc,0.0000
1786096641.300347,0.0409,0.0,0.0,0.0000,0.0000,2.5165,-1.0509,0.8717,0.0000,enc,0.0000
1786096641.479650,0.1793,0.0,0.0,0.0000,0.0000,2.5165,-1.0509,0.8717,0.0000,enc,0.0000
1786096641.547728,0.0681,0.0,0.0,0.0000,0.0000,2.5165,-1.0509,0.8717,0.0000,enc,0.0000
1786096641.656874,0.1091,0.0,0.0,0.0000,0.0000,2.5165,-1.0509,0.8717,0.0000,enc,0.0000
1786096641.720008,0.0631,0.0,0.0,0.0000,0.0000,2.5165,-1.0509,0.8717,0.0000,enc,0.0000
1786096641.855364,0.1354,0.0,0.0,0.0000,0.0000,2.5165,-1.0509,0.8717,0.0000,enc,0.0000
1786096641.943538,0.0882,0.0,0.0,0.0000,0.0000,2.5165,-1.0509,0.8717,0.0000,enc,0.0000
1786096642.029851,0.0863,0.0,0.0,0.0000,0.0000,2.5165,-1.0509,0.8717,0.0000,enc,0.0000
1786096642.221007,0.1912,0.0,0.0,0.0000,0.0000,2.5165,-1.0509,0.8717,0.0000,enc,0.0000
1786096642.332058,0.1111,0.0,0.0,0.0000,0.0000,2.5165,-1.0509,0.8717,0.0000,enc,0.0000
1786096642.451512,0.1195,0.0,0.0,0.0000,0.0000,2.5165,-1.0509,0.8717,0.0000,enc,0.0000
1786096642.456686,0.0052,0.0,0.0,0.0000,0.0000,2.5165,-1.0509,0.8717,0.0000,enc,0.0000
1786096642.575624,0.1189,0.0,0.0,0.0000,0.0000,2.5165,-1.0509,0.8717,0.0000,enc,0.0000
1786096642.669436,0.0938,0.0,0.0,0.0000,0.0000,2.5165,-1.0509,0.8717,0.0000,enc,0.0000
1786096642.794063,0.1246,0.0,0.0,0.0000,0.0000,2.5165,-1.0509,0.8717,0.0000,enc,0.0000
1786096642.882295,0.0882,0.0,0.0,0.0000,0.0000,2.5165,-1.0509,0.8717,0.0000,enc,0.0000
1786096643.009923,0.1276,0.0,0.0,0.0000,0.0000,2.5165,-1.0509,0.8717,0.0000,enc,0.0000
1786096643.079945,0.0700,0.0,0.0,0.0000,0.0000,2.5165,-1.0509,0.8717,0.0000,enc,0.0000
1786096643.195478,0.1155,0.0,0.0,0.0000,0.0000,2.5165,-1.0509,0.8717,0.0000,enc,0.0000
1786096643.300024,0.1045,0.0,0.0,0.0000,0.0000,2.5165,-1.0509,0.8717,0.0000,enc,0.0000
1786096643.435310,0.1353,0.0,0.0,0.0000,0.0000,2.5165,-1.0509,0.8717,0.0000,enc,0.0000
1786096643.493272,0.0580,0.0,0.0,0.0000,0.0000,2.5165,-1.0509,0.8717,0.0000,enc,0.0000
1786096643.602896,0.1096,0.0,0.0,0.0000,0.0000,2.5165,-1.0509,0.8717,0.0000,enc,0.0000
1786096643.733083,0.1302,0.0,0.0,0.0000,0.0000,2.5165,-1.0509,0.8717,0.0000,enc,0.0000
1786096643.808320,0.0752,0.0,0.0,0.0000,0.0000,2.5165,-1.0509,0.8717,0.0000,enc,0.0000
1786096643.923753,0.1154,0.0,0.0,0.0000,0.0000,2.5165,-1.0509,0.8717,0.0000,enc,0.0000
1786096644.042172,0.1184,0.0,0.0,0.0000,0.0000,2.5165,-1.0509,0.8717,0.0000,enc,0.0000
1786096644.274074,0.2319,0.0,0.0,0.0000,0.0000,2.5165,-1.0509,0.8717,0.0000,enc,0.0000
1786096644.278439,0.0044,0.0,0.0,0.0000,0.0000,2.5165,-1.0509,0.8717,0.0000,enc,0.0000
1786096644.348889,0.0704,0.0,0.0,0.0000,0.0000,2.5165,-1.0509,0.8717,0.0000,enc,0.0000
1786096644.475351,0.1265,0.0,0.0,0.0000,0.0000,2.5165,-1.0509,0.8717,0.0000,enc,0.0000
1786096644.710665,0.2353,0.0,0.0,0.0000,0.0000,2.5165,-1.0509,0.8717,0.0000,enc,0.0000
1786096644.810539,0.0999,0.0,0.0,0.0000,0.0000,2.5165,-1.0509,0.8717,0.0000,enc,0.0000
1786096644.927664,0.1171,0.0,0.0,0.0000,0.0000,2.5165,-1.0509,0.8717,0.0000,enc,0.0000
1786096645.040922,0.1133,0.0,0.0,0.0000,0.0000,2.5165,-1.0509,0.8717,0.0000,enc,0.0000
1786096645.129962,0.0890,0.0,0.0,0.0000,0.0000,2.5165,-1.0509,0.8717,0.0000,enc,0.0000
1786096645.237689,0.1077,0.0,0.0,0.0000,0.0000,2.5165,-1.0509,0.8717,0.0000,enc,0.0000
1786096645.334834,0.0971,0.0,0.0,0.0000,0.0000,2.5165,-1.0509,0.8717,0.0000,enc,0.0000
1786096645.461893,0.1271,0.0,0.0,0.0000,0.0000,2.5165,-1.0509,0.8717,0.0000,enc,0.0000
1786096645.552881,0.0910,0.0,0.0,0.0000,0.0000,2.5165,-1.0509,0.8717,0.0000,enc,0.0000
1786096645.647368,0.0945,0.0,0.0,0.0000,0.0000,2.5165,-1.0509,0.8717,0.0000,enc,0.0000
1786096645.758156,0.1108,0.0,0.0,0.0000,0.0000,2.5165,-1.0509,0.8717,0.0000,enc,0.0000
1786096645.866517,0.1084,0.0,0.0,0.0000,0.0000,2.5165,-1.0509,0.8717,0.0000,enc,0.0000
1786096645.956590,0.0901,0.0,0.0,0.0000,0.0000,2.5165,-1.0509,0.8717,0.0000,enc,0.0000
1786096646.175677,0.2191,0.0,0.0,0.0000,0.0000,2.5165,-1.0509,0.8717,0.0000,enc,0.0000
1786096646.175728,0.0001,0.0,0.0,0.0000,0.0000,2.5165,-1.0509,0.8717,0.0000,enc,0.0000
1786096646.280193,0.1045,0.0,0.0,0.0000,0.0000,2.5165,-1.0509,0.8717,0.0000,enc,0.0000
1786096646.378642,0.0984,0.0,0.0,0.0000,0.0000,2.5165,-1.0509,0.8717,0.0000,enc,0.0000
1786096646.509024,0.1304,0.0,0.0,0.0000,0.0000,2.5165,-1.0509,0.8717,0.0000,enc,0.0000
1786096646.584011,0.0750,0.0,0.0,0.0000,0.0000,2.5165,-1.0509,0.8717,0.0000,enc,0.0000
1786096646.695001,0.1110,0.0,0.0,0.0000,0.0000,2.5165,-1.0509,0.8717,0.0000,enc,0.0000
1786096646.818469,0.1235,0.0,0.0,0.0000,0.0000,2.5165,-1.0509,0.8717,0.0000,enc,0.0000
1786096646.895037,0.0766,0.0,0.0,0.0000,0.0000,2.5165,-1.0509,0.8717,0.0000,enc,0.0000
1786096647.009057,0.1140,0.0,0.0,0.0000,0.0000,2.5165,-1.0509,0.8717,0.0000,enc,0.0000
1786096647.113006,0.1039,0.0,0.0,0.0000,0.0000,2.5165,-1.0509,0.8717,0.0000,enc,0.0000
1786096647.224052,0.1110,0.0,0.0,0.0000,0.0000,2.5165,-1.0509,0.8717,0.0000,enc,0.0000
1786096647.320026,0.0960,0.0,0.0,0.0000,0.0000,2.5165,-1.0509,0.8717,0.0000,enc,0.0000
1786096647.420421,0.1004,0.0,0.0,0.0000,0.0000,2.5165,-1.0509,0.8717,0.0000,enc,0.0000
1786096647.538736,0.1183,0.0,0.0,0.0000,0.0000,2.5165,-1.0509,0.8717,0.0000,enc,0.0000
1786096647.641969,0.1032,0.0,0.0,0.0000,0.0000,2.5165,-1.0509,0.8717,0.0000,enc,0.0000
1786096647.743647,0.1017,0.0,0.0,0.0000,0.0000,2.5165,-1.0509,0.8717,0.0000,enc,0.0000
1786096647.842368,0.0987,0.0,0.0,0.0000,0.0000,2.5165,-1.0509,0.8717,0.0000,enc,0.0000
1786096647.958923,0.1166,0.0,0.0,0.0000,0.0000,2.5165,-1.0509,0.8717,0.0000,enc,0.0000
1786096648.053104,0.0942,0.0,0.0,0.0000,0.0000,2.5165,-1.0509,0.8717,0.0000,enc,0.0000
1786096648.167853,0.1147,0.0,0.0,0.0000,0.0000,2.5165,-1.0509,0.8717,0.0000,enc,0.0000
1786096648.253866,0.0860,0.0,0.0,0.0000,0.0000,2.5165,-1.0509,0.8717,0.0000,enc,0.0000
1786096648.371852,0.1180,0.0,0.0,0.0000,0.0000,2.5165,-1.0509,0.8717,0.0000,enc,0.0000
1786096648.468300,0.0964,0.0,0.0,0.0000,0.0000,2.5165,-1.0509,0.8717,0.0000,enc,0.0000
1786096648.564053,0.0958,0.0,0.0,0.0000,0.0000,2.5165,-1.0509,0.8717,0.0000,enc,0.0000
1786096648.680548,0.1165,0.0,0.0,0.0000,0.0000,2.5165,-1.0509,0.8717,0.0000,enc,0.0000
1786096648.775913,0.0954,0.0,0.0,0.0000,0.0000,2.5165,-1.0509,0.8717,0.0000,enc,0.0000
1786096648.879616,0.1037,0.0,0.0,0.0000,0.0000,2.5165,-1.0509,0.8717,0.0000,enc,0.0000
1786096648.985798,0.1062,0.0,0.0,0.0000,0.0000,2.5165,-1.0509,0.8717,0.0000,enc,0.0000
1786096649.098184,0.1124,0.0,0.0,0.0000,0.0000,2.5165,-1.0509,0.8717,0.0000,enc,0.0000
1786096649.196756,0.0986,0.0,0.0,0.0000,0.0000,2.5165,-1.0509,0.8717,0.0000,enc,0.0000
1786096649.301657,0.1049,0.0,0.0,0.0000,0.0000,2.5165,-1.0509,0.8717,0.0000,enc,0.0000
1786096649.432290,0.1306,0.0,0.0,0.0000,0.0000,2.5165,-1.0509,0.8717,0.0000,enc,0.0000
1786096649.506027,0.0737,0.0,0.0,0.0000,0.0000,2.5165,-1.0509,0.8717,0.0000,enc,0.0000
1786096649.633797,0.1278,0.0,0.0,0.0000,0.0000,2.5165,-1.0509,0.8717,0.0000,enc,0.0000
1786096649.730123,0.0963,0.0,0.0,0.0000,0.0000,2.5165,-1.0509,0.8717,0.0000,enc,0.0000
1786096649.855455,0.1253,0.0,0.0,0.0000,0.0000,2.5165,-1.0509,0.8717,0.0000,enc,0.0000
1786096649.944390,0.0889,0.0,0.0,0.0000,0.0000,2.5165,-1.0509,0.8717,0.0000,enc,0.0000
1786096650.033047,0.0887,0.0,0.0,0.0000,0.0000,2.5165,-1.0509,0.8717,0.0000,enc,0.0000
1786096650.265352,0.2323,0.0,0.0,0.0000,0.0000,2.5165,-1.0509,0.8717,0.0000,enc,0.0000
1786096650.265404,0.0001,0.0,0.0,0.0000,0.0000,2.5165,-1.0509,0.8717,0.0000,enc,0.0000
1786096650.361733,0.0963,0.0,0.0,0.0000,0.0000,2.5165,-1.0509,0.8717,0.0000,enc,0.0000
1786096650.529303,0.1676,0.0,0.0,0.0000,0.0000,2.5165,-1.0509,0.8717,0.0000,enc,0.0000
1786096650.554148,0.0248,0.0,0.0,0.0000,0.0000,2.5165,-1.0509,0.8717,0.0000,enc,0.0000
1786096650.773992,0.2198,0.0,0.0,0.0000,0.0000,2.5165,-1.0509,0.8717,0.0000,enc,0.0000
1786096650.774044,0.0001,0.0,0.0,0.0000,0.0000,2.5165,-1.0509,0.8717,0.0000,enc,0.0000
1786096650.863318,0.0893,0.0,0.0,0.0000,0.0000,2.5165,-1.0509,0.8717,0.0000,enc,0.0000
1786096651.030622,0.1673,0.0,0.0,0.0000,0.0000,2.5165,-1.0509,0.8717,0.0000,enc,0.0000
1786096651.074601,0.0440,0.0,0.0,0.0000,0.0000,2.5165,-1.0509,0.8717,0.0000,enc,0.0000
1786096651.291359,0.2168,0.0,0.0,0.0000,0.0000,2.5165,-1.0509,0.8717,0.0000,enc,0.0000
1786096651.291405,0.0000,0.0,0.0,0.0000,0.0000,2.5165,-1.0509,0.8717,0.0000,enc,0.0000
1786096651.541002,0.2496,0.0,0.0,0.0000,0.0000,2.5165,-1.0509,0.8717,0.0000,enc,0.0000
1786096651.541107,0.0001,0.0,0.0,0.0000,0.0000,2.5165,-1.0509,0.8717,0.0000,enc,0.0000
1786096651.599826,0.0587,0.0,0.0,0.0000,0.0000,2.5165,-1.0509,0.8717,0.0000,enc,0.0000
1786096651.794250,0.1944,0.0,0.0,0.0000,0.0000,2.5165,-1.0509,0.8717,0.0000,enc,0.0000
1786096651.803811,0.0096,0.0,0.0,0.0000,0.0000,2.5165,-1.0509,0.8717,0.0000,enc,0.0000
1786096652.051375,0.2476,0.0,0.0,0.0000,0.0000,2.5165,-1.0509,0.8717,0.0000,enc,0.0000
1786096652.051439,0.0001,0.0,0.0,0.0000,0.0000,2.5165,-1.0509,0.8717,0.0000,enc,0.0000
1786096652.302479,0.2510,0.0,0.0,0.0000,0.0000,2.5165,-1.0509,0.8717,0.0000,enc,0.0000
1786096652.302542,0.0001,0.0,0.0,0.0000,0.0000,2.5165,-1.0509,0.8717,0.0000,enc,0.0000
1786096652.346645,0.0441,0.0,0.0,0.0000,0.0000,2.5165,-1.0509,0.8717,0.0000,enc,0.0000
1786096652.549011,0.2024,0.0,0.0,0.0000,0.0000,2.5165,-1.0509,0.8717,0.0000,enc,0.0000
1786096652.549262,0.0003,0.0,0.0,0.0000,0.0000,2.5165,-1.0509,0.8717,0.0000,enc,0.0000
1786096652.801270,0.2520,0.0,0.0,0.0000,0.0000,2.5165,-1.0509,0.8717,0.0000,enc,0.0000
1786096652.802467,0.0012,0.0,0.0,0.0000,0.0000,2.5165,-1.0509,0.8717,0.0000,enc,0.0000
1786096652.850104,0.0476,0.0,0.0,0.0000,0.0000,2.5165,-1.0509,0.8717,0.0000,enc,0.0000
1786096653.061785,0.2117,0.0,0.0,0.0000,0.0000,2.5165,-1.0509,0.8717,0.0000,enc,0.0000
1786096653.076743,0.0150,0.0,0.0,0.0000,0.0000,2.5165,-1.0509,0.8717,0.0000,enc,0.0000
1786096653.305367,0.2286,0.0,0.0,0.0000,0.0000,2.5165,-1.0509,0.8717,0.0000,enc,0.0000
1786096653.305426,0.0001,0.0,0.0,0.0000,0.0000,2.5165,-1.0509,0.8717,0.0000,enc,0.0000
1786096653.562288,0.2569,0.0,0.0,0.0000,0.0000,2.5165,-1.0509,0.8717,0.0000,enc,0.0000
1786096653.562343,0.0001,0.0,0.0,0.0000,0.0000,2.5165,-1.0509,0.8717,0.0000,enc,0.0000
1786096653.592119,0.0298,0.0,0.0,0.0000,0.0000,2.5165,-1.0509,0.8717,0.0000,enc,0.0000
1786096653.805758,0.2136,0.0,0.0,0.0000,0.0000,2.5165,-1.0509,0.8717,0.0000,enc,0.0000
1786096653.805809,0.0001,0.0,0.0,0.0000,0.0000,2.5165,-1.0509,0.8717,0.0000,enc,0.0000
1786096653.897849,0.0920,0.0,0.0,0.0000,0.0000,2.5165,-1.0509,0.8717,0.0000,enc,0.0000
1786096654.060775,0.1629,0.0,0.0,0.0000,0.0000,2.5165,-1.0509,0.8717,0.0000,enc,0.0000
1786096654.163550,0.1028,0.0,0.0,0.0000,0.0000,2.5165,-1.0509,0.8717,0.0000,enc,0.0000
1786096654.308617,0.1451,0.0,0.0,0.0000,0.0000,2.5165,-1.0509,0.8717,0.0000,enc,0.0000
1786096654.317891,0.0093,0.0,0.0,0.0000,0.0000,2.5165,-1.0509,0.8717,0.0000,enc,0.0000
1786096654.561570,0.2437,0.0,0.0,0.0000,0.0000,2.5165,-1.0509,0.8717,0.0000,enc,0.0000
1786096654.561644,0.0001,0.0,0.0,0.0000,0.0000,2.5165,-1.0509,0.8717,0.0000,enc,0.0000
1786096654.622282,0.0606,0.0,0.0,0.0000,0.0000,2.5165,-1.0509,0.8717,0.0000,enc,0.0000
1786096654.815001,0.1927,0.0,0.0,0.0000,0.0000,2.5165,-1.0509,0.8717,0.0000,enc,0.0000
1786096655.067838,0.2528,0.0,0.0,0.0000,0.0000,2.5165,-1.0509,0.8717,0.0000,enc,0.0000
1786096655.067924,0.0001,0.0,0.0,0.0000,0.0000,2.5165,-1.0509,0.8717,0.0000,enc,0.0000
1786096655.067951,0.0000,0.0,0.0,0.0000,0.0000,2.5165,-1.0509,0.8717,0.0000,enc,0.0000
1786096655.202781,0.1348,0.0,0.0,0.0000,0.0000,2.5165,-1.0509,0.8717,0.0000,enc,0.0000
1786096655.418571,0.2158,0.0,0.0,0.0000,0.0000,2.5165,-1.0509,0.8717,0.0000,enc,0.0000
1786096655.418657,0.0001,0.0,0.0,0.0000,0.0000,2.5165,-1.0509,0.8717,0.0000,enc,0.0000
1786096655.516923,0.0983,0.0,0.0,0.0000,0.0000,2.5165,-1.0509,0.8717,0.0000,enc,0.0000
1786096655.902588,0.3857,0.0,0.0,0.0000,0.0000,2.5165,-1.0509,0.8717,0.0000,enc,0.0000
1786096655.902757,0.0002,0.0,0.0,0.0000,0.0000,2.5165,-1.0509,0.8717,0.0000,enc,0.0000
1786096655.902783,0.0000,0.0,0.0,0.0000,0.0000,2.5165,-1.0509,0.8717,0.0000,enc,0.0000
1786096655.902807,0.0000,0.0,0.0,0.0000,0.0000,2.5165,-1.0509,0.8717,0.0000,enc,0.0000
1786096656.267364,0.3646,0.0,0.0,0.0000,0.0000,2.5165,-1.0509,0.8717,0.0000,enc,0.0000
1786096656.267567,0.0002,0.0,0.0,0.0000,0.0000,2.5165,-1.0509,0.8717,0.0000,enc,0.0000
1786096656.267602,0.0000,0.0,0.0,0.0000,0.0000,2.5165,-1.0509,0.8717,0.0000,enc,0.0000
1786096656.567058,0.2995,0.0,0.0,0.0000,0.0000,2.5165,-1.0509,0.8717,0.0000,enc,0.0000
1786096656.567119,0.0001,0.0,0.0,0.0000,0.0000,2.5165,-1.0509,0.8717,0.0000,enc,0.0000
1786096656.780116,0.2130,0.0,0.0,0.0000,0.0000,2.5165,-1.0509,0.8717,0.0000,enc,0.0000
1786096656.780171,0.0001,0.0,0.0,0.0000,0.0000,2.5165,-1.0509,0.8717,0.0000,enc,0.0000
1786096656.780192,0.0000,0.0,0.0,0.0000,0.0000,2.5165,-1.0509,0.8717,0.0000,enc,0.0000
1786096656.975850,0.1957,0.0,0.0,0.0000,0.0000,2.5165,-1.0509,0.8717,0.0000,enc,0.0000
1786096656.975903,0.0001,0.0,0.0,0.0000,0.0000,2.5165,-1.0509,0.8717,0.0000,enc,0.0000
1786096657.124082,0.1482,0.0,0.0,0.0000,0.0000,2.5165,-1.0509,0.8717,0.0000,enc,0.0000
1786096657.221807,0.0977,0.0,0.0,0.0000,0.0000,2.5165,-1.0509,0.8717,0.0000,enc,0.0000
1786096657.315042,0.0932,0.0,0.0,0.0000,0.0000,2.5165,-1.0509,0.8717,0.0000,enc,0.0000
1786096657.486332,0.1713,0.0,0.0,0.0000,0.0000,2.5165,-1.0509,0.8717,0.0000,enc,0.0000
1786096657.576472,0.0901,0.0,0.0,0.0000,0.0000,2.5165,-1.0509,0.8717,0.0000,enc,0.0000
1786096657.678684,0.1022,0.0,0.0,0.0000,0.0000,2.5165,-1.0509,0.8717,0.0000,enc,0.0000
1786096657.678731,0.0000,0.0,0.0,0.0000,0.0000,2.5165,-1.0509,0.8717,0.0000,enc,0.0000
1786096657.819506,0.1408,0.0,0.0,0.0000,0.0000,2.5165,-1.0509,0.8717,0.0000,enc,0.0000
1786096657.986058,0.1666,0.0,0.0,0.0000,0.0000,2.5165,-1.0509,0.8717,0.0000,enc,0.0000
1786096657.986147,0.0001,0.0,0.0,0.0000,0.0000,2.5165,-1.0509,0.8717,0.0000,enc,0.0000
1786096658.152770,0.1666,0.0,0.0,0.0000,0.0000,2.5165,-1.0509,0.8717,0.0000,enc,0.0000
1786096658.348881,0.1961,0.0,0.0,0.0000,0.0000,2.5165,-1.0509,0.8717,0.0000,enc,0.0000
1786096658.348938,0.0001,0.0,0.0,0.0000,0.0000,2.5165,-1.0509,0.8717,0.0000,enc,0.0000
1786096658.499977,0.1510,0.0,0.0,0.0000,0.0000,2.5165,-1.0509,0.8717,0.0000,enc,0.0000
1786096658.500083,0.0001,0.0,0.0,0.0000,0.0000,2.5165,-1.0509,0.8717,0.0000,enc,0.0000
1786096658.595413,0.0953,0.0,0.0,0.0000,0.0000,2.5165,-1.0509,0.8717,0.0000,enc,0.0000
1786096658.694916,0.0995,0.0,0.0,0.0000,0.0000,2.5165,-1.0509,0.8717,0.0000,enc,0.0000
1786096658.800829,0.1059,0.0,0.0,0.0000,0.0000,2.5165,-1.0509,0.8717,0.0000,enc,0.0000
1786096658.903696,0.1029,0.0,0.0,0.0000,0.0000,2.5165,-1.0509,0.8717,0.0000,enc,0.0000
1786096659.006544,0.1028,0.0,0.0,0.0000,0.0000,2.5165,-1.0509,0.8717,0.0000,enc,0.0000
1786096659.110520,0.1040,0.0,0.0,0.0000,0.0000,2.5165,-1.0509,0.8717,0.0000,enc,0.0000
1786096659.216623,0.1061,0.0,0.0,0.0000,0.0000,2.5165,-1.0509,0.8717,0.0000,enc,0.0000
1786096659.322789,0.1062,0.0,0.0,0.0000,0.0000,2.5165,-1.0509,0.8717,0.0000,enc,0.0000
1786096659.423635,0.1008,0.0,0.0,0.0000,0.0000,2.5165,-1.0509,0.8717,0.0000,enc,0.0000
1786096659.526697,0.1031,0.0,0.0,0.0000,0.0000,2.5165,-1.0509,0.8717,0.0000,enc,0.0000
1786096659.669866,0.1432,0.0,0.0,0.0000,0.0000,2.5165,-1.0509,0.8717,0.0000,enc,0.0000
1786096659.784989,0.1151,0.0,0.0,0.0000,0.0000,2.5165,-1.0509,0.8717,0.0000,enc,0.0000
1786096659.944144,0.1592,0.0,0.0,0.0000,0.0000,2.5165,-1.0509,0.8717,0.0000,enc,0.0000
1786096659.987643,0.0435,0.0,0.0,0.0000,0.0000,2.5165,-1.0509,0.8717,0.0000,enc,0.0000
1786096660.173952,0.1863,0.0,0.0,0.0000,0.0000,2.5165,-1.0509,0.8717,0.0000,enc,0.0000
1786096660.208864,0.0349,0.0,0.0,0.0000,0.0000,2.5165,-1.0509,0.8717,0.0000,enc,0.0000
1786096660.288666,0.0798,0.0,0.0,0.0000,0.0000,2.5165,-1.0509,0.8717,0.0000,enc,0.0000
1786096660.438226,0.1496,0.0,0.0,0.0000,0.0000,2.5165,-1.0509,0.8717,0.0000,enc,0.0000
1786096660.619350,0.1811,0.0,0.0,0.0000,0.0000,2.5165,-1.0509,0.8717,0.0000,enc,0.0000
1786096660.619413,0.0001,0.0,0.0,0.0000,0.0000,2.5165,-1.0509,0.8717,0.0000,enc,0.0000
1786096660.716198,0.0968,0.0,0.0,0.0000,0.0000,2.5165,-1.0509,0.8717,0.0000,enc,0.0000
1786096660.814148,0.0979,0.0,0.0,0.0000,0.0000,2.5165,-1.0509,0.8717,0.0000,enc,0.0000
1786096660.913518,0.0994,0.0,0.0,0.0000,0.0000,2.5165,-1.0509,0.8717,0.0000,enc,0.0000
1786096661.053173,0.1397,0.0,0.0,0.0000,0.0000,2.5165,-1.0509,0.8717,0.0000,enc,0.0000
1786096661.175044,0.1219,0.0,0.0,0.0000,0.0000,2.5165,-1.0509,0.8717,0.0000,enc,0.0000
1786096661.261059,0.0860,0.0,0.0,0.0000,0.0000,2.5165,-1.0509,0.8717,0.0000,enc,0.0000
1786096661.345868,0.0848,0.0,0.0,0.0000,0.0000,2.5165,-1.0509,0.8717,0.0000,enc,0.0000
1786096661.424504,0.0786,0.0,0.0,0.0000,0.0000,2.5165,-1.0509,0.8717,0.0000,enc,0.0000
1786096661.578182,0.1537,0.0,0.0,0.0000,0.0000,2.5165,-1.0509,0.8717,0.0000,enc,0.0000
1786096661.670836,0.0927,0.0,0.0,0.0000,0.0000,2.5165,-1.0509,0.8717,0.0000,enc,0.0000
1786096661.745073,0.0742,0.0,0.0,0.0000,0.0000,2.5165,-1.0509,0.8717,0.0000,enc,0.0000
1786096661.842227,0.0972,0.0,0.0,0.0000,0.0000,2.5165,-1.0509,0.8717,0.0000,enc,0.0000
1786096661.959121,0.1169,0.0,0.0,0.0000,0.0000,2.5165,-1.0509,0.8717,0.0000,enc,0.0000
1786096662.065759,0.1066,0.0,0.0,0.0000,0.0000,2.5165,-1.0509,0.8717,0.0000,enc,0.0000
1786096662.180970,0.1152,0.0,0.0,0.0000,0.0000,2.5165,-1.0509,0.8717,0.0000,enc,0.0000
1786096662.257859,0.0769,0.0,0.0,0.0000,0.0000,2.5165,-1.0509,0.8717,0.0000,enc,0.0000
1786096662.382078,0.1242,0.0,0.0,0.0000,0.0000,2.5165,-1.0509,0.8717,0.0000,enc,0.0000
1786096662.496170,0.1141,0.0,0.0,0.0000,0.0000,2.5165,-1.0509,0.8717,0.0000,enc,0.0000
