t,dt,left_rpm,right_rpm,v,w,x,y,theta,imu_heading_deg,theta_src,lateral_m_s
1786713902.539072,0.0000,-0.0,-0.0,-0.0000,0.0000,0.0000,0.0000,0.0000,359.9836,enc,
1786713902.638535,0.0995,-0.0,-0.0,-0.0000,0.0000,0.0000,0.0000,0.0000,359.9836,enc,
1786713902.741863,0.1033,-0.0,-0.0,-0.0000,0.0000,0.0000,0.0000,0.0000,359.9836,enc,
1786713902.846172,0.1043,-0.0,-0.0,-0.0000,0.0000,0.0000,0.0000,0.0000,359.9835,enc,
1786713902.947830,0.1017,-0.0,-0.0,-0.0000,0.0000,0.0000,0.0000,0.0000,359.9835,enc,
1786713903.061095,0.1133,-0.0,-0.0,-0.0000,0.0000,0.0000,0.0000,0.0000,359.9835,enc,
1786713903.153722,0.0926,-0.0,-0.0,-0.0000,0.0000,0.0000,0.0000,0.0000,359.9835,enc,
1786713903.262064,0.1083,-0.0,-0.0,-0.0000,0.0000,0.0000,0.0000,0.0000,359.9835,enc,
1786713903.362834,0.1008,-0.0,-0.0,-0.0000,0.0000,0.0000,0.0000,0.0000,359.9836,enc,
1786713903.463943,0.1011,-0.0,-0.0,-0.0000,0.0000,0.0000,0.0000,0.0000,359.9836,enc,
1786713903.556403,0.0925,-0.0,-0.0,-0.0000,0.0000,0.0000,0.0000,0.0000,359.9836,enc,
1786713903.683224,0.1268,-0.0,-0.0,-0.0000,0.0000,0.0000,0.0000,0.0000,359.9836,enc,
1786713903.758737,0.0755,-0.0,-0.0,-0.0000,0.0000,0.0000,0.0000,0.0000,359.9836,enc,
1786713903.908408,0.1497,-0.0,-0.0,-0.0000,0.0000,0.0000,0.0000,0.0000,359.9836,enc,
1786713903.957058,0.0486,-0.0,-0.0,-0.0000,0.0000,0.0000,0.0000,0.0000,359.9836,enc,
1786713904.140494,0.1834,-0.0,-0.0,-0.0000,0.0000,0.0000,0.0000,0.0000,359.9836,enc,
1786713904.159026,0.0185,-0.0,-0.0,-0.0000,0.0000,0.0000,0.0000,0.0000,359.9836,enc,
1786713904.358615,0.1996,-0.0,-0.0,-0.0000,0.0000,0.0000,0.0000,0.0000,359.9836,enc,
1786713904.367398,0.0088,-0.0,-0.0,-0.0000,0.0000,0.0000,0.0000,0.0000,359.9836,enc,
1786713904.571464,0.2041,-0.0,-0.0,-0.0000,0.0000,0.0000,0.0000,0.0000,359.9837,enc,
1786713904.575725,0.0043,-0.0,-0.0,-0.0000,0.0000,0.0000,0.0000,0.0000,359.9836,enc,
1786713904.791335,0.2156,-0.0,-0.0,-0.0000,0.0000,0.0000,0.0000,0.0000,359.9836,enc,
1786713904.791399,0.0001,-0.0,-0.0,-0.0000,0.0000,0.0000,0.0000,0.0000,359.9836,enc,
1786713904.875015,0.0836,-0.0,-0.0,-0.0000,0.0000,0.0000,0.0000,0.0000,359.9836,enc,
1786713905.080462,0.2054,-0.0,-0.0,-0.0000,0.0000,0.0000,0.0000,0.0000,359.9836,enc,
1786713905.080524,0.0001,-0.0,-0.0,-0.0000,0.0000,0.0000,0.0000,0.0000,359.9836,enc,
1786713905.235018,0.1545,-0.0,-0.0,-0.0000,0.0000,0.0000,0.0000,0.0000,359.9836,enc,
1786713905.278962,0.0439,-0.0,-0.0,-0.0000,0.0000,0.0000,0.0000,0.0000,359.9837,enc,
1786713905.454189,0.1752,-0.0,-0.0,-0.0000,0.0000,0.0000,0.0000,0.0000,359.9837,enc,
1786713905.493419,0.0392,-0.0,-0.0,-0.0000,0.0000,0.0000,0.0000,0.0000,359.9836,enc,
1786713905.673645,0.1802,-0.0,-0.0,-0.0000,0.0000,0.0000,0.0000,0.0000,359.9836,enc,
1786713905.700672,0.0270,-0.0,-0.0,-0.0000,0.0000,0.0000,0.0000,0.0000,359.9836,enc,
1786713905.788758,0.0881,-0.0,-0.0,-0.0000,0.0000,0.0000,0.0000,0.0000,359.9836,enc,
1786713905.891318,0.1026,-0.0,-0.0,-0.0000,0.0000,0.0000,0.0000,0.0000,359.9837,enc,
1786713905.993295,0.1020,-0.0,-0.0,-0.0000,0.0000,0.0000,0.0000,0.0000,359.9837,enc,
1786713906.095250,0.1020,-0.0,-0.0,-0.0000,0.0000,0.0000,0.0000,0.0000,359.9836,enc,
1786713906.196994,0.1017,-0.0,-0.0,-0.0000,0.0000,0.0000,0.0000,0.0000,359.9836,enc,
1786713906.295892,0.0989,-0.0,-0.0,-0.0000,0.0000,0.0000,0.0000,0.0000,359.9836,enc,
1786713906.447428,0.1515,-0.0,-0.0,-0.0000,0.0000,0.0000,0.0000,0.0000,359.9836,enc,
1786713906.496998,0.0496,-0.0,-0.0,-0.0000,0.0000,0.0000,0.0000,0.0000,359.9836,enc,
1786713906.602808,0.1058,-0.0,-0.0,-0.0000,0.0000,0.0000,0.0000,0.0000,359.9836,enc,
1786713906.701910,0.0991,-0.0,-0.0,-0.0000,0.0000,0.0000,0.0000,0.0000,359.9836,enc,
1786713906.807534,0.1056,-0.0,-0.0,-0.0000,0.0000,0.0000,0.0000,0.0000,359.9836,enc,
1786713906.906948,0.0994,-0.0,-0.0,-0.0000,0.0000,0.0000,0.0000,0.0000,359.9836,enc,
1786713907.007250,0.1003,-0.0,-0.0,-0.0000,0.0000,0.0000,0.0000,0.0000,359.9836,enc,
1786713907.112545,0.1053,-0.0,-0.0,-0.0000,0.0000,0.0000,0.0000,0.0000,359.9836,enc,
1786713907.225125,0.1126,-0.0,-0.0,-0.0000,0.0000,0.0000,0.0000,0.0000,359.9836,enc,
1786713907.312011,0.0869,-0.0,-0.0,-0.0000,0.0000,0.0000,0.0000,0.0000,359.9836,enc,
1786713907.460559,0.1485,-0.0,-0.0,-0.0000,0.0000,0.0000,0.0000,0.0000,359.9836,enc,
1786713907.522695,0.0621,-0.0,-0.0,-0.0000,0.0000,0.0000,0.0000,0.0000,359.9836,enc,
1786713907.620936,0.0982,-0.0,-0.0,-0.0000,0.0000,0.0000,0.0000,0.0000,359.9836,enc,
1786713907.882722,0.2618,-0.0,-0.0,-0.0000,0.0000,0.0000,0.0000,0.0000,359.9836,enc,
1786713907.923481,0.0408,-0.0,-0.0,-0.0000,0.0000,0.0000,0.0000,0.0000,359.9836,enc,
1786713908.081401,0.1579,-0.0,-0.0,-0.0000,0.0000,0.0000,0.0000,0.0000,359.9837,enc,
1786713908.099317,0.0179,-0.0,-0.0,-0.0000,0.0000,0.0000,0.0000,0.0000,359.9837,enc,
1786713908.147690,0.0484,-0.0,-0.0,-0.0000,0.0000,0.0000,0.0000,0.0000,359.9837,enc,
1786713908.307149,0.1595,-0.0,-0.0,-0.0000,0.0000,0.0000,0.0000,0.0000,359.9837,enc,
1786713908.331511,0.0244,-0.0,-0.0,-0.0000,0.0000,0.0000,0.0000,0.0000,359.9837,enc,
1786713908.541618,0.2101,-0.0,-0.0,-0.0000,0.0000,0.0000,0.0000,0.0000,359.9837,enc,
1786713908.541697,0.0001,-0.0,-0.0,-0.0000,0.0000,0.0000,0.0000,0.0000,359.9837,enc,
1786713908.750963,0.2093,-0.0,-0.0,-0.0000,0.0000,0.0000,0.0000,0.0000,359.9837,enc,
1786713908.834458,0.0835,-0.0,-0.0,-0.0000,0.0000,0.0000,0.0000,0.0000,359.9837,enc,
1786713908.834521,0.0001,-0.0,-0.0,-0.0000,0.0000,0.0000,0.0000,0.0000,359.9837,enc,
1786713908.994647,0.1601,-0.0,-0.0,-0.0000,0.0000,0.0000,0.0000,0.0000,359.9837,enc,
1786713909.035917,0.0413,-0.0,-0.0,-0.0000,0.0000,0.0000,0.0000,0.0000,359.9837,enc,
1786713909.210809,0.1749,-0.0,-0.0,-0.0000,0.0000,0.0000,0.0000,0.0000,359.9836,enc,
1786713909.244497,0.0337,-0.0,-0.0,-0.0000,0.0000,0.0000,0.0000,0.0000,359.9836,enc,
1786713909.425765,0.1813,-0.0,-0.0,-0.0000,0.0000,0.0000,0.0000,0.0000,359.9835,enc,
1786713909.451904,0.0261,-0.0,-0.0,-0.0000,0.0000,0.0000,0.0000,0.0000,359.9835,enc,
1786713909.629629,0.1777,-0.0,-0.0,-0.0000,0.0000,0.0000,0.0000,0.0000,359.9835,enc,
1786713909.656869,0.0272,-0.0,-0.0,-0.0000,0.0000,0.0000,0.0000,0.0000,359.9835,enc,
1786713909.799155,0.1423,-0.0,-0.0,-0.0000,0.0000,0.0000,0.0000,0.0000,359.9835,enc,
1786713909.866556,0.0674,-0.0,-0.0,-0.0000,0.0000,0.0000,0.0000,0.0000,359.9835,enc,
1786713909.953541,0.0870,-0.0,-0.0,-0.0000,0.0000,0.0000,0.0000,0.0000,359.9836,enc,
1786713910.052338,0.0988,-0.0,-0.0,-0.0000,0.0000,0.0000,0.0000,0.0000,359.9836,enc,
1786713910.154621,0.1023,-0.0,-0.0,-0.0000,0.0000,0.0000,0.0000,0.0000,359.9835,enc,
1786713910.282511,0.1279,-0.0,-0.0,-0.0000,0.0000,0.0000,0.0000,0.0000,359.9835,enc,
1786713910.363086,0.0806,-0.0,-0.0,-0.0000,0.0000,0.0000,0.0000,0.0000,359.9836,enc,
1786713910.465098,0.1020,-0.0,-0.0,-0.0000,0.0000,0.0000,0.0000,0.0000,359.9836,enc,
1786713910.567438,0.1023,-0.0,-0.0,-0.0000,0.0000,0.0000,0.0000,0.0000,359.9836,enc,
1786713910.665958,0.0985,-0.0,-0.0,-0.0000,0.0000,0.0000,0.0000,0.0000,359.9836,enc,
1786713910.766696,0.1007,12.364872932434082,9.81916332244873,0.0650,-0.0433,0.0066,0.0000,0.0002,359.9699,imu,
1786713910.866802,0.1001,29.201101303100586,23.69145965576172,0.1551,-0.0937,0.0221,-0.0001,-0.0082,0.4553,imu,
1786713910.971638,0.1048,30.784029006958008,25.01202392578125,0.1636,-0.0981,0.0392,-0.0003,-0.0085,0.4679,imu,
1786713911.072504,0.1009,31.221303939819336,25.16069793701172,0.1653,-0.1030,0.0559,-0.0004,-0.0097,0.5366,imu,
1786713911.172495,0.1000,30.912181854248047,25.09341812133789,0.1642,-0.0989,0.0723,-0.0005,-0.0050,0.2729,imu,
1786713911.272907,0.1004,31.221303939819336,25.16069793701172,0.1653,-0.1030,0.0889,-0.0007,-0.0103,0.5719,imu,
1786713911.376919,0.1040,31.275854110717773,25.820762634277344,0.1674,-0.0927,0.1063,-0.0009,-0.0130,0.7263,imu,
1786713911.485284,0.1084,32.3232307434082,27.36455535888672,0.1750,-0.0843,0.1253,-0.0012,-0.0153,0.8599,imu,
1786713911.575569,0.0903,31.738391876220703,27.102447509765625,0.1725,-0.0788,0.1409,-0.0015,-0.0191,1.0774,imu,
1786713911.687770,0.1122,31.96298599243164,26.841846466064453,0.1724,-0.0870,0.1602,-0.0019,-0.0201,1.1345,imu,
1786713911.887313,0.1995,32.0495491027832,27.188100814819336,0.1737,-0.0826,0.1949,-0.0027,-0.0225,1.2744,imu,
1786713911.887393,0.0001,32.548709869384766,27.275455474853516,0.1754,-0.0896,0.1949,-0.0027,-0.0268,1.5209,imu,
1786713912.072456,0.1851,32.5897102355957,27.548208236694336,0.1763,-0.0857,0.2275,-0.0036,-0.0279,1.5841,imu,
1786713912.086558,0.0141,32.50688552856445,27.36455535888672,0.1756,-0.0874,0.2300,-0.0037,-0.0312,1.7735,imu,
1786713912.268377,0.1818,32.6905403137207,27.548208236694336,0.1766,-0.0874,0.2621,-0.0047,-0.0331,1.8789,imu,
1786713912.297889,0.0295,32.57272720336914,27.374950408935547,0.1758,-0.0884,0.2673,-0.0049,-0.0358,2.0336,imu,
1786713912.483134,0.1852,32.87419509887695,27.36455535888672,0.1766,-0.0937,0.2999,-0.0063,-0.0417,2.3702,imu,
1786713912.529335,0.0462,32.350189208984375,27.463964462280273,0.1754,-0.0831,0.3080,-0.0066,-0.0452,2.5736,imu,
1786713912.701808,0.1725,32.45161437988281,26.92414093017578,0.1741,-0.0940,0.3380,-0.0081,-0.0482,2.7481,imu,
1786713912.728920,0.0271,33.0578498840332,26.813589096069336,0.1756,-0.1061,0.3428,-0.0083,-0.0505,2.8748,imu,
1786713912.914156,0.1852,33.02253341674805,27.018434524536133,0.1760,-0.1021,0.3753,-0.0101,-0.0556,3.1681,imu,
1786713912.933064,0.0189,32.87419509887695,26.62993621826172,0.1745,-0.1061,0.3786,-0.0103,-0.0589,3.3569,imu,
1786713913.007720,0.0747,32.50688552856445,26.62993621826172,0.1734,-0.0999,0.3916,-0.0112,-0.0637,3.6314,imu,
1786713913.153767,0.1460,33.0578498840332,25.89531707763672,0.1729,-0.1217,0.4168,-0.0128,-0.0650,3.7079,imu,
1786713913.212981,0.0592,33.02253341674805,25.95888900756836,0.1729,-0.1201,0.4270,-0.0135,-0.0682,3.8904,imu,
1786713913.370856,0.1579,31.96298599243164,25.42911720275879,0.1683,-0.1111,0.4535,-0.0154,-0.0727,4.1495,imu,
1786713913.418725,0.0479,31.457691192626953,25.820762634277344,0.1679,-0.0958,0.4615,-0.0160,-0.0767,4.3796,imu,
1786713913.592627,0.1739,31.221303939819336,25.528005599975586,0.1664,-0.0968,0.4903,-0.0183,-0.0795,4.5410,imu,
1786713913.630040,0.0374,31.221303939819336,25.344350814819336,0.1659,-0.0999,0.4965,-0.0188,-0.0817,4.6668,imu,
1786713913.869004,0.2390,31.509389877319336,25.38756561279297,0.1668,-0.1041,0.5362,-0.0222,-0.0841,4.8002,imu,
1786713913.869089,0.0001,31.094018936157227,25.27525520324707,0.1653,-0.0989,0.5363,-0.0222,-0.0855,4.8842,imu,
1786713913.962711,0.0936,30.853992462158203,25.16069793701172,0.1642,-0.0968,0.5516,-0.0235,-0.0882,5.0391,imu,
1786713914.027122,0.0644,30.303028106689453,25.344350814819336,0.1632,-0.0843,0.5620,-0.0245,-0.0910,5.1997,imu,
1786713914.135324,0.1082,29.752065658569336,24.42607879638672,0.1589,-0.0905,0.5791,-0.0261,-0.0930,5.3125,imu,
1786713914.230561,0.0952,29.935720443725586,24.24242401123047,0.1589,-0.0968,0.5942,-0.0275,-0.0962,5.4938,imu,
1786713914.336806,0.1062,29.752065658569336,24.42607879638672,0.1589,-0.0905,0.6110,-0.0292,-0.0973,5.5569,imu,
1786713914.432175,0.0954,29.639328002929688,24.18423843383789,0.1578,-0.0927,0.6260,-0.0307,-0.0997,5.6972,imu,
1786713914.543790,0.1116,29.457490921020508,24.18423843383789,0.1573,-0.0896,0.6434,-0.0325,-0.1039,5.9356,imu,
1786713914.633397,0.0896,29.017446517944336,23.87511444091797,0.1551,-0.0874,0.6573,-0.0340,-0.1071,6.1181,imu,
1786713914.740397,0.1070,28.911983489990234,23.82056427001953,0.1546,-0.0865,0.6737,-0.0358,-0.1108,6.3345,imu,
1786713914.839962,0.0996,28.68511962890625,23.43783950805664,0.1528,-0.0892,0.6888,-0.0375,-0.1129,6.4532,imu,
1786713914.965109,0.1251,29.168691635131836,23.76708221435547,0.1552,-0.0918,0.7081,-0.0398,-0.1178,6.7336,imu,
1786713915.046456,0.0813,28.07798194885254,22.780250549316406,0.1491,-0.0901,0.7202,-0.0413,-0.1210,6.9160,imu,
1786713915.166503,0.1200,28.528892517089844,23.001419067382812,0.1511,-0.0940,0.7382,-0.0435,-0.1248,7.1332,imu,
1786713915.251493,0.0850,28.548309326171875,23.093217849731445,0.1514,-0.0927,0.7509,-0.0452,-0.1284,7.3429,imu,
1786713915.369920,0.1184,28.448476791381836,22.6867618560791,0.1499,-0.0979,0.7685,-0.0475,-0.1305,7.4625,imu,
1786713915.455831,0.0859,27.639127731323242,23.275054931640625,0.1493,-0.0742,0.7812,-0.0492,-0.1323,7.5614,imu,
1786713915.571398,0.1156,27.731863021850586,23.14049530029297,0.1492,-0.0780,0.7983,-0.0515,-0.1359,7.7709,imu,
1786713915.656845,0.0854,27.548208236694336,22.95684051513672,0.1481,-0.0780,0.8108,-0.0533,-0.1380,7.8896,imu,
1786713915.779428,0.1226,27.54821014404297,23.043472290039062,0.1483,-0.0766,0.8289,-0.0558,-0.1389,7.9393,imu,
1786713915.864907,0.0855,27.36455535888672,22.77318572998047,0.1470,-0.0780,0.8413,-0.0576,-0.1420,8.1209,imu,
1786713916.476494,0.6116,27.09362030029297,22.365873336791992,0.1450,-0.0804,0.9291,-0.0704,-0.1453,8.3099,imu,
1786713916.476547,0.0001,26.936025619506836,22.388385772705078,0.1446,-0.0773,0.9291,-0.0704,-0.1487,8.5060,imu,
1786713916.522475,0.0459,26.813589096069336,22.58953094482422,0.1449,-0.0718,0.9356,-0.0714,-0.1491,8.5271,imu,
1786713916.522571,0.0001,26.184436798095703,22.54770851135254,0.1429,-0.0618,0.9357,-0.0714,-0.1525,8.7231,imu,
1786713916.522586,0.0000,26.262624740600586,22.58953094482422,0.1432,-0.0624,0.9357,-0.0714,-0.1549,8.8570,imu,
1786713916.522597,0.0000,26.287832260131836,22.50670623779297,0.1431,-0.0643,0.9357,-0.0714,-0.1547,8.8495,imu,
1786713916.695649,0.1731,26.078969955444336,22.22222137451172,0.1416,-0.0656,0.9599,-0.0752,-0.1577,9.0175,imu,
1786713916.721277,0.0256,26.184436798095703,22.184038162231445,0.1418,-0.0680,0.9635,-0.0758,-0.1603,9.1662,imu,
1786713916.918141,0.1969,26.002599716186523,22.002201080322266,0.1408,-0.0680,0.9908,-0.0803,-0.1623,9.2843,imu,
1786713916.925489,0.0073,26.002599716186523,21.820363998413086,0.1402,-0.0711,0.9918,-0.0805,-0.1626,9.2980,imu,
1786713916.984144,0.0587,26.262624740600586,22.03856658935547,0.1416,-0.0718,1.0000,-0.0818,-0.1653,9.4528,imu,
1786713917.154404,0.1703,25.89531707763672,20.9366397857666,0.1373,-0.0843,1.0231,-0.0858,-0.1682,9.6212,imu,
1786713917.185780,0.0314,25.71166229248047,20.9366397857666,0.1368,-0.0812,1.0273,-0.0865,-0.1695,9.6977,imu,
1786713917.385327,0.1995,25.528005599975586,21.12029457092285,0.1368,-0.0749,1.0542,-0.0912,-0.1730,9.8947,imu,
1786713917.399742,0.0144,25.81561851501465,20.9643611907959,0.1372,-0.0825,1.0561,-0.0915,-0.1770,10.1266,imu,
1786713917.648442,0.2487,25.27525520324707,21.27485466003418,0.1365,-0.0680,1.0895,-0.0976,-0.1800,10.2943,imu,
1786713917.804035,0.1556,24.793386459350586,22.22222137451172,0.1379,-0.0437,1.1106,-0.1015,-0.1817,10.3930,imu,
1786713917.809827,0.0058,24.19297981262207,22.95684242248535,0.1383,-0.0210,1.1114,-0.1016,-0.1831,10.4716,imu,
1786713917.845124,0.0353,24.366071701049805,24.18423843383789,0.1424,-0.0031,1.1163,-0.1025,-0.1839,10.5198,imu,
1786713918.017103,0.1720,24.00240135192871,23.638729095458984,0.1397,-0.0062,1.1400,-0.1069,-0.1828,10.4554,imu,
1786713918.026100,0.0090,24.05876922607422,24.05876922607422,0.1411,0.0000,1.1412,-0.1071,-0.1803,10.3153,imu,
1786713918.104456,0.0784,24.366071701049805,23.82056427001953,0.1413,-0.0093,1.1521,-0.1091,-0.1823,10.4291,imu,
1786713918.210711,0.1063,23.76708221435547,23.04686737060547,0.1373,-0.0122,1.1664,-0.1118,-0.1838,10.5123,imu,
1786713918.307802,0.0971,23.76708221435547,23.22692108154297,0.1378,-0.0092,1.1796,-0.1142,-0.1821,10.4143,imu,
1786713918.408711,0.1009,23.87511444091797,23.14049530029297,0.1379,-0.0125,1.1933,-0.1168,-0.1829,10.4636,imu,
1786713918.509267,0.1006,23.69145965576172,23.14049530029297,0.1373,-0.0094,1.2069,-0.1193,-0.1819,10.4062,imu,
1786713918.609883,0.1006,22.95684051513672,24.24242401123047,0.1384,0.0219,1.2206,-0.1218,-0.1812,10.3634,imu,
1786713918.710536,0.1007,22.22222137451172,24.793386459350586,0.1379,0.0437,1.2342,-0.1242,-0.1798,10.2863,imu,
1786713918.811080,0.1005,22.77318572998047,24.793386459350586,0.1395,0.0343,1.2480,-0.1267,-0.1768,10.1121,imu,
1786713918.923133,0.1121,21.30394744873047,25.89531707763672,0.1384,0.0780,1.2633,-0.1294,-0.1729,9.8877,imu,
1786713919.013516,0.0904,21.30394744873047,26.997243881225586,0.1416,0.0968,1.2759,-0.1315,-0.1692,9.6770,imu,
1786713919.118057,0.1045,21.12029457092285,26.44628143310547,0.1395,0.0905,1.2903,-0.1339,-0.1659,9.4870,imu,
1786713919.213171,0.0951,20.9366397857666,26.44628143310547,0.1389,0.0937,1.3033,-0.1361,-0.1605,9.1779,imu,
1786713919.334951,0.1218,20.444583892822266,26.855173110961914,0.1387,0.1090,1.3200,-0.1387,-0.1547,8.8492,imu,
1786713919.419450,0.0845,19.83470916748047,27.548208236694336,0.1389,0.1311,1.3316,-0.1404,-0.1466,8.3859,imu,
1786713919.521848,0.1024,20.01836395263672,27.548208236694336,0.1395,0.1280,1.3458,-0.1424,-0.1430,8.1756,imu,
1786713919.621519,0.0997,19.63832664489746,27.639127731323242,0.1386,0.1360,1.3595,-0.1443,-0.1360,7.7760,imu,
1786713919.735086,0.1136,19.61361312866211,27.280750274658203,0.1375,0.1303,1.3749,-0.1463,-0.1285,7.3485,imu,
1786713919.838041,0.1030,19.456491470336914,28.00279998779297,0.1392,0.1453,1.3892,-0.1481,-0.1237,7.0686,imu,
1786713919.933406,0.0954,19.256999969482422,27.993972778320312,0.1385,0.1485,1.4023,-0.1496,-0.1170,6.6891,imu,
1786713920.039715,0.1063,19.274654388427734,28.00279998779297,0.1386,0.1484,1.4169,-0.1512,-0.1111,6.3465,imu,
1786713920.243988,0.2043,19.456491470336914,25.09341812133789,0.1306,0.0958,1.4435,-0.1540,-0.1059,6.0512,imu,
1786713920.258454,0.0145,19.274654388427734,24.911582946777344,0.1296,0.0958,1.4453,-0.1542,-0.0986,5.6304,imu,
1786713920.459486,0.2010,19.2657413482666,24.847402572631836,0.1293,0.0949,1.4712,-0.1567,-0.0944,5.3925,imu,
1786713920.472651,0.0132,19.058509826660156,24.602802276611328,0.1280,0.0942,1.4729,-0.1568,-0.0873,4.9877,imu,
1786713920.650357,0.1777,19.065109252929688,24.312387466430664,0.1272,0.0892,1.4954,-0.1587,-0.0811,4.6297,imu,
1786713920.670856,0.0205,19.456491470336914,22.365873336791992,0.1226,0.0495,1.4979,-0.1589,-0.0759,4.3349,imu,
1786713920.751124,0.0803,19.63832664489746,22.54770851135254,0.1237,0.0495,1.5078,-0.1596,-0.0747,4.2663,imu,
1786713920.904273,0.1531,19.2657413482666,22.6867618560791,0.1230,0.0582,1.5266,-0.1610,-0.0723,4.1248,imu,
1786713921.094266,0.1900,19.2657413482666,22.50670623779297,0.1225,0.0551,1.5498,-0.1626,-0.0687,3.9204,imu,
1786713921.191350,0.0971,20.2020206451416,21.12029457092285,0.1212,0.0156,1.5616,-0.1633,-0.0660,3.7662,imu,
1786713921.191394,0.0000,20.2020206451416,20.38567543029785,0.1190,0.0031,1.5616,-0.1633,-0.0646,3.6839,imu,
1786713921.770226,0.5788,20.365673065185547,20.00200080871582,0.1184,-0.0062,1.6300,-0.1677,-0.0645,3.6776,imu,
1786713921.770280,0.0001,21.30394744873047,18.54912757873535,0.1169,-0.0468,1.6300,-0.1677,-0.0642,3.6627,imu,
1786713921.781881,0.0116,20.9366397857666,18.7327823638916,0.1163,-0.0375,1.6313,-0.1678,-0.0618,3.5235,imu,
1786713921.810375,0.0285,20.75298309326172,18.7327823638916,0.1158,-0.0343,1.6346,-0.1680,-0.0674,3.8446,imu,
1786713921.810405,0.0000,20.791101455688477,18.711990356445312,0.1158,-0.0353,1.6346,-0.1680,-0.0647,3.6906,imu,
1786713921.810419,0.0000,20.75298309326172,18.3654727935791,0.1147,-0.0406,1.6346,-0.1680,-0.0661,3.7688,imu,
1786713922.014445,0.2040,20.75298309326172,18.18181800842285,0.1142,-0.0437,1.6578,-0.1696,-0.0654,3.7329,imu,
1786713922.014579,0.0001,21.78649139404297,16.9250431060791,0.1135,-0.0826,1.6579,-0.1696,-0.0659,3.7614,imu,
1786713922.233313,0.2187,21.830657958984375,17.152658462524414,0.1143,-0.0795,1.6828,-0.1713,-0.0689,3.9286,imu,
1786713922.233366,0.0001,21.6712589263916,17.2635440826416,0.1142,-0.0749,1.6828,-0.1713,-0.0691,3.9416,imu,
1786713922.296701,0.0633,22.32665252685547,16.5649356842041,0.1140,-0.0979,1.6900,-0.1718,-0.0697,3.9773,imu,
1786713922.382704,0.0860,22.644805908203125,15.869195938110352,0.1129,-0.1152,1.6997,-0.1725,-0.0758,4.3269,imu,
1786713922.484661,0.1020,22.58953094482422,9.917354583740234,0.0953,-0.2154,1.7094,-0.1733,-0.0791,4.5162,imu,
1786713922.586553,0.1019,23.714641571044922,-0.0,0.0695,-0.4031,1.7164,-0.1740,-0.0961,5.4878,imu,
1786713922.687972,0.1014,23.50780487060547,-0.0,0.0689,-0.3996,1.7234,-0.1748,-0.1205,6.8879,imu,
1786713922.789593,0.1016,23.58702850341797,-0.0,0.0692,-0.4009,1.7303,-0.1758,-0.1394,7.9683,imu,
1786713922.891301,0.1017,23.456892013549805,-0.0,0.0688,-0.3987,1.7372,-0.1769,-0.1571,8.9873,imu,
1786713922.998245,0.1069,24.016387939453125,-0.0,0.0704,-0.4082,1.7447,-0.1783,-0.1829,10.4613,imu,
1786713923.097968,0.0997,24.071250915527344,-0.0,0.0706,-0.4092,1.7515,-0.1797,-0.2036,11.6495,imu,
1786713923.198466,0.1005,24.24242401123047,-0.0,0.0711,-0.4121,1.7585,-0.1813,-0.2245,12.8458,imu,
1786713923.298351,0.0999,23.87511444091797,-0.0,0.0700,-0.4058,1.7653,-0.1830,-0.2459,14.0712,imu,
1786713923.400194,0.1018,23.093217849731445,-0.0,0.0677,-0.3925,1.7719,-0.1848,-0.2678,15.3264,imu,
1786713923.500313,0.1001,22.4058780670166,-0.0,0.0657,-0.3809,1.7783,-0.1867,-0.2860,16.3726,imu,
1786713923.602081,0.1018,22.72954559326172,-0.0,0.0666,-0.3864,1.7847,-0.1887,-0.3055,17.4901,imu,
1786713923.703445,0.1014,22.365873336791992,15.456090927124023,0.1109,-0.1175,1.7954,-0.1922,-0.3214,18.3972,imu,
1786713923.806932,0.1035,22.6867618560791,23.76708221435547,0.1362,0.0184,1.8088,-0.1967,-0.3184,18.2280,imu,
1786713923.912543,0.1056,22.87021255493164,22.69695281982422,0.1336,-0.0029,1.8222,-0.2010,-0.3158,18.0786,imu,
1786713924.023192,0.1106,22.72954559326172,22.54770851135254,0.1328,-0.0031,1.8362,-0.2056,-0.3152,18.0434,imu,
1786713924.119853,0.0967,22.177175521850586,22.69695281982422,0.1316,0.0088,1.8483,-0.2095,-0.3137,17.9587,imu,
1786713924.222116,0.1023,21.48760223388672,24.24242401123047,0.1341,0.0468,1.8613,-0.2138,-0.3143,17.9940,imu,
1786713924.421077,0.1990,21.574974060058594,24.071250915527344,0.1338,0.0424,1.8866,-0.2220,-0.3143,17.9941,imu,
1786713924.425499,0.0044,21.45669174194336,23.82056427001953,0.1328,0.0402,1.8872,-0.2222,-0.3118,17.8464,imu,
1786713924.636556,0.2111,21.45669174194336,23.638729095458984,0.1322,0.0371,1.9138,-0.2307,-0.3093,17.7050,imu,
1786713924.640771,0.0042,20.2020206451416,25.16069793701172,0.1330,0.0843,1.9143,-0.2308,-0.3097,17.7257,imu,
1786713924.854348,0.2136,19.83470916748047,25.16069793701172,0.1319,0.0905,1.9412,-0.2393,-0.3058,17.5067,imu,
1786713924.878457,0.0241,20.16600799560547,25.20751190185547,0.1330,0.0857,1.9442,-0.2403,-0.3023,17.3016,imu,
1786713924.932205,0.0537,19.2657413482666,25.567617416381836,0.1315,0.1071,1.9510,-0.2424,-0.2988,17.1031,imu,
1786713925.094124,0.1619,18.54912757873535,26.44628143310547,0.1319,0.1342,1.9714,-0.2485,-0.2925,16.7419,imu,
1786713925.137033,0.0429,18.3654727935791,25.92772674560547,0.1299,0.1285,1.9768,-0.2501,-0.2873,16.4465,imu,
1786713925.314907,0.1779,18.3654727935791,25.74767303466797,0.1293,0.1255,1.9989,-0.2564,-0.2782,15.9228,imu,
1786713925.348773,0.0339,18.19221305847168,25.642358779907227,0.1285,0.1266,2.0031,-0.2576,-0.2696,15.4292,imu,
1786713925.529931,0.1812,17.092618942260742,27.09362030029297,0.1296,0.1700,2.0258,-0.2636,-0.2612,14.9489,imu,
1786713925.557717,0.0278,16.547109603881836,27.09362030029297,0.1280,0.1793,2.0292,-0.2645,-0.2513,14.3844,imu,
1786713925.733508,0.1758,16.728944778442383,26.91178321838379,0.1280,0.1731,2.0511,-0.2699,-0.2418,13.8349,imu,
1786713925.767628,0.0341,16.71257972717285,26.997243881225586,0.1282,0.1748,2.0553,-0.2709,-0.2325,13.3060,imu,
1786713925.967474,0.1998,15.977961540222168,27.18090057373047,0.1265,0.1904,2.0800,-0.2765,-0.2221,12.7078,imu,
1786713926.030605,0.0631,15.092418670654297,28.18463706970215,0.1269,0.2225,2.0878,-0.2781,-0.2082,11.9132,imu,
1786713926.179938,0.1493,14.910582542419434,28.18463706970215,0.1264,0.2256,2.1063,-0.2818,-0.1946,11.1329,imu,
1786713926.187240,0.0073,5.636927127838135,29.639328002929688,0.1034,0.4080,2.1071,-0.2819,-0.1769,10.1203,imu,
1786713926.260178,0.0729,-0.0,29.97383689880371,0.0879,0.5095,2.1134,-0.2829,-0.1484,8.4849,imu,
1786713926.363345,0.1032,-0.0,30.184837341308594,0.0885,0.5131,2.1225,-0.2840,-0.1185,6.7744,imu,
1786713926.463337,0.1000,-0.0,29.752065658569336,0.0872,0.5057,2.1312,-0.2847,-0.0882,5.0368,imu,
1786713926.563265,0.0999,16.760723114013672,29.24211311340332,0.1349,0.2122,2.1446,-0.2855,-0.0577,3.2872,imu,
1786713926.664764,0.1015,24.547908782958984,30.184837341308594,0.1605,0.0958,2.1609,-0.2864,-0.0580,3.3081,imu,
1786713926.765517,0.1008,24.05876922607422,30.670339584350586,0.1605,0.1124,2.1770,-0.2873,-0.0533,3.0352,imu,
1786713926.867932,0.1024,23.32415008544922,30.119375228881836,0.1567,0.1155,2.1931,-0.2880,-0.0452,2.5730,imu,
1786713926.967054,0.0991,21.45669174194336,29.821165084838867,0.1504,0.1422,2.2080,-0.2886,-0.0385,2.1877,imu,
1786713927.067814,0.1008,1.0910181999206543,26.002599716186523,0.0794,0.4234,2.2160,-0.2887,-0.0182,1.0258,imu,
1786713927.168542,0.1007,-0.0,25.528005599975586,0.0749,0.4339,2.2235,-0.2887,0.0076,359.5502,imu,
1786713927.284112,0.1156,-0.0,24.911582946777344,0.0730,0.4234,2.2319,-0.2884,0.0334,358.0673,imu,
1786713927.373700,0.0896,-0.0,22.6867618560791,0.0665,0.3856,2.2379,-0.2881,0.0573,356.7030,imu,
1786713927.490312,0.1166,-0.0,22.365873336791992,0.0656,0.3802,2.2455,-0.2875,0.0805,355.3729,imu,
1786713927.575445,0.0851,-0.0,22.72954559326172,0.0666,0.3864,2.2512,-0.2869,0.1038,354.0348,imu,
1786713927.681162,0.1057,-0.0,22.350435256958008,0.0655,0.3799,2.2580,-0.2860,0.1251,352.8171,imu,
1786713927.782465,0.1013,18.183637619018555,20.729347229003906,0.1141,0.0433,2.2695,-0.2843,0.1438,351.7444,imu,
1786713927.887543,0.1051,23.962570190429688,20.464384078979492,0.1303,-0.0595,2.2830,-0.2825,0.1370,352.1366,imu,
1786713927.987944,0.1004,23.69145965576172,21.12029457092285,0.1314,-0.0437,2.2961,-0.2807,0.1371,352.1295,imu,
1786713928.091665,0.1037,23.179723739624023,20.50514030456543,0.1281,-0.0455,2.3093,-0.2788,0.1390,352.0173,imu,
1786713928.192343,0.1007,23.456892013549805,12.364872932434082,0.1050,-0.1885,2.3197,-0.2774,0.1393,352.0031,imu,
1786713928.393477,0.2011,24.00240135192871,-0.0,0.0704,-0.4080,2.3338,-0.2756,0.1230,352.9344,imu,
1786713928.400276,0.0068,23.638729095458984,-0.0,0.0693,-0.4018,2.3342,-0.2756,0.1027,354.0976,imu,
1786713928.618450,0.2182,24.016387939453125,-0.0,0.0704,-0.4082,2.3496,-0.2744,0.0789,355.4636,imu,
1786713928.624478,0.0060,24.546159744262695,-0.0,0.0720,-0.4172,2.3500,-0.2743,0.0546,356.8567,imu,
1786713928.826585,0.2021,24.60616683959961,-0.0,0.0721,-0.4183,2.3646,-0.2740,0.0258,358.5078,imu,
1786713928.830787,0.0042,24.249557495117188,-0.0,0.0711,-0.4122,2.3649,-0.2740,0.0023,359.8510,imu,
1786713928.910353,0.0796,24.24242401123047,-0.0,0.0711,-0.4121,2.3705,-0.2741,-0.0209,1.1800,imu,
1786713929.056370,0.1460,25.71166229248047,-0.0,0.0754,-0.4370,2.3815,-0.2746,-0.0463,2.6352,imu,
1786713929.261427,0.2051,25.344350814819336,-0.0,0.0743,-0.4308,2.3967,-0.2757,-0.0713,4.0699,imu,
1786713929.544079,0.2827,25.38756561279297,-0.0,0.0744,-0.4315,2.4177,-0.2777,-0.0961,5.4911,imu,
1786713929.550036,0.0060,25.14108657836914,-0.0,0.0737,-0.4273,2.4181,-0.2777,-0.1202,6.8713,imu,
1786713929.550071,0.0000,25.344350814819336,-9.917354583740234,0.0452,-0.5994,2.4181,-0.2777,-0.1456,8.3231,imu,
1786713929.570913,0.0208,25.528005599975586,-22.58953094482422,0.0086,-0.8179,2.4183,-0.2778,-0.1866,10.6748,imu,
1786713929.732538,0.1616,25.89531707763672,-21.85491180419922,0.0118,-0.8117,2.4201,-0.2782,-0.2354,13.4738,imu,
1786713929.743579,0.0110,25.45709228515625,-21.45669174194336,0.0117,-0.7974,2.4203,-0.2783,-0.2836,16.2329,imu,
1786713929.934978,0.1914,25.988876342773438,-21.657398223876953,0.0127,-0.8099,2.4226,-0.2791,-0.3309,18.9446,imu,
1786713929.935033,0.0001,27.18090057373047,-22.77318572998047,0.0129,-0.8491,2.4226,-0.2791,-0.3813,21.8304,imu,
1786713930.159439,0.2244,26.681913375854492,-22.52369499206543,0.0122,-0.8364,2.4250,-0.2802,-0.4401,25.2018,imu,
1786713930.174310,0.0149,26.813589096069336,-22.4058780670166,0.0129,-0.8366,2.4252,-0.2803,-0.4879,27.9401,imu,
1786713930.233701,0.0594,26.997243881225586,-17.44719886779785,0.0280,-0.7555,2.4266,-0.2812,-0.5378,30.7973,imu,
1786713930.332631,0.0989,28.099172592163086,-0.18365472555160522,0.0819,-0.4808,2.4335,-0.2855,-0.5651,32.3599,imu,
1786713930.435288,0.1027,27.639127731323242,-0.0,0.0810,-0.4698,2.4404,-0.2901,-0.5924,33.9230,imu,
1786713930.537037,0.1017,28.00279998779297,-0.0,0.0821,-0.4760,2.4472,-0.2950,-0.6192,35.4611,imu,
1786713930.637276,0.1002,26.813589096069336,-0.0,0.0786,-0.4558,2.4535,-0.2997,-0.6469,37.0504,imu,
1786713930.736257,0.0990,26.366273880004883,-0.0,0.0773,-0.4482,2.4595,-0.3045,-0.6730,38.5441,imu,
1786713930.878155,0.1419,26.54810905456543,-0.0,0.0778,-0.4513,2.4679,-0.3116,-0.7002,40.1041,imu,
1786713930.944885,0.0667,26.262624740600586,2.9384756088256836,0.0856,-0.3965,2.4722,-0.3154,-0.7266,41.6123,imu,
1786713931.043076,0.0982,24.05876922607422,23.14049530029297,0.1384,-0.0156,2.4822,-0.3246,-0.7397,42.3624,imu,
1786713931.177866,0.1348,24.609731674194336,22.4058780670166,0.1379,-0.0375,2.4960,-0.3370,-0.7347,42.0762,imu,
1786713931.245500,0.0676,24.793386459350586,22.22222137451172,0.1379,-0.0437,2.5029,-0.3433,-0.7364,42.1736,imu,
1786713931.345634,0.1001,23.82056427001953,22.365873336791992,0.1354,-0.0247,2.5129,-0.3524,-0.7383,42.2877,imu,
1786713931.441440,0.0958,22.03856658935547,23.14049530029297,0.1325,0.0187,2.5224,-0.3609,-0.7334,42.0016,imu,
1786713931.540251,0.0988,22.22222137451172,22.58953094482422,0.1314,0.0062,2.5320,-0.3696,-0.7345,42.0698,imu,
1786713931.646874,0.1066,21.830657958984375,22.52369499206543,0.1301,0.0118,2.5423,-0.3789,-0.7348,42.0847,imu,
1786713931.756639,0.1098,22.002201080322266,22.54770851135254,0.1306,0.0093,2.5529,-0.3885,-0.7325,41.9498,imu,
1786713931.852058,0.0954,19.97022247314453,23.358028411865234,0.1270,0.0576,2.5620,-0.3966,-0.7321,41.9269,imu,
1786713931.974610,0.1226,19.778200149536133,23.133432388305664,0.1258,0.0570,2.5734,-0.4069,-0.7309,41.8589,imu,
1786713932.058024,0.0834,19.65105628967285,23.14049530029297,0.1255,0.0593,2.5813,-0.4139,-0.7271,41.6436,imu,
1786713932.160328,0.1023,3.2409658432006836,24.30724334716797,0.0808,0.3581,2.5875,-0.4193,-0.7199,41.2307,imu,
1786713932.274811,0.1145,-0.0,24.366071701049805,0.0714,0.4142,2.5937,-0.4246,-0.6993,40.0530,imu,
1786713932.376527,0.1017,-0.0,23.638729095458984,0.0693,0.4018,2.5992,-0.4290,-0.6800,38.9448,imu,
1786713932.586046,0.2095,-0.0,23.14049530029297,0.0679,0.3933,2.6105,-0.4377,-0.6575,37.6574,imu,
1786713932.592237,0.0062,-0.0,23.32415008544922,0.0684,0.3965,2.6108,-0.4380,-0.6333,36.2696,imu,
1786713932.666331,0.0741,-0.0,24.19297981262207,0.0709,0.4112,2.6151,-0.4410,-0.6096,34.9113,imu,
1786713932.839853,0.1735,-0.0,24.30724334716797,0.0713,0.4132,2.6254,-0.4478,-0.5838,33.4330,imu,
1786713932.867729,0.0279,-0.0,24.609731674194336,0.0722,0.4183,2.6271,-0.4488,-0.5595,32.0405,imu,
1786713933.038180,0.1705,-0.0,23.736507415771484,0.0696,0.4035,2.6374,-0.4548,-0.5297,30.3325,imu,
1786713933.078178,0.0400,-0.0,24.24242401123047,0.0711,0.4121,2.6399,-0.4562,-0.5046,28.8933,imu,
1786713933.265527,0.1873,-0.0,25.344350814819336,0.0743,0.4308,2.6522,-0.4626,-0.4781,27.3780,imu,
1786713933.282852,0.0173,-0.0,25.63892936706543,0.0752,0.4358,2.6534,-0.4632,-0.4513,25.8404,imu,
1786713933.473484,0.1906,-0.0,26.82799530029297,0.0787,0.4560,2.6671,-0.4694,-0.4249,24.3288,imu,
1786713933.489822,0.0163,-0.0,27.639127731323242,0.0810,0.4698,2.6683,-0.4699,-0.3960,22.6704,imu,
1786713933.676825,0.1870,-0.0,27.548208236694336,0.0808,0.4683,2.6824,-0.4753,-0.3677,21.0536,imu,
1786713933.681147,0.0043,-0.0,27.548208236694336,0.0808,0.4683,2.6827,-0.4754,-0.3407,19.5047,imu,
1786713933.921382,0.2402,-18.72914695739746,28.00279998779297,0.0272,0.7943,2.6889,-0.4774,-0.3079,17.6255,imu,
1786713933.924016,0.0026,-23.87511444091797,28.833791732788086,0.0145,0.8959,2.6890,-0.4774,-0.2548,14.5808,imu,
1786713933.981407,0.0574,-23.093217849731445,28.730146408081055,0.0165,0.8809,2.6899,-0.4776,-0.2043,11.6877,imu,
1786713934.120164,0.1388,-22.95684051513672,29.017446517944336,0.0178,0.8835,2.6923,-0.4780,-0.1517,8.6738,imu,
1786713934.189554,0.0694,-22.95684051513672,29.017446517944336,0.0178,0.8835,2.6936,-0.4781,-0.0998,5.7016,imu,
1786713934.344550,0.1550,-23.69145965576172,30.670339584350586,0.0205,0.9240,2.6967,-0.4783,-0.0485,2.7618,imu,
1786713934.393357,0.0488,-23.32415008544922,30.486684799194336,0.0210,0.9147,2.6978,-0.4783,0.0037,359.7742,imu,
1786713934.506333,0.1130,-23.69145965576172,30.853992462158203,0.0210,0.9272,2.7001,-0.4781,0.0549,356.8353,imu,
1786713934.593358,0.0870,-23.38998794555664,30.493614196777344,0.0208,0.9159,2.7019,-0.4779,0.1055,353.9372,imu,
1786713934.695596,0.1022,-10.742069244384766,31.1866512298584,0.0599,0.7127,2.7080,-0.4769,0.1677,350.3750,imu,
1786713934.795577,0.1000,-0.0,31.588611602783203,0.0926,0.5369,2.7171,-0.4751,0.1966,348.7174,imu,
1786713934.896332,0.1008,-0.0,31.639528274536133,0.0928,0.5378,2.7262,-0.4730,0.2307,346.7668,imu,
1786713934.997044,0.1007,-0.0,32.13957595825195,0.0942,0.5463,2.7353,-0.4705,0.2650,344.7991,imu,
1786713935.098703,0.1017,-0.0,32.5897102355957,0.0956,0.5540,2.7446,-0.4676,0.2998,342.8078,imu,
1786713935.202616,0.1039,-0.0,32.13957977294922,0.0942,0.5463,2.7539,-0.4644,0.3327,340.9231,imu,
1786713935.415208,0.2126,-0.0,32.57272720336914,0.0955,0.5537,2.7728,-0.4571,0.3673,338.9414,imu,
1786713935.415260,0.0001,11.637527465820312,32.00320053100586,0.1280,0.3462,2.7728,-0.4571,0.4017,336.9670,imu,
1786713935.518034,0.1028,26.62993621826172,32.3232307434082,0.1729,0.0968,2.7891,-0.4501,0.4067,336.6821,imu,
1786713935.617774,0.0997,25.122581481933594,32.39946746826172,0.1687,0.1237,2.8046,-0.4434,0.4105,336.4609,imu,
1786713935.720593,0.1028,14.044185638427734,30.609121322631836,0.1309,0.2816,2.8168,-0.4379,0.4203,335.9017,imu,
1786713935.825488,0.1049,-0.0,26.567529678344727,0.0779,0.4516,2.8242,-0.4344,0.4416,334.6845,imu,
1786713935.926712,0.1012,-0.0,26.46788787841797,0.0776,0.4499,2.8312,-0.4308,0.4694,333.0916,imu,
1786713936.030971,0.1043,-0.0,24.083024978637695,0.0706,0.4094,2.8377,-0.4273,0.4958,331.5778,imu,
1786713936.146497,0.1155,-0.0,21.48760223388672,0.0630,0.3652,2.8440,-0.4237,0.5196,330.2115,imu,
1786713936.244624,0.0981,-0.0,21.820363998413086,0.0640,0.3709,2.8494,-0.4205,0.5416,328.9510,imu,
1786713936.338289,0.0937,-0.0,21.830657958984375,0.0640,0.3711,2.8545,-0.4173,0.5677,327.4579,imu,
1786713936.455448,0.1172,-0.0,21.574974060058594,0.0633,0.3667,2.8606,-0.4131,0.5896,326.2026,imu,
1786713936.543101,0.0877,-0.0,21.48760223388672,0.0630,0.3652,2.8651,-0.4100,0.6111,324.9727,imu,
1786713936.798414,0.2553,-0.0,19.456491470336914,0.0570,0.3307,2.8769,-0.4014,0.6313,323.8117,imu,
1786713936.812819,0.0144,-0.0,18.183637619018555,0.0533,0.3091,2.8775,-0.4009,0.6514,322.6617,imu,
1786713937.017936,0.2051,-0.0,18.001800537109375,0.0528,0.3060,2.8860,-0.3942,0.6687,321.6710,imu,
1786713937.021601,0.0037,-0.0,5.0245161056518555,0.0147,0.0854,2.8861,-0.3942,0.6819,320.9130,imu,
1786713937.225259,0.2037,-0.0,-0.0,-0.0000,0.0000,2.8861,-0.3942,0.6819,321.1364,enc,
1786713937.225330,0.0001,-0.0,-0.0,-0.0000,0.0000,2.8861,-0.3942,0.6819,321.1509,enc,
1786713937.427064,0.2017,-0.0,-0.0,-0.0000,0.0000,2.8861,-0.3942,0.6819,321.1594,enc,
1786713937.447286,0.0202,-0.0,-0.0,-0.0000,0.0000,2.8861,-0.3942,0.6819,321.1594,enc,
1786713937.463585,0.0163,-0.0,-0.0,-0.0000,0.0000,2.8861,-0.3942,0.6819,321.1516,enc,
1786713937.738895,0.2753,-0.0,-0.0,-0.0000,0.0000,2.8861,-0.3942,0.6819,321.1595,enc,
1786713937.738963,0.0001,-0.0,-0.0,-0.0000,0.0000,2.8861,-0.3942,0.6819,321.1599,enc,
1786713937.934006,0.1950,2.3875112533569336,-2.0202019214630127,0.0011,-0.0749,2.8862,-0.3940,0.6820,321.1522,imu,
1786713937.935058,0.0011,24.256284713745117,-23.043472290039062,0.0036,-0.8040,2.8862,-0.3940,0.6729,321.6774,imu,
1786713938.127475,0.1924,23.21672821044922,-21.657398223876953,0.0046,-0.7628,2.8869,-0.3935,0.6337,323.9213,imu,
1786713938.130388,0.0029,24.00240135192871,-22.54770851135254,0.0043,-0.7913,2.8869,-0.3935,0.5921,326.3058,imu,
1786713938.336313,0.2059,24.48729705810547,-23.04686737060547,0.0042,-0.8080,2.8877,-0.3930,0.5471,328.8846,imu,
1786713938.339795,0.0035,24.366071701049805,-22.72954559326172,0.0048,-0.8005,2.8877,-0.3930,0.4965,331.7858,imu,
1786713938.399674,0.0599,24.05876922607422,-22.58953094482422,0.0043,-0.7929,2.8879,-0.3929,0.4498,334.4566,imu,
1786713938.528604,0.1289,25.09341812133789,-23.456892013549805,0.0048,-0.8253,2.8885,-0.3927,0.4055,336.9972,imu,
1786713938.599135,0.0705,25.344350814819336,-23.87511444091797,0.0043,-0.8366,2.8888,-0.3926,0.3552,339.8810,imu,
1786713938.686775,0.0876,25.528005599975586,-23.87511444091797,0.0048,-0.8398,2.8892,-0.3925,0.3026,342.8942,imu,
1786713938.794200,0.1074,24.793386459350586,-23.69145965576172,0.0032,-0.8241,2.8895,-0.3924,0.2547,345.6360,imu,
1786713938.892239,0.0980,25.605709075927734,-24.546159744262695,0.0031,-0.8525,2.8898,-0.3923,0.2052,348.4730,imu,
1786713938.989849,0.0976,26.62993621826172,-25.344350814819336,0.0038,-0.8835,2.8902,-0.3922,0.1562,351.2811,imu,
1786713939.089137,0.0993,26.262624740600586,-25.16069793701172,0.0032,-0.8741,2.8905,-0.3922,0.1092,353.9734,imu,
1786713939.190048,0.1009,26.262624740600586,-24.97704315185547,0.0038,-0.8710,2.8909,-0.3922,0.0580,356.9074,imu,
1786713939.293807,0.1038,26.135480880737305,-24.72275161743164,0.0041,-0.8645,2.8913,-0.3922,0.0042,359.9923,imu,
1786713939.400717,0.1069,25.81561851501465,-24.77606201171875,0.0030,-0.8600,2.8916,-0.3922,-0.0536,3.3026,imu,
1786713939.501854,0.1011,30.249011993408203,-8.46252155303955,0.0639,-0.6580,2.8981,-0.3928,-0.0911,5.4528,imu,
1786713939.604176,0.1023,31.329336166381836,-0.0,0.0919,-0.5325,2.9074,-0.3938,-0.1125,6.6772,imu,
1786713939.705226,0.1011,31.457691192626953,0.18183636665344238,0.0928,-0.5316,2.9167,-0.3952,-0.1420,8.3670,imu,
1786713939.805165,0.0999,30.486684799194336,21.12029457092285,0.1513,-0.1592,2.9316,-0.3976,-0.1606,9.4341,imu,
1786713939.909524,0.1044,31.256622314453125,23.486614227294922,0.1605,-0.1321,2.9482,-0.4003,-0.1620,9.5107,imu,
1786713940.014417,0.1049,31.08003044128418,23.133432388305664,0.1590,-0.1351,2.9646,-0.4031,-0.1680,9.8547,imu,
1786713940.122400,0.1080,30.550256729125977,22.427066802978516,0.1553,-0.1381,2.9811,-0.4060,-0.1737,10.1837,imu,
1786713940.217616,0.0952,30.119375228881836,23.32415008544922,0.1567,-0.1155,2.9958,-0.4086,-0.1748,10.2474,imu,
1786713940.329375,0.1118,28.911983489990234,24.00240135192871,0.1552,-0.0835,3.0129,-0.4117,-0.1791,10.4922,imu,
1786713940.419200,0.0898,29.017446517944336,23.69145965576172,0.1546,-0.0905,3.0265,-0.4142,-0.1862,10.9006,imu,
1786713940.519454,0.1003,28.650136947631836,24.24242401123047,0.1551,-0.0749,3.0418,-0.4172,-0.1908,11.1600,imu,
1786713940.739044,0.2196,27.09362030029297,24.911582946777344,0.1525,-0.0371,3.0746,-0.4236,-0.1933,11.3077,imu,
1786713940.747148,0.0081,27.188100814819336,24.847402572631836,0.1526,-0.0398,3.0759,-0.4239,-0.1941,11.3497,imu,
1786713940.826480,0.0793,27.280750274658203,24.784473419189453,0.1527,-0.0424,3.0877,-0.4262,-0.1955,11.4333,imu,
1786713941.012878,0.1864,27.18090057373047,24.793386459350586,0.1524,-0.0406,3.1156,-0.4318,-0.1975,11.5459,imu,
1786713941.164462,0.1516,26.997243881225586,24.609731674194336,0.1513,-0.0406,3.1381,-0.4363,-0.1991,11.6373,imu,
1786713941.194376,0.0299,25.642358779907227,25.295839309692383,0.1494,-0.0059,3.1425,-0.4372,-0.1986,11.6092,imu,
1786713941.270310,0.0759,24.97704315185547,25.344350814819336,0.1476,0.0062,3.1534,-0.4394,-0.1989,11.6239,imu,
1786713941.388207,0.1179,25.16069793701172,25.528005599975586,0.1486,0.0062,3.1706,-0.4429,-0.1980,11.5740,imu,
1786713941.432921,0.0447,24.97704315185547,25.16069793701172,0.1470,0.0031,3.1771,-0.4441,-0.1960,11.4609,imu,
1786713941.633763,0.2008,23.275054931640625,25.820762634277344,0.1440,0.0433,3.2054,-0.4498,-0.1952,11.4174,imu,
1786713941.643419,0.0097,23.043472290039062,26.16213607788086,0.1443,0.0530,3.2068,-0.4500,-0.1949,11.3979,imu,
1786713941.853416,0.2100,21.9665470123291,27.008047103881836,0.1436,0.0857,3.2364,-0.4557,-0.1896,11.0962,imu,
1786713941.853465,0.0000,21.06627655029297,27.36815643310547,0.1420,0.1071,3.2364,-0.4557,-0.1871,10.9494,imu,
1786713942.057878,0.2044,21.12029457092285,27.18090057373047,0.1416,0.1030,3.2649,-0.4609,-0.1818,10.6475,imu,
1786713942.079259,0.0214,21.093017578125,27.09362030029297,0.1413,0.1020,3.2679,-0.4615,-0.1779,10.4223,imu,
1786713942.147753,0.0685,18.72914695739746,27.275455474853516,0.1349,0.1453,3.2770,-0.4631,-0.1744,10.2201,imu,
1786713942.324159,0.1764,0.6996370553970337,28.33530044555664,0.0851,0.4698,3.2918,-0.4654,-0.1561,9.1729,imu,
1786713942.358110,0.0340,-0.0,28.268423080444336,0.0829,0.4805,3.2946,-0.4658,-0.1342,7.9177,imu,
1786713942.494483,0.1364,-0.0,27.54821014404297,0.0808,0.4683,3.3055,-0.4669,-0.1040,6.1867,imu,
1786713942.562017,0.0675,-0.0,27.275455474853516,0.0800,0.4636,3.3109,-0.4674,-0.0778,4.6880,imu,
1786713942.661782,0.0998,-0.0,28.466482162475586,0.0835,0.4839,3.3192,-0.4678,-0.0496,3.0706,imu,
1786713942.761413,0.0996,-0.0,29.017446517944336,0.0851,0.4932,3.3277,-0.4679,-0.0212,1.4469,imu,
1786713942.862533,0.1011,-0.0,28.730146408081055,0.0842,0.4884,3.3362,-0.4679,0.0080,359.7749,imu,
1786713942.963342,0.1008,-0.0,28.366474151611328,0.0832,0.4822,3.3446,-0.4676,0.0364,358.1443,imu,
1786713943.065593,0.1023,-0.0,29.093820571899414,0.0853,0.4945,3.3533,-0.4670,0.0665,356.4222,imu,
1786713943.165574,0.1000,-0.0,30.853992462158203,0.0905,0.5245,3.3623,-0.4661,0.0982,354.6023,imu,
1786713943.265316,0.0997,-0.0,30.486684799194336,0.0894,0.5182,3.3712,-0.4650,0.1285,352.8699,imu,
1786713943.365520,0.1002,-0.0,30.853992462158203,0.0905,0.5245,3.3801,-0.4635,0.1580,351.1800,imu,
1786713943.473785,0.1083,-0.0,31.404958724975586,0.0921,0.5338,3.3899,-0.4617,0.1885,349.4312,imu,
1786713943.584082,0.1103,-0.0,31.037647247314453,0.0910,0.5276,3.3997,-0.4595,0.2194,347.6583,imu,
1786713943.666373,0.0823,-0.0,31.037647247314453,0.0910,0.5276,3.4070,-0.4576,0.2506,345.8697,imu,
1786713943.766476,0.1001,0.18365472555160522,31.221303939819336,0.0921,0.5276,3.4158,-0.4551,0.2812,344.1198,imu,
1786713943.866592,0.1001,23.69145965576172,30.853992462158203,0.1599,0.1217,3.4311,-0.4503,0.3004,343.0186,imu,
1786713943.966814,0.1002,25.528005599975586,31.221303939819336,0.1664,0.0968,3.4470,-0.4454,0.2999,343.0463,imu,
1786713944.067223,0.1004,24.97704315185547,31.772266387939453,0.1664,0.1155,3.4630,-0.4404,0.3066,342.6660,imu,
1786713944.168106,0.1009,24.793386459350586,31.404958724975586,0.1648,0.1124,3.4788,-0.4353,0.3125,342.3255,imu,
1786713944.273425,0.1053,25.469099044799805,31.1866512298584,0.1661,0.0972,3.4954,-0.4298,0.3189,341.9582,imu,
1786713944.375115,0.1017,27.91551971435547,31.404958724975586,0.1739,0.0593,3.5122,-0.4241,0.3248,341.6183,imu,
1786713944.475736,0.1006,27.82096290588379,31.639528274536133,0.1743,0.0649,3.5288,-0.4184,0.3298,341.3341,imu,
1786713944.587443,0.1117,28.510210037231445,30.958938598632812,0.1744,0.0416,3.5472,-0.4120,0.3360,340.9797,imu,
1786713944.695019,0.1076,29.888906478881836,30.789175033569336,0.1779,0.0153,3.5652,-0.4057,0.3366,340.9439,imu,
1786713944.788527,0.0935,29.888906478881836,30.969226837158203,0.1784,0.0184,3.5810,-0.4001,0.3398,340.7592,imu,
1786713944.931279,0.1428,29.888906478881836,30.969226837158203,0.1784,0.0184,3.6050,-0.3916,0.3418,340.6452,imu,
1786713944.985764,0.0545,29.568410873413086,30.853992462158203,0.1772,0.0219,3.6140,-0.3884,0.3416,340.6590,imu,
1786713945.139303,0.1535,30.609121322631836,30.068960189819336,0.1779,-0.0092,3.6398,-0.3791,0.3454,340.4409,imu,
1786713945.204645,0.0653,30.666873931884766,29.107542037963867,0.1753,-0.0265,3.6505,-0.3752,0.3446,340.4838,imu,
1786713945.363843,0.1592,30.550256729125977,29.137529373168945,0.1750,-0.0240,3.6767,-0.3658,0.3460,340.4052,imu,
1786713945.412342,0.0485,30.670339584350586,29.201101303100586,0.1756,-0.0250,3.6848,-0.3629,0.3464,340.3816,imu,
1786713945.574404,0.1621,31.221303939819336,28.650136947631836,0.1756,-0.0437,3.7115,-0.3532,0.3468,340.3612,imu,
1786713945.618063,0.0437,31.916696548461914,27.459056854248047,0.1741,-0.0758,3.7187,-0.3506,0.3478,340.3055,imu,
1786713945.809884,0.1918,31.689441680908203,27.728261947631836,0.1742,-0.0673,3.7501,-0.3393,0.3451,340.4559,imu,
1786713945.818053,0.0082,31.404958724975586,27.731863021850586,0.1734,-0.0624,3.7514,-0.3389,0.3444,340.4983,imu,
1786713946.017303,0.1992,31.955923080444336,26.997243881225586,0.1729,-0.0843,3.7839,-0.3273,0.3435,340.5480,imu,
1786713946.034334,0.0170,32.3232307434082,26.262624740600586,0.1718,-0.1030,3.7866,-0.3263,0.3393,340.7903,imu,
1786713946.240132,0.2058,32.185035705566406,26.366273880004883,0.1717,-0.0989,3.8199,-0.3145,0.3389,340.8114,imu,
1786713946.270288,0.0302,32.3232307434082,26.44628143310547,0.1723,-0.0999,3.8249,-0.3128,0.3365,340.9521,imu,
1786713946.332531,0.0622,31.955923080444336,26.44628143310547,0.1712,-0.0937,3.8349,-0.3093,0.3318,341.2224,imu,
1786713946.471415,0.1389,32.185035705566406,25.820762634277344,0.1701,-0.1082,3.8573,-0.3017,0.3293,341.3640,imu,
1786713946.506476,0.0351,32.3232307434082,26.078969955444336,0.1712,-0.1061,3.8630,-0.2998,0.3244,341.6411,imu,
1786713946.687135,0.1807,31.955923080444336,25.89531707763672,0.1696,-0.1030,3.8921,-0.2902,0.3190,341.9528,imu,
1786713946.725264,0.0381,31.533170700073242,25.642358779907227,0.1676,-0.1001,3.8981,-0.2882,0.3153,342.1646,imu,
1786713946.907020,0.1818,31.533170700073242,25.81561851501465,0.1682,-0.0972,3.9272,-0.2788,0.3120,342.3552,imu,
1786713946.940299,0.0333,31.221303939819336,25.528005599975586,0.1664,-0.0968,3.9325,-0.2771,0.3072,342.6304,imu,
1786713947.020089,0.0798,31.094018936157227,26.002599716186523,0.1674,-0.0865,3.9453,-0.2732,0.3038,342.8213,imu,
1786713947.121588,0.1015,31.149282455444336,25.92772674560547,0.1674,-0.0888,3.9615,-0.2681,0.3008,342.9982,imu,
1786713947.222604,0.1010,30.853992462158203,25.71166229248047,0.1659,-0.0874,3.9775,-0.2632,0.2976,343.1775,imu,
1786713947.326377,0.1038,31.025169372558594,25.676002502441406,0.1663,-0.0909,3.9940,-0.2582,0.2941,343.3803,imu,
1786713947.430548,0.1042,31.094018936157227,25.45709228515625,0.1658,-0.0958,4.0106,-0.2532,0.2924,343.4793,imu,
1786713947.533299,0.1028,31.533170700073242,24.949321746826172,0.1656,-0.1119,4.0269,-0.2484,0.2884,343.7057,imu,
1786713947.634476,0.1012,31.275854110717773,24.911582946777344,0.1648,-0.1082,4.0429,-0.2437,0.2851,343.8946,imu,
1786713947.742300,0.1078,30.958938598632812,24.837114334106445,0.1636,-0.1041,4.0598,-0.2388,0.2798,344.2004,imu,
1786713947.839802,0.0975,31.275854110717773,24.729745864868164,0.1642,-0.1113,4.0752,-0.2345,0.2767,344.3767,imu,
1786713947.940861,0.1011,31.404958724975586,25.528005599975586,0.1669,-0.0999,4.0915,-0.2299,0.2743,344.5116,imu,
1786713948.041868,0.1010,30.969226837158203,25.567617416381836,0.1658,-0.0918,4.1076,-0.2254,0.2704,344.7378,imu,
1786713948.143440,0.1016,31.275854110717773,25.45709228515625,0.1663,-0.0989,4.1239,-0.2209,0.2692,344.8083,imu,
1786713948.244225,0.1008,30.912181854248047,25.820762634277344,0.1663,-0.0865,4.1401,-0.2165,0.2656,345.0139,imu,
1786713948.345467,0.1012,30.7303466796875,25.45709228515625,0.1648,-0.0896,4.1562,-0.2121,0.2649,345.0504,imu,
1786713948.447837,0.1024,31.404958724975586,25.71166229248047,0.1675,-0.0968,4.1727,-0.2077,0.2641,345.0997,imu,
1786713948.546290,0.0985,30.853992462158203,25.528005599975586,0.1653,-0.0905,4.1884,-0.2035,0.2612,345.2622,imu,
1786713948.645439,0.0991,30.486684799194336,25.344350814819336,0.1637,-0.0874,4.2041,-0.1993,0.2592,345.3821,imu,
1786713948.746254,0.1008,30.670339584350586,25.528005599975586,0.1648,-0.0874,4.2202,-0.1951,0.2572,345.4942,imu,
1786713948.911965,0.1657,30.486684799194336,25.528005599975586,0.1642,-0.0843,4.2465,-0.1883,0.2530,345.7339,imu,
1786713948.950559,0.0386,30.550256729125977,25.252525329589844,0.1636,-0.0901,4.2527,-0.1867,0.2492,345.9526,imu,
1786713949.120229,0.1697,30.37366485595703,25.252525329589844,0.1631,-0.0870,4.2795,-0.1800,0.2456,346.1576,imu,
1786713949.159504,0.0393,30.43421173095703,24.48729705810547,0.1610,-0.1011,4.2856,-0.1785,0.2400,346.4821,imu,
1786713949.359267,0.1998,30.853992462158203,22.77318572998047,0.1572,-0.1374,4.3162,-0.1712,0.2343,346.8054,imu,
1786713949.368309,0.0090,30.853992462158203,22.77318572998047,0.1572,-0.1374,4.3176,-0.1709,0.2290,347.1080,imu,
1786713949.548809,0.1805,29.821165084838867,24.18423843383789,0.1584,-0.0958,4.3454,-0.1645,0.2250,347.3400,imu,
1786713949.564353,0.0155,29.752065658569336,24.609731674194336,0.1594,-0.0874,4.3479,-0.1639,0.2209,347.5734,imu,
1786713949.774446,0.2101,29.708852767944336,24.48729705810547,0.1589,-0.0888,4.3805,-0.1567,0.2186,347.7068,imu,
1786713949.779558,0.0051,29.568410873413086,24.42607879638672,0.1583,-0.0874,4.3812,-0.1565,0.2166,347.8195,imu,
1786713949.987411,0.2079,29.77703094482422,24.60616683959961,0.1595,-0.0879,4.4136,-0.1495,0.2132,348.0172,imu,
1786713950.002434,0.0150,29.568410873413086,24.793386459350586,0.1594,-0.0812,4.4160,-0.1490,0.2074,348.3466,imu,
1786713950.068495,0.0661,29.384756088256836,24.609731674194336,0.1583,-0.0812,4.4262,-0.1469,0.2038,348.5510,imu,
1786713950.244280,0.1758,29.42041778564453,24.60616683959961,0.1584,-0.0818,4.4535,-0.1413,0.2011,348.7060,imu,
1786713950.862596,0.6183,29.667301177978516,24.72275161743164,0.1595,-0.0840,4.5502,-0.1218,0.1991,348.8256,imu,
1786713950.866070,0.0035,27.91551971435547,25.16069793701172,0.1556,-0.0468,4.5507,-0.1217,0.1988,348.8399,imu,
1786713950.875352,0.0093,27.374950408935547,25.295839309692383,0.1544,-0.0353,4.5521,-0.1215,0.1979,348.8902,imu,
1786713950.875384,0.0000,27.36455535888672,25.16069793701172,0.1540,-0.0375,4.5521,-0.1215,0.1992,348.8195,imu,
1786713950.881396,0.0060,27.72480010986328,24.369569778442383,0.1527,-0.0570,4.5530,-0.1213,0.1991,348.8207,imu,
1786713950.881425,0.0000,27.548208236694336,24.24242401123047,0.1519,-0.0562,4.5530,-0.1213,0.1957,349.0172,imu,
1786713950.893763,0.0123,27.36455535888672,24.42607879638672,0.1519,-0.0499,4.5549,-0.1209,0.1945,349.0876,imu,
1786713950.992997,0.0992,27.188100814819336,24.48729705810547,0.1515,-0.0459,4.5696,-0.1180,0.1949,349.0662,imu,
1786713951.086733,0.0937,27.36455535888672,23.32415008544922,0.1486,-0.0687,4.5833,-0.1153,0.1952,349.0457,imu,
1786713951.205399,0.1187,27.36455535888672,22.77318572998047,0.1470,-0.0780,4.6004,-0.1120,0.1898,349.3545,imu,
1786713951.339963,0.1346,27.201690673828125,23.043472290039062,0.1473,-0.0707,4.6199,-0.1083,0.1866,349.5372,imu,
1786713951.412891,0.0729,27.028432846069336,22.69695281982422,0.1458,-0.0736,4.6303,-0.1064,0.1848,349.6422,imu,
1786713951.504648,0.0918,27.18090057373047,22.58953094482422,0.1459,-0.0780,4.6435,-0.1039,0.1837,349.7050,imu,
1786713951.600812,0.0962,25.20751190185547,21.2463321685791,0.1362,-0.0673,4.6564,-0.1016,0.1806,349.8817,imu,
1786713951.704143,0.1033,1.604750156402588,1.4264445304870605,0.0089,-0.0030,4.6573,-0.1014,0.1846,349.6560,imu,
1786713951.816532,0.1124,-0.0,-0.0,-0.0000,0.0000,4.6573,-0.1014,0.1846,349.6567,enc,
1786713951.918848,0.1023,-0.0,-0.0,-0.0000,0.0000,4.6573,-0.1014,0.1846,349.6212,enc,
1786713952.003795,0.0849,-0.0,-0.0,-0.0000,0.0000,4.6573,-0.1014,0.1846,349.6281,enc,
1786713952.103954,0.1002,-0.0,-0.0,-0.0000,0.0000,4.6573,-0.1014,0.1846,349.6279,enc,
1786713952.204252,0.1003,-0.0,-0.0,-0.0000,0.0000,4.6573,-0.1014,0.1846,349.6279,enc,
1786713952.330364,0.1261,-0.0,-0.0,-0.0000,0.0000,4.6573,-0.1014,0.1846,349.6279,enc,
1786713952.407692,0.0773,-0.0,-0.0,-0.0000,0.0000,4.6573,-0.1014,0.1846,349.6278,enc,
1786713952.512493,0.1048,-0.0,-0.0,-0.0000,0.0000,4.6573,-0.1014,0.1846,349.6277,enc,
1786713952.612928,0.1004,-0.0,-0.0,-0.0000,0.0000,4.6573,-0.1014,0.1846,349.6274,enc,
1786713952.717746,0.1048,-0.0,-0.0,-0.0000,0.0000,4.6573,-0.1014,0.1846,349.6273,enc,
1786713952.871838,0.1541,-0.0,-0.0,-0.0000,0.0000,4.6573,-0.1014,0.1846,349.6270,enc,
1786713952.920878,0.0490,-0.0,-0.0,-0.0000,0.0000,4.6573,-0.1014,0.1846,349.6198,enc,
1786713953.102125,0.1812,-0.0,-0.0,-0.0000,0.0000,4.6573,-0.1014,0.1846,349.6197,enc,
1786713953.119725,0.0176,-0.0,-0.0,-0.0000,0.0000,4.6573,-0.1014,0.1846,349.6195,enc,
1786713953.305384,0.1857,-0.0,-0.0,-0.0000,0.0000,4.6573,-0.1014,0.1846,349.6194,enc,
1786713953.328423,0.0230,-0.0,-0.0,-0.0000,0.0000,4.6573,-0.1014,0.1846,349.6193,enc,
1786713953.509145,0.1807,-0.0,-0.0,-0.0000,0.0000,4.6573,-0.1014,0.1846,349.6192,enc,
1786713953.533493,0.0243,-0.0,-0.0,-0.0000,0.0000,4.6573,-0.1014,0.1846,349.6190,enc,
1786713953.727334,0.1938,-0.0,-0.0,-0.0000,0.0000,4.6573,-0.1014,0.1846,349.6190,enc,
1786713953.754190,0.0269,-0.0,-0.0,-0.0000,0.0000,4.6573,-0.1014,0.1846,349.6189,enc,
1786713953.974997,0.2208,-0.0,-0.0,-0.0000,0.0000,4.6573,-0.1014,0.1846,349.6187,enc,
1786713953.975127,0.0001,-0.0,-0.0,-0.0000,0.0000,4.6573,-0.1014,0.1846,349.6187,enc,
1786713954.032897,0.0578,-0.0,-0.0,-0.0000,0.0000,4.6573,-0.1014,0.1846,349.6186,enc,
1786713954.176344,0.1434,-0.0,-0.0,-0.0000,0.0000,4.6573,-0.1014,0.1846,349.6185,enc,
1786713954.239685,0.0633,-0.0,-0.0,-0.0000,0.0000,4.6573,-0.1014,0.1846,349.6184,enc,
1786713954.396493,0.1568,-0.0,-0.0,-0.0000,0.0000,4.6573,-0.1014,0.1846,349.6183,enc,
1786713954.442339,0.0458,-0.0,-0.0,-0.0000,0.0000,4.6573,-0.1014,0.1846,349.6182,enc,
1786713954.617103,0.1748,-0.0,-0.0,-0.0000,0.0000,4.6573,-0.1014,0.1846,349.6182,enc,
1786713954.644301,0.0272,-0.0,-0.0,-0.0000,0.0000,4.6573,-0.1014,0.1846,349.6182,enc,
1786713954.843910,0.1996,-0.0,-0.0,-0.0000,0.0000,4.6573,-0.1014,0.1846,349.6180,enc,
1786713954.852269,0.0084,-0.0,-0.0,-0.0000,0.0000,4.6573,-0.1014,0.1846,349.6180,enc,
1786713955.010637,0.1584,-0.0,-0.0,-0.0000,0.0000,4.6573,-0.1014,0.1846,349.6179,enc,
1786713955.056191,0.0456,-0.0,-0.0,-0.0000,0.0000,4.6573,-0.1014,0.1846,349.6179,enc,
1786713955.176980,0.1208,-0.0,-0.0,-0.0000,0.0000,4.6573,-0.1014,0.1846,349.6179,enc,
1786713955.256835,0.0799,-0.0,-0.0,-0.0000,0.0000,4.6573,-0.1014,0.1846,349.6179,enc,
1786713955.358361,0.1015,-0.0,-0.0,-0.0000,0.0000,4.6573,-0.1014,0.1846,349.6178,enc,
1786713955.458689,0.1003,-0.0,-0.0,-0.0000,0.0000,4.6573,-0.1014,0.1846,349.6177,enc,
1786713955.630025,0.1713,-0.0,-0.0,-0.0000,0.0000,4.6573,-0.1014,0.1846,349.6177,enc,
1786713955.780219,0.1502,-0.0,-0.0,-0.0000,0.0000,4.6573,-0.1014,0.1846,349.6177,enc,
1786713955.795284,0.0151,-0.0,-0.0,-0.0000,0.0000,4.6573,-0.1014,0.1846,349.6176,enc,
1786713955.868341,0.0731,-0.0,-0.0,-0.0000,0.0000,4.6573,-0.1014,0.1846,349.6176,enc,
1786713955.971498,0.1032,-0.0,-0.0,-0.0000,0.0000,4.6573,-0.1014,0.1846,349.6176,enc,
1786713956.070307,0.0988,-0.0,-0.0,-0.0000,0.0000,4.6573,-0.1014,0.1846,349.6175,enc,
1786713956.172295,0.1020,-0.0,-0.0,-0.0000,0.0000,4.6573,-0.1014,0.1846,349.6175,enc,
1786713956.275095,0.1028,-0.0,-0.0,-0.0000,0.0000,4.6573,-0.1014,0.1846,349.6175,enc,
1786713956.371416,0.0963,-0.0,-0.0,-0.0000,0.0000,4.6573,-0.1014,0.1846,349.6173,enc,
1786713956.488527,0.1171,-0.0,-0.0,-0.0000,0.0000,4.6573,-0.1014,0.1846,349.6173,enc,
1786713956.578303,0.0898,-0.0,-0.0,-0.0000,0.0000,4.6573,-0.1014,0.1846,349.6173,enc,
1786713956.684048,0.1057,-0.0,-0.0,-0.0000,0.0000,4.6573,-0.1014,0.1846,349.6172,enc,
1786713956.783968,0.0999,-0.0,-0.0,-0.0000,0.0000,4.6573,-0.1014,0.1846,349.6172,enc,
1786713956.883880,0.0999,-0.0,-0.0,-0.0000,0.0000,4.6573,-0.1014,0.1846,349.6172,enc,
1786713957.031327,0.1474,-0.0,-0.0,-0.0000,0.0000,4.6573,-0.1014,0.1846,349.6172,enc,
1786713957.083446,0.0521,-0.0,-0.0,-0.0000,0.0000,4.6573,-0.1014,0.1846,349.6172,enc,
1786713957.260208,0.1768,-0.0,-0.0,-0.0000,0.0000,4.6573,-0.1014,0.1846,349.6171,enc,
1786713957.299116,0.0389,-0.0,-0.0,-0.0000,0.0000,4.6573,-0.1014,0.1846,349.6170,enc,
1786713957.475542,0.1764,-0.0,-0.0,-0.0000,0.0000,4.6573,-0.1014,0.1846,349.6170,enc,
1786713957.501384,0.0258,-0.0,-0.0,-0.0000,0.0000,4.6573,-0.1014,0.1846,349.6170,enc,
1786713957.711332,0.2099,-0.0,-0.0,-0.0000,0.0000,4.6573,-0.1014,0.1846,349.6169,enc,
1786713957.717592,0.0063,-0.0,-0.0,-0.0000,0.0000,4.6573,-0.1014,0.1846,349.6169,enc,
1786713957.929063,0.2115,-0.0,-0.0,-0.0000,0.0000,4.6573,-0.1014,0.1846,349.6169,enc,
1786713957.941695,0.0126,-0.0,-0.0,-0.0000,0.0000,4.6573,-0.1014,0.1846,349.6169,enc,
1786713958.130944,0.1892,-0.0,-0.0,-0.0000,0.0000,4.6573,-0.1014,0.1846,349.6169,enc,
1786713958.157673,0.0267,-0.0,-0.0,-0.0000,0.0000,4.6573,-0.1014,0.1846,349.6169,enc,
1786713958.349602,0.1919,-0.0,-0.0,-0.0000,0.0000,4.6573,-0.1014,0.1846,349.6168,enc,
1786713958.351271,0.0017,-0.0,-0.0,-0.0000,0.0000,4.6573,-0.1014,0.1846,349.6168,enc,
1786713958.424133,0.0729,-0.0,-0.0,-0.0000,0.0000,4.6573,-0.1014,0.1846,349.6167,enc,
1786713958.640804,0.2167,-0.0,-0.0,-0.0000,0.0000,4.6573,-0.1014,0.1846,349.6168,enc,
1786713958.642175,0.0014,-0.0,-0.0,-0.0000,0.0000,4.6573,-0.1014,0.1846,349.6168,enc,
1786713958.817388,0.1752,-0.0,-0.0,-0.0000,0.0000,4.6573,-0.1014,0.1846,349.6168,enc,
1786713958.822671,0.0053,-0.0,-0.0,-0.0000,0.0000,4.6573,-0.1014,0.1846,349.6168,enc,
1786713959.051730,0.2291,-0.0,-0.0,-0.0000,0.0000,4.6573,-0.1014,0.1846,349.6168,enc,
1786713959.055830,0.0041,-0.0,-0.0,-0.0000,0.0000,4.6573,-0.1014,0.1846,349.6168,enc,
1786713959.140603,0.0848,-0.0,-0.0,-0.0000,0.0000,4.6573,-0.1014,0.1846,349.6168,enc,
1786713959.238896,0.0983,-0.0,-0.0,-0.0000,0.0000,4.6573,-0.1014,0.1846,349.6168,enc,
1786713959.342321,0.1034,-0.0,-0.0,-0.0000,0.0000,4.6573,-0.1014,0.1846,349.6174,enc,
1786713959.450375,0.1081,-0.0,-0.0,-0.0000,0.0000,4.6573,-0.1014,0.1846,349.6168,enc,
1786713959.545255,0.0949,-0.0,-0.0,-0.0000,0.0000,4.6573,-0.1014,0.1846,349.6173,enc,
1786713959.642055,0.0968,-0.0,-0.0,-0.0000,0.0000,4.6573,-0.1014,0.1846,349.6102,enc,
1786713959.747831,0.1058,-0.0,-0.0,-0.0000,0.0000,4.6573,-0.1014,0.1846,349.6100,enc,
1786713959.844606,0.0968,-0.0,-0.0,-0.0000,0.0000,4.6573,-0.1014,0.1846,349.6030,enc,
1786713959.950752,0.1061,-0.0,-0.0,-0.0000,0.0000,4.6573,-0.1014,0.1846,349.6101,enc,
1786713960.055375,0.1046,-0.0,-0.0,-0.0000,0.0000,4.6573,-0.1014,0.1846,349.6030,enc,
1786713960.184958,0.1296,-0.0,-0.0,-0.0000,0.0000,4.6573,-0.1014,0.1846,349.6102,enc,
1786713960.260355,0.0754,-0.0,-0.0,-0.0000,0.0000,4.6573,-0.1014,0.1846,349.6029,enc,
1786713960.408679,0.1483,-0.0,-0.0,-0.0000,0.0000,4.6573,-0.1014,0.1846,349.5960,enc,
1786713960.478256,0.0696,-0.0,-0.0,-0.0000,0.0000,4.6573,-0.1014,0.1846,349.5960,enc,
1786713960.571604,0.0933,-0.0,-0.0,-0.0000,0.0000,4.6573,-0.1014,0.1846,349.5960,enc,
1786713960.677486,0.1059,-0.0,-0.0,-0.0000,0.0000,4.6573,-0.1014,0.1846,349.5960,enc,
1786713960.775597,0.0981,-0.0,-0.0,-0.0000,0.0000,4.6573,-0.1014,0.1846,349.5959,enc,
1786713960.920118,0.1445,-0.0,-0.0,-0.0000,0.0000,4.6573,-0.1014,0.1846,349.5959,enc,
1786713960.979864,0.0597,-0.0,-0.0,-0.0000,0.0000,4.6573,-0.1014,0.1846,349.5959,enc,
1786713961.081435,0.1016,-0.0,-0.0,-0.0000,0.0000,4.6573,-0.1014,0.1846,349.5960,enc,
1786713961.251827,0.1704,-0.0,-0.0,-0.0000,0.0000,4.6573,-0.1014,0.1846,349.5959,enc,
1786713961.288336,0.0365,-0.0,-0.0,-0.0000,0.0000,4.6573,-0.1014,0.1846,349.5959,enc,
1786713961.445549,0.1572,-0.0,-0.0,-0.0000,0.0000,4.6573,-0.1014,0.1846,349.5959,enc,
1786713961.512393,0.0668,-0.0,-0.0,-0.0000,0.0000,4.6573,-0.1014,0.1846,349.5959,enc,
1786713961.663198,0.1508,-0.0,-0.0,-0.0000,0.0000,4.6573,-0.1014,0.1846,349.5959,enc,
1786713961.699939,0.0367,-0.0,-0.0,-0.0000,0.0000,4.6573,-0.1014,0.1846,349.5960,enc,
1786713961.951398,0.2515,-0.0,-0.0,-0.0000,0.0000,4.6573,-0.1014,0.1846,349.5960,enc,
1786713961.951483,0.0001,-0.0,-0.0,-0.0000,0.0000,4.6573,-0.1014,0.1846,349.5960,enc,
1786713962.157748,0.2063,-0.0,-0.0,-0.0000,0.0000,4.6573,-0.1014,0.1846,349.5960,enc,
1786713962.157829,0.0001,-0.0,-0.0,-0.0000,0.0000,4.6573,-0.1014,0.1846,349.5960,enc,
1786713962.333262,0.1754,-0.0,-0.0,-0.0000,0.0000,4.6573,-0.1014,0.1846,349.5960,enc,
1786713962.333343,0.0001,-0.0,-0.0,-0.0000,0.0000,4.6573,-0.1014,0.1846,349.5960,enc,
1786713962.550386,0.2170,-0.0,-0.0,-0.0000,0.0000,4.6573,-0.1014,0.1846,349.5959,enc,
1786713962.550452,0.0001,-0.0,-0.0,-0.0000,0.0000,4.6573,-0.1014,0.1846,349.5959,enc,
1786713962.625608,0.0752,-0.0,-0.0,-0.0000,0.0000,4.6573,-0.1014,0.1846,349.5959,enc,
1786713962.766203,0.1406,-0.0,-0.0,-0.0000,0.0000,4.6573,-0.1014,0.1846,349.5959,enc,
1786713962.825623,0.0594,-0.0,-0.0,-0.0000,0.0000,4.6573,-0.1014,0.1846,349.5959,enc,
1786713963.006582,0.1810,-0.0,-0.0,-0.0000,0.0000,4.6573,-0.1014,0.1846,349.5959,enc,
1786713963.044265,0.0377,-0.0,-0.0,-0.0000,0.0000,4.6573,-0.1014,0.1846,349.5959,enc,
1786713963.209682,0.1654,-0.0,-0.0,-0.0000,0.0000,4.6573,-0.1014,0.1846,349.5959,enc,
1786713963.235255,0.0256,-0.0,-0.0,-0.0000,0.0000,4.6573,-0.1014,0.1846,349.5959,enc,
1786713963.334275,0.0990,-0.0,-0.0,-0.0000,0.0000,4.6573,-0.1014,0.1846,349.5959,enc,
1786713963.455513,0.1212,-0.0,-0.0,-0.0000,0.0000,4.6573,-0.1014,0.1846,349.5958,enc,
1786713963.566029,0.1105,-0.0,-0.0,-0.0000,0.0000,4.6573,-0.1014,0.1846,349.5958,enc,
1786713963.641663,0.0756,-0.0,-0.0,-0.0000,0.0000,4.6573,-0.1014,0.1846,349.5958,enc,
1786713963.745875,0.1042,-0.0,-0.0,-0.0000,0.0000,4.6573,-0.1014,0.1846,349.5958,enc,
1786713964.033295,0.2874,-0.0,-0.0,-0.0000,0.0000,4.6573,-0.1014,0.1846,349.5958,enc,
1786713964.089734,0.0564,-0.0,-0.0,-0.0000,0.0000,4.6573,-0.1014,0.1846,349.5958,enc,
1786713964.092140,0.0024,-0.0,-0.0,-0.0000,0.0000,4.6573,-0.1014,0.1846,349.5958,enc,
1786713964.183026,0.0909,-0.0,-0.0,-0.0000,0.0000,4.6573,-0.1014,0.1846,349.5958,enc,
1786713964.245390,0.0624,-0.0,-0.0,-0.0000,0.0000,4.6573,-0.1014,0.1846,349.5958,enc,
1786713965.464133,1.2187,-0.0,-0.0,-0.0000,0.0000,4.6573,-0.1014,0.1846,349.5958,enc,
1786713965.464209,0.0001,-0.0,-0.0,-0.0000,0.0000,4.6573,-0.1014,0.1846,349.5958,enc,
1786713965.464235,0.0000,-0.0,-0.0,-0.0000,0.0000,4.6573,-0.1014,0.1846,349.5958,enc,
1786713965.622002,0.1578,-0.0,-0.0,-0.0000,0.0000,4.6573,-0.1014,0.1846,349.5958,enc,
1786713965.622161,0.0002,-0.0,-0.0,-0.0000,0.0000,4.6573,-0.1014,0.1846,349.5957,enc,
1786713965.622191,0.0000,-0.0,-0.0,-0.0000,0.0000,4.6573,-0.1014,0.1846,349.5957,enc,
1786713965.622202,0.0000,-0.0,-0.0,-0.0000,0.0000,4.6573,-0.1014,0.1846,349.5957,enc,
1786713965.622212,0.0000,-0.0,-0.0,-0.0000,0.0000,4.6573,-0.1014,0.1846,349.5957,enc,
1786713965.622221,0.0000,-0.0,-0.0,-0.0000,0.0000,4.6573,-0.1014,0.1846,349.5957,enc,
1786713965.622230,0.0000,-0.0,-0.0,-0.0000,0.0000,4.6573,-0.1014,0.1846,349.5956,enc,
1786713965.622240,0.0000,-0.0,-0.0,-0.0000,0.0000,4.6573,-0.1014,0.1846,349.5956,enc,
1786713965.622249,0.0000,-0.0,-0.0,-0.0000,0.0000,4.6573,-0.1014,0.1846,349.5956,enc,
1786713967.019059,1.3968,-0.0,-0.0,-0.0000,0.0000,4.6573,-0.1014,0.1846,349.5956,enc,
1786713967.019112,0.0001,-0.0,-0.0,-0.0000,0.0000,4.6573,-0.1014,0.1846,349.5956,enc,
1786713967.019127,0.0000,-0.0,-0.0,-0.0000,0.0000,4.6573,-0.1014,0.1846,349.5956,enc,
1786713967.195004,0.1759,-0.0,-0.0,-0.0000,0.0000,4.6573,-0.1014,0.1846,349.5956,enc,
1786713967.195058,0.0001,-0.0,-0.0,-0.0000,0.0000,4.6573,-0.1014,0.1846,349.5957,enc,
1786713967.195072,0.0000,-0.0,-0.0,-0.0000,0.0000,4.6573,-0.1014,0.1846,349.5956,enc,
1786713967.195082,0.0000,-0.0,-0.0,-0.0000,0.0000,4.6573,-0.1014,0.1846,349.5956,enc,
1786713967.195091,0.0000,-0.0,-0.0,-0.0000,0.0000,4.6573,-0.1014,0.1846,349.5956,enc,
1786713967.195102,0.0000,-0.0,-0.0,-0.0000,0.0000,4.6573,-0.1014,0.1846,349.5956,enc,
1786713967.195111,0.0000,-0.0,-0.0,-0.0000,0.0000,4.6573,-0.1014,0.1846,349.5956,enc,
1786713967.195120,0.0000,-0.0,-0.0,-0.0000,0.0000,4.6573,-0.1014,0.1846,349.5957,enc,
1786713967.195129,0.0000,-0.0,-0.0,-0.0000,0.0000,4.6573,-0.1014,0.1846,349.5957,enc,
1786713967.195138,0.0000,-0.0,-0.0,-0.0000,0.0000,4.6573,-0.1014,0.1846,349.5957,enc,
1786713967.195146,0.0000,-0.0,-0.0,-0.0000,0.0000,4.6573,-0.1014,0.1846,349.5957,enc,
1786713967.195155,0.0000,-0.0,-0.0,-0.0000,0.0000,4.6573,-0.1014,0.1846,349.5957,enc,
1786713967.195168,0.0000,-0.0,-0.0,-0.0000,0.0000,4.6573,-0.1014,0.1846,349.5957,enc,
1786713967.195176,0.0000,-0.0,-0.0,-0.0000,0.0000,4.6573,-0.1014,0.1846,349.5957,enc,
1786713967.375860,0.1807,-0.0,-0.0,-0.0000,0.0000,4.6573,-0.1014,0.1846,349.5957,enc,
1786713967.391346,0.0155,-0.0,-0.0,-0.0000,0.0000,4.6573,-0.1014,0.1846,349.5957,enc,
1786713967.506579,0.1152,-0.0,-0.0,-0.0000,0.0000,4.6573,-0.1014,0.1846,349.5956,enc,
1786713967.596702,0.0901,-0.0,-0.0,-0.0000,0.0000,4.6573,-0.1014,0.1846,349.5956,enc,
1786713967.704357,0.1077,-0.0,-0.0,-0.0000,0.0000,4.6573,-0.1014,0.1846,349.5957,enc,
1786713967.813378,0.1090,-0.0,-0.0,-0.0000,0.0000,4.6573,-0.1014,0.1846,349.5956,enc,
1786713967.893005,0.0796,-0.0,-0.0,-0.0000,0.0000,4.6573,-0.1014,0.1846,349.5956,enc,
1786713968.022377,0.1294,-0.0,-0.0,-0.0000,0.0000,4.6573,-0.1014,0.1846,349.5956,enc,
1786713968.099803,0.0774,-0.0,-0.0,-0.0000,0.0000,4.6573,-0.1014,0.1846,349.5956,enc,
1786713968.270027,0.1702,-0.0,-0.0,-0.0000,0.0000,4.6573,-0.1014,0.1846,349.5956,enc,
1786713968.324270,0.0542,-0.0,-0.0,-0.0000,0.0000,4.6573,-0.1014,0.1846,349.5955,enc,
1786713968.414383,0.0901,-0.0,-0.0,-0.0000,0.0000,4.6573,-0.1014,0.1846,349.5955,enc,
1786713968.524345,0.1100,-0.0,-0.0,-0.0000,0.0000,4.6573,-0.1014,0.1846,349.5954,enc,
1786713968.622693,0.0983,-0.0,-0.0,-0.0000,0.0000,4.6573,-0.1014,0.1846,349.5954,enc,
1786713968.721326,0.0986,-0.0,-0.0,-0.0000,0.0000,4.6573,-0.1014,0.1846,349.5954,enc,
1786713968.840813,0.1195,-0.0,-0.0,-0.0000,0.0000,4.6573,-0.1014,0.1846,349.5954,enc,
1786713968.931271,0.0905,-0.0,-0.0,-0.0000,0.0000,4.6573,-0.1014,0.1846,349.5954,enc,
1786713969.032576,0.1013,-0.0,-0.0,-0.0000,0.0000,4.6573,-0.1014,0.1846,349.5954,enc,
1786713969.146329,0.1138,-0.0,-0.0,-0.0000,0.0000,4.6573,-0.1014,0.1846,349.5954,enc,
1786713969.243320,0.0970,-0.0,-0.0,-0.0000,0.0000,4.6573,-0.1014,0.1846,349.5954,enc,
1786713969.359797,0.1165,-0.0,-0.0,-0.0000,0.0000,4.6573,-0.1014,0.1846,349.5954,enc,
1786713969.436263,0.0765,-0.0,-0.0,-0.0000,0.0000,4.6573,-0.1014,0.1846,349.5954,enc,
1786713969.573458,0.1372,-0.0,-0.0,-0.0000,0.0000,4.6573,-0.1014,0.1846,349.5954,enc,
1786713969.896954,0.3235,-0.0,-0.0,-0.0000,0.0000,4.6573,-0.1014,0.1846,349.5954,enc,
1786713969.897029,0.0001,-0.0,-0.0,-0.0000,0.0000,4.6573,-0.1014,0.1846,349.5954,enc,
1786713969.897133,0.0001,-0.0,-0.0,-0.0000,0.0000,4.6573,-0.1014,0.1846,349.5954,enc,
1786713970.031264,0.1341,-0.0,-0.0,-0.0000,0.0000,4.6573,-0.1014,0.1846,349.5953,enc,
1786713970.059902,0.0286,-0.0,-0.0,-0.0000,0.0000,4.6573,-0.1014,0.1846,349.5953,enc,
1786713970.240468,0.1806,-0.0,-0.0,-0.0000,0.0000,4.6573,-0.1014,0.1846,349.5953,enc,
1786713970.260707,0.0202,-0.0,-0.0,-0.0000,0.0000,4.6573,-0.1014,0.1846,349.5953,enc,
1786713970.467649,0.2069,-0.0,-0.0,-0.0000,0.0000,4.6573,-0.1014,0.1846,349.5953,enc,
1786713970.468629,0.0010,-0.0,-0.0,-0.0000,0.0000,4.6573,-0.1014,0.1846,349.5952,enc,
1786713970.557487,0.0889,-0.0,-0.0,-0.0000,0.0000,4.6573,-0.1014,0.1846,349.5953,enc,
1786713970.685235,0.1277,-0.0,-0.0,-0.0000,0.0000,4.6573,-0.1014,0.1846,349.5953,enc,
1786713970.771890,0.0867,-0.0,-0.0,-0.0000,0.0000,4.6573,-0.1014,0.1846,349.5953,enc,
1786713970.909958,0.1381,-0.0,-0.0,-0.0000,0.0000,4.6573,-0.1014,0.1846,349.5953,enc,
1786713970.964729,0.0548,-0.0,-0.0,-0.0000,0.0000,4.6573,-0.1014,0.1846,349.5953,enc,
1786713971.129647,0.1649,-0.0,-0.0,-0.0000,0.0000,4.6573,-0.1014,0.1846,349.5953,enc,
1786713971.192353,0.0627,-0.0,-0.0,-0.0000,0.0000,4.6573,-0.1014,0.1846,349.5953,enc,
1786713971.333661,0.1413,-0.0,-0.0,-0.0000,0.0000,4.6573,-0.1014,0.1846,349.5953,enc,
1786713971.371884,0.0382,-0.0,-0.0,-0.0000,0.0000,4.6573,-0.1014,0.1846,349.5953,enc,
1786713971.472008,0.1001,-0.0,-0.0,-0.0000,0.0000,4.6573,-0.1014,0.1846,349.5953,enc,
1786713971.601021,0.1290,-0.0,-0.0,-0.0000,0.0000,4.6573,-0.1014,0.1846,349.5954,enc,
1786713971.678200,0.0772,-0.0,-0.0,-0.0000,0.0000,4.6573,-0.1014,0.1846,349.5954,enc,
1786713971.836296,0.1581,-0.0,-0.0,-0.0000,0.0000,4.6573,-0.1014,0.1846,349.5954,enc,
1786713971.882400,0.0461,-0.0,-0.0,-0.0000,0.0000,4.6573,-0.1014,0.1846,349.5954,enc,
1786713971.989421,0.1070,-0.0,-0.0,-0.0000,0.0000,4.6573,-0.1014,0.1846,349.5954,enc,
1786713972.089893,0.1005,-0.0,-0.0,-0.0000,0.0000,4.6573,-0.1014,0.1846,349.5954,enc,
1786713972.272849,0.1830,-0.0,-0.0,-0.0000,0.0000,4.6573,-0.1014,0.1846,349.5954,enc,
1786713972.294312,0.0215,-0.0,-0.0,-0.0000,0.0000,4.6573,-0.1014,0.1846,349.5954,enc,
1786713972.399961,0.1056,-0.0,-0.0,-0.0000,0.0000,4.6573,-0.1014,0.1846,349.5953,enc,
1786713972.593293,0.1933,-0.0,-0.0,-0.0000,0.0000,4.6573,-0.1014,0.1846,349.5953,enc,
1786713972.594092,0.0008,-0.0,-0.0,-0.0000,0.0000,4.6573,-0.1014,0.1846,349.5953,enc,
1786713972.723604,0.1295,-0.0,-0.0,-0.0000,0.0000,4.6573,-0.1014,0.1846,349.5953,enc,
1786713972.823850,0.1002,-0.0,-0.0,-0.0000,0.0000,4.6573,-0.1014,0.1846,349.5952,enc,
1786713973.110439,0.2866,-0.0,-0.0,-0.0000,0.0000,4.6573,-0.1014,0.1846,349.5952,enc,
1786713973.110507,0.0001,-0.0,-0.0,-0.0000,0.0000,4.6573,-0.1014,0.1846,349.5952,enc,
1786713973.110531,0.0000,-0.0,-0.0,-0.0000,0.0000,4.6573,-0.1014,0.1846,349.5952,enc,
1786713973.191266,0.0807,-0.0,-0.0,-0.0000,0.0000,4.6573,-0.1014,0.1846,349.5952,enc,
1786713973.354552,0.1633,-0.0,-0.0,-0.0000,0.0000,4.6573,-0.1014,0.1846,349.5952,enc,
1786713973.522744,0.1682,-0.0,-0.0,-0.0000,0.0000,4.6573,-0.1014,0.1846,349.5952,enc,
1786713973.758051,0.2353,-0.0,-0.0,-0.0000,0.0000,4.6573,-0.1014,0.1846,349.5952,enc,
1786713973.787661,0.0296,-0.0,-0.0,-0.0000,0.0000,4.6573,-0.1014,0.1846,349.5952,enc,
1786713973.787726,0.0001,-0.0,-0.0,-0.0000,0.0000,4.6573,-0.1014,0.1846,349.5952,enc,
1786713973.849386,0.0617,-0.0,-0.0,-0.0000,0.0000,4.6573,-0.1014,0.1846,349.5953,enc,
1786713974.204128,0.3547,-0.0,-0.0,-0.0000,0.0000,4.6573,-0.1014,0.1846,349.5953,enc,
1786713974.213393,0.0093,-0.0,-0.0,-0.0000,0.0000,4.6573,-0.1014,0.1846,349.5953,enc,
1786713974.426240,0.2128,-0.0,-0.0,-0.0000,0.0000,4.6573,-0.1014,0.1846,349.5953,enc,
1786713974.426317,0.0001,-0.0,-0.0,-0.0000,0.0000,4.6573,-0.1014,0.1846,349.5953,enc,
1786713974.486023,0.0597,-0.0,-0.0,-0.0000,0.0000,4.6573,-0.1014,0.1846,349.5953,enc,
1786713974.486168,0.0001,-0.0,-0.0,-0.0000,0.0000,4.6573,-0.1014,0.1846,349.5954,enc,
1786713974.653873,0.1677,-0.0,-0.0,-0.0000,0.0000,4.6573,-0.1014,0.1846,349.5954,enc,
1786713974.868614,0.2147,-0.0,-0.0,-0.0000,0.0000,4.6573,-0.1014,0.1846,349.5954,enc,
1786713974.880419,0.0118,-0.0,-0.0,-0.0000,0.0000,4.6573,-0.1014,0.1846,349.5954,enc,
1786713974.886019,0.0056,-0.0,-0.0,-0.0000,0.0000,4.6573,-0.1014,0.1846,349.5954,enc,
1786713974.947641,0.0616,-0.0,-0.0,-0.0000,0.0000,4.6573,-0.1014,0.1846,349.5954,enc,
1786713975.092034,0.1444,-0.0,-0.0,-0.0000,0.0000,4.6573,-0.1014,0.1846,349.5954,enc,
1786713975.295263,0.2032,-0.0,-0.0,-0.0000,0.0000,4.6573,-0.1014,0.1846,349.5954,enc,
1786713975.298734,0.0035,-0.0,-0.0,-0.0000,0.0000,4.6573,-0.1014,0.1846,349.5954,enc,
1786713975.354472,0.0557,-0.0,-0.0,-0.0000,0.0000,4.6573,-0.1014,0.1846,349.5954,enc,
1786713975.613288,0.2588,-0.0,-0.0,-0.0000,0.0000,4.6573,-0.1014,0.1846,349.5954,enc,
1786713975.625044,0.0118,-0.0,-0.0,-0.0000,0.0000,4.6573,-0.1014,0.1846,349.5954,enc,
1786713975.657501,0.0325,-0.0,-0.0,-0.0000,0.0000,4.6573,-0.1014,0.1846,349.5954,enc,
1786713975.744523,0.0870,-0.0,-0.0,-0.0000,0.0000,4.6573,-0.1014,0.1846,349.5954,enc,
1786713976.040431,0.2959,-0.0,-0.0,-0.0000,0.0000,4.6573,-0.1014,0.1846,349.5954,enc,
1786713976.040483,0.0001,-0.0,-0.0,-0.0000,0.0000,4.6573,-0.1014,0.1846,349.5954,enc,
1786713976.040495,0.0000,-0.0,-0.0,-0.0000,0.0000,4.6573,-0.1014,0.1846,349.5954,enc,
1786713976.269806,0.2293,-0.0,-0.0,-0.0000,0.0000,4.6573,-0.1014,0.1846,349.5954,enc,
1786713976.272717,0.0029,-0.0,-0.0,-0.0000,0.0000,4.6573,-0.1014,0.1846,349.5954,enc,
1786713976.356923,0.0842,-0.0,-0.0,-0.0000,0.0000,4.6573,-0.1014,0.1846,349.5955,enc,
1786713976.633872,0.2769,-0.0,-0.0,-0.0000,0.0000,4.6573,-0.1014,0.1846,349.5955,enc,
1786713976.636218,0.0023,-0.0,-0.0,-0.0000,0.0000,4.6573,-0.1014,0.1846,349.5955,enc,
1786713976.672982,0.0368,-0.0,-0.0,-0.0000,0.0000,4.6573,-0.1014,0.1846,349.5955,enc,
1786713976.820966,0.1480,-0.0,-0.0,-0.0000,0.0000,4.6573,-0.1014,0.1846,349.5955,enc,
1786713976.963114,0.1421,-0.0,-0.0,-0.0000,0.0000,4.6573,-0.1014,0.1846,349.5955,enc,
1786713976.963180,0.0001,-0.0,-0.0,-0.0000,0.0000,4.6573,-0.1014,0.1846,349.5955,enc,
1786713977.086323,0.1231,-0.0,-0.0,-0.0000,0.0000,4.6573,-0.1014,0.1846,349.5955,enc,
1786713977.291375,0.2051,-0.0,-0.0,-0.0000,0.0000,4.6573,-0.1014,0.1846,349.5955,enc,
1786713977.307735,0.0164,-0.0,-0.0,-0.0000,0.0000,4.6573,-0.1014,0.1846,349.5955,enc,
1786713977.390501,0.0828,-0.0,-0.0,-0.0000,0.0000,4.6573,-0.1014,0.1846,349.5955,enc,
1786713977.501767,0.1113,-0.0,-0.0,-0.0000,0.0000,4.6573,-0.1014,0.1846,349.5955,enc,
1786713977.722049,0.2203,-0.0,-0.0,-0.0000,0.0000,4.6573,-0.1014,0.1846,349.5955,enc,
1786713977.728407,0.0064,-0.0,-0.0,-0.0000,0.0000,4.6573,-0.1014,0.1846,349.5955,enc,
1786713977.798336,0.0699,-0.0,-0.0,-0.0000,0.0000,4.6573,-0.1014,0.1846,349.5955,enc,
1786713978.240256,0.4419,-0.0,-0.0,-0.0000,0.0000,4.6573,-0.1014,0.1846,349.5955,enc,
1786713978.240334,0.0001,-0.0,-0.0,-0.0000,0.0000,4.6573,-0.1014,0.1846,349.5955,enc,
1786713978.241365,0.0010,-0.0,-0.0,-0.0000,0.0000,4.6573,-0.1014,0.1846,349.5955,enc,
1786713978.241411,0.0000,-0.0,-0.0,-0.0000,0.0000,4.6573,-0.1014,0.1846,349.5955,enc,
1786713978.306090,0.0647,-0.0,-0.0,-0.0000,0.0000,4.6573,-0.1014,0.1846,349.5955,enc,
1786713978.664518,0.3584,-0.0,-0.0,-0.0000,0.0000,4.6573,-0.1014,0.1846,349.5955,enc,
1786713978.664594,0.0001,-0.0,-0.0,-0.0000,0.0000,4.6573,-0.1014,0.1846,349.5955,enc,
1786713978.681743,0.0171,-0.0,-0.0,-0.0000,0.0000,4.6573,-0.1014,0.1846,349.5955,enc,
1786713978.762022,0.0803,-0.0,-0.0,-0.0000,0.0000,4.6573,-0.1014,0.1846,349.5955,enc,
1786713978.897062,0.1350,-0.0,-0.0,-0.0000,0.0000,4.6573,-0.1014,0.1846,349.5955,enc,
1786713979.100334,0.2033,-0.0,-0.0,-0.0000,0.0000,4.6573,-0.1014,0.1846,349.5956,enc,
1786713979.126574,0.0262,-0.0,-0.0,-0.0000,0.0000,4.6573,-0.1014,0.1846,349.5956,enc,
1786713979.126636,0.0001,-0.0,-0.0,-0.0000,0.0000,4.6573,-0.1014,0.1846,349.5956,enc,
1786713979.544222,0.4176,-0.0,-0.0,-0.0000,0.0000,4.6573,-0.1014,0.1846,349.5956,enc,
1786713979.550225,0.0060,-0.0,-0.0,-0.0000,0.0000,4.6573,-0.1014,0.1846,349.5956,enc,
1786713979.584637,0.0344,-0.0,-0.0,-0.0000,0.0000,4.6573,-0.1014,0.1846,349.5956,enc,
1786713979.606246,0.0216,-0.0,-0.0,-0.0000,0.0000,4.6573,-0.1014,0.1846,349.5956,enc,
1786713979.625332,0.0191,-0.0,-0.0,-0.0000,0.0000,4.6573,-0.1014,0.1846,349.5956,enc,
1786713979.798326,0.1730,-0.0,-0.0,-0.0000,0.0000,4.6573,-0.1014,0.1846,349.5956,enc,
1786713979.807880,0.0096,-0.0,-0.0,-0.0000,0.0000,4.6573,-0.1014,0.1846,349.5956,enc,
1786713979.913176,0.1053,-0.0,-0.0,-0.0000,0.0000,4.6573,-0.1014,0.1846,349.5956,enc,
1786713980.126129,0.2130,-0.0,-0.0,-0.0000,0.0000,4.6573,-0.1014,0.1846,349.5956,enc,
1786713980.126192,0.0001,-0.0,-0.0,-0.0000,0.0000,4.6573,-0.1014,0.1846,349.5956,enc,
1786713980.236252,0.1101,-0.0,-0.0,-0.0000,0.0000,4.6573,-0.1014,0.1846,349.5956,enc,
1786713980.547404,0.3112,-0.0,-0.0,-0.0000,0.0000,4.6573,-0.1014,0.1846,349.5956,enc,
1786713980.547454,0.0000,-0.0,-0.0,-0.0000,0.0000,4.6573,-0.1014,0.1846,349.5956,enc,
1786713980.547466,0.0000,-0.0,-0.0,-0.0000,0.0000,4.6573,-0.1014,0.1846,349.5956,enc,
1786713980.623628,0.0762,-0.0,-0.0,-0.0000,0.0000,4.6573,-0.1014,0.1846,349.5956,enc,
1786713980.791458,0.1678,-0.0,-0.0,-0.0000,0.0000,4.6573,-0.1014,0.1846,349.5956,enc,
1786713980.822714,0.0313,-0.0,-0.0,-0.0000,0.0000,4.6573,-0.1014,0.1846,349.5956,enc,
1786713980.929264,0.1065,-0.0,-0.0,-0.0000,0.0000,4.6573,-0.1014,0.1846,349.5956,enc,
1786713981.141269,0.2120,-0.0,-0.0,-0.0000,0.0000,4.6573,-0.1014,0.1846,349.5955,enc,
1786713981.141324,0.0001,-0.0,-0.0,-0.0000,0.0000,4.6573,-0.1014,0.1846,349.5955,enc,
1786713981.226329,0.0850,-0.0,-0.0,-0.0000,0.0000,4.6573,-0.1014,0.1846,349.5955,enc,
1786713981.330418,0.1041,-0.0,-0.0,-0.0000,0.0000,4.6573,-0.1014,0.1846,349.5955,enc,
1786713981.482462,0.1520,-0.0,-0.0,-0.0000,0.0000,4.6573,-0.1014,0.1846,349.5955,enc,
1786713981.679705,0.1972,-0.0,-0.0,-0.0000,0.0000,4.6573,-0.1014,0.1846,349.5954,enc,
1786713981.679776,0.0001,-0.0,-0.0,-0.0000,0.0000,4.6573,-0.1014,0.1846,349.5954,enc,
1786713981.858392,0.1786,-0.0,-0.0,-0.0000,0.0000,4.6573,-0.1014,0.1846,349.5954,enc,
1786713981.858467,0.0001,-0.0,-0.0,-0.0000,0.0000,4.6573,-0.1014,0.1846,349.5954,enc,
1786713981.998538,0.1401,-0.0,-0.0,-0.0000,0.0000,4.6573,-0.1014,0.1846,349.5954,enc,
1786713982.248008,0.2495,-0.0,-0.0,-0.0000,0.0000,4.6573,-0.1014,0.1846,349.5954,enc,
1786713982.248077,0.0001,-0.0,-0.0,-0.0000,0.0000,4.6573,-0.1014,0.1846,349.5954,enc,
1786713982.248101,0.0000,-0.0,-0.0,-0.0000,0.0000,4.6573,-0.1014,0.1846,349.5954,enc,
1786713982.410334,0.1622,-0.0,-0.0,-0.0000,0.0000,4.6573,-0.1014,0.1846,349.5953,enc,
1786713982.450277,0.0399,-0.0,-0.0,-0.0000,0.0000,4.6573,-0.1014,0.1846,349.5953,enc,
1786713983.073375,0.6231,-0.0,-0.0,-0.0000,0.0000,4.6573,-0.1014,0.1846,349.5953,enc,
1786713983.073445,0.0001,-0.0,-0.0,-0.0000,0.0000,4.6573,-0.1014,0.1846,349.5953,enc,
1786713983.114599,0.0412,-0.0,-0.0,-0.0000,0.0000,4.6573,-0.1014,0.1846,349.5953,enc,
1786713983.114685,0.0001,-0.0,-0.0,-0.0000,0.0000,4.6573,-0.1014,0.1846,349.5953,enc,
1786713983.114711,0.0000,-0.0,-0.0,-0.0000,0.0000,4.6573,-0.1014,0.1846,349.5953,enc,
1786713983.114734,0.0000,-0.0,-0.0,-0.0000,0.0000,4.6573,-0.1014,0.1846,349.5953,enc,
1786713983.287598,0.1729,-0.0,-0.0,-0.0000,0.0000,4.6573,-0.1014,0.1846,349.5953,enc,
1786713983.287664,0.0001,-0.0,-0.0,-0.0000,0.0000,4.6573,-0.1014,0.1846,349.5953,enc,
1786713983.369893,0.0822,-0.0,-0.0,-0.0000,0.0000,4.6573,-0.1014,0.1846,349.5954,enc,
1786713983.513279,0.1434,-0.0,-0.0,-0.0000,0.0000,4.6573,-0.1014,0.1846,349.5954,enc,
1786713983.561167,0.0479,-0.0,-0.0,-0.0000,0.0000,4.6573,-0.1014,0.1846,349.5954,enc,
1786713983.725405,0.1642,-0.0,-0.0,-0.0000,0.0000,4.6573,-0.1014,0.1846,349.5954,enc,
1786713983.779294,0.0539,-0.0,-0.0,-0.0000,0.0000,4.6573,-0.1014,0.1846,349.5954,enc,
1786713983.986969,0.2077,-0.0,-0.0,-0.0000,0.0000,4.6573,-0.1014,0.1846,349.5954,enc,
1786713983.987145,0.0002,-0.0,-0.0,-0.0000,0.0000,4.6573,-0.1014,0.1846,349.5955,enc,
1786713984.090285,0.1031,-0.0,-0.0,-0.0000,0.0000,4.6573,-0.1014,0.1846,349.5955,enc,
1786713984.201663,0.1114,-0.0,-0.0,-0.0000,0.0000,4.6573,-0.1014,0.1846,349.5955,enc,
1786713984.282796,0.0811,-0.0,-0.0,-0.0000,0.0000,4.6573,-0.1014,0.1846,349.5955,enc,
1786713984.381497,0.0987,-0.0,-0.0,-0.0000,0.0000,4.6573,-0.1014,0.1846,349.5955,enc,
1786713984.483060,0.1016,-0.0,-0.0,-0.0000,0.0000,4.6573,-0.1014,0.1846,349.5955,enc,
1786713984.585100,0.1020,-0.0,-0.0,-0.0000,0.0000,4.6573,-0.1014,0.1846,349.5955,enc,
1786713984.970172,0.3851,-0.0,-0.0,-0.0000,0.0000,4.6573,-0.1014,0.1846,349.5955,enc,
1786713984.970223,0.0001,-0.0,-0.0,-0.0000,0.0000,4.6573,-0.1014,0.1846,349.5956,enc,
1786713985.012982,0.0428,-0.0,-0.0,-0.0000,0.0000,4.6573,-0.1014,0.1846,349.5956,enc,
1786713985.033609,0.0206,-0.0,-0.0,-0.0000,0.0000,4.6573,-0.1014,0.1846,349.5956,enc,
1786713985.109830,0.0762,-0.0,-0.0,-0.0000,0.0000,4.6573,-0.1014,0.1846,349.5956,enc,
1786713985.221583,0.1118,-0.0,-0.0,-0.0000,0.0000,4.6573,-0.1014,0.1846,349.5956,enc,
1786713985.297419,0.0758,-0.0,-0.0,-0.0000,0.0000,4.6573,-0.1014,0.1846,349.5956,enc,
1786713985.400516,0.1031,-0.0,-0.0,-0.0000,0.0000,4.6573,-0.1014,0.1846,349.5956,enc,
1786713985.541792,0.1413,-0.0,-0.0,-0.0000,0.0000,4.6573,-0.1014,0.1846,349.5956,enc,
1786713985.603311,0.0615,-0.0,-0.0,-0.0000,0.0000,4.6573,-0.1014,0.1846,349.5956,enc,
1786713985.742492,0.1392,-0.0,-0.0,-0.0000,0.0000,4.6573,-0.1014,0.1846,349.5956,enc,
1786713985.817660,0.0752,-0.0,-0.0,-0.0000,0.0000,4.6573,-0.1014,0.1846,349.5956,enc,
1786713985.916626,0.0990,-0.0,-0.0,-0.0000,0.0000,4.6573,-0.1014,0.1846,349.5956,enc,
1786713986.138654,0.2220,-0.0,-0.0,-0.0000,0.0000,4.6573,-0.1014,0.1846,349.5956,enc,
1786713986.187642,0.0490,-0.0,-0.0,-0.0000,0.0000,4.6573,-0.1014,0.1846,349.5957,enc,
1786713986.359351,0.1717,-0.0,-0.0,-0.0000,0.0000,4.6573,-0.1014,0.1846,349.5957,enc,
1786713986.359528,0.0002,-0.0,-0.0,-0.0000,0.0000,4.6573,-0.1014,0.1846,349.5957,enc,
1786713986.570430,0.2109,-0.0,-0.0,-0.0000,0.0000,4.6573,-0.1014,0.1846,349.5957,enc,
1786713986.597033,0.0266,-0.0,-0.0,-0.0000,0.0000,4.6573,-0.1014,0.1846,349.5957,enc,
1786713986.859972,0.2629,-0.0,-0.0,-0.0000,0.0000,4.6573,-0.1014,0.1846,349.5957,enc,
1786713986.860176,0.0002,-0.0,-0.0,-0.0000,0.0000,4.6573,-0.1014,0.1846,349.5957,enc,
1786713986.860194,0.0000,-0.0,-0.0,-0.0000,0.0000,4.6573,-0.1014,0.1846,349.5957,enc,
1786713987.536688,0.6765,-0.0,-0.0,-0.0000,0.0000,4.6573,-0.1014,0.1846,349.5957,enc,
1786713987.536748,0.0001,-0.0,-0.0,-0.0000,0.0000,4.6573,-0.1014,0.1846,349.5958,enc,
1786713987.552466,0.0157,-0.0,-0.0,-0.0000,0.0000,4.6573,-0.1014,0.1846,349.5958,enc,
1786713987.552517,0.0001,-0.0,-0.0,-0.0000,0.0000,4.6573,-0.1014,0.1846,349.5958,enc,
1786713987.552541,0.0000,-0.0,-0.0,-0.0000,0.0000,4.6573,-0.1014,0.1846,349.5958,enc,
1786713987.717467,0.1649,-0.0,-0.0,-0.0000,0.0000,4.6573,-0.1014,0.1846,349.5957,enc,
1786713987.717533,0.0001,-0.0,-0.0,-0.0000,0.0000,4.6573,-0.1014,0.1846,349.6027,enc,
1786713987.921666,0.2041,-0.0,-0.0,-0.0000,0.0000,4.6573,-0.1014,0.1846,349.6028,enc,
1786713987.921736,0.0001,-0.0,-0.0,-0.0000,0.0000,4.6573,-0.1014,0.1846,349.6100,enc,
1786713987.989355,0.0676,-0.0,-0.0,-0.0000,0.0000,4.6573,-0.1014,0.1846,349.6028,enc,
1786713988.094164,0.1048,-0.0,-0.0,-0.0000,0.0000,4.6573,-0.1014,0.1846,349.6027,enc,
1786713988.193027,0.0989,-0.0,-0.0,-0.0000,0.0000,4.6573,-0.1014,0.1846,349.6027,enc,
1786713988.298736,0.1057,-0.0,-0.0,-0.0000,0.0000,4.6573,-0.1014,0.1846,349.6099,enc,
1786713988.401937,0.1032,-0.0,-0.0,-0.0000,0.0000,4.6573,-0.1014,0.1846,349.6098,enc,
1786713988.509561,0.1076,-0.0,-0.0,-0.0000,0.0000,4.6573,-0.1014,0.1846,349.6098,enc,
1786713988.618479,0.1089,-0.0,-0.0,-0.0000,0.0000,4.6573,-0.1014,0.1846,349.6098,enc,
1786713988.714797,0.0963,-0.0,-0.0,-0.0000,0.0000,4.6573,-0.1014,0.1846,349.6098,enc,
1786713988.823119,0.1083,-0.0,-0.0,-0.0000,0.0000,4.6573,-0.1014,0.1846,349.6098,enc,
1786713988.901637,0.0785,-0.0,-0.0,-0.0000,0.0000,4.6573,-0.1014,0.1846,349.6098,enc,
1786713989.048315,0.1467,-0.0,-0.0,-0.0000,0.0000,4.6573,-0.1014,0.1846,349.6098,enc,
1786713989.127941,0.0796,-0.0,-0.0,-0.0000,0.0000,4.6573,-0.1014,0.1846,349.6098,enc,
1786713989.235125,0.1072,-0.0,-0.0,-0.0000,0.0000,4.6573,-0.1014,0.1846,349.6099,enc,
1786713989.366719,0.1316,-0.0,-0.0,-0.0000,0.0000,4.6573,-0.1014,0.1846,349.6099,enc,
1786713989.461623,0.0949,-0.0,-0.0,-0.0000,0.0000,4.6573,-0.1014,0.1846,349.6099,enc,
1786713989.551121,0.0895,-0.0,-0.0,-0.0000,0.0000,4.6573,-0.1014,0.1846,349.6099,enc,
1786713989.627333,0.0762,-0.0,-0.0,-0.0000,0.0000,4.6573,-0.1014,0.1846,349.6098,enc,
1786713989.725049,0.0977,-0.0,-0.0,-0.0000,0.0000,4.6573,-0.1014,0.1846,349.6099,enc,
1786713989.843063,0.1180,-0.0,-0.0,-0.0000,0.0000,4.6573,-0.1014,0.1846,349.6099,enc,
1786713989.956690,0.1136,-0.0,-0.0,-0.0000,0.0000,4.6573,-0.1014,0.1846,349.6099,enc,
1786713990.192438,0.2357,-0.0,-0.0,-0.0000,0.0000,4.6573,-0.1014,0.1846,349.6099,enc,
1786713990.318365,0.1259,-0.0,-0.0,-0.0000,0.0000,4.6573,-0.1014,0.1846,349.6099,enc,
1786713990.365741,0.0474,-0.0,-0.0,-0.0000,0.0000,4.6573,-0.1014,0.1846,349.6099,enc,
1786713990.369368,0.0036,-0.0,-0.0,-0.0000,0.0000,4.6573,-0.1014,0.1846,349.6099,enc,
1786713990.588971,0.2196,-0.0,-0.0,-0.0000,0.0000,4.6573,-0.1014,0.1846,349.6100,enc,
1786713990.589043,0.0001,-0.0,-0.0,-0.0000,0.0000,4.6573,-0.1014,0.1846,349.6100,enc,
1786713990.789150,0.2001,-0.0,-0.0,-0.0000,0.0000,4.6573,-0.1014,0.1846,349.6100,enc,
1786713990.789235,0.0001,-0.0,-0.0,-0.0000,0.0000,4.6573,-0.1014,0.1846,349.6100,enc,
1786713990.860121,0.0709,-0.0,-0.0,-0.0000,0.0000,4.6573,-0.1014,0.1846,349.6100,enc,
1786713990.999565,0.1394,-0.0,-0.0,-0.0000,0.0000,4.6573,-0.1014,0.1846,349.6100,enc,
1786713991.058968,0.0594,-0.0,-0.0,-0.0000,0.0000,4.6573,-0.1014,0.1846,349.6100,enc,
1786713991.220593,0.1616,-0.0,-0.0,-0.0000,0.0000,4.6573,-0.1014,0.1846,349.6100,enc,
1786713991.257799,0.0372,-0.0,-0.0,-0.0000,0.0000,4.6573,-0.1014,0.1846,349.6100,enc,
1786713991.430388,0.1726,-0.0,-0.0,-0.0000,0.0000,4.6573,-0.1014,0.1846,349.6100,enc,
1786713991.479161,0.0488,-0.0,-0.0,-0.0000,0.0000,4.6573,-0.1014,0.1846,349.6100,enc,
1786713991.651372,0.1722,-0.0,-0.0,-0.0000,0.0000,4.6573,-0.1014,0.1846,349.6100,enc,
1786713991.655678,0.0043,-0.0,-0.0,-0.0000,0.0000,4.6573,-0.1014,0.1846,349.6100,enc,
1786713991.943014,0.2873,-0.0,-0.0,-0.0000,0.0000,4.6573,-0.1014,0.1846,349.6100,enc,
1786713991.944090,0.0011,-0.0,-0.0,-0.0000,0.0000,4.6573,-0.1014,0.1846,349.6100,enc,
1786713992.091270,0.1472,-0.0,-0.0,-0.0000,0.0000,4.6573,-0.1014,0.1846,349.6100,enc,
1786713992.138601,0.0473,-0.0,-0.0,-0.0000,0.0000,4.6573,-0.1014,0.1846,349.6100,enc,
1786713992.169345,0.0307,-0.0,-0.0,-0.0000,0.0000,4.6573,-0.1014,0.1846,349.6100,enc,
1786713992.300052,0.1307,-0.0,-0.0,-0.0000,0.0000,4.6573,-0.1014,0.1846,349.6101,enc,
1786713992.426650,0.1266,-0.0,-0.0,-0.0000,0.0000,4.6573,-0.1014,0.1846,349.6101,enc,
1786713992.490507,0.0639,-0.0,-0.0,-0.0000,0.0000,4.6573,-0.1014,0.1846,349.6101,enc,
1786713992.567254,0.0767,-0.0,-0.0,-0.0000,0.0000,4.6573,-0.1014,0.1846,349.6101,enc,
1786713992.675146,0.1079,-0.0,-0.0,-0.0000,0.0000,4.6573,-0.1014,0.1846,349.6101,enc,
1786713992.792066,0.1169,-0.0,-0.0,-0.0000,0.0000,4.6573,-0.1014,0.1846,349.6101,enc,
1786713992.886021,0.0940,-0.0,-0.0,-0.0000,0.0000,4.6573,-0.1014,0.1846,349.6101,enc,
1786713992.982855,0.0968,-0.0,-0.0,-0.0000,0.0000,4.6573,-0.1014,0.1846,349.6101,enc,
1786713993.081106,0.0983,-0.0,-0.0,-0.0000,0.0000,4.6573,-0.1014,0.1846,349.6101,enc,
1786713993.187571,0.1065,-0.0,-0.0,-0.0000,0.0000,4.6573,-0.1014,0.1846,349.6101,enc,
1786713993.285028,0.0975,-0.0,-0.0,-0.0000,0.0000,4.6573,-0.1014,0.1846,349.6102,enc,
1786713993.386051,0.1010,-0.0,-0.0,-0.0000,0.0000,4.6573,-0.1014,0.1846,349.6102,enc,
1786713993.487795,0.1017,-0.0,-0.0,-0.0000,0.0000,4.6573,-0.1014,0.1846,349.6102,enc,
1786713993.643014,0.1552,-0.0,-0.0,-0.0000,0.0000,4.6573,-0.1014,0.1846,349.6102,enc,
1786713993.692308,0.0493,-0.0,-0.0,-0.0000,0.0000,4.6573,-0.1014,0.1846,349.6102,enc,
1786713993.814616,0.1223,-0.0,-0.0,-0.0000,0.0000,4.6573,-0.1014,0.1846,349.6102,enc,
1786713993.890224,0.0756,-0.0,-0.0,-0.0000,0.0000,4.6573,-0.1014,0.1846,349.6102,enc,
1786713994.010547,0.1203,-0.0,-0.0,-0.0000,0.0000,4.6573,-0.1014,0.1846,349.6102,enc,
1786713994.089980,0.0794,-0.0,-0.0,-0.0000,0.0000,4.6573,-0.1014,0.1846,349.6102,enc,
1786713994.312389,0.2224,-0.0,-0.0,-0.0000,0.0000,4.6573,-0.1014,0.1846,349.6102,enc,
1786713994.343686,0.0313,-0.0,-0.0,-0.0000,0.0000,4.6573,-0.1014,0.1846,349.6102,enc,
1786713994.536491,0.1928,-0.0,-0.0,-0.0000,0.0000,4.6573,-0.1014,0.1846,349.6102,enc,
1786713994.539428,0.0029,-0.0,-0.0,-0.0000,0.0000,4.6573,-0.1014,0.1846,349.6102,enc,
1786713994.598673,0.0592,-0.0,-0.0,-0.0000,0.0000,4.6573,-0.1014,0.1846,349.6102,enc,
1786713994.757785,0.1591,-0.0,-0.0,-0.0000,0.0000,4.6573,-0.1014,0.1846,349.6102,enc,
1786713994.812878,0.0551,-0.0,-0.0,-0.0000,0.0000,4.6573,-0.1014,0.1846,349.6102,enc,
1786713994.960922,0.1480,-0.0,-0.0,-0.0000,0.0000,4.6573,-0.1014,0.1846,349.6102,enc,
1786713995.030677,0.0698,-0.0,-0.0,-0.0000,0.0000,4.6573,-0.1014,0.1846,349.6102,enc,
1786713995.176309,0.1456,-0.0,-0.0,-0.0000,0.0000,4.6573,-0.1014,0.1846,349.6102,enc,
1786713995.208231,0.0319,-0.0,-0.0,-0.0000,0.0000,4.6573,-0.1014,0.1846,349.6102,enc,
1786713995.408820,0.2006,-0.0,-0.0,-0.0000,0.0000,4.6573,-0.1014,0.1846,349.6101,enc,
1786713995.423184,0.0144,-0.0,-0.0,-0.0000,0.0000,4.6573,-0.1014,0.1846,349.6101,enc,
1786713995.614128,0.1909,-0.0,-0.0,-0.0000,0.0000,4.6573,-0.1014,0.1846,349.6101,enc,
1786713995.620349,0.0062,-0.0,-0.0,-0.0000,0.0000,4.6573,-0.1014,0.1846,349.6101,enc,
1786713995.826077,0.2057,-0.0,-0.0,-0.0000,0.0000,4.6573,-0.1014,0.1846,349.6101,enc,
1786713995.835009,0.0089,-0.0,-0.0,-0.0000,0.0000,4.6573,-0.1014,0.1846,349.6101,enc,
1786713996.046188,0.2112,-0.0,-0.0,-0.0000,0.0000,4.6573,-0.1014,0.1846,349.6101,enc,
1786713996.077228,0.0310,-0.0,-0.0,-0.0000,0.0000,4.6573,-0.1014,0.1846,349.6100,enc,
1786713996.125113,0.0479,-0.0,-0.0,-0.0000,0.0000,4.6573,-0.1014,0.1846,349.6102,enc,
1786713996.225443,0.1003,-0.0,-0.0,-0.0000,0.0000,4.6573,-0.1014,0.1846,349.6101,enc,
1786713996.322314,0.0969,-0.0,-0.0,-0.0000,0.0000,4.6573,-0.1014,0.1846,349.6101,enc,
1786713996.415063,0.0927,-0.0,-0.0,-0.0000,0.0000,4.6573,-0.1014,0.1846,349.6101,enc,
1786713996.532631,0.1176,-0.0,-0.0,-0.0000,0.0000,4.6573,-0.1014,0.1846,349.6101,enc,
1786713996.626921,0.0943,-0.0,-0.0,-0.0000,0.0000,4.6573,-0.1014,0.1846,349.6101,enc,
1786713996.728104,0.1012,-0.0,-0.0,-0.0000,0.0000,4.6573,-0.1014,0.1846,349.6101,enc,
1786713996.826956,0.0989,-0.0,-0.0,-0.0000,0.0000,4.6573,-0.1014,0.1846,349.6101,enc,
1786713996.937207,0.1103,-0.0,-0.0,-0.0000,0.0000,4.6573,-0.1014,0.1846,349.6101,enc,
1786713997.023526,0.0863,-0.0,-0.0,-0.0000,0.0000,4.6573,-0.1014,0.1846,349.6100,enc,
1786713997.151380,0.1279,-0.0,-0.0,-0.0000,0.0000,4.6573,-0.1014,0.1846,349.6100,enc,
1786713997.246462,0.0951,-0.0,-0.0,-0.0000,0.0000,4.6573,-0.1014,0.1846,349.6100,enc,
1786713997.351971,0.1055,-0.0,-0.0,-0.0000,0.0000,4.6573,-0.1014,0.1846,349.6100,enc,
1786713997.431164,0.0792,-0.0,-0.0,-0.0000,0.0000,4.6573,-0.1014,0.1846,349.6100,enc,
1786713997.527721,0.0966,-0.0,-0.0,-0.0000,0.0000,4.6573,-0.1014,0.1846,349.6100,enc,
1786713997.630007,0.1023,-0.0,-0.0,-0.0000,0.0000,4.6573,-0.1014,0.1846,349.6100,enc,
1786713997.740983,0.1110,-0.0,-0.0,-0.0000,0.0000,4.6573,-0.1014,0.1846,349.6100,enc,
1786713997.835055,0.0941,-0.0,-0.0,-0.0000,0.0000,4.6573,-0.1014,0.1846,349.6100,enc,
1786713997.935917,0.1009,-0.0,-0.0,-0.0000,0.0000,4.6573,-0.1014,0.1846,349.6100,enc,
1786713998.035125,0.0992,-0.0,-0.0,-0.0000,0.0000,4.6573,-0.1014,0.1846,349.6100,enc,
1786713998.177660,0.1425,-0.0,-0.0,-0.0000,0.0000,4.6573,-0.1014,0.1846,349.6100,enc,
1786713998.236323,0.0587,-0.0,-0.0,-0.0000,0.0000,4.6573,-0.1014,0.1846,349.6100,enc,
1786713998.475223,0.2389,-0.0,-0.0,-0.0000,0.0000,4.6573,-0.1014,0.1846,349.6100,enc,
1786713998.493249,0.0180,-0.0,-0.0,-0.0000,0.0000,4.6573,-0.1014,0.1846,349.6100,enc,
1786713998.548271,0.0550,-0.0,-0.0,-0.0000,0.0000,4.6573,-0.1014,0.1846,349.6100,enc,
1786713998.757567,0.2093,-0.0,-0.0,-0.0000,0.0000,4.6573,-0.1014,0.1846,349.6100,enc,
1786713998.901525,0.1440,-0.0,-0.0,-0.0000,0.0000,4.6573,-0.1014,0.1846,349.6100,enc,
1786713998.977753,0.0762,-0.0,-0.0,-0.0000,0.0000,4.6573,-0.1014,0.1846,349.6100,enc,
1786713998.995273,0.0175,-0.0,-0.0,-0.0000,0.0000,4.6573,-0.1014,0.1846,349.6100,enc,
1786713999.186151,0.1909,-0.0,-0.0,-0.0000,0.0000,4.6573,-0.1014,0.1846,349.6101,enc,
1786713999.186198,0.0000,-0.0,-0.0,-0.0000,0.0000,4.6573,-0.1014,0.1846,349.6101,enc,
1786713999.383780,0.1976,-0.0,-0.0,-0.0000,0.0000,4.6573,-0.1014,0.1846,349.6100,enc,
1786713999.383861,0.0001,-0.0,-0.0,-0.0000,0.0000,4.6573,-0.1014,0.1846,349.6100,enc,
1786713999.581687,0.1978,-0.0,-0.0,-0.0000,0.0000,4.6573,-0.1014,0.1846,349.6100,enc,
1786713999.581741,0.0001,-0.0,-0.0,-0.0000,0.0000,4.6573,-0.1014,0.1846,349.6100,enc,
1786713999.779315,0.1976,-0.0,-0.0,-0.0000,0.0000,4.6573,-0.1014,0.1846,349.6100,enc,
1786713999.806900,0.0276,-0.0,-0.0,-0.0000,0.0000,4.6573,-0.1014,0.1846,349.6100,enc,
1786714000.007523,0.2006,-0.0,-0.0,-0.0000,0.0000,4.6573,-0.1014,0.1846,349.6100,enc,
1786714000.047370,0.0398,-0.0,-0.0,-0.0000,0.0000,4.6573,-0.1014,0.1846,349.6100,enc,
1786714000.075737,0.0284,-0.0,-0.0,-0.0000,0.0000,4.6573,-0.1014,0.1846,349.6100,enc,
1786714000.281531,0.2058,-0.0,-0.0,-0.0000,0.0000,4.6573,-0.1014,0.1846,349.6100,enc,
1786714000.281580,0.0000,-0.0,-0.0,-0.0000,0.0000,4.6573,-0.1014,0.1846,349.6100,enc,
1786714000.437033,0.1555,-0.0,-0.0,-0.0000,0.0000,4.6573,-0.1014,0.1846,349.6100,enc,
1786714000.485327,0.0483,-0.0,-0.0,-0.0000,0.0000,4.6573,-0.1014,0.1846,349.6100,enc,
1786714000.595718,0.1104,-0.0,-0.0,-0.0000,0.0000,4.6573,-0.1014,0.1846,349.6100,enc,
1786714000.697070,0.1014,-0.0,-0.0,-0.0000,0.0000,4.6573,-0.1014,0.1846,349.6100,enc,
1786714000.796228,0.0992,-0.0,-0.0,-0.0000,0.0000,4.6573,-0.1014,0.1846,349.6100,enc,
1786714000.894617,0.0984,-0.0,-0.0,-0.0000,0.0000,4.6573,-0.1014,0.1846,349.6100,enc,
1786714001.006871,0.1123,-0.0,-0.0,-0.0000,0.0000,4.6573,-0.1014,0.1846,349.6100,enc,
1786714001.091732,0.0849,-0.0,-0.0,-0.0000,0.0000,4.6573,-0.1014,0.1846,349.6100,enc,
1786714001.204915,0.1132,-0.0,-0.0,-0.0000,0.0000,4.6573,-0.1014,0.1846,349.6100,enc,
1786714001.293181,0.0883,-0.0,-0.0,-0.0000,0.0000,4.6573,-0.1014,0.1846,349.6100,enc,
1786714001.414308,0.1211,-0.0,-0.0,-0.0000,0.0000,4.6573,-0.1014,0.1846,349.6100,enc,
1786714001.503183,0.0889,-0.0,-0.0,-0.0000,0.0000,4.6573,-0.1014,0.1846,349.6100,enc,
1786714001.620461,0.1173,-0.0,-0.0,-0.0000,0.0000,4.6573,-0.1014,0.1846,349.6100,enc,
1786714001.700947,0.0805,-0.0,-0.0,-0.0000,0.0000,4.6573,-0.1014,0.1846,349.6100,enc,
1786714001.829119,0.1282,-0.0,-0.0,-0.0000,0.0000,4.6573,-0.1014,0.1846,349.6100,enc,
1786714001.899417,0.0703,-0.0,-0.0,-0.0000,0.0000,4.6573,-0.1014,0.1846,349.6100,enc,
1786714002.001293,0.1019,-0.0,-0.0,-0.0000,0.0000,4.6573,-0.1014,0.1846,349.6099,enc,
1786714002.101722,0.1004,-0.0,-0.0,-0.0000,0.0000,4.6573,-0.1014,0.1846,349.6099,enc,
1786714002.220697,0.1190,-0.0,-0.0,-0.0000,0.0000,4.6573,-0.1014,0.1846,349.6099,enc,
1786714002.303428,0.0827,-0.0,-0.0,-0.0000,0.0000,4.6573,-0.1014,0.1846,349.6099,enc,
1786714002.495470,0.1920,-0.0,-0.0,-0.0000,0.0000,4.6573,-0.1014,0.1846,349.6099,enc,
1786714002.644471,0.1490,-0.0,-0.0,-0.0000,0.0000,4.6573,-0.1014,0.1846,349.6099,enc,
1786714002.713353,0.0689,-0.0,-0.0,-0.0000,0.0000,4.6573,-0.1014,0.1846,349.6099,enc,
1786714002.739640,0.0263,-0.0,-0.0,-0.0000,0.0000,4.6573,-0.1014,0.1846,349.6099,enc,
1786714002.895540,0.1559,-0.0,-0.0,-0.0000,0.0000,4.6573,-0.1014,0.1846,349.6099,enc,
1786714002.941713,0.0462,-0.0,-0.0,-0.0000,0.0000,4.6573,-0.1014,0.1846,349.6099,enc,
1786714003.128428,0.1867,-0.0,-0.0,-0.0000,0.0000,4.6573,-0.1014,0.1846,349.6098,enc,
1786714003.155288,0.0269,-0.0,-0.0,-0.0000,0.0000,4.6573,-0.1014,0.1846,349.6099,enc,
1786714003.329155,0.1739,-0.0,-0.0,-0.0000,0.0000,4.6573,-0.1014,0.1846,349.6099,enc,
1786714003.331262,0.0021,-0.0,-0.0,-0.0000,0.0000,4.6573,-0.1014,0.1846,349.6099,enc,
1786714003.978138,0.6469,-0.0,-0.0,-0.0000,0.0000,4.6573,-0.1014,0.1846,349.6099,enc,
1786714003.978192,0.0001,-0.0,-0.0,-0.0000,0.0000,4.6573,-0.1014,0.1846,349.6099,enc,
1786714004.400122,0.4219,-0.0,-0.0,-0.0000,0.0000,4.6573,-0.1014,0.1846,349.6099,enc,
1786714004.400297,0.0002,-0.0,-0.0,-0.0000,0.0000,4.6573,-0.1014,0.1846,349.6099,enc,
1786714004.400317,0.0000,-0.0,-0.0,-0.0000,0.0000,4.6573,-0.1014,0.1846,349.6099,enc,
1786714004.400329,0.0000,-0.0,-0.0,-0.0000,0.0000,4.6573,-0.1014,0.1846,349.6099,enc,
1786714004.400349,0.0000,-0.0,-0.0,-0.0000,0.0000,4.6573,-0.1014,0.1846,349.6099,enc,
1786714004.400362,0.0000,-0.0,-0.0,-0.0000,0.0000,4.6573,-0.1014,0.1846,349.6099,enc,
1786714004.462361,0.0620,-0.0,-0.0,-0.0000,0.0000,4.6573,-0.1014,0.1846,349.6099,enc,
1786714004.462412,0.0001,-0.0,-0.0,-0.0000,0.0000,4.6573,-0.1014,0.1846,349.6099,enc,
1786714004.462437,0.0000,-0.0,-0.0,-0.0000,0.0000,4.6573,-0.1014,0.1846,349.6099,enc,
1786714004.549369,0.0869,-0.0,-0.0,-0.0000,0.0000,4.6573,-0.1014,0.1846,349.6099,enc,
1786714004.655939,0.1066,-0.0,-0.0,-0.0000,0.0000,4.6573,-0.1014,0.1846,349.6099,enc,
1786714004.743850,0.0879,-0.0,-0.0,-0.0000,0.0000,4.6573,-0.1014,0.1846,349.6099,enc,
1786714004.838491,0.0946,-0.0,-0.0,-0.0000,0.0000,4.6573,-0.1014,0.1846,349.6099,enc,
1786714004.959389,0.1209,-0.0,-0.0,-0.0000,0.0000,4.6573,-0.1014,0.1846,349.6099,enc,
1786714005.042228,0.0828,-0.0,-0.0,-0.0000,0.0000,4.6573,-0.1014,0.1846,349.6099,enc,
1786714005.149094,0.1069,-0.0,-0.0,-0.0000,0.0000,4.6573,-0.1014,0.1846,349.6099,enc,
1786714005.258456,0.1094,-0.0,-0.0,-0.0000,0.0000,4.6573,-0.1014,0.1846,349.6099,enc,
1786714005.355839,0.0974,-0.0,-0.0,-0.0000,0.0000,4.6573,-0.1014,0.1846,349.6099,enc,
1786714005.462844,0.1070,-0.0,-0.0,-0.0000,0.0000,4.6573,-0.1014,0.1846,349.6098,enc,
1786714005.556282,0.0934,-0.0,-0.0,-0.0000,0.0000,4.6573,-0.1014,0.1846,349.6098,enc,
1786714005.670402,0.1141,-0.0,-0.0,-0.0000,0.0000,4.6573,-0.1014,0.1846,349.6099,enc,
1786714005.755512,0.0851,-0.0,-0.0,-0.0000,0.0000,4.6573,-0.1014,0.1846,349.6099,enc,
1786714005.862386,0.1069,-0.0,-0.0,-0.0000,0.0000,4.6573,-0.1014,0.1846,349.6098,enc,
1786714005.970026,0.1076,-0.0,-0.0,-0.0000,0.0000,4.6573,-0.1014,0.1846,349.6099,enc,
1786714006.061630,0.0916,-0.0,-0.0,-0.0000,0.0000,4.6573,-0.1014,0.1846,349.6099,enc,
1786714006.159309,0.0977,-0.0,-0.0,-0.0000,0.0000,4.6573,-0.1014,0.1846,349.6099,enc,
1786714006.260055,0.1007,-0.0,-0.0,-0.0000,0.0000,4.6573,-0.1014,0.1846,349.6099,enc,
1786714006.359864,0.0998,-0.0,-0.0,-0.0000,0.0000,4.6573,-0.1014,0.1846,349.6099,enc,
1786714006.462227,0.1024,-0.0,-0.0,-0.0000,0.0000,4.6573,-0.1014,0.1846,349.6099,enc,
1786714006.617502,0.1553,-0.0,-0.0,-0.0000,0.0000,4.6573,-0.1014,0.1846,349.6099,enc,
1786714006.670573,0.0531,-0.0,-0.0,-0.0000,0.0000,4.6573,-0.1014,0.1846,349.6099,enc,
1786714006.842016,0.1714,-0.0,-0.0,-0.0000,0.0000,4.6573,-0.1014,0.1846,349.6099,enc,
1786714006.871902,0.0299,-0.0,-0.0,-0.0000,0.0000,4.6573,-0.1014,0.1846,349.6099,enc,
1786714007.049426,0.1775,-0.0,-0.0,-0.0000,0.0000,4.6573,-0.1014,0.1846,349.6099,enc,
1786714007.079109,0.0297,-0.0,-0.0,-0.0000,0.0000,4.6573,-0.1014,0.1846,349.6099,enc,
1786714007.308346,0.2292,-0.0,-0.0,-0.0000,0.0000,4.6573,-0.1014,0.1846,349.6099,enc,
1786714007.318378,0.0100,-0.0,-0.0,-0.0000,0.0000,4.6573,-0.1014,0.1846,349.6099,enc,
1786714007.367969,0.0496,-0.0,-0.0,-0.0000,0.0000,4.6573,-0.1014,0.1846,349.6099,enc,
1786714007.712360,0.3444,-0.0,-0.0,-0.0000,0.0000,4.6573,-0.1014,0.1846,349.6098,enc,
1786714007.714907,0.0025,-0.0,-0.0,-0.0000,0.0000,4.6573,-0.1014,0.1846,349.6098,enc,
1786714007.724496,0.0096,-0.0,-0.0,-0.0000,0.0000,4.6573,-0.1014,0.1846,349.6098,enc,
1786714007.771217,0.0467,-0.0,-0.0,-0.0000,0.0000,4.6573,-0.1014,0.1846,349.6098,enc,
1786714007.932667,0.1614,-0.0,-0.0,-0.0000,0.0000,4.6573,-0.1014,0.1846,349.6098,enc,
1786714007.974883,0.0422,-0.0,-0.0,-0.0000,0.0000,4.6573,-0.1014,0.1846,349.6098,enc,
1786714008.174130,0.1992,-0.0,-0.0,-0.0000,0.0000,4.6573,-0.1014,0.1846,349.6098,enc,
1786714008.175894,0.0018,-0.0,-0.0,-0.0000,0.0000,4.6573,-0.1014,0.1846,349.6098,enc,
1786714008.375979,0.2001,-0.0,-0.0,-0.0000,0.0000,4.6573,-0.1014,0.1846,349.6098,enc,
1786714008.379221,0.0032,-0.0,-0.0,-0.0000,0.0000,4.6573,-0.1014,0.1846,349.6099,enc,
1786714008.553608,0.1744,-0.0,-0.0,-0.0000,0.0000,4.6573,-0.1014,0.1846,349.6099,enc,
1786714008.588281,0.0347,-0.0,-0.0,-0.0000,0.0000,4.6573,-0.1014,0.1846,349.6099,enc,
1786714008.690793,0.1025,-0.0,-0.0,-0.0000,0.0000,4.6573,-0.1014,0.1846,349.6099,enc,
1786714008.801333,0.1105,-0.0,-0.0,-0.0000,0.0000,4.6573,-0.1014,0.1846,349.6099,enc,
1786714008.906117,0.1048,-0.0,-0.0,-0.0000,0.0000,4.6573,-0.1014,0.1846,349.6099,enc,
1786714009.008465,0.1023,-0.0,-0.0,-0.0000,0.0000,4.6573,-0.1014,0.1846,349.6099,enc,
1786714009.109951,0.1015,-0.0,-0.0,-0.0000,0.0000,4.6573,-0.1014,0.1846,349.6099,enc,
1786714009.219049,0.1091,-0.0,-0.0,-0.0000,0.0000,4.6573,-0.1014,0.1846,349.6099,enc,
1786714009.334828,0.1158,-0.0,-0.0,-0.0000,0.0000,4.6573,-0.1014,0.1846,349.6099,enc,
1786714009.450999,0.1162,-0.0,-0.0,-0.0000,0.0000,4.6573,-0.1014,0.1846,349.6099,enc,
1786714009.515259,0.0643,-0.0,-0.0,-0.0000,0.0000,4.6573,-0.1014,0.1846,349.6099,enc,
1786714009.711707,0.1964,-0.0,-0.0,-0.0000,0.0000,4.6573,-0.1014,0.1846,349.6099,enc,
1786714009.784328,0.0726,-0.0,-0.0,-0.0000,0.0000,4.6573,-0.1014,0.1846,349.6099,enc,
1786714009.816285,0.0320,-0.0,-0.0,-0.0000,0.0000,4.6573,-0.1014,0.1846,349.6099,enc,
1786714009.915117,0.0988,-0.0,-0.0,-0.0000,0.0000,4.6573,-0.1014,0.1846,349.6099,enc,
1786714010.016543,0.1014,-0.0,-0.0,-0.0000,0.0000,4.6573,-0.1014,0.1846,349.6100,enc,
1786714010.115754,0.0992,-0.0,-0.0,-0.0000,0.0000,4.6573,-0.1014,0.1846,349.6100,enc,
1786714010.221881,0.1061,-0.0,-0.0,-0.0000,0.0000,4.6573,-0.1014,0.1846,349.6100,enc,
1786714010.325183,0.1033,-0.0,-0.0,-0.0000,0.0000,4.6573,-0.1014,0.1846,349.6100,enc,
1786714010.461478,0.1363,-0.0,-0.0,-0.0000,0.0000,4.6573,-0.1014,0.1846,349.6100,enc,
1786714010.531809,0.0703,-0.0,-0.0,-0.0000,0.0000,4.6573,-0.1014,0.1846,349.6100,enc,
1786714010.809747,0.2779,-0.0,-0.0,-0.0000,0.0000,4.6573,-0.1014,0.1846,349.6100,enc,
1786714010.816787,0.0070,-0.0,-0.0,-0.0000,0.0000,4.6573,-0.1014,0.1846,349.6100,enc,
1786714010.871131,0.0543,-0.0,-0.0,-0.0000,0.0000,4.6573,-0.1014,0.1846,349.6100,enc,
1786714012.713441,1.8423,-0.0,-0.0,-0.0000,0.0000,4.6573,-0.1014,0.1846,349.6100,enc,
1786714012.713502,0.0001,-0.0,-0.0,-0.0000,0.0000,4.6573,-0.1014,0.1846,349.6100,enc,
1786714012.733386,0.0199,-0.0,-0.0,-0.0000,0.0000,4.6573,-0.1014,0.1846,349.6100,enc,
1786714012.733581,0.0002,-0.0,-0.0,-0.0000,0.0000,4.6573,-0.1014,0.1846,349.6100,enc,
1786714012.733608,0.0000,-0.0,-0.0,-0.0000,0.0000,4.6573,-0.1014,0.1846,349.6100,enc,
1786714012.733622,0.0000,-0.0,-0.0,-0.0000,0.0000,4.6573,-0.1014,0.1846,349.6100,enc,
1786714012.733631,0.0000,-0.0,-0.0,-0.0000,0.0000,4.6573,-0.1014,0.1846,349.6099,enc,
1786714012.733660,0.0000,-0.0,-0.0,-0.0000,0.0000,4.6573,-0.1014,0.1846,349.6099,enc,
1786714012.733671,0.0000,-0.0,-0.0,-0.0000,0.0000,4.6573,-0.1014,0.1846,349.6099,enc,
1786714012.733682,0.0000,-0.0,-0.0,-0.0000,0.0000,4.6573,-0.1014,0.1846,349.6100,enc,
1786714012.733694,0.0000,-0.0,-0.0,-0.0000,0.0000,4.6573,-0.1014,0.1846,349.6100,enc,
1786714012.733703,0.0000,-0.0,-0.0,-0.0000,0.0000,4.6573,-0.1014,0.1846,349.6100,enc,
1786714012.733714,0.0000,-0.0,-0.0,-0.0000,0.0000,4.6573,-0.1014,0.1846,349.6100,enc,
1786714012.733725,0.0000,-0.0,-0.0,-0.0000,0.0000,4.6573,-0.1014,0.1846,349.6101,enc,
1786714012.733734,0.0000,-0.0,-0.0,-0.0000,0.0000,4.6573,-0.1014,0.1846,349.6101,enc,
1786714012.733743,0.0000,-0.0,-0.0,-0.0000,0.0000,4.6573,-0.1014,0.1846,349.6101,enc,
1786714012.733752,0.0000,-0.0,-0.0,-0.0000,0.0000,4.6573,-0.1014,0.1846,349.6101,enc,
1786714012.733760,0.0000,-0.0,-0.0,-0.0000,0.0000,4.6573,-0.1014,0.1846,349.6101,enc,
1786714012.775829,0.0421,-0.0,-0.0,-0.0000,0.0000,4.6573,-0.1014,0.1846,349.6101,enc,
1786714012.883205,0.1074,-0.0,-0.0,-0.0000,0.0000,4.6573,-0.1014,0.1846,349.6101,enc,
1786714012.978842,0.0956,-0.0,-0.0,-0.0000,0.0000,4.6573,-0.1014,0.1846,349.6100,enc,
1786714013.073684,0.0948,-0.0,-0.0,-0.0000,0.0000,4.6573,-0.1014,0.1846,349.6100,enc,
1786714013.173331,0.0996,-0.0,-0.0,-0.0000,0.0000,4.6573,-0.1014,0.1846,349.6100,enc,
1786714013.280072,0.1067,-0.0,-0.0,-0.0000,0.0000,4.6573,-0.1014,0.1846,349.6100,enc,
1786714013.379648,0.0996,-0.0,-0.0,-0.0000,0.0000,4.6573,-0.1014,0.1846,349.6100,enc,
1786714013.494061,0.1144,-0.0,-0.0,-0.0000,0.0000,4.6573,-0.1014,0.1846,349.6100,enc,
1786714013.579215,0.0852,-0.0,-0.0,-0.0000,0.0000,4.6573,-0.1014,0.1846,349.6100,enc,
1786714013.696676,0.1175,-0.0,-0.0,-0.0000,0.0000,4.6573,-0.1014,0.1846,349.6100,enc,
1786714013.787858,0.0912,-0.0,-0.0,-0.0000,0.0000,4.6573,-0.1014,0.1846,349.6100,enc,
1786714013.901126,0.1133,-0.0,-0.0,-0.0000,0.0000,4.6573,-0.1014,0.1846,349.6100,enc,
1786714013.997979,0.0969,-0.0,-0.0,-0.0000,0.0000,4.6573,-0.1014,0.1846,349.6100,enc,
1786714014.096380,0.0984,-0.0,-0.0,-0.0000,0.0000,4.6573,-0.1014,0.1846,349.6100,enc,
1786714014.205573,0.1092,-0.0,-0.0,-0.0000,0.0000,4.6573,-0.1014,0.1846,349.6100,enc,
1786714014.292382,0.0868,-0.0,-0.0,-0.0000,0.0000,4.6573,-0.1014,0.1846,349.6100,enc,
1786714014.405469,0.1131,-0.0,-0.0,-0.0000,0.0000,4.6573,-0.1014,0.1846,349.6100,enc,
1786714014.492620,0.0872,-0.0,-0.0,-0.0000,0.0000,4.6573,-0.1014,0.1846,349.6100,enc,
