t,dt,left_rpm,right_rpm,v,w,x,y,theta,imu_heading_deg,theta_src,lateral_m_s
1786091507.509511,0.0000,0.0,0.0,0.0000,0.0000,0.0000,0.0000,0.0000,322.9375,enc,0.0000
1786091507.511564,0.0021,0.0,0.0,0.0000,0.0000,0.0000,0.0000,0.0000,322.9375,enc,0.0000
1786091507.565860,0.0543,0.0,0.0,0.0000,0.0000,0.0000,0.0000,0.0000,322.9375,enc,0.0000
1786091507.759116,0.1933,0.0,0.0,0.0000,0.0000,0.0000,0.0000,0.0000,322.9375,enc,0.0000
1786091507.773493,0.0144,0.0,0.0,0.0000,0.0000,0.0000,0.0000,0.0000,322.9375,enc,0.0000
1786091508.007554,0.2341,0.0,0.0,0.0000,0.0000,0.0000,0.0000,0.0000,322.9375,enc,0.0000
1786091508.007612,0.0001,0.0,0.0,0.0000,0.0000,0.0000,0.0000,0.0000,322.9375,enc,0.0000
1786091508.087456,0.0798,0.0,0.0,0.0000,0.0000,0.0000,0.0000,0.0000,322.9375,enc,0.0000
1786091508.257890,0.1704,0.0,0.0,0.0000,0.0000,0.0000,0.0000,0.0000,322.9375,enc,0.0000
1786091508.291616,0.0337,0.0,0.0,0.0000,0.0000,0.0000,0.0000,0.0000,322.9375,enc,0.0000
1786091508.509502,0.2179,0.0,0.0,0.0000,0.0000,0.0000,0.0000,0.0000,322.9375,enc,0.0000
1786091508.509580,0.0001,0.0,0.0,0.0000,0.0000,0.0000,0.0000,0.0000,322.9375,enc,0.0000
1786091508.606678,0.0971,0.0,0.0,0.0000,0.0000,0.0000,0.0000,0.0000,322.9375,enc,0.0000
1786091508.760997,0.1543,0.0,0.0,0.0000,0.0000,0.0000,0.0000,0.0000,322.9375,enc,0.0000
1786091508.809878,0.0489,0.0,0.0,0.0000,0.0000,0.0000,0.0000,0.0000,322.9375,enc,0.0000
1786091509.012634,0.2028,0.0,0.0,0.0000,0.0000,0.0000,0.0000,0.0000,322.9375,enc,0.0000
1786091509.017038,0.0044,0.0,0.0,0.0000,0.0000,0.0000,0.0000,0.0000,322.9375,enc,0.0000
1786091509.263992,0.2470,0.0,0.0,0.0000,0.0000,0.0000,0.0000,0.0000,322.9375,enc,0.0000
1786091509.264053,0.0001,0.0,0.0,0.0000,0.0000,0.0000,0.0000,0.0000,322.9375,enc,0.0000
1786091509.329139,0.0651,0.0,0.0,0.0000,0.0000,0.0000,0.0000,0.0000,322.9375,enc,0.0000
1786091509.520040,0.1909,0.0,0.0,0.0000,0.0000,0.0000,0.0000,0.0000,322.9375,enc,0.0000
1786091509.536554,0.0165,0.0,0.0,0.0000,0.0000,0.0000,0.0000,0.0000,322.9375,enc,0.0000
1786091509.775291,0.2387,0.0,0.0,0.0000,0.0000,0.0000,0.0000,0.0000,322.9375,enc,0.0000
1786091509.775355,0.0001,0.0,0.0,0.0000,0.0000,0.0000,0.0000,0.0000,322.9375,enc,0.0000
1786091509.847344,0.0720,0.0,0.0,0.0000,0.0000,0.0000,0.0000,0.0000,322.9375,enc,0.0000
1786091510.025942,0.1786,0.0,0.0,0.0000,0.0000,0.0000,0.0000,0.0000,322.9375,enc,0.0000
1786091510.055236,0.0293,0.0,0.0,0.0000,0.0000,0.0000,0.0000,0.0000,322.9375,enc,0.0000
1786091510.157867,0.1026,0.0,0.0,0.0000,0.0000,0.0000,0.0000,0.0000,322.9375,enc,0.0000
1786091510.267025,0.1092,0.0,0.0,0.0000,0.0000,0.0000,0.0000,0.0000,322.9375,enc,0.0000
1786091510.365198,0.0982,0.0,0.0,0.0000,0.0000,0.0000,0.0000,0.0000,322.9375,enc,0.0000
1786091510.470589,0.1054,0.0,0.0,0.0000,0.0000,0.0000,0.0000,0.0000,322.9375,enc,0.0000
1786091510.575437,0.1048,0.0,0.0,0.0000,0.0000,0.0000,0.0000,0.0000,322.9375,enc,0.0000
1786091510.677940,0.1025,0.0,0.0,0.0000,0.0000,0.0000,0.0000,0.0000,322.9375,enc,0.0000
1786091510.779902,0.1020,0.0,0.0,0.0000,0.0000,0.0000,0.0000,0.0000,322.9375,enc,0.0000
1786091510.886037,0.1061,0.0,0.0,0.0000,0.0000,0.0000,0.0000,0.0000,322.9375,enc,0.0000
1786091510.989555,0.1035,0.0,0.0,0.0000,0.0000,0.0000,0.0000,0.0000,322.9375,enc,0.0000
1786091511.093868,0.1043,0.0,0.0,0.0000,0.0000,0.0000,0.0000,0.0000,322.9375,enc,0.0000
1786091511.195134,0.1013,0.0,0.0,0.0000,0.0000,0.0000,0.0000,0.0000,322.9375,enc,0.0000
1786091511.303020,0.1079,0.0,0.0,0.0000,0.0000,0.0000,0.0000,0.0000,322.9375,enc,0.0000
1786091511.402563,0.0995,0.0,0.0,0.0000,0.0000,0.0000,0.0000,0.0000,322.9375,enc,0.0000
1786091511.506009,0.1034,1.4805811643600464,1.219569206237793,0.0079,-0.0044,0.0008,0.0002,0.0000,322.9375,imu,0.0018
1786091511.615575,0.1096,7.732030868530273,7.678871154785156,0.0452,-0.0009,0.0058,0.0004,-0.0011,323.0000,imu,0.0017
1786091511.715992,0.1004,17.221588134765625,17.195022583007812,0.1009,-0.0005,0.0159,0.0003,-0.0011,323.0000,imu,-0.0008
1786091511.820594,0.1046,24.120407104492188,24.277984619140625,0.1419,0.0027,0.0307,0.0001,0.0000,322.9375,imu,-0.0017
1786091511.926874,0.1063,25.66887855529785,25.881559371948242,0.1512,0.0036,0.0468,0.0000,0.0033,322.7500,imu,-0.0011
1786091512.028270,0.1014,29.35577964782715,29.728288650512695,0.1732,0.0063,0.0644,0.0000,0.0022,322.8125,imu,-0.0004
1786091512.130336,0.1021,28.83721160888672,29.103328704833984,0.1699,0.0045,0.0817,0.0001,0.0033,322.7500,imu,0.0000
1786091512.232835,0.1025,25.262060165405273,25.315284729003906,0.1483,0.0009,0.0969,0.0002,0.0076,322.5000,imu,0.0000
1786091512.337843,0.1050,27.081865310668945,27.13507843017578,0.1590,0.0009,0.1136,0.0003,0.0022,322.8125,imu,0.0002
1786091512.438763,0.1009,26.441987991333008,24.42088508605957,0.1491,-0.0344,0.1287,0.0004,0.0033,322.7500,imu,0.0006
1786091512.541904,0.1031,24.074790954589844,25.98829460144043,0.1468,0.0325,0.1438,0.0005,0.0022,322.8125,imu,0.0006
1786091512.645036,0.1031,26.420774459838867,26.420774459838867,0.1549,0.0000,0.1598,0.0005,0.0011,322.8750,imu,0.0004
1786091512.749909,0.1049,26.448476791381836,25.359132766723633,0.1519,-0.0185,0.1757,0.0002,0.0033,322.7500,imu,-0.0031
1786091512.850927,0.1010,24.00296401977539,24.917156219482422,0.1434,0.0155,0.1902,0.0013,0.0458,320.3125,imu,0.0036
1786091512.958990,0.1081,26.80207633972168,26.775516510009766,0.1571,-0.0005,0.2071,0.0025,0.0731,318.7500,imu,-0.0001
1786091513.059607,0.1006,26.441614151000977,26.49425506591797,0.1552,0.0009,0.2227,0.0037,0.0731,318.7500,imu,0.0002
1786091513.162568,0.1030,26.49442481994629,26.57324981689453,0.1556,0.0013,0.2386,0.0056,0.1189,316.1250,imu,0.0003
1786091513.273911,0.1113,24.250286102294922,24.329627990722656,0.1424,0.0013,0.2543,0.0074,0.1200,316.0625,imu,-0.0005
1786091513.373953,0.1000,26.408510208129883,26.408510208129883,0.1549,0.0000,0.2697,0.0093,0.1211,316.0000,imu,-0.0004
1786091513.475910,0.1020,26.499948501586914,26.552453994750977,0.1556,0.0009,0.2855,0.0111,0.1200,316.0625,imu,-0.0007
1786091513.583939,0.1080,26.470849990844727,25.436479568481445,0.1522,-0.0176,0.3018,0.0127,0.1233,315.8750,imu,-0.0042
1786091513.685855,0.1019,24.425914764404297,25.300960540771484,0.1458,0.0149,0.3165,0.0153,0.1549,314.0625,imu,0.0038
1786091513.788824,0.1030,26.684429168701172,26.737424850463867,0.1566,0.0009,0.3321,0.0194,0.2498,308.6250,imu,0.0004
1786091513.894853,0.1060,26.6644229888916,26.6644229888916,0.1564,0.0000,0.3481,0.0236,0.2542,308.3750,imu,0.0002
1786091514.000909,0.1061,24.2429141998291,24.26946449279785,0.1422,0.0005,0.3627,0.0273,0.2498,308.6250,imu,0.0005
1786091514.100034,0.0991,26.58075523376465,26.66002655029297,0.1561,0.0013,0.3777,0.0311,0.2498,308.6250,imu,-0.0001
1786091514.202829,0.1028,26.652719497680664,26.599510192871094,0.1561,-0.0009,0.3933,0.0351,0.2487,308.6875,imu,0.0002
1786091514.311972,0.1091,24.080181121826172,24.106517791748047,0.1413,0.0004,0.4082,0.0389,0.2487,308.6875,imu,0.0003
1786091514.407323,0.0954,26.43848419189453,26.412031173706055,0.1550,-0.0004,0.4225,0.0426,0.2509,308.5625,imu,-0.0001
1786091514.511645,0.1043,24.54753875732422,24.54753875732422,0.1440,0.0000,0.4371,0.0464,0.2476,308.7500,imu,0.0009
1786091514.620545,0.1089,17.04119873046875,16.30339813232422,0.0978,-0.0125,0.4474,0.0490,0.2509,308.5625,imu,-0.0006
1786091514.718873,0.0983,6.708112716674805,7.607280254364014,0.0420,0.0153,0.4514,0.0499,0.2509,308.5625,imu,-0.0009
1786091514.822477,0.1036,4.043525218963623,3.8306472301483154,0.0231,-0.0036,0.4537,0.0505,0.2487,308.6875,imu,-0.0002
1786091514.931071,0.1086,9.464244842529297,9.069185256958008,0.0543,-0.0067,0.4595,0.0520,0.2487,308.6875,imu,0.0003
1786091515.032743,0.1017,16.019832611083984,15.861444473266602,0.0935,-0.0027,0.4684,0.0552,0.3512,302.8125,imu,-0.0004
1786091515.137130,0.1044,24.049036026000977,24.102266311645508,0.1412,0.0009,0.4817,0.0615,0.4374,297.8750,imu,0.0006
1786091515.239927,0.1028,27.88897705078125,28.208396911621094,0.1645,0.0054,0.4965,0.0698,0.5160,293.3750,imu,-0.0004
1786091515.344856,0.1049,26.293136596679688,26.452781677246094,0.1547,0.0027,0.5102,0.0784,0.5574,291.0000,imu,-0.0002
1786091515.445493,0.1006,28.6850528717041,28.818063735961914,0.1686,0.0023,0.5246,0.0873,0.5552,291.1250,imu,0.0003
1786091515.552045,0.1066,27.524999618530273,26.593799591064453,0.1587,-0.0158,0.5392,0.0959,0.5574,291.0000,imu,-0.0037
1786091515.654387,0.1023,24.62364387512207,25.683765411376953,0.1475,0.0180,0.5518,0.1043,0.5585,290.9375,imu,0.0039
1786091515.756173,0.1018,26.338851928710938,26.233030319213867,0.1541,-0.0018,0.5651,0.1126,0.5563,291.0625,imu,0.0006
1786091515.859058,0.1029,26.309873580932617,26.257095336914062,0.1541,-0.0009,0.5785,0.1210,0.5574,291.0000,imu,0.0002
1786091515.965172,0.1061,24.913352966308594,23.964710235595703,0.1433,-0.0161,0.5913,0.1293,0.5531,291.2500,imu,0.0035
1786091516.065436,0.1003,25.344402313232422,26.3236141204834,0.1515,0.0166,0.6044,0.1370,0.5552,291.1250,imu,-0.0035
1786091516.169901,0.1045,26.543582916259766,26.438213348388672,0.1554,-0.0018,0.6181,0.1456,0.5574,291.0000,imu,-0.0004
1786091516.276942,0.1070,26.421886444091797,26.395545959472656,0.1549,-0.0004,0.6322,0.1544,0.5531,291.2500,imu,0.0007
1786091516.380340,0.1034,24.393583297729492,24.4733943939209,0.1433,0.0014,0.6448,0.1622,0.5541,291.1875,imu,0.0003
1786091516.481858,0.1015,26.57488441467285,26.601213455200195,0.1559,0.0004,0.6583,0.1705,0.5541,291.1875,imu,-0.0003
1786091516.587855,0.1060,26.30377769470215,26.38250732421875,0.1545,0.0013,0.6722,0.1791,0.5531,291.2500,imu,-0.0003
1786091516.690786,0.1029,25.50577163696289,24.628070831298828,0.1470,-0.0149,0.6849,0.1873,0.5531,291.2500,imu,0.0031
1786091516.793540,0.1028,25.725526809692383,26.656578063964844,0.1536,0.0158,0.6986,0.1953,0.5563,291.0625,imu,-0.0040
1786091516.896903,0.1034,26.624773025512695,26.57162094116211,0.1560,-0.0009,0.7123,0.2037,0.5541,291.1875,imu,-0.0002
1786091517.001956,0.1051,24.37912940979004,24.325923919677734,0.1428,-0.0009,0.7250,0.2117,0.5574,291.0000,imu,0.0002
1786091517.103287,0.1013,26.735885620117188,26.762500762939453,0.1569,0.0005,0.7385,0.2201,0.5552,291.1250,imu,0.0001
1786091517.204868,0.1016,26.753459930419922,26.753459930419922,0.1569,0.0000,0.7520,0.2285,0.5552,291.1250,imu,0.0000
1786091517.312841,0.1080,26.322067260742188,24.240148544311523,0.1483,-0.0354,0.7656,0.2369,0.5585,290.9375,imu,-0.0001
1786091517.413118,0.1003,24.310829162597656,26.349071502685547,0.1485,0.0346,0.7783,0.2448,0.5552,291.1250,imu,0.0001
1786091517.515616,0.1025,26.521007537841797,26.521007537841797,0.1555,0.0000,0.7918,0.2532,0.5563,291.0625,imu,-0.0004
1786091517.621782,0.1062,26.679521560668945,26.626449584960938,0.1563,-0.0009,0.8059,0.2620,0.5574,291.0000,imu,0.0000
1786091517.725971,0.1042,24.173871994018555,24.253698348999023,0.1420,0.0014,0.8185,0.2698,0.5574,291.0000,imu,0.0003
1786091517.827346,0.1014,23.788267135620117,23.946157455444336,0.1400,0.0027,0.8305,0.2773,0.5585,290.9375,imu,0.0000
1786091517.933991,0.1066,16.256061553955078,16.36240005493164,0.0956,0.0018,0.8391,0.2827,0.5596,290.8750,imu,-0.0002
1786091518.037414,0.1034,5.6634111404418945,5.557409286499023,0.0329,-0.0018,0.8420,0.2845,0.5585,290.9375,imu,-0.0002
1786091518.140494,0.1031,0.4538233280181885,0.24313326179981232,0.0020,-0.0036,0.8422,0.2846,0.5581,290.9375,enc,-0.0004
1786091518.243508,0.1030,-0.008087941445410252,-0.08781193196773529,-0.0003,-0.0014,0.8422,0.2846,0.5580,290.9375,enc,-0.0003
1786091518.346528,0.1030,0.0,0.0,0.0000,0.0000,0.8422,0.2846,0.5580,290.9375,enc,0.0000
1786091518.452029,0.1055,0.0,0.0,0.0000,0.0000,0.8422,0.2846,0.5580,290.9375,enc,0.0000
1786091518.553768,0.1017,0.005360370501875877,0.05819830670952797,0.0002,0.0009,0.8423,0.2846,0.5581,285.7500,enc,-0.0002
1786091518.657092,0.1033,0.0,0.0,0.0000,0.0000,0.8423,0.2846,0.5581,277.0000,enc,0.0000
1786091518.761547,0.1045,0.0,0.0,0.0000,0.0000,0.8423,0.2846,0.5581,270.0625,enc,0.0000
1786091518.862426,0.1009,0.0,0.0,0.0000,0.0000,0.8423,0.2846,0.5581,264.5000,enc,0.0000
1786091518.970929,0.1085,0.0,0.0,0.0000,0.0000,0.8423,0.2846,0.5581,259.8125,enc,0.0000
1786091519.069868,0.0989,0.0,0.0,0.0000,0.0000,0.8423,0.2846,0.5581,256.0625,enc,0.0000
1786091519.172972,0.1031,0.0,0.0,0.0000,0.0000,0.8423,0.2846,0.5581,253.0000,enc,0.0000
1786091519.282864,0.1099,0.0,0.0,0.0000,0.0000,0.8423,0.2846,0.5581,250.5000,enc,0.0000
1786091519.383682,0.1008,0.0,0.0,0.0000,0.0000,0.8423,0.2846,0.5581,248.6250,enc,0.0000
1786091519.484580,0.1009,0.0,0.0,0.0000,0.0000,0.8423,0.2846,0.5581,247.0000,enc,0.0000
1786091519.593030,0.1085,0.0,0.0,0.0000,0.0000,0.8423,0.2846,0.5581,245.6875,enc,0.0000
1786091519.694823,0.1018,0.0,0.0,0.0000,0.0000,0.8423,0.2846,0.5581,244.5625,enc,0.0000
1786091519.798222,0.1034,0.0,0.0,0.0000,0.0000,0.8423,0.2846,0.5581,243.6875,enc,0.0000
1786091519.902846,0.1046,0.0,0.0,0.0000,0.0000,0.8423,0.2846,0.5581,243.0625,enc,0.0000
1786091520.005419,0.1026,0.0,0.0,0.0000,0.0000,0.8423,0.2846,0.5581,242.4375,enc,0.0000
1786091520.109077,0.1037,0.0,0.0,0.0000,0.0000,0.8423,0.2846,0.5581,241.8750,enc,0.0000
1786091520.264077,0.1550,0.0,0.0,0.0000,0.0000,0.8423,0.2846,0.5581,241.6875,enc,0.0000
1786091520.318455,0.0544,0.0,0.0,0.0000,0.0000,0.8423,0.2846,0.5581,241.5625,enc,0.0000
1786091520.507534,0.1891,0.0,0.0,0.0000,0.0000,0.8423,0.2846,0.5581,241.3750,enc,0.0000
1786091520.523505,0.0160,0.0,0.0,0.0000,0.0000,0.8423,0.2846,0.5581,241.1875,enc,0.0000
1786091520.756961,0.2335,0.0,0.0,0.0000,0.0000,0.8423,0.2846,0.5581,241.0625,enc,0.0000
1786091520.757010,0.0000,0.0,0.0,0.0000,0.0000,0.8423,0.2846,0.5581,240.9375,enc,0.0000
1786091520.832064,0.0751,0.0,0.0,0.0000,0.0000,0.8423,0.2846,0.5581,240.8750,enc,0.0000
1786091520.996629,0.1646,0.0,0.0,0.0000,0.0000,0.8423,0.2846,0.5581,240.8750,enc,0.0000
1786091521.041215,0.0446,0.0,0.0,0.0000,0.0000,0.8423,0.2846,0.5581,240.8750,enc,0.0000
1786091521.241608,0.2004,0.0,0.0,0.0000,0.0000,0.8423,0.2846,0.5581,240.8750,enc,0.0000
1786091521.247217,0.0056,0.0,0.0,0.0000,0.0000,0.8423,0.2846,0.5581,240.8750,enc,0.0000
1786091521.495413,0.2482,0.0,0.0,0.0000,0.0000,0.8423,0.2846,0.5581,240.8750,enc,0.0000
1786091521.496420,0.0010,0.0,0.0,0.0000,0.0000,0.8423,0.2846,0.5581,240.8750,enc,0.0000
1786091521.559308,0.0629,0.0,0.0,0.0000,0.0000,0.8423,0.2846,0.5581,240.8750,enc,0.0000
1786091521.750084,0.1908,0.0,0.0,0.0000,0.0000,0.8423,0.2846,0.5581,240.8750,enc,0.0000
1786091521.765531,0.0154,0.0,0.0,0.0000,0.0000,0.8423,0.2846,0.5581,240.8750,enc,0.0000
1786091522.003081,0.2376,0.0,0.0,0.0000,0.0000,0.8423,0.2846,0.5581,240.8750,enc,0.0000
1786091522.003129,0.0000,0.0,0.0,0.0000,0.0000,0.8423,0.2846,0.5581,240.8750,enc,0.0000
1786091522.086443,0.0833,0.0,0.0,0.0000,0.0000,0.8423,0.2846,0.5581,240.8750,enc,0.0000
1786091522.251564,0.1651,0.0,0.0,0.0000,0.0000,0.8423,0.2846,0.5581,240.8750,enc,0.0000
1786091522.283005,0.0314,0.0,0.0,0.0000,0.0000,0.8423,0.2846,0.5581,240.8750,enc,0.0000
1786091522.500850,0.2178,0.0,0.0,0.0000,0.0000,0.8423,0.2846,0.5581,240.8750,enc,0.0000
1786091522.500898,0.0000,0.0,0.0,0.0000,0.0000,0.8423,0.2846,0.5581,240.8750,enc,0.0000
1786091522.598844,0.0979,0.0,0.0,0.0000,0.0000,0.8423,0.2846,0.5581,240.8750,enc,0.0000
1786091522.748492,0.1496,0.0,0.0,0.0000,0.0000,0.8423,0.2846,0.5581,240.8750,enc,0.0000
1786091522.805461,0.0570,0.0,0.0,0.0000,0.0000,0.8423,0.2846,0.5581,240.8750,enc,0.0000
1786091523.002247,0.1968,0.0,0.0,0.0000,0.0000,0.8423,0.2846,0.5581,240.8750,enc,0.0000
1786091523.010711,0.0085,0.0,0.0,0.0000,0.0000,0.8423,0.2846,0.5581,240.8750,enc,0.0000
1786091523.254007,0.2433,0.0,0.0,0.0000,0.0000,0.8423,0.2846,0.5581,240.8750,enc,0.0000
1786091523.254099,0.0001,0.0,0.0,0.0000,0.0000,0.8423,0.2846,0.5581,240.8750,enc,0.0000
1786091523.328828,0.0747,0.0,0.0,0.0000,0.0000,0.8423,0.2846,0.5581,240.8750,enc,0.0000
1786091523.504402,0.1756,0.0,0.0,0.0000,0.0000,0.8423,0.2846,0.5581,240.8750,enc,0.0000
1786091523.532681,0.0283,0.0,0.0,0.0000,0.0000,0.8423,0.2846,0.5581,240.8750,enc,0.0000
1786091523.755569,0.2229,0.0,0.0,0.0000,0.0000,0.8423,0.2846,0.5581,240.8750,enc,0.0000
1786091523.756027,0.0005,0.0,0.0,0.0000,0.0000,0.8423,0.2846,0.5581,240.8750,enc,0.0000
1786091523.844783,0.0888,0.0,0.0,0.0000,0.0000,0.8423,0.2846,0.5581,240.8750,enc,0.0000
1786091524.007252,0.1625,0.0,0.0,0.0000,0.0000,0.8423,0.2846,0.5581,240.8750,enc,0.0000
1786091524.054787,0.0475,0.0,0.0,0.0000,0.0000,0.8423,0.2846,0.5581,240.8750,enc,0.0000
1786091524.265982,0.2112,0.0,0.0,0.0000,0.0000,0.8423,0.2846,0.5581,240.8750,enc,0.0000
1786091524.267574,0.0016,0.0,0.0,0.0000,0.0000,0.8423,0.2846,0.5581,240.8750,enc,0.0000
1786091524.513131,0.2456,0.0,0.0,0.0000,0.0000,0.8423,0.2846,0.5581,240.8750,enc,0.0000
1786091524.513196,0.0001,0.0,0.0,0.0000,0.0000,0.8423,0.2846,0.5581,240.8750,enc,0.0000
1786091524.574731,0.0615,0.0,0.0,0.0000,0.0000,0.8423,0.2846,0.5581,240.8750,enc,0.0000
1786091524.770773,0.1960,0.0,0.0,0.0000,0.0000,0.8423,0.2846,0.5581,240.8750,enc,0.0000
1786091524.782414,0.0116,0.0,0.0,0.0000,0.0000,0.8423,0.2846,0.5581,240.8750,enc,0.0000
1786091525.024479,0.2421,0.0,0.0,0.0000,0.0000,0.8423,0.2846,0.5581,240.8750,enc,0.0000
1786091525.024621,0.0001,0.0,0.0,0.0000,0.0000,0.8423,0.2846,0.5581,240.8750,enc,0.0000
1786091525.094234,0.0696,0.0,0.0,0.0000,0.0000,0.8423,0.2846,0.5581,240.8750,enc,0.0000
1786091525.200101,0.1059,0.0,0.0,0.0000,0.0000,0.8423,0.2846,0.5581,240.8750,enc,0.0000
1786091525.307200,0.1071,0.0,0.0,0.0000,0.0000,0.8423,0.2846,0.5581,240.8750,enc,0.0000
1786091525.408885,0.1017,0.0,0.0,0.0000,0.0000,0.8423,0.2846,0.5581,240.8750,enc,0.0000
1786091525.513236,0.1044,0.0,0.0,0.0000,0.0000,0.8423,0.2846,0.5581,240.8750,enc,0.0000
1786091525.616418,0.1032,0.0,0.0,0.0000,0.0000,0.8423,0.2846,0.5581,240.8750,enc,0.0000
1786091525.722049,0.1056,0.0,0.0,0.0000,0.0000,0.8423,0.2846,0.5581,240.8750,enc,0.0000
1786091525.824064,0.1020,0.0,0.0,0.0000,0.0000,0.8423,0.2846,0.5581,240.8750,enc,0.0000
1786091525.924073,0.1000,0.0,0.0,0.0000,0.0000,0.8423,0.2846,0.5581,240.8750,enc,0.0000
1786091526.031037,0.1070,0.0,0.0,0.0000,0.0000,0.8423,0.2846,0.5581,240.8750,enc,0.0000
1786091526.132664,0.1016,0.0,0.0,0.0000,0.0000,0.8423,0.2846,0.5581,240.8750,enc,0.0000
1786091526.235165,0.1025,0.0,0.0,0.0000,0.0000,0.8423,0.2846,0.5581,240.8750,enc,0.0000
1786091526.341673,0.1065,0.0,0.0,0.0000,0.0000,0.8423,0.2846,0.5581,240.8750,enc,0.0000
1786091526.443578,0.1019,0.0,0.0,0.0000,0.0000,0.8423,0.2846,0.5581,240.8750,enc,0.0000
1786091526.549176,0.1056,0.0,0.0,0.0000,0.0000,0.8423,0.2846,0.5581,240.8750,enc,0.0000
1786091526.654929,0.1058,0.0,0.0,0.0000,0.0000,0.8423,0.2846,0.5581,240.8750,enc,0.0000
1786091526.756808,0.1019,0.0,0.0,0.0000,0.0000,0.8423,0.2846,0.5581,240.8750,enc,0.0000
1786091526.860704,0.1039,0.0,0.0,0.0000,0.0000,0.8423,0.2846,0.5581,240.8750,enc,0.0000
1786091526.966041,0.1053,0.0,0.0,0.0000,0.0000,0.8423,0.2846,0.5581,240.8750,enc,0.0000
1786091527.068395,0.1024,0.0,0.0,0.0000,0.0000,0.8423,0.2846,0.5581,240.8750,enc,0.0000
1786091527.171874,0.1035,0.0,0.0,0.0000,0.0000,0.8423,0.2846,0.5581,240.8750,enc,0.0000
1786091527.271856,0.1000,0.0,0.0,0.0000,0.0000,0.8423,0.2846,0.5581,240.8750,enc,0.0000
1786091527.381075,0.1092,0.0,0.0,0.0000,0.0000,0.8423,0.2846,0.5581,240.8750,enc,0.0000
1786091527.478661,0.0976,0.0,0.0,0.0000,0.0000,0.8423,0.2846,0.5581,240.8750,enc,0.0000
1786091527.583323,0.1047,0.0,0.0,0.0000,0.0000,0.8423,0.2846,0.5581,240.8750,enc,0.0000
1786091527.687510,0.1042,0.0,0.0,0.0000,0.0000,0.8423,0.2846,0.5581,240.8750,enc,0.0000
1786091527.794447,0.1069,0.0,0.0,0.0000,0.0000,0.8423,0.2846,0.5581,240.8750,enc,0.0000
1786091527.898591,0.1041,0.0,0.0,0.0000,0.0000,0.8423,0.2846,0.5581,240.8750,enc,0.0000
1786091528.003270,0.1047,0.0,0.0,0.0000,0.0000,0.8423,0.2846,0.5581,240.8750,enc,0.0000
1786091528.104083,0.1008,0.0,0.0,0.0000,0.0000,0.8423,0.2846,0.5581,240.8750,enc,0.0000
1786091528.208467,0.1044,0.0,0.0,0.0000,0.0000,0.8423,0.2846,0.5581,240.8750,enc,0.0000
1786091528.313059,0.1046,0.0,0.0,0.0000,0.0000,0.8423,0.2846,0.5581,240.8750,enc,0.0000
1786091528.414179,0.1011,0.0,0.0,0.0000,0.0000,0.8423,0.2846,0.5581,240.8750,enc,0.0000
1786091528.519020,0.1048,0.0,0.0,0.0000,0.0000,0.8423,0.2846,0.5581,240.8750,enc,0.0000
1786091528.626287,0.1073,0.0,0.0,0.0000,0.0000,0.8423,0.2846,0.5581,240.8750,enc,0.0000
1786091528.727997,0.1017,0.0,0.0,0.0000,0.0000,0.8423,0.2846,0.5581,240.8750,enc,0.0000
1786091528.832874,0.1049,0.0,0.0,0.0000,0.0000,0.8423,0.2846,0.5581,240.8750,enc,0.0000
1786091528.932190,0.0993,0.0,0.0,0.0000,0.0000,0.8423,0.2846,0.5581,240.8750,enc,0.0000
1786091529.042044,0.1099,0.0,0.0,0.0000,0.0000,0.8423,0.2846,0.5581,240.8750,enc,0.0000
1786091529.141352,0.0993,0.0,0.0,0.0000,0.0000,0.8423,0.2846,0.5581,240.8750,enc,0.0000
1786091529.243854,0.1025,0.0,0.0,0.0000,0.0000,0.8423,0.2846,0.5581,240.8750,enc,0.0000
1786091529.352982,0.1091,0.0,0.0,0.0000,0.0000,0.8423,0.2846,0.5581,240.8750,enc,0.0000
1786091529.454383,0.1014,0.0,0.0,0.0000,0.0000,0.8423,0.2846,0.5581,240.8750,enc,0.0000
1786091529.558195,0.1038,0.0,0.0,0.0000,0.0000,0.8423,0.2846,0.5581,240.8750,enc,0.0000
1786091529.666027,0.1078,0.0,0.0,0.0000,0.0000,0.8423,0.2846,0.5581,240.8750,enc,0.0000
1786091529.768839,0.1028,0.0,0.0,0.0000,0.0000,0.8423,0.2846,0.5581,240.8750,enc,0.0000
1786091529.871485,0.1026,0.0,0.0,0.0000,0.0000,0.8423,0.2846,0.5581,240.8750,enc,0.0000
1786091529.973565,0.1021,0.0,0.0,0.0000,0.0000,0.8423,0.2846,0.5581,240.8750,enc,0.0000
1786091530.079078,0.1055,0.0,0.0,0.0000,0.0000,0.8423,0.2846,0.5581,240.8750,enc,0.0000
1786091530.177992,0.0989,0.0,0.0,0.0000,0.0000,0.8423,0.2846,0.5581,240.8750,enc,0.0000
1786091530.280738,0.1027,0.0,0.0,0.0000,0.0000,0.8423,0.2846,0.5581,240.8750,enc,0.0000
1786091530.390022,0.1093,0.0,0.0,0.0000,0.0000,0.8423,0.2846,0.5581,240.8750,enc,0.0000
1786091530.488229,0.0982,0.0,0.0,0.0000,0.0000,0.8423,0.2846,0.5581,240.8750,enc,0.0000
1786091530.591972,0.1037,0.0,0.0,0.0000,0.0000,0.8423,0.2846,0.5581,240.8750,enc,0.0000
1786091530.700461,0.1085,0.0,0.0,0.0000,0.0000,0.8423,0.2846,0.5581,240.8750,enc,0.0000
1786091530.803540,0.1031,0.0,0.0,0.0000,0.0000,0.8423,0.2846,0.5581,240.8750,enc,0.0000
1786091530.910810,0.1073,0.0,0.0,0.0000,0.0000,0.8423,0.2846,0.5581,240.8750,enc,0.0000
1786091531.017908,0.1071,0.0,0.0,0.0000,0.0000,0.8423,0.2846,0.5581,240.8750,enc,0.0000
1786091531.116022,0.0981,0.0,0.0,0.0000,0.0000,0.8423,0.2846,0.5581,240.8750,enc,0.0000
1786091531.217698,0.1017,0.0,0.0,0.0000,0.0000,0.8423,0.2846,0.5581,240.8750,enc,0.0000
1786091531.321890,0.1042,0.0,0.0,0.0000,0.0000,0.8423,0.2846,0.5581,240.8750,enc,0.0000
1786091531.425982,0.1041,0.0,0.0,0.0000,0.0000,0.8423,0.2846,0.5581,240.8750,enc,0.0000
1786091531.528949,0.1030,0.0,0.0,0.0000,0.0000,0.8423,0.2846,0.5581,240.8750,enc,0.0000
1786091531.629790,0.1008,0.0,0.0,0.0000,0.0000,0.8423,0.2846,0.5581,240.8750,enc,0.0000
1786091531.737912,0.1081,0.0,0.0,0.0000,0.0000,0.8423,0.2846,0.5581,240.8750,enc,0.0000
1786091531.836107,0.0982,0.0,0.0,0.0000,0.0000,0.8423,0.2846,0.5581,240.8750,enc,0.0000
1786091531.939841,0.1037,0.0,0.0,0.0000,0.0000,0.8423,0.2846,0.5581,240.8750,enc,0.0000
1786091532.048018,0.1082,0.0,0.0,0.0000,0.0000,0.8423,0.2846,0.5581,240.8750,enc,0.0000
1786091532.147062,0.0990,0.0,0.0,0.0000,0.0000,0.8423,0.2846,0.5581,240.8750,enc,0.0000
1786091532.251380,0.1043,0.0,0.0,0.0000,0.0000,0.8423,0.2846,0.5581,240.8750,enc,0.0000
1786091532.364918,0.1135,0.0,0.0,0.0000,0.0000,0.8423,0.2846,0.5581,240.8750,enc,0.0000
1786091532.468090,0.1032,0.0,0.0,0.0000,0.0000,0.8423,0.2846,0.5581,240.8750,enc,0.0000
1786091532.565741,0.0977,0.0,0.0,0.0000,0.0000,0.8423,0.2846,0.5581,240.8750,enc,0.0000
1786091532.667486,0.1017,0.0,0.0,0.0000,0.0000,0.8423,0.2846,0.5581,240.8750,enc,0.0000
1786091532.772219,0.1047,0.0,0.0,0.0000,0.0000,0.8423,0.2846,0.5581,240.8750,enc,0.0000
1786091533.018970,0.2468,0.0,0.0,0.0000,0.0000,0.8423,0.2846,0.5581,240.8750,enc,0.0000
1786091533.019015,0.0000,0.0,0.0,0.0000,0.0000,0.8423,0.2846,0.5581,240.8750,enc,0.0000
1786091533.083775,0.0648,0.0,0.0,0.0000,0.0000,0.8423,0.2846,0.5581,240.8750,enc,0.0000
1786091533.184184,0.1004,0.0,0.0,0.0000,0.0000,0.8423,0.2846,0.5581,240.8750,enc,0.0000
1786091533.287202,0.1030,0.0,0.0,0.0000,0.0000,0.8423,0.2846,0.5581,240.8750,enc,0.0000
1786091533.404969,0.1178,0.0,0.0,0.0000,0.0000,0.8423,0.2846,0.5581,240.8750,enc,0.0000
1786091533.503281,0.0983,0.0,0.0,0.0000,0.0000,0.8423,0.2846,0.5581,240.8750,enc,0.0000
1786091533.609306,0.1060,0.0,0.0,0.0000,0.0000,0.8423,0.2846,0.5581,240.8750,enc,0.0000
1786091533.704928,0.0956,0.0,0.0,0.0000,0.0000,0.8423,0.2846,0.5581,240.8750,enc,0.0000
1786091533.813691,0.1088,0.0,0.0,0.0000,0.0000,0.8423,0.2846,0.5581,240.8750,enc,0.0000
1786091533.914151,0.1005,0.0,0.0,0.0000,0.0000,0.8423,0.2846,0.5581,240.8750,enc,0.0000
1786091534.019982,0.1058,0.0,0.0,0.0000,0.0000,0.8423,0.2846,0.5581,240.8750,enc,0.0000
1786091534.120787,0.1008,0.0,0.0,0.0000,0.0000,0.8423,0.2846,0.5581,240.8750,enc,0.0000
1786091534.223526,0.1027,0.0,0.0,0.0000,0.0000,0.8423,0.2846,0.5581,240.8750,enc,0.0000
1786091534.328880,0.1054,0.0,0.0,0.0000,0.0000,0.8423,0.2846,0.5581,240.8750,enc,0.0000
1786091534.432839,0.1040,0.0,0.0,0.0000,0.0000,0.8423,0.2846,0.5581,240.8750,enc,0.0000
1786091534.533907,0.1011,0.0,0.0,0.0000,0.0000,0.8423,0.2846,0.5581,240.8750,enc,0.0000
1786091534.636096,0.1022,0.0,0.0,0.0000,0.0000,0.8423,0.2846,0.5581,240.8750,enc,0.0000
1786091534.742565,0.1065,0.0,0.0,0.0000,0.0000,0.8423,0.2846,0.5581,240.8750,enc,0.0000
1786091534.843504,0.1009,0.0,0.0,0.0000,0.0000,0.8423,0.2846,0.5581,240.8750,enc,0.0000
1786091534.945543,0.1020,0.0,0.0,0.0000,0.0000,0.8423,0.2846,0.5581,240.8750,enc,0.0000
1786091535.052657,0.1071,0.0,0.0,0.0000,0.0000,0.8423,0.2846,0.5581,240.8750,enc,0.0000
1786091535.263577,0.2109,0.0,0.0,0.0000,0.0000,0.8423,0.2846,0.5581,240.8750,enc,0.0000
1786091535.263653,0.0001,0.0,0.0,0.0000,0.0000,0.8423,0.2846,0.5581,240.8750,enc,0.0000
1786091535.509169,0.2455,0.0,0.0,0.0000,0.0000,0.8423,0.2846,0.5581,240.8750,enc,0.0000
1786091535.509246,0.0001,0.0,0.0,0.0000,0.0000,0.8423,0.2846,0.5581,240.8750,enc,0.0000
1786091535.575608,0.0664,0.0,0.0,0.0000,0.0000,0.8423,0.2846,0.5581,240.8750,enc,0.0000
1786091535.752476,0.1769,0.0,0.0,0.0000,0.0000,0.8423,0.2846,0.5581,240.8750,enc,0.0000
1786091535.780514,0.0280,0.0,0.0,0.0000,0.0000,0.8423,0.2846,0.5581,240.8750,enc,0.0000
1786091536.006097,0.2256,0.0,0.0,0.0000,0.0000,0.8423,0.2846,0.5581,240.8750,enc,0.0000
1786091536.006158,0.0001,0.0,0.0,0.0000,0.0000,0.8423,0.2846,0.5581,240.8750,enc,0.0000
1786091536.092104,0.0859,0.0,0.0,0.0000,0.0000,0.8423,0.2846,0.5581,240.8750,enc,0.0000
1786091536.251448,0.1593,0.0,0.0,0.0000,0.0000,0.8423,0.2846,0.5581,240.8750,enc,0.0000
1786091536.296939,0.0455,0.0,0.0,0.0000,0.0000,0.8423,0.2846,0.5581,240.8750,enc,0.0000
1786091536.506653,0.2097,0.0,0.0,0.0000,0.0000,0.8423,0.2846,0.5581,240.8750,enc,0.0000
1786091536.509585,0.0029,0.0,0.0,0.0000,0.0000,0.8423,0.2846,0.5581,240.8750,enc,0.0000
1786091536.607048,0.0975,0.0,0.0,0.0000,0.0000,0.8423,0.2846,0.5581,240.8750,enc,0.0000
1786091536.760228,0.1532,0.0,0.0,0.0000,0.0000,0.8423,0.2846,0.5581,240.8750,enc,0.0000
1786091536.815066,0.0548,0.0,0.0,0.0000,0.0000,0.8423,0.2846,0.5581,240.8750,enc,0.0000
1786091537.009749,0.1947,0.0,0.0,0.0000,0.0000,0.8423,0.2846,0.5581,240.8750,enc,0.0000
1786091537.037596,0.0278,0.0,0.0,0.0000,0.0000,0.8423,0.2846,0.5581,240.8750,enc,0.0000
1786091537.260514,0.2229,0.0,0.0,0.0000,0.0000,0.8423,0.2846,0.5581,240.8750,enc,0.0000
1786091537.260663,0.0001,0.0,0.0,0.0000,0.0000,0.8423,0.2846,0.5581,240.8750,enc,0.0000
1786091537.337602,0.0769,0.0,0.0,0.0000,0.0000,0.8423,0.2846,0.5581,240.8750,enc,0.0000
1786091537.508865,0.1713,0.0,0.0,0.0000,0.0000,0.8423,0.2846,0.5581,240.8750,enc,0.0000
1786091537.540784,0.0319,0.0,0.0,0.0000,0.0000,0.8423,0.2846,0.5581,240.8750,enc,0.0000
1786091537.758431,0.2176,0.0,0.0,0.0000,0.0000,0.8423,0.2846,0.5581,240.8750,enc,0.0000
1786091537.758481,0.0000,0.0,0.0,0.0000,0.0000,0.8423,0.2846,0.5581,240.8750,enc,0.0000
1786091537.855785,0.0973,0.0,0.0,0.0000,0.0000,0.8423,0.2846,0.5581,240.8750,enc,0.0000
1786091538.007873,0.1521,0.0,0.0,0.0000,0.0000,0.8423,0.2846,0.5581,240.8750,enc,0.0000
1786091538.062564,0.0547,0.0,0.0,0.0000,0.0000,0.8423,0.2846,0.5581,240.8750,enc,0.0000
1786091538.257040,0.1945,0.0,0.0,0.0000,0.0000,0.8423,0.2846,0.5581,240.8750,enc,0.0000
1786091538.268741,0.0117,0.0,0.0,0.0000,0.0000,0.8423,0.2846,0.5581,240.8750,enc,0.0000
1786091538.509395,0.2407,0.0,0.0,0.0000,0.0000,0.8423,0.2846,0.5581,240.8750,enc,0.0000
1786091538.509440,0.0000,0.0,0.0,0.0000,0.0000,0.8423,0.2846,0.5581,240.8750,enc,0.0000
1786091538.583212,0.0738,0.0,0.0,0.0000,0.0000,0.8423,0.2846,0.5581,240.8750,enc,0.0000
1786091538.759895,0.1767,0.0,0.0,0.0000,0.0000,0.8423,0.2846,0.5581,240.8750,enc,0.0000
1786091538.795013,0.0351,0.0,0.0,0.0000,0.0000,0.8423,0.2846,0.5581,240.8750,enc,0.0000
1786091539.011420,0.2164,0.0,0.0,0.0000,0.0000,0.8423,0.2846,0.5581,240.8750,enc,0.0000
1786091539.011688,0.0003,0.0,0.0,0.0000,0.0000,0.8423,0.2846,0.5581,240.8750,enc,0.0000
1786091539.101912,0.0902,0.0,0.0,0.0000,0.0000,0.8423,0.2846,0.5581,240.8750,enc,0.0000
1786091539.264170,0.1623,0.0,0.0,0.0000,0.0000,0.8423,0.2846,0.5581,240.8750,enc,0.0000
1786091539.307386,0.0432,0.0,0.0,0.0000,0.0000,0.8423,0.2846,0.5581,240.8750,enc,0.0000
1786091539.520710,0.2133,0.0,0.0,0.0000,0.0000,0.8423,0.2846,0.5581,240.8750,enc,0.0000
1786091539.520777,0.0001,0.0,0.0,0.0000,0.0000,0.8423,0.2846,0.5581,240.8750,enc,0.0000
1786091539.614719,0.0939,0.0,0.0,0.0000,0.0000,0.8423,0.2846,0.5581,240.8750,enc,0.0000
1786091539.775994,0.1613,0.0,0.0,0.0000,0.0000,0.8423,0.2846,0.5581,240.8750,enc,0.0000
1786091539.825248,0.0493,0.0,0.0,0.0000,0.0000,0.8423,0.2846,0.5581,240.8750,enc,0.0000
1786091540.030978,0.2057,0.0,0.0,0.0000,0.0000,0.8423,0.2846,0.5581,240.8750,enc,0.0000
1786091540.034044,0.0031,0.0,0.0,0.0000,0.0000,0.8423,0.2846,0.5581,240.8750,enc,0.0000
1786091540.136559,0.1025,0.0,0.0,0.0000,0.0000,0.8423,0.2846,0.5581,240.8750,enc,0.0000
1786091540.240205,0.1036,0.0,0.0,0.0000,0.0000,0.8423,0.2846,0.5581,240.8750,enc,0.0000
1786091540.342952,0.1027,0.0,0.0,0.0000,0.0000,0.8423,0.2846,0.5581,240.8750,enc,0.0000
1786091540.446877,0.1039,0.0,0.0,0.0000,0.0000,0.8423,0.2846,0.5581,240.8750,enc,0.0000
1786091540.550691,0.1038,0.0,0.0,0.0000,0.0000,0.8423,0.2846,0.5581,240.8750,enc,0.0000
1786091540.650882,0.1002,0.0,0.0,0.0000,0.0000,0.8423,0.2846,0.5581,240.8750,enc,0.0000
1786091540.760013,0.1091,0.0,0.0,0.0000,0.0000,0.8423,0.2846,0.5581,240.8750,enc,0.0000
1786091540.859074,0.0991,0.0,0.0,0.0000,0.0000,0.8423,0.2846,0.5581,240.8750,enc,0.0000
1786091540.962483,0.1034,0.0,0.0,0.0000,0.0000,0.8423,0.2846,0.5581,240.8750,enc,0.0000
1786091541.070640,0.1082,0.0,0.0,0.0000,0.0000,0.8423,0.2846,0.5581,240.8750,enc,0.0000
1786091541.172481,0.1018,0.0,0.0,0.0000,0.0000,0.8423,0.2846,0.5581,240.8750,enc,0.0000
1786091541.273286,0.1008,0.0,0.0,0.0000,0.0000,0.8423,0.2846,0.5581,240.8750,enc,0.0000
1786091541.380419,0.1071,0.0,0.0,0.0000,0.0000,0.8423,0.2846,0.5581,240.8750,enc,0.0000
1786091541.484277,0.1039,0.0,0.0,0.0000,0.0000,0.8423,0.2846,0.5581,240.8750,enc,0.0000
1786091541.587919,0.1036,0.0,0.0,0.0000,0.0000,0.8423,0.2846,0.5581,240.8750,enc,0.0000
1786091541.692597,0.1047,0.0,0.0,0.0000,0.0000,0.8423,0.2846,0.5581,240.8750,enc,0.0000
1786091541.797934,0.1053,0.0,0.0,0.0000,0.0000,0.8423,0.2846,0.5581,240.8750,enc,0.0000
1786091541.900063,0.1021,0.0,0.0,0.0000,0.0000,0.8423,0.2846,0.5581,240.8750,enc,0.0000
1786091542.000178,0.1001,0.0,0.0,0.0000,0.0000,0.8423,0.2846,0.5581,240.8750,enc,0.0000
1786091542.111575,0.1114,0.0,0.0,0.0000,0.0000,0.8423,0.2846,0.5581,240.8750,enc,0.0000
1786091542.211745,0.1002,0.0,0.0,0.0000,0.0000,0.8423,0.2846,0.5581,240.8750,enc,0.0000
1786091542.310375,0.0986,0.0,0.0,0.0000,0.0000,0.8423,0.2846,0.5581,240.8750,enc,0.0000
1786091542.418493,0.1081,0.0,0.0,0.0000,0.0000,0.8423,0.2846,0.5581,240.8750,enc,0.0000
1786091542.517753,0.0993,0.0,0.0,0.0000,0.0000,0.8423,0.2846,0.5581,240.8750,enc,0.0000
1786091542.620554,0.1028,0.0,0.0,0.0000,0.0000,0.8423,0.2846,0.5581,240.8750,enc,0.0000
1786091542.727623,0.1071,0.0,0.0,0.0000,0.0000,0.8423,0.2846,0.5581,240.8750,enc,0.0000
1786091542.830777,0.1032,0.0,0.0,0.0000,0.0000,0.8423,0.2846,0.5581,240.8750,enc,0.0000
1786091542.934934,0.1042,0.0,0.0,0.0000,0.0000,0.8423,0.2846,0.5581,240.8750,enc,0.0000
1786091543.041031,0.1061,0.0,0.0,0.0000,0.0000,0.8423,0.2846,0.5581,240.8750,enc,0.0000
1786091543.142511,0.1015,0.0,0.0,0.0000,0.0000,0.8423,0.2846,0.5581,240.8750,enc,0.0000
1786091543.247996,0.1055,0.0,0.0,0.0000,0.0000,0.8423,0.2846,0.5581,240.8750,enc,0.0000
1786091543.348844,0.1008,0.0,0.0,0.0000,0.0000,0.8423,0.2846,0.5581,240.8750,enc,0.0000
1786091543.459514,0.1107,0.0,0.0,0.0000,0.0000,0.8423,0.2846,0.5581,240.8750,enc,0.0000
1786091543.562834,0.1033,0.0,0.0,0.0000,0.0000,0.8423,0.2846,0.5581,240.8750,enc,0.0000
1786091543.664365,0.1015,0.0,0.0,0.0000,0.0000,0.8423,0.2846,0.5581,240.8750,enc,0.0000
1786091543.770972,0.1066,0.0,0.0,0.0000,0.0000,0.8423,0.2846,0.5581,240.8750,enc,0.0000
1786091543.873022,0.1021,0.0,0.0,0.0000,0.0000,0.8423,0.2846,0.5581,240.8750,enc,0.0000
1786091543.972882,0.0999,0.0,0.0,0.0000,0.0000,0.8423,0.2846,0.5581,240.8750,enc,0.0000
1786091544.081956,0.1091,0.0,0.0,0.0000,0.0000,0.8423,0.2846,0.5581,240.8750,enc,0.0000
1786091544.183009,0.1011,0.0,0.0,0.0000,0.0000,0.8423,0.2846,0.5581,240.8750,enc,0.0000
1786091544.286579,0.1036,0.0,0.0,0.0000,0.0000,0.8423,0.2846,0.5581,240.8750,enc,0.0000
1786091544.391196,0.1046,0.0,0.0,0.0000,0.0000,0.8423,0.2846,0.5581,240.8750,enc,0.0000
1786091544.494493,0.1033,0.0,0.0,0.0000,0.0000,0.8423,0.2846,0.5581,240.8750,enc,0.0000
1786091544.597741,0.1032,0.0,0.0,0.0000,0.0000,0.8423,0.2846,0.5581,240.8750,enc,0.0000
1786091544.701662,0.1039,0.0,0.0,0.0000,0.0000,0.8423,0.2846,0.5581,240.8750,enc,0.0000
1786091544.805026,0.1034,0.0,0.0,0.0000,0.0000,0.8423,0.2846,0.5581,240.8750,enc,0.0000
1786091544.907883,0.1029,0.0,0.0,0.0000,0.0000,0.8423,0.2846,0.5581,240.8750,enc,0.0000
1786091545.011144,0.1033,0.0,0.0,0.0000,0.0000,0.8423,0.2846,0.5581,240.8750,enc,0.0000
1786091545.118028,0.1069,0.0,0.0,0.0000,0.0000,0.8423,0.2846,0.5581,240.8750,enc,0.0000
1786091545.219807,0.1018,0.0,0.0,0.0000,0.0000,0.8423,0.2846,0.5581,240.8750,enc,0.0000
1786091545.320850,0.1010,0.0,0.0,0.0000,0.0000,0.8423,0.2846,0.5581,240.8750,enc,0.0000
1786091545.428048,0.1072,0.0,0.0,0.0000,0.0000,0.8423,0.2846,0.5581,240.8750,enc,0.0000
1786091545.527721,0.0997,0.0,0.0,0.0000,0.0000,0.8423,0.2846,0.5581,240.8750,enc,0.0000
1786091545.633993,0.1063,0.0,0.0,0.0000,0.0000,0.8423,0.2846,0.5581,240.8750,enc,0.0000
1786091545.737639,0.1036,0.0,0.0,0.0000,0.0000,0.8423,0.2846,0.5581,240.8750,enc,0.0000
1786091545.842998,0.1054,0.0,0.0,0.0000,0.0000,0.8423,0.2846,0.5581,240.8750,enc,0.0000
1786091545.945730,0.1027,0.0,0.0,0.0000,0.0000,0.8423,0.2846,0.5581,240.8750,enc,0.0000
1786091546.049126,0.1034,0.0,0.0,0.0000,0.0000,0.8423,0.2846,0.5581,240.8750,enc,0.0000
1786091546.153859,0.1047,0.0,0.0,0.0000,0.0000,0.8423,0.2846,0.5581,240.8750,enc,0.0000
1786091546.256854,0.1030,0.0,0.0,0.0000,0.0000,0.8423,0.2846,0.5581,240.8750,enc,0.0000
1786091546.359996,0.1031,0.0,0.0,0.0000,0.0000,0.8423,0.2846,0.5581,240.8750,enc,0.0000
1786091546.465068,0.1051,0.0,0.0,0.0000,0.0000,0.8423,0.2846,0.5581,240.8750,enc,0.0000
1786091546.567330,0.1023,0.0,0.0,0.0000,0.0000,0.8423,0.2846,0.5581,240.8750,enc,0.0000
1786091546.668864,0.1015,0.0,0.0,0.0000,0.0000,0.8423,0.2846,0.5581,240.8750,enc,0.0000
1786091546.785969,0.1171,0.0,0.0,0.0000,0.0000,0.8423,0.2846,0.5581,240.8750,enc,0.0000
1786091546.878036,0.0921,0.0,0.0,0.0000,0.0000,0.8423,0.2846,0.5581,240.8750,enc,0.0000
1786091546.982385,0.1043,0.0,0.0,0.0000,0.0000,0.8423,0.2846,0.5581,240.8750,enc,0.0000
1786091547.088071,0.1057,0.0,0.0,0.0000,0.0000,0.8423,0.2846,0.5581,240.8750,enc,0.0000
1786091547.188716,0.1006,0.0,0.0,0.0000,0.0000,0.8423,0.2846,0.5581,240.8750,enc,0.0000
1786091547.295157,0.1064,0.0,0.0,0.0000,0.0000,0.8423,0.2846,0.5581,240.8750,enc,0.0000
1786091547.398057,0.1029,0.0,0.0,0.0000,0.0000,0.8423,0.2846,0.5581,240.8750,enc,0.0000
1786091547.501186,0.1031,0.0,0.0,0.0000,0.0000,0.8423,0.2846,0.5581,240.8750,enc,0.0000
1786091547.605044,0.1039,0.0,0.0,0.0000,0.0000,0.8423,0.2846,0.5581,240.8750,enc,0.0000
1786091547.712646,0.1076,0.0,0.0,0.0000,0.0000,0.8423,0.2846,0.5581,240.8750,enc,0.0000
1786091547.814032,0.1014,0.0,0.0,0.0000,0.0000,0.8423,0.2846,0.5581,240.8750,enc,0.0000
1786091547.919728,0.1057,0.0,0.0,0.0000,0.0000,0.8423,0.2846,0.5581,240.8750,enc,0.0000
1786091548.016118,0.0964,0.0,0.0,0.0000,0.0000,0.8423,0.2846,0.5581,240.8750,enc,0.0000
1786091548.123491,0.1074,0.0,0.0,0.0000,0.0000,0.8423,0.2846,0.5581,240.8750,enc,0.0000
1786091548.224255,0.1008,0.0,0.0,0.0000,0.0000,0.8423,0.2846,0.5581,240.8750,enc,0.0000
1786091548.328892,0.1046,0.0,0.0,0.0000,0.0000,0.8423,0.2846,0.5581,240.8750,enc,0.0000
1786091548.438035,0.1091,0.0,0.0,0.0000,0.0000,0.8423,0.2846,0.5581,240.8750,enc,0.0000
1786091548.539968,0.1019,0.0,0.0,0.0000,0.0000,0.8423,0.2846,0.5581,240.8750,enc,0.0000
1786091548.639824,0.0999,0.0,0.0,0.0000,0.0000,0.8423,0.2846,0.5581,240.8750,enc,0.0000
1786091548.748109,0.1083,0.0,0.0,0.0000,0.0000,0.8423,0.2846,0.5581,240.8750,enc,0.0000
1786091548.851221,0.1031,0.0,0.0,0.0000,0.0000,0.8423,0.2846,0.5581,240.8750,enc,0.0000
1786091548.954912,0.1037,0.0,0.0,0.0000,0.0000,0.8423,0.2846,0.5581,240.8750,enc,0.0000
1786091549.059157,0.1042,0.0,0.0,0.0000,0.0000,0.8423,0.2846,0.5581,240.8750,enc,0.0000
1786091549.162909,0.1038,0.0,0.0,0.0000,0.0000,0.8423,0.2846,0.5581,240.8750,enc,0.0000
1786091549.266635,0.1037,0.0,0.0,0.0000,0.0000,0.8423,0.2846,0.5581,240.8750,enc,0.0000
1786091549.366473,0.0998,0.0,0.0,0.0000,0.0000,0.8423,0.2846,0.5581,240.8750,enc,0.0000
1786091549.475034,0.1086,0.0,0.0,0.0000,0.0000,0.8423,0.2846,0.5581,240.8750,enc,0.0000
1786091549.573929,0.0989,0.0,0.0,0.0000,0.0000,0.8423,0.2846,0.5581,240.8750,enc,0.0000
1786091549.677968,0.1040,0.0,0.0,0.0000,0.0000,0.8423,0.2846,0.5581,240.8750,enc,0.0000
1786091549.785818,0.1078,0.0,0.0,0.0000,0.0000,0.8423,0.2846,0.5581,240.8750,enc,0.0000
1786091549.885024,0.0992,0.0,0.0,0.0000,0.0000,0.8423,0.2846,0.5581,240.8750,enc,0.0000
1786091549.988913,0.1039,0.0,0.0,0.0000,0.0000,0.8423,0.2846,0.5581,240.8750,enc,0.0000
1786091550.095622,0.1067,0.0,0.0,0.0000,0.0000,0.8423,0.2846,0.5581,240.8750,enc,0.0000
1786091550.260953,0.1653,0.0,0.0,0.0000,0.0000,0.8423,0.2846,0.5581,240.8750,enc,0.0000
1786091550.299763,0.0388,0.0,0.0,0.0000,0.0000,0.8423,0.2846,0.5581,240.8750,enc,0.0000
1786091550.514661,0.2149,0.0,0.0,0.0000,0.0000,0.8423,0.2846,0.5581,240.8750,enc,0.0000
1786091550.514708,0.0000,0.0,0.0,0.0000,0.0000,0.8423,0.2846,0.5581,240.8750,enc,0.0000
1786091550.614111,0.0994,0.0,0.0,0.0000,0.0000,0.8423,0.2846,0.5581,240.8750,enc,0.0000
1786091550.761523,0.1474,0.0,0.0,0.0000,0.0000,0.8423,0.2846,0.5581,240.8750,enc,0.0000
1786091550.822258,0.0607,0.0,0.0,0.0000,0.0000,0.8423,0.2846,0.5581,240.8750,enc,0.0000
1786091551.006489,0.1842,0.0,0.0,0.0000,0.0000,0.8423,0.2846,0.5581,240.8750,enc,0.0000
1786091551.027316,0.0208,0.0,0.0,0.0000,0.0000,0.8423,0.2846,0.5581,240.8750,enc,0.0000
1786091551.251792,0.2245,0.0,0.0,0.0000,0.0000,0.8423,0.2846,0.5581,240.8750,enc,0.0000
1786091551.251848,0.0001,0.0,0.0,0.0000,0.0000,0.8423,0.2846,0.5581,240.8750,enc,0.0000
1786091551.337423,0.0856,0.0,0.0,0.0000,0.0000,0.8423,0.2846,0.5581,240.8750,enc,0.0000
1786091551.506311,0.1689,0.0,0.0,0.0000,0.0000,0.8423,0.2846,0.5581,240.8750,enc,0.0000
1786091551.552064,0.0458,0.0,0.0,0.0000,0.0000,0.8423,0.2846,0.5581,240.8750,enc,0.0000
1786091551.759917,0.2079,0.0,0.0,0.0000,0.0000,0.8423,0.2846,0.5581,240.8750,enc,0.0000
1786091551.759983,0.0001,0.0,0.0,0.0000,0.0000,0.8423,0.2846,0.5581,240.8750,enc,0.0000
1786091551.858349,0.0984,0.0,0.0,0.0000,0.0000,0.8423,0.2846,0.5581,240.8750,enc,0.0000
1786091552.012087,0.1537,0.0,0.0,0.0000,0.0000,0.8423,0.2846,0.5581,240.8750,enc,0.0000
1786091552.066256,0.0542,0.0,0.0,0.0000,0.0000,0.8423,0.2846,0.5581,240.8750,enc,0.0000
1786091552.260787,0.1945,0.0,0.0,0.0000,0.0000,0.8423,0.2846,0.5581,240.8750,enc,0.0000
1786091552.268983,0.0082,0.0,0.0,0.0000,0.0000,0.8423,0.2846,0.5581,240.8750,enc,0.0000
1786091552.509976,0.2410,0.0,0.0,0.0000,0.0000,0.8423,0.2846,0.5581,240.8750,enc,0.0000
1786091552.510052,0.0001,0.0,0.0,0.0000,0.0000,0.8423,0.2846,0.5581,240.8750,enc,0.0000
1786091552.580125,0.0701,0.0,0.0,0.0000,0.0000,0.8423,0.2846,0.5581,240.8750,enc,0.0000
1786091552.759931,0.1798,0.0,0.0,0.0000,0.0000,0.8423,0.2846,0.5581,240.8750,enc,0.0000
1786091552.788766,0.0288,0.0,0.0,0.0000,0.0000,0.8423,0.2846,0.5581,240.8750,enc,0.0000
1786091553.012044,0.2233,0.0,0.0,0.0000,0.0000,0.8423,0.2846,0.5581,240.8750,enc,0.0000
1786091553.012112,0.0001,0.0,0.0,0.0000,0.0000,0.8423,0.2846,0.5581,240.8750,enc,0.0000
1786091553.104340,0.0922,0.0,0.0,0.0000,0.0000,0.8423,0.2846,0.5581,240.8750,enc,0.0000
1786091553.258231,0.1539,0.0,0.0,0.0000,0.0000,0.8423,0.2846,0.5581,240.8750,enc,0.0000
1786091553.311848,0.0536,0.0,0.0,0.0000,0.0000,0.8423,0.2846,0.5581,240.8750,enc,0.0000
1786091553.510669,0.1988,0.0,0.0,0.0000,0.0000,0.8423,0.2846,0.5581,240.8750,enc,0.0000
1786091553.515974,0.0053,0.0,0.0,0.0000,0.0000,0.8423,0.2846,0.5581,240.8750,enc,0.0000
1786091553.760900,0.2449,0.0,0.0,0.0000,0.0000,0.8423,0.2846,0.5581,240.8750,enc,0.0000
1786091553.760971,0.0001,0.0,0.0,0.0000,0.0000,0.8423,0.2846,0.5581,240.8750,enc,0.0000
1786091553.831984,0.0710,0.0,0.0,0.0000,0.0000,0.8423,0.2846,0.5581,240.8750,enc,0.0000
1786091554.011981,0.1800,0.0,0.0,0.0000,0.0000,0.8423,0.2846,0.5581,240.8750,enc,0.0000
1786091554.036207,0.0242,0.0,0.0,0.0000,0.0000,0.8423,0.2846,0.5581,240.8750,enc,0.0000
1786091554.264374,0.2282,0.0,0.0,0.0000,0.0000,0.8423,0.2846,0.5581,240.8750,enc,0.0000
1786091554.264437,0.0001,0.0,0.0,0.0000,0.0000,0.8423,0.2846,0.5581,240.8750,enc,0.0000
1786091554.354158,0.0897,0.0,0.0,0.0000,0.0000,0.8423,0.2846,0.5581,240.8750,enc,0.0000
1786091554.521785,0.1676,0.0,0.0,0.0000,0.0000,0.8423,0.2846,0.5581,240.8750,enc,0.0000
1786091554.560110,0.0383,0.0,0.0,0.0000,0.0000,0.8423,0.2846,0.5581,240.8750,enc,0.0000
1786091554.773680,0.2136,0.0,0.0,0.0000,0.0000,0.8423,0.2846,0.5581,240.8750,enc,0.0000
1786091554.773741,0.0001,0.0,0.0,0.0000,0.0000,0.8423,0.2846,0.5581,240.8750,enc,0.0000
1786091554.871893,0.0982,0.0,0.0,0.0000,0.0000,0.8423,0.2846,0.5581,240.8750,enc,0.0000
1786091555.030015,0.1581,0.0,0.0,0.0000,0.0000,0.8423,0.2846,0.5581,240.8750,enc,0.0000
1786091555.075800,0.0458,0.0,0.0,0.0000,0.0000,0.8423,0.2846,0.5581,240.8750,enc,0.0000
1786091555.178542,0.1027,0.0,0.0,0.0000,0.0000,0.8423,0.2846,0.5581,240.8750,enc,0.0000
1786091555.282919,0.1044,0.0,0.0,0.0000,0.0000,0.8423,0.2846,0.5581,240.8750,enc,0.0000
1786091555.386897,0.1040,0.0,0.0,0.0000,0.0000,0.8423,0.2846,0.5581,240.8750,enc,0.0000
1786091555.494072,0.1072,0.0,0.0,0.0000,0.0000,0.8423,0.2846,0.5581,240.8750,enc,0.0000
1786091555.594218,0.1001,0.0,0.0,0.0000,0.0000,0.8423,0.2846,0.5581,240.8750,enc,0.0000
1786091555.697011,0.1028,0.0,0.0,0.0000,0.0000,0.8423,0.2846,0.5581,240.8750,enc,0.0000
1786091555.803375,0.1064,0.0,0.0,0.0000,0.0000,0.8423,0.2846,0.5581,240.8750,enc,0.0000
1786091555.907731,0.1044,0.0,0.0,0.0000,0.0000,0.8423,0.2846,0.5581,240.8750,enc,0.0000
1786091556.011112,0.1034,0.0,0.0,0.0000,0.0000,0.8423,0.2846,0.5581,240.8750,enc,0.0000
1786091556.114019,0.1029,0.0,0.0,0.0000,0.0000,0.8423,0.2846,0.5581,240.8750,enc,0.0000
1786091556.216220,0.1022,0.0,0.0,0.0000,0.0000,0.8423,0.2846,0.5581,240.8750,enc,0.0000
1786091556.320161,0.1039,0.0,0.0,0.0000,0.0000,0.8423,0.2846,0.5581,240.8750,enc,0.0000
1786091556.424149,0.1040,0.0,0.0,0.0000,0.0000,0.8423,0.2846,0.5581,240.8750,enc,0.0000
1786091556.530018,0.1059,0.0,0.0,0.0000,0.0000,0.8423,0.2846,0.5581,240.8750,enc,0.0000
1786091556.631360,0.1013,0.0,0.0,0.0000,0.0000,0.8423,0.2846,0.5581,240.8750,enc,0.0000
1786091556.732046,0.1007,0.0,0.0,0.0000,0.0000,0.8423,0.2846,0.5581,240.8750,enc,0.0000
1786091556.842584,0.1105,0.0,0.0,0.0000,0.0000,0.8423,0.2846,0.5581,240.8750,enc,0.0000
1786091556.943859,0.1013,0.0,0.0,0.0000,0.0000,0.8423,0.2846,0.5581,240.8750,enc,0.0000
1786091557.044064,0.1002,0.0,0.0,0.0000,0.0000,0.8423,0.2846,0.5581,240.8750,enc,0.0000
1786091557.151989,0.1079,0.0,0.0,0.0000,0.0000,0.8423,0.2846,0.5581,240.8750,enc,0.0000
1786091557.255501,0.1035,0.0,0.0,0.0000,0.0000,0.8423,0.2846,0.5581,240.8750,enc,0.0000
1786091557.355884,0.1004,0.0,0.0,0.0000,0.0000,0.8423,0.2846,0.5581,240.8750,enc,0.0000
1786091557.463917,0.1080,0.0,0.0,0.0000,0.0000,0.8423,0.2846,0.5581,240.8750,enc,0.0000
1786091557.566918,0.1030,0.0,0.0,0.0000,0.0000,0.8423,0.2846,0.5581,240.8750,enc,0.0000
1786091557.679033,0.1121,0.0,0.0,0.0000,0.0000,0.8423,0.2846,0.5581,240.8750,enc,0.0000
1786091557.775742,0.0967,0.0,0.0,0.0000,0.0000,0.8423,0.2846,0.5581,240.8750,enc,0.0000
1786091557.878596,0.1029,0.0,0.0,0.0000,0.0000,0.8423,0.2846,0.5581,240.8750,enc,0.0000
1786091557.981177,0.1026,0.0,0.0,0.0000,0.0000,0.8423,0.2846,0.5581,240.8750,enc,0.0000
1786091558.084214,0.1030,0.0,0.0,0.0000,0.0000,0.8423,0.2846,0.5581,240.8750,enc,0.0000
1786091558.193900,0.1097,0.0,0.0,0.0000,0.0000,0.8423,0.2846,0.5581,240.8750,enc,0.0000
1786091558.291945,0.0980,0.0,0.0,0.0000,0.0000,0.8423,0.2846,0.5581,240.8750,enc,0.0000
1786091558.394718,0.1028,0.0,0.0,0.0000,0.0000,0.8423,0.2846,0.5581,240.8750,enc,0.0000
1786091558.501419,0.1067,0.0,0.0,0.0000,0.0000,0.8423,0.2846,0.5581,240.8750,enc,0.0000
1786091558.605294,0.1039,0.0,0.0,0.0000,0.0000,0.8423,0.2846,0.5581,240.8750,enc,0.0000
1786091558.706558,0.1013,0.0,0.0,0.0000,0.0000,0.8423,0.2846,0.5581,240.8750,enc,0.0000
1786091558.812166,0.1056,0.0,0.0,0.0000,0.0000,0.8423,0.2846,0.5581,240.8750,enc,0.0000
1786091558.916646,0.1045,0.0,0.0,0.0000,0.0000,0.8423,0.2846,0.5581,240.8750,enc,0.0000
1786091559.020075,0.1034,0.0,0.0,0.0000,0.0000,0.8423,0.2846,0.5581,240.8750,enc,0.0000
1786091559.127705,0.1076,0.0,0.0,0.0000,0.0000,0.8423,0.2846,0.5581,240.8750,enc,0.0000
1786091559.229023,0.1013,0.0,0.0,0.0000,0.0000,0.8423,0.2846,0.5581,240.8750,enc,0.0000
1786091559.331684,0.1027,0.0,0.0,0.0000,0.0000,0.8423,0.2846,0.5581,240.8750,enc,0.0000
1786091559.432338,0.1007,0.0,0.0,0.0000,0.0000,0.8423,0.2846,0.5581,240.8750,enc,0.0000
1786091559.541202,0.1089,0.0,0.0,0.0000,0.0000,0.8423,0.2846,0.5581,240.8750,enc,0.0000
1786091559.640530,0.0993,0.0,0.0,0.0000,0.0000,0.8423,0.2846,0.5581,240.8750,enc,0.0000
1786091559.746521,0.1060,0.0,0.0,0.0000,0.0000,0.8423,0.2846,0.5581,240.8750,enc,0.0000
1786091559.852383,0.1059,0.0,0.0,0.0000,0.0000,0.8423,0.2846,0.5581,240.8750,enc,0.0000
1786091559.952963,0.1006,0.0,0.0,0.0000,0.0000,0.8423,0.2846,0.5581,240.8750,enc,0.0000
1786091560.057213,0.1043,0.0,0.0,0.0000,0.0000,0.8423,0.2846,0.5581,240.8750,enc,0.0000
1786091560.163893,0.1067,0.0,0.0,0.0000,0.0000,0.8423,0.2846,0.5581,240.8750,enc,0.0000
1786091560.266843,0.1030,0.0,0.0,0.0000,0.0000,0.8423,0.2846,0.5581,240.8750,enc,0.0000
1786091560.371388,0.1045,0.0,0.0,0.0000,0.0000,0.8423,0.2846,0.5581,240.8750,enc,0.0000
1786091560.477053,0.1057,0.0,0.0,0.0000,0.0000,0.8423,0.2846,0.5581,240.8750,enc,0.0000
1786091560.574848,0.0978,0.0,0.0,0.0000,0.0000,0.8423,0.2846,0.5581,240.8750,enc,0.0000
1786091560.684241,0.1094,0.0,0.0,0.0000,0.0000,0.8423,0.2846,0.5581,240.8750,enc,0.0000
1786091560.783315,0.0991,0.0,0.0,0.0000,0.0000,0.8423,0.2846,0.5581,240.8750,enc,0.0000
1786091560.889962,0.1066,0.0,0.0,0.0000,0.0000,0.8423,0.2846,0.5581,240.8750,enc,0.0000
1786091560.993048,0.1031,0.0,0.0,0.0000,0.0000,0.8423,0.2846,0.5581,240.8750,enc,0.0000
1786091561.093525,0.1005,0.0,0.0,0.0000,0.0000,0.8423,0.2846,0.5581,240.8750,enc,0.0000
1786091561.200965,0.1074,0.0,0.0,0.0000,0.0000,0.8423,0.2846,0.5581,240.8750,enc,0.0000
1786091561.300811,0.0998,0.0,0.0,0.0000,0.0000,0.8423,0.2846,0.5581,240.8750,enc,0.0000
1786091561.406553,0.1057,0.0,0.0,0.0000,0.0000,0.8423,0.2846,0.5581,240.8750,enc,0.0000
1786091561.511949,0.1054,0.0,0.0,0.0000,0.0000,0.8423,0.2846,0.5581,240.8750,enc,0.0000
1786091561.614377,0.1024,0.0,0.0,0.0000,0.0000,0.8423,0.2846,0.5581,240.8750,enc,0.0000
1786091561.718524,0.1041,0.0,0.0,0.0000,0.0000,0.8423,0.2846,0.5581,240.8750,enc,0.0000
1786091561.824067,0.1055,0.0,0.0,0.0000,0.0000,0.8423,0.2846,0.5581,240.8750,enc,0.0000
1786091561.925772,0.1017,0.0,0.0,0.0000,0.0000,0.8423,0.2846,0.5581,240.8750,enc,0.0000
1786091562.035962,0.1102,0.0,0.0,0.0000,0.0000,0.8423,0.2846,0.5581,240.8750,enc,0.0000
1786091562.137431,0.1015,0.0,0.0,0.0000,0.0000,0.8423,0.2846,0.5581,240.8750,enc,0.0000
1786091562.239895,0.1025,0.0,0.0,0.0000,0.0000,0.8423,0.2846,0.5581,240.8750,enc,0.0000
1786091562.340503,0.1006,0.0,0.0,0.0000,0.0000,0.8423,0.2846,0.5581,240.8750,enc,0.0000
1786091562.443660,0.1032,0.0,0.0,0.0000,0.0000,0.8423,0.2846,0.5581,240.8750,enc,0.0000
1786091562.552034,0.1084,0.0,0.0,0.0000,0.0000,0.8423,0.2846,0.5581,240.8750,enc,0.0000
1786091562.649084,0.0971,0.0,0.0,0.0000,0.0000,0.8423,0.2846,0.5581,240.8750,enc,0.0000
1786091562.752850,0.1038,0.0,0.0,0.0000,0.0000,0.8423,0.2846,0.5581,240.8750,enc,0.0000
1786091562.862010,0.1092,0.0,0.0,0.0000,0.0000,0.8423,0.2846,0.5581,240.8750,enc,0.0000
1786091563.000193,0.1382,0.0,0.0,0.0000,0.0000,0.8423,0.2846,0.5581,240.8750,enc,0.0000
1786091563.063446,0.0633,0.0,0.0,0.0000,0.0000,0.8423,0.2846,0.5581,240.8750,enc,0.0000
1786091563.171531,0.1081,0.0,0.0,0.0000,0.0000,0.8423,0.2846,0.5581,240.8750,enc,0.0000
1786091563.274526,0.1030,0.0,0.0,0.0000,0.0000,0.8423,0.2846,0.5581,240.8750,enc,0.0000
1786091563.379655,0.1051,0.0,0.0,0.0000,0.0000,0.8423,0.2846,0.5581,240.8750,enc,0.0000
1786091563.485053,0.1054,0.0,0.0,0.0000,0.0000,0.8423,0.2846,0.5581,240.8750,enc,0.0000
1786091563.586912,0.1019,0.0,0.0,0.0000,0.0000,0.8423,0.2846,0.5581,240.8750,enc,0.0000
1786091563.686014,0.0991,0.0,0.0,0.0000,0.0000,0.8423,0.2846,0.5581,240.8750,enc,0.0000
1786091563.793454,0.1074,0.0,0.0,0.0000,0.0000,0.8423,0.2846,0.5581,240.8750,enc,0.0000
1786091563.895656,0.1022,0.0,0.0,0.0000,0.0000,0.8423,0.2846,0.5581,240.8750,enc,0.0000
1786091564.001389,0.1057,0.0,0.0,0.0000,0.0000,0.8423,0.2846,0.5581,240.8750,enc,0.0000
1786091564.102230,0.1008,0.0,0.0,0.0000,0.0000,0.8423,0.2846,0.5581,240.8750,enc,0.0000
1786091564.211065,0.1088,0.0,0.0,0.0000,0.0000,0.8423,0.2846,0.5581,240.8750,enc,0.0000
1786091564.309943,0.0989,0.0,0.0,0.0000,0.0000,0.8423,0.2846,0.5581,240.8750,enc,0.0000
1786091564.413653,0.1037,0.0,0.0,0.0000,0.0000,0.8423,0.2846,0.5581,240.8750,enc,0.0000
1786091564.521947,0.1083,0.0,0.0,0.0000,0.0000,0.8423,0.2846,0.5581,240.8750,enc,0.0000
1786091564.624519,0.1026,0.0,0.0,0.0000,0.0000,0.8423,0.2846,0.5581,240.8750,enc,0.0000
1786091564.727771,0.1033,0.0,0.0,0.0000,0.0000,0.8423,0.2846,0.5581,240.8750,enc,0.0000
1786091564.832973,0.1052,0.0,0.0,0.0000,0.0000,0.8423,0.2846,0.5581,240.8750,enc,0.0000
1786091564.936898,0.1039,0.0,0.0,0.0000,0.0000,0.8423,0.2846,0.5581,240.8750,enc,0.0000
1786091565.040103,0.1032,0.0,0.0,0.0000,0.0000,0.8423,0.2846,0.5581,240.8750,enc,0.0000
1786091565.264449,0.2243,0.0,0.0,0.0000,0.0000,0.8423,0.2846,0.5581,240.8750,enc,0.0000
1786091565.264510,0.0001,0.0,0.0,0.0000,0.0000,0.8423,0.2846,0.5581,240.8750,enc,0.0000
1786091565.349771,0.0853,0.0,0.0,0.0000,0.0000,0.8423,0.2846,0.5581,240.8750,enc,0.0000
1786091565.508889,0.1591,0.0,0.0,0.0000,0.0000,0.8423,0.2846,0.5581,240.8750,enc,0.0000
1786091565.557002,0.0481,0.0,0.0,0.0000,0.0000,0.8423,0.2846,0.5581,240.8750,enc,0.0000
1786091565.754727,0.1977,0.0,0.0,0.0000,0.0000,0.8423,0.2846,0.5581,240.8750,enc,0.0000
1786091565.761789,0.0071,0.0,0.0,0.0000,0.0000,0.8423,0.2846,0.5581,240.8750,enc,0.0000
1786091566.001310,0.2395,0.0,0.0,0.0000,0.0000,0.8423,0.2846,0.5581,240.8750,enc,0.0000
1786091566.001370,0.0001,0.0,0.0,0.0000,0.0000,0.8423,0.2846,0.5581,240.8750,enc,0.0000
1786091566.074959,0.0736,0.0,0.0,0.0000,0.0000,0.8423,0.2846,0.5581,240.8750,enc,0.0000
1786091566.254889,0.1799,0.0,0.0,0.0000,0.0000,0.8423,0.2846,0.5581,240.8750,enc,0.0000
1786091566.280099,0.0252,0.0,0.0,0.0000,0.0000,0.8423,0.2846,0.5581,240.8750,enc,0.0000
1786091566.508687,0.2286,0.0,0.0,0.0000,0.0000,0.8423,0.2846,0.5581,240.8750,enc,0.0000
1786091566.508754,0.0001,0.0,0.0,0.0000,0.0000,0.8423,0.2846,0.5581,240.8750,enc,0.0000
1786091566.595388,0.0866,0.0,0.0,0.0000,0.0000,0.8423,0.2846,0.5581,240.8750,enc,0.0000
1786091566.762485,0.1671,0.0,0.0,0.0000,0.0000,0.8423,0.2846,0.5581,240.8750,enc,0.0000
1786091566.799092,0.0366,0.0,0.0,0.0000,0.0000,0.8423,0.2846,0.5581,240.8750,enc,0.0000
1786091567.012670,0.2136,0.0,0.0,0.0000,0.0000,0.8423,0.2846,0.5581,240.8750,enc,0.0000
1786091567.012753,0.0001,0.0,0.0,0.0000,0.0000,0.8423,0.2846,0.5581,240.8750,enc,0.0000
1786091567.112901,0.1001,0.0,0.0,0.0000,0.0000,0.8423,0.2846,0.5581,240.8750,enc,0.0000
1786091567.263357,0.1505,0.0,0.0,0.0000,0.0000,0.8423,0.2846,0.5581,240.8750,enc,0.0000
1786091567.318817,0.0555,0.0,0.0,0.0000,0.0000,0.8423,0.2846,0.5581,240.8750,enc,0.0000
1786091567.512719,0.1939,0.0,0.0,0.0000,0.0000,0.8423,0.2846,0.5581,240.8750,enc,0.0000
1786091567.526366,0.0136,0.0,0.0,0.0000,0.0000,0.8423,0.2846,0.5581,240.8750,enc,0.0000
1786091567.761775,0.2354,0.0,0.0,0.0000,0.0000,0.8423,0.2846,0.5581,240.8750,enc,0.0000
1786091567.761842,0.0001,0.0,0.0,0.0000,0.0000,0.8423,0.2846,0.5581,240.8750,enc,0.0000
1786091567.841178,0.0793,0.0,0.0,0.0000,0.0000,0.8423,0.2846,0.5581,240.8750,enc,0.0000
1786091568.012502,0.1713,0.0,0.0,0.0000,0.0000,0.8423,0.2846,0.5581,240.8750,enc,0.0000
1786091568.046187,0.0337,0.0,0.0,0.0000,0.0000,0.8423,0.2846,0.5581,240.8750,enc,0.0000
1786091568.262582,0.2164,0.0,0.0,0.0000,0.0000,0.8423,0.2846,0.5581,240.8750,enc,0.0000
1786091568.262645,0.0001,0.0,0.0,0.0000,0.0000,0.8423,0.2846,0.5581,240.8750,enc,0.0000
1786091568.359619,0.0970,0.0,0.0,0.0000,0.0000,0.8423,0.2846,0.5581,240.8750,enc,0.0000
1786091568.512494,0.1529,0.0,0.0,0.0000,0.0000,0.8423,0.2846,0.5581,240.8750,enc,0.0000
1786091568.564282,0.0518,0.0,0.0,0.0000,0.0000,0.8423,0.2846,0.5581,240.8750,enc,0.0000
1786091568.762322,0.1980,0.0,0.0,0.0000,0.0000,0.8423,0.2846,0.5581,240.8750,enc,0.0000
1786091568.771497,0.0092,0.0,0.0,0.0000,0.0000,0.8423,0.2846,0.5581,240.8750,enc,0.0000
1786091569.013579,0.2421,0.0,0.0,0.0000,0.0000,0.8423,0.2846,0.5581,240.8750,enc,0.0000
1786091569.088158,0.0746,0.0,0.0,0.0000,0.0000,0.8423,0.2846,0.5581,240.8750,enc,0.0000
1786091569.088197,0.0000,0.0,0.0,0.0000,0.0000,0.8423,0.2846,0.5581,240.8750,enc,0.0000
1786091569.266513,0.1783,0.0,0.0,0.0000,0.0000,0.8423,0.2846,0.5581,240.8750,enc,0.0000
1786091569.291889,0.0254,0.0,0.0,0.0000,0.0000,0.8423,0.2846,0.5581,240.8750,enc,0.0000
1786091569.522670,0.2308,0.0,0.0,0.0000,0.0000,0.8423,0.2846,0.5581,240.8750,enc,0.0000
1786091569.522715,0.0000,0.0,0.0,0.0000,0.0000,0.8423,0.2846,0.5581,240.8750,enc,0.0000
1786091569.600797,0.0781,0.0,0.0,0.0000,0.0000,0.8423,0.2846,0.5581,240.8750,enc,0.0000
1786091569.780039,0.1792,0.0,0.0,0.0000,0.0000,0.8423,0.2846,0.5581,240.8750,enc,0.0000
1786091569.809741,0.0297,0.0,0.0,0.0000,0.0000,0.8423,0.2846,0.5581,240.8750,enc,0.0000
1786091570.033341,0.2236,0.0,0.0,0.0000,0.0000,0.8423,0.2846,0.5581,240.8750,enc,0.0000
1786091570.033387,0.0000,0.0,0.0,0.0000,0.0000,0.8423,0.2846,0.5581,240.8750,enc,0.0000
1786091570.123684,0.0903,0.0,0.0,0.0000,0.0000,0.8423,0.2846,0.5581,240.8750,enc,0.0000
1786091570.227506,0.1038,0.0,0.0,0.0000,0.0000,0.8423,0.2846,0.5581,240.8750,enc,0.0000
1786091570.332941,0.1054,0.0,0.0,0.0000,0.0000,0.8423,0.2846,0.5581,240.8750,enc,0.0000
1786091570.435716,0.1028,0.0,0.0,0.0000,0.0000,0.8423,0.2846,0.5581,240.8750,enc,0.0000
1786091570.541033,0.1053,0.0,0.0,0.0000,0.0000,0.8423,0.2846,0.5581,240.8750,enc,0.0000
1786091570.643542,0.1025,0.0,0.0,0.0000,0.0000,0.8423,0.2846,0.5581,240.8750,enc,0.0000
1786091570.747174,0.1036,0.0,0.0,0.0000,0.0000,0.8423,0.2846,0.5581,240.8750,enc,0.0000
1786091570.850864,0.1037,0.0,0.0,0.0000,0.0000,0.8423,0.2846,0.5581,240.8750,enc,0.0000
1786091570.954406,0.1035,0.0,0.0,0.0000,0.0000,0.8423,0.2846,0.5581,240.8750,enc,0.0000
1786091571.060311,0.1059,0.0,0.0,0.0000,0.0000,0.8423,0.2846,0.5581,240.8750,enc,0.0000
1786091571.159621,0.0993,0.0,0.0,0.0000,0.0000,0.8423,0.2846,0.5581,240.8750,enc,0.0000
1786091571.268033,0.1084,0.0,0.0,0.0000,0.0000,0.8423,0.2846,0.5581,240.8750,enc,0.0000
1786091571.366423,0.0984,0.0,0.0,0.0000,0.0000,0.8423,0.2846,0.5581,240.8750,enc,0.0000
1786091571.470927,0.1045,0.0,0.0,0.0000,0.0000,0.8423,0.2846,0.5581,240.8750,enc,0.0000
1786091571.578975,0.1080,0.0,0.0,0.0000,0.0000,0.8423,0.2846,0.5581,240.8750,enc,0.0000
1786091571.678978,0.1000,0.0,0.0,0.0000,0.0000,0.8423,0.2846,0.5581,240.8750,enc,0.0000
1786091571.781871,0.1029,0.0,0.0,0.0000,0.0000,0.8423,0.2846,0.5581,240.8750,enc,0.0000
1786091571.890820,0.1089,0.0,0.0,0.0000,0.0000,0.8423,0.2846,0.5581,240.8750,enc,0.0000
1786091571.991642,0.1008,0.0,0.0,0.0000,0.0000,0.8423,0.2846,0.5581,240.8750,enc,0.0000
1786091572.096033,0.1044,0.0,0.0,0.0000,0.0000,0.8423,0.2846,0.5581,240.8750,enc,0.0000
1786091572.203052,0.1070,0.0,0.0,0.0000,0.0000,0.8423,0.2846,0.5581,240.8750,enc,0.0000
1786091572.304801,0.1017,0.0,0.0,0.0000,0.0000,0.8423,0.2846,0.5581,240.8750,enc,0.0000
1786091572.408269,0.1035,0.0,0.0,0.0000,0.0000,0.8423,0.2846,0.5581,240.8750,enc,0.0000
1786091572.509679,0.1014,0.0,0.0,0.0000,0.0000,0.8423,0.2846,0.5581,240.8750,enc,0.0000
1786091572.617890,0.1082,0.0,0.0,0.0000,0.0000,0.8423,0.2846,0.5581,240.8750,enc,0.0000
1786091572.715812,0.0979,0.0,0.0,0.0000,0.0000,0.8423,0.2846,0.5581,240.8750,enc,0.0000
1786091572.819993,0.1042,0.0,0.0,0.0000,0.0000,0.8423,0.2846,0.5581,240.8750,enc,0.0000
1786091572.929054,0.1091,0.0,0.0,0.0000,0.0000,0.8423,0.2846,0.5581,240.8750,enc,0.0000
1786091573.027525,0.0985,0.0,0.0,0.0000,0.0000,0.8423,0.2846,0.5581,240.8750,enc,0.0000
1786091573.131678,0.1042,0.0,0.0,0.0000,0.0000,0.8423,0.2846,0.5581,240.8750,enc,0.0000
1786091573.238993,0.1073,0.0,0.0,0.0000,0.0000,0.8423,0.2846,0.5581,240.8750,enc,0.0000
1786091573.342128,0.1031,0.0,0.0,0.0000,0.0000,0.8423,0.2846,0.5581,240.8750,enc,0.0000
1786091573.445773,0.1036,0.0,0.0,0.0000,0.0000,0.8423,0.2846,0.5581,240.8750,enc,0.0000
1786091573.548901,0.1031,0.0,0.0,0.0000,0.0000,0.8423,0.2846,0.5581,240.8750,enc,0.0000
1786091573.652656,0.1038,0.0,0.0,0.0000,0.0000,0.8423,0.2846,0.5581,240.8750,enc,0.0000
1786091573.757141,0.1045,0.0,0.0,0.0000,0.0000,0.8423,0.2846,0.5581,240.8750,enc,0.0000
1786091573.860036,0.1029,0.0,0.0,0.0000,0.0000,0.8423,0.2846,0.5581,240.8750,enc,0.0000
1786091573.963767,0.1037,0.0,0.0,0.0000,0.0000,0.8423,0.2846,0.5581,240.8750,enc,0.0000
1786091574.068679,0.1049,0.0,0.0,0.0000,0.0000,0.8423,0.2846,0.5581,240.8750,enc,0.0000
1786091574.169466,0.1008,0.0,0.0,0.0000,0.0000,0.8423,0.2846,0.5581,240.8750,enc,0.0000
1786091574.274609,0.1051,0.0,0.0,0.0000,0.0000,0.8423,0.2846,0.5581,240.8750,enc,0.0000
1786091574.375577,0.1010,0.0,0.0,0.0000,0.0000,0.8423,0.2846,0.5581,240.8750,enc,0.0000
1786091574.478613,0.1030,0.0,0.0,0.0000,0.0000,0.8423,0.2846,0.5581,240.8750,enc,0.0000
1786091574.592919,0.1143,0.0,0.0,0.0000,0.0000,0.8423,0.2846,0.5581,240.8750,enc,0.0000
1786091574.691654,0.0987,0.0,0.0,0.0000,0.0000,0.8423,0.2846,0.5581,240.8750,enc,0.0000
1786091574.789868,0.0982,0.0,0.0,0.0000,0.0000,0.8423,0.2846,0.5581,240.8750,enc,0.0000
1786091574.899076,0.1092,0.0,0.0,0.0000,0.0000,0.8423,0.2846,0.5581,240.8750,enc,0.0000
1786091575.000388,0.1013,0.0,0.0,0.0000,0.0000,0.8423,0.2846,0.5581,240.8750,enc,0.0000
1786091575.103588,0.1032,0.0,0.0,0.0000,0.0000,0.8423,0.2846,0.5581,240.8750,enc,0.0000
1786091575.208710,0.1051,0.0,0.0,0.0000,0.0000,0.8423,0.2846,0.5581,240.8750,enc,0.0000
1786091575.314012,0.1053,0.0,0.0,0.0000,0.0000,0.8423,0.2846,0.5581,240.8750,enc,0.0000
1786091575.416861,0.1028,0.0,0.0,0.0000,0.0000,0.8423,0.2846,0.5581,240.8750,enc,0.0000
1786091575.516347,0.0995,0.0,0.0,0.0000,0.0000,0.8423,0.2846,0.5581,240.8750,enc,0.0000
1786091575.622771,0.1064,0.0,0.0,0.0000,0.0000,0.8423,0.2846,0.5581,240.8750,enc,0.0000
1786091575.724152,0.1014,0.0,0.0,0.0000,0.0000,0.8423,0.2846,0.5581,240.8750,enc,0.0000
1786091575.827240,0.1031,0.0,0.0,0.0000,0.0000,0.8423,0.2846,0.5581,240.8750,enc,0.0000
1786091575.934064,0.1068,0.0,0.0,0.0000,0.0000,0.8423,0.2846,0.5581,240.8750,enc,0.0000
1786091576.034229,0.1002,0.0,0.0,0.0000,0.0000,0.8423,0.2846,0.5581,240.8750,enc,0.0000
1786091576.138659,0.1044,0.0,0.0,0.0000,0.0000,0.8423,0.2846,0.5581,240.8750,enc,0.0000
1786091576.247041,0.1084,0.0,0.0,0.0000,0.0000,0.8423,0.2846,0.5581,240.8750,enc,0.0000
1786091576.351833,0.1048,0.0,0.0,0.0000,0.0000,0.8423,0.2846,0.5581,240.8750,enc,0.0000
1786091576.454273,0.1024,0.0,0.0,0.0000,0.0000,0.8423,0.2846,0.5581,240.8750,enc,0.0000
1786091576.553203,0.0989,0.0,0.0,0.0000,0.0000,0.8423,0.2846,0.5581,240.8750,enc,0.0000
1786091576.664495,0.1113,0.0,0.0,0.0000,0.0000,0.8423,0.2846,0.5581,240.8750,enc,0.0000
1786091576.767441,0.1029,0.0,0.0,0.0000,0.0000,0.8423,0.2846,0.5581,240.8750,enc,0.0000
1786091576.869318,0.1019,0.0,0.0,0.0000,0.0000,0.8423,0.2846,0.5581,240.8750,enc,0.0000
1786091576.971587,0.1023,0.0,0.0,0.0000,0.0000,0.8423,0.2846,0.5581,240.8750,enc,0.0000
1786091577.073666,0.1021,0.0,0.0,0.0000,0.0000,0.8423,0.2846,0.5581,240.8750,enc,0.0000
1786091577.176673,0.1030,0.0,0.0,0.0000,0.0000,0.8423,0.2846,0.5581,240.8750,enc,0.0000
1786091577.281143,0.1045,0.0,0.0,0.0000,0.0000,0.8423,0.2846,0.5581,240.8750,enc,0.0000
1786091577.381819,0.1007,0.0,0.0,0.0000,0.0000,0.8423,0.2846,0.5581,240.8750,enc,0.0000
1786091577.486746,0.1049,0.0,0.0,0.0000,0.0000,0.8423,0.2846,0.5581,240.8750,enc,0.0000
1786091577.592905,0.1062,0.0,0.0,0.0000,0.0000,0.8423,0.2846,0.5581,240.8750,enc,0.0000
1786091577.700821,0.1079,0.0,0.0,0.0000,0.0000,0.8423,0.2846,0.5581,240.8750,enc,0.0000
1786091577.802754,0.1019,0.0,0.0,0.0000,0.0000,0.8423,0.2846,0.5581,240.8750,enc,0.0000
1786091577.908049,0.1053,0.0,0.0,0.0000,0.0000,0.8423,0.2846,0.5581,240.8750,enc,0.0000
1786091578.013249,0.1052,0.0,0.0,0.0000,0.0000,0.8423,0.2846,0.5581,240.8750,enc,0.0000
1786091578.111593,0.0983,0.0,0.0,0.0000,0.0000,0.8423,0.2846,0.5581,240.8750,enc,0.0000
1786091578.221721,0.1101,0.0,0.0,0.0000,0.0000,0.8423,0.2846,0.5581,240.8750,enc,0.0000
1786091578.325815,0.1041,0.0,0.0,0.0000,0.0000,0.8423,0.2846,0.5581,240.8750,enc,0.0000
1786091578.529319,0.2035,0.0,0.0,0.0000,0.0000,0.8423,0.2846,0.5581,240.8750,enc,0.0000
1786091578.529370,0.0001,0.0,0.0,0.0000,0.0000,0.8423,0.2846,0.5581,240.8750,enc,0.0000
1786091578.632000,0.1026,0.0,0.0,0.0000,0.0000,0.8423,0.2846,0.5581,240.8750,enc,0.0000
1786091578.729584,0.0976,0.0,0.0,0.0000,0.0000,0.8423,0.2846,0.5581,240.8750,enc,0.0000
1786091578.833304,0.1037,0.0,0.0,0.0000,0.0000,0.8423,0.2846,0.5581,240.8750,enc,0.0000
1786091578.938956,0.1057,0.0,0.0,0.0000,0.0000,0.8423,0.2846,0.5581,240.8750,enc,0.0000
1786091579.040625,0.1017,0.0,0.0,0.0000,0.0000,0.8423,0.2846,0.5581,240.8750,enc,0.0000
1786091579.143799,0.1032,0.0,0.0,0.0000,0.0000,0.8423,0.2846,0.5581,240.8750,enc,0.0000
1786091579.252903,0.1091,0.0,0.0,0.0000,0.0000,0.8423,0.2846,0.5581,240.8750,enc,0.0000
1786091579.355195,0.1023,0.0,0.0,0.0000,0.0000,0.8423,0.2846,0.5581,240.8750,enc,0.0000
1786091579.458381,0.1032,0.0,0.0,0.0000,0.0000,0.8423,0.2846,0.5581,240.8750,enc,0.0000
1786091579.563984,0.1056,0.0,0.0,0.0000,0.0000,0.8423,0.2846,0.5581,240.8750,enc,0.0000
1786091579.668904,0.1049,0.0,0.0,0.0000,0.0000,0.8423,0.2846,0.5581,240.8750,enc,0.0000
1786091579.772530,0.1036,0.0,0.0,0.0000,0.0000,0.8423,0.2846,0.5581,240.8750,enc,0.0000
1786091579.875337,0.1028,0.0,0.0,0.0000,0.0000,0.8423,0.2846,0.5581,240.8750,enc,0.0000
1786091579.981016,0.1057,0.0,0.0,0.0000,0.0000,0.8423,0.2846,0.5581,240.8750,enc,0.0000
1786091580.083959,0.1029,0.0,0.0,0.0000,0.0000,0.8423,0.2846,0.5581,240.8750,enc,0.0000
1786091580.265577,0.1816,0.0,0.0,0.0000,0.0000,0.8423,0.2846,0.5581,240.8750,enc,0.0000
1786091580.288150,0.0226,0.0,0.0,0.0000,0.0000,0.8423,0.2846,0.5581,240.8750,enc,0.0000
1786091580.507062,0.2189,0.0,0.0,0.0000,0.0000,0.8423,0.2846,0.5581,240.8750,enc,0.0000
1786091580.507111,0.0000,0.0,0.0,0.0000,0.0000,0.8423,0.2846,0.5581,240.8750,enc,0.0000
1786091580.601552,0.0944,0.0,0.0,0.0000,0.0000,0.8423,0.2846,0.5581,240.8750,enc,0.0000
1786091580.752223,0.1507,0.0,0.0,0.0000,0.0000,0.8423,0.2846,0.5581,240.8750,enc,0.0000
1786091580.807215,0.0550,0.0,0.0,0.0000,0.0000,0.8423,0.2846,0.5581,240.8750,enc,0.0000
1786091580.995966,0.1888,0.0,0.0,0.0000,0.0000,0.8423,0.2846,0.5581,240.8750,enc,0.0000
1786091581.014677,0.0187,0.0,0.0,0.0000,0.0000,0.8423,0.2846,0.5581,240.8750,enc,0.0000
1786091581.251051,0.2364,0.0,0.0,0.0000,0.0000,0.8423,0.2846,0.5581,240.8750,enc,0.0000
1786091581.251103,0.0001,0.0,0.0,0.0000,0.0000,0.8423,0.2846,0.5581,240.8750,enc,0.0000
1786091581.327794,0.0767,0.0,0.0,0.0000,0.0000,0.8423,0.2846,0.5581,240.8750,enc,0.0000
1786091581.505517,0.1777,0.0,0.0,0.0000,0.0000,0.8423,0.2846,0.5581,240.8750,enc,0.0000
1786091581.531545,0.0260,0.0,0.0,0.0000,0.0000,0.8423,0.2846,0.5581,240.8750,enc,0.0000
1786091581.759425,0.2279,0.0,0.0,0.0000,0.0000,0.8423,0.2846,0.5581,240.8750,enc,0.0000
1786091581.759473,0.0000,0.0,0.0,0.0000,0.0000,0.8423,0.2846,0.5581,240.8750,enc,0.0000
1786091581.843278,0.0838,0.0,0.0,0.0000,0.0000,0.8423,0.2846,0.5581,240.8750,enc,0.0000
1786091582.009481,0.1662,0.0,0.0,0.0000,0.0000,0.8423,0.2846,0.5581,240.8750,enc,0.0000
1786091582.057030,0.0475,0.0,0.0,0.0000,0.0000,0.8423,0.2846,0.5581,240.8750,enc,0.0000
1786091582.259172,0.2021,0.0,0.0,0.0000,0.0000,0.8423,0.2846,0.5581,240.8750,enc,0.0000
1786091582.263074,0.0039,0.0,0.0,0.0000,0.0000,0.8423,0.2846,0.5581,240.8750,enc,0.0000
1786091582.508382,0.2453,0.0,0.0,0.0000,0.0000,0.8423,0.2846,0.5581,240.8750,enc,0.0000
1786091582.508436,0.0001,0.0,0.0,0.0000,0.0000,0.8423,0.2846,0.5581,240.8750,enc,0.0000
1786091582.577647,0.0692,0.0,0.0,0.0000,0.0000,0.8423,0.2846,0.5581,240.8750,enc,0.0000
1786091582.758056,0.1804,0.0,0.0,0.0000,0.0000,0.8423,0.2846,0.5581,240.8750,enc,0.0000
1786091582.782158,0.0241,0.0,0.0,0.0000,0.0000,0.8423,0.2846,0.5581,240.8750,enc,0.0000
1786091583.007061,0.2249,0.0,0.0,0.0000,0.0000,0.8423,0.2846,0.5581,240.8750,enc,0.0000
1786091583.007115,0.0001,0.0,0.0,0.0000,0.0000,0.8423,0.2846,0.5581,240.8750,enc,0.0000
1786091583.093635,0.0865,0.0,0.0,0.0000,0.0000,0.8423,0.2846,0.5581,240.8750,enc,0.0000
1786091583.258617,0.1650,0.0,0.0,0.0000,0.0000,0.8423,0.2846,0.5581,240.8750,enc,0.0000
1786091583.302731,0.0441,0.0,0.0,0.0000,0.0000,0.8423,0.2846,0.5581,240.8750,enc,0.0000
1786091583.508006,0.2053,0.0,0.0,0.0000,0.0000,0.8423,0.2846,0.5581,240.8750,enc,0.0000
1786091583.510342,0.0023,0.0,0.0,0.0000,0.0000,0.8423,0.2846,0.5581,240.8750,enc,0.0000
1786091583.756994,0.2467,0.0,0.0,0.0000,0.0000,0.8423,0.2846,0.5581,240.8750,enc,0.0000
1786091583.757051,0.0001,0.0,0.0,0.0000,0.0000,0.8423,0.2846,0.5581,240.8750,enc,0.0000
1786091583.822732,0.0657,0.0,0.0,0.0000,0.0000,0.8423,0.2846,0.5581,240.8750,enc,0.0000
1786091584.010333,0.1876,0.0,0.0,0.0000,0.0000,0.8423,0.2846,0.5581,240.8750,enc,0.0000
1786091584.027280,0.0169,0.0,0.0,0.0000,0.0000,0.8423,0.2846,0.5581,240.8750,enc,0.0000
1786091584.262592,0.2353,0.0,0.0,0.0000,0.0000,0.8423,0.2846,0.5581,240.8750,enc,0.0000
1786091584.264068,0.0015,0.0,0.0,0.0000,0.0000,0.8423,0.2846,0.5581,240.8750,enc,0.0000
1786091584.341071,0.0770,0.0,0.0,0.0000,0.0000,0.8423,0.2846,0.5581,240.8750,enc,0.0000
1786091584.521011,0.1799,0.0,0.0,0.0000,0.0000,0.8423,0.2846,0.5581,240.8750,enc,0.0000
1786091584.550089,0.0291,0.0,0.0,0.0000,0.0000,0.8423,0.2846,0.5581,240.8750,enc,0.0000
1786091584.774378,0.2243,0.0,0.0,0.0000,0.0000,0.8423,0.2846,0.5581,240.8750,enc,0.0000
1786091584.774425,0.0000,0.0,0.0,0.0000,0.0000,0.8423,0.2846,0.5581,240.8750,enc,0.0000
1786091584.858942,0.0845,0.0,0.0,0.0000,0.0000,0.8423,0.2846,0.5581,240.8750,enc,0.0000
1786091585.028789,0.1698,0.0,0.0,0.0000,0.0000,0.8423,0.2846,0.5581,240.8750,enc,0.0000
1786091585.065988,0.0372,0.0,0.0,0.0000,0.0000,0.8423,0.2846,0.5581,240.8750,enc,0.0000
1786091585.174572,0.1086,0.0,0.0,0.0000,0.0000,0.8423,0.2846,0.5581,240.8750,enc,0.0000
1786091585.277355,0.1028,0.0,0.0,0.0000,0.0000,0.8423,0.2846,0.5581,240.8750,enc,0.0000
1786091585.380829,0.1035,0.0,0.0,0.0000,0.0000,0.8423,0.2846,0.5581,240.8750,enc,0.0000
1786091585.484580,0.1038,0.0,0.0,0.0000,0.0000,0.8423,0.2846,0.5581,240.8750,enc,0.0000
1786091585.585599,0.1010,0.0,0.0,0.0000,0.0000,0.8423,0.2846,0.5581,240.8750,enc,0.0000
1786091585.695067,0.1095,0.0,0.0,0.0000,0.0000,0.8423,0.2846,0.5581,240.8750,enc,0.0000
1786091585.795766,0.1007,0.0,0.0,0.0000,0.0000,0.8423,0.2846,0.5581,240.8750,enc,0.0000
1786091585.897228,0.1015,0.0,0.0,0.0000,0.0000,0.8423,0.2846,0.5581,240.8750,enc,0.0000
1786091586.002550,0.1053,0.0,0.0,0.0000,0.0000,0.8423,0.2846,0.5581,240.8750,enc,0.0000
1786091586.103949,0.1014,0.0,0.0,0.0000,0.0000,0.8423,0.2846,0.5581,240.8750,enc,0.0000
1786091586.206881,0.1029,0.0,0.0,0.0000,0.0000,0.8423,0.2846,0.5581,240.8750,enc,0.0000
1786091586.313111,0.1062,0.0,0.0,0.0000,0.0000,0.8423,0.2846,0.5581,240.8750,enc,0.0000
1786091586.416204,0.1031,0.0,0.0,0.0000,0.0000,0.8423,0.2846,0.5581,240.8750,enc,0.0000
1786091586.522092,0.1059,0.0,0.0,0.0000,0.0000,0.8423,0.2846,0.5581,240.8750,enc,0.0000
1786091586.626087,0.1040,0.0,0.0,0.0000,0.0000,0.8423,0.2846,0.5581,240.8750,enc,0.0000
1786091586.729502,0.1034,0.0,0.0,0.0000,0.0000,0.8423,0.2846,0.5581,240.8750,enc,0.0000
1786091586.831506,0.1020,0.0,0.0,0.0000,0.0000,0.8423,0.2846,0.5581,240.8750,enc,0.0000
1786091586.935072,0.1036,0.0,0.0,0.0000,0.0000,0.8423,0.2846,0.5581,240.8750,enc,0.0000
1786091587.041062,0.1060,0.0,0.0,0.0000,0.0000,0.8423,0.2846,0.5581,240.8750,enc,0.0000
1786091587.145758,0.1047,0.0,0.0,0.0000,0.0000,0.8423,0.2846,0.5581,240.8750,enc,0.0000
1786091587.245011,0.0993,0.0,0.0,0.0000,0.0000,0.8423,0.2846,0.5581,240.8750,enc,0.0000
1786091587.351046,0.1060,0.0,0.0,0.0000,0.0000,0.8423,0.2846,0.5581,240.8750,enc,0.0000
1786091587.451176,0.1001,0.0,0.0,0.0000,0.0000,0.8423,0.2846,0.5581,240.8750,enc,0.0000
1786091587.555440,0.1043,0.0,0.0,0.0000,0.0000,0.8423,0.2846,0.5581,240.8750,enc,0.0000
1786091587.661799,0.1064,0.0,0.0,0.0000,0.0000,0.8423,0.2846,0.5581,240.8750,enc,0.0000
1786091587.764303,0.1025,0.0,0.0,0.0000,0.0000,0.8423,0.2846,0.5581,240.8750,enc,0.0000
1786091587.865380,0.1011,0.0,0.0,0.0000,0.0000,0.8423,0.2846,0.5581,240.8750,enc,0.0000
1786091587.972015,0.1066,0.0,0.0,0.0000,0.0000,0.8423,0.2846,0.5581,240.8750,enc,0.0000
1786091588.075502,0.1035,0.0,0.0,0.0000,0.0000,0.8423,0.2846,0.5581,240.8750,enc,0.0000
1786091588.179657,0.1042,0.0,0.0,0.0000,0.0000,0.8423,0.2846,0.5581,240.8750,enc,0.0000
1786091588.287919,0.1083,0.0,0.0,0.0000,0.0000,0.8423,0.2846,0.5581,240.8750,enc,0.0000
1786091588.389032,0.1011,0.0,0.0,0.0000,0.0000,0.8423,0.2846,0.5581,240.8750,enc,0.0000
1786091588.490974,0.1019,0.0,0.0,0.0000,0.0000,0.8423,0.2846,0.5581,240.8750,enc,0.0000
1786091588.592498,0.1015,0.0,0.0,0.0000,0.0000,0.8423,0.2846,0.5581,240.8750,enc,0.0000
1786091588.700013,0.1075,0.0,0.0,0.0000,0.0000,0.8423,0.2846,0.5581,240.8750,enc,0.0000
1786091588.799865,0.0999,0.0,0.0,0.0000,0.0000,0.8423,0.2846,0.5581,240.8750,enc,0.0000
1786091588.902656,0.1028,0.0,0.0,0.0000,0.0000,0.8423,0.2846,0.5581,240.8750,enc,0.0000
1786091589.008869,0.1062,0.0,0.0,0.0000,0.0000,0.8423,0.2846,0.5581,240.8750,enc,0.0000
1786091589.111163,0.1023,0.0,0.0,0.0000,0.0000,0.8423,0.2846,0.5581,240.8750,enc,0.0000
1786091589.214032,0.1029,0.0,0.0,0.0000,0.0000,0.8423,0.2846,0.5581,240.8750,enc,0.0000
1786091589.321029,0.1070,0.0,0.0,0.0000,0.0000,0.8423,0.2846,0.5581,240.8750,enc,0.0000
1786091589.423001,0.1020,0.0,0.0,0.0000,0.0000,0.8423,0.2846,0.5581,240.8750,enc,0.0000
1786091589.527271,0.1043,0.0,0.0,0.0000,0.0000,0.8423,0.2846,0.5581,240.8750,enc,0.0000
1786091589.632074,0.1048,0.0,0.0,0.0000,0.0000,0.8423,0.2846,0.5581,240.8750,enc,0.0000
1786091589.733369,0.1013,0.0,0.0,0.0000,0.0000,0.8423,0.2846,0.5581,240.8750,enc,0.0000
1786091589.838379,0.1050,0.0,0.0,0.0000,0.0000,0.8423,0.2846,0.5581,240.8750,enc,0.0000
1786091589.941938,0.1036,0.0,0.0,0.0000,0.0000,0.8423,0.2846,0.5581,240.8750,enc,0.0000
1786091590.046452,0.1045,0.0,0.0,0.0000,0.0000,0.8423,0.2846,0.5581,240.8750,enc,0.0000
1786091590.152224,0.1058,0.0,0.0,0.0000,0.0000,0.8423,0.2846,0.5581,240.8750,enc,0.0000
1786091590.249970,0.0977,0.0,0.0,0.0000,0.0000,0.8423,0.2846,0.5581,240.8750,enc,0.0000
1786091590.360039,0.1101,0.0,0.0,0.0000,0.0000,0.8423,0.2846,0.5581,240.8750,enc,0.0000
1786091590.459059,0.0990,0.0,0.0,0.0000,0.0000,0.8423,0.2846,0.5581,240.8750,enc,0.0000
1786091590.561802,0.1027,0.0,0.0,0.0000,0.0000,0.8423,0.2846,0.5581,240.8750,enc,0.0000
1786091590.669066,0.1073,0.0,0.0,0.0000,0.0000,0.8423,0.2846,0.5581,240.8750,enc,0.0000
1786091590.768438,0.0994,0.0,0.0,0.0000,0.0000,0.8423,0.2846,0.5581,240.8750,enc,0.0000
1786091590.871332,0.1029,0.0,0.0,0.0000,0.0000,0.8423,0.2846,0.5581,240.8750,enc,0.0000
1786091590.978093,0.1068,0.0,0.0,0.0000,0.0000,0.8423,0.2846,0.5581,240.8750,enc,0.0000
1786091591.082758,0.1047,0.0,0.0,0.0000,0.0000,0.8423,0.2846,0.5581,240.8750,enc,0.0000
1786091591.185309,0.1026,0.0,0.0,0.0000,0.0000,0.8423,0.2846,0.5581,240.8750,enc,0.0000
1786091591.289124,0.1038,0.0,0.0,0.0000,0.0000,0.8423,0.2846,0.5581,240.8750,enc,0.0000
1786091591.392835,0.1037,0.0,0.0,0.0000,0.0000,0.8423,0.2846,0.5581,240.8750,enc,0.0000
1786091591.496106,0.1033,0.0,0.0,0.0000,0.0000,0.8423,0.2846,0.5581,240.8750,enc,0.0000
1786091591.603736,0.1076,0.0,0.0,0.0000,0.0000,0.8423,0.2846,0.5581,240.8750,enc,0.0000
1786091591.704432,0.1007,0.0,0.0,0.0000,0.0000,0.8423,0.2846,0.5581,240.8750,enc,0.0000
1786091591.807070,0.1026,0.0,0.0,0.0000,0.0000,0.8423,0.2846,0.5581,240.8750,enc,0.0000
1786091591.909353,0.1023,0.0,0.0,0.0000,0.0000,0.8423,0.2846,0.5581,240.8750,enc,0.0000
1786091592.014957,0.1056,0.0,0.0,0.0000,0.0000,0.8423,0.2846,0.5581,240.8750,enc,0.0000
1786091592.115638,0.1007,0.0,0.0,0.0000,0.0000,0.8423,0.2846,0.5581,240.8750,enc,0.0000
1786091592.220206,0.1046,0.0,0.0,0.0000,0.0000,0.8423,0.2846,0.5581,240.8750,enc,0.0000
1786091592.329053,0.1088,0.0,0.0,0.0000,0.0000,0.8423,0.2846,0.5581,240.8750,enc,0.0000
1786091592.427171,0.0981,0.0,0.0,0.0000,0.0000,0.8423,0.2846,0.5581,240.8750,enc,0.0000
1786091592.531253,0.1041,0.0,0.0,0.0000,0.0000,0.8423,0.2846,0.5581,240.8750,enc,0.0000
1786091592.644004,0.1128,0.0,0.0,0.0000,0.0000,0.8423,0.2846,0.5581,240.8750,enc,0.0000
1786091592.745045,0.1010,0.0,0.0,0.0000,0.0000,0.8423,0.2846,0.5581,240.8750,enc,0.0000
1786091592.843429,0.0984,0.0,0.0,0.0000,0.0000,0.8423,0.2846,0.5581,240.8750,enc,0.0000
1786091592.948054,0.1046,0.0,0.0,0.0000,0.0000,0.8423,0.2846,0.5581,240.8750,enc,0.0000
1786091593.051348,0.1033,0.0,0.0,0.0000,0.0000,0.8423,0.2846,0.5581,240.8750,enc,0.0000
1786091593.155778,0.1044,0.0,0.0,0.0000,0.0000,0.8423,0.2846,0.5581,240.8750,enc,0.0000
1786091593.256465,0.1007,0.0,0.0,0.0000,0.0000,0.8423,0.2846,0.5581,240.8750,enc,0.0000
1786091593.365066,0.1086,0.0,0.0,0.0000,0.0000,0.8423,0.2846,0.5581,240.8750,enc,0.0000
1786091593.464042,0.0990,0.0,0.0,0.0000,0.0000,0.8423,0.2846,0.5581,240.8750,enc,0.0000
1786091593.566999,0.1030,0.0,0.0,0.0000,0.0000,0.8423,0.2846,0.5581,240.8750,enc,0.0000
1786091593.670276,0.1033,0.0,0.0,0.0000,0.0000,0.8423,0.2846,0.5581,240.8750,enc,0.0000
1786091593.778061,0.1078,0.0,0.0,0.0000,0.0000,0.8423,0.2846,0.5581,240.8750,enc,0.0000
1786091593.878382,0.1003,0.0,0.0,0.0000,0.0000,0.8423,0.2846,0.5581,240.8750,enc,0.0000
1786091593.981237,0.1029,0.0,0.0,0.0000,0.0000,0.8423,0.2846,0.5581,240.8750,enc,0.0000
1786091594.089327,0.1081,0.0,0.0,0.0000,0.0000,0.8423,0.2846,0.5581,240.8750,enc,0.0000
1786091594.188130,0.0988,0.0,0.0,0.0000,0.0000,0.8423,0.2846,0.5581,240.8750,enc,0.0000
1786091594.297008,0.1089,0.0,0.0,0.0000,0.0000,0.8423,0.2846,0.5581,240.8750,enc,0.0000
1786091594.400999,0.1040,0.0,0.0,0.0000,0.0000,0.8423,0.2846,0.5581,240.8750,enc,0.0000
1786091594.503022,0.1020,0.0,0.0,0.0000,0.0000,0.8423,0.2846,0.5581,240.8750,enc,0.0000
1786091594.605723,0.1027,0.0,0.0,0.0000,0.0000,0.8423,0.2846,0.5581,240.8750,enc,0.0000
1786091594.712785,0.1071,0.0,0.0,0.0000,0.0000,0.8423,0.2846,0.5581,240.8750,enc,0.0000
1786091594.813570,0.1008,0.0,0.0,0.0000,0.0000,0.8423,0.2846,0.5581,240.8750,enc,0.0000
1786091594.914619,0.1010,0.0,0.0,0.0000,0.0000,0.8423,0.2846,0.5581,240.8750,enc,0.0000
1786091595.021848,0.1072,0.0,0.0,0.0000,0.0000,0.8423,0.2846,0.5581,240.8750,enc,0.0000
1786091595.256174,0.2343,0.0,0.0,0.0000,0.0000,0.8423,0.2846,0.5581,240.8750,enc,0.0000
1786091595.256230,0.0001,0.0,0.0,0.0000,0.0000,0.8423,0.2846,0.5581,240.8750,enc,0.0000
1786091595.333449,0.0772,0.0,0.0,0.0000,0.0000,0.8423,0.2846,0.5581,240.8750,enc,0.0000
1786091595.511436,0.1780,0.0,0.0,0.0000,0.0000,0.8423,0.2846,0.5581,240.8750,enc,0.0000
1786091595.536811,0.0254,0.0,0.0,0.0000,0.0000,0.8423,0.2846,0.5581,240.8750,enc,0.0000
1786091595.756347,0.2195,0.0,0.0,0.0000,0.0000,0.8423,0.2846,0.5581,240.8750,enc,0.0000
1786091595.756418,0.0001,0.0,0.0,0.0000,0.0000,0.8423,0.2846,0.5581,240.8750,enc,0.0000
1786091595.851070,0.0947,0.0,0.0,0.0000,0.0000,0.8423,0.2846,0.5581,240.8750,enc,0.0000
1786091596.001379,0.1503,0.0,0.0,0.0000,0.0000,0.8423,0.2846,0.5581,240.8750,enc,0.0000
1786091596.058475,0.0571,0.0,0.0,0.0000,0.0000,0.8423,0.2846,0.5581,240.8750,enc,0.0000
1786091596.245827,0.1874,0.0,0.0,0.0000,0.0000,0.8423,0.2846,0.5581,240.8750,enc,0.0000
1786091596.263653,0.0178,0.0,0.0,0.0000,0.0000,0.8423,0.2846,0.5581,240.8750,enc,0.0000
1786091596.506946,0.2433,0.0,0.0,0.0000,0.0000,0.8423,0.2846,0.5581,240.8750,enc,0.0000
1786091596.507008,0.0001,0.0,0.0,0.0000,0.0000,0.8423,0.2846,0.5581,240.8750,enc,0.0000
1786091596.576176,0.0692,0.0,0.0,0.0000,0.0000,0.8423,0.2846,0.5581,240.8750,enc,0.0000
1786091596.753075,0.1769,0.0,0.0,0.0000,0.0000,0.8423,0.2846,0.5581,240.8750,enc,0.0000
1786091596.786359,0.0333,0.0,0.0,0.0000,0.0000,0.8423,0.2846,0.5581,240.8750,enc,0.0000
1786091597.003436,0.2171,0.0,0.0,0.0000,0.0000,0.8423,0.2846,0.5581,240.8750,enc,0.0000
1786091597.003518,0.0001,0.0,0.0,0.0000,0.0000,0.8423,0.2846,0.5581,240.8750,enc,0.0000
1786091597.102504,0.0990,0.0,0.0,0.0000,0.0000,0.8423,0.2846,0.5581,240.8750,enc,0.0000
1786091597.272436,0.1699,0.0,0.0,0.0000,0.0000,0.8423,0.2846,0.5581,240.8750,enc,0.0000
1786091597.305199,0.0328,0.0,0.0,0.0000,0.0000,0.8423,0.2846,0.5581,240.8750,enc,0.0000
1786091597.503829,0.1986,0.0,0.0,0.0000,0.0000,0.8423,0.2846,0.5581,240.8750,enc,0.0000
1786091597.514382,0.0106,0.0,0.0,0.0000,0.0000,0.8423,0.2846,0.5581,240.8750,enc,0.0000
1786091597.751808,0.2374,0.0,0.0,0.0000,0.0000,0.8423,0.2846,0.5581,240.8750,enc,0.0000
1786091597.751863,0.0001,0.0,0.0,0.0000,0.0000,0.8423,0.2846,0.5581,240.8750,enc,0.0000
1786091597.828125,0.0763,0.0,0.0,0.0000,0.0000,0.8423,0.2846,0.5581,240.8750,enc,0.0000
1786091598.001737,0.1736,0.0,0.0,0.0000,0.0000,0.8423,0.2846,0.5581,240.8750,enc,0.0000
1786091598.037033,0.0353,0.0,0.0,0.0000,0.0000,0.8423,0.2846,0.5581,240.8750,enc,0.0000
1786091598.252264,0.2152,0.0,0.0,0.0000,0.0000,0.8423,0.2846,0.5581,240.8750,enc,0.0000
1786091598.252315,0.0001,0.0,0.0,0.0000,0.0000,0.8423,0.2846,0.5581,240.8750,enc,0.0000
1786091598.350376,0.0981,0.0,0.0,0.0000,0.0000,0.8423,0.2846,0.5581,240.8750,enc,0.0000
1786091598.505010,0.1546,0.0,0.0,0.0000,0.0000,0.8423,0.2846,0.5581,240.8750,enc,0.0000
1786091598.559094,0.0541,0.0,0.0,0.0000,0.0000,0.8423,0.2846,0.5581,240.8750,enc,0.0000
1786091598.756611,0.1975,0.0,0.0,0.0000,0.0000,0.8423,0.2846,0.5581,240.8750,enc,0.0000
1786091598.763776,0.0072,0.0,0.0,0.0000,0.0000,0.8423,0.2846,0.5581,240.8750,enc,0.0000
1786091599.005986,0.2422,0.0,0.0,0.0000,0.0000,0.8423,0.2846,0.5581,240.8750,enc,0.0000
1786091599.006061,0.0001,0.0,0.0,0.0000,0.0000,0.8423,0.2846,0.5581,240.8750,enc,0.0000
1786091599.077661,0.0716,0.0,0.0,0.0000,0.0000,0.8423,0.2846,0.5581,240.8750,enc,0.0000
1786091599.259363,0.1817,0.0,0.0,0.0000,0.0000,0.8423,0.2846,0.5581,240.8750,enc,0.0000
1786091599.281843,0.0225,0.0,0.0,0.0000,0.0000,0.8423,0.2846,0.5581,240.8750,enc,0.0000
1786091599.513709,0.2319,0.0,0.0,0.0000,0.0000,0.8423,0.2846,0.5581,240.8750,enc,0.0000
1786091599.513778,0.0001,0.0,0.0,0.0000,0.0000,0.8423,0.2846,0.5581,240.8750,enc,0.0000
1786091599.592251,0.0785,0.0,0.0,0.0000,0.0000,0.8423,0.2846,0.5581,240.8750,enc,0.0000
1786091599.778934,0.1867,0.0,0.0,0.0000,0.0000,0.8423,0.2846,0.5581,240.8750,enc,0.0000
1786091599.799530,0.0206,0.0,0.0,0.0000,0.0000,0.8423,0.2846,0.5581,240.8750,enc,0.0000
1786091600.021606,0.2221,0.0,0.0,0.0000,0.0000,0.8423,0.2846,0.5581,240.8750,enc,0.0000
1786091600.021674,0.0001,0.0,0.0,0.0000,0.0000,0.8423,0.2846,0.5581,240.8750,enc,0.0000
1786091600.112940,0.0913,0.0,0.0,0.0000,0.0000,0.8423,0.2846,0.5581,240.8750,enc,0.0000
1786091600.219956,0.1070,0.0,0.0,0.0000,0.0000,0.8423,0.2846,0.5581,240.8750,enc,0.0000
1786091600.318028,0.0981,0.0,0.0,0.0000,0.0000,0.8423,0.2846,0.5581,240.8750,enc,0.0000
1786091600.426449,0.1084,0.0,0.0,0.0000,0.0000,0.8423,0.2846,0.5581,240.8750,enc,0.0000
1786091600.528425,0.1020,0.0,0.0,0.0000,0.0000,0.8423,0.2846,0.5581,240.8750,enc,0.0000
1786091600.630813,0.1024,0.0,0.0,0.0000,0.0000,0.8423,0.2846,0.5581,240.8750,enc,0.0000
1786091600.738651,0.1078,0.0,0.0,0.0000,0.0000,0.8423,0.2846,0.5581,240.8750,enc,0.0000
1786091600.842436,0.1038,0.0,0.0,0.0000,0.0000,0.8423,0.2846,0.5581,240.8750,enc,0.0000
1786091600.944550,0.1021,0.0,0.0,0.0000,0.0000,0.8423,0.2846,0.5581,240.8750,enc,0.0000
1786091601.051027,0.1065,0.0,0.0,0.0000,0.0000,0.8423,0.2846,0.5581,240.8750,enc,0.0000
1786091601.155194,0.1042,0.0,0.0,0.0000,0.0000,0.8423,0.2846,0.5581,240.8750,enc,0.0000
1786091601.257511,0.1023,0.0,0.0,0.0000,0.0000,0.8423,0.2846,0.5581,240.8750,enc,0.0000
1786091601.359194,0.1017,0.0,0.0,0.0000,0.0000,0.8423,0.2846,0.5581,240.8750,enc,0.0000
1786091601.464378,0.1052,0.0,0.0,0.0000,0.0000,0.8423,0.2846,0.5581,240.8750,enc,0.0000
1786091601.566509,0.1021,0.0,0.0,0.0000,0.0000,0.8423,0.2846,0.5581,240.8750,enc,0.0000
1786091601.667965,0.1015,0.0,0.0,0.0000,0.0000,0.8423,0.2846,0.5581,240.8750,enc,0.0000
1786091601.777050,0.1091,0.0,0.0,0.0000,0.0000,0.8423,0.2846,0.5581,240.8750,enc,0.0000
1786091601.875170,0.0981,0.0,0.0,0.0000,0.0000,0.8423,0.2846,0.5581,240.8750,enc,0.0000
1786091601.981136,0.1060,0.0,0.0,0.0000,0.0000,0.8423,0.2846,0.5581,240.8750,enc,0.0000
1786091602.088887,0.1078,0.0,0.0,0.0000,0.0000,0.8423,0.2846,0.5581,240.8750,enc,0.0000
1786091602.188938,0.1001,0.0,0.0,0.0000,0.0000,0.8423,0.2846,0.5581,240.8750,enc,0.0000
1786091602.292937,0.1040,0.0,0.0,0.0000,0.0000,0.8423,0.2846,0.5581,240.8750,enc,0.0000
1786091602.400120,0.1072,0.0,0.0,0.0000,0.0000,0.8423,0.2846,0.5581,240.8750,enc,0.0000
1786091602.505256,0.1051,0.0,0.0,0.0000,0.0000,0.8423,0.2846,0.5581,240.8750,enc,0.0000
1786091602.608204,0.1029,0.0,0.0,0.0000,0.0000,0.8423,0.2846,0.5581,240.8750,enc,0.0000
1786091602.716197,0.1080,0.0,0.0,0.0000,0.0000,0.8423,0.2846,0.5581,240.8750,enc,0.0000
1786091602.815344,0.0991,0.0,0.0,0.0000,0.0000,0.8423,0.2846,0.5581,240.8750,enc,0.0000
1786091602.919644,0.1043,0.0,0.0,0.0000,0.0000,0.8423,0.2846,0.5581,240.8750,enc,0.0000
1786091603.021051,0.1014,0.0,0.0,0.0000,0.0000,0.8423,0.2846,0.5581,240.8750,enc,0.0000
1786091603.128038,0.1070,0.0,0.0,0.0000,0.0000,0.8423,0.2846,0.5581,240.8750,enc,0.0000
1786091603.231498,0.1035,0.0,0.0,0.0000,0.0000,0.8423,0.2846,0.5581,240.8750,enc,0.0000
1786091603.331831,0.1003,0.0,0.0,0.0000,0.0000,0.8423,0.2846,0.5581,240.8750,enc,0.0000
1786091603.439827,0.1080,0.0,0.0,0.0000,0.0000,0.8423,0.2846,0.5581,240.8750,enc,0.0000
1786091603.539072,0.0992,0.0,0.0,0.0000,0.0000,0.8423,0.2846,0.5581,240.8750,enc,0.0000
1786091603.644588,0.1055,0.0,0.0,0.0000,0.0000,0.8423,0.2846,0.5581,240.8750,enc,0.0000
1786091603.750520,0.1059,0.0,0.0,0.0000,0.0000,0.8423,0.2846,0.5581,240.8750,enc,0.0000
1786091603.850298,0.0998,0.0,0.0,0.0000,0.0000,0.8423,0.2846,0.5581,240.8750,enc,0.0000
1786091603.961688,0.1114,0.0,0.0,0.0000,0.0000,0.8423,0.2846,0.5581,240.8750,enc,0.0000
1786091604.070048,0.1084,0.0,0.0,0.0000,0.0000,0.8423,0.2846,0.5581,240.8750,enc,0.0000
1786091604.162167,0.0921,0.0,0.0,0.0000,0.0000,0.8423,0.2846,0.5581,240.8750,enc,0.0000
1786091604.268322,0.1062,0.0,0.0,0.0000,0.0000,0.8423,0.2846,0.5581,240.8750,enc,0.0000
1786091604.372351,0.1040,0.0,0.0,0.0000,0.0000,0.8423,0.2846,0.5581,240.8750,enc,0.0000
1786091604.474525,0.1022,0.0,0.0,0.0000,0.0000,0.8423,0.2846,0.5581,240.8750,enc,0.0000
1786091604.579719,0.1052,0.0,0.0,0.0000,0.0000,0.8423,0.2846,0.5581,240.8750,enc,0.0000
1786091604.680486,0.1008,0.0,0.0,0.0000,0.0000,0.8423,0.2846,0.5581,240.8750,enc,0.0000
1786091604.787915,0.1074,0.0,0.0,0.0000,0.0000,0.8423,0.2846,0.5581,240.8750,enc,0.0000
1786091604.888060,0.1001,0.0,0.0,0.0000,0.0000,0.8423,0.2846,0.5581,240.8750,enc,0.0000
1786091604.991891,0.1038,0.0,0.0,0.0000,0.0000,0.8423,0.2846,0.5581,240.8750,enc,0.0000
1786091605.099991,0.1081,0.0,0.0,0.0000,0.0000,0.8423,0.2846,0.5581,240.8750,enc,0.0000
1786091605.200052,0.1001,0.0,0.0,0.0000,0.0000,0.8423,0.2846,0.5581,240.8750,enc,0.0000
1786091605.308912,0.1089,0.0,0.0,0.0000,0.0000,0.8423,0.2846,0.5581,240.8750,enc,0.0000
1786091605.409730,0.1008,0.0,0.0,0.0000,0.0000,0.8423,0.2846,0.5581,240.8750,enc,0.0000
1786091605.513503,0.1038,0.0,0.0,0.0000,0.0000,0.8423,0.2846,0.5581,240.8750,enc,0.0000
1786091605.617701,0.1042,0.0,0.0,0.0000,0.0000,0.8423,0.2846,0.5581,240.8750,enc,0.0000
1786091605.721445,0.1037,0.0,0.0,0.0000,0.0000,0.8423,0.2846,0.5581,240.8750,enc,0.0000
1786091605.826839,0.1054,0.0,0.0,0.0000,0.0000,0.8423,0.2846,0.5581,240.8750,enc,0.0000
1786091605.928853,0.1020,0.0,0.0,0.0000,0.0000,0.8423,0.2846,0.5581,240.8750,enc,0.0000
1786091606.031908,0.1031,0.0,0.0,0.0000,0.0000,0.8423,0.2846,0.5581,240.8750,enc,0.0000
1786091606.136516,0.1046,0.0,0.0,0.0000,0.0000,0.8423,0.2846,0.5581,240.8750,enc,0.0000
1786091606.241303,0.1048,0.0,0.0,0.0000,0.0000,0.8423,0.2846,0.5581,240.8750,enc,0.0000
1786091606.341522,0.1002,0.0,0.0,0.0000,0.0000,0.8423,0.2846,0.5581,240.8750,enc,0.0000
1786091606.446749,0.1052,0.0,0.0,0.0000,0.0000,0.8423,0.2846,0.5581,240.8750,enc,0.0000
1786091606.548027,0.1013,0.0,0.0,0.0000,0.0000,0.8423,0.2846,0.5581,240.8750,enc,0.0000
1786091606.651193,0.1032,0.0,0.0,0.0000,0.0000,0.8423,0.2846,0.5581,240.8750,enc,0.0000
1786091606.758331,0.1071,0.0,0.0,0.0000,0.0000,0.8423,0.2846,0.5581,240.8750,enc,0.0000
1786091606.861934,0.1036,0.0,0.0,0.0000,0.0000,0.8423,0.2846,0.5581,240.8750,enc,0.0000
1786091606.965025,0.1031,0.0,0.0,0.0000,0.0000,0.8423,0.2846,0.5581,240.8750,enc,0.0000
1786091607.070946,0.1059,0.0,0.0,0.0000,0.0000,0.8423,0.2846,0.5581,240.8750,enc,0.0000
1786091607.173660,0.1027,0.0,0.0,0.0000,0.0000,0.8423,0.2846,0.5581,240.8750,enc,0.0000
1786091607.276333,0.1027,0.0,0.0,0.0000,0.0000,0.8423,0.2846,0.5581,240.8750,enc,0.0000
1786091607.379718,0.1034,0.0,0.0,0.0000,0.0000,0.8423,0.2846,0.5581,240.8750,enc,0.0000
1786091607.485373,0.1057,0.0,0.0,0.0000,0.0000,0.8423,0.2846,0.5581,240.8750,enc,0.0000
1786091607.588071,0.1027,0.0,0.0,0.0000,0.0000,0.8423,0.2846,0.5581,240.8750,enc,0.0000
1786091607.690632,0.1026,0.0,0.0,0.0000,0.0000,0.8423,0.2846,0.5581,240.8750,enc,0.0000
1786091607.795941,0.1053,0.0,0.0,0.0000,0.0000,0.8423,0.2846,0.5581,240.8750,enc,0.0000
1786091607.896563,0.1006,0.0,0.0,0.0000,0.0000,0.8423,0.2846,0.5581,240.8750,enc,0.0000
1786091608.002044,0.1055,0.0,0.0,0.0000,0.0000,0.8423,0.2846,0.5581,240.8750,enc,0.0000
1786091608.108950,0.1069,0.0,0.0,0.0000,0.0000,0.8423,0.2846,0.5581,240.8750,enc,0.0000
1786091608.214120,0.1052,0.0,0.0,0.0000,0.0000,0.8423,0.2846,0.5581,240.8750,enc,0.0000
1786091608.317801,0.1037,0.0,0.0,0.0000,0.0000,0.8423,0.2846,0.5581,240.8750,enc,0.0000
1786091608.421917,0.1041,0.0,0.0,0.0000,0.0000,0.8423,0.2846,0.5581,240.8750,enc,0.0000
1786091608.527689,0.1058,0.0,0.0,0.0000,0.0000,0.8423,0.2846,0.5581,240.8750,enc,0.0000
1786091608.630482,0.1028,0.0,0.0,0.0000,0.0000,0.8423,0.2846,0.5581,240.8750,enc,0.0000
1786091608.732198,0.1017,0.0,0.0,0.0000,0.0000,0.8423,0.2846,0.5581,240.8750,enc,0.0000
1786091608.835359,0.1032,0.0,0.0,0.0000,0.0000,0.8423,0.2846,0.5581,240.8750,enc,0.0000
1786091608.938941,0.1036,0.0,0.0,0.0000,0.0000,0.8423,0.2846,0.5581,240.8750,enc,0.0000
1786091609.040997,0.1021,0.0,0.0,0.0000,0.0000,0.8423,0.2846,0.5581,240.8750,enc,0.0000
1786091609.149039,0.1080,0.0,0.0,0.0000,0.0000,0.8423,0.2846,0.5581,240.8750,enc,0.0000
1786091609.248251,0.0992,0.0,0.0,0.0000,0.0000,0.8423,0.2846,0.5581,240.8750,enc,0.0000
1786091609.350475,0.1022,0.0,0.0,0.0000,0.0000,0.8423,0.2846,0.5581,240.8750,enc,0.0000
1786091609.458369,0.1079,0.0,0.0,0.0000,0.0000,0.8423,0.2846,0.5581,240.8750,enc,0.0000
1786091609.561091,0.1027,0.0,0.0,0.0000,0.0000,0.8423,0.2846,0.5581,240.8750,enc,0.0000
1786091609.664391,0.1033,0.0,0.0,0.0000,0.0000,0.8423,0.2846,0.5581,240.8750,enc,0.0000
1786091609.775804,0.1114,0.0,0.0,0.0000,0.0000,0.8423,0.2846,0.5581,240.8750,enc,0.0000
1786091609.872738,0.0969,0.0,0.0,0.0000,0.0000,0.8423,0.2846,0.5581,240.8750,enc,0.0000
1786091609.976547,0.1038,0.0,0.0,0.0000,0.0000,0.8423,0.2846,0.5581,240.8750,enc,0.0000
1786091610.080878,0.1043,0.0,0.0,0.0000,0.0000,0.8423,0.2846,0.5581,240.8750,enc,0.0000
1786091610.262664,0.1818,0.0,0.0,0.0000,0.0000,0.8423,0.2846,0.5581,240.8750,enc,0.0000
1786091610.284068,0.0214,0.0,0.0,0.0000,0.0000,0.8423,0.2846,0.5581,240.8750,enc,0.0000
1786091610.506617,0.2225,0.0,0.0,0.0000,0.0000,0.8423,0.2846,0.5581,240.8750,enc,0.0000
1786091610.506658,0.0000,0.0,0.0,0.0000,0.0000,0.8423,0.2846,0.5581,240.8750,enc,0.0000
1786091610.598819,0.0922,0.0,0.0,0.0000,0.0000,0.8423,0.2846,0.5581,240.8750,enc,0.0000
1786091610.752815,0.1540,0.0,0.0,0.0000,0.0000,0.8423,0.2846,0.5581,240.8750,enc,0.0000
1786091610.805860,0.0530,0.0,0.0,0.0000,0.0000,0.8423,0.2846,0.5581,240.8750,enc,0.0000
1786091611.008089,0.2022,0.0,0.0,0.0000,0.0000,0.8423,0.2846,0.5581,240.8750,enc,0.0000
1786091611.012901,0.0048,0.0,0.0,0.0000,0.0000,0.8423,0.2846,0.5581,240.8750,enc,0.0000
1786091611.245538,0.2326,0.0,0.0,0.0000,0.0000,0.8423,0.2846,0.5581,240.8750,enc,0.0000
1786091611.246555,0.0010,0.0,0.0,0.0000,0.0000,0.8423,0.2846,0.5581,240.8750,enc,0.0000
1786091611.326326,0.0798,0.0,0.0,0.0000,0.0000,0.8423,0.2846,0.5581,240.8750,enc,0.0000
1786091611.498956,0.1726,0.0,0.0,0.0000,0.0000,0.8423,0.2846,0.5581,240.8750,enc,0.0000
1786091611.531365,0.0324,0.0,0.0,0.0000,0.0000,0.8423,0.2846,0.5581,240.8750,enc,0.0000
1786091611.753059,0.2217,0.0,0.0,0.0000,0.0000,0.8423,0.2846,0.5581,240.8750,enc,0.0000
1786091611.753107,0.0000,0.0,0.0,0.0000,0.0000,0.8423,0.2846,0.5581,240.8750,enc,0.0000
1786091611.842495,0.0894,0.0,0.0,0.0000,0.0000,0.8423,0.2846,0.5581,240.8750,enc,0.0000
1786091612.005614,0.1631,0.0,0.0,0.0000,0.0000,0.8423,0.2846,0.5581,240.8750,enc,0.0000
1786091612.048486,0.0429,0.0,0.0,0.0000,0.0000,0.8423,0.2846,0.5581,240.8750,enc,0.0000
1786091612.251022,0.2025,0.0,0.0,0.0000,0.0000,0.8423,0.2846,0.5581,240.8750,enc,0.0000
1786091612.258569,0.0075,0.0,0.0,0.0000,0.0000,0.8423,0.2846,0.5581,240.8750,enc,0.0000
1786091612.499963,0.2414,0.0,0.0,0.0000,0.0000,0.8423,0.2846,0.5581,240.8750,enc,0.0000
1786091612.500016,0.0001,0.0,0.0,0.0000,0.0000,0.8423,0.2846,0.5581,240.8750,enc,0.0000
1786091612.567254,0.0672,0.0,0.0,0.0000,0.0000,0.8423,0.2846,0.5581,240.8750,enc,0.0000
1786091612.749074,0.1818,0.0,0.0,0.0000,0.0000,0.8423,0.2846,0.5581,240.8750,enc,0.0000
1786091612.774940,0.0259,0.0,0.0,0.0000,0.0000,0.8423,0.2846,0.5581,240.8750,enc,0.0000
1786091612.999443,0.2245,0.0,0.0,0.0000,0.0000,0.8423,0.2846,0.5581,240.8750,enc,0.0000
1786091612.999495,0.0001,0.0,0.0,0.0000,0.0000,0.8423,0.2846,0.5581,240.8750,enc,0.0000
1786091613.089339,0.0898,0.0,0.0,0.0000,0.0000,0.8423,0.2846,0.5581,240.8750,enc,0.0000
1786091613.248195,0.1589,0.0,0.0,0.0000,0.0000,0.8423,0.2846,0.5581,240.8750,enc,0.0000
1786091613.295063,0.0469,0.0,0.0,0.0000,0.0000,0.8423,0.2846,0.5581,240.8750,enc,0.0000
1786091613.500536,0.2055,0.0,0.0,0.0000,0.0000,0.8423,0.2846,0.5581,240.8750,enc,0.0000
1786091613.503353,0.0028,0.0,0.0,0.0000,0.0000,0.8423,0.2846,0.5581,240.8750,enc,0.0000
1786091613.750997,0.2476,0.0,0.0,0.0000,0.0000,0.8423,0.2846,0.5581,240.8750,enc,0.0000
1786091613.751251,0.0003,0.0,0.0,0.0000,0.0000,0.8423,0.2846,0.5581,240.8750,enc,0.0000
1786091613.814857,0.0636,0.0,0.0,0.0000,0.0000,0.8423,0.2846,0.5581,240.8750,enc,0.0000
1786091614.003223,0.1884,0.0,0.0,0.0000,0.0000,0.8423,0.2846,0.5581,240.8750,enc,0.0000
1786091614.019417,0.0162,0.0,0.0,0.0000,0.0000,0.8423,0.2846,0.5581,240.8750,enc,0.0000
1786091614.257083,0.2377,0.0,0.0,0.0000,0.0000,0.8423,0.2846,0.5581,240.8750,enc,0.0000
1786091614.257136,0.0001,0.0,0.0,0.0000,0.0000,0.8423,0.2846,0.5581,240.8750,enc,0.0000
1786091614.333322,0.0762,0.0,0.0,0.0000,0.0000,0.8423,0.2846,0.5581,240.8750,enc,0.0000
1786091614.509865,0.1765,0.0,0.0,0.0000,0.0000,0.8423,0.2846,0.5581,240.8750,enc,0.0000
1786091614.537204,0.0273,0.0,0.0,0.0000,0.0000,0.8423,0.2846,0.5581,240.8750,enc,0.0000
1786091614.762909,0.2257,0.0,0.0,0.0000,0.0000,0.8423,0.2846,0.5581,240.8750,enc,0.0000
1786091614.762987,0.0001,0.0,0.0,0.0000,0.0000,0.8423,0.2846,0.5581,240.8750,enc,0.0000
1786091614.847689,0.0847,0.0,0.0,0.0000,0.0000,0.8423,0.2846,0.5581,240.8750,enc,0.0000
1786091615.017664,0.1700,0.0,0.0,0.0000,0.0000,0.8423,0.2846,0.5581,240.8750,enc,0.0000
1786091615.054338,0.0367,0.0,0.0,0.0000,0.0000,0.8423,0.2846,0.5581,240.8750,enc,0.0000
1786091615.160583,0.1062,0.0,0.0,0.0000,0.0000,0.8423,0.2846,0.5581,240.8750,enc,0.0000
1786091615.261936,0.1014,0.0,0.0,0.0000,0.0000,0.8423,0.2846,0.5581,240.8750,enc,0.0000
1786091615.365498,0.1036,0.0,0.0,0.0000,0.0000,0.8423,0.2846,0.5581,240.8750,enc,0.0000
1786091615.474033,0.1085,0.0,0.0,0.0000,0.0000,0.8423,0.2846,0.5581,240.8750,enc,0.0000
1786091615.575943,0.1019,0.0,0.0,0.0000,0.0000,0.8423,0.2846,0.5581,240.8750,enc,0.0000
1786091615.679552,0.1036,0.0,0.0,0.0000,0.0000,0.8423,0.2846,0.5581,240.8750,enc,0.0000
1786091615.781904,0.1024,0.0,0.0,0.0000,0.0000,0.8423,0.2846,0.5581,240.8750,enc,0.0000
1786091615.886882,0.1050,0.0,0.0,0.0000,0.0000,0.8423,0.2846,0.5581,240.8750,enc,0.0000
1786091615.990449,0.1036,0.0,0.0,0.0000,0.0000,0.8423,0.2846,0.5581,240.8750,enc,0.0000
1786091616.093972,0.1035,0.0,0.0,0.0000,0.0000,0.8423,0.2846,0.5581,240.8750,enc,0.0000
1786091616.200011,0.1060,0.0,0.0,0.0000,0.0000,0.8423,0.2846,0.5581,240.8750,enc,0.0000
1786091616.303349,0.1033,0.0,0.0,0.0000,0.0000,0.8423,0.2846,0.5581,240.8750,enc,0.0000
1786091616.407447,0.1041,0.0,0.0,0.0000,0.0000,0.8423,0.2846,0.5581,240.8750,enc,0.0000
1786091616.510189,0.1027,0.0,0.0,0.0000,0.0000,0.8423,0.2846,0.5581,240.8750,enc,0.0000
1786091616.610421,0.1002,0.0,0.0,0.0000,0.0000,0.8423,0.2846,0.5581,240.8750,enc,0.0000
1786091616.713787,0.1034,0.0,0.0,0.0000,0.0000,0.8423,0.2846,0.5581,240.8750,enc,0.0000
1786091616.824074,0.1103,0.0,0.0,0.0000,0.0000,0.8423,0.2846,0.5581,240.8750,enc,0.0000
1786091616.923786,0.0997,0.0,0.0,0.0000,0.0000,0.8423,0.2846,0.5581,240.8750,enc,0.0000
1786091617.026854,0.1031,0.0,0.0,0.0000,0.0000,0.8423,0.2846,0.5581,240.8750,enc,0.0000
1786091617.130861,0.1040,0.0,0.0,0.0000,0.0000,0.8423,0.2846,0.5581,240.8750,enc,0.0000
1786091617.236494,0.1056,0.0,0.0,0.0000,0.0000,0.8423,0.2846,0.5581,240.8750,enc,0.0000
1786091617.337999,0.1015,0.0,0.0,0.0000,0.0000,0.8423,0.2846,0.5581,240.8750,enc,0.0000
1786091617.442427,0.1044,0.0,0.0,0.0000,0.0000,0.8423,0.2846,0.5581,240.8750,enc,0.0000
1786091617.545860,0.1034,0.0,0.0,0.0000,0.0000,0.8423,0.2846,0.5581,240.8750,enc,0.0000
1786091617.648834,0.1030,0.0,0.0,0.0000,0.0000,0.8423,0.2846,0.5581,240.8750,enc,0.0000
1786091617.749885,0.1011,0.0,0.0,0.0000,0.0000,0.8423,0.2846,0.5581,240.8750,enc,0.0000
1786091617.859186,0.1093,0.0,0.0,0.0000,0.0000,0.8423,0.2846,0.5581,240.8750,enc,0.0000
1786091617.958093,0.0989,0.0,0.0,0.0000,0.0000,0.8423,0.2846,0.5581,240.8750,enc,0.0000
1786091618.060311,0.1022,0.0,0.0,0.0000,0.0000,0.8423,0.2846,0.5581,240.8750,enc,0.0000
1786091618.172041,0.1117,0.0,0.0,0.0000,0.0000,0.8423,0.2846,0.5581,240.8750,enc,0.0000
1786091618.267519,0.0955,0.0,0.0,0.0000,0.0000,0.8423,0.2846,0.5581,240.8750,enc,0.0000
1786091618.371655,0.1041,0.0,0.0,0.0000,0.0000,0.8423,0.2846,0.5581,240.8750,enc,0.0000
1786091618.479091,0.1074,0.0,0.0,0.0000,0.0000,0.8423,0.2846,0.5581,240.8750,enc,0.0000
1786091618.578915,0.0998,0.0,0.0,0.0000,0.0000,0.8423,0.2846,0.5581,240.8750,enc,0.0000
1786091618.686476,0.1076,0.0,0.0,0.0000,0.0000,0.8423,0.2846,0.5581,240.8750,enc,0.0000
1786091618.793055,0.1066,0.0,0.0,0.0000,0.0000,0.8423,0.2846,0.5581,240.8750,enc,0.0000
1786091618.893040,0.1000,0.0,0.0,0.0000,0.0000,0.8423,0.2846,0.5581,240.8750,enc,0.0000
1786091618.997210,0.1042,0.0,0.0,0.0000,0.0000,0.8423,0.2846,0.5581,240.8750,enc,0.0000
1786091619.102064,0.1049,0.0,0.0,0.0000,0.0000,0.8423,0.2846,0.5581,240.8750,enc,0.0000
1786091619.204435,0.1024,0.0,0.0,0.0000,0.0000,0.8423,0.2846,0.5581,240.8750,enc,0.0000
1786091619.309810,0.1054,0.0,0.0,0.0000,0.0000,0.8423,0.2846,0.5581,240.8750,enc,0.0000
1786091619.408881,0.0991,0.0,0.0,0.0000,0.0000,0.8423,0.2846,0.5581,240.8750,enc,0.0000
1786091619.516332,0.1075,0.0,0.0,0.0000,0.0000,0.8423,0.2846,0.5581,240.8750,enc,0.0000
1786091619.615380,0.0990,0.0,0.0,0.0000,0.0000,0.8423,0.2846,0.5581,240.8750,enc,0.0000
1786091619.719643,0.1043,0.0,0.0,0.0000,0.0000,0.8423,0.2846,0.5581,240.8750,enc,0.0000
1786091619.826971,0.1073,0.0,0.0,0.0000,0.0000,0.8423,0.2846,0.5581,240.8750,enc,0.0000
1786091619.933569,0.1066,0.0,0.0,0.0000,0.0000,0.8423,0.2846,0.5581,240.8750,enc,0.0000
1786091620.031344,0.0978,0.0,0.0,0.0000,0.0000,0.8423,0.2846,0.5581,240.8750,enc,0.0000
1786091620.139032,0.1077,0.0,0.0,0.0000,0.0000,0.8423,0.2846,0.5581,240.8750,enc,0.0000
1786091620.241228,0.1022,0.0,0.0,0.0000,0.0000,0.8423,0.2846,0.5581,240.8750,enc,0.0000
1786091620.344979,0.1038,0.0,0.0,0.0000,0.0000,0.8423,0.2846,0.5581,240.8750,enc,0.0000
1786091620.447819,0.1028,0.0,0.0,0.0000,0.0000,0.8423,0.2846,0.5581,240.8750,enc,0.0000
1786091620.554197,0.1064,0.0,0.0,0.0000,0.0000,0.8423,0.2846,0.5581,240.8750,enc,0.0000
1786091620.658324,0.1041,0.0,0.0,0.0000,0.0000,0.8423,0.2846,0.5581,240.8750,enc,0.0000
1786091620.759452,0.1011,0.0,0.0,0.0000,0.0000,0.8423,0.2846,0.5581,240.8750,enc,0.0000
1786091620.866823,0.1074,0.0,0.0,0.0000,0.0000,0.8423,0.2846,0.5581,240.8750,enc,0.0000
1786091620.968662,0.1018,0.0,0.0,0.0000,0.0000,0.8423,0.2846,0.5581,240.8750,enc,0.0000
1786091621.077735,0.1091,0.0,0.0,0.0000,0.0000,0.8423,0.2846,0.5581,240.8750,enc,0.0000
1786091621.186236,0.1085,0.0,0.0,0.0000,0.0000,0.8423,0.2846,0.5581,240.8750,enc,0.0000
1786091621.277841,0.0916,0.0,0.0,0.0000,0.0000,0.8423,0.2846,0.5581,240.8750,enc,0.0000
1786091621.385719,0.1079,0.0,0.0,0.0000,0.0000,0.8423,0.2846,0.5581,240.8750,enc,0.0000
1786091621.488491,0.1028,0.0,0.0,0.0000,0.0000,0.8423,0.2846,0.5581,240.8750,enc,0.0000
1786091621.590924,0.1024,0.0,0.0,0.0000,0.0000,0.8423,0.2846,0.5581,240.8750,enc,0.0000
1786091621.695765,0.1048,0.0,0.0,0.0000,0.0000,0.8423,0.2846,0.5581,240.8750,enc,0.0000
1786091621.799509,0.1037,0.0,0.0,0.0000,0.0000,0.8423,0.2846,0.5581,240.8750,enc,0.0000
1786091621.901827,0.1023,0.0,0.0,0.0000,0.0000,0.8423,0.2846,0.5581,240.8750,enc,0.0000
1786091622.006951,0.1051,0.0,0.0,0.0000,0.0000,0.8423,0.2846,0.5581,240.8750,enc,0.0000
1786091622.108299,0.1013,0.0,0.0,0.0000,0.0000,0.8423,0.2846,0.5581,240.8750,enc,0.0000
1786091622.216053,0.1078,0.0,0.0,0.0000,0.0000,0.8423,0.2846,0.5581,240.8750,enc,0.0000
1786091622.318799,0.1027,0.0,0.0,0.0000,0.0000,0.8423,0.2846,0.5581,240.8750,enc,0.0000
1786091622.419150,0.1004,0.0,0.0,0.0000,0.0000,0.8423,0.2846,0.5581,240.8750,enc,0.0000
1786091622.525839,0.1067,0.0,0.0,0.0000,0.0000,0.8423,0.2846,0.5581,240.8750,enc,0.0000
1786091622.626009,0.1002,0.0,0.0,0.0000,0.0000,0.8423,0.2846,0.5581,240.8750,enc,0.0000
1786091622.730857,0.1048,0.0,0.0,0.0000,0.0000,0.8423,0.2846,0.5581,240.8750,enc,0.0000
1786091622.836689,0.1058,0.0,0.0,0.0000,0.0000,0.8423,0.2846,0.5581,240.8750,enc,0.0000
1786091622.939590,0.1029,0.0,0.0,0.0000,0.0000,0.8423,0.2846,0.5581,240.8750,enc,0.0000
1786091623.044975,0.1054,0.0,0.0,0.0000,0.0000,0.8423,0.2846,0.5581,240.8750,enc,0.0000
1786091623.157357,0.1124,0.0,0.0,0.0000,0.0000,0.8423,0.2846,0.5581,240.8750,enc,0.0000
1786091623.255470,0.0981,0.0,0.0,0.0000,0.0000,0.8423,0.2846,0.5581,240.8750,enc,0.0000
1786091623.360738,0.1053,0.0,0.0,0.0000,0.0000,0.8423,0.2846,0.5581,240.8750,enc,0.0000
1786091623.462979,0.1022,0.0,0.0,0.0000,0.0000,0.8423,0.2846,0.5581,240.8750,enc,0.0000
1786091623.565470,0.1025,0.0,0.0,0.0000,0.0000,0.8423,0.2846,0.5581,240.8750,enc,0.0000
1786091623.771550,0.2061,0.0,0.0,0.0000,0.0000,0.8423,0.2846,0.5581,240.8750,enc,0.0000
1786091623.771688,0.0001,0.0,0.0,0.0000,0.0000,0.8423,0.2846,0.5581,240.8750,enc,0.0000
1786091623.876971,0.1053,0.0,0.0,0.0000,0.0000,0.8423,0.2846,0.5581,240.8750,enc,0.0000
1786091623.977426,0.1005,0.0,0.0,0.0000,0.0000,0.8423,0.2846,0.5581,240.8750,enc,0.0000
1786091624.080667,0.1032,0.0,0.0,0.0000,0.0000,0.8423,0.2846,0.5581,240.8750,enc,0.0000
1786091624.198273,0.1176,0.0,0.0,0.0000,0.0000,0.8423,0.2846,0.5581,240.8750,enc,0.0000
1786091624.298039,0.0998,0.0,0.0,0.0000,0.0000,0.8423,0.2846,0.5581,240.8750,enc,0.0000
1786091624.398787,0.1007,0.0,0.0,0.0000,0.0000,0.8423,0.2846,0.5581,240.8750,enc,0.0000
1786091624.501921,0.1031,0.0,0.0,0.0000,0.0000,0.8423,0.2846,0.5581,240.8750,enc,0.0000
1786091624.603913,0.1020,0.0,0.0,0.0000,0.0000,0.8423,0.2846,0.5581,240.8750,enc,0.0000
1786091624.706942,0.1030,0.0,0.0,0.0000,0.0000,0.8423,0.2846,0.5581,240.8750,enc,0.0000
1786091624.810808,0.1039,0.0,0.0,0.0000,0.0000,0.8423,0.2846,0.5581,240.8750,enc,0.0000
1786091624.911673,0.1009,0.0,0.0,0.0000,0.0000,0.8423,0.2846,0.5581,240.8750,enc,0.0000
1786091625.017430,0.1058,0.0,0.0,0.0000,0.0000,0.8423,0.2846,0.5581,240.8750,enc,0.0000
1786091625.264938,0.2475,0.0,0.0,0.0000,0.0000,0.8423,0.2846,0.5581,240.8750,enc,0.0000
1786091625.264989,0.0001,0.0,0.0,0.0000,0.0000,0.8423,0.2846,0.5581,240.8750,enc,0.0000
1786091625.326096,0.0611,0.0,0.0,0.0000,0.0000,0.8423,0.2846,0.5581,240.8750,enc,0.0000
1786091625.526105,0.2000,0.0,0.0,0.0000,0.0000,0.8423,0.2846,0.5581,240.8750,enc,0.0000
1786091625.532188,0.0061,0.0,0.0,0.0000,0.0000,0.8423,0.2846,0.5581,240.8750,enc,0.0000
1786091625.754449,0.2223,0.0,0.0,0.0000,0.0000,0.8423,0.2846,0.5581,240.8750,enc,0.0000
1786091625.754493,0.0000,0.0,0.0,0.0000,0.0000,0.8423,0.2846,0.5581,240.8750,enc,0.0000
1786091625.849194,0.0947,0.0,0.0,0.0000,0.0000,0.8423,0.2846,0.5581,240.8750,enc,0.0000
1786091626.008550,0.1594,0.0,0.0,0.0000,0.0000,0.8423,0.2846,0.5581,240.8750,enc,0.0000
1786091626.054247,0.0457,0.0,0.0,0.0000,0.0000,0.8423,0.2846,0.5581,240.8750,enc,0.0000
1786091626.254662,0.2004,0.0,0.0,0.0000,0.0000,0.8423,0.2846,0.5581,240.8750,enc,0.0000
1786091626.260293,0.0056,0.0,0.0,0.0000,0.0000,0.8423,0.2846,0.5581,240.8750,enc,0.0000
1786091626.512564,0.2523,0.0,0.0,0.0000,0.0000,0.8423,0.2846,0.5581,240.8750,enc,0.0000
1786091626.512609,0.0000,0.0,0.0,0.0000,0.0000,0.8423,0.2846,0.5581,240.8750,enc,0.0000
1786091626.576025,0.0634,0.0,0.0,0.0000,0.0000,0.8423,0.2846,0.5581,240.8750,enc,0.0000
1786091626.767513,0.1915,0.0,0.0,0.0000,0.0000,0.8423,0.2846,0.5581,240.8750,enc,0.0000
1786091626.779336,0.0118,0.0,0.0,0.0000,0.0000,0.8423,0.2846,0.5581,240.8750,enc,0.0000
1786091627.023652,0.2443,0.0,0.0,0.0000,0.0000,0.8423,0.2846,0.5581,240.8750,enc,0.0000
1786091627.023700,0.0000,0.0,0.0,0.0000,0.0000,0.8423,0.2846,0.5581,240.8750,enc,0.0000
1786091627.092100,0.0684,0.0,0.0,0.0000,0.0000,0.8423,0.2846,0.5581,240.8750,enc,0.0000
1786091627.268007,0.1759,0.0,0.0,0.0000,0.0000,0.8423,0.2846,0.5581,240.8750,enc,0.0000
1786091627.298941,0.0309,0.0,0.0,0.0000,0.0000,0.8423,0.2846,0.5581,240.8750,enc,0.0000
1786091627.515142,0.2162,0.0,0.0,0.0000,0.0000,0.8423,0.2846,0.5581,240.8750,enc,0.0000
1786091627.515190,0.0000,0.0,0.0,0.0000,0.0000,0.8423,0.2846,0.5581,240.8750,enc,0.0000
1786091627.614101,0.0989,0.0,0.0,0.0000,0.0000,0.8423,0.2846,0.5581,240.8750,enc,0.0000
1786091627.767907,0.1538,0.0,0.0,0.0000,0.0000,0.8423,0.2846,0.5581,240.8750,enc,0.0000
1786091627.819858,0.0520,0.0,0.0,0.0000,0.0000,0.8423,0.2846,0.5581,240.8750,enc,0.0000
1786091628.015781,0.1959,0.0,0.0,0.0000,0.0000,0.8423,0.2846,0.5581,240.8750,enc,0.0000
1786091628.025956,0.0102,0.0,0.0,0.0000,0.0000,0.8423,0.2846,0.5581,240.8750,enc,0.0000
1786091628.266480,0.2405,0.0,0.0,0.0000,0.0000,0.8423,0.2846,0.5581,240.8750,enc,0.0000
1786091628.266561,0.0001,0.0,0.0,0.0000,0.0000,0.8423,0.2846,0.5581,240.8750,enc,0.0000
1786091628.338115,0.0716,0.0,0.0,0.0000,0.0000,0.8423,0.2846,0.5581,240.8750,enc,0.0000
1786091628.517973,0.1799,0.0,0.0,0.0000,0.0000,0.8423,0.2846,0.5581,240.8750,enc,0.0000
1786091628.543616,0.0256,0.0,0.0,0.0000,0.0000,0.8423,0.2846,0.5581,240.8750,enc,0.0000
1786091628.768862,0.2252,0.0,0.0,0.0000,0.0000,0.8423,0.2846,0.5581,240.8750,enc,0.0000
1786091628.769084,0.0002,0.0,0.0,0.0000,0.0000,0.8423,0.2846,0.5581,240.8750,enc,0.0000
1786091628.861784,0.0927,0.0,0.0,0.0000,0.0000,0.8423,0.2846,0.5581,240.8750,enc,0.0000
1786091629.019207,0.1574,0.0,0.0,0.0000,0.0000,0.8423,0.2846,0.5581,240.8750,enc,0.0000
1786091629.069375,0.0502,0.0,0.0,0.0000,0.0000,0.8423,0.2846,0.5581,240.8750,enc,0.0000
1786091629.282977,0.2136,0.0,0.0,0.0000,0.0000,0.8423,0.2846,0.5581,240.8750,enc,0.0000
1786091629.288312,0.0053,0.0,0.0,0.0000,0.0000,0.8423,0.2846,0.5581,240.8750,enc,0.0000
1786091629.526880,0.2386,0.0,0.0,0.0000,0.0000,0.8423,0.2846,0.5581,240.8750,enc,0.0000
1786091629.526926,0.0000,0.0,0.0,0.0000,0.0000,0.8423,0.2846,0.5581,240.8750,enc,0.0000
1786091629.584362,0.0574,0.0,0.0,0.0000,0.0000,0.8423,0.2846,0.5581,240.8750,enc,0.0000
1786091629.785217,0.2009,0.0,0.0,0.0000,0.0000,0.8423,0.2846,0.5581,240.8750,enc,0.0000
1786091629.789593,0.0044,0.0,0.0,0.0000,0.0000,0.8423,0.2846,0.5581,240.8750,enc,0.0000
1786091630.033780,0.2442,0.0,0.0,0.0000,0.0000,0.8423,0.2846,0.5581,240.8750,enc,0.0000
1786091630.034004,0.0002,0.0,0.0,0.0000,0.0000,0.8423,0.2846,0.5581,240.8750,enc,0.0000
1786091630.099052,0.0650,0.0,0.0,0.0000,0.0000,0.8423,0.2846,0.5581,240.8750,enc,0.0000
1786091630.208172,0.1091,0.0,0.0,0.0000,0.0000,0.8423,0.2846,0.5581,240.8750,enc,0.0000
1786091630.309179,0.1010,0.0,0.0,0.0000,0.0000,0.8423,0.2846,0.5581,240.8750,enc,0.0000
1786091630.413020,0.1038,0.0,0.0,0.0000,0.0000,0.8423,0.2846,0.5581,240.8750,enc,0.0000
1786091630.518985,0.1060,0.0,0.0,0.0000,0.0000,0.8423,0.2846,0.5581,240.8750,enc,0.0000
1786091630.620467,0.1015,0.0,0.0,0.0000,0.0000,0.8423,0.2846,0.5581,240.8750,enc,0.0000
1786091630.724167,0.1037,0.0,0.0,0.0000,0.0000,0.8423,0.2846,0.5581,240.8750,enc,0.0000
1786091630.828153,0.1040,0.0,0.0,0.0000,0.0000,0.8423,0.2846,0.5581,240.8750,enc,0.0000
1786091630.931247,0.1031,0.0,0.0,0.0000,0.0000,0.8423,0.2846,0.5581,240.8750,enc,0.0000
1786091631.043567,0.1123,0.0,0.0,0.0000,0.0000,0.8423,0.2846,0.5581,240.8750,enc,0.0000
1786091631.136350,0.0928,0.0,0.0,0.0000,0.0000,0.8423,0.2846,0.5581,240.8750,enc,0.0000
1786091631.246929,0.1106,0.0,0.0,0.0000,0.0000,0.8423,0.2846,0.5581,240.8750,enc,0.0000
1786091631.347380,0.1005,0.0,0.0,0.0000,0.0000,0.8423,0.2846,0.5581,240.8750,enc,0.0000
1786091631.448903,0.1015,0.0,0.0,0.0000,0.0000,0.8423,0.2846,0.5581,240.8750,enc,0.0000
1786091631.553866,0.1050,0.0,0.0,0.0000,0.0000,0.8423,0.2846,0.5581,240.8750,enc,0.0000
1786091631.670308,0.1164,0.0,0.0,0.0000,0.0000,0.8423,0.2846,0.5581,240.8750,enc,0.0000
1786091631.759799,0.0895,0.0,0.0,0.0000,0.0000,0.8423,0.2846,0.5581,240.8750,enc,0.0000
1786091631.867830,0.1080,0.0,0.0,0.0000,0.0000,0.8423,0.2846,0.5581,240.8750,enc,0.0000
1786091631.975973,0.1081,0.0,0.0,0.0000,0.0000,0.8423,0.2846,0.5581,240.8750,enc,0.0000
1786091632.074371,0.0984,0.0,0.0,0.0000,0.0000,0.8423,0.2846,0.5581,240.8750,enc,0.0000
1786091632.183236,0.1089,0.0,0.0,0.0000,0.0000,0.8423,0.2846,0.5581,240.8750,enc,0.0000
1786091632.293066,0.1098,0.0,0.0,0.0000,0.0000,0.8423,0.2846,0.5581,240.8750,enc,0.0000
1786091632.386682,0.0936,0.0,0.0,0.0000,0.0000,0.8423,0.2846,0.5581,240.8750,enc,0.0000
1786091632.487793,0.1011,0.0,0.0,0.0000,0.0000,0.8423,0.2846,0.5581,240.8750,enc,0.0000
1786091632.593834,0.1060,0.0,0.0,0.0000,0.0000,0.8423,0.2846,0.5581,240.8750,enc,0.0000
1786091632.693661,0.0998,0.0,0.0,0.0000,0.0000,0.8423,0.2846,0.5581,240.8750,enc,0.0000
1786091632.797455,0.1038,0.0,0.0,0.0000,0.0000,0.8423,0.2846,0.5581,240.8750,enc,0.0000
1786091632.904158,0.1067,0.0,0.0,0.0000,0.0000,0.8423,0.2846,0.5581,240.8750,enc,0.0000
1786091633.008159,0.1040,0.0,0.0,0.0000,0.0000,0.8423,0.2846,0.5581,240.8750,enc,0.0000
1786091633.109935,0.1018,0.0,0.0,0.0000,0.0000,0.8423,0.2846,0.5581,240.8750,enc,0.0000
1786091633.216935,0.1070,0.0,0.0,0.0000,0.0000,0.8423,0.2846,0.5581,240.8750,enc,0.0000
1786091633.317899,0.1010,0.0,0.0,0.0000,0.0000,0.8423,0.2846,0.5581,240.8750,enc,0.0000
1786091633.422041,0.1041,0.0,0.0,0.0000,0.0000,0.8423,0.2846,0.5581,240.8750,enc,0.0000
1786091633.526074,0.1040,0.0,0.0,0.0000,0.0000,0.8423,0.2846,0.5581,240.8750,enc,0.0000
1786091633.630066,0.1040,0.0,0.0,0.0000,0.0000,0.8423,0.2846,0.5581,240.8750,enc,0.0000
1786091633.738567,0.1085,0.0,0.0,0.0000,0.0000,0.8423,0.2846,0.5581,240.8750,enc,0.0000
1786091633.839067,0.1005,0.0,0.0,0.0000,0.0000,0.8423,0.2846,0.5581,240.8750,enc,0.0000
1786091633.939154,0.1001,0.0,0.0,0.0000,0.0000,0.8423,0.2846,0.5581,240.8750,enc,0.0000
1786091634.044365,0.1052,0.0,0.0,0.0000,0.0000,0.8423,0.2846,0.5581,240.8750,enc,0.0000
1786091634.146386,0.1020,0.0,0.0,0.0000,0.0000,0.8423,0.2846,0.5581,240.8750,enc,0.0000
1786091634.250986,0.1046,0.0,0.0,0.0000,0.0000,0.8423,0.2846,0.5581,240.8750,enc,0.0000
1786091634.352023,0.1010,0.0,0.0,0.0000,0.0000,0.8423,0.2846,0.5581,240.8750,enc,0.0000
1786091634.456837,0.1048,0.0,0.0,0.0000,0.0000,0.8423,0.2846,0.5581,240.8750,enc,0.0000
1786091634.562943,0.1061,0.0,0.0,0.0000,0.0000,0.8423,0.2846,0.5581,240.8750,enc,0.0000
1786091634.668209,0.1053,0.0,0.0,0.0000,0.0000,0.8423,0.2846,0.5581,240.8750,enc,0.0000
1786091634.770211,0.1020,0.0,0.0,0.0000,0.0000,0.8423,0.2846,0.5581,240.8750,enc,0.0000
1786091634.873025,0.1028,0.0,0.0,0.0000,0.0000,0.8423,0.2846,0.5581,240.8750,enc,0.0000
1786091634.978007,0.1050,0.0,0.0,0.0000,0.0000,0.8423,0.2846,0.5581,240.8750,enc,0.0000
1786091635.081384,0.1034,0.0,0.0,0.0000,0.0000,0.8423,0.2846,0.5581,240.8750,enc,0.0000
1786091635.184461,0.1031,0.0,0.0,0.0000,0.0000,0.8423,0.2846,0.5581,240.8750,enc,0.0000
1786091635.288406,0.1039,0.0,0.0,0.0000,0.0000,0.8423,0.2846,0.5581,240.8750,enc,0.0000
1786091635.392417,0.1040,0.0,0.0,0.0000,0.0000,0.8423,0.2846,0.5581,240.8750,enc,0.0000
1786091635.492054,0.0996,0.0,0.0,0.0000,0.0000,0.8423,0.2846,0.5581,240.8750,enc,0.0000
1786091635.599961,0.1079,0.0,0.0,0.0000,0.0000,0.8423,0.2846,0.5581,240.8750,enc,0.0000
1786091635.700105,0.1001,0.0,0.0,0.0000,0.0000,0.8423,0.2846,0.5581,240.8750,enc,0.0000
1786091635.804325,0.1042,0.0,0.0,0.0000,0.0000,0.8423,0.2846,0.5581,240.8750,enc,0.0000
1786091635.913082,0.1088,0.0,0.0,0.0000,0.0000,0.8423,0.2846,0.5581,240.8750,enc,0.0000
1786091636.014966,0.1019,0.0,0.0,0.0000,0.0000,0.8423,0.2846,0.5581,240.8750,enc,0.0000
1786091636.117543,0.1026,0.0,0.0,0.0000,0.0000,0.8423,0.2846,0.5581,240.8750,enc,0.0000
1786091636.222052,0.1045,0.0,0.0,0.0000,0.0000,0.8423,0.2846,0.5581,240.8750,enc,0.0000
1786091636.325495,0.1034,0.0,0.0,0.0000,0.0000,0.8423,0.2846,0.5581,240.8750,enc,0.0000
1786091636.427873,0.1024,0.0,0.0,0.0000,0.0000,0.8423,0.2846,0.5581,240.8750,enc,0.0000
1786091636.532200,0.1043,0.0,0.0,0.0000,0.0000,0.8423,0.2846,0.5581,240.8750,enc,0.0000
1786091636.636891,0.1047,0.0,0.0,0.0000,0.0000,0.8423,0.2846,0.5581,240.8750,enc,0.0000
1786091636.739252,0.1024,0.0,0.0,0.0000,0.0000,0.8423,0.2846,0.5581,240.8750,enc,0.0000
1786091636.841644,0.1024,0.0,0.0,0.0000,0.0000,0.8423,0.2846,0.5581,240.8750,enc,0.0000
1786091636.948932,0.1073,0.0,0.0,0.0000,0.0000,0.8423,0.2846,0.5581,240.8750,enc,0.0000
1786091637.049736,0.1008,0.0,0.0,0.0000,0.0000,0.8423,0.2846,0.5581,240.8750,enc,0.0000
1786091637.152734,0.1030,0.0,0.0,0.0000,0.0000,0.8423,0.2846,0.5581,240.8750,enc,0.0000
1786091637.260047,0.1073,0.0,0.0,0.0000,0.0000,0.8423,0.2846,0.5581,240.8750,enc,0.0000
1786091637.358204,0.0982,0.0,0.0,0.0000,0.0000,0.8423,0.2846,0.5581,240.8750,enc,0.0000
1786091637.462926,0.1047,0.0,0.0,0.0000,0.0000,0.8423,0.2846,0.5581,240.8750,enc,0.0000
1786091637.569128,0.1062,0.0,0.0,0.0000,0.0000,0.8423,0.2846,0.5581,240.8750,enc,0.0000
1786091637.672645,0.1035,0.0,0.0,0.0000,0.0000,0.8423,0.2846,0.5581,240.8750,enc,0.0000
1786091637.775884,0.1032,0.0,0.0,0.0000,0.0000,0.8423,0.2846,0.5581,240.8750,enc,0.0000
1786091637.879964,0.1041,0.0,0.0,0.0000,0.0000,0.8423,0.2846,0.5581,240.8750,enc,0.0000
1786091637.983742,0.1038,0.0,0.0,0.0000,0.0000,0.8423,0.2846,0.5581,240.8750,enc,0.0000
1786091638.084317,0.1006,0.0,0.0,0.0000,0.0000,0.8423,0.2846,0.5581,240.8750,enc,0.0000
1786091638.189780,0.1055,0.0,0.0,0.0000,0.0000,0.8423,0.2846,0.5581,240.8750,enc,0.0000
1786091638.296087,0.1063,0.0,0.0,0.0000,0.0000,0.8423,0.2846,0.5581,240.8750,enc,0.0000
1786091638.398848,0.1028,0.0,0.0,0.0000,0.0000,0.8423,0.2846,0.5581,240.8750,enc,0.0000
1786091638.498440,0.0996,0.0,0.0,0.0000,0.0000,0.8423,0.2846,0.5581,240.8750,enc,0.0000
1786091638.604929,0.1065,0.0,0.0,0.0000,0.0000,0.8423,0.2846,0.5581,240.8750,enc,0.0000
1786091638.705927,0.1010,0.0,0.0,0.0000,0.0000,0.8423,0.2846,0.5581,240.8750,enc,0.0000
1786091638.810579,0.1047,0.0,0.0,0.0000,0.0000,0.8423,0.2846,0.5581,240.8750,enc,0.0000
1786091638.918037,0.1075,0.0,0.0,0.0000,0.0000,0.8423,0.2846,0.5581,240.8750,enc,0.0000
1786091639.020926,0.1029,0.0,0.0,0.0000,0.0000,0.8423,0.2846,0.5581,240.8750,enc,0.0000
1786091639.121427,0.1005,0.0,0.0,0.0000,0.0000,0.8423,0.2846,0.5581,240.8750,enc,0.0000
1786091639.349649,0.2282,0.0,0.0,0.0000,0.0000,0.8423,0.2846,0.5581,240.8750,enc,0.0000
1786091639.349715,0.0001,0.0,0.0,0.0000,0.0000,0.8423,0.2846,0.5581,240.8750,enc,0.0000
1786091639.438864,0.0891,0.0,0.0,0.0000,0.0000,0.8423,0.2846,0.5581,240.8750,enc,0.0000
1786091639.541766,0.1029,0.0,0.0,0.0000,0.0000,0.8423,0.2846,0.5581,240.8750,enc,0.0000
1786091639.644411,0.1026,0.0,0.0,0.0000,0.0000,0.8423,0.2846,0.5581,240.8750,enc,0.0000
1786091639.745048,0.1006,0.0,0.0,0.0000,0.0000,0.8423,0.2846,0.5581,240.8750,enc,0.0000
1786091639.849809,0.1048,0.0,0.0,0.0000,0.0000,0.8423,0.2846,0.5581,240.8750,enc,0.0000
1786091639.955784,0.1060,0.0,0.0,0.0000,0.0000,0.8423,0.2846,0.5581,240.8750,enc,0.0000
1786091640.053675,0.0979,0.0,0.0,0.0000,0.0000,0.8423,0.2846,0.5581,240.8750,enc,0.0000
1786091640.270033,0.2164,0.0,0.0,0.0000,0.0000,0.8423,0.2846,0.5581,240.8750,enc,0.0000
1786091640.270106,0.0001,0.0,0.0,0.0000,0.0000,0.8423,0.2846,0.5581,240.8750,enc,0.0000
1786091640.519994,0.2499,0.0,0.0,0.0000,0.0000,0.8423,0.2846,0.5581,240.8750,enc,0.0000
1786091640.520050,0.0001,0.0,0.0,0.0000,0.0000,0.8423,0.2846,0.5581,240.8750,enc,0.0000
1786091640.571902,0.0519,0.0,0.0,0.0000,0.0000,0.8423,0.2846,0.5581,240.8750,enc,0.0000
1786091640.767437,0.1955,0.0,0.0,0.0000,0.0000,0.8423,0.2846,0.5581,240.8750,enc,0.0000
1786091640.778913,0.0115,0.0,0.0,0.0000,0.0000,0.8423,0.2846,0.5581,240.8750,enc,0.0000
1786091641.012095,0.2332,0.0,0.0,0.0000,0.0000,0.8423,0.2846,0.5581,240.8750,enc,0.0000
1786091641.012163,0.0001,0.0,0.0,0.0000,0.0000,0.8423,0.2846,0.5581,240.8750,enc,0.0000
1786091641.094450,0.0823,0.0,0.0,0.0000,0.0000,0.8423,0.2846,0.5581,240.8750,enc,0.0000
1786091641.265213,0.1708,0.0,0.0,0.0000,0.0000,0.8423,0.2846,0.5581,240.8750,enc,0.0000
1786091641.297430,0.0322,0.0,0.0,0.0000,0.0000,0.8423,0.2846,0.5581,240.8750,enc,0.0000
1786091641.522862,0.2254,0.0,0.0,0.0000,0.0000,0.8423,0.2846,0.5581,240.8750,enc,0.0000
1786091641.522925,0.0001,0.0,0.0,0.0000,0.0000,0.8423,0.2846,0.5581,240.8750,enc,0.0000
1786091641.611373,0.0884,0.0,0.0,0.0000,0.0000,0.8423,0.2846,0.5581,240.8750,enc,0.0000
1786091641.778911,0.1675,0.0,0.0,0.0000,0.0000,0.8423,0.2846,0.5581,240.8750,enc,0.0000
1786091641.816211,0.0373,0.0,0.0,0.0000,0.0000,0.8423,0.2846,0.5581,240.8750,enc,0.0000
1786091642.022970,0.2068,0.0,0.0,0.0000,0.0000,0.8423,0.2846,0.5581,240.8750,enc,0.0000
1786091642.024894,0.0019,0.0,0.0,0.0000,0.0000,0.8423,0.2846,0.5581,240.8750,enc,0.0000
1786091642.275309,0.2504,0.0,0.0,0.0000,0.0000,0.8423,0.2846,0.5581,240.8750,enc,0.0000
1786091642.275374,0.0001,0.0,0.0,0.0000,0.0000,0.8423,0.2846,0.5581,240.8750,enc,0.0000
1786091642.333513,0.0581,0.0,0.0,0.0000,0.0000,0.8423,0.2846,0.5581,240.8750,enc,0.0000
1786091642.533678,0.2002,0.0,0.0,0.0000,0.0000,0.8423,0.2846,0.5581,240.8750,enc,0.0000
1786091642.544192,0.0105,0.0,0.0,0.0000,0.0000,0.8423,0.2846,0.5581,240.8750,enc,0.0000
1786091642.771329,0.2271,0.0,0.0,0.0000,0.0000,0.8423,0.2846,0.5581,240.8750,enc,0.0000
1786091642.772453,0.0011,0.0,0.0,0.0000,0.0000,0.8423,0.2846,0.5581,240.8750,enc,0.0000
1786091642.853023,0.0806,0.0,0.0,0.0000,0.0000,0.8423,0.2846,0.5581,240.8750,enc,0.0000
1786091643.023962,0.1709,0.0,0.0,0.0000,0.0000,0.8423,0.2846,0.5581,240.8750,enc,0.0000
1786091643.062311,0.0383,0.0,0.0,0.0000,0.0000,0.8423,0.2846,0.5581,240.8750,enc,0.0000
1786091643.277572,0.2153,0.0,0.0,0.0000,0.0000,0.8423,0.2846,0.5581,240.8750,enc,0.0000
1786091643.279417,0.0018,0.0,0.0,0.0000,0.0000,0.8423,0.2846,0.5581,240.8750,enc,0.0000
1786091643.375264,0.0958,0.0,0.0,0.0000,0.0000,0.8423,0.2846,0.5581,240.8750,enc,0.0000
1786091643.528747,0.1535,0.0,0.0,0.0000,0.0000,0.8423,0.2846,0.5581,240.8750,enc,0.0000
1786091643.577961,0.0492,0.0,0.0,0.0000,0.0000,0.8423,0.2846,0.5581,240.8750,enc,0.0000
1786091643.776311,0.1984,0.0,0.0,0.0000,0.0000,0.8423,0.2846,0.5581,240.8750,enc,0.0000
1786091643.786909,0.0106,0.0,0.0,0.0000,0.0000,0.8423,0.2846,0.5581,240.8750,enc,0.0000
1786091644.030088,0.2432,0.0,0.0,0.0000,0.0000,0.8423,0.2846,0.5581,240.8750,enc,0.0000
1786091644.030140,0.0001,0.0,0.0,0.0000,0.0000,0.8423,0.2846,0.5581,240.8750,enc,0.0000
1786091644.100960,0.0708,0.0,0.0,0.0000,0.0000,0.8423,0.2846,0.5581,240.8750,enc,0.0000
1786091644.280228,0.1793,0.0,0.0,0.0000,0.0000,0.8423,0.2846,0.5581,240.8750,enc,0.0000
1786091644.305549,0.0253,0.0,0.0,0.0000,0.0000,0.8423,0.2846,0.5581,240.8750,enc,0.0000
1786091644.538205,0.2327,0.0,0.0,0.0000,0.0000,0.8423,0.2846,0.5581,240.8750,enc,0.0000
1786091644.538249,0.0000,0.0,0.0,0.0000,0.0000,0.8423,0.2846,0.5581,240.8750,enc,0.0000
1786091644.620927,0.0827,0.0,0.0,0.0000,0.0000,0.8423,0.2846,0.5581,240.8750,enc,0.0000
1786091644.791417,0.1705,0.0,0.0,0.0000,0.0000,0.8423,0.2846,0.5581,240.8750,enc,0.0000
1786091644.823855,0.0324,0.0,0.0,0.0000,0.0000,0.8423,0.2846,0.5581,240.8750,enc,0.0000
1786091645.045982,0.2221,0.0,0.0,0.0000,0.0000,0.8423,0.2846,0.5581,240.8750,enc,0.0000
1786091645.046045,0.0001,0.0,0.0,0.0000,0.0000,0.8423,0.2846,0.5581,240.8750,enc,0.0000
1786091645.140653,0.0946,0.0,0.0,0.0000,0.0000,0.8423,0.2846,0.5581,240.8750,enc,0.0000
1786091645.242662,0.1020,0.0,0.0,0.0000,0.0000,0.8423,0.2846,0.5581,240.8750,enc,0.0000
1786091645.345279,0.1026,0.0,0.0,0.0000,0.0000,0.8423,0.2846,0.5581,240.8750,enc,0.0000
1786091645.448011,0.1027,0.0,0.0,0.0000,0.0000,0.8423,0.2846,0.5581,240.8750,enc,0.0000
1786091645.553092,0.1051,0.0,0.0,0.0000,0.0000,0.8423,0.2846,0.5581,240.8750,enc,0.0000
1786091645.656876,0.1038,0.0,0.0,0.0000,0.0000,0.8423,0.2846,0.5581,240.8750,enc,0.0000
1786091645.759792,0.1029,0.0,0.0,0.0000,0.0000,0.8423,0.2846,0.5581,240.8750,enc,0.0000
1786091645.860496,0.1007,0.0,0.0,0.0000,0.0000,0.8423,0.2846,0.5581,240.8750,enc,0.0000
1786091645.966707,0.1062,0.0,0.0,0.0000,0.0000,0.8423,0.2846,0.5581,240.8750,enc,0.0000
1786091646.068656,0.1019,0.0,0.0,0.0000,0.0000,0.8423,0.2846,0.5581,240.8750,enc,0.0000
1786091646.171862,0.1032,0.0,0.0,0.0000,0.0000,0.8423,0.2846,0.5581,240.8750,enc,0.0000
1786091646.277917,0.1061,0.0,0.0,0.0000,0.0000,0.8423,0.2846,0.5581,240.8750,enc,0.0000
1786091646.381689,0.1038,0.0,0.0,0.0000,0.0000,0.8423,0.2846,0.5581,240.8750,enc,0.0000
1786091646.485251,0.1036,0.0,0.0,0.0000,0.0000,0.8423,0.2846,0.5581,240.8750,enc,0.0000
1786091646.590800,0.1055,0.0,0.0,0.0000,0.0000,0.8423,0.2846,0.5581,240.8750,enc,0.0000
1786091646.693003,0.1022,0.0,0.0,0.0000,0.0000,0.8423,0.2846,0.5581,240.8750,enc,0.0000
1786091646.797051,0.1040,0.0,0.0,0.0000,0.0000,0.8423,0.2846,0.5581,240.8750,enc,0.0000
1786091646.900420,0.1034,0.0,0.0,0.0000,0.0000,0.8423,0.2846,0.5581,240.8750,enc,0.0000
1786091647.004948,0.1045,0.0,0.0,0.0000,0.0000,0.8423,0.2846,0.5581,240.8750,enc,0.0000
1786091647.107965,0.1030,0.0,0.0,0.0000,0.0000,0.8423,0.2846,0.5581,240.8750,enc,0.0000
1786091647.209754,0.1018,0.0,0.0,0.0000,0.0000,0.8423,0.2846,0.5581,240.8750,enc,0.0000
1786091647.316893,0.1071,0.0,0.0,0.0000,0.0000,0.8423,0.2846,0.5581,240.8750,enc,0.0000
1786091647.419900,0.1030,0.0,0.0,0.0000,0.0000,0.8423,0.2846,0.5581,240.8750,enc,0.0000
1786091647.519057,0.0992,0.0,0.0,0.0000,0.0000,0.8423,0.2846,0.5581,240.8750,enc,0.0000
1786091647.626530,0.1075,0.0,0.0,0.0000,0.0000,0.8423,0.2846,0.5581,240.8750,enc,0.0000
1786091647.728453,0.1019,0.0,0.0,0.0000,0.0000,0.8423,0.2846,0.5581,240.8750,enc,0.0000
1786091647.831481,0.1030,0.0,0.0,0.0000,0.0000,0.8423,0.2846,0.5581,240.8750,enc,0.0000
1786091647.939700,0.1082,0.0,0.0,0.0000,0.0000,0.8423,0.2846,0.5581,240.8750,enc,0.0000
1786091648.040546,0.1008,0.0,0.0,0.0000,0.0000,0.8423,0.2846,0.5581,240.8750,enc,0.0000
1786091648.147890,0.1073,0.0,0.0,0.0000,0.0000,0.8423,0.2846,0.5581,240.8750,enc,0.0000
1786091648.253301,0.1054,0.0,0.0,0.0000,0.0000,0.8423,0.2846,0.5581,240.8750,enc,0.0000
1786091648.353917,0.1006,0.0,0.0,0.0000,0.0000,0.8423,0.2846,0.5581,240.8750,enc,0.0000
1786091648.462775,0.1089,0.0,0.0,0.0000,0.0000,0.8423,0.2846,0.5581,240.8750,enc,0.0000
1786091648.559898,0.0971,0.0,0.0,0.0000,0.0000,0.8423,0.2846,0.5581,240.8750,enc,0.0000
1786091648.669038,0.1091,0.0,0.0,0.0000,0.0000,0.8423,0.2846,0.5581,240.8750,enc,0.0000
1786091648.769347,0.1003,0.0,0.0,0.0000,0.0000,0.8423,0.2846,0.5581,240.8750,enc,0.0000
1786091648.871473,0.1021,0.0,0.0,0.0000,0.0000,0.8423,0.2846,0.5581,240.8750,enc,0.0000
1786091648.978987,0.1075,0.0,0.0,0.0000,0.0000,0.8423,0.2846,0.5581,240.8750,enc,0.0000
1786091649.078963,0.1000,0.0,0.0,0.0000,0.0000,0.8423,0.2846,0.5581,240.8750,enc,0.0000
1786091649.181760,0.1028,0.0,0.0,0.0000,0.0000,0.8423,0.2846,0.5581,240.8750,enc,0.0000
1786091649.291400,0.1096,0.0,0.0,0.0000,0.0000,0.8423,0.2846,0.5581,240.8750,enc,0.0000
1786091649.391978,0.1006,0.0,0.0,0.0000,0.0000,0.8423,0.2846,0.5581,240.8750,enc,0.0000
1786091649.495283,0.1033,0.0,0.0,0.0000,0.0000,0.8423,0.2846,0.5581,240.8750,enc,0.0000
1786091649.599950,0.1047,0.0,0.0,0.0000,0.0000,0.8423,0.2846,0.5581,240.8750,enc,0.0000
1786091649.702384,0.1024,0.0,0.0,0.0000,0.0000,0.8423,0.2846,0.5581,240.8750,enc,0.0000
1786091649.806112,0.1037,0.0,0.0,0.0000,0.0000,0.8423,0.2846,0.5581,240.8750,enc,0.0000
1786091649.910016,0.1039,0.0,0.0,0.0000,0.0000,0.8423,0.2846,0.5581,240.8750,enc,0.0000
1786091650.012458,0.1024,0.0,0.0,0.0000,0.0000,0.8423,0.2846,0.5581,240.8750,enc,0.0000
1786091650.116252,0.1038,0.0,0.0,0.0000,0.0000,0.8423,0.2846,0.5581,240.8750,enc,0.0000
1786091650.216545,0.1003,0.0,0.0,0.0000,0.0000,0.8423,0.2846,0.5581,240.8750,enc,0.0000
1786091650.323706,0.1072,0.0,0.0,0.0000,0.0000,0.8423,0.2846,0.5581,240.8750,enc,0.0000
1786091650.424693,0.1010,0.0,0.0,0.0000,0.0000,0.8423,0.2846,0.5581,240.8750,enc,0.0000
1786091650.527970,0.1033,0.0,0.0,0.0000,0.0000,0.8423,0.2846,0.5581,240.8750,enc,0.0000
1786091650.635319,0.1073,0.0,0.0,0.0000,0.0000,0.8423,0.2846,0.5581,240.8750,enc,0.0000
1786091650.735853,0.1005,0.0,0.0,0.0000,0.0000,0.8423,0.2846,0.5581,240.8750,enc,0.0000
1786091650.840943,0.1051,0.0,0.0,0.0000,0.0000,0.8423,0.2846,0.5581,240.8750,enc,0.0000
1786091650.946718,0.1058,0.0,0.0,0.0000,0.0000,0.8423,0.2846,0.5581,240.8750,enc,0.0000
1786091651.050324,0.1036,0.0,0.0,0.0000,0.0000,0.8423,0.2846,0.5581,240.8750,enc,0.0000
1786091651.153666,0.1033,0.0,0.0,0.0000,0.0000,0.8423,0.2846,0.5581,240.8750,enc,0.0000
1786091651.259475,0.1058,0.0,0.0,0.0000,0.0000,0.8423,0.2846,0.5581,240.8750,enc,0.0000
1786091651.363013,0.1035,0.0,0.0,0.0000,0.0000,0.8423,0.2846,0.5581,240.8750,enc,0.0000
1786091651.464396,0.1014,0.0,0.0,0.0000,0.0000,0.8423,0.2846,0.5581,240.8750,enc,0.0000
1786091651.567253,0.1029,0.0,0.0,0.0000,0.0000,0.8423,0.2846,0.5581,240.8750,enc,0.0000
1786091651.672915,0.1057,0.0,0.0,0.0000,0.0000,0.8423,0.2846,0.5581,240.8750,enc,0.0000
1786091651.774688,0.1018,0.0,0.0,0.0000,0.0000,0.8423,0.2846,0.5581,240.8750,enc,0.0000
1786091651.875554,0.1009,0.0,0.0,0.0000,0.0000,0.8423,0.2846,0.5581,240.8750,enc,0.0000
1786091651.982367,0.1068,0.0,0.0,0.0000,0.0000,0.8423,0.2846,0.5581,240.8750,enc,0.0000
1786091652.082542,0.1002,0.0,0.0,0.0000,0.0000,0.8423,0.2846,0.5581,240.8750,enc,0.0000
1786091652.186714,0.1042,0.0,0.0,0.0000,0.0000,0.8423,0.2846,0.5581,240.8750,enc,0.0000
1786091652.293049,0.1063,0.0,0.0,0.0000,0.0000,0.8423,0.2846,0.5581,240.8750,enc,0.0000
1786091652.396652,0.1036,0.0,0.0,0.0000,0.0000,0.8423,0.2846,0.5581,240.8750,enc,0.0000
1786091652.500007,0.1034,0.0,0.0,0.0000,0.0000,0.8423,0.2846,0.5581,240.8750,enc,0.0000
1786091652.604674,0.1047,0.0,0.0,0.0000,0.0000,0.8423,0.2846,0.5581,240.8750,enc,0.0000
1786091652.707496,0.1028,0.0,0.0,0.0000,0.0000,0.8423,0.2846,0.5581,240.8750,enc,0.0000
1786091652.811893,0.1044,0.0,0.0,0.0000,0.0000,0.8423,0.2846,0.5581,240.8750,enc,0.0000
1786091652.916805,0.1049,0.0,0.0,0.0000,0.0000,0.8423,0.2846,0.5581,240.8750,enc,0.0000
1786091653.021045,0.1042,0.0,0.0,0.0000,0.0000,0.8423,0.2846,0.5581,240.8750,enc,0.0000
1786091653.122368,0.1013,0.0,0.0,0.0000,0.0000,0.8423,0.2846,0.5581,240.8750,enc,0.0000
1786091653.223826,0.1015,0.0,0.0,0.0000,0.0000,0.8423,0.2846,0.5581,240.8750,enc,0.0000
1786091653.331818,0.1080,0.0,0.0,0.0000,0.0000,0.8423,0.2846,0.5581,240.8750,enc,0.0000
1786091653.434264,0.1024,0.0,0.0,0.0000,0.0000,0.8423,0.2846,0.5581,240.8750,enc,0.0000
1786091653.536598,0.1023,0.0,0.0,0.0000,0.0000,0.8423,0.2846,0.5581,240.8750,enc,0.0000
1786091653.643040,0.1064,0.0,0.0,0.0000,0.0000,0.8423,0.2846,0.5581,240.8750,enc,0.0000
1786091653.742832,0.0998,0.0,0.0,0.0000,0.0000,0.8423,0.2846,0.5581,240.8750,enc,0.0000
1786091653.847013,0.1042,0.0,0.0,0.0000,0.0000,0.8423,0.2846,0.5581,240.8750,enc,0.0000
1786091653.952846,0.1058,0.0,0.0,0.0000,0.0000,0.8423,0.2846,0.5581,240.8750,enc,0.0000
1786091654.057733,0.1049,0.0,0.0,0.0000,0.0000,0.8423,0.2846,0.5581,240.8750,enc,0.0000
1786091654.161220,0.1035,0.0,0.0,0.0000,0.0000,0.8423,0.2846,0.5581,240.8750,enc,0.0000
1786091654.266804,0.1056,0.0,0.0,0.0000,0.0000,0.8423,0.2846,0.5581,240.8750,enc,0.0000
1786091654.369086,0.1023,0.0,0.0,0.0000,0.0000,0.8423,0.2846,0.5581,240.8750,enc,0.0000
1786091654.473111,0.1040,0.0,0.0,0.0000,0.0000,0.8423,0.2846,0.5581,240.8750,enc,0.0000
1786091654.575670,0.1026,0.0,0.0,0.0000,0.0000,0.8423,0.2846,0.5581,240.8750,enc,0.0000
1786091654.690058,0.1144,0.0,0.0,0.0000,0.0000,0.8423,0.2846,0.5581,240.8750,enc,0.0000
1786091654.784597,0.0945,0.0,0.0,0.0000,0.0000,0.8423,0.2846,0.5581,240.8750,enc,0.0000
1786091654.885916,0.1013,0.0,0.0,0.0000,0.0000,0.8423,0.2846,0.5581,240.8750,enc,0.0000
1786091654.992136,0.1062,0.0,0.0,0.0000,0.0000,0.8423,0.2846,0.5581,240.8750,enc,0.0000
1786091655.093407,0.1013,0.0,0.0,0.0000,0.0000,0.8423,0.2846,0.5581,240.8750,enc,0.0000
1786091655.265568,0.1722,0.0,0.0,0.0000,0.0000,0.8423,0.2846,0.5581,240.8750,enc,0.0000
1786091655.300585,0.0350,0.0,0.0,0.0000,0.0000,0.8423,0.2846,0.5581,240.8750,enc,0.0000
1786091655.522187,0.2216,0.0,0.0,0.0000,0.0000,0.8423,0.2846,0.5581,240.8750,enc,0.0000
1786091655.522228,0.0000,0.0,0.0,0.0000,0.0000,0.8423,0.2846,0.5581,240.8750,enc,0.0000
1786091655.614815,0.0926,0.0,0.0,0.0000,0.0000,0.8423,0.2846,0.5581,240.8750,enc,0.0000
1786091655.775084,0.1603,0.0,0.0,0.0000,0.0000,0.8423,0.2846,0.5581,240.8750,enc,0.0000
1786091655.821249,0.0462,0.0,0.0,0.0000,0.0000,0.8423,0.2846,0.5581,240.8750,enc,0.0000
1786091656.024070,0.2028,0.0,0.0,0.0000,0.0000,0.8423,0.2846,0.5581,240.8750,enc,0.0000
1786091656.028460,0.0044,0.0,0.0,0.0000,0.0000,0.8423,0.2846,0.5581,240.8750,enc,0.0000
1786091656.264362,0.2359,0.0,0.0,0.0000,0.0000,0.8423,0.2846,0.5581,240.8750,enc,0.0000
1786091656.264409,0.0000,0.0,0.0,0.0000,0.0000,0.8423,0.2846,0.5581,240.8750,enc,0.0000
1786091656.340607,0.0762,0.0,0.0,0.0000,0.0000,0.8423,0.2846,0.5581,240.8750,enc,0.0000
1786091656.519363,0.1788,0.0,0.0,0.0000,0.0000,0.8423,0.2846,0.5581,240.8750,enc,0.0000
1786091656.546223,0.0269,0.0,0.0,0.0000,0.0000,0.8423,0.2846,0.5581,240.8750,enc,0.0000
1786091656.774289,0.2281,0.0,0.0,0.0000,0.0000,0.8423,0.2846,0.5581,240.8750,enc,0.0000
1786091656.774333,0.0000,0.0,0.0,0.0000,0.0000,0.8423,0.2846,0.5581,240.8750,enc,0.0000
1786091656.860469,0.0861,0.0,0.0,0.0000,0.0000,0.8423,0.2846,0.5581,240.8750,enc,0.0000
1786091657.022596,0.1621,0.0,0.0,0.0000,0.0000,0.8423,0.2846,0.5581,240.8750,enc,0.0000
1786091657.068151,0.0456,0.0,0.0,0.0000,0.0000,0.8423,0.2846,0.5581,240.8750,enc,0.0000
1786091657.271707,0.2036,0.0,0.0,0.0000,0.0000,0.8423,0.2846,0.5581,240.8750,enc,0.0000
1786091657.282618,0.0109,0.0,0.0,0.0000,0.0000,0.8423,0.2846,0.5581,240.8750,enc,0.0000
1786091657.531567,0.2489,0.0,0.0,0.0000,0.0000,0.8423,0.2846,0.5581,240.8750,enc,0.0000
1786091657.531609,0.0000,0.0,0.0,0.0000,0.0000,0.8423,0.2846,0.5581,240.8750,enc,0.0000
1786091657.583317,0.0517,0.0,0.0,0.0000,0.0000,0.8423,0.2846,0.5581,240.8750,enc,0.0000
1786091657.768191,0.1849,0.0,0.0,0.0000,0.0000,0.8423,0.2846,0.5581,240.8750,enc,0.0000
1786091657.790908,0.0227,0.0,0.0,0.0000,0.0000,0.8423,0.2846,0.5581,240.8750,enc,0.0000
1786091658.020263,0.2294,0.0,0.0,0.0000,0.0000,0.8423,0.2846,0.5581,240.8750,enc,0.0000
1786091658.020322,0.0001,0.0,0.0,0.0000,0.0000,0.8423,0.2846,0.5581,240.8750,enc,0.0000
1786091658.105150,0.0848,0.0,0.0,0.0000,0.0000,0.8423,0.2846,0.5581,240.8750,enc,0.0000
1786091658.270468,0.1653,0.0,0.0,0.0000,0.0000,0.8423,0.2846,0.5581,240.8750,enc,0.0000
1786091658.313040,0.0426,0.0,0.0,0.0000,0.0000,0.8423,0.2846,0.5581,240.8750,enc,0.0000
1786091658.523469,0.2104,0.0,0.0,0.0000,0.0000,0.8423,0.2846,0.5581,240.8750,enc,0.0000
1786091658.523516,0.0000,0.0,0.0,0.0000,0.0000,0.8423,0.2846,0.5581,240.8750,enc,0.0000
1786091658.774656,0.2511,0.0,0.0,0.0000,0.0000,0.8423,0.2846,0.5581,240.8750,enc,0.0000
1786091658.774699,0.0000,0.0,0.0,0.0000,0.0000,0.8423,0.2846,0.5581,240.8750,enc,0.0000
1786091658.831662,0.0570,0.0,0.0,0.0000,0.0000,0.8423,0.2846,0.5581,240.8750,enc,0.0000
1786091659.028081,0.1964,0.0,0.0,0.0000,0.0000,0.8423,0.2846,0.5581,240.8750,enc,0.0000
1786091659.036520,0.0084,0.0,0.0,0.0000,0.0000,0.8423,0.2846,0.5581,240.8750,enc,0.0000
1786091659.278773,0.2423,0.0,0.0,0.0000,0.0000,0.8423,0.2846,0.5581,240.8750,enc,0.0000
1786091659.278818,0.0000,0.0,0.0,0.0000,0.0000,0.8423,0.2846,0.5581,240.8750,enc,0.0000
1786091659.350057,0.0712,0.0,0.0,0.0000,0.0000,0.8423,0.2846,0.5581,240.8750,enc,0.0000
1786091659.532262,0.1822,0.0,0.0,0.0000,0.0000,0.8423,0.2846,0.5581,240.8750,enc,0.0000
1786091659.554584,0.0223,0.0,0.0,0.0000,0.0000,0.8423,0.2846,0.5581,240.8750,enc,0.0000
1786091659.789154,0.2346,0.0,0.0,0.0000,0.0000,0.8423,0.2846,0.5581,240.8750,enc,0.0000
1786091659.789214,0.0001,0.0,0.0,0.0000,0.0000,0.8423,0.2846,0.5581,240.8750,enc,0.0000
1786091659.868103,0.0789,0.0,0.0,0.0000,0.0000,0.8423,0.2846,0.5581,240.8750,enc,0.0000
1786091660.044893,0.1768,0.0,0.0,0.0000,0.0000,0.8423,0.2846,0.5581,240.8750,enc,0.0000
1786091660.072614,0.0277,0.0,0.0,0.0000,0.0000,0.8423,0.2846,0.5581,240.8750,enc,0.0000
1786091660.179683,0.1071,0.0,0.0,0.0000,0.0000,0.8423,0.2846,0.5581,240.8750,enc,0.0000
1786091660.282690,0.1030,0.0,0.0,0.0000,0.0000,0.8423,0.2846,0.5581,240.8750,enc,0.0000
1786091660.387178,0.1045,0.0,0.0,0.0000,0.0000,0.8423,0.2846,0.5581,240.8750,enc,0.0000
1786091660.491813,0.1046,0.0,0.0,0.0000,0.0000,0.8423,0.2846,0.5581,240.8750,enc,0.0000
1786091660.591824,0.1000,0.0,0.0,0.0000,0.0000,0.8423,0.2846,0.5581,240.8750,enc,0.0000
1786091660.697891,0.1061,0.0,0.0,0.0000,0.0000,0.8423,0.2846,0.5581,240.8750,enc,0.0000
1786091660.798671,0.1008,0.0,0.0,0.0000,0.0000,0.8423,0.2846,0.5581,240.8750,enc,0.0000
1786091660.901752,0.1031,0.0,0.0,0.0000,0.0000,0.8423,0.2846,0.5581,240.8750,enc,0.0000
1786091661.013027,0.1113,0.0,0.0,0.0000,0.0000,0.8423,0.2846,0.5581,240.8750,enc,0.0000
1786091661.112967,0.0999,0.0,0.0,0.0000,0.0000,0.8423,0.2846,0.5581,240.8750,enc,0.0000
1786091661.217610,0.1046,0.0,0.0,0.0000,0.0000,0.8423,0.2846,0.5581,240.8750,enc,0.0000
1786091661.320667,0.1031,0.0,0.0,0.0000,0.0000,0.8423,0.2846,0.5581,240.8750,enc,0.0000
1786091661.427882,0.1072,0.0,0.0,0.0000,0.0000,0.8423,0.2846,0.5581,240.8750,enc,0.0000
1786091661.526754,0.0989,0.0,0.0,0.0000,0.0000,0.8423,0.2846,0.5581,240.8750,enc,0.0000
1786091661.631313,0.1046,0.0,0.0,0.0000,0.0000,0.8423,0.2846,0.5581,240.8750,enc,0.0000
1786091661.736161,0.1048,0.0,0.0,0.0000,0.0000,0.8423,0.2846,0.5581,240.8750,enc,0.0000
1786091661.838042,0.1019,0.0,0.0,0.0000,0.0000,0.8423,0.2846,0.5581,240.8750,enc,0.0000
1786091661.941173,0.1031,0.0,0.0,0.0000,0.0000,0.8423,0.2846,0.5581,240.8750,enc,0.0000
1786091662.045825,0.1047,0.0,0.0,0.0000,0.0000,0.8423,0.2846,0.5581,240.8750,enc,0.0000
1786091662.149020,0.1032,0.0,0.0,0.0000,0.0000,0.8423,0.2846,0.5581,240.8750,enc,0.0000
1786091662.249355,0.1003,0.0,0.0,0.0000,0.0000,0.8423,0.2846,0.5581,240.8750,enc,0.0000
1786091662.359027,0.1097,0.0,0.0,0.0000,0.0000,0.8423,0.2846,0.5581,240.8750,enc,0.0000
1786091662.456740,0.0977,0.0,0.0,0.0000,0.0000,0.8423,0.2846,0.5581,240.8750,enc,0.0000
1786091662.561450,0.1047,0.0,0.0,0.0000,0.0000,0.8423,0.2846,0.5581,240.8750,enc,0.0000
1786091662.667721,0.1063,0.0,0.0,0.0000,0.0000,0.8423,0.2846,0.5581,240.8750,enc,0.0000
1786091662.770590,0.1029,0.0,0.0,0.0000,0.0000,0.8423,0.2846,0.5581,240.8750,enc,0.0000
1786091662.876019,0.1054,0.0,0.0,0.0000,0.0000,0.8423,0.2846,0.5581,240.8750,enc,0.0000
1786091662.979431,0.1034,0.0,0.0,0.0000,0.0000,0.8423,0.2846,0.5581,240.8750,enc,0.0000
1786091663.082466,0.1030,0.0,0.0,0.0000,0.0000,0.8423,0.2846,0.5581,240.8750,enc,0.0000
1786091663.186314,0.1038,0.0,0.0,0.0000,0.0000,0.8423,0.2846,0.5581,240.8750,enc,0.0000
1786091663.288966,0.1027,0.0,0.0,0.0000,0.0000,0.8423,0.2846,0.5581,240.8750,enc,0.0000
1786091663.397983,0.1090,0.0,0.0,0.0000,0.0000,0.8423,0.2846,0.5581,240.8750,enc,0.0000
1786091663.503808,0.1058,0.0,0.0,0.0000,0.0000,0.8423,0.2846,0.5581,240.8750,enc,0.0000
1786091663.603414,0.0996,0.0,0.0,0.0000,0.0000,0.8423,0.2846,0.5581,240.8750,enc,0.0000
1786091663.709162,0.1057,0.0,0.0,0.0000,0.0000,0.8423,0.2846,0.5581,240.8750,enc,0.0000
1786091663.805723,0.0966,0.0,0.0,0.0000,0.0000,0.8423,0.2846,0.5581,240.8750,enc,0.0000
1786091663.912058,0.1063,0.0,0.0,0.0000,0.0000,0.8423,0.2846,0.5581,240.8750,enc,0.0000
1786091664.015894,0.1038,0.0,0.0,0.0000,0.0000,0.8423,0.2846,0.5581,240.8750,enc,0.0000
1786091664.115877,0.1000,0.0,0.0,0.0000,0.0000,0.8423,0.2846,0.5581,240.8750,enc,0.0000
1786091664.227007,0.1111,0.0,0.0,0.0000,0.0000,0.8423,0.2846,0.5581,240.8750,enc,0.0000
1786091664.329858,0.1029,0.0,0.0,0.0000,0.0000,0.8423,0.2846,0.5581,240.8750,enc,0.0000
1786091664.430954,0.1011,0.0,0.0,0.0000,0.0000,0.8423,0.2846,0.5581,240.8750,enc,0.0000
1786091664.533787,0.1028,0.0,0.0,0.0000,0.0000,0.8423,0.2846,0.5581,240.8750,enc,0.0000
1786091664.642829,0.1090,0.0,0.0,0.0000,0.0000,0.8423,0.2846,0.5581,240.8750,enc,0.0000
1786091664.744334,0.1015,0.0,0.0,0.0000,0.0000,0.8423,0.2846,0.5581,240.8750,enc,0.0000
1786091664.847195,0.1029,0.0,0.0,0.0000,0.0000,0.8423,0.2846,0.5581,240.8750,enc,0.0000
1786091664.948339,0.1011,0.0,0.0,0.0000,0.0000,0.8423,0.2846,0.5581,240.8750,enc,0.0000
1786091665.055815,0.1075,0.0,0.0,0.0000,0.0000,0.8423,0.2846,0.5581,240.8750,enc,0.0000
1786091665.155048,0.0992,0.0,0.0,0.0000,0.0000,0.8423,0.2846,0.5581,240.8750,enc,0.0000
1786091665.258455,0.1034,0.0,0.0,0.0000,0.0000,0.8423,0.2846,0.5581,240.8750,enc,0.0000
1786091665.365411,0.1070,0.0,0.0,0.0000,0.0000,0.8423,0.2846,0.5581,240.8750,enc,0.0000
1786091665.469391,0.1040,0.0,0.0,0.0000,0.0000,0.8423,0.2846,0.5581,240.8750,enc,0.0000
1786091665.570714,0.1013,0.0,0.0,0.0000,0.0000,0.8423,0.2846,0.5581,240.8750,enc,0.0000
1786091665.675015,0.1043,0.0,0.0,0.0000,0.0000,0.8423,0.2846,0.5581,240.8750,enc,0.0000
1786091665.780920,0.1059,0.0,0.0,0.0000,0.0000,0.8423,0.2846,0.5581,240.8750,enc,0.0000
1786091665.883128,0.1022,0.0,0.0,0.0000,0.0000,0.8423,0.2846,0.5581,240.8750,enc,0.0000
1786091665.987710,0.1046,0.0,0.0,0.0000,0.0000,0.8423,0.2846,0.5581,240.8750,enc,0.0000
1786091666.090981,0.1033,0.0,0.0,0.0000,0.0000,0.8423,0.2846,0.5581,240.8750,enc,0.0000
1786091666.193203,0.1022,0.0,0.0,0.0000,0.0000,0.8423,0.2846,0.5581,240.8750,enc,0.0000
1786091666.296295,0.1031,0.0,0.0,0.0000,0.0000,0.8423,0.2846,0.5581,240.8750,enc,0.0000
1786091666.404025,0.1077,0.0,0.0,0.0000,0.0000,0.8423,0.2846,0.5581,240.8750,enc,0.0000
1786091666.504112,0.1001,0.0,0.0,0.0000,0.0000,0.8423,0.2846,0.5581,240.8750,enc,0.0000
1786091666.607676,0.1036,0.0,0.0,0.0000,0.0000,0.8423,0.2846,0.5581,240.8750,enc,0.0000
1786091666.713580,0.1059,0.0,0.0,0.0000,0.0000,0.8423,0.2846,0.5581,240.8750,enc,0.0000
1786091666.814731,0.1012,0.0,0.0,0.0000,0.0000,0.8423,0.2846,0.5581,240.8750,enc,0.0000
1786091666.917949,0.1032,0.0,0.0,0.0000,0.0000,0.8423,0.2846,0.5581,240.8750,enc,0.0000
1786091667.026098,0.1081,0.0,0.0,0.0000,0.0000,0.8423,0.2846,0.5581,240.8750,enc,0.0000
1786091667.129350,0.1033,0.0,0.0,0.0000,0.0000,0.8423,0.2846,0.5581,240.8750,enc,0.0000
1786091667.232759,0.1034,0.0,0.0,0.0000,0.0000,0.8423,0.2846,0.5581,240.8750,enc,0.0000
1786091667.336805,0.1040,0.0,0.0,0.0000,0.0000,0.8423,0.2846,0.5581,240.8750,enc,0.0000
1786091667.442093,0.1053,0.0,0.0,0.0000,0.0000,0.8423,0.2846,0.5581,240.8750,enc,0.0000
1786091667.542865,0.1008,0.0,0.0,0.0000,0.0000,0.8423,0.2846,0.5581,240.8750,enc,0.0000
1786091667.647397,0.1045,0.0,0.0,0.0000,0.0000,0.8423,0.2846,0.5581,240.8750,enc,0.0000
1786091667.750952,0.1036,0.0,0.0,0.0000,0.0000,0.8423,0.2846,0.5581,240.8750,enc,0.0000
1786091667.855392,0.1044,0.0,0.0,0.0000,0.0000,0.8423,0.2846,0.5581,240.8750,enc,0.0000
1786091667.954884,0.0995,0.0,0.0,0.0000,0.0000,0.8423,0.2846,0.5581,240.8750,enc,0.0000
1786091668.063087,0.1082,0.0,0.0,0.0000,0.0000,0.8423,0.2846,0.5581,240.8750,enc,0.0000
1786091668.163005,0.0999,0.0,0.0,0.0000,0.0000,0.8423,0.2846,0.5581,240.8750,enc,0.0000
1786091668.266928,0.1039,0.0,0.0,0.0000,0.0000,0.8423,0.2846,0.5581,240.8750,enc,0.0000
1786091668.372059,0.1051,0.0,0.0,0.0000,0.0000,0.8423,0.2846,0.5581,240.8750,enc,0.0000
1786091668.475917,0.1039,0.0,0.0,0.0000,0.0000,0.8423,0.2846,0.5581,240.8750,enc,0.0000
1786091668.577415,0.1015,0.0,0.0,0.0000,0.0000,0.8423,0.2846,0.5581,240.8750,enc,0.0000
1786091668.686057,0.1086,0.0,0.0,0.0000,0.0000,0.8423,0.2846,0.5581,240.8750,enc,0.0000
1786091668.785751,0.0997,0.0,0.0,0.0000,0.0000,0.8423,0.2846,0.5581,240.8750,enc,0.0000
1786091668.890861,0.1051,0.0,0.0,0.0000,0.0000,0.8423,0.2846,0.5581,240.8750,enc,0.0000
1786091668.999058,0.1082,0.0,0.0,0.0000,0.0000,0.8423,0.2846,0.5581,240.8750,enc,0.0000
1786091669.099975,0.1009,0.0,0.0,0.0000,0.0000,0.8423,0.2846,0.5581,240.8750,enc,0.0000
1786091669.207613,0.1076,0.0,0.0,0.0000,0.0000,0.8423,0.2846,0.5581,240.8750,enc,0.0000
1786091669.309107,0.1015,0.0,0.0,0.0000,0.0000,0.8423,0.2846,0.5581,240.8750,enc,0.0000
1786091669.412440,0.1033,0.0,0.0,0.0000,0.0000,0.8423,0.2846,0.5581,240.8750,enc,0.0000
1786091669.516784,0.1043,0.0,0.0,0.0000,0.0000,0.8423,0.2846,0.5581,240.8750,enc,0.0000
1786091669.620384,0.1036,0.0,0.0,0.0000,0.0000,0.8423,0.2846,0.5581,240.8750,enc,0.0000
1786091669.724631,0.1042,0.0,0.0,0.0000,0.0000,0.8423,0.2846,0.5581,240.8750,enc,0.0000
1786091669.831772,0.1071,0.0,0.0,0.0000,0.0000,0.8423,0.2846,0.5581,240.8750,enc,0.0000
1786091669.932200,0.1004,0.0,0.0,0.0000,0.0000,0.8423,0.2846,0.5581,240.8750,enc,0.0000
1786091670.039463,0.1073,0.0,0.0,0.0000,0.0000,0.8423,0.2846,0.5581,240.8750,enc,0.0000
1786091670.260578,0.2211,0.0,0.0,0.0000,0.0000,0.8423,0.2846,0.5581,240.8750,enc,0.0000
1786091670.260752,0.0002,0.0,0.0,0.0000,0.0000,0.8423,0.2846,0.5581,240.8750,enc,0.0000
1786091670.351687,0.0909,0.0,0.0,0.0000,0.0000,0.8423,0.2846,0.5581,240.8750,enc,0.0000
1786091670.506545,0.1549,0.0,0.0,0.0000,0.0000,0.8423,0.2846,0.5581,240.8750,enc,0.0000
1786091670.555915,0.0494,0.0,0.0,0.0000,0.0000,0.8423,0.2846,0.5581,240.8750,enc,0.0000
1786091670.761657,0.2057,0.0,0.0,0.0000,0.0000,0.8423,0.2846,0.5581,240.8750,enc,0.0000
1786091670.768809,0.0072,0.0,0.0,0.0000,0.0000,0.8423,0.2846,0.5581,240.8750,enc,0.0000
1786091671.013932,0.2451,0.0,0.0,0.0000,0.0000,0.8423,0.2846,0.5581,240.8750,enc,0.0000
1786091671.013986,0.0001,0.0,0.0,0.0000,0.0000,0.8423,0.2846,0.5581,240.8750,enc,0.0000
1786091671.076470,0.0625,0.0,0.0,0.0000,0.0000,0.8423,0.2846,0.5581,240.8750,enc,0.0000
1786091671.252362,0.1759,0.0,0.0,0.0000,0.0000,0.8423,0.2846,0.5581,240.8750,enc,0.0000
1786091671.283138,0.0308,0.0,0.0,0.0000,0.0000,0.8423,0.2846,0.5581,240.8750,enc,0.0000
1786091671.504908,0.2218,0.0,0.0,0.0000,0.0000,0.8423,0.2846,0.5581,240.8750,enc,0.0000
1786091671.504982,0.0001,0.0,0.0,0.0000,0.0000,0.8423,0.2846,0.5581,240.8750,enc,0.0000
1786091671.598479,0.0935,0.0,0.0,0.0000,0.0000,0.8423,0.2846,0.5581,240.8750,enc,0.0000
1786091671.746341,0.1479,0.0,0.0,0.0000,0.0000,0.8423,0.2846,0.5581,240.8750,enc,0.0000
1786091671.810068,0.0637,0.0,0.0,0.0000,0.0000,0.8423,0.2846,0.5581,240.8750,enc,0.0000
1786091671.998829,0.1888,0.0,0.0,0.0000,0.0000,0.8423,0.2846,0.5581,240.8750,enc,0.0000
1786091672.014479,0.0156,0.0,0.0,0.0000,0.0000,0.8423,0.2846,0.5581,240.8750,enc,0.0000
1786091672.249565,0.2351,0.0,0.0,0.0000,0.0000,0.8423,0.2846,0.5581,240.8750,enc,0.0000
1786091672.249704,0.0001,0.0,0.0,0.0000,0.0000,0.8423,0.2846,0.5581,240.8750,enc,0.0000
1786091672.322087,0.0724,0.0,0.0,0.0000,0.0000,0.8423,0.2846,0.5581,240.8750,enc,0.0000
1786091672.499926,0.1778,0.0,0.0,0.0000,0.0000,0.8423,0.2846,0.5581,240.8750,enc,0.0000
1786091672.529773,0.0298,0.0,0.0,0.0000,0.0000,0.8423,0.2846,0.5581,240.8750,enc,0.0000
1786091672.752578,0.2228,0.0,0.0,0.0000,0.0000,0.8423,0.2846,0.5581,240.8750,enc,0.0000
1786091672.754200,0.0016,0.0,0.0,0.0000,0.0000,0.8423,0.2846,0.5581,240.8750,enc,0.0000
1786091672.839102,0.0849,0.0,0.0,0.0000,0.0000,0.8423,0.2846,0.5581,240.8750,enc,0.0000
1786091673.001501,0.1624,0.0,0.0,0.0000,0.0000,0.8423,0.2846,0.5581,240.8750,enc,0.0000
1786091673.047509,0.0460,0.0,0.0,0.0000,0.0000,0.8423,0.2846,0.5581,240.8750,enc,0.0000
1786091673.251744,0.2042,0.0,0.0,0.0000,0.0000,0.8423,0.2846,0.5581,240.8750,enc,0.0000
1786091673.256111,0.0044,0.0,0.0,0.0000,0.0000,0.8423,0.2846,0.5581,240.8750,enc,0.0000
1786091676.534945,3.2788,0.0,0.0,0.0000,0.0000,0.8423,0.2846,0.5581,240.8750,enc,0.0000
1786091676.637147,0.1022,0.0,0.0,0.0000,0.0000,0.8423,0.2846,0.5581,240.8750,enc,0.0000
1786091676.741440,0.1043,0.0,0.0,0.0000,0.0000,0.8423,0.2846,0.5581,240.8750,enc,0.0000
1786091676.845493,0.1041,0.0,0.0,0.0000,0.0000,0.8423,0.2846,0.5581,240.8750,enc,0.0000
1786091676.945557,0.1001,0.0,0.0,0.0000,0.0000,0.8423,0.2846,0.5581,240.8750,enc,0.0000
1786091677.052754,0.1072,0.0,0.0,0.0000,0.0000,0.8423,0.2846,0.5581,240.8750,enc,0.0000
1786091677.155591,0.1028,0.0,0.0,0.0000,0.0000,0.8423,0.2846,0.5581,240.8750,enc,0.0000
1786091677.262268,0.1067,0.0,0.0,0.0000,0.0000,0.8423,0.2846,0.5581,240.8750,enc,0.0000
1786091677.366928,0.1047,0.0,0.0,0.0000,0.0000,0.8423,0.2846,0.5581,240.8750,enc,0.0000
1786091677.468719,0.1018,0.0,0.0,0.0000,0.0000,0.8423,0.2846,0.5581,240.8750,enc,0.0000
1786091677.570304,0.1016,0.0,0.0,0.0000,0.0000,0.8423,0.2846,0.5581,240.8750,enc,0.0000
1786091677.675966,0.1057,0.0,0.0,0.0000,0.0000,0.8423,0.2846,0.5581,240.8750,enc,0.0000
1786091677.777750,0.1018,0.0,0.0,0.0000,0.0000,0.8423,0.2846,0.5581,240.8750,enc,0.0000
1786091677.882660,0.1049,0.0,0.0,0.0000,0.0000,0.8423,0.2846,0.5581,240.8750,enc,0.0000
1786091677.988930,0.1063,0.0,0.0,0.0000,0.0000,0.8423,0.2846,0.5581,240.8750,enc,0.0000
1786091678.092402,0.1035,0.0,0.0,0.0000,0.0000,0.8423,0.2846,0.5581,240.8750,enc,0.0000
1786091678.194220,0.1018,0.0,0.0,0.0000,0.0000,0.8423,0.2846,0.5581,240.8750,enc,0.0000
1786091678.301846,0.1076,0.0,0.0,0.0000,0.0000,0.8423,0.2846,0.5581,240.8750,enc,0.0000
1786091678.405608,0.1038,0.0,0.0,0.0000,0.0000,0.8423,0.2846,0.5581,240.8750,enc,0.0000
1786091678.508109,0.1025,0.0,0.0,0.0000,0.0000,0.8423,0.2846,0.5581,240.8750,enc,0.0000
1786091678.618458,0.1103,0.0,0.0,0.0000,0.0000,0.8423,0.2846,0.5581,240.8750,enc,0.0000
1786091678.712624,0.0942,0.0,0.0,0.0000,0.0000,0.8423,0.2846,0.5581,240.8750,enc,0.0000
1786091678.816306,0.1037,0.0,0.0,0.0000,0.0000,0.8423,0.2846,0.5581,240.8750,enc,0.0000
1786091678.921331,0.1050,0.0,0.0,0.0000,0.0000,0.8423,0.2846,0.5581,240.8750,enc,0.0000
1786091679.024858,0.1035,0.0,0.0,0.0000,0.0000,0.8423,0.2846,0.5581,240.8750,enc,0.0000
1786091679.128476,0.1036,0.0,0.0,0.0000,0.0000,0.8423,0.2846,0.5581,240.8750,enc,0.0000
1786091679.229388,0.1009,0.0,0.0,0.0000,0.0000,0.8423,0.2846,0.5581,240.8750,enc,0.0000
1786091679.337972,0.1086,0.0,0.0,0.0000,0.0000,0.8423,0.2846,0.5581,240.8750,enc,0.0000
1786091679.437923,0.1000,0.0,0.0,0.0000,0.0000,0.8423,0.2846,0.5581,240.8750,enc,0.0000
1786091679.540253,0.1023,0.0,0.0,0.0000,0.0000,0.8423,0.2846,0.5581,240.8750,enc,0.0000
1786091679.650903,0.1106,0.0,0.0,0.0000,0.0000,0.8423,0.2846,0.5581,240.8750,enc,0.0000
1786091679.751859,0.1010,0.0,0.0,0.0000,0.0000,0.8423,0.2846,0.5581,240.8750,enc,0.0000
1786091679.855279,0.1034,0.0,0.0,0.0000,0.0000,0.8423,0.2846,0.5581,240.8750,enc,0.0000
1786091679.961043,0.1058,0.0,0.0,0.0000,0.0000,0.8423,0.2846,0.5581,240.8750,enc,0.0000
1786091680.063338,0.1023,0.0,0.0,0.0000,0.0000,0.8423,0.2846,0.5581,240.8750,enc,0.0000
1786091680.166244,0.1029,0.0,0.0,0.0000,0.0000,0.8423,0.2846,0.5581,240.8750,enc,0.0000
1786091680.270581,0.1043,0.0,0.0,0.0000,0.0000,0.8423,0.2846,0.5581,240.8750,enc,0.0000
1786091680.375054,0.1045,0.0,0.0,0.0000,0.0000,0.8423,0.2846,0.5581,240.8750,enc,0.0000
1786091680.477889,0.1028,0.0,0.0,0.0000,0.0000,0.8423,0.2846,0.5581,240.8750,enc,0.0000
1786091680.577844,0.1000,0.0,0.0,0.0000,0.0000,0.8423,0.2846,0.5581,240.8750,enc,0.0000
1786091680.685061,0.1072,0.0,0.0,0.0000,0.0000,0.8423,0.2846,0.5581,240.8750,enc,0.0000
1786091680.784198,0.0991,0.0,0.0,0.0000,0.0000,0.8423,0.2846,0.5581,240.8750,enc,0.0000
1786091680.889187,0.1050,0.0,0.0,0.0000,0.0000,0.8423,0.2846,0.5581,240.8750,enc,0.0000
1786091680.995181,0.1060,0.0,0.0,0.0000,0.0000,0.8423,0.2846,0.5581,240.8750,enc,0.0000
1786091681.098041,0.1029,0.0,0.0,0.0000,0.0000,0.8423,0.2846,0.5581,240.8750,enc,0.0000
1786091681.205054,0.1070,0.0,0.0,0.0000,0.0000,0.8423,0.2846,0.5581,240.8750,enc,0.0000
1786091681.308022,0.1030,0.0,0.0,0.0000,0.0000,0.8423,0.2846,0.5581,240.8750,enc,0.0000
1786091681.411613,0.1036,0.0,0.0,0.0000,0.0000,0.8423,0.2846,0.5581,240.8750,enc,0.0000
1786091681.518736,0.1071,0.0,0.0,0.0000,0.0000,0.8423,0.2846,0.5581,240.8750,enc,0.0000
1786091681.624686,0.1060,0.0,0.0,0.0000,0.0000,0.8423,0.2846,0.5581,240.8750,enc,0.0000
1786091681.724941,0.1003,0.0,0.0,0.0000,0.0000,0.8423,0.2846,0.5581,240.8750,enc,0.0000
1786091681.827969,0.1030,0.0,0.0,0.0000,0.0000,0.8423,0.2846,0.5581,240.8750,enc,0.0000
1786091681.930110,0.1021,0.0,0.0,0.0000,0.0000,0.8423,0.2846,0.5581,240.8750,enc,0.0000
1786091682.036059,0.1059,0.0,0.0,0.0000,0.0000,0.8423,0.2846,0.5581,240.8750,enc,0.0000
1786091682.136359,0.1003,0.0,0.0,0.0000,0.0000,0.8423,0.2846,0.5581,240.8750,enc,0.0000
1786091682.239010,0.1027,0.0,0.0,0.0000,0.0000,0.8423,0.2846,0.5581,240.8750,enc,0.0000
1786091682.356256,0.1172,0.0,0.0,0.0000,0.0000,0.8423,0.2846,0.5581,240.8750,enc,0.0000
1786091682.453283,0.0970,0.0,0.0,0.0000,0.0000,0.8423,0.2846,0.5581,240.8750,enc,0.0000
1786091682.555404,0.1021,0.0,0.0,0.0000,0.0000,0.8423,0.2846,0.5581,240.8750,enc,0.0000
1786091682.657930,0.1025,0.0,0.0,0.0000,0.0000,0.8423,0.2846,0.5581,240.8750,enc,0.0000
1786091682.761345,0.1034,0.0,0.0,0.0000,0.0000,0.8423,0.2846,0.5581,240.8750,enc,0.0000
1786091682.868490,0.1071,0.0,0.0,0.0000,0.0000,0.8423,0.2846,0.5581,240.8750,enc,0.0000
1786091682.965647,0.0972,0.0,0.0,0.0000,0.0000,0.8423,0.2846,0.5581,240.8750,enc,0.0000
1786091683.073690,0.1080,0.0,0.0,0.0000,0.0000,0.8423,0.2846,0.5581,240.8750,enc,0.0000
1786091683.176469,0.1028,0.0,0.0,0.0000,0.0000,0.8423,0.2846,0.5581,240.8750,enc,0.0000
1786091683.277095,0.1006,0.0,0.0,0.0000,0.0000,0.8423,0.2846,0.5581,240.8750,enc,0.0000
1786091683.383296,0.1062,0.0,0.0,0.0000,0.0000,0.8423,0.2846,0.5581,240.8750,enc,0.0000
1786091683.483564,0.1003,0.0,0.0,0.0000,0.0000,0.8423,0.2846,0.5581,240.8750,enc,0.0000
1786091683.586315,0.1028,0.0,0.0,0.0000,0.0000,0.8423,0.2846,0.5581,240.8750,enc,0.0000
1786091683.690930,0.1046,0.0,0.0,0.0000,0.0000,0.8423,0.2846,0.5581,240.8750,enc,0.0000
1786091683.800291,0.1094,0.0,0.0,0.0000,0.0000,0.8423,0.2846,0.5581,240.8750,enc,0.0000
1786091683.897590,0.0973,0.0,0.0,0.0000,0.0000,0.8423,0.2846,0.5581,240.8750,enc,0.0000
1786091684.005510,0.1079,0.0,0.0,0.0000,0.0000,0.8423,0.2846,0.5581,240.8750,enc,0.0000
1786091684.108564,0.1031,0.0,0.0,0.0000,0.0000,0.8423,0.2846,0.5581,240.8750,enc,0.0000
1786091684.212030,0.1035,0.0,0.0,0.0000,0.0000,0.8423,0.2846,0.5581,240.8750,enc,0.0000
1786091684.316263,0.1042,0.0,0.0,0.0000,0.0000,0.8423,0.2846,0.5581,240.8750,enc,0.0000
1786091684.419708,0.1034,0.0,0.0,0.0000,0.0000,0.8423,0.2846,0.5581,240.8750,enc,0.0000
1786091684.523588,0.1039,0.0,0.0,0.0000,0.0000,0.8423,0.2846,0.5581,240.8750,enc,0.0000
1786091684.627509,0.1039,0.0,0.0,0.0000,0.0000,0.8423,0.2846,0.5581,240.8750,enc,0.0000
1786091684.737022,0.1095,0.0,0.0,0.0000,0.0000,0.8423,0.2846,0.5581,240.8750,enc,0.0000
1786091684.849754,0.1127,0.0,0.0,0.0000,0.0000,0.8423,0.2846,0.5581,240.8750,enc,0.0000
1786091684.935717,0.0860,0.0,0.0,0.0000,0.0000,0.8423,0.2846,0.5581,240.8750,enc,0.0000
1786091685.041883,0.1062,0.0,0.0,0.0000,0.0000,0.8423,0.2846,0.5581,240.8750,enc,0.0000
1786091685.267819,0.2259,0.0,0.0,0.0000,0.0000,0.8423,0.2846,0.5581,240.8750,enc,0.0000
1786091685.267864,0.0000,0.0,0.0,0.0000,0.0000,0.8423,0.2846,0.5581,240.8750,enc,0.0000
1786091685.352000,0.0841,0.0,0.0,0.0000,0.0000,0.8423,0.2846,0.5581,240.8750,enc,0.0000
1786091685.524034,0.1720,0.0,0.0,0.0000,0.0000,0.8423,0.2846,0.5581,240.8750,enc,0.0000
1786091685.556375,0.0323,0.0,0.0,0.0000,0.0000,0.8423,0.2846,0.5581,240.8750,enc,0.0000
1786091685.771321,0.2149,0.0,0.0,0.0000,0.0000,0.8423,0.2846,0.5581,240.8750,enc,0.0000
1786091685.771377,0.0001,0.0,0.0,0.0000,0.0000,0.8423,0.2846,0.5581,240.8750,enc,0.0000
1786091686.016513,0.2451,0.0,0.0,0.0000,0.0000,0.8423,0.2846,0.5581,240.8750,enc,0.0000
1786091686.016972,0.0005,0.0,0.0,0.0000,0.0000,0.8423,0.2846,0.5581,240.8750,enc,0.0000
1786091686.077877,0.0609,0.0,0.0,0.0000,0.0000,0.8423,0.2846,0.5581,240.8750,enc,0.0000
1786091686.272634,0.1948,0.0,0.0,0.0000,0.0000,0.8423,0.2846,0.5581,240.8750,enc,0.0000
1786091686.282705,0.0101,0.0,0.0,0.0000,0.0000,0.8423,0.2846,0.5581,240.8750,enc,0.0000
1786091686.525264,0.2426,0.0,0.0,0.0000,0.0000,0.8423,0.2846,0.5581,240.8750,enc,0.0000
1786091686.525416,0.0002,0.0,0.0,0.0000,0.0000,0.8423,0.2846,0.5581,240.8750,enc,0.0000
1786091686.593852,0.0684,0.0,0.0,0.0000,0.0000,0.8423,0.2846,0.5581,240.8750,enc,0.0000
1786091686.781484,0.1876,0.0,0.0,0.0000,0.0000,0.8423,0.2846,0.5581,240.8750,enc,0.0000
1786091686.801760,0.0203,0.0,0.0,0.0000,0.0000,0.8423,0.2846,0.5581,240.8750,enc,0.0000
1786091687.029978,0.2282,0.0,0.0,0.0000,0.0000,0.8423,0.2846,0.5581,240.8750,enc,0.0000
1786091687.030046,0.0001,0.0,0.0,0.0000,0.0000,0.8423,0.2846,0.5581,240.8750,enc,0.0000
1786091687.116635,0.0866,0.0,0.0,0.0000,0.0000,0.8423,0.2846,0.5581,240.8750,enc,0.0000
1786091687.281715,0.1651,0.0,0.0,0.0000,0.0000,0.8423,0.2846,0.5581,240.8750,enc,0.0000
1786091687.337013,0.0553,0.0,0.0,0.0000,0.0000,0.8423,0.2846,0.5581,240.8750,enc,0.0000
1786091687.533420,0.1964,0.0,0.0,0.0000,0.0000,0.8423,0.2846,0.5581,240.8750,enc,0.0000
1786091687.533490,0.0001,0.0,0.0,0.0000,0.0000,0.8423,0.2846,0.5581,240.8750,enc,0.0000
1786091687.783616,0.2501,0.0,0.0,0.0000,0.0000,0.8423,0.2846,0.5581,240.8750,enc,0.0000
1786091687.784007,0.0004,0.0,0.0,0.0000,0.0000,0.8423,0.2846,0.5581,240.8750,enc,0.0000
1786091687.842154,0.0581,0.0,0.0,0.0000,0.0000,0.8423,0.2846,0.5581,240.8750,enc,0.0000
1786091688.030765,0.1886,0.0,0.0,0.0000,0.0000,0.8423,0.2846,0.5581,240.8750,enc,0.0000
1786091688.054037,0.0233,0.0,0.0,0.0000,0.0000,0.8423,0.2846,0.5581,240.8750,enc,0.0000
1786091688.281649,0.2276,0.0,0.0,0.0000,0.0000,0.8423,0.2846,0.5581,240.8750,enc,0.0000
1786091688.281722,0.0001,0.0,0.0,0.0000,0.0000,0.8423,0.2846,0.5581,240.8750,enc,0.0000
1786091688.361320,0.0796,0.0,0.0,0.0000,0.0000,0.8423,0.2846,0.5581,240.8750,enc,0.0000
1786091688.532138,0.1708,0.0,0.0,0.0000,0.0000,0.8423,0.2846,0.5581,240.8750,enc,0.0000
1786091688.566253,0.0341,0.0,0.0,0.0000,0.0000,0.8423,0.2846,0.5581,240.8750,enc,0.0000
1786091688.783860,0.2176,0.0,0.0,0.0000,0.0000,0.8423,0.2846,0.5581,240.8750,enc,0.0000
1786091688.784491,0.0006,0.0,0.0,0.0000,0.0000,0.8423,0.2846,0.5581,240.8750,enc,0.0000
1786091688.880374,0.0959,0.0,0.0,0.0000,0.0000,0.8423,0.2846,0.5581,240.8750,enc,0.0000
1786091689.033549,0.1532,0.0,0.0,0.0000,0.0000,0.8423,0.2846,0.5581,240.8750,enc,0.0000
1786091689.087832,0.0543,0.0,0.0,0.0000,0.0000,0.8423,0.2846,0.5581,240.8750,enc,0.0000
1786091689.284537,0.1967,0.0,0.0,0.0000,0.0000,0.8423,0.2846,0.5581,240.8750,enc,0.0000
1786091689.292754,0.0082,0.0,0.0,0.0000,0.0000,0.8423,0.2846,0.5581,240.8750,enc,0.0000
1786091689.539956,0.2472,0.0,0.0,0.0000,0.0000,0.8423,0.2846,0.5581,240.8750,enc,0.0000
1786091689.540064,0.0001,0.0,0.0,0.0000,0.0000,0.8423,0.2846,0.5581,240.8750,enc,0.0000
1786091689.603378,0.0633,0.0,0.0,0.0000,0.0000,0.8423,0.2846,0.5581,240.8750,enc,0.0000
1786091689.816831,0.2135,0.0,0.0,0.0000,0.0000,0.8423,0.2846,0.5581,240.8750,enc,0.0000
1786091689.818852,0.0020,0.0,0.0,0.0000,0.0000,0.8423,0.2846,0.5581,240.8750,enc,0.0000
1786091690.049292,0.2304,0.0,0.0,0.0000,0.0000,0.8423,0.2846,0.5581,240.8750,enc,0.0000
1786091690.049341,0.0000,0.0,0.0,0.0000,0.0000,0.8423,0.2846,0.5581,240.8750,enc,0.0000
1786091690.121648,0.0723,0.0,0.0,0.0000,0.0000,0.8423,0.2846,0.5581,240.8750,enc,0.0000
1786091690.227309,0.1057,0.0,0.0,0.0000,0.0000,0.8423,0.2846,0.5581,240.8750,enc,0.0000
1786091690.332819,0.1055,0.0,0.0,0.0000,0.0000,0.8423,0.2846,0.5581,240.8750,enc,0.0000
1786091690.451988,0.1192,0.0,0.0,0.0000,0.0000,0.8423,0.2846,0.5581,240.8750,enc,0.0000
1786091690.547317,0.0953,0.0,0.0,0.0000,0.0000,0.8423,0.2846,0.5581,240.8750,enc,0.0000
1786091690.643706,0.0964,0.0,0.0,0.0000,0.0000,0.8423,0.2846,0.5581,240.8750,enc,0.0000
1786091690.749890,0.1062,0.0,0.0,0.0000,0.0000,0.8423,0.2846,0.5581,240.8750,enc,0.0000
1786091690.849730,0.0998,0.0,0.0,0.0000,0.0000,0.8423,0.2846,0.5581,240.8750,enc,0.0000
1786091690.952620,0.1029,0.0,0.0,0.0000,0.0000,0.8423,0.2846,0.5581,240.8750,enc,0.0000
1786091691.059887,0.1073,0.0,0.0,0.0000,0.0000,0.8423,0.2846,0.5581,240.8750,enc,0.0000
1786091691.161891,0.1020,0.0,0.0,0.0000,0.0000,0.8423,0.2846,0.5581,240.8750,enc,0.0000
1786091691.264894,0.1030,0.0,0.0,0.0000,0.0000,0.8423,0.2846,0.5581,240.8750,enc,0.0000
1786091691.373067,0.1082,0.0,0.0,0.0000,0.0000,0.8423,0.2846,0.5581,240.8750,enc,0.0000
1786091691.474858,0.1018,0.0,0.0,0.0000,0.0000,0.8423,0.2846,0.5581,240.8750,enc,0.0000
1786091691.578309,0.1035,0.0,0.0,0.0000,0.0000,0.8423,0.2846,0.5581,240.8750,enc,0.0000
1786091691.680937,0.1026,0.0,0.0,0.0000,0.0000,0.8423,0.2846,0.5581,240.8750,enc,0.0000
1786091691.789070,0.1081,0.0,0.0,0.0000,0.0000,0.8423,0.2846,0.5581,240.8750,enc,0.0000
1786091691.888682,0.0996,0.0,0.0,0.0000,0.0000,0.8423,0.2846,0.5581,240.8750,enc,0.0000
1786091692.000823,0.1121,0.0,0.0,0.0000,0.0000,0.8423,0.2846,0.5581,240.8750,enc,0.0000
1786091692.098433,0.0976,0.0,0.0,0.0000,0.0000,0.8423,0.2846,0.5581,240.8750,enc,0.0000
1786091692.200150,0.1017,0.0,0.0,0.0000,0.0000,0.8423,0.2846,0.5581,240.8750,enc,0.0000
1786091692.300699,0.1005,0.0,0.0,0.0000,0.0000,0.8423,0.2846,0.5581,240.8750,enc,0.0000
1786091692.410121,0.1094,0.0,0.0,0.0000,0.0000,0.8423,0.2846,0.5581,240.8750,enc,0.0000
1786091692.508801,0.0987,0.0,0.0,0.0000,0.0000,0.8423,0.2846,0.5581,240.8750,enc,0.0000
1786091692.611988,0.1032,0.0,0.0,0.0000,0.0000,0.8423,0.2846,0.5581,240.8750,enc,0.0000
1786091692.715701,0.1037,0.0,0.0,0.0000,0.0000,0.8423,0.2846,0.5581,240.8750,enc,0.0000
1786091692.822499,0.1068,0.0,0.0,0.0000,0.0000,0.8423,0.2846,0.5581,240.8750,enc,0.0000
1786091692.922969,0.1005,0.0,0.0,0.0000,0.0000,0.8423,0.2846,0.5581,240.8750,enc,0.0000
1786091693.030381,0.1074,0.0,0.0,0.0000,0.0000,0.8423,0.2846,0.5581,240.8750,enc,0.0000
1786091693.133162,0.1028,0.0,0.0,0.0000,0.0000,0.8423,0.2846,0.5581,240.8750,enc,0.0000
1786091693.237919,0.1048,0.0,0.0,0.0000,0.0000,0.8423,0.2846,0.5581,240.8750,enc,0.0000
1786091693.341641,0.1037,0.0,0.0,0.0000,0.0000,0.8423,0.2846,0.5581,240.8750,enc,0.0000
1786091693.446072,0.1044,0.0,0.0,0.0000,0.0000,0.8423,0.2846,0.5581,240.8750,enc,0.0000
1786091693.550595,0.1045,0.0,0.0,0.0000,0.0000,0.8423,0.2846,0.5581,240.8750,enc,0.0000
1786091693.651663,0.1011,0.0,0.0,0.0000,0.0000,0.8423,0.2846,0.5581,240.8750,enc,0.0000
1786091693.755014,0.1034,0.0,0.0,0.0000,0.0000,0.8423,0.2846,0.5581,240.8750,enc,0.0000
1786091693.860469,0.1055,0.0,0.0,0.0000,0.0000,0.8423,0.2846,0.5581,240.8750,enc,0.0000
1786091693.963870,0.1034,0.0,0.0,0.0000,0.0000,0.8423,0.2846,0.5581,240.8750,enc,0.0000
1786091694.069891,0.1060,0.0,0.0,0.0000,0.0000,0.8423,0.2846,0.5581,240.8750,enc,0.0000
1786091694.173484,0.1036,0.0,0.0,0.0000,0.0000,0.8423,0.2846,0.5581,240.8750,enc,0.0000
1786091694.277529,0.1040,0.0,0.0,0.0000,0.0000,0.8423,0.2846,0.5581,240.8750,enc,0.0000
1786091694.380979,0.1035,0.0,0.0,0.0000,0.0000,0.8423,0.2846,0.5581,240.8750,enc,0.0000
1786091694.483679,0.1027,0.0,0.0,0.0000,0.0000,0.8423,0.2846,0.5581,240.8750,enc,0.0000
1786091694.589486,0.1058,0.0,0.0,0.0000,0.0000,0.8423,0.2846,0.5581,240.8750,enc,0.0000
1786091694.692301,0.1028,0.0,0.0,0.0000,0.0000,0.8423,0.2846,0.5581,240.8750,enc,0.0000
1786091694.797100,0.1048,0.0,0.0,0.0000,0.0000,0.8423,0.2846,0.5581,240.8750,enc,0.0000
1786091694.899975,0.1029,0.0,0.0,0.0000,0.0000,0.8423,0.2846,0.5581,240.8750,enc,0.0000
1786091695.000770,0.1008,0.0,0.0,0.0000,0.0000,0.8423,0.2846,0.5581,240.8750,enc,0.0000
1786091695.109340,0.1086,0.0,0.0,0.0000,0.0000,0.8423,0.2846,0.5581,240.8750,enc,0.0000
1786091695.214634,0.1053,0.0,0.0,0.0000,0.0000,0.8423,0.2846,0.5581,240.8750,enc,0.0000
1786091695.317931,0.1033,0.0,0.0,0.0000,0.0000,0.8423,0.2846,0.5581,240.8750,enc,0.0000
1786091695.420585,0.1027,0.0,0.0,0.0000,0.0000,0.8423,0.2846,0.5581,240.8750,enc,0.0000
1786091695.523491,0.1029,0.0,0.0,0.0000,0.0000,0.8423,0.2846,0.5581,240.8750,enc,0.0000
1786091695.623614,0.1001,0.0,0.0,0.0000,0.0000,0.8423,0.2846,0.5581,240.8750,enc,0.0000
1786091695.731823,0.1082,0.0,0.0,0.0000,0.0000,0.8423,0.2846,0.5581,240.8750,enc,0.0000
1786091695.832934,0.1011,0.0,0.0,0.0000,0.0000,0.8423,0.2846,0.5581,240.8750,enc,0.0000
1786091695.937056,0.1041,0.0,0.0,0.0000,0.0000,0.8423,0.2846,0.5581,240.8750,enc,0.0000
1786091696.043038,0.1060,0.0,0.0,0.0000,0.0000,0.8423,0.2846,0.5581,240.8750,enc,0.0000
1786091696.144375,0.1013,0.0,0.0,0.0000,0.0000,0.8423,0.2846,0.5581,240.8750,enc,0.0000
1786091696.247955,0.1036,0.0,0.0,0.0000,0.0000,0.8423,0.2846,0.5581,240.8750,enc,0.0000
1786091696.349789,0.1018,0.0,0.0,0.0000,0.0000,0.8423,0.2846,0.5581,240.8750,enc,0.0000
1786091696.459096,0.1093,0.0,0.0,0.0000,0.0000,0.8423,0.2846,0.5581,240.8750,enc,0.0000
1786091696.558304,0.0992,0.0,0.0,0.0000,0.0000,0.8423,0.2846,0.5581,240.8750,enc,0.0000
1786091696.661941,0.1036,0.0,0.0,0.0000,0.0000,0.8423,0.2846,0.5581,240.8750,enc,0.0000
1786091696.767637,0.1057,0.0,0.0,0.0000,0.0000,0.8423,0.2846,0.5581,240.8750,enc,0.0000
1786091696.870202,0.1026,0.0,0.0,0.0000,0.0000,0.8423,0.2846,0.5581,240.8750,enc,0.0000
1786091696.973710,0.1035,0.0,0.0,0.0000,0.0000,0.8423,0.2846,0.5581,240.8750,enc,0.0000
1786091697.083991,0.1103,0.0,0.0,0.0000,0.0000,0.8423,0.2846,0.5581,240.8750,enc,0.0000
1786091697.185727,0.1017,0.0,0.0,0.0000,0.0000,0.8423,0.2846,0.5581,240.8750,enc,0.0000
1786091697.289090,0.1034,0.0,0.0,0.0000,0.0000,0.8423,0.2846,0.5581,240.8750,enc,0.0000
1786091697.394879,0.1058,0.0,0.0,0.0000,0.0000,0.8423,0.2846,0.5581,240.8750,enc,0.0000
1786091697.496938,0.1021,0.0,0.0,0.0000,0.0000,0.8423,0.2846,0.5581,240.8750,enc,0.0000
1786091697.598951,0.1020,0.0,0.0,0.0000,0.0000,0.8423,0.2846,0.5581,240.8750,enc,0.0000
1786091697.701790,0.1028,0.0,0.0,0.0000,0.0000,0.8423,0.2846,0.5581,240.8750,enc,0.0000
1786091697.817457,0.1157,0.0,0.0,0.0000,0.0000,0.8423,0.2846,0.5581,240.8750,enc,0.0000
1786091697.908811,0.0914,0.0,0.0,0.0000,0.0000,0.8423,0.2846,0.5581,240.8750,enc,0.0000
1786091698.009993,0.1012,0.0,0.0,0.0000,0.0000,0.8423,0.2846,0.5581,240.8750,enc,0.0000
1786091698.127364,0.1174,0.0,0.0,0.0000,0.0000,0.8423,0.2846,0.5581,240.8750,enc,0.0000
1786091698.217605,0.0902,0.0,0.0,0.0000,0.0000,0.8423,0.2846,0.5581,240.8750,enc,0.0000
1786091698.323777,0.1062,0.0,0.0,0.0000,0.0000,0.8423,0.2846,0.5581,240.8750,enc,0.0000
1786091698.427999,0.1042,0.0,0.0,0.0000,0.0000,0.8423,0.2846,0.5581,240.8750,enc,0.0000
1786091698.530586,0.1026,0.0,0.0,0.0000,0.0000,0.8423,0.2846,0.5581,240.8750,enc,0.0000
1786091698.631817,0.1012,0.0,0.0,0.0000,0.0000,0.8423,0.2846,0.5581,240.8750,enc,0.0000
1786091698.739498,0.1077,0.0,0.0,0.0000,0.0000,0.8423,0.2846,0.5581,240.8750,enc,0.0000
1786091698.842286,0.1028,0.0,0.0,0.0000,0.0000,0.8423,0.2846,0.5581,240.8750,enc,0.0000
1786091698.945199,0.1029,0.0,0.0,0.0000,0.0000,0.8423,0.2846,0.5581,240.8750,enc,0.0000
1786091699.049904,0.1047,0.0,0.0,0.0000,0.0000,0.8423,0.2846,0.5581,240.8750,enc,0.0000
1786091699.153842,0.1039,0.0,0.0,0.0000,0.0000,0.8423,0.2846,0.5581,240.8750,enc,0.0000
1786091699.256891,0.1030,0.0,0.0,0.0000,0.0000,0.8423,0.2846,0.5581,240.8750,enc,0.0000
1786091699.359490,0.1026,0.0,0.0,0.0000,0.0000,0.8423,0.2846,0.5581,240.8750,enc,0.0000
1786091699.464783,0.1053,0.0,0.0,0.0000,0.0000,0.8423,0.2846,0.5581,240.8750,enc,0.0000
1786091699.563981,0.0992,0.0,0.0,0.0000,0.0000,0.8423,0.2846,0.5581,240.8750,enc,0.0000
1786091699.669326,0.1053,0.0,0.0,0.0000,0.0000,0.8423,0.2846,0.5581,240.8750,enc,0.0000
1786091699.776947,0.1076,0.0,0.0,0.0000,0.0000,0.8423,0.2846,0.5581,240.8750,enc,0.0000
1786091699.874952,0.0980,0.0,0.0,0.0000,0.0000,0.8423,0.2846,0.5581,240.8750,enc,0.0000
1786091699.980427,0.1055,0.0,0.0,0.0000,0.0000,0.8423,0.2846,0.5581,240.8750,enc,0.0000
1786091700.086082,0.1057,0.0,0.0,0.0000,0.0000,0.8423,0.2846,0.5581,240.8750,enc,0.0000
1786091700.262864,0.1768,0.0,0.0,0.0000,0.0000,0.8423,0.2846,0.5581,240.8750,enc,0.0000
1786091700.289496,0.0266,0.0,0.0,0.0000,0.0000,0.8423,0.2846,0.5581,240.8750,enc,0.0000
1786091700.518760,0.2293,0.0,0.0,0.0000,0.0000,0.8423,0.2846,0.5581,240.8750,enc,0.0000
1786091700.519976,0.0012,0.0,0.0,0.0000,0.0000,0.8423,0.2846,0.5581,240.8750,enc,0.0000
1786091700.605981,0.0860,0.0,0.0,0.0000,0.0000,0.8423,0.2846,0.5581,240.8750,enc,0.0000
1786091700.762182,0.1562,0.0,0.0,0.0000,0.0000,0.8423,0.2846,0.5581,240.8750,enc,0.0000
1786091700.814517,0.0523,0.0,0.0,0.0000,0.0000,0.8423,0.2846,0.5581,240.8750,enc,0.0000
1786091701.007512,0.1930,0.0,0.0,0.0000,0.0000,0.8423,0.2846,0.5581,240.8750,enc,0.0000
1786091701.018403,0.0109,0.0,0.0,0.0000,0.0000,0.8423,0.2846,0.5581,240.8750,enc,0.0000
1786091701.243633,0.2252,0.0,0.0,0.0000,0.0000,0.8423,0.2846,0.5581,240.8750,enc,0.0000
1786091701.243701,0.0001,0.0,0.0,0.0000,0.0000,0.8423,0.2846,0.5581,240.8750,enc,0.0000
1786091701.329614,0.0859,0.0,0.0,0.0000,0.0000,0.8423,0.2846,0.5581,240.8750,enc,0.0000
1786091701.501354,0.1717,0.0,0.0,0.0000,0.0000,0.8423,0.2846,0.5581,240.8750,enc,0.0000
1786091701.537566,0.0362,0.0,0.0,0.0000,0.0000,0.8423,0.2846,0.5581,240.8750,enc,0.0000
1786091701.749950,0.2124,0.0,0.0,0.0000,0.0000,0.8423,0.2846,0.5581,240.8750,enc,0.0000
1786091701.750087,0.0001,0.0,0.0,0.0000,0.0000,0.8423,0.2846,0.5581,240.8750,enc,0.0000
1786091702.002555,0.2525,0.0,0.0,0.0000,0.0000,0.8423,0.2846,0.5581,240.8750,enc,0.0000
1786091702.002616,0.0001,0.0,0.0,0.0000,0.0000,0.8423,0.2846,0.5581,240.8750,enc,0.0000
1786091702.055378,0.0528,0.0,0.0,0.0000,0.0000,0.8423,0.2846,0.5581,240.8750,enc,0.0000
1786091702.250784,0.1954,0.0,0.0,0.0000,0.0000,0.8423,0.2846,0.5581,240.8750,enc,0.0000
1786091702.264026,0.0132,0.0,0.0,0.0000,0.0000,0.8423,0.2846,0.5581,240.8750,enc,0.0000
1786091702.499868,0.2358,0.0,0.0,0.0000,0.0000,0.8423,0.2846,0.5581,240.8750,enc,0.0000
1786091702.499931,0.0001,0.0,0.0,0.0000,0.0000,0.8423,0.2846,0.5581,240.8750,enc,0.0000
1786091702.574009,0.0741,0.0,0.0,0.0000,0.0000,0.8423,0.2846,0.5581,240.8750,enc,0.0000
1786091702.749970,0.1760,0.0,0.0,0.0000,0.0000,0.8423,0.2846,0.5581,240.8750,enc,0.0000
1786091702.781981,0.0320,0.0,0.0,0.0000,0.0000,0.8423,0.2846,0.5581,240.8750,enc,0.0000
1786091703.001087,0.2191,0.0,0.0,0.0000,0.0000,0.8423,0.2846,0.5581,240.8750,enc,0.0000
1786091703.001143,0.0001,0.0,0.0,0.0000,0.0000,0.8423,0.2846,0.5581,240.8750,enc,0.0000
1786091703.096875,0.0957,0.0,0.0,0.0000,0.0000,0.8423,0.2846,0.5581,240.8750,enc,0.0000
1786091703.249813,0.1529,0.0,0.0,0.0000,0.0000,0.8423,0.2846,0.5581,240.8750,enc,0.0000
1786091703.302107,0.0523,0.0,0.0,0.0000,0.0000,0.8423,0.2846,0.5581,240.8750,enc,0.0000
1786091703.500739,0.1986,0.0,0.0,0.0000,0.0000,0.8423,0.2846,0.5581,240.8750,enc,0.0000
1786091703.507523,0.0068,0.0,0.0,0.0000,0.0000,0.8423,0.2846,0.5581,240.8750,enc,0.0000
1786091703.752532,0.2450,0.0,0.0,0.0000,0.0000,0.8423,0.2846,0.5581,240.8750,enc,0.0000
1786091703.755151,0.0026,0.0,0.0,0.0000,0.0000,0.8423,0.2846,0.5581,240.8750,enc,0.0000
1786091703.821361,0.0662,0.0,0.0,0.0000,0.0000,0.8423,0.2846,0.5581,240.8750,enc,0.0000
1786091704.004654,0.1833,0.0,0.0,0.0000,0.0000,0.8423,0.2846,0.5581,240.8750,enc,0.0000
1786091704.026568,0.0219,0.0,0.0,0.0000,0.0000,0.8423,0.2846,0.5581,240.8750,enc,0.0000
1786091704.255788,0.2292,0.0,0.0,0.0000,0.0000,0.8423,0.2846,0.5581,240.8750,enc,0.0000
1786091704.255893,0.0001,0.0,0.0,0.0000,0.0000,0.8423,0.2846,0.5581,240.8750,enc,0.0000
1786091704.336790,0.0809,0.0,0.0,0.0000,0.0000,0.8423,0.2846,0.5581,240.8750,enc,0.0000
1786091704.510412,0.1736,0.0,0.0,0.0000,0.0000,0.8423,0.2846,0.5581,240.8750,enc,0.0000
1786091704.550978,0.0406,0.0,0.0,0.0000,0.0000,0.8423,0.2846,0.5581,240.8750,enc,0.0000
1786091704.765880,0.2149,0.0,0.0,0.0000,0.0000,0.8423,0.2846,0.5581,240.8750,enc,0.0000
1786091704.766310,0.0004,0.0,0.0,0.0000,0.0000,0.8423,0.2846,0.5581,240.8750,enc,0.0000
1786091704.860951,0.0946,0.0,0.0,0.0000,0.0000,0.8423,0.2846,0.5581,240.8750,enc,0.0000
1786091705.019792,0.1588,0.0,0.0,0.0000,0.0000,0.8423,0.2846,0.5581,240.8750,enc,0.0000
1786091705.065987,0.0462,0.0,0.0,0.0000,0.0000,0.8423,0.2846,0.5581,240.8750,enc,0.0000
1786091705.172608,0.1066,0.0,0.0,0.0000,0.0000,0.8423,0.2846,0.5581,240.8750,enc,0.0000
1786091705.274858,0.1023,0.0,0.0,0.0000,0.0000,0.8423,0.2846,0.5581,240.8750,enc,0.0000
1786091705.377431,0.1026,0.0,0.0,0.0000,0.0000,0.8423,0.2846,0.5581,240.8750,enc,0.0000
1786091705.485864,0.1084,0.0,0.0,0.0000,0.0000,0.8423,0.2846,0.5581,240.8750,enc,0.0000
1786091705.583440,0.0976,0.0,0.0,0.0000,0.0000,0.8423,0.2846,0.5581,240.8750,enc,0.0000
1786091705.688776,0.1053,0.0,0.0,0.0000,0.0000,0.8423,0.2846,0.5581,240.8750,enc,0.0000
1786091705.794477,0.1057,0.0,0.0,0.0000,0.0000,0.8423,0.2846,0.5581,240.8750,enc,0.0000
1786091705.902651,0.1082,0.0,0.0,0.0000,0.0000,0.8423,0.2846,0.5581,240.8750,enc,0.0000
1786091705.999674,0.0970,0.0,0.0,0.0000,0.0000,0.8423,0.2846,0.5581,240.8750,enc,0.0000
1786091706.107990,0.1083,0.0,0.0,0.0000,0.0000,0.8423,0.2846,0.5581,240.8750,enc,0.0000
1786091706.210404,0.1024,0.0,0.0,0.0000,0.0000,0.8423,0.2846,0.5581,240.8750,enc,0.0000
1786091706.314324,0.1039,0.0,0.0,0.0000,0.0000,0.8423,0.2846,0.5581,240.8750,enc,0.0000
1786091706.415353,0.1010,0.0,0.0,0.0000,0.0000,0.8423,0.2846,0.5581,240.8750,enc,0.0000
1786091706.524096,0.1087,0.0,0.0,0.0000,0.0000,0.8423,0.2846,0.5581,240.8750,enc,0.0000
1786091706.624733,0.1006,0.0,0.0,0.0000,0.0000,0.8423,0.2846,0.5581,240.8750,enc,0.0000
1786091706.726527,0.1018,0.0,0.0,0.0000,0.0000,0.8423,0.2846,0.5581,240.8750,enc,0.0000
1786091706.832928,0.1064,0.0,0.0,0.0000,0.0000,0.8423,0.2846,0.5581,240.8750,enc,0.0000
1786091706.932545,0.0996,0.0,0.0,0.0000,0.0000,0.8423,0.2846,0.5581,240.8750,enc,0.0000
1786091707.036123,0.1036,0.0,0.0,0.0000,0.0000,0.8423,0.2846,0.5581,240.8750,enc,0.0000
1786091707.143358,0.1072,0.0,0.0,0.0000,0.0000,0.8423,0.2846,0.5581,240.8750,enc,0.0000
1786091707.247288,0.1039,0.0,0.0,0.0000,0.0000,0.8423,0.2846,0.5581,240.8750,enc,0.0000
1786091707.348362,0.1011,0.0,0.0,0.0000,0.0000,0.8423,0.2846,0.5581,240.8750,enc,0.0000
1786091707.457896,0.1095,0.0,0.0,0.0000,0.0000,0.8423,0.2846,0.5581,240.8750,enc,0.0000
1786091707.560023,0.1021,0.0,0.0,0.0000,0.0000,0.8423,0.2846,0.5581,240.8750,enc,0.0000
1786091707.662873,0.1029,0.0,0.0,0.0000,0.0000,0.8423,0.2846,0.5581,240.8750,enc,0.0000
1786091707.766901,0.1040,0.0,0.0,0.0000,0.0000,0.8423,0.2846,0.5581,240.8750,enc,0.0000
1786091707.870754,0.1039,0.0,0.0,0.0000,0.0000,0.8423,0.2846,0.5581,240.8750,enc,0.0000
1786091707.973940,0.1032,0.0,0.0,0.0000,0.0000,0.8423,0.2846,0.5581,240.8750,enc,0.0000
1786091708.074970,0.1010,0.0,0.0,0.0000,0.0000,0.8423,0.2846,0.5581,240.8750,enc,0.0000
1786091708.183187,0.1082,0.0,0.0,0.0000,0.0000,0.8423,0.2846,0.5581,240.8750,enc,0.0000
1786091708.282995,0.0998,0.0,0.0,0.0000,0.0000,0.8423,0.2846,0.5581,240.8750,enc,0.0000
1786091708.386497,0.1035,0.0,0.0,0.0000,0.0000,0.8423,0.2846,0.5581,240.8750,enc,0.0000
1786091708.494943,0.1084,0.0,0.0,0.0000,0.0000,0.8423,0.2846,0.5581,240.8750,enc,0.0000
1786091708.593086,0.0981,0.0,0.0,0.0000,0.0000,0.8423,0.2846,0.5581,240.8750,enc,0.0000
1786091708.697008,0.1039,0.0,0.0,0.0000,0.0000,0.8423,0.2846,0.5581,240.8750,enc,0.0000
1786091708.806093,0.1091,0.0,0.0,0.0000,0.0000,0.8423,0.2846,0.5581,240.8750,enc,0.0000
1786091708.908361,0.1023,0.0,0.0,0.0000,0.0000,0.8423,0.2846,0.5581,240.8750,enc,0.0000
1786091709.011415,0.1031,0.0,0.0,0.0000,0.0000,0.8423,0.2846,0.5581,240.8750,enc,0.0000
1786091709.116868,0.1055,0.0,0.0,0.0000,0.0000,0.8423,0.2846,0.5581,240.8750,enc,0.0000
1786091709.218075,0.1012,0.0,0.0,0.0000,0.0000,0.8423,0.2846,0.5581,240.8750,enc,0.0000
1786091709.322051,0.1040,0.0,0.0,0.0000,0.0000,0.8423,0.2846,0.5581,240.8750,enc,0.0000
1786091709.423781,0.1017,0.0,0.0,0.0000,0.0000,0.8423,0.2846,0.5581,240.8750,enc,0.0000
1786091709.530873,0.1071,0.0,0.0,0.0000,0.0000,0.8423,0.2846,0.5581,240.8750,enc,0.0000
1786091709.633194,0.1023,0.0,0.0,0.0000,0.0000,0.8423,0.2846,0.5581,240.8750,enc,0.0000
1786091709.734352,0.1012,0.0,0.0,0.0000,0.0000,0.8423,0.2846,0.5581,240.8750,enc,0.0000
1786091709.843223,0.1089,0.0,0.0,0.0000,0.0000,0.8423,0.2846,0.5581,240.8750,enc,0.0000
1786091709.942579,0.0994,0.0,0.0,0.0000,0.0000,0.8423,0.2846,0.5581,240.8750,enc,0.0000
1786091710.046037,0.1035,0.0,0.0,0.0000,0.0000,0.8423,0.2846,0.5581,240.8750,enc,0.0000
1786091710.153921,0.1079,0.0,0.0,0.0000,0.0000,0.8423,0.2846,0.5581,240.8750,enc,0.0000
1786091710.255965,0.1020,0.0,0.0,0.0000,0.0000,0.8423,0.2846,0.5581,240.8750,enc,0.0000
1786091710.359451,0.1035,0.0,0.0,0.0000,0.0000,0.8423,0.2846,0.5581,240.8750,enc,0.0000
1786091710.465020,0.1056,0.0,0.0,0.0000,0.0000,0.8423,0.2846,0.5581,240.8750,enc,0.0000
1786091710.566766,0.1017,0.0,0.0,0.0000,0.0000,0.8423,0.2846,0.5581,240.8750,enc,0.0000
1786091710.677219,0.1105,0.0,0.0,0.0000,0.0000,0.8423,0.2846,0.5581,240.8750,enc,0.0000
1786091710.779205,0.1020,0.0,0.0,0.0000,0.0000,0.8423,0.2846,0.5581,240.8750,enc,0.0000
1786091710.884932,0.1057,0.0,0.0,0.0000,0.0000,0.8423,0.2846,0.5581,240.8750,enc,0.0000
1786091710.981988,0.0971,0.0,0.0,0.0000,0.0000,0.8423,0.2846,0.5581,240.8750,enc,0.0000
1786091711.086352,0.1044,0.0,0.0,0.0000,0.0000,0.8423,0.2846,0.5581,240.8750,enc,0.0000
1786091711.189912,0.1036,0.0,0.0,0.0000,0.0000,0.8423,0.2846,0.5581,240.8750,enc,0.0000
1786091711.290249,0.1003,0.0,0.0,0.0000,0.0000,0.8423,0.2846,0.5581,240.8750,enc,0.0000
1786091711.397436,0.1072,0.0,0.0,0.0000,0.0000,0.8423,0.2846,0.5581,240.8750,enc,0.0000
1786091711.500962,0.1035,0.0,0.0,0.0000,0.0000,0.8423,0.2846,0.5581,240.8750,enc,0.0000
1786091711.602982,0.1020,0.0,0.0,0.0000,0.0000,0.8423,0.2846,0.5581,240.8750,enc,0.0000
1786091711.704750,0.1018,0.0,0.0,0.0000,0.0000,0.8423,0.2846,0.5581,240.8750,enc,0.0000
1786091711.812262,0.1075,0.0,0.0,0.0000,0.0000,0.8423,0.2846,0.5581,240.8750,enc,0.0000
1786091711.914697,0.1024,0.0,0.0,0.0000,0.0000,0.8423,0.2846,0.5581,240.8750,enc,0.0000
1786091712.018982,0.1043,0.0,0.0,0.0000,0.0000,0.8423,0.2846,0.5581,240.8750,enc,0.0000
1786091712.123899,0.1049,0.0,0.0,0.0000,0.0000,0.8423,0.2846,0.5581,240.8750,enc,0.0000
1786091712.227946,0.1040,0.0,0.0,0.0000,0.0000,0.8423,0.2846,0.5581,240.8750,enc,0.0000
1786091712.328525,0.1006,0.0,0.0,0.0000,0.0000,0.8423,0.2846,0.5581,240.8750,enc,0.0000
1786091712.429508,0.1010,0.0,0.0,0.0000,0.0000,0.8423,0.2846,0.5581,240.8750,enc,0.0000
1786091712.537901,0.1084,0.0,0.0,0.0000,0.0000,0.8423,0.2846,0.5581,240.8750,enc,0.0000
1786091712.636597,0.0987,0.0,0.0,0.0000,0.0000,0.8423,0.2846,0.5581,240.8750,enc,0.0000
1786091712.741101,0.1045,0.0,0.0,0.0000,0.0000,0.8423,0.2846,0.5581,240.8750,enc,0.0000
1786091712.846682,0.1056,0.0,0.0,0.0000,0.0000,0.8423,0.2846,0.5581,240.8750,enc,0.0000
1786091712.947210,0.1005,0.0,0.0,0.0000,0.0000,0.8423,0.2846,0.5581,240.8750,enc,0.0000
1786091713.051769,0.1046,0.0,0.0,0.0000,0.0000,0.8423,0.2846,0.5581,240.8750,enc,0.0000
1786091713.162982,0.1112,0.0,0.0,0.0000,0.0000,0.8423,0.2846,0.5581,240.8750,enc,0.0000
1786091713.263810,0.1008,0.0,0.0,0.0000,0.0000,0.8423,0.2846,0.5581,240.8750,enc,0.0000
1786091713.366826,0.1030,0.0,0.0,0.0000,0.0000,0.8423,0.2846,0.5581,240.8750,enc,0.0000
1786091713.470049,0.1032,0.0,0.0,0.0000,0.0000,0.8423,0.2846,0.5581,240.8750,enc,0.0000
1786091713.572582,0.1025,0.0,0.0,0.0000,0.0000,0.8423,0.2846,0.5581,240.8750,enc,0.0000
1786091713.674999,0.1024,0.0,0.0,0.0000,0.0000,0.8423,0.2846,0.5581,240.8750,enc,0.0000
1786091713.781432,0.1064,0.0,0.0,0.0000,0.0000,0.8423,0.2846,0.5581,240.8750,enc,0.0000
1786091713.888787,0.1074,0.0,0.0,0.0000,0.0000,0.8423,0.2846,0.5581,240.8750,enc,0.0000
1786091714.003043,0.1143,0.0,0.0,0.0000,0.0000,0.8423,0.2846,0.5581,240.8750,enc,0.0000
1786091714.092725,0.0897,0.0,0.0,0.0000,0.0000,0.8423,0.2846,0.5581,240.8750,enc,0.0000
1786091714.196837,0.1041,0.0,0.0,0.0000,0.0000,0.8423,0.2846,0.5581,240.8750,enc,0.0000
1786091714.297186,0.1003,0.0,0.0,0.0000,0.0000,0.8423,0.2846,0.5581,240.8750,enc,0.0000
1786091714.401021,0.1038,0.0,0.0,0.0000,0.0000,0.8423,0.2846,0.5581,240.8750,enc,0.0000
1786091714.510854,0.1098,0.0,0.0,0.0000,0.0000,0.8423,0.2846,0.5581,240.8750,enc,0.0000
1786091714.611077,0.1002,0.0,0.0,0.0000,0.0000,0.8423,0.2846,0.5581,240.8750,enc,0.0000
1786091714.713189,0.1021,0.0,0.0,0.0000,0.0000,0.8423,0.2846,0.5581,240.8750,enc,0.0000
1786091714.820753,0.1076,0.0,0.0,0.0000,0.0000,0.8423,0.2846,0.5581,240.8750,enc,0.0000
1786091714.923662,0.1029,0.0,0.0,0.0000,0.0000,0.8423,0.2846,0.5581,240.8750,enc,0.0000
1786091715.027212,0.1035,0.0,0.0,0.0000,0.0000,0.8423,0.2846,0.5581,240.8750,enc,0.0000
1786091715.262964,0.2358,0.0,0.0,0.0000,0.0000,0.8423,0.2846,0.5581,240.8750,enc,0.0000
1786091715.263014,0.0000,0.0,0.0,0.0000,0.0000,0.8423,0.2846,0.5581,240.8750,enc,0.0000
1786091715.338398,0.0754,0.0,0.0,0.0000,0.0000,0.8423,0.2846,0.5581,240.8750,enc,0.0000
1786091715.508964,0.1706,0.0,0.0,0.0000,0.0000,0.8423,0.2846,0.5581,240.8750,enc,0.0000
1786091715.542867,0.0339,0.0,0.0,0.0000,0.0000,0.8423,0.2846,0.5581,240.8750,enc,0.0000
1786091715.753150,0.2103,0.0,0.0,0.0000,0.0000,0.8423,0.2846,0.5581,240.8750,enc,0.0000
1786091715.755499,0.0023,0.0,0.0,0.0000,0.0000,0.8423,0.2846,0.5581,240.8750,enc,0.0000
1786091716.009241,0.2537,0.0,0.0,0.0000,0.0000,0.8423,0.2846,0.5581,240.8750,enc,0.0000
1786091716.009343,0.0001,0.0,0.0,0.0000,0.0000,0.8423,0.2846,0.5581,240.8750,enc,0.0000
1786091716.062506,0.0532,0.0,0.0,0.0000,0.0000,0.8423,0.2846,0.5581,240.8750,enc,0.0000
1786091716.253443,0.1909,0.0,0.0,0.0000,0.0000,0.8423,0.2846,0.5581,240.8750,enc,0.0000
1786091716.271334,0.0179,0.0,0.0,0.0000,0.0000,0.8423,0.2846,0.5581,240.8750,enc,0.0000
1786091716.511079,0.2397,0.0,0.0,0.0000,0.0000,0.8423,0.2846,0.5581,240.8750,enc,0.0000
1786091716.511137,0.0001,0.0,0.0,0.0000,0.0000,0.8423,0.2846,0.5581,240.8750,enc,0.0000
1786091716.582585,0.0714,0.0,0.0,0.0000,0.0000,0.8423,0.2846,0.5581,240.8750,enc,0.0000
1786091716.761317,0.1787,0.0,0.0,0.0000,0.0000,0.8423,0.2846,0.5581,240.8750,enc,0.0000
1786091716.789922,0.0286,0.0,0.0,0.0000,0.0000,0.8423,0.2846,0.5581,240.8750,enc,0.0000
1786091717.010572,0.2207,0.0,0.0,0.0000,0.0000,0.8423,0.2846,0.5581,240.8750,enc,0.0000
1786091717.010640,0.0001,0.0,0.0,0.0000,0.0000,0.8423,0.2846,0.5581,240.8750,enc,0.0000
1786091717.103900,0.0933,0.0,0.0,0.0000,0.0000,0.8423,0.2846,0.5581,240.8750,enc,0.0000
1786091717.262747,0.1588,0.0,0.0,0.0000,0.0000,0.8423,0.2846,0.5581,240.8750,enc,0.0000
1786091717.311407,0.0487,0.0,0.0,0.0000,0.0000,0.8423,0.2846,0.5581,240.8750,enc,0.0000
1786091717.514713,0.2033,0.0,0.0,0.0000,0.0000,0.8423,0.2846,0.5581,240.8750,enc,0.0000
1786091717.523819,0.0091,0.0,0.0,0.0000,0.0000,0.8423,0.2846,0.5581,240.8750,enc,0.0000
1786091717.761375,0.2376,0.0,0.0,0.0000,0.0000,0.8423,0.2846,0.5581,240.8750,enc,0.0000
1786091717.761458,0.0001,0.0,0.0,0.0000,0.0000,0.8423,0.2846,0.5581,240.8750,enc,0.0000
1786091717.834028,0.0726,0.0,0.0,0.0000,0.0000,0.8423,0.2846,0.5581,240.8750,enc,0.0000
1786091718.010571,0.1765,0.0,0.0,0.0000,0.0000,0.8423,0.2846,0.5581,240.8750,enc,0.0000
1786091718.037277,0.0267,0.0,0.0,0.0000,0.0000,0.8423,0.2846,0.5581,240.8750,enc,0.0000
1786091718.260790,0.2235,0.0,0.0,0.0000,0.0000,0.8423,0.2846,0.5581,240.8750,enc,0.0000
1786091718.260848,0.0001,0.0,0.0,0.0000,0.0000,0.8423,0.2846,0.5581,240.8750,enc,0.0000
1786091718.353782,0.0929,0.0,0.0,0.0000,0.0000,0.8423,0.2846,0.5581,240.8750,enc,0.0000
1786091718.511856,0.1581,0.0,0.0,0.0000,0.0000,0.8423,0.2846,0.5581,240.8750,enc,0.0000
1786091718.559010,0.0472,0.0,0.0,0.0000,0.0000,0.8423,0.2846,0.5581,240.8750,enc,0.0000
1786091718.762018,0.2030,0.0,0.0,0.0000,0.0000,0.8423,0.2846,0.5581,240.8750,enc,0.0000
1786091718.766235,0.0042,0.0,0.0,0.0000,0.0000,0.8423,0.2846,0.5581,240.8750,enc,0.0000
1786091719.014430,0.2482,0.0,0.0,0.0000,0.0000,0.8423,0.2846,0.5581,240.8750,enc,0.0000
1786091719.014479,0.0000,0.0,0.0,0.0000,0.0000,0.8423,0.2846,0.5581,240.8750,enc,0.0000
1786091719.079420,0.0649,0.0,0.0,0.0000,0.0000,0.8423,0.2846,0.5581,240.8750,enc,0.0000
1786091719.264654,0.1852,0.0,0.0,0.0000,0.0000,0.8423,0.2846,0.5581,240.8750,enc,0.0000
1786091719.285863,0.0212,0.0,0.0,0.0000,0.0000,0.8423,0.2846,0.5581,240.8750,enc,0.0000
1786091719.522090,0.2362,0.0,0.0,0.0000,0.0000,0.8423,0.2846,0.5581,240.8750,enc,0.0000
1786091719.524264,0.0022,0.0,0.0,0.0000,0.0000,0.8423,0.2846,0.5581,240.8750,enc,0.0000
1786091719.598845,0.0746,0.0,0.0,0.0000,0.0000,0.8423,0.2846,0.5581,240.8750,enc,0.0000
1786091719.776674,0.1778,0.0,0.0,0.0000,0.0000,0.8423,0.2846,0.5581,240.8750,enc,0.0000
1786091719.801736,0.0251,0.0,0.0,0.0000,0.0000,0.8423,0.2846,0.5581,240.8750,enc,0.0000
1786091720.031954,0.2302,0.0,0.0,0.0000,0.0000,0.8423,0.2846,0.5581,240.8750,enc,0.0000
1786091720.032006,0.0001,0.0,0.0,0.0000,0.0000,0.8423,0.2846,0.5581,240.8750,enc,0.0000
1786091720.113137,0.0811,0.0,0.0,0.0000,0.0000,0.8423,0.2846,0.5581,240.8750,enc,0.0000
1786091720.222833,0.1097,0.0,0.0,0.0000,0.0000,0.8423,0.2846,0.5581,240.8750,enc,0.0000
1786091720.323011,0.1002,0.0,0.0,0.0000,0.0000,0.8423,0.2846,0.5581,240.8750,enc,0.0000
1786091720.430917,0.1079,0.0,0.0,0.0000,0.0000,0.8423,0.2846,0.5581,240.8750,enc,0.0000
1786091720.540888,0.1100,0.0,0.0,0.0000,0.0000,0.8423,0.2846,0.5581,240.8750,enc,0.0000
1786091720.631314,0.0904,0.0,0.0,0.0000,0.0000,0.8423,0.2846,0.5581,240.8750,enc,0.0000
1786091720.739448,0.1081,0.0,0.0,0.0000,0.0000,0.8423,0.2846,0.5581,240.8750,enc,0.0000
1786091720.843384,0.1039,0.0,0.0,0.0000,0.0000,0.8423,0.2846,0.5581,240.8750,enc,0.0000
1786091720.945645,0.1023,0.0,0.0,0.0000,0.0000,0.8423,0.2846,0.5581,240.8750,enc,0.0000
1786091721.049695,0.1040,0.0,0.0,0.0000,0.0000,0.8423,0.2846,0.5581,240.8750,enc,0.0000
1786091721.150433,0.1007,0.0,0.0,0.0000,0.0000,0.8423,0.2846,0.5581,240.8750,enc,0.0000
1786091721.257996,0.1076,0.0,0.0,0.0000,0.0000,0.8423,0.2846,0.5581,240.8750,enc,0.0000
1786091721.357057,0.0991,0.0,0.0,0.0000,0.0000,0.8423,0.2846,0.5581,240.8750,enc,0.0000
1786091721.467313,0.1103,0.0,0.0,0.0000,0.0000,0.8423,0.2846,0.5581,240.8750,enc,0.0000
1786091721.568927,0.1016,0.0,0.0,0.0000,0.0000,0.8423,0.2846,0.5581,240.8750,enc,0.0000
1786091721.672310,0.1034,0.0,0.0,0.0000,0.0000,0.8423,0.2846,0.5581,240.8750,enc,0.0000
1786091721.773006,0.1007,0.0,0.0,0.0000,0.0000,0.8423,0.2846,0.5581,240.8750,enc,0.0000
1786091721.880931,0.1079,0.0,0.0,0.0000,0.0000,0.8423,0.2846,0.5581,240.8750,enc,0.0000
1786091721.983521,0.1026,0.0,0.0,0.0000,0.0000,0.8423,0.2846,0.5581,240.8750,enc,0.0000
1786091722.086244,0.1027,0.0,0.0,0.0000,0.0000,0.8423,0.2846,0.5581,240.8750,enc,0.0000
1786091722.190245,0.1040,0.0,0.0,0.0000,0.0000,0.8423,0.2846,0.5581,240.8750,enc,0.0000
1786091722.295029,0.1048,0.0,0.0,0.0000,0.0000,0.8423,0.2846,0.5581,240.8750,enc,0.0000
1786091722.397684,0.1027,0.0,0.0,0.0000,0.0000,0.8423,0.2846,0.5581,240.8750,enc,0.0000
1786091722.500818,0.1031,0.0,0.0,0.0000,0.0000,0.8423,0.2846,0.5581,240.8750,enc,0.0000
1786091722.605898,0.1051,0.0,0.0,0.0000,0.0000,0.8423,0.2846,0.5581,240.8750,enc,0.0000
1786091722.709151,0.1033,0.0,0.0,0.0000,0.0000,0.8423,0.2846,0.5581,240.8750,enc,0.0000
1786091722.810583,0.1014,0.0,0.0,0.0000,0.0000,0.8423,0.2846,0.5581,240.8750,enc,0.0000
1786091722.915696,0.1051,0.0,0.0,0.0000,0.0000,0.8423,0.2846,0.5581,240.8750,enc,0.0000
1786091723.016423,0.1007,0.0,0.0,0.0000,0.0000,0.8423,0.2846,0.5581,240.8750,enc,0.0000
1786091723.119886,0.1035,0.0,0.0,0.0000,0.0000,0.8423,0.2846,0.5581,240.8750,enc,0.0000
1786091723.226664,0.1068,0.0,0.0,0.0000,0.0000,0.8423,0.2846,0.5581,240.8750,enc,0.0000
1786091723.329687,0.1030,0.0,0.0,0.0000,0.0000,0.8423,0.2846,0.5581,240.8750,enc,0.0000
1786091723.430856,0.1012,0.0,0.0,0.0000,0.0000,0.8423,0.2846,0.5581,240.8750,enc,0.0000
1786091723.542913,0.1121,0.0,0.0,0.0000,0.0000,0.8423,0.2846,0.5581,240.8750,enc,0.0000
1786091723.642093,0.0992,0.0,0.0,0.0000,0.0000,0.8423,0.2846,0.5581,240.8750,enc,0.0000
1786091723.745762,0.1037,0.0,0.0,0.0000,0.0000,0.8423,0.2846,0.5581,240.8750,enc,0.0000
1786091723.849715,0.1040,0.0,0.0,0.0000,0.0000,0.8423,0.2846,0.5581,240.8750,enc,0.0000
1786091723.951673,0.1020,0.0,0.0,0.0000,0.0000,0.8423,0.2846,0.5581,240.8750,enc,0.0000
1786091724.055663,0.1040,0.0,0.0,0.0000,0.0000,0.8423,0.2846,0.5581,240.8750,enc,0.0000
1786091724.156909,0.1012,0.0,0.0,0.0000,0.0000,0.8423,0.2846,0.5581,240.8750,enc,0.0000
1786091724.264835,0.1079,0.0,0.0,0.0000,0.0000,0.8423,0.2846,0.5581,240.8750,enc,0.0000
1786091724.363020,0.0982,0.0,0.0,0.0000,0.0000,0.8423,0.2846,0.5581,240.8750,enc,0.0000
1786091724.466489,0.1035,0.0,0.0,0.0000,0.0000,0.8423,0.2846,0.5581,240.8750,enc,0.0000
1786091724.575897,0.1094,0.0,0.0,0.0000,0.0000,0.8423,0.2846,0.5581,240.8750,enc,0.0000
1786091724.673460,0.0976,0.0,0.0,0.0000,0.0000,0.8423,0.2846,0.5581,240.8750,enc,0.0000
1786091724.793549,0.1201,0.0,0.0,0.0000,0.0000,0.8423,0.2846,0.5581,240.8750,enc,0.0000
1786091724.885198,0.0916,0.0,0.0,0.0000,0.0000,0.8423,0.2846,0.5581,240.8750,enc,0.0000
1786091724.987293,0.1021,0.0,0.0,0.0000,0.0000,0.8423,0.2846,0.5581,240.8750,enc,0.0000
1786091725.092192,0.1049,0.0,0.0,0.0000,0.0000,0.8423,0.2846,0.5581,240.8750,enc,0.0000
1786091725.195766,0.1036,0.0,0.0,0.0000,0.0000,0.8423,0.2846,0.5581,240.8750,enc,0.0000
1786091725.299498,0.1037,0.0,0.0,0.0000,0.0000,0.8423,0.2846,0.5581,240.8750,enc,0.0000
1786091725.404023,0.1045,0.0,0.0,0.0000,0.0000,0.8423,0.2846,0.5581,240.8750,enc,0.0000
1786091725.504926,0.1009,0.0,0.0,0.0000,0.0000,0.8423,0.2846,0.5581,240.8750,enc,0.0000
1786091725.613752,0.1088,0.0,0.0,0.0000,0.0000,0.8423,0.2846,0.5581,240.8750,enc,0.0000
1786091725.713413,0.0997,0.0,0.0,0.0000,0.0000,0.8423,0.2846,0.5581,240.8750,enc,0.0000
1786091725.816890,0.1035,0.0,0.0,0.0000,0.0000,0.8423,0.2846,0.5581,240.8750,enc,0.0000
1786091725.922482,0.1056,0.0,0.0,0.0000,0.0000,0.8423,0.2846,0.5581,240.8750,enc,0.0000
1786091726.022953,0.1005,0.0,0.0,0.0000,0.0000,0.8423,0.2846,0.5581,240.8750,enc,0.0000
1786091726.126864,0.1039,0.0,0.0,0.0000,0.0000,0.8423,0.2846,0.5581,240.8750,enc,0.0000
1786091726.232948,0.1061,0.0,0.0,0.0000,0.0000,0.8423,0.2846,0.5581,240.8750,enc,0.0000
1786091726.335898,0.1029,0.0,0.0,0.0000,0.0000,0.8423,0.2846,0.5581,240.8750,enc,0.0000
1786091726.445865,0.1100,0.0,0.0,0.0000,0.0000,0.8423,0.2846,0.5581,240.8750,enc,0.0000
1786091726.546752,0.1009,0.0,0.0,0.0000,0.0000,0.8423,0.2846,0.5581,240.8750,enc,0.0000
1786091726.648052,0.1013,0.0,0.0,0.0000,0.0000,0.8423,0.2846,0.5581,240.8750,enc,0.0000
1786091726.750818,0.1028,0.0,0.0,0.0000,0.0000,0.8423,0.2846,0.5581,240.8750,enc,0.0000
1786091726.855954,0.1051,0.0,0.0,0.0000,0.0000,0.8423,0.2846,0.5581,240.8750,enc,0.0000
1786091726.960817,0.1049,0.0,0.0,0.0000,0.0000,0.8423,0.2846,0.5581,240.8750,enc,0.0000
1786091727.062453,0.1016,0.0,0.0,0.0000,0.0000,0.8423,0.2846,0.5581,240.8750,enc,0.0000
1786091727.162447,0.1000,0.0,0.0,0.0000,0.0000,0.8423,0.2846,0.5581,240.8750,enc,0.0000
1786091727.269684,0.1072,0.0,0.0,0.0000,0.0000,0.8423,0.2846,0.5581,240.8750,enc,0.0000
1786091727.370870,0.1012,0.0,0.0,0.0000,0.0000,0.8423,0.2846,0.5581,240.8750,enc,0.0000
1786091727.474994,0.1041,0.0,0.0,0.0000,0.0000,0.8423,0.2846,0.5581,240.8750,enc,0.0000
1786091727.581989,0.1070,0.0,0.0,0.0000,0.0000,0.8423,0.2846,0.5581,240.8750,enc,0.0000
1786091727.682425,0.1004,0.0,0.0,0.0000,0.0000,0.8423,0.2846,0.5581,240.8750,enc,0.0000
1786091727.786873,0.1044,0.0,0.0,0.0000,0.0000,0.8423,0.2846,0.5581,240.8750,enc,0.0000
1786091727.894451,0.1076,0.0,0.0,0.0000,0.0000,0.8423,0.2846,0.5581,240.8750,enc,0.0000
1786091727.998413,0.1040,0.0,0.0,0.0000,0.0000,0.8423,0.2846,0.5581,240.8750,enc,0.0000
1786091728.102272,0.1039,0.0,0.0,0.0000,0.0000,0.8423,0.2846,0.5581,240.8750,enc,0.0000
1786091728.206872,0.1046,0.0,0.0,0.0000,0.0000,0.8423,0.2846,0.5581,240.8750,enc,0.0000
1786091728.309012,0.1021,0.0,0.0,0.0000,0.0000,0.8423,0.2846,0.5581,240.8750,enc,0.0000
1786091728.416707,0.1077,0.0,0.0,0.0000,0.0000,0.8423,0.2846,0.5581,240.8750,enc,0.0000
1786091728.514964,0.0983,0.0,0.0,0.0000,0.0000,0.8423,0.2846,0.5581,240.8750,enc,0.0000
1786091728.625043,0.1101,0.0,0.0,0.0000,0.0000,0.8423,0.2846,0.5581,240.8750,enc,0.0000
1786091728.725694,0.1007,0.0,0.0,0.0000,0.0000,0.8423,0.2846,0.5581,240.8750,enc,0.0000
1786091728.828490,0.1028,0.0,0.0,0.0000,0.0000,0.8423,0.2846,0.5581,240.8750,enc,0.0000
1786091728.937834,0.1093,0.0,0.0,0.0000,0.0000,0.8423,0.2846,0.5581,240.8750,enc,0.0000
1786091729.037813,0.1000,0.0,0.0,0.0000,0.0000,0.8423,0.2846,0.5581,240.8750,enc,0.0000
1786091729.145141,0.1073,0.0,0.0,0.0000,0.0000,0.8423,0.2846,0.5581,240.8750,enc,0.0000
1786091729.248911,0.1038,0.0,0.0,0.0000,0.0000,0.8423,0.2846,0.5581,240.8750,enc,0.0000
1786091729.350723,0.1018,0.0,0.0,0.0000,0.0000,0.8423,0.2846,0.5581,240.8750,enc,0.0000
1786091729.459522,0.1088,0.0,0.0,0.0000,0.0000,0.8423,0.2846,0.5581,240.8750,enc,0.0000
1786091729.569250,0.1097,0.0,0.0,0.0000,0.0000,0.8423,0.2846,0.5581,240.8750,enc,0.0000
1786091729.670401,0.1012,0.0,0.0,0.0000,0.0000,0.8423,0.2846,0.5581,240.8750,enc,0.0000
1786091729.763766,0.0934,0.0,0.0,0.0000,0.0000,0.8423,0.2846,0.5581,240.8750,enc,0.0000
1786091729.869564,0.1058,0.0,0.0,0.0000,0.0000,0.8423,0.2846,0.5581,240.8750,enc,0.0000
1786091729.973933,0.1044,0.0,0.0,0.0000,0.0000,0.8423,0.2846,0.5581,240.8750,enc,0.0000
1786091730.073021,0.0991,0.0,0.0,0.0000,0.0000,0.8423,0.2846,0.5581,240.8750,enc,0.0000
1786091730.262429,0.1894,0.0,0.0,0.0000,0.0000,0.8423,0.2846,0.5581,240.8750,enc,0.0000
1786091730.280222,0.0178,0.0,0.0,0.0000,0.0000,0.8423,0.2846,0.5581,240.8750,enc,0.0000
1786091730.505401,0.2252,0.0,0.0,0.0000,0.0000,0.8423,0.2846,0.5581,240.8750,enc,0.0000
1786091730.505650,0.0002,0.0,0.0,0.0000,0.0000,0.8423,0.2846,0.5581,240.8750,enc,0.0000
1786091730.594733,0.0891,0.0,0.0,0.0000,0.0000,0.8423,0.2846,0.5581,240.8750,enc,0.0000
1786091730.749983,0.1553,0.0,0.0,0.0000,0.0000,0.8423,0.2846,0.5581,240.8750,enc,0.0000
1786091730.802843,0.0529,0.0,0.0,0.0000,0.0000,0.8423,0.2846,0.5581,240.8750,enc,0.0000
1786091730.995685,0.1928,0.0,0.0,0.0000,0.0000,0.8423,0.2846,0.5581,240.8750,enc,0.0000
1786091731.006829,0.0111,0.0,0.0,0.0000,0.0000,0.8423,0.2846,0.5581,240.8750,enc,0.0000
1786091731.240151,0.2333,0.0,0.0,0.0000,0.0000,0.8423,0.2846,0.5581,240.8750,enc,0.0000
1786091731.240308,0.0002,0.0,0.0,0.0000,0.0000,0.8423,0.2846,0.5581,240.8750,enc,0.0000
1786091731.320739,0.0804,0.0,0.0,0.0000,0.0000,0.8423,0.2846,0.5581,240.8750,enc,0.0000
1786091731.494909,0.1742,0.0,0.0,0.0000,0.0000,0.8423,0.2846,0.5581,240.8750,enc,0.0000
1786091731.526862,0.0320,0.0,0.0,0.0000,0.0000,0.8423,0.2846,0.5581,240.8750,enc,0.0000
1786091731.748455,0.2216,0.0,0.0,0.0000,0.0000,0.8423,0.2846,0.5581,240.8750,enc,0.0000
1786091731.748521,0.0001,0.0,0.0,0.0000,0.0000,0.8423,0.2846,0.5581,240.8750,enc,0.0000
1786091731.836940,0.0884,0.0,0.0,0.0000,0.0000,0.8423,0.2846,0.5581,240.8750,enc,0.0000
1786091731.996991,0.1601,0.0,0.0,0.0000,0.0000,0.8423,0.2846,0.5581,240.8750,enc,0.0000
1786091732.046007,0.0490,0.0,0.0,0.0000,0.0000,0.8423,0.2846,0.5581,240.8750,enc,0.0000
1786091732.246494,0.2005,0.0,0.0,0.0000,0.0000,0.8423,0.2846,0.5581,240.8750,enc,0.0000
1786091732.251932,0.0054,0.0,0.0,0.0000,0.0000,0.8423,0.2846,0.5581,240.8750,enc,0.0000
1786091732.497174,0.2452,0.0,0.0,0.0000,0.0000,0.8423,0.2846,0.5581,240.8750,enc,0.0000
1786091732.497848,0.0007,0.0,0.0,0.0000,0.0000,0.8423,0.2846,0.5581,240.8750,enc,0.0000
1786091732.565172,0.0673,0.0,0.0,0.0000,0.0000,0.8423,0.2846,0.5581,240.8750,enc,0.0000
1786091732.747493,0.1823,0.0,0.0,0.0000,0.0000,0.8423,0.2846,0.5581,240.8750,enc,0.0000
1786091732.771606,0.0241,0.0,0.0,0.0000,0.0000,0.8423,0.2846,0.5581,240.8750,enc,0.0000
1786091732.997312,0.2257,0.0,0.0,0.0000,0.0000,0.8423,0.2846,0.5581,240.8750,enc,0.0000
1786091732.998555,0.0012,0.0,0.0,0.0000,0.0000,0.8423,0.2846,0.5581,240.8750,enc,0.0000
1786091733.083130,0.0846,0.0,0.0,0.0000,0.0000,0.8423,0.2846,0.5581,240.8750,enc,0.0000
1786091733.250629,0.1675,0.0,0.0,0.0000,0.0000,0.8423,0.2846,0.5581,240.8750,enc,0.0000
1786091733.293718,0.0431,0.0,0.0,0.0000,0.0000,0.8423,0.2846,0.5581,240.8750,enc,0.0000
1786091733.496320,0.2026,0.0,0.0,0.0000,0.0000,0.8423,0.2846,0.5581,240.8750,enc,0.0000
1786091733.500854,0.0045,0.0,0.0,0.0000,0.0000,0.8423,0.2846,0.5581,240.8750,enc,0.0000
1786091733.747964,0.2471,0.0,0.0,0.0000,0.0000,0.8423,0.2846,0.5581,240.8750,enc,0.0000
1786091733.748020,0.0001,0.0,0.0,0.0000,0.0000,0.8423,0.2846,0.5581,240.8750,enc,0.0000
1786091733.816349,0.0683,0.0,0.0,0.0000,0.0000,0.8423,0.2846,0.5581,240.8750,enc,0.0000
1786091734.000060,0.1837,0.0,0.0,0.0000,0.0000,0.8423,0.2846,0.5581,240.8750,enc,0.0000
1786091734.016074,0.0160,0.0,0.0,0.0000,0.0000,0.8423,0.2846,0.5581,240.8750,enc,0.0000
1786091734.252973,0.2369,0.0,0.0,0.0000,0.0000,0.8423,0.2846,0.5581,240.8750,enc,0.0000
1786091734.253993,0.0010,0.0,0.0,0.0000,0.0000,0.8423,0.2846,0.5581,240.8750,enc,0.0000
1786091734.330719,0.0767,0.0,0.0,0.0000,0.0000,0.8423,0.2846,0.5581,240.8750,enc,0.0000
1786091734.507993,0.1773,0.0,0.0,0.0000,0.0000,0.8423,0.2846,0.5581,240.8750,enc,0.0000
1786091734.533994,0.0260,0.0,0.0,0.0000,0.0000,0.8423,0.2846,0.5581,240.8750,enc,0.0000
1786091734.766873,0.2329,0.0,0.0,0.0000,0.0000,0.8423,0.2846,0.5581,240.8750,enc,0.0000
1786091734.766924,0.0001,0.0,0.0,0.0000,0.0000,0.8423,0.2846,0.5581,240.8750,enc,0.0000
1786091734.845848,0.0789,0.0,0.0,0.0000,0.0000,0.8423,0.2846,0.5581,240.8750,enc,0.0000
1786091735.016472,0.1706,0.0,0.0,0.0000,0.0000,0.8423,0.2846,0.5581,240.8750,enc,0.0000
1786091735.052217,0.0357,0.0,0.0,0.0000,0.0000,0.8423,0.2846,0.5581,240.8750,enc,0.0000
1786091735.158940,0.1067,0.0,0.0,0.0000,0.0000,0.8423,0.2846,0.5581,240.8750,enc,0.0000
1786091735.262727,0.1038,0.0,0.0,0.0000,0.0000,0.8423,0.2846,0.5581,240.8750,enc,0.0000
1786091735.365981,0.1033,0.0,0.0,0.0000,0.0000,0.8423,0.2846,0.5581,240.8750,enc,0.0000
1786091735.470021,0.1040,0.0,0.0,0.0000,0.0000,0.8423,0.2846,0.5581,240.8750,enc,0.0000
1786091735.571358,0.1013,0.0,0.0,0.0000,0.0000,0.8423,0.2846,0.5581,240.8750,enc,0.0000
1786091735.678104,0.1067,0.0,0.0,0.0000,0.0000,0.8423,0.2846,0.5581,240.8750,enc,0.0000
1786091735.778827,0.1007,0.0,0.0,0.0000,0.0000,0.8423,0.2846,0.5581,240.8750,enc,0.0000
1786091735.882303,0.1035,0.0,0.0,0.0000,0.0000,0.8423,0.2846,0.5581,240.8750,enc,0.0000
1786091735.991871,0.1096,0.0,0.0,0.0000,0.0000,0.8423,0.2846,0.5581,240.8750,enc,0.0000
1786091736.089586,0.0977,0.0,0.0,0.0000,0.0000,0.8423,0.2846,0.5581,240.8750,enc,0.0000
1786091736.194854,0.1053,0.0,0.0,0.0000,0.0000,0.8423,0.2846,0.5581,240.8750,enc,0.0000
1786091736.304654,0.1098,0.0,0.0,0.0000,0.0000,0.8423,0.2846,0.5581,240.8750,enc,0.0000
1786091736.405041,0.1004,0.0,0.0,0.0000,0.0000,0.8423,0.2846,0.5581,240.8750,enc,0.0000
1786091736.507380,0.1023,0.0,0.0,0.0000,0.0000,0.8423,0.2846,0.5581,240.8750,enc,0.0000
1786091736.611006,0.1036,0.0,0.0,0.0000,0.0000,0.8423,0.2846,0.5581,240.8750,enc,0.0000
1786091736.714263,0.1033,0.0,0.0,0.0000,0.0000,0.8423,0.2846,0.5581,240.8750,enc,0.0000
1786091736.819038,0.1048,0.0,0.0,0.0000,0.0000,0.8423,0.2846,0.5581,240.8750,enc,0.0000
1786091736.922315,0.1033,0.0,0.0,0.0000,0.0000,0.8423,0.2846,0.5581,240.8750,enc,0.0000
1786091737.030939,0.1086,0.0,0.0,0.0000,0.0000,0.8423,0.2846,0.5581,240.8750,enc,0.0000
1786091737.140408,0.1095,0.0,0.0,0.0000,0.0000,0.8423,0.2846,0.5581,240.8750,enc,0.0000
1786091737.233271,0.0929,0.0,0.0,0.0000,0.0000,0.8423,0.2846,0.5581,240.8750,enc,0.0000
1786091737.339292,0.1060,0.0,0.0,0.0000,0.0000,0.8423,0.2846,0.5581,240.8750,enc,0.0000
1786091737.439944,0.1007,0.0,0.0,0.0000,0.0000,0.8423,0.2846,0.5581,240.8750,enc,0.0000
1786091737.543349,0.1034,0.0,0.0,0.0000,0.0000,0.8423,0.2846,0.5581,240.8750,enc,0.0000
1786091737.651905,0.1086,0.0,0.0,0.0000,0.0000,0.8423,0.2846,0.5581,240.8750,enc,0.0000
1786091737.753316,0.1014,0.0,0.0,0.0000,0.0000,0.8423,0.2846,0.5581,240.8750,enc,0.0000
1786091737.859658,0.1063,0.0,0.0,0.0000,0.0000,0.8423,0.2846,0.5581,240.8750,enc,0.0000
1786091737.963817,0.1042,0.0,0.0,0.0000,0.0000,0.8423,0.2846,0.5581,240.8750,enc,0.0000
1786091738.065860,0.1020,0.0,0.0,0.0000,0.0000,0.8423,0.2846,0.5581,240.8750,enc,0.0000
1786091738.168755,0.1029,0.0,0.0,0.0000,0.0000,0.8423,0.2846,0.5581,240.8750,enc,0.0000
1786091738.274128,0.1054,0.0,0.0,0.0000,0.0000,0.8423,0.2846,0.5581,240.8750,enc,0.0000
1786091738.376880,0.1028,0.0,0.0,0.0000,0.0000,0.8423,0.2846,0.5581,240.8750,enc,0.0000
1786091738.479955,0.1031,0.0,0.0,0.0000,0.0000,0.8423,0.2846,0.5581,240.8750,enc,0.0000
1786091738.580991,0.1010,0.0,0.0,0.0000,0.0000,0.8423,0.2846,0.5581,240.8750,enc,0.0000
1786091738.688149,0.1072,0.0,0.0,0.0000,0.0000,0.8423,0.2846,0.5581,240.8750,enc,0.0000
1786091738.789180,0.1010,0.0,0.0,0.0000,0.0000,0.8423,0.2846,0.5581,240.8750,enc,0.0000
1786091738.894502,0.1053,0.0,0.0,0.0000,0.0000,0.8423,0.2846,0.5581,240.8750,enc,0.0000
1786091739.000590,0.1061,0.0,0.0,0.0000,0.0000,0.8423,0.2846,0.5581,240.8750,enc,0.0000
1786091739.101288,0.1007,0.0,0.0,0.0000,0.0000,0.8423,0.2846,0.5581,240.8750,enc,0.0000
1786091739.204901,0.1036,0.0,0.0,0.0000,0.0000,0.8423,0.2846,0.5581,240.8750,enc,0.0000
1786091739.311853,0.1070,0.0,0.0,0.0000,0.0000,0.8423,0.2846,0.5581,240.8750,enc,0.0000
1786091739.415734,0.1039,0.0,0.0,0.0000,0.0000,0.8423,0.2846,0.5581,240.8750,enc,0.0000
1786091739.519913,0.1042,0.0,0.0,0.0000,0.0000,0.8423,0.2846,0.5581,240.8750,enc,0.0000
1786091739.623824,0.1039,0.0,0.0,0.0000,0.0000,0.8423,0.2846,0.5581,240.8750,enc,0.0000
1786091739.726786,0.1030,0.0,0.0,0.0000,0.0000,0.8423,0.2846,0.5581,240.8750,enc,0.0000
1786091739.830923,0.1041,0.0,0.0,0.0000,0.0000,0.8423,0.2846,0.5581,240.8750,enc,0.0000
1786091739.932952,0.1020,0.0,0.0,0.0000,0.0000,0.8423,0.2846,0.5581,240.8750,enc,0.0000
1786091740.041011,0.1081,0.0,0.0,0.0000,0.0000,0.8423,0.2846,0.5581,240.8750,enc,0.0000
1786091740.140552,0.0995,0.0,0.0,0.0000,0.0000,0.8423,0.2846,0.5581,240.8750,enc,0.0000
1786091740.244305,0.1038,0.0,0.0,0.0000,0.0000,0.8423,0.2846,0.5581,240.8750,enc,0.0000
1786091740.352739,0.1084,0.0,0.0,0.0000,0.0000,0.8423,0.2846,0.5581,240.8750,enc,0.0000
1786091740.452560,0.0998,0.0,0.0,0.0000,0.0000,0.8423,0.2846,0.5581,240.8750,enc,0.0000
1786091740.556089,0.1035,0.0,0.0,0.0000,0.0000,0.8423,0.2846,0.5581,240.8750,enc,0.0000
1786091740.664891,0.1088,0.0,0.0,0.0000,0.0000,0.8423,0.2846,0.5581,240.8750,enc,0.0000
1786091740.768309,0.1034,0.0,0.0,0.0000,0.0000,0.8423,0.2846,0.5581,240.8750,enc,0.0000
1786091740.869441,0.1011,0.0,0.0,0.0000,0.0000,0.8423,0.2846,0.5581,240.8750,enc,0.0000
1786091740.973476,0.1040,0.0,0.0,0.0000,0.0000,0.8423,0.2846,0.5581,240.8750,enc,0.0000
1786091741.076647,0.1032,0.0,0.0,0.0000,0.0000,0.8423,0.2846,0.5581,240.8750,enc,0.0000
1786091741.180608,0.1040,0.0,0.0,0.0000,0.0000,0.8423,0.2846,0.5581,240.8750,enc,0.0000
1786091741.283042,0.1024,0.0,0.0,0.0000,0.0000,0.8423,0.2846,0.5581,240.8750,enc,0.0000
1786091741.395737,0.1127,0.0,0.0,0.0000,0.0000,0.8423,0.2846,0.5581,240.8750,enc,0.0000
1786091741.498170,0.1024,0.0,0.0,0.0000,0.0000,0.8423,0.2846,0.5581,240.8750,enc,0.0000
1786091741.606831,0.1087,0.0,0.0,0.0000,0.0000,0.8423,0.2846,0.5581,240.8750,enc,0.0000
1786091741.702840,0.0960,0.0,0.0,0.0000,0.0000,0.8423,0.2846,0.5581,240.8750,enc,0.0000
1786091741.803352,0.1005,0.0,0.0,0.0000,0.0000,0.8423,0.2846,0.5581,240.8750,enc,0.0000
1786091741.909095,0.1057,0.0,0.0,0.0000,0.0000,0.8423,0.2846,0.5581,240.8750,enc,0.0000
1786091742.015461,0.1064,0.0,0.0,0.0000,0.0000,0.8423,0.2846,0.5581,240.8750,enc,0.0000
1786091742.118851,0.1034,0.0,0.0,0.0000,0.0000,0.8423,0.2846,0.5581,240.8750,enc,0.0000
1786091742.221924,0.1031,0.0,0.0,0.0000,0.0000,0.8423,0.2846,0.5581,240.8750,enc,0.0000
1786091742.327313,0.1054,0.0,0.0,0.0000,0.0000,0.8423,0.2846,0.5581,240.8750,enc,0.0000
1786091742.432970,0.1057,0.0,0.0,0.0000,0.0000,0.8423,0.2846,0.5581,240.8750,enc,0.0000
1786091742.534834,0.1019,0.0,0.0,0.0000,0.0000,0.8423,0.2846,0.5581,240.8750,enc,0.0000
1786091742.635875,0.1010,0.0,0.0,0.0000,0.0000,0.8423,0.2846,0.5581,240.8750,enc,0.0000
1786091742.742062,0.1062,0.0,0.0,0.0000,0.0000,0.8423,0.2846,0.5581,240.8750,enc,0.0000
1786091742.843717,0.1017,0.0,0.0,0.0000,0.0000,0.8423,0.2846,0.5581,240.8750,enc,0.0000
1786091742.948016,0.1043,0.0,0.0,0.0000,0.0000,0.8423,0.2846,0.5581,240.8750,enc,0.0000
1786091743.055055,0.1070,0.0,0.0,0.0000,0.0000,0.8423,0.2846,0.5581,240.8750,enc,0.0000
1786091743.157142,0.1021,0.0,0.0,0.0000,0.0000,0.8423,0.2846,0.5581,240.8750,enc,0.0000
1786091743.260182,0.1030,0.0,0.0,0.0000,0.0000,0.8423,0.2846,0.5581,240.8750,enc,0.0000
1786091743.369923,0.1097,0.0,0.0,0.0000,0.0000,0.8423,0.2846,0.5581,240.8750,enc,0.0000
1786091743.471785,0.1019,0.0,0.0,0.0000,0.0000,0.8423,0.2846,0.5581,240.8750,enc,0.0000
1786091743.574787,0.1030,0.0,0.0,0.0000,0.0000,0.8423,0.2846,0.5581,240.8750,enc,0.0000
1786091743.676970,0.1022,0.0,0.0,0.0000,0.0000,0.8423,0.2846,0.5581,240.8750,enc,0.0000
1786091743.782465,0.1055,0.0,0.0,0.0000,0.0000,0.8423,0.2846,0.5581,240.8750,enc,0.0000
1786091743.885329,0.1029,0.0,0.0,0.0000,0.0000,0.8423,0.2846,0.5581,240.8750,enc,0.0000
1786091743.986581,0.1013,0.0,0.0,0.0000,0.0000,0.8423,0.2846,0.5581,240.8750,enc,0.0000
1786091744.094826,0.1082,0.0,0.0,0.0000,0.0000,0.8423,0.2846,0.5581,240.8750,enc,0.0000
1786091744.199280,0.1045,0.0,0.0,0.0000,0.0000,0.8423,0.2846,0.5581,240.8750,enc,0.0000
1786091744.300203,0.1009,0.0,0.0,0.0000,0.0000,0.8423,0.2846,0.5581,240.8750,enc,0.0000
1786091744.408054,0.1079,0.0,0.0,0.0000,0.0000,0.8423,0.2846,0.5581,240.8750,enc,0.0000
1786091744.504562,0.0965,0.0,0.0,0.0000,0.0000,0.8423,0.2846,0.5581,240.8750,enc,0.0000
1786091744.608638,0.1041,0.0,0.0,0.0000,0.0000,0.8423,0.2846,0.5581,240.8750,enc,0.0000
1786091744.720017,0.1114,0.0,0.0,0.0000,0.0000,0.8423,0.2846,0.5581,240.8750,enc,0.0000
1786091744.819159,0.0991,0.0,0.0,0.0000,0.0000,0.8423,0.2846,0.5581,240.8750,enc,0.0000
1786091744.922793,0.1036,0.0,0.0,0.0000,0.0000,0.8423,0.2846,0.5581,240.8750,enc,0.0000
1786091745.026526,0.1037,0.0,0.0,0.0000,0.0000,0.8423,0.2846,0.5581,240.8750,enc,0.0000
1786091745.265956,0.2394,0.0,0.0,0.0000,0.0000,0.8423,0.2846,0.5581,240.8750,enc,0.0000
1786091745.266006,0.0001,0.0,0.0,0.0000,0.0000,0.8423,0.2846,0.5581,240.8750,enc,0.0000
1786091745.337909,0.0719,0.0,0.0,0.0000,0.0000,0.8423,0.2846,0.5581,240.8750,enc,0.0000
1786091745.509811,0.1719,0.0,0.0,0.0000,0.0000,0.8423,0.2846,0.5581,240.8750,enc,0.0000
1786091745.541000,0.0312,0.0,0.0,0.0000,0.0000,0.8423,0.2846,0.5581,240.8750,enc,0.0000
1786091745.759079,0.2181,0.0,0.0,0.0000,0.0000,0.8423,0.2846,0.5581,240.8750,enc,0.0000
1786091745.759130,0.0001,0.0,0.0,0.0000,0.0000,0.8423,0.2846,0.5581,240.8750,enc,0.0000
1786091745.855304,0.0962,0.0,0.0,0.0000,0.0000,0.8423,0.2846,0.5581,240.8750,enc,0.0000
1786091746.011707,0.1564,0.0,0.0,0.0000,0.0000,0.8423,0.2846,0.5581,240.8750,enc,0.0000
1786091746.061890,0.0502,0.0,0.0,0.0000,0.0000,0.8423,0.2846,0.5581,240.8750,enc,0.0000
1786091746.266530,0.2046,0.0,0.0,0.0000,0.0000,0.8423,0.2846,0.5581,240.8750,enc,0.0000
1786091746.270415,0.0039,0.0,0.0,0.0000,0.0000,0.8423,0.2846,0.5581,240.8750,enc,0.0000
1786091746.522049,0.2516,0.0,0.0,0.0000,0.0000,0.8423,0.2846,0.5581,240.8750,enc,0.0000
1786091746.522101,0.0001,0.0,0.0,0.0000,0.0000,0.8423,0.2846,0.5581,240.8750,enc,0.0000
1786091746.581539,0.0594,0.0,0.0,0.0000,0.0000,0.8423,0.2846,0.5581,240.8750,enc,0.0000
1786091746.777902,0.1964,0.0,0.0,0.0000,0.0000,0.8423,0.2846,0.5581,240.8750,enc,0.0000
1786091746.787444,0.0095,0.0,0.0,0.0000,0.0000,0.8423,0.2846,0.5581,240.8750,enc,0.0000
1786091747.027453,0.2400,0.0,0.0,0.0000,0.0000,0.8423,0.2846,0.5581,240.8750,enc,0.0000
1786091747.029447,0.0020,0.0,0.0,0.0000,0.0000,0.8423,0.2846,0.5581,240.8750,enc,0.0000
1786091747.099825,0.0704,0.0,0.0,0.0000,0.0000,0.8423,0.2846,0.5581,240.8750,enc,0.0000
1786091747.281013,0.1812,0.0,0.0,0.0000,0.0000,0.8423,0.2846,0.5581,240.8750,enc,0.0000
1786091747.303720,0.0227,0.0,0.0,0.0000,0.0000,0.8423,0.2846,0.5581,240.8750,enc,0.0000
1786091747.526993,0.2233,0.0,0.0,0.0000,0.0000,0.8423,0.2846,0.5581,240.8750,enc,0.0000
1786091747.527043,0.0001,0.0,0.0,0.0000,0.0000,0.8423,0.2846,0.5581,240.8750,enc,0.0000
1786091747.614593,0.0875,0.0,0.0,0.0000,0.0000,0.8423,0.2846,0.5581,240.8750,enc,0.0000
1786091747.777819,0.1632,0.0,0.0,0.0000,0.0000,0.8423,0.2846,0.5581,240.8750,enc,0.0000
1786091747.827530,0.0497,0.0,0.0,0.0000,0.0000,0.8423,0.2846,0.5581,240.8750,enc,0.0000
1786091748.027503,0.2000,0.0,0.0,0.0000,0.0000,0.8423,0.2846,0.5581,240.8750,enc,0.0000
1786091748.032991,0.0055,0.0,0.0,0.0000,0.0000,0.8423,0.2846,0.5581,240.8750,enc,0.0000
1786091748.277354,0.2444,0.0,0.0,0.0000,0.0000,0.8423,0.2846,0.5581,240.8750,enc,0.0000
1786091748.277400,0.0000,0.0,0.0,0.0000,0.0000,0.8423,0.2846,0.5581,240.8750,enc,0.0000
1786091748.342650,0.0652,0.0,0.0,0.0000,0.0000,0.8423,0.2846,0.5581,240.8750,enc,0.0000
1786091748.528921,0.1863,0.0,0.0,0.0000,0.0000,0.8423,0.2846,0.5581,240.8750,enc,0.0000
1786091748.546964,0.0180,0.0,0.0,0.0000,0.0000,0.8423,0.2846,0.5581,240.8750,enc,0.0000
1786091748.779488,0.2325,0.0,0.0,0.0000,0.0000,0.8423,0.2846,0.5581,240.8750,enc,0.0000
1786091748.779541,0.0001,0.0,0.0,0.0000,0.0000,0.8423,0.2846,0.5581,240.8750,enc,0.0000
1786091748.857935,0.0784,0.0,0.0,0.0000,0.0000,0.8423,0.2846,0.5581,240.8750,enc,0.0000
1786091749.030043,0.1721,0.0,0.0,0.0000,0.0000,0.8423,0.2846,0.5581,240.8750,enc,0.0000
1786091749.068974,0.0389,0.0,0.0,0.0000,0.0000,0.8423,0.2846,0.5581,240.8750,enc,0.0000
1786091749.282840,0.2139,0.0,0.0,0.0000,0.0000,0.8423,0.2846,0.5581,240.8750,enc,0.0000
1786091749.282881,0.0000,0.0,0.0,0.0000,0.0000,0.8423,0.2846,0.5581,240.8750,enc,0.0000
1786091749.381666,0.0988,0.0,0.0,0.0000,0.0000,0.8423,0.2846,0.5581,240.8750,enc,0.0000
1786091749.536856,0.1552,0.0,0.0,0.0000,0.0000,0.8423,0.2846,0.5581,240.8750,enc,0.0000
1786091749.590687,0.0538,0.0,0.0,0.0000,0.0000,0.8423,0.2846,0.5581,240.8750,enc,0.0000
1786091749.791664,0.2010,0.0,0.0,0.0000,0.0000,0.8423,0.2846,0.5581,240.8750,enc,0.0000
1786091749.795948,0.0043,0.0,0.0,0.0000,0.0000,0.8423,0.2846,0.5581,240.8750,enc,0.0000
1786091750.048260,0.2523,0.0,0.0,0.0000,0.0000,0.8423,0.2846,0.5581,240.8750,enc,0.0000
1786091750.048305,0.0000,0.0,0.0,0.0000,0.0000,0.8423,0.2846,0.5581,240.8750,enc,0.0000
1786091750.108736,0.0604,0.0,0.0,0.0000,0.0000,0.8423,0.2846,0.5581,240.8750,enc,0.0000
1786091750.212157,0.1034,0.0,0.0,0.0000,0.0000,0.8423,0.2846,0.5581,240.8750,enc,0.0000
1786091750.313306,0.1011,0.0,0.0,0.0000,0.0000,0.8423,0.2846,0.5581,240.8750,enc,0.0000
1786091750.421897,0.1086,0.0,0.0,0.0000,0.0000,0.8423,0.2846,0.5581,240.8750,enc,0.0000
1786091750.523023,0.1011,0.0,0.0,0.0000,0.0000,0.8423,0.2846,0.5581,240.8750,enc,0.0000
1786091750.627630,0.1046,0.0,0.0,0.0000,0.0000,0.8423,0.2846,0.5581,240.8750,enc,0.0000
1786091750.735047,0.1074,0.0,0.0,0.0000,0.0000,0.8423,0.2846,0.5581,240.8750,enc,0.0000
1786091750.838649,0.1036,0.0,0.0,0.0000,0.0000,0.8423,0.2846,0.5581,240.8750,enc,0.0000
1786091750.939429,0.1008,0.0,0.0,0.0000,0.0000,0.8423,0.2846,0.5581,240.8750,enc,0.0000
1786091751.047361,0.1079,0.0,0.0,0.0000,0.0000,0.8423,0.2846,0.5581,240.8750,enc,0.0000
1786091751.150654,0.1033,0.0,0.0,0.0000,0.0000,0.8423,0.2846,0.5581,240.8750,enc,0.0000
1786091751.255070,0.1044,0.0,0.0,0.0000,0.0000,0.8423,0.2846,0.5581,240.8750,enc,0.0000
1786091751.352931,0.0979,0.0,0.0,0.0000,0.0000,0.8423,0.2846,0.5581,240.8750,enc,0.0000
1786091751.461041,0.1081,0.0,0.0,0.0000,0.0000,0.8423,0.2846,0.5581,240.8750,enc,0.0000
1786091751.559827,0.0988,0.0,0.0,0.0000,0.0000,0.8423,0.2846,0.5581,240.8750,enc,0.0000
1786091751.663379,0.1036,0.0,0.0,0.0000,0.0000,0.8423,0.2846,0.5581,240.8750,enc,0.0000
1786091751.770949,0.1076,0.0,0.0,0.0000,0.0000,0.8423,0.2846,0.5581,240.8750,enc,0.0000
1786091751.870900,0.1000,0.0,0.0,0.0000,0.0000,0.8423,0.2846,0.5581,240.8750,enc,0.0000
1786091751.975562,0.1047,0.0,0.0,0.0000,0.0000,0.8423,0.2846,0.5581,240.8750,enc,0.0000
1786091752.084089,0.1085,0.0,0.0,0.0000,0.0000,0.8423,0.2846,0.5581,240.8750,enc,0.0000
1786091752.184984,0.1009,0.0,0.0,0.0000,0.0000,0.8423,0.2846,0.5581,240.8750,enc,0.0000
1786091752.295866,0.1109,0.0,0.0,0.0000,0.0000,0.8423,0.2846,0.5581,240.8750,enc,0.0000
1786091752.395931,0.1001,0.0,0.0,0.0000,0.0000,0.8423,0.2846,0.5581,240.8750,enc,0.0000
1786091752.521856,0.1259,0.0,0.0,0.0000,0.0000,0.8423,0.2846,0.5581,240.8750,enc,0.0000
1786091752.602859,0.0810,0.0,0.0,0.0000,0.0000,0.8423,0.2846,0.5581,240.8750,enc,0.0000
1786091752.703959,0.1011,0.0,0.0,0.0000,0.0000,0.8423,0.2846,0.5581,240.8750,enc,0.0000
1786091752.812933,0.1090,0.0,0.0,0.0000,0.0000,0.8423,0.2846,0.5581,240.8750,enc,0.0000
1786091752.912384,0.0995,0.0,0.0,0.0000,0.0000,0.8423,0.2846,0.5581,240.8750,enc,0.0000
1786091753.012638,0.1003,0.0,0.0,0.0000,0.0000,0.8423,0.2846,0.5581,240.8750,enc,0.0000
1786091753.119525,0.1069,0.0,0.0,0.0000,0.0000,0.8423,0.2846,0.5581,240.8750,enc,0.0000
1786091753.220948,0.1014,0.0,0.0,0.0000,0.0000,0.8423,0.2846,0.5581,240.8750,enc,0.0000
1786091753.325223,0.1043,0.0,0.0,0.0000,0.0000,0.8423,0.2846,0.5581,240.8750,enc,0.0000
1786091753.430919,0.1057,0.0,0.0,0.0000,0.0000,0.8423,0.2846,0.5581,240.8750,enc,0.0000
1786091753.534173,0.1033,0.0,0.0,0.0000,0.0000,0.8423,0.2846,0.5581,240.8750,enc,0.0000
1786091753.638432,0.1043,0.0,0.0,0.0000,0.0000,0.8423,0.2846,0.5581,240.8750,enc,0.0000
1786091753.745003,0.1066,0.0,0.0,0.0000,0.0000,0.8423,0.2846,0.5581,240.8750,enc,0.0000
1786091753.845661,0.1007,0.0,0.0,0.0000,0.0000,0.8423,0.2846,0.5581,240.8750,enc,0.0000
1786091753.949006,0.1033,0.0,0.0,0.0000,0.0000,0.8423,0.2846,0.5581,240.8750,enc,0.0000
1786091754.054839,0.1058,0.0,0.0,0.0000,0.0000,0.8423,0.2846,0.5581,240.8750,enc,0.0000
1786091754.160015,0.1052,0.0,0.0,0.0000,0.0000,0.8423,0.2846,0.5581,240.8750,enc,0.0000
1786091754.268864,0.1088,0.0,0.0,0.0000,0.0000,0.8423,0.2846,0.5581,240.8750,enc,0.0000
1786091754.365480,0.0966,0.0,0.0,0.0000,0.0000,0.8423,0.2846,0.5581,240.8750,enc,0.0000
1786091754.467916,0.1024,0.0,0.0,0.0000,0.0000,0.8423,0.2846,0.5581,240.8750,enc,0.0000
1786091754.572245,0.1043,0.0,0.0,0.0000,0.0000,0.8423,0.2846,0.5581,240.8750,enc,0.0000
1786091754.673450,0.1012,0.0,0.0,0.0000,0.0000,0.8423,0.2846,0.5581,240.8750,enc,0.0000
1786091754.779203,0.1058,0.0,0.0,0.0000,0.0000,0.8423,0.2846,0.5581,240.8750,enc,0.0000
1786091754.882795,0.1036,0.0,0.0,0.0000,0.0000,0.8423,0.2846,0.5581,240.8750,enc,0.0000
1786091754.984926,0.1021,0.0,0.0,0.0000,0.0000,0.8423,0.2846,0.5581,240.8750,enc,0.0000
1786091755.092040,0.1071,0.0,0.0,0.0000,0.0000,0.8423,0.2846,0.5581,240.8750,enc,0.0000
1786091755.194692,0.1027,0.0,0.0,0.0000,0.0000,0.8423,0.2846,0.5581,240.8750,enc,0.0000
1786091755.297468,0.1028,0.0,0.0,0.0000,0.0000,0.8423,0.2846,0.5581,240.8750,enc,0.0000
1786091755.403750,0.1063,0.0,0.0,0.0000,0.0000,0.8423,0.2846,0.5581,240.8750,enc,0.0000
1786091755.505398,0.1016,0.0,0.0,0.0000,0.0000,0.8423,0.2846,0.5581,240.8750,enc,0.0000
1786091755.606852,0.1015,0.0,0.0,0.0000,0.0000,0.8423,0.2846,0.5581,240.8750,enc,0.0000
1786091755.716500,0.1096,0.0,0.0,0.0000,0.0000,0.8423,0.2846,0.5581,240.8750,enc,0.0000
1786091755.815107,0.0986,0.0,0.0,0.0000,0.0000,0.8423,0.2846,0.5581,240.8750,enc,0.0000
1786091755.921932,0.1068,0.0,0.0,0.0000,0.0000,0.8423,0.2846,0.5581,240.8750,enc,0.0000
1786091756.019031,0.0971,0.0,0.0,0.0000,0.0000,0.8423,0.2846,0.5581,240.8750,enc,0.0000
1786091756.128040,0.1090,0.0,0.0,0.0000,0.0000,0.8423,0.2846,0.5581,240.8750,enc,0.0000
1786091756.233823,0.1058,0.0,0.0,0.0000,0.0000,0.8423,0.2846,0.5581,240.8750,enc,0.0000
1786091756.330541,0.0967,0.0,0.0,0.0000,0.0000,0.8423,0.2846,0.5581,240.8750,enc,0.0000
1786091756.440559,0.1100,0.0,0.0,0.0000,0.0000,0.8423,0.2846,0.5581,240.8750,enc,0.0000
1786091756.542749,0.1022,0.0,0.0,0.0000,0.0000,0.8423,0.2846,0.5581,240.8750,enc,0.0000
1786091756.644855,0.1021,0.0,0.0,0.0000,0.0000,0.8423,0.2846,0.5581,240.8750,enc,0.0000
1786091756.755215,0.1104,0.0,0.0,0.0000,0.0000,0.8423,0.2846,0.5581,240.8750,enc,0.0000
1786091756.854896,0.0997,0.0,0.0,0.0000,0.0000,0.8423,0.2846,0.5581,240.8750,enc,0.0000
1786091756.962624,0.1077,0.0,0.0,0.0000,0.0000,0.8423,0.2846,0.5581,240.8750,enc,0.0000
1786091757.059710,0.0971,0.0,0.0,0.0000,0.0000,0.8423,0.2846,0.5581,240.8750,enc,0.0000
1786091757.164997,0.1053,0.0,0.0,0.0000,0.0000,0.8423,0.2846,0.5581,240.8750,enc,0.0000
1786091757.267837,0.1028,0.0,0.0,0.0000,0.0000,0.8423,0.2846,0.5581,240.8750,enc,0.0000
1786091757.367529,0.0997,0.0,0.0,0.0000,0.0000,0.8423,0.2846,0.5581,240.8750,enc,0.0000
1786091757.475796,0.1083,0.0,0.0,0.0000,0.0000,0.8423,0.2846,0.5581,240.8750,enc,0.0000
1786091757.574390,0.0986,0.0,0.0,0.0000,0.0000,0.8423,0.2846,0.5581,240.8750,enc,0.0000
1786091757.682469,0.1081,0.0,0.0,0.0000,0.0000,0.8423,0.2846,0.5581,240.8750,enc,0.0000
1786091757.788297,0.1058,0.0,0.0,0.0000,0.0000,0.8423,0.2846,0.5581,240.8750,enc,0.0000
1786091757.885711,0.0974,0.0,0.0,0.0000,0.0000,0.8423,0.2846,0.5581,240.8750,enc,0.0000
1786091757.989579,0.1039,0.0,0.0,0.0000,0.0000,0.8423,0.2846,0.5581,240.8750,enc,0.0000
1786091758.096935,0.1074,0.0,0.0,0.0000,0.0000,0.8423,0.2846,0.5581,240.8750,enc,0.0000
1786091758.199791,0.1029,0.0,0.0,0.0000,0.0000,0.8423,0.2846,0.5581,240.8750,enc,0.0000
1786091758.304269,0.1045,0.0,0.0,0.0000,0.0000,0.8423,0.2846,0.5581,240.8750,enc,0.0000
1786091758.409121,0.1049,0.0,0.0,0.0000,0.0000,0.8423,0.2846,0.5581,240.8750,enc,0.0000
1786091758.511918,0.1028,0.0,0.0,0.0000,0.0000,0.8423,0.2846,0.5581,240.8750,enc,0.0000
1786091758.613953,0.1020,0.0,0.0,0.0000,0.0000,0.8423,0.2846,0.5581,240.8750,enc,0.0000
1786091758.716324,0.1024,0.0,0.0,0.0000,0.0000,0.8423,0.2846,0.5581,240.8750,enc,0.0000
1786091758.821814,0.1055,0.0,0.0,0.0000,0.0000,0.8423,0.2846,0.5581,240.8750,enc,0.0000
1786091758.922097,0.1003,0.0,0.0,0.0000,0.0000,0.8423,0.2846,0.5581,240.8750,enc,0.0000
1786091759.025566,0.1035,0.0,0.0,0.0000,0.0000,0.8423,0.2846,0.5581,240.8750,enc,0.0000
1786091759.134047,0.1085,0.0,0.0,0.0000,0.0000,0.8423,0.2846,0.5581,240.8750,enc,0.0000
1786091759.233183,0.0991,0.0,0.0,0.0000,0.0000,0.8423,0.2846,0.5581,240.8750,enc,0.0000
1786091759.337135,0.1040,0.0,0.0,0.0000,0.0000,0.8423,0.2846,0.5581,240.8750,enc,0.0000
1786091759.445084,0.1079,0.0,0.0,0.0000,0.0000,0.8423,0.2846,0.5581,240.8750,enc,0.0000
1786091759.549384,0.1043,0.0,0.0,0.0000,0.0000,0.8423,0.2846,0.5581,240.8750,enc,0.0000
1786091759.649995,0.1006,0.0,0.0,0.0000,0.0000,0.8423,0.2846,0.5581,240.8750,enc,0.0000
1786091759.755990,0.1060,0.0,0.0,0.0000,0.0000,0.8423,0.2846,0.5581,240.8750,enc,0.0000
1786091759.859130,0.1031,0.0,0.0,0.0000,0.0000,0.8423,0.2846,0.5581,240.8750,enc,0.0000
1786091759.973568,0.1144,0.0,0.0,0.0000,0.0000,0.8423,0.2846,0.5581,240.8750,enc,0.0000
1786091760.065122,0.0916,0.0,0.0,0.0000,0.0000,0.8423,0.2846,0.5581,240.8750,enc,0.0000
1786091760.263066,0.1979,0.0,0.0,0.0000,0.0000,0.8423,0.2846,0.5581,240.8750,enc,0.0000
1786091760.278626,0.0156,0.0,0.0,0.0000,0.0000,0.8423,0.2846,0.5581,240.8750,enc,0.0000
1786091760.514959,0.2363,0.0,0.0,0.0000,0.0000,0.8423,0.2846,0.5581,240.8750,enc,0.0000
1786091760.515010,0.0001,0.0,0.0,0.0000,0.0000,0.8423,0.2846,0.5581,240.8750,enc,0.0000
1786091760.583687,0.0687,0.0,0.0,0.0000,0.0000,0.8423,0.2846,0.5581,240.8750,enc,0.0000
1786091760.760009,0.1763,0.0,0.0,0.0000,0.0000,0.8423,0.2846,0.5581,240.8750,enc,0.0000
1786091760.799122,0.0391,0.0,0.0,0.0000,0.0000,0.8423,0.2846,0.5581,240.8750,enc,0.0000
1786091761.015597,0.2165,0.0,0.0,0.0000,0.0000,0.8423,0.2846,0.5581,240.8750,enc,0.0000
1786091761.015651,0.0001,0.0,0.0,0.0000,0.0000,0.8423,0.2846,0.5581,240.8750,enc,0.0000
1786091761.103572,0.0879,0.0,0.0,0.0000,0.0000,0.8423,0.2846,0.5581,240.8750,enc,0.0000
1786091761.260331,0.1568,0.0,0.0,0.0000,0.0000,0.8423,0.2846,0.5581,240.8750,enc,0.0000
1786091761.309917,0.0496,0.0,0.0,0.0000,0.0000,0.8423,0.2846,0.5581,240.8750,enc,0.0000
1786091761.515229,0.2053,0.0,0.0,0.0000,0.0000,0.8423,0.2846,0.5581,240.8750,enc,0.0000
1786091761.517140,0.0019,0.0,0.0,0.0000,0.0000,0.8423,0.2846,0.5581,240.8750,enc,0.0000
1786091761.769792,0.2527,0.0,0.0,0.0000,0.0000,0.8423,0.2846,0.5581,240.8750,enc,0.0000
1786091761.769838,0.0000,0.0,0.0,0.0000,0.0000,0.8423,0.2846,0.5581,240.8750,enc,0.0000
1786091761.828041,0.0582,0.0,0.0,0.0000,0.0000,0.8423,0.2846,0.5581,240.8750,enc,0.0000
1786091762.016102,0.1881,0.0,0.0,0.0000,0.0000,0.8423,0.2846,0.5581,240.8750,enc,0.0000
1786091762.033465,0.0174,0.0,0.0,0.0000,0.0000,0.8423,0.2846,0.5581,240.8750,enc,0.0000
1786091762.266574,0.2331,0.0,0.0,0.0000,0.0000,0.8423,0.2846,0.5581,240.8750,enc,0.0000
1786091762.266639,0.0001,0.0,0.0,0.0000,0.0000,0.8423,0.2846,0.5581,240.8750,enc,0.0000
1786091762.343359,0.0767,0.0,0.0,0.0000,0.0000,0.8423,0.2846,0.5581,240.8750,enc,0.0000
1786091762.519119,0.1758,0.0,0.0,0.0000,0.0000,0.8423,0.2846,0.5581,240.8750,enc,0.0000
1786091762.551425,0.0323,0.0,0.0,0.0000,0.0000,0.8423,0.2846,0.5581,240.8750,enc,0.0000
1786091762.766038,0.2146,0.0,0.0,0.0000,0.0000,0.8423,0.2846,0.5581,240.8750,enc,0.0000
1786091762.766099,0.0001,0.0,0.0,0.0000,0.0000,0.8423,0.2846,0.5581,240.8750,enc,0.0000
1786091762.864431,0.0983,0.0,0.0,0.0000,0.0000,0.8423,0.2846,0.5581,240.8750,enc,0.0000
1786091763.018879,0.1544,0.0,0.0,0.0000,0.0000,0.8423,0.2846,0.5581,240.8750,enc,0.0000
1786091763.070307,0.0514,0.0,0.0,0.0000,0.0000,0.8423,0.2846,0.5581,240.8750,enc,0.0000
1786091763.268359,0.1981,0.0,0.0,0.0000,0.0000,0.8423,0.2846,0.5581,240.8750,enc,0.0000
1786091763.278061,0.0097,0.0,0.0,0.0000,0.0000,0.8423,0.2846,0.5581,240.8750,enc,0.0000
1786091763.518663,0.2406,0.0,0.0,0.0000,0.0000,0.8423,0.2846,0.5581,240.8750,enc,0.0000
1786091763.519188,0.0005,0.0,0.0,0.0000,0.0000,0.8423,0.2846,0.5581,240.8750,enc,0.0000
1786091763.587297,0.0681,0.0,0.0,0.0000,0.0000,0.8423,0.2846,0.5581,240.8750,enc,0.0000
1786091763.769869,0.1826,0.0,0.0,0.0000,0.0000,0.8423,0.2846,0.5581,240.8750,enc,0.0000
1786091763.796144,0.0263,0.0,0.0,0.0000,0.0000,0.8423,0.2846,0.5581,240.8750,enc,0.0000
1786091764.016643,0.2205,0.0,0.0,0.0000,0.0000,0.8423,0.2846,0.5581,240.8750,enc,0.0000
1786091764.016695,0.0001,0.0,0.0,0.0000,0.0000,0.8423,0.2846,0.5581,240.8750,enc,0.0000
1786091764.107930,0.0912,0.0,0.0,0.0000,0.0000,0.8423,0.2846,0.5581,240.8750,enc,0.0000
1786091764.268311,0.1604,0.0,0.0,0.0000,0.0000,0.8423,0.2846,0.5581,240.8750,enc,0.0000
1786091764.316813,0.0485,0.0,0.0,0.0000,0.0000,0.8423,0.2846,0.5581,240.8750,enc,0.0000
1786091764.525067,0.2083,0.0,0.0,0.0000,0.0000,0.8423,0.2846,0.5581,240.8750,enc,0.0000
1786091764.527322,0.0023,0.0,0.0,0.0000,0.0000,0.8423,0.2846,0.5581,240.8750,enc,0.0000
1786091764.780184,0.2529,0.0,0.0,0.0000,0.0000,0.8423,0.2846,0.5581,240.8750,enc,0.0000
1786091764.780254,0.0001,0.0,0.0,0.0000,0.0000,0.8423,0.2846,0.5581,240.8750,enc,0.0000
1786091764.838152,0.0579,0.0,0.0,0.0000,0.0000,0.8423,0.2846,0.5581,240.8750,enc,0.0000
1786091765.034587,0.1964,0.0,0.0,0.0000,0.0000,0.8423,0.2846,0.5581,240.8750,enc,0.0000
1786091765.042552,0.0080,0.0,0.0,0.0000,0.0000,0.8423,0.2846,0.5581,240.8750,enc,0.0000
1786091765.150266,0.1077,0.0,0.0,0.0000,0.0000,0.8423,0.2846,0.5581,240.8750,enc,0.0000
1786091765.252761,0.1025,0.0,0.0,0.0000,0.0000,0.8423,0.2846,0.5581,240.8750,enc,0.0000
1786091765.353937,0.1012,0.0,0.0,0.0000,0.0000,0.8423,0.2846,0.5581,240.8750,enc,0.0000
1786091765.460959,0.1070,0.0,0.0,0.0000,0.0000,0.8423,0.2846,0.5581,240.8750,enc,0.0000
1786091765.561904,0.1009,0.0,0.0,0.0000,0.0000,0.8423,0.2846,0.5581,240.8750,enc,0.0000
1786091765.667377,0.1055,0.0,0.0,0.0000,0.0000,0.8423,0.2846,0.5581,240.8750,enc,0.0000
1786091765.771950,0.1046,0.0,0.0,0.0000,0.0000,0.8423,0.2846,0.5581,240.8750,enc,0.0000
1786091765.875903,0.1040,0.0,0.0,0.0000,0.0000,0.8423,0.2846,0.5581,240.8750,enc,0.0000
1786091765.978053,0.1021,0.0,0.0,0.0000,0.0000,0.8423,0.2846,0.5581,240.8750,enc,0.0000
1786091766.079092,0.1010,0.0,0.0,0.0000,0.0000,0.8423,0.2846,0.5581,240.8750,enc,0.0000
1786091766.185515,0.1064,0.0,0.0,0.0000,0.0000,0.8423,0.2846,0.5581,240.8750,enc,0.0000
1786091766.286834,0.1013,0.0,0.0,0.0000,0.0000,0.8423,0.2846,0.5581,240.8750,enc,0.0000
1786091766.394380,0.1075,0.0,0.0,0.0000,0.0000,0.8423,0.2846,0.5581,240.8750,enc,0.0000
1786091766.496769,0.1024,0.0,0.0,0.0000,0.0000,0.8423,0.2846,0.5581,240.8750,enc,0.0000
1786091766.596515,0.0997,0.0,0.0,0.0000,0.0000,0.8423,0.2846,0.5581,240.8750,enc,0.0000
1786091766.700672,0.1042,0.0,0.0,0.0000,0.0000,0.8423,0.2846,0.5581,240.8750,enc,0.0000
1786091766.810855,0.1102,0.0,0.0,0.0000,0.0000,0.8423,0.2846,0.5581,240.8750,enc,0.0000
1786091766.912963,0.1021,0.0,0.0,0.0000,0.0000,0.8423,0.2846,0.5581,240.8750,enc,0.0000
1786091767.012396,0.0994,0.0,0.0,0.0000,0.0000,0.8423,0.2846,0.5581,240.8750,enc,0.0000
1786091767.118732,0.1063,0.0,0.0,0.0000,0.0000,0.8423,0.2846,0.5581,240.8750,enc,0.0000
1786091767.221813,0.1031,0.0,0.0,0.0000,0.0000,0.8423,0.2846,0.5581,240.8750,enc,0.0000
1786091767.327382,0.1056,0.0,0.0,0.0000,0.0000,0.8423,0.2846,0.5581,240.8750,enc,0.0000
1786091767.536288,0.2089,0.0,0.0,0.0000,0.0000,0.8423,0.2846,0.5581,240.8750,enc,0.0000
1786091767.536350,0.0001,0.0,0.0,0.0000,0.0000,0.8423,0.2846,0.5581,240.8750,enc,0.0000
1786091767.637723,0.1014,0.0,0.0,0.0000,0.0000,0.8423,0.2846,0.5581,240.8750,enc,0.0000
1786091767.737434,0.0997,0.0,0.0,0.0000,0.0000,0.8423,0.2846,0.5581,240.8750,enc,0.0000
1786091767.844686,0.1073,0.0,0.0,0.0000,0.0000,0.8423,0.2846,0.5581,240.8750,enc,0.0000
1786091767.944977,0.1003,0.0,0.0,0.0000,0.0000,0.8423,0.2846,0.5581,240.8750,enc,0.0000
1786091768.048301,0.1033,0.0,0.0,0.0000,0.0000,0.8423,0.2846,0.5581,240.8750,enc,0.0000
1786091768.153897,0.1056,0.0,0.0,0.0000,0.0000,0.8423,0.2846,0.5581,240.8750,enc,0.0000
1786091768.257630,0.1037,0.0,0.0,0.0000,0.0000,0.8423,0.2846,0.5581,240.8750,enc,0.0000
1786091768.358773,0.1011,0.0,0.0,0.0000,0.0000,0.8423,0.2846,0.5581,240.8750,enc,0.0000
1786091768.465745,0.1070,0.0,0.0,0.0000,0.0000,0.8423,0.2846,0.5581,240.8750,enc,0.0000
1786091768.569302,0.1036,0.0,0.0,0.0000,0.0000,0.8423,0.2846,0.5581,240.8750,enc,0.0000
1786091768.672640,0.1033,0.0,0.0,0.0000,0.0000,0.8423,0.2846,0.5581,240.8750,enc,0.0000
1786091768.778974,0.1063,0.0,0.0,0.0000,0.0000,0.8423,0.2846,0.5581,240.8750,enc,0.0000
1786091768.882357,0.1034,0.0,0.0,0.0000,0.0000,0.8423,0.2846,0.5581,240.8750,enc,0.0000
1786091768.984653,0.1023,0.0,0.0,0.0000,0.0000,0.8423,0.2846,0.5581,240.8750,enc,0.0000
1786091769.084898,0.1002,0.0,0.0,0.0000,0.0000,0.8423,0.2846,0.5581,240.8750,enc,0.0000
1786091769.193201,0.1083,0.0,0.0,0.0000,0.0000,0.8423,0.2846,0.5581,240.8750,enc,0.0000
1786091769.292190,0.0990,0.0,0.0,0.0000,0.0000,0.8423,0.2846,0.5581,240.8750,enc,0.0000
1786091769.396359,0.1042,0.0,0.0,0.0000,0.0000,0.8423,0.2846,0.5581,240.8750,enc,0.0000
1786091769.503314,0.1070,0.0,0.0,0.0000,0.0000,0.8423,0.2846,0.5581,240.8750,enc,0.0000
1786091769.603575,0.1003,0.0,0.0,0.0000,0.0000,0.8423,0.2846,0.5581,240.8750,enc,0.0000
1786091769.706446,0.1029,0.0,0.0,0.0000,0.0000,0.8423,0.2846,0.5581,240.8750,enc,0.0000
1786091769.816055,0.1096,0.0,0.0,0.0000,0.0000,0.8423,0.2846,0.5581,240.8750,enc,0.0000
1786091769.916810,0.1008,0.0,0.0,0.0000,0.0000,0.8423,0.2846,0.5581,240.8750,enc,0.0000
1786091770.021464,0.1047,0.0,0.0,0.0000,0.0000,0.8423,0.2846,0.5581,240.8750,enc,0.0000
1786091770.124560,0.1031,0.0,0.0,0.0000,0.0000,0.8423,0.2846,0.5581,240.8750,enc,0.0000
1786091770.224977,0.1004,0.0,0.0,0.0000,0.0000,0.8423,0.2846,0.5581,240.8750,enc,0.0000
1786091770.331882,0.1069,0.0,0.0,0.0000,0.0000,0.8423,0.2846,0.5581,240.8750,enc,0.0000
1786091770.436295,0.1044,0.0,0.0,0.0000,0.0000,0.8423,0.2846,0.5581,240.8750,enc,0.0000
1786091770.537635,0.1013,0.0,0.0,0.0000,0.0000,0.8423,0.2846,0.5581,240.8750,enc,0.0000
1786091770.643018,0.1054,0.0,0.0,0.0000,0.0000,0.8423,0.2846,0.5581,240.8750,enc,0.0000
1786091770.743630,0.1006,0.0,0.0,0.0000,0.0000,0.8423,0.2846,0.5581,240.8750,enc,0.0000
1786091770.849686,0.1061,0.0,0.0,0.0000,0.0000,0.8423,0.2846,0.5581,240.8750,enc,0.0000
1786091770.952453,0.1028,0.0,0.0,0.0000,0.0000,0.8423,0.2846,0.5581,240.8750,enc,0.0000
1786091771.055168,0.1027,0.0,0.0,0.0000,0.0000,0.8423,0.2846,0.5581,240.8750,enc,0.0000
1786091771.163015,0.1078,0.0,0.0,0.0000,0.0000,0.8423,0.2846,0.5581,240.8750,enc,0.0000
1786091771.262083,0.0991,0.0,0.0,0.0000,0.0000,0.8423,0.2846,0.5581,240.8750,enc,0.0000
1786091771.366897,0.1048,0.0,0.0,0.0000,0.0000,0.8423,0.2846,0.5581,240.8750,enc,0.0000
1786091771.474046,0.1071,0.0,0.0,0.0000,0.0000,0.8423,0.2846,0.5581,240.8750,enc,0.0000
1786091771.575548,0.1015,0.0,0.0,0.0000,0.0000,0.8423,0.2846,0.5581,240.8750,enc,0.0000
1786091771.678703,0.1032,0.0,0.0,0.0000,0.0000,0.8423,0.2846,0.5581,240.8750,enc,0.0000
1786091771.782269,0.1036,0.0,0.0,0.0000,0.0000,0.8423,0.2846,0.5581,240.8750,enc,0.0000
1786091771.888912,0.1066,0.0,0.0,0.0000,0.0000,0.8423,0.2846,0.5581,240.8750,enc,0.0000
1786091771.989970,0.1011,0.0,0.0,0.0000,0.0000,0.8423,0.2846,0.5581,240.8750,enc,0.0000
1786091772.091537,0.1016,0.0,0.0,0.0000,0.0000,0.8423,0.2846,0.5581,240.8750,enc,0.0000
1786091772.200020,0.1085,0.0,0.0,0.0000,0.0000,0.8423,0.2846,0.5581,240.8750,enc,0.0000
1786091772.298936,0.0989,0.0,0.0,0.0000,0.0000,0.8423,0.2846,0.5581,240.8750,enc,0.0000
1786091772.404990,0.1061,0.0,0.0,0.0000,0.0000,0.8423,0.2846,0.5581,240.8750,enc,0.0000
1786091772.514012,0.1090,0.0,0.0,0.0000,0.0000,0.8423,0.2846,0.5581,240.8750,enc,0.0000
1786091772.615505,0.1015,0.0,0.0,0.0000,0.0000,0.8423,0.2846,0.5581,240.8750,enc,0.0000
1786091772.715816,0.1003,0.0,0.0,0.0000,0.0000,0.8423,0.2846,0.5581,240.8750,enc,0.0000
1786091772.823394,0.1076,0.0,0.0,0.0000,0.0000,0.8423,0.2846,0.5581,240.8750,enc,0.0000
1786091772.925745,0.1024,0.0,0.0,0.0000,0.0000,0.8423,0.2846,0.5581,240.8750,enc,0.0000
1786091773.030032,0.1043,0.0,0.0,0.0000,0.0000,0.8423,0.2846,0.5581,240.8750,enc,0.0000
1786091773.137407,0.1074,0.0,0.0,0.0000,0.0000,0.8423,0.2846,0.5581,240.8750,enc,0.0000
1786091773.238862,0.1015,0.0,0.0,0.0000,0.0000,0.8423,0.2846,0.5581,240.8750,enc,0.0000
1786091773.341318,0.1025,0.0,0.0,0.0000,0.0000,0.8423,0.2846,0.5581,240.8750,enc,0.0000
1786091773.445292,0.1040,0.0,0.0,0.0000,0.0000,0.8423,0.2846,0.5581,240.8750,enc,0.0000
1786091773.551044,0.1058,0.0,0.0,0.0000,0.0000,0.8423,0.2846,0.5581,240.8750,enc,0.0000
1786091773.653900,0.1029,0.0,0.0,0.0000,0.0000,0.8423,0.2846,0.5581,240.8750,enc,0.0000
1786091773.755812,0.1019,0.0,0.0,0.0000,0.0000,0.8423,0.2846,0.5581,240.8750,enc,0.0000
1786091773.863059,0.1072,0.0,0.0,0.0000,0.0000,0.8423,0.2846,0.5581,240.8750,enc,0.0000
1786091773.964053,0.1010,0.0,0.0,0.0000,0.0000,0.8423,0.2846,0.5581,240.8750,enc,0.0000
1786091774.067935,0.1039,0.0,0.0,0.0000,0.0000,0.8423,0.2846,0.5581,240.8750,enc,0.0000
1786091774.173662,0.1057,0.0,0.0,0.0000,0.0000,0.8423,0.2846,0.5581,240.8750,enc,0.0000
1786091774.278224,0.1046,0.0,0.0,0.0000,0.0000,0.8423,0.2846,0.5581,240.8750,enc,0.0000
1786091774.381704,0.1035,0.0,0.0,0.0000,0.0000,0.8423,0.2846,0.5581,240.8750,enc,0.0000
1786091774.487027,0.1053,0.0,0.0,0.0000,0.0000,0.8423,0.2846,0.5581,240.8750,enc,0.0000
1786091774.591078,0.1041,0.0,0.0,0.0000,0.0000,0.8423,0.2846,0.5581,240.8750,enc,0.0000
1786091774.692074,0.1010,0.0,0.0,0.0000,0.0000,0.8423,0.2846,0.5581,240.8750,enc,0.0000
1786091774.793471,0.1014,0.0,0.0,0.0000,0.0000,0.8423,0.2846,0.5581,240.8750,enc,0.0000
1786091774.900653,0.1072,0.0,0.0,0.0000,0.0000,0.8423,0.2846,0.5581,240.8750,enc,0.0000
1786091775.010830,0.1102,0.0,0.0,0.0000,0.0000,0.8423,0.2846,0.5581,240.8750,enc,0.0000
1786091775.105480,0.0947,0.0,0.0,0.0000,0.0000,0.8423,0.2846,0.5581,240.8750,enc,0.0000
1786091775.255857,0.1504,0.0,0.0,0.0000,0.0000,0.8423,0.2846,0.5581,240.8750,enc,0.0000
1786091775.313890,0.0580,0.0,0.0,0.0000,0.0000,0.8423,0.2846,0.5581,240.8750,enc,0.0000
1786091775.500875,0.1870,0.0,0.0,0.0000,0.0000,0.8423,0.2846,0.5581,240.8750,enc,0.0000
1786091775.519770,0.0189,0.0,0.0,0.0000,0.0000,0.8423,0.2846,0.5581,240.8750,enc,0.0000
1786091775.745877,0.2261,0.0,0.0,0.0000,0.0000,0.8423,0.2846,0.5581,240.8750,enc,0.0000
1786091775.745944,0.0001,0.0,0.0,0.0000,0.0000,0.8423,0.2846,0.5581,240.8750,enc,0.0000
1786091775.832364,0.0864,0.0,0.0,0.0000,0.0000,0.8423,0.2846,0.5581,240.8750,enc,0.0000
1786091775.999594,0.1672,0.0,0.0,0.0000,0.0000,0.8423,0.2846,0.5581,240.8750,enc,0.0000
1786091776.037643,0.0380,0.0,0.0,0.0000,0.0000,0.8423,0.2846,0.5581,240.8750,enc,0.0000
1786091776.248468,0.2108,0.0,0.0,0.0000,0.0000,0.8423,0.2846,0.5581,240.8750,enc,0.0000
1786091776.249632,0.0012,0.0,0.0,0.0000,0.0000,0.8423,0.2846,0.5581,240.8750,enc,0.0000
1786091776.500045,0.2504,0.0,0.0,0.0000,0.0000,0.8423,0.2846,0.5581,240.8750,enc,0.0000
1786091776.500097,0.0001,0.0,0.0,0.0000,0.0000,0.8423,0.2846,0.5581,240.8750,enc,0.0000
1786091776.555708,0.0556,0.0,0.0,0.0000,0.0000,0.8423,0.2846,0.5581,240.8750,enc,0.0000
1786091776.752699,0.1970,0.0,0.0,0.0000,0.0000,0.8423,0.2846,0.5581,240.8750,enc,0.0000
1786091776.764055,0.0114,0.0,0.0,0.0000,0.0000,0.8423,0.2846,0.5581,240.8750,enc,0.0000
1786091777.005320,0.2413,0.0,0.0,0.0000,0.0000,0.8423,0.2846,0.5581,240.8750,enc,0.0000
1786091777.005397,0.0001,0.0,0.0,0.0000,0.0000,0.8423,0.2846,0.5581,240.8750,enc,0.0000
1786091777.074297,0.0689,0.0,0.0,0.0000,0.0000,0.8423,0.2846,0.5581,240.8750,enc,0.0000
1786091777.253639,0.1793,0.0,0.0,0.0000,0.0000,0.8423,0.2846,0.5581,240.8750,enc,0.0000
1786091777.281023,0.0274,0.0,0.0,0.0000,0.0000,0.8423,0.2846,0.5581,240.8750,enc,0.0000
1786091777.503625,0.2226,0.0,0.0,0.0000,0.0000,0.8423,0.2846,0.5581,240.8750,enc,0.0000
1786091777.503722,0.0001,0.0,0.0,0.0000,0.0000,0.8423,0.2846,0.5581,240.8750,enc,0.0000
1786091777.597843,0.0941,0.0,0.0,0.0000,0.0000,0.8423,0.2846,0.5581,240.8750,enc,0.0000
1786091777.751485,0.1536,0.0,0.0,0.0000,0.0000,0.8423,0.2846,0.5581,240.8750,enc,0.0000
1786091777.802962,0.0515,0.0,0.0,0.0000,0.0000,0.8423,0.2846,0.5581,240.8750,enc,0.0000
1786091778.003797,0.2008,0.0,0.0,0.0000,0.0000,0.8423,0.2846,0.5581,240.8750,enc,0.0000
1786091778.010015,0.0062,0.0,0.0,0.0000,0.0000,0.8423,0.2846,0.5581,240.8750,enc,0.0000
1786091778.257562,0.2475,0.0,0.0,0.0000,0.0000,0.8423,0.2846,0.5581,240.8750,enc,0.0000
1786091778.257688,0.0001,0.0,0.0,0.0000,0.0000,0.8423,0.2846,0.5581,240.8750,enc,0.0000
1786091778.320003,0.0623,0.0,0.0,0.0000,0.0000,0.8423,0.2846,0.5581,240.8750,enc,0.0000
1786091778.515910,0.1959,0.0,0.0,0.0000,0.0000,0.8423,0.2846,0.5581,240.8750,enc,0.0000
1786091778.530174,0.0143,0.0,0.0,0.0000,0.0000,0.8423,0.2846,0.5581,240.8750,enc,0.0000
1786091778.758600,0.2284,0.0,0.0,0.0000,0.0000,0.8423,0.2846,0.5581,240.8750,enc,0.0000
1786091778.758822,0.0002,0.0,0.0,0.0000,0.0000,0.8423,0.2846,0.5581,240.8750,enc,0.0000
1786091778.841892,0.0831,0.0,0.0,0.0000,0.0000,0.8423,0.2846,0.5581,240.8750,enc,0.0000
1786091779.012398,0.1705,0.0,0.0,0.0000,0.0000,0.8423,0.2846,0.5581,240.8750,enc,0.0000
1786091779.049551,0.0372,0.0,0.0,0.0000,0.0000,0.8423,0.2846,0.5581,240.8750,enc,0.0000
1786091779.262869,0.2133,0.0,0.0,0.0000,0.0000,0.8423,0.2846,0.5581,240.8750,enc,0.0000
1786091779.263158,0.0003,0.0,0.0,0.0000,0.0000,0.8423,0.2846,0.5581,240.8750,enc,0.0000
1786091779.362206,0.0990,0.0,0.0,0.0000,0.0000,0.8423,0.2846,0.5581,240.8750,enc,0.0000
1786091779.518376,0.1562,0.0,0.0,0.0000,0.0000,0.8423,0.2846,0.5581,240.8750,enc,0.0000
1786091779.568405,0.0500,0.0,0.0,0.0000,0.0000,0.8423,0.2846,0.5581,240.8750,enc,0.0000
1786091779.775893,0.2075,0.0,0.0,0.0000,0.0000,0.8423,0.2846,0.5581,240.8750,enc,0.0000
1786091779.777148,0.0013,0.0,0.0,0.0000,0.0000,0.8423,0.2846,0.5581,240.8750,enc,0.0000
1786091780.027579,0.2504,0.0,0.0,0.0000,0.0000,0.8423,0.2846,0.5581,240.8750,enc,0.0000
1786091780.030332,0.0028,0.0,0.0,0.0000,0.0000,0.8423,0.2846,0.5581,240.8750,enc,0.0000
1786091780.086186,0.0559,0.0,0.0,0.0000,0.0000,0.8423,0.2846,0.5581,240.8750,enc,0.0000
1786091780.189216,0.1030,0.0,0.0,0.0000,0.0000,0.8423,0.2846,0.5581,240.8750,enc,0.0000
1786091780.292140,0.1029,0.0,0.0,0.0000,0.0000,0.8423,0.2846,0.5581,240.8750,enc,0.0000
1786091780.396621,0.1045,0.0,0.0,0.0000,0.0000,0.8423,0.2846,0.5581,240.8750,enc,0.0000
1786091780.500813,0.1042,0.0,0.0,0.0000,0.0000,0.8423,0.2846,0.5581,240.8750,enc,0.0000
1786091780.604056,0.1032,0.0,0.0,0.0000,0.0000,0.8423,0.2846,0.5581,240.8750,enc,0.0000
1786091780.709390,0.1053,0.0,0.0,0.0000,0.0000,0.8423,0.2846,0.5581,240.8750,enc,0.0000
1786091780.809937,0.1005,0.0,0.0,0.0000,0.0000,0.8423,0.2846,0.5581,240.8750,enc,0.0000
1786091780.918374,0.1084,0.0,0.0,0.0000,0.0000,0.8423,0.2846,0.5581,240.8750,enc,0.0000
1786091781.019265,0.1009,0.0,0.0,0.0000,0.0000,0.8423,0.2846,0.5581,240.8750,enc,0.0000
1786091781.123130,0.1039,0.0,0.0,0.0000,0.0000,0.8423,0.2846,0.5581,240.8750,enc,0.0000
1786091781.230960,0.1078,0.0,0.0,0.0000,0.0000,0.8423,0.2846,0.5581,240.8750,enc,0.0000
1786091781.330567,0.0996,0.0,0.0,0.0000,0.0000,0.8423,0.2846,0.5581,240.8750,enc,0.0000
1786091781.433498,0.1029,0.0,0.0,0.0000,0.0000,0.8423,0.2846,0.5581,240.8750,enc,0.0000
1786091781.541307,0.1078,0.0,0.0,0.0000,0.0000,0.8423,0.2846,0.5581,240.8750,enc,0.0000
1786091781.693716,0.1524,0.0,0.0,0.0000,0.0000,0.8423,0.2846,0.5581,240.8750,enc,0.0000
1786091781.748593,0.0549,0.0,0.0,0.0000,0.0000,0.8423,0.2846,0.5581,240.8750,enc,0.0000
1786091781.851521,0.1029,0.0,0.0,0.0000,0.0000,0.8423,0.2846,0.5581,240.8750,enc,0.0000
1786091781.954353,0.1028,0.0,0.0,0.0000,0.0000,0.8423,0.2846,0.5581,240.8750,enc,0.0000
1786091782.059382,0.1050,0.0,0.0,0.0000,0.0000,0.8423,0.2846,0.5581,240.8750,enc,0.0000
1786091782.159386,0.1000,0.0,0.0,0.0000,0.0000,0.8423,0.2846,0.5581,240.8750,enc,0.0000
1786091782.267974,0.1086,0.0,0.0,0.0000,0.0000,0.8423,0.2846,0.5581,240.8750,enc,0.0000
1786091782.370467,0.1025,0.0,0.0,0.0000,0.0000,0.8423,0.2846,0.5581,240.8750,enc,0.0000
1786091782.470644,0.1002,0.0,0.0,0.0000,0.0000,0.8423,0.2846,0.5581,240.8750,enc,0.0000
1786091782.576444,0.1058,0.0,0.0,0.0000,0.0000,0.8423,0.2846,0.5581,240.8750,enc,0.0000
1786091782.677361,0.1009,0.0,0.0,0.0000,0.0000,0.8423,0.2846,0.5581,240.8750,enc,0.0000
1786091782.780896,0.1035,0.0,0.0,0.0000,0.0000,0.8423,0.2846,0.5581,240.8750,enc,0.0000
1786091782.886884,0.1060,0.0,0.0,0.0000,0.0000,0.8423,0.2846,0.5581,240.8750,enc,0.0000
1786091782.997879,0.1110,0.0,0.0,0.0000,0.0000,0.8423,0.2846,0.5581,240.8750,enc,0.0000
1786091783.098723,0.1008,0.0,0.0,0.0000,0.0000,0.8423,0.2846,0.5581,240.8750,enc,0.0000
1786091783.204815,0.1061,0.0,0.0,0.0000,0.0000,0.8423,0.2846,0.5581,240.8750,enc,0.0000
1786091783.308365,0.1036,0.0,0.0,0.0000,0.0000,0.8423,0.2846,0.5581,240.8750,enc,0.0000
1786091783.409985,0.1016,0.0,0.0,0.0000,0.0000,0.8423,0.2846,0.5581,240.8750,enc,0.0000
1786091783.511388,0.1014,0.0,0.0,0.0000,0.0000,0.8423,0.2846,0.5581,240.8750,enc,0.0000
1786091783.616003,0.1046,0.0,0.0,0.0000,0.0000,0.8423,0.2846,0.5581,240.8750,enc,0.0000
1786091783.723301,0.1073,0.0,0.0,0.0000,0.0000,0.8423,0.2846,0.5581,240.8750,enc,0.0000
1786091783.824736,0.1014,0.0,0.0,0.0000,0.0000,0.8423,0.2846,0.5581,240.8750,enc,0.0000
1786091783.927580,0.1028,0.0,0.0,0.0000,0.0000,0.8423,0.2846,0.5581,240.8750,enc,0.0000
1786091784.030968,0.1034,0.0,0.0,0.0000,0.0000,0.8423,0.2846,0.5581,240.8750,enc,0.0000
1786091784.137025,0.1061,0.0,0.0,0.0000,0.0000,0.8423,0.2846,0.5581,240.8750,enc,0.0000
1786091784.240885,0.1039,0.0,0.0,0.0000,0.0000,0.8423,0.2846,0.5581,240.8750,enc,0.0000
1786091784.345126,0.1042,0.0,0.0,0.0000,0.0000,0.8423,0.2846,0.5581,240.8750,enc,0.0000
1786091784.448250,0.1031,0.0,0.0,0.0000,0.0000,0.8423,0.2846,0.5581,240.8750,enc,0.0000
1786091784.549882,0.1016,0.0,0.0,0.0000,0.0000,0.8423,0.2846,0.5581,240.8750,enc,0.0000
1786091784.653014,0.1031,0.0,0.0,0.0000,0.0000,0.8423,0.2846,0.5581,240.8750,enc,0.0000
1786091784.756431,0.1034,0.0,0.0,0.0000,0.0000,0.8423,0.2846,0.5581,240.8750,enc,0.0000
1786091784.861163,0.1047,0.0,0.0,0.0000,0.0000,0.8423,0.2846,0.5581,240.8750,enc,0.0000
1786091784.963047,0.1019,0.0,0.0,0.0000,0.0000,0.8423,0.2846,0.5581,240.8750,enc,0.0000
1786091785.068082,0.1050,0.0,0.0,0.0000,0.0000,0.8423,0.2846,0.5581,240.8750,enc,0.0000
1786091785.168010,0.0999,0.0,0.0,0.0000,0.0000,0.8423,0.2846,0.5581,240.8750,enc,0.0000
1786091785.277923,0.1099,0.0,0.0,0.0000,0.0000,0.8423,0.2846,0.5581,240.8750,enc,0.0000
1786091785.376653,0.0987,0.0,0.0,0.0000,0.0000,0.8423,0.2846,0.5581,240.8750,enc,0.0000
1786091785.481162,0.1045,0.0,0.0,0.0000,0.0000,0.8423,0.2846,0.5581,240.8750,enc,0.0000
1786091785.586956,0.1058,0.0,0.0,0.0000,0.0000,0.8423,0.2846,0.5581,240.8750,enc,0.0000
1786091785.687150,0.1002,0.0,0.0,0.0000,0.0000,0.8423,0.2846,0.5581,240.8750,enc,0.0000
1786091785.791097,0.1039,0.0,0.0,0.0000,0.0000,0.8423,0.2846,0.5581,240.8750,enc,0.0000
1786091785.897132,0.1060,0.0,0.0,0.0000,0.0000,0.8423,0.2846,0.5581,240.8750,enc,0.0000
1786091786.001003,0.1039,0.0,0.0,0.0000,0.0000,0.8423,0.2846,0.5581,240.8750,enc,0.0000
1786091786.105937,0.1049,0.0,0.0,0.0000,0.0000,0.8423,0.2846,0.5581,240.8750,enc,0.0000
1786091786.206156,0.1002,0.0,0.0,0.0000,0.0000,0.8423,0.2846,0.5581,240.8750,enc,0.0000
1786091786.312968,0.1068,0.0,0.0,0.0000,0.0000,0.8423,0.2846,0.5581,240.8750,enc,0.0000
1786091786.416785,0.1038,0.0,0.0,0.0000,0.0000,0.8423,0.2846,0.5581,240.8750,enc,0.0000
1786091786.517874,0.1011,0.0,0.0,0.0000,0.0000,0.8423,0.2846,0.5581,240.8750,enc,0.0000
1786091786.626984,0.1091,0.0,0.0,0.0000,0.0000,0.8423,0.2846,0.5581,240.8750,enc,0.0000
1786091786.725523,0.0985,0.0,0.0,0.0000,0.0000,0.8423,0.2846,0.5581,240.8750,enc,0.0000
1786091786.828938,0.1034,0.0,0.0,0.0000,0.0000,0.8423,0.2846,0.5581,240.8750,enc,0.0000
1786091786.936446,0.1075,0.0,0.0,0.0000,0.0000,0.8423,0.2846,0.5581,240.8750,enc,0.0000
1786091787.037637,0.1012,0.0,0.0,0.0000,0.0000,0.8423,0.2846,0.5581,240.8750,enc,0.0000
1786091787.140374,0.1027,0.0,0.0,0.0000,0.0000,0.8423,0.2846,0.5581,240.8750,enc,0.0000
1786091787.248189,0.1078,0.0,0.0,0.0000,0.0000,0.8423,0.2846,0.5581,240.8750,enc,0.0000
1786091787.350549,0.1024,0.0,0.0,0.0000,0.0000,0.8423,0.2846,0.5581,240.8750,enc,0.0000
1786091787.456319,0.1058,0.0,0.0,0.0000,0.0000,0.8423,0.2846,0.5581,240.8750,enc,0.0000
1786091787.560942,0.1046,0.0,0.0,0.0000,0.0000,0.8423,0.2846,0.5581,240.8750,enc,0.0000
1786091787.662724,0.1018,0.0,0.0,0.0000,0.0000,0.8423,0.2846,0.5581,240.8750,enc,0.0000
1786091787.769744,0.1070,0.0,0.0,0.0000,0.0000,0.8423,0.2846,0.5581,240.8750,enc,0.0000
1786091787.868474,0.0987,0.0,0.0,0.0000,0.0000,0.8423,0.2846,0.5581,240.8750,enc,0.0000
1786091787.973037,0.1046,0.0,0.0,0.0000,0.0000,0.8423,0.2846,0.5581,240.8750,enc,0.0000
1786091788.077693,0.1047,0.0,0.0,0.0000,0.0000,0.8423,0.2846,0.5581,240.8750,enc,0.0000
1786091788.178377,0.1007,0.0,0.0,0.0000,0.0000,0.8423,0.2846,0.5581,240.8750,enc,0.0000
1786091788.286091,0.1077,0.0,0.0,0.0000,0.0000,0.8423,0.2846,0.5581,240.8750,enc,0.0000
1786091788.387974,0.1019,0.0,0.0,0.0000,0.0000,0.8423,0.2846,0.5581,240.8750,enc,0.0000
1786091788.490774,0.1028,0.0,0.0,0.0000,0.0000,0.8423,0.2846,0.5581,240.8750,enc,0.0000
1786091788.600123,0.1093,0.0,0.0,0.0000,0.0000,0.8423,0.2846,0.5581,240.8750,enc,0.0000
1786091788.703113,0.1030,0.0,0.0,0.0000,0.0000,0.8423,0.2846,0.5581,240.8750,enc,0.0000
1786091788.803042,0.0999,0.0,0.0,0.0000,0.0000,0.8423,0.2846,0.5581,240.8750,enc,0.0000
1786091788.909999,0.1070,0.0,0.0,0.0000,0.0000,0.8423,0.2846,0.5581,240.8750,enc,0.0000
1786091789.012777,0.1028,0.0,0.0,0.0000,0.0000,0.8423,0.2846,0.5581,240.8750,enc,0.0000
1786091789.116991,0.1042,0.0,0.0,0.0000,0.0000,0.8423,0.2846,0.5581,240.8750,enc,0.0000
1786091789.220718,0.1037,0.0,0.0,0.0000,0.0000,0.8423,0.2846,0.5581,240.8750,enc,0.0000
1786091789.327518,0.1068,0.0,0.0,0.0000,0.0000,0.8423,0.2846,0.5581,240.8750,enc,0.0000
1786091789.430229,0.1027,0.0,0.0,0.0000,0.0000,0.8423,0.2846,0.5581,240.8750,enc,0.0000
1786091789.530716,0.1005,0.0,0.0,0.0000,0.0000,0.8423,0.2846,0.5581,240.8750,enc,0.0000
1786091789.638010,0.1073,0.0,0.0,0.0000,0.0000,0.8423,0.2846,0.5581,240.8750,enc,0.0000
1786091789.737466,0.0995,0.0,0.0,0.0000,0.0000,0.8423,0.2846,0.5581,240.8750,enc,0.0000
1786091789.840988,0.1035,0.0,0.0,0.0000,0.0000,0.8423,0.2846,0.5581,240.8750,enc,0.0000
1786091789.947064,0.1061,0.0,0.0,0.0000,0.0000,0.8423,0.2846,0.5581,240.8750,enc,0.0000
1786091790.050189,0.1031,0.0,0.0,0.0000,0.0000,0.8423,0.2846,0.5581,240.8750,enc,0.0000
1786091790.266520,0.2163,0.0,0.0,0.0000,0.0000,0.8423,0.2846,0.5581,240.8750,enc,0.0000
1786091790.266571,0.0001,0.0,0.0,0.0000,0.0000,0.8423,0.2846,0.5581,240.8750,enc,0.0000
1786091790.360832,0.0943,0.0,0.0,0.0000,0.0000,0.8423,0.2846,0.5581,240.8750,enc,0.0000
1786091790.522331,0.1615,0.0,0.0,0.0000,0.0000,0.8423,0.2846,0.5581,240.8750,enc,0.0000
1786091790.573292,0.0510,0.0,0.0,0.0000,0.0000,0.8423,0.2846,0.5581,240.8750,enc,0.0000
1786091790.765411,0.1921,0.0,0.0,0.0000,0.0000,0.8423,0.2846,0.5581,240.8750,enc,0.0000
1786091791.011991,0.2466,0.0,0.0,0.0000,0.0000,0.8423,0.2846,0.5581,240.8750,enc,0.0000
1786091791.012043,0.0001,0.0,0.0,0.0000,0.0000,0.8423,0.2846,0.5581,240.8750,enc,0.0000
1786091791.012056,0.0000,0.0,0.0,0.0000,0.0000,0.8423,0.2846,0.5581,240.8750,enc,0.0000
1786091791.086658,0.0746,0.0,0.0,0.0000,0.0000,0.8423,0.2846,0.5581,240.8750,enc,0.0000
1786091791.254889,0.1682,0.0,0.0,0.0000,0.0000,0.8423,0.2846,0.5581,240.8750,enc,0.0000
1786091791.293922,0.0390,0.0,0.0,0.0000,0.0000,0.8423,0.2846,0.5581,240.8750,enc,0.0000
1786091791.509632,0.2157,0.0,0.0,0.0000,0.0000,0.8423,0.2846,0.5581,240.8750,enc,0.0000
1786091791.509682,0.0001,0.0,0.0,0.0000,0.0000,0.8423,0.2846,0.5581,240.8750,enc,0.0000
1786091791.607921,0.0982,0.0,0.0,0.0000,0.0000,0.8423,0.2846,0.5581,240.8750,enc,0.0000
1786091791.761116,0.1532,0.0,0.0,0.0000,0.0000,0.8423,0.2846,0.5581,240.8750,enc,0.0000
1786091791.816827,0.0557,0.0,0.0,0.0000,0.0000,0.8423,0.2846,0.5581,240.8750,enc,0.0000
1786091792.011962,0.1951,0.0,0.0,0.0000,0.0000,0.8423,0.2846,0.5581,240.8750,enc,0.0000
1786091792.018531,0.0066,0.0,0.0,0.0000,0.0000,0.8423,0.2846,0.5581,240.8750,enc,0.0000
1786091792.262377,0.2438,0.0,0.0,0.0000,0.0000,0.8423,0.2846,0.5581,240.8750,enc,0.0000
1786091792.262426,0.0000,0.0,0.0,0.0000,0.0000,0.8423,0.2846,0.5581,240.8750,enc,0.0000
1786091792.332065,0.0696,0.0,0.0,0.0000,0.0000,0.8423,0.2846,0.5581,240.8750,enc,0.0000
1786091792.513184,0.1811,0.0,0.0,0.0000,0.0000,0.8423,0.2846,0.5581,240.8750,enc,0.0000
1786091792.535977,0.0228,0.0,0.0,0.0000,0.0000,0.8423,0.2846,0.5581,240.8750,enc,0.0000
1786091792.763260,0.2273,0.0,0.0,0.0000,0.0000,0.8423,0.2846,0.5581,240.8750,enc,0.0000
1786091792.763345,0.0001,0.0,0.0,0.0000,0.0000,0.8423,0.2846,0.5581,240.8750,enc,0.0000
1786091792.845605,0.0823,0.0,0.0,0.0000,0.0000,0.8423,0.2846,0.5581,240.8750,enc,0.0000
1786091793.013659,0.1681,0.0,0.0,0.0000,0.0000,0.8423,0.2846,0.5581,240.8750,enc,0.0000
1786091793.056372,0.0427,0.0,0.0,0.0000,0.0000,0.8423,0.2846,0.5581,240.8750,enc,0.0000
1786091793.262853,0.2065,0.0,0.0,0.0000,0.0000,0.8423,0.2846,0.5581,240.8750,enc,0.0000
1786091793.265454,0.0026,0.0,0.0,0.0000,0.0000,0.8423,0.2846,0.5581,240.8750,enc,0.0000
1786091793.517009,0.2516,0.0,0.0,0.0000,0.0000,0.8423,0.2846,0.5581,240.8750,enc,0.0000
1786091793.517064,0.0001,0.0,0.0,0.0000,0.0000,0.8423,0.2846,0.5581,240.8750,enc,0.0000
1786091793.576432,0.0594,0.0,0.0,0.0000,0.0000,0.8423,0.2846,0.5581,240.8750,enc,0.0000
1786091793.767255,0.1908,0.0,0.0,0.0000,0.0000,0.8423,0.2846,0.5581,240.8750,enc,0.0000
1786091793.779957,0.0127,0.0,0.0,0.0000,0.0000,0.8423,0.2846,0.5581,240.8750,enc,0.0000
1786091794.014629,0.2347,0.0,0.0,0.0000,0.0000,0.8423,0.2846,0.5581,240.8750,enc,0.0000
1786091794.014678,0.0000,0.0,0.0,0.0000,0.0000,0.8423,0.2846,0.5581,240.8750,enc,0.0000
1786091794.090275,0.0756,0.0,0.0,0.0000,0.0000,0.8423,0.2846,0.5581,240.8750,enc,0.0000
1786091794.270674,0.1804,0.0,0.0,0.0000,0.0000,0.8423,0.2846,0.5581,240.8750,enc,0.0000
1786091794.297633,0.0270,0.0,0.0,0.0000,0.0000,0.8423,0.2846,0.5581,240.8750,enc,0.0000
1786091794.521979,0.2243,0.0,0.0,0.0000,0.0000,0.8423,0.2846,0.5581,240.8750,enc,0.0000
1786091794.522041,0.0001,0.0,0.0,0.0000,0.0000,0.8423,0.2846,0.5581,240.8750,enc,0.0000
1786091794.611555,0.0895,0.0,0.0,0.0000,0.0000,0.8423,0.2846,0.5581,240.8750,enc,0.0000
1786091794.777974,0.1664,0.0,0.0,0.0000,0.0000,0.8423,0.2846,0.5581,240.8750,enc,0.0000
1786091794.815965,0.0380,0.0,0.0,0.0000,0.0000,0.8423,0.2846,0.5581,240.8750,enc,0.0000
1786091795.031845,0.2159,0.0,0.0,0.0000,0.0000,0.8423,0.2846,0.5581,240.8750,enc,0.0000
1786091795.031911,0.0001,0.0,0.0,0.0000,0.0000,0.8423,0.2846,0.5581,240.8750,enc,0.0000
1786091795.128926,0.0970,0.0,0.0,0.0000,0.0000,0.8423,0.2846,0.5581,240.8750,enc,0.0000
1786091795.230644,0.1017,0.0,0.0,0.0000,0.0000,0.8423,0.2846,0.5581,240.8750,enc,0.0000
1786091795.337930,0.1073,0.0,0.0,0.0000,0.0000,0.8423,0.2846,0.5581,240.8750,enc,0.0000
1786091795.437292,0.0994,0.0,0.0,0.0000,0.0000,0.8423,0.2846,0.5581,240.8750,enc,0.0000
1786091795.540905,0.1036,0.0,0.0,0.0000,0.0000,0.8423,0.2846,0.5581,240.8750,enc,0.0000
1786091795.649025,0.1081,0.0,0.0,0.0000,0.0000,0.8423,0.2846,0.5581,240.8750,enc,0.0000
1786091795.748862,0.0998,0.0,0.0,0.0000,0.0000,0.8423,0.2846,0.5581,240.8750,enc,0.0000
1786091795.852399,0.1035,0.0,0.0,0.0000,0.0000,0.8423,0.2846,0.5581,240.8750,enc,0.0000
1786091795.958879,0.1065,0.0,0.0,0.0000,0.0000,0.8423,0.2846,0.5581,240.8750,enc,0.0000
1786091796.062703,0.1038,0.0,0.0,0.0000,0.0000,0.8423,0.2846,0.5581,240.8750,enc,0.0000
1786091796.164980,0.1023,0.0,0.0,0.0000,0.0000,0.8423,0.2846,0.5581,240.8750,enc,0.0000
1786091796.271024,0.1060,0.0,0.0,0.0000,0.0000,0.8423,0.2846,0.5581,240.8750,enc,0.0000
1786091796.373492,0.1025,0.0,0.0,0.0000,0.0000,0.8423,0.2846,0.5581,240.8750,enc,0.0000
1786091796.477142,0.1036,0.0,0.0,0.0000,0.0000,0.8423,0.2846,0.5581,240.8750,enc,0.0000
1786091796.580555,0.1034,0.0,0.0,0.0000,0.0000,0.8423,0.2846,0.5581,240.8750,enc,0.0000
1786091796.690010,0.1095,0.0,0.0,0.0000,0.0000,0.8423,0.2846,0.5581,240.8750,enc,0.0000
1786091796.791471,0.1015,0.0,0.0,0.0000,0.0000,0.8423,0.2846,0.5581,240.8750,enc,0.0000
1786091796.888791,0.0973,0.0,0.0,0.0000,0.0000,0.8423,0.2846,0.5581,240.8750,enc,0.0000
1786091796.996969,0.1082,0.0,0.0,0.0000,0.0000,0.8423,0.2846,0.5581,240.8750,enc,0.0000
1786091797.096731,0.0998,0.0,0.0,0.0000,0.0000,0.8423,0.2846,0.5581,240.8750,enc,0.0000
1786091797.199329,0.1026,0.0,0.0,0.0000,0.0000,0.8423,0.2846,0.5581,240.8750,enc,0.0000
1786091797.310907,0.1116,0.0,0.0,0.0000,0.0000,0.8423,0.2846,0.5581,240.8750,enc,0.0000
1786091797.407865,0.0970,0.0,0.0,0.0000,0.0000,0.8423,0.2846,0.5581,240.8750,enc,0.0000
1786091797.510787,0.1029,0.0,0.0,0.0000,0.0000,0.8423,0.2846,0.5581,240.8750,enc,0.0000
1786091797.617760,0.1070,0.0,0.0,0.0000,0.0000,0.8423,0.2846,0.5581,240.8750,enc,0.0000
1786091797.721209,0.1034,0.0,0.0,0.0000,0.0000,0.8423,0.2846,0.5581,240.8750,enc,0.0000
1786091797.824441,0.1032,0.0,0.0,0.0000,0.0000,0.8423,0.2846,0.5581,240.8750,enc,0.0000
1786091797.928236,0.1038,0.0,0.0,0.0000,0.0000,0.8423,0.2846,0.5581,240.8750,enc,0.0000
1786091798.034908,0.1067,0.0,0.0,0.0000,0.0000,0.8423,0.2846,0.5581,240.8750,enc,0.0000
1786091798.135389,0.1005,0.0,0.0,0.0000,0.0000,0.8423,0.2846,0.5581,240.8750,enc,0.0000
1786091798.238315,0.1029,0.0,0.0,0.0000,0.0000,0.8423,0.2846,0.5581,240.8750,enc,0.0000
1786091798.345206,0.1069,0.0,0.0,0.0000,0.0000,0.8423,0.2846,0.5581,240.8750,enc,0.0000
1786091798.446445,0.1012,0.0,0.0,0.0000,0.0000,0.8423,0.2846,0.5581,240.8750,enc,0.0000
1786091798.547213,0.1008,0.0,0.0,0.0000,0.0000,0.8423,0.2846,0.5581,240.8750,enc,0.0000
1786091798.657484,0.1103,0.0,0.0,0.0000,0.0000,0.8423,0.2846,0.5581,240.8750,enc,0.0000
1786091798.754006,0.0965,0.0,0.0,0.0000,0.0000,0.8423,0.2846,0.5581,240.8750,enc,0.0000
1786091798.859568,0.1056,0.0,0.0,0.0000,0.0000,0.8423,0.2846,0.5581,240.8750,enc,0.0000
1786091798.966918,0.1074,0.0,0.0,0.0000,0.0000,0.8423,0.2846,0.5581,240.8750,enc,0.0000
1786091799.070849,0.1039,0.0,0.0,0.0000,0.0000,0.8423,0.2846,0.5581,240.8750,enc,0.0000
1786091799.174510,0.1037,0.0,0.0,0.0000,0.0000,0.8423,0.2846,0.5581,240.8750,enc,0.0000
1786091799.312221,0.1377,0.0,0.0,0.0000,0.0000,0.8423,0.2846,0.5581,240.8750,enc,0.0000
1786091799.377360,0.0651,0.0,0.0,0.0000,0.0000,0.8423,0.2846,0.5581,240.8750,enc,0.0000
1786091799.483958,0.1066,0.0,0.0,0.0000,0.0000,0.8423,0.2846,0.5581,240.8750,enc,0.0000
1786091799.621803,0.1378,0.0,0.0,0.0000,0.0000,0.8423,0.2846,0.5581,240.8750,enc,0.0000
1786091799.690092,0.0683,0.0,0.0,0.0000,0.0000,0.8423,0.2846,0.5581,240.8750,enc,0.0000
1786091799.828950,0.1389,0.0,0.0,0.0000,0.0000,0.8423,0.2846,0.5581,240.8750,enc,0.0000
1786091799.895642,0.0667,0.0,0.0,0.0000,0.0000,0.8423,0.2846,0.5581,240.8750,enc,0.0000
1786091800.005857,0.1102,0.0,0.0,0.0000,0.0000,0.8423,0.2846,0.5581,240.8750,enc,0.0000
1786091800.102135,0.0963,0.0,0.0,0.0000,0.0000,0.8423,0.2846,0.5581,240.8750,enc,0.0000
1786091800.213565,0.1114,0.0,0.0,0.0000,0.0000,0.8423,0.2846,0.5581,240.8750,enc,0.0000
1786091800.313933,0.1004,0.0,0.0,0.0000,0.0000,0.8423,0.2846,0.5581,240.8750,enc,0.0000
1786091800.418169,0.1042,0.0,0.0,0.0000,0.0000,0.8423,0.2846,0.5581,240.8750,enc,0.0000
1786091800.521484,0.1033,0.0,0.0,0.0000,0.0000,0.8423,0.2846,0.5581,240.8750,enc,0.0000
1786091800.625910,0.1044,0.0,0.0,0.0000,0.0000,0.8423,0.2846,0.5581,240.8750,enc,0.0000
1786091800.728151,0.1022,0.0,0.0,0.0000,0.0000,0.8423,0.2846,0.5581,240.8750,enc,0.0000
1786091800.831509,0.1034,0.0,0.0,0.0000,0.0000,0.8423,0.2846,0.5581,240.8750,enc,0.0000
1786091800.934182,0.1027,0.0,0.0,0.0000,0.0000,0.8423,0.2846,0.5581,240.8750,enc,0.0000
1786091801.040905,0.1067,0.0,0.0,0.0000,0.0000,0.8423,0.2846,0.5581,240.8750,enc,0.0000
1786091801.143829,0.1029,0.0,0.0,0.0000,0.0000,0.8423,0.2846,0.5581,240.8750,enc,0.0000
1786091801.243863,0.1000,0.0,0.0,0.0000,0.0000,0.8423,0.2846,0.5581,240.8750,enc,0.0000
1786091801.352037,0.1082,0.0,0.0,0.0000,0.0000,0.8423,0.2846,0.5581,240.8750,enc,0.0000
1786091801.452733,0.1007,0.0,0.0,0.0000,0.0000,0.8423,0.2846,0.5581,240.8750,enc,0.0000
1786091801.553265,0.1005,0.0,0.0,0.0000,0.0000,0.8423,0.2846,0.5581,240.8750,enc,0.0000
1786091801.660876,0.1076,0.0,0.0,0.0000,0.0000,0.8423,0.2846,0.5581,240.8750,enc,0.0000
1786091801.761347,0.1005,0.0,0.0,0.0000,0.0000,0.8423,0.2846,0.5581,240.8750,enc,0.0000
1786091801.863849,0.1025,0.0,0.0,0.0000,0.0000,0.8423,0.2846,0.5581,240.8750,enc,0.0000
1786091801.971248,0.1074,0.0,0.0,0.0000,0.0000,0.8423,0.2846,0.5581,240.8750,enc,0.0000
1786091802.076710,0.1055,0.0,0.0,0.0000,0.0000,0.8423,0.2846,0.5581,240.8750,enc,0.0000
1786091802.175802,0.0991,0.0,0.0,0.0000,0.0000,0.8423,0.2846,0.5581,240.8750,enc,0.0000
1786091802.284076,0.1083,0.0,0.0,0.0000,0.0000,0.8423,0.2846,0.5581,240.8750,enc,0.0000
1786091802.386627,0.1026,0.0,0.0,0.0000,0.0000,0.8423,0.2846,0.5581,240.8750,enc,0.0000
1786091802.489599,0.1030,0.0,0.0,0.0000,0.0000,0.8423,0.2846,0.5581,240.8750,enc,0.0000
1786091802.593886,0.1043,0.0,0.0,0.0000,0.0000,0.8423,0.2846,0.5581,240.8750,enc,0.0000
1786091802.697251,0.1034,0.0,0.0,0.0000,0.0000,0.8423,0.2846,0.5581,240.8750,enc,0.0000
1786091802.802987,0.1057,0.0,0.0,0.0000,0.0000,0.8423,0.2846,0.5581,240.8750,enc,0.0000
1786091802.904459,0.1015,0.0,0.0,0.0000,0.0000,0.8423,0.2846,0.5581,240.8750,enc,0.0000
1786091803.012754,0.1083,0.0,0.0,0.0000,0.0000,0.8423,0.2846,0.5581,240.8750,enc,0.0000
1786091803.111629,0.0989,0.0,0.0,0.0000,0.0000,0.8423,0.2846,0.5581,240.8750,enc,0.0000
1786091803.216437,0.1048,0.0,0.0,0.0000,0.0000,0.8423,0.2846,0.5581,240.8750,enc,0.0000
1786091803.323009,0.1066,0.0,0.0,0.0000,0.0000,0.8423,0.2846,0.5581,240.8750,enc,0.0000
1786091803.423645,0.1006,0.0,0.0,0.0000,0.0000,0.8423,0.2846,0.5581,240.8750,enc,0.0000
1786091803.527338,0.1037,0.0,0.0,0.0000,0.0000,0.8423,0.2846,0.5581,240.8750,enc,0.0000
1786091803.635016,0.1077,0.0,0.0,0.0000,0.0000,0.8423,0.2846,0.5581,240.8750,enc,0.0000
1786091803.737281,0.1023,0.0,0.0,0.0000,0.0000,0.8423,0.2846,0.5581,240.8750,enc,0.0000
1786091803.840678,0.1034,0.0,0.0,0.0000,0.0000,0.8423,0.2846,0.5581,240.8750,enc,0.0000
1786091803.944982,0.1043,0.0,0.0,0.0000,0.0000,0.8423,0.2846,0.5581,240.8750,enc,0.0000
1786091804.048083,0.1031,0.0,0.0,0.0000,0.0000,0.8423,0.2846,0.5581,240.8750,enc,0.0000
1786091804.151235,0.1032,0.0,0.0,0.0000,0.0000,0.8423,0.2846,0.5581,240.8750,enc,0.0000
1786091804.251950,0.1007,0.0,0.0,0.0000,0.0000,0.8423,0.2846,0.5581,240.8750,enc,0.0000
1786091804.360996,0.1090,0.0,0.0,0.0000,0.0000,0.8423,0.2846,0.5581,240.8750,enc,0.0000
1786091804.460052,0.0991,0.0,0.0,0.0000,0.0000,0.8423,0.2846,0.5581,240.8750,enc,0.0000
1786091804.562847,0.1028,0.0,0.0,0.0000,0.0000,0.8423,0.2846,0.5581,240.8750,enc,0.0000
1786091804.671072,0.1082,0.0,0.0,0.0000,0.0000,0.8423,0.2846,0.5581,240.8750,enc,0.0000
1786091804.770282,0.0992,0.0,0.0,0.0000,0.0000,0.8423,0.2846,0.5581,240.8750,enc,0.0000
1786091804.873294,0.1030,0.0,0.0,0.0000,0.0000,0.8423,0.2846,0.5581,240.8750,enc,0.0000
1786091804.983014,0.1097,0.0,0.0,0.0000,0.0000,0.8423,0.2846,0.5581,240.8750,enc,0.0000
1786091805.084410,0.1014,0.0,0.0,0.0000,0.0000,0.8423,0.2846,0.5581,240.8750,enc,0.0000
1786091805.265935,0.1815,0.0,0.0,0.0000,0.0000,0.8423,0.2846,0.5581,240.8750,enc,0.0000
1786091805.291955,0.0260,0.0,0.0,0.0000,0.0000,0.8423,0.2846,0.5581,240.8750,enc,0.0000
1786091805.509149,0.2172,0.0,0.0,0.0000,0.0000,0.8423,0.2846,0.5581,240.8750,enc,0.0000
1786091805.509202,0.0001,0.0,0.0,0.0000,0.0000,0.8423,0.2846,0.5581,240.8750,enc,0.0000
1786091805.600967,0.0918,0.0,0.0,0.0000,0.0000,0.8423,0.2846,0.5581,240.8750,enc,0.0000
1786091805.755157,0.1542,0.0,0.0,0.0000,0.0000,0.8423,0.2846,0.5581,240.8750,enc,0.0000
1786091805.809183,0.0540,0.0,0.0,0.0000,0.0000,0.8423,0.2846,0.5581,240.8750,enc,0.0000
1786091806.010282,0.2011,0.0,0.0,0.0000,0.0000,0.8423,0.2846,0.5581,240.8750,enc,0.0000
1786091806.016529,0.0062,0.0,0.0,0.0000,0.0000,0.8423,0.2846,0.5581,240.8750,enc,0.0000
1786091806.256049,0.2395,0.0,0.0,0.0000,0.0000,0.8423,0.2846,0.5581,240.8750,enc,0.0000
1786091806.256097,0.0000,0.0,0.0,0.0000,0.0000,0.8423,0.2846,0.5581,240.8750,enc,0.0000
1786091806.331801,0.0757,0.0,0.0,0.0000,0.0000,0.8423,0.2846,0.5581,240.8750,enc,0.0000
1786091806.509850,0.1780,0.0,0.0,0.0000,0.0000,0.8423,0.2846,0.5581,240.8750,enc,0.0000
1786091806.538666,0.0288,0.0,0.0,0.0000,0.0000,0.8423,0.2846,0.5581,240.8750,enc,0.0000
1786091806.762498,0.2238,0.0,0.0,0.0000,0.0000,0.8423,0.2846,0.5581,240.8750,enc,0.0000
1786091806.762562,0.0001,0.0,0.0,0.0000,0.0000,0.8423,0.2846,0.5581,240.8750,enc,0.0000
1786091806.849609,0.0870,0.0,0.0,0.0000,0.0000,0.8423,0.2846,0.5581,240.8750,enc,0.0000
1786091807.013040,0.1634,0.0,0.0,0.0000,0.0000,0.8423,0.2846,0.5581,240.8750,enc,0.0000
1786091807.057353,0.0443,0.0,0.0,0.0000,0.0000,0.8423,0.2846,0.5581,240.8750,enc,0.0000
1786091807.264123,0.2068,0.0,0.0,0.0000,0.0000,0.8423,0.2846,0.5581,240.8750,enc,0.0000
1786091807.265800,0.0017,0.0,0.0,0.0000,0.0000,0.8423,0.2846,0.5581,240.8750,enc,0.0000
1786091807.515017,0.2492,0.0,0.0,0.0000,0.0000,0.8423,0.2846,0.5581,240.8750,enc,0.0000
1786091807.515067,0.0001,0.0,0.0,0.0000,0.0000,0.8423,0.2846,0.5581,240.8750,enc,0.0000
1786091807.572648,0.0576,0.0,0.0,0.0000,0.0000,0.8423,0.2846,0.5581,240.8750,enc,0.0000
1786091807.767560,0.1949,0.0,0.0,0.0000,0.0000,0.8423,0.2846,0.5581,240.8750,enc,0.0000
1786091807.779992,0.0124,0.0,0.0,0.0000,0.0000,0.8423,0.2846,0.5581,240.8750,enc,0.0000
1786091808.011976,0.2320,0.0,0.0,0.0000,0.0000,0.8423,0.2846,0.5581,240.8750,enc,0.0000
1786091808.012026,0.0001,0.0,0.0,0.0000,0.0000,0.8423,0.2846,0.5581,240.8750,enc,0.0000
1786091808.094691,0.0827,0.0,0.0,0.0000,0.0000,0.8423,0.2846,0.5581,240.8750,enc,0.0000
1786091808.261288,0.1666,0.0,0.0,0.0000,0.0000,0.8423,0.2846,0.5581,240.8750,enc,0.0000
1786091808.305971,0.0447,0.0,0.0,0.0000,0.0000,0.8423,0.2846,0.5581,240.8750,enc,0.0000
1786091808.513266,0.2073,0.0,0.0,0.0000,0.0000,0.8423,0.2846,0.5581,240.8750,enc,0.0000
1786091808.514472,0.0012,0.0,0.0,0.0000,0.0000,0.8423,0.2846,0.5581,240.8750,enc,0.0000
1786091808.610478,0.0960,0.0,0.0,0.0000,0.0000,0.8423,0.2846,0.5581,240.8750,enc,0.0000
1786091808.762429,0.1520,0.0,0.0,0.0000,0.0000,0.8423,0.2846,0.5581,240.8750,enc,0.0000
1786091808.817771,0.0553,0.0,0.0,0.0000,0.0000,0.8423,0.2846,0.5581,240.8750,enc,0.0000
1786091809.020324,0.2026,0.0,0.0,0.0000,0.0000,0.8423,0.2846,0.5581,240.8750,enc,0.0000
1786091809.028157,0.0078,0.0,0.0,0.0000,0.0000,0.8423,0.2846,0.5581,240.8750,enc,0.0000
1786091809.270242,0.2421,0.0,0.0,0.0000,0.0000,0.8423,0.2846,0.5581,240.8750,enc,0.0000
1786091809.270426,0.0002,0.0,0.0,0.0000,0.0000,0.8423,0.2846,0.5581,240.8750,enc,0.0000
1786091809.336846,0.0664,0.0,0.0,0.0000,0.0000,0.8423,0.2846,0.5581,240.8750,enc,0.0000
1786091809.519662,0.1828,0.0,0.0,0.0000,0.0000,0.8423,0.2846,0.5581,240.8750,enc,0.0000
1786091809.542677,0.0230,0.0,0.0,0.0000,0.0000,0.8423,0.2846,0.5581,240.8750,enc,0.0000
1786091809.774433,0.2318,0.0,0.0,0.0000,0.0000,0.8423,0.2846,0.5581,240.8750,enc,0.0000
1786091809.775041,0.0006,0.0,0.0,0.0000,0.0000,0.8423,0.2846,0.5581,240.8750,enc,0.0000
1786091809.856166,0.0811,0.0,0.0,0.0000,0.0000,0.8423,0.2846,0.5581,240.8750,enc,0.0000
1786091810.033217,0.1771,0.0,0.0,0.0000,0.0000,0.8423,0.2846,0.5581,240.8750,enc,0.0000
1786091810.061378,0.0282,0.0,0.0,0.0000,0.0000,0.8423,0.2846,0.5581,240.8750,enc,0.0000
1786091810.167479,0.1061,0.0,0.0,0.0000,0.0000,0.8423,0.2846,0.5581,240.8750,enc,0.0000
1786091810.269029,0.1016,0.0,0.0,0.0000,0.0000,0.8423,0.2846,0.5581,240.8750,enc,0.0000
1786091810.375475,0.1064,0.0,0.0,0.0000,0.0000,0.8423,0.2846,0.5581,240.8750,enc,0.0000
1786091810.477937,0.1025,0.0,0.0,0.0000,0.0000,0.8423,0.2846,0.5581,240.8750,enc,0.0000
1786091810.580709,0.1028,0.0,0.0,0.0000,0.0000,0.8423,0.2846,0.5581,240.8750,enc,0.0000
1786091810.688894,0.1082,0.0,0.0,0.0000,0.0000,0.8423,0.2846,0.5581,240.8750,enc,0.0000
1786091810.789420,0.1005,0.0,0.0,0.0000,0.0000,0.8423,0.2846,0.5581,240.8750,enc,0.0000
1786091810.893397,0.1040,0.0,0.0,0.0000,0.0000,0.8423,0.2846,0.5581,240.8750,enc,0.0000
1786091810.993635,0.1002,0.0,0.0,0.0000,0.0000,0.8423,0.2846,0.5581,240.8750,enc,0.0000
1786091811.100591,0.1070,0.0,0.0,0.0000,0.0000,0.8423,0.2846,0.5581,240.8750,enc,0.0000
1786091811.204946,0.1044,0.0,0.0,0.0000,0.0000,0.8423,0.2846,0.5581,240.8750,enc,0.0000
1786091811.307852,0.1029,0.0,0.0,0.0000,0.0000,0.8423,0.2846,0.5581,240.8750,enc,0.0000
1786091811.412422,0.1046,0.0,0.0,0.0000,0.0000,0.8423,0.2846,0.5581,240.8750,enc,0.0000
1786091811.515258,0.1028,0.0,0.0,0.0000,0.0000,0.8423,0.2846,0.5581,240.8750,enc,0.0000
1786091811.615704,0.1004,0.0,0.0,0.0000,0.0000,0.8423,0.2846,0.5581,240.8750,enc,0.0000
1786091811.726786,0.1111,0.0,0.0,0.0000,0.0000,0.8423,0.2846,0.5581,240.8750,enc,0.0000
1786091811.824850,0.0981,0.0,0.0,0.0000,0.0000,0.8423,0.2846,0.5581,240.8750,enc,0.0000
1786091811.926899,0.1020,0.0,0.0,0.0000,0.0000,0.8423,0.2846,0.5581,240.8750,enc,0.0000
1786091812.034935,0.1080,0.0,0.0,0.0000,0.0000,0.8423,0.2846,0.5581,240.8750,enc,0.0000
1786091812.134243,0.0993,0.0,0.0,0.0000,0.0000,0.8423,0.2846,0.5581,240.8750,enc,0.0000
1786091812.237980,0.1037,0.0,0.0,0.0000,0.0000,0.8423,0.2846,0.5581,240.8750,enc,0.0000
1786091812.345268,0.1073,0.0,0.0,0.0000,0.0000,0.8423,0.2846,0.5581,240.8750,enc,0.0000
1786091812.448270,0.1030,0.0,0.0,0.0000,0.0000,0.8423,0.2846,0.5581,240.8750,enc,0.0000
1786091812.551265,0.1030,0.0,0.0,0.0000,0.0000,0.8423,0.2846,0.5581,240.8750,enc,0.0000
1786091812.656982,0.1057,0.0,0.0,0.0000,0.0000,0.8423,0.2846,0.5581,240.8750,enc,0.0000
1786091812.758776,0.1018,0.0,0.0,0.0000,0.0000,0.8423,0.2846,0.5581,240.8750,enc,0.0000
1786091812.866659,0.1079,0.0,0.0,0.0000,0.0000,0.8423,0.2846,0.5581,240.8750,enc,0.0000
1786091812.975871,0.1092,0.0,0.0,0.0000,0.0000,0.8423,0.2846,0.5581,240.8750,enc,0.0000
1786091813.078899,0.1030,0.0,0.0,0.0000,0.0000,0.8423,0.2846,0.5581,240.8750,enc,0.0000
1786091813.178380,0.0995,0.0,0.0,0.0000,0.0000,0.8423,0.2846,0.5581,240.8750,enc,0.0000
1786091813.277842,0.0995,0.0,0.0,0.0000,0.0000,0.8423,0.2846,0.5581,240.8750,enc,0.0000
1786091813.385036,0.1072,0.0,0.0,0.0000,0.0000,0.8423,0.2846,0.5581,240.8750,enc,0.0000
1786091813.483050,0.0980,0.0,0.0,0.0000,0.0000,0.8423,0.2846,0.5581,240.8750,enc,0.0000
1786091813.587363,0.1043,0.0,0.0,0.0000,0.0000,0.8423,0.2846,0.5581,240.8750,enc,0.0000
1786091813.694769,0.1074,0.0,0.0,0.0000,0.0000,0.8423,0.2846,0.5581,240.8750,enc,0.0000
1786091813.793374,0.0986,0.0,0.0,0.0000,0.0000,0.8423,0.2846,0.5581,240.8750,enc,0.0000
1786091813.900430,0.1071,0.0,0.0,0.0000,0.0000,0.8423,0.2846,0.5581,240.8750,enc,0.0000
1786091814.005992,0.1056,0.0,0.0,0.0000,0.0000,0.8423,0.2846,0.5581,240.8750,enc,0.0000
1786091814.106143,0.1002,0.0,0.0,0.0000,0.0000,0.8423,0.2846,0.5581,240.8750,enc,0.0000
1786091814.211038,0.1049,0.0,0.0,0.0000,0.0000,0.8423,0.2846,0.5581,240.8750,enc,0.0000
1786091814.315234,0.1042,0.0,0.0,0.0000,0.0000,0.8423,0.2846,0.5581,240.8750,enc,0.0000
1786091814.418915,0.1037,0.0,0.0,0.0000,0.0000,0.8423,0.2846,0.5581,240.8750,enc,0.0000
1786091814.521662,0.1027,0.0,0.0,0.0000,0.0000,0.8423,0.2846,0.5581,240.8750,enc,0.0000
1786091814.622493,0.1008,0.0,0.0,0.0000,0.0000,0.8423,0.2846,0.5581,240.8750,enc,0.0000
1786091814.730042,0.1075,0.0,0.0,0.0000,0.0000,0.8423,0.2846,0.5581,240.8750,enc,0.0000
1786091814.830252,0.1002,0.0,0.0,0.0000,0.0000,0.8423,0.2846,0.5581,240.8750,enc,0.0000
1786091814.934270,0.1040,0.0,0.0,0.0000,0.0000,0.8423,0.2846,0.5581,240.8750,enc,0.0000
1786091815.041967,0.1077,0.0,0.0,0.0000,0.0000,0.8423,0.2846,0.5581,240.8750,enc,0.0000
1786091815.148362,0.1064,0.0,0.0,0.0000,0.0000,0.8423,0.2846,0.5581,240.8750,enc,0.0000
1786091815.245452,0.0971,0.0,0.0,0.0000,0.0000,0.8423,0.2846,0.5581,240.8750,enc,0.0000
1786091815.353843,0.1084,0.0,0.0,0.0000,0.0000,0.8423,0.2846,0.5581,240.8750,enc,0.0000
1786091815.457168,0.1033,0.0,0.0,0.0000,0.0000,0.8423,0.2846,0.5581,240.8750,enc,0.0000
1786091815.560753,0.1036,0.0,0.0,0.0000,0.0000,0.8423,0.2846,0.5581,240.8750,enc,0.0000
1786091815.665033,0.1043,0.0,0.0,0.0000,0.0000,0.8423,0.2846,0.5581,240.8750,enc,0.0000
1786091815.770052,0.1050,0.0,0.0,0.0000,0.0000,0.8423,0.2846,0.5581,240.8750,enc,0.0000
1786091815.875523,0.1055,0.0,0.0,0.0000,0.0000,0.8423,0.2846,0.5581,240.8750,enc,0.0000
1786091815.973832,0.0983,0.0,0.0,0.0000,0.0000,0.8423,0.2846,0.5581,240.8750,enc,0.0000
1786091816.084023,0.1102,0.0,0.0,0.0000,0.0000,0.8423,0.2846,0.5581,240.8750,enc,0.0000
1786091816.182273,0.0982,0.0,0.0,0.0000,0.0000,0.8423,0.2846,0.5581,240.8750,enc,0.0000
1786091816.290929,0.1087,0.0,0.0,0.0000,0.0000,0.8423,0.2846,0.5581,240.8750,enc,0.0000
1786091816.393107,0.1022,0.0,0.0,0.0000,0.0000,0.8423,0.2846,0.5581,240.8750,enc,0.0000
1786091816.492094,0.0990,0.0,0.0,0.0000,0.0000,0.8423,0.2846,0.5581,240.8750,enc,0.0000
1786091816.596981,0.1049,0.0,0.0,0.0000,0.0000,0.8423,0.2846,0.5581,240.8750,enc,0.0000
1786091816.704036,0.1071,0.0,0.0,0.0000,0.0000,0.8423,0.2846,0.5581,240.8750,enc,0.0000
1786091816.805662,0.1016,0.0,0.0,0.0000,0.0000,0.8423,0.2846,0.5581,240.8750,enc,0.0000
1786091816.908558,0.1029,0.0,0.0,0.0000,0.0000,0.8423,0.2846,0.5581,240.8750,enc,0.0000
1786091817.014908,0.1064,0.0,0.0,0.0000,0.0000,0.8423,0.2846,0.5581,240.8750,enc,0.0000
1786091817.117987,0.1031,0.0,0.0,0.0000,0.0000,0.8423,0.2846,0.5581,240.8750,enc,0.0000
1786091817.220890,0.1029,0.0,0.0,0.0000,0.0000,0.8423,0.2846,0.5581,240.8750,enc,0.0000
1786091817.323919,0.1030,0.0,0.0,0.0000,0.0000,0.8423,0.2846,0.5581,240.8750,enc,0.0000
1786091817.426688,0.1028,0.0,0.0,0.0000,0.0000,0.8423,0.2846,0.5581,240.8750,enc,0.0000
1786091817.531921,0.1052,0.0,0.0,0.0000,0.0000,0.8423,0.2846,0.5581,240.8750,enc,0.0000
1786091817.631952,0.1000,0.0,0.0,0.0000,0.0000,0.8423,0.2846,0.5581,240.8750,enc,0.0000
1786091817.740011,0.1081,0.0,0.0,0.0000,0.0000,0.8423,0.2846,0.5581,240.8750,enc,0.0000
1786091817.839574,0.0996,0.0,0.0,0.0000,0.0000,0.8423,0.2846,0.5581,240.8750,enc,0.0000
1786091817.943191,0.1036,0.0,0.0,0.0000,0.0000,0.8423,0.2846,0.5581,240.8750,enc,0.0000
1786091818.052005,0.1088,0.0,0.0,0.0000,0.0000,0.8423,0.2846,0.5581,240.8750,enc,0.0000
1786091818.151355,0.0994,0.0,0.0,0.0000,0.0000,0.8423,0.2846,0.5581,240.8750,enc,0.0000
1786091818.257735,0.1064,0.0,0.0,0.0000,0.0000,0.8423,0.2846,0.5581,240.8750,enc,0.0000
1786091818.361313,0.1036,0.0,0.0,0.0000,0.0000,0.8423,0.2846,0.5581,240.8750,enc,0.0000
1786091818.464915,0.1036,0.0,0.0,0.0000,0.0000,0.8423,0.2846,0.5581,240.8750,enc,0.0000
1786091818.567839,0.1029,0.0,0.0,0.0000,0.0000,0.8423,0.2846,0.5581,240.8750,enc,0.0000
1786091818.670588,0.1027,0.0,0.0,0.0000,0.0000,0.8423,0.2846,0.5581,240.8750,enc,0.0000
1786091818.777028,0.1064,0.0,0.0,0.0000,0.0000,0.8423,0.2846,0.5581,240.8750,enc,0.0000
1786091818.877997,0.1010,0.0,0.0,0.0000,0.0000,0.8423,0.2846,0.5581,240.8750,enc,0.0000
1786091818.978948,0.1010,0.0,0.0,0.0000,0.0000,0.8423,0.2846,0.5581,240.8750,enc,0.0000
1786091819.088022,0.1091,0.0,0.0,0.0000,0.0000,0.8423,0.2846,0.5581,240.8750,enc,0.0000
1786091819.186940,0.0989,0.0,0.0,0.0000,0.0000,0.8423,0.2846,0.5581,240.8750,enc,0.0000
1786091819.289880,0.1029,0.0,0.0,0.0000,0.0000,0.8423,0.2846,0.5581,240.8750,enc,0.0000
1786091819.398278,0.1084,0.0,0.0,0.0000,0.0000,0.8423,0.2846,0.5581,240.8750,enc,0.0000
1786091819.501251,0.1030,0.0,0.0,0.0000,0.0000,0.8423,0.2846,0.5581,240.8750,enc,0.0000
1786091819.600579,0.0993,0.0,0.0,0.0000,0.0000,0.8423,0.2846,0.5581,240.8750,enc,0.0000
1786091819.708428,0.1078,0.0,0.0,0.0000,0.0000,0.8423,0.2846,0.5581,240.8750,enc,0.0000
1786091819.811884,0.1035,0.0,0.0,0.0000,0.0000,0.8423,0.2846,0.5581,240.8750,enc,0.0000
1786091819.915331,0.1034,0.0,0.0,0.0000,0.0000,0.8423,0.2846,0.5581,240.8750,enc,0.0000
1786091820.017861,0.1025,0.0,0.0,0.0000,0.0000,0.8423,0.2846,0.5581,240.8750,enc,0.0000
1786091820.264235,0.2464,0.0,0.0,0.0000,0.0000,0.8423,0.2846,0.5581,240.8750,enc,0.0000
1786091820.264283,0.0000,0.0,0.0,0.0000,0.0000,0.8423,0.2846,0.5581,240.8750,enc,0.0000
1786091820.329003,0.0647,0.0,0.0,0.0000,0.0000,0.8423,0.2846,0.5581,240.8750,enc,0.0000
1786091820.508034,0.1790,0.0,0.0,0.0000,0.0000,0.8423,0.2846,0.5581,240.8750,enc,0.0000
1786091820.533986,0.0260,0.0,0.0,0.0000,0.0000,0.8423,0.2846,0.5581,240.8750,enc,0.0000
1786091820.754089,0.2201,0.0,0.0,0.0000,0.0000,0.8423,0.2846,0.5581,240.8750,enc,0.0000
1786091820.754137,0.0000,0.0,0.0,0.0000,0.0000,0.8423,0.2846,0.5581,240.8750,enc,0.0000
1786091820.845376,0.0912,0.0,0.0,0.0000,0.0000,0.8423,0.2846,0.5581,240.8750,enc,0.0000
1786091820.999834,0.1545,0.0,0.0,0.0000,0.0000,0.8423,0.2846,0.5581,240.8750,enc,0.0000
1786091821.056865,0.0570,0.0,0.0,0.0000,0.0000,0.8423,0.2846,0.5581,240.8750,enc,0.0000
1786091821.242924,0.1861,0.0,0.0,0.0000,0.0000,0.8423,0.2846,0.5581,240.8750,enc,0.0000
1786091821.265764,0.0228,0.0,0.0,0.0000,0.0000,0.8423,0.2846,0.5581,240.8750,enc,0.0000
1786091821.498511,0.2327,0.0,0.0,0.0000,0.0000,0.8423,0.2846,0.5581,240.8750,enc,0.0000
1786091821.500383,0.0019,0.0,0.0,0.0000,0.0000,0.8423,0.2846,0.5581,240.8750,enc,0.0000
1786091821.573897,0.0735,0.0,0.0,0.0000,0.0000,0.8423,0.2846,0.5581,240.8750,enc,0.0000
1786091821.750840,0.1769,0.0,0.0,0.0000,0.0000,0.8423,0.2846,0.5581,240.8750,enc,0.0000
1786091821.777476,0.0266,0.0,0.0,0.0000,0.0000,0.8423,0.2846,0.5581,240.8750,enc,0.0000
1786091822.000714,0.2232,0.0,0.0,0.0000,0.0000,0.8423,0.2846,0.5581,240.8750,enc,0.0000
1786091822.002787,0.0021,0.0,0.0,0.0000,0.0000,0.8423,0.2846,0.5581,240.8750,enc,0.0000
1786091822.094587,0.0918,0.0,0.0,0.0000,0.0000,0.8423,0.2846,0.5581,240.8750,enc,0.0000
1786091822.252777,0.1582,0.0,0.0,0.0000,0.0000,0.8423,0.2846,0.5581,240.8750,enc,0.0000
1786091822.299149,0.0464,0.0,0.0,0.0000,0.0000,0.8423,0.2846,0.5581,240.8750,enc,0.0000
1786091822.501954,0.2028,0.0,0.0,0.0000,0.0000,0.8423,0.2846,0.5581,240.8750,enc,0.0000
1786091822.508249,0.0063,0.0,0.0,0.0000,0.0000,0.8423,0.2846,0.5581,240.8750,enc,0.0000
1786091822.749330,0.2411,0.0,0.0,0.0000,0.0000,0.8423,0.2846,0.5581,240.8750,enc,0.0000
1786091822.749368,0.0000,0.0,0.0,0.0000,0.0000,0.8423,0.2846,0.5581,240.8750,enc,0.0000
1786091822.820670,0.0713,0.0,0.0,0.0000,0.0000,0.8423,0.2846,0.5581,240.8750,enc,0.0000
1786091823.006979,0.1863,0.0,0.0,0.0000,0.0000,0.8423,0.2846,0.5581,240.8750,enc,0.0000
1786091823.025713,0.0187,0.0,0.0,0.0000,0.0000,0.8423,0.2846,0.5581,240.8750,enc,0.0000
1786091823.253263,0.2275,0.0,0.0,0.0000,0.0000,0.8423,0.2846,0.5581,240.8750,enc,0.0000
1786091823.253312,0.0000,0.0,0.0,0.0000,0.0000,0.8423,0.2846,0.5581,240.8750,enc,0.0000
1786091823.342374,0.0891,0.0,0.0,0.0000,0.0000,0.8423,0.2846,0.5581,240.8750,enc,0.0000
1786091823.504543,0.1622,0.0,0.0,0.0000,0.0000,0.8423,0.2846,0.5581,240.8750,enc,0.0000
1786091823.548193,0.0437,0.0,0.0,0.0000,0.0000,0.8423,0.2846,0.5581,240.8750,enc,0.0000
1786091823.753689,0.2055,0.0,0.0,0.0000,0.0000,0.8423,0.2846,0.5581,240.8750,enc,0.0000
1786091823.756287,0.0026,0.0,0.0,0.0000,0.0000,0.8423,0.2846,0.5581,240.8750,enc,0.0000
1786091824.004862,0.2486,0.0,0.0,0.0000,0.0000,0.8423,0.2846,0.5581,240.8750,enc,0.0000
1786091824.004915,0.0001,0.0,0.0,0.0000,0.0000,0.8423,0.2846,0.5581,240.8750,enc,0.0000
1786091824.072351,0.0674,0.0,0.0,0.0000,0.0000,0.8423,0.2846,0.5581,240.8750,enc,0.0000
1786091824.257474,0.1851,0.0,0.0,0.0000,0.0000,0.8423,0.2846,0.5581,240.8750,enc,0.0000
1786091824.274092,0.0166,0.0,0.0,0.0000,0.0000,0.8423,0.2846,0.5581,240.8750,enc,0.0000
1786091824.514141,0.2400,0.0,0.0,0.0000,0.0000,0.8423,0.2846,0.5581,240.8750,enc,0.0000
1786091824.514189,0.0000,0.0,0.0,0.0000,0.0000,0.8423,0.2846,0.5581,240.8750,enc,0.0000
1786091824.586809,0.0726,0.0,0.0,0.0000,0.0000,0.8423,0.2846,0.5581,240.8750,enc,0.0000
1786091824.794541,0.2077,0.0,0.0,0.0000,0.0000,0.8423,0.2846,0.5581,240.8750,enc,0.0000
1786091824.796461,0.0019,0.0,0.0,0.0000,0.0000,0.8423,0.2846,0.5581,240.8750,enc,0.0000
1786091825.022377,0.2259,0.0,0.0,0.0000,0.0000,0.8423,0.2846,0.5581,240.8750,enc,0.0000
1786091825.022415,0.0000,0.0,0.0,0.0000,0.0000,0.8423,0.2846,0.5581,240.8750,enc,0.0000
1786091825.103855,0.0814,0.0,0.0,0.0000,0.0000,0.8423,0.2846,0.5581,240.8750,enc,0.0000
1786091825.206865,0.1030,0.0,0.0,0.0000,0.0000,0.8423,0.2846,0.5581,240.8750,enc,0.0000
1786091825.312460,0.1056,0.0,0.0,0.0000,0.0000,0.8423,0.2846,0.5581,240.8750,enc,0.0000
1786091825.416150,0.1037,0.0,0.0,0.0000,0.0000,0.8423,0.2846,0.5581,240.8750,enc,0.0000
1786091825.520572,0.1044,0.0,0.0,0.0000,0.0000,0.8423,0.2846,0.5581,240.8750,enc,0.0000
1786091825.620373,0.0998,0.0,0.0,0.0000,0.0000,0.8423,0.2846,0.5581,240.8750,enc,0.0000
1786091825.731186,0.1108,0.0,0.0,0.0000,0.0000,0.8423,0.2846,0.5581,240.8750,enc,0.0000
1786091825.831655,0.1005,0.0,0.0,0.0000,0.0000,0.8423,0.2846,0.5581,240.8750,enc,0.0000
1786091825.934165,0.1025,0.0,0.0,0.0000,0.0000,0.8423,0.2846,0.5581,240.8750,enc,0.0000
1786091826.036971,0.1028,0.0,0.0,0.0000,0.0000,0.8423,0.2846,0.5581,240.8750,enc,0.0000
1786091826.142359,0.1054,0.0,0.0,0.0000,0.0000,0.8423,0.2846,0.5581,240.8750,enc,0.0000
1786091826.242198,0.0998,0.0,0.0,0.0000,0.0000,0.8423,0.2846,0.5581,240.8750,enc,0.0000
1786091826.347611,0.1054,0.0,0.0,0.0000,0.0000,0.8423,0.2846,0.5581,240.8750,enc,0.0000
1786091826.454933,0.1073,0.0,0.0,0.0000,0.0000,0.8423,0.2846,0.5581,240.8750,enc,0.0000
1786091826.554734,0.0998,0.0,0.0,0.0000,0.0000,0.8423,0.2846,0.5581,240.8750,enc,0.0000
1786091826.657851,0.1031,0.0,0.0,0.0000,0.0000,0.8423,0.2846,0.5581,240.8750,enc,0.0000
1786091826.766040,0.1082,0.0,0.0,0.0000,0.0000,0.8423,0.2846,0.5581,240.8750,enc,0.0000
1786091826.865263,0.0992,0.0,0.0,0.0000,0.0000,0.8423,0.2846,0.5581,240.8750,enc,0.0000
1786091826.968618,0.1034,0.0,0.0,0.0000,0.0000,0.8423,0.2846,0.5581,240.8750,enc,0.0000
1786091827.076876,0.1083,0.0,0.0,0.0000,0.0000,0.8423,0.2846,0.5581,240.8750,enc,0.0000
1786091827.175874,0.0990,0.0,0.0,0.0000,0.0000,0.8423,0.2846,0.5581,240.8750,enc,0.0000
1786091827.284506,0.1086,0.0,0.0,0.0000,0.0000,0.8423,0.2846,0.5581,240.8750,enc,0.0000
1786091827.389021,0.1045,0.0,0.0,0.0000,0.0000,0.8423,0.2846,0.5581,240.8750,enc,0.0000
1786091827.489365,0.1003,0.0,0.0,0.0000,0.0000,0.8423,0.2846,0.5581,240.8750,enc,0.0000
1786091827.598042,0.1087,0.0,0.0,0.0000,0.0000,0.8423,0.2846,0.5581,240.8750,enc,0.0000
1786091827.694366,0.0963,0.0,0.0,0.0000,0.0000,0.8423,0.2846,0.5581,240.8750,enc,0.0000
1786091827.802957,0.1086,0.0,0.0,0.0000,0.0000,0.8423,0.2846,0.5581,240.8750,enc,0.0000
1786091827.901866,0.0989,0.0,0.0,0.0000,0.0000,0.8423,0.2846,0.5581,240.8750,enc,0.0000
1786091828.005111,0.1032,0.0,0.0,0.0000,0.0000,0.8423,0.2846,0.5581,240.8750,enc,0.0000
1786091828.113990,0.1089,0.0,0.0,0.0000,0.0000,0.8423,0.2846,0.5581,240.8750,enc,0.0000
1786091828.221320,0.1073,0.0,0.0,0.0000,0.0000,0.8423,0.2846,0.5581,240.8750,enc,0.0000
1786091828.317813,0.0965,0.0,0.0,0.0000,0.0000,0.8423,0.2846,0.5581,240.8750,enc,0.0000
1786091828.424414,0.1066,0.0,0.0,0.0000,0.0000,0.8423,0.2846,0.5581,240.8750,enc,0.0000
1786091828.543787,0.1194,0.0,0.0,0.0000,0.0000,0.8423,0.2846,0.5581,240.8750,enc,0.0000
1786091828.628657,0.0849,0.0,0.0,0.0000,0.0000,0.8423,0.2846,0.5581,240.8750,enc,0.0000
1786091828.743054,0.1144,0.0,0.0,0.0000,0.0000,0.8423,0.2846,0.5581,240.8750,enc,0.0000
1786091828.854497,0.1114,0.0,0.0,0.0000,0.0000,0.8423,0.2846,0.5581,240.8750,enc,0.0000
1786091828.948049,0.0936,0.0,0.0,0.0000,0.0000,0.8423,0.2846,0.5581,240.8750,enc,0.0000
1786091829.047002,0.0990,0.0,0.0,0.0000,0.0000,0.8423,0.2846,0.5581,240.8750,enc,0.0000
1786091829.155038,0.1080,0.0,0.0,0.0000,0.0000,0.8423,0.2846,0.5581,240.8750,enc,0.0000
1786091829.254006,0.0990,0.0,0.0,0.0000,0.0000,0.8423,0.2846,0.5581,240.8750,enc,0.0000
1786091829.353416,0.0994,0.0,0.0,0.0000,0.0000,0.8423,0.2846,0.5581,240.8750,enc,0.0000
1786091829.471060,0.1176,0.0,0.0,0.0000,0.0000,0.8423,0.2846,0.5581,240.8750,enc,0.0000
1786091829.560984,0.0899,0.0,0.0,0.0000,0.0000,0.8423,0.2846,0.5581,240.8750,enc,0.0000
1786091829.663402,0.1024,0.0,0.0,0.0000,0.0000,0.8423,0.2846,0.5581,240.8750,enc,0.0000
1786091829.772037,0.1086,0.0,0.0,0.0000,0.0000,0.8423,0.2846,0.5581,240.8750,enc,0.0000
1786091829.876690,0.1047,0.0,0.0,0.0000,0.0000,0.8423,0.2846,0.5581,240.8750,enc,0.0000
1786091829.976210,0.0995,0.0,0.0,0.0000,0.0000,0.8423,0.2846,0.5581,240.8750,enc,0.0000
1786091830.082594,0.1064,0.0,0.0,0.0000,0.0000,0.8423,0.2846,0.5581,240.8750,enc,0.0000
1786091830.185387,0.1028,0.0,0.0,0.0000,0.0000,0.8423,0.2846,0.5581,240.8750,enc,0.0000
1786091830.288244,0.1029,0.0,0.0,0.0000,0.0000,0.8423,0.2846,0.5581,240.8750,enc,0.0000
1786091830.395018,0.1068,0.0,0.0,0.0000,0.0000,0.8423,0.2846,0.5581,240.8750,enc,0.0000
1786091830.496429,0.1014,0.0,0.0,0.0000,0.0000,0.8423,0.2846,0.5581,240.8750,enc,0.0000
1786091830.609977,0.1135,0.0,0.0,0.0000,0.0000,0.8423,0.2846,0.5581,240.8750,enc,0.0000
1786091830.703290,0.0933,0.0,0.0,0.0000,0.0000,0.8423,0.2846,0.5581,240.8750,enc,0.0000
1786091830.808998,0.1057,0.0,0.0,0.0000,0.0000,0.8423,0.2846,0.5581,240.8750,enc,0.0000
1786091830.939961,0.1310,0.0,0.0,0.0000,0.0000,0.8423,0.2846,0.5581,240.8750,enc,0.0000
1786091831.015469,0.0755,0.0,0.0,0.0000,0.0000,0.8423,0.2846,0.5581,240.8750,enc,0.0000
1786091831.126993,0.1115,0.0,0.0,0.0000,0.0000,0.8423,0.2846,0.5581,240.8750,enc,0.0000
1786091831.227385,0.1004,0.0,0.0,0.0000,0.0000,0.8423,0.2846,0.5581,240.8750,enc,0.0000
1786091831.329762,0.1024,0.0,0.0,0.0000,0.0000,0.8423,0.2846,0.5581,240.8750,enc,0.0000
1786091831.433922,0.1042,0.0,0.0,0.0000,0.0000,0.8423,0.2846,0.5581,240.8750,enc,0.0000
1786091831.536747,0.1028,0.0,0.0,0.0000,0.0000,0.8423,0.2846,0.5581,240.8750,enc,0.0000
1786091831.640358,0.1036,0.0,0.0,0.0000,0.0000,0.8423,0.2846,0.5581,240.8750,enc,0.0000
1786091831.747527,0.1072,0.0,0.0,0.0000,0.0000,0.8423,0.2846,0.5581,240.8750,enc,0.0000
1786091831.855922,0.1084,0.0,0.0,0.0000,0.0000,0.8423,0.2846,0.5581,240.8750,enc,0.0000
1786091831.954214,0.0983,0.0,0.0,0.0000,0.0000,0.8423,0.2846,0.5581,240.8750,enc,0.0000
1786091832.058998,0.1048,0.0,0.0,0.0000,0.0000,0.8423,0.2846,0.5581,240.8750,enc,0.0000
1786091832.160017,0.1010,0.0,0.0,0.0000,0.0000,0.8423,0.2846,0.5581,240.8750,enc,0.0000
1786091832.263385,0.1034,0.0,0.0,0.0000,0.0000,0.8423,0.2846,0.5581,240.8750,enc,0.0000
1786091832.372879,0.1095,0.0,0.0,0.0000,0.0000,0.8423,0.2846,0.5581,240.8750,enc,0.0000
1786091832.474043,0.1012,0.0,0.0,0.0000,0.0000,0.8423,0.2846,0.5581,240.8750,enc,0.0000
1786091832.572142,0.0981,0.0,0.0,0.0000,0.0000,0.8423,0.2846,0.5581,240.8750,enc,0.0000
1786091832.673954,0.1018,0.0,0.0,0.0000,0.0000,0.8423,0.2846,0.5581,240.8750,enc,0.0000
1786091832.781752,0.1078,0.0,0.0,0.0000,0.0000,0.8423,0.2846,0.5581,240.8750,enc,0.0000
1786091832.901648,0.1199,0.0,0.0,0.0000,0.0000,0.8423,0.2846,0.5581,240.8750,enc,0.0000
1786091832.984102,0.0825,0.0,0.0,0.0000,0.0000,0.8423,0.2846,0.5581,240.8750,enc,0.0000
1786091833.091740,0.1076,0.0,0.0,0.0000,0.0000,0.8423,0.2846,0.5581,240.8750,enc,0.0000
1786091833.194771,0.1030,0.0,0.0,0.0000,0.0000,0.8423,0.2846,0.5581,240.8750,enc,0.0000
1786091833.300659,0.1059,0.0,0.0,0.0000,0.0000,0.8423,0.2846,0.5581,240.8750,enc,0.0000
1786091833.402900,0.1022,0.0,0.0,0.0000,0.0000,0.8423,0.2846,0.5581,240.8750,enc,0.0000
1786091833.508032,0.1051,0.0,0.0,0.0000,0.0000,0.8423,0.2846,0.5581,240.8750,enc,0.0000
1786091833.623932,0.1159,0.0,0.0,0.0000,0.0000,0.8423,0.2846,0.5581,240.8750,enc,0.0000
1786091833.710855,0.0869,0.0,0.0,0.0000,0.0000,0.8423,0.2846,0.5581,240.8750,enc,0.0000
1786091833.816704,0.1058,0.0,0.0,0.0000,0.0000,0.8423,0.2846,0.5581,240.8750,enc,0.0000
1786091833.916612,0.0999,0.0,0.0,0.0000,0.0000,0.8423,0.2846,0.5581,240.8750,enc,0.0000
1786091834.020678,0.1041,0.0,0.0,0.0000,0.0000,0.8423,0.2846,0.5581,240.8750,enc,0.0000
1786091834.129257,0.1086,0.0,0.0,0.0000,0.0000,0.8423,0.2846,0.5581,240.8750,enc,0.0000
1786091834.230204,0.1009,0.0,0.0,0.0000,0.0000,0.8423,0.2846,0.5581,240.8750,enc,0.0000
1786091834.331607,0.1014,0.0,0.0,0.0000,0.0000,0.8423,0.2846,0.5581,240.8750,enc,0.0000
1786091834.442998,0.1114,0.0,0.0,0.0000,0.0000,0.8423,0.2846,0.5581,240.8750,enc,0.0000
1786091834.543464,0.1005,0.0,0.0,0.0000,0.0000,0.8423,0.2846,0.5581,240.8750,enc,0.0000
1786091834.645924,0.1025,0.0,0.0,0.0000,0.0000,0.8423,0.2846,0.5581,240.8750,enc,0.0000
1786091834.752050,0.1061,0.0,0.0,0.0000,0.0000,0.8423,0.2846,0.5581,240.8750,enc,0.0000
1786091834.874947,0.1229,0.0,0.0,0.0000,0.0000,0.8423,0.2846,0.5581,240.8750,enc,0.0000
1786091834.956820,0.0819,0.0,0.0,0.0000,0.0000,0.8423,0.2846,0.5581,240.8750,enc,0.0000
1786091835.061380,0.1046,0.0,0.0,0.0000,0.0000,0.8423,0.2846,0.5581,240.8750,enc,0.0000
1786091835.270004,0.2086,0.0,0.0,0.0000,0.0000,0.8423,0.2846,0.5581,240.8750,enc,0.0000
1786091835.271212,0.0012,0.0,0.0,0.0000,0.0000,0.8423,0.2846,0.5581,240.8750,enc,0.0000
1786091835.524944,0.2537,0.0,0.0,0.0000,0.0000,0.8423,0.2846,0.5581,240.8750,enc,0.0000
1786091835.524994,0.0001,0.0,0.0,0.0000,0.0000,0.8423,0.2846,0.5581,240.8750,enc,0.0000
1786091835.576402,0.0514,0.0,0.0,0.0000,0.0000,0.8423,0.2846,0.5581,240.8750,enc,0.0000
1786091835.768820,0.1924,0.0,0.0,0.0000,0.0000,0.8423,0.2846,0.5581,240.8750,enc,0.0000
1786091835.783944,0.0151,0.0,0.0,0.0000,0.0000,0.8423,0.2846,0.5581,240.8750,enc,0.0000
1786091836.012313,0.2284,0.0,0.0,0.0000,0.0000,0.8423,0.2846,0.5581,240.8750,enc,0.0000
1786091836.012358,0.0000,0.0,0.0,0.0000,0.0000,0.8423,0.2846,0.5581,240.8750,enc,0.0000
1786091836.099439,0.0871,0.0,0.0,0.0000,0.0000,0.8423,0.2846,0.5581,240.8750,enc,0.0000
1786091836.261818,0.1624,0.0,0.0,0.0000,0.0000,0.8423,0.2846,0.5581,240.8750,enc,0.0000
1786091836.303098,0.0413,0.0,0.0,0.0000,0.0000,0.8423,0.2846,0.5581,240.8750,enc,0.0000
1786091836.512482,0.2094,0.0,0.0,0.0000,0.0000,0.8423,0.2846,0.5581,240.8750,enc,0.0000
1786091836.514129,0.0016,0.0,0.0,0.0000,0.0000,0.8423,0.2846,0.5581,240.8750,enc,0.0000
1786091836.769491,0.2554,0.0,0.0,0.0000,0.0000,0.8423,0.2846,0.5581,240.8750,enc,0.0000
1786091836.769542,0.0001,0.0,0.0,0.0000,0.0000,0.8423,0.2846,0.5581,240.8750,enc,0.0000
1786091836.826242,0.0567,0.0,0.0,0.0000,0.0000,0.8423,0.2846,0.5581,240.8750,enc,0.0000
1786091837.016985,0.1907,0.0,0.0,0.0000,0.0000,0.8423,0.2846,0.5581,240.8750,enc,0.0000
1786091837.028134,0.0111,0.0,0.0,0.0000,0.0000,0.8423,0.2846,0.5581,240.8750,enc,0.0000
1786091837.276201,0.2481,0.0,0.0,0.0000,0.0000,0.8423,0.2846,0.5581,240.8750,enc,0.0000
1786091837.277303,0.0011,0.0,0.0,0.0000,0.0000,0.8423,0.2846,0.5581,240.8750,enc,0.0000
1786091837.340351,0.0630,0.0,0.0,0.0000,0.0000,0.8423,0.2846,0.5581,240.8750,enc,0.0000
1786091837.515869,0.1755,0.0,0.0,0.0000,0.0000,0.8423,0.2846,0.5581,240.8750,enc,0.0000
1786091837.548216,0.0323,0.0,0.0,0.0000,0.0000,0.8423,0.2846,0.5581,240.8750,enc,0.0000
1786091837.765590,0.2174,0.0,0.0,0.0000,0.0000,0.8423,0.2846,0.5581,240.8750,enc,0.0000
1786091837.765635,0.0000,0.0,0.0,0.0000,0.0000,0.8423,0.2846,0.5581,240.8750,enc,0.0000
1786091837.865108,0.0995,0.0,0.0,0.0000,0.0000,0.8423,0.2846,0.5581,240.8750,enc,0.0000
1786091838.022340,0.1572,0.0,0.0,0.0000,0.0000,0.8423,0.2846,0.5581,240.8750,enc,0.0000
1786091838.070656,0.0483,0.0,0.0,0.0000,0.0000,0.8423,0.2846,0.5581,240.8750,enc,0.0000
1786091838.275655,0.2050,0.0,0.0,0.0000,0.0000,0.8423,0.2846,0.5581,240.8750,enc,0.0000
1786091838.276122,0.0005,0.0,0.0,0.0000,0.0000,0.8423,0.2846,0.5581,240.8750,enc,0.0000
1786091838.531543,0.2554,0.0,0.0,0.0000,0.0000,0.8423,0.2846,0.5581,240.8750,enc,0.0000
1786091838.531592,0.0000,0.0,0.0,0.0000,0.0000,0.8423,0.2846,0.5581,240.8750,enc,0.0000
1786091838.589432,0.0578,0.0,0.0,0.0000,0.0000,0.8423,0.2846,0.5581,240.8750,enc,0.0000
1786091838.765464,0.1760,0.0,0.0,0.0000,0.0000,0.8423,0.2846,0.5581,240.8750,enc,0.0000
1786091838.791909,0.0264,0.0,0.0,0.0000,0.0000,0.8423,0.2846,0.5581,240.8750,enc,0.0000
1786091839.018284,0.2264,0.0,0.0,0.0000,0.0000,0.8423,0.2846,0.5581,240.8750,enc,0.0000
1786091839.018340,0.0001,0.0,0.0,0.0000,0.0000,0.8423,0.2846,0.5581,240.8750,enc,0.0000
1786091839.110645,0.0923,0.0,0.0,0.0000,0.0000,0.8423,0.2846,0.5581,240.8750,enc,0.0000
1786091839.269556,0.1589,0.0,0.0,0.0000,0.0000,0.8423,0.2846,0.5581,240.8750,enc,0.0000
1786091839.314983,0.0454,0.0,0.0,0.0000,0.0000,0.8423,0.2846,0.5581,240.8750,enc,0.0000
1786091839.525818,0.2108,0.0,0.0,0.0000,0.0000,0.8423,0.2846,0.5581,240.8750,enc,0.0000
1786091839.525873,0.0001,0.0,0.0,0.0000,0.0000,0.8423,0.2846,0.5581,240.8750,enc,0.0000
1786091839.791645,0.2658,0.0,0.0,0.0000,0.0000,0.8423,0.2846,0.5581,240.8750,enc,0.0000
1786091839.791694,0.0000,0.0,0.0,0.0000,0.0000,0.8423,0.2846,0.5581,240.8750,enc,0.0000
1786091839.830629,0.0389,0.0,0.0,0.0000,0.0000,0.8423,0.2846,0.5581,240.8750,enc,0.0000
1786091840.034872,0.2042,0.0,0.0,0.0000,0.0000,0.8423,0.2846,0.5581,240.8750,enc,0.0000
1786091840.041675,0.0068,0.0,0.0,0.0000,0.0000,0.8423,0.2846,0.5581,240.8750,enc,0.0000
1786091840.145114,0.1034,0.0,0.0,0.0000,0.0000,0.8423,0.2846,0.5581,240.8750,enc,0.0000
1786091840.250974,0.1059,0.0,0.0,0.0000,0.0000,0.8423,0.2846,0.5581,240.8750,enc,0.0000
1786091840.354022,0.1030,0.0,0.0,0.0000,0.0000,0.8423,0.2846,0.5581,240.8750,enc,0.0000
1786091840.477845,0.1238,0.0,0.0,0.0000,0.0000,0.8423,0.2846,0.5581,240.8750,enc,0.0000
1786091840.563318,0.0855,0.0,0.0,0.0000,0.0000,0.8423,0.2846,0.5581,240.8750,enc,0.0000
1786091840.664999,0.1017,0.0,0.0,0.0000,0.0000,0.8423,0.2846,0.5581,240.8750,enc,0.0000
1786091840.781167,0.1162,0.0,0.0,0.0000,0.0000,0.8423,0.2846,0.5581,240.8750,enc,0.0000
1786091840.874501,0.0933,0.0,0.0,0.0000,0.0000,0.8423,0.2846,0.5581,240.8750,enc,0.0000
1786091840.980592,0.1061,0.0,0.0,0.0000,0.0000,0.8423,0.2846,0.5581,240.8750,enc,0.0000
1786091841.162819,0.1822,0.0,0.0,0.0000,0.0000,0.8423,0.2846,0.5581,240.8750,enc,0.0000
1786091841.272699,0.1099,0.0,0.0,0.0000,0.0000,0.8423,0.2846,0.5581,240.8750,enc,0.0000
1786091841.289086,0.0164,0.0,0.0,0.0000,0.0000,0.8423,0.2846,0.5581,240.8750,enc,0.0000
1786091841.390784,0.1017,0.0,0.0,0.0000,0.0000,0.8423,0.2846,0.5581,240.8750,enc,0.0000
1786091841.503946,0.1132,0.0,0.0,0.0000,0.0000,0.8423,0.2846,0.5581,240.8750,enc,0.0000
1786091841.598628,0.0947,0.0,0.0,0.0000,0.0000,0.8423,0.2846,0.5581,240.8750,enc,0.0000
1786091841.706130,0.1075,0.0,0.0,0.0000,0.0000,0.8423,0.2846,0.5581,240.8750,enc,0.0000
1786091841.808199,0.1021,0.0,0.0,0.0000,0.0000,0.8423,0.2846,0.5581,240.8750,enc,0.0000
1786091841.913930,0.1057,0.0,0.0,0.0000,0.0000,0.8423,0.2846,0.5581,240.8750,enc,0.0000
1786091842.016009,0.1021,0.0,0.0,0.0000,0.0000,0.8423,0.2846,0.5581,240.8750,enc,0.0000
1786091842.121748,0.1057,0.0,0.0,0.0000,0.0000,0.8423,0.2846,0.5581,240.8750,enc,0.0000
1786091842.225256,0.1035,0.0,0.0,0.0000,0.0000,0.8423,0.2846,0.5581,240.8750,enc,0.0000
1786091842.327619,0.1024,0.0,0.0,0.0000,0.0000,0.8423,0.2846,0.5581,240.8750,enc,0.0000
1786091842.451629,0.1240,0.0,0.0,0.0000,0.0000,0.8423,0.2846,0.5581,240.8750,enc,0.0000
1786091842.538976,0.0873,0.0,0.0,0.0000,0.0000,0.8423,0.2846,0.5581,240.8750,enc,0.0000
1786091842.637099,0.0981,0.0,0.0,0.0000,0.0000,0.8423,0.2846,0.5581,240.8750,enc,0.0000
1786091842.740089,0.1030,0.0,0.0,0.0000,0.0000,0.8423,0.2846,0.5581,240.8750,enc,0.0000
1786091842.849983,0.1099,0.0,0.0,0.0000,0.0000,0.8423,0.2846,0.5581,240.8750,enc,0.0000
1786091842.950866,0.1009,0.0,0.0,0.0000,0.0000,0.8423,0.2846,0.5581,240.8750,enc,0.0000
1786091843.051898,0.1010,0.0,0.0,0.0000,0.0000,0.8423,0.2846,0.5581,240.8750,enc,0.0000
1786091843.161036,0.1091,0.0,0.0,0.0000,0.0000,0.8423,0.2846,0.5581,240.8750,enc,0.0000
1786091843.262156,0.1011,0.0,0.0,0.0000,0.0000,0.8423,0.2846,0.5581,240.8750,enc,0.0000
1786091843.366297,0.1041,0.0,0.0,0.0000,0.0000,0.8423,0.2846,0.5581,240.8750,enc,0.0000
1786091843.469955,0.1037,0.0,0.0,0.0000,0.0000,0.8423,0.2846,0.5581,240.8750,enc,0.0000
1786091843.575911,0.1060,0.0,0.0,0.0000,0.0000,0.8423,0.2846,0.5581,240.8750,enc,0.0000
1786091843.681299,0.1054,0.0,0.0,0.0000,0.0000,0.8423,0.2846,0.5581,240.8750,enc,0.0000
1786091843.779000,0.0977,0.0,0.0,0.0000,0.0000,0.8423,0.2846,0.5581,240.8750,enc,0.0000
1786091843.888086,0.1091,0.0,0.0,0.0000,0.0000,0.8423,0.2846,0.5581,240.8750,enc,0.0000
1786091843.986742,0.0987,0.0,0.0,0.0000,0.0000,0.8423,0.2846,0.5581,240.8750,enc,0.0000
1786091844.097929,0.1112,0.0,0.0,0.0000,0.0000,0.8423,0.2846,0.5581,240.8750,enc,0.0000
1786091844.198010,0.1001,0.0,0.0,0.0000,0.0000,0.8423,0.2846,0.5581,240.8750,enc,0.0000
1786091844.297347,0.0993,0.0,0.0,0.0000,0.0000,0.8423,0.2846,0.5581,240.8750,enc,0.0000
1786091844.423990,0.1266,0.0,0.0,0.0000,0.0000,0.8423,0.2846,0.5581,240.8750,enc,0.0000
1786091844.509645,0.0857,0.0,0.0,0.0000,0.0000,0.8423,0.2846,0.5581,240.8750,enc,0.0000
1786091844.611825,0.1022,0.0,0.0,0.0000,0.0000,0.8423,0.2846,0.5581,240.8750,enc,0.0000
1786091844.714741,0.1029,0.0,0.0,0.0000,0.0000,0.8423,0.2846,0.5581,240.8750,enc,0.0000
1786091844.819992,0.1053,0.0,0.0,0.0000,0.0000,0.8423,0.2846,0.5581,240.8750,enc,0.0000
1786091844.922268,0.1023,0.0,0.0,0.0000,0.0000,0.8423,0.2846,0.5581,240.8750,enc,0.0000
1786091845.025162,0.1029,0.0,0.0,0.0000,0.0000,0.8423,0.2846,0.5581,240.8750,enc,0.0000
1786091845.144348,0.1192,0.0,0.0,0.0000,0.0000,0.8423,0.2846,0.5581,240.8750,enc,0.0000
1786091845.235012,0.0907,0.0,0.0,0.0000,0.0000,0.8423,0.2846,0.5581,240.8750,enc,0.0000
1786091845.338321,0.1033,0.0,0.0,0.0000,0.0000,0.8423,0.2846,0.5581,240.8750,enc,0.0000
1786091845.436910,0.0986,0.0,0.0,0.0000,0.0000,0.8423,0.2846,0.5581,240.8750,enc,0.0000
1786091845.543998,0.1071,0.0,0.0,0.0000,0.0000,0.8423,0.2846,0.5581,240.8750,enc,0.0000
1786091845.644361,0.1004,0.0,0.0,0.0000,0.0000,0.8423,0.2846,0.5581,240.8750,enc,0.0000
1786091845.747053,0.1027,0.0,0.0,0.0000,0.0000,0.8423,0.2846,0.5581,240.8750,enc,0.0000
1786091845.855938,0.1089,0.0,0.0,0.0000,0.0000,0.8423,0.2846,0.5581,240.8750,enc,0.0000
1786091845.958218,0.1023,0.0,0.0,0.0000,0.0000,0.8423,0.2846,0.5581,240.8750,enc,0.0000
1786091846.061565,0.1033,0.0,0.0,0.0000,0.0000,0.8423,0.2846,0.5581,240.8750,enc,0.0000
1786091846.167013,0.1054,0.0,0.0,0.0000,0.0000,0.8423,0.2846,0.5581,240.8750,enc,0.0000
1786091846.269587,0.1026,0.0,0.0,0.0000,0.0000,0.8423,0.2846,0.5581,240.8750,enc,0.0000
1786091846.373506,0.1039,0.0,0.0,0.0000,0.0000,0.8423,0.2846,0.5581,240.8750,enc,0.0000
1786091846.477162,0.1037,0.0,0.0,0.0000,0.0000,0.8423,0.2846,0.5581,240.8750,enc,0.0000
1786091846.584530,0.1074,0.0,0.0,0.0000,0.0000,0.8423,0.2846,0.5581,240.8750,enc,0.0000
1786091846.687054,0.1025,0.0,0.0,0.0000,0.0000,0.8423,0.2846,0.5581,240.8750,enc,0.0000
1786091846.799762,0.1127,0.0,0.0,0.0000,0.0000,0.8423,0.2846,0.5581,240.8750,enc,0.0000
1786091846.894058,0.0943,0.0,0.0,0.0000,0.0000,0.8423,0.2846,0.5581,240.8750,enc,0.0000
1786091846.995091,0.1010,0.0,0.0,0.0000,0.0000,0.8423,0.2846,0.5581,240.8750,enc,0.0000
1786091847.095963,0.1009,0.0,0.0,0.0000,0.0000,0.8423,0.2846,0.5581,240.8750,enc,0.0000
1786091847.204016,0.1081,0.0,0.0,0.0000,0.0000,0.8423,0.2846,0.5581,240.8750,enc,0.0000
1786091847.303599,0.0996,0.0,0.0,0.0000,0.0000,0.8423,0.2846,0.5581,240.8750,enc,0.0000
1786091847.405948,0.1023,0.0,0.0,0.0000,0.0000,0.8423,0.2846,0.5581,240.8750,enc,0.0000
1786091847.512771,0.1068,0.0,0.0,0.0000,0.0000,0.8423,0.2846,0.5581,240.8750,enc,0.0000
1786091847.623978,0.1112,0.0,0.0,0.0000,0.0000,0.8423,0.2846,0.5581,240.8750,enc,0.0000
1786091847.717076,0.0931,0.0,0.0,0.0000,0.0000,0.8423,0.2846,0.5581,240.8750,enc,0.0000
1786091847.825748,0.1087,0.0,0.0,0.0000,0.0000,0.8423,0.2846,0.5581,240.8750,enc,0.0000
1786091847.931566,0.1058,0.0,0.0,0.0000,0.0000,0.8423,0.2846,0.5581,240.8750,enc,0.0000
1786091848.050573,0.1190,0.0,0.0,0.0000,0.0000,0.8423,0.2846,0.5581,240.8750,enc,0.0000
1786091848.138707,0.0881,0.0,0.0,0.0000,0.0000,0.8423,0.2846,0.5581,240.8750,enc,0.0000
1786091848.239362,0.1007,0.0,0.0,0.0000,0.0000,0.8423,0.2846,0.5581,240.8750,enc,0.0000
1786091848.355740,0.1164,0.0,0.0,0.0000,0.0000,0.8423,0.2846,0.5581,240.8750,enc,0.0000
1786091848.443758,0.0880,0.0,0.0,0.0000,0.0000,0.8423,0.2846,0.5581,240.8750,enc,0.0000
1786091848.551028,0.1073,0.0,0.0,0.0000,0.0000,0.8423,0.2846,0.5581,240.8750,enc,0.0000
1786091848.652391,0.1014,0.0,0.0,0.0000,0.0000,0.8423,0.2846,0.5581,240.8750,enc,0.0000
1786091848.754991,0.1026,0.0,0.0,0.0000,0.0000,0.8423,0.2846,0.5581,240.8750,enc,0.0000
1786091848.860898,0.1059,0.0,0.0,0.0000,0.0000,0.8423,0.2846,0.5581,240.8750,enc,0.0000
1786091848.971425,0.1105,0.0,0.0,0.0000,0.0000,0.8423,0.2846,0.5581,240.8750,enc,0.0000
1786091849.082307,0.1109,0.0,0.0,0.0000,0.0000,0.8423,0.2846,0.5581,240.8750,enc,0.0000
1786091849.171868,0.0896,0.0,0.0,0.0000,0.0000,0.8423,0.2846,0.5581,240.8750,enc,0.0000
1786091849.277693,0.1058,0.0,0.0,0.0000,0.0000,0.8423,0.2846,0.5581,240.8750,enc,0.0000
1786091849.388163,0.1105,0.0,0.0,0.0000,0.0000,0.8423,0.2846,0.5581,240.8750,enc,0.0000
1786091849.485869,0.0977,0.0,0.0,0.0000,0.0000,0.8423,0.2846,0.5581,240.8750,enc,0.0000
1786091849.601006,0.1151,0.0,0.0,0.0000,0.0000,0.8423,0.2846,0.5581,240.8750,enc,0.0000
1786091849.691643,0.0906,0.0,0.0,0.0000,0.0000,0.8423,0.2846,0.5581,240.8750,enc,0.0000
1786091849.792799,0.1012,0.0,0.0,0.0000,0.0000,0.8423,0.2846,0.5581,240.8750,enc,0.0000
1786091849.922084,0.1293,0.0,0.0,0.0000,0.0000,0.8423,0.2846,0.5581,240.8750,enc,0.0000
1786091850.004949,0.0829,0.0,0.0,0.0000,0.0000,0.8423,0.2846,0.5581,240.8750,enc,0.0000
1786091850.105554,0.1006,0.0,0.0,0.0000,0.0000,0.8423,0.2846,0.5581,240.8750,enc,0.0000
1786091850.262900,0.1573,0.0,0.0,0.0000,0.0000,0.8423,0.2846,0.5581,240.8750,enc,0.0000
1786091850.313851,0.0510,0.0,0.0,0.0000,0.0000,0.8423,0.2846,0.5581,240.8750,enc,0.0000
1786091850.516949,0.2031,0.0,0.0,0.0000,0.0000,0.8423,0.2846,0.5581,240.8750,enc,0.0000
1786091850.521163,0.0042,0.0,0.0,0.0000,0.0000,0.8423,0.2846,0.5581,240.8750,enc,0.0000
1786091850.753242,0.2321,0.0,0.0,0.0000,0.0000,0.8423,0.2846,0.5581,240.8750,enc,0.0000
1786091850.753293,0.0001,0.0,0.0,0.0000,0.0000,0.8423,0.2846,0.5581,240.8750,enc,0.0000
1786091850.829967,0.0767,0.0,0.0,0.0000,0.0000,0.8423,0.2846,0.5581,240.8750,enc,0.0000
1786091850.998751,0.1688,0.0,0.0,0.0000,0.0000,0.8423,0.2846,0.5581,240.8750,enc,0.0000
1786091851.046355,0.0476,0.0,0.0,0.0000,0.0000,0.8423,0.2846,0.5581,240.8750,enc,0.0000
1786091851.243984,0.1976,0.0,0.0,0.0000,0.0000,0.8423,0.2846,0.5581,240.8750,enc,0.0000
1786091851.247873,0.0039,0.0,0.0,0.0000,0.0000,0.8423,0.2846,0.5581,240.8750,enc,0.0000
1786091851.508966,0.2611,0.0,0.0,0.0000,0.0000,0.8423,0.2846,0.5581,240.8750,enc,0.0000
1786091851.510635,0.0017,0.0,0.0,0.0000,0.0000,0.8423,0.2846,0.5581,240.8750,enc,0.0000
1786091851.568579,0.0579,0.0,0.0,0.0000,0.0000,0.8423,0.2846,0.5581,240.8750,enc,0.0000
1786091851.750565,0.1820,0.0,0.0,0.0000,0.0000,0.8423,0.2846,0.5581,240.8750,enc,0.0000
1786091851.763943,0.0134,0.0,0.0,0.0000,0.0000,0.8423,0.2846,0.5581,240.8750,enc,0.0000
1786091852.002472,0.2385,0.0,0.0,0.0000,0.0000,0.8423,0.2846,0.5581,240.8750,enc,0.0000
1786091852.002519,0.0000,0.0,0.0,0.0000,0.0000,0.8423,0.2846,0.5581,240.8750,enc,0.0000
1786091852.079424,0.0769,0.0,0.0,0.0000,0.0000,0.8423,0.2846,0.5581,240.8750,enc,0.0000
1786091852.253647,0.1742,0.0,0.0,0.0000,0.0000,0.8423,0.2846,0.5581,240.8750,enc,0.0000
1786091852.284836,0.0312,0.0,0.0,0.0000,0.0000,0.8423,0.2846,0.5581,240.8750,enc,0.0000
1786091852.502891,0.2181,0.0,0.0,0.0000,0.0000,0.8423,0.2846,0.5581,240.8750,enc,0.0000
1786091852.502947,0.0001,0.0,0.0,0.0000,0.0000,0.8423,0.2846,0.5581,240.8750,enc,0.0000
1786091852.604477,0.1015,0.0,0.0,0.0000,0.0000,0.8423,0.2846,0.5581,240.8750,enc,0.0000
1786091852.751081,0.1466,0.0,0.0,0.0000,0.0000,0.8423,0.2846,0.5581,240.8750,enc,0.0000
1786091852.800894,0.0498,0.0,0.0,0.0000,0.0000,0.8423,0.2846,0.5581,240.8750,enc,0.0000
1786091853.004973,0.2041,0.0,0.0,0.0000,0.0000,0.8423,0.2846,0.5581,240.8750,enc,0.0000
1786091853.010594,0.0056,0.0,0.0,0.0000,0.0000,0.8423,0.2846,0.5581,240.8750,enc,0.0000
1786091853.255176,0.2446,0.0,0.0,0.0000,0.0000,0.8423,0.2846,0.5581,240.8750,enc,0.0000
1786091853.255221,0.0000,0.0,0.0,0.0000,0.0000,0.8423,0.2846,0.5581,240.8750,enc,0.0000
1786091853.319169,0.0639,0.0,0.0,0.0000,0.0000,0.8423,0.2846,0.5581,240.8750,enc,0.0000
1786091853.504687,0.1855,0.0,0.0,0.0000,0.0000,0.8423,0.2846,0.5581,240.8750,enc,0.0000
1786091853.525494,0.0208,0.0,0.0,0.0000,0.0000,0.8423,0.2846,0.5581,240.8750,enc,0.0000
1786091853.762028,0.2365,0.0,0.0,0.0000,0.0000,0.8423,0.2846,0.5581,240.8750,enc,0.0000
1786091853.762068,0.0000,0.0,0.0,0.0000,0.0000,0.8423,0.2846,0.5581,240.8750,enc,0.0000
1786091853.841096,0.0790,0.0,0.0,0.0000,0.0000,0.8423,0.2846,0.5581,240.8750,enc,0.0000
1786091854.009569,0.1685,0.0,0.0,0.0000,0.0000,0.8423,0.2846,0.5581,240.8750,enc,0.0000
1786091854.043329,0.0338,0.0,0.0,0.0000,0.0000,0.8423,0.2846,0.5581,240.8750,enc,0.0000
1786091854.266426,0.2231,0.0,0.0,0.0000,0.0000,0.8423,0.2846,0.5581,240.8750,enc,0.0000
1786091854.266486,0.0001,0.0,0.0,0.0000,0.0000,0.8423,0.2846,0.5581,240.8750,enc,0.0000
1786091854.357447,0.0910,0.0,0.0,0.0000,0.0000,0.8423,0.2846,0.5581,240.8750,enc,0.0000
1786091854.515984,0.1585,0.0,0.0,0.0000,0.0000,0.8423,0.2846,0.5581,240.8750,enc,0.0000
1786091854.565777,0.0498,0.0,0.0,0.0000,0.0000,0.8423,0.2846,0.5581,240.8750,enc,0.0000
1786091854.770417,0.2046,0.0,0.0,0.0000,0.0000,0.8423,0.2846,0.5581,240.8750,enc,0.0000
1786091854.774236,0.0038,0.0,0.0,0.0000,0.0000,0.8423,0.2846,0.5581,240.8750,enc,0.0000
1786091855.024652,0.2504,0.0,0.0,0.0000,0.0000,0.8423,0.2846,0.5581,240.8750,enc,0.0000
1786091855.024701,0.0000,0.0,0.0,0.0000,0.0000,0.8423,0.2846,0.5581,240.8750,enc,0.0000
1786091855.079933,0.0552,0.0,0.0,0.0000,0.0000,0.8423,0.2846,0.5581,240.8750,enc,0.0000
1786091855.188372,0.1084,0.0,0.0,0.0000,0.0000,0.8423,0.2846,0.5581,240.8750,enc,0.0000
1786091855.290291,0.1019,0.0,0.0,0.0000,0.0000,0.8423,0.2846,0.5581,240.8750,enc,0.0000
1786091855.394391,0.1041,0.0,0.0,0.0000,0.0000,0.8423,0.2846,0.5581,240.8750,enc,0.0000
1786091855.499044,0.1047,0.0,0.0,0.0000,0.0000,0.8423,0.2846,0.5581,240.8750,enc,0.0000
1786091855.607569,0.1085,0.0,0.0,0.0000,0.0000,0.8423,0.2846,0.5581,240.8750,enc,0.0000
1786091855.710129,0.1026,0.0,0.0,0.0000,0.0000,0.8423,0.2846,0.5581,240.8750,enc,0.0000
1786091855.806303,0.0962,0.0,0.0,0.0000,0.0000,0.8423,0.2846,0.5581,240.8750,enc,0.0000
1786091855.913829,0.1075,0.0,0.0,0.0000,0.0000,0.8423,0.2846,0.5581,240.8750,enc,0.0000
1786091856.015838,0.1020,0.0,0.0,0.0000,0.0000,0.8423,0.2846,0.5581,240.8750,enc,0.0000
1786091856.123622,0.1078,0.0,0.0,0.0000,0.0000,0.8423,0.2846,0.5581,240.8750,enc,0.0000
1786091856.234884,0.1113,0.0,0.0,0.0000,0.0000,0.8423,0.2846,0.5581,240.8750,enc,0.0000
1786091856.343804,0.1089,0.0,0.0,0.0000,0.0000,0.8423,0.2846,0.5581,240.8750,enc,0.0000
1786091856.432996,0.0892,0.0,0.0,0.0000,0.0000,0.8423,0.2846,0.5581,240.8750,enc,0.0000
1786091856.544037,0.1110,0.0,0.0,0.0000,0.0000,0.8423,0.2846,0.5581,240.8750,enc,0.0000
1786091856.637832,0.0938,0.0,0.0,0.0000,0.0000,0.8423,0.2846,0.5581,240.8750,enc,0.0000
1786091856.741926,0.1041,0.0,0.0,0.0000,0.0000,0.8423,0.2846,0.5581,240.8750,enc,0.0000
1786091856.861613,0.1197,0.0,0.0,0.0000,0.0000,0.8423,0.2846,0.5581,240.8750,enc,0.0000
1786091856.949505,0.0879,0.0,0.0,0.0000,0.0000,0.8423,0.2846,0.5581,240.8750,enc,0.0000
1786091857.055608,0.1061,0.0,0.0,0.0000,0.0000,0.8423,0.2846,0.5581,240.8750,enc,0.0000
1786091857.158075,0.1025,0.0,0.0,0.0000,0.0000,0.8423,0.2846,0.5581,240.8750,enc,0.0000
1786091857.262041,0.1040,0.0,0.0,0.0000,0.0000,0.8423,0.2846,0.5581,240.8750,enc,0.0000
1786091857.370166,0.1081,0.0,0.0,0.0000,0.0000,0.8423,0.2846,0.5581,240.8750,enc,0.0000
1786091857.465043,0.0949,0.0,0.0,0.0000,0.0000,0.8423,0.2846,0.5581,240.8750,enc,0.0000
1786091857.573892,0.1088,0.0,0.0,0.0000,0.0000,0.8423,0.2846,0.5581,240.8750,enc,0.0000
1786091857.677448,0.1036,0.0,0.0,0.0000,0.0000,0.8423,0.2846,0.5581,240.8750,enc,0.0000
1786091857.778219,0.1008,0.0,0.0,0.0000,0.0000,0.8423,0.2846,0.5581,240.8750,enc,0.0000
1786091857.885786,0.1076,0.0,0.0,0.0000,0.0000,0.8423,0.2846,0.5581,240.8750,enc,0.0000
1786091857.990008,0.1042,0.0,0.0,0.0000,0.0000,0.8423,0.2846,0.5581,240.8750,enc,0.0000
1786091858.091712,0.1017,0.0,0.0,0.0000,0.0000,0.8423,0.2846,0.5581,240.8750,enc,0.0000
1786091858.205742,0.1140,0.0,0.0,0.0000,0.0000,0.8423,0.2846,0.5581,240.8750,enc,0.0000
1786091858.300334,0.0946,0.0,0.0,0.0000,0.0000,0.8423,0.2846,0.5581,240.8750,enc,0.0000
1786091858.418259,0.1179,0.0,0.0,0.0000,0.0000,0.8423,0.2846,0.5581,240.8750,enc,0.0000
1786091858.506155,0.0879,0.0,0.0,0.0000,0.0000,0.8423,0.2846,0.5581,240.8750,enc,0.0000
1786091858.615819,0.1097,0.0,0.0,0.0000,0.0000,0.8423,0.2846,0.5581,240.8750,enc,0.0000
1786091858.718462,0.1026,0.0,0.0,0.0000,0.0000,0.8423,0.2846,0.5581,240.8750,enc,0.0000
1786091858.818881,0.1004,0.0,0.0,0.0000,0.0000,0.8423,0.2846,0.5581,240.8750,enc,0.0000
1786091858.929392,0.1105,0.0,0.0,0.0000,0.0000,0.8423,0.2846,0.5581,240.8750,enc,0.0000
1786091859.029397,0.1000,0.0,0.0,0.0000,0.0000,0.8423,0.2846,0.5581,240.8750,enc,0.0000
1786091859.133008,0.1036,0.0,0.0,0.0000,0.0000,0.8423,0.2846,0.5581,240.8750,enc,0.0000
1786091859.243054,0.1100,0.0,0.0,0.0000,0.0000,0.8423,0.2846,0.5581,240.8750,enc,0.0000
1786091859.361391,0.1183,0.0,0.0,0.0000,0.0000,0.8423,0.2846,0.5581,240.8750,enc,0.0000
1786091859.448296,0.0869,0.0,0.0,0.0000,0.0000,0.8423,0.2846,0.5581,240.8750,enc,0.0000
1786091859.554044,0.1057,0.0,0.0,0.0000,0.0000,0.8423,0.2846,0.5581,240.8750,enc,0.0000
1786091859.656900,0.1029,0.0,0.0,0.0000,0.0000,0.8423,0.2846,0.5581,240.8750,enc,0.0000
1786091859.759883,0.1030,0.0,0.0,0.0000,0.0000,0.8423,0.2846,0.5581,240.8750,enc,0.0000
1786091859.860797,0.1009,0.0,0.0,0.0000,0.0000,0.8423,0.2846,0.5581,240.8750,enc,0.0000
1786091859.974217,0.1134,0.0,0.0,0.0000,0.0000,0.8423,0.2846,0.5581,240.8750,enc,0.0000
1786091860.072488,0.0983,0.0,0.0,0.0000,0.0000,0.8423,0.2846,0.5581,240.8750,enc,0.0000
1786091860.172512,0.1000,0.0,0.0,0.0000,0.0000,0.8423,0.2846,0.5581,240.8750,enc,0.0000
1786091860.282024,0.1095,0.0,0.0,0.0000,0.0000,0.8423,0.2846,0.5581,240.8750,enc,0.0000
1786091860.381214,0.0992,0.0,0.0,0.0000,0.0000,0.8423,0.2846,0.5581,240.8750,enc,0.0000
1786091860.489334,0.1081,0.0,0.0,0.0000,0.0000,0.8423,0.2846,0.5581,240.8750,enc,0.0000
1786091860.597026,0.1077,0.0,0.0,0.0000,0.0000,0.8423,0.2846,0.5581,240.8750,enc,0.0000
1786091860.695827,0.0988,0.0,0.0,0.0000,0.0000,0.8423,0.2846,0.5581,240.8750,enc,0.0000
1786091860.798753,0.1029,0.0,0.0,0.0000,0.0000,0.8423,0.2846,0.5581,240.8750,enc,0.0000
1786091860.905049,0.1063,0.0,0.0,0.0000,0.0000,0.8423,0.2846,0.5581,240.8750,enc,0.0000
1786091861.006828,0.1018,0.0,0.0,0.0000,0.0000,0.8423,0.2846,0.5581,240.8750,enc,0.0000
1786091861.110344,0.1035,0.0,0.0,0.0000,0.0000,0.8423,0.2846,0.5581,240.8750,enc,0.0000
1786091861.211632,0.1013,0.0,0.0,0.0000,0.0000,0.8423,0.2846,0.5581,240.8750,enc,0.0000
1786091861.319021,0.1074,0.0,0.0,0.0000,0.0000,0.8423,0.2846,0.5581,240.8750,enc,0.0000
1786091861.420677,0.1017,0.0,0.0,0.0000,0.0000,0.8423,0.2846,0.5581,240.8750,enc,0.0000
1786091861.521574,0.1009,0.0,0.0,0.0000,0.0000,0.8423,0.2846,0.5581,240.8750,enc,0.0000
1786091861.630037,0.1085,0.0,0.0,0.0000,0.0000,0.8423,0.2846,0.5581,240.8750,enc,0.0000
1786091861.729368,0.0993,0.0,0.0,0.0000,0.0000,0.8423,0.2846,0.5581,240.8750,enc,0.0000
1786091861.832438,0.1031,0.0,0.0,0.0000,0.0000,0.8423,0.2846,0.5581,240.8750,enc,0.0000
1786091861.940947,0.1085,0.0,0.0,0.0000,0.0000,0.8423,0.2846,0.5581,240.8750,enc,0.0000
1786091862.041971,0.1010,0.0,0.0,0.0000,0.0000,0.8423,0.2846,0.5581,240.8750,enc,0.0000
1786091862.143070,0.1011,0.0,0.0,0.0000,0.0000,0.8423,0.2846,0.5581,240.8750,enc,0.0000
1786091862.251997,0.1089,0.0,0.0,0.0000,0.0000,0.8423,0.2846,0.5581,240.8750,enc,0.0000
1786091862.353495,0.1015,0.0,0.0,0.0000,0.0000,0.8423,0.2846,0.5581,240.8750,enc,0.0000
1786091862.455898,0.1024,0.0,0.0,0.0000,0.0000,0.8423,0.2846,0.5581,240.8750,enc,0.0000
1786091862.560999,0.1051,0.0,0.0,0.0000,0.0000,0.8423,0.2846,0.5581,240.8750,enc,0.0000
1786091862.666039,0.1050,0.0,0.0,0.0000,0.0000,0.8423,0.2846,0.5581,240.8750,enc,0.0000
1786091862.768933,0.1029,0.0,0.0,0.0000,0.0000,0.8423,0.2846,0.5581,240.8750,enc,0.0000
1786091862.870987,0.1021,0.0,0.0,0.0000,0.0000,0.8423,0.2846,0.5581,240.8750,enc,0.0000
1786091862.977023,0.1060,0.0,0.0,0.0000,0.0000,0.8423,0.2846,0.5581,240.8750,enc,0.0000
1786091863.090876,0.1139,0.0,0.0,0.0000,0.0000,0.8423,0.2846,0.5581,240.8750,enc,0.0000
1786091863.179746,0.0889,0.0,0.0,0.0000,0.0000,0.8423,0.2846,0.5581,240.8750,enc,0.0000
1786091863.287429,0.1077,0.0,0.0,0.0000,0.0000,0.8423,0.2846,0.5581,240.8750,enc,0.0000
1786091863.387635,0.1002,0.0,0.0,0.0000,0.0000,0.8423,0.2846,0.5581,240.8750,enc,0.0000
1786091863.492968,0.1053,0.0,0.0,0.0000,0.0000,0.8423,0.2846,0.5581,240.8750,enc,0.0000
1786091863.599014,0.1060,0.0,0.0,0.0000,0.0000,0.8423,0.2846,0.5581,240.8750,enc,0.0000
1786091863.703731,0.1047,0.0,0.0,0.0000,0.0000,0.8423,0.2846,0.5581,240.8750,enc,0.0000
1786091863.807437,0.1037,0.0,0.0,0.0000,0.0000,0.8423,0.2846,0.5581,240.8750,enc,0.0000
1786091863.909024,0.1016,0.0,0.0,0.0000,0.0000,0.8423,0.2846,0.5581,240.8750,enc,0.0000
1786091864.012085,0.1031,0.0,0.0,0.0000,0.0000,0.8423,0.2846,0.5581,240.8750,enc,0.0000
1786091864.116874,0.1048,0.0,0.0,0.0000,0.0000,0.8423,0.2846,0.5581,240.8750,enc,0.0000
1786091864.233383,0.1165,0.0,0.0,0.0000,0.0000,0.8423,0.2846,0.5581,240.8750,enc,0.0000
1786091864.323974,0.0906,0.0,0.0,0.0000,0.0000,0.8423,0.2846,0.5581,240.8750,enc,0.0000
1786091864.426986,0.1030,0.0,0.0,0.0000,0.0000,0.8423,0.2846,0.5581,240.8750,enc,0.0000
1786091864.530411,0.1034,0.0,0.0,0.0000,0.0000,0.8423,0.2846,0.5581,240.8750,enc,0.0000
1786091864.636965,0.1066,0.0,0.0,0.0000,0.0000,0.8423,0.2846,0.5581,240.8750,enc,0.0000
1786091864.740211,0.1032,0.0,0.0,0.0000,0.0000,0.8423,0.2846,0.5581,240.8750,enc,0.0000
1786091864.839363,0.0992,0.0,0.0,0.0000,0.0000,0.8423,0.2846,0.5581,240.8750,enc,0.0000
1786091864.947569,0.1082,0.0,0.0,0.0000,0.0000,0.8423,0.2846,0.5581,240.8750,enc,0.0000
1786091865.049927,0.1024,0.0,0.0,0.0000,0.0000,0.8423,0.2846,0.5581,240.8750,enc,0.0000
1786091865.262864,0.2129,0.0,0.0,0.0000,0.0000,0.8423,0.2846,0.5581,240.8750,enc,0.0000
1786091865.263004,0.0001,0.0,0.0,0.0000,0.0000,0.8423,0.2846,0.5581,240.8750,enc,0.0000
1786091865.363265,0.1003,0.0,0.0,0.0000,0.0000,0.8423,0.2846,0.5581,240.8750,enc,0.0000
1786091865.516031,0.1528,0.0,0.0,0.0000,0.0000,0.8423,0.2846,0.5581,240.8750,enc,0.0000
1786091865.569899,0.0539,0.0,0.0,0.0000,0.0000,0.8423,0.2846,0.5581,240.8750,enc,0.0000
1786091865.761863,0.1920,0.0,0.0,0.0000,0.0000,0.8423,0.2846,0.5581,240.8750,enc,0.0000
1786091865.773986,0.0121,0.0,0.0,0.0000,0.0000,0.8423,0.2846,0.5581,240.8750,enc,0.0000
1786091866.015448,0.2415,0.0,0.0,0.0000,0.0000,0.8423,0.2846,0.5581,240.8750,enc,0.0000
1786091866.015505,0.0001,0.0,0.0,0.0000,0.0000,0.8423,0.2846,0.5581,240.8750,enc,0.0000
1786091866.085431,0.0699,0.0,0.0,0.0000,0.0000,0.8423,0.2846,0.5581,240.8750,enc,0.0000
1786091866.261295,0.1759,0.0,0.0,0.0000,0.0000,0.8423,0.2846,0.5581,240.8750,enc,0.0000
1786091866.293136,0.0318,0.0,0.0,0.0000,0.0000,0.8423,0.2846,0.5581,240.8750,enc,0.0000
1786091866.515830,0.2227,0.0,0.0,0.0000,0.0000,0.8423,0.2846,0.5581,240.8750,enc,0.0000
1786091866.515890,0.0001,0.0,0.0,0.0000,0.0000,0.8423,0.2846,0.5581,240.8750,enc,0.0000
1786091866.606845,0.0910,0.0,0.0,0.0000,0.0000,0.8423,0.2846,0.5581,240.8750,enc,0.0000
1786091866.770446,0.1636,0.0,0.0,0.0000,0.0000,0.8423,0.2846,0.5581,240.8750,enc,0.0000
1786091866.815276,0.0448,0.0,0.0,0.0000,0.0000,0.8423,0.2846,0.5581,240.8750,enc,0.0000
1786091867.021563,0.2063,0.0,0.0,0.0000,0.0000,0.8423,0.2846,0.5581,240.8750,enc,0.0000
1786091867.022843,0.0013,0.0,0.0,0.0000,0.0000,0.8423,0.2846,0.5581,240.8750,enc,0.0000
1786091867.273019,0.2502,0.0,0.0,0.0000,0.0000,0.8423,0.2846,0.5581,240.8750,enc,0.0000
1786091867.273071,0.0001,0.0,0.0,0.0000,0.0000,0.8423,0.2846,0.5581,240.8750,enc,0.0000
1786091867.342690,0.0696,0.0,0.0,0.0000,0.0000,0.8423,0.2846,0.5581,240.8750,enc,0.0000
1786091867.522937,0.1802,0.0,0.0,0.0000,0.0000,0.8423,0.2846,0.5581,240.8750,enc,0.0000
1786091867.537680,0.0147,0.0,0.0,0.0000,0.0000,0.8423,0.2846,0.5581,240.8750,enc,0.0000
1786091867.772501,0.2348,0.0,0.0,0.0000,0.0000,0.8423,0.2846,0.5581,240.8750,enc,0.0000
1786091867.772830,0.0003,0.0,0.0,0.0000,0.0000,0.8423,0.2846,0.5581,240.8750,enc,0.0000
1786091867.848160,0.0753,0.0,0.0,0.0000,0.0000,0.8423,0.2846,0.5581,240.8750,enc,0.0000
1786091868.027778,0.1796,0.0,0.0,0.0000,0.0000,0.8423,0.2846,0.5581,240.8750,enc,0.0000
1786091868.057661,0.0299,0.0,0.0,0.0000,0.0000,0.8423,0.2846,0.5581,240.8750,enc,0.0000
1786091868.272839,0.2152,0.0,0.0,0.0000,0.0000,0.8423,0.2846,0.5581,240.8750,enc,0.0000
1786091868.272891,0.0001,0.0,0.0,0.0000,0.0000,0.8423,0.2846,0.5581,240.8750,enc,0.0000
1786091868.371722,0.0988,0.0,0.0,0.0000,0.0000,0.8423,0.2846,0.5581,240.8750,enc,0.0000
1786091868.523978,0.1523,0.0,0.0,0.0000,0.0000,0.8423,0.2846,0.5581,240.8750,enc,0.0000
1786091868.584825,0.0608,0.0,0.0,0.0000,0.0000,0.8423,0.2846,0.5581,240.8750,enc,0.0000
1786091868.779402,0.1946,0.0,0.0,0.0000,0.0000,0.8423,0.2846,0.5581,240.8750,enc,0.0000
1786091868.783634,0.0042,0.0,0.0,0.0000,0.0000,0.8423,0.2846,0.5581,240.8750,enc,0.0000
1786091869.031816,0.2482,0.0,0.0,0.0000,0.0000,0.8423,0.2846,0.5581,240.8750,enc,0.0000
1786091869.031863,0.0000,0.0,0.0,0.0000,0.0000,0.8423,0.2846,0.5581,240.8750,enc,0.0000
1786091869.092001,0.0601,0.0,0.0,0.0000,0.0000,0.8423,0.2846,0.5581,240.8750,enc,0.0000
1786091869.278885,0.1869,0.0,0.0,0.0000,0.0000,0.8423,0.2846,0.5581,240.8750,enc,0.0000
1786091869.299444,0.0206,0.0,0.0,0.0000,0.0000,0.8423,0.2846,0.5581,240.8750,enc,0.0000
1786091869.533979,0.2345,0.0,0.0,0.0000,0.0000,0.8423,0.2846,0.5581,240.8750,enc,0.0000
1786091869.534031,0.0001,0.0,0.0,0.0000,0.0000,0.8423,0.2846,0.5581,240.8750,enc,0.0000
1786091869.627928,0.0939,0.0,0.0,0.0000,0.0000,0.8423,0.2846,0.5581,240.8750,enc,0.0000
1786091869.789917,0.1620,0.0,0.0,0.0000,0.0000,0.8423,0.2846,0.5581,240.8750,enc,0.0000
1786091869.818388,0.0285,0.0,0.0,0.0000,0.0000,0.8423,0.2846,0.5581,240.8750,enc,0.0000
1786091870.043855,0.2255,0.0,0.0,0.0000,0.0000,0.8423,0.2846,0.5581,240.8750,enc,0.0000
1786091870.044361,0.0005,0.0,0.0,0.0000,0.0000,0.8423,0.2846,0.5581,240.8750,enc,0.0000
1786091870.135699,0.0913,0.0,0.0,0.0000,0.0000,0.8423,0.2846,0.5581,240.8750,enc,0.0000
1786091870.234030,0.0983,0.0,0.0,0.0000,0.0000,0.8423,0.2846,0.5581,240.8750,enc,0.0000
1786091870.340691,0.1067,0.0,0.0,0.0000,0.0000,0.8423,0.2846,0.5581,240.8750,enc,0.0000
1786091870.443584,0.1029,0.0,0.0,0.0000,0.0000,0.8423,0.2846,0.5581,240.8750,enc,0.0000
1786091870.545433,0.1018,0.0,0.0,0.0000,0.0000,0.8423,0.2846,0.5581,240.8750,enc,0.0000
1786091870.652051,0.1066,0.0,0.0,0.0000,0.0000,0.8423,0.2846,0.5581,240.8750,enc,0.0000
1786091870.751427,0.0994,0.0,0.0,0.0000,0.0000,0.8423,0.2846,0.5581,240.8750,enc,0.0000
1786091870.855020,0.1036,0.0,0.0,0.0000,0.0000,0.8423,0.2846,0.5581,240.8750,enc,0.0000
1786091870.967047,0.1120,0.0,0.0,0.0000,0.0000,0.8423,0.2846,0.5581,240.8750,enc,0.0000
1786091871.068792,0.1017,0.0,0.0,0.0000,0.0000,0.8423,0.2846,0.5581,240.8750,enc,0.0000
1786091871.172542,0.1037,0.0,0.0,0.0000,0.0000,0.8423,0.2846,0.5581,240.8750,enc,0.0000
1786091871.274695,0.1022,0.0,0.0,0.0000,0.0000,0.8423,0.2846,0.5581,240.8750,enc,0.0000
1786091871.377919,0.1032,0.0,0.0,0.0000,0.0000,0.8423,0.2846,0.5581,240.8750,enc,0.0000
1786091871.482841,0.1049,0.0,0.0,0.0000,0.0000,0.8423,0.2846,0.5581,240.8750,enc,0.0000
1786091871.582433,0.0996,0.0,0.0,0.0000,0.0000,0.8423,0.2846,0.5581,240.8750,enc,0.0000
1786091871.686878,0.1044,0.0,0.0,0.0000,0.0000,0.8423,0.2846,0.5581,240.8750,enc,0.0000
1786091871.790233,0.1034,0.0,0.0,0.0000,0.0000,0.8423,0.2846,0.5581,240.8750,enc,0.0000
1786091871.892314,0.1021,0.0,0.0,0.0000,0.0000,0.8423,0.2846,0.5581,240.8750,enc,0.0000
1786091872.000004,0.1077,0.0,0.0,0.0000,0.0000,0.8423,0.2846,0.5581,240.8750,enc,0.0000
1786091872.098270,0.0983,0.0,0.0,0.0000,0.0000,0.8423,0.2846,0.5581,240.8750,enc,0.0000
1786091872.202490,0.1042,0.0,0.0,0.0000,0.0000,0.8423,0.2846,0.5581,240.8750,enc,0.0000
1786091872.309790,0.1073,0.0,0.0,0.0000,0.0000,0.8423,0.2846,0.5581,240.8750,enc,0.0000
1786091872.414248,0.1045,0.0,0.0,0.0000,0.0000,0.8423,0.2846,0.5581,240.8750,enc,0.0000
1786091872.513036,0.0988,0.0,0.0,0.0000,0.0000,0.8423,0.2846,0.5581,240.8750,enc,0.0000
1786091872.619957,0.1069,0.0,0.0,0.0000,0.0000,0.8423,0.2846,0.5581,240.8750,enc,0.0000
1786091872.723603,0.1036,0.0,0.0,0.0000,0.0000,0.8423,0.2846,0.5581,240.8750,enc,0.0000
1786091872.826703,0.1031,0.0,0.0,0.0000,0.0000,0.8423,0.2846,0.5581,240.8750,enc,0.0000
1786091872.931191,0.1045,0.0,0.0,0.0000,0.0000,0.8423,0.2846,0.5581,240.8750,enc,0.0000
1786091873.035837,0.1046,0.0,0.0,0.0000,0.0000,0.8423,0.2846,0.5581,240.8750,enc,0.0000
1786091873.137960,0.1021,0.0,0.0,0.0000,0.0000,0.8423,0.2846,0.5581,240.8750,enc,0.0000
1786091873.239346,0.1014,0.0,0.0,0.0000,0.0000,0.8423,0.2846,0.5581,240.8750,enc,0.0000
1786091873.345796,0.1064,0.0,0.0,0.0000,0.0000,0.8423,0.2846,0.5581,240.8750,enc,0.0000
1786091873.447875,0.1021,0.0,0.0,0.0000,0.0000,0.8423,0.2846,0.5581,240.8750,enc,0.0000
1786091873.550359,0.1025,0.0,0.0,0.0000,0.0000,0.8423,0.2846,0.5581,240.8750,enc,0.0000
1786091873.656450,0.1061,0.0,0.0,0.0000,0.0000,0.8423,0.2846,0.5581,240.8750,enc,0.0000
1786091873.756659,0.1002,0.0,0.0,0.0000,0.0000,0.8423,0.2846,0.5581,240.8750,enc,0.0000
1786091873.860960,0.1043,0.0,0.0,0.0000,0.0000,0.8423,0.2846,0.5581,240.8750,enc,0.0000
1786091873.977887,0.1169,0.0,0.0,0.0000,0.0000,0.8423,0.2846,0.5581,240.8750,enc,0.0000
1786091874.068352,0.0905,0.0,0.0,0.0000,0.0000,0.8423,0.2846,0.5581,240.8750,enc,0.0000
1786091874.174469,0.1061,0.0,0.0,0.0000,0.0000,0.8423,0.2846,0.5581,240.8750,enc,0.0000
1786091874.277750,0.1033,0.0,0.0,0.0000,0.0000,0.8423,0.2846,0.5581,240.8750,enc,0.0000
1786091874.391858,0.1141,0.0,0.0,0.0000,0.0000,0.8423,0.2846,0.5581,240.8750,enc,0.0000
1786091874.487169,0.0953,0.0,0.0,0.0000,0.0000,0.8423,0.2846,0.5581,240.8750,enc,0.0000
1786091874.590284,0.1031,0.0,0.0,0.0000,0.0000,0.8423,0.2846,0.5581,240.8750,enc,0.0000
1786091874.692638,0.1024,0.0,0.0,0.0000,0.0000,0.8423,0.2846,0.5581,240.8750,enc,0.0000
1786091874.797157,0.1045,0.0,0.0,0.0000,0.0000,0.8423,0.2846,0.5581,240.8750,enc,0.0000
1786091874.900796,0.1036,0.0,0.0,0.0000,0.0000,0.8423,0.2846,0.5581,240.8750,enc,0.0000
1786091875.005972,0.1052,0.0,0.0,0.0000,0.0000,0.8423,0.2846,0.5581,240.8750,enc,0.0000
1786091875.105427,0.0995,0.0,0.0,0.0000,0.0000,0.8423,0.2846,0.5581,240.8750,enc,0.0000
1786091875.208964,0.1035,0.0,0.0,0.0000,0.0000,0.8423,0.2846,0.5581,240.8750,enc,0.0000
1786091875.315416,0.1065,0.0,0.0,0.0000,0.0000,0.8423,0.2846,0.5581,240.8750,enc,0.0000
1786091875.438956,0.1235,0.0,0.0,0.0000,0.0000,0.8423,0.2846,0.5581,240.8750,enc,0.0000
1786091875.523016,0.0841,0.0,0.0,0.0000,0.0000,0.8423,0.2846,0.5581,240.8750,enc,0.0000
1786091875.626224,0.1032,0.0,0.0,0.0000,0.0000,0.8423,0.2846,0.5581,240.8750,enc,0.0000
1786091875.728970,0.1027,0.0,0.0,0.0000,0.0000,0.8423,0.2846,0.5581,240.8750,enc,0.0000
1786091875.834773,0.1058,0.0,0.0,0.0000,0.0000,0.8423,0.2846,0.5581,240.8750,enc,0.0000
1786091875.936442,0.1017,0.0,0.0,0.0000,0.0000,0.8423,0.2846,0.5581,240.8750,enc,0.0000
1786091876.042050,0.1056,0.0,0.0,0.0000,0.0000,0.8423,0.2846,0.5581,240.8750,enc,0.0000
1786091876.145136,0.1031,0.0,0.0,0.0000,0.0000,0.8423,0.2846,0.5581,240.8750,enc,0.0000
1786091876.245858,0.1007,0.0,0.0,0.0000,0.0000,0.8423,0.2846,0.5581,240.8750,enc,0.0000
1786091876.352846,0.1070,0.0,0.0,0.0000,0.0000,0.8423,0.2846,0.5581,240.8750,enc,0.0000
1786091876.458765,0.1059,0.0,0.0,0.0000,0.0000,0.8423,0.2846,0.5581,240.8750,enc,0.0000
1786091876.556232,0.0975,0.0,0.0,0.0000,0.0000,0.8423,0.2846,0.5581,240.8750,enc,0.0000
1786091876.666050,0.1098,0.0,0.0,0.0000,0.0000,0.8423,0.2846,0.5581,240.8750,enc,0.0000
1786091876.767361,0.1013,0.0,0.0,0.0000,0.0000,0.8423,0.2846,0.5581,240.8750,enc,0.0000
1786091876.867700,0.1003,0.0,0.0,0.0000,0.0000,0.8423,0.2846,0.5581,240.8750,enc,0.0000
1786091876.975936,0.1082,0.0,0.0,0.0000,0.0000,0.8423,0.2846,0.5581,240.8750,enc,0.0000
1786091877.077715,0.1018,0.0,0.0,0.0000,0.0000,0.8423,0.2846,0.5581,240.8750,enc,0.0000
1786091877.180572,0.1029,0.0,0.0,0.0000,0.0000,0.8423,0.2846,0.5581,240.8750,enc,0.0000
1786091877.284542,0.1040,0.0,0.0,0.0000,0.0000,0.8423,0.2846,0.5581,240.8750,enc,0.0000
1786091877.388623,0.1041,0.0,0.0,0.0000,0.0000,0.8423,0.2846,0.5581,240.8750,enc,0.0000
1786091877.493816,0.1052,0.0,0.0,0.0000,0.0000,0.8423,0.2846,0.5581,240.8750,enc,0.0000
1786091877.594535,0.1007,0.0,0.0,0.0000,0.0000,0.8423,0.2846,0.5581,240.8750,enc,0.0000
1786091877.701819,0.1073,0.0,0.0,0.0000,0.0000,0.8423,0.2846,0.5581,240.8750,enc,0.0000
1786091877.801896,0.1001,0.0,0.0,0.0000,0.0000,0.8423,0.2846,0.5581,240.8750,enc,0.0000
1786091877.917043,0.1151,0.0,0.0,0.0000,0.0000,0.8423,0.2846,0.5581,240.8750,enc,0.0000
1786091878.011038,0.0940,0.0,0.0,0.0000,0.0000,0.8423,0.2846,0.5581,240.8750,enc,0.0000
1786091878.110484,0.0994,0.0,0.0,0.0000,0.0000,0.8423,0.2846,0.5581,240.8750,enc,0.0000
1786091878.215247,0.1048,0.0,0.0,0.0000,0.0000,0.8423,0.2846,0.5581,240.8750,enc,0.0000
1786091878.337392,0.1221,0.0,0.0,0.0000,0.0000,0.8423,0.2846,0.5581,240.8750,enc,0.0000
1786091878.421738,0.0843,0.0,0.0,0.0000,0.0000,0.8423,0.2846,0.5581,240.8750,enc,0.0000
1786091878.528474,0.1067,0.0,0.0,0.0000,0.0000,0.8423,0.2846,0.5581,240.8750,enc,0.0000
1786091878.636743,0.1083,0.0,0.0,0.0000,0.0000,0.8423,0.2846,0.5581,240.8750,enc,0.0000
1786091878.736900,0.1002,0.0,0.0,0.0000,0.0000,0.8423,0.2846,0.5581,240.8750,enc,0.0000
1786091878.851784,0.1149,0.0,0.0,0.0000,0.0000,0.8423,0.2846,0.5581,240.8750,enc,0.0000
1786091878.944185,0.0924,0.0,0.0,0.0000,0.0000,0.8423,0.2846,0.5581,240.8750,enc,0.0000
1786091879.055944,0.1118,0.0,0.0,0.0000,0.0000,0.8423,0.2846,0.5581,240.8750,enc,0.0000
1786091879.152114,0.0962,0.0,0.0,0.0000,0.0000,0.8423,0.2846,0.5581,240.8750,enc,0.0000
1786091879.252681,0.1006,0.0,0.0,0.0000,0.0000,0.8423,0.2846,0.5581,240.8750,enc,0.0000
1786091879.362350,0.1097,0.0,0.0,0.0000,0.0000,0.8423,0.2846,0.5581,240.8750,enc,0.0000
1786091879.458727,0.0964,0.0,0.0,0.0000,0.0000,0.8423,0.2846,0.5581,240.8750,enc,0.0000
1786091879.561855,0.1031,0.0,0.0,0.0000,0.0000,0.8423,0.2846,0.5581,240.8750,enc,0.0000
1786091879.687319,0.1255,0.0,0.0,0.0000,0.0000,0.8423,0.2846,0.5581,240.8750,enc,0.0000
1786091879.772570,0.0853,0.0,0.0,0.0000,0.0000,0.8423,0.2846,0.5581,240.8750,enc,0.0000
1786091879.874422,0.1019,0.0,0.0,0.0000,0.0000,0.8423,0.2846,0.5581,240.8750,enc,0.0000
1786091879.981225,0.1068,0.0,0.0,0.0000,0.0000,0.8423,0.2846,0.5581,240.8750,enc,0.0000
1786091880.084343,0.1031,0.0,0.0,0.0000,0.0000,0.8423,0.2846,0.5581,240.8750,enc,0.0000
1786091880.263829,0.1795,0.0,0.0,0.0000,0.0000,0.8423,0.2846,0.5581,240.8750,enc,0.0000
1786091880.306956,0.0431,0.0,0.0,0.0000,0.0000,0.8423,0.2846,0.5581,240.8750,enc,0.0000
1786091880.526940,0.2200,0.0,0.0,0.0000,0.0000,0.8423,0.2846,0.5581,240.8750,enc,0.0000
1786091880.526986,0.0000,0.0,0.0,0.0000,0.0000,0.8423,0.2846,0.5581,240.8750,enc,0.0000
1786091880.600437,0.0735,0.0,0.0,0.0000,0.0000,0.8423,0.2846,0.5581,240.8750,enc,0.0000
1786091880.764894,0.1645,0.0,0.0,0.0000,0.0000,0.8423,0.2846,0.5581,240.8750,enc,0.0000
1786091880.809893,0.0450,0.0,0.0,0.0000,0.0000,0.8423,0.2846,0.5581,240.8750,enc,0.0000
1786091881.010176,0.2003,0.0,0.0,0.0000,0.0000,0.8423,0.2846,0.5581,240.8750,enc,0.0000
1786091881.014958,0.0048,0.0,0.0,0.0000,0.0000,0.8423,0.2846,0.5581,240.8750,enc,0.0000
1786091881.255944,0.2410,0.0,0.0,0.0000,0.0000,0.8423,0.2846,0.5581,240.8750,enc,0.0000
1786091881.255987,0.0000,0.0,0.0,0.0000,0.0000,0.8423,0.2846,0.5581,240.8750,enc,0.0000
1786091881.324598,0.0686,0.0,0.0,0.0000,0.0000,0.8423,0.2846,0.5581,240.8750,enc,0.0000
1786091881.517466,0.1929,0.0,0.0,0.0000,0.0000,0.8423,0.2846,0.5581,240.8750,enc,0.0000
1786091881.530966,0.0135,0.0,0.0,0.0000,0.0000,0.8423,0.2846,0.5581,240.8750,enc,0.0000
1786091881.761310,0.2303,0.0,0.0,0.0000,0.0000,0.8423,0.2846,0.5581,240.8750,enc,0.0000
1786091881.761352,0.0000,0.0,0.0,0.0000,0.0000,0.8423,0.2846,0.5581,240.8750,enc,0.0000
1786091881.845737,0.0844,0.0,0.0,0.0000,0.0000,0.8423,0.2846,0.5581,240.8750,enc,0.0000
1786091882.016572,0.1708,0.0,0.0,0.0000,0.0000,0.8423,0.2846,0.5581,240.8750,enc,0.0000
1786091882.059237,0.0427,0.0,0.0,0.0000,0.0000,0.8423,0.2846,0.5581,240.8750,enc,0.0000
1786091882.267051,0.2078,0.0,0.0,0.0000,0.0000,0.8423,0.2846,0.5581,240.8750,enc,0.0000
1786091882.267103,0.0001,0.0,0.0,0.0000,0.0000,0.8423,0.2846,0.5581,240.8750,enc,0.0000
1786091882.512259,0.2452,0.0,0.0,0.0000,0.0000,0.8423,0.2846,0.5581,240.8750,enc,0.0000
1786091882.512549,0.0003,0.0,0.0,0.0000,0.0000,0.8423,0.2846,0.5581,240.8750,enc,0.0000
1786091882.567819,0.0553,0.0,0.0,0.0000,0.0000,0.8423,0.2846,0.5581,240.8750,enc,0.0000
1786091882.761181,0.1934,0.0,0.0,0.0000,0.0000,0.8423,0.2846,0.5581,240.8750,enc,0.0000
1786091882.775687,0.0145,0.0,0.0,0.0000,0.0000,0.8423,0.2846,0.5581,240.8750,enc,0.0000
1786091883.017839,0.2422,0.0,0.0,0.0000,0.0000,0.8423,0.2846,0.5581,240.8750,enc,0.0000
1786091883.025892,0.0081,0.0,0.0,0.0000,0.0000,0.8423,0.2846,0.5581,240.8750,enc,0.0000
1786091883.086037,0.0601,0.0,0.0,0.0000,0.0000,0.8423,0.2846,0.5581,240.8750,enc,0.0000
1786091883.263552,0.1775,0.0,0.0,0.0000,0.0000,0.8423,0.2846,0.5581,240.8750,enc,0.0000
1786091883.293833,0.0303,0.0,0.0,0.0000,0.0000,0.8423,0.2846,0.5581,240.8750,enc,0.0000
1786091883.514888,0.2211,0.0,0.0,0.0000,0.0000,0.8423,0.2846,0.5581,240.8750,enc,0.0000
1786091883.514940,0.0001,0.0,0.0,0.0000,0.0000,0.8423,0.2846,0.5581,240.8750,enc,0.0000
1786091883.605133,0.0902,0.0,0.0,0.0000,0.0000,0.8423,0.2846,0.5581,240.8750,enc,0.0000
1786091883.766780,0.1616,0.0,0.0,0.0000,0.0000,0.8423,0.2846,0.5581,240.8750,enc,0.0000
1786091883.820798,0.0540,0.0,0.0,0.0000,0.0000,0.8423,0.2846,0.5581,240.8750,enc,0.0000
1786091884.017069,0.1963,0.0,0.0,0.0000,0.0000,0.8423,0.2846,0.5581,240.8750,enc,0.0000
1786091884.021484,0.0044,0.0,0.0,0.0000,0.0000,0.8423,0.2846,0.5581,240.8750,enc,0.0000
1786091884.266922,0.2454,0.0,0.0,0.0000,0.0000,0.8423,0.2846,0.5581,240.8750,enc,0.0000
1786091884.266965,0.0000,0.0,0.0,0.0000,0.0000,0.8423,0.2846,0.5581,240.8750,enc,0.0000
1786091884.332985,0.0660,0.0,0.0,0.0000,0.0000,0.8423,0.2846,0.5581,240.8750,enc,0.0000
1786091884.522989,0.1900,0.0,0.0,0.0000,0.0000,0.8423,0.2846,0.5581,240.8750,enc,0.0000
1786091884.539486,0.0165,0.0,0.0,0.0000,0.0000,0.8423,0.2846,0.5581,240.8750,enc,0.0000
1786091884.779819,0.2403,0.0,0.0,0.0000,0.0000,0.8423,0.2846,0.5581,240.8750,enc,0.0000
1786091884.779871,0.0001,0.0,0.0,0.0000,0.0000,0.8423,0.2846,0.5581,240.8750,enc,0.0000
1786091884.853754,0.0739,0.0,0.0,0.0000,0.0000,0.8423,0.2846,0.5581,240.8750,enc,0.0000
1786091885.030543,0.1768,0.0,0.0,0.0000,0.0000,0.8423,0.2846,0.5581,240.8750,enc,0.0000
1786091885.060909,0.0304,0.0,0.0,0.0000,0.0000,0.8423,0.2846,0.5581,240.8750,enc,0.0000
1786091885.163759,0.1028,0.0,0.0,0.0000,0.0000,0.8423,0.2846,0.5581,240.8750,enc,0.0000
1786091885.263578,0.0998,0.0,0.0,0.0000,0.0000,0.8423,0.2846,0.5581,240.8750,enc,0.0000
1786091885.370573,0.1070,0.0,0.0,0.0000,0.0000,0.8423,0.2846,0.5581,240.8750,enc,0.0000
1786091885.471215,0.1006,0.0,0.0,0.0000,0.0000,0.8423,0.2846,0.5581,240.8750,enc,0.0000
1786091885.574495,0.1033,0.0,0.0,0.0000,0.0000,0.8423,0.2846,0.5581,240.8750,enc,0.0000
1786091885.684042,0.1095,0.0,0.0,0.0000,0.0000,0.8423,0.2846,0.5581,240.8750,enc,0.0000
1786091885.781913,0.0979,0.0,0.0,0.0000,0.0000,0.8423,0.2846,0.5581,240.8750,enc,0.0000
1786091885.886661,0.1047,0.0,0.0,0.0000,0.0000,0.8423,0.2846,0.5581,240.8750,enc,0.0000
1786091885.996027,0.1094,0.0,0.0,0.0000,0.0000,0.8423,0.2846,0.5581,240.8750,enc,0.0000
1786091886.097946,0.1019,0.0,0.0,0.0000,0.0000,0.8423,0.2846,0.5581,240.8750,enc,0.0000
1786091886.201400,0.1035,0.0,0.0,0.0000,0.0000,0.8423,0.2846,0.5581,240.8750,enc,0.0000
1786091886.306821,0.1054,0.0,0.0,0.0000,0.0000,0.8423,0.2846,0.5581,240.8750,enc,0.0000
1786091886.409749,0.1029,0.0,0.0,0.0000,0.0000,0.8423,0.2846,0.5581,240.8750,enc,0.0000
1786091886.513798,0.1040,0.0,0.0,0.0000,0.0000,0.8423,0.2846,0.5581,240.8750,enc,0.0000
1786091886.615226,0.1014,0.0,0.0,0.0000,0.0000,0.8423,0.2846,0.5581,240.8750,enc,0.0000
1786091886.719116,0.1039,0.0,0.0,0.0000,0.0000,0.8423,0.2846,0.5581,240.8750,enc,0.0000
1786091886.827351,0.1082,0.0,0.0,0.0000,0.0000,0.8423,0.2846,0.5581,240.8750,enc,0.0000
1786091886.930230,0.1029,0.0,0.0,0.0000,0.0000,0.8423,0.2846,0.5581,240.8750,enc,0.0000
1786091887.034913,0.1047,0.0,0.0,0.0000,0.0000,0.8423,0.2846,0.5581,240.8750,enc,0.0000
1786091887.133320,0.0984,0.0,0.0,0.0000,0.0000,0.8423,0.2846,0.5581,240.8750,enc,0.0000
1786091887.236989,0.1037,0.0,0.0,0.0000,0.0000,0.8423,0.2846,0.5581,240.8750,enc,0.0000
1786091887.345010,0.1080,0.0,0.0,0.0000,0.0000,0.8423,0.2846,0.5581,240.8750,enc,0.0000
1786091887.446982,0.1020,0.0,0.0,0.0000,0.0000,0.8423,0.2846,0.5581,240.8750,enc,0.0000
1786091887.550585,0.1036,0.0,0.0,0.0000,0.0000,0.8423,0.2846,0.5581,240.8750,enc,0.0000
1786091887.659927,0.1093,0.0,0.0,0.0000,0.0000,0.8423,0.2846,0.5581,240.8750,enc,0.0000
1786091887.759971,0.1000,0.0,0.0,0.0000,0.0000,0.8423,0.2846,0.5581,240.8750,enc,0.0000
1786091887.868347,0.1084,0.0,0.0,0.0000,0.0000,0.8423,0.2846,0.5581,240.8750,enc,0.0000
1786091887.966051,0.0977,0.0,0.0,0.0000,0.0000,0.8423,0.2846,0.5581,240.8750,enc,0.0000
1786091888.071940,0.1059,0.0,0.0,0.0000,0.0000,0.8423,0.2846,0.5581,240.8750,enc,0.0000
1786091888.172920,0.1010,0.0,0.0,0.0000,0.0000,0.8423,0.2846,0.5581,240.8750,enc,0.0000
1786091888.273282,0.1004,0.0,0.0,0.0000,0.0000,0.8423,0.2846,0.5581,240.8750,enc,0.0000
1786091888.382930,0.1096,0.0,0.0,0.0000,0.0000,0.8423,0.2846,0.5581,240.8750,enc,0.0000
1786091888.481278,0.0983,0.0,0.0,0.0000,0.0000,0.8423,0.2846,0.5581,240.8750,enc,0.0000
1786091888.589857,0.1086,0.0,0.0,0.0000,0.0000,0.8423,0.2846,0.5581,240.8750,enc,0.0000
1786091888.693988,0.1041,0.0,0.0,0.0000,0.0000,0.8423,0.2846,0.5581,240.8750,enc,0.0000
1786091888.794608,0.1006,0.0,0.0,0.0000,0.0000,0.8423,0.2846,0.5581,240.8750,enc,0.0000
1786091888.897068,0.1025,0.0,0.0,0.0000,0.0000,0.8423,0.2846,0.5581,240.8750,enc,0.0000
1786091889.002497,0.1054,0.0,0.0,0.0000,0.0000,0.8423,0.2846,0.5581,240.8750,enc,0.0000
1786091889.106148,0.1037,0.0,0.0,0.0000,0.0000,0.8423,0.2846,0.5581,240.8750,enc,0.0000
1786091889.209240,0.1031,0.0,0.0,0.0000,0.0000,0.8423,0.2846,0.5581,240.8750,enc,0.0000
1786091889.319898,0.1107,0.0,0.0,0.0000,0.0000,0.8423,0.2846,0.5581,240.8750,enc,0.0000
1786091889.418977,0.0991,0.0,0.0,0.0000,0.0000,0.8423,0.2846,0.5581,240.8750,enc,0.0000
1786091889.519685,0.1007,0.0,0.0,0.0000,0.0000,0.8423,0.2846,0.5581,240.8750,enc,0.0000
1786091889.622391,0.1027,0.0,0.0,0.0000,0.0000,0.8423,0.2846,0.5581,240.8750,enc,0.0000
1786091889.738927,0.1165,0.0,0.0,0.0000,0.0000,0.8423,0.2846,0.5581,240.8750,enc,0.0000
1786091889.829172,0.0902,0.0,0.0,0.0000,0.0000,0.8423,0.2846,0.5581,240.8750,enc,0.0000
1786091889.932852,0.1037,0.0,0.0,0.0000,0.0000,0.8423,0.2846,0.5581,240.8750,enc,0.0000
1786091890.052019,0.1192,0.0,0.0,0.0000,0.0000,0.8423,0.2846,0.5581,240.8750,enc,0.0000
1786091890.139689,0.0877,0.0,0.0,0.0000,0.0000,0.8423,0.2846,0.5581,240.8750,enc,0.0000
1786091890.242940,0.1033,0.0,0.0,0.0000,0.0000,0.8423,0.2846,0.5581,240.8750,enc,0.0000
1786091890.352027,0.1091,0.0,0.0,0.0000,0.0000,0.8423,0.2846,0.5581,240.8750,enc,0.0000
1786091890.454916,0.1029,0.0,0.0,0.0000,0.0000,0.8423,0.2846,0.5581,240.8750,enc,0.0000
1786091890.557705,0.1028,0.0,0.0,0.0000,0.0000,0.8423,0.2846,0.5581,240.8750,enc,0.0000
1786091890.662941,0.1052,0.0,0.0,0.0000,0.0000,0.8423,0.2846,0.5581,240.8750,enc,0.0000
1786091890.765833,0.1029,0.0,0.0,0.0000,0.0000,0.8423,0.2846,0.5581,240.8750,enc,0.0000
1786091890.867684,0.1019,0.0,0.0,0.0000,0.0000,0.8423,0.2846,0.5581,240.8750,enc,0.0000
1786091890.970013,0.1023,0.0,0.0,0.0000,0.0000,0.8423,0.2846,0.5581,240.8750,enc,0.0000
1786091891.077003,0.1070,0.0,0.0,0.0000,0.0000,0.8423,0.2846,0.5581,240.8750,enc,0.0000
1786091891.180081,0.1031,0.0,0.0,0.0000,0.0000,0.8423,0.2846,0.5581,240.8750,enc,0.0000
1786091891.280879,0.1008,0.0,0.0,0.0000,0.0000,0.8423,0.2846,0.5581,240.8750,enc,0.0000
1786091891.390315,0.1094,0.0,0.0,0.0000,0.0000,0.8423,0.2846,0.5581,240.8750,enc,0.0000
1786091891.488194,0.0979,0.0,0.0,0.0000,0.0000,0.8423,0.2846,0.5581,240.8750,enc,0.0000
1786091891.591860,0.1037,0.0,0.0,0.0000,0.0000,0.8423,0.2846,0.5581,240.8750,enc,0.0000
1786091891.700085,0.1082,0.0,0.0,0.0000,0.0000,0.8423,0.2846,0.5581,240.8750,enc,0.0000
1786091891.799816,0.0997,0.0,0.0,0.0000,0.0000,0.8423,0.2846,0.5581,240.8750,enc,0.0000
1786091891.902518,0.1027,0.0,0.0,0.0000,0.0000,0.8423,0.2846,0.5581,240.8750,enc,0.0000
1786091892.007884,0.1054,0.0,0.0,0.0000,0.0000,0.8423,0.2846,0.5581,240.8750,enc,0.0000
1786091892.112070,0.1042,0.0,0.0,0.0000,0.0000,0.8423,0.2846,0.5581,240.8750,enc,0.0000
1786091892.215199,0.1031,0.0,0.0,0.0000,0.0000,0.8423,0.2846,0.5581,240.8750,enc,0.0000
1786091892.319720,0.1045,0.0,0.0,0.0000,0.0000,0.8423,0.2846,0.5581,240.8750,enc,0.0000
1786091892.426882,0.1072,0.0,0.0,0.0000,0.0000,0.8423,0.2846,0.5581,240.8750,enc,0.0000
1786091892.527665,0.1008,0.0,0.0,0.0000,0.0000,0.8423,0.2846,0.5581,240.8750,enc,0.0000
1786091892.628314,0.1006,0.0,0.0,0.0000,0.0000,0.8423,0.2846,0.5581,240.8750,enc,0.0000
1786091892.737900,0.1096,0.0,0.0,0.0000,0.0000,0.8423,0.2846,0.5581,240.8750,enc,0.0000
1786091892.835007,0.0971,0.0,0.0,0.0000,0.0000,0.8423,0.2846,0.5581,240.8750,enc,0.0000
1786091892.937682,0.1027,0.0,0.0,0.0000,0.0000,0.8423,0.2846,0.5581,240.8750,enc,0.0000
1786091893.045204,0.1075,0.0,0.0,0.0000,0.0000,0.8423,0.2846,0.5581,240.8750,enc,0.0000
1786091893.145684,0.1005,0.0,0.0,0.0000,0.0000,0.8423,0.2846,0.5581,240.8750,enc,0.0000
1786091893.248569,0.1029,0.0,0.0,0.0000,0.0000,0.8423,0.2846,0.5581,240.8750,enc,0.0000
1786091893.354887,0.1063,0.0,0.0,0.0000,0.0000,0.8423,0.2846,0.5581,240.8750,enc,0.0000
1786091893.458144,0.1033,0.0,0.0,0.0000,0.0000,0.8423,0.2846,0.5581,240.8750,enc,0.0000
1786091893.561476,0.1033,0.0,0.0,0.0000,0.0000,0.8423,0.2846,0.5581,240.8750,enc,0.0000
1786091893.663484,0.1020,0.0,0.0,0.0000,0.0000,0.8423,0.2846,0.5581,240.8750,enc,0.0000
1786091893.769827,0.1063,0.0,0.0,0.0000,0.0000,0.8423,0.2846,0.5581,240.8750,enc,0.0000
1786091893.874623,0.1048,0.0,0.0,0.0000,0.0000,0.8423,0.2846,0.5581,240.8750,enc,0.0000
1786091893.975853,0.1012,0.0,0.0,0.0000,0.0000,0.8423,0.2846,0.5581,240.8750,enc,0.0000
1786091894.081707,0.1059,0.0,0.0,0.0000,0.0000,0.8423,0.2846,0.5581,240.8750,enc,0.0000
1786091894.181860,0.1002,0.0,0.0,0.0000,0.0000,0.8423,0.2846,0.5581,240.8750,enc,0.0000
1786091894.285506,0.1036,0.0,0.0,0.0000,0.0000,0.8423,0.2846,0.5581,240.8750,enc,0.0000
1786091894.392688,0.1072,0.0,0.0,0.0000,0.0000,0.8423,0.2846,0.5581,240.8750,enc,0.0000
1786091894.492175,0.0995,0.0,0.0,0.0000,0.0000,0.8423,0.2846,0.5581,240.8750,enc,0.0000
1786091894.597175,0.1050,0.0,0.0,0.0000,0.0000,0.8423,0.2846,0.5581,240.8750,enc,0.0000
1786091894.704056,0.1069,0.0,0.0,0.0000,0.0000,0.8423,0.2846,0.5581,240.8750,enc,0.0000
1786091894.806670,0.1026,0.0,0.0,0.0000,0.0000,0.8423,0.2846,0.5581,240.8750,enc,0.0000
1786091894.909863,0.1032,0.0,0.0,0.0000,0.0000,0.8423,0.2846,0.5581,240.8750,enc,0.0000
1786091895.017462,0.1076,0.0,0.0,0.0000,0.0000,0.8423,0.2846,0.5581,240.8750,enc,0.0000
1786091895.267873,0.2504,0.0,0.0,0.0000,0.0000,0.8423,0.2846,0.5581,240.8750,enc,0.0000
1786091895.267918,0.0000,0.0,0.0,0.0000,0.0000,0.8423,0.2846,0.5581,240.8750,enc,0.0000
1786091895.326903,0.0590,0.0,0.0,0.0000,0.0000,0.8423,0.2846,0.5581,240.8750,enc,0.0000
1786091895.523791,0.1969,0.0,0.0,0.0000,0.0000,0.8423,0.2846,0.5581,240.8750,enc,0.0000
1786091895.532170,0.0084,0.0,0.0,0.0000,0.0000,0.8423,0.2846,0.5581,240.8750,enc,0.0000
1786091895.769463,0.2373,0.0,0.0,0.0000,0.0000,0.8423,0.2846,0.5581,240.8750,enc,0.0000
1786091895.769505,0.0000,0.0,0.0,0.0000,0.0000,0.8423,0.2846,0.5581,240.8750,enc,0.0000
1786091895.843640,0.0741,0.0,0.0,0.0000,0.0000,0.8423,0.2846,0.5581,240.8750,enc,0.0000
1786091896.023472,0.1798,0.0,0.0,0.0000,0.0000,0.8423,0.2846,0.5581,240.8750,enc,0.0000
1786091896.061243,0.0378,0.0,0.0,0.0000,0.0000,0.8423,0.2846,0.5581,240.8750,enc,0.0000
1786091896.271226,0.2100,0.0,0.0,0.0000,0.0000,0.8423,0.2846,0.5581,240.8750,enc,0.0000
1786091896.271337,0.0001,0.0,0.0,0.0000,0.0000,0.8423,0.2846,0.5581,240.8750,enc,0.0000
1786091896.365403,0.0941,0.0,0.0,0.0000,0.0000,0.8423,0.2846,0.5581,240.8750,enc,0.0000
1786091896.525723,0.1603,0.0,0.0,0.0000,0.0000,0.8423,0.2846,0.5581,240.8750,enc,0.0000
1786091896.574036,0.0483,0.0,0.0,0.0000,0.0000,0.8423,0.2846,0.5581,240.8750,enc,0.0000
1786091896.779960,0.2059,0.0,0.0,0.0000,0.0000,0.8423,0.2846,0.5581,240.8750,enc,0.0000
1786091896.781991,0.0020,0.0,0.0,0.0000,0.0000,0.8423,0.2846,0.5581,240.8750,enc,0.0000
1786091897.029691,0.2477,0.0,0.0,0.0000,0.0000,0.8423,0.2846,0.5581,240.8750,enc,0.0000
1786091897.029735,0.0000,0.0,0.0,0.0000,0.0000,0.8423,0.2846,0.5581,240.8750,enc,0.0000
1786091897.094371,0.0646,0.0,0.0,0.0000,0.0000,0.8423,0.2846,0.5581,240.8750,enc,0.0000
1786091897.283430,0.1891,0.0,0.0,0.0000,0.0000,0.8423,0.2846,0.5581,240.8750,enc,0.0000
1786091897.298827,0.0154,0.0,0.0,0.0000,0.0000,0.8423,0.2846,0.5581,240.8750,enc,0.0000
1786091897.528734,0.2299,0.0,0.0,0.0000,0.0000,0.8423,0.2846,0.5581,240.8750,enc,0.0000
1786091897.528782,0.0000,0.0,0.0,0.0000,0.0000,0.8423,0.2846,0.5581,240.8750,enc,0.0000
1786091897.612879,0.0841,0.0,0.0,0.0000,0.0000,0.8423,0.2846,0.5581,240.8750,enc,0.0000
1786091897.778349,0.1655,0.0,0.0,0.0000,0.0000,0.8423,0.2846,0.5581,240.8750,enc,0.0000
1786091897.820440,0.0421,0.0,0.0,0.0000,0.0000,0.8423,0.2846,0.5581,240.8750,enc,0.0000
1786091898.027949,0.2075,0.0,0.0,0.0000,0.0000,0.8423,0.2846,0.5581,240.8750,enc,0.0000
1786091898.029851,0.0019,0.0,0.0,0.0000,0.0000,0.8423,0.2846,0.5581,240.8750,enc,0.0000
1786091898.276676,0.2468,0.0,0.0,0.0000,0.0000,0.8423,0.2846,0.5581,240.8750,enc,0.0000
1786091898.276730,0.0001,0.0,0.0,0.0000,0.0000,0.8423,0.2846,0.5581,240.8750,enc,0.0000
1786091898.335542,0.0588,0.0,0.0,0.0000,0.0000,0.8423,0.2846,0.5581,240.8750,enc,0.0000
1786091898.532319,0.1968,0.0,0.0,0.0000,0.0000,0.8423,0.2846,0.5581,240.8750,enc,0.0000
1786091898.542949,0.0106,0.0,0.0,0.0000,0.0000,0.8423,0.2846,0.5581,240.8750,enc,0.0000
1786091898.780578,0.2376,0.0,0.0,0.0000,0.0000,0.8423,0.2846,0.5581,240.8750,enc,0.0000
1786091898.780712,0.0001,0.0,0.0,0.0000,0.0000,0.8423,0.2846,0.5581,240.8750,enc,0.0000
1786091898.856093,0.0754,0.0,0.0,0.0000,0.0000,0.8423,0.2846,0.5581,240.8750,enc,0.0000
1786091899.032853,0.1768,0.0,0.0,0.0000,0.0000,0.8423,0.2846,0.5581,240.8750,enc,0.0000
1786091899.065489,0.0326,0.0,0.0,0.0000,0.0000,0.8423,0.2846,0.5581,240.8750,enc,0.0000
1786091899.284294,0.2188,0.0,0.0,0.0000,0.0000,0.8423,0.2846,0.5581,240.8750,enc,0.0000
1786091899.284346,0.0001,0.0,0.0,0.0000,0.0000,0.8423,0.2846,0.5581,240.8750,enc,0.0000
1786091899.378267,0.0939,0.0,0.0,0.0000,0.0000,0.8423,0.2846,0.5581,240.8750,enc,0.0000
1786091899.540059,0.1618,0.0,0.0,0.0000,0.0000,0.8423,0.2846,0.5581,240.8750,enc,0.0000
1786091899.585241,0.0452,0.0,0.0,0.0000,0.0000,0.8423,0.2846,0.5581,240.8750,enc,0.0000
1786091899.793157,0.2079,0.0,0.0,0.0000,0.0000,0.8423,0.2846,0.5581,240.8750,enc,0.0000
1786091899.793200,0.0000,0.0,0.0,0.0000,0.0000,0.8423,0.2846,0.5581,240.8750,enc,0.0000
1786091900.047380,0.2542,0.0,0.0,0.0000,0.0000,0.8423,0.2846,0.5581,240.8750,enc,0.0000
1786091900.047432,0.0001,0.0,0.0,0.0000,0.0000,0.8423,0.2846,0.5581,240.8750,enc,0.0000
1786091900.102740,0.0553,0.0,0.0,0.0000,0.0000,0.8423,0.2846,0.5581,240.8750,enc,0.0000
1786091900.207084,0.1043,0.0,0.0,0.0000,0.0000,0.8423,0.2846,0.5581,240.8750,enc,0.0000
1786091900.308048,0.1010,0.0,0.0,0.0000,0.0000,0.8423,0.2846,0.5581,240.8750,enc,0.0000
1786091900.419020,0.1110,0.0,0.0,0.0000,0.0000,0.8423,0.2846,0.5581,240.8750,enc,0.0000
1786091900.518094,0.0991,0.0,0.0,0.0000,0.0000,0.8423,0.2846,0.5581,240.8750,enc,0.0000
1786091900.622592,0.1045,0.0,0.0,0.0000,0.0000,0.8423,0.2846,0.5581,240.8750,enc,0.0000
1786091900.727019,0.1044,0.0,0.0,0.0000,0.0000,0.8423,0.2846,0.5581,240.8750,enc,0.0000
1786091900.830032,0.1030,0.0,0.0,0.0000,0.0000,0.8423,0.2846,0.5581,240.8750,enc,0.0000
1786091900.932508,0.1025,0.0,0.0,0.0000,0.0000,0.8423,0.2846,0.5581,240.8750,enc,0.0000
1786091901.037102,0.1046,0.0,0.0,0.0000,0.0000,0.8423,0.2846,0.5581,240.8750,enc,0.0000
1786091901.141283,0.1042,0.0,0.0,0.0000,0.0000,0.8423,0.2846,0.5581,240.8750,enc,0.0000
1786091901.244249,0.1030,0.0,0.0,0.0000,0.0000,0.8423,0.2846,0.5581,240.8750,enc,0.0000
1786091901.345042,0.1008,0.0,0.0,0.0000,0.0000,0.8423,0.2846,0.5581,240.8750,enc,0.0000
1786091901.454933,0.1099,0.0,0.0,0.0000,0.0000,0.8423,0.2846,0.5581,240.8750,enc,0.0000
1786091901.552522,0.0976,0.0,0.0,0.0000,0.0000,0.8423,0.2846,0.5581,240.8750,enc,0.0000
1786091901.656527,0.1040,0.0,0.0,0.0000,0.0000,0.8423,0.2846,0.5581,240.8750,enc,0.0000
1786091901.765051,0.1085,0.0,0.0,0.0000,0.0000,0.8423,0.2846,0.5581,240.8750,enc,0.0000
1786091901.863208,0.0982,0.0,0.0,0.0000,0.0000,0.8423,0.2846,0.5581,240.8750,enc,0.0000
1786091901.966423,0.1032,0.0,0.0,0.0000,0.0000,0.8423,0.2846,0.5581,240.8750,enc,0.0000
1786091902.076013,0.1096,0.0,0.0,0.0000,0.0000,0.8423,0.2846,0.5581,240.8750,enc,0.0000
1786091902.177105,0.1011,0.0,0.0,0.0000,0.0000,0.8423,0.2846,0.5581,240.8750,enc,0.0000
1786091902.282355,0.1053,0.0,0.0,0.0000,0.0000,0.8423,0.2846,0.5581,240.8750,enc,0.0000
1786091902.384825,0.1025,0.0,0.0,0.0000,0.0000,0.8423,0.2846,0.5581,240.8750,enc,0.0000
1786091902.488193,0.1034,0.0,0.0,0.0000,0.0000,0.8423,0.2846,0.5581,240.8750,enc,0.0000
1786091902.596928,0.1087,0.0,0.0,0.0000,0.0000,0.8423,0.2846,0.5581,240.8750,enc,0.0000
1786091902.693149,0.0962,0.0,0.0,0.0000,0.0000,0.8423,0.2846,0.5581,240.8750,enc,0.0000
1786091902.904449,0.2113,0.0,0.0,0.0000,0.0000,0.8423,0.2846,0.5581,240.8750,enc,0.0000
1786091902.904519,0.0001,0.0,0.0,0.0000,0.0000,0.8423,0.2846,0.5581,240.8750,enc,0.0000
1786091903.004860,0.1003,0.0,0.0,0.0000,0.0000,0.8423,0.2846,0.5581,240.8750,enc,0.0000
1786091903.113002,0.1081,0.0,0.0,0.0000,0.0000,0.8423,0.2846,0.5581,240.8750,enc,0.0000
1786091903.210912,0.0979,0.0,0.0,0.0000,0.0000,0.8423,0.2846,0.5581,240.8750,enc,0.0000
1786091903.315175,0.1043,0.0,0.0,0.0000,0.0000,0.8423,0.2846,0.5581,240.8750,enc,0.0000
1786091903.421970,0.1068,0.0,0.0,0.0000,0.0000,0.8423,0.2846,0.5581,240.8750,enc,0.0000
1786091903.536067,0.1141,0.0,0.0,0.0000,0.0000,0.8423,0.2846,0.5581,240.8750,enc,0.0000
1786091903.634908,0.0988,0.0,0.0,0.0000,0.0000,0.8423,0.2846,0.5581,240.8750,enc,0.0000
1786091903.738039,0.1031,0.0,0.0,0.0000,0.0000,0.8423,0.2846,0.5581,240.8750,enc,0.0000
1786091903.836794,0.0988,0.0,0.0,0.0000,0.0000,0.8423,0.2846,0.5581,240.8750,enc,0.0000
1786091903.946370,0.1096,0.0,0.0,0.0000,0.0000,0.8423,0.2846,0.5581,240.8750,enc,0.0000
1786091904.044439,0.0981,0.0,0.0,0.0000,0.0000,0.8423,0.2846,0.5581,240.8750,enc,0.0000
1786091904.149039,0.1046,0.0,0.0,0.0000,0.0000,0.8423,0.2846,0.5581,240.8750,enc,0.0000
1786091904.251496,0.1025,0.0,0.0,0.0000,0.0000,0.8423,0.2846,0.5581,240.8750,enc,0.0000
1786091904.352289,0.1008,0.0,0.0,0.0000,0.0000,0.8423,0.2846,0.5581,240.8750,enc,0.0000
1786091904.457911,0.1056,0.0,0.0,0.0000,0.0000,0.8423,0.2846,0.5581,240.8750,enc,0.0000
1786091904.558047,0.1001,0.0,0.0,0.0000,0.0000,0.8423,0.2846,0.5581,240.8750,enc,0.0000
1786091904.663203,0.1052,0.0,0.0,0.0000,0.0000,0.8423,0.2846,0.5581,240.8750,enc,0.0000
1786091904.771921,0.1087,0.0,0.0,0.0000,0.0000,0.8423,0.2846,0.5581,240.8750,enc,0.0000
1786091904.875388,0.1035,0.0,0.0,0.0000,0.0000,0.8423,0.2846,0.5581,240.8750,enc,0.0000
1786091904.978848,0.1035,0.0,0.0,0.0000,0.0000,0.8423,0.2846,0.5581,240.8750,enc,0.0000
1786091905.084792,0.1059,0.0,0.0,0.0000,0.0000,0.8423,0.2846,0.5581,240.8750,enc,0.0000
1786091905.186464,0.1017,0.0,0.0,0.0000,0.0000,0.8423,0.2846,0.5581,240.8750,enc,0.0000
1786091905.289929,0.1035,0.0,0.0,0.0000,0.0000,0.8423,0.2846,0.5581,240.8750,enc,0.0000
1786091905.392841,0.1029,0.0,0.0,0.0000,0.0000,0.8423,0.2846,0.5581,240.8750,enc,0.0000
1786091905.497232,0.1044,0.0,0.0,0.0000,0.0000,0.8423,0.2846,0.5581,240.8750,enc,0.0000
1786091905.599267,0.1020,0.0,0.0,0.0000,0.0000,0.8423,0.2846,0.5581,240.8750,enc,0.0000
1786091905.701636,0.1024,0.0,0.0,0.0000,0.0000,0.8423,0.2846,0.5581,240.8750,enc,0.0000
1786091905.809016,0.1074,0.0,0.0,0.0000,0.0000,0.8423,0.2846,0.5581,240.8750,enc,0.0000
1786091905.908299,0.0993,0.0,0.0,0.0000,0.0000,0.8423,0.2846,0.5581,240.8750,enc,0.0000
1786091906.012009,0.1037,0.0,0.0,0.0000,0.0000,0.8423,0.2846,0.5581,240.8750,enc,0.0000
1786091906.121055,0.1090,0.0,0.0,0.0000,0.0000,0.8423,0.2846,0.5581,240.8750,enc,0.0000
1786091906.220793,0.0997,0.0,0.0,0.0000,0.0000,0.8423,0.2846,0.5581,240.8750,enc,0.0000
1786091906.324823,0.1040,0.0,0.0,0.0000,0.0000,0.8423,0.2846,0.5581,240.8750,enc,0.0000
1786091906.431260,0.1064,0.0,0.0,0.0000,0.0000,0.8423,0.2846,0.5581,240.8750,enc,0.0000
1786091906.534692,0.1034,0.0,0.0,0.0000,0.0000,0.8423,0.2846,0.5581,240.8750,enc,0.0000
1786091906.638854,0.1042,0.0,0.0,0.0000,0.0000,0.8423,0.2846,0.5581,240.8750,enc,0.0000
1786091906.741963,0.1031,0.0,0.0,0.0000,0.0000,0.8423,0.2846,0.5581,240.8750,enc,0.0000
1786091906.845434,0.1035,0.0,0.0,0.0000,0.0000,0.8423,0.2846,0.5581,240.8750,enc,0.0000
1786091906.948226,0.1028,0.0,0.0,0.0000,0.0000,0.8423,0.2846,0.5581,240.8750,enc,0.0000
1786091907.051098,0.1029,0.0,0.0,0.0000,0.0000,0.8423,0.2846,0.5581,240.8750,enc,0.0000
1786091907.156248,0.1051,0.0,0.0,0.0000,0.0000,0.8423,0.2846,0.5581,240.8750,enc,0.0000
1786091907.261128,0.1049,0.0,0.0,0.0000,0.0000,0.8423,0.2846,0.5581,240.8750,enc,0.0000
1786091907.360912,0.0998,0.0,0.0,0.0000,0.0000,0.8423,0.2846,0.5581,240.8750,enc,0.0000
1786091907.466693,0.1058,0.0,0.0,0.0000,0.0000,0.8423,0.2846,0.5581,240.8750,enc,0.0000
1786091907.568307,0.1016,0.0,0.0,0.0000,0.0000,0.8423,0.2846,0.5581,240.8750,enc,0.0000
1786091907.671143,0.1028,0.0,0.0,0.0000,0.0000,0.8423,0.2846,0.5581,240.8750,enc,0.0000
1786091907.777386,0.1062,0.0,0.0,0.0000,0.0000,0.8423,0.2846,0.5581,240.8750,enc,0.0000
1786091907.881551,0.1042,0.0,0.0,0.0000,0.0000,0.8423,0.2846,0.5581,240.8750,enc,0.0000
1786091907.985122,0.1036,0.0,0.0,0.0000,0.0000,0.8423,0.2846,0.5581,240.8750,enc,0.0000
1786091908.088074,0.1030,0.0,0.0,0.0000,0.0000,0.8423,0.2846,0.5581,240.8750,enc,0.0000
1786091908.192642,0.1046,0.0,0.0,0.0000,0.0000,0.8423,0.2846,0.5581,240.8750,enc,0.0000
1786091908.296633,0.1040,0.0,0.0,0.0000,0.0000,0.8423,0.2846,0.5581,240.8750,enc,0.0000
1786091908.399870,0.1032,0.0,0.0,0.0000,0.0000,0.8423,0.2846,0.5581,240.8750,enc,0.0000
1786091908.502566,0.1027,0.0,0.0,0.0000,0.0000,0.8423,0.2846,0.5581,240.8750,enc,0.0000
1786091908.607998,0.1054,0.0,0.0,0.0000,0.0000,0.8423,0.2846,0.5581,240.8750,enc,0.0000
1786091908.710001,0.1020,0.0,0.0,0.0000,0.0000,0.8423,0.2846,0.5581,240.8750,enc,0.0000
1786091908.814963,0.1050,0.0,0.0,0.0000,0.0000,0.8423,0.2846,0.5581,240.8750,enc,0.0000
1786091908.921376,0.1064,0.0,0.0,0.0000,0.0000,0.8423,0.2846,0.5581,240.8750,enc,0.0000
1786091909.019994,0.0986,0.0,0.0,0.0000,0.0000,0.8423,0.2846,0.5581,240.8750,enc,0.0000
1786091909.126853,0.1069,0.0,0.0,0.0000,0.0000,0.8423,0.2846,0.5581,240.8750,enc,0.0000
1786091909.232108,0.1053,0.0,0.0,0.0000,0.0000,0.8423,0.2846,0.5581,240.8750,enc,0.0000
1786091909.336856,0.1047,0.0,0.0,0.0000,0.0000,0.8423,0.2846,0.5581,240.8750,enc,0.0000
1786091909.441105,0.1042,0.0,0.0,0.0000,0.0000,0.8423,0.2846,0.5581,240.8750,enc,0.0000
1786091909.542943,0.1018,0.0,0.0,0.0000,0.0000,0.8423,0.2846,0.5581,240.8750,enc,0.0000
1786091909.647469,0.1045,0.0,0.0,0.0000,0.0000,0.8423,0.2846,0.5581,240.8750,enc,0.0000
1786091909.751029,0.1036,0.0,0.0,0.0000,0.0000,0.8423,0.2846,0.5581,240.8750,enc,0.0000
1786091909.853943,0.1029,0.0,0.0,0.0000,0.0000,0.8423,0.2846,0.5581,240.8750,enc,0.0000
1786091909.957079,0.1031,0.0,0.0,0.0000,0.0000,0.8423,0.2846,0.5581,240.8750,enc,0.0000
1786091910.059167,0.1021,0.0,0.0,0.0000,0.0000,0.8423,0.2846,0.5581,240.8750,enc,0.0000
1786091910.264309,0.2051,0.0,0.0,0.0000,0.0000,0.8423,0.2846,0.5581,240.8750,enc,0.0000
1786091910.268921,0.0046,0.0,0.0,0.0000,0.0000,0.8423,0.2846,0.5581,240.8750,enc,0.0000
1786091910.517802,0.2489,0.0,0.0,0.0000,0.0000,0.8423,0.2846,0.5581,240.8750,enc,0.0000
1786091910.517862,0.0001,0.0,0.0,0.0000,0.0000,0.8423,0.2846,0.5581,240.8750,enc,0.0000
1786091910.577909,0.0600,0.0,0.0,0.0000,0.0000,0.8423,0.2846,0.5581,240.8750,enc,0.0000
1786091910.774344,0.1964,0.0,0.0,0.0000,0.0000,0.8423,0.2846,0.5581,240.8750,enc,0.0000
1786091910.787933,0.0136,0.0,0.0,0.0000,0.0000,0.8423,0.2846,0.5581,240.8750,enc,0.0000
1786091911.028444,0.2405,0.0,0.0,0.0000,0.0000,0.8423,0.2846,0.5581,240.8750,enc,0.0000
1786091911.028501,0.0001,0.0,0.0,0.0000,0.0000,0.8423,0.2846,0.5581,240.8750,enc,0.0000
1786091911.100144,0.0716,0.0,0.0,0.0000,0.0000,0.8423,0.2846,0.5581,240.8750,enc,0.0000
1786091911.284331,0.1842,0.0,0.0,0.0000,0.0000,0.8423,0.2846,0.5581,240.8750,enc,0.0000
1786091911.302993,0.0187,0.0,0.0,0.0000,0.0000,0.8423,0.2846,0.5581,240.8750,enc,0.0000
1786091911.539665,0.2367,0.0,0.0,0.0000,0.0000,0.8423,0.2846,0.5581,240.8750,enc,0.0000
1786091911.539727,0.0001,0.0,0.0,0.0000,0.0000,0.8423,0.2846,0.5581,240.8750,enc,0.0000
1786091911.616933,0.0772,0.0,0.0,0.0000,0.0000,0.8423,0.2846,0.5581,240.8750,enc,0.0000
1786091911.793228,0.1763,0.0,0.0,0.0000,0.0000,0.8423,0.2846,0.5581,240.8750,enc,0.0000
1786091911.825186,0.0320,0.0,0.0,0.0000,0.0000,0.8423,0.2846,0.5581,240.8750,enc,0.0000
1786091912.043487,0.2183,0.0,0.0,0.0000,0.0000,0.8423,0.2846,0.5581,240.8750,enc,0.0000
1786091912.043551,0.0001,0.0,0.0,0.0000,0.0000,0.8423,0.2846,0.5581,240.8750,enc,0.0000
1786091912.134546,0.0910,0.0,0.0,0.0000,0.0000,0.8423,0.2846,0.5581,240.8750,enc,0.0000
1786091912.295668,0.1611,0.0,0.0,0.0000,0.0000,0.8423,0.2846,0.5581,240.8750,enc,0.0000
1786091912.338966,0.0433,0.0,0.0,0.0000,0.0000,0.8423,0.2846,0.5581,240.8750,enc,0.0000
1786091912.544661,0.2057,0.0,0.0,0.0000,0.0000,0.8423,0.2846,0.5581,240.8750,enc,0.0000
1786091912.549815,0.0052,0.0,0.0,0.0000,0.0000,0.8423,0.2846,0.5581,240.8750,enc,0.0000
1786091912.793892,0.2441,0.0,0.0,0.0000,0.0000,0.8423,0.2846,0.5581,240.8750,enc,0.0000
1786091912.793959,0.0001,0.0,0.0,0.0000,0.0000,0.8423,0.2846,0.5581,240.8750,enc,0.0000
1786091912.860980,0.0670,0.0,0.0,0.0000,0.0000,0.8423,0.2846,0.5581,240.8750,enc,0.0000
1786091913.045686,0.1847,0.0,0.0,0.0000,0.0000,0.8423,0.2846,0.5581,240.8750,enc,0.0000
1786091913.064801,0.0191,0.0,0.0,0.0000,0.0000,0.8423,0.2846,0.5581,240.8750,enc,0.0000
1786091913.295593,0.2308,0.0,0.0,0.0000,0.0000,0.8423,0.2846,0.5581,240.8750,enc,0.0000
1786091913.295666,0.0001,0.0,0.0,0.0000,0.0000,0.8423,0.2846,0.5581,240.8750,enc,0.0000
1786091913.377356,0.0817,0.0,0.0,0.0000,0.0000,0.8423,0.2846,0.5581,240.8750,enc,0.0000
1786091913.546527,0.1692,0.0,0.0,0.0000,0.0000,0.8423,0.2846,0.5581,240.8750,enc,0.0000
1786091913.583520,0.0370,0.0,0.0,0.0000,0.0000,0.8423,0.2846,0.5581,240.8750,enc,0.0000
1786091913.797612,0.2141,0.0,0.0,0.0000,0.0000,0.8423,0.2846,0.5581,240.8750,enc,0.0000
1786091913.797652,0.0000,0.0,0.0,0.0000,0.0000,0.8423,0.2846,0.5581,240.8750,enc,0.0000
1786091913.897257,0.0996,0.0,0.0,0.0000,0.0000,0.8423,0.2846,0.5581,240.8750,enc,0.0000
1786091914.050014,0.1528,0.0,0.0,0.0000,0.0000,0.8423,0.2846,0.5581,240.8750,enc,0.0000
1786091914.104507,0.0545,0.0,0.0,0.0000,0.0000,0.8423,0.2846,0.5581,240.8750,enc,0.0000
1786091914.300584,0.1961,0.0,0.0,0.0000,0.0000,0.8423,0.2846,0.5581,240.8750,enc,0.0000
1786091914.309233,0.0086,0.0,0.0,0.0000,0.0000,0.8423,0.2846,0.5581,240.8750,enc,0.0000
1786091914.557309,0.2481,0.0,0.0,0.0000,0.0000,0.8423,0.2846,0.5581,240.8750,enc,0.0000
1786091914.558651,0.0013,0.0,0.0,0.0000,0.0000,0.8423,0.2846,0.5581,240.8750,enc,0.0000
1786091914.621948,0.0633,0.0,0.0,0.0000,0.0000,0.8423,0.2846,0.5581,240.8750,enc,0.0000
1786091914.811383,0.1894,0.0,0.0,0.0000,0.0000,0.8423,0.2846,0.5581,240.8750,enc,0.0000
1786091914.826699,0.0153,0.0,0.0,0.0000,0.0000,0.8423,0.2846,0.5581,240.8750,enc,0.0000
1786091915.066094,0.2394,0.0,0.0,0.0000,0.0000,0.8423,0.2846,0.5581,240.8750,enc,0.0000
1786091915.066136,0.0000,0.0,0.0,0.0000,0.0000,0.8423,0.2846,0.5581,240.8750,enc,0.0000
1786091915.139587,0.0735,0.0,0.0,0.0000,0.0000,0.8423,0.2846,0.5581,240.8750,enc,0.0000
1786091915.244241,0.1047,0.0,0.0,0.0000,0.0000,0.8423,0.2846,0.5581,240.8750,enc,0.0000
1786091915.345037,0.1008,0.0,0.0,0.0000,0.0000,0.8423,0.2846,0.5581,240.8750,enc,0.0000
1786091915.452949,0.1079,0.0,0.0,0.0000,0.0000,0.8423,0.2846,0.5581,240.8750,enc,0.0000
1786091915.555577,0.1026,0.0,0.0,0.0000,0.0000,0.8423,0.2846,0.5581,240.8750,enc,0.0000
1786091915.659376,0.1038,0.0,0.0,0.0000,0.0000,0.8423,0.2846,0.5581,240.8750,enc,0.0000
1786091915.763864,0.1045,0.0,0.0,0.0000,0.0000,0.8423,0.2846,0.5581,240.8750,enc,0.0000
1786091915.867191,0.1033,0.0,0.0,0.0000,0.0000,0.8423,0.2846,0.5581,240.8750,enc,0.0000
1786091915.970555,0.1034,0.0,0.0,0.0000,0.0000,0.8423,0.2846,0.5581,240.8750,enc,0.0000
1786091916.071056,0.1005,0.0,0.0,0.0000,0.0000,0.8423,0.2846,0.5581,240.8750,enc,0.0000
1786091916.178885,0.1078,0.0,0.0,0.0000,0.0000,0.8423,0.2846,0.5581,240.8750,enc,0.0000
1786091916.278302,0.0994,0.0,0.0,0.0000,0.0000,0.8423,0.2846,0.5581,240.8750,enc,0.0000
1786091916.382127,0.1038,0.0,0.0,0.0000,0.0000,0.8423,0.2846,0.5581,240.8750,enc,0.0000
1786091916.491046,0.1089,0.0,0.0,0.0000,0.0000,0.8423,0.2846,0.5581,240.8750,enc,0.0000
1786091916.590199,0.0992,0.0,0.0,0.0000,0.0000,0.8423,0.2846,0.5581,240.8750,enc,0.0000
1786091916.693195,0.1030,0.0,0.0,0.0000,0.0000,0.8423,0.2846,0.5581,240.8750,enc,0.0000
1786091916.802025,0.1088,0.0,0.0,0.0000,0.0000,0.8423,0.2846,0.5581,240.8750,enc,0.0000
1786091916.904658,0.1026,0.0,0.0,0.0000,0.0000,0.8423,0.2846,0.5581,240.8750,enc,0.0000
1786091917.006644,0.1020,0.0,0.0,0.0000,0.0000,0.8423,0.2846,0.5581,240.8750,enc,0.0000
1786091917.111625,0.1050,0.0,0.0,0.0000,0.0000,0.8423,0.2846,0.5581,240.8750,enc,0.0000
1786091917.215507,0.1039,0.0,0.0,0.0000,0.0000,0.8423,0.2846,0.5581,240.8750,enc,0.0000
1786091917.318169,0.1027,0.0,0.0,0.0000,0.0000,0.8423,0.2846,0.5581,240.8750,enc,0.0000
1786091917.422006,0.1038,0.0,0.0,0.0000,0.0000,0.8423,0.2846,0.5581,240.8750,enc,0.0000
1786091917.528011,0.1060,0.0,0.0,0.0000,0.0000,0.8423,0.2846,0.5581,240.8750,enc,0.0000
1786091917.629052,0.1010,0.0,0.0,0.0000,0.0000,0.8423,0.2846,0.5581,240.8750,enc,0.0000
1786091917.728764,0.0997,0.0,0.0,0.0000,0.0000,0.8423,0.2846,0.5581,240.8750,enc,0.0000
1786091917.837869,0.1091,0.0,0.0,0.0000,0.0000,0.8423,0.2846,0.5581,240.8750,enc,0.0000
1786091917.936118,0.0982,0.0,0.0,0.0000,0.0000,0.8423,0.2846,0.5581,240.8750,enc,0.0000
1786091918.040485,0.1044,0.0,0.0,0.0000,0.0000,0.8423,0.2846,0.5581,240.8750,enc,0.0000
1786091918.148940,0.1085,0.0,0.0,0.0000,0.0000,0.8423,0.2846,0.5581,240.8750,enc,0.0000
1786091918.247139,0.0982,0.0,0.0,0.0000,0.0000,0.8423,0.2846,0.5581,240.8750,enc,0.0000
1786091918.354930,0.1078,0.0,0.0,0.0000,0.0000,0.8423,0.2846,0.5581,240.8750,enc,0.0000
1786091918.460972,0.1060,0.0,0.0,0.0000,0.0000,0.8423,0.2846,0.5581,240.8750,enc,0.0000
1786091918.562894,0.1019,0.0,0.0,0.0000,0.0000,0.8423,0.2846,0.5581,240.8750,enc,0.0000
1786091918.667591,0.1047,0.0,0.0,0.0000,0.0000,0.8423,0.2846,0.5581,240.8750,enc,0.0000
1786091918.771360,0.1038,0.0,0.0,0.0000,0.0000,0.8423,0.2846,0.5581,240.8750,enc,0.0000
1786091918.880005,0.1086,0.0,0.0,0.0000,0.0000,0.8423,0.2846,0.5581,240.8750,enc,0.0000
1786091918.978850,0.0988,0.0,0.0,0.0000,0.0000,0.8423,0.2846,0.5581,240.8750,enc,0.0000
1786091919.081855,0.1030,0.0,0.0,0.0000,0.0000,0.8423,0.2846,0.5581,240.8750,enc,0.0000
1786091919.186963,0.1051,0.0,0.0,0.0000,0.0000,0.8423,0.2846,0.5581,240.8750,enc,0.0000
1786091919.286150,0.0992,0.0,0.0,0.0000,0.0000,0.8423,0.2846,0.5581,240.8750,enc,0.0000
1786091919.394579,0.1084,0.0,0.0,0.0000,0.0000,0.8423,0.2846,0.5581,240.8750,enc,0.0000
1786091919.499976,0.1054,0.0,0.0,0.0000,0.0000,0.8423,0.2846,0.5581,240.8750,enc,0.0000
1786091919.605292,0.1053,0.0,0.0,0.0000,0.0000,0.8423,0.2846,0.5581,240.8750,enc,0.0000
1786091919.701645,0.0964,0.0,0.0,0.0000,0.0000,0.8423,0.2846,0.5581,240.8750,enc,0.0000
1786091919.810227,0.1086,0.0,0.0,0.0000,0.0000,0.8423,0.2846,0.5581,240.8750,enc,0.0000
1786091919.914155,0.1039,0.0,0.0,0.0000,0.0000,0.8423,0.2846,0.5581,240.8750,enc,0.0000
1786091920.019664,0.1055,0.0,0.0,0.0000,0.0000,0.8423,0.2846,0.5581,240.8750,enc,0.0000
1786091920.145344,0.1257,0.0,0.0,0.0000,0.0000,0.8423,0.2846,0.5581,240.8750,enc,0.0000
1786091920.225621,0.0803,0.0,0.0,0.0000,0.0000,0.8423,0.2846,0.5581,240.8750,enc,0.0000
1786091920.330503,0.1049,0.0,0.0,0.0000,0.0000,0.8423,0.2846,0.5581,240.8750,enc,0.0000
1786091920.449871,0.1194,0.0,0.0,0.0000,0.0000,0.8423,0.2846,0.5581,240.8750,enc,0.0000
1786091920.538091,0.0882,0.0,0.0,0.0000,0.0000,0.8423,0.2846,0.5581,240.8750,enc,0.0000
1786091920.657795,0.1197,0.0,0.0,0.0000,0.0000,0.8423,0.2846,0.5581,240.8750,enc,0.0000
1786091920.742419,0.0846,0.0,0.0,0.0000,0.0000,0.8423,0.2846,0.5581,240.8750,enc,0.0000
1786091920.850996,0.1086,0.0,0.0,0.0000,0.0000,0.8423,0.2846,0.5581,240.8750,enc,0.0000
1786091920.953111,0.1021,0.0,0.0,0.0000,0.0000,0.8423,0.2846,0.5581,240.8750,enc,0.0000
1786091921.053733,0.1006,0.0,0.0,0.0000,0.0000,0.8423,0.2846,0.5581,240.8750,enc,0.0000
1786091921.161009,0.1073,0.0,0.0,0.0000,0.0000,0.8423,0.2846,0.5581,240.8750,enc,0.0000
1786091921.266012,0.1050,0.0,0.0,0.0000,0.0000,0.8423,0.2846,0.5581,240.8750,enc,0.0000
1786091921.367143,0.1011,0.0,0.0,0.0000,0.0000,0.8423,0.2846,0.5581,240.8750,enc,0.0000
1786091921.472953,0.1058,0.0,0.0,0.0000,0.0000,0.8423,0.2846,0.5581,240.8750,enc,0.0000
1786091921.575603,0.1027,0.0,0.0,0.0000,0.0000,0.8423,0.2846,0.5581,240.8750,enc,0.0000
1786091921.678887,0.1033,0.0,0.0,0.0000,0.0000,0.8423,0.2846,0.5581,240.8750,enc,0.0000
1786091921.779728,0.1008,0.0,0.0,0.0000,0.0000,0.8423,0.2846,0.5581,240.8750,enc,0.0000
1786091921.887678,0.1079,0.0,0.0,0.0000,0.0000,0.8423,0.2846,0.5581,240.8750,enc,0.0000
1786091921.987373,0.0997,0.0,0.0,0.0000,0.0000,0.8423,0.2846,0.5581,240.8750,enc,0.0000
1786091922.091580,0.1042,0.0,0.0,0.0000,0.0000,0.8423,0.2846,0.5581,240.8750,enc,0.0000
1786091922.196519,0.1049,0.0,0.0,0.0000,0.0000,0.8423,0.2846,0.5581,240.8750,enc,0.0000
1786091922.297565,0.1010,0.0,0.0,0.0000,0.0000,0.8423,0.2846,0.5581,240.8750,enc,0.0000
1786091922.400640,0.1031,0.0,0.0,0.0000,0.0000,0.8423,0.2846,0.5581,240.8750,enc,0.0000
1786091922.508819,0.1082,0.0,0.0,0.0000,0.0000,0.8423,0.2846,0.5581,240.8750,enc,0.0000
1786091922.613052,0.1042,0.0,0.0,0.0000,0.0000,0.8423,0.2846,0.5581,240.8750,enc,0.0000
1786091922.715570,0.1025,0.0,0.0,0.0000,0.0000,0.8423,0.2846,0.5581,240.8750,enc,0.0000
1786091922.819880,0.1043,0.0,0.0,0.0000,0.0000,0.8423,0.2846,0.5581,240.8750,enc,0.0000
1786091922.923182,0.1033,0.0,0.0,0.0000,0.0000,0.8423,0.2846,0.5581,240.8750,enc,0.0000
1786091923.029251,0.1061,0.0,0.0,0.0000,0.0000,0.8423,0.2846,0.5581,240.8750,enc,0.0000
1786091923.130127,0.1009,0.0,0.0,0.0000,0.0000,0.8423,0.2846,0.5581,240.8750,enc,0.0000
1786091923.235890,0.1058,0.0,0.0,0.0000,0.0000,0.8423,0.2846,0.5581,240.8750,enc,0.0000
1786091923.337152,0.1013,0.0,0.0,0.0000,0.0000,0.8423,0.2846,0.5581,240.8750,enc,0.0000
1786091923.438693,0.1015,0.0,0.0,0.0000,0.0000,0.8423,0.2846,0.5581,240.8750,enc,0.0000
1786091923.545653,0.1070,0.0,0.0,0.0000,0.0000,0.8423,0.2846,0.5581,240.8750,enc,0.0000
1786091923.645513,0.0999,0.0,0.0,0.0000,0.0000,0.8423,0.2846,0.5581,240.8750,enc,0.0000
1786091923.748352,0.1028,0.0,0.0,0.0000,0.0000,0.8423,0.2846,0.5581,240.8750,enc,0.0000
1786091923.854886,0.1065,0.0,0.0,0.0000,0.0000,0.8423,0.2846,0.5581,240.8750,enc,0.0000
1786091923.955645,0.1008,0.0,0.0,0.0000,0.0000,0.8423,0.2846,0.5581,240.8750,enc,0.0000
1786091924.059368,0.1037,0.0,0.0,0.0000,0.0000,0.8423,0.2846,0.5581,240.8750,enc,0.0000
1786091924.168039,0.1087,0.0,0.0,0.0000,0.0000,0.8423,0.2846,0.5581,240.8750,enc,0.0000
1786091924.275225,0.1072,0.0,0.0,0.0000,0.0000,0.8423,0.2846,0.5581,240.8750,enc,0.0000
1786091924.374021,0.0988,0.0,0.0,0.0000,0.0000,0.8423,0.2846,0.5581,240.8750,enc,0.0000
1786091924.486659,0.1126,0.0,0.0,0.0000,0.0000,0.8423,0.2846,0.5581,240.8750,enc,0.0000
1786091924.581707,0.0950,0.0,0.0,0.0000,0.0000,0.8423,0.2846,0.5581,240.8750,enc,0.0000
1786091924.685055,0.1033,0.0,0.0,0.0000,0.0000,0.8423,0.2846,0.5581,240.8750,enc,0.0000
1786091924.787540,0.1025,0.0,0.0,0.0000,0.0000,0.8423,0.2846,0.5581,240.8750,enc,0.0000
1786091924.893116,0.1056,0.0,0.0,0.0000,0.0000,0.8423,0.2846,0.5581,240.8750,enc,0.0000
1786091924.993988,0.1009,0.0,0.0,0.0000,0.0000,0.8423,0.2846,0.5581,240.8750,enc,0.0000
1786091925.098213,0.1042,0.0,0.0,0.0000,0.0000,0.8423,0.2846,0.5581,240.8750,enc,0.0000
1786091925.266305,0.1681,0.0,0.0,0.0000,0.0000,0.8423,0.2846,0.5581,240.8750,enc,0.0000
1786091925.306388,0.0401,0.0,0.0,0.0000,0.0000,0.8423,0.2846,0.5581,240.8750,enc,0.0000
1786091925.520972,0.2146,0.0,0.0,0.0000,0.0000,0.8423,0.2846,0.5581,240.8750,enc,0.0000
1786091925.521191,0.0002,0.0,0.0,0.0000,0.0000,0.8423,0.2846,0.5581,240.8750,enc,0.0000
1786091925.614545,0.0934,0.0,0.0,0.0000,0.0000,0.8423,0.2846,0.5581,240.8750,enc,0.0000
1786091925.766432,0.1519,0.0,0.0,0.0000,0.0000,0.8423,0.2846,0.5581,240.8750,enc,0.0000
1786091925.824424,0.0580,0.0,0.0,0.0000,0.0000,0.8423,0.2846,0.5581,240.8750,enc,0.0000
1786091926.013892,0.1895,0.0,0.0,0.0000,0.0000,0.8423,0.2846,0.5581,240.8750,enc,0.0000
1786091926.030766,0.0169,0.0,0.0,0.0000,0.0000,0.8423,0.2846,0.5581,240.8750,enc,0.0000
1786091926.260305,0.2295,0.0,0.0,0.0000,0.0000,0.8423,0.2846,0.5581,240.8750,enc,0.0000
1786091926.260353,0.0000,0.0,0.0,0.0000,0.0000,0.8423,0.2846,0.5581,240.8750,enc,0.0000
1786091926.343003,0.0827,0.0,0.0,0.0000,0.0000,0.8423,0.2846,0.5581,240.8750,enc,0.0000
1786091926.512669,0.1697,0.0,0.0,0.0000,0.0000,0.8423,0.2846,0.5581,240.8750,enc,0.0000
1786091926.547999,0.0353,0.0,0.0,0.0000,0.0000,0.8423,0.2846,0.5581,240.8750,enc,0.0000
1786091926.766217,0.2182,0.0,0.0,0.0000,0.0000,0.8423,0.2846,0.5581,240.8750,enc,0.0000
1786091926.766414,0.0002,0.0,0.0,0.0000,0.0000,0.8423,0.2846,0.5581,240.8750,enc,0.0000
1786091926.863754,0.0973,0.0,0.0,0.0000,0.0000,0.8423,0.2846,0.5581,240.8750,enc,0.0000
1786091927.016471,0.1527,0.0,0.0,0.0000,0.0000,0.8423,0.2846,0.5581,240.8750,enc,0.0000
1786091927.064884,0.0484,0.0,0.0,0.0000,0.0000,0.8423,0.2846,0.5581,240.8750,enc,0.0000
1786091927.267880,0.2030,0.0,0.0,0.0000,0.0000,0.8423,0.2846,0.5581,240.8750,enc,0.0000
1786091927.273714,0.0058,0.0,0.0,0.0000,0.0000,0.8423,0.2846,0.5581,240.8750,enc,0.0000
1786091927.518507,0.2448,0.0,0.0,0.0000,0.0000,0.8423,0.2846,0.5581,240.8750,enc,0.0000
1786091927.518657,0.0001,0.0,0.0,0.0000,0.0000,0.8423,0.2846,0.5581,240.8750,enc,0.0000
1786091927.584736,0.0661,0.0,0.0,0.0000,0.0000,0.8423,0.2846,0.5581,240.8750,enc,0.0000
1786091927.767928,0.1832,0.0,0.0,0.0000,0.0000,0.8423,0.2846,0.5581,240.8750,enc,0.0000
1786091927.792289,0.0244,0.0,0.0,0.0000,0.0000,0.8423,0.2846,0.5581,240.8750,enc,0.0000
1786091928.018865,0.2266,0.0,0.0,0.0000,0.0000,0.8423,0.2846,0.5581,240.8750,enc,0.0000
1786091928.019266,0.0004,0.0,0.0,0.0000,0.0000,0.8423,0.2846,0.5581,240.8750,enc,0.0000
1786091928.105318,0.0861,0.0,0.0,0.0000,0.0000,0.8423,0.2846,0.5581,240.8750,enc,0.0000
1786091928.269222,0.1639,0.0,0.0,0.0000,0.0000,0.8423,0.2846,0.5581,240.8750,enc,0.0000
1786091928.313886,0.0447,0.0,0.0,0.0000,0.0000,0.8423,0.2846,0.5581,240.8750,enc,0.0000
1786091928.521677,0.2078,0.0,0.0,0.0000,0.0000,0.8423,0.2846,0.5581,240.8750,enc,0.0000
1786091928.523024,0.0013,0.0,0.0,0.0000,0.0000,0.8423,0.2846,0.5581,240.8750,enc,0.0000
1786091928.770777,0.2478,0.0,0.0,0.0000,0.0000,0.8423,0.2846,0.5581,240.8750,enc,0.0000
1786091928.770841,0.0001,0.0,0.0,0.0000,0.0000,0.8423,0.2846,0.5581,240.8750,enc,0.0000
1786091928.833331,0.0625,0.0,0.0,0.0000,0.0000,0.8423,0.2846,0.5581,240.8750,enc,0.0000
1786091929.020024,0.1867,0.0,0.0,0.0000,0.0000,0.8423,0.2846,0.5581,240.8750,enc,0.0000
1786091929.039027,0.0190,0.0,0.0,0.0000,0.0000,0.8423,0.2846,0.5581,240.8750,enc,0.0000
1786091929.310438,0.2714,0.0,0.0,0.0000,0.0000,0.8423,0.2846,0.5581,240.8750,enc,0.0000
1786091929.310505,0.0001,0.0,0.0,0.0000,0.0000,0.8423,0.2846,0.5581,240.8750,enc,0.0000
1786091929.352979,0.0425,0.0,0.0,0.0000,0.0000,0.8423,0.2846,0.5581,240.8750,enc,0.0000
1786091929.529017,0.1760,0.0,0.0,0.0000,0.0000,0.8423,0.2846,0.5581,240.8750,enc,0.0000
1786091929.557558,0.0285,0.0,0.0,0.0000,0.0000,0.8423,0.2846,0.5581,240.8750,enc,0.0000
1786091929.784421,0.2269,0.0,0.0,0.0000,0.0000,0.8423,0.2846,0.5581,240.8750,enc,0.0000
1786091929.784548,0.0001,0.0,0.0,0.0000,0.0000,0.8423,0.2846,0.5581,240.8750,enc,0.0000
1786091929.869879,0.0853,0.0,0.0,0.0000,0.0000,0.8423,0.2846,0.5581,240.8750,enc,0.0000
1786091930.045223,0.1753,0.0,0.0,0.0000,0.0000,0.8423,0.2846,0.5581,240.8750,enc,0.0000
1786091930.075064,0.0298,0.0,0.0,0.0000,0.0000,0.8423,0.2846,0.5581,240.8750,enc,0.0000
1786091930.181594,0.1065,0.0,0.0,0.0000,0.0000,0.8423,0.2846,0.5581,240.8750,enc,0.0000
1786091930.285105,0.1035,0.0,0.0,0.0000,0.0000,0.8423,0.2846,0.5581,240.8750,enc,0.0000
1786091930.387227,0.1021,0.0,0.0,0.0000,0.0000,0.8423,0.2846,0.5581,240.8750,enc,0.0000
1786091930.491399,0.1042,0.0,0.0,0.0000,0.0000,0.8423,0.2846,0.5581,240.8750,enc,0.0000
1786091930.642830,0.1514,0.0,0.0,0.0000,0.0000,0.8423,0.2846,0.5581,240.8750,enc,0.0000
1786091930.698843,0.0560,0.0,0.0,0.0000,0.0000,0.8423,0.2846,0.5581,240.8750,enc,0.0000
1786091930.800857,0.1020,0.0,0.0,0.0000,0.0000,0.8423,0.2846,0.5581,240.8750,enc,0.0000
1786091930.907116,0.1063,0.0,0.0,0.0000,0.0000,0.8423,0.2846,0.5581,240.8750,enc,0.0000
1786091931.008627,0.1015,0.0,0.0,0.0000,0.0000,0.8423,0.2846,0.5581,240.8750,enc,0.0000
1786091931.114960,0.1063,0.0,0.0,0.0000,0.0000,0.8423,0.2846,0.5581,240.8750,enc,0.0000
1786091931.278987,0.1640,0.0,0.0,0.0000,0.0000,0.8423,0.2846,0.5581,240.8750,enc,0.0000
1786091931.321458,0.0425,0.0,0.0,0.0000,0.0000,0.8423,0.2846,0.5581,240.8750,enc,0.0000
1786091931.422920,0.1015,0.0,0.0,0.0000,0.0000,0.8423,0.2846,0.5581,240.8750,enc,0.0000
1786091931.532074,0.1092,0.0,0.0,0.0000,0.0000,0.8423,0.2846,0.5581,240.8750,enc,0.0000
1786091931.633169,0.1011,0.0,0.0,0.0000,0.0000,0.8423,0.2846,0.5581,240.8750,enc,0.0000
1786091931.736953,0.1038,0.0,0.0,0.0000,0.0000,0.8423,0.2846,0.5581,240.8750,enc,0.0000
1786091931.843117,0.1062,0.0,0.0,0.0000,0.0000,0.8423,0.2846,0.5581,240.8750,enc,0.0000
1786091931.944525,0.1014,0.0,0.0,0.0000,0.0000,0.8423,0.2846,0.5581,240.8750,enc,0.0000
1786091932.048360,0.1038,0.0,0.0,0.0000,0.0000,0.8423,0.2846,0.5581,240.8750,enc,0.0000
1786091932.149068,0.1007,0.0,0.0,0.0000,0.0000,0.8423,0.2846,0.5581,240.8750,enc,0.0000
1786091932.257936,0.1089,0.0,0.0,0.0000,0.0000,0.8423,0.2846,0.5581,240.8750,enc,0.0000
1786091932.358007,0.1001,0.0,0.0,0.0000,0.0000,0.8423,0.2846,0.5581,240.8750,enc,0.0000
1786091932.460674,0.1027,0.0,0.0,0.0000,0.0000,0.8423,0.2846,0.5581,240.8750,enc,0.0000
1786091932.568937,0.1083,0.0,0.0,0.0000,0.0000,0.8423,0.2846,0.5581,240.8750,enc,0.0000
1786091932.672427,0.1035,0.0,0.0,0.0000,0.0000,0.8423,0.2846,0.5581,240.8750,enc,0.0000
1786091932.775310,0.1029,0.0,0.0,0.0000,0.0000,0.8423,0.2846,0.5581,240.8750,enc,0.0000
1786091932.880941,0.1056,0.0,0.0,0.0000,0.0000,0.8423,0.2846,0.5581,240.8750,enc,0.0000
1786091932.984275,0.1033,0.0,0.0,0.0000,0.0000,0.8423,0.2846,0.5581,240.8750,enc,0.0000
1786091933.087279,0.1030,0.0,0.0,0.0000,0.0000,0.8423,0.2846,0.5581,240.8750,enc,0.0000
1786091933.193390,0.1061,0.0,0.0,0.0000,0.0000,0.8423,0.2846,0.5581,240.8750,enc,0.0000
1786091933.437103,0.2437,0.0,0.0,0.0000,0.0000,0.8423,0.2846,0.5581,240.8750,enc,0.0000
1786091933.437151,0.0000,0.0,0.0,0.0000,0.0000,0.8423,0.2846,0.5581,240.8750,enc,0.0000
1786091933.501607,0.0645,0.0,0.0,0.0000,0.0000,0.8423,0.2846,0.5581,240.8750,enc,0.0000
1786091933.608867,0.1073,0.0,0.0,0.0000,0.0000,0.8423,0.2846,0.5581,240.8750,enc,0.0000
1786091933.708712,0.0998,0.0,0.0,0.0000,0.0000,0.8423,0.2846,0.5581,240.8750,enc,0.0000
1786091933.812264,0.1036,0.0,0.0,0.0000,0.0000,0.8423,0.2846,0.5581,240.8750,enc,0.0000
1786091933.918592,0.1063,0.0,0.0,0.0000,0.0000,0.8423,0.2846,0.5581,240.8750,enc,0.0000
1786091934.019653,0.1011,0.0,0.0,0.0000,0.0000,0.8423,0.2846,0.5581,240.8750,enc,0.0000
1786091934.123414,0.1038,0.0,0.0,0.0000,0.0000,0.8423,0.2846,0.5581,240.8750,enc,0.0000
1786091934.229797,0.1064,0.0,0.0,0.0000,0.0000,0.8423,0.2846,0.5581,240.8750,enc,0.0000
1786091934.332808,0.1030,0.0,0.0,0.0000,0.0000,0.8423,0.2846,0.5581,240.8750,enc,0.0000
1786091934.436887,0.1041,0.0,0.0,0.0000,0.0000,0.8423,0.2846,0.5581,240.8750,enc,0.0000
1786091934.540564,0.1037,0.0,0.0,0.0000,0.0000,0.8423,0.2846,0.5581,240.8750,enc,0.0000
1786091934.646673,0.1061,0.0,0.0,0.0000,0.0000,0.8423,0.2846,0.5581,240.8750,enc,0.0000
1786091934.748154,0.1015,0.0,0.0,0.0000,0.0000,0.8423,0.2846,0.5581,240.8750,enc,0.0000
1786091934.851447,0.1033,0.0,0.0,0.0000,0.0000,0.8423,0.2846,0.5581,240.8750,enc,0.0000
1786091934.956277,0.1048,0.0,0.0,0.0000,0.0000,0.8423,0.2846,0.5581,240.8750,enc,0.0000
1786091935.060028,0.1038,0.0,0.0,0.0000,0.0000,0.8423,0.2846,0.5581,240.8750,enc,0.0000
1786091935.161314,0.1013,0.0,0.0,0.0000,0.0000,0.8423,0.2846,0.5581,240.8750,enc,0.0000
1786091935.280216,0.1189,0.0,0.0,0.0000,0.0000,0.8423,0.2846,0.5581,240.8750,enc,0.0000
1786091935.369057,0.0888,0.0,0.0,0.0000,0.0000,0.8423,0.2846,0.5581,240.8750,enc,0.0000
1786091935.477334,0.1083,0.0,0.0,0.0000,0.0000,0.8423,0.2846,0.5581,240.8750,enc,0.0000
1786091935.583373,0.1060,0.0,0.0,0.0000,0.0000,0.8423,0.2846,0.5581,240.8750,enc,0.0000
1786091935.683450,0.1001,0.0,0.0,0.0000,0.0000,0.8423,0.2846,0.5581,240.8750,enc,0.0000
1786091935.788333,0.1049,0.0,0.0,0.0000,0.0000,0.8423,0.2846,0.5581,240.8750,enc,0.0000
1786091935.892194,0.1039,0.0,0.0,0.0000,0.0000,0.8423,0.2846,0.5581,240.8750,enc,0.0000
1786091935.997579,0.1054,0.0,0.0,0.0000,0.0000,0.8423,0.2846,0.5581,240.8750,enc,0.0000
1786091936.100253,0.1027,0.0,0.0,0.0000,0.0000,0.8423,0.2846,0.5581,240.8750,enc,0.0000
1786091936.204966,0.1047,0.0,0.0,0.0000,0.0000,0.8423,0.2846,0.5581,240.8750,enc,0.0000
1786091936.307665,0.1027,0.0,0.0,0.0000,0.0000,0.8423,0.2846,0.5581,240.8750,enc,0.0000
1786091936.411266,0.1036,0.0,0.0,0.0000,0.0000,0.8423,0.2846,0.5581,240.8750,enc,0.0000
1786091936.511954,0.1007,0.0,0.0,0.0000,0.0000,0.8423,0.2846,0.5581,240.8750,enc,0.0000
1786091936.618683,0.1067,0.0,0.0,0.0000,0.0000,0.8423,0.2846,0.5581,240.8750,enc,0.0000
1786091936.719630,0.1009,0.0,0.0,0.0000,0.0000,0.8423,0.2846,0.5581,240.8750,enc,0.0000
1786091936.823323,0.1037,0.0,0.0,0.0000,0.0000,0.8423,0.2846,0.5581,240.8750,enc,0.0000
1786091936.932054,0.1087,0.0,0.0,0.0000,0.0000,0.8423,0.2846,0.5581,240.8750,enc,0.0000
1786091937.031023,0.0990,0.0,0.0,0.0000,0.0000,0.8423,0.2846,0.5581,240.8750,enc,0.0000
1786091937.134165,0.1031,0.0,0.0,0.0000,0.0000,0.8423,0.2846,0.5581,240.8750,enc,0.0000
1786091937.240581,0.1064,0.0,0.0,0.0000,0.0000,0.8423,0.2846,0.5581,240.8750,enc,0.0000
1786091937.344002,0.1034,0.0,0.0,0.0000,0.0000,0.8423,0.2846,0.5581,240.8750,enc,0.0000
1786091937.446740,0.1027,0.0,0.0,0.0000,0.0000,0.8423,0.2846,0.5581,240.8750,enc,0.0000
1786091937.553077,0.1063,0.0,0.0,0.0000,0.0000,0.8423,0.2846,0.5581,240.8750,enc,0.0000
1786091937.655406,0.1023,0.0,0.0,0.0000,0.0000,0.8423,0.2846,0.5581,240.8750,enc,0.0000
1786091937.758298,0.1029,0.0,0.0,0.0000,0.0000,0.8423,0.2846,0.5581,240.8750,enc,0.0000
1786091937.860944,0.1026,0.0,0.0,0.0000,0.0000,0.8423,0.2846,0.5581,240.8750,enc,0.0000
1786091937.964343,0.1034,0.0,0.0,0.0000,0.0000,0.8423,0.2846,0.5581,240.8750,enc,0.0000
1786091938.068590,0.1042,0.0,0.0,0.0000,0.0000,0.8423,0.2846,0.5581,240.8750,enc,0.0000
1786091938.169506,0.1009,0.0,0.0,0.0000,0.0000,0.8423,0.2846,0.5581,240.8750,enc,0.0000
1786091938.275510,0.1060,0.0,0.0,0.0000,0.0000,0.8423,0.2846,0.5581,240.8750,enc,0.0000
1786091938.377909,0.1024,0.0,0.0,0.0000,0.0000,0.8423,0.2846,0.5581,240.8750,enc,0.0000
1786091938.480229,0.1023,0.0,0.0,0.0000,0.0000,0.8423,0.2846,0.5581,240.8750,enc,0.0000
1786091938.594050,0.1138,0.0,0.0,0.0000,0.0000,0.8423,0.2846,0.5581,240.8750,enc,0.0000
1786091938.688107,0.0941,0.0,0.0,0.0000,0.0000,0.8423,0.2846,0.5581,240.8750,enc,0.0000
1786091938.794396,0.1063,0.0,0.0,0.0000,0.0000,0.8423,0.2846,0.5581,240.8750,enc,0.0000
1786091938.897761,0.1034,0.0,0.0,0.0000,0.0000,0.8423,0.2846,0.5581,240.8750,enc,0.0000
1786091938.998466,0.1007,0.0,0.0,0.0000,0.0000,0.8423,0.2846,0.5581,240.8750,enc,0.0000
1786091939.105591,0.1071,0.0,0.0,0.0000,0.0000,0.8423,0.2846,0.5581,240.8750,enc,0.0000
1786091939.209354,0.1038,0.0,0.0,0.0000,0.0000,0.8423,0.2846,0.5581,240.8750,enc,0.0000
1786091939.314086,0.1047,0.0,0.0,0.0000,0.0000,0.8423,0.2846,0.5581,240.8750,enc,0.0000
1786091939.416493,0.1024,0.0,0.0,0.0000,0.0000,0.8423,0.2846,0.5581,240.8750,enc,0.0000
1786091939.517333,0.1008,0.0,0.0,0.0000,0.0000,0.8423,0.2846,0.5581,240.8750,enc,0.0000
1786091939.624071,0.1067,0.0,0.0,0.0000,0.0000,0.8423,0.2846,0.5581,240.8750,enc,0.0000
1786091939.726048,0.1020,0.0,0.0,0.0000,0.0000,0.8423,0.2846,0.5581,240.8750,enc,0.0000
1786091939.827986,0.1019,0.0,0.0,0.0000,0.0000,0.8423,0.2846,0.5581,240.8750,enc,0.0000
1786091939.934363,0.1064,0.0,0.0,0.0000,0.0000,0.8423,0.2846,0.5581,240.8750,enc,0.0000
1786091940.035376,0.1010,0.0,0.0,0.0000,0.0000,0.8423,0.2846,0.5581,240.8750,enc,0.0000
1786091940.263891,0.2285,0.0,0.0,0.0000,0.0000,0.8423,0.2846,0.5581,240.8750,enc,0.0000
1786091940.263958,0.0001,0.0,0.0,0.0000,0.0000,0.8423,0.2846,0.5581,240.8750,enc,0.0000
1786091940.345796,0.0818,0.0,0.0,0.0000,0.0000,0.8423,0.2846,0.5581,240.8750,enc,0.0000
1786091940.518232,0.1724,0.0,0.0,0.0000,0.0000,0.8423,0.2846,0.5581,240.8750,enc,0.0000
1786091940.557738,0.0395,0.0,0.0,0.0000,0.0000,0.8423,0.2846,0.5581,240.8750,enc,0.0000
1786091940.774382,0.2166,0.0,0.0,0.0000,0.0000,0.8423,0.2846,0.5581,240.8750,enc,0.0000
1786091940.774456,0.0001,0.0,0.0,0.0000,0.0000,0.8423,0.2846,0.5581,240.8750,enc,0.0000
1786091940.867446,0.0930,0.0,0.0,0.0000,0.0000,0.8423,0.2846,0.5581,240.8750,enc,0.0000
1786091941.019877,0.1524,0.0,0.0,0.0000,0.0000,0.8423,0.2846,0.5581,240.8750,enc,0.0000
1786091941.074217,0.0543,0.0,0.0,0.0000,0.0000,0.8423,0.2846,0.5581,240.8750,enc,0.0000
1786091941.266674,0.1925,0.0,0.0,0.0000,0.0000,0.8423,0.2846,0.5581,240.8750,enc,0.0000
1786091941.278251,0.0116,0.0,0.0,0.0000,0.0000,0.8423,0.2846,0.5581,240.8750,enc,0.0000
1786091941.520427,0.2422,0.0,0.0,0.0000,0.0000,0.8423,0.2846,0.5581,240.8750,enc,0.0000
1786091941.520503,0.0001,0.0,0.0,0.0000,0.0000,0.8423,0.2846,0.5581,240.8750,enc,0.0000
1786091941.592413,0.0719,0.0,0.0,0.0000,0.0000,0.8423,0.2846,0.5581,240.8750,enc,0.0000
1786091941.772872,0.1805,0.0,0.0,0.0000,0.0000,0.8423,0.2846,0.5581,240.8750,enc,0.0000
1786091941.796996,0.0241,0.0,0.0,0.0000,0.0000,0.8423,0.2846,0.5581,240.8750,enc,0.0000
1786091942.024595,0.2276,0.0,0.0,0.0000,0.0000,0.8423,0.2846,0.5581,240.8750,enc,0.0000
1786091942.024845,0.0002,0.0,0.0,0.0000,0.0000,0.8423,0.2846,0.5581,240.8750,enc,0.0000
1786091942.109941,0.0851,0.0,0.0,0.0000,0.0000,0.8423,0.2846,0.5581,240.8750,enc,0.0000
1786091942.276877,0.1669,0.0,0.0,0.0000,0.0000,0.8423,0.2846,0.5581,240.8750,enc,0.0000
1786091942.318239,0.0414,0.0,0.0,0.0000,0.0000,0.8423,0.2846,0.5581,240.8750,enc,0.0000
1786091942.527485,0.2092,0.0,0.0,0.0000,0.0000,0.8423,0.2846,0.5581,240.8750,enc,0.0000
1786091942.527549,0.0001,0.0,0.0,0.0000,0.0000,0.8423,0.2846,0.5581,240.8750,enc,0.0000
1786091942.775655,0.2481,0.0,0.0,0.0000,0.0000,0.8423,0.2846,0.5581,240.8750,enc,0.0000
1786091942.775692,0.0000,0.0,0.0,0.0000,0.0000,0.8423,0.2846,0.5581,240.8750,enc,0.0000
1786091942.834195,0.0585,0.0,0.0,0.0000,0.0000,0.8423,0.2846,0.5581,240.8750,enc,0.0000
1786091943.025501,0.1913,0.0,0.0,0.0000,0.0000,0.8423,0.2846,0.5581,240.8750,enc,0.0000
1786091943.046014,0.0205,0.0,0.0,0.0000,0.0000,0.8423,0.2846,0.5581,240.8750,enc,0.0000
1786091943.277158,0.2311,0.0,0.0,0.0000,0.0000,0.8423,0.2846,0.5581,240.8750,enc,0.0000
1786091943.280462,0.0033,0.0,0.0,0.0000,0.0000,0.8423,0.2846,0.5581,240.8750,enc,0.0000
1786091943.353589,0.0731,0.0,0.0,0.0000,0.0000,0.8423,0.2846,0.5581,240.8750,enc,0.0000
1786091943.530704,0.1771,0.0,0.0,0.0000,0.0000,0.8423,0.2846,0.5581,240.8750,enc,0.0000
1786091943.561913,0.0312,0.0,0.0,0.0000,0.0000,0.8423,0.2846,0.5581,240.8750,enc,0.0000
1786091943.779306,0.2174,0.0,0.0,0.0000,0.0000,0.8423,0.2846,0.5581,240.8750,enc,0.0000
1786091943.779356,0.0001,0.0,0.0,0.0000,0.0000,0.8423,0.2846,0.5581,240.8750,enc,0.0000
1786091943.874276,0.0949,0.0,0.0,0.0000,0.0000,0.8423,0.2846,0.5581,240.8750,enc,0.0000
1786091944.030858,0.1566,0.0,0.0,0.0000,0.0000,0.8423,0.2846,0.5581,240.8750,enc,0.0000
1786091944.082884,0.0520,0.0,0.0,0.0000,0.0000,0.8423,0.2846,0.5581,240.8750,enc,0.0000
1786091944.283526,0.2006,0.0,0.0,0.0000,0.0000,0.8423,0.2846,0.5581,240.8750,enc,0.0000
1786091944.288579,0.0051,0.0,0.0,0.0000,0.0000,0.8423,0.2846,0.5581,240.8750,enc,0.0000
1786091944.537352,0.2488,0.0,0.0,0.0000,0.0000,0.8423,0.2846,0.5581,240.8750,enc,0.0000
1786091944.537398,0.0000,0.0,0.0,0.0000,0.0000,0.8423,0.2846,0.5581,240.8750,enc,0.0000
1786091944.604272,0.0669,0.0,0.0,0.0000,0.0000,0.8423,0.2846,0.5581,240.8750,enc,0.0000
1786091944.800237,0.1960,0.0,0.0,0.0000,0.0000,0.8423,0.2846,0.5581,240.8750,enc,0.0000
1786091944.809244,0.0090,0.0,0.0,0.0000,0.0000,0.8423,0.2846,0.5581,240.8750,enc,0.0000
1786091945.047944,0.2387,0.0,0.0,0.0000,0.0000,0.8423,0.2846,0.5581,240.8750,enc,0.0000
1786091945.047995,0.0001,0.0,0.0,0.0000,0.0000,0.8423,0.2846,0.5581,240.8750,enc,0.0000
1786091945.122233,0.0742,0.0,0.0,0.0000,0.0000,0.8423,0.2846,0.5581,240.8750,enc,0.0000
1786091945.224953,0.1027,0.0,0.0,0.0000,0.0000,0.8423,0.2846,0.5581,240.8750,enc,0.0000
1786091945.331210,0.1063,0.0,0.0,0.0000,0.0000,0.8423,0.2846,0.5581,240.8750,enc,0.0000
1786091945.433952,0.1027,0.0,0.0,0.0000,0.0000,0.8423,0.2846,0.5581,240.8750,enc,0.0000
1786091945.534941,0.1010,0.0,0.0,0.0000,0.0000,0.8423,0.2846,0.5581,240.8750,enc,0.0000
1786091945.645044,0.1101,0.0,0.0,0.0000,0.0000,0.8423,0.2846,0.5581,240.8750,enc,0.0000
1786091945.742782,0.0977,0.0,0.0,0.0000,0.0000,0.8423,0.2846,0.5581,240.8750,enc,0.0000
1786091945.847741,0.1050,0.0,0.0,0.0000,0.0000,0.8423,0.2846,0.5581,240.8750,enc,0.0000
1786091945.955905,0.1082,0.0,0.0,0.0000,0.0000,0.8423,0.2846,0.5581,240.8750,enc,0.0000
1786091946.058367,0.1025,0.0,0.0,0.0000,0.0000,0.8423,0.2846,0.5581,240.8750,enc,0.0000
1786091946.162453,0.1041,0.0,0.0,0.0000,0.0000,0.8423,0.2846,0.5581,240.8750,enc,0.0000
1786091946.263748,0.1013,0.0,0.0,0.0000,0.0000,0.8423,0.2846,0.5581,240.8750,enc,0.0000
1786091946.369689,0.1059,0.0,0.0,0.0000,0.0000,0.8423,0.2846,0.5581,240.8750,enc,0.0000
1786091946.473927,0.1042,0.0,0.0,0.0000,0.0000,0.8423,0.2846,0.5581,240.8750,enc,0.0000
1786091946.577501,0.1036,0.0,0.0,0.0000,0.0000,0.8423,0.2846,0.5581,240.8750,enc,0.0000
1786091946.684959,0.1075,0.0,0.0,0.0000,0.0000,0.8423,0.2846,0.5581,240.8750,enc,0.0000
1786091946.786078,0.1011,0.0,0.0,0.0000,0.0000,0.8423,0.2846,0.5581,240.8750,enc,0.0000
1786091946.884942,0.0989,0.0,0.0,0.0000,0.0000,0.8423,0.2846,0.5581,240.8750,enc,0.0000
1786091946.990155,0.1052,0.0,0.0,0.0000,0.0000,0.8423,0.2846,0.5581,240.8750,enc,0.0000
1786091947.093083,0.1029,0.0,0.0,0.0000,0.0000,0.8423,0.2846,0.5581,240.8750,enc,0.0000
1786091947.196268,0.1032,0.0,0.0,0.0000,0.0000,0.8423,0.2846,0.5581,240.8750,enc,0.0000
1786091947.302391,0.1061,0.0,0.0,0.0000,0.0000,0.8423,0.2846,0.5581,240.8750,enc,0.0000
1786091947.407001,0.1046,0.0,0.0,0.0000,0.0000,0.8423,0.2846,0.5581,240.8750,enc,0.0000
1786091947.509871,0.1029,0.0,0.0,0.0000,0.0000,0.8423,0.2846,0.5581,240.8750,enc,0.0000
1786091947.615931,0.1061,0.0,0.0,0.0000,0.0000,0.8423,0.2846,0.5581,240.8750,enc,0.0000
1786091947.717762,0.1018,0.0,0.0,0.0000,0.0000,0.8423,0.2846,0.5581,240.8750,enc,0.0000
1786091947.821528,0.1038,0.0,0.0,0.0000,0.0000,0.8423,0.2846,0.5581,240.8750,enc,0.0000
1786091947.928987,0.1075,0.0,0.0,0.0000,0.0000,0.8423,0.2846,0.5581,240.8750,enc,0.0000
1786091948.030744,0.1018,0.0,0.0,0.0000,0.0000,0.8423,0.2846,0.5581,240.8750,enc,0.0000
1786091948.133985,0.1032,0.0,0.0,0.0000,0.0000,0.8423,0.2846,0.5581,240.8750,enc,0.0000
1786091948.235463,0.1015,0.0,0.0,0.0000,0.0000,0.8423,0.2846,0.5581,240.8750,enc,0.0000
1786091948.339940,0.1045,0.0,0.0,0.0000,0.0000,0.8423,0.2846,0.5581,240.8750,enc,0.0000
1786091948.440758,0.1008,0.0,0.0,0.0000,0.0000,0.8423,0.2846,0.5581,240.8750,enc,0.0000
1786091948.543935,0.1032,0.0,0.0,0.0000,0.0000,0.8423,0.2846,0.5581,240.8750,enc,0.0000
1786091948.653028,0.1091,0.0,0.0,0.0000,0.0000,0.8423,0.2846,0.5581,240.8750,enc,0.0000
1786091948.751292,0.0983,0.0,0.0,0.0000,0.0000,0.8423,0.2846,0.5581,240.8750,enc,0.0000
1786091948.856266,0.1050,0.0,0.0,0.0000,0.0000,0.8423,0.2846,0.5581,240.8750,enc,0.0000
1786091948.961633,0.1054,0.0,0.0,0.0000,0.0000,0.8423,0.2846,0.5581,240.8750,enc,0.0000
1786091949.062012,0.1004,-0.13058267533779144,-0.15716145932674408,-0.0008,-0.0005,0.8422,0.2845,0.5580,240.8750,enc,-0.0003
1786091949.169858,0.1078,-2.5924675464630127,-2.645571231842041,-0.0154,-0.0009,0.8405,0.2845,0.0000,240.8750,imu,-0.0002
1786091949.275041,0.1052,-8.073911666870117,-7.99486780166626,-0.0471,0.0013,0.8356,0.2845,0.0011,240.8125,imu,0.0003
1786091949.377023,0.1020,-12.481078147888184,-12.37511157989502,-0.0729,0.0018,0.8282,0.2844,0.0011,240.8125,imu,-0.0007
1786091949.479931,0.1029,-13.803852081298828,-13.170686721801758,-0.0791,0.0108,0.8200,0.2841,0.0011,240.8125,imu,-0.0028
1786091949.582925,0.1030,-14.141865730285645,-14.674211502075195,-0.0845,-0.0090,0.8113,0.2844,0.0000,240.8750,imu,0.0024
1786091949.689013,0.1061,-14.16562557220459,-14.271637916564941,-0.0834,-0.0018,0.8025,0.2843,0.0000,240.8750,imu,-0.0002
1786091949.790027,0.1010,-13.162500381469727,-12.603714942932129,-0.0756,0.0095,0.7948,0.2841,0.0033,240.6875,imu,-0.0020
1786091949.890656,0.1006,-12.716085433959961,-13.221245765686035,-0.0761,-0.0086,0.7872,0.2844,0.0022,240.7500,imu,0.0025
1786091949.997585,0.1069,-13.068697929382324,-13.121161460876465,-0.0768,-0.0009,0.7790,0.2843,0.0011,240.8125,imu,-0.0006
1786091950.098621,0.1010,-13.42434310913086,-13.317972183227539,-0.0784,0.0018,0.7710,0.2842,0.0022,240.7500,imu,-0.0008
1786091950.202436,0.1038,-11.912820816040039,-11.886615753173828,-0.0698,0.0004,0.7638,0.2842,0.0033,240.6875,imu,0.0006
1786091950.310986,0.1085,-13.208192825317383,-13.34099006652832,-0.0778,-0.0023,0.7554,0.2842,0.0022,240.7500,imu,-0.0003
1786091950.410748,0.0998,-13.291417121887207,-13.39681625366211,-0.0783,-0.0018,0.7475,0.2841,0.0022,240.7500,imu,-0.0007
1786091950.513564,0.1028,-13.246936798095703,-12.667531967163086,-0.0760,0.0098,0.7397,0.2843,0.0033,240.6875,imu,0.0020
1786091950.624287,0.1107,-12.1453218460083,-12.650686264038086,-0.0727,-0.0086,0.7317,0.2841,0.0022,240.7500,imu,-0.0018
1786091950.723403,0.0991,-11.971997261047363,-12.131449699401855,-0.0707,-0.0027,0.7247,0.2841,0.0000,240.8750,imu,0.0002
1786091950.828674,0.1053,-4.657349586486816,-4.9192328453063965,-0.0281,-0.0045,0.7217,0.2842,0.0044,240.6250,imu,0.0015
1786091950.931919,0.1032,-0.17329421639442444,-0.3061531186103821,-0.0014,-0.0023,0.7216,0.2843,0.0041,240.5000,enc,0.0003
1786091951.034354,0.1024,0.029303057119250298,0.002698965836316347,0.0001,-0.0005,0.7216,0.2842,0.0041,240.5000,enc,-0.0001
1786091951.138135,0.1038,0.0,0.0,0.0000,0.0000,0.7216,0.2842,0.0041,243.0625,enc,0.0000
1786091951.240083,0.1019,-1.202354073524475,-1.0961960554122925,-0.0067,0.0018,0.7209,0.2843,-0.0218,244.3125,imu,0.0000
1786091951.344011,0.1039,-6.094855308532715,-5.589232444763184,-0.0343,0.0086,0.7173,0.2844,-0.0382,245.2500,imu,-0.0003
1786091951.446902,0.1029,-10.653922080993652,-10.574069023132324,-0.0622,0.0014,0.7109,0.2847,-0.0556,246.2500,imu,-0.0001
1786091951.546906,0.1000,-12.112993240356445,-12.219457626342773,-0.0713,-0.0018,0.7038,0.2851,-0.0709,247.1250,imu,-0.0008
1786091951.660059,0.1132,-14.35702896118164,-14.46351432800293,-0.0845,-0.0018,0.6943,0.2859,-0.0829,247.8125,imu,-0.0008
1786091951.762517,0.1025,-14.167737007141113,-14.114900588989258,-0.0829,0.0009,0.6858,0.2866,-0.0851,247.9375,imu,0.0004
1786091951.862153,0.0996,-12.429275512695312,-12.481971740722656,-0.0730,-0.0009,0.6786,0.2872,-0.0873,248.0625,imu,-0.0002
1786091951.966508,0.1044,-13.551192283630371,-13.657635688781738,-0.0798,-0.0018,0.6703,0.2880,-0.0851,247.9375,imu,0.0002
1786091952.069699,0.1032,-13.212496757507324,-13.080662727355957,-0.0771,0.0022,0.6624,0.2888,-0.0840,247.8750,imu,0.0014
1786091952.172719,0.1030,-13.015149116516113,-12.014277458190918,-0.0734,0.0170,0.6548,0.2895,-0.0851,247.9375,imu,0.0006
1786091952.279763,0.1070,-12.266618728637695,-13.277846336364746,-0.0749,-0.0172,0.6468,0.2902,-0.0982,248.6875,imu,-0.0008
1786091952.380924,0.1012,-13.334478378295898,-13.255438804626465,-0.0780,0.0013,0.6390,0.2909,-0.0971,248.6250,imu,0.0001
1786091952.484006,0.1031,-13.170158386230469,-13.11762523651123,-0.0771,0.0009,0.6311,0.2917,-0.0971,248.6250,imu,-0.0004
1786091952.587920,0.1039,-12.232789039611816,-12.259404182434082,-0.0718,-0.0005,0.6237,0.2923,-0.0982,248.6875,imu,-0.0008
1786091952.693970,0.1061,-13.387046813964844,-13.466872215270996,-0.0787,-0.0014,0.6153,0.2932,-0.0971,248.6250,imu,0.0007
1786091952.793735,0.0998,-13.226308822631836,-13.306129455566406,-0.0778,-0.0014,0.6076,0.2939,-0.0971,248.6250,imu,-0.0003
1786091952.894226,0.1005,-12.194913864135742,-12.194913864135742,-0.0715,0.0000,0.6005,0.2946,-0.0982,248.6875,imu,-0.0008
1786091953.000066,0.1058,-13.313194274902344,-13.128033638000488,-0.0775,0.0031,0.5923,0.2953,-0.0960,248.5625,imu,-0.0003
1786091953.100643,0.1006,-13.24592399597168,-13.219320297241211,-0.0776,0.0005,0.5845,0.2960,-0.0960,248.5625,imu,-0.0005
1786091953.204387,0.1037,-12.106636047363281,-12.186249732971191,-0.0712,-0.0014,0.5772,0.2968,-0.1178,249.8125,imu,-0.0007
1786091953.313978,0.1096,-13.434073448181152,-13.48723316192627,-0.0789,-0.0009,0.5686,0.2979,-0.1145,249.6250,imu,0.0006
1786091953.414902,0.1009,-13.23221206665039,-13.100811004638672,-0.0772,0.0022,0.5609,0.2988,-0.1178,249.8125,imu,0.0006
1786091953.515247,0.1003,-12.718367576599121,-12.187474250793457,-0.0730,0.0090,0.5535,0.2995,-0.1178,249.8125,imu,-0.0022
1786091953.623865,0.1086,-12.849090576171875,-13.406025886535645,-0.0770,-0.0095,0.5453,0.3006,-0.1156,249.6875,imu,0.0018
1786091953.726113,0.1022,-13.184760093688965,-13.184760093688965,-0.0773,0.0000,0.5374,0.3016,-0.1167,249.7500,imu,0.0004
1786091953.829570,0.1035,-13.234283447265625,-12.783127784729004,-0.0763,0.0077,0.5296,0.3027,-0.1167,249.7500,imu,0.0016
1786091953.935978,0.1064,-12.18045425415039,-12.762319564819336,-0.0731,-0.0099,0.5218,0.3034,-0.1178,249.8125,imu,-0.0021
1786091954.037135,0.1012,-13.224392890930176,-13.171769142150879,-0.0774,0.0009,0.5141,0.3043,-0.1156,249.6875,imu,0.0004
1786091954.139943,0.1028,-13.271662712097168,-13.351370811462402,-0.0781,-0.0014,0.5061,0.3052,-0.1167,249.7500,imu,-0.0003
1786091954.244826,0.1049,-12.013862609863281,-12.118900299072266,-0.0708,-0.0018,0.4988,0.3063,-0.1462,251.4375,imu,0.0000
1786091954.350916,0.1061,-13.365497589111328,-13.391947746276855,-0.0785,-0.0004,0.4906,0.3082,-0.2149,255.3750,imu,0.0010
1786091954.452716,0.1018,-13.318096160888672,-13.344705581665039,-0.0782,-0.0005,0.4829,0.3102,-0.2509,257.4375,imu,-0.0001
1786091954.552049,0.0993,-13.291773796081543,-13.371030807495117,-0.0782,-0.0013,0.4755,0.3123,-0.2858,259.4375,imu,-0.0007
1786091954.660031,0.1080,-12.241968154907227,-12.082324981689453,-0.0713,0.0027,0.4681,0.3145,-0.2825,259.2500,imu,0.0006
1786091954.758878,0.0988,-13.29808521270752,-13.29808521270752,-0.0780,0.0000,0.4607,0.3168,-0.3000,260.2500,imu,0.0002
1786091954.862672,0.1038,-13.338828086853027,-12.939693450927734,-0.0771,0.0068,0.4531,0.3193,-0.3033,260.4375,imu,0.0014
1786091954.972839,0.1102,-12.145484924316406,-12.619369506835938,-0.0726,-0.0081,0.4454,0.3215,-0.2989,260.1875,imu,-0.0015
1786091955.069090,0.0963,-13.331623077392578,-13.225481033325195,-0.0779,0.0018,0.4384,0.3241,-0.3360,262.3125,imu,0.0011
1786091955.265720,0.1966,-13.460469245910645,-13.35406494140625,-0.0786,0.0018,0.4240,0.3296,-0.3687,264.1875,imu,-0.0004
1786091955.276986,0.0113,-12.166146278381348,-12.166146278381348,-0.0713,0.0000,0.4232,0.3299,-0.3938,265.6250,imu,-0.0002
1786091955.520679,0.2437,-13.228178024291992,-13.228178024291992,-0.0776,0.0000,0.4060,0.3377,-0.4189,267.0625,imu,0.0004
1786091955.520729,0.0000,-13.346678733825684,-13.373281478881836,-0.0783,-0.0005,0.4060,0.3377,-0.4211,267.1875,imu,-0.0007
1786091955.591841,0.0711,-13.310462951660156,-12.783935546875,-0.0765,0.0089,0.4011,0.3401,-0.4429,268.4375,imu,0.0019
1786091955.765928,0.1741,-11.972601890563965,-12.57991886138916,-0.0720,-0.0103,0.3899,0.3457,-0.4691,269.9375,imu,-0.0008
1786091955.795192,0.0293,-13.24453353881836,-13.324271202087402,-0.0779,-0.0014,0.3878,0.3467,-0.4789,270.5000,imu,-0.0005
1786091956.010937,0.2157,-13.43275260925293,-13.352940559387207,-0.0785,0.0014,0.3728,0.3546,-0.4920,271.2500,imu,-0.0007
1786091956.010981,0.0000,-12.115069389343262,-11.983097076416016,-0.0707,0.0022,0.3728,0.3546,-0.5236,273.0625,imu,0.0005
1786091956.109681,0.0987,-13.408597946166992,-13.381988525390625,-0.0786,0.0005,0.3662,0.3586,-0.5454,274.3125,imu,-0.0005
1786091956.256954,0.1473,-13.33512020111084,-13.256075859069824,-0.0780,0.0013,0.3564,0.3646,-0.5618,275.2500,imu,-0.0008
1786091956.312904,0.0559,-12.075529098510742,-12.022669792175293,-0.0707,0.0009,0.3531,0.3668,-0.5814,276.3750,imu,0.0009
1786091956.513167,0.2003,-13.247467041015625,-13.30064868927002,-0.0778,-0.0009,0.3402,0.3756,-0.6032,277.6250,imu,-0.0004
1786091956.520861,0.0077,-13.32305908203125,-13.270421981811523,-0.0780,0.0009,0.3398,0.3759,-0.6218,278.6875,imu,-0.0004
1786091956.769217,0.2484,-13.32990550994873,-13.30357837677002,-0.0781,0.0004,0.3242,0.3875,-0.6349,279.4375,imu,0.0003
1786091956.769268,0.0001,-11.953934669494629,-12.060123443603516,-0.0704,-0.0018,0.3242,0.3875,-0.6534,280.5000,imu,0.0000
1786091956.839928,0.0707,-13.080647468566895,-13.15902042388916,-0.0769,-0.0013,0.3199,0.3908,-0.6709,281.5000,imu,-0.0006
1786091957.014058,0.1741,-13.409653663635254,-13.409653663635254,-0.0786,0.0000,0.3093,0.3995,-0.6840,282.2500,imu,0.0002
1786091957.042325,0.0283,-13.055730819702148,-13.108016014099121,-0.0767,-0.0009,0.3076,0.4009,-0.7003,283.1875,imu,0.0004
1786091957.265837,0.2235,-12.604438781738281,-12.183884620666504,-0.0727,0.0071,0.2951,0.4112,-0.7178,284.1875,imu,-0.0020
1786091957.265891,0.0001,-12.772724151611328,-13.408194541931152,-0.0768,-0.0108,0.2951,0.4112,-0.7330,285.0625,imu,0.0021
1786091957.355007,0.0891,-13.32304859161377,-13.29648208618164,-0.0781,0.0005,0.2901,0.4160,-0.7494,286.0000,imu,0.0008
1786091957.514993,0.1600,-12.663166046142578,-12.210744857788086,-0.0729,0.0077,0.2814,0.4239,-0.7712,287.2500,imu,-0.0023
1786091957.558383,0.0434,-12.85170841217041,-13.330668449401855,-0.0768,-0.0081,0.2791,0.4263,-0.7843,288.0000,imu,0.0013
1786091957.765067,0.2067,-13.400839805603027,-13.294402122497559,-0.0783,0.0018,0.2680,0.4380,-0.7974,288.7500,imu,0.0011
1786091957.769481,0.0044,-13.111246109008789,-12.083744049072266,-0.0739,0.0175,0.2678,0.4383,-0.8083,289.3750,imu,0.0001
1786091958.014359,0.2449,-12.372047424316406,-13.489592552185059,-0.0758,-0.0190,0.2550,0.4517,-0.8225,290.1875,imu,-0.0008
1786091958.015431,0.0011,-13.336159706115723,-13.256731986999512,-0.0780,0.0014,0.2549,0.4518,-0.8399,291.1875,imu,0.0008
1786091958.076717,0.0613,-13.208651542663574,-13.208651542663574,-0.0775,0.0000,0.2519,0.4554,-0.8541,292.0000,imu,0.0007
1786091958.265980,0.1893,-12.221001625061035,-12.247591972351074,-0.0717,-0.0005,0.2430,0.4658,-0.8716,293.0000,imu,-0.0005
1786091958.285852,0.0199,-13.138737678527832,-13.06048583984375,-0.0768,0.0013,0.2421,0.4669,-0.8803,293.5000,imu,0.0003
1786091958.516709,0.2309,-13.208966255187988,-13.235357284545898,-0.0775,-0.0004,0.2309,0.4809,-0.8934,294.2500,imu,0.0003
1786091958.516757,0.0000,-13.419120788574219,-12.860312461853027,-0.0771,0.0095,0.2309,0.4809,-0.9087,295.1250,imu,0.0010
1786091958.599036,0.0823,-11.997970581054688,-12.603362083435059,-0.0721,-0.0103,0.2272,0.4856,-0.9163,295.5625,imu,-0.0014
1786091958.768196,0.1692,-13.091761589050293,-13.22370719909668,-0.0772,-0.0022,0.2195,0.4961,-0.9327,296.5000,imu,0.0005
1786091958.803578,0.0354,-13.435247421264648,-13.355609893798828,-0.0786,0.0014,0.2178,0.4983,-0.9425,297.0625,imu,-0.0005
1786091959.020895,0.2173,-12.247970581054688,-12.16816234588623,-0.0716,0.0014,0.2088,0.5110,-0.9545,297.7500,imu,-0.0001
1786091959.020947,0.0001,-13.260847091674805,-13.260847091674805,-0.0778,0.0000,0.2088,0.5110,-0.9752,298.9375,imu,0.0002
1786091959.121942,0.1010,-13.393768310546875,-13.393768310546875,-0.0785,0.0000,0.2044,0.5176,-0.9872,299.6250,imu,-0.0006
1786091959.273971,0.1520,-12.208447456359863,-12.076150894165039,-0.0712,0.0022,0.1985,0.5267,-0.9992,300.3125,imu,-0.0001
1786091959.324491,0.0505,-13.2041654586792,-13.283469200134277,-0.0777,-0.0013,0.1965,0.5301,-1.0134,301.1250,imu,0.0008
1786091959.531036,0.2065,-13.198013305664062,-13.330389022827148,-0.0778,-0.0023,0.1879,0.5436,-1.0134,301.1250,imu,-0.0007
1786091959.532515,0.0015,-13.316385269165039,-13.237639427185059,-0.0779,0.0013,0.1878,0.5437,-1.0221,301.6250,imu,-0.0003
1786091959.784153,0.2516,-11.96475887298584,-11.991207122802734,-0.0702,-0.0004,0.1787,0.5589,-1.0221,301.6250,imu,0.0005
1786091959.784208,0.0001,-13.23377513885498,-13.313064575195312,-0.0778,-0.0013,0.1787,0.5589,-1.0407,302.6875,imu,-0.0003
1786091959.847745,0.0635,-13.279958724975586,-13.332633972167969,-0.0780,-0.0009,0.1762,0.5632,-1.0527,303.3750,imu,-0.0006
1786091960.039826,0.1921,-13.366189002990723,-12.170544624328613,-0.0749,0.0203,0.1694,0.5758,-1.0647,304.0625,imu,0.0008
1786091960.050894,0.0111,-12.187710762023926,-13.195061683654785,-0.0744,-0.0171,0.1690,0.5765,-1.0734,304.5625,imu,-0.0004
1786091960.154565,0.1037,-13.246254920959473,-13.351046562194824,-0.0780,-0.0018,0.1652,0.5837,-1.0919,305.6250,imu,-0.0004
1786091960.257117,0.1026,-13.479069709777832,-13.372771263122559,-0.0787,0.0018,0.1616,0.5909,-1.0985,306.0000,imu,0.0006
1786091960.364980,0.1079,-12.03167724609375,-12.058133125305176,-0.0706,-0.0004,0.1583,0.5978,-1.1148,306.9375,imu,0.0005
1786091960.462770,0.0978,-13.420730590820312,-13.47396469116211,-0.0789,-0.0009,0.1549,0.6047,-1.1214,307.3125,imu,-0.0008
1786091960.566090,0.1033,-13.308234214782715,-13.202024459838867,-0.0777,0.0018,0.1516,0.6120,-1.1377,308.2500,imu,0.0004
1786091960.676887,0.1108,-12.157984733581543,-12.078137397766113,-0.0711,0.0014,0.1484,0.6192,-1.1486,308.8750,imu,0.0008
1786091960.773774,0.0969,-13.211775779724121,-13.238109588623047,-0.0776,-0.0004,0.1454,0.6261,-1.1650,309.8125,imu,-0.0003
1786091960.879794,0.1060,-13.411056518554688,-13.437596321105957,-0.0787,-0.0005,0.1421,0.6338,-1.1694,310.0625,imu,-0.0003
1786091960.985919,0.1061,-12.098372459411621,-12.178142547607422,-0.0712,-0.0014,0.1393,0.6408,-1.1836,310.8750,imu,0.0003
1786091961.087921,0.1020,-13.125482559204102,-13.23082160949707,-0.0773,-0.0018,0.1364,0.6481,-1.1934,311.4375,imu,0.0000
1786091961.190236,0.1023,-13.316001892089844,-13.316001892089844,-0.0781,0.0000,0.1336,0.6556,-1.2043,312.0625,imu,0.0002
1786091961.298021,0.1078,-13.25723648071289,-12.698505401611328,-0.0761,0.0095,0.1309,0.6634,-1.2119,312.5000,imu,0.0027
1786091961.398430,0.1004,-12.097701072692871,-12.543595314025879,-0.0723,-0.0076,0.1282,0.6701,-1.2195,312.9375,imu,-0.0023
1786091961.501416,0.1030,-13.3998384475708,-13.426356315612793,-0.0787,-0.0005,0.1254,0.6777,-1.2305,313.5625,imu,-0.0008
1786091961.607405,0.1060,-13.271693229675293,-13.351402282714844,-0.0781,-0.0014,0.1228,0.6856,-1.2414,314.1875,imu,0.0007
1786091961.711915,0.1045,-11.976637840270996,-12.055604934692383,-0.0705,-0.0013,0.1205,0.6925,-1.2534,314.8750,imu,-0.0003
1786091961.814005,0.1021,-13.376505851745605,-13.244617462158203,-0.0781,0.0022,0.1180,0.7001,-1.2632,315.4375,imu,-0.0007
1786091961.913418,0.0994,-13.318455696105957,-13.29183578491211,-0.0780,0.0005,0.1158,0.7076,-1.2730,316.0000,imu,0.0007
1786091962.020803,0.1074,-12.553619384765625,-12.079826354980469,-0.0722,0.0081,0.1135,0.7150,-1.2970,317.3750,imu,-0.0019
1786091962.121360,0.1006,-12.87348461151123,-13.35087776184082,-0.0769,-0.0081,0.1115,0.7224,-1.2970,317.3750,imu,0.0011
1786091962.226624,0.1053,-13.267853736877441,-13.267853736877441,-0.0778,0.0000,0.1095,0.7304,-1.3079,318.0000,imu,0.0006
1786091962.335009,0.1084,-13.051981925964355,-13.07812213897705,-0.0766,-0.0004,0.1073,0.7384,-1.3101,318.1250,imu,0.0001
1786091962.438599,0.1036,-12.294032096862793,-12.294032096862793,-0.0721,0.0000,0.1053,0.7456,-1.3101,318.1250,imu,-0.0009
1786091962.541885,0.1033,-5.34599494934082,-5.372279167175293,-0.0314,-0.0004,0.1045,0.7487,-1.3057,317.8750,imu,0.0003
1786091962.646911,0.1050,-0.8540189266204834,-0.8276414275169373,-0.0049,0.0004,0.1045,0.7492,-1.3046,317.8125,imu,0.0008
1786091962.749048,0.1021,-0.26337847113609314,0.29538494348526,0.0001,0.0095,0.1045,0.7492,-1.3037,318.2500,enc,0.0003
1786091962.853027,0.1040,-4.046994209289551,3.508641242980957,-0.0016,0.1284,0.1043,0.7493,-0.0142,319.0625,imu,0.0001
1786091962.956843,0.1038,-8.60641860961914,9.751947402954102,0.0034,0.3121,0.1047,0.7493,0.0087,317.7500,imu,0.0000
1786091963.060946,0.1041,-13.59145736694336,13.910163879394531,0.0009,0.4675,0.1048,0.7493,0.0556,315.0625,imu,0.0000
1786091963.164367,0.1034,-15.917684555053711,16.044363021850586,0.0004,0.5433,0.1048,0.7492,0.1254,311.0625,imu,-0.0002
1786091963.276848,0.1125,-14.667135238647461,15.080634117126465,0.0012,0.5057,0.1049,0.7493,0.1898,307.3750,imu,0.0001
1786091963.371890,0.0950,-16.028963088989258,16.221010208129883,0.0006,0.5482,0.1050,0.7493,0.2651,303.0625,imu,0.0002
1786091963.473918,0.1020,-15.474339485168457,15.7621431350708,0.0008,0.5310,0.1051,0.7494,0.3262,299.5625,imu,0.0001
1786091963.574332,0.1004,-13.783788681030273,13.815680503845215,0.0001,0.4691,0.1051,0.7493,0.3949,295.6250,imu,-0.0001
1786091963.680894,0.1066,-15.176990509033203,15.080955505371094,-0.0003,0.5143,0.1051,0.7493,0.4614,291.8125,imu,-0.0001
1786091963.788791,0.1079,-15.008523941040039,15.232084274291992,0.0007,0.5140,0.1051,0.7494,0.5312,287.8125,imu,0.0001
1786091963.883714,0.0949,-13.923007011413574,13.858986854553223,-0.0002,0.4722,0.1051,0.7493,0.6032,283.6875,imu,-0.0002
1786091963.990886,0.1072,-15.082906723022461,15.17861557006836,0.0003,0.5144,0.1051,0.7493,0.6730,279.6875,imu,-0.0003
1786091964.094181,0.1033,-15.476101875305176,15.027843475341797,-0.0013,0.5185,0.1051,0.7492,0.7407,275.8125,imu,-0.0002
1786091964.197088,0.1029,-14.162191390991211,13.655198097229004,-0.0015,0.4728,0.1052,0.7489,0.8149,271.5625,imu,-0.0026
1786091964.301932,0.1048,-14.621654510498047,15.133895874023438,0.0015,0.5058,0.1051,0.7492,0.8868,267.4375,imu,0.0024
1786091964.404448,0.1025,-15.123974800109863,15.348065376281738,0.0007,0.5180,0.1050,0.7493,0.9577,263.3750,imu,0.0008
1786091964.508067,0.1036,-14.396746635437012,13.636129379272461,-0.0022,0.4765,0.1052,0.7490,1.0385,258.7500,imu,-0.0030
1786091964.610903,0.1028,-14.539039611816406,15.305588722229004,0.0022,0.5073,0.1050,0.7493,1.1017,255.1250,imu,0.0028
1786091964.717994,0.1071,-15.047928810119629,15.272075653076172,0.0007,0.5154,0.1051,0.7494,1.1748,250.9375,imu,-0.0003
1786091964.818978,0.1010,-15.341218948364258,14.263985633850098,-0.0032,0.5032,0.1052,0.7490,1.2479,246.7500,imu,-0.0022
1786091964.918862,0.0999,-13.522900581359863,14.604058265686035,0.0032,0.4781,0.1050,0.7494,1.3243,242.3750,imu,0.0028
1786091965.027018,0.1082,-14.616705894470215,14.264491081237793,-0.0010,0.4909,0.1050,0.7493,1.3995,238.0625,imu,-0.0001
1786091965.125552,0.0985,-8.721331596374512,8.817374229431152,0.0003,0.2981,0.1050,0.7493,1.4475,235.3125,imu,0.0001
1786091965.228893,0.1033,1.2209272384643555,-0.9330381155014038,0.0008,-0.0366,0.1050,0.7494,1.4530,235.0000,imu,0.0001
1786091965.337996,0.1091,8.91335678100586,-8.689791679382324,0.0007,-0.2992,0.1050,0.7494,1.4214,236.8125,imu,-0.0001
1786091965.438892,0.1009,13.931394577026367,-13.131160736083984,0.0023,-0.4600,0.1049,0.7497,1.3635,240.1250,imu,0.0018
1786091965.540942,0.1020,14.457581520080566,-15.609838485717773,-0.0034,-0.5111,0.1051,0.7493,1.2806,244.8750,imu,-0.0038
1786091965.643890,0.1029,16.67852783203125,-16.742443084716797,-0.0002,-0.5681,0.1051,0.7492,1.2032,249.3125,imu,-0.0002
1786091965.748298,0.1044,16.306398391723633,-14.801911354064941,0.0044,-0.5288,0.1053,0.7497,1.1279,253.6250,imu,0.0001
1786091965.851574,0.1033,14.035550117492676,-15.747593879699707,-0.0050,-0.5063,0.1051,0.7492,1.0548,257.8125,imu,0.0000
1786091965.954974,0.1034,15.07090950012207,-15.26227855682373,-0.0006,-0.5156,0.1050,0.7492,0.9774,262.2500,imu,0.0004
1786091966.060179,0.1052,15.054621696472168,-15.15065860748291,-0.0003,-0.5134,0.1050,0.7492,0.9098,266.1250,imu,0.0001
1786091966.162666,0.1025,13.780069351196289,-13.431510925292969,0.0010,-0.4625,0.1050,0.7493,0.8378,270.2500,imu,0.0005
1786091966.265935,0.1033,15.129839897155762,-15.193497657775879,-0.0002,-0.5154,0.1050,0.7492,0.7592,274.7500,imu,-0.0004
1786091966.369694,0.1038,15.295805931091309,-15.039731979370117,0.0008,-0.5156,0.1051,0.7493,0.6807,279.2500,imu,0.0000
1786091966.473823,0.1041,14.393806457519531,-13.696457862854004,0.0020,-0.4775,0.1052,0.7496,0.6076,283.4375,imu,0.0020
1786091966.573608,0.0998,14.409135818481445,-15.139715194702148,-0.0021,-0.5023,0.1051,0.7493,0.5236,288.2500,imu,-0.0025
1786091966.679926,0.1063,15.108161926269531,-15.204200744628906,-0.0003,-0.5152,0.1051,0.7493,0.4505,292.4375,imu,0.0003
1786091966.782672,0.1027,15.505943298339844,-13.681646347045898,0.0053,-0.4961,0.1056,0.7494,0.3742,296.8125,imu,-0.0003
1786091966.883285,0.1006,13.57666301727295,-15.304097175598145,-0.0051,-0.4909,0.1051,0.7493,0.2891,301.6875,imu,0.0000
1786091966.990282,0.1070,15.221235275268555,-15.221235275268555,0.0000,-0.5175,0.1051,0.7493,0.2116,306.1250,imu,-0.0004
1786091967.089847,0.0996,15.306929588317871,-13.550541877746582,0.0051,-0.4905,0.1056,0.7494,0.1418,310.1250,imu,0.0007
1786091967.193165,0.1033,13.587215423583984,-15.348357200622559,-0.0052,-0.4918,0.1051,0.7493,0.0589,314.8750,imu,-0.0003
1786091967.300046,0.1069,15.2401704788208,-15.1762056350708,0.0002,-0.5170,0.1051,0.7494,-0.0218,319.5000,imu,0.0002
1786091967.402059,0.1020,14.165066719055176,-13.492633819580078,0.0020,-0.4701,0.1053,0.7495,-0.0927,323.5625,imu,0.0020
1786091967.505925,0.1039,10.592190742492676,-11.547894477844238,-0.0028,-0.3763,0.1050,0.7493,-0.1516,326.9375,imu,-0.0024
1786091967.612015,0.1061,4.726043701171875,-4.789634704589844,-0.0002,-0.1617,0.1050,0.7496,-0.1822,328.6875,imu,0.0022
1786091967.714938,0.1029,0.45504847168922424,-0.42304083704948425,0.0001,-0.0149,0.1050,0.7496,-0.1837,328.8750,enc,-0.0001
1786091967.817364,0.1024,-0.023679310455918312,0.05537903308868408,0.0001,0.0013,0.1050,0.7495,-0.1836,328.8125,enc,-0.0003
1786091967.918002,0.1006,0.0,0.0,0.0000,0.0000,0.1050,0.7495,-0.1836,328.8125,enc,0.0000
1786091968.024561,0.1066,0.0,0.0,0.0000,0.0000,0.1050,0.7495,-0.1836,328.8125,enc,0.0000
1786091968.125674,0.1011,0.02630813978612423,-0.02630813978612423,0.0000,-0.0009,0.1050,0.7495,-0.1837,328.7500,enc,0.0002
1786091968.229104,0.1034,1.8058052062988281,-1.6787866353988647,0.0004,-0.0592,0.1051,0.7495,-0.0055,329.0625,imu,-0.0002
1786091968.335827,0.1067,6.862022399902344,-6.51161003112793,0.0010,-0.2273,0.1052,0.7494,-0.0316,330.5625,imu,-0.0012
1786091968.441500,0.1057,7.130260944366455,-6.560206413269043,0.0017,-0.2327,0.1053,0.7493,-0.0720,332.8750,imu,-0.0009
1786091968.541645,0.1001,3.4833078384399414,-4.3126301765441895,-0.0024,-0.1325,0.1051,0.7494,-0.0949,334.1875,imu,0.0006
1786091968.647949,0.1063,1.0289441347122192,-1.1249017715454102,-0.0003,-0.0366,0.1051,0.7495,-0.1025,334.6250,imu,0.0012
1786091968.750406,0.1025,-0.037401337176561356,-0.09061148762702942,-0.0004,-0.0009,0.1050,0.7495,-0.1026,334.6250,enc,0.0002
1786091968.851747,0.1013,0.0,0.0,0.0000,0.0000,0.1050,0.7495,-0.1026,334.6250,enc,0.0000
1786091968.963008,0.1113,0.0,0.0,0.0000,0.0000,0.1050,0.7495,-0.1026,334.6250,enc,0.0000
1786091969.066390,0.1034,-0.23490653932094574,0.23490653932094574,0.0000,0.0080,0.1050,0.7495,-0.1018,334.6250,enc,0.0002
1786091969.172467,0.1061,-3.789006233215332,3.6609835624694824,-0.0004,0.1266,0.1050,0.7496,-0.0011,334.6875,imu,0.0002
1786091969.273729,0.1013,-6.815962791442871,6.593261241912842,-0.0007,0.2279,0.1049,0.7495,0.0327,332.7500,imu,-0.0003
1786091969.383425,0.1097,-6.14119815826416,6.109507083892822,-0.0001,0.2082,0.1049,0.7495,0.0676,330.7500,imu,-0.0001
1786091969.476702,0.0933,-2.652747631072998,2.748769521713257,0.0003,0.0918,0.1049,0.7495,0.0840,329.8125,imu,0.0001
1786091969.579376,0.1027,-0.2873513698577881,0.3513786494731903,0.0002,0.0109,0.1050,0.7496,0.0851,329.6250,enc,0.0006
1786091969.686019,0.1066,0.0,0.0,0.0000,0.0000,0.1050,0.7496,0.0851,329.6250,enc,0.0000
1786091969.784852,0.0988,0.0,0.0,0.0000,0.0000,0.1050,0.7496,0.0851,329.6250,enc,0.0000
1786091969.887808,0.1030,0.0,0.0,0.0000,0.0000,0.1050,0.7496,0.0851,329.5625,enc,0.0000
1786091969.994014,0.1062,0.0,0.0,0.0000,0.0000,0.1050,0.7496,0.0851,329.5625,enc,0.0000
1786091970.096398,0.1024,0.0,0.0,0.0000,0.0000,0.1050,0.7496,0.0851,329.5625,enc,0.0000
1786091970.263900,0.1675,0.0,0.0,0.0000,0.0000,0.1050,0.7496,0.0851,329.5625,enc,0.0000
1786091970.306227,0.0423,0.0,0.0,0.0000,0.0000,0.1050,0.7496,0.0851,329.6250,enc,0.0000
1786091970.516765,0.2105,0.0,0.0,0.0000,0.0000,0.1050,0.7496,0.0851,329.5625,enc,0.0000
1786091970.516806,0.0000,0.0,0.0,0.0000,0.0000,0.1050,0.7496,0.0851,329.5625,enc,0.0000
1786091970.764696,0.2479,0.0,0.0,0.0000,0.0000,0.1050,0.7496,0.0851,329.5625,enc,0.0000
1786091970.764745,0.0000,0.0,0.0,0.0000,0.0000,0.1050,0.7496,0.0851,329.5625,enc,0.0000
1786091970.826498,0.0618,0.0,0.0,0.0000,0.0000,0.1050,0.7496,0.0851,329.5625,enc,0.0000
1786091971.008976,0.1825,0.0,0.0,0.0000,0.0000,0.1050,0.7496,0.0851,329.5625,enc,0.0000
1786091971.031173,0.0222,0.0,0.0,0.0000,0.0000,0.1050,0.7496,0.0851,329.5625,enc,0.0000
1786091971.254976,0.2238,0.0,0.0,0.0000,0.0000,0.1050,0.7496,0.0851,329.5625,enc,0.0000
1786091971.255022,0.0000,0.0,0.0,0.0000,0.0000,0.1050,0.7496,0.0851,329.5625,enc,0.0000
1786091971.345368,0.0903,0.0,0.0,0.0000,0.0000,0.1050,0.7496,0.0851,329.5625,enc,0.0000
1786091971.510992,0.1656,0.0,0.0,0.0000,0.0000,0.1050,0.7496,0.0851,329.5625,enc,0.0000
1786091971.548798,0.0378,0.0,0.0,0.0000,0.0000,0.1050,0.7496,0.0851,329.5625,enc,0.0000
1786091971.764767,0.2160,0.0,0.0,0.0000,0.0000,0.1050,0.7496,0.0851,329.5625,enc,0.0000
1786091971.764808,0.0000,0.0,0.0,0.0000,0.0000,0.1050,0.7496,0.0851,329.5625,enc,0.0000
1786091971.863007,0.0982,-0.15839526057243347,0.15839526057243347,0.0000,0.0054,0.1050,0.7496,0.0856,329.5625,enc,0.0002
1786091972.013705,0.1507,-4.088037490844727,3.895958662033081,-0.0006,0.1357,0.1049,0.7496,0.0120,328.8750,imu,-0.0002
1786091972.070908,0.0572,-10.090665817260742,10.090665817260742,0.0000,0.3430,0.1049,0.7496,0.0524,326.5625,imu,0.0002
1786091972.264048,0.1931,-12.649843215942383,12.840688705444336,0.0006,0.4333,0.1050,0.7496,0.1200,322.6875,imu,-0.0002
1786091972.275956,0.0119,-16.121784210205078,15.96191120147705,-0.0005,0.5454,0.1050,0.7496,0.1963,318.3125,imu,-0.0001
1786091972.512663,0.2367,-15.269728660583496,15.49015998840332,0.0006,0.5229,0.1051,0.7496,0.2760,313.7500,imu,-0.0001
1786091972.512706,0.0000,-10.2301664352417,10.580050468444824,0.0010,0.3537,0.1051,0.7496,0.3338,310.4375,imu,0.0001
1786091972.587641,0.0749,-3.3331172466278076,3.3968610763549805,0.0002,0.1144,0.1051,0.7496,0.3589,309.0000,imu,0.0000
1786091972.763681,0.1760,-0.18698622286319733,0.15531304478645325,-0.0001,0.0058,0.1051,0.7496,0.3599,308.8125,enc,0.0001
1786091972.793546,0.0299,0.0,0.0,0.0000,0.0000,0.1051,0.7496,0.3599,308.8125,enc,0.0000
1786091973.012933,0.2194,0.0,0.0,0.0000,0.0000,0.1051,0.7496,0.3599,308.8125,enc,0.0000
1786091973.012974,0.0000,0.0,0.0,0.0000,0.0000,0.1051,0.7496,0.3599,308.8125,enc,0.0000
1786091973.106460,0.0935,0.0,0.0,0.0000,0.0000,0.1051,0.7496,0.3599,308.7500,enc,0.0000
1786091973.262660,0.1562,0.0,0.0,0.0000,0.0000,0.1051,0.7496,0.3599,308.8125,enc,0.0000
1786091973.315873,0.0532,0.0,0.0,0.0000,0.0000,0.1051,0.7496,0.3599,308.8750,enc,0.0000
1786091973.517215,0.2013,-0.1882140040397644,0.156332865357399,-0.0001,0.0059,0.1051,0.7496,0.3611,309.0000,enc,-0.0001
1786091973.522358,0.0051,-3.654327392578125,3.5582828521728516,-0.0003,0.1226,0.1051,0.7496,0.0076,308.5625,imu,-0.0001
1786091973.765757,0.2434,-8.67961597442627,8.457952499389648,-0.0006,0.2913,0.1050,0.7495,0.0415,306.6250,imu,-0.0001
1786091973.765798,0.0000,-13.593292236328125,13.688970565795898,0.0003,0.4637,0.1050,0.7495,0.1058,302.9375,imu,-0.0003
1786091973.835347,0.0695,-15.973321914672852,15.877298355102539,-0.0003,0.5414,0.1049,0.7495,0.1822,298.5625,imu,-0.0001
1786091974.018031,0.1827,-15.461048126220703,14.858991622924805,-0.0018,0.5154,0.1047,0.7490,0.2542,294.4375,imu,-0.0025
1786091974.036706,0.0187,-15.147578239440918,16.195762634277344,0.0031,0.5328,0.1048,0.7491,0.3371,289.6875,imu,0.0027
1786091974.266267,0.2296,-15.327363014221191,15.455267906188965,0.0004,0.5232,0.1049,0.7491,0.4058,285.7500,imu,0.0000
1786091974.266315,0.0000,-12.060321807861328,11.902119636535645,-0.0005,0.4073,0.1049,0.7491,0.4756,281.7500,imu,-0.0003
1786091974.349770,0.0835,-5.137120723724365,5.137120723724365,0.0000,0.1746,0.1049,0.7491,0.5040,280.1250,imu,0.0000
1786091974.522811,0.1730,-0.787926197052002,0.9160317182540894,0.0004,0.0290,0.1049,0.7492,0.5094,279.8125,imu,0.0002
1786091974.555410,0.0326,0.0266061220318079,-0.0266061220318079,0.0000,-0.0009,0.1049,0.7492,0.5094,279.8750,enc,0.0000
1786091974.778481,0.2231,0.0,0.0,0.0000,0.0000,0.1049,0.7492,0.5094,279.8750,enc,0.0000
1786091974.778538,0.0001,0.0,0.0,0.0000,0.0000,0.1049,0.7492,0.5094,279.9375,enc,0.0000
1786091974.869951,0.0914,0.0,0.0,0.0000,0.0000,0.1049,0.7492,0.5094,279.7500,enc,0.0000
1786091975.032092,0.1621,-1.2980787754058838,1.2980787754058838,0.0000,0.0441,0.1049,0.7491,0.0044,279.5000,imu,-0.0004
1786091975.076920,0.0448,-6.22763204574585,6.22763204574585,0.0000,0.2117,0.1049,0.7491,0.0360,277.6875,imu,0.0004
1786091975.180530,0.1036,-11.909802436828613,11.467458724975586,-0.0013,0.3974,0.1048,0.7490,0.0993,274.0625,imu,-0.0009
1786091975.282416,0.1019,-15.314691543579102,14.995427131652832,-0.0009,0.5152,0.1047,0.7490,0.1756,269.6875,imu,-0.0002
1786091975.389508,0.1071,-16.025558471679688,14.674129486083984,-0.0040,0.5218,0.1042,0.7490,0.2563,265.0625,imu,0.0010
1786091975.490559,0.1011,-14.54666805267334,16.352832794189453,0.0053,0.5252,0.1048,0.7491,0.3425,260.1250,imu,-0.0007
1786091975.594698,0.1041,-15.54968547821045,15.803657531738281,0.0007,0.5329,0.1048,0.7492,0.4091,256.3125,imu,0.0007
1786091975.704250,0.1096,-14.16480827331543,14.196484565734863,0.0001,0.4821,0.1048,0.7492,0.4821,252.1250,imu,0.0001
1786091975.805143,0.1009,-8.79664134979248,8.005885124206543,-0.0023,0.2856,0.1046,0.7491,0.5312,249.3125,imu,0.0006
1786091975.904847,0.0997,-2.160696268081665,3.057385206222534,0.0026,0.0887,0.1048,0.7493,0.5465,248.4375,imu,-0.0004
1786091976.015950,0.1111,-0.0238843634724617,0.05585859343409538,0.0001,0.0014,0.1049,0.7492,0.5467,248.4375,enc,-0.0005
1786091976.137539,0.1216,0.0,0.0,0.0000,0.0000,0.1049,0.7492,0.5467,248.4375,enc,0.0000
1786091976.222240,0.0847,0.0,0.0,0.0000,0.0000,0.1049,0.7492,0.5467,248.4375,enc,0.0000
1786091976.323961,0.1017,0.0,0.0,0.0000,0.0000,0.1049,0.7492,0.5467,248.4375,enc,0.0000
1786091976.475906,0.1519,0.0,0.0,0.0000,0.0000,0.1049,0.7492,0.5467,248.4375,enc,0.0000
1786091976.531784,0.0559,0.029319528490304947,0.0027004829607903957,0.0001,-0.0005,0.1049,0.7492,0.5466,248.1875,enc,-0.0001
1786091976.634248,0.1025,1.7124098539352417,-1.8380218744277954,-0.0004,-0.0604,0.1048,0.7492,0.0000,248.1875,imu,-0.0004
1786091976.738901,0.1047,7.540375232696533,-7.348484516143799,0.0006,-0.2531,0.1049,0.7492,-0.0284,249.8125,imu,-0.0002
1786091976.846581,0.1077,12.480508804321289,-12.448505401611328,0.0001,-0.4237,0.1049,0.7491,-0.0796,252.7500,imu,-0.0005
1786091976.942664,0.0961,13.756022453308105,-14.07302474975586,-0.0009,-0.4730,0.1048,0.7490,-0.1527,256.9375,imu,-0.0007
1786091977.052958,0.1103,16.29758071899414,-16.393259048461914,-0.0003,-0.5557,0.1048,0.7491,-0.2356,261.6875,imu,0.0001
1786091977.153387,0.1004,16.072080612182617,-16.45631980895996,-0.0011,-0.5529,0.1047,0.7491,-0.3098,265.9375,imu,0.0002
1786091977.263999,0.1106,14.904829025268555,-14.080708503723145,0.0024,-0.4927,0.1050,0.7493,-0.3818,270.0625,imu,0.0028
1786091977.361953,0.0980,14.559707641601562,-15.131668090820312,-0.0017,-0.5047,0.1048,0.7492,-0.4581,274.4375,imu,-0.0019
1786091977.482974,0.1210,15.130145072937012,-15.290217399597168,-0.0005,-0.5171,0.1048,0.7492,-0.5280,278.4375,imu,0.0001
1786091977.566882,0.0839,14.554024696350098,-13.62576675415039,0.0027,-0.4790,0.1051,0.7493,-0.5978,282.4375,imu,0.0025
1786091977.667956,0.1011,12.876315116882324,-13.900896072387695,-0.0030,-0.4552,0.1046,0.7492,-0.6752,286.8750,imu,-0.0030
1786091977.772050,0.1041,7.8585286140441895,-7.7944841384887695,0.0002,-0.2661,0.1047,0.7493,-0.7167,289.2500,imu,0.0006
1786091977.875149,0.1031,2.0280168056488037,-1.9639904499053955,0.0002,-0.0679,0.1048,0.7494,-0.7287,289.9375,imu,0.0011
1786091977.978340,0.1032,0.11452014744281769,-0.01850830763578415,0.0003,-0.0023,0.1048,0.7494,-0.7289,289.9375,enc,0.0003
1786091978.083452,0.1051,0.0,0.0,0.0000,0.0000,0.1048,0.7494,-0.7289,289.9375,enc,0.0000
1786091978.185783,0.1023,0.0,0.0,0.0000,0.0000,0.1048,0.7494,-0.7289,289.9375,enc,0.0000
1786091978.287709,0.1019,0.0,0.0,0.0000,0.0000,0.1048,0.7494,-0.7289,289.9375,enc,0.0000
1786091978.395005,0.1073,0.0,0.0,0.0000,0.0000,0.1048,0.7494,-0.7289,290.3125,enc,0.0000
1786091978.494199,0.0992,0.0,0.0,0.0000,0.0000,0.1048,0.7494,-0.7289,290.5000,enc,0.0000
1786091978.598310,0.1041,0.0,0.0,0.0000,0.0000,0.1048,0.7494,-0.7289,290.6250,enc,0.0000
1786091978.705848,0.1075,0.0,0.0,0.0000,0.0000,0.1048,0.7494,-0.7289,290.9375,enc,0.0000
1786091978.805117,0.0993,0.0,0.0,0.0000,0.0000,0.1048,0.7494,-0.7289,291.2500,enc,0.0000
1786091978.908796,0.1037,0.0,0.0,0.0000,0.0000,0.1048,0.7494,-0.7289,291.3125,enc,0.0000
1786091979.012218,0.1034,-0.7355629205703735,0.7992247939109802,0.0002,0.0261,0.1048,0.7494,-0.0011,291.3750,imu,0.0002
1786091979.118370,0.1062,-6.007521629333496,5.687788009643555,-0.0009,0.1988,0.1047,0.7494,0.0153,290.4375,imu,-0.0002
1786091979.220999,0.1026,-11.657544136047363,10.985416412353516,-0.0020,0.3849,0.1046,0.7491,0.0622,287.7500,imu,-0.0027
1786091979.326845,0.1058,-13.397390365600586,14.165468215942383,0.0023,0.4685,0.1048,0.7492,0.1342,283.6250,imu,0.0013
1786091979.428183,0.1013,-16.333288192749023,16.23749542236328,-0.0003,0.5536,0.1048,0.7492,0.2083,279.3750,imu,0.0001
1786091979.531165,0.1030,-16.116180419921875,15.700525283813477,-0.0012,0.5408,0.1047,0.7489,0.2814,275.1875,imu,-0.0027
1786091979.634934,0.1038,-14.417681694030762,15.121942520141602,0.0021,0.5021,0.1048,0.7493,0.3622,270.5625,imu,0.0026
1786091979.739025,0.1041,-14.58057975769043,14.996132850646973,0.0012,0.5027,0.1049,0.7494,0.4320,266.5625,imu,0.0010
1786091979.841866,0.1028,-10.165801048278809,9.813779830932617,-0.0010,0.3396,0.1049,0.7492,0.4887,263.3125,imu,-0.0020
1786091979.942029,0.1002,-3.4617514610290527,3.6200921535491943,0.0005,0.1204,0.1048,0.7493,0.5116,262.0000,imu,0.0016
1786091980.049057,0.1070,-0.23286208510398865,0.29654428362846375,0.0002,0.0090,0.1048,0.7494,0.5126,261.8750,enc,0.0006
1786091980.151136,0.1021,-0.002693958580493927,-0.029248692095279694,-0.0001,-0.0005,0.1048,0.7494,0.5125,261.8750,enc,-0.0001
1786091980.254037,0.1029,0.0,0.0,0.0000,0.0000,0.1048,0.7494,0.5125,261.8750,enc,0.0000
1786091980.361015,0.1070,0.0,0.0,0.0000,0.0000,0.1048,0.7494,0.5125,261.9375,enc,0.0000
1786091980.460396,0.0994,0.0,0.0,0.0000,0.0000,0.1048,0.7494,0.5125,261.8750,enc,0.0000
1786091980.564626,0.1042,0.0,0.0,0.0000,0.0000,0.1048,0.7494,0.5125,261.6250,enc,0.0000
1786091980.674003,0.1094,1.0970168113708496,-0.9380566477775574,0.0005,-0.0346,0.1049,0.7494,0.0011,261.5625,imu,-0.0003
1786091980.773829,0.0998,6.393167495727539,-6.2971601486206055,0.0003,-0.2157,0.1049,0.7494,-0.0185,262.6875,imu,0.0001
1786091980.878308,0.1045,11.6653470993042,-11.889457702636719,-0.0007,-0.4004,0.1048,0.7492,-0.0676,265.5000,imu,-0.0014
1786091980.984063,0.1058,11.815718650817871,-12.128792762756348,-0.0009,-0.4070,0.1047,0.7491,-0.1364,269.4375,imu,-0.0009
1786091981.088761,0.1047,8.71868896484375,-8.749911308288574,-0.0001,-0.2969,0.1047,0.7493,-0.1887,272.4375,imu,0.0012
1786091981.190665,0.1019,2.8800179958343506,-2.8800179958343506,0.0000,-0.0979,0.1048,0.7495,-0.2051,273.3750,imu,0.0019
1786091981.294021,0.1034,0.0130420858040452,-0.1722322404384613,-0.0005,-0.0031,0.1047,0.7495,-0.2054,273.3750,enc,0.0005
1786091981.401957,0.1079,0.0,0.0,0.0000,0.0000,0.1047,0.7495,-0.2054,273.3750,enc,0.0000
1786091981.501266,0.0993,0.0,0.0,0.0000,0.0000,0.1047,0.7495,-0.2054,273.3750,enc,0.0000
1786091981.606561,0.1053,0.0,0.0,0.0000,0.0000,0.1047,0.7495,-0.2054,273.3750,enc,0.0000
1786091981.716020,0.1095,-0.7509269118309021,0.909438967704773,0.0005,0.0282,0.1048,0.7495,0.0011,273.3125,imu,-0.0001
1786091981.813104,0.0971,-5.875405788421631,4.821733474731445,-0.0031,0.1818,0.1045,0.7494,0.0295,271.6875,imu,-0.0005
1786091981.917058,0.1040,-10.010733604431152,10.961518287658691,0.0028,0.3565,0.1048,0.7495,0.0829,268.6250,imu,-0.0002
1786091982.024975,0.1079,-14.360321044921875,14.518655776977539,0.0005,0.4909,0.1048,0.7494,0.1571,264.3750,imu,-0.0003
1786091982.125798,0.1008,-16.29698371887207,16.1689395904541,-0.0004,0.5519,0.1048,0.7493,0.2334,260.0000,imu,-0.0011
1786091982.230958,0.1052,-14.658617973327637,15.01007080078125,0.0010,0.5043,0.1049,0.7494,0.3065,255.8125,imu,0.0003
1786091982.333861,0.1029,-15.976683616638184,15.880640029907227,-0.0003,0.5415,0.1049,0.7493,0.3916,250.9375,imu,-0.0003
1786091982.439848,0.1060,-14.919644355773926,14.951641082763672,0.0001,0.5078,0.1049,0.7494,0.4581,247.1250,imu,0.0007
1786091982.538757,0.0989,-9.568314552307129,9.696344375610352,0.0004,0.3275,0.1049,0.7495,0.5160,243.8125,imu,0.0004
1786091982.641997,0.1032,-4.4168009757995605,4.064982891082764,-0.0010,0.1442,0.1048,0.7494,0.5432,242.2500,imu,0.0005
1786091982.747950,0.1060,-0.3538004159927368,0.25783494114875793,-0.0003,0.0104,0.1048,0.7494,0.5443,242.1875,enc,-0.0003
1786091982.849503,0.1016,0.029312409460544586,0.002699827076867223,0.0001,-0.0005,0.1048,0.7494,0.5443,242.1875,enc,-0.0001
1786091982.951489,0.1020,0.0,0.0,0.0000,0.0000,0.1048,0.7494,0.5443,242.1875,enc,0.0000
1786091983.060008,0.1085,0.0,0.0,0.0000,0.0000,0.1048,0.7494,0.5443,242.1875,enc,0.0000
1786091983.159174,0.0992,0.10920041054487228,-0.07717343419790268,0.0001,-0.0032,0.1048,0.7494,0.5440,242.1875,enc,-0.0001
1786091983.262038,0.1029,2.576122522354126,-2.6394948959350586,-0.0002,-0.0887,0.1048,0.7493,0.0000,242.1875,imu,-0.0007
1786091983.368532,0.1065,8.49587631225586,-8.27350902557373,0.0007,-0.2850,0.1048,0.7492,-0.0349,244.1875,imu,-0.0008
1786091983.469198,0.1007,13.310468673706055,-13.27845287322998,0.0001,-0.4520,0.1048,0.7491,-0.0949,247.6250,imu,-0.0012
1786091983.573214,0.1040,15.000784873962402,-14.01794719696045,0.0029,-0.4933,0.1052,0.7493,-0.1658,251.6875,imu,0.0027
1786091983.677970,0.1048,15.26396656036377,-16.404897689819336,-0.0033,-0.5383,0.1048,0.7492,-0.2476,256.3750,imu,-0.0024
1786091983.782528,0.1046,16.188283920288086,-16.124248504638672,0.0002,-0.5492,0.1048,0.7492,-0.3240,260.7500,imu,0.0006
1786091983.885220,0.1027,15.628562927246094,-14.956154823303223,0.0020,-0.5199,0.1051,0.7494,-0.3960,264.8750,imu,0.0027
1786091983.989983,0.1048,13.754016876220703,-14.71413803100586,-0.0028,-0.4839,0.1047,0.7493,-0.4723,269.2500,imu,-0.0023
1786091984.093194,0.1032,15.212675094604492,-14.989399909973145,0.0007,-0.5134,0.1048,0.7493,-0.5421,273.2500,imu,0.0007
1786091984.195204,0.1020,15.24319076538086,-13.738580703735352,0.0044,-0.4926,0.1052,0.7490,-0.6152,277.4375,imu,-0.0005
1786091984.297020,0.1018,13.72207260131836,-15.157580375671387,-0.0042,-0.4909,0.1049,0.7493,-0.6970,282.1250,imu,0.0001
1786091984.401757,0.1047,15.113009452819824,-15.176931381225586,-0.0002,-0.5149,0.1048,0.7493,-0.7756,286.6250,imu,-0.0007
1786091984.505923,0.1042,15.280563354492188,-14.261603355407715,0.0030,-0.5022,0.1052,0.7492,-0.8465,290.6875,imu,0.0026
1786091984.606889,0.1010,13.57140827178955,-14.393409729003906,-0.0024,-0.4753,0.1048,0.7493,-0.9239,295.1250,imu,-0.0026
1786091984.715930,0.1090,15.201271057128906,-15.201271057128906,0.0000,-0.5168,0.1048,0.7493,-1.0057,299.8125,imu,0.0000
1786091984.815049,0.0991,14.980635643005371,-15.171529769897461,-0.0006,-0.5125,0.1048,0.7493,-1.0799,304.0625,imu,0.0002
1786091984.919384,0.1043,15.008265495300293,-15.008265495300293,0.0000,-0.5102,0.1048,0.7493,-1.1617,308.7500,imu,-0.0004
1786091985.029879,0.1105,13.752647399902344,-13.688799858093262,0.0002,-0.4664,0.1049,0.7493,-1.2294,312.6250,imu,0.0006
1786091985.266426,0.2365,15.034046173095703,-15.034046173095703,0.0000,-0.5111,0.1047,0.7493,-1.3068,317.0625,imu,-0.0006
1786091985.266480,0.0001,15.11539077758789,-14.95797061920166,0.0005,-0.5112,0.1047,0.7493,-1.3821,321.3750,imu,0.0001
1786091985.350566,0.0841,15.136527061462402,-14.467044830322266,0.0020,-0.5032,0.1049,0.7491,-1.4563,325.6250,imu,0.0021
1786091985.520386,0.1698,13.759993553161621,-14.62230110168457,-0.0025,-0.4824,0.1044,0.7495,-1.5250,329.5625,imu,-0.0029
1786091985.541817,0.0214,15.212203979492188,-15.244200706481934,-0.0001,-0.5177,0.1044,0.7495,-1.6002,333.8750,imu,0.0008
1786091985.767015,0.2252,15.181883811950684,-15.213705062866211,-0.0001,-0.5167,0.1044,0.7496,-1.6722,338.0000,imu,-0.0003
1786091985.767069,0.0001,13.961503028869629,-13.737455368041992,0.0007,-0.4708,0.1044,0.7496,-1.7388,341.8125,imu,0.0007
1786091985.857566,0.0905,15.091416358947754,-15.347464561462402,-0.0008,-0.5174,0.1044,0.7496,-1.8086,345.8125,imu,-0.0002
1786091986.022431,0.1649,15.168683052062988,-15.232728004455566,-0.0002,-0.5168,0.1044,0.7497,-1.8773,349.7500,imu,0.0004
1786091986.063359,0.0409,13.670963287353516,-13.894792556762695,-0.0007,-0.4686,0.1044,0.7497,-1.9406,353.3750,imu,-0.0001
1786091986.276821,0.2135,15.191704750061035,-15.065329551696777,0.0004,-0.5143,0.1045,0.7496,-2.0148,357.6250,imu,0.0002
1786091986.276879,0.0001,15.174023628234863,-15.110113143920898,0.0002,-0.5148,0.1045,0.7496,-2.0780,1.2500,imu,-0.0002
1786091986.373065,0.0962,13.796867370605469,-13.956911087036133,-0.0005,-0.4718,0.1044,0.7497,-2.1446,5.0625,imu,-0.0005
1786091986.540937,0.1679,15.175714492797852,-15.0173921585083,0.0005,-0.5132,0.1045,0.7495,-2.2177,9.2500,imu,0.0006
1786091986.579946,0.0390,15.093725204467773,-15.189502716064453,-0.0003,-0.5148,0.1045,0.7495,-2.2897,13.3750,imu,-0.0003
1786091986.786969,0.2070,15.34494686126709,-13.587244987487793,0.0052,-0.4918,0.1038,0.7487,-2.3507,16.8750,imu,0.0003
1786091986.788073,0.0011,13.490429878234863,-15.26422119140625,-0.0052,-0.4888,0.1038,0.7487,-2.4195,20.8125,imu,0.0000
1786091987.036518,0.2484,15.30775260925293,-15.11680793762207,0.0006,-0.5172,0.1036,0.7487,-2.4816,24.3750,imu,-0.0004
1786091987.037077,0.0006,15.109105110168457,-15.20514965057373,-0.0003,-0.5153,0.1036,0.7487,-2.5416,27.8125,imu,-0.0003
1786091987.096516,0.0594,13.908851623535156,-13.780988693237305,0.0004,-0.4707,0.1036,0.7488,-2.6005,31.1875,imu,-0.0007
1786091987.290723,0.1942,15.127737998962402,-14.935720443725586,0.0006,-0.5110,0.1035,0.7486,-2.6562,34.3750,imu,0.0006
1786091987.299742,0.0090,15.256022453308105,-15.287999153137207,-0.0001,-0.5192,0.1035,0.7486,-2.7271,38.4375,imu,-0.0007
1786091987.538336,0.2386,13.85905647277832,-13.763117790222168,0.0003,-0.4695,0.1035,0.7484,-2.7805,41.5000,imu,0.0007
1786091987.538385,0.0000,15.213805198669434,-15.30983829498291,-0.0003,-0.5188,0.1035,0.7484,-2.8438,45.1250,imu,0.0001
1786091987.609528,0.0711,15.249051094055176,-15.121758460998535,0.0004,-0.5162,0.1035,0.7484,-2.9092,48.8750,imu,0.0004
1786091987.791926,0.1824,13.737380027770996,-13.833138465881348,-0.0003,-0.4686,0.1036,0.7483,-2.9627,51.9375,imu,0.0007
1786091987.817341,0.0254,15.008893013000488,-15.166573524475098,-0.0005,-0.5129,0.1036,0.7483,-3.0249,55.5000,imu,-0.0006
1786091988.038892,0.2216,15.194314002990723,-15.22632884979248,-0.0001,-0.5171,0.1036,0.7482,-3.0794,58.6250,imu,0.0007
1786091988.038957,0.0001,15.175016403198242,-13.711301803588867,0.0043,-0.4910,0.1036,0.7482,-3.1394,62.0625,imu,-0.0004
1786091988.131902,0.0929,13.6160306930542,-15.104336738586426,-0.0044,-0.4882,0.1040,0.7481,3.0794,65.7500,imu,0.0001
1786091988.289936,0.1580,15.186333656311035,-15.21827507019043,-0.0001,-0.5168,0.1040,0.7482,3.0194,69.1875,imu,-0.0003
1786091988.340678,0.0507,15.1197509765625,-14.929508209228516,0.0006,-0.5108,0.1040,0.7482,2.9540,72.9375,imu,0.0000
1786091988.540545,0.1999,15.180760383605957,-13.538692474365234,0.0048,-0.4882,0.1030,0.7484,2.8885,76.6875,imu,0.0004
1786091988.544461,0.0039,13.642866134643555,-15.422802925109863,-0.0052,-0.4941,0.1031,0.7484,2.8285,80.1250,imu,-0.0004
1786091988.790705,0.2462,15.189004898071289,-15.12525463104248,0.0002,-0.5153,0.1030,0.7483,2.7729,83.3125,imu,0.0004
1786091988.790751,0.0000,14.138711929321289,-14.452510833740234,-0.0009,-0.4860,0.1030,0.7483,2.7074,87.0625,imu,-0.0002
1786091988.859356,0.0686,10.086292266845703,-9.223633766174316,0.0025,-0.3282,0.1028,0.7483,2.6594,89.8125,imu,0.0008
1786091989.043791,0.1844,3.325186252593994,-3.9653124809265137,-0.0019,-0.1239,0.1031,0.7481,2.6387,91.0000,imu,0.0006
1786091989.062759,0.0190,0.23572424054145813,-0.2675892412662506,-0.0001,-0.0086,0.1031,0.7481,2.6386,91.1250,enc,0.0005
1786091989.297912,0.2352,0.0,0.0,0.0000,0.0000,0.1031,0.7481,2.6386,91.1250,enc,0.0000
1786091989.297956,0.0000,0.0,0.0,0.0000,0.0000,0.1031,0.7481,2.6386,91.1250,enc,0.0000
1786091989.376944,0.0790,0.0,0.0,0.0000,0.0000,0.1031,0.7481,2.6386,90.8750,enc,0.0000
1786091989.549936,0.1730,0.0,0.0,0.0000,0.0000,0.1031,0.7481,2.6386,90.7500,enc,0.0000
1786091989.581544,0.0316,0.0,0.0,0.0000,0.0000,0.1031,0.7481,2.6386,90.6250,enc,0.0000
1786091989.806105,0.2246,0.0,0.0,0.0000,0.0000,0.1031,0.7481,2.6386,90.6250,enc,0.0000
1786091989.806165,0.0001,0.0,0.0,0.0000,0.0000,0.1031,0.7481,2.6386,90.5625,enc,0.0000
1786091989.896286,0.0901,0.0,0.0,0.0000,0.0000,0.1031,0.7481,2.6386,90.2500,enc,0.0000
1786091990.193929,0.2976,0.0,0.0,0.0000,0.0000,0.1031,0.7481,2.6386,90.2500,enc,0.0000
1786091990.193986,0.0001,0.0,0.0,0.0000,0.0000,0.1031,0.7481,2.6386,90.1875,enc,0.0000
1786091990.203511,0.0095,0.0,0.0,0.0000,0.0000,0.1031,0.7481,2.6386,90.2500,enc,0.0000
1786091990.306785,0.1033,0.0,0.0,0.0000,0.0000,0.1031,0.7481,2.6386,90.1875,enc,0.0000
1786091990.415033,0.1082,0.0,0.0,0.0000,0.0000,0.1031,0.7481,2.6386,90.2500,enc,0.0000
1786091990.517845,0.1028,-0.052573852241039276,0.052573852241039276,0.0000,0.0018,0.1031,0.7481,2.6387,90.0000,enc,0.0000
1786091990.617950,0.1001,-2.3594954013824463,2.232513427734375,-0.0004,0.0781,0.1030,0.7481,-0.0022,90.1250,imu,0.0000
1786091990.727898,0.1099,-7.339055061340332,7.147561073303223,-0.0006,0.2462,0.1030,0.7480,0.0284,88.3750,imu,-0.0004
1786091990.825871,0.0980,-12.674631118774414,12.769585609436035,0.0003,0.4325,0.1030,0.7480,0.0884,84.9375,imu,0.0003
1786091990.928808,0.1029,-15.379019737243652,15.602561950683594,0.0007,0.5266,0.1031,0.7480,0.1538,81.1875,imu,-0.0008
1786091991.041926,0.1131,-15.771440505981445,14.779921531677246,-0.0029,0.5193,0.1028,0.7476,0.2258,77.0625,imu,-0.0029
1786091991.136544,0.0946,-15.015371322631836,16.18730926513672,0.0034,0.5304,0.1031,0.7479,0.2956,73.0625,imu,0.0025
1786091991.242779,0.1062,-15.779454231262207,15.620085716247559,-0.0005,0.5337,0.1030,0.7479,0.3774,68.3750,imu,-0.0001
1786091991.349020,0.1062,-15.176182746887207,14.760064125061035,-0.0012,0.5089,0.1030,0.7476,0.4418,64.6875,imu,-0.0018
1786091991.449910,0.1009,-13.617488861083984,14.283014297485352,0.0020,0.4743,0.1031,0.7479,0.5094,60.8125,imu,0.0018
1786091991.554401,0.1045,-14.935358047485352,15.126349449157715,0.0006,0.5110,0.1031,0.7480,0.5749,57.0625,imu,0.0004
1786091991.656939,0.1025,-13.116878509521484,13.148889541625977,0.0001,0.4465,0.1031,0.7479,0.6392,53.3750,imu,-0.0003
1786091991.761030,0.1041,-6.697990894317627,6.4739274978637695,-0.0007,0.2239,0.1030,0.7479,0.6840,50.8125,imu,0.0003
1786091991.863113,0.1021,-1.7205723524093628,1.8165452480316162,0.0003,0.0601,0.1030,0.7480,0.6970,50.0625,imu,0.0007
1786091991.964308,0.1012,0.0,0.0,0.0000,0.0000,0.1030,0.7480,0.6970,50.1250,enc,0.0000
1786091992.072827,0.1085,0.0,0.0,0.0000,0.0000,0.1030,0.7480,0.6970,50.1250,enc,0.0000
1786091992.171389,0.0986,0.050027623772621155,-0.08172451704740524,-0.0001,-0.0022,0.1030,0.7480,0.6968,50.1875,enc,-0.0001
1786091992.275921,0.1045,2.9166197776794434,-2.724569320678711,0.0006,-0.0959,0.1031,0.7480,-0.0033,50.3750,imu,0.0004
1786091992.385908,0.1100,8.784218788146973,-8.657447814941406,0.0004,-0.2965,0.1031,0.7480,-0.0360,52.2500,imu,-0.0004
1786091992.483809,0.0979,11.762203216552734,-11.982152938842773,-0.0006,-0.4036,0.1031,0.7479,-0.1014,56.0000,imu,-0.0010
1786091992.590438,0.1066,15.59925365447998,-15.791252136230469,-0.0006,-0.5336,0.1030,0.7478,-0.1724,60.0625,imu,-0.0006
1786091992.693647,0.1032,16.06024169921875,-16.250141143798828,-0.0006,-0.5492,0.1029,0.7478,-0.2553,64.8125,imu,0.0000
1786091992.798141,0.1045,15.98173713684082,-16.1732177734375,-0.0006,-0.5466,0.1029,0.7478,-0.3305,69.1250,imu,-0.0002
1786091992.901504,0.1034,14.338570594787598,-14.082483291625977,0.0008,-0.4831,0.1030,0.7478,-0.4069,73.5000,imu,0.0004
1786091993.004954,0.1035,15.03194808959961,-15.222153663635254,-0.0006,-0.5143,0.1029,0.7479,-0.4789,77.6250,imu,-0.0002
1786091993.109559,0.1046,14.461658477783203,-14.461658477783203,0.0000,-0.4916,0.1029,0.7479,-0.5531,81.8750,imu,0.0006
1786091993.212057,0.1025,9.650288581848145,-9.458208084106445,0.0006,-0.3248,0.1031,0.7480,-0.6076,85.0000,imu,0.0015
1786091993.314564,0.1025,3.761984348297119,-4.274123191833496,-0.0015,-0.1366,0.1029,0.7480,-0.6381,86.7500,imu,-0.0011
1786091993.418963,0.1044,0.43923747539520264,-0.2791992425918579,0.0005,-0.0122,0.1029,0.7479,-0.6394,86.9375,enc,-0.0003
1786091993.521713,0.1027,-0.02926516905426979,-0.002695476170629263,-0.0001,0.0005,0.1029,0.7480,-0.6394,86.9375,enc,0.0001
1786091993.623086,0.1014,0.0,0.0,0.0000,0.0000,0.1029,0.7480,-0.6394,86.9375,enc,0.0000
1786091993.731831,0.1087,0.0,0.0,0.0000,0.0000,0.1029,0.7480,-0.6394,86.9375,enc,0.0000
1786091993.831662,0.0998,-0.07982408255338669,0.07982408255338669,0.0000,0.0027,0.1029,0.7480,-0.6391,86.8750,enc,0.0000
1786091993.935948,0.1043,-3.092416763305664,2.998087167739868,-0.0003,0.1035,0.1029,0.7479,0.0044,86.6250,imu,-0.0003
1786091994.043970,0.1080,-8.084392547607422,7.924713134765625,-0.0005,0.2721,0.1028,0.7479,0.0382,84.6875,imu,-0.0005
1786091994.145538,0.1016,-13.45312786102295,13.389442443847656,-0.0002,0.4563,0.1028,0.7479,0.0971,81.3125,imu,-0.0002
1786091994.248120,0.1026,-15.560070991516113,15.940255165100098,0.0011,0.5354,0.1029,0.7479,0.1734,76.9375,imu,0.0006
1786091994.359987,0.1119,-14.769946098327637,14.929864883422852,0.0005,0.5048,0.1029,0.7480,0.2542,72.3125,imu,0.0005
1786091994.464602,0.1046,-16.119613647460938,16.183313369750977,0.0002,0.5491,0.1029,0.7481,0.3262,68.1875,imu,0.0006
1786091994.562916,0.0983,-15.173038482666016,15.584481239318848,0.0012,0.5228,0.1030,0.7481,0.4069,63.5625,imu,0.0001
1786091994.664599,0.1017,-15.450495719909668,15.258435249328613,-0.0006,0.5220,0.1030,0.7481,0.4745,59.6875,imu,-0.0004
1786091994.767569,0.1030,-13.470818519592285,13.629839897155762,0.0005,0.4607,0.1031,0.7481,0.5432,55.7500,imu,-0.0003
1786091994.873352,0.1058,-15.255453109741211,15.095465660095215,-0.0005,0.5159,0.1030,0.7480,0.6141,51.6875,imu,-0.0003
1786091994.971380,0.0980,-15.027069091796875,15.282025337219238,0.0007,0.5152,0.1031,0.7481,0.6850,47.6250,imu,0.0006
1786091995.078947,0.1076,-13.78944206237793,13.725422859191895,-0.0002,0.4677,0.1030,0.7481,0.7527,43.7500,imu,0.0002
1786091995.178581,0.0996,-15.35848331451416,15.070771217346191,-0.0008,0.5172,0.1029,0.7481,0.8105,40.4375,imu,0.0007
1786091995.281828,0.1032,-15.007068634033203,15.198978424072266,0.0006,0.5134,0.1029,0.7481,0.8738,36.8125,imu,0.0004
1786091995.388458,0.1066,-14.111368179321289,13.791706085205078,-0.0009,0.4743,0.1029,0.7480,0.9370,33.1875,imu,-0.0007
1786091995.490933,0.1025,-14.89241886138916,15.081854820251465,0.0006,0.5095,0.1030,0.7481,0.9883,30.2500,imu,-0.0002
1786091995.593397,0.1025,-15.146224975585938,15.146224975585938,0.0000,0.5149,0.1030,0.7481,1.0559,26.3750,imu,0.0000
1786091995.701911,0.1085,-13.573478698730469,13.541532516479492,-0.0001,0.4609,0.1030,0.7480,1.1126,23.1250,imu,-0.0001
1786091995.804243,0.1023,-6.643126964569092,6.769670009613037,0.0004,0.2280,0.1030,0.7481,1.1552,20.6875,imu,0.0000
1786091995.907693,0.1035,1.8547157049179077,-1.504704236984253,0.0010,-0.0571,0.1031,0.7482,1.1617,20.3125,imu,-0.0005
1786091996.011054,0.1034,9.268956184387207,-9.17292308807373,0.0003,-0.3135,0.1032,0.7481,1.1301,22.1250,imu,-0.0010
1786091996.114530,0.1035,14.045123100280762,-13.15898609161377,0.0026,-0.4624,0.1032,0.7485,1.0701,25.5625,imu,0.0019
1786091996.217418,0.1029,14.275254249572754,-15.355332374572754,-0.0032,-0.5037,0.1032,0.7481,0.9883,30.2500,imu,-0.0020
1786091996.319593,0.1022,16.314943313598633,-16.57098388671875,-0.0008,-0.5590,0.1032,0.7480,0.8945,35.6250,imu,-0.0006
1786091996.424437,0.1048,16.121871948242188,-16.089874267578125,0.0001,-0.5475,0.1031,0.7480,0.8225,39.7500,imu,0.0008
1786091996.527530,0.1031,14.058279037475586,-14.282350540161133,-0.0007,-0.4817,0.1031,0.7480,0.7374,44.6250,imu,-0.0003
1786091996.628020,0.1005,15.333968162536621,-15.237950325012207,0.0003,-0.5197,0.1031,0.7480,0.6643,48.8125,imu,0.0003
1786091996.735884,0.1079,15.085797309875488,-15.117807388305664,-0.0001,-0.5134,0.1030,0.7481,0.5934,52.8750,imu,0.0005
1786091996.833916,0.0980,13.828410148620605,-13.892412185668945,-0.0002,-0.4712,0.1030,0.7480,0.5258,56.7500,imu,-0.0006
1786091996.937301,0.1034,15.098855018615723,-15.162717819213867,-0.0002,-0.5144,0.1030,0.7481,0.4527,60.9375,imu,0.0007
1786091997.047293,0.1100,15.135052680969238,-15.326898574829102,-0.0006,-0.5178,0.1030,0.7480,0.3851,64.8125,imu,-0.0004
1786091997.149338,0.1020,13.702122688293457,-13.575434684753418,0.0004,-0.4637,0.1030,0.7480,0.3109,69.0625,imu,0.0004
1786091997.251771,0.1024,15.140730857849121,-15.236470222473145,-0.0003,-0.5164,0.1030,0.7480,0.2498,72.5625,imu,-0.0005
1786091997.356873,0.1051,15.283246040344238,-15.059326171875,0.0007,-0.5158,0.1030,0.7480,0.1865,76.1875,imu,0.0001
1786091997.459007,0.1021,14.790966987609863,-14.061959266662598,0.0021,-0.4904,0.1032,0.7483,0.1200,80.0000,imu,0.0021
1786091997.561500,0.1025,9.829828262329102,-10.78608226776123,-0.0028,-0.3504,0.1029,0.7480,0.0611,83.3750,imu,-0.0024
1786091997.665929,0.1044,4.588227272033691,-4.460176467895508,0.0004,-0.1538,0.1030,0.7481,0.0327,85.0000,imu,0.0013
1786091997.770366,0.1044,0.3422890901565552,-0.3422890901565552,0.0000,-0.0116,0.1030,0.7482,0.0315,84.8750,enc,0.0006
1786091997.874150,0.1038,-0.026454314589500427,0.026454314589500427,0.0000,0.0009,0.1030,0.7482,0.0316,84.8750,enc,-0.0002
1786091997.973912,0.0998,0.0,0.0,0.0000,0.0000,0.1030,0.7482,0.0316,84.8750,enc,0.0000
1786091998.080857,0.1069,0.0,0.0,0.0000,0.0000,0.1030,0.7482,0.0316,84.8750,enc,0.0000
1786091998.182851,0.1020,-0.0528789684176445,0.0528789684176445,0.0000,0.0018,0.1030,0.7482,0.0318,84.5000,enc,0.0002
1786091998.284204,0.1014,-2.188868284225464,2.092895746231079,-0.0003,0.0728,0.1029,0.7482,0.0076,84.0625,imu,0.0003
1786091998.392950,0.1087,-8.196274757385254,8.132295608520508,-0.0002,0.2776,0.1029,0.7482,0.0382,82.3125,imu,0.0000
1786091998.491492,0.0985,-12.893799781799316,12.98881721496582,0.0003,0.4400,0.1030,0.7482,0.0982,78.8750,imu,-0.0007
1786091998.595600,0.1041,-14.27573013305664,14.115693092346191,-0.0005,0.4826,0.1029,0.7481,0.1702,74.7500,imu,-0.0007
1786091998.704754,0.1092,-14.86939525604248,15.12256908416748,0.0007,0.5098,0.1030,0.7481,0.2422,70.6250,imu,0.0004
1786091998.805833,0.1011,-9.62244701385498,10.004262924194336,0.0011,0.3336,0.1031,0.7482,0.3011,67.2500,imu,-0.0002
1786091998.909791,0.1040,-7.452296257019043,7.069772720336914,-0.0011,0.2468,0.1030,0.7481,0.3305,65.5625,imu,0.0000
1786091999.013878,0.1041,-8.901040077209473,8.932727813720703,0.0001,0.3031,0.1030,0.7482,0.3774,62.8750,imu,0.0005
1786091999.117530,0.1037,-12.799673080444336,12.990781784057617,0.0006,0.4384,0.1030,0.7482,0.4342,59.6250,imu,-0.0002
1786091999.221331,0.1038,-15.178422927856445,14.954872131347656,-0.0007,0.5122,0.1030,0.7481,0.5029,55.6875,imu,-0.0005
1786091999.324191,0.1029,-15.74795913696289,14.9567289352417,-0.0023,0.5219,0.1029,0.7478,0.5825,51.1250,imu,-0.0023
1786091999.429917,0.1057,-14.205556869506836,15.195960998535156,0.0029,0.4998,0.1030,0.7482,0.6567,46.8750,imu,0.0029
1786091999.532111,0.1022,-15.512375831604004,15.385741233825684,-0.0004,0.5252,0.1029,0.7482,0.7254,42.9375,imu,0.0006
1786091999.632860,0.1007,-15.148098945617676,15.404205322265625,0.0008,0.5193,0.1030,0.7483,0.7996,38.6875,imu,0.0002
1786091999.739928,0.1071,-13.87723445892334,13.654114723205566,-0.0007,0.4680,0.1030,0.7482,0.8639,35.0000,imu,-0.0005
1786091999.838516,0.0986,-15.18248462677002,15.246476173400879,0.0002,0.5172,0.1030,0.7482,0.9218,31.6875,imu,-0.0002
1786091999.941895,0.1034,-15.137308120727539,15.137308120727539,0.0000,0.5146,0.1030,0.7482,0.9850,28.0625,imu,0.0002
1786092000.055360,0.1135,-13.8903226852417,13.8903226852417,0.0000,0.4722,0.1030,0.7482,1.0505,24.3125,imu,0.0000
1786092000.262065,0.2067,-15.073569297790527,15.233606338500977,0.0005,0.5152,0.1030,0.7483,1.1083,21.0000,imu,0.0001
1786092000.262117,0.0001,-15.094393730163574,15.126087188720703,0.0001,0.5137,0.1030,0.7483,1.1705,17.4375,imu,-0.0001
1786092000.509737,0.2476,-14.906844139099121,14.970117568969727,0.0002,0.5078,0.1031,0.7483,1.2359,13.6875,imu,-0.0004
1786092000.511000,0.0013,-13.98890495300293,13.796815872192383,-0.0006,0.4723,0.1031,0.7483,1.2992,10.0625,imu,0.0002
1786092000.567962,0.0570,-15.022256851196289,15.244059562683105,0.0007,0.5145,0.1031,0.7484,1.3581,6.6875,imu,0.0003
1786092000.762878,0.1949,-15.195551872253418,15.03674602508545,-0.0005,0.5139,0.1032,0.7483,1.4224,3.0000,imu,-0.0005
1786092000.772604,0.0097,-13.827560424804688,13.859553337097168,0.0001,0.4706,0.1032,0.7483,1.4748,0.0000,imu,-0.0001
1786092001.010524,0.2379,-14.828093528747559,14.79664134979248,-0.0001,0.5036,0.1032,0.7482,1.5468,355.8750,imu,0.0001
1786092001.010580,0.0001,-12.962703704833984,12.835779190063477,-0.0004,0.4385,0.1032,0.7482,1.6002,352.8125,imu,0.0000
1786092001.085411,0.0748,-6.415768146514893,6.7038702964782715,0.0008,0.2230,0.1032,0.7483,1.6384,350.6250,imu,-0.0003
1786092001.253864,0.1685,-1.1852831840515137,0.9935122132301331,-0.0006,0.0370,0.1033,0.7482,1.6482,350.0625,imu,-0.0007
1786092001.290587,0.0367,2.796604633331299,-2.924036979675293,-0.0004,-0.0972,0.1033,0.7482,1.6341,350.8750,imu,-0.0004
1786092001.508082,0.2175,8.671698570251465,-8.703705787658691,-0.0001,-0.2953,0.1034,0.7482,1.5937,353.1875,imu,-0.0005
1786092001.508130,0.0000,12.054530143737793,-11.831794738769531,0.0007,-0.4060,0.1034,0.7482,1.5304,356.8125,imu,0.0007
1786092001.605209,0.0971,15.411754608154297,-15.507529258728027,-0.0003,-0.5256,0.1034,0.7482,1.4497,1.4375,imu,0.0001
1786092001.760353,0.1551,16.000150680541992,-16.157268524169922,-0.0005,-0.5466,0.1034,0.7481,1.3723,5.8750,imu,-0.0003
1786092001.812132,0.0518,15.808777809143066,-15.84047794342041,-0.0001,-0.5380,0.1034,0.7481,1.2883,10.6875,imu,0.0001
1786092002.010180,0.1980,14.215093612670898,-14.375051498413086,-0.0005,-0.4860,0.1034,0.7480,1.2119,15.0625,imu,-0.0001
1786092002.016786,0.0066,15.283519744873047,-15.155939102172852,0.0004,-0.5174,0.1034,0.7480,1.1410,19.1250,imu,0.0004
1786092002.261602,0.2448,14.977863311767578,-15.072906494140625,-0.0003,-0.5108,0.1035,0.7479,1.0603,23.7500,imu,-0.0005
1786092002.261657,0.0001,15.317910194396973,-13.557209014892578,0.0052,-0.4908,0.1035,0.7479,0.9948,27.5000,imu,0.0005
1786092002.350875,0.0892,13.431495666503906,-15.111769676208496,-0.0049,-0.4852,0.1032,0.7475,0.9207,31.7500,imu,-0.0005
1786092002.517134,0.1663,15.114877700805664,-14.893037796020508,0.0007,-0.5101,0.1033,0.7476,0.8508,35.7500,imu,-0.0001
1786092002.549789,0.0327,15.085901260375977,-15.117912292480469,-0.0001,-0.5134,0.1033,0.7476,0.7887,39.3125,imu,-0.0003
1786092002.760851,0.2111,13.859908103942871,-13.955965042114258,-0.0003,-0.4728,0.1034,0.7474,0.7167,43.4375,imu,-0.0010
1786092002.760895,0.0000,15.27532958984375,-15.14737319946289,0.0004,-0.5171,0.1034,0.7474,0.6534,47.0625,imu,0.0008
1786092002.845948,0.0851,15.203169822692871,-15.235092163085938,-0.0001,-0.5174,0.1034,0.7473,0.5847,51.0000,imu,-0.0003
1786092003.009934,0.1640,14.715034484863281,-13.820157051086426,0.0026,-0.4850,0.1036,0.7479,0.5203,54.6875,imu,0.0028
1786092003.052772,0.0428,14.342460632324219,-15.302790641784668,-0.0028,-0.5039,0.1035,0.7478,0.4603,58.1250,imu,-0.0019
1786092003.268148,0.2154,15.209991455078125,-15.30583381652832,-0.0003,-0.5187,0.1035,0.7478,0.3916,62.0625,imu,-0.0001
1786092003.269294,0.0011,13.747455596923828,-13.811452865600586,-0.0002,-0.4684,0.1035,0.7478,0.3338,65.3750,imu,0.0006
1786092003.511022,0.2417,14.56747055053711,-14.85158634185791,-0.0008,-0.5001,0.1033,0.7477,0.2738,68.8125,imu,-0.0001
1786092003.511069,0.0000,10.568511009216309,-10.536972999572754,0.0001,-0.3588,0.1033,0.7477,0.2149,72.1875,imu,0.0010
1786092003.575739,0.0647,3.9657082557678223,-4.093262195587158,-0.0004,-0.1370,0.1032,0.7477,0.1920,73.5000,imu,0.0002
1786092003.767890,0.1922,0.23690052330493927,-0.23690052330493927,0.0000,-0.0081,0.1033,0.7476,0.1904,73.4375,enc,-0.0007
1786092003.780387,0.0125,-0.02918713353574276,-0.002688288688659668,-0.0001,0.0005,0.1033,0.7476,0.1904,73.4375,enc,0.0001
1786092004.014473,0.2341,0.0,0.0,0.0000,0.0000,0.1033,0.7476,0.1904,73.4375,enc,0.0000
1786092004.014521,0.0000,0.0,0.0,0.0000,0.0000,0.1033,0.7476,0.1904,73.4375,enc,0.0000
1786092004.093158,0.0786,0.0,0.0,0.0000,0.0000,0.1033,0.7476,0.1904,73.0000,enc,0.0000
1786092004.265937,0.1728,0.0,0.0,0.0000,0.0000,0.1033,0.7476,0.1904,72.1875,enc,0.0000
1786092004.297809,0.0319,0.0,0.0,0.0000,0.0000,0.1033,0.7476,0.1904,71.4375,enc,0.0000
1786092004.522786,0.2250,0.0,0.0,0.0000,0.0000,0.1033,0.7476,0.1904,70.8125,enc,0.0000
1786092004.522851,0.0001,0.0,0.0,0.0000,0.0000,0.1033,0.7476,0.1904,70.3750,enc,0.0000
1786092004.607518,0.0847,0.0,0.0,0.0000,0.0000,0.1033,0.7476,0.1904,69.8125,enc,0.0000
1786092004.777969,0.1705,0.0,0.0,0.0000,0.0000,0.1033,0.7476,0.1904,69.3750,enc,0.0000
1786092004.817221,0.0393,0.0,0.0,0.0000,0.0000,0.1033,0.7476,0.1904,69.1250,enc,0.0000
1786092005.032831,0.2156,0.0,0.0,0.0000,0.0000,0.1033,0.7476,0.1904,69.0625,enc,0.0000
1786092005.032976,0.0001,0.0,0.0,0.0000,0.0000,0.1033,0.7476,0.1904,69.0000,enc,0.0000
1786092005.128115,0.0951,0.0,0.0,0.0000,0.0000,0.1033,0.7476,0.1904,68.8125,enc,0.0000
1786092005.232162,0.1040,0.0,0.0,0.0000,0.0000,0.1033,0.7476,0.1904,68.7500,enc,0.0000
1786092005.332688,0.1005,0.0,0.0,0.0000,0.0000,0.1033,0.7476,0.1904,68.6250,enc,0.0000
1786092005.438913,0.1062,0.0,0.0,0.0000,0.0000,0.1033,0.7476,0.1904,68.5000,enc,0.0000
1786092005.543281,0.1044,0.0,0.0,0.0000,0.0000,0.1033,0.7476,0.1904,68.4375,enc,0.0000
1786092005.642860,0.0996,0.0,0.0,0.0000,0.0000,0.1033,0.7476,0.1904,68.3750,enc,0.0000
1786092005.752986,0.1101,0.0,0.0,0.0000,0.0000,0.1033,0.7476,0.1904,68.1875,enc,0.0000
1786092005.850937,0.0980,0.0,0.0,0.0000,0.0000,0.1033,0.7476,0.1904,68.1875,enc,0.0000
1786092005.954301,0.1034,0.0,0.0,0.0000,0.0000,0.1033,0.7476,0.1904,68.1875,enc,0.0000
1786092006.063026,0.1087,0.0,0.0,0.0000,0.0000,0.1033,0.7476,0.1904,68.1875,enc,0.0000
1786092006.164860,0.1018,0.0,0.0,0.0000,0.0000,0.1033,0.7476,0.1904,68.1875,enc,0.0000
1786092006.266444,0.1016,0.0,0.0,0.0000,0.0000,0.1033,0.7476,0.1904,68.1875,enc,0.0000
1786092006.372564,0.1061,0.0,0.0,0.0000,0.0000,0.1033,0.7476,0.1904,68.1875,enc,0.0000
1786092006.475360,0.1028,0.0,0.0,0.0000,0.0000,0.1033,0.7476,0.1904,68.1875,enc,0.0000
1786092006.575985,0.1006,0.0,0.0,0.0000,0.0000,0.1033,0.7476,0.1904,68.1875,enc,0.0000
1786092006.683633,0.1076,0.0,0.0,0.0000,0.0000,0.1033,0.7476,0.1904,68.1875,enc,0.0000
1786092006.785457,0.1018,0.0,0.0,0.0000,0.0000,0.1033,0.7476,0.1904,68.1875,enc,0.0000
1786092006.889437,0.1040,0.0,0.0,0.0000,0.0000,0.1033,0.7476,0.1904,68.1875,enc,0.0000
1786092006.992088,0.1027,0.0,0.0,0.0000,0.0000,0.1033,0.7476,0.1904,68.1875,enc,0.0000
1786092007.100038,0.1079,0.0,0.0,0.0000,0.0000,0.1033,0.7476,0.1904,68.1875,enc,0.0000
1786092007.198708,0.0987,0.0,0.0,0.0000,0.0000,0.1033,0.7476,0.1904,68.1875,enc,0.0000
1786092007.303170,0.1045,0.0,0.0,0.0000,0.0000,0.1033,0.7476,0.1904,68.1875,enc,0.0000
1786092007.408281,0.1051,0.0,0.0,0.0000,0.0000,0.1033,0.7476,0.1904,68.1875,enc,0.0000
1786092007.508127,0.0998,0.0,0.0,0.0000,0.0000,0.1033,0.7476,0.1904,68.1875,enc,0.0000
1786092007.612235,0.1041,0.0,0.0,0.0000,0.0000,0.1033,0.7476,0.1904,68.1875,enc,0.0000
1786092007.723000,0.1108,0.0,0.0,0.0000,0.0000,0.1033,0.7476,0.1904,68.1875,enc,0.0000
1786092007.824174,0.1012,0.0,0.0,0.0000,0.0000,0.1033,0.7476,0.1904,68.1875,enc,0.0000
1786092007.934200,0.1100,0.0,0.0,0.0000,0.0000,0.1033,0.7476,0.1904,68.1875,enc,0.0000
1786092008.031267,0.0971,0.0,0.0,0.0000,0.0000,0.1033,0.7476,0.1904,68.1875,enc,0.0000
1786092008.133169,0.1019,0.0,0.0,0.0000,0.0000,0.1033,0.7476,0.1904,68.1875,enc,0.0000
1786092008.237016,0.1038,0.0,0.0,0.0000,0.0000,0.1033,0.7476,0.1904,68.1875,enc,0.0000
1786092008.343324,0.1063,0.0,0.0,0.0000,0.0000,0.1033,0.7476,0.1904,68.1875,enc,0.0000
1786092008.446708,0.1034,0.0,0.0,0.0000,0.0000,0.1033,0.7476,0.1904,68.1875,enc,0.0000
1786092008.549297,0.1026,0.0,0.0,0.0000,0.0000,0.1033,0.7476,0.1904,68.1875,enc,0.0000
1786092008.650833,0.1015,0.0,0.0,0.0000,0.0000,0.1033,0.7476,0.1904,68.1875,enc,0.0000
1786092008.754872,0.1040,0.0,0.0,0.0000,0.0000,0.1033,0.7476,0.1904,68.1875,enc,0.0000
1786092008.855934,0.1011,0.0,0.0,0.0000,0.0000,0.1033,0.7476,0.1904,68.1875,enc,0.0000
1786092008.959799,0.1039,0.0,0.0,0.0000,0.0000,0.1033,0.7476,0.1904,68.1875,enc,0.0000
1786092009.067023,0.1072,0.0,0.0,0.0000,0.0000,0.1033,0.7476,0.1904,68.1875,enc,0.0000
1786092009.169665,0.1026,0.0,0.0,0.0000,0.0000,0.1033,0.7476,0.1904,68.1875,enc,0.0000
1786092009.274054,0.1044,0.0,0.0,0.0000,0.0000,0.1033,0.7476,0.1904,68.1875,enc,0.0000
1786092009.378976,0.1049,0.0,0.0,0.0000,0.0000,0.1033,0.7476,0.1904,68.1875,enc,0.0000
1786092009.480894,0.1019,0.0,0.0,0.0000,0.0000,0.1033,0.7476,0.1904,68.1875,enc,0.0000
1786092009.584469,0.1036,0.0,0.0,0.0000,0.0000,0.1033,0.7476,0.1904,68.1875,enc,0.0000
1786092009.688901,0.1044,0.0,0.0,0.0000,0.0000,0.1033,0.7476,0.1904,68.1875,enc,0.0000
1786092009.794949,0.1060,0.0,0.0,0.0000,0.0000,0.1033,0.7476,0.1904,68.1875,enc,0.0000
1786092009.896291,0.1013,0.0,0.0,0.0000,0.0000,0.1033,0.7476,0.1904,68.1875,enc,0.0000
1786092009.996754,0.1005,0.0,0.0,0.0000,0.0000,0.1033,0.7476,0.1904,68.1875,enc,0.0000
1786092010.104937,0.1082,0.0,0.0,0.0000,0.0000,0.1033,0.7476,0.1904,68.1875,enc,0.0000
1786092010.204834,0.0999,0.0,0.0,0.0000,0.0000,0.1033,0.7476,0.1904,68.1875,enc,0.0000
1786092010.308019,0.1032,0.0,0.0,0.0000,0.0000,0.1033,0.7476,0.1904,68.1875,enc,0.0000
1786092010.416014,0.1080,0.0,0.0,0.0000,0.0000,0.1033,0.7476,0.1904,68.1875,enc,0.0000
1786092010.514709,0.0987,0.0,0.0,0.0000,0.0000,0.1033,0.7476,0.1904,68.1875,enc,0.0000
1786092010.618870,0.1042,0.0,0.0,0.0000,0.0000,0.1033,0.7476,0.1904,68.1875,enc,0.0000
1786092010.730039,0.1112,0.0,0.0,0.0000,0.0000,0.1033,0.7476,0.1904,68.1875,enc,0.0000
1786092010.831563,0.1015,0.0,0.0,0.0000,0.0000,0.1033,0.7476,0.1904,68.1875,enc,0.0000
1786092010.932832,0.1013,0.0,0.0,0.0000,0.0000,0.1033,0.7476,0.1904,68.1875,enc,0.0000
1786092011.035969,0.1031,0.0,0.0,0.0000,0.0000,0.1033,0.7476,0.1904,68.1875,enc,0.0000
1786092011.140219,0.1043,0.0,0.0,0.0000,0.0000,0.1033,0.7476,0.1904,68.1875,enc,0.0000
1786092011.244317,0.1041,0.0,0.0,0.0000,0.0000,0.1033,0.7476,0.1904,68.1875,enc,0.0000
1786092011.347003,0.1027,0.0,0.0,0.0000,0.0000,0.1033,0.7476,0.1904,68.1875,enc,0.0000
1786092011.459004,0.1120,0.0,0.0,0.0000,0.0000,0.1033,0.7476,0.1904,68.1875,enc,0.0000
1786092011.554168,0.0952,0.0,0.0,0.0000,0.0000,0.1033,0.7476,0.1904,68.1875,enc,0.0000
1786092011.655128,0.1010,0.0,0.0,0.0000,0.0000,0.1033,0.7476,0.1904,68.1875,enc,0.0000
1786092011.765990,0.1109,0.0,0.0,0.0000,0.0000,0.1033,0.7476,0.1904,68.1875,enc,0.0000
1786092011.866225,0.1002,0.0,0.0,0.0000,0.0000,0.1033,0.7476,0.1904,68.1875,enc,0.0000
1786092011.969515,0.1033,0.0,0.0,0.0000,0.0000,0.1033,0.7476,0.1904,68.1875,enc,0.0000
1786092012.076054,0.1065,0.0,0.0,0.0000,0.0000,0.1033,0.7476,0.1904,68.1875,enc,0.0000
1786092012.176838,0.1008,0.0,0.0,0.0000,0.0000,0.1033,0.7476,0.1904,68.1875,enc,0.0000
1786092012.279752,0.1029,0.0,0.0,0.0000,0.0000,0.1033,0.7476,0.1904,68.1875,enc,0.0000
1786092012.385079,0.1053,0.0,0.0,0.0000,0.0000,0.1033,0.7476,0.1904,68.1875,enc,0.0000
1786092012.486999,0.1019,0.0,0.0,0.0000,0.0000,0.1033,0.7476,0.1904,68.1875,enc,0.0000
1786092012.592415,0.1054,0.0,0.0,0.0000,0.0000,0.1033,0.7476,0.1904,68.1875,enc,0.0000
1786092012.694872,0.1025,0.0,0.0,0.0000,0.0000,0.1033,0.7476,0.1904,68.1875,enc,0.0000
1786092012.798996,0.1041,0.0,0.0,0.0000,0.0000,0.1033,0.7476,0.1904,68.1875,enc,0.0000
1786092012.902109,0.1031,0.0,0.0,0.0000,0.0000,0.1033,0.7476,0.1904,68.1875,enc,0.0000
1786092013.004915,0.1028,0.0,0.0,0.0000,0.0000,0.1033,0.7476,0.1904,68.1875,enc,0.0000
1786092013.111021,0.1061,0.0,0.0,0.0000,0.0000,0.1033,0.7476,0.1904,68.1875,enc,0.0000
1786092013.211085,0.1001,0.0,0.0,0.0000,0.0000,0.1033,0.7476,0.1904,68.1875,enc,0.0000
1786092013.314308,0.1032,0.0,0.0,0.0000,0.0000,0.1033,0.7476,0.1904,68.1875,enc,0.0000
1786092013.422004,0.1077,0.0,0.0,0.0000,0.0000,0.1033,0.7476,0.1904,68.1875,enc,0.0000
1786092013.520258,0.0983,0.0,0.0,0.0000,0.0000,0.1033,0.7476,0.1904,68.1875,enc,0.0000
1786092013.624400,0.1041,0.0,0.0,0.0000,0.0000,0.1033,0.7476,0.1904,68.1875,enc,0.0000
1786092013.730984,0.1066,0.0,0.0,0.0000,0.0000,0.1033,0.7476,0.1904,68.1875,enc,0.0000
1786092013.834201,0.1032,0.0,0.0,0.0000,0.0000,0.1033,0.7476,0.1904,68.1875,enc,0.0000
1786092013.935228,0.1010,0.0,0.0,0.0000,0.0000,0.1033,0.7476,0.1904,68.1875,enc,0.0000
1786092014.041422,0.1062,0.0,0.0,0.0000,0.0000,0.1033,0.7476,0.1904,68.1875,enc,0.0000
1786092014.145093,0.1037,0.0,0.0,0.0000,0.0000,0.1033,0.7476,0.1904,68.1875,enc,0.0000
1786092014.249233,0.1041,0.0,0.0,0.0000,0.0000,0.1033,0.7476,0.1904,68.1875,enc,0.0000
1786092014.352875,0.1036,0.0,0.0,0.0000,0.0000,0.1033,0.7476,0.1904,68.1875,enc,0.0000
1786092014.459008,0.1061,0.0,0.0,0.0000,0.0000,0.1033,0.7476,0.1904,68.1875,enc,0.0000
1786092014.560819,0.1018,0.0,0.0,0.0000,0.0000,0.1033,0.7476,0.1904,68.1875,enc,0.0000
1786092014.660958,0.1001,0.0,0.0,0.0000,0.0000,0.1033,0.7476,0.1904,68.1875,enc,0.0000
1786092014.768079,0.1071,0.0,0.0,0.0000,0.0000,0.1033,0.7476,0.1904,68.1875,enc,0.0000
1786092014.868877,0.1008,0.0,0.0,0.0000,0.0000,0.1033,0.7476,0.1904,68.1875,enc,0.0000
1786092014.972412,0.1035,0.0,0.0,0.0000,0.0000,0.1033,0.7476,0.1904,68.1875,enc,0.0000
1786092015.078884,0.1065,0.0,0.0,0.0000,0.0000,0.1033,0.7476,0.1904,68.1875,enc,0.0000
1786092015.257509,0.1786,0.0,0.0,0.0000,0.0000,0.1033,0.7476,0.1904,68.1875,enc,0.0000
1786092015.282985,0.0255,0.0,0.0,0.0000,0.0000,0.1033,0.7476,0.1904,68.1875,enc,0.0000
1786092015.503077,0.2201,0.0,0.0,0.0000,0.0000,0.1033,0.7476,0.1904,68.1875,enc,0.0000
1786092015.503153,0.0001,0.0,0.0,0.0000,0.0000,0.1033,0.7476,0.1904,68.1875,enc,0.0000
1786092015.596989,0.0938,0.0,0.0,0.0000,0.0000,0.1033,0.7476,0.1904,68.1875,enc,0.0000
1786092015.749643,0.1527,0.0,0.0,0.0000,0.0000,0.1033,0.7476,0.1904,68.1875,enc,0.0000
1786092015.805387,0.0557,0.0,0.0,0.0000,0.0000,0.1033,0.7476,0.1904,68.1875,enc,0.0000
1786092015.993549,0.1882,0.0,0.0,0.0000,0.0000,0.1033,0.7476,0.1904,68.1875,enc,0.0000
1786092016.009028,0.0155,0.0,0.0,0.0000,0.0000,0.1033,0.7476,0.1904,68.1875,enc,0.0000
1786092016.237144,0.2281,0.0,0.0,0.0000,0.0000,0.1033,0.7476,0.1904,68.1875,enc,0.0000
1786092016.237208,0.0001,0.0,0.0,0.0000,0.0000,0.1033,0.7476,0.1904,68.1875,enc,0.0000
1786092016.321095,0.0839,0.0,0.0,0.0000,0.0000,0.1033,0.7476,0.1904,68.1875,enc,0.0000
1786092016.493633,0.1725,0.0,0.0,0.0000,0.0000,0.1033,0.7476,0.1904,68.1875,enc,0.0000
1786092016.528626,0.0350,0.0,0.0,0.0000,0.0000,0.1033,0.7476,0.1904,68.1875,enc,0.0000
1786092016.744795,0.2162,0.0,0.0,0.0000,0.0000,0.1033,0.7476,0.1904,68.1875,enc,0.0000
1786092016.744836,0.0000,0.0,0.0,0.0000,0.0000,0.1033,0.7476,0.1904,68.1875,enc,0.0000
1786092016.843019,0.0982,0.0,0.0,0.0000,0.0000,0.1033,0.7476,0.1904,68.1875,enc,0.0000
1786092016.996397,0.1534,0.0,0.0,0.0000,0.0000,0.1033,0.7476,0.1904,68.1875,enc,0.0000
1786092017.048637,0.0522,0.0,0.0,0.0000,0.0000,0.1033,0.7476,0.1904,68.1875,enc,0.0000
1786092017.245929,0.1973,0.0,0.0,0.0000,0.0000,0.1033,0.7476,0.1904,68.1875,enc,0.0000
1786092017.260370,0.0144,0.0,0.0,0.0000,0.0000,0.1033,0.7476,0.1904,68.1875,enc,0.0000
1786092017.498350,0.2380,0.0,0.0,0.0000,0.0000,0.1033,0.7476,0.1904,68.1875,enc,0.0000
1786092017.498398,0.0000,0.0,0.0,0.0000,0.0000,0.1033,0.7476,0.1904,68.1875,enc,0.0000
1786092017.567449,0.0691,0.0,0.0,0.0000,0.0000,0.1033,0.7476,0.1904,68.1875,enc,0.0000
1786092017.743866,0.1764,0.0,0.0,0.0000,0.0000,0.1033,0.7476,0.1904,68.1875,enc,0.0000
1786092017.774117,0.0303,0.0,0.0,0.0000,0.0000,0.1033,0.7476,0.1904,68.1875,enc,0.0000
1786092017.997826,0.2237,0.0,0.0,0.0000,0.0000,0.1033,0.7476,0.1904,68.1875,enc,0.0000
1786092017.997902,0.0001,0.0,0.0,0.0000,0.0000,0.1033,0.7476,0.1904,68.1875,enc,0.0000
1786092018.088133,0.0902,0.0,0.0,0.0000,0.0000,0.1033,0.7476,0.1904,68.1875,enc,0.0000
1786092018.246816,0.1587,0.0,0.0,0.0000,0.0000,0.1033,0.7476,0.1904,68.1875,enc,0.0000
1786092018.296341,0.0495,0.0,0.0,0.0000,0.0000,0.1033,0.7476,0.1904,68.1875,enc,0.0000
1786092018.499302,0.2030,0.0,0.0,0.0000,0.0000,0.1033,0.7476,0.1904,68.1875,enc,0.0000
1786092018.510718,0.0114,0.0,0.0,0.0000,0.0000,0.1033,0.7476,0.1904,68.1875,enc,0.0000
1786092018.748672,0.2380,0.0,0.0,0.0000,0.0000,0.1033,0.7476,0.1904,68.1875,enc,0.0000
1786092018.748730,0.0001,0.0,0.0,0.0000,0.0000,0.1033,0.7476,0.1904,68.1875,enc,0.0000
1786092018.816875,0.0681,0.0,0.0,0.0000,0.0000,0.1033,0.7476,0.1904,68.1875,enc,0.0000
1786092018.999938,0.1831,0.0,0.0,0.0000,0.0000,0.1033,0.7476,0.1904,68.1875,enc,0.0000
1786092019.017982,0.0180,0.0,0.0,0.0000,0.0000,0.1033,0.7476,0.1904,68.1875,enc,0.0000
1786092019.250999,0.2330,0.0,0.0,0.0000,0.0000,0.1033,0.7476,0.1904,68.1875,enc,0.0000
1786092019.251071,0.0001,0.0,0.0,0.0000,0.0000,0.1033,0.7476,0.1904,68.1875,enc,0.0000
1786092019.331946,0.0809,0.0,0.0,0.0000,0.0000,0.1033,0.7476,0.1904,68.1875,enc,0.0000
1786092019.507891,0.1759,0.0,0.0,0.0000,0.0000,0.1033,0.7476,0.1904,68.1875,enc,0.0000
1786092019.539035,0.0311,0.0,0.0,0.0000,0.0000,0.1033,0.7476,0.1904,68.1875,enc,0.0000
1786092019.759857,0.2208,0.0,0.0,0.0000,0.0000,0.1033,0.7476,0.1904,68.1875,enc,0.0000
1786092019.759923,0.0001,0.0,0.0,0.0000,0.0000,0.1033,0.7476,0.1904,68.1875,enc,0.0000
1786092020.011497,0.2516,0.0,0.0,0.0000,0.0000,0.1033,0.7476,0.1904,68.1875,enc,0.0000
1786092020.011584,0.0001,0.0,0.0,0.0000,0.0000,0.1033,0.7476,0.1904,68.1875,enc,0.0000
1786092020.058209,0.0466,0.0,0.0,0.0000,0.0000,0.1033,0.7476,0.1904,68.1875,enc,0.0000
1786092020.162031,0.1038,0.0,0.0,0.0000,0.0000,0.1033,0.7476,0.1904,68.1875,enc,0.0000
1786092020.266529,0.1045,0.0,0.0,0.0000,0.0000,0.1033,0.7476,0.1904,68.1875,enc,0.0000
1786092020.368907,0.1024,0.0,0.0,0.0000,0.0000,0.1033,0.7476,0.1904,68.1875,enc,0.0000
1786092020.473944,0.1050,0.0,0.0,0.0000,0.0000,0.1033,0.7476,0.1904,68.1875,enc,0.0000
1786092020.576773,0.1028,0.0,0.0,0.0000,0.0000,0.1033,0.7476,0.1904,68.1875,enc,0.0000
1786092020.676902,0.1001,0.0,0.0,0.0000,0.0000,0.1033,0.7476,0.1904,68.1875,enc,0.0000
1786092020.784952,0.1080,0.0,0.0,0.0000,0.0000,0.1033,0.7476,0.1904,68.1875,enc,0.0000
1786092020.885896,0.1009,0.0,0.0,0.0000,0.0000,0.1033,0.7476,0.1904,68.1875,enc,0.0000
1786092020.988264,0.1024,0.0,0.0,0.0000,0.0000,0.1033,0.7476,0.1904,68.1875,enc,0.0000
1786092021.094273,0.1060,0.0,0.0,0.0000,0.0000,0.1033,0.7476,0.1904,68.1875,enc,0.0000
1786092021.198117,0.1038,0.0,0.0,0.0000,0.0000,0.1033,0.7476,0.1904,68.1875,enc,0.0000
1786092021.303402,0.1053,0.0,0.0,0.0000,0.0000,0.1033,0.7476,0.1904,68.1875,enc,0.0000
1786092021.408050,0.1046,0.0,0.0,0.0000,0.0000,0.1033,0.7476,0.1904,68.1875,enc,0.0000
1786092021.512079,0.1040,0.0,0.0,0.0000,0.0000,0.1033,0.7476,0.1904,68.1875,enc,0.0000
1786092021.614646,0.1026,0.0,0.0,0.0000,0.0000,0.1033,0.7476,0.1904,68.1875,enc,0.0000
1786092021.719386,0.1047,0.0,0.0,0.0000,0.0000,0.1033,0.7476,0.1904,68.1875,enc,0.0000
1786092021.825999,0.1066,0.0,0.0,0.0000,0.0000,0.1033,0.7476,0.1904,68.1875,enc,0.0000
1786092021.928670,0.1027,0.0,0.0,0.0000,0.0000,0.1033,0.7476,0.1904,68.1875,enc,0.0000
1786092022.029258,0.1006,0.0,0.0,0.0000,0.0000,0.1033,0.7476,0.1904,68.1875,enc,0.0000
1786092022.136096,0.1068,0.0,0.0,0.0000,0.0000,0.1033,0.7476,0.1904,68.1875,enc,0.0000
1786092022.237640,0.1015,0.0,0.0,0.0000,0.0000,0.1033,0.7476,0.1904,68.1875,enc,0.0000
1786092022.342001,0.1044,0.0,0.0,0.0000,0.0000,0.1033,0.7476,0.1904,68.1875,enc,0.0000
1786092022.450170,0.1082,0.0,0.0,0.0000,0.0000,0.1033,0.7476,0.1904,68.1875,enc,0.0000
1786092022.552070,0.1019,0.0,0.0,0.0000,0.0000,0.1033,0.7476,0.1904,68.1875,enc,0.0000
1786092022.652807,0.1007,0.0,0.0,0.0000,0.0000,0.1033,0.7476,0.1904,68.1875,enc,0.0000
1786092022.761019,0.1082,0.0,0.0,0.0000,0.0000,0.1033,0.7476,0.1904,68.1875,enc,0.0000
1786092022.863348,0.1023,0.0,0.0,0.0000,0.0000,0.1033,0.7476,0.1904,68.1875,enc,0.0000
1786092022.966856,0.1035,0.0,0.0,0.0000,0.0000,0.1033,0.7476,0.1904,68.1875,enc,0.0000
1786092023.083151,0.1163,0.0,0.0,0.0000,0.0000,0.1033,0.7476,0.1904,68.1875,enc,0.0000
1786092023.183031,0.0999,0.0,0.0,0.0000,0.0000,0.1033,0.7476,0.1904,68.1875,enc,0.0000
1786092023.279788,0.0968,0.0,0.0,0.0000,0.0000,0.1033,0.7476,0.1904,68.1875,enc,0.0000
1786092023.378041,0.0983,0.0,0.0,0.0000,0.0000,0.1033,0.7476,0.1904,68.1875,enc,0.0000
1786092023.486990,0.1089,0.0,0.0,0.0000,0.0000,0.1033,0.7476,0.1904,68.1875,enc,0.0000
1786092023.586241,0.0993,0.0,0.0,0.0000,0.0000,0.1033,0.7476,0.1904,68.1875,enc,0.0000
1786092023.688859,0.1026,0.0,0.0,0.0000,0.0000,0.1033,0.7476,0.1904,68.1875,enc,0.0000
1786092023.798016,0.1092,0.0,0.0,0.0000,0.0000,0.1033,0.7476,0.1904,68.1875,enc,0.0000
1786092023.896963,0.0989,0.0,0.0,0.0000,0.0000,0.1033,0.7476,0.1904,68.1875,enc,0.0000
1786092024.003436,0.1065,0.0,0.0,0.0000,0.0000,0.1033,0.7476,0.1904,68.1875,enc,0.0000
1786092024.108015,0.1046,0.0,0.0,0.0000,0.0000,0.1033,0.7476,0.1904,68.1875,enc,0.0000
1786092024.209519,0.1015,0.0,0.0,0.0000,0.0000,0.1033,0.7476,0.1904,68.1875,enc,0.0000
1786092024.313421,0.1039,0.0,0.0,0.0000,0.0000,0.1033,0.7476,0.1904,68.1875,enc,0.0000
1786092024.418947,0.1055,0.0,0.0,0.0000,0.0000,0.1033,0.7476,0.1904,68.1875,enc,0.0000
1786092024.524913,0.1060,0.0,0.0,0.0000,0.0000,0.1033,0.7476,0.1904,68.1875,enc,0.0000
1786092024.626210,0.1013,0.0,0.0,0.0000,0.0000,0.1033,0.7476,0.1904,68.1875,enc,0.0000
1786092024.727134,0.1009,0.0,0.0,0.0000,0.0000,0.1033,0.7476,0.1904,68.1875,enc,0.0000
1786092024.834884,0.1078,0.0,0.0,0.0000,0.0000,0.1033,0.7476,0.1904,68.1875,enc,0.0000
1786092024.937054,0.1022,0.0,0.0,0.0000,0.0000,0.1033,0.7476,0.1904,68.1875,enc,0.0000
1786092025.040648,0.1036,0.0,0.0,0.0000,0.0000,0.1033,0.7476,0.1904,68.1875,enc,0.0000
1786092025.147998,0.1073,0.0,0.0,0.0000,0.0000,0.1033,0.7476,0.1904,68.1875,enc,0.0000
1786092025.250506,0.1025,0.0,0.0,0.0000,0.0000,0.1033,0.7476,0.1904,68.1875,enc,0.0000
1786092025.352048,0.1015,0.0,0.0,0.0000,0.0000,0.1033,0.7476,0.1904,68.1875,enc,0.0000
1786092025.457455,0.1054,0.0,0.0,0.0000,0.0000,0.1033,0.7476,0.1904,68.1875,enc,0.0000
1786092025.561291,0.1038,0.0,0.0,0.0000,0.0000,0.1033,0.7476,0.1904,68.1875,enc,0.0000
1786092025.661831,0.1005,0.0,0.0,0.0000,0.0000,0.1033,0.7476,0.1904,68.1875,enc,0.0000
1786092025.769843,0.1080,0.0,0.0,0.0000,0.0000,0.1033,0.7476,0.1904,68.1875,enc,0.0000
1786092025.874029,0.1042,0.0,0.0,0.0000,0.0000,0.1033,0.7476,0.1904,68.1875,enc,0.0000
1786092025.976576,0.1025,0.0,0.0,0.0000,0.0000,0.1033,0.7476,0.1904,68.1875,enc,0.0000
1786092026.076506,0.0999,0.0,0.0,0.0000,0.0000,0.1033,0.7476,0.1904,68.1875,enc,0.0000
1786092026.183522,0.1070,0.0,0.0,0.0000,0.0000,0.1033,0.7476,0.1904,68.1875,enc,0.0000
1786092026.283825,0.1003,0.0,0.0,0.0000,0.0000,0.1033,0.7476,0.1904,68.1875,enc,0.0000
1786092026.387560,0.1037,0.0,0.0,0.0000,0.0000,0.1033,0.7476,0.1904,68.1875,enc,0.0000
1786092026.498959,0.1114,0.0,0.0,0.0000,0.0000,0.1033,0.7476,0.1904,68.1875,enc,0.0000
1786092026.595223,0.0963,0.0,0.0,0.0000,0.0000,0.1033,0.7476,0.1904,68.1875,enc,0.0000
1786092026.698247,0.1030,0.0,0.0,0.0000,0.0000,0.1033,0.7476,0.1904,68.1875,enc,0.0000
1786092026.893806,0.1956,0.0,0.0,0.0000,0.0000,0.1033,0.7476,0.1904,68.1875,enc,0.0000
1786092026.955975,0.0622,0.0,0.0,0.0000,0.0000,0.1033,0.7476,0.1904,68.1875,enc,0.0000
1786092027.009637,0.0537,0.0,0.0,0.0000,0.0000,0.1033,0.7476,0.1904,68.1875,enc,0.0000
1786092027.115184,0.1055,0.0,0.0,0.0000,0.0000,0.1033,0.7476,0.1904,68.1875,enc,0.0000
1786092027.219919,0.1047,0.0,0.0,0.0000,0.0000,0.1033,0.7476,0.1904,68.1875,enc,0.0000
1786092027.322994,0.1031,0.0,0.0,0.0000,0.0000,0.1033,0.7476,0.1904,68.1875,enc,0.0000
1786092027.437081,0.1141,0.0,0.0,0.0000,0.0000,0.1033,0.7476,0.1904,68.1875,enc,0.0000
1786092027.536015,0.0989,0.0,0.0,0.0000,0.0000,0.1033,0.7476,0.1904,68.1875,enc,0.0000
1786092027.634593,0.0986,0.0,0.0,0.0000,0.0000,0.1033,0.7476,0.1904,68.1875,enc,0.0000
1786092027.738639,0.1040,0.0,0.0,0.0000,0.0000,0.1033,0.7476,0.1904,68.1875,enc,0.0000
1786092027.841842,0.1032,0.0,0.0,0.0000,0.0000,0.1033,0.7476,0.1904,68.1875,enc,0.0000
1786092027.943746,0.1019,0.0,0.0,0.0000,0.0000,0.1033,0.7476,0.1904,68.1875,enc,0.0000
1786092028.046891,0.1031,0.0,0.0,0.0000,0.0000,0.1033,0.7476,0.1904,68.1875,enc,0.0000
1786092028.156007,0.1091,0.0,0.0,0.0000,0.0000,0.1033,0.7476,0.1904,68.1875,enc,0.0000
1786092028.254273,0.0983,0.0,0.0,0.0000,0.0000,0.1033,0.7476,0.1904,68.1875,enc,0.0000
1786092028.357575,0.1033,0.0,0.0,0.0000,0.0000,0.1033,0.7476,0.1904,68.1875,enc,0.0000
1786092028.465986,0.1084,0.0,0.0,0.0000,0.0000,0.1033,0.7476,0.1904,68.1875,enc,0.0000
1786092028.566546,0.1006,0.0,0.0,0.0000,0.0000,0.1033,0.7476,0.1904,68.1875,enc,0.0000
1786092028.670771,0.1042,0.0,0.0,0.0000,0.0000,0.1033,0.7476,0.1904,68.1875,enc,0.0000
1786092028.776986,0.1062,0.0,0.0,0.0000,0.0000,0.1033,0.7476,0.1904,68.1875,enc,0.0000
1786092028.878930,0.1019,0.0,0.0,0.0000,0.0000,0.1033,0.7476,0.1904,68.1875,enc,0.0000
1786092028.982967,0.1040,0.0,0.0,0.0000,0.0000,0.1033,0.7476,0.1904,68.1875,enc,0.0000
1786092029.083920,0.1010,0.0,0.0,0.0000,0.0000,0.1033,0.7476,0.1904,68.1875,enc,0.0000
1786092029.192138,0.1082,0.0,0.0,0.0000,0.0000,0.1033,0.7476,0.1904,68.1875,enc,0.0000
1786092029.293522,0.1014,0.0,0.0,0.0000,0.0000,0.1033,0.7476,0.1904,68.1875,enc,0.0000
1786092029.396171,0.1026,0.0,0.0,0.0000,0.0000,0.1033,0.7476,0.1904,68.1875,enc,0.0000
1786092029.505935,0.1098,0.0,0.0,0.0000,0.0000,0.1033,0.7476,0.1904,68.1875,enc,0.0000
1786092029.608666,0.1027,0.0,0.0,0.0000,0.0000,0.1033,0.7476,0.1904,68.1875,enc,0.0000
1786092029.708490,0.0998,0.0,0.0,0.0000,0.0000,0.1033,0.7476,0.1904,68.1875,enc,0.0000
1786092029.816889,0.1084,0.0,0.0,0.0000,0.0000,0.1033,0.7476,0.1904,68.1875,enc,0.0000
1786092029.918737,0.1018,0.0,0.0,0.0000,0.0000,0.1033,0.7476,0.1904,68.1875,enc,0.0000
1786092030.019583,0.1008,0.0,0.0,0.0000,0.0000,0.1033,0.7476,0.1904,68.1875,enc,0.0000
1786092030.256524,0.2369,0.0,0.0,0.0000,0.0000,0.1033,0.7476,0.1904,68.1875,enc,0.0000
1786092030.256574,0.0001,0.0,0.0,0.0000,0.0000,0.1033,0.7476,0.1904,68.1875,enc,0.0000
1786092030.332392,0.0758,0.0,0.0,0.0000,0.0000,0.1033,0.7476,0.1904,68.1875,enc,0.0000
1786092030.508072,0.1757,0.0,0.0,0.0000,0.0000,0.1033,0.7476,0.1904,68.1875,enc,0.0000
1786092030.537023,0.0290,0.0,0.0,0.0000,0.0000,0.1033,0.7476,0.1904,68.1875,enc,0.0000
1786092030.756888,0.2199,0.0,0.0,0.0000,0.0000,0.1033,0.7476,0.1904,68.1875,enc,0.0000
1786092030.756933,0.0000,0.0,0.0,0.0000,0.0000,0.1033,0.7476,0.1904,68.1875,enc,0.0000
1786092030.851122,0.0942,0.0,0.0,0.0000,0.0000,0.1033,0.7476,0.1904,68.1875,enc,0.0000
1786092030.996993,0.1459,0.0,0.0,0.0000,0.0000,0.1033,0.7476,0.1904,68.1875,enc,0.0000
1786092031.055574,0.0586,0.0,0.0,0.0000,0.0000,0.1033,0.7476,0.1904,68.1875,enc,0.0000
1786092031.242860,0.1873,0.0,0.0,0.0000,0.0000,0.1033,0.7476,0.1904,68.1875,enc,0.0000
1786092031.271223,0.0284,0.0,0.0,0.0000,0.0000,0.1033,0.7476,0.1904,68.1875,enc,0.0000
1786092031.498788,0.2276,0.0,0.0,0.0000,0.0000,0.1033,0.7476,0.1904,68.1875,enc,0.0000
1786092031.498840,0.0001,0.0,0.0,0.0000,0.0000,0.1033,0.7476,0.1904,68.1875,enc,0.0000
1786092031.575494,0.0767,0.0,0.0,0.0000,0.0000,0.1033,0.7476,0.1904,68.1875,enc,0.0000
1786092031.752053,0.1766,0.0,0.0,0.0000,0.0000,0.1033,0.7476,0.1904,68.1875,enc,0.0000
1786092031.781126,0.0291,0.0,0.0,0.0000,0.0000,0.1033,0.7476,0.1904,68.1875,enc,0.0000
1786092032.004460,0.2233,0.0,0.0,0.0000,0.0000,0.1033,0.7476,0.1904,68.1875,enc,0.0000
1786092032.004513,0.0001,0.0,0.0,0.0000,0.0000,0.1033,0.7476,0.1904,68.1875,enc,0.0000
1786092032.092150,0.0876,0.0,0.0,0.0000,0.0000,0.1033,0.7476,0.1904,68.1875,enc,0.0000
1786092032.253583,0.1614,0.0,0.0,0.0000,0.0000,0.1033,0.7476,0.1904,68.1875,enc,0.0000
1786092032.306016,0.0524,0.0,0.0,0.0000,0.0000,0.1033,0.7476,0.1904,68.1875,enc,0.0000
1786092032.503388,0.1974,0.0,0.0,0.0000,0.0000,0.1033,0.7476,0.1904,68.1875,enc,0.0000
1786092032.510994,0.0076,0.0,0.0,0.0000,0.0000,0.1033,0.7476,0.1904,68.1875,enc,0.0000
1786092032.755421,0.2444,0.0,0.0,0.0000,0.0000,0.1033,0.7476,0.1904,68.1875,enc,0.0000
1786092032.756385,0.0010,0.0,0.0,0.0000,0.0000,0.1033,0.7476,0.1904,68.1875,enc,0.0000
1786092032.817223,0.0608,0.0,0.0,0.0000,0.0000,0.1033,0.7476,0.1904,68.1875,enc,0.0000
1786092033.003522,0.1863,0.0,0.0,0.0000,0.0000,0.1033,0.7476,0.1904,68.1875,enc,0.0000
1786092033.027138,0.0236,0.0,0.0,0.0000,0.0000,0.1033,0.7476,0.1904,68.1875,enc,0.0000
1786092033.257000,0.2299,0.0,0.0,0.0000,0.0000,0.1033,0.7476,0.1904,68.1875,enc,0.0000
1786092033.258691,0.0017,0.0,0.0,0.0000,0.0000,0.1033,0.7476,0.1904,68.1875,enc,0.0000
1786092033.339643,0.0810,0.0,0.0,0.0000,0.0000,0.1033,0.7476,0.1904,68.1875,enc,0.0000
1786092033.503916,0.1643,0.0,0.0,0.0000,0.0000,0.1033,0.7476,0.1904,68.1875,enc,0.0000
1786092033.547677,0.0438,0.0,0.0,0.0000,0.0000,0.1033,0.7476,0.1904,68.1875,enc,0.0000
1786092033.753848,0.2062,0.0,0.0,0.0000,0.0000,0.1033,0.7476,0.1904,68.1875,enc,0.0000
1786092033.753901,0.0001,0.0,0.0,0.0000,0.0000,0.1033,0.7476,0.1904,68.1875,enc,0.0000
1786092034.004120,0.2502,0.0,0.0,0.0000,0.0000,0.1033,0.7476,0.1904,68.1875,enc,0.0000
1786092034.004303,0.0002,0.0,0.0,0.0000,0.0000,0.1033,0.7476,0.1904,68.1875,enc,0.0000
1786092034.060961,0.0567,0.0,0.0,0.0000,0.0000,0.1033,0.7476,0.1904,68.1875,enc,0.0000
1786092034.256051,0.1951,0.0,0.0,0.0000,0.0000,0.1033,0.7476,0.1904,68.1875,enc,0.0000
1786092034.270841,0.0148,0.0,0.0,0.0000,0.0000,0.1033,0.7476,0.1904,68.1875,enc,0.0000
1786092034.512972,0.2421,0.0,0.0,0.0000,0.0000,0.1033,0.7476,0.1904,68.1875,enc,0.0000
1786092034.513016,0.0000,0.0,0.0,0.0000,0.0000,0.1033,0.7476,0.1904,68.1875,enc,0.0000
1786092034.580676,0.0677,0.0,0.0,0.0000,0.0000,0.1033,0.7476,0.1904,68.1875,enc,0.0000
1786092034.766768,0.1861,0.0,0.0,0.0000,0.0000,0.1033,0.7476,0.1904,68.1875,enc,0.0000
1786092034.786874,0.0201,0.0,0.0,0.0000,0.0000,0.1033,0.7476,0.1904,68.1875,enc,0.0000
1786092035.022128,0.2353,0.0,0.0,0.0000,0.0000,0.1033,0.7476,0.1904,68.1875,enc,0.0000
1786092035.022180,0.0001,0.0,0.0,0.0000,0.0000,0.1033,0.7476,0.1904,68.1875,enc,0.0000
1786092035.098416,0.0762,0.0,0.0,0.0000,0.0000,0.1033,0.7476,0.1904,68.1875,enc,0.0000
1786092035.204354,0.1059,0.0,0.0,0.0000,0.0000,0.1033,0.7476,0.1904,68.1875,enc,0.0000
1786092035.304563,0.1002,0.0,0.0,0.0000,0.0000,0.1033,0.7476,0.1904,68.1875,enc,0.0000
1786092035.409362,0.1048,0.0,0.0,0.0000,0.0000,0.1033,0.7476,0.1904,68.1875,enc,0.0000
1786092035.520311,0.1109,0.0,0.0,0.0000,0.0000,0.1033,0.7476,0.1904,68.1875,enc,0.0000
1786092035.624237,0.1039,0.0,0.0,0.0000,0.0000,0.1033,0.7476,0.1904,68.1875,enc,0.0000
1786092035.726870,0.1026,0.0,0.0,0.0000,0.0000,0.1033,0.7476,0.1904,68.1875,enc,0.0000
1786092035.833906,0.1070,0.0,0.0,0.0000,0.0000,0.1033,0.7476,0.1904,68.1875,enc,0.0000
1786092035.930586,0.0967,0.0,0.0,0.0000,0.0000,0.1033,0.7476,0.1904,68.1875,enc,0.0000
1786092036.038000,0.1074,0.0,0.0,0.0000,0.0000,0.1033,0.7476,0.1904,68.1875,enc,0.0000
1786092036.140277,0.1023,0.0,0.0,0.0000,0.0000,0.1033,0.7476,0.1904,68.1875,enc,0.0000
1786092036.245025,0.1047,0.0,0.0,0.0000,0.0000,0.1033,0.7476,0.1904,68.1875,enc,0.0000
1786092036.348445,0.1034,0.0,0.0,0.0000,0.0000,0.1033,0.7476,0.1904,68.1875,enc,0.0000
1786092036.451481,0.1030,0.0,0.0,0.0000,0.0000,0.1033,0.7476,0.1904,68.1875,enc,0.0000
1786092036.557045,0.1056,0.0,0.0,0.0000,0.0000,0.1033,0.7476,0.1904,68.1875,enc,0.0000
1786092036.659380,0.1023,0.0,0.0,0.0000,0.0000,0.1033,0.7476,0.1904,68.1875,enc,0.0000
1786092036.760229,0.1008,0.0,0.0,0.0000,0.0000,0.1033,0.7476,0.1904,68.1875,enc,0.0000
1786092036.867036,0.1068,0.0,0.0,0.0000,0.0000,0.1033,0.7476,0.1904,68.1875,enc,0.0000
1786092036.967430,0.1004,0.0,0.0,0.0000,0.0000,0.1033,0.7476,0.1904,68.1875,enc,0.0000
1786092037.073950,0.1065,0.0,0.0,0.0000,0.0000,0.1033,0.7476,0.1904,68.1875,enc,0.0000
1786092037.180029,0.1061,0.0,0.0,0.0000,0.0000,0.1033,0.7476,0.1904,68.1875,enc,0.0000
1786092037.283844,0.1038,0.0,0.0,0.0000,0.0000,0.1033,0.7476,0.1904,68.1875,enc,0.0000
1786092037.387960,0.1041,0.0,0.0,0.0000,0.0000,0.1033,0.7476,0.1904,68.1875,enc,0.0000
1786092037.490942,0.1030,0.0,0.0,0.0000,0.0000,0.1033,0.7476,0.1904,68.1875,enc,0.0000
1786092037.599015,0.1081,0.0,0.0,0.0000,0.0000,0.1033,0.7476,0.1904,68.1875,enc,0.0000
1786092037.698712,0.0997,0.0,0.0,0.0000,0.0000,0.1033,0.7476,0.1904,68.1875,enc,0.0000
1786092037.800698,0.1020,0.0,0.0,0.0000,0.0000,0.1033,0.7476,0.1904,68.1875,enc,0.0000
1786092037.909031,0.1083,0.0,0.0,0.0000,0.0000,0.1033,0.7476,0.1904,68.1875,enc,0.0000
1786092038.010442,0.1014,0.0,0.0,0.0000,0.0000,0.1033,0.7476,0.1904,68.1875,enc,0.0000
1786092038.116464,0.1060,0.0,0.0,0.0000,0.0000,0.1033,0.7476,0.1904,68.1875,enc,0.0000
1786092038.220885,0.1044,0.0,0.0,0.0000,0.0000,0.1033,0.7476,0.1904,68.1875,enc,0.0000
1786092038.325437,0.1046,0.0,0.0,0.0000,0.0000,0.1033,0.7476,0.1904,68.1875,enc,0.0000
1786092038.426049,0.1006,0.0,0.0,0.0000,0.0000,0.1033,0.7476,0.1904,68.1875,enc,0.0000
1786092038.534975,0.1089,0.0,0.0,0.0000,0.0000,0.1033,0.7476,0.1904,68.1875,enc,0.0000
1786092038.648173,0.1132,0.0,0.0,0.0000,0.0000,0.1033,0.7476,0.1904,68.1875,enc,0.0000
1786092038.761383,0.1132,0.0,0.0,0.0000,0.0000,0.1033,0.7476,0.1904,68.1875,enc,0.0000
1786092038.843430,0.0820,0.0,0.0,0.0000,0.0000,0.1033,0.7476,0.1904,68.1875,enc,0.0000
1786092038.953714,0.1103,0.0,0.0,0.0000,0.0000,0.1033,0.7476,0.1904,68.1875,enc,0.0000
1786092039.049940,0.0962,0.0,0.0,0.0000,0.0000,0.1033,0.7476,0.1904,68.1875,enc,0.0000
1786092039.153605,0.1037,0.0,0.0,0.0000,0.0000,0.1033,0.7476,0.1904,68.1875,enc,0.0000
1786092039.258880,0.1053,0.0,0.0,0.0000,0.0000,0.1033,0.7476,0.1904,68.1875,enc,0.0000
1786092039.362315,0.1034,0.0,0.0,0.0000,0.0000,0.1033,0.7476,0.1904,68.1875,enc,0.0000
1786092039.461601,0.0993,0.0,0.0,0.0000,0.0000,0.1033,0.7476,0.1904,68.1875,enc,0.0000
1786092039.569908,0.1083,0.0,0.0,0.0000,0.0000,0.1033,0.7476,0.1904,68.1875,enc,0.0000
1786092039.668627,0.0987,0.0,0.0,0.0000,0.0000,0.1033,0.7476,0.1904,68.1875,enc,0.0000
1786092039.772750,0.1041,0.0,0.0,0.0000,0.0000,0.1033,0.7476,0.1904,68.1875,enc,0.0000
1786092039.886007,0.1133,0.0,0.0,0.0000,0.0000,0.1033,0.7476,0.1904,68.1875,enc,0.0000
1786092039.987952,0.1019,0.0,0.0,0.0000,0.0000,0.1033,0.7476,0.1904,68.1875,enc,0.0000
1786092040.092392,0.1044,0.0,0.0,0.0000,0.0000,0.1033,0.7476,0.1904,68.1875,enc,0.0000
1786092040.202232,0.1098,0.0,0.0,0.0000,0.0000,0.1033,0.7476,0.1904,68.1875,enc,0.0000
1786092040.301614,0.0994,0.0,0.0,0.0000,0.0000,0.1033,0.7476,0.1904,68.1875,enc,0.0000
1786092040.398244,0.0966,0.0,0.0,0.0000,0.0000,0.1033,0.7476,0.1904,68.1875,enc,0.0000
1786092040.501964,0.1037,0.0,0.0,0.0000,0.0000,0.1033,0.7476,0.1904,68.1875,enc,0.0000
1786092040.607068,0.1051,0.0,0.0,0.0000,0.0000,0.1033,0.7476,0.1904,68.1875,enc,0.0000
1786092040.715972,0.1089,0.0,0.0,0.0000,0.0000,0.1033,0.7476,0.1904,68.1875,enc,0.0000
1786092040.816515,0.1005,0.0,0.0,0.0000,0.0000,0.1033,0.7476,0.1904,68.1875,enc,0.0000
1786092040.918022,0.1015,0.0,0.0,0.0000,0.0000,0.1033,0.7476,0.1904,68.1875,enc,0.0000
1786092041.020652,0.1026,0.0,0.0,0.0000,0.0000,0.1033,0.7476,0.1904,68.1875,enc,0.0000
1786092041.142139,0.1215,0.0,0.0,0.0000,0.0000,0.1033,0.7476,0.1904,68.1875,enc,0.0000
1786092041.241090,0.0990,0.0,0.0,0.0000,0.0000,0.1033,0.7476,0.1904,68.1875,enc,0.0000
1786092041.343016,0.1019,0.0,0.0,0.0000,0.0000,0.1033,0.7476,0.1904,68.1875,enc,0.0000
1786092041.431973,0.0890,0.0,0.0,0.0000,0.0000,0.1033,0.7476,0.1904,68.1875,enc,0.0000
1786092041.537991,0.1060,0.0,0.0,0.0000,0.0000,0.1033,0.7476,0.1904,68.1875,enc,0.0000
1786092041.653387,0.1154,0.0,0.0,0.0000,0.0000,0.1033,0.7476,0.1904,68.1875,enc,0.0000
1786092041.745410,0.0920,0.0,0.0,0.0000,0.0000,0.1033,0.7476,0.1904,68.1875,enc,0.0000
1786092041.850820,0.1054,0.0,0.0,0.0000,0.0000,0.1033,0.7476,0.1904,68.1875,enc,0.0000
1786092041.957054,0.1062,0.0,0.0,0.0000,0.0000,0.1033,0.7476,0.1904,68.1875,enc,0.0000
1786092042.068618,0.1116,0.0,0.0,0.0000,0.0000,0.1033,0.7476,0.1904,68.1875,enc,0.0000
1786092042.159609,0.0910,0.0,0.0,0.0000,0.0000,0.1033,0.7476,0.1904,68.1875,enc,0.0000
1786092042.261082,0.1015,0.0,0.0,0.0000,0.0000,0.1033,0.7476,0.1904,68.1875,enc,0.0000
1786092042.371234,0.1102,0.0,0.0,0.0000,0.0000,0.1033,0.7476,0.1904,68.1875,enc,0.0000
1786092042.468034,0.0968,0.0,0.0,0.0000,0.0000,0.1033,0.7476,0.1904,68.1875,enc,0.0000
1786092042.575226,0.1072,0.0,0.0,0.0000,0.0000,0.1033,0.7476,0.1904,68.1875,enc,0.0000
1786092042.683324,0.1081,0.0,0.0,0.0000,0.0000,0.1033,0.7476,0.1904,68.1875,enc,0.0000
1786092042.779562,0.0962,0.0,0.0,0.0000,0.0000,0.1033,0.7476,0.1904,68.1875,enc,0.0000
1786092042.893029,0.1135,0.0,0.0,0.0000,0.0000,0.1033,0.7476,0.1904,68.1875,enc,0.0000
1786092042.987926,0.0949,0.0,0.0,0.0000,0.0000,0.1033,0.7476,0.1904,68.1875,enc,0.0000
1786092043.093252,0.1053,0.0,0.0,0.0000,0.0000,0.1033,0.7476,0.1904,68.1875,enc,0.0000
1786092043.202033,0.1088,0.0,0.0,0.0000,0.0000,0.1033,0.7476,0.1904,68.1875,enc,0.0000
1786092043.301129,0.0991,0.0,0.0,0.0000,0.0000,0.1033,0.7476,0.1904,68.1875,enc,0.0000
1786092043.405832,0.1047,0.0,0.0,0.0000,0.0000,0.1033,0.7476,0.1904,68.1875,enc,0.0000
1786092043.511098,0.1053,0.0,0.0,0.0000,0.0000,0.1033,0.7476,0.1904,68.1875,enc,0.0000
1786092043.613210,0.1021,0.0,0.0,0.0000,0.0000,0.1033,0.7476,0.1904,68.1875,enc,0.0000
1786092043.723217,0.1100,0.0,0.0,0.0000,0.0000,0.1033,0.7476,0.1904,68.1875,enc,0.0000
1786092043.815958,0.0927,0.0,0.0,0.0000,0.0000,0.1033,0.7476,0.1904,68.1875,enc,0.0000
1786092043.923008,0.1070,0.0,0.0,0.0000,0.0000,0.1033,0.7476,0.1904,68.1875,enc,0.0000
1786092044.023938,0.1009,0.0,0.0,0.0000,0.0000,0.1033,0.7476,0.1904,68.1875,enc,0.0000
1786092044.127511,0.1036,0.0,0.0,0.0000,0.0000,0.1033,0.7476,0.1904,68.1875,enc,0.0000
1786092044.236012,0.1085,0.0,0.0,0.0000,0.0000,0.1033,0.7476,0.1904,68.1875,enc,0.0000
1786092044.336587,0.1006,0.0,0.0,0.0000,0.0000,0.1033,0.7476,0.1904,68.1875,enc,0.0000
1786092044.441988,0.1054,0.0,0.0,0.0000,0.0000,0.1033,0.7476,0.1904,68.1875,enc,0.0000
1786092044.546911,0.1049,0.0,0.0,0.0000,0.0000,0.1033,0.7476,0.1904,68.1875,enc,0.0000
1786092044.646183,0.0993,0.0,0.0,0.0000,0.0000,0.1033,0.7476,0.1904,68.1875,enc,0.0000
1786092044.752562,0.1064,0.0,0.0,0.0000,0.0000,0.1033,0.7476,0.1904,68.1875,enc,0.0000
1786092044.856896,0.1043,0.0,0.0,0.0000,0.0000,0.1033,0.7476,0.1904,68.1875,enc,0.0000
1786092044.962009,0.1051,0.0,0.0,0.0000,0.0000,0.1033,0.7476,0.1904,68.1875,enc,0.0000
1786092045.062291,0.1003,0.0,0.0,0.0000,0.0000,0.1033,0.7476,0.1904,68.1875,enc,0.0000
1786092045.267495,0.2052,0.0,0.0,0.0000,0.0000,0.1033,0.7476,0.1904,68.1875,enc,0.0000
1786092045.270589,0.0031,0.0,0.0,0.0000,0.0000,0.1033,0.7476,0.1904,68.1875,enc,0.0000
1786092045.516919,0.2463,0.0,0.0,0.0000,0.0000,0.1033,0.7476,0.1904,68.1875,enc,0.0000
1786092045.516965,0.0000,0.0,0.0,0.0000,0.0000,0.1033,0.7476,0.1904,68.1875,enc,0.0000
1786092045.580477,0.0635,0.0,0.0,0.0000,0.0000,0.1033,0.7476,0.1904,68.1875,enc,0.0000
1786092045.748612,0.1681,0.0,0.0,0.0000,0.0000,0.1033,0.7476,0.1904,68.1875,enc,0.0000
1786092045.785308,0.0367,0.0,0.0,0.0000,0.0000,0.1033,0.7476,0.1904,68.1875,enc,0.0000
1786092045.992236,0.2069,0.0,0.0,0.0000,0.0000,0.1033,0.7476,0.1904,68.1875,enc,0.0000
1786092045.996059,0.0038,0.0,0.0,0.0000,0.0000,0.1033,0.7476,0.1904,68.1875,enc,0.0000
1786092046.246660,0.2506,0.0,0.0,0.0000,0.0000,0.1033,0.7476,0.1904,68.1875,enc,0.0000
1786092046.247606,0.0009,0.0,0.0,0.0000,0.0000,0.1033,0.7476,0.1904,68.1875,enc,0.0000
1786092046.302911,0.0553,0.0,0.0,0.0000,0.0000,0.1033,0.7476,0.1904,68.1875,enc,0.0000
1786092046.503480,0.2006,0.0,0.0,0.0000,0.0000,0.1033,0.7476,0.1904,68.1875,enc,0.0000
1786092046.509596,0.0061,0.0,0.0,0.0000,0.0000,0.1033,0.7476,0.1904,68.1875,enc,0.0000
1786092046.753893,0.2443,0.0,0.0,0.0000,0.0000,0.1033,0.7476,0.1904,68.1875,enc,0.0000
1786092046.753940,0.0000,0.0,0.0,0.0000,0.0000,0.1033,0.7476,0.1904,68.1875,enc,0.0000
1786092046.822248,0.0683,0.0,0.0,0.0000,0.0000,0.1033,0.7476,0.1904,68.1875,enc,0.0000
1786092047.006170,0.1839,0.0,0.0,0.0000,0.0000,0.1033,0.7476,0.1904,68.1875,enc,0.0000
1786092047.032136,0.0260,0.0,0.0,0.0000,0.0000,0.1033,0.7476,0.1904,68.1875,enc,0.0000
1786092047.255491,0.2234,0.0,0.0,0.0000,0.0000,0.1033,0.7476,0.1904,68.1875,enc,0.0000
1786092047.256801,0.0013,0.0,0.0,0.0000,0.0000,0.1033,0.7476,0.1904,68.1875,enc,0.0000
1786092047.339816,0.0830,0.0,0.0,0.0000,0.0000,0.1033,0.7476,0.1904,68.1875,enc,0.0000
1786092047.506160,0.1663,0.0,0.0,0.0000,0.0000,0.1033,0.7476,0.1904,68.1875,enc,0.0000
1786092047.550520,0.0444,0.0,0.0,0.0000,0.0000,0.1033,0.7476,0.1904,68.1875,enc,0.0000
1786092047.756377,0.2059,0.0,0.0,0.0000,0.0000,0.1033,0.7476,0.1904,68.1875,enc,0.0000
1786092047.756842,0.0005,0.0,0.0,0.0000,0.0000,0.1033,0.7476,0.1904,68.1875,enc,0.0000
1786092048.005952,0.2491,0.0,0.0,0.0000,0.0000,0.1033,0.7476,0.1904,68.1875,enc,0.0000
1786092048.006010,0.0001,0.0,0.0,0.0000,0.0000,0.1033,0.7476,0.1904,68.1875,enc,0.0000
1786092048.075598,0.0696,0.0,0.0,0.0000,0.0000,0.1033,0.7476,0.1904,68.1875,enc,0.0000
1786092048.258645,0.1830,0.0,0.0,0.0000,0.0000,0.1033,0.7476,0.1904,68.1875,enc,0.0000
1786092048.274045,0.0154,0.0,0.0,0.0000,0.0000,0.1033,0.7476,0.1904,68.1875,enc,0.0000
1786092048.513970,0.2399,0.0,0.0,0.0000,0.0000,0.1033,0.7476,0.1904,68.1875,enc,0.0000
1786092048.514022,0.0001,0.0,0.0,0.0000,0.0000,0.1033,0.7476,0.1904,68.1875,enc,0.0000
1786092048.588192,0.0742,0.0,0.0,0.0000,0.0000,0.1033,0.7476,0.1904,68.1875,enc,0.0000
1786092048.760996,0.1728,0.0,0.0,0.0000,0.0000,0.1033,0.7476,0.1904,68.1875,enc,0.0000
1786092048.793621,0.0326,0.0,0.0,0.0000,0.0000,0.1033,0.7476,0.1904,68.1875,enc,0.0000
1786092049.012121,0.2185,0.0,0.0,0.0000,0.0000,0.1033,0.7476,0.1904,68.1875,enc,0.0000
1786092049.012177,0.0001,0.0,0.0,0.0000,0.0000,0.1033,0.7476,0.1904,68.1875,enc,0.0000
1786092049.104241,0.0921,0.0,0.0,0.0000,0.0000,0.1033,0.7476,0.1904,68.1875,enc,0.0000
1786092049.262150,0.1579,0.0,0.0,0.0000,0.0000,0.1033,0.7476,0.1904,68.1875,enc,0.0000
1786092049.313750,0.0516,0.0,0.0,0.0000,0.0000,0.1033,0.7476,0.1904,68.1875,enc,0.0000
1786092049.516645,0.2029,0.0,0.0,0.0000,0.0000,0.1033,0.7476,0.1904,68.1875,enc,0.0000
1786092049.519210,0.0026,0.0,0.0,0.0000,0.0000,0.1033,0.7476,0.1904,68.1875,enc,0.0000
1786092049.771488,0.2523,0.0,0.0,0.0000,0.0000,0.1033,0.7476,0.1904,68.1875,enc,0.0000
1786092049.773473,0.0020,0.0,0.0,0.0000,0.0000,0.1033,0.7476,0.1904,68.1875,enc,0.0000
1786092049.828026,0.0546,0.0,0.0,0.0000,0.0000,0.1033,0.7476,0.1904,68.1875,enc,0.0000
1786092050.024794,0.1968,0.0,0.0,0.0000,0.0000,0.1033,0.7476,0.1904,68.1875,enc,0.0000
1786092050.034431,0.0096,0.0,0.0,0.0000,0.0000,0.1033,0.7476,0.1904,68.1875,enc,0.0000
1786092050.142019,0.1076,0.0,0.0,0.0000,0.0000,0.1033,0.7476,0.1904,68.1875,enc,0.0000
1786092050.244554,0.1025,0.0,0.0,0.0000,0.0000,0.1033,0.7476,0.1904,68.1875,enc,0.0000
1786092050.345994,0.1014,0.0,0.0,0.0000,0.0000,0.1033,0.7476,0.1904,68.1875,enc,0.0000
1786092050.452675,0.1067,0.0,0.0,0.0000,0.0000,0.1033,0.7476,0.1904,68.1875,enc,0.0000
1786092050.557821,0.1051,0.0,0.0,0.0000,0.0000,0.1033,0.7476,0.1904,68.1875,enc,0.0000
1786092050.679373,0.1216,0.0,0.0,0.0000,0.0000,0.1033,0.7476,0.1904,68.1875,enc,0.0000
1786092050.767022,0.0876,0.0,0.0,0.0000,0.0000,0.1033,0.7476,0.1904,68.1875,enc,0.0000
1786092050.871359,0.1043,0.0,0.0,0.0000,0.0000,0.1033,0.7476,0.1904,68.1875,enc,0.0000
1786092050.972562,0.1012,0.0,0.0,0.0000,0.0000,0.1033,0.7476,0.1904,68.1875,enc,0.0000
1786092051.076642,0.1041,0.0,0.0,0.0000,0.0000,0.1033,0.7476,0.1904,68.1875,enc,0.0000
1786092051.177991,0.1013,0.0,0.0,0.0000,0.0000,0.1033,0.7476,0.1904,68.1875,enc,0.0000
1786092051.284887,0.1069,0.0,0.0,0.0000,0.0000,0.1033,0.7476,0.1904,68.1875,enc,0.0000
1786092051.386323,0.1014,0.0,0.0,0.0000,0.0000,0.1033,0.7476,0.1904,68.1875,enc,0.0000
1786092051.489076,0.1028,0.0,0.0,0.0000,0.0000,0.1033,0.7476,0.1904,68.1875,enc,0.0000
1786092051.602055,0.1130,0.0,0.0,0.0000,0.0000,0.1033,0.7476,0.1904,68.1875,enc,0.0000
1786092051.693422,0.0914,0.0,0.0,0.0000,0.0000,0.1033,0.7476,0.1904,68.1875,enc,0.0000
1786092051.801712,0.1083,0.0,0.0,0.0000,0.0000,0.1033,0.7476,0.1904,68.1875,enc,0.0000
1786092051.907847,0.1061,0.0,0.0,0.0000,0.0000,0.1033,0.7476,0.1904,68.1875,enc,0.0000
1786092052.011384,0.1035,0.0,0.0,0.0000,0.0000,0.1033,0.7476,0.1904,68.1875,enc,0.0000
1786092052.110133,0.0987,0.0,0.0,0.0000,0.0000,0.1033,0.7476,0.1904,68.1875,enc,0.0000
1786092052.217017,0.1069,0.0,0.0,0.0000,0.0000,0.1033,0.7476,0.1904,68.1875,enc,0.0000
1786092052.318540,0.1015,0.0,0.0,0.0000,0.0000,0.1033,0.7476,0.1904,68.1875,enc,0.0000
1786092052.422742,0.1042,0.0,0.0,0.0000,0.0000,0.1033,0.7476,0.1904,68.1875,enc,0.0000
1786092052.527973,0.1052,0.0,0.0,0.0000,0.0000,0.1033,0.7476,0.1904,68.1875,enc,0.0000
1786092052.633932,0.1060,0.0,0.0,0.0000,0.0000,0.1033,0.7476,0.1904,68.1875,enc,0.0000
1786092052.734992,0.1011,0.0,0.0,0.0000,0.0000,0.1033,0.7476,0.1904,68.1875,enc,0.0000
1786092052.837853,0.1029,0.0,0.0,0.0000,0.0000,0.1033,0.7476,0.1904,68.1875,enc,0.0000
1786092052.945408,0.1076,0.0,0.0,0.0000,0.0000,0.1033,0.7476,0.1904,68.1875,enc,0.0000
1786092053.043797,0.0984,0.0,0.0,0.0000,0.0000,0.1033,0.7476,0.1904,68.1875,enc,0.0000
1786092053.150977,0.1072,0.0,0.0,0.0000,0.0000,0.1033,0.7476,0.1904,68.1875,enc,0.0000
1786092053.256965,0.1060,0.0,0.0,0.0000,0.0000,0.1033,0.7476,0.1904,68.1875,enc,0.0000
1786092053.356248,0.0993,0.0,0.0,0.0000,0.0000,0.1033,0.7476,0.1904,68.1875,enc,0.0000
1786092053.467408,0.1112,0.0,0.0,0.0000,0.0000,0.1033,0.7476,0.1904,68.1875,enc,0.0000
1786092053.569845,0.1024,0.0,0.0,0.0000,0.0000,0.1033,0.7476,0.1904,68.1875,enc,0.0000
1786092053.670445,0.1006,0.0,0.0,0.0000,0.0000,0.1033,0.7476,0.1904,68.1875,enc,0.0000
1786092053.772350,0.1019,0.0,0.0,0.0000,0.0000,0.1033,0.7476,0.1904,68.1875,enc,0.0000
1786092053.875968,0.1036,0.0,0.0,0.0000,0.0000,0.1033,0.7476,0.1904,68.1875,enc,0.0000
1786092053.982527,0.1066,0.0,0.0,0.0000,0.0000,0.1033,0.7476,0.1904,68.1875,enc,0.0000
1786092054.084846,0.1023,0.0,0.0,0.0000,0.0000,0.1033,0.7476,0.1904,68.1875,enc,0.0000
1786092054.184903,0.1001,0.0,0.0,0.0000,0.0000,0.1033,0.7476,0.1904,68.1875,enc,0.0000
1786092054.293039,0.1081,0.0,0.0,0.0000,0.0000,0.1033,0.7476,0.1904,68.1875,enc,0.0000
1786092054.392018,0.0990,0.0,0.0,0.0000,0.0000,0.1033,0.7476,0.1904,68.1875,enc,0.0000
1786092054.494874,0.1029,0.0,0.0,0.0000,0.0000,0.1033,0.7476,0.1904,68.1875,enc,0.0000
1786092054.603976,0.1091,0.0,0.0,0.0000,0.0000,0.1033,0.7476,0.1904,68.1875,enc,0.0000
1786092054.702176,0.0982,0.0,0.0,0.0000,0.0000,0.1033,0.7476,0.1904,68.1875,enc,0.0000
1786092054.805451,0.1033,0.0,0.0,0.0000,0.0000,0.1033,0.7476,0.1904,68.1875,enc,0.0000
1786092054.915018,0.1096,0.0,0.0,0.0000,0.0000,0.1033,0.7476,0.1904,68.1875,enc,0.0000
1786092055.016741,0.1017,0.0,0.0,0.0000,0.0000,0.1033,0.7476,0.1904,68.1875,enc,0.0000
1786092055.149438,0.1327,0.0,0.0,0.0000,0.0000,0.1033,0.7476,0.1904,68.1875,enc,0.0000
1786092055.224731,0.0753,0.0,0.0,0.0000,0.0000,0.1033,0.7476,0.1904,68.1875,enc,0.0000
1786092055.327652,0.1029,0.0,0.0,0.0000,0.0000,0.1033,0.7476,0.1904,68.1875,enc,0.0000
1786092055.430911,0.1033,0.0,0.0,0.0000,0.0000,0.1033,0.7476,0.1904,68.1875,enc,0.0000
1786092055.536207,0.1053,0.0,0.0,0.0000,0.0000,0.1033,0.7476,0.1904,68.1875,enc,0.0000
1786092055.639208,0.1030,0.0,0.0,0.0000,0.0000,0.1033,0.7476,0.1904,68.1875,enc,0.0000
1786092055.742983,0.1038,0.0,0.0,0.0000,0.0000,0.1033,0.7476,0.1904,68.1875,enc,0.0000
1786092055.843064,0.1001,0.0,0.0,0.0000,0.0000,0.1033,0.7476,0.1904,68.1875,enc,0.0000
1786092055.950982,0.1079,0.0,0.0,0.0000,0.0000,0.1033,0.7476,0.1904,68.1875,enc,0.0000
1786092056.052119,0.1011,0.0,0.0,0.0000,0.0000,0.1033,0.7476,0.1904,68.1875,enc,0.0000
1786092056.153968,0.1018,0.0,0.0,0.0000,0.0000,0.1033,0.7476,0.1904,68.1875,enc,0.0000
1786092056.261981,0.1080,0.0,0.0,0.0000,0.0000,0.1033,0.7476,0.1904,68.1875,enc,0.0000
1786092056.363232,0.1013,0.0,0.0,0.0000,0.0000,0.1033,0.7476,0.1904,68.1875,enc,0.0000
1786092056.464468,0.1012,0.0,0.0,0.0000,0.0000,0.1033,0.7476,0.1904,68.1875,enc,0.0000
1786092056.575978,0.1115,0.0,0.0,0.0000,0.0000,0.1033,0.7476,0.1904,68.1875,enc,0.0000
1786092056.675730,0.0998,0.0,0.0,0.0000,0.0000,0.1033,0.7476,0.1904,68.1875,enc,0.0000
1786092056.780914,0.1052,0.0,0.0,0.0000,0.0000,0.1033,0.7476,0.1904,68.1875,enc,0.0000
1786092056.884786,0.1039,0.0,0.0,0.0000,0.0000,0.1033,0.7476,0.1904,68.1875,enc,0.0000
1786092056.986583,0.1018,0.0,0.0,0.0000,0.0000,0.1033,0.7476,0.1904,68.1875,enc,0.0000
1786092057.089084,0.1025,0.0,0.0,0.0000,0.0000,0.1033,0.7476,0.1904,68.1875,enc,0.0000
1786092057.197903,0.1088,0.0,0.0,0.0000,0.0000,0.1033,0.7476,0.1904,68.1875,enc,0.0000
1786092057.299010,0.1011,0.0,0.0,0.0000,0.0000,0.1033,0.7476,0.1904,68.1875,enc,0.0000
1786092057.399431,0.1004,0.0,0.0,0.0000,0.0000,0.1033,0.7476,0.1904,68.1875,enc,0.0000
1786092057.501946,0.1025,0.0,0.0,0.0000,0.0000,0.1033,0.7476,0.1904,68.1875,enc,0.0000
1786092057.610070,0.1081,0.0,0.0,0.0000,0.0000,0.1033,0.7476,0.1904,68.1875,enc,0.0000
1786092057.709565,0.0995,0.0,0.0,0.0000,0.0000,0.1033,0.7476,0.1904,68.1875,enc,0.0000
1786092057.811660,0.1021,0.0,0.0,0.0000,0.0000,0.1033,0.7476,0.1904,68.1875,enc,0.0000
1786092057.920176,0.1085,0.0,0.0,0.0000,0.0000,0.1033,0.7476,0.1904,68.1875,enc,0.0000
1786092058.019905,0.0997,0.0,0.0,0.0000,0.0000,0.1033,0.7476,0.1904,68.1875,enc,0.0000
1786092058.125684,0.1058,0.0,0.0,0.0000,0.0000,0.1033,0.7476,0.1904,68.1875,enc,0.0000
1786092058.231059,0.1054,0.0,0.0,0.0000,0.0000,0.1033,0.7476,0.1904,68.1875,enc,0.0000
1786092058.332638,0.1016,0.0,0.0,0.0000,0.0000,0.1033,0.7476,0.1904,68.1875,enc,0.0000
1786092058.436811,0.1042,0.0,0.0,0.0000,0.0000,0.1033,0.7476,0.1904,68.1875,enc,0.0000
1786092058.543957,0.1071,0.0,0.0,0.0000,0.0000,0.1033,0.7476,0.1904,68.1875,enc,0.0000
1786092058.647081,0.1031,0.0,0.0,0.0000,0.0000,0.1033,0.7476,0.1904,68.1875,enc,0.0000
1786092058.749131,0.1021,0.0,0.0,0.0000,0.0000,0.1033,0.7476,0.1904,68.1875,enc,0.0000
1786092058.848327,0.0992,0.0,0.0,0.0000,0.0000,0.1033,0.7476,0.1904,68.1875,enc,0.0000
1786092058.974950,0.1266,0.0,0.0,0.0000,0.0000,0.1033,0.7476,0.1904,68.1875,enc,0.0000
1786092059.088431,0.1135,0.0,0.0,0.0000,0.0000,0.1033,0.7476,0.1904,68.1875,enc,0.0000
1786092059.165124,0.0767,0.0,0.0,0.0000,0.0000,0.1033,0.7476,0.1904,68.1875,enc,0.0000
1786092059.268933,0.1038,0.0,0.0,0.0000,0.0000,0.1033,0.7476,0.1904,68.1875,enc,0.0000
1786092059.369902,0.1010,0.0,0.0,0.0000,0.0000,0.1033,0.7476,0.1904,68.1875,enc,0.0000
1786092059.475694,0.1058,0.0,0.0,0.0000,0.0000,0.1033,0.7476,0.1904,68.1875,enc,0.0000
1786092059.606286,0.1306,0.0,0.0,0.0000,0.0000,0.1033,0.7476,0.1904,68.1875,enc,0.0000
1786092059.695593,0.0893,0.0,0.0,0.0000,0.0000,0.1033,0.7476,0.1904,68.1875,enc,0.0000
1786092059.787744,0.0922,0.0,0.0,0.0000,0.0000,0.1033,0.7476,0.1904,68.1875,enc,0.0000
1786092059.894644,0.1069,0.0,0.0,0.0000,0.0000,0.1033,0.7476,0.1904,68.1875,enc,0.0000
1786092059.995791,0.1011,0.0,0.0,0.0000,0.0000,0.1033,0.7476,0.1904,68.1875,enc,0.0000
1786092060.109713,0.1139,0.0,0.0,0.0000,0.0000,0.1033,0.7476,0.1904,68.1875,enc,0.0000
1786092060.263669,0.1540,0.0,0.0,0.0000,0.0000,0.1033,0.7476,0.1904,68.1875,enc,0.0000
1786092060.304698,0.0410,0.0,0.0,0.0000,0.0000,0.1033,0.7476,0.1904,68.1875,enc,0.0000
1786092060.517123,0.2124,0.0,0.0,0.0000,0.0000,0.1033,0.7476,0.1904,68.1875,enc,0.0000
1786092060.517170,0.0000,0.0,0.0,0.0000,0.0000,0.1033,0.7476,0.1904,68.1875,enc,0.0000
1786092060.617025,0.0999,0.0,0.0,0.0000,0.0000,0.1033,0.7476,0.1904,68.1875,enc,0.0000
1786092060.762959,0.1459,0.0,0.0,0.0000,0.0000,0.1033,0.7476,0.1904,68.1875,enc,0.0000
1786092060.822867,0.0599,0.0,0.0,0.0000,0.0000,0.1033,0.7476,0.1904,68.1875,enc,0.0000
1786092061.008499,0.1856,0.0,0.0,0.0000,0.0000,0.1033,0.7476,0.1904,68.1875,enc,0.0000
1786092061.029358,0.0209,0.0,0.0,0.0000,0.0000,0.1033,0.7476,0.1904,68.1875,enc,0.0000
1786092061.256607,0.2272,0.0,0.0,0.0000,0.0000,0.1033,0.7476,0.1904,68.1875,enc,0.0000
1786092061.256718,0.0001,0.0,0.0,0.0000,0.0000,0.1033,0.7476,0.1904,68.1875,enc,0.0000
1786092061.341780,0.0851,0.0,0.0,0.0000,0.0000,0.1033,0.7476,0.1904,68.1875,enc,0.0000
1786092061.508961,0.1672,0.0,0.0,0.0000,0.0000,0.1033,0.7476,0.1904,68.1875,enc,0.0000
1786092061.548061,0.0391,0.0,0.0,0.0000,0.0000,0.1033,0.7476,0.1904,68.1875,enc,0.0000
1786092061.761983,0.2139,0.0,0.0,0.0000,0.0000,0.1033,0.7476,0.1904,68.1875,enc,0.0000
1786092061.762032,0.0000,0.0,0.0,0.0000,0.0000,0.1033,0.7476,0.1904,68.1875,enc,0.0000
1786092061.857959,0.0959,0.0,0.0,0.0000,0.0000,0.1033,0.7476,0.1904,68.1875,enc,0.0000
1786092062.013686,0.1557,0.0,0.0,0.0000,0.0000,0.1033,0.7476,0.1904,68.1875,enc,0.0000
1786092062.066381,0.0527,0.0,0.0,0.0000,0.0000,0.1033,0.7476,0.1904,68.1875,enc,0.0000
1786092062.265421,0.1990,0.0,0.0,0.0000,0.0000,0.1033,0.7476,0.1904,68.1875,enc,0.0000
1786092062.273818,0.0084,0.0,0.0,0.0000,0.0000,0.1033,0.7476,0.1904,68.1875,enc,0.0000
1786092062.519389,0.2456,0.0,0.0,0.0000,0.0000,0.1033,0.7476,0.1904,68.1875,enc,0.0000
1786092062.519444,0.0001,0.0,0.0,0.0000,0.0000,0.1033,0.7476,0.1904,68.1875,enc,0.0000
1786092062.589115,0.0697,0.0,0.0,0.0000,0.0000,0.1033,0.7476,0.1904,68.1875,enc,0.0000
1786092062.762792,0.1737,0.0,0.0,0.0000,0.0000,0.1033,0.7476,0.1904,68.1875,enc,0.0000
1786092062.791885,0.0291,0.0,0.0,0.0000,0.0000,0.1033,0.7476,0.1904,68.1875,enc,0.0000
1786092063.013391,0.2215,0.0,0.0,0.0000,0.0000,0.1033,0.7476,0.1904,68.1875,enc,0.0000
1786092063.013463,0.0001,0.0,0.0,0.0000,0.0000,0.1033,0.7476,0.1904,68.1875,enc,0.0000
1786092063.115010,0.1015,0.0,0.0,0.0000,0.0000,0.1033,0.7476,0.1904,68.1875,enc,0.0000
1786092063.268547,0.1535,0.0,0.0,0.0000,0.0000,0.1033,0.7476,0.1904,68.1875,enc,0.0000
1786092063.314912,0.0464,0.0,0.0,0.0000,0.0000,0.1033,0.7476,0.1904,68.1875,enc,0.0000
1786092063.515943,0.2010,0.0,0.0,0.0000,0.0000,0.1033,0.7476,0.1904,68.1875,enc,0.0000
1786092063.520125,0.0042,0.0,0.0,0.0000,0.0000,0.1033,0.7476,0.1904,68.1875,enc,0.0000
1786092063.769384,0.2493,0.0,0.0,0.0000,0.0000,0.1033,0.7476,0.1904,68.1875,enc,0.0000
1786092063.769438,0.0001,0.0,0.0,0.0000,0.0000,0.1033,0.7476,0.1904,68.1875,enc,0.0000
1786092063.831100,0.0617,0.0,0.0,0.0000,0.0000,0.1033,0.7476,0.1904,68.1875,enc,0.0000
1786092064.018151,0.1871,0.0,0.0,0.0000,0.0000,0.1033,0.7476,0.1904,68.1875,enc,0.0000
1786092064.041770,0.0236,0.0,0.0,0.0000,0.0000,0.1033,0.7476,0.1904,68.1875,enc,0.0000
1786092064.269043,0.2273,0.0,0.0,0.0000,0.0000,0.1033,0.7476,0.1904,68.1875,enc,0.0000
1786092064.269099,0.0001,0.0,0.0,0.0000,0.0000,0.1033,0.7476,0.1904,68.1875,enc,0.0000
1786092064.348313,0.0792,0.0,0.0,0.0000,0.0000,0.1033,0.7476,0.1904,68.1875,enc,0.0000
1786092064.524617,0.1763,0.0,0.0,0.0000,0.0000,0.1033,0.7476,0.1904,68.1875,enc,0.0000
1786092064.554304,0.0297,0.0,0.0,0.0000,0.0000,0.1033,0.7476,0.1904,68.1875,enc,0.0000
1786092064.778520,0.2242,0.0,0.0,0.0000,0.0000,0.1033,0.7476,0.1904,68.1875,enc,0.0000
1786092064.778579,0.0001,0.0,0.0,0.0000,0.0000,0.1033,0.7476,0.1904,68.1875,enc,0.0000
1786092064.864560,0.0860,0.0,0.0,0.0000,0.0000,0.1033,0.7476,0.1904,68.1875,enc,0.0000
1786092065.032861,0.1683,0.0,0.0,0.0000,0.0000,0.1033,0.7476,0.1904,68.1875,enc,0.0000
1786092065.076531,0.0437,0.0,0.0,0.0000,0.0000,0.1033,0.7476,0.1904,68.1875,enc,0.0000
1786092065.180569,0.1040,0.0,0.0,0.0000,0.0000,0.1033,0.7476,0.1904,68.1875,enc,0.0000
1786092065.286980,0.1064,0.0,0.0,0.0000,0.0000,0.1033,0.7476,0.1904,68.1875,enc,0.0000
1786092065.388405,0.1014,0.0,0.0,0.0000,0.0000,0.1033,0.7476,0.1904,68.1875,enc,0.0000
1786092065.493133,0.1047,0.0,0.0,0.0000,0.0000,0.1033,0.7476,0.1904,68.1875,enc,0.0000
1786092065.600362,0.1072,0.0,0.0,0.0000,0.0000,0.1033,0.7476,0.1904,68.1875,enc,0.0000
1786092065.701929,0.1016,0.0,0.0,0.0000,0.0000,0.1033,0.7476,0.1904,68.1875,enc,0.0000
1786092065.805866,0.1039,0.0,0.0,0.0000,0.0000,0.1033,0.7476,0.1904,68.1875,enc,0.0000
1786092065.908833,0.1030,0.0,0.0,0.0000,0.0000,0.1033,0.7476,0.1904,68.1875,enc,0.0000
1786092066.018920,0.1101,0.0,0.0,0.0000,0.0000,0.1033,0.7476,0.1904,68.1875,enc,0.0000
1786092066.116259,0.0973,0.0,0.0,0.0000,0.0000,0.1033,0.7476,0.1904,68.1875,enc,0.0000
1786092066.219032,0.1028,0.0,0.0,0.0000,0.0000,0.1033,0.7476,0.1904,68.1875,enc,0.0000
1786092066.325278,0.1062,0.0,0.0,0.0000,0.0000,0.1033,0.7476,0.1904,68.1875,enc,0.0000
1786092066.641075,0.3158,0.0,0.0,0.0000,0.0000,0.1033,0.7476,0.1904,68.1875,enc,0.0000
1786092066.641594,0.0005,0.0,0.0,0.0000,0.0000,0.1033,0.7476,0.1904,68.1875,enc,0.0000
1786092066.641625,0.0000,0.0,0.0,0.0000,0.0000,0.1033,0.7476,0.1904,68.1875,enc,0.0000
1786092066.740640,0.0990,0.0,0.0,0.0000,0.0000,0.1033,0.7476,0.1904,68.1875,enc,0.0000
1786092066.928918,0.1883,0.0,0.0,0.0000,0.0000,0.1033,0.7476,0.1904,68.1875,enc,0.0000
1786092066.944675,0.0158,0.0,0.0,0.0000,0.0000,0.1033,0.7476,0.1904,68.1875,enc,0.0000
1786092067.050625,0.1059,0.0,0.0,0.0000,0.0000,0.1033,0.7476,0.1904,68.1875,enc,0.0000
1786092067.163053,0.1124,0.0,0.0,0.0000,0.0000,0.1033,0.7476,0.1904,68.1875,enc,0.0000
1786092067.265147,0.1021,0.0,0.0,0.0000,0.0000,0.1033,0.7476,0.1904,68.1875,enc,0.0000
1786092067.361785,0.0966,0.0,0.0,0.0000,0.0000,0.1033,0.7476,0.1904,68.1875,enc,0.0000
1786092067.473557,0.1118,0.0,0.0,0.0000,0.0000,0.1033,0.7476,0.1904,68.1875,enc,0.0000
1786092067.566278,0.0927,0.0,0.0,0.0000,0.0000,0.1033,0.7476,0.1904,68.1875,enc,0.0000
1786092067.676961,0.1107,0.0,0.0,0.0000,0.0000,0.1033,0.7476,0.1904,68.1875,enc,0.0000
1786092067.775595,0.0986,0.0,0.0,0.0000,0.0000,0.1033,0.7476,0.1904,68.1875,enc,0.0000
1786092067.877720,0.1021,0.0,0.0,0.0000,0.0000,0.1033,0.7476,0.1904,68.1875,enc,0.0000
1786092067.986045,0.1083,0.0,0.0,0.0000,0.0000,0.1033,0.7476,0.1904,68.1875,enc,0.0000
1786092068.088577,0.1025,0.0,0.0,0.0000,0.0000,0.1033,0.7476,0.1904,68.1875,enc,0.0000
1786092068.189090,0.1005,0.0,0.0,0.0000,0.0000,0.1033,0.7476,0.1904,68.1875,enc,0.0000
1786092068.295989,0.1069,0.0,0.0,0.0000,0.0000,0.1033,0.7476,0.1904,68.1875,enc,0.0000
1786092068.399351,0.1034,-0.10884331911802292,0.07692107558250427,-0.0001,0.0032,0.1033,0.7476,0.1908,68.1875,enc,0.0001
1786092068.502157,0.1028,-3.5113892555236816,3.5431716442108154,0.0001,0.1199,0.1033,0.7476,0.0033,68.0000,imu,0.0005
1786092068.606057,0.1039,-8.626984596252441,8.530988693237305,-0.0003,0.2917,0.1032,0.7476,0.0425,65.7500,imu,-0.0001
1786092068.709863,0.1038,-13.573099136352539,13.861174583435059,0.0008,0.4663,0.1033,0.7477,0.1004,62.4375,imu,0.0005
1786092068.811090,0.1012,-15.609203338623047,15.992534637451172,0.0011,0.5372,0.1034,0.7477,0.1811,57.8125,imu,-0.0004
1786092068.914694,0.1036,-15.014479637145996,14.950456619262695,-0.0002,0.5093,0.1034,0.7476,0.2574,53.4375,imu,-0.0002
1786092069.029067,0.1144,-15.809686660766602,16.063596725463867,0.0007,0.5418,0.1035,0.7477,0.3305,49.2500,imu,0.0004
1786092069.123238,0.0942,-15.464247703552246,15.305935859680176,-0.0005,0.5230,0.1035,0.7477,0.4069,44.8750,imu,0.0001
1786092069.223432,0.1002,-15.326911926269531,13.726703643798828,-0.0047,0.4939,0.1030,0.7475,0.4723,41.1250,imu,0.0002
1786092069.331966,0.1085,-13.48266887664795,15.098711013793945,0.0047,0.4858,0.1035,0.7478,0.5411,37.1875,imu,0.0001
1786092069.431144,0.0992,-15.163920402526855,14.94251823425293,-0.0006,0.5117,0.1034,0.7477,0.6098,33.2500,imu,-0.0001
1786092069.539741,0.1086,-14.99315357208252,15.15318489074707,0.0005,0.5124,0.1035,0.7477,0.6632,30.1875,imu,-0.0001
1786092069.644032,0.1043,-15.226690292358398,14.279374122619629,-0.0028,0.5015,0.1034,0.7474,0.7276,26.5000,imu,-0.0024
1786092069.748917,0.1049,-13.506855010986328,14.522805213928223,0.0030,0.4764,0.1034,0.7478,0.7909,22.8750,imu,0.0024
1786092069.848266,0.0993,-15.187966346740723,15.284004211425781,0.0003,0.5180,0.1035,0.7478,0.8498,19.5000,imu,0.0001
1786092069.954066,0.1058,-15.074475288391113,15.234521865844727,0.0005,0.5152,0.1035,0.7478,0.9076,16.1875,imu,-0.0003
1786092070.054805,0.1007,-13.920653343200684,13.82465648651123,-0.0003,0.4716,0.1035,0.7478,0.9632,13.0000,imu,-0.0001
1786092070.158437,0.1036,-15.305147171020508,15.273134231567383,-0.0001,0.5198,0.1035,0.7478,1.0232,9.5625,imu,0.0003
1786092070.261817,0.1034,-15.184247970581055,15.31229019165039,0.0004,0.5184,0.1035,0.7478,1.0768,5.6250,enc,-0.0002
1786092070.369023,0.1072,-13.512833595275879,13.25676155090332,-0.0008,0.4550,0.1035,0.7477,1.1256,1.8750,enc,0.0000
1786092070.468295,0.0993,-10.210511207580566,10.434236526489258,0.0007,0.3509,0.1035,0.7478,1.1604,358.8750,enc,-0.0003
1786092070.574284,0.1060,-6.793116092681885,6.505741596221924,-0.0008,0.2261,0.1035,0.7477,1.1844,357.0625,enc,-0.0005
1786092070.676960,0.1027,-7.3371052742004395,7.178657054901123,-0.0005,0.2467,0.1035,0.7476,1.2097,355.0625,enc,-0.0001
1786092070.775515,0.0986,-6.93562126159668,7.158275604248047,0.0007,0.2396,0.1035,0.7477,1.2333,352.8125,enc,0.0008
1786092070.880744,0.1052,-2.9619295597076416,3.1860318183898926,0.0007,0.1045,0.1035,0.7478,1.2443,351.9375,enc,-0.0005
1786092070.987831,0.1071,-1.6814481019973755,1.1110386848449707,-0.0017,0.0475,0.1036,0.7476,1.2494,351.6250,enc,-0.0011
1786092071.090312,0.1025,-5.400704860687256,5.368875026702881,-0.0001,0.1831,0.1037,0.7475,1.2682,350.3125,enc,-0.0007
1786092071.191009,0.1007,-11.338791847229004,11.210844039916992,-0.0004,0.3833,0.1036,0.7475,1.3067,347.6250,enc,0.0002
1786092071.298943,0.1079,-14.713866233825684,14.777100563049316,0.0002,0.5013,0.1036,0.7475,1.3609,343.6875,enc,0.0007
1786092071.401553,0.1026,-14.355740547180176,14.737518310546875,0.0011,0.4945,0.1035,0.7477,1.4116,339.2500,enc,0.0004
1786092071.504893,0.1033,-16.307327270507812,16.307327270507812,0.0000,0.5544,0.1035,0.7477,1.4689,335.4375,enc,0.0004
1786092071.609921,0.1050,-15.67158031463623,15.959588050842285,0.0008,0.5377,0.1035,0.7478,1.5254,331.7500,enc,0.0005
1786092071.713000,0.1031,-13.609583854675293,13.513529777526855,-0.0003,0.4610,0.1034,0.7477,1.5729,328.3125,enc,0.0007
1786092071.814512,0.1015,-10.624218940734863,10.497184753417969,-0.0004,0.3590,0.1034,0.7477,1.6093,325.8750,enc,-0.0002
1786092071.918252,0.1037,-3.66798734664917,3.6999833583831787,0.0001,0.1252,0.1035,0.7477,1.6223,324.9375,enc,-0.0005
1786092072.021587,0.1033,-0.16510607302188873,0.1010696068406105,-0.0002,0.0045,0.1035,0.7477,1.6228,325.2500,enc,0.0000
1786092072.122921,0.1013,0.0,0.0,0.0000,0.0000,0.1035,0.7477,1.6228,325.2500,enc,0.0000
1786092072.224260,0.1013,0.0,0.0,0.0000,0.0000,0.1035,0.7477,1.6228,325.3125,enc,0.0000
1786092072.336892,0.1126,0.0,0.0,0.0000,0.0000,0.1035,0.7477,1.6228,325.3125,enc,0.0000
1786092072.432633,0.0957,0.0,0.0,0.0000,0.0000,0.1035,0.7477,1.6228,325.3125,enc,0.0000
1786092072.536529,0.1039,0.0,0.0,0.0000,0.0000,0.1035,0.7477,1.6228,325.6250,enc,0.0000
1786092072.644033,0.1075,-0.5840301513671875,0.5207475423812866,-0.0002,0.0188,0.1034,0.7477,1.6248,325.6250,enc,0.0002
1786092072.746027,0.1020,-4.799374103546143,4.44874382019043,-0.0010,0.1572,0.1035,0.7476,1.6408,325.1250,enc,-0.0001
1786092072.851705,0.1057,-10.872356414794922,10.620129585266113,-0.0007,0.3653,0.1035,0.7475,1.6794,322.6875,enc,0.0000
1786092072.954945,0.1032,-14.72461986541748,14.756311416625977,0.0001,0.5011,0.1035,0.7475,1.7312,318.5625,enc,0.0001
1786092073.060922,0.1060,-15.8750581741333,16.28765106201172,0.0012,0.5467,0.1034,0.7476,1.7891,314.6250,enc,-0.0001
1786092073.167407,0.1065,-14.833361625671387,14.9613618850708,0.0004,0.5065,0.1034,0.7476,1.8430,310.0625,enc,0.0004
1786092073.266729,0.0993,-15.631255149841309,15.885696411132812,0.0007,0.5357,0.1034,0.7477,1.8963,305.5000,enc,-0.0006
1786092073.369854,0.1031,-15.329798698425293,15.297845840454102,-0.0001,0.5206,0.1034,0.7477,1.9499,301.3750,enc,-0.0003
1786092073.472004,0.1021,-13.794034004211426,13.794034004211426,0.0000,0.4689,0.1035,0.7477,1.9978,297.5625,enc,-0.0002
1786092073.577729,0.1057,-15.083942413330078,15.115836143493652,0.0001,0.5133,0.1034,0.7477,2.0521,293.1875,enc,0.0005
1786092073.676205,0.0985,-15.124895095825195,15.220367431640625,0.0003,0.5158,0.1034,0.7477,2.1029,289.4375,enc,0.0003
1786092073.780600,0.1044,-14.555573463439941,13.66232967376709,-0.0026,0.4796,0.1037,0.7477,2.1530,285.1875,enc,-0.0024
1786092073.884149,0.1035,-14.396537780761719,14.90366268157959,0.0015,0.4980,0.1034,0.7476,2.2046,280.8750,enc,0.0024
1786092073.992018,0.1079,-14.935702323913574,15.222860336303711,0.0008,0.5126,0.1034,0.7477,2.2599,276.6250,enc,-0.0001
1786092074.092099,0.1001,-15.339286804199219,15.020063400268555,-0.0009,0.5160,0.1035,0.7476,2.3115,272.2500,enc,0.0000
1786092074.195657,0.1036,-14.156255722045898,13.777996063232422,-0.0011,0.4748,0.1037,0.7477,2.3607,267.7500,enc,-0.0017
1786092074.303849,0.1082,-14.530525207519531,15.20048999786377,0.0020,0.5054,0.1034,0.7477,2.4154,263.4375,enc,0.0014
1786092074.407437,0.1036,-14.983899116516113,15.078481674194336,0.0003,0.5110,0.1034,0.7477,2.4683,259.8125,enc,0.0001
1786092074.511282,0.1038,-14.992904663085938,15.024439811706543,0.0001,0.5102,0.1034,0.7478,2.5213,255.1875,enc,-0.0006
1786092074.614948,0.1037,-14.740212440490723,13.716495513916016,-0.0030,0.4837,0.1038,0.7478,2.5714,250.6875,enc,-0.0021
1786092074.723139,0.1082,-14.271750450134277,15.357589721679688,0.0032,0.5036,0.1033,0.7477,2.6259,246.2500,enc,0.0026
1786092074.819843,0.0967,-15.281383514404297,14.962260246276855,-0.0009,0.5141,0.1034,0.7477,2.6756,241.1875,enc,-0.0002
1786092074.925566,0.1057,-14.977849006652832,15.200557708740234,0.0007,0.5130,0.1033,0.7477,2.7299,236.6250,enc,0.0005
1786092075.025800,0.1002,-13.810949325561523,13.747076988220215,-0.0002,0.4684,0.1034,0.7476,2.7768,232.2500,enc,0.0004
1786092075.265037,0.2392,-15.405123710632324,15.117036819458008,-0.0008,0.5188,0.1036,0.7476,2.9009,227.5000,enc,-0.0001
1786092075.265094,0.0001,-14.909563064575195,15.099552154541016,0.0006,0.5101,0.1036,0.7476,2.9010,223.0000,enc,-0.0004
1786092075.346897,0.0818,-13.900550842285156,13.742060661315918,-0.0005,0.4699,0.1036,0.7476,2.9394,218.0625,enc,0.0001
1786092075.508310,0.1614,-14.938251495361328,15.159590721130371,0.0006,0.5116,0.1035,0.7476,3.0220,212.8750,enc,-0.0003
1786092075.567860,0.0596,-15.198325157165527,15.390298843383789,0.0006,0.5199,0.1035,0.7476,3.0529,207.8125,enc,0.0002
1786092075.744225,0.1764,-14.991848945617676,14.991848945617676,0.0000,0.5097,0.1035,0.7476,3.1428,203.6250,enc,0.0000
1786092075.754066,0.0098,-13.720358848571777,13.720358848571777,0.0000,0.4664,0.1035,0.7476,3.1474,199.1250,enc,-0.0002
1786092076.096887,0.3428,-14.54339599609375,14.575094223022461,0.0001,0.4950,0.1034,0.7476,3.3171,195.4375,enc,0.0001
1786092076.096957,0.0001,-10.19483757019043,10.258246421813965,0.0002,0.3477,0.1034,0.7476,3.3171,192.1875,enc,0.0002
1786092076.096983,0.0000,-4.4322919845581055,4.751576900482178,0.0009,0.1561,0.1034,0.7476,3.3171,190.6250,enc,0.0000
1786092076.243908,0.1469,2.059025287628174,3.735792398452759,0.0170,0.0285,0.1010,0.7472,3.3213,190.2500,enc,-0.0001
1786092076.268393,0.0245,9.495838165283203,9.68215274810791,0.0562,0.0032,0.0996,0.7469,3.3214,190.0625,enc,-0.0001
1786092076.498941,0.2305,18.318885803222656,17.972715377807617,0.1064,-0.0059,0.0755,0.7425,3.3200,190.1250,enc,0.0003
1786092076.499110,0.0002,22.319433212280273,22.106565475463867,0.1303,-0.0036,0.0755,0.7425,3.3200,190.1250,enc,-0.0004
1786092076.582079,0.0830,27.732032775878906,27.495779037475586,0.1619,-0.0040,0.0622,0.7401,3.3197,190.2500,enc,0.0005
1786092076.751344,0.1693,28.712867736816406,28.897783279418945,0.1689,0.0031,0.0341,0.7349,3.3202,189.4375,enc,0.0008
1786092076.787045,0.0357,27.273141860961914,26.315093994140625,0.1571,-0.0163,0.0286,0.7337,3.3196,188.8125,enc,0.0039
1786092077.003129,0.2161,26.232046127319336,27.365066528320312,0.1572,0.0193,-0.0049,0.7283,3.3238,189.0625,enc,-0.0036
1786092077.003936,0.0008,26.644989013671875,26.75042724609375,0.1566,0.0018,-0.0050,0.7283,3.3238,188.9375,enc,0.0004
1786092077.101484,0.0975,26.487091064453125,26.327625274658203,0.1549,-0.0027,-0.0199,0.7256,3.3235,188.5625,enc,-0.0004
1786092077.253105,0.1516,23.797990798950195,23.797990798950195,0.1396,0.0000,-0.0407,0.7217,3.3235,188.4375,enc,0.0004
1786092077.308671,0.0556,26.47085189819336,26.47085189819336,0.1552,0.0000,-0.0492,0.7202,3.3235,188.0000,enc,0.0000
1786092077.506514,0.1978,26.61480140686035,26.588205337524414,0.1560,-0.0005,-0.0795,0.7147,3.3235,187.8750,enc,-0.0003
1786092077.514542,0.0080,26.45096778869629,26.556137084960938,0.1554,0.0018,-0.0808,0.7144,3.3235,187.8125,enc,-0.0007
1786092077.750791,0.2362,24.104576110839844,24.078344345092773,0.1413,-0.0004,-0.1136,0.7084,3.3234,187.6875,enc,-0.0001
1786092077.752466,0.0017,26.53721046447754,26.53721046447754,0.1556,0.0000,-0.1139,0.7084,3.3234,187.8750,enc,0.0002
1786092077.829043,0.0766,26.649097442626953,26.70227813720703,0.1564,0.0009,-0.1256,0.7062,3.3234,187.8750,enc,0.0002
1786092078.016962,0.1879,24.46305274963379,23.439271926879883,0.1405,-0.0174,-0.1517,0.7022,3.3202,188.1250,enc,-0.0038
1786092078.033949,0.0170,16.805505752563477,17.731689453125,0.1013,0.0157,-0.1534,0.7019,3.3204,189.0000,enc,0.0031
1786092078.250469,0.2165,8.371842384338379,8.398397445678711,0.0492,0.0005,-0.1639,0.6999,3.3205,189.1875,enc,0.0001
1786092078.251582,0.0011,0.8055198788642883,0.885072648525238,0.0050,0.0014,-0.1639,0.6999,3.3205,190.0625,enc,-0.0005
1786092078.348188,0.0966,-0.060659296810626984,-0.03433545306324959,-0.0003,0.0004,-0.1639,0.6999,3.3206,190.4375,enc,-0.0001
1786092078.500942,0.1528,0.0,0.0,0.0000,0.0000,-0.1639,0.6999,3.3206,190.7500,enc,0.0000
1786092078.553962,0.0530,-0.0026822048239409924,-0.02912108227610588,-0.0001,-0.0004,-0.1639,0.7000,3.3205,190.8125,enc,-0.0001
1786092078.752340,0.1984,-1.9055962562561035,-1.9844721555709839,-0.0114,-0.0013,-0.1616,0.7003,3.3203,191.3750,enc,0.0001
1786092078.763451,0.0111,-7.42425537109375,-7.2656569480896,-0.0431,0.0027,-0.1612,0.7004,3.3203,191.5625,enc,-0.0002
1786092079.002969,0.2395,-10.444804191589355,-10.603879928588867,-0.0617,-0.0027,-0.1466,0.7032,3.3197,191.6875,enc,-0.0006
1786092079.003035,0.0001,-13.674468040466309,-13.858845710754395,-0.0807,-0.0031,-0.1466,0.7032,3.3197,191.6875,enc,-0.0008
1786092079.072767,0.0697,-14.22446346282959,-14.171534538269043,-0.0833,0.0009,-0.1409,0.7042,3.3197,191.4375,enc,-0.0004
1786092079.255672,0.1829,-13.929672241210938,-12.946686744689941,-0.0788,0.0167,-0.1267,0.7066,3.3228,191.5625,enc,0.0010
1786092079.278894,0.0232,-12.491000175476074,-13.765616416931152,-0.0770,-0.0217,-0.1250,0.7070,3.3223,191.5000,enc,0.0000
1786092079.515786,0.2369,-13.518729209899902,-13.307343482971191,-0.0787,0.0036,-0.1067,0.7105,3.3231,190.8750,enc,-0.0006
1786092079.515852,0.0001,-13.218832015991211,-13.245434761047363,-0.0776,-0.0005,-0.1066,0.7105,3.3231,190.5000,enc,0.0005
1786092079.592019,0.0762,-12.105685234069824,-12.212085723876953,-0.0713,-0.0018,-0.1013,0.7115,3.3230,190.4375,enc,-0.0004
1786092079.772317,0.1803,-13.375411987304688,-13.348869323730469,-0.0784,0.0005,-0.0874,0.7140,3.3231,190.1875,enc,0.0001
1786092079.801725,0.0294,-13.346217155456543,-13.319605827331543,-0.0782,0.0005,-0.0851,0.7144,3.3231,189.9375,enc,0.0008
1786092080.025198,0.2235,-11.931639671325684,-12.115525245666504,-0.0705,-0.0031,-0.0697,0.7173,3.3224,189.7500,enc,-0.0003
1786092080.025288,0.0001,-13.241238594055176,-13.188673973083496,-0.0775,0.0009,-0.0696,0.7173,3.3224,189.1250,enc,-0.0002
1786092080.111517,0.0862,-13.283573150634766,-13.283573150634766,-0.0779,0.0000,-0.0630,0.7185,3.3224,188.6875,enc,0.0004
1786092080.212487,0.1010,-13.213197708129883,-13.239533424377441,-0.0776,-0.0004,-0.0553,0.7199,3.3223,188.2500,enc,-0.0005
1786092080.320852,0.1084,-12.17365550994873,-12.041736602783203,-0.0710,0.0022,-0.0478,0.7213,3.3226,187.6875,enc,-0.0001
1786092080.422755,0.1019,-13.426204681396484,-13.319819450378418,-0.0784,0.0018,-0.0399,0.7228,3.3228,187.6250,enc,-0.0004
1786092080.526616,0.1039,-13.130040168762207,-13.10373306274414,-0.0769,0.0004,-0.0321,0.7243,3.3228,187.1875,enc,-0.0008
1786092080.629850,0.1032,-13.28617000579834,-13.28617000579834,-0.0779,0.0000,-0.0242,0.7258,3.3228,186.8750,enc,0.0000
1786092080.734863,0.1050,-12.275452613830566,-12.142430305480957,-0.0716,0.0023,-0.0168,0.7271,3.3231,186.8750,enc,0.0005
1786092080.835958,0.1011,-13.31883430480957,-13.425211906433105,-0.0784,-0.0018,-0.0090,0.7285,3.3229,186.7500,enc,-0.0004
1786092080.937433,0.1015,-13.326276779174805,-13.352775573730469,-0.0782,-0.0005,-0.0012,0.7300,3.3228,186.4375,enc,-0.0005
1786092081.048853,0.1114,-12.201083183288574,-11.989948272705078,-0.0709,0.0036,0.0066,0.7315,3.3232,186.0000,enc,-0.0002
1786092081.150327,0.1015,-13.212471961975098,-13.23880672454834,-0.0776,-0.0004,0.0143,0.7328,3.3232,185.8750,enc,0.0005
1786092081.250612,0.1003,-13.230545043945312,-13.38899040222168,-0.0781,-0.0027,0.0221,0.7342,3.3229,185.6250,enc,0.0004
1786092081.357978,0.1074,-13.365999221801758,-13.339537620544434,-0.0783,0.0004,0.0303,0.7357,3.3230,185.3750,enc,-0.0001
1786092081.457214,0.0992,-12.042006492614746,-12.042006492614746,-0.0706,0.0000,0.0372,0.7370,3.3230,185.2500,enc,0.0006
1786092081.560406,0.1032,-13.318862915039062,-13.530938148498535,-0.0787,-0.0036,0.0452,0.7384,3.3226,185.2500,enc,0.0000
1786092081.670002,0.1096,-13.366604804992676,-13.286995887756348,-0.0782,0.0014,0.0536,0.7400,3.3227,184.9375,enc,-0.0003
1786092081.771465,0.1015,-13.104413986206055,-12.65660572052002,-0.0755,0.0076,0.0612,0.7412,3.3235,185.0625,enc,0.0018
1786092081.873897,0.1024,-12.04975700378418,-12.821450233459473,-0.0729,-0.0131,0.0685,0.7428,3.3222,185.2500,enc,-0.0022
1786092081.980767,0.1069,-13.461054801940918,-13.274727821350098,-0.0784,0.0032,0.0768,0.7442,3.3225,185.0625,enc,0.0003
1786092082.085003,0.1042,-11.364483833312988,-11.259119033813477,-0.0663,0.0018,0.0836,0.7454,3.3227,185.0625,enc,0.0007
1786092082.185066,0.1001,-4.022427082061768,-4.1546807289123535,-0.0240,-0.0022,0.0860,0.7458,3.3225,185.2500,enc,0.0008
1786092082.297805,0.1127,-0.2696363031864166,-0.40271860361099243,-0.0020,-0.0023,0.0862,0.7457,3.3222,185.1875,enc,0.0010
1786092082.394347,0.0965,0.02916557528078556,0.002686302876099944,0.0001,-0.0005,0.0862,0.7457,3.3222,185.1875,enc,0.0001
1786092082.496019,0.1017,0.0,0.0,0.0000,0.0000,0.0862,0.7457,3.3222,185.1875,enc,0.0000
1786092082.596692,0.1007,0.0,0.0,0.0000,0.0000,0.0862,0.7457,3.3222,185.1875,enc,0.0000
1786092082.704901,0.1082,0.0,0.0,0.0000,0.0000,0.0862,0.7457,3.3222,185.1875,enc,0.0000
1786092082.804819,0.0999,0.0,0.0,0.0000,0.0000,0.0862,0.7457,3.3222,185.1875,enc,0.0000
1786092082.907525,0.1027,0.0,0.0,0.0000,0.0000,0.0862,0.7457,3.3222,185.1875,enc,0.0000
1786092083.012347,0.1048,1.0489541292190552,-0.7954027652740479,0.0007,-0.0314,0.0861,0.7457,3.3189,185.2500,enc,-0.0004
1786092083.116795,0.1044,6.565877437591553,-5.960605144500732,0.0018,-0.2129,0.0859,0.7458,3.2966,186.5625,enc,-0.0010
1786092083.221940,0.1051,10.89066219329834,-10.218241691589355,0.0020,-0.3588,0.0857,0.7458,3.2589,189.1250,enc,-0.0001
1786092083.330230,0.1083,14.72400951385498,-14.439315795898438,0.0008,-0.4957,0.0856,0.7458,3.2052,193.1250,enc,-0.0003
1786092083.427505,0.0973,16.112791061401367,-16.08086585998535,0.0001,-0.5472,0.0856,0.7459,3.1520,197.6250,enc,-0.0010
1786092083.551736,0.1242,16.085832595825195,-16.213850021362305,-0.0004,-0.5490,0.0856,0.7458,3.0838,201.6250,enc,0.0006
1786092083.656401,0.1047,14.187899589538574,-14.314648628234863,-0.0004,-0.4845,0.0857,0.7458,3.0331,206.1875,enc,-0.0004
1786092083.743927,0.0875,15.221718788146973,-15.189990997314453,0.0001,-0.5169,0.0857,0.7458,2.9878,210.3125,enc,0.0007
1786092083.846025,0.1021,15.09163761138916,-15.09163761138916,0.0000,-0.5131,0.0857,0.7458,2.9355,214.5000,enc,0.0000
1786092083.948576,0.1026,13.948894500732422,-13.628691673278809,0.0009,-0.4688,0.0856,0.7458,2.8874,218.8750,enc,0.0002
1786092084.050992,0.1024,15.05251407623291,-15.180567741394043,-0.0004,-0.5139,0.0856,0.7458,2.8348,223.9375,enc,0.0000
1786092084.148730,0.0977,15.334064483642578,-15.302047729492188,0.0001,-0.5208,0.0856,0.7459,2.7839,228.7500,enc,-0.0008
1786092084.251942,0.1032,13.873153686523438,-13.809117317199707,0.0002,-0.4705,0.0856,0.7458,2.7353,233.1875,enc,0.0006
1786092084.360923,0.1090,15.121813774108887,-15.31382942199707,-0.0006,-0.5173,0.0857,0.7458,2.6789,238.1250,enc,-0.0006
1786092084.461376,0.1005,15.283098220825195,-15.155299186706543,0.0004,-0.5174,0.0856,0.7458,2.6269,243.0000,enc,0.0009
1786092084.562904,0.1015,13.655712127685547,-13.911282539367676,-0.0007,-0.4686,0.0856,0.7457,2.5794,247.2500,enc,0.0002
1786092084.675035,0.1121,15.121455192565918,-15.058098793029785,0.0002,-0.5130,0.0856,0.7458,2.5218,251.8125,enc,-0.0002
1786092084.775415,0.1004,15.039793968200684,-15.167288780212402,-0.0004,-0.5135,0.0857,0.7457,2.4703,256.7500,enc,0.0000
1786092084.882571,0.1072,15.373812675476074,-14.477704048156738,0.0026,-0.5074,0.0853,0.7457,2.4159,261.2500,enc,0.0021
1786092084.983900,0.1013,13.712737083435059,-14.345979690551758,-0.0019,-0.4769,0.0856,0.7458,2.3676,265.3125,enc,-0.0022
1786092085.087929,0.1040,15.005894660949707,-15.291863441467285,-0.0008,-0.5150,0.0857,0.7457,2.3140,269.8125,enc,-0.0005
1786092085.188498,0.1006,15.221822738647461,-15.189817428588867,0.0001,-0.5169,0.0856,0.7457,2.2620,274.1250,enc,0.0005
1786092085.291171,0.1027,14.986054420471191,-13.627009391784668,0.0040,-0.4864,0.0854,0.7461,2.2121,279.0000,enc,-0.0003
1786092085.397730,0.1066,13.712240219116211,-15.178884506225586,-0.0043,-0.4911,0.0857,0.7457,2.1598,283.2500,enc,0.0000
1786092085.498078,0.1003,15.279149055480957,-15.215132713317871,0.0002,-0.5183,0.0857,0.7457,2.1078,287.3750,enc,0.0000
1786092085.597577,0.0995,15.420817375183105,-13.723937034606934,0.0050,-0.4954,0.0854,0.7461,2.0585,291.5625,enc,-0.0001
1786092085.705392,0.1078,13.703747749328613,-15.27206039428711,-0.0046,-0.4925,0.0856,0.7457,2.0054,296.4375,enc,0.0001
1786092085.808359,0.1030,15.253809928894043,-15.189787864685059,0.0002,-0.5175,0.0857,0.7457,1.9521,300.8125,enc,-0.0004
1786092085.909577,0.1012,15.301698684692383,-14.34642219543457,0.0028,-0.5040,0.0853,0.7459,1.9011,305.0000,enc,0.0032
1786092086.014276,0.1047,13.730777740478516,-14.626757621765137,-0.0026,-0.4820,0.0857,0.7457,1.8506,309.6875,enc,-0.0030
1786092086.118116,0.1038,15.210773468017578,-15.083135604858398,0.0004,-0.5149,0.0856,0.7457,1.7971,313.5625,enc,0.0000
1786092086.218776,0.1007,14.933953285217285,-15.029219627380371,-0.0003,-0.5093,0.0857,0.7457,1.7459,317.6875,enc,-0.0001
1786092086.326430,0.1077,14.4752779006958,-13.68314266204834,0.0023,-0.4786,0.0854,0.7459,1.6943,322.9375,enc,0.0021
1786092086.431460,0.1050,14.339699745178223,-15.201744079589844,-0.0025,-0.5021,0.0856,0.7457,1.6416,326.9375,enc,-0.0018
1786092086.534205,0.1027,15.012202262878418,-15.138352394104004,-0.0004,-0.5125,0.0857,0.7457,1.5889,331.1250,enc,-0.0011
1786092086.638488,0.1043,15.082405090332031,-15.050747871398926,0.0001,-0.5122,0.0857,0.7457,1.5355,335.4375,enc,0.0005
1786092086.742857,0.1044,13.73551082611084,-13.831256866455078,-0.0003,-0.4686,0.0857,0.7456,1.4866,339.8125,enc,0.0001
1786092086.847450,0.1046,15.025250434875488,-14.900042533874512,0.0004,-0.5087,0.0857,0.7457,1.4334,344.1250,enc,0.0002
1786092086.947664,0.1002,14.925979614257812,-15.148704528808594,-0.0007,-0.5112,0.0856,0.7456,1.3822,348.1875,enc,0.0003
1786092087.062043,0.1144,15.090682983398438,-14.994858741760254,0.0003,-0.5114,0.0856,0.7457,1.3237,352.3125,enc,0.0005
1786092087.154382,0.0923,10.014184951782227,-9.95014476776123,0.0002,-0.3394,0.0855,0.7457,1.2924,355.2500,enc,0.0009
1786092087.257505,0.1031,4.265385150909424,-4.424241065979004,-0.0005,-0.1477,0.0855,0.7457,1.2771,356.8750,enc,-0.0001
1786092087.364773,0.1073,0.3410749137401581,-0.37288302183151245,-0.0001,-0.0121,0.0854,0.7457,1.2758,357.0000,enc,0.0005
1786092087.465146,0.1004,-0.14738163352012634,0.27414509654045105,0.0004,0.0072,0.0854,0.7457,1.2765,357.0000,enc,0.0000
1786092087.568889,0.1037,-3.2465548515319824,3.2465548515319824,0.0000,0.1104,0.0855,0.7457,1.2880,356.6875,enc,-0.0002
1786092087.678065,0.1092,-9.371792793273926,9.084300994873047,-0.0008,0.3137,0.0855,0.7456,1.3222,354.5625,enc,-0.0003
1786092087.779817,0.1018,-13.72031307220459,13.688641548156738,-0.0001,0.4659,0.0855,0.7456,1.3696,350.7500,enc,0.0001
1786092087.879590,0.0998,-14.144207954406738,14.560214042663574,0.0012,0.4879,0.0855,0.7457,1.4183,347.0000,enc,0.0001
1786092087.986922,0.1073,-16.36033058166504,16.392335891723633,0.0001,0.5567,0.0855,0.7457,1.4781,342.5625,enc,-0.0003
1786092088.091656,0.1047,-15.671950340270996,15.988794326782227,0.0009,0.5382,0.0855,0.7458,1.5344,338.6250,enc,0.0002
1786092088.192657,0.1010,-15.672677993774414,13.919921875,-0.0051,0.5030,0.0855,0.7453,1.5853,333.9375,enc,0.0001
1786092088.296635,0.1040,-12.007729530334473,13.479873657226562,0.0043,0.4332,0.0854,0.7457,1.6303,330.5625,enc,0.0004
1786092088.400332,0.1037,-6.998661994934082,7.093718528747559,0.0003,0.2395,0.0854,0.7458,1.6551,328.3125,enc,0.0005
1786092088.504470,0.1041,-1.5924992561340332,1.434203028678894,-0.0005,0.0514,0.0854,0.7457,1.6605,327.6250,enc,-0.0001
1786092088.604819,0.1003,0.08790633082389832,0.008096635341644287,0.0003,-0.0014,0.0853,0.7457,1.6604,327.6250,enc,0.0003
1786092088.715036,0.1102,0.3489707410335541,0.3223935067653656,0.0020,-0.0005,0.0853,0.7460,1.6603,327.6250,enc,0.0001
1786092088.813355,0.0983,5.044674396514893,4.388954162597656,0.0277,-0.0111,0.0851,0.7487,1.6592,327.5000,enc,-0.0001
1786092088.918026,0.1047,13.371353149414062,12.975049018859863,0.0773,-0.0067,0.0844,0.7567,1.6585,327.5000,enc,-0.0003
1786092089.025414,0.1074,20.872421264648438,19.096141815185547,0.1172,-0.0302,0.0834,0.7693,1.6553,328.0000,enc,-0.0004
1786092089.127176,0.1018,24.122068405151367,25.957624435424805,0.1468,0.0312,0.0820,0.7841,1.6584,328.0000,enc,0.0007
1786092089.233765,0.1066,25.310171127319336,25.517553329467773,0.1490,0.0035,0.0806,0.8000,1.6588,327.9375,enc,-0.0002
1786092089.339089,0.1053,17.955968856811523,18.35419464111328,0.1065,0.0068,0.0796,0.8111,1.6595,328.0625,enc,0.0003
1786092089.444814,0.1057,6.163081645965576,6.34930419921875,0.0367,0.0032,0.0793,0.8150,1.6599,328.1875,enc,-0.0001
1786092089.550883,0.1061,0.26741859316825867,0.21707238256931305,0.0014,-0.0009,0.0793,0.8152,1.6598,328.2500,enc,-0.0002
1786092089.655357,0.1045,-0.058739278465509415,-0.6377407312393188,-0.0020,-0.0098,0.0794,0.8150,1.6587,328.2500,enc,-0.0007
1786092089.761040,0.1057,-0.026616519317030907,-0.28897935152053833,-0.0009,-0.0045,0.0795,0.8149,1.6583,328.2500,enc,-0.0007
1786092089.863826,0.1028,0.055542223155498505,-0.023749087005853653,0.0001,-0.0013,0.0795,0.8149,1.6581,328.2500,enc,-0.0001
1786092089.962806,0.0990,1.4641376733779907,1.5168650150299072,0.0087,0.0009,0.0794,0.8157,1.6582,327.6250,enc,-0.0002
1786092090.069312,0.1065,7.874532699584961,7.265107154846191,0.0444,-0.0104,0.0790,0.8204,1.6571,327.5000,enc,-0.0001
1786092090.266066,0.1968,15.006911277770996,15.512748718261719,0.0895,0.0086,0.0772,0.8380,1.6588,327.0000,enc,0.0014
1786092090.275688,0.0096,23.34137535095215,23.525527954101562,0.1374,0.0031,0.0771,0.8393,1.6588,327.0625,enc,-0.0012
1786092090.512008,0.2363,27.49555778503418,27.654382705688477,0.1617,0.0027,0.0738,0.8774,1.6595,326.6875,enc,-0.0006
1786092090.512823,0.0008,26.296361923217773,26.481714248657227,0.1548,0.0032,0.0738,0.8775,1.6595,326.6875,enc,0.0001
1786092090.588403,0.0756,28.329553604125977,28.566444396972656,0.1668,0.0040,0.0726,0.8900,1.6598,326.4375,enc,0.0008
1786092090.753464,0.1651,27.715646743774414,27.900480270385742,0.1631,0.0031,0.0702,0.9168,1.6603,326.4375,enc,0.0005
1786092090.793945,0.0405,26.66870880126953,26.747770309448242,0.1566,0.0013,0.0696,0.9232,1.6604,326.5625,enc,0.0003
1786092090.996341,0.2024,25.06168556213379,24.00894546508789,0.1439,-0.0179,0.0663,0.9521,1.6567,326.3750,enc,0.0039
1786092091.003195,0.0069,24.86540412902832,25.728031158447266,0.1483,0.0147,0.0662,0.9531,1.6568,326.5000,enc,-0.0025
1786092091.242320,0.2391,26.167978286743164,26.089418411254883,0.1532,-0.0013,0.0631,0.9896,1.6565,326.5000,enc,0.0001
1786092091.242404,0.0001,26.504690170288086,26.47814178466797,0.1554,-0.0005,0.0631,0.9896,1.6565,326.3125,enc,-0.0001
1786092091.340505,0.0981,26.58578109741211,24.643892288208008,0.1502,-0.0330,0.0619,1.0043,1.6533,326.4375,enc,-0.0005
1786092091.497017,0.1565,24.53687286376953,26.63330841064453,0.1500,0.0356,0.0598,1.0277,1.6589,326.2500,enc,-0.0001
1786092091.524499,0.0275,26.622177124023438,26.595670700073242,0.1560,-0.0005,0.0595,1.0320,1.6588,326.1875,enc,0.0003
1786092091.749942,0.2254,26.839521408081055,26.839521408081055,0.1574,0.0000,0.0564,1.0673,1.6588,326.2500,enc,-0.0002
1786092091.749991,0.0000,24.268396377563477,24.32154655456543,0.1425,0.0009,0.0564,1.0673,1.6588,323.9375,enc,-0.0004
1786092091.831736,0.0817,26.66413116455078,26.717342376708984,0.1565,0.0009,0.0553,1.0801,1.6589,319.9375,enc,-0.0002
1786092092.003585,0.1718,26.704721450805664,26.731178283691406,0.1567,0.0004,0.0529,1.1069,1.6590,316.6250,enc,-0.0001
1786092092.048177,0.0446,23.91377830505371,23.91377830505371,0.1402,0.0000,0.0523,1.1131,1.6590,312.8750,enc,0.0004
1786092092.253641,0.2055,26.480205535888672,26.506471633911133,0.1554,0.0004,0.0495,1.1449,1.6591,310.0000,enc,0.0001
1786092092.253714,0.0001,26.743379592895508,26.743379592895508,0.1568,0.0000,0.0495,1.1449,1.6591,307.0625,enc,-0.0004
1786092092.500895,0.2472,26.323795318603516,26.350093841552734,0.1544,0.0004,0.0461,1.1830,1.6592,304.3750,enc,0.0001
1786092092.500960,0.0001,24.33811378479004,24.284996032714844,0.1426,-0.0009,0.0461,1.1830,1.6592,302.1875,enc,0.0004
1786092092.561389,0.0604,26.53824806213379,26.458959579467773,0.1554,-0.0013,0.0453,1.1923,1.6591,299.6250,enc,0.0001
1786092092.749671,0.1883,26.465076446533203,26.412431716918945,0.1550,-0.0009,0.0427,1.2214,1.6590,299.6250,enc,0.0002
1786092092.765602,0.0159,26.8076171875,26.8076171875,0.1572,0.0000,0.0425,1.2239,1.6590,299.6875,enc,0.0000
1786092092.998325,0.2327,23.72902488708496,23.72902488708496,0.1392,0.0000,0.0396,1.2562,1.6590,299.5000,enc,0.0002
1786092092.999376,0.0011,22.03766441345215,22.144126892089844,0.1295,0.0018,0.0396,1.2563,1.6590,299.5625,enc,-0.0002
1786092093.077964,0.0786,12.255339622497559,12.387508392333984,0.0723,0.0022,0.0391,1.2620,1.6591,299.6250,enc,-0.0001
1786092093.249019,0.1711,2.932548999786377,2.7994441986083984,0.0168,-0.0023,0.0389,1.2648,1.6587,299.6875,enc,-0.0005
1786092093.283571,0.0346,-0.053084082901477814,-0.2638928294181824,-0.0009,-0.0036,0.0389,1.2648,1.6586,299.6875,enc,-0.0011
1786092093.500352,0.2168,-0.024110097438097,-0.26176679134368896,-0.0008,-0.0040,0.0391,1.2646,1.6577,297.5000,enc,-0.0008
1786092093.500430,0.0001,0.0,0.0,0.0000,0.0000,0.0391,1.2646,1.6577,293.8125,enc,0.0000
1786092093.596894,0.0965,-0.1954924464225769,-0.24818377196788788,-0.0013,-0.0009,0.0391,1.2645,1.6577,290.8125,enc,0.0000
1786092093.750995,0.1541,-4.062217712402344,-4.009382247924805,-0.0237,0.0009,0.0394,1.2609,1.6578,288.0625,enc,0.0006
1786092093.805890,0.0549,-9.398180961608887,-9.238457679748535,-0.0546,0.0027,0.0396,1.2579,1.6579,285.8750,enc,0.0006
1786092094.003732,0.1978,-11.989871978759766,-11.462928771972656,-0.0688,0.0090,0.0411,1.2443,1.6597,284.3125,enc,-0.0015
1786092094.009421,0.0057,-13.44605541229248,-14.05393123626709,-0.0806,-0.0103,0.0411,1.2439,1.6597,283.5625,enc,0.0008
1786092094.255924,0.2465,-14.436616897583008,-14.436616897583008,-0.0847,0.0000,0.0433,1.2231,1.6597,283.3125,enc,-0.0011
1786092094.255999,0.0001,-13.718225479125977,-13.744498252868652,-0.0805,-0.0004,0.0433,1.2231,1.6597,283.3125,enc,0.0006
1786092094.319400,0.0634,-12.29256534576416,-12.266154289245605,-0.0720,0.0004,0.0437,1.2186,1.6597,283.3125,enc,-0.0003
1786092094.511837,0.1924,-13.433772087097168,-13.40717601776123,-0.0787,0.0005,0.0451,1.2035,1.6598,283.2500,enc,-0.0005
1786092094.526963,0.0151,-13.279812812805176,-13.226715087890625,-0.0777,0.0009,0.0452,1.2023,1.6598,283.3125,enc,0.0006
1786092094.772699,0.2457,-13.0989990234375,-12.573332786560059,-0.0753,0.0089,0.0465,1.1839,1.6620,284.0000,enc,0.0015
1786092094.772764,0.0001,-12.189589500427246,-12.694137573242188,-0.0730,-0.0086,0.0465,1.1839,1.6620,284.6875,enc,-0.0023
1786092094.838574,0.0658,-13.35012149810791,-13.296998023986816,-0.0781,0.0009,0.0470,1.1787,1.6620,285.1875,enc,0.0006
1786092095.020032,0.1815,-13.170262336730957,-13.223006248474121,-0.0774,-0.0009,0.0483,1.1648,1.6619,285.7500,enc,-0.0004
1786092095.045681,0.0256,-12.159842491149902,-12.266156196594238,-0.0716,-0.0018,0.0485,1.1629,1.6618,286.7500,enc,-0.0006
1786092095.152997,0.1073,-13.272396087646484,-13.272396087646484,-0.0778,0.0000,0.0492,1.1546,1.6618,287.1875,enc,0.0002
1786092095.257448,0.1045,-13.190194129943848,-13.163893699645996,-0.0773,0.0004,0.0499,1.1466,1.6619,288.1250,enc,0.0005
1786092095.362244,0.1048,-13.308672904968262,-13.38784122467041,-0.0783,-0.0013,0.0507,1.1384,1.6617,289.1875,enc,-0.0003
1786092095.464895,0.1027,-12.058127403259277,-12.058127403259277,-0.0707,0.0000,0.0513,1.1312,1.6617,289.6250,enc,0.0004
1786092095.569321,0.1044,-13.377095222473145,-13.324117660522461,-0.0783,0.0009,0.0520,1.1230,1.6618,290.5625,enc,0.0007
1786092095.672001,0.1027,-13.190539360046387,-13.216768264770508,-0.0774,-0.0004,0.0528,1.1151,1.6618,291.5000,enc,-0.0006
1786092095.777990,0.1060,-13.250898361206055,-13.250898361206055,-0.0777,0.0000,0.0535,1.1069,1.6618,292.1250,enc,0.0002
1786092095.878907,0.1009,-12.034262657165527,-11.981023788452148,-0.0704,0.0009,0.0541,1.0998,1.6619,292.9375,enc,0.0008
1786092095.981384,0.1025,-13.256427764892578,-13.256427764892578,-0.0777,0.0000,0.0549,1.0919,1.6619,293.8750,enc,-0.0006
1786092096.089032,0.1076,-13.486783027648926,-13.619808197021484,-0.0795,-0.0023,0.0557,1.0834,1.6616,295.0625,enc,-0.0003
1786092096.189359,0.1003,-13.218245506286621,-12.260313034057617,-0.0747,0.0163,0.0562,1.0759,1.6633,295.9375,enc,0.0011
1786092096.294675,0.1053,-12.291269302368164,-13.222719192504883,-0.0748,-0.0158,0.0569,1.0681,1.6616,296.3125,enc,0.0001
1786092096.396640,0.1020,-13.254161834716797,-13.30686092376709,-0.0779,-0.0009,0.0578,1.0602,1.6615,297.1875,enc,-0.0009
1786092096.500683,0.1040,-13.373624801635742,-13.2671480178833,-0.0781,0.0018,0.0584,1.0521,1.6617,297.6875,enc,0.0009
1786092096.605017,0.1043,-11.919431686401367,-11.919431686401367,-0.0699,0.0000,0.0591,1.0448,1.6617,298.6250,enc,0.0000
1786092096.709033,0.1040,-8.035316467285156,-8.193418502807617,-0.0476,-0.0027,0.0595,1.0399,1.6614,299.7500,enc,0.0000
1786092096.814000,0.1050,-1.4887033700942993,-1.6483725309371948,-0.0092,-0.0027,0.0596,1.0389,1.6611,300.4375,enc,0.0004
1786092096.918800,0.1048,0.07973351329565048,0.2384338676929474,0.0009,0.0027,0.0596,1.0390,1.6614,300.9375,enc,-0.0002
1786092097.015793,0.0970,0.0,0.0,0.0000,0.0000,0.0596,1.0390,1.6614,301.1875,enc,0.0000
1786092097.126040,0.1102,-0.2588297426700592,-0.31151190400123596,-0.0017,-0.0009,0.0596,1.0388,1.6613,301.1875,enc,0.0002
1786092097.225666,0.0996,-3.4814810752868652,-3.5345044136047363,-0.0206,-0.0009,0.0597,1.0368,1.6612,301.3750,enc,0.0009
1786092097.328557,0.1029,-8.079075813293457,-7.446890354156494,-0.0455,0.0107,0.0601,1.0321,1.6623,301.3750,enc,-0.0002
1786092097.433501,0.1049,-11.60036563873291,-12.02619457244873,-0.0693,-0.0072,0.0607,1.0249,1.6616,301.5625,enc,0.0009
1786092097.535465,0.1020,-13.9580659866333,-13.984674453735352,-0.0819,-0.0005,0.0616,1.0165,1.6615,302.0000,enc,-0.0020
1786092097.637762,0.1023,-13.632311820983887,-12.993803024291992,-0.0781,0.0109,0.0626,1.0086,1.6626,302.4375,enc,-0.0028
1786092097.743130,0.1054,-13.372492790222168,-13.92996883392334,-0.0801,-0.0095,0.0631,1.0002,1.6616,303.5000,enc,0.0025
1786092097.847312,0.1042,-13.664944648742676,-13.638335227966309,-0.0801,0.0005,0.0639,0.9919,1.6617,304.0000,enc,-0.0005
1786092097.950499,0.1032,-13.276741981506348,-13.276741981506348,-0.0779,0.0000,0.0647,0.9839,1.6617,304.4375,enc,-0.0004
1786092098.054861,0.1044,-12.017400741577148,-12.043965339660645,-0.0706,-0.0005,0.0653,0.9766,1.6616,305.2500,enc,0.0007
1786092098.157657,0.1028,-13.345230102539062,-13.318619728088379,-0.0782,0.0005,0.0661,0.9686,1.6617,306.0625,enc,-0.0003
1786092098.261832,0.1042,-13.281454086303711,-13.281454086303711,-0.0779,0.0000,0.0668,0.9605,1.6617,306.8125,enc,-0.0004
1786092098.364834,0.1030,-11.946266174316406,-12.02545166015625,-0.0703,-0.0013,0.0674,0.9533,1.6615,307.3125,enc,0.0007
1786092098.468593,0.1038,-13.319409370422363,-13.3726224899292,-0.0783,-0.0009,0.0682,0.9452,1.6615,308.2500,enc,-0.0006
1786092098.572278,0.1037,-13.313345909118652,-13.366028785705566,-0.0782,-0.0009,0.0690,0.9371,1.6614,308.8125,enc,-0.0006
1786092098.673991,0.1017,-13.409213066101074,-13.329917907714844,-0.0784,0.0013,0.0697,0.9292,1.6615,309.3125,enc,0.0005
1786092098.780309,0.1063,-12.159334182739258,-12.106108665466309,-0.0711,0.0009,0.0704,0.9216,1.6616,309.3750,enc,0.0002
1786092098.884003,0.1037,-13.309982299804688,-13.309982299804688,-0.0781,0.0000,0.0711,0.9136,1.6616,309.3750,enc,-0.0002
1786092098.983979,0.1000,-13.240822792053223,-13.214421272277832,-0.0776,0.0004,0.0718,0.9058,1.6616,309.2500,enc,0.0005
1786092099.091987,0.1080,-12.709485054016113,-12.150915145874023,-0.0729,0.0095,0.0726,0.8980,1.6627,309.2500,enc,-0.0010
1786092099.190248,0.0983,-12.74522876739502,-13.276744842529297,-0.0763,-0.0090,0.0732,0.8905,1.6618,309.9375,enc,0.0011
1786092099.295303,0.1051,-13.237184524536133,-13.210978507995605,-0.0776,0.0004,0.0739,0.8824,1.6618,311.3750,enc,-0.0003
1786092099.410008,0.1147,-13.341605186462402,-13.2883882522583,-0.0781,0.0009,0.0747,0.8735,1.6619,312.2500,enc,0.0008
1786092099.509745,0.0997,-12.045378684997559,-12.019089698791504,-0.0706,0.0004,0.0754,0.8665,1.6620,313.1875,enc,-0.0005
1786092099.610872,0.1011,-13.412636756896973,-13.465585708618164,-0.0788,-0.0009,0.0761,0.8586,1.6619,313.6250,enc,-0.0002
1786092099.716690,0.1058,-13.178398132324219,-13.284418106079102,-0.0776,-0.0018,0.0768,0.8504,1.6617,314.4375,enc,0.0009
1786092099.818682,0.1020,-13.10718822479248,-13.212127685546875,-0.0772,-0.0018,0.0775,0.8425,1.6615,315.2500,enc,0.0000
1786092099.923223,0.1045,-12.13570785522461,-12.188922882080078,-0.0713,-0.0009,0.0782,0.8351,1.6614,316.0000,enc,-0.0004
1786092100.022972,0.0997,-13.260136604309082,-13.180973052978516,-0.0775,0.0013,0.0788,0.8274,1.6615,316.7500,enc,0.0005
1786092100.140022,0.1171,-10.545441627502441,-10.649393081665039,-0.0621,-0.0018,0.0795,0.8202,1.6613,316.9375,enc,0.0000
1786092100.235819,0.0958,-3.2629945278167725,-3.3425798416137695,-0.0194,-0.0014,0.0796,0.8183,1.6612,317.0625,enc,0.0001
1786092100.342884,0.1071,0.10307756066322327,0.18210369348526,0.0008,0.0013,0.0797,0.8184,1.6614,317.0625,enc,-0.0005
1786092100.444024,0.1011,0.0,0.0,0.0000,0.0000,0.0797,0.8184,1.6614,317.0625,enc,0.0000
1786092100.543986,0.1000,0.0,0.0,0.0000,0.0000,0.0797,0.8184,1.6614,317.5625,enc,0.0000
1786092100.647135,0.1031,-0.028827283531427383,-0.0026551445480436087,-0.0001,0.0004,0.0797,0.8184,1.6614,318.5000,enc,0.0001
1786092100.755019,0.1079,-0.8104273080825806,-0.6518654227256775,-0.0043,0.0027,0.0797,0.8179,1.6617,318.6875,enc,0.0002
1786092100.857794,0.1028,-4.760920524597168,-5.000373840332031,-0.0286,-0.0041,0.0800,0.8150,1.6613,318.7500,enc,-0.0007
1786092100.966415,0.1086,-9.635562896728516,-9.480271339416504,-0.0561,0.0026,0.0805,0.8089,1.6616,319.0625,enc,0.0004
1786092101.066871,0.1005,-8.042055130004883,-8.121881484985352,-0.0474,-0.0014,0.0809,0.8042,1.6614,320.0000,enc,0.0008
1786092101.171083,0.1042,-2.685370445251465,-2.763927698135376,-0.0160,-0.0013,0.0810,0.8025,1.6613,319.9375,enc,0.0001
1786092101.273414,0.1023,-0.12718334794044495,-0.12718334794044495,-0.0007,0.0000,0.0811,0.8025,1.6613,319.8750,enc,-0.0004
1786092101.375847,0.1024,0.0,0.0,0.0000,0.0000,0.0811,0.8025,1.6613,319.8750,enc,0.0000
1786092101.481424,0.1056,0.0,0.0,0.0000,0.0000,0.0811,0.8025,1.6613,319.8750,enc,0.0000
1786092101.582175,0.1008,0.0,0.0,0.0000,0.0000,0.0811,0.8025,1.6613,320.1250,enc,0.0000
1786092101.686808,0.1046,0.0,0.0,0.0000,0.0000,0.0811,0.8025,1.6613,320.5625,enc,0.0000
1786092101.792521,0.1057,0.0,0.0,0.0000,0.0000,0.0811,0.8025,1.6613,320.9375,enc,0.0000
1786092101.896249,0.1037,0.0,0.0,0.0000,0.0000,0.0811,0.8025,1.6613,321.1875,enc,0.0000
1786092101.997719,0.1015,0.0,0.0,0.0000,0.0000,0.0811,0.8025,1.6613,321.3750,enc,0.0000
1786092102.107027,0.1093,0.0,0.0,0.0000,0.0000,0.0811,0.8025,1.6613,321.5000,enc,0.0000
1786092102.208209,0.1012,0.0,0.0,0.0000,0.0000,0.0811,0.8025,1.6613,321.5625,enc,0.0000
1786092102.314485,0.1063,0.0,0.0,0.0000,0.0000,0.0811,0.8025,1.6613,321.5625,enc,0.0000
1786092102.428928,0.1144,0.0,0.0,0.0000,0.0000,0.0811,0.8025,1.6613,321.8125,enc,0.0000
1786092102.528881,0.1000,0.0,0.0,0.0000,0.0000,0.0811,0.8025,1.6613,322.0000,enc,0.0000
1786092102.625201,0.0963,0.0,0.0,0.0000,0.0000,0.0811,0.8025,1.6613,322.1250,enc,0.0000
1786092102.727926,0.1027,0.0,0.0,0.0000,0.0000,0.0811,0.8025,1.6613,322.1250,enc,0.0000
1786092102.837018,0.1091,0.0,0.0,0.0000,0.0000,0.0811,0.8025,1.6613,322.3125,enc,0.0000
1786092102.936257,0.0992,0.0,0.0,0.0000,0.0000,0.0811,0.8025,1.6613,322.3125,enc,0.0000
1786092103.040163,0.1039,0.0,0.0,0.0000,0.0000,0.0811,0.8025,1.6613,322.3750,enc,0.0000
1786092103.148978,0.1088,0.0,0.0,0.0000,0.0000,0.0811,0.8025,1.6613,322.3750,enc,0.0000
1786092103.250636,0.1017,0.0,0.0,0.0000,0.0000,0.0811,0.8025,1.6613,322.3750,enc,0.0000
1786092103.351657,0.1010,0.0,0.0,0.0000,0.0000,0.0811,0.8025,1.6613,322.3750,enc,0.0000
1786092103.460882,0.1092,0.0,0.0,0.0000,0.0000,0.0811,0.8025,1.6613,322.3750,enc,0.0000
1786092103.561492,0.1006,0.0,0.0,0.0000,0.0000,0.0811,0.8025,1.6613,322.3750,enc,0.0000
1786092103.662483,0.1010,0.0,0.0,0.0000,0.0000,0.0811,0.8025,1.6613,322.3750,enc,0.0000
1786092103.769279,0.1068,0.0,0.0,0.0000,0.0000,0.0811,0.8025,1.6613,322.3750,enc,0.0000
1786092103.873991,0.1047,0.0,0.0,0.0000,0.0000,0.0811,0.8025,1.6613,322.3750,enc,0.0000
1786092103.976303,0.1023,0.0,0.0,0.0000,0.0000,0.0811,0.8025,1.6613,322.3750,enc,0.0000
1786092104.077483,0.1012,0.0,0.0,0.0000,0.0000,0.0811,0.8025,1.6613,322.3750,enc,0.0000
1786092104.183991,0.1065,0.0,0.0,0.0000,0.0000,0.0811,0.8025,1.6613,322.3750,enc,0.0000
1786092104.284850,0.1009,0.0,0.0,0.0000,0.0000,0.0811,0.8025,1.6613,322.3750,enc,0.0000
1786092104.388520,0.1037,0.0,0.0,0.0000,0.0000,0.0811,0.8025,1.6613,322.3750,enc,0.0000
1786092104.503038,0.1145,0.0,0.0,0.0000,0.0000,0.0811,0.8025,1.6613,322.3750,enc,0.0000
1786092104.597440,0.0944,0.0,0.0,0.0000,0.0000,0.0811,0.8025,1.6613,322.3750,enc,0.0000
1786092104.700698,0.1033,0.0,0.0,0.0000,0.0000,0.0811,0.8025,1.6613,322.3750,enc,0.0000
1786092104.805983,0.1053,0.0,0.0,0.0000,0.0000,0.0811,0.8025,1.6613,322.3750,enc,0.0000
1786092104.908822,0.1028,0.0,0.0,0.0000,0.0000,0.0811,0.8025,1.6613,322.3750,enc,0.0000
1786092105.012429,0.1036,0.0,0.0,0.0000,0.0000,0.0811,0.8025,1.6613,322.3750,enc,0.0000
1786092105.266821,0.2544,0.0,0.0,0.0000,0.0000,0.0811,0.8025,1.6613,322.3750,enc,0.0000
1786092105.266881,0.0001,0.0,0.0,0.0000,0.0000,0.0811,0.8025,1.6613,322.3750,enc,0.0000
1786092105.324268,0.0574,0.0,0.0,0.0000,0.0000,0.0811,0.8025,1.6613,322.3750,enc,0.0000
1786092105.523248,0.1990,0.0,0.0,0.0000,0.0000,0.0811,0.8025,1.6613,322.3750,enc,0.0000
1786092105.528274,0.0050,0.0,0.0,0.0000,0.0000,0.0811,0.8025,1.6613,322.3750,enc,0.0000
1786092105.776581,0.2483,0.3539895713329315,0.40668705105781555,0.0022,0.0009,0.0811,0.8030,1.6615,322.3750,enc,-0.0004
1786092105.776739,0.0002,4.464449882507324,3.8326125144958496,0.0243,-0.0107,0.0811,0.8030,1.6615,322.4375,enc,0.0000
1786092105.843499,0.0668,11.494007110595703,11.838010787963867,0.0684,0.0058,0.0807,0.8076,1.6619,323.3125,enc,-0.0003
1786092106.034923,0.1914,20.49207878112793,20.43940544128418,0.1200,-0.0009,0.0786,0.8305,1.6617,323.8125,enc,0.0002
1786092106.046750,0.0118,26.052597045898438,26.292131423950195,0.1535,0.0041,0.0784,0.8323,1.6618,323.7500,enc,-0.0003
1786092106.283716,0.2370,26.115238189697266,26.354759216308594,0.1539,0.0041,0.0752,0.8686,1.6627,323.9375,enc,-0.0003
1786092106.283794,0.0001,28.632715225219727,28.8697566986084,0.1686,0.0040,0.0752,0.8686,1.6627,323.8750,enc,-0.0001
1786092106.358022,0.0742,28.237306594848633,28.34312629699707,0.1659,0.0018,0.0740,0.8808,1.6629,323.6875,enc,0.0002
1786092106.529896,0.1719,27.23697280883789,26.279069900512695,0.1569,-0.0163,0.0721,0.9078,1.6601,323.8125,enc,-0.0030
1786092106.564377,0.0345,24.386775970458984,25.476943969726562,0.1462,0.0185,0.0715,0.9128,1.6607,323.6875,enc,0.0037
1786092106.782063,0.2177,26.558002471923828,26.478178024291992,0.1555,-0.0014,0.0685,0.9465,1.6604,323.6875,enc,0.0003
1786092106.782169,0.0001,26.299911499023438,25.235498428344727,0.1511,-0.0181,0.0685,0.9465,1.6604,322.8125,enc,-0.0030
1786092106.876016,0.0938,24.24077796936035,25.09185791015625,0.1447,0.0145,0.0668,0.9600,1.6618,320.5625,enc,0.0041
1786092107.034819,0.1588,26.715242385864258,26.688705444335938,0.1566,-0.0005,0.0646,0.9847,1.6617,320.7500,enc,-0.0003
1786092107.080362,0.0455,26.68021011352539,26.733325958251953,0.1566,0.0009,0.0640,0.9919,1.6617,320.6250,enc,-0.0006
1786092107.285304,0.2049,23.91520118713379,23.99491310119629,0.1405,0.0014,0.0613,1.0205,1.6620,320.5000,enc,0.0005
1786092107.289338,0.0040,21.823036193847656,22.133594512939453,0.1289,0.0053,0.0612,1.0210,1.6620,320.4375,enc,0.0005
1786092107.535903,0.2466,14.105969429016113,14.212493896484375,0.0830,0.0018,0.0594,1.0414,1.6625,320.3750,enc,0.0000
1786092107.536819,0.0009,8.914443016052246,8.708104133605957,0.0517,-0.0035,0.0594,1.0415,1.6625,320.6250,enc,-0.0004
1786092107.619394,0.0826,12.185527801513672,11.787470817565918,0.0703,-0.0068,0.0588,1.0472,1.6619,320.5625,enc,0.0005
1786092107.783820,0.1644,24.24228286743164,17.303077697753906,0.1218,-0.1180,0.0535,1.0669,1.6425,317.6875,enc,0.0234
1786092107.813799,0.0300,16.449735641479492,23.212614059448242,0.1163,0.1150,0.0540,1.0705,1.6460,315.5625,enc,-0.0248
1786092108.034865,0.2211,27.11713409423828,27.24951934814453,0.1594,0.0023,0.0516,1.1056,1.6465,313.1250,enc,-0.0010
1786092108.034937,0.0001,28.634124755859375,28.71398162841797,0.1682,0.0014,0.0516,1.1056,1.6465,310.8125,enc,0.0005
1786092108.124272,0.0893,25.63014793395996,25.789451599121094,0.1508,0.0027,0.0505,1.1191,1.6467,310.6250,enc,0.0004
1786092108.292531,0.1683,27.73987579345703,27.846349716186523,0.1630,0.0018,0.0483,1.1464,1.6470,310.5625,enc,0.0006
1786092108.328498,0.0360,26.913333892822266,26.966468811035156,0.1580,0.0009,0.0479,1.1521,1.6471,310.6875,enc,0.0004
1786092108.537803,0.2093,24.226886749267578,24.147253036499023,0.1418,-0.0014,0.0456,1.1817,1.6468,310.5625,enc,0.0001
1786092108.540720,0.0029,26.4687557220459,26.336294174194336,0.1548,-0.0023,0.0456,1.1821,1.6468,310.6250,enc,0.0007
1786092108.788344,0.2476,26.515390396118164,26.462200164794922,0.1553,-0.0009,0.0427,1.2205,1.6465,308.3750,enc,0.0000
1786092108.790005,0.0017,26.275455474853516,25.275146484375,0.1512,-0.0170,0.0426,1.2207,1.6465,305.8125,enc,-0.0035
1786092108.844502,0.0545,24.275667190551758,25.3331298828125,0.1455,0.0180,0.0418,1.2286,1.6475,305.9375,enc,0.0035
1786092109.043813,0.1993,26.63198471069336,26.73838233947754,0.1565,0.0018,0.0395,1.2597,1.6479,305.9375,enc,-0.0002
1786092109.052788,0.0090,26.57659149169922,26.57659149169922,0.1559,0.0000,0.0394,1.2611,1.6479,305.7500,enc,0.0000
1786092109.297135,0.2443,26.364519119262695,24.385631561279297,0.1488,-0.0336,0.0369,1.2974,1.6396,305.8125,enc,-0.0001
1786092109.297225,0.0001,24.442691802978516,26.57112693786621,0.1496,0.0362,0.0369,1.2974,1.6396,305.8125,enc,-0.0002
1786092109.365542,0.0683,26.4642391204834,26.437952041625977,0.1551,-0.0004,0.0362,1.3080,1.6396,305.6250,enc,-0.0003
1786092109.547911,0.1824,26.687698364257812,26.687698364257812,0.1565,0.0000,0.0343,1.3365,1.6396,305.8750,enc,-0.0002
1786092109.571525,0.0236,24.109209060668945,24.109209060668945,0.1414,0.0000,0.0340,1.3398,1.6396,305.6250,enc,0.0000
1786092109.802501,0.2310,26.84160041809082,26.815000534057617,0.1573,-0.0005,0.0314,1.3760,1.6395,305.7500,enc,0.0005
1786092109.802581,0.0001,26.6195125579834,26.67263412475586,0.1563,0.0009,0.0314,1.3760,1.6395,305.8125,enc,-0.0002
1786092109.881523,0.0789,26.54745864868164,24.503747940063477,0.1497,-0.0347,0.0306,1.3878,1.6368,305.6250,enc,0.0001
1786092110.058936,0.1774,24.24112319946289,26.242107391357422,0.1480,0.0340,0.0286,1.4140,1.6428,305.8750,enc,0.0006
1786092110.089045,0.0301,26.3862247467041,26.307294845581055,0.1545,-0.0013,0.0283,1.4187,1.6428,305.8750,enc,-0.0003
1786092110.196563,0.1075,26.846162796020508,26.739717483520508,0.1571,-0.0018,0.0271,1.4355,1.6426,305.8125,enc,0.0002
1786092110.296952,0.1004,26.35247802734375,26.35247802734375,0.1545,0.0000,0.0260,1.4510,1.6426,305.8750,enc,0.0002
1786092110.400119,0.1032,24.34400177001953,24.39710807800293,0.1429,0.0009,0.0249,1.4657,1.6427,305.8125,enc,-0.0002
1786092110.510133,0.1100,26.75433349609375,26.727725982666016,0.1568,-0.0005,0.0237,1.4829,1.6426,305.8125,enc,0.0003
1786092110.609065,0.0989,26.46407127380371,26.516754150390625,0.1553,0.0009,0.0226,1.4982,1.6427,305.8750,enc,-0.0004
1786092110.711176,0.1021,24.263774871826172,24.31670570373535,0.1424,0.0009,0.0215,1.5127,1.6428,305.8125,enc,0.0000
1786092110.819973,0.1088,26.735740661621094,26.788965225219727,0.1569,0.0009,0.0203,1.5298,1.6429,305.8750,enc,0.0000
1786092110.921956,0.1020,26.379108428955078,26.379108428955078,0.1547,0.0000,0.0192,1.5455,1.6429,305.9375,enc,-0.0004
1786092111.025747,0.1038,26.60442352294922,26.498811721801758,0.1557,-0.0018,0.0180,1.5616,1.6427,305.6250,enc,0.0004
1786092111.128547,0.1028,24.303953170776367,24.330535888671875,0.1426,0.0005,0.0169,1.5762,1.6427,305.8750,enc,0.0001
1786092111.233046,0.1045,26.685213088989258,26.685213088989258,0.1565,0.0000,0.0158,1.5926,1.6427,305.7500,enc,-0.0002
1786092111.335150,0.1021,26.79018783569336,26.816795349121094,0.1572,0.0005,0.0146,1.6086,1.6428,305.7500,enc,0.0001
1786092111.439388,0.1042,24.28611183166504,24.28611183166504,0.1424,0.0000,0.0135,1.6234,1.6428,305.8750,enc,0.0002
1786092111.542814,0.1034,26.41244888305664,26.359846115112305,0.1547,-0.0009,0.0124,1.6393,1.6427,305.6875,enc,-0.0004
1786092111.645919,0.1031,26.663284301757812,26.663284301757812,0.1564,0.0000,0.0113,1.6554,1.6427,305.6875,enc,0.0000
1786092111.747024,0.1011,26.69538116455078,25.737388610839844,0.1537,-0.0163,0.0105,1.6709,1.6410,305.8125,enc,-0.0036
1786092111.855995,0.1090,24.094058990478516,25.121522903442383,0.1443,0.0175,0.0090,1.6866,1.6430,305.5000,enc,0.0036
1786092111.954728,0.0987,26.523731231689453,26.497417449951172,0.1555,-0.0004,0.0079,1.7019,1.6429,305.5625,enc,-0.0001
1786092112.058755,0.1040,26.829631805419922,26.80304527282715,0.1573,-0.0005,0.0068,1.7182,1.6429,305.5625,enc,-0.0003
1786092112.166187,0.1074,26.339746475219727,26.36606216430664,0.1545,0.0004,0.0056,1.7348,1.6429,305.3125,enc,-0.0001
1786092112.266153,0.1000,24.202964782714844,24.308677673339844,0.1422,0.0018,0.0046,1.7490,1.6431,305.5000,enc,-0.0002
1786092112.369872,0.1037,26.81369400024414,26.787092208862305,0.1572,-0.0005,0.0034,1.7652,1.6430,305.5000,enc,-0.0003
1786092112.478064,0.1082,26.411500930786133,26.411500930786133,0.1549,0.0000,0.0022,1.7819,1.6430,305.3750,enc,0.0004
1786092112.579755,0.1017,26.412425994873047,24.432327270507812,0.1491,-0.0337,0.0012,1.7971,1.6396,305.4375,enc,-0.0003
1786092112.683392,0.1036,24.37616729736328,26.425254821777344,0.1490,0.0348,0.0000,1.8125,1.6432,305.3125,enc,0.0001
1786092112.787848,0.1045,25.42064666748047,25.473865509033203,0.1492,0.0009,-0.0011,1.8280,1.6433,305.3125,enc,0.0004
1786092112.890945,0.1031,19.147855758666992,18.589073181152344,0.1107,-0.0095,-0.0018,1.8394,1.6423,305.5000,enc,-0.0018
1786092112.995004,0.1041,8.424741744995117,8.823790550231934,0.0506,0.0068,-0.0023,1.8446,1.6430,305.3750,enc,0.0018
1786092113.093662,0.0987,3.624744415283203,3.385254383087158,0.0206,-0.0041,-0.0024,1.8467,1.6426,305.3750,enc,-0.0007
1786092113.202996,0.1093,7.513071537017822,7.196812152862549,0.0431,-0.0054,-0.0027,1.8514,1.6421,305.3750,enc,-0.0004
1786092113.301671,0.0987,14.231056213378906,14.07136058807373,0.0830,-0.0027,-0.0032,1.8595,1.6418,305.3750,enc,-0.0008
1786092113.404660,0.1030,22.550065994262695,22.523509979248047,0.1322,-0.0005,-0.0043,1.8731,1.6417,305.3750,enc,0.0008
1786092113.514015,0.1094,26.917964935302734,27.023351669311523,0.1582,0.0018,-0.0054,1.8904,1.6419,305.3125,enc,-0.0006
1786092113.613137,0.0991,27.265880584716797,26.39021873474121,0.1573,-0.0149,-0.0070,1.9059,1.6405,305.1875,enc,0.0048
1786092113.719184,0.1060,27.47978973388672,28.90997314453125,0.1653,0.0243,-0.0079,1.9234,1.6430,305.1875,enc,-0.0035
1786092113.821897,0.1027,27.653902053833008,27.75919532775879,0.1625,0.0018,-0.0091,1.9401,1.6432,305.0625,enc,0.0000
1786092113.924976,0.1031,27.150062561035156,27.176612854003906,0.1593,0.0005,-0.0103,1.9564,1.6433,304.9375,enc,-0.0003
1786092114.029103,0.1041,24.182729721069336,24.262479782104492,0.1420,0.0014,-0.0113,1.9712,1.6434,305.1250,enc,-0.0001
1786092114.135961,0.1069,26.110124588012695,26.08378028869629,0.1530,-0.0004,-0.0125,1.9875,1.6434,305.0000,enc,-0.0003
1786092114.236382,0.1004,26.449079513549805,26.29022789001465,0.1546,-0.0027,-0.0136,2.0030,1.6431,305.0625,enc,0.0002
1786092114.339286,0.1029,26.403751373291016,24.487937927246094,0.1492,-0.0326,-0.0147,2.0183,1.6397,305.0625,enc,0.0000
1786092114.441885,0.1026,24.48356056213379,26.4254207611084,0.1493,0.0330,-0.0158,2.0336,1.6431,304.8750,enc,0.0003
1786092114.547056,0.1052,26.830381393432617,26.85699462890625,0.1574,0.0005,-0.0170,2.0501,1.6432,304.9375,enc,-0.0001
1786092114.649252,0.1022,26.563791275024414,24.621171951293945,0.1501,-0.0330,-0.0180,2.0654,1.6398,304.8750,enc,-0.0003
1786092114.749069,0.0998,24.45978355407715,26.344560623168945,0.1490,0.0320,-0.0192,2.0802,1.6430,304.8750,enc,0.0008
1786092114.856817,0.1077,26.653987884521484,26.70692253112793,0.1565,0.0009,-0.0204,2.0970,1.6431,305.0000,enc,0.0002
1786092114.956446,0.0996,26.710769653320312,26.604354858398438,0.1563,-0.0018,-0.0215,2.1126,1.6429,304.6875,enc,0.0000
1786092115.060354,0.1039,24.142492294311523,24.195226669311523,0.1417,0.0009,-0.0226,2.1273,1.6430,304.8125,enc,0.0004
1786092115.169036,0.1087,26.540142059326172,26.619197845458984,0.1559,0.0013,-0.0239,2.1442,1.6432,304.8125,enc,-0.0001
1786092115.268078,0.0990,26.60219383239746,26.522619247436523,0.1558,-0.0014,-0.0250,2.1595,1.6430,304.6875,enc,-0.0001
1786092115.372158,0.1041,26.52574348449707,26.552087783813477,0.1556,0.0004,-0.0261,2.1757,1.6431,304.7500,enc,-0.0001
1786092115.483969,0.1118,23.11142921447754,23.2168025970459,0.1358,0.0018,-0.0273,2.1908,1.6433,304.7500,enc,0.0004
1786092115.584089,0.1001,20.61760902404785,20.67082405090332,0.1211,0.0009,-0.0281,2.2029,1.6434,304.5625,enc,-0.0002
1786092115.687361,0.1033,10.322333335876465,10.269659996032715,0.0604,-0.0009,-0.0285,2.2092,1.6433,304.8125,enc,-0.0006
1786092115.789130,0.1018,1.8400031328201294,1.6036269664764404,0.0101,-0.0040,-0.0285,2.2102,1.6429,304.8750,enc,-0.0006
1786092115.895965,0.1068,-0.17601469159126282,-0.3354678452014923,-0.0015,-0.0027,-0.0284,2.2100,1.6426,304.8750,enc,-0.0007
1786092115.997529,0.1016,-0.010795463807880878,-0.11720789223909378,-0.0004,-0.0018,-0.0284,2.2100,1.6424,304.8750,enc,-0.0004
1786092116.100118,0.1026,0.0,0.0,0.0000,0.0000,-0.0284,2.2100,1.6424,304.8750,enc,0.0000
1786092116.216321,0.1162,0.03200698271393776,0.03200698271393776,0.0002,0.0000,-0.0284,2.2100,1.6424,304.8750,enc,0.0000
1786092116.312737,0.0964,0.0,0.0,0.0000,0.0000,-0.0284,2.2100,1.6424,276.1250,enc,0.0000
1786092116.409406,0.0967,0.0,0.0,0.0000,0.0000,-0.0284,2.2100,1.6424,253.0000,enc,0.0000
1786092116.518988,0.1096,0.0,0.0,0.0000,0.0000,-0.0284,2.2100,1.6424,234.2500,enc,0.0000
1786092116.620246,0.1013,0.0,0.0,0.0000,0.0000,-0.0284,2.2100,1.6424,219.1875,enc,0.0000
1786092116.722237,0.1020,0.0,0.0,0.0000,0.0000,-0.0284,2.2100,1.6424,206.7500,enc,0.0000
1786092116.828393,0.1062,0.0,0.0,0.0000,0.0000,-0.0284,2.2100,1.6424,196.5625,enc,0.0000
1786092116.931317,0.1029,0.0,0.0,0.0000,0.0000,-0.0284,2.2100,1.6424,188.3750,enc,0.0000
1786092117.033792,0.1025,0.0,0.0,0.0000,0.0000,-0.0284,2.2100,1.6424,181.8750,enc,0.0000
1786092117.139890,0.1061,0.0,0.0,0.0000,0.0000,-0.0284,2.2100,1.6424,176.4375,enc,0.0000
1786092117.244916,0.1050,-0.002670132089406252,-0.0289900042116642,-0.0001,-0.0004,-0.0284,2.2100,1.6423,172.0625,enc,-0.0001
1786092117.348355,0.1034,0.051770877093076706,-0.6836801171302795,-0.0019,-0.0125,-0.0283,2.2098,1.6410,168.8125,enc,-0.0006
1786092117.448971,0.1006,0.6159064173698425,-1.8322926759719849,-0.0036,-0.0416,-0.0284,2.2095,1.6369,165.8125,enc,0.0008
1786092117.553153,0.1042,2.793588399887085,-3.433842182159424,-0.0019,-0.1059,-0.0284,2.2093,1.6258,166.3750,enc,0.0006
1786092117.656064,0.1029,5.083301067352295,-5.433834075927734,-0.0010,-0.1788,-0.0284,2.2092,1.6074,165.5625,enc,-0.0005
1786092117.757472,0.1014,6.982986927032471,-6.534860134124756,0.0013,-0.2298,-0.0285,2.2093,1.5841,165.5000,enc,0.0013
1786092117.864986,0.1075,8.776361465454102,-8.998088836669922,-0.0007,-0.3021,-0.0283,2.2092,1.5516,166.6250,enc,-0.0016
1786092117.963542,0.0986,11.350380897521973,-11.222601890563965,0.0004,-0.3837,-0.0283,2.2093,1.5138,169.2500,enc,0.0000
1786092118.067380,0.1038,13.207200050354004,-13.399229049682617,-0.0006,-0.4523,-0.0283,2.2092,1.4669,172.0000,enc,-0.0002
1786092118.176021,0.1086,13.166309356689453,-13.134576797485352,0.0001,-0.4471,-0.0283,2.2092,1.4183,174.8750,enc,-0.0001
1786092118.278888,0.1029,15.147876739501953,-15.306463241577148,-0.0005,-0.5177,-0.0283,2.2092,1.3651,179.1250,enc,0.0001
1786092118.379014,0.1001,15.39305591583252,-15.585136413574219,-0.0006,-0.5266,-0.0283,2.2091,1.3123,183.0625,enc,-0.0006
1786092118.487019,0.1080,15.339761734008789,-15.181375503540039,0.0005,-0.5188,-0.0283,2.2091,1.2563,186.8125,enc,-0.0001
1786092118.589938,0.1029,13.715299606323242,-13.874090194702148,-0.0005,-0.4690,-0.0283,2.2091,1.2080,191.1250,enc,0.0001
1786092118.693033,0.1031,15.360930442810059,-15.200953483581543,0.0005,-0.5195,-0.0282,2.2091,1.1545,195.0625,enc,-0.0008
1786092118.799009,0.1060,15.042594909667969,-15.074289321899414,-0.0001,-0.5119,-0.0282,2.2091,1.1002,199.1250,enc,0.0007
1786092118.901972,0.1030,15.201332092285156,-14.217455863952637,0.0029,-0.5001,-0.0283,2.2095,1.0487,203.5625,enc,0.0021
1786092119.003894,0.1019,13.743449211120605,-14.543697357177734,-0.0023,-0.4808,-0.0282,2.2092,0.9997,207.3125,enc,-0.0022
1786092119.105207,0.1013,15.180768966674805,-15.276762008666992,-0.0003,-0.5177,-0.0283,2.2092,0.9473,211.3125,enc,0.0003
1786092119.210261,0.1051,15.243087768554688,-15.179444313049316,0.0002,-0.5171,-0.0282,2.2092,0.8930,215.6250,enc,-0.0002
1786092119.310385,0.1001,13.705506324768066,-14.025638580322266,-0.0009,-0.4714,-0.0283,2.2091,0.8458,219.5625,enc,0.0004
1786092119.413283,0.1029,15.375283241271973,-15.15118408203125,0.0007,-0.5189,-0.0283,2.2092,0.7924,223.6250,enc,0.0001
1786092119.521061,0.1078,15.089136123657227,-15.377198219299316,-0.0008,-0.5179,-0.0284,2.2092,0.7365,227.5000,enc,0.0007
1786092119.620367,0.0993,13.851463317871094,-13.787527084350586,0.0002,-0.4698,-0.0283,2.2091,0.6899,231.6250,enc,-0.0011
1786092119.724631,0.1043,15.07244873046875,-15.136312484741211,-0.0002,-0.5135,-0.0284,2.2091,0.6364,234.9375,enc,0.0004
1786092119.834877,0.1102,15.030766487121582,-15.09411907196045,-0.0002,-0.5121,-0.0283,2.2090,0.5799,238.9375,enc,-0.0007
1786092119.935177,0.1003,15.283188819885254,-14.206332206726074,0.0032,-0.5013,-0.0282,2.2094,0.5296,242.3750,enc,0.0030
1786092120.038916,0.1037,13.525957107543945,-14.671425819396973,-0.0034,-0.4793,-0.0284,2.2090,0.4799,246.0000,enc,-0.0028
1786092120.259148,0.2202,15.159452438354492,-14.906540870666504,0.0007,-0.5111,-0.0282,2.2091,0.3674,250.0000,enc,-0.0002
1786092120.259212,0.0001,15.11656379699707,-15.340544700622559,-0.0007,-0.5177,-0.0282,2.2091,0.3673,253.1875,enc,0.0007
1786092120.352599,0.0934,15.030874252319336,-14.87378978729248,0.0005,-0.5083,-0.0282,2.2090,0.3198,256.5000,enc,-0.0006
1786092120.505072,0.1525,13.623355865478516,-13.75,-0.0004,-0.4653,-0.0282,2.2091,0.2489,260.0000,enc,0.0006
1786092120.559399,0.0543,15.050880432128906,-15.114316940307617,-0.0002,-0.5127,-0.0282,2.2090,0.2210,263.3125,enc,-0.0007
1786092120.750403,0.1910,15.19998550415039,-15.104141235351562,0.0003,-0.5151,-0.0282,2.2091,0.1227,266.4375,enc,0.0003
1786092120.763727,0.0133,15.003809928894043,-15.035478591918945,-0.0001,-0.5106,-0.0282,2.2091,0.1159,269.6875,enc,0.0005
1786092121.004013,0.2403,13.88608169555664,-13.790324211120605,0.0003,-0.4704,-0.0281,2.2089,0.0028,273.0000,enc,-0.0008
1786092121.004273,0.0003,15.161913871765137,-15.257955551147461,-0.0003,-0.5171,-0.0281,2.2089,0.0027,276.3125,enc,0.0007
1786092121.073358,0.0691,15.273846626281738,-15.178038597106934,0.0003,-0.5176,-0.0281,2.2089,-0.0331,280.4375,enc,-0.0007
1786092121.249217,0.1759,13.84626293182373,-13.84626293182373,0.0000,-0.4707,-0.0281,2.2090,-0.1159,283.6875,enc,0.0006
1786092121.281448,0.0322,14.978824615478516,-15.105579376220703,-0.0004,-0.5114,-0.0281,2.2090,-0.1323,286.9375,enc,0.0002
1786092121.504008,0.2226,15.210664749145508,-15.115419387817383,0.0003,-0.5155,-0.0280,2.2090,-0.2471,290.6875,enc,0.0001
1786092121.504080,0.0001,15.130080223083496,-15.2581148147583,-0.0004,-0.5165,-0.0280,2.2090,-0.2471,294.1875,enc,0.0000
1786092121.599142,0.0951,13.845343589782715,-13.686882019042969,0.0005,-0.4680,-0.0280,2.2090,-0.2916,298.0000,enc,0.0003
1786092121.757558,0.1584,15.178692817687988,-15.051547050476074,0.0004,-0.5139,-0.0279,2.2090,-0.3730,301.6250,enc,0.0000
1786092121.806930,0.0494,15.250177383422852,-15.18617057800293,0.0002,-0.5174,-0.0279,2.2090,-0.3985,305.0000,enc,0.0002
1786092122.087648,0.2807,15.012128829956055,-14.410116195678711,0.0018,-0.5001,-0.0272,2.2092,-0.5389,308.0000,enc,0.0020
1786092122.087699,0.0001,13.643477439880371,-14.310272216796875,-0.0020,-0.4752,-0.0272,2.2092,-0.5390,311.6250,enc,-0.0021
1786092122.256638,0.1689,15.196564674377441,-15.228361129760742,-0.0001,-0.5172,-0.0273,2.2091,-0.6263,315.2500,enc,-0.0003
1786092122.256687,0.0000,15.06472110748291,-15.224664688110352,-0.0005,-0.5149,-0.0273,2.2091,-0.6263,318.6875,enc,-0.0001
1786092122.317742,0.0611,13.911149024963379,-13.720491409301758,0.0006,-0.4697,-0.0272,2.2091,-0.6550,322.7500,enc,0.0000
1786092122.505617,0.1879,15.156661987304688,-15.348444938659668,-0.0006,-0.5185,-0.0273,2.2092,-0.7524,326.2500,enc,0.0002
1786092122.524528,0.0189,15.235941886901855,-15.076159477233887,0.0005,-0.5152,-0.0273,2.2092,-0.7622,329.8125,enc,-0.0003
1786092122.754919,0.2304,15.162544250488281,-13.787493705749512,0.0040,-0.4921,-0.0266,2.2085,-0.8756,333.7500,enc,0.0003
1786092122.754986,0.0001,13.395485877990723,-14.984806060791016,-0.0047,-0.4824,-0.0266,2.2085,-0.8756,337.6250,enc,-0.0009
1786092122.839560,0.0846,14.574079513549805,-14.542440414428711,0.0001,-0.4949,-0.0266,2.2086,-0.9174,341.1875,enc,0.0005
1786092123.018404,0.1788,14.454258918762207,-14.422536849975586,0.0001,-0.4908,-0.0266,2.2085,-1.0052,344.8750,enc,-0.0003
1786092123.046984,0.0286,13.895368576049805,-12.871194839477539,0.0030,-0.4550,-0.0265,2.2085,-1.0182,348.5000,enc,0.0023
1786092123.258745,0.2118,13.372802734375,-14.069764137268066,-0.0020,-0.4665,-0.0270,2.2087,-1.1170,351.8125,enc,-0.0013
1786092123.267874,0.0091,14.03027057647705,-13.871206283569336,0.0005,-0.4743,-0.0270,2.2087,-1.1213,355.9375,enc,-0.0007
1786092123.508390,0.2405,13.808772087097168,-14.000657081604004,-0.0006,-0.4727,-0.0270,2.2089,-1.2350,359.4375,enc,0.0002
1786092123.508454,0.0001,12.07560920715332,-12.20230770111084,-0.0004,-0.4127,-0.0270,2.2089,-1.2351,2.5625,enc,0.0002
1786092123.563146,0.0547,13.077661514282227,-12.95064640045166,0.0004,-0.4424,-0.0270,2.2089,-1.2593,6.1250,enc,-0.0004
1786092123.758814,0.1957,12.317058563232422,-12.669151306152344,-0.0010,-0.4247,-0.0269,2.2091,-1.3424,9.3750,enc,0.0007
1786092123.768407,0.0096,11.571568489074707,-10.899797439575195,0.0020,-0.3820,-0.0269,2.2091,-1.3460,12.4375,enc,0.0016
1786092124.008772,0.2404,9.465170860290527,-9.817089080810547,-0.0010,-0.3278,-0.0272,2.2093,-1.4248,15.2500,enc,-0.0012
1786092124.008820,0.0000,9.092889785766602,-9.409940719604492,-0.0009,-0.3145,-0.0272,2.2093,-1.4248,17.7500,enc,0.0009
1786092124.078761,0.0699,8.585796356201172,-8.553832054138184,0.0001,-0.2913,-0.0272,2.2093,-1.4452,19.8125,enc,-0.0001
1786092124.300611,0.2218,8.455792427062988,-5.991431713104248,0.0072,-0.2456,-0.0274,2.2076,-1.4997,21.9375,enc,-0.0012
1786092124.301469,0.0009,13.29830551147461,-0.6797354221343994,0.0370,-0.2376,-0.0274,2.2076,-1.4999,23.7500,enc,0.0007
1786092124.515539,0.2141,19.233156204223633,7.036288261413574,0.0770,-0.2073,-0.0267,2.1911,-1.5443,25.5000,enc,0.0012
1786092124.515739,0.0002,23.471574783325195,15.160736083984375,0.1133,-0.1413,-0.0267,2.1911,-1.5443,26.7500,enc,0.0003
1786092124.602406,0.0867,24.051040649414062,20.43280029296875,0.1304,-0.0615,-0.0264,2.1798,-1.5496,28.2500,enc,0.0006
1786092124.772356,0.1700,27.4111385345459,26.596721649169922,0.1584,-0.0138,-0.0259,2.1529,-1.5520,28.3125,enc,0.0001
1786092124.805943,0.0336,27.855419158935547,28.357908248901367,0.1648,0.0085,-0.0258,2.1474,-1.5517,28.5625,enc,-0.0007
1786092125.021829,0.2159,25.972293853759766,28.366640090942383,0.1593,0.0407,-0.0248,2.1130,-1.5429,28.6875,enc,0.0002
1786092125.021898,0.0001,19.29559898376465,24.299957275390625,0.1278,0.0851,-0.0248,2.1130,-1.5429,28.0625,enc,-0.0004
1786092125.118640,0.0967,17.743417739868164,25.439910888671875,0.1266,0.1308,-0.0242,2.1007,-1.5302,27.8125,enc,0.0006
1786092125.228211,0.1096,16.371213912963867,25.02022361755371,0.1214,0.1470,-0.0235,2.0875,-1.5141,26.5000,enc,-0.0003
1786092125.324497,0.0963,16.22660255432129,24.665800094604492,0.1199,0.1434,-0.0227,2.0759,-1.5003,26.0000,enc,-0.0003
1786092125.441061,0.1166,16.469364166259766,22.89788055419922,0.1154,0.1093,-0.0216,2.0625,-1.4876,26.6250,enc,-0.0002
1786092125.535925,0.0949,21.26736068725586,25.719392776489258,0.1378,0.0757,-0.0205,2.0495,-1.4804,26.7500,enc,-0.0007
1786092125.635067,0.0991,24.413063049316406,26.08812713623047,0.1481,0.0285,-0.0193,2.0349,-1.4776,27.8125,enc,-0.0014
1786092125.736981,0.1019,24.051483154296875,24.07806968688965,0.1411,0.0005,-0.0180,2.0206,-1.4775,29.0625,enc,-0.0007
1786092125.846694,0.1097,27.51862907409668,27.146135330200195,0.1603,-0.0063,-0.0163,2.0031,-1.4782,29.0000,enc,0.0008
1786092125.948190,0.1015,27.18914222717285,26.846633911132812,0.1584,-0.0058,-0.0147,1.9871,-1.4788,29.1250,enc,0.0010
1786092126.050739,0.1025,26.854488372802734,25.82740592956543,0.1545,-0.0175,-0.0135,1.9713,-1.4806,29.1250,enc,-0.0023
1786092126.158043,0.1073,24.468658447265625,25.480133056640625,0.1465,0.0172,-0.0117,1.9556,-1.4788,29.0625,enc,0.0039
1786092126.262006,0.1040,26.422183990478516,26.527490615844727,0.1553,0.0018,-0.0101,1.9396,-1.4786,29.3750,enc,0.0007
1786092126.363037,0.1010,26.43089485168457,26.43089485168457,0.1550,0.0000,-0.0086,1.9240,-1.4786,29.1875,enc,0.0004
1786092126.466861,0.1038,26.491056442260742,24.256643295288086,0.1488,-0.0380,-0.0073,1.9086,-1.4825,29.3125,enc,-0.0002
1786092126.573989,0.1071,24.220901489257812,26.301166534423828,0.1481,0.0354,-0.0058,1.8928,-1.4787,29.3750,enc,0.0003
1786092126.675844,0.1019,26.325359344482422,26.40386962890625,0.1546,0.0013,-0.0044,1.8771,-1.4786,29.1875,enc,-0.0005
1786092126.775983,0.1001,26.625791549682617,26.652360916137695,0.1562,0.0005,-0.0030,1.8615,-1.4786,29.5000,enc,0.0001
1786092126.883098,0.1071,26.62835693359375,24.71250343322754,0.1505,-0.0326,-0.0015,1.8455,-1.4820,29.3125,enc,-0.0002
1786092126.982996,0.0999,24.486873626708984,26.41638946533203,0.1493,0.0328,-0.0002,1.8306,-1.4788,29.1875,enc,-0.0003
1786092127.085800,0.1028,26.675369262695312,26.701990127563477,0.1565,0.0005,0.0012,1.8146,-1.4787,29.2500,enc,-0.0005
1786092127.194033,0.1082,26.738502502441406,26.818340301513672,0.1570,0.0014,0.0027,1.7977,-1.4786,29.0000,enc,-0.0008
1786092127.295001,0.1010,24.353944778442383,24.274105072021484,0.1426,-0.0014,0.0040,1.7833,-1.4787,29.1250,enc,-0.0005
1786092127.398150,0.1031,26.754169464111328,26.700950622558594,0.1567,-0.0009,0.0055,1.7672,-1.4788,29.1250,enc,0.0002
1786092127.508962,0.1108,26.665742874145508,26.745267868041992,0.1566,0.0014,0.0071,1.7499,-1.4787,29.0000,enc,0.0005
1786092127.605751,0.0968,25.189422607421875,24.188230514526367,0.1448,-0.0170,0.0088,1.7360,-1.4803,29.1250,enc,0.0037
1786092127.707948,0.1022,25.415224075317383,26.39964485168457,0.1519,0.0167,0.0099,1.7205,-1.4786,29.3125,enc,-0.0027
1786092127.814989,0.1070,25.917381286621094,25.75807762145996,0.1515,-0.0027,0.0114,1.7044,-1.4789,29.1875,enc,0.0004
1786092127.916663,0.1017,25.27143669128418,25.27143669128418,0.1482,0.0000,0.0128,1.6894,-1.4789,31.8125,enc,-0.0006
1786092128.022365,0.1057,22.674962997436523,22.727975845336914,0.1331,0.0009,0.0141,1.6754,-1.4788,35.6875,enc,0.0000
1786092128.121774,0.0994,24.474565505981445,24.42136001586914,0.1434,-0.0009,0.0154,1.6612,-1.4789,39.8125,enc,0.0002
1786092128.228865,0.1071,23.775800704956055,23.907495498657227,0.1398,0.0022,0.0168,1.6463,-1.4786,39.7500,enc,0.0007
1786092128.334541,0.1057,23.666677474975586,22.608366012573242,0.1357,-0.0180,0.0178,1.6320,-1.4805,41.8125,enc,-0.0034
1786092128.432818,0.0983,21.5316219329834,22.54199981689453,0.1292,0.0172,0.0192,1.6193,-1.4789,45.5000,enc,0.0030
1786092128.537079,0.1043,23.398466110229492,23.398466110229492,0.1372,0.0000,0.0205,1.6051,-1.4789,48.6250,enc,-0.0004
1786092128.638771,0.1017,22.733753204345703,22.76036834716797,0.1334,0.0005,0.0217,1.5916,-1.4788,53.2500,enc,-0.0003
1786092128.740471,0.1017,20.317859649658203,20.264646530151367,0.1190,-0.0009,0.0228,1.5795,-1.4789,55.5625,enc,-0.0008
1786092128.849012,0.1085,21.946285247802734,21.8132266998291,0.1283,-0.0023,0.0240,1.5657,-1.4791,58.4375,enc,-0.0001
1786092128.947808,0.0988,21.698646545410156,21.645421981811523,0.1271,-0.0009,0.0252,1.5532,-1.4792,59.5625,enc,0.0000
1786092129.052227,0.1044,19.456979751586914,19.510086059570312,0.1143,0.0009,0.0263,1.5413,-1.4791,59.6875,enc,0.0002
1786092129.160878,0.1087,21.0965518951416,21.176361083984375,0.1240,0.0014,0.0275,1.5279,-1.4790,59.5000,enc,0.0003
1786092129.262299,0.1014,20.29936981201172,20.273040771484375,0.1190,-0.0004,0.0287,1.5159,-1.4790,61.1875,enc,0.0001
1786092129.365215,0.1029,19.978042602539062,19.28913116455078,0.1151,-0.0117,0.0295,1.5040,-1.4802,63.8125,enc,-0.0026
1786092129.470981,0.1058,18.024578094482422,18.663312911987305,0.1076,0.0109,0.0308,1.4927,-1.4791,66.6875,enc,0.0030
1786092129.572410,0.1014,18.93550682067871,18.909223556518555,0.1110,-0.0004,0.0319,1.4815,-1.4791,68.8750,enc,0.0001
1786092129.675328,0.1029,14.685367584228516,14.8709077835083,0.0867,0.0032,0.0327,1.4726,-1.4788,71.6875,enc,0.0003
1786092129.777259,0.1019,6.672192573547363,6.53986120223999,0.0387,-0.0022,0.0330,1.4687,-1.4790,74.1875,enc,-0.0007
1786092129.884969,0.1077,1.5034353733062744,1.3455402851104736,0.0084,-0.0027,0.0330,1.4678,-1.4793,74.0625,enc,-0.0006
1786092129.983768,0.0988,-0.03451475128531456,-0.0609760619699955,-0.0003,-0.0004,0.0330,1.4678,-1.4794,75.0000,enc,-0.0001
1786092130.087316,0.1035,0.0,0.0,0.0000,0.0000,0.0330,1.4678,-1.4794,76.5625,enc,0.0000
1786092130.196943,0.1096,0.0,0.0,0.0000,0.0000,0.0330,1.4678,-1.4794,77.5625,enc,0.0000
1786092130.294806,0.0979,0.0,0.0,0.0000,0.0000,0.0330,1.4678,-1.4794,78.7500,enc,0.0000
1786092130.403027,0.1082,0.0,0.0,0.0000,0.0000,0.0330,1.4678,-1.4794,79.3750,enc,0.0000
1786092130.509020,0.1060,0.0,0.0,0.0000,0.0000,0.0330,1.4678,-1.4794,79.8750,enc,0.0000
1786092130.612916,0.1039,0.0,0.0,0.0000,0.0000,0.0330,1.4678,-1.4794,80.1875,enc,0.0000
1786092130.713940,0.1010,0.0,0.0,0.0000,0.0000,0.0330,1.4678,-1.4794,80.6250,enc,0.0000
1786092130.816379,0.1024,0.0,0.0,0.0000,0.0000,0.0330,1.4678,-1.4794,80.6875,enc,0.0000
1786092130.922006,0.1056,0.0,0.0,0.0000,0.0000,0.0330,1.4678,-1.4794,80.9375,enc,0.0000
1786092131.020223,0.0982,0.0,0.0,0.0000,0.0000,0.0330,1.4678,-1.4794,81.1250,enc,0.0000
1786092131.126215,0.1060,0.0,0.0,0.0000,0.0000,0.0330,1.4678,-1.4794,81.1875,enc,0.0000
1786092131.230491,0.1043,-0.412871778011322,0.22196172177791595,-0.0006,0.0108,0.0330,1.4679,-1.4783,81.3750,enc,0.0000
1786092131.334618,0.1041,-4.586721897125244,3.498922109603882,-0.0032,0.1374,0.0328,1.4682,-1.4639,81.1250,enc,-0.0015
1786092131.435933,0.1013,-9.700830459594727,9.669129371643066,-0.0001,0.3293,0.0328,1.4682,-1.4306,78.6875,enc,0.0001
1786092131.544004,0.1081,-14.13004207611084,13.845659255981445,-0.0008,0.4755,0.0328,1.4683,-1.3792,74.6250,enc,0.0001
1786092131.642148,0.0981,-16.184480667114258,16.024511337280273,-0.0005,0.5475,0.0329,1.4684,-1.3255,70.6250,enc,0.0008
1786092131.746165,0.1040,-14.80142593383789,14.961397171020508,0.0005,0.5059,0.0330,1.4683,-1.2728,66.5625,enc,0.0005
1786092131.851987,0.1058,-16.10422706604004,15.944526672363281,-0.0005,0.5448,0.0330,1.4684,-1.2152,62.5000,enc,0.0008
1786092131.955560,0.1036,-15.442675590515137,15.538477897644043,0.0003,0.5266,0.0330,1.4684,-1.1606,58.3750,enc,-0.0003
1786092132.057834,0.1023,-15.27863597869873,14.384982109069824,-0.0026,0.5042,0.0327,1.4685,-1.1091,54.5000,enc,-0.0024
1786092132.162992,0.1052,-13.56501293182373,14.589341163635254,0.0030,0.4786,0.0330,1.4683,-1.0588,50.2500,enc,0.0019
1786092132.265557,0.1026,-15.188283920288086,15.060389518737793,-0.0004,0.5142,0.0330,1.4684,-1.0060,46.5000,enc,0.0002
1786092132.370027,0.1045,-15.044816970825195,15.108339309692383,0.0002,0.5125,0.0330,1.4684,-0.9525,42.7500,enc,0.0006
1786092132.472990,0.1030,-15.19406509399414,13.519245147705078,-0.0049,0.4881,0.0327,1.4688,-0.9022,38.6250,enc,-0.0001
1786092132.579008,0.1060,-13.71485424041748,15.219780921936035,0.0044,0.4918,0.0330,1.4684,-0.8501,34.6875,enc,-0.0003
1786092132.683376,0.1044,-15.093829154968262,15.157224655151367,0.0002,0.5142,0.0330,1.4684,-0.7964,30.6250,enc,-0.0006
1786092132.781976,0.0986,-15.153690338134766,14.963683128356934,-0.0006,0.5119,0.0329,1.4684,-0.7459,26.5625,enc,0.0000
1786092132.892035,0.1101,-15.20012092590332,13.641910552978516,-0.0046,0.4903,0.0326,1.4687,-0.6920,22.6875,enc,0.0001
1786092132.991639,0.0996,-13.416162490844727,15.15854549407959,0.0051,0.4857,0.0330,1.4684,-0.6436,19.0625,enc,0.0003
1786092133.097221,0.1056,-9.208046913146973,14.975388526916504,0.0169,0.4111,0.0345,1.4675,-0.6002,15.1875,enc,0.0006
1786092133.203036,0.1058,3.542919397354126,16.690872192382812,0.0593,0.2235,0.0398,1.4641,-0.5765,13.3125,enc,0.0002
1786092133.299796,0.0968,13.422773361206055,18.58487319946289,0.0939,0.0877,0.0474,1.4592,-0.5681,12.4375,enc,-0.0002
1786092133.405829,0.1060,22.86284637451172,24.486318588256836,0.1388,0.0276,0.0599,1.4513,-0.5651,13.0000,enc,0.0003
1786092133.508208,0.1024,27.667490005493164,27.401325225830078,0.1615,-0.0045,0.0738,1.4424,-0.5656,12.8750,enc,-0.0004
1786092133.612319,0.1041,27.586177825927734,25.90948486328125,0.1569,-0.0285,0.0878,1.4340,-0.5686,13.0000,enc,0.0042
1786092133.715804,0.1035,27.637420654296875,28.275617599487305,0.1639,0.0108,0.1019,1.4245,-0.5674,12.8750,enc,-0.0038
1786092133.820001,0.1042,27.716947555541992,27.53142738342285,0.1620,-0.0032,0.1161,1.4155,-0.5678,14.0625,enc,-0.0001
1786092133.931026,0.1110,27.00025177001953,25.935989379882812,0.1552,-0.0181,0.1304,1.4058,-0.5698,14.0625,enc,-0.0039
1786092134.029320,0.0983,23.95139503479004,25.084482192993164,0.1438,0.0193,0.1425,1.3985,-0.5679,15.2500,enc,0.0034
1786092134.133956,0.1046,26.4012508392334,26.348352432250977,0.1547,-0.0009,0.1561,1.3898,-0.5680,16.5625,enc,-0.0002
1786092134.233873,0.0999,26.571012496948242,26.597623825073242,0.1559,0.0005,0.1692,1.3813,-0.5679,16.6250,enc,-0.0005
1786092134.338545,0.1047,26.18399429321289,25.183549880981445,0.1506,-0.0170,0.1823,1.3725,-0.5697,16.3750,enc,-0.0035
1786092134.437782,0.0992,24.284912109375,25.23616600036621,0.1452,0.0162,0.1947,1.3651,-0.5681,16.4375,enc,0.0039
1786092134.546977,0.1092,26.741714477539062,26.741714477539062,0.1568,0.0000,0.2091,1.3559,-0.5681,16.5000,enc,0.0006
1786092134.645936,0.0990,26.48841094970703,26.48841094970703,0.1553,0.0000,0.2221,1.3477,-0.5681,16.3125,enc,0.0002
1786092134.749352,0.1034,26.40064239501953,24.392417907714844,0.1489,-0.0341,0.2351,1.3394,-0.5716,16.4375,enc,0.0007
1786092134.852471,0.1031,24.506643295288086,26.635072708129883,0.1500,0.0362,0.2481,1.3311,-0.5679,16.3750,enc,-0.0002
1786092134.956473,0.1040,26.462520599365234,26.357219696044922,0.1549,-0.0018,0.2617,1.3224,-0.5681,16.4375,enc,-0.0004
1786092135.061239,0.1048,26.745424270629883,26.79860496520996,0.1570,0.0009,0.2756,1.3136,-0.5680,16.4375,enc,0.0004
1786092135.268312,0.2071,24.08626937866211,24.138952255249023,0.1414,0.0009,0.3002,1.2978,-0.5678,16.1875,enc,0.0000
1786092135.271788,0.0035,26.640785217285156,26.640785217285156,0.1562,0.0000,0.3007,1.2975,-0.5678,16.5000,enc,0.0000
1786092135.519454,0.2477,26.061058044433594,26.08734893798828,0.1529,0.0004,0.3326,1.2771,-0.5677,16.5000,enc,-0.0005
1786092135.519509,0.0001,22.272808074951172,22.325471878051758,0.1308,0.0009,0.3326,1.2771,-0.5677,16.3125,enc,-0.0002
1786092135.583839,0.0643,12.936392784118652,13.249617576599121,0.0768,0.0053,0.3367,1.2744,-0.5674,16.5000,enc,0.0002
1786092135.770144,0.1863,3.2764899730682373,8.050738334655762,0.0332,0.0812,0.3419,1.2710,-0.5522,16.1875,enc,-0.0008
1786092135.789570,0.0194,1.2787247896194458,14.814615249633789,0.0472,0.2301,0.3427,1.2706,-0.5478,14.3750,enc,-0.0006
1786092136.019011,0.2294,4.601787567138672,25.35494613647461,0.0878,0.3528,0.3606,1.2613,-0.4668,11.6875,enc,-0.0008
1786092136.019709,0.0007,13.246011734008789,31.36550521850586,0.1308,0.3080,0.3607,1.2613,-0.4666,9.0000,enc,-0.0009
1786092136.100518,0.0808,20.443140029907227,28.925355911254883,0.1448,0.1442,0.3714,1.2564,-0.4550,7.1875,enc,0.0039
1786092136.255754,0.1552,25.436691284179688,30.055179595947266,0.1627,0.0785,0.3941,1.2454,-0.4428,10.0625,enc,-0.0017
1786092136.308105,0.0524,28.350940704345703,28.377389907836914,0.1663,0.0004,0.4020,1.2417,-0.4428,13.2500,enc,0.0008
1786092136.509688,0.2016,28.099437713623047,26.77935218811035,0.1609,-0.0224,0.4312,1.2277,-0.4473,13.1250,enc,0.0002
1786092136.516142,0.0065,25.100723266601562,23.87813949584961,0.1436,-0.0208,0.4321,1.2273,-0.4474,13.4375,enc,0.0004
1786092136.762859,0.2467,26.799489974975586,26.213998794555664,0.1554,-0.0100,0.4666,1.2107,-0.4499,13.5625,enc,0.0002
1786092136.762905,0.0000,26.55081558227539,26.36564826965332,0.1552,-0.0031,0.4666,1.2107,-0.4499,13.6250,enc,-0.0001
1786092136.829021,0.0661,26.262083053588867,25.493297576904297,0.1518,-0.0131,0.4755,1.2061,-0.4507,13.6875,enc,-0.0033
1786092137.012982,0.1840,24.3105411529541,25.454561233520508,0.1459,0.0194,0.5000,1.1950,-0.4472,13.4375,enc,0.0031
1786092137.033303,0.0203,26.519916534423828,26.546253204345703,0.1556,0.0004,0.5028,1.1936,-0.4471,13.3125,enc,-0.0007
1786092137.266989,0.2337,26.48351287841797,26.562780380249023,0.1555,0.0013,0.5355,1.1777,-0.4468,13.4375,enc,-0.0008
1786092137.267036,0.0000,26.353336334228516,24.327007293701172,0.1486,-0.0344,0.5355,1.1777,-0.4468,13.3750,enc,-0.0003
1786092137.344881,0.0778,24.353530883789062,26.27753448486328,0.1485,0.0327,0.5460,1.1728,-0.4443,13.1875,enc,-0.0001
1786092137.513003,0.1681,26.643030166625977,26.69626235961914,0.1564,0.0009,0.5697,1.1615,-0.4441,13.3125,enc,0.0004
1786092137.555957,0.0430,26.623064041137695,26.67593765258789,0.1563,0.0009,0.5758,1.1586,-0.4441,13.1875,enc,0.0004
1786092137.762433,0.2065,26.958269119262695,31.568201065063477,0.1716,0.0784,0.6061,1.1396,-0.4279,13.3125,enc,-0.0233
1786092137.762486,0.0001,23.82421112060547,19.16712760925293,0.1261,-0.0792,0.6061,1.1396,-0.4279,13.3750,enc,0.0243
1786092138.013581,0.2511,26.83548927307129,26.72908592224121,0.1571,-0.0018,0.6420,1.1232,-0.4284,13.1875,enc,0.0002
1786092138.014096,0.0005,26.525177001953125,26.525177001953125,0.1556,0.0000,0.6420,1.1232,-0.4284,13.3750,enc,0.0004
1786092138.262093,0.2480,24.27389907836914,24.300447463989258,0.1424,0.0005,0.6741,1.1085,-0.4283,13.3125,enc,-0.0003
1786092138.263402,0.0013,26.532331466674805,26.532331466674805,0.1556,0.0000,0.6743,1.1084,-0.4283,13.4375,enc,-0.0002
1786092138.276486,0.0131,26.63095474243164,26.657529830932617,0.1562,0.0005,0.6762,1.1075,-0.4283,13.5000,enc,0.0003
1786092138.513373,0.2369,26.43077278137207,24.425086975097656,0.1491,-0.0341,0.7081,1.0924,-0.4363,13.0625,enc,-0.0007
1786092138.513422,0.0000,24.188814163208008,26.234899520874023,0.1479,0.0348,0.7081,1.0924,-0.4363,13.1250,enc,-0.0002
1786092138.595464,0.0820,26.286813735961914,26.36549186706543,0.1544,0.0013,0.7196,1.0871,-0.4362,13.2500,enc,-0.0001
1786092138.766054,0.1706,26.845199584960938,26.765377044677734,0.1572,-0.0014,0.7439,1.0756,-0.4365,13.0000,enc,-0.0007
1786092138.798089,0.0320,26.40127182006836,26.3223934173584,0.1546,-0.0013,0.7483,1.0735,-0.4365,13.0625,enc,-0.0001
1786092139.016333,0.2182,26.321889877319336,24.319656372070312,0.1485,-0.0340,0.7776,1.0597,-0.4439,13.8125,enc,0.0002
1786092139.016386,0.0001,24.533172607421875,26.579336166381836,0.1499,0.0348,0.7776,1.0597,-0.4439,14.2500,enc,0.0001
1786092139.109567,0.0932,26.261157989501953,26.313690185546875,0.1542,0.0009,0.7906,1.0535,-0.4438,15.0000,enc,0.0007
1786092139.269002,0.1594,26.527360916137695,26.527360916137695,0.1556,0.0000,0.8130,1.0429,-0.4438,15.5000,enc,0.0002
1786092139.319509,0.0505,26.561491012573242,24.48993492126465,0.1497,-0.0352,0.8199,1.0397,-0.4456,16.0000,enc,0.0002
1786092139.523940,0.2044,24.406558990478516,26.402734756469727,0.1490,0.0339,0.8475,1.0269,-0.4387,16.5625,enc,0.0007
1786092139.526450,0.0025,26.71449851989746,26.76761817932129,0.1568,0.0009,0.8479,1.0267,-0.4387,16.8125,enc,-0.0004
1786092139.778143,0.2517,26.717941284179688,26.69133758544922,0.1566,-0.0005,0.8836,1.0100,-0.4388,17.5000,enc,0.0003
1786092139.778202,0.0001,24.338354110717773,24.44479751586914,0.1430,0.0018,0.8836,1.0100,-0.4388,18.5000,enc,0.0000
1786092139.834911,0.0567,26.847248077392578,26.767419815063477,0.1572,-0.0014,0.8916,1.0062,-0.4389,19.2500,enc,-0.0007
1786092140.032673,0.1978,26.751813888549805,26.778413772583008,0.1570,0.0005,0.9197,0.9929,-0.4388,20.5000,enc,-0.0003
1786092140.040502,0.0078,24.156932830810547,24.209909439086914,0.1418,0.0009,0.9207,0.9925,-0.4388,21.6875,enc,-0.0006
1786092140.144350,0.1038,25.61876106262207,26.66100311279297,0.1533,0.0177,0.9351,0.9856,-0.4369,23.0000,enc,-0.0013
1786092140.251096,0.1067,22.11132049560547,31.16012191772461,0.1562,0.1538,0.9503,0.9788,-0.4205,23.5000,enc,-0.0004
1786092140.353062,0.1020,16.62164878845215,35.54598617553711,0.1530,0.3217,0.9647,0.9729,-0.3877,21.1875,enc,-0.0002
1786092140.455886,0.1028,9.78941535949707,34.406578063964844,0.1296,0.4184,0.9773,0.9685,-0.3447,17.7500,enc,0.0011
1786092140.563311,0.1074,1.658950924873352,35.04423141479492,0.1076,0.5675,0.9884,0.9654,-0.2837,13.3750,enc,0.0014
1786092140.667345,0.1040,-6.667421340942383,25.642261505126953,0.0556,0.5492,0.9941,0.9641,-0.2266,9.1875,enc,0.0006
1786092140.767647,0.1003,-12.847511291503906,17.19410514831543,0.0127,0.5106,0.9954,0.9639,-0.1754,4.8750,enc,0.0001
1786092140.875028,0.1074,-15.217485427856445,12.112435340881348,-0.0091,0.4646,0.9943,0.9636,-0.1255,0.9375,enc,-0.0038
1786092140.980292,0.1053,-15.745375633239746,12.840022087097168,-0.0085,0.4859,0.9935,0.9640,-0.0743,357.1875,enc,0.0025
1786092141.080920,0.1006,-15.784266471862793,13.80009937286377,-0.0058,0.5029,0.9929,0.9640,-0.0237,355.1875,enc,0.0000
1786092141.183658,0.1027,-15.791969299316406,13.936765670776367,-0.0054,0.5053,0.9923,0.9637,0.0282,352.8750,enc,-0.0024
1786092141.288007,0.1043,-13.581494331359863,14.731666564941406,0.0034,0.4813,0.9927,0.9640,0.0784,350.6250,enc,0.0022
1786092141.390281,0.1023,-15.05845832824707,15.567471504211426,0.0015,0.5206,0.9928,0.9640,0.1316,347.5625,enc,0.0000
1786092141.495326,0.1050,-15.132675170898438,15.324491500854492,0.0006,0.5177,0.9929,0.9640,0.1860,344.3750,enc,-0.0004
1786092141.598150,0.1028,-14.637396812438965,13.250160217285156,-0.0041,0.4740,0.9925,0.9639,0.2348,341.3750,enc,0.0002
1786092141.702494,0.1043,-9.248276710510254,10.833324432373047,0.0046,0.3413,0.9929,0.9641,0.2704,338.8750,enc,0.0006
1786092141.804010,0.1015,-1.5140559673309326,6.244133472442627,0.0139,0.1319,0.9943,0.9645,0.2838,339.0000,enc,-0.0002
1786092141.913122,0.1091,7.810962200164795,8.943113327026367,0.0491,0.0192,0.9994,0.9659,0.2859,339.3750,enc,-0.0007
1786092142.013978,0.1009,17.841327667236328,23.427553176879883,0.1210,0.0950,1.0105,0.9714,0.2954,339.2500,enc,0.0204
1786092142.117184,0.1032,21.31456756591797,14.71721076965332,0.1057,-0.1121,1.0216,0.9725,0.2839,339.3750,enc,-0.0201
1786092142.224875,0.1077,27.398183822631836,27.082565307617188,0.1597,-0.0054,1.0381,0.9773,0.2833,339.3125,enc,0.0004
1786092142.325247,0.1004,28.980045318603516,28.848045349121094,0.1696,-0.0022,1.0544,0.9821,0.2831,340.5000,enc,0.0007
1786092142.428425,0.1032,27.218608856201172,26.207971572875977,0.1567,-0.0172,1.0698,0.9871,0.2813,342.6875,enc,0.0043
1786092142.538063,0.1096,26.725866317749023,27.950021743774414,0.1603,0.0208,1.0868,0.9916,0.2836,344.3750,enc,-0.0038
1786092142.634459,0.0964,26.979106903076172,26.925884246826172,0.1581,-0.0009,1.1014,0.9959,0.2835,348.0625,enc,0.0002
1786092142.737302,0.1028,26.36342430114746,24.209444046020508,0.1483,-0.0366,1.1160,1.0001,0.2797,350.1875,enc,0.0005
1786092142.843891,0.1066,24.31678009033203,26.097381591796875,0.1478,0.0303,1.1312,1.0045,0.2830,353.1250,enc,-0.0001
1786092142.946024,0.1021,26.318180084228516,26.371402740478516,0.1545,0.0009,1.1463,1.0090,0.2830,356.3125,enc,0.0004
1786092143.048804,0.1028,26.635826110839844,26.741985321044922,0.1565,0.0018,1.1618,1.0134,0.2832,358.6250,enc,0.0000
1786092143.149004,0.1002,24.341487884521484,24.447805404663086,0.1431,0.0018,1.1755,1.0174,0.2834,1.3750,enc,-0.0006
1786092143.255690,0.1067,26.38616943359375,26.464954376220703,0.1550,0.0013,1.1914,1.0220,0.2836,1.5000,enc,0.0001
1786092143.356103,0.1004,26.855894088745117,26.88240623474121,0.1576,0.0005,1.2066,1.0264,0.2836,1.5000,enc,-0.0007
1786092143.462013,0.1059,26.562755584716797,24.539764404296875,0.1498,-0.0344,1.2219,1.0308,0.2800,3.0000,enc,-0.0002
1786092143.568050,0.1060,24.19591522216797,26.112457275390625,0.1475,0.0326,1.2369,1.0352,0.2834,5.8750,enc,0.0003
1786092143.669257,0.1012,26.71448516845703,26.71448516845703,0.1567,0.0000,1.2521,1.0396,0.2834,8.8125,enc,0.0000
1786092143.771963,0.1027,26.63778305053711,26.717607498168945,0.1564,0.0014,1.2675,1.0441,0.2836,12.1250,enc,-0.0001
1786092143.877682,0.1057,26.276508331298828,24.301849365234375,0.1483,-0.0336,1.2826,1.0485,0.2800,13.5000,enc,0.0005
1786092143.979803,0.1021,24.473331451416016,26.430522918701172,0.1493,0.0333,1.2972,1.0527,0.2834,13.3750,enc,-0.0002
1786092144.083422,0.1036,26.754648208618164,26.648183822631836,0.1566,-0.0018,1.3128,1.0572,0.2832,15.6875,enc,0.0000
1786092144.187982,0.1046,23.59649658203125,27.109243392944336,0.1487,0.0597,1.3277,1.0617,0.2895,17.1250,enc,0.0004
1786092144.290441,0.1025,11.350103378295898,23.807788848876953,0.1031,0.2118,1.3378,1.0650,0.3112,15.5625,enc,0.0000
1786092144.393490,0.1030,-1.100279688835144,21.80319595336914,0.0607,0.3893,1.3437,1.0670,0.3513,13.0625,enc,-0.0008
1786092144.499449,0.1060,-10.46957015991211,17.28844451904297,0.0200,0.4718,1.3457,1.0677,0.4013,9.3125,enc,-0.0014
1786092144.602050,0.1026,-13.97124195098877,13.491547584533691,-0.0014,0.4668,1.3456,1.0676,0.4492,10.4375,enc,-0.0007
1786092144.702969,0.1009,-17.041534423828125,14.294352531433105,-0.0081,0.5326,1.3448,1.0673,0.5029,9.7500,enc,0.0006
1786092144.804421,0.1015,-16.624746322631836,14.610220909118652,-0.0059,0.5309,1.3443,1.0670,0.5568,9.3750,enc,0.0003
1786092144.913010,0.1086,-15.710134506225586,13.914202690124512,-0.0053,0.5036,1.3440,1.0664,0.6115,8.3750,enc,-0.0023
1786092145.011523,0.0985,-13.879149436950684,14.581745147705078,0.0021,0.4838,1.3440,1.0667,0.6591,7.0000,enc,0.0022
1786092145.115352,0.1038,-15.170825004577637,15.20273494720459,0.0001,0.5163,1.3440,1.0668,0.7127,6.1250,enc,0.0007
1786092145.224979,0.1096,-14.862166404724121,15.083938598632812,0.0007,0.5090,1.3440,1.0668,0.7685,3.8125,enc,0.0001
1786092145.326881,0.1019,-15.18275260925293,14.296246528625488,-0.0026,0.5011,1.3440,1.0665,0.8196,2.3750,enc,-0.0026
1786092145.428451,0.1016,-13.528034210205078,14.481602668762207,0.0028,0.4761,1.3440,1.0668,0.8679,0.5000,enc,0.0024
1786092145.535958,0.1075,-15.16329574584961,15.16329574584961,0.0000,0.5155,1.3441,1.0668,0.9234,357.8750,enc,-0.0006
1786092145.636732,0.1008,-15.137654304504395,15.169661521911621,0.0001,0.5152,1.3441,1.0668,0.9753,355.6250,enc,0.0001
1786092145.740654,0.1039,-15.32840347290039,14.498469352722168,-0.0024,0.5070,1.3442,1.0665,1.0280,353.1875,enc,-0.0028
1786092145.846365,0.1057,-13.80275821685791,14.506875038146973,0.0021,0.4812,1.3440,1.0668,1.0788,351.3750,enc,0.0030
1786092145.947108,0.1007,-15.116028785705566,15.147934913635254,0.0001,0.5144,1.3440,1.0668,1.1307,348.3125,enc,0.0003
1786092146.049925,0.1028,-15.034613609313965,15.034613609313965,0.0000,0.5111,1.3439,1.0668,1.1832,345.7500,enc,0.0004
1786092146.153586,0.1037,-11.844559669494629,11.812548637390137,-0.0001,0.4021,1.3439,1.0668,1.2249,343.1875,enc,0.0003
1786092146.256009,0.1024,-7.629129409790039,7.72515869140625,0.0003,0.2610,1.3440,1.0668,1.2516,341.5000,enc,-0.0005
1786092146.360578,0.1046,-7.160247325897217,6.808192729949951,-0.0010,0.2374,1.3439,1.0668,1.2765,340.2500,enc,0.0005
1786092146.461881,0.1013,-10.617316246032715,9.161928176879883,-0.0043,0.3362,1.3438,1.0663,1.3105,337.8125,enc,0.0000
1786092146.568997,0.1071,-12.131733894348145,13.583693504333496,0.0043,0.4371,1.3440,1.0668,1.3573,333.8750,enc,-0.0009
1786092146.669709,0.1007,-15.4137601852417,15.509713172912598,0.0003,0.5256,1.3440,1.0668,1.4103,329.8750,enc,-0.0001
1786092146.774092,0.1044,-15.759858131408691,15.918235778808594,0.0005,0.5385,1.3439,1.0668,1.4665,325.7500,enc,0.0005
1786092146.880680,0.1066,-15.567352294921875,15.66197681427002,0.0003,0.5308,1.3440,1.0669,1.5231,322.3750,enc,-0.0006
1786092146.982397,0.1017,-13.902297019958496,13.870388984680176,-0.0001,0.4721,1.3440,1.0669,1.5711,319.5000,enc,0.0003
1786092147.085765,0.1034,-12.060297966003418,12.123126983642578,0.0002,0.4111,1.3440,1.0669,1.6136,316.4375,enc,-0.0004
1786092147.196998,0.1112,-3.880091667175293,7.11433744430542,0.0095,0.1869,1.3439,1.0679,1.6344,315.2500,enc,0.0003
1786092147.294978,0.0980,5.97012996673584,8.338512420654297,0.0420,0.0403,1.3436,1.0720,1.6383,315.9375,enc,0.0008
1786092147.402128,0.1071,13.730581283569336,13.70396900177002,0.0804,-0.0005,1.3429,1.0806,1.6383,315.8750,enc,0.0007
1786092147.506016,0.1039,22.675552368164062,22.197298049926758,0.1316,-0.0081,1.3421,1.0943,1.6374,316.5625,enc,-0.0007
1786092147.606929,0.1009,27.063827514648438,26.584835052490234,0.1573,-0.0081,1.3411,1.1101,1.6366,316.5625,enc,-0.0004
1786092147.708729,0.1018,26.320077896118164,26.02800750732422,0.1535,-0.0050,1.3402,1.1257,1.6361,317.1250,enc,-0.0010
1786092147.810081,0.1014,26.840919494628906,26.840919494628906,0.1574,0.0000,1.3391,1.1416,1.6361,316.9375,enc,0.0002
1786092147.917090,0.1070,19.611469268798828,19.770139694213867,0.1155,0.0027,1.3382,1.1539,1.6364,316.9375,enc,0.0007
1786092148.017014,0.0999,8.294849395751953,7.926121711730957,0.0476,-0.0063,1.3378,1.1587,1.6357,316.9375,enc,0.0006
1786092148.120454,0.1034,3.5687029361724854,-1.4955735206604004,0.0061,-0.0861,1.3378,1.1593,1.6268,317.3125,enc,-0.0001
1786092148.228038,0.1076,7.355396270751953,-8.47557544708252,-0.0033,-0.2691,1.3378,1.1590,1.5979,319.0625,enc,0.0003
1786092148.328583,0.1005,11.948380470275879,-13.53152847290039,-0.0046,-0.4331,1.3379,1.1585,1.5543,322.2500,enc,-0.0006
1786092148.431658,0.1031,14.859481811523438,-16.227981567382812,-0.0040,-0.5284,1.3379,1.1581,1.4999,326.7500,enc,-0.0012
1786092148.538081,0.1064,14.584144592285156,-15.127105712890625,-0.0016,-0.5050,1.3380,1.1579,1.4461,330.9375,enc,-0.0003
1786092148.643240,0.1052,15.730616569519043,-16.237428665161133,-0.0015,-0.5434,1.3380,1.1577,1.3890,334.6250,enc,-0.0007
1786092148.746502,0.1033,15.519381523132324,-15.55102825164795,-0.0001,-0.5281,1.3380,1.1577,1.3345,338.8125,enc,0.0003
1786092148.849713,0.1032,15.325793266296387,-15.357804298400879,-0.0001,-0.5216,1.3380,1.1577,1.2806,342.5000,enc,-0.0001
1786092148.953022,0.1033,13.767383575439453,-13.703344345092773,0.0002,-0.4669,1.3380,1.1577,1.2324,345.7500,enc,0.0002
1786092149.055908,0.1029,15.177560806274414,-15.018112182617188,0.0005,-0.5133,1.3380,1.1578,1.1796,349.4375,enc,-0.0001
1786092149.158222,0.1023,15.050495147705078,-15.178531646728516,-0.0004,-0.5138,1.3380,1.1577,1.1270,353.2500,enc,-0.0006
1786092149.262454,0.1042,13.966365814208984,-13.710271835327148,0.0008,-0.4704,1.3380,1.1578,1.0780,357.0000,enc,0.0004
1786092149.365249,0.1028,15.2222318649292,-15.254249572753906,-0.0001,-0.5180,1.3381,1.1578,1.0247,0.9375,enc,-0.0003
1786092149.465067,0.0998,15.346111297607422,-15.154024124145508,0.0006,-0.5184,1.3380,1.1579,0.9730,4.6250,enc,0.0008
1786092149.571826,0.1068,14.513835906982422,-13.777498245239258,0.0022,-0.4809,1.3380,1.1582,0.9216,8.5625,enc,0.0023
1786092149.672705,0.1009,14.397911071777344,-15.126585960388184,-0.0021,-0.5019,1.3380,1.1579,0.8710,12.6250,enc,-0.0023
1786092149.775670,0.1030,15.107927322387695,-15.33138656616211,-0.0007,-0.5174,1.3380,1.1578,0.8177,16.4375,enc,-0.0003
1786092149.883647,0.1080,15.224560737609863,-15.097029685974121,0.0004,-0.5154,1.3380,1.1578,0.7621,20.2500,enc,-0.0004
1786092149.989981,0.1063,15.104287147521973,-13.553203582763672,0.0045,-0.4871,1.3384,1.1582,0.7103,24.2500,enc,0.0003
1786092150.094747,0.1048,13.566485404968262,-15.350276947021484,-0.0052,-0.4915,1.3380,1.1578,0.6588,27.9375,enc,-0.0002
1786092150.269897,0.1751,15.121859550476074,-11.962774276733398,0.0093,-0.4604,1.3393,1.1588,0.5781,31.0000,enc,0.0005
1786092150.301106,0.0312,15.537817001342773,-0.6407898664474487,0.0437,-0.2750,1.3404,1.1595,0.5696,33.6875,enc,0.0002
1786092150.518834,0.2177,18.99475860595703,10.380456924438477,0.0861,-0.1464,1.3566,1.1690,0.5377,34.7500,enc,-0.0005
1786092150.518881,0.0000,21.472766876220703,20.807575225830078,0.1240,-0.0113,1.3566,1.1690,0.5377,35.1250,enc,0.0007
1786092150.607605,0.0887,26.521045684814453,26.7338924407959,0.1562,0.0036,1.3684,1.1762,0.5380,35.2500,enc,0.0008
1786092150.763753,0.1561,28.007421493530273,27.79511070251465,0.1636,-0.0036,1.3906,1.1889,0.5374,35.3750,enc,-0.0026
1786092150.815106,0.0514,25.882789611816406,27.771207809448242,0.1573,0.0321,1.3974,1.1932,0.5391,34.9375,enc,0.0042
1786092151.010197,0.1951,26.325794219970703,26.831287384033203,0.1559,0.0086,1.4234,1.2090,0.5408,35.0000,enc,0.0007
1786092151.018793,0.0086,18.942787170410156,19.232980728149414,0.1119,0.0049,1.4243,1.2095,0.5408,34.5625,enc,0.0005
1786092151.254682,0.2359,7.92101526260376,7.734706401824951,0.0459,-0.0032,1.4336,1.2149,0.5401,34.4375,enc,-0.0008
1786092151.254738,0.0001,0.48446592688560486,1.826856255531311,0.0068,0.0228,1.4336,1.2149,0.5401,34.3750,enc,-0.0012
1786092151.333924,0.0792,-6.007927417755127,4.485598087310791,-0.0045,0.1784,1.4334,1.2146,0.5542,33.3125,enc,-0.0011
1786092151.517627,0.1837,-11.525030136108398,10.250401496887207,-0.0037,0.3701,1.4329,1.2141,0.6222,30.5000,enc,-0.0007
1786092151.541998,0.0244,-15.07115650177002,13.301483154296875,-0.0052,0.4823,1.4328,1.2140,0.6339,26.8750,enc,-0.0024
1786092151.761470,0.2195,-14.454865455627441,15.179792404174805,0.0021,0.5037,1.4327,1.2148,0.7445,22.2500,enc,0.0032
1786092151.761582,0.0001,-16.07056427001953,16.07056427001953,0.0000,0.5463,1.4327,1.2148,0.7445,18.1250,enc,0.0004
1786092151.856762,0.0952,-15.543252944946289,15.511940002441406,-0.0001,0.5279,1.4327,1.2149,0.7948,13.6250,enc,0.0006
1786092152.013209,0.1564,-15.276362419128418,15.499567985534668,0.0007,0.5231,1.4328,1.2149,0.8766,9.6250,enc,-0.0005
1786092152.061116,0.0479,-15.161738395690918,14.938041687011719,-0.0007,0.5116,1.4327,1.2149,0.9011,5.8125,enc,0.0005
1786092152.266325,0.2052,-13.779762268066406,13.84366226196289,0.0002,0.4695,1.4328,1.2149,0.9975,1.9375,enc,-0.0004
1786092152.270926,0.0046,-14.990246772766113,15.182281494140625,0.0006,0.5129,1.4328,1.2149,0.9999,358.2500,enc,-0.0002
1786092152.512897,0.2420,-15.151985168457031,15.120182037353516,-0.0001,0.5146,1.4328,1.2149,1.1244,355.0625,enc,0.0003
1786092152.512944,0.0000,-13.748160362243652,13.876211166381836,0.0004,0.4696,1.4328,1.2149,1.1244,350.8750,enc,-0.0006
1786092152.578957,0.0660,-15.294724464416504,15.230753898620605,-0.0002,0.5189,1.4327,1.2149,1.1586,347.2500,enc,0.0006
1786092152.767005,0.1880,-12.47625732421875,17.952198028564453,0.0161,0.5172,1.4336,1.2178,1.2559,343.8750,enc,0.0003
1786092152.783578,0.0166,-5.180391311645508,21.889741897583008,0.0490,0.4601,1.4338,1.2186,1.2635,340.0000,enc,0.0005
1786092153.012928,0.2294,3.6186773777008057,32.66524124145508,0.1064,0.4937,1.4384,1.2425,1.3768,337.4375,enc,0.0006
1786092153.012979,0.0001,8.315225601196289,38.841190338134766,0.1383,0.5189,1.4384,1.2425,1.3768,334.0625,enc,0.0009
1786092153.094552,0.0816,10.79156494140625,41.898529052734375,0.1545,0.5288,1.4402,1.2550,1.4199,329.6875,enc,0.0018
1786092153.262143,0.1676,10.605639457702637,39.722835540771484,0.1476,0.4949,1.4417,1.2797,1.5029,325.4375,enc,0.0009
1786092153.301903,0.0398,11.6221342086792,43.666412353515625,0.1621,0.5447,1.4420,1.2862,1.5245,321.1875,enc,-0.0005
1786092153.514580,0.2127,11.244359970092773,43.04495620727539,0.1592,0.5405,1.4399,1.3199,1.6395,316.3750,enc,-0.0012
1786092153.514630,0.0000,11.001779556274414,43.07439041137695,0.1586,0.5452,1.4399,1.3200,1.6395,312.3125,enc,-0.0005
1786092153.614856,0.1002,9.963674545288086,38.7578239440918,0.1429,0.4894,1.4382,1.3342,1.6886,308.1250,enc,0.0009
1786092153.764434,0.1496,10.845488548278809,42.34888458251953,0.1560,0.5355,1.4335,1.3570,1.7687,303.8750,enc,0.0008
1786092153.818968,0.0545,10.816825866699219,41.92180633544922,0.1546,0.5287,1.4316,1.3652,1.7975,299.3125,enc,0.0003
1786092154.016263,0.1973,10.71792221069336,40.39681625366211,0.1499,0.5045,1.4234,1.3937,1.8970,295.2500,enc,-0.0068
1786092154.026950,0.0107,10.15964412689209,40.36827087402344,0.1482,0.5135,1.4228,1.3951,1.9025,291.1250,enc,0.0052
1786092154.269370,0.2424,11.112052917480469,41.140777587890625,0.1532,0.5104,1.4065,1.4285,2.0263,287.0000,enc,0.0000
1786092154.270231,0.0009,11.863129615783691,34.14628982543945,0.1349,0.3788,1.4064,1.4286,2.0266,283.4375,enc,0.0005
1786092154.337661,0.0674,7.975368976593018,18.533260345458984,0.0777,0.1795,1.4041,1.4333,2.0387,280.9375,enc,-0.0014
1786092154.523713,0.1861,0.16772589087486267,2.1314849853515625,0.0067,0.0334,1.4035,1.4344,2.0449,280.5000,enc,0.0003
1786092154.547674,0.0240,-6.334945201873779,-8.17907428741455,-0.0426,-0.0313,1.4040,1.4335,2.0441,280.7500,enc,-0.0006
1786092154.779815,0.2321,-11.722668647766113,-13.250765800476074,-0.0732,-0.0260,1.4116,1.4183,2.0381,280.9375,enc,0.0004
1786092154.779862,0.0000,-14.043252944946289,-15.158799171447754,-0.0856,-0.0190,1.4116,1.4183,2.0381,281.1875,enc,0.0006
1786092154.863007,0.0831,-14.96927547454834,-21.706932067871094,-0.1075,-0.1145,1.4171,1.4111,2.0286,281.4375,enc,-0.0215
1786092155.032635,0.1696,-12.196310043334961,-6.033758163452148,-0.0535,0.1048,1.4179,1.4013,2.0464,281.3125,enc,0.0221
1786092155.070837,0.0382,-13.442422866821289,-13.521444320678711,-0.0791,-0.0013,1.4193,1.3986,2.0463,281.5000,enc,0.0001
1786092155.171648,0.1008,-13.233488082885742,-13.393118858337402,-0.0781,-0.0027,1.4229,1.3916,2.0460,281.6250,enc,-0.0002
1786092155.278395,0.1067,-12.110299110412598,-13.623472213745117,-0.0755,-0.0257,1.4265,1.3844,2.0433,278.1250,enc,0.0006
1786092155.383378,0.1050,-6.7621917724609375,-16.609127044677734,-0.0685,-0.1674,1.4298,1.3780,2.0257,279.2500,enc,-0.0006
1786092155.484029,0.1007,-1.811571478843689,-24.08614730834961,-0.0759,-0.3786,1.4328,1.3710,1.9876,282.0625,enc,0.0005
1786092155.591015,0.1070,0.575210690498352,-28.42765998840332,-0.0817,-0.4930,1.4360,1.3628,1.9349,285.6250,enc,-0.0007
1786092155.689305,0.0983,1.7102735042572021,-28.858131408691406,-0.0796,-0.5196,1.4381,1.3553,1.8838,289.3750,enc,0.0034
1786092155.792418,0.1031,1.387150526046753,-29.236923217773438,-0.0817,-0.5205,1.4408,1.3473,1.8301,294.1250,enc,-0.0058
1786092155.900681,0.1083,1.9189432859420776,-30.60396385192871,-0.0841,-0.5528,1.4427,1.3384,1.7703,298.3750,enc,-0.0011
1786092156.003062,0.1024,1.9257581233978271,-29.773645401000977,-0.0817,-0.5388,1.4439,1.3301,1.7151,302.6250,enc,0.0000
1786092156.109097,0.1060,1.9954588413238525,-27.70269775390625,-0.0754,-0.5048,1.4442,1.3221,1.6616,307.4375,enc,0.0046
1786092156.209981,0.1009,1.5169240236282349,-27.696393966674805,-0.0768,-0.4966,1.4448,1.3144,1.6115,311.3750,enc,-0.0034
1786092156.313889,0.1039,1.159273386001587,-28.760395050048828,-0.0809,-0.5086,1.4446,1.3060,1.5586,315.3750,enc,0.0009
1786092156.416945,0.1031,-3.2080469131469727,-24.835161209106445,-0.0822,-0.3676,1.4441,1.2975,1.5208,318.7500,enc,0.0008
1786092156.520074,0.1031,-5.182332515716553,-18.602537155151367,-0.0697,-0.2281,1.4435,1.2904,1.4972,321.1250,enc,0.0007
1786092156.625009,0.1049,-4.123765468597412,-20.78624725341797,-0.0730,-0.2832,1.4427,1.2827,1.4675,323.0625,enc,0.0002
1786092156.726614,0.1016,-5.688566207885742,-20.111684799194336,-0.0757,-0.2452,1.4418,1.2751,1.4426,325.5625,enc,-0.0008
1786092156.827732,0.1011,-9.690951347351074,-16.756004333496094,-0.0775,-0.1201,1.4408,1.2673,1.4305,327.1875,enc,-0.0006
1786092156.937079,0.1093,-11.300117492675781,-12.674657821655273,-0.0703,-0.0234,1.4398,1.2597,1.4279,327.8750,enc,-0.0007
1786092157.035923,0.0988,-13.263466835021973,-12.975419044494629,-0.0769,0.0049,1.4387,1.2522,1.4284,328.0625,enc,-0.0006
1786092157.139190,0.1033,-10.611106872558594,-15.826231956481934,-0.0775,-0.0886,1.4374,1.2443,1.4192,328.4375,enc,0.0009
1786092157.247023,0.1078,-3.8496925830841064,-21.600858688354492,-0.0746,-0.3017,1.4360,1.2364,1.3867,330.3750,enc,-0.0001
1786092157.347375,0.1004,0.14107412099838257,-23.841903686523438,-0.0695,-0.4077,1.4345,1.2296,1.3458,333.8750,enc,-0.0005
1786092157.451784,0.1044,1.06191885471344,-29.81203269958496,-0.0843,-0.5248,1.4321,1.2211,1.2910,338.0625,enc,-0.0002
1786092157.561065,0.1093,0.0832974761724472,-29.418909072875977,-0.0860,-0.5015,1.4289,1.2122,1.2362,342.3125,enc,0.0005
1786092157.659341,0.0983,-5.058309078216553,-23.68307113647461,-0.0843,-0.3166,1.4259,1.2045,1.2051,345.5000,enc,0.0008
1786092157.765796,0.1065,-9.530444145202637,-15.393588066101074,-0.0731,-0.0997,1.4231,1.1973,1.1945,346.7500,enc,-0.0008
1786092157.870546,0.1047,-12.201022148132324,-12.543428421020508,-0.0726,-0.0058,1.4201,1.1903,1.1939,346.8125,enc,0.0021
1786092157.974400,0.1039,-13.610882759094238,-11.609102249145508,-0.0739,0.0340,1.4173,1.1831,1.1974,346.6250,enc,-0.0004
1786092158.082505,0.1081,-13.863358497619629,-12.319986343383789,-0.0768,0.0262,1.4144,1.1754,1.2002,347.3125,enc,-0.0002
1786092158.176907,0.0944,-14.468391418457031,-9.412129402160645,-0.0700,0.0859,1.4120,1.1692,1.2083,347.1875,enc,0.0002
1786092158.285847,0.1089,-19.567983627319336,-2.7896459102630615,-0.0656,0.2852,1.4096,1.1625,1.2394,346.0625,enc,0.0003
1786092158.383195,0.0973,-17.910573959350586,7.56744909286499,-0.0303,0.4331,1.4088,1.1596,1.2816,342.6250,enc,0.0001
1786092158.489230,0.1060,-16.34593391418457,13.401360511779785,-0.0086,0.5056,1.4088,1.1587,1.3352,339.0625,enc,-0.0024
1786092158.596020,0.1068,-13.524945259094238,15.704693794250488,0.0064,0.4968,1.4087,1.1594,1.3882,334.3125,enc,0.0019
1786092158.698670,0.1027,-14.902765274047852,16.726720809936523,0.0053,0.5376,1.4088,1.1599,1.4434,330.3125,enc,-0.0003
1786092158.798593,0.0999,-11.57292366027832,12.853190422058105,0.0038,0.4152,1.4087,1.1603,1.4849,326.8750,enc,0.0013
1786092158.905397,0.1068,-4.792437553405762,5.362040042877197,0.0017,0.1726,1.4088,1.1605,1.5034,324.7500,enc,-0.0007
1786092159.011510,0.1061,-0.5705316066741943,0.7301881313323975,0.0005,0.0221,1.4088,1.1605,1.5057,324.5000,enc,0.0003
1786092159.109913,0.0984,-0.0026904940605163574,-0.029211079701781273,-0.0001,-0.0005,1.4088,1.1605,1.5057,324.5000,enc,-0.0001
1786092159.218325,0.1084,-1.2098034620285034,0.9245373010635376,-0.0008,0.0363,1.4088,1.1604,1.5096,324.3125,enc,0.0005
1786092159.319341,0.1010,-5.825827598571777,5.027795314788818,-0.0023,0.1845,1.4089,1.1602,1.5282,322.9375,enc,-0.0016
1786092159.422885,0.1035,-7.22703742980957,7.355072498321533,0.0004,0.2479,1.4088,1.1602,1.5539,320.9375,enc,0.0015
1786092159.529491,0.1066,-4.470705032348633,4.280462265014648,-0.0006,0.1488,1.4087,1.1602,1.5697,319.8125,enc,0.0006
1786092159.632809,0.1033,-1.8147391080856323,1.9100703001022339,0.0003,0.0633,1.4088,1.1602,1.5763,319.2500,enc,-0.0012
1786092159.733827,0.1010,-4.3644938468933105,4.3644938468933105,0.0000,0.1484,1.4090,1.1602,1.5913,318.1875,enc,-0.0013
1786092159.835899,0.1021,-8.072307586669922,8.040481567382812,-0.0001,0.2739,1.4090,1.1602,1.6192,316.0000,enc,-0.0001
1786092159.939579,0.1037,-6.115665435791016,6.307248592376709,0.0006,0.2112,1.4089,1.1603,1.6411,313.7500,enc,0.0006
1786092160.040347,0.1008,-2.30407977104187,2.432105541229248,0.0004,0.0805,1.4088,1.1603,1.6492,312.9375,enc,0.0009
1786092160.145090,0.1047,-0.22908274829387665,0.3241520822048187,0.0003,0.0094,1.4088,1.1603,1.6502,312.8125,enc,0.0005
1786092160.251525,0.1064,-0.058100003749132156,-0.005351316183805466,-0.0002,0.0009,1.4087,1.1603,1.6503,312.8125,enc,0.0002
1786092160.355960,0.1044,0.0,0.0,0.0000,0.0000,1.4087,1.1603,1.6503,313.5000,enc,0.0000
1786092160.456477,0.1005,0.0,0.0,0.0000,0.0000,1.4087,1.1603,1.6503,314.8125,enc,0.0000
1786092160.565057,0.1086,0.0,0.0,0.0000,0.0000,1.4087,1.1603,1.6503,315.8125,enc,0.0000
1786092160.667442,0.1024,0.0,0.0,0.0000,0.0000,1.4087,1.1603,1.6503,316.6875,enc,0.0000
1786092160.771353,0.1039,0.0,0.0,0.0000,0.0000,1.4087,1.1603,1.6503,317.5000,enc,0.0000
1786092160.876086,0.1047,0.0,0.0,0.0000,0.0000,1.4087,1.1603,1.6503,318.1875,enc,0.0000
1786092160.979040,0.1030,0.0,0.0,0.0000,0.0000,1.4087,1.1603,1.6503,318.9375,enc,0.0000
1786092161.082117,0.1031,0.0,0.0,0.0000,0.0000,1.4087,1.1603,1.6503,319.3750,enc,0.0000
1786092161.182248,0.1001,0.0,0.0,0.0000,0.0000,1.4087,1.1603,1.6503,319.3750,enc,0.0000
1786092161.287665,0.1054,0.0,0.0,0.0000,0.0000,1.4087,1.1603,1.6503,319.6250,enc,0.0000
1786092161.389167,0.1015,0.0,0.0,0.0000,0.0000,1.4087,1.1603,1.6503,319.7500,enc,0.0000
1786092161.492909,0.1037,0.0,0.0,0.0000,0.0000,1.4087,1.1603,1.6503,320.0625,enc,0.0000
1786092161.603054,0.1101,0.0,0.0,0.0000,0.0000,1.4087,1.1603,1.6503,320.1875,enc,0.0000
1786092161.700412,0.0974,0.0,0.0,0.0000,0.0000,1.4087,1.1603,1.6503,320.3750,enc,0.0000
1786092161.803481,0.1031,0.0,0.0,0.0000,0.0000,1.4087,1.1603,1.6503,320.4375,enc,0.0000
1786092161.911339,0.1079,0.0,0.0,0.0000,0.0000,1.4087,1.1603,1.6503,320.5000,enc,0.0000
1786092162.015027,0.1037,0.0,0.0,0.0000,0.0000,1.4087,1.1603,1.6503,320.5625,enc,0.0000
1786092162.119494,0.1045,0.0,0.0,0.0000,0.0000,1.4087,1.1603,1.6503,320.6250,enc,0.0000
1786092162.226030,0.1065,0.0,0.0,0.0000,0.0000,1.4087,1.1603,1.6503,320.6250,enc,0.0000
1786092162.326846,0.1008,0.0,0.0,0.0000,0.0000,1.4087,1.1603,1.6503,320.6250,enc,0.0000
1786092162.431574,0.1047,0.0,0.0,0.0000,0.0000,1.4087,1.1603,1.6503,320.6250,enc,0.0000
1786092162.542166,0.1106,0.0,0.0,0.0000,0.0000,1.4087,1.1603,1.6503,320.6250,enc,0.0000
1786092162.646048,0.1039,0.0,0.0,0.0000,0.0000,1.4087,1.1603,1.6503,320.6250,enc,0.0000
1786092162.770869,0.1248,0.0,0.0,0.0000,0.0000,1.4087,1.1603,1.6503,320.6250,enc,0.0000
1786092162.843924,0.0731,0.0,0.0,0.0000,0.0000,1.4087,1.1603,1.6503,320.6250,enc,0.0000
1786092162.952597,0.1087,0.0,0.0,0.0000,0.0000,1.4087,1.1603,1.6503,320.6250,enc,0.0000
1786092163.052045,0.0994,0.0,0.0,0.0000,0.0000,1.4087,1.1603,1.6503,320.6250,enc,0.0000
1786092163.157059,0.1050,0.0,0.0,0.0000,0.0000,1.4087,1.1603,1.6503,320.6250,enc,0.0000
1786092163.264004,0.1069,0.0,0.0,0.0000,0.0000,1.4087,1.1603,1.6503,320.6250,enc,0.0000
1786092163.362881,0.0989,0.0,0.0,0.0000,0.0000,1.4087,1.1603,1.6503,320.6250,enc,0.0000
1786092163.469324,0.1064,0.0,0.0,0.0000,0.0000,1.4087,1.1603,1.6503,320.6250,enc,0.0000
1786092163.573868,0.1045,0.0,0.0,0.0000,0.0000,1.4087,1.1603,1.6503,320.6250,enc,0.0000
1786092163.674839,0.1010,0.0,0.0,0.0000,0.0000,1.4087,1.1603,1.6503,320.6250,enc,0.0000
1786092163.779948,0.1051,0.0,0.0,0.0000,0.0000,1.4087,1.1603,1.6503,320.6250,enc,0.0000
1786092163.882860,0.1029,0.0,0.0,0.0000,0.0000,1.4087,1.1603,1.6503,320.6250,enc,0.0000
1786092163.994770,0.1119,0.0,0.0,0.0000,0.0000,1.4087,1.1603,1.6503,320.6250,enc,0.0000
1786092164.091642,0.0969,0.0,0.0,0.0000,0.0000,1.4087,1.1603,1.6503,320.6250,enc,0.0000
1786092164.194794,0.1032,0.0,0.0,0.0000,0.0000,1.4087,1.1603,1.6503,320.6250,enc,0.0000
1786092164.298400,0.1036,0.0,0.0,0.0000,0.0000,1.4087,1.1603,1.6503,320.6250,enc,0.0000
1786092164.399124,0.1007,0.0,0.0,0.0000,0.0000,1.4087,1.1603,1.6503,320.6250,enc,0.0000
1786092164.503555,0.1044,0.0,0.0,0.0000,0.0000,1.4087,1.1603,1.6503,320.6250,enc,0.0000
1786092164.610685,0.1071,0.0,0.0,0.0000,0.0000,1.4087,1.1603,1.6503,320.6250,enc,0.0000
1786092164.711776,0.1011,0.0,0.0,0.0000,0.0000,1.4087,1.1603,1.6503,320.6250,enc,0.0000
1786092164.813966,0.1022,0.0,0.0,0.0000,0.0000,1.4087,1.1603,1.6503,320.6250,enc,0.0000
1786092164.922846,0.1089,0.0,0.0,0.0000,0.0000,1.4087,1.1603,1.6503,320.6250,enc,0.0000
1786092165.024479,0.1016,0.0,0.0,0.0000,0.0000,1.4087,1.1603,1.6503,320.6250,enc,0.0000
1786092165.265093,0.2406,0.0,0.0,0.0000,0.0000,1.4087,1.1603,1.6503,320.6250,enc,0.0000
1786092165.265145,0.0001,0.0,0.0,0.0000,0.0000,1.4087,1.1603,1.6503,320.6250,enc,0.0000
1786092165.335538,0.0704,0.0,0.0,0.0000,0.0000,1.4087,1.1603,1.6503,320.6250,enc,0.0000
1786092165.519416,0.1839,0.0,0.0,0.0000,0.0000,1.4087,1.1603,1.6503,320.6250,enc,0.0000
1786092165.540512,0.0211,0.0,0.0,0.0000,0.0000,1.4087,1.1603,1.6503,320.6250,enc,0.0000
1786092165.765389,0.2249,0.0,0.0,0.0000,0.0000,1.4087,1.1603,1.6503,320.6250,enc,0.0000
1786092165.765487,0.0001,0.0,0.0,0.0000,0.0000,1.4087,1.1603,1.6503,320.6250,enc,0.0000
1786092165.850316,0.0848,0.0,0.0,0.0000,0.0000,1.4087,1.1603,1.6503,320.6250,enc,0.0000
1786092166.010781,0.1605,0.0,0.0,0.0000,0.0000,1.4087,1.1603,1.6503,320.6250,enc,0.0000
1786092166.058816,0.0480,0.0,0.0,0.0000,0.0000,1.4087,1.1603,1.6503,320.6250,enc,0.0000
1786092166.264822,0.2060,0.0,0.0,0.0000,0.0000,1.4087,1.1603,1.6503,320.6250,enc,0.0000
1786092166.274481,0.0097,0.0,0.0,0.0000,0.0000,1.4087,1.1603,1.6503,320.6250,enc,0.0000
1786092166.518497,0.2440,0.0,0.0,0.0000,0.0000,1.4087,1.1603,1.6503,320.6250,enc,0.0000
1786092166.518597,0.0001,0.0,0.0,0.0000,0.0000,1.4087,1.1603,1.6503,320.6250,enc,0.0000
1786092166.579474,0.0609,0.0,0.0,0.0000,0.0000,1.4087,1.1603,1.6503,320.6250,enc,0.0000
1786092166.771369,0.1919,0.0,0.0,0.0000,0.0000,1.4087,1.1603,1.6503,320.6250,enc,0.0000
1786092166.784405,0.0130,0.0,0.0,0.0000,0.0000,1.4087,1.1603,1.6503,320.6250,enc,0.0000
1786092167.022589,0.2382,0.0,0.0,0.0000,0.0000,1.4087,1.1603,1.6503,320.6250,enc,0.0000
1786092167.022645,0.0001,0.0,0.0,0.0000,0.0000,1.4087,1.1603,1.6503,320.6250,enc,0.0000
1786092167.102841,0.0802,0.0,0.0,0.0000,0.0000,1.4087,1.1603,1.6503,320.6250,enc,0.0000
1786092167.272053,0.1692,0.0,0.0,0.0000,0.0000,1.4087,1.1603,1.6503,320.6250,enc,0.0000
1786092167.302026,0.0300,0.0,0.0,0.0000,0.0000,1.4087,1.1603,1.6503,320.6250,enc,0.0000
1786092167.521959,0.2199,0.0,0.0,0.0000,0.0000,1.4087,1.1603,1.6503,320.6250,enc,0.0000
1786092167.522010,0.0001,0.0,0.0,0.0000,0.0000,1.4087,1.1603,1.6503,320.6250,enc,0.0000
1786092167.616183,0.0942,0.0,0.0,0.0000,0.0000,1.4087,1.1603,1.6503,320.6250,enc,0.0000
1786092167.770099,0.1539,0.0,0.0,0.0000,0.0000,1.4087,1.1603,1.6503,320.6250,enc,0.0000
1786092167.820149,0.0501,0.0,0.0,0.0000,0.0000,1.4087,1.1603,1.6503,320.6250,enc,0.0000
1786092168.019985,0.1998,0.0,0.0,0.0000,0.0000,1.4087,1.1603,1.6503,320.6250,enc,0.0000
1786092168.028185,0.0082,0.0,0.0,0.0000,0.0000,1.4087,1.1603,1.6503,320.6250,enc,0.0000
1786092168.269260,0.2411,0.0,0.0,0.0000,0.0000,1.4087,1.1603,1.6503,320.6250,enc,0.0000
1786092168.269302,0.0000,0.0,0.0,0.0000,0.0000,1.4087,1.1603,1.6503,320.6250,enc,0.0000
1786092168.339263,0.0700,0.0,0.0,0.0000,0.0000,1.4087,1.1603,1.6503,320.6250,enc,0.0000
1786092168.527069,0.1878,0.0,0.0,0.0000,0.0000,1.4087,1.1603,1.6503,320.6250,enc,0.0000
1786092168.546205,0.0191,0.0,0.0,0.0000,0.0000,1.4087,1.1603,1.6503,320.6250,enc,0.0000
1786092168.772286,0.2261,0.0,0.0,0.0000,0.0000,1.4087,1.1603,1.6503,320.6250,enc,0.0000
1786092168.772334,0.0000,0.0,0.0,0.0000,0.0000,1.4087,1.1603,1.6503,320.6250,enc,0.0000
1786092168.857516,0.0852,0.0,0.0,0.0000,0.0000,1.4087,1.1603,1.6503,320.6250,enc,0.0000
1786092169.023988,0.1665,0.0,0.0,0.0000,0.0000,1.4087,1.1603,1.6503,320.6250,enc,0.0000
1786092169.067379,0.0434,0.0,0.0,0.0000,0.0000,1.4087,1.1603,1.6503,320.6250,enc,0.0000
1786092169.275528,0.2081,0.0,0.0,0.0000,0.0000,1.4087,1.1603,1.6503,320.6250,enc,0.0000
1786092169.276148,0.0006,0.0,0.0,0.0000,0.0000,1.4087,1.1603,1.6503,320.6250,enc,0.0000
1786092169.531237,0.2551,0.0,0.0,0.0000,0.0000,1.4087,1.1603,1.6503,320.6250,enc,0.0000
1786092169.531279,0.0000,0.0,0.0,0.0000,0.0000,1.4087,1.1603,1.6503,320.6250,enc,0.0000
1786092169.586363,0.0551,0.0,0.0,0.0000,0.0000,1.4087,1.1603,1.6503,320.6250,enc,0.0000
1786092169.785480,0.1991,0.0,0.0,0.0000,0.0000,1.4087,1.1603,1.6503,320.6250,enc,0.0000
1786092169.789931,0.0045,0.0,0.0,0.0000,0.0000,1.4087,1.1603,1.6503,320.6250,enc,0.0000
1786092170.038903,0.2490,0.0,0.0,0.0000,0.0000,1.4087,1.1603,1.6503,320.6250,enc,0.0000
1786092170.039180,0.0003,0.0,0.0,0.0000,0.0000,1.4087,1.1603,1.6503,320.6250,enc,0.0000
1786092170.103504,0.0643,0.0,0.0,0.0000,0.0000,1.4087,1.1603,1.6503,320.6250,enc,0.0000
1786092170.205384,0.1019,0.0,0.0,0.0000,0.0000,1.4087,1.1603,1.6503,320.6250,enc,0.0000
1786092170.308974,0.1036,0.0,0.0,0.0000,0.0000,1.4087,1.1603,1.6503,320.6250,enc,0.0000
1786092170.411992,0.1030,0.0,0.0,0.0000,0.0000,1.4087,1.1603,1.6503,320.6250,enc,0.0000
1786092170.515874,0.1039,0.0,0.0,0.0000,0.0000,1.4087,1.1603,1.6503,320.6250,enc,0.0000
1786092170.626025,0.1102,0.0,0.0,0.0000,0.0000,1.4087,1.1603,1.6503,320.6250,enc,0.0000
1786092170.724039,0.0980,0.0,0.0,0.0000,0.0000,1.4087,1.1603,1.6503,320.6250,enc,0.0000
1786092170.827203,0.1032,0.0,0.0,0.0000,0.0000,1.4087,1.1603,1.6503,320.6250,enc,0.0000
1786092170.935584,0.1084,0.0,0.0,0.0000,0.0000,1.4087,1.1603,1.6503,320.6250,enc,0.0000
1786092171.034427,0.0988,0.0,0.0,0.0000,0.0000,1.4087,1.1603,1.6503,320.6250,enc,0.0000
1786092171.141666,0.1072,0.0,0.0,0.0000,0.0000,1.4087,1.1603,1.6503,320.6250,enc,0.0000
1786092171.246801,0.1051,0.0,0.0,0.0000,0.0000,1.4087,1.1603,1.6503,320.6250,enc,0.0000
1786092171.350898,0.1041,0.0,0.0,0.0000,0.0000,1.4087,1.1603,1.6503,320.6250,enc,0.0000
1786092171.454599,0.1037,0.0,0.0,0.0000,0.0000,1.4087,1.1603,1.6503,320.6250,enc,0.0000
1786092171.553648,0.0990,0.0,0.0,0.0000,0.0000,1.4087,1.1603,1.6503,320.6250,enc,0.0000
1786092171.661623,0.1080,0.0,0.0,0.0000,0.0000,1.4087,1.1603,1.6503,320.6250,enc,0.0000
1786092171.764248,0.1026,0.0,0.0,0.0000,0.0000,1.4087,1.1603,1.6503,320.6250,enc,0.0000
1786092171.866656,0.1024,0.0,0.0,0.0000,0.0000,1.4087,1.1603,1.6503,320.6250,enc,0.0000
1786092171.972123,0.1055,0.0,0.0,0.0000,0.0000,1.4087,1.1603,1.6503,320.6250,enc,0.0000
1786092172.074369,0.1022,0.0,0.0,0.0000,0.0000,1.4087,1.1603,1.6503,320.6250,enc,0.0000
1786092172.177805,0.1034,0.0,0.0,0.0000,0.0000,1.4087,1.1603,1.6503,320.6250,enc,0.0000
1786092172.286993,0.1092,0.0,0.0,0.0000,0.0000,1.4087,1.1603,1.6503,320.6250,enc,0.0000
1786092172.389875,0.1029,0.0,0.0,0.0000,0.0000,1.4087,1.1603,1.6503,320.6250,enc,0.0000
1786092172.491399,0.1015,0.0,0.0,0.0000,0.0000,1.4087,1.1603,1.6503,320.6250,enc,0.0000
1786092172.598927,0.1075,0.0,0.0,0.0000,0.0000,1.4087,1.1603,1.6503,320.6250,enc,0.0000
1786092172.700027,0.1011,0.0,0.0,0.0000,0.0000,1.4087,1.1603,1.6503,320.6250,enc,0.0000
1786092172.802976,0.1029,0.0,0.0,0.0000,0.0000,1.4087,1.1603,1.6503,320.6250,enc,0.0000
1786092172.905668,0.1027,0.0,0.0,0.0000,0.0000,1.4087,1.1603,1.6503,320.6250,enc,0.0000
1786092173.011920,0.1063,0.0,0.0,0.0000,0.0000,1.4087,1.1603,1.6503,320.6250,enc,0.0000
1786092173.112924,0.1010,0.0,0.0,0.0000,0.0000,1.4087,1.1603,1.6503,320.6250,enc,0.0000
1786092173.214720,0.1018,0.0,0.0,0.0000,0.0000,1.4087,1.1603,1.6503,320.6250,enc,0.0000
1786092173.327109,0.1124,0.0,0.0,0.0000,0.0000,1.4087,1.1603,1.6503,320.6250,enc,0.0000
1786092173.421835,0.0947,0.0,0.0,0.0000,0.0000,1.4087,1.1603,1.6503,320.6250,enc,0.0000
1786092173.524653,0.1028,0.0,0.0,0.0000,0.0000,1.4087,1.1603,1.6503,320.6250,enc,0.0000
1786092173.633032,0.1084,0.0,0.0,0.0000,0.0000,1.4087,1.1603,1.6503,320.6250,enc,0.0000
1786092173.735147,0.1021,0.0,0.0,0.0000,0.0000,1.4087,1.1603,1.6503,320.6250,enc,0.0000
1786092173.839164,0.1040,0.0,0.0,0.0000,0.0000,1.4087,1.1603,1.6503,320.6250,enc,0.0000
1786092173.946045,0.1069,0.0,0.0,0.0000,0.0000,1.4087,1.1603,1.6503,320.6250,enc,0.0000
1786092174.047106,0.1011,0.0,0.0,0.0000,0.0000,1.4087,1.1603,1.6503,320.6250,enc,0.0000
1786092174.150426,0.1033,0.0,0.0,0.0000,0.0000,1.4087,1.1603,1.6503,320.6250,enc,0.0000
1786092174.254609,0.1042,0.0,0.0,0.0000,0.0000,1.4087,1.1603,1.6503,320.6250,enc,0.0000
1786092174.362993,0.1084,0.0,0.0,0.0000,0.0000,1.4087,1.1603,1.6503,320.6250,enc,0.0000
1786092174.464627,0.1016,0.0,0.0,0.0000,0.0000,1.4087,1.1603,1.6503,320.6250,enc,0.0000
1786092174.565123,0.1005,0.0,0.0,0.0000,0.0000,1.4087,1.1603,1.6503,320.6250,enc,0.0000
1786092174.673057,0.1079,0.0,0.0,0.0000,0.0000,1.4087,1.1603,1.6503,320.6250,enc,0.0000
1786092174.773372,0.1003,0.0,0.0,0.0000,0.0000,1.4087,1.1603,1.6503,320.6250,enc,0.0000
1786092174.878675,0.1053,0.0,0.0,0.0000,0.0000,1.4087,1.1603,1.6503,320.6250,enc,0.0000
1786092174.986585,0.1079,0.0,0.0,0.0000,0.0000,1.4087,1.1603,1.6503,320.6250,enc,0.0000
1786092175.090394,0.1038,0.0,0.0,0.0000,0.0000,1.4087,1.1603,1.6503,320.6250,enc,0.0000
1786092175.196370,0.1060,0.0,0.0,0.0000,0.0000,1.4087,1.1603,1.6503,320.6250,enc,0.0000
1786092175.298043,0.1017,0.0,0.0,0.0000,0.0000,1.4087,1.1603,1.6503,320.6250,enc,0.0000
1786092175.403014,0.1050,0.0,0.0,0.0000,0.0000,1.4087,1.1603,1.6503,320.6250,enc,0.0000
1786092175.506063,0.1030,0.0,0.0,0.0000,0.0000,1.4087,1.1603,1.6503,320.6250,enc,0.0000
1786092175.614006,0.1079,0.0,0.0,0.0000,0.0000,1.4087,1.1603,1.6503,320.6250,enc,0.0000
1786092175.716956,0.1030,0.0,0.0,0.0000,0.0000,1.4087,1.1603,1.6503,320.6250,enc,0.0000
1786092175.841303,0.1243,0.0,0.0,0.0000,0.0000,1.4087,1.1603,1.6503,320.6250,enc,0.0000
1786092175.916612,0.0753,0.0,0.0,0.0000,0.0000,1.4087,1.1603,1.6503,320.6250,enc,0.0000
1786092176.023164,0.1066,0.0,0.0,0.0000,0.0000,1.4087,1.1603,1.6503,320.6250,enc,0.0000
1786092176.124214,0.1011,0.0,0.0,0.0000,0.0000,1.4087,1.1603,1.6503,320.6250,enc,0.0000
1786092176.228042,0.1038,0.0,0.0,0.0000,0.0000,1.4087,1.1603,1.6503,320.6250,enc,0.0000
1786092176.335171,0.1071,0.0,0.0,0.0000,0.0000,1.4087,1.1603,1.6503,320.6250,enc,0.0000
1786092176.434200,0.0990,0.0,0.0,0.0000,0.0000,1.4087,1.1603,1.6503,320.6250,enc,0.0000
1786092176.538127,0.1039,0.0,0.0,0.0000,0.0000,1.4087,1.1603,1.6503,320.6250,enc,0.0000
1786092176.646903,0.1088,0.0,0.0,0.0000,0.0000,1.4087,1.1603,1.6503,320.6250,enc,0.0000
1786092176.747450,0.1005,0.0,0.0,0.0000,0.0000,1.4087,1.1603,1.6503,320.6250,enc,0.0000
1786092176.851316,0.1039,0.0,0.0,0.0000,0.0000,1.4087,1.1603,1.6503,320.6250,enc,0.0000
1786092176.956992,0.1057,0.0,0.0,0.0000,0.0000,1.4087,1.1603,1.6503,320.6250,enc,0.0000
1786092177.062007,0.1050,0.0,0.0,0.0000,0.0000,1.4087,1.1603,1.6503,320.6250,enc,0.0000
1786092177.163938,0.1019,0.0,0.0,0.0000,0.0000,1.4087,1.1603,1.6503,320.6250,enc,0.0000
1786092177.264544,0.1006,0.0,0.0,0.0000,0.0000,1.4087,1.1603,1.6503,320.6250,enc,0.0000
1786092177.372180,0.1076,0.0,0.0,0.0000,0.0000,1.4087,1.1603,1.6503,320.6250,enc,0.0000
1786092177.472404,0.1002,0.0,0.0,0.0000,0.0000,1.4087,1.1603,1.6503,320.6250,enc,0.0000
1786092177.575063,0.1027,0.0,0.0,0.0000,0.0000,1.4087,1.1603,1.6503,320.6250,enc,0.0000
1786092177.684011,0.1089,0.0,0.0,0.0000,0.0000,1.4087,1.1603,1.6503,320.6250,enc,0.0000
1786092177.782991,0.0990,0.0,0.0,0.0000,0.0000,1.4087,1.1603,1.6503,320.6250,enc,0.0000
1786092177.886029,0.1030,0.0,0.0,0.0000,0.0000,1.4087,1.1603,1.6503,320.6250,enc,0.0000
1786092177.994941,0.1089,0.0,0.0,0.0000,0.0000,1.4087,1.1603,1.6503,320.6250,enc,0.0000
1786092178.097236,0.1023,0.0,0.0,0.0000,0.0000,1.4087,1.1603,1.6503,320.6250,enc,0.0000
1786092178.197930,0.1007,0.0,0.0,0.0000,0.0000,1.4087,1.1603,1.6503,320.6250,enc,0.0000
1786092178.302478,0.1045,0.0,0.0,0.0000,0.0000,1.4087,1.1603,1.6503,320.6250,enc,0.0000
1786092178.408103,0.1056,0.0,0.0,0.0000,0.0000,1.4087,1.1603,1.6503,320.6250,enc,0.0000
1786092178.510768,0.1027,0.0,0.0,0.0000,0.0000,1.4087,1.1603,1.6503,320.6250,enc,0.0000
1786092178.614228,0.1035,0.0,0.0,0.0000,0.0000,1.4087,1.1603,1.6503,320.6250,enc,0.0000
1786092178.719995,0.1058,0.0,0.0,0.0000,0.0000,1.4087,1.1603,1.6503,320.6250,enc,0.0000
1786092178.821732,0.1017,0.0,0.0,0.0000,0.0000,1.4087,1.1603,1.6503,320.6250,enc,0.0000
1786092178.922769,0.1010,0.0,0.0,0.0000,0.0000,1.4087,1.1603,1.6503,320.6250,enc,0.0000
1786092179.026742,0.1040,0.0,0.0,0.0000,0.0000,1.4087,1.1603,1.6503,320.6250,enc,0.0000
1786092179.129666,0.1029,0.0,0.0,0.0000,0.0000,1.4087,1.1603,1.6503,320.6250,enc,0.0000
1786092179.233849,0.1042,0.0,0.0,0.0000,0.0000,1.4087,1.1603,1.6503,320.6250,enc,0.0000
1786092179.340770,0.1069,0.0,0.0,0.0000,0.0000,1.4087,1.1603,1.6503,320.6250,enc,0.0000
1786092179.444065,0.1033,0.0,0.0,0.0000,0.0000,1.4087,1.1603,1.6503,320.6250,enc,0.0000
1786092179.547347,0.1033,0.0,0.0,0.0000,0.0000,1.4087,1.1603,1.6503,320.6250,enc,0.0000
1786092179.653035,0.1057,0.0,0.0,0.0000,0.0000,1.4087,1.1603,1.6503,320.6250,enc,0.0000
1786092179.754508,0.1015,0.0,0.0,0.0000,0.0000,1.4087,1.1603,1.6503,320.6250,enc,0.0000
1786092179.863002,0.1085,0.0,0.0,0.0000,0.0000,1.4087,1.1603,1.6503,320.6250,enc,0.0000
1786092179.964850,0.1018,0.0,0.0,0.0000,0.0000,1.4087,1.1603,1.6503,320.6250,enc,0.0000
1786092180.067718,0.1029,0.0,0.0,0.0000,0.0000,1.4087,1.1603,1.6503,320.6250,enc,0.0000
1786092180.262222,0.1945,0.0,0.0,0.0000,0.0000,1.4087,1.1603,1.6503,320.6250,enc,0.0000
1786092180.278574,0.0164,0.0,0.0,0.0000,0.0000,1.4087,1.1603,1.6503,320.6250,enc,0.0000
1786092180.507675,0.2291,0.0,0.0,0.0000,0.0000,1.4087,1.1603,1.6503,320.6250,enc,0.0000
1786092180.507718,0.0000,0.0,0.0,0.0000,0.0000,1.4087,1.1603,1.6503,320.6250,enc,0.0000
1786092180.583772,0.0761,0.0,0.0,0.0000,0.0000,1.4087,1.1603,1.6503,320.6250,enc,0.0000
1786092180.752549,0.1688,0.0,0.0,0.0000,0.0000,1.4087,1.1603,1.6503,320.6250,enc,0.0000
1786092180.795227,0.0427,0.0,0.0,0.0000,0.0000,1.4087,1.1603,1.6503,320.6250,enc,0.0000
1786092181.008560,0.2133,0.0,0.0,0.0000,0.0000,1.4087,1.1603,1.6503,320.6250,enc,0.0000
1786092181.008624,0.0001,0.0,0.0,0.0000,0.0000,1.4087,1.1603,1.6503,320.6250,enc,0.0000
1786092181.253427,0.2448,0.0,0.0,0.0000,0.0000,1.4087,1.1603,1.6503,320.6250,enc,0.0000
1786092181.253479,0.0001,0.0,0.0,0.0000,0.0000,1.4087,1.1603,1.6503,320.6250,enc,0.0000
1786092181.315346,0.0619,0.0,0.0,0.0000,0.0000,1.4087,1.1603,1.6503,320.6250,enc,0.0000
1786092181.507962,0.1926,0.0,0.0,0.0000,0.0000,1.4087,1.1603,1.6503,320.6250,enc,0.0000
1786092181.518119,0.0102,0.0,0.0,0.0000,0.0000,1.4087,1.1603,1.6503,320.6250,enc,0.0000
1786092181.760622,0.2425,0.0,0.0,0.0000,0.0000,1.4087,1.1603,1.6503,320.6250,enc,0.0000
1786092181.760674,0.0001,0.0,0.0,0.0000,0.0000,1.4087,1.1603,1.6503,320.6250,enc,0.0000
1786092181.831968,0.0713,0.0,0.0,0.0000,0.0000,1.4087,1.1603,1.6503,320.6250,enc,0.0000
1786092182.022525,0.1906,0.0,0.0,0.0000,0.0000,1.4087,1.1603,1.6503,320.6250,enc,0.0000
1786092182.056964,0.0344,0.0,0.0,0.0000,0.0000,1.4087,1.1603,1.6503,320.6250,enc,0.0000
1786092182.260917,0.2040,0.0,0.0,0.0000,0.0000,1.4087,1.1603,1.6503,320.6250,enc,0.0000
1786092182.260968,0.0001,0.0,0.0,0.0000,0.0000,1.4087,1.1603,1.6503,320.6250,enc,0.0000
1786092182.352375,0.0914,0.0,0.0,0.0000,0.0000,1.4087,1.1603,1.6503,320.6250,enc,0.0000
1786092182.508507,0.1561,0.0,0.0,0.0000,0.0000,1.4087,1.1603,1.6503,320.6250,enc,0.0000
1786092182.561328,0.0528,0.0,0.0,0.0000,0.0000,1.4087,1.1603,1.6503,320.6250,enc,0.0000
1786092182.758876,0.1975,0.0,0.0,0.0000,0.0000,1.4087,1.1603,1.6503,320.6250,enc,0.0000
1786092182.764776,0.0059,0.0,0.0,0.0000,0.0000,1.4087,1.1603,1.6503,320.6250,enc,0.0000
1786092183.011562,0.2468,0.0,0.0,0.0000,0.0000,1.4087,1.1603,1.6503,320.6250,enc,0.0000
1786092183.011814,0.0003,0.0,0.0,0.0000,0.0000,1.4087,1.1603,1.6503,320.6250,enc,0.0000
1786092183.080001,0.0682,0.0,0.0,0.0000,0.0000,1.4087,1.1603,1.6503,320.6250,enc,0.0000
1786092183.262608,0.1826,0.0,0.0,0.0000,0.0000,1.4087,1.1603,1.6503,320.6250,enc,0.0000
1786092183.282937,0.0203,0.0,0.0,0.0000,0.0000,1.4087,1.1603,1.6503,320.6250,enc,0.0000
1786092183.514980,0.2320,0.0,0.0,0.0000,0.0000,1.4087,1.1603,1.6503,320.6250,enc,0.0000
1786092183.515030,0.0001,0.0,0.0,0.0000,0.0000,1.4087,1.1603,1.6503,320.6250,enc,0.0000
1786092183.594054,0.0790,0.0,0.0,0.0000,0.0000,1.4087,1.1603,1.6503,320.6250,enc,0.0000
1786092183.765128,0.1711,0.0,0.0,0.0000,0.0000,1.4087,1.1603,1.6503,320.6250,enc,0.0000
1786092183.805036,0.0399,0.0,0.0,0.0000,0.0000,1.4087,1.1603,1.6503,320.6250,enc,0.0000
1786092184.016004,0.2110,0.0,0.0,0.0000,0.0000,1.4087,1.1603,1.6503,320.6250,enc,0.0000
1786092184.016059,0.0001,0.0,0.0,0.0000,0.0000,1.4087,1.1603,1.6503,320.6250,enc,0.0000
1786092184.116742,0.1007,0.0,0.0,0.0000,0.0000,1.4087,1.1603,1.6503,320.6250,enc,0.0000
1786092184.267915,0.1512,0.0,0.0,0.0000,0.0000,1.4087,1.1603,1.6503,320.6250,enc,0.0000
1786092184.322129,0.0542,0.0,0.0,0.0000,0.0000,1.4087,1.1603,1.6503,320.6250,enc,0.0000
1786092184.522825,0.2007,0.0,0.0,0.0000,0.0000,1.4087,1.1603,1.6503,320.6250,enc,0.0000
1786092184.527385,0.0046,0.0,0.0,0.0000,0.0000,1.4087,1.1603,1.6503,320.6250,enc,0.0000
1786092184.779627,0.2522,0.0,0.0,0.0000,0.0000,1.4087,1.1603,1.6503,320.6250,enc,0.0000
1786092184.780504,0.0009,0.0,0.0,0.0000,0.0000,1.4087,1.1603,1.6503,320.6250,enc,0.0000
1786092184.838370,0.0579,0.0,0.0,0.0000,0.0000,1.4087,1.1603,1.6503,320.6250,enc,0.0000
1786092185.032612,0.1942,0.0,0.0,0.0000,0.0000,1.4087,1.1603,1.6503,320.6250,enc,0.0000
1786092185.045933,0.0133,0.0,0.0,0.0000,0.0000,1.4087,1.1603,1.6503,320.6250,enc,0.0000
1786092185.149345,0.1034,0.0,0.0,0.0000,0.0000,1.4087,1.1603,1.6503,320.6250,enc,0.0000
1786092185.255489,0.1061,0.0,0.0,0.0000,0.0000,1.4087,1.1603,1.6503,320.6250,enc,0.0000
1786092185.360416,0.1049,0.0,0.0,0.0000,0.0000,1.4087,1.1603,1.6503,320.6250,enc,0.0000
1786092185.463489,0.1031,0.0,0.0,0.0000,0.0000,1.4087,1.1603,1.6503,320.6250,enc,0.0000
1786092185.566588,0.1031,0.0,0.0,0.0000,0.0000,1.4087,1.1603,1.6503,320.6250,enc,0.0000
1786092185.671448,0.1049,0.0,0.0,0.0000,0.0000,1.4087,1.1603,1.6503,320.6250,enc,0.0000
1786092185.774442,0.1030,0.0,0.0,0.0000,0.0000,1.4087,1.1603,1.6503,320.6250,enc,0.0000
1786092185.879362,0.1049,0.0,0.0,0.0000,0.0000,1.4087,1.1603,1.6503,320.6250,enc,0.0000
1786092185.979712,0.1004,0.0,0.0,0.0000,0.0000,1.4087,1.1603,1.6503,320.6250,enc,0.0000
1786092186.088048,0.1083,0.0,0.0,0.0000,0.0000,1.4087,1.1603,1.6503,320.6250,enc,0.0000
1786092186.187503,0.0995,0.0,0.0,0.0000,0.0000,1.4087,1.1603,1.6503,320.6250,enc,0.0000
1786092186.290422,0.1029,0.0,0.0,0.0000,0.0000,1.4087,1.1603,1.6503,320.6250,enc,0.0000
1786092186.396833,0.1064,0.0,0.0,0.0000,0.0000,1.4087,1.1603,1.6503,320.6250,enc,0.0000
1786092186.498231,0.1014,0.0,0.0,0.0000,0.0000,1.4087,1.1603,1.6503,320.6250,enc,0.0000
1786092186.601569,0.1033,0.0,0.0,0.0000,0.0000,1.4087,1.1603,1.6503,320.6250,enc,0.0000
1786092186.708922,0.1074,0.0,0.0,0.0000,0.0000,1.4087,1.1603,1.6503,320.6250,enc,0.0000
1786092186.814055,0.1051,0.0,0.0,0.0000,0.0000,1.4087,1.1603,1.6503,320.6250,enc,0.0000
1786092186.914965,0.1009,0.0,0.0,0.0000,0.0000,1.4087,1.1603,1.6503,320.6250,enc,0.0000
1786092187.015851,0.1009,0.0,0.0,0.0000,0.0000,1.4087,1.1603,1.6503,320.6250,enc,0.0000
1786092187.121520,0.1057,0.0,0.0,0.0000,0.0000,1.4087,1.1603,1.6503,320.6250,enc,0.0000
1786092187.225749,0.1042,0.0,0.0,0.0000,0.0000,1.4087,1.1603,1.6503,320.6250,enc,0.0000
1786092187.328914,0.1032,0.0,0.0,0.0000,0.0000,1.4087,1.1603,1.6503,320.6250,enc,0.0000
1786092187.433971,0.1051,0.0,0.0,0.0000,0.0000,1.4087,1.1603,1.6503,320.6250,enc,0.0000
1786092187.537266,0.1033,0.0,0.0,0.0000,0.0000,1.4087,1.1603,1.6503,320.6250,enc,0.0000
1786092187.638324,0.1011,0.0,0.0,0.0000,0.0000,1.4087,1.1603,1.6503,320.6250,enc,0.0000
1786092187.752076,0.1138,0.0,0.0,0.0000,0.0000,1.4087,1.1603,1.6503,320.6250,enc,0.0000
1786092187.848820,0.0967,0.0,0.0,0.0000,0.0000,1.4087,1.1603,1.6503,320.6250,enc,0.0000
1786092187.958654,0.1098,0.0,0.0,0.0000,0.0000,1.4087,1.1603,1.6503,320.6250,enc,0.0000
1786092188.061011,0.1024,0.0,0.0,0.0000,0.0000,1.4087,1.1603,1.6503,320.6250,enc,0.0000
1786092188.160848,0.0998,0.0,0.0,0.0000,0.0000,1.4087,1.1603,1.6503,320.6250,enc,0.0000
1786092188.266333,0.1055,0.0,0.0,0.0000,0.0000,1.4087,1.1603,1.6503,320.6250,enc,0.0000
1786092188.372917,0.1066,0.0,0.0,0.0000,0.0000,1.4087,1.1603,1.6503,320.6250,enc,0.0000
1786092188.473063,0.1001,0.0,0.0,0.0000,0.0000,1.4087,1.1603,1.6503,320.6250,enc,0.0000
1786092188.576190,0.1031,0.0,0.0,0.0000,0.0000,1.4087,1.1603,1.6503,320.6250,enc,0.0000
1786092188.681368,0.1052,0.0,0.0,0.0000,0.0000,1.4087,1.1603,1.6503,320.6250,enc,0.0000
1786092188.786072,0.1047,0.0,0.0,0.0000,0.0000,1.4087,1.1603,1.6503,320.6250,enc,0.0000
1786092188.887164,0.1011,0.0,0.0,0.0000,0.0000,1.4087,1.1603,1.6503,320.6250,enc,0.0000
1786092188.988876,0.1017,0.0,0.0,0.0000,0.0000,1.4087,1.1603,1.6503,320.6250,enc,0.0000
1786092189.097003,0.1081,0.0,0.0,0.0000,0.0000,1.4087,1.1603,1.6503,320.6250,enc,0.0000
1786092189.196501,0.0995,0.0,0.0,0.0000,0.0000,1.4087,1.1603,1.6503,320.6250,enc,0.0000
1786092189.299940,0.1034,0.0,0.0,0.0000,0.0000,1.4087,1.1603,1.6503,320.6250,enc,0.0000
1786092189.408039,0.1081,0.0,0.0,0.0000,0.0000,1.4087,1.1603,1.6503,320.6250,enc,0.0000
1786092189.507322,0.0993,0.0,0.0,0.0000,0.0000,1.4087,1.1603,1.6503,320.6250,enc,0.0000
1786092189.610899,0.1036,0.0,0.0,0.0000,0.0000,1.4087,1.1603,1.6503,320.6250,enc,0.0000
1786092189.718989,0.1081,0.0,0.0,0.0000,0.0000,1.4087,1.1603,1.6503,320.6250,enc,0.0000
1786092189.823092,0.1041,0.0,0.0,0.0000,0.0000,1.4087,1.1603,1.6503,320.6250,enc,0.0000
1786092189.927166,0.1041,0.0,0.0,0.0000,0.0000,1.4087,1.1603,1.6503,320.6250,enc,0.0000
1786092190.047415,0.1202,0.0,0.0,0.0000,0.0000,1.4087,1.1603,1.6503,320.6250,enc,0.0000
1786092190.134746,0.0873,0.0,0.0,0.0000,0.0000,1.4087,1.1603,1.6503,320.6250,enc,0.0000
1786092190.236947,0.1022,0.0,0.0,0.0000,0.0000,1.4087,1.1603,1.6503,320.6250,enc,0.0000
1786092190.340470,0.1035,0.0,0.0,0.0000,0.0000,1.4087,1.1603,1.6503,320.6250,enc,0.0000
1786092190.450878,0.1104,0.0,0.0,0.0000,0.0000,1.4087,1.1603,1.6503,320.6250,enc,0.0000
1786092190.555455,0.1046,0.0,0.0,0.0000,0.0000,1.4087,1.1603,1.6503,320.6250,enc,0.0000
1786092190.653672,0.0982,0.0,0.0,0.0000,0.0000,1.4087,1.1603,1.6503,320.6250,enc,0.0000
1786092190.760658,0.1070,0.0,0.0,0.0000,0.0000,1.4087,1.1603,1.6503,320.6250,enc,0.0000
1786092190.858571,0.0979,0.0,0.0,0.0000,0.0000,1.4087,1.1603,1.6503,320.6250,enc,0.0000
1786092190.961329,0.1028,0.0,0.0,0.0000,0.0000,1.4087,1.1603,1.6503,320.6250,enc,0.0000
1786092191.070039,0.1087,0.0,0.0,0.0000,0.0000,1.4087,1.1603,1.6503,320.6250,enc,0.0000
1786092191.171554,0.1015,0.0,0.0,0.0000,0.0000,1.4087,1.1603,1.6503,320.6250,enc,0.0000
1786092191.278789,0.1072,0.0,0.0,0.0000,0.0000,1.4087,1.1603,1.6503,320.6250,enc,0.0000
1786092191.381211,0.1024,0.0,0.0,0.0000,0.0000,1.4087,1.1603,1.6503,320.6250,enc,0.0000
1786092191.485919,0.1047,0.0,0.0,0.0000,0.0000,1.4087,1.1603,1.6503,320.6250,enc,0.0000
1786092191.585871,0.1000,0.0,0.0,0.0000,0.0000,1.4087,1.1603,1.6503,320.6250,enc,0.0000
1786092191.688871,0.1030,0.0,0.0,0.0000,0.0000,1.4087,1.1603,1.6503,320.6250,enc,0.0000
1786092191.794108,0.1052,0.0,0.0,0.0000,0.0000,1.4087,1.1603,1.6503,320.6250,enc,0.0000
1786092191.897854,0.1037,0.0,0.0,0.0000,0.0000,1.4087,1.1603,1.6503,320.6250,enc,0.0000
1786092191.998982,0.1011,0.0,0.0,0.0000,0.0000,1.4087,1.1603,1.6503,320.6250,enc,0.0000
1786092192.106009,0.1070,0.0,0.0,0.0000,0.0000,1.4087,1.1603,1.6503,320.6250,enc,0.0000
1786092192.205528,0.0995,0.0,0.0,0.0000,0.0000,1.4087,1.1603,1.6503,320.6250,enc,0.0000
1786092192.309824,0.1043,0.0,0.0,0.0000,0.0000,1.4087,1.1603,1.6503,320.6250,enc,0.0000
1786092192.417020,0.1072,0.0,0.0,0.0000,0.0000,1.4087,1.1603,1.6503,320.6250,enc,0.0000
1786092192.519741,0.1027,0.0,0.0,0.0000,0.0000,1.4087,1.1603,1.6503,320.6250,enc,0.0000
1786092192.620483,0.1007,0.0,0.0,0.0000,0.0000,1.4087,1.1603,1.6503,320.6250,enc,0.0000
1786092192.728930,0.1084,0.0,0.0,0.0000,0.0000,1.4087,1.1603,1.6503,320.6250,enc,0.0000
1786092192.832003,0.1031,0.0,0.0,0.0000,0.0000,1.4087,1.1603,1.6503,320.6250,enc,0.0000
1786092192.934889,0.1029,0.0,0.0,0.0000,0.0000,1.4087,1.1603,1.6503,320.6250,enc,0.0000
1786092193.038543,0.1037,0.0,0.0,0.0000,0.0000,1.4087,1.1603,1.6503,320.6250,enc,0.0000
1786092193.143888,0.1053,0.0,0.0,0.0000,0.0000,1.4087,1.1603,1.6503,320.6250,enc,0.0000
1786092193.245673,0.1018,0.0,0.0,0.0000,0.0000,1.4087,1.1603,1.6503,320.6250,enc,0.0000
1786092193.346295,0.1006,0.0,0.0,0.0000,0.0000,1.4087,1.1603,1.6503,320.6250,enc,0.0000
1786092193.456035,0.1097,0.0,0.0,0.0000,0.0000,1.4087,1.1603,1.6503,320.6250,enc,0.0000
1786092193.554307,0.0983,0.0,0.0,0.0000,0.0000,1.4087,1.1603,1.6503,320.6250,enc,0.0000
1786092193.657421,0.1031,0.0,0.0,0.0000,0.0000,1.4087,1.1603,1.6503,320.6250,enc,0.0000
1786092193.767029,0.1096,0.0,0.0,0.0000,0.0000,1.4087,1.1603,1.6503,320.6250,enc,0.0000
1786092193.865944,0.0989,0.0,0.0,0.0000,0.0000,1.4087,1.1603,1.6503,320.6250,enc,0.0000
1786092193.969115,0.1032,0.0,0.0,0.0000,0.0000,1.4087,1.1603,1.6503,320.6250,enc,0.0000
1786092194.076278,0.1072,0.0,0.0,0.0000,0.0000,1.4087,1.1603,1.6503,320.6250,enc,0.0000
1786092194.179692,0.1034,0.0,0.0,0.0000,0.0000,1.4087,1.1603,1.6503,320.6250,enc,0.0000
1786092194.279574,0.0999,0.0,0.0,0.0000,0.0000,1.4087,1.1603,1.6503,320.6250,enc,0.0000
1786092194.386698,0.1071,0.0,0.0,0.0000,0.0000,1.4087,1.1603,1.6503,320.6250,enc,0.0000
1786092194.492898,0.1062,0.0,0.0,0.0000,0.0000,1.4087,1.1603,1.6503,320.6250,enc,0.0000
1786092194.593787,0.1009,0.0,0.0,0.0000,0.0000,1.4087,1.1603,1.6503,320.6250,enc,0.0000
1786092194.696817,0.1030,0.0,0.0,0.0000,0.0000,1.4087,1.1603,1.6503,320.6250,enc,0.0000
1786092194.802884,0.1061,0.0,0.0,0.0000,0.0000,1.4087,1.1603,1.6503,320.6250,enc,0.0000
1786092194.903833,0.1009,0.0,0.0,0.0000,0.0000,1.4087,1.1603,1.6503,320.6250,enc,0.0000
1786092195.005298,0.1015,0.0,0.0,0.0000,0.0000,1.4087,1.1603,1.6503,320.6250,enc,0.0000
1786092195.265658,0.2604,0.0,0.0,0.0000,0.0000,1.4087,1.1603,1.6503,320.6250,enc,0.0000
1786092195.265709,0.0001,0.0,0.0,0.0000,0.0000,1.4087,1.1603,1.6503,320.6250,enc,0.0000
1786092195.316977,0.0513,0.0,0.0,0.0000,0.0000,1.4087,1.1603,1.6503,320.6250,enc,0.0000
1786092195.519118,0.2021,0.0,0.0,0.0000,0.0000,1.4087,1.1603,1.6503,320.6250,enc,0.0000
1786092195.523142,0.0040,0.0,0.0,0.0000,0.0000,1.4087,1.1603,1.6503,320.6250,enc,0.0000
1786092195.768426,0.2453,0.0,0.0,0.0000,0.0000,1.4087,1.1603,1.6503,320.6250,enc,0.0000
1786092195.768479,0.0001,0.0,0.0,0.0000,0.0000,1.4087,1.1603,1.6503,320.6250,enc,0.0000
1786092195.840877,0.0724,0.0,0.0,0.0000,0.0000,1.4087,1.1603,1.6503,320.6250,enc,0.0000
1786092196.011041,0.1702,0.0,0.0,0.0000,0.0000,1.4087,1.1603,1.6503,320.6250,enc,0.0000
1786092196.051893,0.0409,0.0,0.0,0.0000,0.0000,1.4087,1.1603,1.6503,320.6250,enc,0.0000
1786092196.266038,0.2141,0.0,0.0,0.0000,0.0000,1.4087,1.1603,1.6503,320.6250,enc,0.0000
1786092196.266088,0.0000,0.0,0.0,0.0000,0.0000,1.4087,1.1603,1.6503,320.6250,enc,0.0000
1786092196.356786,0.0907,0.0,0.0,0.0000,0.0000,1.4087,1.1603,1.6503,320.6250,enc,0.0000
1786092196.520148,0.1634,0.0,0.0,0.0000,0.0000,1.4087,1.1603,1.6503,320.6250,enc,0.0000
1786092196.563420,0.0433,0.0,0.0,0.0000,0.0000,1.4087,1.1603,1.6503,320.6250,enc,0.0000
1786092196.773384,0.2100,0.0,0.0,0.0000,0.0000,1.4087,1.1603,1.6503,320.6250,enc,0.0000
1786092196.773446,0.0001,0.0,0.0,0.0000,0.0000,1.4087,1.1603,1.6503,320.6250,enc,0.0000
1786092197.024429,0.2510,0.0,0.0,0.0000,0.0000,1.4087,1.1603,1.6503,320.6250,enc,0.0000
1786092197.024520,0.0001,0.0,0.0,0.0000,0.0000,1.4087,1.1603,1.6503,320.6250,enc,0.0000
1786092197.081203,0.0567,0.0,0.0,0.0000,0.0000,1.4087,1.1603,1.6503,320.6250,enc,0.0000
1786092197.278338,0.1971,0.0,0.0,0.0000,0.0000,1.4087,1.1603,1.6503,320.6250,enc,0.0000
1786092197.286643,0.0083,0.0,0.0,0.0000,0.0000,1.4087,1.1603,1.6503,320.6250,enc,0.0000
1786092197.526581,0.2399,0.0,0.0,0.0000,0.0000,1.4087,1.1603,1.6503,320.6250,enc,0.0000
1786092197.526668,0.0001,0.0,0.0,0.0000,0.0000,1.4087,1.1603,1.6503,320.6250,enc,0.0000
1786092197.600755,0.0741,0.0,0.0,0.0000,0.0000,1.4087,1.1603,1.6503,320.6250,enc,0.0000
1786092197.776158,0.1754,0.0,0.0,0.0000,0.0000,1.4087,1.1603,1.6503,320.6250,enc,0.0000
1786092197.804694,0.0285,0.0,0.0,0.0000,0.0000,1.4087,1.1603,1.6503,320.6250,enc,0.0000
1786092198.026292,0.2216,0.0,0.0,0.0000,0.0000,1.4087,1.1603,1.6503,320.6250,enc,0.0000
1786092198.026360,0.0001,0.0,0.0,0.0000,0.0000,1.4087,1.1603,1.6503,320.6250,enc,0.0000
1786092198.118961,0.0926,0.0,0.0,0.0000,0.0000,1.4087,1.1603,1.6503,320.6250,enc,0.0000
1786092198.276237,0.1573,0.0,0.0,0.0000,0.0000,1.4087,1.1603,1.6503,320.6250,enc,0.0000
1786092198.324919,0.0487,0.0,0.0,0.0000,0.0000,1.4087,1.1603,1.6503,320.6250,enc,0.0000
1786092198.526196,0.2013,0.0,0.0,0.0000,0.0000,1.4087,1.1603,1.6503,320.6250,enc,0.0000
1786092198.532924,0.0067,0.0,0.0,0.0000,0.0000,1.4087,1.1603,1.6503,320.6250,enc,0.0000
1786092198.774357,0.2414,0.0,0.0,0.0000,0.0000,1.4087,1.1603,1.6503,320.6250,enc,0.0000
1786092198.774426,0.0001,0.0,0.0,0.0000,0.0000,1.4087,1.1603,1.6503,320.6250,enc,0.0000
1786092198.845205,0.0708,0.0,0.0,0.0000,0.0000,1.4087,1.1603,1.6503,320.6250,enc,0.0000
1786092199.027478,0.1823,0.0,0.0,0.0000,0.0000,1.4087,1.1603,1.6503,320.6250,enc,0.0000
1786092199.054388,0.0269,0.0,0.0,0.0000,0.0000,1.4087,1.1603,1.6503,320.6250,enc,0.0000
1786092199.278646,0.2243,0.0,0.0,0.0000,0.0000,1.4087,1.1603,1.6503,320.6250,enc,0.0000
1786092199.278687,0.0000,0.0,0.0,0.0000,0.0000,1.4087,1.1603,1.6503,320.6250,enc,0.0000
1786092199.364377,0.0857,0.0,0.0,0.0000,0.0000,1.4087,1.1603,1.6503,320.6250,enc,0.0000
1786092199.534228,0.1699,0.0,0.0,0.0000,0.0000,1.4087,1.1603,1.6503,320.6250,enc,0.0000
1786092199.573217,0.0390,0.0,0.0,0.0000,0.0000,1.4087,1.1603,1.6503,320.6250,enc,0.0000
1786092199.790018,0.2168,0.0,0.0,0.0000,0.0000,1.4087,1.1603,1.6503,320.6250,enc,0.0000
1786092199.790069,0.0001,0.0,0.0,0.0000,0.0000,1.4087,1.1603,1.6503,320.6250,enc,0.0000
1786092199.887759,0.0977,0.0,0.0,0.0000,0.0000,1.4087,1.1603,1.6503,320.6250,enc,0.0000
1786092200.044895,0.1571,0.0,0.0,0.0000,0.0000,1.4087,1.1603,1.6503,320.6250,enc,0.0000
1786092200.094041,0.0491,0.0,0.0,0.0000,0.0000,1.4087,1.1603,1.6503,320.6250,enc,0.0000
1786092200.199769,0.1057,0.0,0.0,0.0000,0.0000,1.4087,1.1603,1.6503,320.6250,enc,0.0000
1786092200.301448,0.1017,0.0,0.0,0.0000,0.0000,1.4087,1.1603,1.6503,320.6250,enc,0.0000
1786092200.406007,0.1046,0.0,0.0,0.0000,0.0000,1.4087,1.1603,1.6503,320.6250,enc,0.0000
1786092200.512021,0.1060,0.0,0.0,0.0000,0.0000,1.4087,1.1603,1.6503,320.6250,enc,0.0000
1786092200.612634,0.1006,0.0,0.0,0.0000,0.0000,1.4087,1.1603,1.6503,320.6250,enc,0.0000
1786092200.713877,0.1012,0.0,0.0,0.0000,0.0000,1.4087,1.1603,1.6503,320.6250,enc,0.0000
1786092200.821916,0.1080,0.0,0.0,0.0000,0.0000,1.4087,1.1603,1.6503,320.6250,enc,0.0000
1786092200.920558,0.0986,0.0,0.0,0.0000,0.0000,1.4087,1.1603,1.6503,320.6250,enc,0.0000
1786092201.025523,0.1050,0.0,0.0,0.0000,0.0000,1.4087,1.1603,1.6503,320.6250,enc,0.0000
1786092201.134019,0.1085,0.0,0.0,0.0000,0.0000,1.4087,1.1603,1.6503,320.6250,enc,0.0000
1786092201.235147,0.1011,0.0,0.0,0.0000,0.0000,1.4087,1.1603,1.6503,320.6250,enc,0.0000
1786092201.340070,0.1049,0.0,0.0,0.0000,0.0000,1.4087,1.1603,1.6503,320.6250,enc,0.0000
1786092201.447915,0.1078,0.0,0.0,0.0000,0.0000,1.4087,1.1603,1.6503,320.6250,enc,0.0000
1786092201.547122,0.0992,0.0,0.0,0.0000,0.0000,1.4087,1.1603,1.6503,320.6250,enc,0.0000
1786092201.651432,0.1043,0.0,0.0,0.0000,0.0000,1.4087,1.1603,1.6503,320.6250,enc,0.0000
1786092201.756013,0.1046,0.0,0.0,0.0000,0.0000,1.4087,1.1603,1.6503,320.6250,enc,0.0000
1786092201.860915,0.1049,0.0,0.0,0.0000,0.0000,1.4087,1.1603,1.6503,320.6250,enc,0.0000
1786092201.963383,0.1025,0.0,0.0,0.0000,0.0000,1.4087,1.1603,1.6503,320.6250,enc,0.0000
1786092202.064060,0.1007,0.0,0.0,0.0000,0.0000,1.4087,1.1603,1.6503,320.6250,enc,0.0000
1786092202.172061,0.1080,0.0,0.0,0.0000,0.0000,1.4087,1.1603,1.6503,320.6250,enc,0.0000
1786092202.271644,0.0996,0.0,0.0,0.0000,0.0000,1.4087,1.1603,1.6503,320.6250,enc,0.0000
1786092202.375474,0.1038,0.0,0.0,0.0000,0.0000,1.4087,1.1603,1.6503,320.6250,enc,0.0000
1786092202.485035,0.1096,0.0,0.0,0.0000,0.0000,1.4087,1.1603,1.6503,320.6250,enc,0.0000
1786092202.586421,0.1014,0.0,0.0,0.0000,0.0000,1.4087,1.1603,1.6503,320.6250,enc,0.0000
1786092202.687259,0.1008,0.0,0.0,0.0000,0.0000,1.4087,1.1603,1.6503,320.6250,enc,0.0000
1786092202.795997,0.1087,0.0,0.0,0.0000,0.0000,1.4087,1.1603,1.6503,320.6250,enc,0.0000
1786092202.902587,0.1066,0.0,0.0,0.0000,0.0000,1.4087,1.1603,1.6503,320.6250,enc,0.0000
1786092203.002644,0.1001,0.0,0.0,0.0000,0.0000,1.4087,1.1603,1.6503,320.6250,enc,0.0000
1786092203.107917,0.1053,0.0,0.0,0.0000,0.0000,1.4087,1.1603,1.6503,320.6250,enc,0.0000
1786092203.210837,0.1029,0.0,0.0,0.0000,0.0000,1.4087,1.1603,1.6503,320.6250,enc,0.0000
1786092203.315452,0.1046,0.0,0.0,0.0000,0.0000,1.4087,1.1603,1.6503,320.6250,enc,0.0000
1786092203.418470,0.1030,0.0,0.0,0.0000,0.0000,1.4087,1.1603,1.6503,320.6250,enc,0.0000
1786092203.525020,0.1066,0.0,0.0,0.0000,0.0000,1.4087,1.1603,1.6503,320.6250,enc,0.0000
1786092203.623059,0.0980,0.0,0.0,0.0000,0.0000,1.4087,1.1603,1.6503,320.6250,enc,0.0000
1786092203.727032,0.1040,0.0,0.0,0.0000,0.0000,1.4087,1.1603,1.6503,320.6250,enc,0.0000
1786092203.835022,0.1080,0.0,0.0,0.0000,0.0000,1.4087,1.1603,1.6503,320.6250,enc,0.0000
1786092203.934302,0.0993,0.0,0.0,0.0000,0.0000,1.4087,1.1603,1.6503,320.6250,enc,0.0000
1786092204.037936,0.1036,0.0,0.0,0.0000,0.0000,1.4087,1.1603,1.6503,320.6250,enc,0.0000
1786092204.147994,0.1101,0.0,0.0,0.0000,0.0000,1.4087,1.1603,1.6503,320.6250,enc,0.0000
1786092204.245901,0.0979,0.0,0.0,0.0000,0.0000,1.4087,1.1603,1.6503,320.6250,enc,0.0000
1786092204.349230,0.1033,0.0,0.0,0.0000,0.0000,1.4087,1.1603,1.6503,320.6250,enc,0.0000
1786092204.457866,0.1086,0.0,0.0,0.0000,0.0000,1.4087,1.1603,1.6503,320.6250,enc,0.0000
1786092204.561427,0.1036,0.0,0.0,0.0000,0.0000,1.4087,1.1603,1.6503,320.6250,enc,0.0000
1786092204.664866,0.1034,0.0,0.0,0.0000,0.0000,1.4087,1.1603,1.6503,320.6250,enc,0.0000
1786092204.764909,0.1000,0.0,0.0,0.0000,0.0000,1.4087,1.1603,1.6503,320.6250,enc,0.0000
1786092204.873943,0.1090,0.0,0.0,0.0000,0.0000,1.4087,1.1603,1.6503,320.6250,enc,0.0000
1786092204.972412,0.0985,0.0,0.0,0.0000,0.0000,1.4087,1.1603,1.6503,320.6250,enc,0.0000
1786092205.076212,0.1038,0.0,0.0,0.0000,0.0000,1.4087,1.1603,1.6503,320.6250,enc,0.0000
1786092205.187035,0.1108,0.0,0.0,0.0000,0.0000,1.4087,1.1603,1.6503,320.6250,enc,0.0000
1786092205.286687,0.0997,0.0,0.0,0.0000,0.0000,1.4087,1.1603,1.6503,320.6250,enc,0.0000
1786092205.388099,0.1014,0.0,0.0,0.0000,0.0000,1.4087,1.1603,1.6503,320.6250,enc,0.0000
1786092205.495054,0.1070,0.0,0.0,0.0000,0.0000,1.4087,1.1603,1.6503,320.6250,enc,0.0000
1786092205.599491,0.1044,0.0,0.0,0.0000,0.0000,1.4087,1.1603,1.6503,320.6250,enc,0.0000
1786092205.705326,0.1058,0.0,0.0,0.0000,0.0000,1.4087,1.1603,1.6503,320.6250,enc,0.0000
1786092205.829638,0.1243,0.0,0.0,0.0000,0.0000,1.4087,1.1603,1.6503,320.6250,enc,0.0000
1786092205.911376,0.0817,0.0,0.0,0.0000,0.0000,1.4087,1.1603,1.6503,320.6250,enc,0.0000
1786092206.015526,0.1041,0.0,0.0,0.0000,0.0000,1.4087,1.1603,1.6503,320.6250,enc,0.0000
1786092206.120271,0.1047,0.0,0.0,0.0000,0.0000,1.4087,1.1603,1.6503,320.6250,enc,0.0000
1786092206.223073,0.1028,0.0,0.0,0.0000,0.0000,1.4087,1.1603,1.6503,320.6250,enc,0.0000
1786092206.327920,0.1048,0.0,0.0,0.0000,0.0000,1.4087,1.1603,1.6503,320.6250,enc,0.0000
1786092206.427753,0.0998,0.0,0.0,0.0000,0.0000,1.4087,1.1603,1.6503,320.6250,enc,0.0000
1786092206.538023,0.1103,0.0,0.0,0.0000,0.0000,1.4087,1.1603,1.6503,320.6250,enc,0.0000
1786092206.635557,0.0975,0.0,0.0,0.0000,0.0000,1.4087,1.1603,1.6503,320.6250,enc,0.0000
1786092206.740462,0.1049,0.0,0.0,0.0000,0.0000,1.4087,1.1603,1.6503,320.6250,enc,0.0000
1786092206.847056,0.1066,0.0,0.0,0.0000,0.0000,1.4087,1.1603,1.6503,320.6250,enc,0.0000
1786092206.948134,0.1011,0.0,0.0,0.0000,0.0000,1.4087,1.1603,1.6503,320.6250,enc,0.0000
1786092207.161048,0.2129,0.0,0.0,0.0000,0.0000,1.4087,1.1603,1.6503,320.6250,enc,0.0000
1786092207.161104,0.0001,0.0,0.0,0.0000,0.0000,1.4087,1.1603,1.6503,320.6250,enc,0.0000
1786092207.261699,0.1006,0.0,0.0,0.0000,0.0000,1.4087,1.1603,1.6503,320.6250,enc,0.0000
1786092207.363929,0.1022,0.0,0.0,0.0000,0.0000,1.4087,1.1603,1.6503,320.6250,enc,0.0000
1786092207.467829,0.1039,0.0,0.0,0.0000,0.0000,1.4087,1.1603,1.6503,320.6250,enc,0.0000
1786092207.572998,0.1052,0.0,0.0,0.0000,0.0000,1.4087,1.1603,1.6503,320.6250,enc,0.0000
1786092207.675750,0.1028,0.0,0.0,0.0000,0.0000,1.4087,1.1603,1.6503,320.6250,enc,0.0000
1786092207.777643,0.1019,0.0,0.0,0.0000,0.0000,1.4087,1.1603,1.6503,320.6250,enc,0.0000
1786092207.883209,0.1056,0.0,0.0,0.0000,0.0000,1.4087,1.1603,1.6503,320.6250,enc,0.0000
1786092207.983960,0.1008,0.0,0.0,0.0000,0.0000,1.4087,1.1603,1.6503,320.6250,enc,0.0000
1786092208.087581,0.1036,0.0,0.0,0.0000,0.0000,1.4087,1.1603,1.6503,320.6250,enc,0.0000
1786092208.196849,0.1093,0.0,0.0,0.0000,0.0000,1.4087,1.1603,1.6503,320.6250,enc,0.0000
1786092208.295422,0.0986,0.0,0.0,0.0000,0.0000,1.4087,1.1603,1.6503,320.6250,enc,0.0000
1786092208.400032,0.1046,0.0,0.0,0.0000,0.0000,1.4087,1.1603,1.6503,320.6250,enc,0.0000
1786092208.508052,0.1080,0.0,0.0,0.0000,0.0000,1.4087,1.1603,1.6503,320.6250,enc,0.0000
1786092208.611995,0.1039,0.0,0.0,0.0000,0.0000,1.4087,1.1603,1.6503,320.6250,enc,0.0000
1786092208.714729,0.1027,0.0,0.0,0.0000,0.0000,1.4087,1.1603,1.6503,320.6250,enc,0.0000
1786092208.819030,0.1043,0.0,0.0,0.0000,0.0000,1.4087,1.1603,1.6503,320.6250,enc,0.0000
1786092208.922256,0.1032,0.0,0.0,0.0000,0.0000,1.4087,1.1603,1.6503,320.6250,enc,0.0000
1786092209.025928,0.1037,0.0,0.0,0.0000,0.0000,1.4087,1.1603,1.6503,320.6250,enc,0.0000
1786092209.126585,0.1007,0.0,0.0,0.0000,0.0000,1.4087,1.1603,1.6503,320.6250,enc,0.0000
1786092209.233540,0.1070,0.0,0.0,0.0000,0.0000,1.4087,1.1603,1.6503,320.6250,enc,0.0000
1786092209.335071,0.1015,0.0,0.0,0.0000,0.0000,1.4087,1.1603,1.6503,320.6250,enc,0.0000
1786092209.438596,0.1035,0.0,0.0,0.0000,0.0000,1.4087,1.1603,1.6503,320.6250,enc,0.0000
1786092209.545095,0.1065,0.0,0.0,0.0000,0.0000,1.4087,1.1603,1.6503,320.6250,enc,0.0000
1786092209.647861,0.1028,0.0,0.0,0.0000,0.0000,1.4087,1.1603,1.6503,320.6250,enc,0.0000
1786092209.748209,0.1003,0.0,0.0,0.0000,0.0000,1.4087,1.1603,1.6503,320.6250,enc,0.0000
1786092209.857923,0.1097,0.0,0.0,0.0000,0.0000,1.4087,1.1603,1.6503,320.6250,enc,0.0000
1786092209.961013,0.1031,0.0,0.0,0.0000,0.0000,1.4087,1.1603,1.6503,320.6250,enc,0.0000
1786092210.063485,0.1025,0.0,0.0,0.0000,0.0000,1.4087,1.1603,1.6503,320.6250,enc,0.0000
1786092210.263314,0.1998,0.0,0.0,0.0000,0.0000,1.4087,1.1603,1.6503,320.6250,enc,0.0000
1786092210.272162,0.0088,0.0,0.0,0.0000,0.0000,1.4087,1.1603,1.6503,320.6250,enc,0.0000
1786092210.510793,0.2386,0.0,0.0,0.0000,0.0000,1.4087,1.1603,1.6503,320.6250,enc,0.0000
1786092210.510871,0.0001,0.0,0.0,0.0000,0.0000,1.4087,1.1603,1.6503,320.6250,enc,0.0000
1786092210.584476,0.0736,0.0,0.0,0.0000,0.0000,1.4087,1.1603,1.6503,320.6250,enc,0.0000
1786092210.762090,0.1776,0.0,0.0,0.0000,0.0000,1.4087,1.1603,1.6503,320.6250,enc,0.0000
1786092210.795528,0.0334,0.0,0.0,0.0000,0.0000,1.4087,1.1603,1.6503,320.6250,enc,0.0000
1786092211.016094,0.2206,0.0,0.0,0.0000,0.0000,1.4087,1.1603,1.6503,320.6250,enc,0.0000
1786092211.016146,0.0001,0.0,0.0,0.0000,0.0000,1.4087,1.1603,1.6503,320.6250,enc,0.0000
1786092211.101490,0.0853,0.0,0.0,0.0000,0.0000,1.4087,1.1603,1.6503,320.6250,enc,0.0000
1786092211.263453,0.1620,0.0,0.0,0.0000,0.0000,1.4087,1.1603,1.6503,320.6250,enc,0.0000
1786092211.313513,0.0501,0.0,0.0,0.0000,0.0000,1.4087,1.1603,1.6503,320.6250,enc,0.0000
1786092211.517574,0.2041,0.0,0.0,0.0000,0.0000,1.4087,1.1603,1.6503,320.6250,enc,0.0000
1786092211.522096,0.0045,0.0,0.0,0.0000,0.0000,1.4087,1.1603,1.6503,320.6250,enc,0.0000
1786092211.762481,0.2404,0.0,0.0,0.0000,0.0000,1.4087,1.1603,1.6503,320.6250,enc,0.0000
1786092211.762525,0.0000,0.0,0.0,0.0000,0.0000,1.4087,1.1603,1.6503,320.6250,enc,0.0000
1786092211.829058,0.0665,0.0,0.0,0.0000,0.0000,1.4087,1.1603,1.6503,320.6250,enc,0.0000
1786092212.010420,0.1814,0.0,0.0,0.0000,0.0000,1.4087,1.1603,1.6503,320.6250,enc,0.0000
1786092212.035121,0.0247,0.0,0.0,0.0000,0.0000,1.4087,1.1603,1.6503,320.6250,enc,0.0000
1786092212.259709,0.2246,0.0,0.0,0.0000,0.0000,1.4087,1.1603,1.6503,320.6250,enc,0.0000
1786092212.259762,0.0001,0.0,0.0,0.0000,0.0000,1.4087,1.1603,1.6503,320.6250,enc,0.0000
1786092212.345766,0.0860,0.0,0.0,0.0000,0.0000,1.4087,1.1603,1.6503,320.6250,enc,0.0000
1786092212.510068,0.1643,0.0,0.0,0.0000,0.0000,1.4087,1.1603,1.6503,320.6250,enc,0.0000
1786092212.555668,0.0456,0.0,0.0,0.0000,0.0000,1.4087,1.1603,1.6503,320.6250,enc,0.0000
1786092212.760262,0.2046,0.0,0.0,0.0000,0.0000,1.4087,1.1603,1.6503,320.6250,enc,0.0000
1786092212.763984,0.0037,0.0,0.0,0.0000,0.0000,1.4087,1.1603,1.6503,320.6250,enc,0.0000
1786092213.008350,0.2444,0.0,0.0,0.0000,0.0000,1.4087,1.1603,1.6503,320.6250,enc,0.0000
1786092213.008592,0.0002,0.0,0.0,0.0000,0.0000,1.4087,1.1603,1.6503,320.6250,enc,0.0000
1786092213.073941,0.0653,0.0,0.0,0.0000,0.0000,1.4087,1.1603,1.6503,320.6250,enc,0.0000
1786092213.260193,0.1863,0.0,0.0,0.0000,0.0000,1.4087,1.1603,1.6503,320.6250,enc,0.0000
1786092213.284245,0.0241,0.0,0.0,0.0000,0.0000,1.4087,1.1603,1.6503,320.6250,enc,0.0000
1786092213.510974,0.2267,0.0,0.0,0.0000,0.0000,1.4087,1.1603,1.6503,320.6250,enc,0.0000
1786092213.511056,0.0001,0.0,0.0,0.0000,0.0000,1.4087,1.1603,1.6503,320.6250,enc,0.0000
1786092213.603527,0.0925,0.0,0.0,0.0000,0.0000,1.4087,1.1603,1.6503,320.6250,enc,0.0000
1786092213.761411,0.1579,0.0,0.0,0.0000,0.0000,1.4087,1.1603,1.6503,320.6250,enc,0.0000
1786092213.800921,0.0395,0.0,0.0,0.0000,0.0000,1.4087,1.1603,1.6503,320.6250,enc,0.0000
1786092214.012832,0.2119,0.0,0.0,0.0000,0.0000,1.4087,1.1603,1.6503,320.6250,enc,0.0000
1786092214.013473,0.0006,0.0,0.0,0.0000,0.0000,1.4087,1.1603,1.6503,320.6250,enc,0.0000
1786092214.272955,0.2595,0.0,0.0,0.0000,0.0000,1.4087,1.1603,1.6503,320.6250,enc,0.0000
1786092214.275281,0.0023,0.0,0.0,0.0000,0.0000,1.4087,1.1603,1.6503,320.6250,enc,0.0000
1786092214.321790,0.0465,0.0,0.0,0.0000,0.0000,1.4087,1.1603,1.6503,320.6250,enc,0.0000
1786092214.520532,0.1987,0.0,0.0,0.0000,0.0000,1.4087,1.1603,1.6503,320.6250,enc,0.0000
1786092214.528093,0.0076,0.0,0.0,0.0000,0.0000,1.4087,1.1603,1.6503,320.6250,enc,0.0000
1786092214.773037,0.2449,0.0,0.0,0.0000,0.0000,1.4087,1.1603,1.6503,320.6250,enc,0.0000
1786092214.773188,0.0002,0.0,0.0,0.0000,0.0000,1.4087,1.1603,1.6503,320.6250,enc,0.0000
1786092214.836435,0.0632,0.0,0.0,0.0000,0.0000,1.4087,1.1603,1.6503,320.6250,enc,0.0000
1786092215.029049,0.1926,0.0,0.0,0.0000,0.0000,1.4087,1.1603,1.6503,320.6250,enc,0.0000
1786092215.044750,0.0157,0.0,0.0,0.0000,0.0000,1.4087,1.1603,1.6503,320.6250,enc,0.0000
1786092215.147380,0.1026,0.0,0.0,0.0000,0.0000,1.4087,1.1603,1.6503,320.6250,enc,0.0000
1786092215.254514,0.1071,0.0,0.0,0.0000,0.0000,1.4087,1.1603,1.6503,320.6250,enc,0.0000
1786092215.355906,0.1014,0.0,0.0,0.0000,0.0000,1.4087,1.1603,1.6503,320.6250,enc,0.0000
1786092215.458990,0.1031,0.0,0.0,0.0000,0.0000,1.4087,1.1603,1.6503,320.6250,enc,0.0000
1786092215.566091,0.1071,0.0,0.0,0.0000,0.0000,1.4087,1.1603,1.6503,320.6250,enc,0.0000
1786092215.668731,0.1026,0.0,0.0,0.0000,0.0000,1.4087,1.1603,1.6503,320.6250,enc,0.0000
1786092215.772732,0.1040,0.0,0.0,0.0000,0.0000,1.4087,1.1603,1.6503,320.6250,enc,0.0000
1786092215.877089,0.1044,0.0,0.0,0.0000,0.0000,1.4087,1.1603,1.6503,320.6250,enc,0.0000
1786092215.981340,0.1043,0.0,0.0,0.0000,0.0000,1.4087,1.1603,1.6503,320.6250,enc,0.0000
1786092216.085540,0.1042,0.0,0.0,0.0000,0.0000,1.4087,1.1603,1.6503,320.6250,enc,0.0000
1786092216.191812,0.1063,0.0,0.0,0.0000,0.0000,1.4087,1.1603,1.6503,320.6250,enc,0.0000
1786092216.295089,0.1033,0.0,0.0,0.0000,0.0000,1.4087,1.1603,1.6503,320.6250,enc,0.0000
1786092216.396057,0.1010,0.0,0.0,0.0000,0.0000,1.4087,1.1603,1.6503,320.6250,enc,0.0000
1786092216.497598,0.1015,0.0,0.0,0.0000,0.0000,1.4087,1.1603,1.6503,320.6250,enc,0.0000
1786092216.605933,0.1083,0.0,0.0,0.0000,0.0000,1.4087,1.1603,1.6503,320.6250,enc,0.0000
1786092216.705550,0.0996,0.0,0.0,0.0000,0.0000,1.4087,1.1603,1.6503,320.6250,enc,0.0000
1786092216.808952,0.1034,0.0,0.0,0.0000,0.0000,1.4087,1.1603,1.6503,320.6250,enc,0.0000
1786092216.914520,0.1056,0.0,0.0,0.0000,0.0000,1.4087,1.1603,1.6503,320.6250,enc,0.0000
1786092217.018187,0.1037,0.0,0.0,0.0000,0.0000,1.4087,1.1603,1.6503,320.6250,enc,0.0000
1786092217.117911,0.0997,0.0,0.0,0.0000,0.0000,1.4087,1.1603,1.6503,320.6250,enc,0.0000
1786092217.226031,0.1081,0.0,0.0,0.0000,0.0000,1.4087,1.1603,1.6503,320.6250,enc,0.0000
1786092217.327718,0.1017,0.0,0.0,0.0000,0.0000,1.4087,1.1603,1.6503,320.6250,enc,0.0000
1786092217.430906,0.1032,0.0,0.0,0.0000,0.0000,1.4087,1.1603,1.6503,320.6250,enc,0.0000
1786092217.535717,0.1048,0.0,0.0,0.0000,0.0000,1.4087,1.1603,1.6503,320.6250,enc,0.0000
1786092217.640963,0.1052,0.0,0.0,0.0000,0.0000,1.4087,1.1603,1.6503,320.6250,enc,0.0000
1786092217.743200,0.1022,0.0,0.0,0.0000,0.0000,1.4087,1.1603,1.6503,320.6250,enc,0.0000
1786092217.845329,0.1021,0.0,0.0,0.0000,0.0000,1.4087,1.1603,1.6503,320.6250,enc,0.0000
1786092217.951064,0.1057,0.0,0.0,0.0000,0.0000,1.4087,1.1603,1.6503,320.6250,enc,0.0000
1786092218.056694,0.1056,0.0,0.0,0.0000,0.0000,1.4087,1.1603,1.6503,320.6250,enc,0.0000
1786092218.159430,0.1027,0.0,0.0,0.0000,0.0000,1.4087,1.1603,1.6503,320.6250,enc,0.0000
1786092218.264563,0.1051,0.0,0.0,0.0000,0.0000,1.4087,1.1603,1.6503,320.6250,enc,0.0000
1786092218.365400,0.1008,0.0,0.0,0.0000,0.0000,1.4087,1.1603,1.6503,320.6250,enc,0.0000
1786092218.468740,0.1033,0.0,0.0,0.0000,0.0000,1.4087,1.1603,1.6503,320.6250,enc,0.0000
1786092218.577027,0.1083,0.0,0.0,0.0000,0.0000,1.4087,1.1603,1.6503,320.6250,enc,0.0000
1786092218.680926,0.1039,0.0,0.0,0.0000,0.0000,1.4087,1.1603,1.6503,320.6250,enc,0.0000
1786092218.782357,0.1014,0.0,0.0,0.0000,0.0000,1.4087,1.1603,1.6503,320.6250,enc,0.0000
1786092218.886848,0.1045,0.0,0.0,0.0000,0.0000,1.4087,1.1603,1.6503,320.6250,enc,0.0000
1786092218.992456,0.1056,0.0,0.0,0.0000,0.0000,1.4087,1.1603,1.6503,320.6250,enc,0.0000
1786092219.095497,0.1030,0.0,0.0,0.0000,0.0000,1.4087,1.1603,1.6503,320.6250,enc,0.0000
1786092219.197072,0.1016,0.0,0.0,0.0000,0.0000,1.4087,1.1603,1.6503,320.6250,enc,0.0000
1786092219.302121,0.1050,0.0,0.0,0.0000,0.0000,1.4087,1.1603,1.6503,320.6250,enc,0.0000
1786092219.405978,0.1039,0.0,0.0,0.0000,0.0000,1.4087,1.1603,1.6503,320.6250,enc,0.0000
1786092219.506957,0.1010,0.0,0.0,0.0000,0.0000,1.4087,1.1603,1.6503,320.6250,enc,0.0000
1786092219.615013,0.1081,0.0,0.0,0.0000,0.0000,1.4087,1.1603,1.6503,320.6250,enc,0.0000
1786092219.713440,0.0984,0.0,0.0,0.0000,0.0000,1.4087,1.1603,1.6503,320.6250,enc,0.0000
1786092219.817562,0.1041,0.0,0.0,0.0000,0.0000,1.4087,1.1603,1.6503,320.6250,enc,0.0000
1786092219.926073,0.1085,0.0,0.0,0.0000,0.0000,1.4087,1.1603,1.6503,320.6250,enc,0.0000
1786092220.030409,0.1043,0.0,0.0,0.0000,0.0000,1.4087,1.1603,1.6503,320.6250,enc,0.0000
1786092220.128401,0.0980,0.0,0.0,0.0000,0.0000,1.4087,1.1603,1.6503,320.6250,enc,0.0000
1786092220.238974,0.1106,0.0,0.0,0.0000,0.0000,1.4087,1.1603,1.6503,320.6250,enc,0.0000
1786092220.340234,0.1013,0.0,0.0,0.0000,0.0000,1.4087,1.1603,1.6503,320.6250,enc,0.0000
1786092220.444791,0.1046,0.0,0.0,0.0000,0.0000,1.4087,1.1603,1.6503,320.6250,enc,0.0000
1786092220.548039,0.1032,0.0,0.0,0.0000,0.0000,1.4087,1.1603,1.6503,320.6250,enc,0.0000
1786092220.664736,0.1167,0.0,0.0,0.0000,0.0000,1.4087,1.1603,1.6503,320.6250,enc,0.0000
1786092220.770304,0.1056,0.0,0.0,0.0000,0.0000,1.4087,1.1603,1.6503,320.6250,enc,0.0000
1786092220.856453,0.0861,0.0,0.0,0.0000,0.0000,1.4087,1.1603,1.6503,320.6250,enc,0.0000
1786092220.969060,0.1126,0.0,0.0,0.0000,0.0000,1.4087,1.1603,1.6503,320.6250,enc,0.0000
1786092221.068078,0.0990,0.0,0.0,0.0000,0.0000,1.4087,1.1603,1.6503,320.6250,enc,0.0000
1786092221.175966,0.1079,0.0,0.0,0.0000,0.0000,1.4087,1.1603,1.6503,320.6250,enc,0.0000
1786092221.276993,0.1010,0.0,0.0,0.0000,0.0000,1.4087,1.1603,1.6503,320.6250,enc,0.0000
1786092221.394566,0.1176,0.0,0.0,0.0000,0.0000,1.4087,1.1603,1.6503,320.6250,enc,0.0000
1786092221.483260,0.0887,0.0,0.0,0.0000,0.0000,1.4087,1.1603,1.6503,320.6250,enc,0.0000
1786092221.591033,0.1078,0.0,0.0,0.0000,0.0000,1.4087,1.1603,1.6503,320.6250,enc,0.0000
1786092221.693730,0.1027,0.0,0.0,0.0000,0.0000,1.4087,1.1603,1.6503,320.6250,enc,0.0000
1786092221.795545,0.1018,0.0,0.0,0.0000,0.0000,1.4087,1.1603,1.6503,320.6250,enc,0.0000
1786092221.898000,0.1025,0.0,0.0,0.0000,0.0000,1.4087,1.1603,1.6503,320.6250,enc,0.0000
1786092222.002046,0.1040,0.0,0.0,0.0000,0.0000,1.4087,1.1603,1.6503,320.6250,enc,0.0000
1786092222.104488,0.1024,0.0,0.0,0.0000,0.0000,1.4087,1.1603,1.6503,320.6250,enc,0.0000
1786092222.208950,0.1045,0.0,0.0,0.0000,0.0000,1.4087,1.1603,1.6503,320.6250,enc,0.0000
1786092222.312938,0.1040,0.0,0.0,0.0000,0.0000,1.4087,1.1603,1.6503,320.6250,enc,0.0000
1786092222.416889,0.1040,0.0,0.0,0.0000,0.0000,1.4087,1.1603,1.6503,320.6250,enc,0.0000
1786092222.518353,0.1015,0.0,0.0,0.0000,0.0000,1.4087,1.1603,1.6503,320.6250,enc,0.0000
1786092222.627047,0.1087,0.0,0.0,0.0000,0.0000,1.4087,1.1603,1.6503,320.6250,enc,0.0000
1786092222.726991,0.0999,0.0,0.0,0.0000,0.0000,1.4087,1.1603,1.6503,320.6250,enc,0.0000
1786092222.831225,0.1042,0.0,0.0,0.0000,0.0000,1.4087,1.1603,1.6503,320.6250,enc,0.0000
1786092222.940004,0.1088,0.0,0.0,0.0000,0.0000,1.4087,1.1603,1.6503,320.6250,enc,0.0000
1786092223.041443,0.1014,0.0,0.0,0.0000,0.0000,1.4087,1.1603,1.6503,320.6250,enc,0.0000
1786092223.144947,0.1035,0.0,0.0,0.0000,0.0000,1.4087,1.1603,1.6503,320.6250,enc,0.0000
1786092223.249946,0.1050,0.0,0.0,0.0000,0.0000,1.4087,1.1603,1.6503,320.6250,enc,0.0000
1786092223.355061,0.1051,0.0,0.0,0.0000,0.0000,1.4087,1.1603,1.6503,320.6250,enc,0.0000
1786092223.455712,0.1007,0.0,0.0,0.0000,0.0000,1.4087,1.1603,1.6503,320.6250,enc,0.0000
1786092223.558768,0.1031,0.0,0.0,0.0000,0.0000,1.4087,1.1603,1.6503,320.6250,enc,0.0000
1786092223.663915,0.1051,0.0,0.0,0.0000,0.0000,1.4087,1.1603,1.6503,320.6250,enc,0.0000
1786092223.766561,0.1026,0.0,0.0,0.0000,0.0000,1.4087,1.1603,1.6503,320.6250,enc,0.0000
1786092223.870082,0.1035,0.0,0.0,0.0000,0.0000,1.4087,1.1603,1.6503,320.6250,enc,0.0000
1786092223.979010,0.1089,0.0,0.0,0.0000,0.0000,1.4087,1.1603,1.6503,320.6250,enc,0.0000
1786092224.078860,0.0998,0.0,0.0,0.0000,0.0000,1.4087,1.1603,1.6503,320.6250,enc,0.0000
1786092224.181477,0.1026,0.0,0.0,0.0000,0.0000,1.4087,1.1603,1.6503,320.6250,enc,0.0000
1786092224.288388,0.1069,0.0,0.0,0.0000,0.0000,1.4087,1.1603,1.6503,320.6250,enc,0.0000
1786092224.390870,0.1025,0.0,0.0,0.0000,0.0000,1.4087,1.1603,1.6503,320.6250,enc,0.0000
1786092224.494806,0.1039,0.0,0.0,0.0000,0.0000,1.4087,1.1603,1.6503,320.6250,enc,0.0000
1786092224.598767,0.1040,0.0,0.0,0.0000,0.0000,1.4087,1.1603,1.6503,320.6250,enc,0.0000
1786092224.703974,0.1052,0.0,0.0,0.0000,0.0000,1.4087,1.1603,1.6503,320.6250,enc,0.0000
1786092224.805639,0.1017,0.0,0.0,0.0000,0.0000,1.4087,1.1603,1.6503,320.6250,enc,0.0000
1786092224.906942,0.1013,0.0,0.0,0.0000,0.0000,1.4087,1.1603,1.6503,320.6250,enc,0.0000
1786092225.013504,0.1066,0.0,0.0,0.0000,0.0000,1.4087,1.1603,1.6503,320.6250,enc,0.0000
1786092225.266324,0.2528,0.0,0.0,0.0000,0.0000,1.4087,1.1603,1.6503,320.6250,enc,0.0000
1786092225.266386,0.0001,0.0,0.0,0.0000,0.0000,1.4087,1.1603,1.6503,320.6250,enc,0.0000
1786092225.330876,0.0645,0.0,0.0,0.0000,0.0000,1.4087,1.1603,1.6503,320.6250,enc,0.0000
1786092225.517949,0.1871,0.0,0.0,0.0000,0.0000,1.4087,1.1603,1.6503,320.6250,enc,0.0000
1786092225.536038,0.0181,0.0,0.0,0.0000,0.0000,1.4087,1.1603,1.6503,320.6250,enc,0.0000
1786092225.766013,0.2300,0.0,0.0,0.0000,0.0000,1.4087,1.1603,1.6503,320.6250,enc,0.0000
1786092225.766086,0.0001,0.0,0.0,0.0000,0.0000,1.4087,1.1603,1.6503,320.6250,enc,0.0000
1786092225.843940,0.0779,0.0,0.0,0.0000,0.0000,1.4087,1.1603,1.6503,320.6250,enc,0.0000
1786092226.009298,0.1654,0.0,0.0,0.0000,0.0000,1.4087,1.1603,1.6503,320.6250,enc,0.0000
1786092226.050590,0.0413,0.0,0.0,0.0000,0.0000,1.4087,1.1603,1.6503,320.6250,enc,0.0000
1786092226.263963,0.2134,0.0,0.0,0.0000,0.0000,1.4087,1.1603,1.6503,320.6250,enc,0.0000
1786092226.264015,0.0001,0.0,0.0,0.0000,0.0000,1.4087,1.1603,1.6503,320.6250,enc,0.0000
1786092226.359767,0.0958,0.0,0.0,0.0000,0.0000,1.4087,1.1603,1.6503,320.6250,enc,0.0000
1786092226.518775,0.1590,0.0,0.0,0.0000,0.0000,1.4087,1.1603,1.6503,320.6250,enc,0.0000
1786092226.567195,0.0484,0.0,0.0,0.0000,0.0000,1.4087,1.1603,1.6503,320.6250,enc,0.0000
1786092226.773003,0.2058,0.0,0.0,0.0000,0.0000,1.4087,1.1603,1.6503,320.6250,enc,0.0000
1786092226.778049,0.0050,0.0,0.0,0.0000,0.0000,1.4087,1.1603,1.6503,320.6250,enc,0.0000
1786092227.023412,0.2454,0.0,0.0,0.0000,0.0000,1.4087,1.1603,1.6503,320.6250,enc,0.0000
1786092227.023467,0.0001,0.0,0.0,0.0000,0.0000,1.4087,1.1603,1.6503,320.6250,enc,0.0000
1786092227.085617,0.0621,0.0,0.0,0.0000,0.0000,1.4087,1.1603,1.6503,320.6250,enc,0.0000
1786092227.264614,0.1790,0.0,0.0,0.0000,0.0000,1.4087,1.1603,1.6503,320.6250,enc,0.0000
1786092227.292958,0.0283,0.0,0.0,0.0000,0.0000,1.4087,1.1603,1.6503,320.6250,enc,0.0000
1786092227.522727,0.2298,0.0,0.0,0.0000,0.0000,1.4087,1.1603,1.6503,320.6250,enc,0.0000
1786092227.522781,0.0001,0.0,0.0,0.0000,0.0000,1.4087,1.1603,1.6503,320.6250,enc,0.0000
1786092227.608284,0.0855,0.0,0.0,0.0000,0.0000,1.4087,1.1603,1.6503,320.6250,enc,0.0000
1786092227.763581,0.1553,0.0,0.0,0.0000,0.0000,1.4087,1.1603,1.6503,320.6250,enc,0.0000
1786092227.813168,0.0496,0.0,0.0,0.0000,0.0000,1.4087,1.1603,1.6503,320.6250,enc,0.0000
1786092228.013943,0.2008,0.0,0.0,0.0000,0.0000,1.4087,1.1603,1.6503,320.6250,enc,0.0000
1786092228.018709,0.0048,0.0,0.0,0.0000,0.0000,1.4087,1.1603,1.6503,320.6250,enc,0.0000
1786092228.264019,0.2453,0.0,0.0,0.0000,0.0000,1.4087,1.1603,1.6503,320.6250,enc,0.0000
1786092228.264069,0.0000,0.0,0.0,0.0000,0.0000,1.4087,1.1603,1.6503,320.6250,enc,0.0000
1786092228.332312,0.0682,0.0,0.0,0.0000,0.0000,1.4087,1.1603,1.6503,320.6250,enc,0.0000
1786092228.514004,0.1817,0.0,0.0,0.0000,0.0000,1.4087,1.1603,1.6503,320.6250,enc,0.0000
1786092228.536588,0.0226,0.0,0.0,0.0000,0.0000,1.4087,1.1603,1.6503,320.6250,enc,0.0000
1786092228.762962,0.2264,0.0,0.0,0.0000,0.0000,1.4087,1.1603,1.6503,320.6250,enc,0.0000
1786092228.763010,0.0000,0.0,0.0,0.0000,0.0000,1.4087,1.1603,1.6503,320.6250,enc,0.0000
1786092228.850036,0.0870,0.0,0.0,0.0000,0.0000,1.4087,1.1603,1.6503,320.6250,enc,0.0000
1786092229.015706,0.1657,0.0,0.0,0.0000,0.0000,1.4087,1.1603,1.6503,320.6250,enc,0.0000
1786092229.059871,0.0442,0.0,0.0,0.0000,0.0000,1.4087,1.1603,1.6503,320.6250,enc,0.0000
1786092229.269452,0.2096,0.0,0.0,0.0000,0.0000,1.4087,1.1603,1.6503,320.6250,enc,0.0000
1786092229.269488,0.0000,0.0,0.0,0.0000,0.0000,1.4087,1.1603,1.6503,320.6250,enc,0.0000
1786092229.521489,0.2520,0.0,0.0,0.0000,0.0000,1.4087,1.1603,1.6503,320.6250,enc,0.0000
1786092229.521546,0.0001,0.0,0.0,0.0000,0.0000,1.4087,1.1603,1.6503,320.6250,enc,0.0000
1786092229.576280,0.0547,0.0,0.0,0.0000,0.0000,1.4087,1.1603,1.6503,320.6250,enc,0.0000
1786092229.777593,0.2013,0.0,0.0,0.0000,0.0000,1.4087,1.1603,1.6503,320.6250,enc,0.0000
1786092229.783317,0.0057,0.0,0.0,0.0000,0.0000,1.4087,1.1603,1.6503,320.6250,enc,0.0000
1786092230.031150,0.2478,0.0,0.0,0.0000,0.0000,1.4087,1.1603,1.6503,320.6250,enc,0.0000
1786092230.031227,0.0001,0.0,0.0,0.0000,0.0000,1.4087,1.1603,1.6503,320.6250,enc,0.0000
1786092230.098058,0.0668,0.0,0.0,0.0000,0.0000,1.4087,1.1603,1.6503,320.6250,enc,0.0000
1786092230.200836,0.1028,0.0,0.0,0.0000,0.0000,1.4087,1.1603,1.6503,320.6250,enc,0.0000
1786092230.304866,0.1040,0.0,0.0,0.0000,0.0000,1.4087,1.1603,1.6503,320.6250,enc,0.0000
1786092230.405924,0.1011,0.0,0.0,0.0000,0.0000,1.4087,1.1603,1.6503,320.6250,enc,0.0000
1786092230.513012,0.1071,0.0,0.0,0.0000,0.0000,1.4087,1.1603,1.6503,320.6250,enc,0.0000
1786092230.616134,0.1031,0.0,0.0,0.0000,0.0000,1.4087,1.1603,1.6503,320.6250,enc,0.0000
1786092230.720794,0.1047,0.0,0.0,0.0000,0.0000,1.4087,1.1603,1.6503,320.6250,enc,0.0000
1786092230.822963,0.1022,0.0,0.0,0.0000,0.0000,1.4087,1.1603,1.6503,320.6250,enc,0.0000
1786092230.924306,0.1013,0.0,0.0,0.0000,0.0000,1.4087,1.1603,1.6503,320.6250,enc,0.0000
1786092231.032986,0.1087,0.0,0.0,0.0000,0.0000,1.4087,1.1603,1.6503,320.6250,enc,0.0000
1786092231.131686,0.0987,0.0,0.0,0.0000,0.0000,1.4087,1.1603,1.6503,320.6250,enc,0.0000
1786092231.235818,0.1041,0.0,0.0,0.0000,0.0000,1.4087,1.1603,1.6503,320.6250,enc,0.0000
1786092231.343930,0.1081,0.0,0.0,0.0000,0.0000,1.4087,1.1603,1.6503,320.6250,enc,0.0000
1786092231.446977,0.1030,0.0,0.0,0.0000,0.0000,1.4087,1.1603,1.6503,320.6250,enc,0.0000
1786092231.550189,0.1032,0.0,0.0,0.0000,0.0000,1.4087,1.1603,1.6503,320.6250,enc,0.0000
1786092231.656033,0.1058,0.0,0.0,0.0000,0.0000,1.4087,1.1603,1.6503,320.6250,enc,0.0000
1786092231.757575,0.1015,0.0,0.0,0.0000,0.0000,1.4087,1.1603,1.6503,320.6250,enc,0.0000
1786092231.859051,0.1015,0.0,0.0,0.0000,0.0000,1.4087,1.1603,1.6503,320.6250,enc,0.0000
1786092231.965294,0.1062,0.0,0.0,0.0000,0.0000,1.4087,1.1603,1.6503,320.6250,enc,0.0000
1786092232.068589,0.1033,0.2213469296693802,0.19473901391029358,0.0012,-0.0005,1.4087,1.1604,1.6503,320.6250,enc,0.0003
1786092232.172457,0.1039,3.970463275909424,3.677825689315796,0.0224,-0.0050,1.4084,1.1627,1.6498,320.5000,enc,0.0010
1786092232.273561,0.1011,10.552994728088379,10.368804931640625,0.0613,-0.0031,1.4078,1.1689,1.6494,320.5625,enc,0.0012
1786092232.380959,0.1074,19.911888122558594,19.964759826660156,0.1169,0.0009,1.4069,1.1814,1.6495,320.5000,enc,-0.0004
1786092232.480395,0.0994,25.71875,26.14405059814453,0.1521,0.0072,1.4057,1.1965,1.6503,320.5625,enc,-0.0008
1786092232.582928,0.1025,28.311851501464844,26.55547332763672,0.1609,-0.0299,1.4045,1.2129,1.6472,320.4375,enc,-0.0006
1786092232.690932,0.1080,26.6241512298584,29.14529800415039,0.1635,0.0429,1.4031,1.2306,1.6518,320.5625,enc,-0.0003
1786092232.790372,0.0994,28.216129302978516,28.455007553100586,0.1662,0.0041,1.4018,1.2470,1.6522,320.3125,enc,-0.0005
1786092232.893706,0.1033,24.532459259033203,24.6378116607666,0.1442,0.0018,1.4007,1.2619,1.6524,320.2500,enc,-0.0007
1786092233.000404,0.1067,15.070965766906738,15.097504615783691,0.0885,0.0005,1.3999,1.2713,1.6525,320.3125,enc,-0.0001
1786092233.104855,0.1045,5.780163764953613,5.780163764953613,0.0339,0.0000,1.3996,1.2748,1.6525,320.3125,enc,0.0000
1786092233.210397,0.1055,-2.9272289276123047,-2.8748011589050293,-0.0170,0.0009,1.3998,1.2730,1.6526,320.3125,enc,0.0000
1786092233.317698,0.1073,-9.037396430969238,-9.17040729522705,-0.0534,-0.0023,1.4002,1.2673,1.6523,320.3125,enc,0.0001
1786092233.418885,0.1012,-11.5651216506958,-11.8036527633667,-0.0685,-0.0041,1.4009,1.2604,1.6519,318.3125,enc,-0.0005
1786092233.537711,0.1188,-14.143802642822266,-14.328103065490723,-0.0835,-0.0031,1.4016,1.2505,1.6515,317.0625,enc,0.0001
1786092233.627320,0.0896,-14.219270706176758,-14.352261543273926,-0.0838,-0.0023,1.4022,1.2430,1.6513,316.0000,enc,0.0008
1786092233.737017,0.1097,-13.7909574508667,-13.869978904724121,-0.0811,-0.0013,1.4029,1.2342,1.6512,316.0000,enc,0.0001
1786092233.837967,0.1010,-12.479965209960938,-12.453357696533203,-0.0731,0.0005,1.4035,1.2268,1.6512,315.8125,enc,-0.0007
1786092233.930001,0.0920,-13.128713607788086,-13.208524703979492,-0.0772,-0.0014,1.4041,1.2197,1.6511,315.8125,enc,0.0003
1786092234.039022,0.1090,-13.255027770996094,-13.255027770996094,-0.0777,0.0000,1.4049,1.2113,1.6511,315.6875,enc,-0.0011
1786092234.138417,0.0994,-12.195070266723633,-12.062573432922363,-0.0711,0.0023,1.4055,1.2042,1.6513,315.5000,enc,-0.0003
1786092234.240059,0.1016,-13.327873229980469,-13.248113632202148,-0.0779,0.0014,1.4060,1.1963,1.6515,315.6250,enc,0.0010
1786092234.347660,0.1076,-13.464755058288574,-13.384943008422852,-0.0787,0.0014,1.4068,1.1879,1.6516,315.6250,enc,-0.0007
1786092234.456920,0.1093,-13.339505195617676,-12.760207176208496,-0.0765,0.0098,1.4073,1.1796,1.6527,315.5625,enc,0.0011
1786092234.554176,0.0973,-11.956448554992676,-12.507530212402344,-0.0717,-0.0094,1.4080,1.1726,1.6518,315.8125,enc,-0.0014
1786092234.665037,0.1109,-13.197683334350586,-13.330375671386719,-0.0778,-0.0023,1.4088,1.1640,1.6515,316.3125,enc,-0.0003
1786092234.764049,0.0990,-13.304545402526855,-13.251855850219727,-0.0779,0.0009,1.4094,1.1563,1.6516,316.6250,enc,-0.0006
1786092234.867045,0.1030,-13.131083488464355,-12.947135925292969,-0.0765,0.0031,1.4100,1.1485,1.6519,317.3125,enc,0.0005
1786092234.971975,0.1049,-7.724891185760498,-7.856800079345703,-0.0457,-0.0022,1.4103,1.1437,1.6517,317.8750,enc,0.0007
1786092235.074927,0.1030,-1.546539545059204,-3.165750503540039,-0.0138,-0.0275,1.4104,1.1423,1.6489,318.0000,enc,0.0004
1786092235.179251,0.1043,4.585588455200195,-4.585588455200195,0.0000,-0.1559,1.4105,1.1423,1.6326,318.9375,enc,-0.0004
1786092235.280319,0.1011,8.324137687683105,-7.4307966232299805,0.0026,-0.2678,1.4105,1.1426,1.6055,321.0625,enc,-0.0002
1786092235.388992,0.1087,5.5902180671691895,-4.889858722686768,0.0021,-0.1781,1.4104,1.1428,1.5862,322.6250,enc,0.0006
1786092235.486788,0.0978,2.3184754848480225,-2.127474546432495,0.0006,-0.0756,1.4103,1.1428,1.5788,323.3125,enc,0.0006
1786092235.590922,0.1041,0.1543315201997757,-0.21837909519672394,-0.0002,-0.0063,1.4103,1.1428,1.5781,323.4375,enc,0.0002
1786092235.698985,0.1081,0.0,0.0,0.0000,0.0000,1.4103,1.1428,1.5781,323.4375,enc,0.0000
1786092235.804831,0.1058,0.0,0.0,0.0000,0.0000,1.4103,1.1428,1.5781,323.4375,enc,0.0000
1786092235.907522,0.1027,0.0,0.0,0.0000,0.0000,1.4103,1.1428,1.5781,323.4375,enc,0.0000
1786092236.010341,0.1028,0.0,0.0,0.0000,0.0000,1.4103,1.1428,1.5781,323.9375,enc,0.0000
1786092236.126842,0.1165,0.0,0.0,0.0000,0.0000,1.4103,1.1428,1.5781,324.4375,enc,0.0000
1786092236.228868,0.1020,0.0,0.0,0.0000,0.0000,1.4103,1.1428,1.5781,324.8125,enc,0.0000
1786092236.330374,0.1015,0.0,0.0,0.0000,0.0000,1.4103,1.1428,1.5781,325.1250,enc,0.0000
1786092236.428070,0.0977,0.0,0.0,0.0000,0.0000,1.4103,1.1428,1.5781,325.3750,enc,0.0000
1786092236.528774,0.1007,0.0,0.0,0.0000,0.0000,1.4103,1.1428,1.5781,325.6875,enc,0.0000
1786092236.645299,0.1165,0.0,0.0,0.0000,0.0000,1.4103,1.1428,1.5781,325.8750,enc,0.0000
1786092236.740056,0.0948,0.0,0.0,0.0000,0.0000,1.4103,1.1428,1.5781,325.9375,enc,0.0000
1786092236.846801,0.1067,0.0,0.0,0.0000,0.0000,1.4103,1.1428,1.5781,326.0625,enc,0.0000
1786092236.944755,0.0980,0.0,0.0,0.0000,0.0000,1.4103,1.1428,1.5781,326.3125,enc,0.0000
1786092237.046772,0.1020,0.0,0.0,0.0000,0.0000,1.4103,1.1428,1.5781,326.3750,enc,0.0000
1786092237.151350,0.1046,0.0,0.0,0.0000,0.0000,1.4103,1.1428,1.5781,326.5000,enc,0.0000
1786092237.250655,0.0993,0.0,0.0,0.0000,0.0000,1.4103,1.1428,1.5781,326.5000,enc,0.0000
1786092237.359316,0.1087,0.0,0.0,0.0000,0.0000,1.4103,1.1428,1.5781,326.5000,enc,0.0000
1786092237.462796,0.1035,0.0,0.0,0.0000,0.0000,1.4103,1.1428,1.5781,326.5000,enc,0.0000
1786092237.565205,0.1024,0.0,0.0,0.0000,0.0000,1.4103,1.1428,1.5781,326.5000,enc,0.0000
1786092237.668941,0.1037,0.0,0.0,0.0000,0.0000,1.4103,1.1428,1.5781,326.5000,enc,0.0000
1786092237.771881,0.1029,0.0,0.0,0.0000,0.0000,1.4103,1.1428,1.5781,326.5000,enc,0.0000
1786092237.874801,0.1029,0.0,0.0,0.0000,0.0000,1.4103,1.1428,1.5781,326.5000,enc,0.0000
1786092237.979152,0.1044,0.0,0.0,0.0000,0.0000,1.4103,1.1428,1.5781,326.5000,enc,0.0000
1786092238.083287,0.1041,0.0,0.0,0.0000,0.0000,1.4103,1.1428,1.5781,326.5000,enc,0.0000
1786092238.186528,0.1032,0.0,0.0,0.0000,0.0000,1.4103,1.1428,1.5781,326.5000,enc,0.0000
1786092238.286640,0.1001,0.0,0.0,0.0000,0.0000,1.4103,1.1428,1.5781,326.5000,enc,0.0000
1786092238.395248,0.1086,0.0,0.0,0.0000,0.0000,1.4103,1.1428,1.5781,326.5000,enc,0.0000
1786092238.494917,0.0997,0.0,0.0,0.0000,0.0000,1.4103,1.1428,1.5781,326.5000,enc,0.0000
1786092238.598996,0.1041,0.0,0.0,0.0000,0.0000,1.4103,1.1428,1.5781,326.5000,enc,0.0000
1786092238.707027,0.1080,0.0,0.0,0.0000,0.0000,1.4103,1.1428,1.5781,326.5000,enc,0.0000
1786092238.805580,0.0986,0.0,0.0,0.0000,0.0000,1.4103,1.1428,1.5781,326.5000,enc,0.0000
1786092238.910750,0.1052,0.0,0.0,0.0000,0.0000,1.4103,1.1428,1.5781,326.5000,enc,0.0000
1786092239.016649,0.1059,0.0,0.0,0.0000,0.0000,1.4103,1.1428,1.5781,326.5000,enc,0.0000
1786092239.119188,0.1025,0.0,0.0,0.0000,0.0000,1.4103,1.1428,1.5781,326.5000,enc,0.0000
1786092239.223893,0.1047,0.0,0.0,0.0000,0.0000,1.4103,1.1428,1.5781,326.5000,enc,0.0000
1786092239.327428,0.1035,0.0,0.0,0.0000,0.0000,1.4103,1.1428,1.5781,326.5000,enc,0.0000
1786092239.430585,0.1032,0.0,0.0,0.0000,0.0000,1.4103,1.1428,1.5781,326.5000,enc,0.0000
1786092239.535174,0.1046,0.0,0.0,0.0000,0.0000,1.4103,1.1428,1.5781,326.5000,enc,0.0000
1786092239.638809,0.1036,0.0,0.0,0.0000,0.0000,1.4103,1.1428,1.5781,326.5000,enc,0.0000
1786092239.743994,0.1052,0.0,0.0,0.0000,0.0000,1.4103,1.1428,1.5781,326.5000,enc,0.0000
1786092239.842391,0.0984,0.0,0.0,0.0000,0.0000,1.4103,1.1428,1.5781,326.5000,enc,0.0000
1786092239.952553,0.1102,0.0,0.0,0.0000,0.0000,1.4103,1.1428,1.5781,326.5000,enc,0.0000
1786092240.051995,0.0994,0.0,0.0,0.0000,0.0000,1.4103,1.1428,1.5781,326.5000,enc,0.0000
1786092240.265569,0.2136,0.0,0.0,0.0000,0.0000,1.4103,1.1428,1.5781,326.5000,enc,0.0000
1786092240.265621,0.0001,0.0,0.0,0.0000,0.0000,1.4103,1.1428,1.5781,326.5000,enc,0.0000
1786092240.514380,0.2488,0.0,0.0,0.0000,0.0000,1.4103,1.1428,1.5781,326.5000,enc,0.0000
1786092240.514522,0.0001,0.0,0.0,0.0000,0.0000,1.4103,1.1428,1.5781,326.5000,enc,0.0000
1786092240.573612,0.0591,0.0,0.0,0.0000,0.0000,1.4103,1.1428,1.5781,326.5000,enc,0.0000
1786092240.754362,0.1808,0.0,0.0,0.0000,0.0000,1.4103,1.1428,1.5781,326.5000,enc,0.0000
1786092240.780002,0.0256,0.0,0.0,0.0000,0.0000,1.4103,1.1428,1.5781,326.5000,enc,0.0000
1786092241.008912,0.2289,0.0,0.0,0.0000,0.0000,1.4103,1.1428,1.5781,326.5000,enc,0.0000
1786092241.008997,0.0001,0.0,0.0,0.0000,0.0000,1.4103,1.1428,1.5781,326.5000,enc,0.0000
1786092241.096424,0.0874,0.0,0.0,0.0000,0.0000,1.4103,1.1428,1.5781,326.5000,enc,0.0000
1786092241.252771,0.1563,0.0,0.0,0.0000,0.0000,1.4103,1.1428,1.5781,326.5000,enc,0.0000
1786092241.296226,0.0435,0.0,0.0,0.0000,0.0000,1.4103,1.1428,1.5781,326.5000,enc,0.0000
1786092241.509993,0.2138,0.0,0.0,0.0000,0.0000,1.4103,1.1428,1.5781,326.5000,enc,0.0000
1786092241.510071,0.0001,0.0,0.0,0.0000,0.0000,1.4103,1.1428,1.5781,326.5000,enc,0.0000
1786092241.762300,0.2522,0.0,0.0,0.0000,0.0000,1.4103,1.1428,1.5781,326.5000,enc,0.0000
1786092241.762379,0.0001,0.0,0.0,0.0000,0.0000,1.4103,1.1428,1.5781,326.5000,enc,0.0000
1786092241.815431,0.0531,0.0,0.0,0.0000,0.0000,1.4103,1.1428,1.5781,326.5000,enc,0.0000
1786092242.010709,0.1953,0.0,0.0,0.0000,0.0000,1.4103,1.1428,1.5781,326.5000,enc,0.0000
1786092242.023979,0.0133,0.0,0.0,0.0000,0.0000,1.4103,1.1428,1.5781,326.5000,enc,0.0000
1786092242.263282,0.2393,0.0,0.0,0.0000,0.0000,1.4103,1.1428,1.5781,326.5000,enc,0.0000
1786092242.263361,0.0001,0.0,0.0,0.0000,0.0000,1.4103,1.1428,1.5781,326.5000,enc,0.0000
1786092242.337451,0.0741,0.0,0.0,0.0000,0.0000,1.4103,1.1428,1.5781,326.5000,enc,0.0000
1786092242.511515,0.1741,0.0,0.0,0.0000,0.0000,1.4103,1.1428,1.5781,326.5000,enc,0.0000
1786092242.542066,0.0306,0.0,0.0,0.0000,0.0000,1.4103,1.1428,1.5781,326.5000,enc,0.0000
1786092242.780627,0.2386,0.0,0.0,0.0000,0.0000,1.4103,1.1428,1.5781,326.5000,enc,0.0000
1786092242.780787,0.0002,0.0,0.0,0.0000,0.0000,1.4103,1.1428,1.5781,326.5000,enc,0.0000
1786092242.856252,0.0755,0.0,0.0,0.0000,0.0000,1.4103,1.1428,1.5781,326.5000,enc,0.0000
1786092243.009543,0.1533,0.0,0.0,0.0000,0.0000,1.4103,1.1428,1.5781,326.5000,enc,0.0000
1786092243.059628,0.0501,0.0,0.0,0.0000,0.0000,1.4103,1.1428,1.5781,326.5000,enc,0.0000
1786092243.260236,0.2006,0.0,0.0,0.0000,0.0000,1.4103,1.1428,1.5781,326.5000,enc,0.0000
1786092243.268518,0.0083,0.0,0.0,0.0000,0.0000,1.4103,1.1428,1.5781,326.5000,enc,0.0000
1786092243.512191,0.2437,0.0,0.0,0.0000,0.0000,1.4103,1.1428,1.5781,326.5000,enc,0.0000
1786092243.512382,0.0002,0.0,0.0,0.0000,0.0000,1.4103,1.1428,1.5781,326.5000,enc,0.0000
1786092243.582278,0.0699,0.0,0.0,0.0000,0.0000,1.4103,1.1428,1.5781,326.5000,enc,0.0000
1786092243.761838,0.1796,0.0,0.0,0.0000,0.0000,1.4103,1.1428,1.5781,326.5000,enc,0.0000
1786092243.788033,0.0262,0.0,0.0,0.0000,0.0000,1.4103,1.1428,1.5781,326.5000,enc,0.0000
1786092244.014807,0.2268,0.0,0.0,0.0000,0.0000,1.4103,1.1428,1.5781,326.5000,enc,0.0000
1786092244.014851,0.0000,0.0,0.0,0.0000,0.0000,1.4103,1.1428,1.5781,326.5000,enc,0.0000
1786092244.105036,0.0902,0.0,0.0,0.0000,0.0000,1.4103,1.1428,1.5781,326.5000,enc,0.0000
1786092244.265188,0.1602,0.0,0.0,0.0000,0.0000,1.4103,1.1428,1.5781,326.5000,enc,0.0000
1786092244.316354,0.0512,0.0,0.0,0.0000,0.0000,1.4103,1.1428,1.5781,326.5000,enc,0.0000
1786092244.520967,0.2046,0.0,0.0,0.0000,0.0000,1.4103,1.1428,1.5781,326.5000,enc,0.0000
1786092244.521948,0.0010,0.0,0.0,0.0000,0.0000,1.4103,1.1428,1.5781,326.5000,enc,0.0000
1786092244.619858,0.0979,0.0,0.0,0.0000,0.0000,1.4103,1.1428,1.5781,326.5000,enc,0.0000
1786092244.781715,0.1619,0.0,0.0,0.0000,0.0000,1.4103,1.1428,1.5781,326.5000,enc,0.0000
1786092244.827770,0.0461,0.0,0.0,0.0000,0.0000,1.4103,1.1428,1.5781,326.5000,enc,0.0000
1786092245.028586,0.2008,0.0,0.0,0.0000,0.0000,1.4103,1.1428,1.5781,326.5000,enc,0.0000
1786092245.035015,0.0064,0.0,0.0,0.0000,0.0000,1.4103,1.1428,1.5781,326.5000,enc,0.0000
1786092245.138870,0.1039,0.0,0.0,0.0000,0.0000,1.4103,1.1428,1.5781,326.5000,enc,0.0000
1786092245.243484,0.1046,0.0,0.0,0.0000,0.0000,1.4103,1.1428,1.5781,326.5000,enc,0.0000
1786092245.346020,0.1025,0.0,0.0,0.0000,0.0000,1.4103,1.1428,1.5781,326.5000,enc,0.0000
1786092245.451022,0.1050,0.0,0.0,0.0000,0.0000,1.4103,1.1428,1.5781,326.5000,enc,0.0000
1786092245.554095,0.1031,0.0,0.0,0.0000,0.0000,1.4103,1.1428,1.5781,326.5000,enc,0.0000
1786092245.654883,0.1008,0.0,0.0,0.0000,0.0000,1.4103,1.1428,1.5781,326.5000,enc,0.0000
1786092245.764066,0.1092,0.0,0.0,0.0000,0.0000,1.4103,1.1428,1.5781,326.5000,enc,0.0000
1786092245.862196,0.0981,0.0,0.0,0.0000,0.0000,1.4103,1.1428,1.5781,326.5000,enc,0.0000
1786092245.967111,0.1049,0.0,0.0,0.0000,0.0000,1.4103,1.1428,1.5781,326.5000,enc,0.0000
1786092246.074008,0.1069,0.0,0.0,0.0000,0.0000,1.4103,1.1428,1.5781,326.5000,enc,0.0000
1786092246.179810,0.1058,0.0,0.0,0.0000,0.0000,1.4103,1.1428,1.5781,326.5000,enc,0.0000
1786092246.280575,0.1008,0.0,0.0,0.0000,0.0000,1.4103,1.1428,1.5781,326.5000,enc,0.0000
1786092246.384894,0.1043,0.0,0.0,0.0000,0.0000,1.4103,1.1428,1.5781,326.5000,enc,0.0000
1786092246.486778,0.1019,0.0,0.0,0.0000,0.0000,1.4103,1.1428,1.5781,326.5000,enc,0.0000
1786092246.591147,0.1044,0.0,0.0,0.0000,0.0000,1.4103,1.1428,1.5781,326.5000,enc,0.0000
1786092246.694042,0.1029,0.0,0.0,0.0000,0.0000,1.4103,1.1428,1.5781,326.5000,enc,0.0000
1786092246.799983,0.1059,0.0,0.0,0.0000,0.0000,1.4103,1.1428,1.5781,326.5000,enc,0.0000
1786092246.903012,0.1030,0.0,0.0,0.0000,0.0000,1.4103,1.1428,1.5781,326.5000,enc,0.0000
1786092247.002046,0.0990,0.0,0.0,0.0000,0.0000,1.4103,1.1428,1.5781,326.5000,enc,0.0000
1786092247.111549,0.1095,0.0,0.0,0.0000,0.0000,1.4103,1.1428,1.5781,326.5000,enc,0.0000
1786092247.211826,0.1003,0.0,0.0,0.0000,0.0000,1.4103,1.1428,1.5781,326.5000,enc,0.0000
1786092247.313750,0.1019,0.0,0.0,0.0000,0.0000,1.4103,1.1428,1.5781,326.5000,enc,0.0000
1786092247.421021,0.1073,0.0,0.0,0.0000,0.0000,1.4103,1.1428,1.5781,326.5000,enc,0.0000
1786092247.523569,0.1025,0.0,0.0,0.0000,0.0000,1.4103,1.1428,1.5781,326.5000,enc,0.0000
1786092247.626599,0.1030,0.0,0.0,0.0000,0.0000,1.4103,1.1428,1.5781,326.5000,enc,0.0000
1786092247.737826,0.1112,0.0,0.0,0.0000,0.0000,1.4103,1.1428,1.5781,326.5000,enc,0.0000
1786092247.837648,0.0998,0.0,0.0,0.0000,0.0000,1.4103,1.1428,1.5781,326.5000,enc,0.0000
1786092247.941953,0.1043,0.0,0.0,0.0000,0.0000,1.4103,1.1428,1.5781,326.5000,enc,0.0000
1786092248.045297,0.1033,0.0,0.0,0.0000,0.0000,1.4103,1.1428,1.5781,326.5000,enc,0.0000
1786092248.150872,0.1056,0.0,0.0,0.0000,0.0000,1.4103,1.1428,1.5781,326.5000,enc,0.0000
1786092248.253444,0.1026,0.0,0.0,0.0000,0.0000,1.4103,1.1428,1.5781,326.5000,enc,0.0000
1786092248.353926,0.1005,0.0,0.0,0.0000,0.0000,1.4103,1.1428,1.5781,326.5000,enc,0.0000
1786092248.461869,0.1079,0.0,0.0,0.0000,0.0000,1.4103,1.1428,1.5781,326.5000,enc,0.0000
1786092248.561979,0.1001,0.0,0.0,0.0000,0.0000,1.4103,1.1428,1.5781,326.5000,enc,0.0000
1786092248.665692,0.1037,0.0,0.0,0.0000,0.0000,1.4103,1.1428,1.5781,326.5000,enc,0.0000
1786092248.776978,0.1113,0.0,0.0,0.0000,0.0000,1.4103,1.1428,1.5781,326.5000,enc,0.0000
1786092248.873895,0.0969,0.0,0.0,0.0000,0.0000,1.4103,1.1428,1.5781,326.5000,enc,0.0000
1786092248.979497,0.1056,0.0,0.0,0.0000,0.0000,1.4103,1.1428,1.5781,326.5000,enc,0.0000
1786092249.086025,0.1065,0.0,0.0,0.0000,0.0000,1.4103,1.1428,1.5781,326.5000,enc,0.0000
1786092249.190513,0.1045,0.0,0.0,0.0000,0.0000,1.4103,1.1428,1.5781,326.5000,enc,0.0000
1786092249.292324,0.1018,0.0,0.0,0.0000,0.0000,1.4103,1.1428,1.5781,326.5000,enc,0.0000
1786092249.397939,0.1056,0.0,0.0,0.0000,0.0000,1.4103,1.1428,1.5781,326.5000,enc,0.0000
1786092249.501875,0.1039,0.0,0.0,0.0000,0.0000,1.4103,1.1428,1.5781,326.5000,enc,0.0000
1786092249.602159,0.1003,0.0,0.0,0.0000,0.0000,1.4103,1.1428,1.5781,326.5000,enc,0.0000
1786092249.705489,0.1033,0.0,0.0,0.0000,0.0000,1.4103,1.1428,1.5781,326.5000,enc,0.0000
1786092249.811284,0.1058,0.0,0.0,0.0000,0.0000,1.4103,1.1428,1.5781,326.5000,enc,0.0000
1786092249.911797,0.1005,0.0,0.0,0.0000,0.0000,1.4103,1.1428,1.5781,326.5000,enc,0.0000
1786092250.015111,0.1033,0.0,0.0,0.0000,0.0000,1.4103,1.1428,1.5781,326.5000,enc,0.0000
1786092250.124043,0.1089,0.0,0.0,0.0000,0.0000,1.4103,1.1428,1.5781,326.5000,enc,0.0000
1786092250.222138,0.0981,0.0,0.0,0.0000,0.0000,1.4103,1.1428,1.5781,326.5000,enc,0.0000
1786092250.325250,0.1031,0.0,0.0,0.0000,0.0000,1.4103,1.1428,1.5781,326.5000,enc,0.0000
1786092250.436040,0.1108,0.0,0.0,0.0000,0.0000,1.4103,1.1428,1.5781,326.5000,enc,0.0000
1786092250.534471,0.0984,0.0,0.0,0.0000,0.0000,1.4103,1.1428,1.5781,326.5000,enc,0.0000
1786092250.638777,0.1043,0.0,0.0,0.0000,0.0000,1.4103,1.1428,1.5781,326.5000,enc,0.0000
1786092250.744963,0.1062,0.0,0.0,0.0000,0.0000,1.4103,1.1428,1.5781,326.5000,enc,0.0000
1786092250.846502,0.1015,0.0,0.0,0.0000,0.0000,1.4103,1.1428,1.5781,326.5000,enc,0.0000
1786092250.951904,0.1054,0.0,0.0,0.0000,0.0000,1.4103,1.1428,1.5781,326.5000,enc,0.0000
1786092251.051198,0.0993,0.0,0.0,0.0000,0.0000,1.4103,1.1428,1.5781,326.5000,enc,0.0000
1786092251.160995,0.1098,0.0,0.0,0.0000,0.0000,1.4103,1.1428,1.5781,326.5000,enc,0.0000
1786092251.259294,0.0983,0.0,0.0,0.0000,0.0000,1.4103,1.1428,1.5781,326.5000,enc,0.0000
1786092251.366639,0.1073,0.0,0.0,0.0000,0.0000,1.4103,1.1428,1.5781,326.5000,enc,0.0000
1786092251.469913,0.1033,0.0,0.0,0.0000,0.0000,1.4103,1.1428,1.5781,326.5000,enc,0.0000
1786092251.570916,0.1010,0.0,0.0,0.0000,0.0000,1.4103,1.1428,1.5781,326.5000,enc,0.0000
1786092251.674071,0.1032,0.0,0.0,0.0000,0.0000,1.4103,1.1428,1.5781,326.5000,enc,0.0000
1786092251.782028,0.1080,0.0,0.0,0.0000,0.0000,1.4103,1.1428,1.5781,326.5000,enc,0.0000
1786092251.888430,0.1064,0.0,0.0,0.0000,0.0000,1.4103,1.1428,1.5781,326.5000,enc,0.0000
1786092251.984735,0.0963,0.0,0.0,0.0000,0.0000,1.4103,1.1428,1.5781,326.5000,enc,0.0000
1786092252.097967,0.1132,0.0,0.0,0.0000,0.0000,1.4103,1.1428,1.5781,326.5000,enc,0.0000
1786092252.196710,0.0987,0.0,0.0,0.0000,0.0000,1.4103,1.1428,1.5781,326.5000,enc,0.0000
1786092252.300084,0.1034,0.0,0.0,0.0000,0.0000,1.4103,1.1428,1.5781,326.5000,enc,0.0000
1786092252.404455,0.1044,0.0,0.0,0.0000,0.0000,1.4103,1.1428,1.5781,326.5000,enc,0.0000
1786092252.510036,0.1056,0.0,0.0,0.0000,0.0000,1.4103,1.1428,1.5781,326.5000,enc,0.0000
1786092252.613068,0.1030,0.0,0.0,0.0000,0.0000,1.4103,1.1428,1.5781,326.5000,enc,0.0000
1786092252.717645,0.1046,0.0,0.0,0.0000,0.0000,1.4103,1.1428,1.5781,326.5000,enc,0.0000
1786092252.820799,0.1032,0.0,0.0,0.0000,0.0000,1.4103,1.1428,1.5781,326.5000,enc,0.0000
1786092252.923843,0.1030,0.0,0.0,0.0000,0.0000,1.4103,1.1428,1.5781,326.5000,enc,0.0000
1786092253.026063,0.1022,0.0,0.0,0.0000,0.0000,1.4103,1.1428,1.5781,326.5000,enc,0.0000
1786092253.134089,0.1080,0.0,0.0,0.0000,0.0000,1.4103,1.1428,1.5781,326.5000,enc,0.0000
1786092253.235014,0.1009,0.0,0.0,0.0000,0.0000,1.4103,1.1428,1.5781,326.5000,enc,0.0000
1786092253.335297,0.1003,0.0,0.0,0.0000,0.0000,1.4103,1.1428,1.5781,326.5000,enc,0.0000
1786092253.443426,0.1081,0.0,0.0,0.0000,0.0000,1.4103,1.1428,1.5781,326.5000,enc,0.0000
1786092253.546011,0.1026,0.0,0.0,0.0000,0.0000,1.4103,1.1428,1.5781,326.5000,enc,0.0000
1786092253.651719,0.1057,0.0,0.0,0.0000,0.0000,1.4103,1.1428,1.5781,326.5000,enc,0.0000
1786092253.754925,0.1032,0.0,0.0,0.0000,0.0000,1.4103,1.1428,1.5781,326.5000,enc,0.0000
1786092253.856574,0.1016,0.0,0.0,0.0000,0.0000,1.4103,1.1428,1.5781,326.5000,enc,0.0000
1786092253.960340,0.1038,0.0,0.0,0.0000,0.0000,1.4103,1.1428,1.5781,326.5000,enc,0.0000
1786092254.061503,0.1012,0.0,0.0,0.0000,0.0000,1.4103,1.1428,1.5781,326.5000,enc,0.0000
1786092254.167122,0.1056,0.0,0.0,0.0000,0.0000,1.4103,1.1428,1.5781,326.5000,enc,0.0000
1786092254.268852,0.1017,0.0,0.0,0.0000,0.0000,1.4103,1.1428,1.5781,326.5000,enc,0.0000
1786092254.372387,0.1035,0.0,0.0,0.0000,0.0000,1.4103,1.1428,1.5781,326.5000,enc,0.0000
1786092254.478508,0.1061,0.0,0.0,0.0000,0.0000,1.4103,1.1428,1.5781,326.5000,enc,0.0000
1786092254.579843,0.1013,0.0,0.0,0.0000,0.0000,1.4103,1.1428,1.5781,326.5000,enc,0.0000
1786092254.683871,0.1040,0.0,0.0,0.0000,0.0000,1.4103,1.1428,1.5781,326.5000,enc,0.0000
1786092254.791834,0.1080,0.0,0.0,0.0000,0.0000,1.4103,1.1428,1.5781,326.5000,enc,0.0000
1786092254.892972,0.1011,0.0,0.0,0.0000,0.0000,1.4103,1.1428,1.5781,326.5000,enc,0.0000
1786092255.001449,0.1085,0.0,0.0,0.0000,0.0000,1.4103,1.1428,1.5781,326.5000,enc,0.0000
1786092255.100710,0.0993,0.0,0.0,0.0000,0.0000,1.4103,1.1428,1.5781,326.5000,enc,0.0000
1786092255.270786,0.1701,0.0,0.0,0.0000,0.0000,1.4103,1.1428,1.5781,326.5000,enc,0.0000
1786092255.305670,0.0349,0.0,0.0,0.0000,0.0000,1.4103,1.1428,1.5781,326.5000,enc,0.0000
1786092255.516761,0.2111,0.0,0.0,0.0000,0.0000,1.4103,1.1428,1.5781,326.5000,enc,0.0000
1786092255.517401,0.0006,0.0,0.0,0.0000,0.0000,1.4103,1.1428,1.5781,326.5000,enc,0.0000
1786092255.771526,0.2541,0.0,0.0,0.0000,0.0000,1.4103,1.1428,1.5781,326.5000,enc,0.0000
1786092255.771587,0.0001,0.0,0.0,0.0000,0.0000,1.4103,1.1428,1.5781,326.5000,enc,0.0000
1786092255.825054,0.0535,0.0,0.0,0.0000,0.0000,1.4103,1.1428,1.5781,326.5000,enc,0.0000
1786092256.016529,0.1915,0.0,0.0,0.0000,0.0000,1.4103,1.1428,1.5781,326.5000,enc,0.0000
1786092256.031349,0.0148,0.0,0.0,0.0000,0.0000,1.4103,1.1428,1.5781,326.5000,enc,0.0000
1786092256.262344,0.2310,0.0,0.0,0.0000,0.0000,1.4103,1.1428,1.5781,326.5000,enc,0.0000
1786092256.262394,0.0001,0.0,0.0,0.0000,0.0000,1.4103,1.1428,1.5781,326.5000,enc,0.0000
1786092256.341929,0.0795,0.0,0.0,0.0000,0.0000,1.4103,1.1428,1.5781,326.5000,enc,0.0000
1786092256.517589,0.1757,0.0,0.0,0.0000,0.0000,1.4103,1.1428,1.5781,326.5000,enc,0.0000
1786092256.549258,0.0317,0.0,0.0,0.0000,0.0000,1.4103,1.1428,1.5781,326.5000,enc,0.0000
1786092256.771481,0.2222,0.0,0.0,0.0000,0.0000,1.4103,1.1428,1.5781,326.5000,enc,0.0000
1786092256.771530,0.0000,0.0,0.0,0.0000,0.0000,1.4103,1.1428,1.5781,326.5000,enc,0.0000
1786092256.866024,0.0945,0.0,0.0,0.0000,0.0000,1.4103,1.1428,1.5781,326.5000,enc,0.0000
1786092257.022826,0.1568,0.0,0.0,0.0000,0.0000,1.4103,1.1428,1.5781,326.5000,enc,0.0000
1786092257.069731,0.0469,0.0,0.0,0.0000,0.0000,1.4103,1.1428,1.5781,326.5000,enc,0.0000
1786092257.274991,0.2053,0.0,0.0,0.0000,0.0000,1.4103,1.1428,1.5781,326.5000,enc,0.0000
1786092257.278787,0.0038,0.0,0.0,0.0000,0.0000,1.4103,1.1428,1.5781,326.5000,enc,0.0000
1786092257.523795,0.2450,0.0,0.0,0.0000,0.0000,1.4103,1.1428,1.5781,326.5000,enc,0.0000
1786092257.524848,0.0011,0.0,0.0,0.0000,0.0000,1.4103,1.1428,1.5781,326.5000,enc,0.0000
1786092257.591076,0.0662,0.0,0.0,0.0000,0.0000,1.4103,1.1428,1.5781,326.5000,enc,0.0000
1786092257.773271,0.1822,0.0,0.0,0.0000,0.0000,1.4103,1.1428,1.5781,326.5000,enc,0.0000
1786092257.795359,0.0221,0.0,0.0,0.0000,0.0000,1.4103,1.1428,1.5781,326.5000,enc,0.0000
1786092258.028997,0.2336,0.0,0.0,0.0000,0.0000,1.4103,1.1428,1.5781,326.5000,enc,0.0000
1786092258.041229,0.0122,0.0,0.0,0.0000,0.0000,1.4103,1.1428,1.5781,326.5000,enc,0.0000
1786092258.107058,0.0658,0.0,0.0,0.0000,0.0000,1.4103,1.1428,1.5781,326.5000,enc,0.0000
1786092258.273026,0.1660,0.0,0.0,0.0000,0.0000,1.4103,1.1428,1.5781,326.5000,enc,0.0000
1786092258.311636,0.0386,0.0,0.0,0.0000,0.0000,1.4103,1.1428,1.5781,326.5000,enc,0.0000
1786092258.524210,0.2126,0.0,0.0,0.0000,0.0000,1.4103,1.1428,1.5781,326.5000,enc,0.0000
1786092258.524373,0.0002,0.0,0.0,0.0000,0.0000,1.4103,1.1428,1.5781,326.5000,enc,0.0000
1786092258.773055,0.2487,0.0,0.0,0.0000,0.0000,1.4103,1.1428,1.5781,326.5000,enc,0.0000
1786092258.773124,0.0001,0.0,0.0,0.0000,0.0000,1.4103,1.1428,1.5781,326.5000,enc,0.0000
1786092258.832881,0.0598,0.0,0.0,0.0000,0.0000,1.4103,1.1428,1.5781,326.5000,enc,0.0000
1786092259.026555,0.1937,0.0,0.0,0.0000,0.0000,1.4103,1.1428,1.5781,326.5000,enc,0.0000
1786092259.037862,0.0113,0.0,0.0,0.0000,0.0000,1.4103,1.1428,1.5781,326.5000,enc,0.0000
1786092259.277068,0.2392,0.0,0.0,0.0000,0.0000,1.4103,1.1428,1.5781,326.5000,enc,0.0000
1786092259.277112,0.0000,0.0,0.0,0.0000,0.0000,1.4103,1.1428,1.5781,326.5000,enc,0.0000
1786092259.351631,0.0745,0.0,0.0,0.0000,0.0000,1.4103,1.1428,1.5781,326.5000,enc,0.0000
1786092259.532989,0.1814,0.0,0.0,0.0000,0.0000,1.4103,1.1428,1.5781,326.5000,enc,0.0000
1786092259.558621,0.0256,0.0,0.0,0.0000,0.0000,1.4103,1.1428,1.5781,326.5000,enc,0.0000
1786092259.790057,0.2314,0.0,0.0,0.0000,0.0000,1.4103,1.1428,1.5781,326.5000,enc,0.0000
1786092259.790104,0.0000,0.0,0.0,0.0000,0.0000,1.4103,1.1428,1.5781,326.5000,enc,0.0000
1786092259.871026,0.0809,0.0,0.0,0.0000,0.0000,1.4103,1.1428,1.5781,326.5000,enc,0.0000
1786092260.046407,0.1754,0.0,0.0,0.0000,0.0000,1.4103,1.1428,1.5781,326.5000,enc,0.0000
1786092260.075705,0.0293,0.0,0.0,0.0000,0.0000,1.4103,1.1428,1.5781,326.5000,enc,0.0000
1786092260.188031,0.1123,0.0,0.0,0.0000,0.0000,1.4103,1.1428,1.5781,326.5000,enc,0.0000
1786092260.291780,0.1037,0.0,0.0,0.0000,0.0000,1.4103,1.1428,1.5781,326.5000,enc,0.0000
1786092260.404055,0.1123,0.0,0.0,0.0000,0.0000,1.4103,1.1428,1.5781,326.5000,enc,0.0000
1786092260.504961,0.1009,0.0,0.0,0.0000,0.0000,1.4103,1.1428,1.5781,326.5000,enc,0.0000
1786092260.594236,0.0893,0.0,0.0,0.0000,0.0000,1.4103,1.1428,1.5781,326.5000,enc,0.0000
1786092260.696181,0.1019,0.0,0.0,0.0000,0.0000,1.4103,1.1428,1.5781,326.5000,enc,0.0000
1786092260.804900,0.1087,0.0,0.0,0.0000,0.0000,1.4103,1.1428,1.5781,326.5000,enc,0.0000
1786092260.906860,0.1020,0.0,0.0,0.0000,0.0000,1.4103,1.1428,1.5781,326.5000,enc,0.0000
1786092261.009908,0.1030,0.0,0.0,0.0000,0.0000,1.4103,1.1428,1.5781,326.5000,enc,0.0000
1786092261.115105,0.1052,0.0,0.0,0.0000,0.0000,1.4103,1.1428,1.5781,326.5000,enc,0.0000
1786092261.220029,0.1049,0.0,0.0,0.0000,0.0000,1.4103,1.1428,1.5781,326.5000,enc,0.0000
1786092261.320440,0.1004,0.0,0.0,0.0000,0.0000,1.4103,1.1428,1.5781,326.5000,enc,0.0000
1786092261.424908,0.1045,0.0,0.0,0.0000,0.0000,1.4103,1.1428,1.5781,326.5000,enc,0.0000
1786092261.530976,0.1061,0.0,0.0,0.0000,0.0000,1.4103,1.1428,1.5781,326.5000,enc,0.0000
1786092261.631853,0.1009,0.0,0.0,0.0000,0.0000,1.4103,1.1428,1.5781,326.5000,enc,0.0000
1786092261.736710,0.1049,0.0,0.0,0.0000,0.0000,1.4103,1.1428,1.5781,326.5000,enc,0.0000
1786092261.841017,0.1043,0.0,0.0,0.0000,0.0000,1.4103,1.1428,1.5781,326.5000,enc,0.0000
1786092261.941630,0.1006,0.0,0.0,0.0000,0.0000,1.4103,1.1428,1.5781,326.5000,enc,0.0000
1786092262.044669,0.1030,0.0,0.0,0.0000,0.0000,1.4103,1.1428,1.5781,326.5000,enc,0.0000
1786092262.154028,0.1094,0.0,0.0,0.0000,0.0000,1.4103,1.1428,1.5781,326.5000,enc,0.0000
1786092262.254697,0.1007,0.0,0.0,0.0000,0.0000,1.4103,1.1428,1.5781,326.5000,enc,0.0000
1786092262.358864,0.1042,0.0,0.0,0.0000,0.0000,1.4103,1.1428,1.5781,326.5000,enc,0.0000
1786092262.463887,0.1050,0.0,0.0,0.0000,0.0000,1.4103,1.1428,1.5781,326.5000,enc,0.0000
1786092262.566962,0.1031,0.0,0.0,0.0000,0.0000,1.4103,1.1428,1.5781,326.5000,enc,0.0000
1786092262.669339,0.1024,0.0,0.0,0.0000,0.0000,1.4103,1.1428,1.5781,326.5000,enc,0.0000
1786092262.774697,0.1054,0.0,0.0,0.0000,0.0000,1.4103,1.1428,1.5781,326.5000,enc,0.0000
1786092262.880936,0.1062,0.0,0.0,0.0000,0.0000,1.4103,1.1428,1.5781,326.5000,enc,0.0000
1786092262.984116,0.1032,0.0,0.0,0.0000,0.0000,1.4103,1.1428,1.5781,326.5000,enc,0.0000
1786092263.083407,0.0993,0.0,0.0,0.0000,0.0000,1.4103,1.1428,1.5781,326.5000,enc,0.0000
1786092263.194068,0.1107,0.0,0.0,0.0000,0.0000,1.4103,1.1428,1.5781,326.5000,enc,0.0000
1786092263.293532,0.0995,0.0,0.0,0.0000,0.0000,1.4103,1.1428,1.5781,326.5000,enc,0.0000
1786092263.397152,0.1036,0.0,0.0,0.0000,0.0000,1.4103,1.1428,1.5781,326.5000,enc,0.0000
1786092263.505993,0.1088,0.0,0.0,0.0000,0.0000,1.4103,1.1428,1.5781,326.5000,enc,0.0000
1786092263.608369,0.1024,0.0,0.0,0.0000,0.0000,1.4103,1.1428,1.5781,326.5000,enc,0.0000
1786092263.709567,0.1012,0.0,0.0,0.0000,0.0000,1.4103,1.1428,1.5781,326.5000,enc,0.0000
1786092263.817795,0.1082,0.0,0.0,0.0000,0.0000,1.4103,1.1428,1.5781,326.5000,enc,0.0000
1786092263.918663,0.1009,0.0,0.0,0.0000,0.0000,1.4103,1.1428,1.5781,326.5000,enc,0.0000
1786092264.022632,0.1040,0.0,0.0,0.0000,0.0000,1.4103,1.1428,1.5781,326.5000,enc,0.0000
1786092264.126870,0.1042,0.0,0.0,0.0000,0.0000,1.4103,1.1428,1.5781,326.5000,enc,0.0000
1786092264.231983,0.1051,0.0,0.0,0.0000,0.0000,1.4103,1.1428,1.5781,326.5000,enc,0.0000
1786092264.333704,0.1017,0.0,0.0,0.0000,0.0000,1.4103,1.1428,1.5781,326.5000,enc,0.0000
1786092264.434926,0.1012,0.0,0.0,0.0000,0.0000,1.4103,1.1428,1.5781,326.5000,enc,0.0000
1786092264.542991,0.1081,0.0,0.0,0.0000,0.0000,1.4103,1.1428,1.5781,326.5000,enc,0.0000
1786092264.642030,0.0990,0.0,0.0,0.0000,0.0000,1.4103,1.1428,1.5781,326.5000,enc,0.0000
1786092264.745886,0.1039,0.0,0.0,0.0000,0.0000,1.4103,1.1428,1.5781,326.5000,enc,0.0000
1786092264.853986,0.1081,0.0,0.0,0.0000,0.0000,1.4103,1.1428,1.5781,326.5000,enc,0.0000
1786092264.955733,0.1017,0.0,0.0,0.0000,0.0000,1.4103,1.1428,1.5781,326.5000,enc,0.0000
1786092265.059968,0.1042,0.0,0.0,0.0000,0.0000,1.4103,1.1428,1.5781,326.5000,enc,0.0000
1786092265.165015,0.1050,0.0,0.0,0.0000,0.0000,1.4103,1.1428,1.5781,326.5000,enc,0.0000
1786092265.267500,0.1025,0.0,0.0,0.0000,0.0000,1.4103,1.1428,1.5781,326.5000,enc,0.0000
1786092265.370549,0.1030,0.0,0.0,0.0000,0.0000,1.4103,1.1428,1.5781,326.5000,enc,0.0000
1786092265.477037,0.1065,0.0,0.0,0.0000,0.0000,1.4103,1.1428,1.5781,326.5000,enc,0.0000
1786092265.581314,0.1043,0.0,0.0,0.0000,0.0000,1.4103,1.1428,1.5781,326.5000,enc,0.0000
1786092265.679210,0.0979,0.0,0.0,0.0000,0.0000,1.4103,1.1428,1.5781,326.5000,enc,0.0000
1786092265.782846,0.1036,0.0,0.0,0.0000,0.0000,1.4103,1.1428,1.5781,326.5000,enc,0.0000
1786092265.892015,0.1092,0.0,0.0,0.0000,0.0000,1.4103,1.1428,1.5781,326.5000,enc,0.0000
1786092265.990384,0.0984,0.0,0.0,0.0000,0.0000,1.4103,1.1428,1.5781,326.5000,enc,0.0000
1786092266.093656,0.1033,0.0,0.0,0.0000,0.0000,1.4103,1.1428,1.5781,326.5000,enc,0.0000
1786092266.202964,0.1093,0.0,0.0,0.0000,0.0000,1.4103,1.1428,1.5781,326.5000,enc,0.0000
1786092266.301413,0.0984,0.0,0.0,0.0000,0.0000,1.4103,1.1428,1.5781,326.5000,enc,0.0000
1786092266.404493,0.1031,0.0,0.0,0.0000,0.0000,1.4103,1.1428,1.5781,326.5000,enc,0.0000
1786092266.513880,0.1094,0.0,0.0,0.0000,0.0000,1.4103,1.1428,1.5781,326.5000,enc,0.0000
1786092266.615290,0.1014,0.0,0.0,0.0000,0.0000,1.4103,1.1428,1.5781,326.5000,enc,0.0000
1786092266.718465,0.1032,0.0,0.0,0.0000,0.0000,1.4103,1.1428,1.5781,326.5000,enc,0.0000
1786092266.823251,0.1048,0.0,0.0,0.0000,0.0000,1.4103,1.1428,1.5781,326.5000,enc,0.0000
1786092266.930043,0.1068,0.0,0.0,0.0000,0.0000,1.4103,1.1428,1.5781,326.5000,enc,0.0000
1786092267.026527,0.0965,0.0,0.0,0.0000,0.0000,1.4103,1.1428,1.5781,326.5000,enc,0.0000
1786092267.132943,0.1064,0.0,0.0,0.0000,0.0000,1.4103,1.1428,1.5781,326.5000,enc,0.0000
1786092267.239026,0.1061,0.0,0.0,0.0000,0.0000,1.4103,1.1428,1.5781,326.5000,enc,0.0000
1786092267.340120,0.1011,0.0,0.0,0.0000,0.0000,1.4103,1.1428,1.5781,326.5000,enc,0.0000
1786092267.443338,0.1032,0.0,0.0,0.0000,0.0000,1.4103,1.1428,1.5781,326.5000,enc,0.0000
1786092267.551968,0.1086,0.0,0.0,0.0000,0.0000,1.4103,1.1428,1.5781,326.5000,enc,0.0000
1786092267.648544,0.0966,0.0,0.0,0.0000,0.0000,1.4103,1.1428,1.5781,326.5000,enc,0.0000
1786092267.752967,0.1044,0.0,0.0,0.0000,0.0000,1.4103,1.1428,1.5781,326.5000,enc,0.0000
1786092267.868807,0.1158,0.0,0.0,0.0000,0.0000,1.4103,1.1428,1.5781,326.5000,enc,0.0000
1786092267.964900,0.0961,0.0,0.0,0.0000,0.0000,1.4103,1.1428,1.5781,326.5000,enc,0.0000
1786092268.067811,0.1029,0.0,0.0,0.0000,0.0000,1.4103,1.1428,1.5781,326.5000,enc,0.0000
1786092268.174999,0.1072,0.0,0.0,0.0000,0.0000,1.4103,1.1428,1.5781,326.5000,enc,0.0000
1786092268.275553,0.1006,0.0,0.0,0.0000,0.0000,1.4103,1.1428,1.5781,326.5000,enc,0.0000
1786092268.378500,0.1029,0.0,0.0,0.0000,0.0000,1.4103,1.1428,1.5781,326.5000,enc,0.0000
1786092268.483022,0.1045,0.0,0.0,0.0000,0.0000,1.4103,1.1428,1.5781,326.5000,enc,0.0000
1786092268.586961,0.1039,0.0,0.0,0.0000,0.0000,1.4103,1.1428,1.5781,326.5000,enc,0.0000
1786092268.688840,0.1019,0.0,0.0,0.0000,0.0000,1.4103,1.1428,1.5781,326.5000,enc,0.0000
1786092268.795694,0.1069,0.0,0.0,0.0000,0.0000,1.4103,1.1428,1.5781,326.5000,enc,0.0000
1786092268.897648,0.1020,0.0,0.0,0.0000,0.0000,1.4103,1.1428,1.5781,326.5000,enc,0.0000
1786092269.000700,0.1031,0.0,0.0,0.0000,0.0000,1.4103,1.1428,1.5781,326.5000,enc,0.0000
1786092269.100329,0.0996,0.0,0.0,0.0000,0.0000,1.4103,1.1428,1.5781,326.5000,enc,0.0000
1786092269.207962,0.1076,0.0,0.0,0.0000,0.0000,1.4103,1.1428,1.5781,326.5000,enc,0.0000
1786092269.309369,0.1014,0.0,0.0,0.0000,0.0000,1.4103,1.1428,1.5781,326.5000,enc,0.0000
1786092269.412365,0.1030,0.0,0.0,0.0000,0.0000,1.4103,1.1428,1.5781,326.5000,enc,0.0000
1786092269.518887,0.1065,0.0,0.0,0.0000,0.0000,1.4103,1.1428,1.5781,326.5000,enc,0.0000
1786092269.622639,0.1038,0.0,0.0,0.0000,0.0000,1.4103,1.1428,1.5781,326.5000,enc,0.0000
1786092269.725794,0.1032,0.0,0.0,0.0000,0.0000,1.4103,1.1428,1.5781,326.5000,enc,0.0000
1786092269.828790,0.1030,0.0,0.0,0.0000,0.0000,1.4103,1.1428,1.5781,326.5000,enc,0.0000
1786092270.026400,0.1976,0.0,0.0,0.0000,0.0000,1.4103,1.1428,1.5781,326.5000,enc,0.0000
1786092270.033890,0.0075,0.0,0.0,0.0000,0.0000,1.4103,1.1428,1.5781,326.5000,enc,0.0000
1786092270.281952,0.2481,0.0,0.0,0.0000,0.0000,1.4103,1.1428,1.5781,326.5000,enc,0.0000
1786092270.281994,0.0000,0.0,0.0,0.0000,0.0000,1.4103,1.1428,1.5781,326.5000,enc,0.0000
1786092270.348572,0.0666,0.0,0.0,0.0000,0.0000,1.4103,1.1428,1.5781,326.5000,enc,0.0000
1786092270.516809,0.1682,0.0,0.0,0.0000,0.0000,1.4103,1.1428,1.5781,326.5000,enc,0.0000
1786092270.557935,0.0411,0.0,0.0,0.0000,0.0000,1.4103,1.1428,1.5781,326.5000,enc,0.0000
1786092270.763112,0.2052,0.0,0.0,0.0000,0.0000,1.4103,1.1428,1.5781,326.5000,enc,0.0000
1786092270.765467,0.0024,0.0,0.0,0.0000,0.0000,1.4103,1.1428,1.5781,326.5000,enc,0.0000
1786092271.018782,0.2533,0.0,0.0,0.0000,0.0000,1.4103,1.1428,1.5781,326.5000,enc,0.0000
1786092271.018828,0.0000,0.0,0.0,0.0000,0.0000,1.4103,1.1428,1.5781,326.5000,enc,0.0000
1786092271.073575,0.0547,0.0,0.0,0.0000,0.0000,1.4103,1.1428,1.5781,326.5000,enc,0.0000
1786092271.272711,0.1991,0.0,0.0,0.0000,0.0000,1.4103,1.1428,1.5781,326.5000,enc,0.0000
1786092271.281027,0.0083,0.0,0.0,0.0000,0.0000,1.4103,1.1428,1.5781,326.5000,enc,0.0000
1786092271.523549,0.2425,0.0,0.0,0.0000,0.0000,1.4103,1.1428,1.5781,326.5000,enc,0.0000
1786092271.524544,0.0010,0.0,0.0,0.0000,0.0000,1.4103,1.1428,1.5781,326.5000,enc,0.0000
1786092271.594579,0.0700,0.0,0.0,0.0000,0.0000,1.4103,1.1428,1.5781,326.5000,enc,0.0000
1786092271.774501,0.1799,0.0,0.0,0.0000,0.0000,1.4103,1.1428,1.5781,326.5000,enc,0.0000
1786092271.799233,0.0247,0.0,0.0,0.0000,0.0000,1.4103,1.1428,1.5781,326.5000,enc,0.0000
1786092272.025409,0.2262,0.0,0.0,0.0000,0.0000,1.4103,1.1428,1.5781,326.5000,enc,0.0000
1786092272.025456,0.0000,0.0,0.0,0.0000,0.0000,1.4103,1.1428,1.5781,326.5000,enc,0.0000
1786092272.109888,0.0844,0.0,0.0,0.0000,0.0000,1.4103,1.1428,1.5781,326.5000,enc,0.0000
1786092272.274809,0.1649,0.0,0.0,0.0000,0.0000,1.4103,1.1428,1.5781,326.5000,enc,0.0000
1786092272.320884,0.0461,0.0,0.0,0.0000,0.0000,1.4103,1.1428,1.5781,326.5000,enc,0.0000
1786092272.524462,0.2036,0.0,0.0,0.0000,0.0000,1.4103,1.1428,1.5781,326.5000,enc,0.0000
1786092272.527709,0.0032,0.0,0.0,0.0000,0.0000,1.4103,1.1428,1.5781,326.5000,enc,0.0000
1786092272.772981,0.2453,0.0,0.0,0.0000,0.0000,1.4103,1.1428,1.5781,326.5000,enc,0.0000
1786092272.773050,0.0001,0.0,0.0,0.0000,0.0000,1.4103,1.1428,1.5781,326.5000,enc,0.0000
1786092272.841915,0.0689,0.0,0.0,0.0000,0.0000,1.4103,1.1428,1.5781,326.5000,enc,0.0000
1786092273.025334,0.1834,0.0,0.0,0.0000,0.0000,1.4103,1.1428,1.5781,326.5000,enc,0.0000
1786092273.045185,0.0199,0.0,0.0,0.0000,0.0000,1.4103,1.1428,1.5781,326.5000,enc,0.0000
1786092273.276718,0.2315,0.0,0.0,0.0000,0.0000,1.4103,1.1428,1.5781,326.5000,enc,0.0000
1786092273.276760,0.0000,0.0,0.0,0.0000,0.0000,1.4103,1.1428,1.5781,326.5000,enc,0.0000
1786092273.356297,0.0795,0.0,0.0,0.0000,0.0000,1.4103,1.1428,1.5781,326.5000,enc,0.0000
1786092273.526906,0.1706,0.0,0.0,0.0000,0.0000,1.4103,1.1428,1.5781,326.5000,enc,0.0000
1786092273.568067,0.0412,0.0,0.0,0.0000,0.0000,1.4103,1.1428,1.5781,326.5000,enc,0.0000
1786092273.778166,0.2101,0.0,0.0,0.0000,0.0000,1.4103,1.1428,1.5781,326.5000,enc,0.0000
1786092273.778213,0.0000,0.0,0.0,0.0000,0.0000,1.4103,1.1428,1.5781,326.5000,enc,0.0000
1786092274.029436,0.2512,0.0,0.0,0.0000,0.0000,1.4103,1.1428,1.5781,326.5000,enc,0.0000
1786092274.029480,0.0000,0.0,0.0,0.0000,0.0000,1.4103,1.1428,1.5781,326.5000,enc,0.0000
1786092274.087492,0.0580,0.0,0.0,0.0000,0.0000,1.4103,1.1428,1.5781,326.5000,enc,0.0000
1786092274.284993,0.1975,0.0,0.0,0.0000,0.0000,1.4103,1.1428,1.5781,326.5000,enc,0.0000
1786092274.292523,0.0075,0.0,0.0,0.0000,0.0000,1.4103,1.1428,1.5781,326.5000,enc,0.0000
1786092274.539489,0.2470,0.0,0.0,0.0000,0.0000,1.4103,1.1428,1.5781,326.5000,enc,0.0000
1786092274.539531,0.0000,0.0,0.0,0.0000,0.0000,1.4103,1.1428,1.5781,326.5000,enc,0.0000
1786092274.605144,0.0656,0.0,0.0,0.0000,0.0000,1.4103,1.1428,1.5781,326.5000,enc,0.0000
1786092274.793621,0.1885,0.0,0.0,0.0000,0.0000,1.4103,1.1428,1.5781,326.5000,enc,0.0000
1786092274.809690,0.0161,0.0,0.0,0.0000,0.0000,1.4103,1.1428,1.5781,326.5000,enc,0.0000
1786092274.917963,0.1083,0.0,0.0,0.0000,0.0000,1.4103,1.1428,1.5781,326.5000,enc,0.0000
1786092275.019028,0.1011,0.0,0.0,0.0000,0.0000,1.4103,1.1428,1.5781,326.5000,enc,0.0000
1786092275.120559,0.1015,0.0,0.0,0.0000,0.0000,1.4103,1.1428,1.5781,326.5000,enc,0.0000
1786092275.227915,0.1074,0.0,0.0,0.0000,0.0000,1.4103,1.1428,1.5781,326.5000,enc,0.0000
1786092275.330532,0.1026,0.0,0.0,0.0000,0.0000,1.4103,1.1428,1.5781,326.5000,enc,0.0000
1786092275.434688,0.1042,0.0,0.0,0.0000,0.0000,1.4103,1.1428,1.5781,326.5000,enc,0.0000
1786092275.544789,0.1101,0.0,0.0,0.0000,0.0000,1.4103,1.1428,1.5781,326.5000,enc,0.0000
1786092275.650143,0.1054,0.0,0.0,0.0000,0.0000,1.4103,1.1428,1.5781,326.5000,enc,0.0000
1786092275.747828,0.0977,0.0,0.0,0.0000,0.0000,1.4103,1.1428,1.5781,326.5000,enc,0.0000
1786092275.849664,0.1018,0.0,0.0,0.0000,0.0000,1.4103,1.1428,1.5781,326.5000,enc,0.0000
1786092275.958056,0.1084,0.0,0.0,0.0000,0.0000,1.4103,1.1428,1.5781,326.5000,enc,0.0000
1786092276.060698,0.1026,0.0,0.0,0.0000,0.0000,1.4103,1.1428,1.5781,326.5000,enc,0.0000
1786092276.162157,0.1015,0.0,0.0,0.0000,0.0000,1.4103,1.1428,1.5781,326.5000,enc,0.0000
1786092276.267038,0.1049,0.0,0.0,0.0000,0.0000,1.4103,1.1428,1.5781,326.5000,enc,0.0000
1786092276.370346,0.1033,0.0,0.0,0.0000,0.0000,1.4103,1.1428,1.5781,326.5000,enc,0.0000
1786092276.469477,0.0991,0.0,0.0,0.0000,0.0000,1.4103,1.1428,1.5781,326.5000,enc,0.0000
1786092276.579956,0.1105,0.0,0.0,0.0000,0.0000,1.4103,1.1428,1.5781,326.5000,enc,0.0000
1786092276.680696,0.1007,0.0,0.0,0.0000,0.0000,1.4103,1.1428,1.5781,326.5000,enc,0.0000
1786092276.785081,0.1044,0.0,0.0,0.0000,0.0000,1.4103,1.1428,1.5781,326.5000,enc,0.0000
1786092276.887886,0.1028,0.0,0.0,0.0000,0.0000,1.4103,1.1428,1.5781,326.5000,enc,0.0000
1786092276.990441,0.1026,0.0,0.0,0.0000,0.0000,1.4103,1.1428,1.5781,326.5000,enc,0.0000
1786092277.095680,0.1052,0.0,0.0,0.0000,0.0000,1.4103,1.1428,1.5781,326.5000,enc,0.0000
1786092277.198834,0.1032,0.0,0.0,0.0000,0.0000,1.4103,1.1428,1.5781,326.5000,enc,0.0000
1786092277.306849,0.1080,0.0,0.0,0.0000,0.0000,1.4103,1.1428,1.5781,326.5000,enc,0.0000
1786092277.406710,0.0999,0.0,0.0,0.0000,0.0000,1.4103,1.1428,1.5781,326.5000,enc,0.0000
1786092277.508027,0.1013,0.0,0.0,0.0000,0.0000,1.4103,1.1428,1.5781,326.5000,enc,0.0000
1786092277.616060,0.1080,0.0,0.0,0.0000,0.0000,1.4103,1.1428,1.5781,326.5000,enc,0.0000
1786092277.714458,0.0984,0.0,0.0,0.0000,0.0000,1.4103,1.1428,1.5781,326.5000,enc,0.0000
1786092277.818034,0.1036,0.0,0.0,0.0000,0.0000,1.4103,1.1428,1.5781,326.5000,enc,0.0000
1786092277.927575,0.1095,0.0,0.0,0.0000,0.0000,1.4103,1.1428,1.5781,326.5000,enc,0.0000
1786092278.025707,0.0981,0.0,0.0,0.0000,0.0000,1.4103,1.1428,1.5781,326.5000,enc,0.0000
1786092278.129964,0.1043,0.0,0.0,0.0000,0.0000,1.4103,1.1428,1.5781,326.5000,enc,0.0000
1786092278.239039,0.1091,0.0,0.0,0.0000,0.0000,1.4103,1.1428,1.5781,326.5000,enc,0.0000
1786092278.339823,0.1008,0.0,0.0,0.0000,0.0000,1.4103,1.1428,1.5781,326.5000,enc,0.0000
1786092278.440852,0.1010,0.0,0.0,0.0000,0.0000,1.4103,1.1428,1.5781,326.5000,enc,0.0000
1786092278.547966,0.1071,0.0,0.0,0.0000,0.0000,1.4103,1.1428,1.5781,326.5000,enc,0.0000
1786092278.654665,0.1067,0.0,0.0,0.0000,0.0000,1.4103,1.1428,1.5781,326.5000,enc,0.0000
1786092278.754574,0.0999,0.0,0.0,0.0000,0.0000,1.4103,1.1428,1.5781,326.5000,enc,0.0000
1786092278.856869,0.1023,0.0,0.0,0.0000,0.0000,1.4103,1.1428,1.5781,326.5000,enc,0.0000
1786092278.962160,0.1053,0.0,0.0,0.0000,0.0000,1.4103,1.1428,1.5781,326.5000,enc,0.0000
1786092279.066261,0.1041,0.0,0.0,0.0000,0.0000,1.4103,1.1428,1.5781,326.5000,enc,0.0000
1786092279.166479,0.1002,0.0,0.0,0.0000,0.0000,1.4103,1.1428,1.5781,326.5000,enc,0.0000
1786092279.273972,0.1075,0.0,0.0,0.0000,0.0000,1.4103,1.1428,1.5781,326.5000,enc,0.0000
1786092279.373465,0.0995,0.0,0.0,0.0000,0.0000,1.4103,1.1428,1.5781,326.5000,enc,0.0000
1786092279.476763,0.1033,0.0,0.0,0.0000,0.0000,1.4103,1.1428,1.5781,326.5000,enc,0.0000
1786092279.586980,0.1102,0.0,0.0,0.0000,0.0000,1.4103,1.1428,1.5781,326.5000,enc,0.0000
1786092279.688688,0.1017,0.0,0.0,0.0000,0.0000,1.4103,1.1428,1.5781,326.5000,enc,0.0000
1786092279.791790,0.1031,0.0,0.0,0.0000,0.0000,1.4103,1.1428,1.5781,326.5000,enc,0.0000
1786092279.897989,0.1062,0.0,0.0,0.0000,0.0000,1.4103,1.1428,1.5781,326.5000,enc,0.0000
1786092280.001055,0.1031,0.0,0.0,0.0000,0.0000,1.4103,1.1428,1.5781,326.5000,enc,0.0000
1786092280.104998,0.1039,0.0,0.0,0.0000,0.0000,1.4103,1.1428,1.5781,326.5000,enc,0.0000
1786092280.208968,0.1040,0.0,0.0,0.0000,0.0000,1.4103,1.1428,1.5781,326.5000,enc,0.0000
1786092280.327310,0.1183,0.0,0.0,0.0000,0.0000,1.4103,1.1428,1.5781,326.5000,enc,0.0000
1786092280.413662,0.0864,0.0,0.0,0.0000,0.0000,1.4103,1.1428,1.5781,326.5000,enc,0.0000
1786092280.521000,0.1073,0.0,0.0,0.0000,0.0000,1.4103,1.1428,1.5781,326.5000,enc,0.0000
1786092280.623475,0.1025,0.0,0.0,0.0000,0.0000,1.4103,1.1428,1.5781,326.5000,enc,0.0000
1786092280.725319,0.1018,0.0,0.0,0.0000,0.0000,1.4103,1.1428,1.5781,326.5000,enc,0.0000
1786092280.827999,0.1027,0.0,0.0,0.0000,0.0000,1.4103,1.1428,1.5781,326.5000,enc,0.0000
1786092280.935868,0.1079,0.0,0.0,0.0000,0.0000,1.4103,1.1428,1.5781,326.5000,enc,0.0000
1786092281.038313,0.1024,0.0,0.0,0.0000,0.0000,1.4103,1.1428,1.5781,326.5000,enc,0.0000
1786092281.142302,0.1040,0.0,0.0,0.0000,0.0000,1.4103,1.1428,1.5781,326.5000,enc,0.0000
1786092281.246789,0.1045,0.0,0.0,0.0000,0.0000,1.4103,1.1428,1.5781,326.5000,enc,0.0000
1786092281.349503,0.1027,0.0,0.0,0.0000,0.0000,1.4103,1.1428,1.5781,326.5000,enc,0.0000
1786092281.453624,0.1041,0.0,0.0,0.0000,0.0000,1.4103,1.1428,1.5781,326.5000,enc,0.0000
1786092281.557765,0.1041,0.0,0.0,0.0000,0.0000,1.4103,1.1428,1.5781,326.5000,enc,0.0000
1786092281.660992,0.1032,0.0,0.0,0.0000,0.0000,1.4103,1.1428,1.5781,326.5000,enc,0.0000
1786092281.764591,0.1036,0.0,0.0,0.0000,0.0000,1.4103,1.1428,1.5781,326.5000,enc,0.0000
1786092281.867108,0.1025,0.0,0.0,0.0000,0.0000,1.4103,1.1428,1.5781,326.5000,enc,0.0000
1786092281.976861,0.1098,0.0,0.0,0.0000,0.0000,1.4103,1.1428,1.5781,326.5000,enc,0.0000
1786092282.076744,0.0999,0.0,0.0,0.0000,0.0000,1.4103,1.1428,1.5781,326.5000,enc,0.0000
1786092282.178854,0.1021,0.0,0.0,0.0000,0.0000,1.4103,1.1428,1.5781,326.5000,enc,0.0000
1786092282.287897,0.1090,0.0,0.0,0.0000,0.0000,1.4103,1.1428,1.5781,326.5000,enc,0.0000
1786092282.394030,0.1061,0.0,0.0,0.0000,0.0000,1.4103,1.1428,1.5781,326.5000,enc,0.0000
1786092282.490560,0.0965,0.0,0.0,0.0000,0.0000,1.4103,1.1428,1.5781,326.5000,enc,0.0000
1786092282.596404,0.1058,0.0,0.0,0.0000,0.0000,1.4103,1.1428,1.5781,326.5000,enc,0.0000
1786092282.700191,0.1038,0.0,0.0,0.0000,0.0000,1.4103,1.1428,1.5781,326.5000,enc,0.0000
1786092282.803877,0.1037,0.0,0.0,0.0000,0.0000,1.4103,1.1428,1.5781,326.5000,enc,0.0000
1786092282.943767,0.1399,0.0,0.0,0.0000,0.0000,1.4103,1.1428,1.5781,326.5000,enc,0.0000
1786092283.011717,0.0680,0.0,0.0,0.0000,0.0000,1.4103,1.1428,1.5781,326.5000,enc,0.0000
1786092283.115270,0.1036,0.0,0.0,0.0000,0.0000,1.4103,1.1428,1.5781,326.5000,enc,0.0000
1786092283.253036,0.1378,0.0,0.0,0.0000,0.0000,1.4103,1.1428,1.5781,326.5000,enc,0.0000
1786092283.326028,0.0730,0.0,0.0,0.0000,0.0000,1.4103,1.1428,1.5781,326.5000,enc,0.0000
1786092283.455919,0.1299,0.0,0.0,0.0000,0.0000,1.4103,1.1428,1.5781,326.5000,enc,0.0000
1786092283.528834,0.0729,0.0,0.0,0.0000,0.0000,1.4103,1.1428,1.5781,326.5000,enc,0.0000
1786092283.633765,0.1049,0.0,0.0,0.0000,0.0000,1.4103,1.1428,1.5781,326.5000,enc,0.0000
1786092283.735023,0.1013,0.0,0.0,0.0000,0.0000,1.4103,1.1428,1.5781,326.5000,enc,0.0000
1786092283.838548,0.1035,0.0,0.0,0.0000,0.0000,1.4103,1.1428,1.5781,326.5000,enc,0.0000
1786092283.943951,0.1054,0.0,0.0,0.0000,0.0000,1.4103,1.1428,1.5781,326.5000,enc,0.0000
1786092284.048405,0.1045,0.0,0.0,0.0000,0.0000,1.4103,1.1428,1.5781,326.5000,enc,0.0000
1786092284.153191,0.1048,0.0,0.0,0.0000,0.0000,1.4103,1.1428,1.5781,326.5000,enc,0.0000
