t,dt,left_rpm,right_rpm,v,w,x,y,theta,imu_heading_deg,theta_src,lateral_m_s
1786776767.944051,0.0000,-0.0,-0.0,-0.0000,0.0000,0.0000,0.0000,0.0000,359.9688,enc,
1786776768.029890,0.0858,-0.0,-0.0,-0.0000,0.0000,0.0000,0.0000,0.0000,359.9688,enc,
1786776768.133846,0.1040,-0.0,-0.0,-0.0000,0.0000,0.0000,0.0000,0.0000,359.9688,enc,
1786776768.234620,0.1008,-0.0,-0.0,-0.0000,0.0000,0.0000,0.0000,0.0000,359.9687,enc,
1786776768.338735,0.1041,-0.0,-0.0,-0.0000,0.0000,0.0000,0.0000,0.0000,359.9687,enc,
1786776768.444932,0.1062,-0.0,-0.0,-0.0000,0.0000,0.0000,0.0000,0.0000,359.9688,enc,
1786776768.551574,0.1066,-0.0,-0.0,-0.0000,0.0000,0.0000,0.0000,0.0000,359.9688,enc,
1786776768.644643,0.0931,-0.0,-0.0,-0.0000,0.0000,0.0000,0.0000,0.0000,359.9688,enc,
1786776768.747879,0.1032,-0.0,-0.0,-0.0000,0.0000,0.0000,0.0000,0.0000,359.9688,enc,
1786776768.849841,0.1020,-0.0,-0.0,-0.0000,0.0000,0.0000,0.0000,0.0000,359.9688,enc,
1786776768.951898,0.1021,-0.0,-0.0,-0.0000,0.0000,0.0000,0.0000,0.0000,359.9688,enc,
1786776769.054540,0.1026,-0.0,-0.0,-0.0000,0.0000,0.0000,0.0000,0.0000,359.9688,enc,
1786776769.157887,0.1033,-0.0,-0.0,-0.0000,0.0000,0.0000,0.0000,0.0000,359.9687,enc,
1786776769.259761,0.1019,-0.0,-0.0,-0.0000,0.0000,0.0000,0.0000,0.0000,359.9688,enc,
1786776769.330179,0.0704,-0.0,-0.0,-0.0000,0.0000,0.0000,0.0000,0.0000,359.9688,enc,
1786776769.431785,0.1016,-0.0,-0.0,-0.0000,0.0000,0.0000,0.0000,0.0000,359.9688,enc,
1786776769.534112,0.1023,-0.0,-0.0,-0.0000,0.0000,0.0000,0.0000,0.0000,359.9687,enc,
1786776769.636698,0.1026,-0.0,-0.0,-0.0000,0.0000,0.0000,0.0000,0.0000,359.9687,enc,
1786776769.775528,0.1388,-0.0,-0.0,-0.0000,0.0000,0.0000,0.0000,0.0000,359.9688,enc,
1786776769.837846,0.0623,-0.0,-0.0,-0.0000,0.0000,0.0000,0.0000,0.0000,359.9688,enc,
1786776769.943444,0.1056,-0.0,-0.0,-0.0000,0.0000,0.0000,0.0000,0.0000,359.9688,enc,
1786776770.047601,0.1042,-0.0,-0.0,-0.0000,0.0000,0.0000,0.0000,0.0000,359.9688,enc,
1786776770.149304,0.1017,-0.0,-0.0,-0.0000,0.0000,0.0000,0.0000,0.0000,359.9688,enc,
1786776770.283495,0.1342,-0.0,-0.0,-0.0000,0.0000,0.0000,0.0000,0.0000,359.9688,enc,
1786776770.354879,0.0714,-0.0,-0.0,-0.0000,0.0000,0.0000,0.0000,0.0000,359.9687,enc,
1786776770.456836,0.1020,-0.0,-0.0,-0.0000,0.0000,0.0000,0.0000,0.0000,359.9687,enc,
1786776770.559539,0.1027,-0.0,-0.0,-0.0000,0.0000,0.0000,0.0000,0.0000,359.9687,enc,
1786776770.660893,0.1014,-0.0,-0.0,-0.0000,0.0000,0.0000,0.0000,0.0000,359.9687,enc,
1786776770.758741,0.0978,-0.0,-0.0,-0.0000,0.0000,0.0000,0.0000,0.0000,359.9687,enc,
1786776770.866671,0.1079,-0.0,-0.0,-0.0000,0.0000,0.0000,0.0000,0.0000,359.9687,enc,
1786776770.998671,0.1320,-0.0,-0.0,-0.0000,0.0000,0.0000,0.0000,0.0000,359.9687,enc,
1786776771.101456,0.1028,-0.0,-0.0,-0.0000,0.0000,0.0000,0.0000,0.0000,359.9687,enc,
1786776771.205052,0.1036,-0.0,-0.0,-0.0000,0.0000,0.0000,0.0000,0.0000,359.9688,enc,
1786776771.306260,0.1012,-0.0,-0.0,-0.0000,0.0000,0.0000,0.0000,0.0000,359.9688,enc,
1786776771.409574,0.1033,-0.0,-0.0,-0.0000,0.0000,0.0000,0.0000,0.0000,359.9688,enc,
1786776771.510817,0.1012,-0.0,-0.0,-0.0000,0.0000,0.0000,0.0000,0.0000,359.9757,enc,
1786776771.615445,0.1046,-0.0,-0.0,-0.0000,0.0000,0.0000,0.0000,0.0000,359.9757,enc,
1786776771.716361,0.1009,-0.0,-0.0,-0.0000,0.0000,0.0000,0.0000,0.0000,359.9757,enc,
1786776771.818454,0.1021,-0.0,-0.0,-0.0000,0.0000,0.0000,0.0000,0.0000,359.9757,enc,
1786776771.921429,0.1030,-0.0,-0.0,-0.0000,0.0000,0.0000,0.0000,0.0000,359.9757,enc,
1786776772.024178,0.1027,-0.0,-0.0,-0.0000,0.0000,0.0000,0.0000,0.0000,359.9757,enc,
1786776772.125492,0.1013,-0.0,-0.0,-0.0000,0.0000,0.0000,0.0000,0.0000,359.9757,enc,
1786776772.228181,0.1027,-0.0,-0.0,-0.0000,0.0000,0.0000,0.0000,0.0000,359.9757,enc,
1786776772.330321,0.1021,-0.0,-0.0,-0.0000,0.0000,0.0000,0.0000,0.0000,359.9757,enc,
1786776772.432961,0.1026,-0.0,-0.0,-0.0000,0.0000,0.0000,0.0000,0.0000,359.9757,enc,
1786776772.535722,0.1028,-0.0,-0.0,-0.0000,0.0000,0.0000,0.0000,0.0000,359.9757,enc,
1786776772.638939,0.1032,-0.0,-0.0,-0.0000,0.0000,0.0000,0.0000,0.0000,359.9757,enc,
1786776772.710220,0.0713,-0.0,-0.0,-0.0000,0.0000,0.0000,0.0000,0.0000,359.9757,enc,
1786776772.843221,0.1330,-0.0,-0.0,-0.0000,0.0000,0.0000,0.0000,0.0000,359.9757,enc,
1786776772.947230,0.1040,-0.0,-0.0,-0.0000,0.0000,0.0000,0.0000,0.0000,359.9757,enc,
1786776773.016654,0.0694,-0.0,-0.0,-0.0000,0.0000,0.0000,0.0000,0.0000,359.9757,enc,
1786776773.149537,0.1329,-0.0,-0.0,-0.0000,0.0000,0.0000,0.0000,0.0000,359.9757,enc,
1786776773.251834,0.1023,-0.0,-0.0,-0.0000,0.0000,0.0000,0.0000,0.0000,359.9757,enc,
1786776773.353561,0.1017,-0.0,-0.0,-0.0000,0.0000,0.0000,0.0000,0.0000,359.9756,enc,
1786776773.456769,0.1032,-0.0,-0.0,-0.0000,0.0000,0.0000,0.0000,0.0000,359.9756,enc,
1786776773.558468,0.1017,-0.0,-0.0,-0.0000,0.0000,0.0000,0.0000,0.0000,359.9756,enc,
1786776773.631067,0.0726,-0.0,-0.0,-0.0000,0.0000,0.0000,0.0000,0.0000,359.9756,enc,
1786776773.732881,0.1018,-0.0,-0.0,-0.0000,0.0000,0.0000,0.0000,0.0000,359.9756,enc,
1786776773.831382,0.0985,-0.0,-0.0,-0.0000,0.0000,0.0000,0.0000,0.0000,359.9756,enc,
1786776773.939159,0.1078,-0.0,-0.0,-0.0000,0.0000,0.0000,0.0000,0.0000,359.9757,enc,
1786776774.072397,0.1332,-0.0,-0.0,-0.0000,0.0000,0.0000,0.0000,0.0000,359.9756,enc,
1786776774.174717,0.1023,-0.0,-0.0,-0.0000,0.0000,0.0000,0.0000,0.0000,359.9756,enc,
1786776774.276761,0.1020,-0.0,-0.0,-0.0000,0.0000,0.0000,0.0000,0.0000,359.9756,enc,
1786776774.379313,0.1026,-0.0,-0.0,-0.0000,0.0000,0.0000,0.0000,0.0000,359.9755,enc,
1786776774.484204,0.1049,-0.0,-0.0,-0.0000,0.0000,0.0000,0.0000,0.0000,359.9755,enc,
1786776774.551944,0.0677,-0.0,-0.0,-0.0000,0.0000,0.0000,0.0000,0.0000,359.9755,enc,
1786776774.650487,0.0985,-0.0,-0.0,-0.0000,0.0000,0.0000,0.0000,0.0000,359.9755,enc,
1786776774.752447,0.1020,-0.0,-0.0,-0.0000,0.0000,0.0000,0.0000,0.0000,359.9756,enc,
1786776774.854357,0.1019,-0.0,-0.0,-0.0000,0.0000,0.0000,0.0000,0.0000,359.9756,enc,
1786776774.958171,0.1038,-0.0,-0.0,-0.0000,0.0000,0.0000,0.0000,0.0000,359.9756,enc,
1786776775.100759,0.1426,-0.0,-0.0,-0.0000,0.0000,0.0000,0.0000,0.0000,359.9757,enc,
1786776775.200908,0.1001,-0.0,-0.0,-0.0000,0.0000,0.0000,0.0000,0.0000,359.9757,enc,
1786776775.262079,0.0612,-0.0,-0.0,-0.0000,0.0000,0.0000,0.0000,0.0000,359.9757,enc,
1786776775.365847,0.1038,-0.0,-0.0,-0.0000,0.0000,0.0000,0.0000,0.0000,359.9757,enc,
1786776775.467210,0.1014,-0.0,-0.0,-0.0000,0.0000,0.0000,0.0000,0.0000,359.9757,enc,
1786776775.569293,0.1021,-0.0,-0.0,-0.0000,0.0000,0.0000,0.0000,0.0000,359.9757,enc,
1786776775.672047,0.1028,-0.0,-0.0,-0.0000,0.0000,0.0000,0.0000,0.0000,359.9757,enc,
1786776775.776063,0.1040,-0.0,-0.0,-0.0000,0.0000,0.0000,0.0000,0.0000,359.9757,enc,
1786776775.878639,0.1026,-0.0,-0.0,-0.0000,0.0000,0.0000,0.0000,0.0000,359.9757,enc,
1786776775.986326,0.1077,-0.0,-0.0,-0.0000,0.0000,0.0000,0.0000,0.0000,359.9757,enc,
1786776776.087995,0.1017,-0.0,-0.0,-0.0000,0.0000,0.0000,0.0000,0.0000,359.9757,enc,
1786776776.190430,0.1024,-0.0,-0.0,-0.0000,0.0000,0.0000,0.0000,0.0000,359.9757,enc,
1786776776.290161,0.0997,-0.0,-0.0,-0.0000,0.0000,0.0000,0.0000,0.0000,359.9757,enc,
1786776776.395896,0.1057,-0.0,-0.0,-0.0000,0.0000,0.0000,0.0000,0.0000,359.9757,enc,
1786776776.497705,0.1018,-0.0,-0.0,-0.0000,0.0000,0.0000,0.0000,0.0000,359.9757,enc,
1786776776.599976,0.1023,-0.0,-0.0,-0.0000,0.0000,0.0000,0.0000,0.0000,359.9757,enc,
1786776776.696369,0.0964,-0.0,-0.0,-0.0000,0.0000,0.0000,0.0000,0.0000,359.9757,enc,
1786776776.800421,0.1041,-0.0,-0.0,-0.0000,0.0000,0.0000,0.0000,0.0000,359.9757,enc,
1786776776.902679,0.1023,-0.0,-0.0,-0.0000,0.0000,0.0000,0.0000,0.0000,359.9756,enc,
1786776777.003954,0.1013,-0.0,-0.0,-0.0000,0.0000,0.0000,0.0000,0.0000,359.9756,enc,
1786776777.106936,0.1030,-0.0,-0.0,-0.0000,0.0000,0.0000,0.0000,0.0000,359.9756,enc,
1786776777.206780,0.0998,-0.0,-0.0,-0.0000,0.0000,0.0000,0.0000,0.0000,359.9756,enc,
1786776777.311383,0.1046,-0.0,-0.0,-0.0000,0.0000,0.0000,0.0000,0.0000,359.9756,enc,
1786776777.412023,0.1006,-0.0,-0.0,-0.0000,0.0000,0.0000,0.0000,0.0000,359.9756,enc,
1786776777.509215,0.0972,-0.0,-0.0,-0.0000,0.0000,0.0000,0.0000,0.0000,359.9756,enc,
1786776777.616318,0.1071,-0.0,-0.0,-0.0000,0.0000,0.0000,0.0000,0.0000,359.9756,enc,
1786776777.718887,0.1026,-0.0,-0.0,-0.0000,0.0000,0.0000,0.0000,0.0000,359.9827,enc,
1786776777.821122,0.1022,-0.0,-0.0,-0.0000,0.0000,0.0000,0.0000,0.0000,359.9827,enc,
1786776777.915015,0.0939,-0.0,-0.0,-0.0000,0.0000,0.0000,0.0000,0.0000,359.9827,enc,
1786776778.016690,0.1017,-0.0,-0.0,-0.0000,0.0000,0.0000,0.0000,0.0000,359.9827,enc,
1786776778.123480,0.1068,-0.0,-0.0,-0.0000,0.0000,0.0000,0.0000,0.0000,359.9825,enc,
1786776778.226146,0.1027,-0.0,-0.0,-0.0000,0.0000,0.0000,0.0000,0.0000,359.9825,enc,
1786776778.328330,0.1022,-0.0,-0.0,-0.0000,0.0000,0.0000,0.0000,0.0000,359.9827,enc,
1786776778.425492,0.0972,-0.0,-0.0,-0.0000,0.0000,0.0000,0.0000,0.0000,359.9827,enc,
1786776778.527534,0.1020,-0.0,-0.0,-0.0000,0.0000,0.0000,0.0000,0.0000,359.9827,enc,
1786776778.628536,0.1010,-0.0,-0.0,-0.0000,0.0000,0.0000,0.0000,0.0000,359.9827,enc,
1786776778.733477,0.1049,-0.0,-0.0,-0.0000,0.0000,0.0000,0.0000,0.0000,359.9827,enc,
1786776778.835311,0.1018,-0.0,-0.0,-0.0000,0.0000,0.0000,0.0000,0.0000,359.9827,enc,
1786776778.935488,0.1002,-0.0,-0.0,-0.0000,0.0000,0.0000,0.0000,0.0000,359.9827,enc,
1786776779.039488,0.1040,-0.0,-0.0,-0.0000,0.0000,0.0000,0.0000,0.0000,359.9756,enc,
1786776779.147650,0.1082,-0.0,-0.0,-0.0000,0.0000,0.0000,0.0000,0.0000,359.9756,enc,
1786776779.245472,0.0978,-0.0,-0.0,-0.0000,0.0000,0.0000,0.0000,0.0000,359.9756,enc,
1786776779.347378,0.1019,-0.0,-0.0,-0.0000,0.0000,0.0000,0.0000,0.0000,359.9756,enc,
1786776779.447469,0.1001,-0.0,-0.0,-0.0000,0.0000,0.0000,0.0000,0.0000,359.9755,enc,
1786776779.551872,0.1044,-0.0,-0.0,-0.0000,0.0000,0.0000,0.0000,0.0000,359.9825,enc,
1786776779.654396,0.1025,-0.0,-0.0,-0.0000,0.0000,0.0000,0.0000,0.0000,359.9825,enc,
1786776779.762017,0.1076,-0.0,-0.0,-0.0000,0.0000,0.0000,0.0000,0.0000,359.9825,enc,
1786776779.859405,0.0974,-0.0,-0.0,-0.0000,0.0000,0.0000,0.0000,0.0000,359.9825,enc,
1786776779.960871,0.1015,-0.0,-0.0,-0.0000,0.0000,0.0000,0.0000,0.0000,359.9825,enc,
1786776780.062781,0.1019,-0.0,-0.0,-0.0000,0.0000,0.0000,0.0000,0.0000,359.9825,enc,
1786776780.167475,0.1047,-0.0,-0.0,-0.0000,0.0000,0.0000,0.0000,0.0000,359.9825,enc,
1786776780.267899,0.1004,-0.0,-0.0,-0.0000,0.0000,0.0000,0.0000,0.0000,359.9825,enc,
1786776780.370393,0.1025,-0.0,-0.0,-0.0000,0.0000,0.0000,0.0000,0.0000,359.9825,enc,
1786776780.473899,0.1035,-0.0,-0.0,-0.0000,0.0000,0.0000,0.0000,0.0000,359.9826,enc,
1786776780.574441,0.1005,-0.0,-0.0,-0.0000,0.0000,0.0000,0.0000,0.0000,359.9826,enc,
1786776780.686133,0.1117,-0.0,-0.0,-0.0000,0.0000,0.0000,0.0000,0.0000,359.9826,enc,
1786776780.780586,0.0945,-0.0,-0.0,-0.0000,0.0000,0.0000,0.0000,0.0000,359.9826,enc,
1786776780.881461,0.1009,-0.0,-0.0,-0.0000,0.0000,0.0000,0.0000,0.0000,359.9827,enc,
1786776780.986162,0.1047,-0.0,-0.0,-0.0000,0.0000,0.0000,0.0000,0.0000,359.9826,enc,
1786776781.088035,0.1019,-0.0,-0.0,-0.0000,0.0000,0.0000,0.0000,0.0000,359.9825,enc,
1786776781.188682,0.1006,-0.0,-0.0,-0.0000,0.0000,0.0000,0.0000,0.0000,359.9825,enc,
1786776781.290577,0.1019,-0.0,-0.0,-0.0000,0.0000,0.0000,0.0000,0.0000,359.9825,enc,
1786776781.393279,0.1027,-0.0,-0.0,-0.0000,0.0000,0.0000,0.0000,0.0000,359.9825,enc,
1786776781.495531,0.1023,-0.0,-0.0,-0.0000,0.0000,0.0000,0.0000,0.0000,359.9825,enc,
1786776781.598015,0.1025,-0.0,-0.0,-0.0000,0.0000,0.0000,0.0000,0.0000,359.9827,enc,
1786776781.703479,0.1055,-0.0,-0.0,-0.0000,0.0000,0.0000,0.0000,0.0000,359.9897,enc,
1786776781.802928,0.0994,-0.0,-0.0,-0.0000,0.0000,0.0000,0.0000,0.0000,0.0107,enc,
1786776781.917299,0.1144,-0.0,-0.0,-0.0000,0.0000,0.0000,0.0000,0.0000,0.0108,enc,
1786776782.007670,0.0904,-0.0,-0.0,-0.0000,0.0000,0.0000,0.0000,0.0000,0.0037,enc,
1786776782.110281,0.1026,-0.0,-0.0,-0.0000,0.0000,0.0000,0.0000,0.0000,359.9966,enc,
1786776782.212428,0.1021,-0.0,-0.0,-0.0000,0.0000,0.0000,0.0000,0.0000,359.9897,enc,
1786776782.314926,0.1025,-0.0,-0.0,-0.0000,0.0000,0.0000,0.0000,0.0000,359.9897,enc,
1786776782.418394,0.1035,-0.0,-0.0,-0.0000,0.0000,0.0000,0.0000,0.0000,359.9896,enc,
1786776782.519840,0.1014,-0.0,-0.0,-0.0000,0.0000,0.0000,0.0000,0.0000,359.9826,enc,
1786776782.622685,0.1028,-0.0,-0.0,-0.0000,0.0000,0.0000,0.0000,0.0000,359.9756,enc,
1786776782.726214,0.1035,-0.0,-0.0,-0.0000,0.0000,0.0000,0.0000,0.0000,359.9825,enc,
1786776782.827040,0.1008,-0.0,-0.0,-0.0000,0.0000,0.0000,0.0000,0.0000,359.9827,enc,
1786776782.929287,0.1022,-0.0,-0.0,-0.0000,0.0000,0.0000,0.0000,0.0000,359.9897,enc,
1786776783.034075,0.1048,-0.0,-0.0,-0.0000,0.0000,0.0000,0.0000,0.0000,359.9827,enc,
1786776783.134198,0.1001,-0.0,-0.0,-0.0000,0.0000,0.0000,0.0000,0.0000,359.9757,enc,
1786776783.236441,0.1022,-0.0,-0.0,-0.0000,0.0000,0.0000,0.0000,0.0000,359.9756,enc,
1786776783.340056,0.1036,-0.0,-0.0,-0.0000,0.0000,0.0000,0.0000,0.0000,359.9756,enc,
1786776783.441368,0.1013,-0.0,-0.0,-0.0000,0.0000,0.0000,0.0000,0.0000,359.9756,enc,
1786776783.543406,0.1020,-0.0,-0.0,-0.0000,0.0000,0.0000,0.0000,0.0000,359.9756,enc,
1786776783.646061,0.1027,-0.0,-0.0,-0.0000,0.0000,0.0000,0.0000,0.0000,359.9755,enc,
1786776783.748231,0.1022,-0.0,-0.0,-0.0000,0.0000,0.0000,0.0000,0.0000,359.9756,enc,
1786776783.851054,0.1028,-0.0,-0.0,-0.0000,0.0000,0.0000,0.0000,0.0000,359.9828,enc,
1786776783.953107,0.1021,-0.0,-0.0,-0.0000,0.0000,0.0000,0.0000,0.0000,359.9828,enc,
1786776784.055933,0.1028,-0.0,-0.0,-0.0000,0.0000,0.0000,0.0000,0.0000,359.9757,enc,
1786776784.158100,0.1022,-0.0,-0.0,-0.0000,0.0000,0.0000,0.0000,0.0000,359.9829,enc,
1786776784.260431,0.1023,-0.0,-0.0,-0.0000,0.0000,0.0000,0.0000,0.0000,359.9689,enc,
1786776784.364911,0.1045,-0.0,-0.0,-0.0000,0.0000,0.0000,0.0000,0.0000,359.9828,enc,
1786776784.515530,0.1506,-0.0,-0.0,-0.0000,0.0000,0.0000,0.0000,0.0000,359.9899,enc,
1786776784.567621,0.0521,-0.0,-0.0,-0.0000,0.0000,0.0000,0.0000,0.0000,359.9828,enc,
1786776784.671088,0.1035,-0.0,-0.0,-0.0000,0.0000,0.0000,0.0000,0.0000,359.9829,enc,
1786776784.772413,0.1013,-0.0,-0.0,-0.0000,0.0000,0.0000,0.0000,0.0000,359.9899,enc,
1786776784.874824,0.1024,-0.0,-0.0,-0.0000,0.0000,0.0000,0.0000,0.0000,359.9830,enc,
1786776784.979267,0.1044,-0.0,-0.0,-0.0000,0.0000,0.0000,0.0000,0.0000,359.9829,enc,
1786776785.079731,0.1005,-0.0,-0.0,-0.0000,0.0000,0.0000,0.0000,0.0000,359.9969,enc,
1786776785.184397,0.1047,-0.0,-0.0,-0.0000,0.0000,0.0000,0.0000,0.0000,359.9969,enc,
1786776785.287679,0.1033,-0.0,-0.0,-0.0000,0.0000,0.0000,0.0000,0.0000,359.9969,enc,
1786776785.388149,0.1005,-0.0,-0.0,-0.0000,0.0000,0.0000,0.0000,0.0000,359.9899,enc,
1786776785.489466,0.1013,-0.0,-0.0,-0.0000,0.0000,0.0000,0.0000,0.0000,359.9897,enc,
1786776785.591170,0.1017,-0.0,-0.0,-0.0000,0.0000,0.0000,0.0000,0.0000,359.9969,enc,
1786776785.694169,0.1030,-0.0,-0.0,-0.0000,0.0000,0.0000,0.0000,0.0000,0.0039,enc,
1786776785.796401,0.1022,-0.0,-0.0,-0.0000,0.0000,0.0000,0.0000,0.0000,0.0178,enc,
1786776785.898851,0.1025,-0.0,-0.0,-0.0000,0.0000,0.0000,0.0000,0.0000,0.0320,enc,
1786776786.001311,0.1025,-0.0,-0.0,-0.0000,0.0000,0.0000,0.0000,0.0000,0.0179,enc,
1786776786.104273,0.1030,-0.0,-0.0,-0.0000,0.0000,0.0000,0.0000,0.0000,0.0180,enc,
1786776786.206333,0.1021,-0.0,-0.0,-0.0000,0.0000,0.0000,0.0000,0.0000,0.0108,enc,
1786776786.308334,0.1020,-0.0,-0.0,-0.0000,0.0000,0.0000,0.0000,0.0000,0.0108,enc,
1786776786.411423,0.1031,-0.0,-0.0,-0.0000,0.0000,0.0000,0.0000,0.0000,0.0036,enc,
1786776786.513097,0.1017,-0.0,-0.0,-0.0000,0.0000,0.0000,0.0000,0.0000,359.9966,enc,
1786776786.615552,0.1025,-0.0,-0.0,-0.0000,0.0000,0.0000,0.0000,0.0000,359.9967,enc,
1786776786.718033,0.1025,-0.0,-0.0,-0.0000,0.0000,0.0000,0.0000,0.0000,359.9966,enc,
1786776786.820492,0.1025,-0.0,-0.0,-0.0000,0.0000,0.0000,0.0000,0.0000,359.9966,enc,
1786776786.924396,0.1039,-0.0,-0.0,-0.0000,0.0000,0.0000,0.0000,0.0000,0.0035,enc,
1786776787.025445,0.1010,-0.0,-0.0,-0.0000,0.0000,0.0000,0.0000,0.0000,359.9965,enc,
1786776787.128928,0.1035,-0.0,-0.0,-0.0000,0.0000,0.0000,0.0000,0.0000,359.9964,enc,
1786776787.232931,0.1040,-0.0,-0.0,-0.0000,0.0000,0.0000,0.0000,0.0000,359.9965,enc,
1786776787.339523,0.1066,-0.0,-0.0,-0.0000,0.0000,0.0000,0.0000,0.0000,359.9966,enc,
1786776787.436007,0.0965,-0.0,-0.0,-0.0000,0.0000,0.0000,0.0000,0.0000,359.9895,enc,
1786776787.540540,0.1045,-0.0,-0.0,-0.0000,0.0000,0.0000,0.0000,0.0000,359.9895,enc,
1786776787.641400,0.1009,-0.0,-0.0,-0.0000,0.0000,0.0000,0.0000,0.0000,359.9824,enc,
1786776787.742198,0.1008,-0.0,-0.0,-0.0000,0.0000,0.0000,0.0000,0.0000,359.9892,enc,
1786776787.846364,0.1042,-0.0,-0.0,-0.0000,0.0000,0.0000,0.0000,0.0000,359.9892,enc,
1786776787.947069,0.1007,-0.0,-0.0,-0.0000,0.0000,0.0000,0.0000,0.0000,359.9892,enc,
1786776788.050126,0.1031,-0.0,-0.0,-0.0000,0.0000,0.0000,0.0000,0.0000,359.9892,enc,
1786776788.154002,0.1039,-0.0,-0.0,-0.0000,0.0000,0.0000,0.0000,0.0000,359.9892,enc,
1786776788.254766,0.1008,-0.0,-0.0,-0.0000,0.0000,0.0000,0.0000,0.0000,359.9892,enc,
1786776788.356413,0.1016,-0.0,-0.0,-0.0000,0.0000,0.0000,0.0000,0.0000,359.9892,enc,
1786776788.458988,0.1026,-0.0,-0.0,-0.0000,0.0000,0.0000,0.0000,0.0000,359.9892,enc,
1786776788.561769,0.1028,-0.0,-0.0,-0.0000,0.0000,0.0000,0.0000,0.0000,359.9822,enc,
1786776788.663430,0.1017,-0.0,-0.0,-0.0000,0.0000,0.0000,0.0000,0.0000,359.9893,enc,
1786776788.766012,0.1026,-0.0,-0.0,-0.0000,0.0000,0.0000,0.0000,0.0000,359.9822,enc,
1786776788.868341,0.1023,-0.0,-0.0,-0.0000,0.0000,0.0000,0.0000,0.0000,359.9822,enc,
1786776788.971142,0.1028,-0.0,-0.0,-0.0000,0.0000,0.0000,0.0000,0.0000,359.9822,enc,
1786776789.073404,0.1023,-0.0,-0.0,-0.0000,0.0000,0.0000,0.0000,0.0000,359.9822,enc,
1786776789.174949,0.1015,-0.0,-0.0,-0.0000,0.0000,0.0000,0.0000,0.0000,359.9822,enc,
1786776789.277802,0.1029,-0.0,-0.0,-0.0000,0.0000,0.0000,0.0000,0.0000,359.9821,enc,
1786776789.381200,0.1034,-0.0,-0.0,-0.0000,0.0000,0.0000,0.0000,0.0000,0.0170,enc,
1786776789.504175,0.1230,-0.0,-0.0,-0.0000,0.0000,0.0000,0.0000,0.0000,0.0171,enc,
1786776789.585241,0.0811,-0.0,-0.0,-0.0000,0.0000,0.0000,0.0000,0.0000,359.9682,enc,
1786776789.687383,0.1021,-0.0,-0.0,-0.0000,0.0000,0.0000,0.0000,0.0000,359.8776,enc,
1786776789.791873,0.1045,-0.0,-0.0,-0.0000,0.0000,0.0000,0.0000,0.0000,359.9963,enc,
1786776789.892474,0.1006,-0.0,-0.0,-0.0000,0.0000,0.0000,0.0000,0.0000,359.9826,enc,
1786776790.014528,0.1221,-0.0,-0.0,-0.0000,0.0000,0.0000,0.0000,0.0000,359.9827,enc,
1786776790.100243,0.0857,-0.0,-0.0,-0.0000,0.0000,0.0000,0.0000,0.0000,359.9897,enc,
1786776790.200929,0.1007,-0.0,-0.0,-0.0000,0.0000,0.0000,0.0000,0.0000,359.9969,enc,
1786776790.303210,0.1023,-0.0,-0.0,-0.0000,0.0000,0.0000,0.0000,0.0000,359.9968,enc,
1786776790.406816,0.1036,-0.0,-0.0,-0.0000,0.0000,0.0000,0.0000,0.0000,359.9897,enc,
1786776790.508000,0.1012,-0.0,-0.0,-0.0000,0.0000,0.0000,0.0000,0.0000,359.9897,enc,
1786776790.609388,0.1014,-0.0,-0.0,-0.0000,0.0000,0.0000,0.0000,0.0000,359.9898,enc,
1786776790.711323,0.1019,-0.0,-0.0,-0.0000,0.0000,0.0000,0.0000,0.0000,359.9898,enc,
1786776790.814367,0.1030,-0.0,-0.0,-0.0000,0.0000,0.0000,0.0000,0.0000,359.9898,enc,
1786776790.916383,0.1020,-0.0,-0.0,-0.0000,0.0000,0.0000,0.0000,0.0000,359.9968,enc,
1786776791.018957,0.1026,-0.0,-0.0,-0.0000,0.0000,0.0000,0.0000,0.0000,359.9968,enc,
1786776791.121353,0.1024,-0.0,-0.0,-0.0000,0.0000,0.0000,0.0000,0.0000,359.9969,enc,
1786776791.223919,0.1026,-0.0,-0.0,-0.0000,0.0000,0.0000,0.0000,0.0000,359.9971,enc,
1786776791.326318,0.1024,-0.0,-0.0,-0.0000,0.0000,0.0000,0.0000,0.0000,359.9970,enc,
1786776791.428584,0.1023,-0.0,-0.0,-0.0000,0.0000,0.0000,0.0000,0.0000,359.9970,enc,
1786776791.530715,0.1021,-0.0,-0.0,-0.0000,0.0000,0.0000,0.0000,0.0000,359.9970,enc,
1786776791.633337,0.1026,-0.0,-0.0,-0.0000,0.0000,0.0000,0.0000,0.0000,359.9969,enc,
1786776791.737634,0.1043,-0.0,-0.0,-0.0000,0.0000,0.0000,0.0000,0.0000,359.9969,enc,
1786776791.838365,0.1007,-0.0,-0.0,-0.0000,0.0000,0.0000,0.0000,0.0000,359.9970,enc,
1786776791.940475,0.1021,-0.0,-0.0,-0.0000,0.0000,0.0000,0.0000,0.0000,359.9969,enc,
1786776792.044496,0.1040,-0.0,-0.0,-0.0000,0.0000,0.0000,0.0000,0.0000,359.9969,enc,
1786776792.145522,0.1010,-0.0,-0.0,-0.0000,0.0000,0.0000,0.0000,0.0000,359.9969,enc,
1786776792.247947,0.1024,-0.0,-0.0,-0.0000,0.0000,0.0000,0.0000,0.0000,359.9969,enc,
1786776792.351504,0.1036,-0.0,-0.0,-0.0000,0.0000,0.0000,0.0000,0.0000,359.9970,enc,
1786776792.452328,0.1008,-0.0,-0.0,-0.0000,0.0000,0.0000,0.0000,0.0000,0.0039,enc,
1786776792.554699,0.1024,-2.0202019214630127,0.7346189022064209,-0.0038,0.0468,-0.0004,0.0000,-0.0000,0.0040,imu,
1786776792.658332,0.1036,-29.52880096435547,25.38756561279297,-0.0121,0.9335,-0.0016,-0.0000,0.0312,358.2141,imu,
1786776792.759403,0.1011,-29.457490921020508,26.366273880004883,-0.0091,0.9489,-0.0026,-0.0001,0.0786,355.4987,imu,
1786776792.864858,0.1055,-28.528892517089844,25.676002502441406,-0.0084,0.9214,-0.0034,-0.0002,0.1264,352.7609,imu,
1786776792.964734,0.0999,-28.18463706970215,25.63892936706543,-0.0075,0.9149,-0.0042,-0.0003,0.1698,350.2772,imu,
1786776793.067800,0.1031,-27.815670013427734,25.14108657836914,-0.0078,0.9002,-0.0050,-0.0005,0.2235,347.1990,imu,
1786776793.171506,0.1037,-28.282827377319336,25.528005599975586,-0.0081,0.9147,-0.0058,-0.0007,0.2668,344.7188,imu,
1786776793.271703,0.1002,-28.282827377319336,25.71166229248047,-0.0075,0.9178,-0.0065,-0.0010,0.3150,341.9580,imu,
1786776793.374059,0.1024,-28.07798194885254,24.899343490600586,-0.0093,0.9005,-0.0074,-0.0013,0.3595,339.4085,imu,
1786776793.477282,0.1032,-28.366474151611328,25.27525520324707,-0.0091,0.9118,-0.0082,-0.0017,0.3990,337.1437,imu,
1786776793.578846,0.1016,-27.731863021850586,24.793386459350586,-0.0086,0.8928,-0.0090,-0.0021,0.4350,335.0815,imu,
1786776793.681351,0.1025,-27.63736343383789,24.962779998779297,-0.0078,0.8941,-0.0097,-0.0024,0.4704,333.0515,imu,
1786776793.783922,0.1026,-27.548208236694336,24.793386459350586,-0.0081,0.8897,-0.0105,-0.0028,0.5085,330.8676,imu,
1786776793.886277,0.1024,-27.36815643310547,24.847402572631836,-0.0074,0.8876,-0.0111,-0.0032,0.5535,328.2922,imu,
1786776793.989627,0.1034,-27.280750274658203,24.784473419189453,-0.0073,0.8850,-0.0117,-0.0036,0.5976,325.7641,imu,
1786776794.091340,0.1017,-27.201690673828125,24.602802276611328,-0.0076,0.8806,-0.0124,-0.0041,0.6510,322.7029,imu,
1786776794.193791,0.1025,-27.188100814819336,23.76708221435547,-0.0100,0.8661,-0.0131,-0.0048,0.6989,319.9613,imu,
1786776794.297050,0.1033,-27.188100814819336,23.04686737060547,-0.0121,0.8539,-0.0141,-0.0056,0.7438,317.3845,imu,
1786776794.399377,0.1023,-26.91178321838379,24.729745864868164,-0.0064,0.8778,-0.0145,-0.0061,0.7882,314.8425,imu,
1786776794.501454,0.1021,-26.567529678344727,24.962779998779297,-0.0047,0.8759,-0.0149,-0.0064,0.8244,312.7694,imu,
1786776794.604995,0.1035,-26.62993621826172,24.793386459350586,-0.0054,0.8741,-0.0152,-0.0069,0.8658,310.3963,imu,
1786776794.706433,0.1014,-26.44628143310547,24.97704315185547,-0.0043,0.8741,-0.0155,-0.0072,0.9101,307.8566,imu,
1786776794.808218,0.1018,-26.262624740600586,24.24242401123047,-0.0059,0.8585,-0.0158,-0.0077,0.9582,305.1005,imu,
1786776794.879243,0.0710,-26.184436798095703,24.366071701049805,-0.0053,0.8593,-0.0160,-0.0080,1.0078,302.2585,imu,
1786776794.981539,0.1023,-26.10778045654297,24.48729705810547,-0.0048,0.8600,-0.0163,-0.0084,1.0534,299.6468,imu,
1786776795.082595,0.1011,-26.262624740600586,24.24242401123047,-0.0059,0.8585,-0.0165,-0.0090,1.1032,296.7957,imu,
1786776795.181800,0.0992,-25.71166229248047,24.24242401123047,-0.0043,0.8491,-0.0167,-0.0094,1.1533,293.9238,imu,
1786776795.282701,0.1009,-25.45709228515625,23.82056427001953,-0.0048,0.8376,-0.0169,-0.0098,1.2058,290.9183,imu,
1786776795.392444,0.1097,-25.528005599975586,23.87511444091797,-0.0048,0.8398,-0.0171,-0.0103,1.2552,288.0883,imu,
1786776795.490073,0.0976,-25.81561851501465,23.736507415771484,-0.0061,0.8423,-0.0172,-0.0109,1.3137,284.7351,imu,
1786776795.590590,0.1005,-25.820762634277344,24.18423843383789,-0.0048,0.8500,-0.0173,-0.0114,1.3615,281.9983,imu,
1786776795.693648,0.1031,-25.14108657836914,23.536334991455078,-0.0047,0.8274,-0.0174,-0.0119,1.4111,279.1527,imu,
1786776795.792908,0.0993,-25.63892936706543,23.456892013549805,-0.0064,0.8345,-0.0175,-0.0125,1.4576,276.4918,imu,
1786776795.898283,0.1054,-25.31938934326172,23.714641571044922,-0.0047,0.8335,-0.0175,-0.0130,1.5053,273.7539,imu,
1786776796.000800,0.1025,-25.42911720275879,23.83979606628418,-0.0047,0.8375,-0.0175,-0.0135,1.5526,271.0489,imu,
1786776796.102172,0.1014,-24.911582946777344,24.00240135192871,-0.0027,0.8314,-0.0175,-0.0137,1.5862,269.1234,imu,
1786776796.202491,0.1003,-25.16069793701172,24.05876922607422,-0.0032,0.8366,-0.0175,-0.0141,1.6243,266.9379,imu,
1786776796.301474,0.0990,-24.793386459350586,23.87511444091797,-0.0027,0.8273,-0.0174,-0.0143,1.6677,264.4491,imu,
1786776796.401839,0.1004,-24.97704315185547,23.14049530029297,-0.0054,0.8179,-0.0174,-0.0149,1.7120,261.9111,imu,
1786776796.501784,0.0999,-24.42607879638672,23.14049530029297,-0.0038,0.8085,-0.0173,-0.0152,1.7619,259.0526,imu,
1786776796.602519,0.1007,-24.609731674194336,22.77318572998047,-0.0054,0.8054,-0.0172,-0.0157,1.8129,256.1313,imu,
1786776796.705087,0.1026,-24.312387466430664,23.26293182373047,-0.0031,0.8087,-0.0171,-0.0160,1.8655,253.1185,imu,
1786776796.810266,0.1052,-24.546159744262695,23.310022354125977,-0.0036,0.8135,-0.0170,-0.0164,1.8967,251.3311,imu,
1786776796.918377,0.1081,-24.544509887695312,23.514671325683594,-0.0030,0.8169,-0.0168,-0.0167,1.9280,249.5381,imu,
1786776797.019741,0.1014,-24.18423843383789,23.275054931640625,-0.0027,0.8067,-0.0167,-0.0170,1.9700,247.1307,imu,
1786776797.120147,0.1004,-24.30724334716797,22.6867618560791,-0.0048,0.7988,-0.0165,-0.0174,2.0034,245.2160,imu,
1786776797.221270,0.1011,-24.42607879638672,23.14049530029297,-0.0038,0.8085,-0.0164,-0.0177,2.0366,243.3143,imu,
1786776797.326279,0.1050,-24.05876922607422,22.58953094482422,-0.0043,0.7929,-0.0161,-0.0181,2.0680,241.5154,imu,
1786776797.425350,0.0991,-24.13747787475586,22.738204956054688,-0.0041,0.7968,-0.0159,-0.0185,2.1055,239.3696,imu,
1786776797.524268,0.0989,-24.05876922607422,22.58953094482422,-0.0043,0.7929,-0.0157,-0.0188,2.1322,237.8378,imu,
1786776797.625450,0.1012,-24.24242401123047,22.77318572998047,-0.0043,0.7992,-0.0155,-0.0192,2.1599,236.2515,imu,
1786776797.725356,0.0999,-24.05876922607422,22.4058780670166,-0.0048,0.7898,-0.0152,-0.0196,2.1893,234.5658,imu,
1786776797.827627,0.1023,-24.18423843383789,22.184038162231445,-0.0059,0.7882,-0.0148,-0.0201,2.2185,232.8927,imu,
1786776797.931548,0.1039,-23.714641571044922,21.931583404541016,-0.0052,0.7759,-0.0145,-0.0205,2.2488,231.1562,imu,
1786776798.033466,0.1019,-24.00240135192871,22.002201080322266,-0.0059,0.7820,-0.0141,-0.0210,2.2743,229.6956,imu,
1786776798.134662,0.1012,-23.714641571044922,22.10988998413086,-0.0047,0.7789,-0.0138,-0.0213,2.3011,228.1634,imu,
1786776798.237889,0.1032,-23.663204193115234,22.250476837158203,-0.0041,0.7804,-0.0135,-0.0216,2.3311,226.4438,imu,
1786776798.339334,0.1014,-23.093217849731445,21.638526916503906,-0.0043,0.7603,-0.0132,-0.0219,2.3677,224.3460,imu,
1786776798.441824,0.1025,-23.50780487060547,22.03856658935547,-0.0043,0.7742,-0.0129,-0.0222,2.4005,222.4675,imu,
1786776798.546621,0.1048,-23.456892013549805,20.911184310913086,-0.0075,0.7542,-0.0123,-0.0227,2.4299,220.7823,imu,
1786776798.648909,0.1023,-23.456892013549805,20.183837890625,-0.0096,0.7418,-0.0115,-0.0233,2.4675,218.6237,imu,
1786776798.749691,0.1008,-23.043472290039062,21.48413848876953,-0.0046,0.7569,-0.0111,-0.0236,2.5101,216.1845,imu,
1786776798.861842,0.1122,-22.6867618560791,21.42638397216797,-0.0037,0.7498,-0.0108,-0.0239,2.5436,214.2684,imu,
1786776798.956077,0.0942,-23.133432388305664,22.250476837158203,-0.0026,0.7714,-0.0106,-0.0240,2.5695,212.7846,imu,
1786776799.056413,0.1003,-23.14049530029297,21.85491180419922,-0.0038,0.7648,-0.0103,-0.0242,2.5931,211.4319,imu,
1786776799.171844,0.1154,-22.86681365966797,20.88622283935547,-0.0058,0.7437,-0.0097,-0.0245,2.6239,209.6656,imu,
1786776799.313407,0.1416,-22.77318572998047,21.12029457092285,-0.0048,0.7461,-0.0091,-0.0248,2.6499,208.1749,imu,
1786776799.363886,0.0505,-22.644805908203125,21.753280639648438,-0.0026,0.7547,-0.0089,-0.0249,2.6755,206.7117,imu,
1786776799.466308,0.1024,-23.04686737060547,22.14659881591797,-0.0026,0.7682,-0.0087,-0.0250,2.6905,205.8519,imu,
1786776799.569485,0.1032,-22.58953094482422,21.48760223388672,-0.0032,0.7492,-0.0084,-0.0252,2.7126,204.5822,imu,
1786776799.671946,0.1025,-22.288196563720703,21.040058135986328,-0.0037,0.7365,-0.0081,-0.0253,2.7445,202.7583,imu,
1786776799.772887,0.1009,-22.14659881591797,21.42638397216797,-0.0021,0.7407,-0.0079,-0.0254,2.7816,200.6315,imu,
1786776799.876418,0.1035,-22.14659881591797,21.2463321685791,-0.0026,0.7376,-0.0076,-0.0255,2.8243,198.1836,imu,
1786776799.979427,0.1030,-22.365873336791992,21.45669174194336,-0.0027,0.7449,-0.0073,-0.0255,2.8646,195.8771,imu,
1786776800.080890,0.1015,-21.863656997680664,21.338930130004883,-0.0015,0.7344,-0.0072,-0.0256,2.9010,193.7877,imu,
1786776800.184970,0.1041,-22.10988998413086,21.218360900878906,-0.0026,0.7365,-0.0069,-0.0256,2.9418,191.4504,imu,
1786776800.285926,0.1010,-21.48413848876953,20.617841720581055,-0.0025,0.7156,-0.0067,-0.0257,2.9910,188.6348,imu,
1786776800.388232,0.1023,-21.39666748046875,21.218360900878906,-0.0005,0.7244,-0.0066,-0.0257,3.0356,186.0742,imu,
1786776800.490026,0.1018,-21.638526916503906,21.093017578125,-0.0016,0.7264,-0.0064,-0.0257,3.0774,183.6803,imu,
1786776800.592153,0.1021,-2.9384756088256836,3.8567490577697754,0.0027,0.1155,-0.0067,-0.0257,3.1065,182.0138,imu,
1786776800.698935,0.1068,-0.0,-0.0,-0.0000,0.0000,-0.0067,-0.0257,3.1065,182.3427,enc,
1786776800.798237,0.0993,-0.0,-0.0,-0.0000,0.0000,-0.0067,-0.0257,3.1065,182.3284,enc,
1786776800.901081,0.1028,-0.0,-0.0,-0.0000,0.0000,-0.0067,-0.0257,3.1065,182.3210,enc,
1786776801.002386,0.1013,-0.0,-0.0,-0.0000,0.0000,-0.0067,-0.0257,3.1065,182.3209,enc,
1786776801.104556,0.1022,-0.0,-0.0,-0.0000,0.0000,-0.0067,-0.0257,3.1065,182.3137,enc,
1786776801.207354,0.1028,-0.0,-0.0,-0.0000,0.0000,-0.0067,-0.0257,3.1065,182.3135,enc,
1786776801.309899,0.1025,-0.0,-0.0,-0.0000,0.0000,-0.0067,-0.0257,3.1065,182.3205,enc,
1786776801.416476,0.1066,-0.0,-0.0,-0.0000,0.0000,-0.0067,-0.0257,3.1065,182.3204,enc,
1786776801.514705,0.0982,-0.0,-0.0,-0.0000,0.0000,-0.0067,-0.0257,3.1065,182.3205,enc,
1786776801.618678,0.1040,-0.0,-0.0,-0.0000,0.0000,-0.0067,-0.0257,3.1065,182.3204,enc,
1786776801.719985,0.1013,-0.0,-0.0,-0.0000,0.0000,-0.0067,-0.0257,3.1065,182.3203,enc,
1786776801.825185,0.1052,-0.0,-0.0,-0.0000,0.0000,-0.0067,-0.0257,3.1065,182.3204,enc,
1786776801.927053,0.1019,11.233251571655273,9.4501953125,0.0606,-0.0303,-0.0129,-0.0255,3.1070,182.2941,imu,
1786776802.027459,0.1004,37.28190994262695,34.71074295043945,0.2111,-0.0437,-0.0341,-0.0248,3.1090,182.1759,imu,
1786776802.129154,0.1017,36.17998123168945,33.60881423950195,0.2046,-0.0437,-0.0549,-0.0241,3.1094,182.1536,imu,
1786776802.200407,0.0713,35.9963264465332,33.4251594543457,0.2036,-0.0437,-0.0694,-0.0236,3.1089,182.1831,imu,
1786776802.332452,0.1320,35.31821823120117,32.845943450927734,0.1999,-0.0420,-0.0958,-0.0228,3.1094,182.1556,imu,
1786776802.405293,0.0728,35.8217658996582,33.27605438232422,0.2026,-0.0433,-0.1105,-0.0223,3.1110,182.0636,imu,
1786776802.508787,0.1035,35.30450439453125,32.98653030395508,0.2002,-0.0394,-0.1312,-0.0216,3.1089,182.1842,imu,
1786776802.611000,0.1022,35.44536209106445,33.24150466918945,0.2014,-0.0375,-0.1518,-0.0210,3.1101,182.1154,imu,
1786776802.713303,0.1023,35.31821823120117,33.19912338256836,0.2009,-0.0360,-0.1723,-0.0203,3.1100,182.1224,imu,
1786776802.814822,0.1015,34.91258239746094,33.27605438232422,0.1999,-0.0278,-0.1926,-0.0197,3.1095,182.1502,imu,
1786776802.917902,0.1031,35.4705696105957,33.4899787902832,0.2022,-0.0337,-0.2135,-0.0190,3.1095,182.1504,imu,
1786776803.019696,0.1018,34.78844451904297,33.19912338256836,0.1993,-0.0270,-0.2337,-0.0184,3.1094,182.1571,imu,
1786776803.122790,0.1031,34.78844451904297,33.37571716308594,0.1999,-0.0240,-0.2543,-0.0177,3.1102,182.1090,imu,
1786776803.225002,0.1022,35.2762565612793,33.457889556884766,0.2015,-0.0309,-0.2749,-0.0171,3.1095,182.1516,imu,
1786776803.359627,0.1346,34.59128189086914,33.3431396484375,0.1992,-0.0212,-0.3017,-0.0162,3.1091,182.1724,imu,
1786776803.459131,0.0995,34.8943977355957,33.0578498840332,0.1992,-0.0312,-0.3215,-0.0156,3.1094,182.1567,imu,
1786776803.526554,0.0674,34.5270881652832,32.87419509887695,0.1976,-0.0281,-0.3349,-0.0151,3.1105,182.0940,imu,
1786776803.627403,0.1008,34.71074295043945,32.87419509887695,0.1982,-0.0312,-0.3548,-0.0145,3.1108,182.0733,imu,
1786776803.731684,0.1043,34.548912048339844,32.912384033203125,0.1978,-0.0278,-0.3754,-0.0139,3.1115,182.0319,imu,
1786776803.831364,0.0997,34.2101936340332,32.5897102355957,0.1959,-0.0275,-0.3950,-0.0133,3.1117,182.0258,imu,
1786776803.934411,0.1030,34.3902473449707,32.7697639465332,0.1969,-0.0275,-0.4152,-0.0127,3.1118,182.0190,imu,
1786776804.036688,0.1023,34.0301399230957,32.22960662841797,0.1943,-0.0306,-0.4351,-0.0121,3.1121,181.9991,imu,
1786776804.139414,0.1027,34.05636215209961,32.62991714477539,0.1955,-0.0242,-0.4552,-0.0115,3.1119,182.0135,imu,
1786776804.241097,0.1017,34.00339889526367,32.36687469482422,0.1946,-0.0278,-0.4750,-0.0110,3.1126,181.9711,imu,
1786776804.344291,0.1032,33.87805938720703,32.62991714477539,0.1950,-0.0212,-0.4951,-0.0104,3.1117,182.0214,imu,
1786776804.445984,0.1017,34.1597785949707,32.6905403137207,0.1960,-0.0250,-0.5150,-0.0098,3.1111,182.0582,imu,
1786776804.549122,0.1031,33.72889709472656,32.316165924072266,0.1937,-0.0240,-0.5350,-0.0092,3.1121,182.0010,imu,
1786776804.652075,0.1030,33.72889709472656,32.316165924072266,0.1937,-0.0240,-0.5549,-0.0086,3.1128,181.9600,imu,
1786776804.757604,0.1055,33.7924690246582,32.13957595825195,0.1933,-0.0281,-0.5753,-0.0080,3.1121,182.0005,imu,
1786776804.893502,0.1359,33.457889556884766,32.00320053100586,0.1919,-0.0247,-0.6014,-0.0072,3.1116,182.0292,imu,
1786776804.958735,0.0652,33.439022064208984,31.879688262939453,0.1915,-0.0265,-0.6139,-0.0068,3.1122,181.9947,imu,
1786776805.060139,0.1014,33.4899787902832,32.22960662841797,0.1927,-0.0214,-0.6334,-0.0063,3.1137,181.9107,imu,
1786776805.167032,0.1069,31.221303939819336,29.935720443725586,0.1793,-0.0219,-0.6525,-0.0058,3.1148,181.8468,imu,
1786776805.259723,0.0927,1.8005366325378418,2.7008047103881836,0.0132,0.0153,-0.6538,-0.0057,3.1164,181.7524,imu,
1786776805.358499,0.0988,29.935720443725586,16.5289249420166,0.1362,-0.2279,-0.6672,-0.0053,3.1115,182.0349,imu,
1786776805.466903,0.1084,45.737091064453125,26.841846466064453,0.2128,-0.3212,-0.6903,-0.0044,3.1015,182.6082,imu,
1786776805.569184,0.1023,44.07713317871094,25.89531707763672,0.2052,-0.3091,-0.7112,-0.0035,3.0993,182.7328,imu,
1786776805.663386,0.0942,44.07713317871094,25.89531707763672,0.2052,-0.3091,-0.7305,-0.0024,3.0847,183.5726,imu,
1786776805.768229,0.1048,42.91163635253906,26.31207275390625,0.2030,-0.2822,-0.7518,-0.0009,3.0699,184.4200,imu,
1786776805.869518,0.1013,35.126197814941406,33.3431396484375,0.2008,-0.0303,-0.7720,0.0005,3.0715,184.3285,imu,
1786776805.970817,0.1013,35.6290168762207,33.24150466918945,0.2019,-0.0406,-0.7924,0.0020,3.0689,184.4772,imu,
1786776806.079010,0.1082,35.357826232910156,32.954864501953125,0.2003,-0.0408,-0.8141,0.0036,3.0673,184.5675,imu,
1786776806.176610,0.0976,35.458091735839844,33.09421920776367,0.2010,-0.0402,-0.8336,0.0051,3.0658,184.6529,imu,
1786776806.283674,0.1071,35.494808197021484,33.37571716308594,0.2019,-0.0360,-0.8552,0.0068,3.0652,184.6883,imu,
1786776806.386154,0.1025,35.8217658996582,32.73054504394531,0.2010,-0.0525,-0.8757,0.0083,3.0647,184.7163,imu,
1786776806.484857,0.0987,43.82256317138672,25.45709228515625,0.2031,-0.3122,-0.8957,0.0101,3.0541,185.3263,imu,
1786776806.587157,0.1023,42.7933349609375,25.14108657836914,0.1992,-0.3001,-0.9160,0.0121,3.0432,185.9481,imu,
1786776806.687854,0.1007,43.3425178527832,25.344350814819336,0.2014,-0.3059,-0.9361,0.0143,3.0323,186.5715,imu,
1786776806.790376,0.1025,43.03282165527344,24.847402572631836,0.1990,-0.3091,-0.9564,0.0169,3.0162,187.4956,imu,
1786776806.893963,0.1036,37.43730926513672,30.020484924316406,0.1978,-0.1261,-0.9767,0.0196,3.0062,188.0652,imu,
1786776806.995039,0.1011,34.3902473449707,32.7697639465332,0.1969,-0.0275,-0.9964,0.0223,3.0071,188.0159,imu,
1786776807.095819,0.1008,34.8943977355957,31.772266387939453,0.1955,-0.0531,-1.0159,0.0250,3.0042,188.1839,imu,
1786776807.197474,0.1017,43.09522247314453,25.27525520324707,0.2005,-0.3029,-1.0361,0.0280,2.9919,188.8855,imu,
1786776807.300397,0.1029,42.79154968261719,24.42607879638672,0.1971,-0.3122,-1.0561,0.0313,2.9812,189.5012,imu,
1786776807.410135,0.1097,43.21287536621094,24.66735076904297,0.1990,-0.3152,-1.0776,0.0350,2.9689,190.2032,imu,
1786776807.505398,0.0953,42.8527717590332,24.312387466430664,0.1969,-0.3151,-1.0961,0.0385,2.9567,190.9062,imu,
1786776807.607579,0.1022,42.615028381347656,24.071250915527344,0.1955,-0.3152,-1.1156,0.0424,2.9435,191.6632,imu,
1786776807.709723,0.1021,42.79154968261719,24.05876922607422,0.1960,-0.3184,-1.1352,0.0466,2.9304,192.4104,imu,
1786776807.813800,0.1041,42.502952575683594,23.612749099731445,0.1939,-0.3211,-1.1549,0.0511,2.9146,193.3188,imu,
1786776807.915170,0.1014,42.79154968261719,23.87511444091797,0.1955,-0.3215,-1.1741,0.0559,2.8998,194.1640,imu,
1786776808.071537,0.1564,42.85276794433594,23.58702850341797,0.1948,-0.3275,-1.2036,0.0636,2.8843,195.0541,imu,
1786776808.126931,0.0554,42.615028381347656,23.536334991455078,0.1940,-0.3243,-1.2139,0.0665,2.8703,195.8522,imu,
1786776808.224351,0.0974,42.60789489746094,23.50780487060547,0.1939,-0.3247,-1.2320,0.0718,2.8566,196.6377,imu,
1786776808.321314,0.0970,42.677860260009766,23.43783950805664,0.1939,-0.3270,-1.2500,0.0774,2.8419,197.4796,imu,
1786776808.479935,0.1586,42.4926643371582,23.22692108154297,0.1927,-0.3275,-1.2791,0.0868,2.8279,198.2851,imu,
1786776808.530371,0.0504,42.18603515625,22.9113826751709,0.1909,-0.3276,-1.2882,0.0899,2.8131,199.1306,imu,
1786776808.631866,0.1015,42.42424011230469,23.14049530029297,0.1922,-0.3278,-1.3066,0.0965,2.7961,200.1045,imu,
1786776808.741369,0.1095,42.54970932006836,23.093217849731445,0.1925,-0.3307,-1.3263,0.1040,2.7783,201.1267,imu,
1786776808.840127,0.0988,41.9287223815918,22.52369499206543,0.1890,-0.3298,-1.3436,0.1110,2.7584,202.2644,imu,
1786776808.941364,0.1012,42.43672180175781,22.644805908203125,0.1908,-0.3364,-1.3614,0.1185,2.7437,203.1061,imu,
1786776809.043906,0.1025,42.54970932006836,22.72954559326172,0.1914,-0.3369,-1.3793,0.1264,2.7255,204.1510,imu,
1786776809.201710,0.1578,42.2405891418457,22.58953094482422,0.1901,-0.3340,-1.4066,0.1390,2.7083,205.1339,imu,
1786776809.298261,0.0966,39.76213836669922,24.42786407470703,0.1882,-0.2607,-1.4229,0.1469,2.6921,206.0645,imu,
1786776809.417049,0.1188,33.7924690246582,30.303028106689453,0.1879,-0.0593,-1.4430,0.1566,2.6901,206.1798,imu,
1786776809.452419,0.0354,34.1597785949707,29.935720443725586,0.1879,-0.0718,-1.4490,0.1595,2.6874,206.3326,imu,
1786776809.553737,0.1013,34.23466873168945,30.13364028930664,0.1887,-0.0697,-1.4662,0.1680,2.6866,206.3796,imu,
1786776809.655983,0.1022,34.2101936340332,29.888906478881836,0.1879,-0.0735,-1.4834,0.1765,2.6830,206.5876,imu,
1786776809.758434,0.1025,27.731863021850586,35.44536209106445,0.1852,0.1311,-1.5004,0.1848,2.6851,206.4656,imu,
1786776809.868288,0.1099,25.71166229248047,37.4655647277832,0.1852,0.1998,-1.5188,0.1936,2.6942,205.9436,imu,
1786776809.961961,0.0937,25.89531707763672,37.0982551574707,0.1847,0.1904,-1.5344,0.2010,2.6989,205.6777,imu,
1786776810.067570,0.1056,25.574350357055664,36.7309455871582,0.1827,0.1896,-1.5519,0.2092,2.7035,205.4129,imu,
1786776810.167806,0.1002,25.567617416381836,37.2711067199707,0.1843,0.1989,-1.5687,0.2169,2.7151,204.7460,imu,
1786776810.270344,0.1025,25.820762634277344,37.09461975097656,0.1845,0.1916,-1.5860,0.2245,2.7240,204.2394,imu,
1786776810.385864,0.1155,25.344350814819336,36.91460037231445,0.1826,0.1967,-1.6053,0.2329,2.7337,203.6803,imu,
1786776810.475246,0.0894,25.344350814819336,36.91460037231445,0.1826,0.1967,-1.6204,0.2392,2.7428,203.1600,imu,
1786776810.577304,0.1021,25.14108657836914,37.087554931640625,0.1825,0.2031,-1.6376,0.2462,2.7573,202.3316,imu,
1786776810.680881,0.1036,24.97704315185547,36.91460037231445,0.1815,0.2029,-1.6551,0.2531,2.7686,201.6818,imu,
1786776810.782338,0.1015,24.97704315185547,37.0982551574707,0.1820,0.2060,-1.6724,0.2596,2.7809,200.9788,imu,
1786776810.884131,0.1018,24.793386459350586,36.91460037231445,0.1809,0.2060,-1.6897,0.2659,2.7930,200.2812,imu,
1786776810.988855,0.1047,24.784473419189453,36.90925598144531,0.1809,0.2061,-1.7076,0.2721,2.8063,199.5211,imu,
1786776811.059472,0.0706,24.42607879638672,37.0982551574707,0.1804,0.2154,-1.7197,0.2761,2.8216,198.6476,imu,
1786776811.191019,0.1315,24.48729705810547,36.7309455871582,0.1795,0.2081,-1.7422,0.2832,2.8371,197.7539,imu,
1786776811.295294,0.1043,24.083024978637695,36.55768585205078,0.1778,0.2120,-1.7600,0.2885,2.8501,197.0107,imu,
1786776811.414041,0.1187,23.94713592529297,36.7309455871582,0.1779,0.2173,-1.7803,0.2943,2.8647,196.1727,imu,
1786776811.498543,0.0845,24.30724334716797,37.45115661621094,0.1811,0.2234,-1.7951,0.2983,2.8782,195.4030,imu,
1786776811.601435,0.1029,23.663204193115234,36.907535552978516,0.1776,0.2251,-1.8128,0.3029,2.8891,194.7792,imu,
1786776811.703847,0.1024,23.638729095458984,37.09461975097656,0.1781,0.2287,-1.8305,0.3072,2.9019,194.0411,imu,
1786776811.805723,0.1019,23.76708221435547,37.2711067199707,0.1790,0.2295,-1.8483,0.3113,2.9146,193.3138,imu,
1786776811.908736,0.1030,23.4069766998291,37.2711067199707,0.1779,0.2357,-1.8662,0.3152,2.9269,192.6125,imu,
1786776812.010015,0.1013,23.4069766998291,37.2711067199707,0.1779,0.2357,-1.8838,0.3188,2.9424,191.7249,imu,
1786776812.082759,0.0727,23.32415008544922,37.4655647277832,0.1782,0.2404,-1.8966,0.3211,2.9576,190.8529,imu,
1786776812.185759,0.1030,23.001419067382812,36.90925598144531,0.1757,0.2364,-1.9144,0.3242,2.9736,189.9332,imu,
1786776812.285537,0.0998,22.95684051513672,37.4655647277832,0.1772,0.2466,-1.9319,0.3268,2.9884,189.0894,imu,
1786776812.384621,0.0991,22.95684051513672,37.28190994262695,0.1766,0.2435,-1.9492,0.3293,3.0036,188.2144,imu,
1786776812.485117,0.1005,22.77318572998047,37.4655647277832,0.1766,0.2497,-1.9669,0.3314,3.0196,187.3030,imu,
1786776812.590214,0.1051,22.72954559326172,37.27645492553711,0.1759,0.2473,-1.9852,0.3334,3.0333,186.5179,imu,
1786776812.689316,0.0991,22.644805908203125,37.26586151123047,0.1757,0.2485,-2.0026,0.3350,3.0494,185.5921,imu,
1786776812.788363,0.0990,22.4058780670166,37.0982551574707,0.1745,0.2497,-2.0198,0.3363,3.0653,184.6810,imu,
1786776812.894544,0.1062,22.427066802978516,37.6139030456543,0.1760,0.2581,-2.0385,0.3375,3.0787,183.9116,imu,
1786776812.997461,0.1029,22.427066802978516,37.260719299316406,0.1750,0.2521,-2.0565,0.3383,3.0951,182.9748,imu,
1786776813.099586,0.1021,22.002201080322266,37.27645492553711,0.1738,0.2596,-2.0742,0.3388,3.1137,181.9102,imu,
1786776813.198357,0.0988,22.03856658935547,37.8328742980957,0.1756,0.2685,-2.0915,0.3391,3.1287,181.0509,imu,
1786776813.298786,0.1004,22.03856658935547,37.4655647277832,0.1745,0.2622,-2.1091,0.3390,-3.1381,180.1131,imu,
1786776813.399022,0.1002,21.85491180419922,37.64921951293945,0.1745,0.2685,-2.1265,0.3386,-3.1203,179.0908,imu,
1786776813.501828,0.1028,21.78649139404297,37.6312141418457,0.1742,0.2693,-2.1444,0.3379,-3.1031,178.1051,imu,
1786776813.603445,0.1016,21.574974060058594,37.26586151123047,0.1725,0.2667,-2.1619,0.3369,-3.0826,176.9290,imu,
1786776813.707353,0.1039,21.544113159179688,37.79049301147461,0.1740,0.2762,-2.1800,0.3355,-3.0657,175.9622,imu,
1786776813.806669,0.0993,21.48760223388672,37.64921951293945,0.1734,0.2747,-2.1971,0.3339,-3.0490,175.0035,imu,
1786776813.908718,0.1020,21.30394744873047,37.64921951293945,0.1729,0.2778,-2.2147,0.3320,-3.0331,174.0960,imu,
1786776814.010607,0.1019,21.42638397216797,38.1713752746582,0.1747,0.2846,-2.2323,0.3298,-3.0165,173.1414,imu,
1786776814.114632,0.1040,21.13762092590332,37.423980712890625,0.1717,0.2768,-2.2500,0.3273,-2.9990,172.1396,imu,
1786776814.218182,0.1035,21.06627655029297,37.9913215637207,0.1732,0.2877,-2.2677,0.3244,-2.9811,171.1135,imu,
1786776814.318364,0.1002,20.9366397857666,38.01652908325195,0.1729,0.2903,-2.2847,0.3214,-2.9647,170.1727,imu,
1786776814.424506,0.1061,20.81420135498047,37.43058395385742,0.1708,0.2824,-2.3025,0.3178,-2.9441,168.9943,imu,
1786776814.636041,0.2115,20.56932830810547,37.8328742980957,0.1712,0.2934,-2.3379,0.3101,-2.9265,167.9875,imu,
1786776814.636108,0.0001,20.837749481201172,37.79049301147461,0.1719,0.2882,-2.3379,0.3101,-2.9090,166.9851,imu,
1786776814.731032,0.0949,20.5261173248291,37.9913215637207,0.1716,0.2969,-2.3537,0.3060,-2.8918,165.9968,imu,
1786776814.832535,0.1015,24.899343490600586,34.258670806884766,0.1735,0.1591,-2.3707,0.3014,-2.8771,165.1587,imu,
1786776814.934257,0.1017,28.988637924194336,30.249011993408203,0.1737,0.0214,-2.3878,0.2968,-2.8774,165.1715,imu,
1786776815.043801,0.1095,28.628530502319336,30.609121322631836,0.1737,0.0337,-2.4061,0.2918,-2.8751,165.0394,imu,
1786776815.141061,0.0973,24.66735076904297,33.6700325012207,0.1711,0.1530,-2.4221,0.2874,-2.8726,164.8969,imu,
1786776815.241145,0.1001,19.61361312866211,37.979087829589844,0.1689,0.3122,-2.4383,0.2825,-2.8503,163.6187,imu,
1786776815.347183,0.1060,20.01836395263672,38.01652908325195,0.1702,0.3059,-2.4555,0.2770,-2.8309,162.5093,imu,
1786776815.441334,0.0942,20.2020206451416,37.8328742980957,0.1702,0.2997,-2.4707,0.2719,-2.8146,161.5756,imu,
1786776815.543538,0.1022,19.9859561920166,37.9913215637207,0.1700,0.3061,-2.4870,0.2660,-2.7965,160.5410,imu,
1786776815.646528,0.1030,20.00200080871582,37.64012908935547,0.1690,0.2998,-2.5033,0.2599,-2.7817,159.6883,imu,
1786776815.747634,0.1011,19.83470916748047,38.01652908325195,0.1696,0.3091,-2.5193,0.2535,-2.7623,158.5765,imu,
1786776815.849974,0.1023,19.9859561920166,38.1713752746582,0.1705,0.3091,-2.5354,0.2468,-2.7445,157.5570,imu,
1786776815.958321,0.1083,19.61361312866211,38.15739440917969,0.1694,0.3152,-2.5521,0.2394,-2.7255,156.4713,imu,
1786776816.057907,0.0996,19.4674015045166,37.8328742980957,0.1680,0.3122,-2.5673,0.2323,-2.7056,155.3275,imu,
1786776816.160830,0.1029,19.791919708251953,38.335697174072266,0.1704,0.3152,-2.5831,0.2246,-2.6875,154.2907,imu,
1786776816.265791,0.1050,19.2657413482666,37.9913215637207,0.1679,0.3183,-2.5988,0.2166,-2.6682,153.1897,imu,
1786776816.362907,0.0971,19.4674015045166,38.01652908325195,0.1686,0.3153,-2.6132,0.2088,-2.6487,152.0725,imu,
1786776816.468414,0.1055,19.2657413482666,38.1713752746582,0.1684,0.3214,-2.6287,0.2001,-2.6276,150.8634,imu,
1786776816.569012,0.1006,19.28374481201172,38.20018005371094,0.1686,0.3215,-2.6432,0.1915,-2.6078,149.7254,imu,
1786776816.670205,0.1012,18.900390625,37.80078125,0.1663,0.3213,-2.6575,0.1825,-2.5822,148.2589,imu,
1786776816.771680,0.1015,19.10009002685547,38.01652908325195,0.1675,0.3215,-2.6718,0.1733,-2.5654,147.2978,imu,
1786776816.875329,0.1036,18.91643714904785,38.01652908325195,0.1669,0.3247,-2.6861,0.1635,-2.5451,146.1344,imu,
1786776816.976351,0.1010,18.91643714904785,38.38383483886719,0.1680,0.3309,-2.6999,0.1537,-2.5264,145.0611,imu,
1786776817.078708,0.1024,18.9056339263916,38.1713752746582,0.1674,0.3275,-2.7137,0.1436,-2.5088,144.0536,imu,
1786776817.183559,0.1049,18.72557830810547,38.1713752746582,0.1668,0.3305,-2.7276,0.1330,-2.4881,142.8678,imu,
1786776817.285722,0.1022,18.72914695739746,38.54930877685547,0.1679,0.3369,-2.7411,0.1223,-2.4688,141.7648,imu,
1786776817.386352,0.1006,18.722084045410156,37.979087829589844,0.1663,0.3273,-2.7539,0.1116,-2.4486,140.6027,imu,
1786776817.540120,0.1538,18.3654727935791,38.185638427734375,0.1658,0.3369,-2.7732,0.0949,-2.4279,139.4181,imu,
1786776817.601383,0.0613,18.72557830810547,38.3514289855957,0.1674,0.3336,-2.7808,0.0881,-2.4091,138.3422,imu,
1786776817.693617,0.0922,18.3654727935791,38.5314826965332,0.1668,0.3428,-2.7920,0.0775,-2.3878,137.1195,imu,
1786776817.795886,0.1023,18.3654727935791,38.38383483886719,0.1664,0.3403,-2.8042,0.0656,-2.3655,135.8429,imu,
1786776817.898955,0.1031,18.3654727935791,38.1713752746582,0.1658,0.3367,-2.8161,0.0534,-2.3453,134.6851,imu,
1786776818.000407,0.1015,18.018953323364258,38.11701965332031,0.1646,0.3416,-2.8275,0.0412,-2.3196,133.2135,imu,
1786776818.102338,0.1019,18.183637619018555,38.36747360229492,0.1658,0.3431,-2.8388,0.0285,-2.2988,132.0248,imu,
1786776818.206760,0.1044,17.9981632232666,38.20018005371094,0.1648,0.3434,-2.8499,0.0155,-2.2791,130.8912,imu,
1786776818.307388,0.1006,18.0053653717041,38.7115364074707,0.1663,0.3520,-2.8606,0.0025,-2.2573,129.6465,imu,
1786776818.410608,0.1032,17.9981632232666,38.20018005371094,0.1648,0.3434,-2.8711,-0.0108,-2.2390,128.5948,imu,
1786776818.513413,0.1028,17.8356990814209,38.32026290893555,0.1647,0.3482,-2.8813,-0.0243,-2.2165,127.3065,imu,
1786776818.627874,0.1145,17.6308536529541,38.38383483886719,0.1642,0.3528,-2.8923,-0.0396,-2.1970,126.1886,imu,
1786776818.714410,0.0865,17.63812828063965,38.00379943847656,0.1632,0.3462,-2.9003,-0.0512,-2.1766,125.0208,imu,
1786776818.789871,0.0755,17.6452579498291,38.5314826965332,0.1647,0.3550,-2.9072,-0.0615,-2.1588,124.0034,imu,
1786776818.892988,0.1031,23.82056427001953,33.821563720703125,0.1690,0.1700,-2.9167,-0.0762,-2.1441,123.1604,imu,
1786776819.024798,0.1318,27.985483169555664,28.860027313232422,0.1667,0.0149,-2.9285,-0.0947,-2.1413,122.9969,imu,
1786776819.126151,0.1014,34.548912048339844,23.275054931640625,0.1695,-0.1916,-2.9380,-0.1090,-2.1503,123.5127,imu,
1786776819.199575,0.0734,33.3431396484375,23.358028411865234,0.1663,-0.1697,-2.9446,-0.1193,-2.1494,123.4637,imu,
1786776819.302303,0.1027,34.185237884521484,23.82056427001953,0.1701,-0.1762,-2.9542,-0.1339,-2.1503,123.5126,imu,
1786776819.403816,0.1015,33.7924690246582,23.87511444091797,0.1691,-0.1686,-2.9637,-0.1482,-2.1557,123.8230,imu,
1786776819.506033,0.1022,33.3431396484375,23.714641571044922,0.1673,-0.1637,-2.9732,-0.1624,-2.1614,124.1498,imu,
1786776819.603953,0.0979,33.7924690246582,23.69145965576172,0.1686,-0.1717,-2.9825,-0.1761,-2.1664,124.4379,imu,
1786776819.706185,0.1022,33.7924690246582,23.50780487060547,0.1680,-0.1748,-2.9922,-0.1902,-2.1734,124.8391,imu,
1786776819.807385,0.1012,33.69975280761719,23.536334991455078,0.1678,-0.1728,-3.0019,-0.2041,-2.1798,125.2059,imu,
1786776819.909495,0.1021,33.97612380981445,23.32415008544922,0.1680,-0.1811,-3.0119,-0.2181,-2.1888,125.7216,imu,
1786776820.010721,0.1012,33.97612380981445,23.14049530029297,0.1675,-0.1842,-3.0218,-0.2318,-2.1972,126.1999,imu,
1786776820.113244,0.1025,34.0301399230957,23.22692108154297,0.1679,-0.1836,-3.0320,-0.2457,-2.2038,126.5776,imu,
1786776820.210349,0.0971,33.97612380981445,22.95684051513672,0.1669,-0.1873,-3.0417,-0.2587,-2.2134,127.1286,imu,
1786776820.312494,0.1021,34.1597785949707,22.77318572998047,0.1669,-0.1935,-3.0520,-0.2723,-2.2232,127.6903,imu,
1786776820.414995,0.1025,34.107303619384766,22.738204956054688,0.1667,-0.1933,-3.0625,-0.2857,-2.2326,128.2267,imu,
1786776820.517823,0.1028,34.548912048339844,22.9113826751709,0.1685,-0.1978,-3.0733,-0.2993,-2.2397,128.6333,imu,
1786776820.619902,0.1021,34.05636215209961,22.644805908203125,0.1663,-0.1940,-3.0839,-0.3125,-2.2491,129.1724,imu,
1786776820.718117,0.0982,34.1597785949707,22.4058780670166,0.1659,-0.1998,-3.0943,-0.3251,-2.2580,129.6820,imu,
1786776820.820061,0.1019,34.73074722290039,22.54770851135254,0.1679,-0.2071,-3.1052,-0.3383,-2.2659,130.1365,imu,
1786776820.921184,0.1011,34.71074295043945,22.4058780670166,0.1675,-0.2092,-3.1162,-0.3512,-2.2758,130.7014,imu,
1786776821.025053,0.1039,34.4129753112793,22.288196563720703,0.1663,-0.2061,-3.1275,-0.3642,-2.2870,131.3451,imu,
1786776821.132981,0.1079,34.5703010559082,22.32665252685547,0.1668,-0.2081,-3.1395,-0.3777,-2.2948,131.7937,imu,
1786776821.243308,0.1103,34.5703010559082,21.9665470123291,0.1658,-0.2142,-3.1517,-0.3913,-2.3032,132.2761,imu,
1786776821.389346,0.1460,34.548912048339844,21.820363998413086,0.1653,-0.2164,-3.1680,-0.4091,-2.3132,132.8496,imu,
1786776821.431891,0.0425,34.5270881652832,21.6712589263916,0.1648,-0.2185,-3.1728,-0.4142,-2.3222,133.3642,imu,
1786776821.536853,0.1050,34.8943977355957,21.48760223388672,0.1653,-0.2279,-3.1848,-0.4268,-2.3314,133.8926,imu,
1786776821.639253,0.1024,34.71074295043945,21.48760223388672,0.1648,-0.2248,-3.1965,-0.4389,-2.3406,134.4160,imu,
1786776821.753722,0.1145,34.63203430175781,21.164020538330078,0.1636,-0.2289,-3.2097,-0.4522,-2.3544,135.2092,imu,
1786776821.842320,0.0886,34.78844451904297,21.367521286010742,0.1647,-0.2281,-3.2201,-0.4624,-2.3642,135.7665,imu,
1786776821.945160,0.1028,34.91258239746094,21.27485466003418,0.1648,-0.2318,-3.2323,-0.4742,-2.3721,136.2219,imu,
1786776822.047409,0.1022,35.07805252075195,21.12029457092285,0.1648,-0.2373,-3.2445,-0.4858,-2.3826,136.8253,imu,
1786776822.148343,0.1009,35.07805252075195,20.9366397857666,0.1642,-0.2404,-3.2567,-0.4970,-2.3945,137.5026,imu,
1786776822.251791,0.1034,35.156761169433594,20.989110946655273,0.1646,-0.2408,-3.2693,-0.5085,-2.4037,138.0321,imu,
1786776822.367305,0.1155,35.126197814941406,20.861751556396484,0.1642,-0.2425,-3.2834,-0.5211,-2.4130,138.5678,imu,
1786776822.455727,0.0884,35.2905158996582,20.7061710357666,0.1642,-0.2479,-3.2944,-0.5307,-2.4241,139.1992,imu,
1786776822.559391,0.1037,35.01454544067383,20.596790313720703,0.1631,-0.2451,-3.3072,-0.5416,-2.4361,139.8863,imu,
1786776822.660594,0.1012,35.458091735839844,20.729347229003906,0.1648,-0.2504,-3.3201,-0.5523,-2.4489,140.6241,imu,
1786776822.763115,0.1025,35.07805252075195,20.75298309326172,0.1637,-0.2435,-3.3331,-0.5628,-2.4615,141.3468,imu,
1786776822.872617,0.1095,27.18090057373047,27.548208236694336,0.1605,0.0062,-3.3468,-0.5738,-2.4636,141.4628,imu,
1786776822.967646,0.0950,31.457691192626953,24.911582946777344,0.1653,-0.1113,-3.3591,-0.5837,-2.4658,141.5897,imu,
1786776823.070217,0.1026,35.81267166137695,20.01836395263672,0.1637,-0.2685,-3.3723,-0.5940,-2.4787,142.3315,imu,
1786776823.173390,0.1032,35.44536209106445,20.2020206451416,0.1632,-0.2591,-3.3857,-0.6042,-2.4906,143.0105,imu,
1786776823.282346,0.1090,35.30450439453125,20.32683563232422,0.1631,-0.2546,-3.4000,-0.6147,-2.5079,144.0028,imu,
1786776823.378505,0.0962,35.6506233215332,20.3460636138916,0.1642,-0.2601,-3.4128,-0.6240,-2.5173,144.5412,imu,
1786776823.480953,0.1024,35.4705696105957,20.16600799560547,0.1631,-0.2601,-3.4265,-0.6335,-2.5310,145.3271,imu,
1786776823.583319,0.1024,35.63992691040039,20.00200080871582,0.1632,-0.2658,-3.4403,-0.6429,-2.5443,146.0888,imu,
1786776823.800769,0.2175,35.6290168762207,20.01836395263672,0.1632,-0.2653,-3.4700,-0.6624,-2.5598,146.9761,imu,
1786776823.800817,0.0000,35.69139099121094,19.924806594848633,0.1631,-0.2680,-3.4700,-0.6624,-2.5756,147.8842,imu,
1786776823.890165,0.0893,27.54821014404297,26.841846466064453,0.1595,-0.0120,-3.4820,-0.6701,-2.5767,147.9466,imu,
1786776823.991606,0.1014,24.899343490600586,29.84389305114746,0.1605,0.0840,-3.4958,-0.6788,-2.5767,147.9473,imu,
1786776824.094215,0.1026,19.39531135559082,35.357826232910156,0.1605,0.2713,-3.5096,-0.6877,-2.5684,147.4678,imu,
1786776824.198380,0.1042,19.73859214782715,34.32798767089844,0.1585,0.2480,-3.5234,-0.6968,-2.5606,147.0229,imu,
1786776824.299021,0.1006,19.63832664489746,34.185237884521484,0.1578,0.2473,-3.5367,-0.7055,-2.5586,146.9053,imu,
1786776824.401725,0.1027,19.82016372680664,34.36707305908203,0.1589,0.2473,-3.5502,-0.7147,-2.5444,146.0964,imu,
1786776824.505193,0.1035,19.4674015045166,34.1597785949707,0.1572,0.2497,-3.5635,-0.7240,-2.5300,145.2686,imu,
1786776824.606437,0.1012,19.58983612060547,34.45712661743164,0.1585,0.2527,-3.5765,-0.7334,-2.5154,144.4323,imu,
1786776824.711406,0.1050,19.28374481201172,34.5270881652832,0.1578,0.2591,-3.5898,-0.7433,-2.5024,143.6879,imu,
1786776824.813118,0.1017,19.2657413482666,34.3902473449707,0.1573,0.2571,-3.6025,-0.7531,-2.4865,142.7747,imu,
1786776824.913510,0.1004,19.274654388427734,34.36707305908203,0.1573,0.2565,-3.6149,-0.7629,-2.4737,142.0417,imu,
1786776825.016021,0.1025,19.28374481201172,34.71074295043945,0.1583,0.2622,-3.6274,-0.7731,-2.4583,141.1634,imu,
1786776825.120549,0.1045,19.10009002685547,34.5270881652832,0.1572,0.2622,-3.6400,-0.7837,-2.4432,140.2973,imu,
1786776825.227890,0.1073,18.910982131958008,34.548912048339844,0.1568,0.2658,-3.6528,-0.7947,-2.4283,139.4412,imu,
1786776825.330249,0.1024,18.88039207458496,34.32798767089844,0.1560,0.2626,-3.6646,-0.8053,-2.4095,138.3640,imu,
1786776825.425394,0.0951,19.10009002685547,34.71074295043945,0.1578,0.2653,-3.6756,-0.8156,-2.3935,137.4494,imu,
1786776825.527616,0.1022,18.72914695739746,34.73074722290039,0.1568,0.2720,-3.6872,-0.8267,-2.3759,136.4407,imu,
1786776825.630156,0.1025,18.7327823638916,34.71074295043945,0.1567,0.2716,-3.6986,-0.8380,-2.3592,135.4846,imu,
1786776825.733241,0.1031,18.910982131958008,34.91258239746094,0.1578,0.2720,-3.7099,-0.8497,-2.3421,134.5036,imu,
1786776825.838246,0.1050,18.540382385253906,34.98185348510742,0.1569,0.2795,-3.7212,-0.8617,-2.3257,133.5611,imu,
1786776825.938436,0.1002,22.365873336791992,31.275854110717773,0.1573,0.1515,-3.7318,-0.8733,-2.3064,132.4597,imu,
1786776826.041328,0.1029,36.017723083496094,19.256999969482422,0.1621,-0.2849,-3.7431,-0.8856,-2.3172,133.0786,imu,
1786776826.143763,0.1024,34.5270881652832,20.01836395263672,0.1599,-0.2466,-3.7543,-0.8976,-2.3205,133.2664,imu,
1786776826.245346,0.1016,34.45712661743164,20.289474487304688,0.1605,-0.2408,-3.7655,-0.9094,-2.3285,133.7248,imu,
1786776826.348141,0.1028,34.34343338012695,20.56932830810547,0.1610,-0.2341,-3.7770,-0.9213,-2.3376,134.2428,imu,
1786776826.450901,0.1028,34.43526077270508,20.131383895874023,0.1600,-0.2431,-3.7885,-0.9331,-2.3445,134.6381,imu,
1786776826.551893,0.1010,34.71074295043945,20.2020206451416,0.1610,-0.2466,-3.7999,-0.9446,-2.3544,135.2099,imu,
1786776826.654314,0.1024,34.5270881652832,20.38567543029785,0.1610,-0.2404,-3.8117,-0.9562,-2.3671,135.9343,imu,
1786776826.759183,0.1049,34.73074722290039,20.183837890625,0.1610,-0.2473,-3.8239,-0.9678,-2.3788,136.6072,imu,
1786776826.858939,0.0998,34.806941986083984,19.939655303955078,0.1605,-0.2527,-3.8356,-0.9788,-2.3864,137.0439,imu,
1786776827.011813,0.1529,34.71074295043945,19.83470916748047,0.1599,-0.2529,-3.8536,-0.9954,-2.3959,137.5837,imu,
1786776827.083498,0.0717,34.7503547668457,19.8059024810791,0.1600,-0.2540,-3.8621,-1.0030,-2.4110,138.4521,imu,
1786776827.166169,0.0827,34.7503547668457,19.6258487701416,0.1594,-0.2571,-3.8720,-1.0118,-2.4171,138.7983,imu,
1786776827.269204,0.1030,35.094417572021484,19.82016372680664,0.1610,-0.2596,-3.8845,-1.0226,-2.4289,139.4734,imu,
1786776827.372760,0.1036,34.825096130371094,19.405027389526367,0.1590,-0.2621,-3.8971,-1.0332,-2.4442,140.3519,imu,
1786776827.474432,0.1017,35.094417572021484,19.456491470336914,0.1600,-0.2658,-3.9097,-1.0435,-2.4533,140.8761,imu,
1786776827.577503,0.1031,35.2762565612793,19.82016372680664,0.1616,-0.2627,-3.9227,-1.0539,-2.4714,141.9085,imu,
1786776827.679052,0.1015,34.78844451904297,19.425020217895508,0.1590,-0.2611,-3.9356,-1.0637,-2.4900,142.9782,imu,
1786776827.781228,0.1022,35.07805252075195,19.4674015045166,0.1599,-0.2653,-3.9487,-1.0734,-2.5043,143.7976,imu,
1786776827.885404,0.1042,34.96503448486328,19.248428344726562,0.1590,-0.2672,-3.9621,-1.0831,-2.5162,144.4758,imu,
1786776827.986209,0.1008,35.2617073059082,19.28374481201172,0.1599,-0.2716,-3.9753,-1.0923,-2.5308,145.3171,imu,
1786776828.089315,0.1031,35.04603958129883,19.0394344329834,0.1586,-0.2721,-3.9889,-1.1015,-2.5463,146.2016,imu,
1786776828.191523,0.1022,33.97612380981445,19.83470916748047,0.1578,-0.2404,-4.0024,-1.1103,-2.5630,147.1573,imu,
1786776828.292637,0.1011,26.54810905456543,27.09362030029297,0.1573,0.0093,-4.0157,-1.1190,-2.5629,147.1517,imu,
1786776828.395851,0.1032,33.6700325012207,21.2463321685791,0.1610,-0.2112,-4.0297,-1.1280,-2.5697,147.5408,imu,
1786776828.498119,0.1023,35.31821823120117,18.542062759399414,0.1579,-0.2852,-4.0434,-1.1366,-2.5809,148.1850,imu,
1786776828.601454,0.1033,35.31821823120117,18.895246505737305,0.1590,-0.2792,-4.0574,-1.1451,-2.5962,149.0591,imu,
1786776828.714869,0.1134,35.458091735839844,18.54730987548828,0.1584,-0.2874,-4.0729,-1.1542,-2.6115,149.9365,imu,
1786776828.812196,0.0973,35.52946853637695,18.88039207458496,0.1595,-0.2830,-4.0864,-1.1618,-2.6293,150.9609,imu,
1786776828.909023,0.0968,35.81267166137695,18.7327823638916,0.1599,-0.2903,-4.1000,-1.1692,-2.6417,151.6683,imu,
1786776829.010484,0.1015,35.63992691040039,18.54730987548828,0.1589,-0.2905,-4.1143,-1.1767,-2.6590,152.6623,imu,
1786776829.111936,0.1015,35.44536209106445,18.3654727935791,0.1578,-0.2903,-4.1286,-1.1840,-2.6719,153.3997,imu,
1786776829.214325,0.1024,36.00360107421875,18.72914695739746,0.1605,-0.2936,-4.1433,-1.1912,-2.6870,154.2669,imu,
1786776829.317491,0.1032,35.344871520996094,18.018953323364258,0.1565,-0.2945,-4.1579,-1.1981,-2.7010,155.0644,imu,
1786776829.419056,0.1016,36.00360107421875,18.54730987548828,0.1600,-0.2967,-4.1727,-1.2048,-2.7170,155.9814,imu,
1786776829.523012,0.1040,35.6506233215332,18.0053653717041,0.1573,-0.2999,-4.1877,-1.2113,-2.7323,156.8622,imu,
1786776829.623534,0.1005,35.81267166137695,18.18181800842285,0.1583,-0.2997,-4.2024,-1.2174,-2.7475,157.7306,imu,
1786776829.725896,0.1024,35.81267166137695,17.9981632232666,0.1578,-0.3028,-4.2174,-1.2233,-2.7626,158.5948,imu,
1786776829.829197,0.1033,35.52946853637695,17.678913116455078,0.1560,-0.3034,-4.2325,-1.2291,-2.7788,159.5257,imu,
1786776829.930985,0.1018,36.1907844543457,17.6452579498291,0.1579,-0.3152,-4.2476,-1.2345,-2.7950,160.4500,imu,
1786776830.032365,0.1014,35.81267166137695,17.81450843811035,0.1572,-0.3059,-4.2627,-1.2397,-2.8088,161.2451,imu,
1786776830.135361,0.1030,36.1907844543457,17.8253116607666,0.1584,-0.3122,-4.2782,-1.2448,-2.8242,162.1231,imu,
1786776830.238218,0.1029,36.037906646728516,17.672435760498047,0.1575,-0.3122,-4.2936,-1.2497,-2.8381,162.9218,imu,
1786776830.340772,0.1026,36.0107307434082,17.4652042388916,0.1568,-0.3152,-4.3091,-1.2542,-2.8531,163.7788,imu,
1786776830.443173,0.1024,35.9963264465332,17.6308536529541,0.1572,-0.3122,-4.3246,-1.2586,-2.8698,164.7363,imu,
1786776830.546634,0.1035,36.216026306152344,17.507272720336914,0.1575,-0.3180,-4.3403,-1.2627,-2.8859,165.6627,imu,
1786776830.648674,0.1020,11.70348834991455,5.941770553588867,0.0517,-0.0979,-4.3455,-1.2640,-2.8966,166.2735,imu,
1786776830.751298,0.1026,-0.0,-0.0,-0.0000,0.0000,-4.3455,-1.2640,-2.8966,166.0551,enc,
1786776830.853507,0.1022,-0.0,-0.0,-0.0000,0.0000,-4.3455,-1.2640,-2.8966,166.0713,enc,
1786776830.924322,0.0708,-0.0,-0.0,-0.0000,0.0000,-4.3455,-1.2640,-2.8966,166.0418,enc,
1786776831.023803,0.0995,-0.0,-0.0,-0.0000,0.0000,-4.3455,-1.2640,-2.8966,166.0418,enc,
1786776831.124779,0.1010,-0.0,-0.0,-0.0000,0.0000,-4.3455,-1.2640,-2.8966,166.0484,enc,
1786776831.229316,0.1045,-0.0,-0.0,-0.0000,0.0000,-4.3455,-1.2640,-2.8966,166.0551,enc,
1786776831.332362,0.1030,-0.0,-0.0,-0.0000,0.0000,-4.3455,-1.2640,-2.8966,166.0548,enc,
1786776831.433720,0.1014,-0.0,-0.0,-0.0000,0.0000,-4.3455,-1.2640,-2.8966,166.0479,enc,
1786776831.533210,0.0995,-0.0,-0.0,-0.0000,0.0000,-4.3455,-1.2640,-2.8966,166.0410,enc,
1786776831.638655,0.1054,-0.0,-0.0,-0.0000,0.0000,-4.3455,-1.2640,-2.8966,166.0406,enc,
1786776831.741297,0.1026,-0.0,-0.0,-0.0000,0.0000,-4.3455,-1.2640,-2.8966,166.0403,enc,
1786776831.845683,0.1044,-0.0,-0.0,-0.0000,0.0000,-4.3455,-1.2640,-2.8966,166.0400,enc,
1786776831.943723,0.0980,-0.0,-0.0,-0.0000,0.0000,-4.3455,-1.2640,-2.8966,166.0399,enc,
1786776832.080655,0.1369,-0.0,-0.0,-0.0000,0.0000,-4.3455,-1.2640,-2.8966,166.0329,enc,
1786776832.153347,0.0727,-0.0,-0.0,-0.0000,0.0000,-4.3455,-1.2640,-2.8966,166.0259,enc,
1786776832.254170,0.1008,-0.0,-0.0,-0.0000,0.0000,-4.3455,-1.2640,-2.8966,166.0257,enc,
1786776832.387973,0.1338,-0.0,-0.0,-0.0000,0.0000,-4.3455,-1.2640,-2.8966,166.0255,enc,
1786776832.490552,0.1026,-0.0,-0.0,-0.0000,0.0000,-4.3455,-1.2640,-2.8966,166.0254,enc,
1786776832.563219,0.0727,-0.0,-0.0,-0.0000,0.0000,-4.3455,-1.2640,-2.8966,166.0321,enc,
1786776832.662095,0.0989,-0.0,-0.0,-0.0000,0.0000,-4.3455,-1.2640,-2.8966,166.0320,enc,
1786776832.761131,0.0990,-0.0,-0.0,-0.0000,0.0000,-4.3455,-1.2640,-2.8966,166.0319,enc,
1786776832.867194,0.1061,-0.0,-0.0,-0.0000,0.0000,-4.3455,-1.2640,-2.8966,166.0318,enc,
1786776832.967345,0.1002,-0.0,-0.0,-0.0000,0.0000,-4.3455,-1.2640,-2.8966,166.0291,enc,
1786776833.069521,0.1022,-0.0,-0.0,-0.0000,0.0000,-4.3455,-1.2640,-2.8966,166.0290,enc,
1786776833.170645,0.1011,-0.0,-0.0,-0.0000,0.0000,-4.3455,-1.2640,-2.8966,166.0289,enc,
1786776833.271539,0.1009,-0.0,-0.0,-0.0000,0.0000,-4.3455,-1.2640,-2.8966,166.0221,enc,
1786776833.373140,0.1016,-0.0,-0.0,-0.0000,0.0000,-4.3455,-1.2640,-2.8966,166.0380,enc,
1786776833.526151,0.1530,18.54912757873535,-16.71257972717285,0.0054,-0.5994,-4.3463,-1.2642,-2.9061,166.5799,imu,
1786776833.573288,0.0471,24.97704315185547,-22.77318572998047,0.0065,-0.8117,-4.3466,-1.2642,-2.9554,169.4069,imu,
1786776833.674603,0.1013,25.676002502441406,-23.714641571044922,0.0058,-0.8395,-4.3471,-1.2643,-3.0099,172.5312,imu,
1786776833.778671,0.1041,25.92772674560547,-24.127187728881836,0.0053,-0.8508,-4.3477,-1.2643,-3.0606,175.4323,imu,
1786776833.879110,0.1004,26.64794158935547,-24.66735076904297,0.0058,-0.8723,-4.3483,-1.2644,-3.1117,178.3622,imu,
1786776833.980466,0.1014,28.282827377319336,-26.262624740600586,0.0059,-0.9272,-4.3489,-1.2643,3.1244,181.0585,imu,
1786776834.081971,0.1015,28.628530502319336,-26.46788787841797,0.0063,-0.9365,-4.3495,-1.2643,3.0779,183.7222,imu,
1786776834.183491,0.1015,28.466482162475586,-26.078969955444336,0.0070,-0.9272,-4.3502,-1.2642,3.0249,186.7590,imu,
1786776834.286002,0.1025,28.08837127685547,-26.287832260131836,0.0053,-0.9243,-4.3508,-1.2641,2.9694,189.9433,imu,
1786776834.385730,0.0997,27.91551971435547,-26.078969955444336,0.0054,-0.9178,-4.3513,-1.2640,2.9148,193.0715,imu,
1786776834.487898,0.1022,27.993972778320312,-25.31938934326172,0.0078,-0.9062,-4.3520,-1.2638,2.8537,196.5696,imu,
1786776834.591014,0.1031,27.548208236694336,-25.567617416381836,0.0058,-0.9029,-4.3526,-1.2636,2.7924,200.0830,imu,
1786776834.693537,0.1025,27.548208236694336,-25.71166229248047,0.0054,-0.9053,-4.3531,-1.2633,2.7302,203.6473,imu,
1786776834.796717,0.1032,26.997243881225586,-25.344350814819336,0.0048,-0.8897,-4.3536,-1.2631,2.6725,206.9505,imu,
1786776834.900527,0.1038,27.36815643310547,-25.74767303466797,0.0048,-0.9029,-4.3540,-1.2629,2.6176,210.0974,imu,
1786776835.000260,0.0997,26.92414093017578,-25.497695922851562,0.0042,-0.8911,-4.3543,-1.2626,2.5534,213.7742,imu,
1786776835.103432,0.1032,27.36455535888672,-25.528005599975586,0.0054,-0.8991,-4.3548,-1.2623,2.5014,216.7536,imu,
1786776835.204252,0.1008,27.18090057373047,-25.528005599975586,0.0048,-0.8959,-4.3552,-1.2620,2.4510,219.6403,imu,
1786776835.307113,0.1029,26.813589096069336,-25.71166229248047,0.0032,-0.8928,-4.3554,-1.2618,2.4026,222.4178,imu,
1786776835.409889,0.1028,27.008047103881836,-25.567617416381836,0.0042,-0.8937,-4.3557,-1.2615,2.3548,225.1552,imu,
1786776835.512181,0.1023,26.62993621826172,-25.344350814819336,0.0038,-0.8835,-4.3560,-1.2612,2.3052,227.9982,imu,
1786776835.613631,0.1014,26.813589096069336,-25.16069793701172,0.0048,-0.8835,-4.3563,-1.2608,2.2549,230.8767,imu,
1786776835.715451,0.1018,26.62993621826172,-24.97704315185547,0.0048,-0.8772,-4.3566,-1.2604,2.2069,233.6273,imu,
1786776835.818002,0.1026,26.54810905456543,-25.09341812133789,0.0043,-0.8778,-4.3568,-1.2600,2.1598,236.3281,imu,
1786776835.921904,0.1039,26.262624740600586,-24.42607879638672,0.0054,-0.8616,-4.3571,-1.2596,2.1089,239.2436,imu,
1786776836.023204,0.1013,26.262624740600586,-24.609731674194336,0.0048,-0.8647,-4.3573,-1.2591,2.0590,242.1016,imu,
1786776836.125774,0.1026,26.262624740600586,-24.24242401123047,0.0059,-0.8585,-4.3576,-1.2586,2.0105,244.8815,imu,
1786776836.228797,0.1030,26.287832260131836,-24.847402572631836,0.0042,-0.8692,-4.3578,-1.2582,1.9596,247.7976,imu,
1786776836.330443,0.1016,25.988876342773438,-24.083024978637695,0.0056,-0.8511,-4.3579,-1.2576,1.9081,250.7504,imu,
1786776836.432449,0.1020,25.45709228515625,-23.638729095458984,0.0053,-0.8345,-4.3581,-1.2571,1.8522,253.9490,imu,
1786776836.534112,0.1017,25.71166229248047,-23.50780487060547,0.0065,-0.8366,-4.3582,-1.2565,1.7960,257.1701,imu,
1786776836.607533,0.0734,25.71166229248047,-24.24242401123047,0.0043,-0.8491,-4.3583,-1.2562,1.7397,260.3995,imu,
1786776836.739810,0.1323,25.295839309692383,-23.736507415771484,0.0046,-0.8335,-4.3584,-1.2556,1.6743,264.1430,imu,
1786776836.811942,0.0721,25.344350814819336,-23.69145965576172,0.0048,-0.8335,-4.3584,-1.2552,1.6159,267.4912,imu,
1786776836.914885,0.1029,25.27525520324707,-23.82056427001953,0.0043,-0.8345,-4.3584,-1.2548,1.5633,270.5052,imu,
1786776837.017954,0.1031,24.962779998779297,-23.536334991455078,0.0042,-0.8244,-4.3583,-1.2543,1.5105,273.5281,imu,
1786776837.118483,0.1005,24.793386459350586,-23.32415008544922,0.0043,-0.8179,-4.3583,-1.2539,1.4520,276.8813,imu,
1786776837.221819,0.1033,25.0759334564209,-23.310022354125977,0.0052,-0.8225,-4.3582,-1.2534,1.3951,280.1399,imu,
1786776837.324414,0.1026,25.02745819091797,-23.4069766998291,0.0048,-0.8233,-4.3581,-1.2529,1.3433,283.1084,imu,
1786776837.422113,0.0977,24.42607879638672,-22.77318572998047,0.0048,-0.8023,-4.3580,-1.2525,1.2900,286.1629,imu,
1786776837.524588,0.1025,24.911582946777344,-23.82056427001953,0.0032,-0.8283,-4.3578,-1.2521,1.2447,288.7570,imu,
1786776837.625354,0.1008,24.729745864868164,-23.82056427001953,0.0027,-0.8253,-4.3578,-1.2519,1.2040,291.0903,imu,
1786776837.728845,0.1035,24.366071701049805,-23.456892013549805,0.0027,-0.8129,-4.3576,-1.2516,1.1585,293.7002,imu,
1786776837.830727,0.1019,24.24242401123047,-22.95684051513672,0.0038,-0.8023,-4.3575,-1.2513,1.1126,296.3273,imu,
1786776837.931874,0.1011,24.366071701049805,-23.275054931640625,0.0032,-0.8098,-4.3573,-1.2510,1.0648,299.0676,imu,
1786776838.033159,0.1013,23.663204193115234,-22.95684242248535,0.0021,-0.7924,-4.3572,-1.2508,1.0103,302.1910,imu,
1786776838.136047,0.1029,24.05876922607422,-22.77318572998047,0.0038,-0.7960,-4.3570,-1.2505,0.9655,304.7559,imu,
1786776838.276958,0.1409,24.05876922607422,-22.95684051513672,0.0032,-0.7992,-4.3567,-1.2502,0.9232,307.1799,imu,
1786776838.335179,0.0582,23.50780487060547,-22.77318572998047,0.0022,-0.7867,-4.3566,-1.2501,0.8763,309.8676,imu,
1786776838.432281,0.0971,23.358028411865234,-22.644805908203125,0.0021,-0.7820,-4.3565,-1.2499,0.8344,312.2654,imu,
1786776838.532747,0.1005,23.14049530029297,-22.58953094482422,0.0016,-0.7773,-4.3564,-1.2498,0.7943,314.5664,imu,
1786776838.638510,0.1058,23.14049530029297,-22.4058780670166,0.0022,-0.7742,-4.3562,-1.2496,0.7529,316.9366,imu,
1786776838.737981,0.0995,22.72954559326172,-21.638526916503906,0.0032,-0.7542,-4.3560,-1.2494,0.7124,319.2582,imu,
1786776838.840406,0.1024,22.69695281982422,-21.48413848876953,0.0036,-0.7510,-4.3557,-1.2492,0.6679,321.8076,imu,
1786776838.950243,0.1098,21.931583404541016,-21.218360900878906,0.0021,-0.7335,-4.3555,-1.2491,0.6228,324.3893,imu,
1786776839.044797,0.0946,21.85491180419922,-21.12029457092285,0.0022,-0.7305,-4.3553,-1.2490,0.5816,326.7540,imu,
1786776839.147295,0.1025,21.48760223388672,-20.01836395263672,0.0043,-0.7055,-4.3550,-1.2487,0.5386,329.2144,imu,
1786776839.249171,0.1019,20.75298309326172,-20.01836395263672,0.0022,-0.6930,-4.3548,-1.2486,0.4943,331.7524,imu,
1786776839.410141,0.1610,19.91023063659668,-18.88039207458496,0.0030,-0.6594,-4.3543,-1.2484,0.4455,334.5497,imu,
1786776839.502036,0.0919,19.44579315185547,-19.0856876373291,0.0011,-0.6550,-4.3542,-1.2484,0.4083,336.6831,imu,
1786776839.914208,0.4122,18.91643714904785,-17.9981632232666,0.0027,-0.6275,-4.3532,-1.2480,0.3686,338.9553,imu,
1786776839.914289,0.0001,18.54912757873535,-17.6308536529541,0.0027,-0.6150,-4.3532,-1.2480,0.3296,341.1931,imu,
1786776839.954858,0.0406,21.638526916503906,2.7275454998016357,0.0714,-0.3214,-4.3504,-1.2471,0.2979,343.0071,imu,
1786776839.954915,0.0001,27.82096290588379,34.185237884521484,0.1818,0.1082,-4.3504,-1.2471,0.2937,343.2468,imu,
1786776839.968029,0.0131,28.07798194885254,31.609806060791016,0.1750,0.0600,-4.3482,-1.2465,0.2995,342.9138,imu,
1786776840.069853,0.1018,27.993972778320312,31.025169372558594,0.1731,0.0515,-4.3314,-1.2412,0.3005,342.8567,imu,
1786776840.172015,0.1022,28.268423080444336,31.329336166381836,0.1747,0.0520,-4.3143,-1.2359,0.3026,342.7369,imu,
1786776840.275924,0.1039,28.784347534179688,34.78844451904297,0.1864,0.1021,-4.2959,-1.2300,0.3113,342.2411,imu,
1786776840.386139,0.1102,29.06380844116211,36.19602966308594,0.1914,0.1212,-4.2759,-1.2234,0.3168,341.9221,imu,
1786776840.480944,0.0948,29.275653839111328,37.64012908935547,0.1962,0.1422,-4.2582,-1.2175,0.3239,341.5179,imu,
1786776840.583597,0.1027,29.017446517944336,37.64921951293945,0.1955,0.1467,-4.2393,-1.2110,0.3318,341.0633,imu,
1786776840.684849,0.1013,29.457490921020508,37.64012908935547,0.1967,0.1391,-4.2205,-1.2043,0.3405,340.5673,imu,
1786776840.786803,0.1020,29.107542037963867,37.423980712890625,0.1951,0.1414,-4.2018,-1.1975,0.3484,340.1142,imu,
1786776841.041363,0.2546,28.268423080444336,32.9498176574707,0.1795,0.0796,-4.1589,-1.1817,0.3540,339.7941,imu,
1786776841.041416,0.0001,28.366474151611328,32.73054504394531,0.1791,0.0742,-4.1589,-1.1817,0.3573,339.6041,imu,
1786776841.093301,0.0519,28.282827377319336,32.13957595825195,0.1772,0.0656,-4.1503,-1.1784,0.3635,339.2484,imu,
1786776841.196479,0.1032,27.731863021850586,31.588611602783203,0.1739,0.0656,-4.1336,-1.1720,0.3667,339.0628,imu,
1786776841.298433,0.1020,28.18463706970215,31.639528274536133,0.1754,0.0587,-4.1169,-1.1655,0.3693,338.9146,imu,
1786776841.400511,0.1021,27.91551971435547,31.221303939819336,0.1734,0.0562,-4.1004,-1.1591,0.3734,338.6793,imu,
1786776841.510348,0.1098,27.54821014404297,30.666873931884766,0.1707,0.0530,-4.0830,-1.1522,0.3768,338.4870,imu,
1786776841.608405,0.0981,27.82096290588379,30.7303466796875,0.1717,0.0495,-4.0674,-1.1459,0.3799,338.3087,imu,
1786776841.707268,0.0989,27.731863021850586,30.486684799194336,0.1707,0.0468,-4.0517,-1.1396,0.3823,338.1736,imu,
1786776841.810028,0.1028,27.731863021850586,30.303028106689453,0.1702,0.0437,-4.0355,-1.1331,0.3846,338.0380,imu,
1786776841.912339,0.1023,27.82096290588379,30.003000259399414,0.1695,0.0371,-4.0194,-1.1265,0.3872,337.8872,imu,
1786776842.015111,0.1028,27.639127731323242,29.821165084838867,0.1685,0.0371,-4.0034,-1.1199,0.3896,337.7534,imu,
1786776842.117476,0.1024,27.119108200073242,29.178789138793945,0.1651,0.0350,-3.9878,-1.1135,0.3912,337.6584,imu,
1786776842.221922,0.1044,27.639127731323242,29.457490921020508,0.1674,0.0309,-3.9716,-1.1068,0.3953,337.4237,imu,
1786776842.322149,0.1002,27.548208236694336,28.988637924194336,0.1658,0.0245,-3.9563,-1.1003,0.3985,337.2442,imu,
1786776842.424193,0.1020,27.201690673828125,28.587764739990234,0.1636,0.0236,-3.9410,-1.0938,0.4026,337.0086,imu,
1786776842.575934,0.1517,27.548208236694336,28.628530502319336,0.1647,0.0184,-3.9180,-1.0839,0.4049,336.8731,imu,
1786776842.636086,0.0602,27.09362030029297,28.366474151611328,0.1626,0.0216,-3.9090,-1.0800,0.4070,336.7579,imu,
1786776842.731472,0.0954,27.201690673828125,27.89472770690918,0.1616,0.0118,-3.8949,-1.0739,0.4092,336.6302,imu,
1786776842.835311,0.1038,26.82799530029297,27.728261947631836,0.1600,0.0153,-3.8796,-1.0673,0.4103,336.5655,imu,
1786776842.937365,0.1021,27.18090057373047,27.548208236694336,0.1605,0.0062,-3.8646,-1.0607,0.4111,336.5232,imu,
1786776843.038660,0.1013,26.813589096069336,27.18090057373047,0.1583,0.0062,-3.8499,-1.0543,0.4134,336.3872,imu,
1786776843.149575,0.1109,26.82799530029297,27.008047103881836,0.1579,0.0031,-3.8339,-1.0473,0.4116,336.4942,imu,
1786776843.244185,0.0946,26.567529678344727,26.745834350585938,0.1563,0.0030,-3.8203,-1.0414,0.4116,336.4940,imu,
1786776843.345671,0.1015,26.813589096069336,26.62993621826172,0.1567,-0.0031,-3.8058,-1.0350,0.4140,336.3520,imu,
1786776843.449706,0.1040,26.62993621826172,26.62993621826172,0.1562,0.0000,-3.7909,-1.0284,0.4168,336.1943,imu,
1786776843.551804,0.1021,26.44628143310547,26.44628143310547,0.1551,0.0000,-3.7765,-1.0220,0.4178,336.1374,imu,
1786776843.651973,0.1002,26.82799530029297,26.10778045654297,0.1552,-0.0122,-3.7622,-1.0157,0.4177,336.1444,imu,
1786776843.754533,0.1026,26.46788787841797,26.10778045654297,0.1542,-0.0061,-3.7478,-1.0093,0.4184,336.1007,imu,
1786776843.857673,0.1031,26.665254592895508,26.135480880737305,0.1548,-0.0090,-3.7332,-1.0028,0.4192,336.0578,imu,
1786776843.959385,0.1017,26.44628143310547,25.89531707763672,0.1535,-0.0094,-3.7190,-0.9964,0.4196,336.0361,imu,
1786776844.172034,0.2126,26.488662719726562,25.605709075927734,0.1527,-0.0150,-3.6893,-0.9831,0.4206,335.9789,imu,
1786776844.172085,0.0001,26.184436798095703,25.45709228515625,0.1514,-0.0124,-3.6893,-0.9831,0.4205,335.9795,imu,
1786776844.237186,0.0651,26.54810905456543,25.45709228515625,0.1525,-0.0185,-3.6802,-0.9791,0.4200,336.0133,imu,
1786776844.369572,0.1324,26.089269638061523,25.059429168701172,0.1500,-0.0175,-3.6621,-0.9710,0.4198,336.0196,imu,
1786776844.471117,0.1015,26.262624740600586,24.97704315185547,0.1502,-0.0219,-3.6482,-0.9648,0.4202,335.9987,imu,
1786776844.573834,0.1027,26.287832260131836,24.847402572631836,0.1499,-0.0245,-3.6341,-0.9585,0.4204,335.9904,imu,
1786776844.676529,0.1027,26.135480880737305,24.899343490600586,0.1496,-0.0210,-3.6201,-0.9522,0.4194,336.0463,imu,
1786776844.778886,0.1024,26.262624740600586,24.609731674194336,0.1492,-0.0281,-3.6061,-0.9460,0.4191,336.0603,imu,
1786776844.882689,0.1038,26.032611846923828,24.60616683959961,0.1485,-0.0242,-3.5921,-0.9397,0.4200,336.0103,imu,
1786776844.985001,0.1023,26.10778045654297,24.30724334716797,0.1478,-0.0306,-3.5783,-0.9336,0.4201,336.0029,imu,
1786776845.093610,0.1086,25.81561851501465,24.083024978637695,0.1463,-0.0295,-3.5637,-0.9271,0.4197,336.0256,imu,
1786776845.188854,0.0952,26.10778045654297,23.94713592529297,0.1468,-0.0367,-3.5510,-0.9214,0.4180,336.1251,imu,
1786776845.292328,0.1035,25.89531707763672,24.05876922607422,0.1465,-0.0312,-3.5371,-0.9153,0.4175,336.1545,imu,
1786776845.394519,0.1022,25.63892936706543,23.82056427001953,0.1450,-0.0309,-3.5236,-0.9093,0.4172,336.1695,imu,
1786776845.465931,0.0714,25.89531707763672,23.69145965576172,0.1454,-0.0375,-3.5141,-0.9051,0.4161,336.2338,imu,
1786776845.566435,0.1005,25.71166229248047,23.50780487060547,0.1443,-0.0375,-3.5008,-0.8992,0.4136,336.3763,imu,
1786776845.665977,0.0995,25.71166229248047,23.50780487060547,0.1443,-0.0375,-3.4876,-0.8935,0.4127,336.4272,imu,
1786776845.766037,0.1001,25.820762634277344,23.638729095458984,0.1450,-0.0371,-3.4743,-0.8876,0.4128,336.4206,imu,
1786776845.872342,0.1063,25.53675079345703,23.088022232055664,0.1426,-0.0416,-3.4604,-0.8816,0.4115,336.4998,imu,
1786776845.970872,0.0985,25.89531707763672,23.50780487060547,0.1449,-0.0406,-3.4474,-0.8759,0.4106,336.5491,imu,
1786776846.071775,0.1009,25.567617416381836,23.04686737060547,0.1425,-0.0428,-3.4342,-0.8702,0.4081,336.6922,imu,
1786776846.174134,0.1024,25.45709228515625,22.9113826751709,0.1418,-0.0433,-3.4208,-0.8644,0.4067,336.7709,imu,
1786776846.274009,0.0999,25.45709228515625,23.093217849731445,0.1424,-0.0402,-3.4077,-0.8589,0.4033,336.9702,imu,
1786776846.380884,0.1069,25.574350357055664,22.82811164855957,0.1419,-0.0467,-3.3938,-0.8529,0.4014,337.0768,imu,
1786776846.484532,0.1036,25.567617416381836,22.6867618560791,0.1415,-0.0490,-3.3803,-0.8472,0.4012,337.0905,imu,
1786776846.584649,0.1001,25.820762634277344,22.72954559326172,0.1424,-0.0525,-3.3671,-0.8417,0.3993,337.1974,imu,
1786776846.684042,0.0994,25.528005599975586,22.4058780670166,0.1405,-0.0531,-3.3543,-0.8363,0.3971,337.3205,imu,
1786776846.790215,0.1062,25.53675079345703,22.563295364379883,0.1410,-0.0505,-3.3405,-0.8305,0.3976,337.2968,imu,
1786776846.891562,0.1013,25.31938934326172,22.288196563720703,0.1396,-0.0515,-3.3274,-0.8250,0.3954,337.4186,imu,
1786776846.992325,0.1008,25.344350814819336,22.03856658935547,0.1389,-0.0562,-3.3145,-0.8196,0.3933,337.5405,imu,
1786776847.092424,0.1001,25.45709228515625,22.365873336791992,0.1402,-0.0525,-3.3015,-0.8143,0.3918,337.6241,imu,
1786776847.200889,0.1085,25.574350357055664,22.31319236755371,0.1404,-0.0554,-3.2874,-0.8085,0.3901,337.7227,imu,
1786776847.301889,0.1010,25.38756561279297,22.14659881591797,0.1394,-0.0551,-3.2744,-0.8031,0.3904,337.7087,imu,
1786776847.404936,0.1030,25.567617416381836,21.9665470123291,0.1394,-0.0612,-3.2611,-0.7977,0.3877,337.8592,imu,
1786776847.508862,0.1039,25.20751190185547,21.9665470123291,0.1383,-0.0551,-3.2478,-0.7923,0.3854,337.9943,imu,
1786776847.608281,0.0994,25.38756561279297,21.9665470123291,0.1388,-0.0582,-3.2350,-0.7871,0.3847,338.0313,imu,
1786776847.710352,0.1021,25.20751190185547,21.60643768310547,0.1373,-0.0612,-3.2220,-0.7819,0.3841,338.0668,imu,
1786776847.815138,0.1048,25.497695922851562,21.753280639648438,0.1385,-0.0636,-3.2085,-0.7764,0.3826,338.1512,imu,
1786776847.919386,0.1042,24.949321746826172,21.48413848876953,0.1362,-0.0589,-3.1953,-0.7712,0.3786,338.3816,imu,
1786776848.021121,0.1017,25.20751190185547,21.78649139404297,0.1378,-0.0582,-3.1823,-0.7660,0.3766,338.4953,imu,
1786776848.128226,0.1071,25.252525329589844,21.720703125,0.1377,-0.0600,-3.1686,-0.7607,0.3737,338.6642,imu,
1786776848.229314,0.1011,25.252525329589844,21.544113159179688,0.1372,-0.0630,-3.1556,-0.7556,0.3703,338.8572,imu,
1786776848.418911,0.1896,24.911582946777344,21.45669174194336,0.1360,-0.0587,-3.1316,-0.7463,0.3703,338.8568,imu,
1786776848.431954,0.0130,25.27525520324707,21.45669174194336,0.1370,-0.0649,-3.1299,-0.7457,0.3680,338.9922,imu,
1786776848.538521,0.1066,25.059429168701172,21.454992294311523,0.1364,-0.0613,-3.1164,-0.7405,0.3634,339.2556,imu,
1786776848.640157,0.1016,25.20751190185547,21.42638397216797,0.1367,-0.0643,-3.1034,-0.7356,0.3623,339.3182,imu,
1786776848.825434,0.1853,24.97704315185547,21.48760223388672,0.1362,-0.0593,-3.0797,-0.7267,0.3602,339.4398,imu,
1786776848.843822,0.0184,25.16069793701172,21.48760223388672,0.1368,-0.0624,-3.0774,-0.7258,0.3569,339.6246,imu,
1786776848.938608,0.0948,24.97704315185547,21.30394744873047,0.1357,-0.0624,-3.0653,-0.7213,0.3548,339.7452,imu,
1786776849.041570,0.1030,25.27525520324707,21.45669174194336,0.1370,-0.0649,-3.0521,-0.7165,0.3521,339.9005,imu,
1786776849.143842,0.1023,25.14108657836914,21.39666748046875,0.1365,-0.0636,-3.0390,-0.7117,0.3483,340.1207,imu,
1786776849.246032,0.1022,25.02745819091797,21.60643768310547,0.1367,-0.0582,-3.0258,-0.7070,0.3447,340.3253,imu,
1786776849.349184,0.1032,24.784473419189453,21.218360900878906,0.1349,-0.0606,-3.0127,-0.7023,0.3425,340.4524,imu,
1786776849.450465,0.1013,25.344350814819336,21.48760223388672,0.1373,-0.0656,-2.9996,-0.6977,0.3409,340.5455,imu,
1786776849.549350,0.0989,24.97704315185547,21.6712589263916,0.1368,-0.0562,-2.9868,-0.6932,0.3388,340.6638,imu,
1786776849.649242,0.0999,24.97704315185547,21.30394744873047,0.1357,-0.0624,-2.9740,-0.6887,0.3363,340.8064,imu,
1786776849.753410,0.1042,25.01202392578125,21.164020538330078,0.1354,-0.0654,-2.9607,-0.6841,0.3346,340.9055,imu,
1786776849.857278,0.1039,25.14108657836914,21.574974060058594,0.1370,-0.0606,-2.9473,-0.6794,0.3333,340.9795,imu,
1786776849.957109,0.0998,25.09341812133789,21.093017578125,0.1354,-0.0680,-2.9345,-0.6750,0.3311,341.1064,imu,
1786776850.057882,0.1008,24.97704315185547,21.30394744873047,0.1357,-0.0624,-2.9216,-0.6706,0.3296,341.1912,imu,
1786776850.158971,0.1011,25.27525520324707,21.45669174194336,0.1370,-0.0649,-2.9084,-0.6661,0.3285,341.2559,imu,
1786776850.265368,0.1064,25.122581481933594,21.13762092590332,0.1356,-0.0677,-2.8948,-0.6615,0.3279,341.2883,imu,
1786776850.366128,0.1008,25.09341812133789,21.093017578125,0.1354,-0.0680,-2.8819,-0.6571,0.3261,341.3907,imu,
1786776850.576711,0.2106,25.16069793701172,21.12029457092285,0.1357,-0.0687,-2.8547,-0.6480,0.3226,341.5898,imu,
1786776850.576774,0.0001,24.911582946777344,20.911184310913086,0.1344,-0.0680,-2.8547,-0.6480,0.3229,341.5750,imu,
1786776850.670162,0.0934,25.09341812133789,21.093017578125,0.1354,-0.0680,-2.8427,-0.6440,0.3216,341.6461,imu,
1786776850.775096,0.1049,25.059429168701172,20.7684326171875,0.1344,-0.0729,-2.8293,-0.6396,0.3181,341.8466,imu,
1786776850.874896,0.0998,24.97704315185547,21.12029457092285,0.1352,-0.0656,-2.8165,-0.6354,0.3153,342.0092,imu,
1786776850.978220,0.1033,25.02745819091797,21.2463321685791,0.1357,-0.0643,-2.8032,-0.6311,0.3136,342.1066,imu,
1786776851.076974,0.0988,24.97704315185547,21.12029457092285,0.1352,-0.0656,-2.7905,-0.6271,0.3093,342.3561,imu,
1786776851.182179,0.1052,25.0759334564209,21.01433753967285,0.1351,-0.0690,-2.7769,-0.6228,0.3047,342.6196,imu,
1786776851.284871,0.1027,24.899343490600586,21.367521286010742,0.1357,-0.0600,-2.7636,-0.6186,0.3038,342.6673,imu,
1786776851.387007,0.1021,24.729745864868164,21.093017578125,0.1344,-0.0618,-2.7505,-0.6146,0.3006,342.8512,imu,
1786776851.489352,0.1023,25.20751190185547,21.42638397216797,0.1367,-0.0643,-2.7371,-0.6105,0.2974,343.0359,imu,
1786776851.589577,0.1002,25.16069793701172,21.48760223388672,0.1368,-0.0624,-2.7240,-0.6065,0.2942,343.2189,imu,
1786776851.693306,0.1037,24.77606201171875,21.31087875366211,0.1351,-0.0589,-2.7106,-0.6025,0.2909,343.4088,imu,
1786776851.796488,0.1032,25.02745819091797,21.42638397216797,0.1362,-0.0612,-2.6971,-0.5985,0.2886,343.5375,imu,
1786776851.897447,0.1010,25.09341812133789,21.638526916503906,0.1370,-0.0587,-2.6838,-0.5946,0.2855,343.7192,imu,
1786776852.003164,0.1057,25.14108657836914,21.574974060058594,0.1370,-0.0606,-2.6699,-0.5906,0.2813,343.9594,imu,
1786776852.101015,0.0979,24.911582946777344,21.45669174194336,0.1360,-0.0587,-2.6571,-0.5869,0.2774,344.1799,imu,
1786776852.205544,0.1045,24.962779998779297,21.39666748046875,0.1359,-0.0606,-2.6435,-0.5830,0.2764,344.2367,imu,
1786776852.306813,0.1013,25.09341812133789,21.638526916503906,0.1370,-0.0587,-2.6301,-0.5793,0.2757,344.2771,imu,
1786776852.410762,0.1039,24.949321746826172,21.31087875366211,0.1356,-0.0618,-2.6165,-0.5754,0.2736,344.3984,imu,
1786776852.513392,0.1026,25.20751190185547,21.60643768310547,0.1373,-0.0612,-2.6030,-0.5717,0.2704,344.5823,imu,
1786776852.614210,0.1008,24.847402572631836,21.42638397216797,0.1357,-0.0582,-2.5898,-0.5680,0.2708,344.5606,imu,
1786776852.719352,0.1051,25.252525329589844,21.897294998168945,0.1383,-0.0570,-2.5758,-0.5642,0.2684,344.6993,imu,
1786776852.823486,0.1041,25.0759334564209,21.720703125,0.1372,-0.0570,-2.5620,-0.5604,0.2648,344.9046,imu,
1786776852.923654,0.1002,25.16069793701172,21.6712589263916,0.1373,-0.0593,-2.5487,-0.5569,0.2623,345.0459,imu,
1786776853.026380,0.1027,25.20751190185547,23.04686737060547,0.1415,-0.0367,-2.5346,-0.5531,0.2622,345.0534,imu,
1786776853.129873,0.1035,25.53675079345703,23.962570190429688,0.1451,-0.0268,-2.5201,-0.5492,0.2633,344.9904,imu,
1786776853.230239,0.1004,25.92772674560547,26.10778045654297,0.1526,0.0031,-2.5054,-0.5452,0.2636,344.9718,imu,
1786776853.332635,0.1024,25.89531707763672,26.078969955444336,0.1524,0.0031,-2.4903,-0.5412,0.2620,345.0627,imu,
1786776853.432494,0.0999,26.002599716186523,26.002599716186523,0.1525,0.0000,-2.4756,-0.5372,0.2636,344.9732,imu,
1786776853.533527,0.1010,26.078969955444336,26.078969955444336,0.1529,0.0000,-2.4607,-0.5331,0.2662,344.8235,imu,
1786776853.635850,0.1023,26.078969955444336,25.89531707763672,0.1524,-0.0031,-2.4456,-0.5290,0.2668,344.7895,imu,
1786776853.738032,0.1022,25.89531707763672,24.97704315185547,0.1492,-0.0156,-2.4309,-0.5250,0.2659,344.8400,imu,
1786776853.840565,0.1025,26.002599716186523,24.00240135192871,0.1466,-0.0340,-2.4164,-0.5211,0.2648,344.9039,imu,
1786776853.943947,0.1034,25.16069793701172,22.4058780670166,0.1395,-0.0468,-2.4025,-0.5173,0.2635,344.9796,imu,
1786776854.046647,0.1027,24.949321746826172,21.31087875366211,0.1356,-0.0618,-2.3890,-0.5137,0.2597,345.1926,imu,
1786776854.152831,0.1062,25.02745819091797,21.60643768310547,0.1367,-0.0582,-2.3750,-0.5100,0.2576,345.3134,imu,
1786776854.252696,0.0999,25.16069793701172,21.48760223388672,0.1368,-0.0624,-2.3618,-0.5066,0.2550,345.4663,imu,
1786776854.357027,0.1043,25.295839309692383,23.21672821044922,0.1422,-0.0353,-2.3474,-0.5029,0.2518,345.6501,imu,
1786776854.456527,0.0995,26.002599716186523,26.184436798095703,0.1530,0.0031,-2.3327,-0.4991,0.2537,345.5372,imu,
1786776854.560130,0.1036,26.032611846923828,25.85430908203125,0.1521,-0.0030,-2.3174,-0.4951,0.2532,345.5656,imu,
1786776854.660853,0.1007,25.89531707763672,25.528005599975586,0.1508,-0.0062,-2.3027,-0.4913,0.2522,345.6222,imu,
1786776854.763512,0.1027,26.31207275390625,25.782297134399414,0.1527,-0.0090,-2.2875,-0.4874,0.2532,345.5662,imu,
1786776854.868463,0.1050,25.89531707763672,25.71166229248047,0.1513,-0.0031,-2.2722,-0.4834,0.2555,345.4380,imu,
1786776854.968521,0.1001,26.078969955444336,25.89531707763672,0.1524,-0.0031,-2.2574,-0.4796,0.2537,345.5370,imu,
1786776855.073723,0.1052,26.078969955444336,25.528005599975586,0.1513,-0.0094,-2.2420,-0.4756,0.2537,345.5371,imu,
1786776855.177798,0.1041,25.95888900756836,25.782297134399414,0.1517,-0.0030,-2.2267,-0.4716,0.2540,345.5213,imu,
1786776855.275325,0.0975,26.002599716186523,25.820762634277344,0.1520,-0.0031,-2.2124,-0.4679,0.2552,345.4503,imu,
1786776855.379867,0.1045,26.002599716186523,25.63892936706543,0.1514,-0.0062,-2.1970,-0.4638,0.2565,345.3790,imu,
1786776855.484331,0.1045,25.91762924194336,25.4027099609375,0.1505,-0.0088,-2.1818,-0.4598,0.2575,345.3237,imu,
1786776855.583727,0.0994,26.002599716186523,25.820762634277344,0.1520,-0.0031,-2.1672,-0.4560,0.2575,345.3195,imu,
1786776855.685248,0.1015,26.078969955444336,25.71166229248047,0.1519,-0.0062,-2.1523,-0.4521,0.2579,345.2991,imu,
1786776855.788701,0.1035,25.89531707763672,25.71166229248047,0.1513,-0.0031,-2.1372,-0.4481,0.2586,345.2555,imu,
1786776855.890405,0.1017,26.002599716186523,24.729745864868164,0.1488,-0.0216,-2.1226,-0.4442,0.2586,345.2572,imu,
1786776855.995122,0.1047,25.01202392578125,20.81420135498047,0.1344,-0.0714,-2.1090,-0.4406,0.2569,345.3572,imu,
1786776856.097421,0.1023,25.38756561279297,21.42638397216797,0.1373,-0.0673,-2.0954,-0.4371,0.2563,345.3918,imu,
1786776856.195289,0.0979,25.02745819091797,21.2463321685791,0.1357,-0.0643,-2.0825,-0.4337,0.2539,345.5251,imu,
1786776856.299928,0.1046,25.02745819091797,21.2463321685791,0.1357,-0.0643,-2.0688,-0.4302,0.2526,345.6031,imu,
1786776856.419349,0.1194,24.784473419189453,21.040058135986328,0.1344,-0.0636,-2.0532,-0.4262,0.2501,345.7440,imu,
1786776856.512938,0.0936,24.793386459350586,21.30394744873047,0.1352,-0.0593,-2.0410,-0.4231,0.2483,345.8503,imu,
1786776856.606385,0.0934,24.793386459350586,21.12029457092285,0.1346,-0.0624,-2.0288,-0.4200,0.2452,346.0261,imu,
1786776856.707794,0.1014,25.567617416381836,24.48729705810547,0.1468,-0.0184,-2.0143,-0.4164,0.2452,346.0264,imu,
1786776856.815966,0.1082,25.820762634277344,25.63892936706543,0.1509,-0.0031,-1.9985,-0.4125,0.2443,346.0759,imu,
1786776856.914965,0.0990,25.820762634277344,25.27525520324707,0.1498,-0.0093,-1.9841,-0.4089,0.2434,346.1263,imu,
1786776857.015826,0.1009,25.95888900756836,25.252525329589844,0.1502,-0.0120,-1.9694,-0.4053,0.2425,346.1811,imu,
1786776857.122245,0.1064,25.95888900756836,25.42911720275879,0.1507,-0.0090,-1.9538,-0.4014,0.2453,346.0186,imu,
1786776857.220622,0.0984,25.63892936706543,25.27525520324707,0.1493,-0.0062,-1.9396,-0.3978,0.2471,345.9196,imu,
1786776857.323731,0.1031,25.81561851501465,25.469099044799805,0.1504,-0.0059,-1.9246,-0.3940,0.2464,345.9560,imu,
1786776857.426692,0.1030,25.89531707763672,25.16069793701172,0.1497,-0.0125,-1.9096,-0.3903,0.2445,346.0681,imu,
1786776857.532321,0.1056,26.10778045654297,25.74767303466797,0.1520,-0.0061,-1.8940,-0.3864,0.2457,345.9981,imu,
1786776857.629407,0.0971,25.92772674560547,25.20751190185547,0.1499,-0.0122,-1.8799,-0.3828,0.2469,345.9269,imu,
1786776857.732699,0.1033,25.71166229248047,25.344350814819336,0.1497,-0.0062,-1.8649,-0.3790,0.2454,346.0167,imu,
1786776857.835077,0.1024,26.184436798095703,25.63892936706543,0.1520,-0.0093,-1.8498,-0.3752,0.2470,345.9249,imu,
1786776857.937189,0.1021,25.85430908203125,25.31938934326172,0.1500,-0.0091,-1.8350,-0.3715,0.2476,345.8910,imu,
1786776858.044205,0.1070,25.820762634277344,25.27525520324707,0.1498,-0.0093,-1.8194,-0.3675,0.2481,345.8622,imu,
1786776858.145132,0.1009,25.886571884155273,25.36184310913086,0.1503,-0.0089,-1.8047,-0.3638,0.2492,345.7994,imu,
1786776858.247772,0.1026,25.91762924194336,25.4027099609375,0.1505,-0.0088,-1.7898,-0.3600,0.2484,345.8423,imu,
1786776858.346932,0.0992,25.92772674560547,25.38756561279297,0.1505,-0.0092,-1.7753,-0.3563,0.2494,345.7859,imu,
1786776858.450806,0.1039,25.820762634277344,24.00240135192871,0.1461,-0.0309,-1.7606,-0.3526,0.2501,345.7458,imu,
1786776858.552363,0.1016,25.469099044799805,23.043472290039062,0.1422,-0.0412,-1.7466,-0.3490,0.2496,345.7737,imu,
1786776858.654132,0.1018,25.38756561279297,23.22692108154297,0.1425,-0.0367,-1.7325,-0.3454,0.2480,345.8653,imu,
1786776858.757492,0.1034,25.27525520324707,21.638526916503906,0.1376,-0.0618,-1.7188,-0.3420,0.2476,345.8860,imu,
1786776858.860522,0.1030,24.793386459350586,20.75298309326172,0.1335,-0.0687,-1.7054,-0.3386,0.2462,345.9708,imu,
1786776858.960967,0.1004,24.837114334106445,20.81420135498047,0.1339,-0.0684,-1.6924,-0.3354,0.2440,346.0970,imu,
1786776859.066275,0.1053,24.97704315185547,21.12029457092285,0.1352,-0.0656,-1.6786,-0.3319,0.2431,346.1465,imu,
1786776859.170261,0.1040,25.0759334564209,21.367521286010742,0.1362,-0.0630,-1.6648,-0.3286,0.2400,346.3233,imu,
1786776859.269107,0.0988,25.45709228515625,23.456892013549805,0.1434,-0.0340,-1.6510,-0.3252,0.2381,346.4355,imu,
1786776859.375248,0.1061,25.85430908203125,25.31938934326172,0.1500,-0.0091,-1.6355,-0.3215,0.2387,346.4013,imu,
1786776859.474006,0.0988,25.528005599975586,25.344350814819336,0.1492,-0.0031,-1.6212,-0.3180,0.2389,346.3855,imu,
1786776859.577047,0.1030,25.89531707763672,25.16069793701172,0.1497,-0.0125,-1.6062,-0.3143,0.2372,346.4844,imu,
1786776859.679462,0.1024,25.71166229248047,24.97704315185547,0.1486,-0.0125,-1.5914,-0.3108,0.2364,346.5277,imu,
1786776859.786518,0.1071,25.782297134399414,25.252525329589844,0.1496,-0.0090,-1.5759,-0.3070,0.2388,346.3944,imu,
1786776859.882951,0.0964,25.63892936706543,25.27525520324707,0.1493,-0.0062,-1.5619,-0.3036,0.2392,346.3707,imu,
1786776859.955853,0.0729,25.89531707763672,25.344350814819336,0.1502,-0.0094,-1.5512,-0.3010,0.2387,346.3998,imu,
1786776860.089903,0.1341,25.74767303466797,25.20751190185547,0.1494,-0.0092,-1.5318,-0.2963,0.2384,346.4147,imu,
1786776860.159518,0.0696,25.676002502441406,25.14108657836914,0.1490,-0.0091,-1.5217,-0.2938,0.2392,346.3703,imu,
1786776860.262116,0.1026,25.92772674560547,25.38756561279297,0.1505,-0.0092,-1.5067,-0.2902,0.2377,346.4550,imu,
1786776860.395887,0.1338,25.74767303466797,25.20751190185547,0.1494,-0.0092,-1.4873,-0.2854,0.2395,346.3554,imu,
1786776860.463253,0.0674,25.71166229248047,25.16069793701172,0.1492,-0.0094,-1.4775,-0.2830,0.2402,346.3135,imu,
1786776860.564732,0.1015,26.002599716186523,25.45709228515625,0.1509,-0.0093,-1.4627,-0.2794,0.2413,346.2509,imu,
1786776860.706922,0.1422,25.53675079345703,23.612749099731445,0.1441,-0.0327,-1.4428,-0.2745,0.2413,346.2513,imu,
1786776860.774053,0.0671,25.31938934326172,22.82311248779297,0.1412,-0.0424,-1.4336,-0.2722,0.2389,346.3850,imu,
1786776860.876456,0.1024,24.97704315185547,20.75298309326172,0.1341,-0.0718,-1.4202,-0.2690,0.2386,346.4069,imu,
1786776860.972436,0.0960,24.793386459350586,20.75298309326172,0.1335,-0.0687,-1.4077,-0.2660,0.2358,346.5630,imu,
1786776861.112361,0.1399,24.77606201171875,20.791101455688477,0.1336,-0.0677,-1.3896,-0.2617,0.2334,346.7031,imu,
1786776861.179153,0.0668,24.793386459350586,20.75298309326172,0.1335,-0.0687,-1.3809,-0.2596,0.2326,346.7453,imu,
1786776861.282151,0.1030,25.42911720275879,24.016387939453125,0.1450,-0.0240,-1.3663,-0.2562,0.2325,346.7527,imu,
1786776861.384942,0.1028,25.820762634277344,25.27525520324707,0.1498,-0.0093,-1.3514,-0.2526,0.2325,346.7535,imu,
1786776861.483197,0.0983,25.71166229248047,25.16069793701172,0.1492,-0.0094,-1.3371,-0.2492,0.2336,346.6897,imu,
1786776861.587676,0.1045,25.676002502441406,25.14108657836914,0.1490,-0.0091,-1.3220,-0.2456,0.2348,346.6198,imu,
1786776861.690783,0.1031,25.782297134399414,25.0759334564209,0.1491,-0.0120,-1.3070,-0.2421,0.2341,346.6615,imu,
1786776861.792542,0.1018,25.63892936706543,24.911582946777344,0.1482,-0.0124,-1.2923,-0.2386,0.2341,346.6618,imu,
1786776861.893275,0.1007,25.16069793701172,22.03856658935547,0.1384,-0.0531,-1.2788,-0.2353,0.2332,346.7117,imu,
1786776861.995415,0.1021,24.97704315185547,20.9366397857666,0.1346,-0.0687,-1.2654,-0.2322,0.2305,346.8655,imu,
1786776862.098029,0.1026,24.793386459350586,20.56932830810547,0.1330,-0.0718,-1.2521,-0.2291,0.2249,347.1893,imu,
1786776862.194638,0.0966,24.793386459350586,22.22222137451172,0.1379,-0.0437,-1.2391,-0.2262,0.2228,347.3093,imu,
1786776862.296887,0.1022,25.02745819091797,23.04686737060547,0.1410,-0.0337,-1.2250,-0.2230,0.2225,347.3245,imu,
1786776862.401500,0.1046,25.469099044799805,24.602802276611328,0.1468,-0.0147,-1.2101,-0.2196,0.2227,347.3158,imu,
1786776862.503748,0.1022,25.92772674560547,25.38756561279297,0.1505,-0.0092,-1.1950,-0.2162,0.2229,347.3015,imu,
1786776862.612548,0.1088,25.469099044799805,24.77606201171875,0.1473,-0.0118,-1.1794,-0.2127,0.2228,347.3089,imu,
1786776862.709510,0.0970,25.71166229248047,25.16069793701172,0.1492,-0.0094,-1.1653,-0.2095,0.2232,347.2855,imu,
1786776862.811835,0.1023,25.820762634277344,25.09341812133789,0.1493,-0.0124,-1.1504,-0.2061,0.2220,347.3566,imu,
1786776862.914263,0.1024,25.567617416381836,25.02745819091797,0.1484,-0.0092,-1.1356,-0.2027,0.2238,347.2494,imu,
1786776863.016775,0.1025,25.53675079345703,24.837114334106445,0.1477,-0.0119,-1.1208,-0.1994,0.2232,347.2854,imu,
1786776863.123271,0.1065,25.711660385131836,25.186933517456055,0.1492,-0.0089,-1.1053,-0.1959,0.2243,347.2231,imu,
1786776863.224734,0.1015,25.782297134399414,25.252525329589844,0.1496,-0.0090,-1.0905,-0.1925,0.2253,347.1671,imu,
1786776863.326283,0.1015,25.63892936706543,24.547908782958984,0.1472,-0.0185,-1.0760,-0.1891,0.2247,347.2019,imu,
1786776863.429029,0.1027,25.38756561279297,23.04686737060547,0.1420,-0.0398,-1.0617,-0.1859,0.2234,347.2733,imu,
1786776863.531443,0.1024,24.784473419189453,21.39666748046875,0.1354,-0.0576,-1.0482,-0.1829,0.2221,347.3507,imu,
1786776863.633672,0.1022,24.729745864868164,20.911184310913086,0.1338,-0.0649,-1.0349,-0.1799,0.2202,347.4559,imu,
1786776863.738570,0.1049,25.059429168701172,22.82811164855957,0.1404,-0.0379,-1.0205,-0.1767,0.2194,347.5052,imu,
1786776863.838768,0.1002,25.528005599975586,24.42607879638672,0.1465,-0.0187,-1.0062,-0.1735,0.2191,347.5199,imu,
1786776863.941095,0.1023,25.63892936706543,25.27525520324707,0.1493,-0.0062,-0.9912,-0.1701,0.2193,347.5120,imu,
1786776864.039646,0.0986,25.71166229248047,25.16069793701172,0.1492,-0.0094,-0.9769,-0.1669,0.2200,347.4692,imu,
1786776864.143636,0.1040,25.528005599975586,24.793386459350586,0.1476,-0.0125,-0.9619,-0.1636,0.2215,347.3860,imu,
1786776864.252219,0.1086,25.711660385131836,24.837114334106445,0.1482,-0.0149,-0.9462,-0.1600,0.2217,347.3707,imu,
1786776864.347046,0.0948,24.66735076904297,20.16600799560547,0.1315,-0.0765,-0.9341,-0.1573,0.2175,347.6105,imu,
1786776864.449367,0.1023,24.366071701049805,20.183837890625,0.1306,-0.0711,-0.9210,-0.1545,0.2168,347.6529,imu,
1786776864.551372,0.1020,24.48729705810547,20.3460636138916,0.1315,-0.0704,-0.9079,-0.1516,0.2131,347.8630,imu,
1786776864.657987,0.1066,23.663204193115234,19.601612091064453,0.1269,-0.0690,-0.8947,-0.1488,0.2090,348.1017,imu,
1786776864.756806,0.0988,23.82056427001953,20.00200080871582,0.1285,-0.0649,-0.8822,-0.1462,0.2071,348.2069,imu,
1786776864.859378,0.1026,23.536334991455078,21.39666748046875,0.1318,-0.0364,-0.8690,-0.1435,0.2053,348.3138,imu,
1786776864.959325,0.0999,24.24242401123047,24.05876922607422,0.1416,-0.0031,-0.8552,-0.1406,0.2057,348.2905,imu,
1786776865.057206,0.0979,24.05876922607422,23.32415008544922,0.1389,-0.0125,-0.8418,-0.1378,0.2066,348.2350,imu,
1786776865.158866,0.1017,24.18423843383789,23.093217849731445,0.1386,-0.0185,-0.8281,-0.1349,0.2064,348.2501,imu,
1786776865.267470,0.1086,23.536334991455078,23.001419067382812,0.1365,-0.0091,-0.8135,-0.1319,0.2052,348.3179,imu,
1786776865.362630,0.0952,23.275054931640625,22.72954559326172,0.1349,-0.0093,-0.8010,-0.1292,0.2058,348.2813,imu,
1786776865.466447,0.1038,23.133432388305664,22.427066802978516,0.1336,-0.0120,-0.7874,-0.1264,0.2067,348.2331,imu,
1786776865.567517,0.1011,22.95684051513672,22.58953094482422,0.1335,-0.0062,-0.7742,-0.1236,0.2056,348.2964,imu,
1786776865.676203,0.1087,22.77318572998047,22.22222137451172,0.1319,-0.0094,-0.7602,-0.1207,0.2059,348.2755,imu,
1786776865.772229,0.0960,22.50670623779297,22.14659881591797,0.1309,-0.0061,-0.7478,-0.1181,0.2063,348.2558,imu,
1786776865.873579,0.1013,22.4058780670166,21.6712589263916,0.1292,-0.0125,-0.7350,-0.1154,0.2076,348.1790,imu,
1786776865.977975,0.1044,22.003915786743164,21.48413848876953,0.1275,-0.0088,-0.7220,-0.1127,0.2068,348.2273,imu,
1786776866.078578,0.1006,22.002201080322266,20.911184310913086,0.1258,-0.0185,-0.7096,-0.1101,0.2066,348.2350,imu,
1786776866.180973,0.1024,21.48760223388672,19.10009002685547,0.1190,-0.0406,-0.6977,-0.1076,0.2064,348.2503,imu,
1786776866.285146,0.1042,21.638526916503906,17.63812828063965,0.1152,-0.0680,-0.6859,-0.1052,0.2035,348.4178,imu,
1786776866.385715,0.1006,21.164020538330078,17.1411075592041,0.1123,-0.0684,-0.6749,-0.1029,0.2025,348.4750,imu,
1786776866.488422,0.1027,20.9366397857666,16.8962345123291,0.1109,-0.0687,-0.6637,-0.1006,0.2000,348.6149,imu,
1786776866.593219,0.1048,20.729347229003906,16.728944778442383,0.1098,-0.0680,-0.6524,-0.0984,0.1999,348.6221,imu,
1786776866.695906,0.1027,20.547510147094727,17.45629119873047,0.1114,-0.0525,-0.6412,-0.0961,0.1969,348.7922,imu,
1786776866.797103,0.1012,20.183837890625,18.3654727935791,0.1130,-0.0309,-0.6300,-0.0939,0.1963,348.8265,imu,
1786776866.900223,0.1031,20.38567543029785,16.5289249420166,0.1082,-0.0656,-0.6190,-0.0917,0.1939,348.9676,imu,
1786776867.001058,0.1008,19.82016372680664,17.63812828063965,0.1098,-0.0371,-0.6082,-0.0896,0.1914,349.1078,imu,
1786776867.103862,0.1028,20.01836395263672,19.65105628967285,0.1163,-0.0062,-0.5964,-0.0873,0.1925,349.0446,imu,
1786776867.205040,0.1012,19.73859214782715,19.052032470703125,0.1137,-0.0117,-0.5851,-0.0852,0.1912,349.1218,imu,
1786776867.307619,0.1026,19.6258487701416,18.9056339263916,0.1130,-0.0122,-0.5737,-0.0829,0.1924,349.0515,imu,
1786776867.409652,0.1020,19.44579315185547,18.9056339263916,0.1125,-0.0092,-0.5625,-0.0808,0.1919,349.0804,imu,
1786776867.512238,0.1026,19.0856876373291,18.9056339263916,0.1114,-0.0031,-0.5513,-0.0786,0.1922,349.0649,imu,
1786776867.614467,0.1022,18.9056339263916,18.3654727935791,0.1093,-0.0092,-0.5403,-0.0764,0.1914,349.1078,imu,
1786776867.717017,0.1026,18.542062759399414,17.8356990814209,0.1067,-0.0120,-0.5296,-0.0744,0.1910,349.1289,imu,
1786776867.819380,0.1024,18.7327823638916,16.5289249420166,0.1034,-0.0375,-0.5192,-0.0724,0.1904,349.1630,imu,
1786776867.923030,0.1036,18.3654727935791,15.092418670654297,0.0981,-0.0556,-0.5092,-0.0705,0.1869,349.3683,imu,
1786776868.026078,0.1030,18.3654727935791,14.325068473815918,0.0959,-0.0687,-0.4995,-0.0687,0.1838,349.5428,imu,
1786776868.127513,0.1014,18.54912757873535,14.692378044128418,0.0975,-0.0656,-0.4897,-0.0669,0.1803,349.7450,imu,
1786776868.231462,0.1039,17.85055160522461,16.64907455444336,0.1012,-0.0204,-0.4794,-0.0650,0.1786,349.8446,imu,
1786776868.332490,0.1010,17.9981632232666,17.6308536529541,0.1045,-0.0062,-0.4690,-0.0632,0.1778,349.8865,imu,
1786776868.434884,0.1024,17.819963455200195,17.45629119873047,0.1034,-0.0062,-0.4586,-0.0613,0.1782,349.8666,imu,
1786776868.537498,0.1026,18.012290954589844,17.48251724243164,0.1041,-0.0090,-0.4481,-0.0594,0.1765,349.9626,imu,
1786776868.639855,0.1024,17.819963455200195,17.45629119873047,0.1034,-0.0062,-0.4376,-0.0575,0.1771,349.9280,imu,
1786776868.740914,0.1011,17.652252197265625,17.117334365844727,0.1019,-0.0091,-0.4275,-0.0557,0.1776,349.8995,imu,
1786776868.845146,0.1042,17.9981632232666,17.44719886779785,0.1039,-0.0094,-0.4168,-0.0538,0.1770,349.9343,imu,
1786776868.945876,0.1007,17.81450843811035,17.07988929748535,0.1023,-0.0125,-0.4067,-0.0520,0.1776,349.9007,imu,
1786776869.048840,0.1030,18.001800537109375,17.45629119873047,0.1040,-0.0093,-0.3962,-0.0501,0.1780,349.8792,imu,
1786776869.151603,0.1028,17.840744018554688,15.916743278503418,0.0990,-0.0327,-0.3861,-0.0483,0.1772,349.9231,imu,
1786776869.252932,0.1013,17.8356990814209,15.186832427978516,0.0968,-0.0450,-0.3765,-0.0466,0.1754,350.0278,imu,
1786776869.362455,0.1095,18.1854190826416,14.044185638427734,0.0945,-0.0704,-0.3663,-0.0448,0.1735,350.1335,imu,
1786776869.460813,0.0984,18.018953323364258,14.0339937210083,0.0940,-0.0677,-0.3572,-0.0432,0.1714,350.2521,imu,
1786776869.561234,0.1004,17.8253116607666,13.684078216552734,0.0924,-0.0704,-0.3480,-0.0417,0.1679,350.4566,imu,
1786776869.664602,0.1034,17.840744018554688,13.992741584777832,0.0933,-0.0654,-0.3385,-0.0401,0.1674,350.4854,imu,
1786776869.765870,0.1013,17.81450843811035,13.590450286865234,0.0921,-0.0718,-0.3293,-0.0385,0.1645,350.6471,imu,
1786776869.868502,0.1026,17.47394561767578,14.977666854858398,0.0952,-0.0424,-0.3197,-0.0369,0.1649,350.6257,imu,
1786776869.972411,0.1039,17.63812828063965,15.637927055358887,0.0976,-0.0340,-0.3097,-0.0353,0.1632,350.7240,imu,
1786776870.072128,0.0997,17.2635440826416,17.07988929748535,0.1007,-0.0031,-0.2998,-0.0337,0.1636,350.7027,imu,
1786776870.177516,0.1054,17.274456024169922,16.547109603881836,0.0992,-0.0124,-0.2895,-0.0320,0.1630,350.7383,imu,
1786776870.285719,0.1082,17.49092674255371,16.26656150817871,0.0990,-0.0208,-0.2789,-0.0302,0.1630,350.7383,imu,
1786776870.382578,0.0969,17.4652042388916,14.944453239440918,0.0950,-0.0428,-0.2698,-0.0287,0.1625,350.7667,imu,
1786776870.490057,0.1075,17.44719886779785,15.059687614440918,0.0953,-0.0406,-0.2597,-0.0271,0.1616,350.8156,imu,
1786776870.586164,0.0961,17.45629119873047,13.092218399047852,0.0896,-0.0742,-0.2512,-0.0257,0.1584,350.9985,imu,
1786776870.687621,0.1015,17.63812828063965,13.455891609191895,0.0912,-0.0711,-0.2421,-0.0243,0.1563,351.1180,imu,
1786776870.790300,0.1027,17.316017150878906,13.118194580078125,0.0892,-0.0714,-0.2330,-0.0229,0.1512,351.4120,imu,
1786776870.893097,0.1028,17.6452579498291,12.963863372802734,0.0898,-0.0796,-0.2239,-0.0215,0.1514,351.3988,imu,
1786776870.992635,0.0995,17.44719886779785,13.406794548034668,0.0905,-0.0687,-0.2150,-0.0202,0.1502,351.4683,imu,
1786776871.098250,0.1056,17.2851505279541,12.963863372802734,0.0887,-0.0735,-0.2057,-0.0188,0.1490,351.5372,imu,
1786776871.198766,0.1005,17.305925369262695,13.244331359863281,0.0896,-0.0690,-0.1968,-0.0175,0.1465,351.6786,imu,
1786776871.300783,0.1020,17.305925369262695,12.714558601379395,0.0880,-0.0780,-0.1879,-0.0162,0.1437,351.8392,imu,
1786776871.419659,0.1189,17.092618942260742,12.910381317138672,0.0880,-0.0711,-0.1776,-0.0147,0.1396,352.0781,imu,
1786776871.504922,0.0853,16.8962345123291,12.855831146240234,0.0872,-0.0687,-0.1702,-0.0137,0.1377,352.1829,imu,
1786776871.607739,0.1028,17.2635440826416,12.855831146240234,0.0883,-0.0749,-0.1612,-0.0125,0.1347,352.3575,imu,
1786776871.679605,0.0719,17.07988929748535,12.855831146240234,0.0878,-0.0718,-0.1549,-0.0117,0.1320,352.5120,imu,
1786776871.779053,0.0994,17.2635440826416,12.672175407409668,0.0878,-0.0780,-0.1463,-0.0105,0.1294,352.6589,imu,
1786776871.879622,0.1006,16.8962345123291,12.488521575927734,0.0862,-0.0749,-0.1377,-0.0094,0.1254,352.8912,imu,
1786776871.981828,0.1022,17.1050968170166,12.603755950927734,0.0871,-0.0765,-0.1289,-0.0083,0.1237,352.9899,imu,
1786776872.084496,0.1027,16.760723114013672,12.481389999389648,0.0857,-0.0727,-0.1201,-0.0073,0.1216,353.1068,imu,
1786776872.187080,0.1026,16.952743530273438,12.36137580871582,0.0860,-0.0780,-0.1114,-0.0063,0.1163,353.4095,imu,
1786776872.286945,0.0999,16.8962345123291,12.304865837097168,0.0856,-0.0780,-0.1029,-0.0053,0.1159,353.4363,imu,
1786776872.388673,0.1017,17.274456024169922,12.364872932434082,0.0869,-0.0835,-0.0941,-0.0043,0.1105,353.7453,imu,
1786776872.489969,0.1013,16.8962345123291,12.121212005615234,0.0851,-0.0812,-0.0855,-0.0034,0.1080,353.8848,imu,
1786776872.588873,0.0989,17.07988929748535,12.304865837097168,0.0862,-0.0812,-0.0770,-0.0025,0.1072,353.9327,imu,
1786776872.688790,0.0999,13.590450286865234,-18.91643714904785,-0.0156,-0.5526,-0.0786,-0.0026,0.0922,354.7944,imu,
1786776872.791936,0.1031,11.411556243896484,-37.80078125,-0.0774,-0.8365,-0.0866,-0.0029,0.0443,357.5393,imu,
1786776872.894825,0.1029,11.589861869812012,-35.126197814941406,-0.0690,-0.7941,-0.0937,-0.0030,0.0063,359.7156,imu,
1786776872.995267,0.1004,3.8567490577697754,-13.774104118347168,-0.0291,-0.2997,-0.0966,-0.0029,-0.0294,1.7597,imu,
1786776873.096479,0.1012,-0.0,-0.0,-0.0000,0.0000,-0.0966,-0.0029,-0.0294,1.5212,enc,
1786776873.197450,0.1010,-0.0,-0.0,-0.0000,0.0000,-0.0966,-0.0029,-0.0294,1.4094,enc,
1786776873.298101,0.1007,-0.0,-0.0,-0.0000,0.0000,-0.0966,-0.0029,-0.0294,1.4020,enc,
1786776873.401545,0.1034,-0.0,-0.0,-0.0000,0.0000,-0.0966,-0.0029,-0.0294,1.4089,enc,
1786776873.504102,0.1026,-0.0,-0.0,-0.0000,0.0000,-0.0966,-0.0029,-0.0294,1.4018,enc,
1786776873.605599,0.1015,-0.0,-0.0,-0.0000,0.0000,-0.0966,-0.0029,-0.0294,1.3945,enc,
1786776873.706388,0.1008,-0.0,-0.0,-0.0000,0.0000,-0.0966,-0.0029,-0.0294,1.3942,enc,
1786776873.810480,0.1041,-0.0,-0.0,-0.0000,0.0000,-0.0966,-0.0029,-0.0294,1.3871,enc,
1786776873.912450,0.1020,-0.0,-0.0,-0.0000,0.0000,-0.0966,-0.0029,-0.0294,1.3799,enc,
1786776874.014373,0.1019,-0.0,-0.0,-0.0000,0.0000,-0.0966,-0.0029,-0.0294,1.3798,enc,
1786776874.117296,0.1029,-0.0,-0.0,-0.0000,0.0000,-0.0966,-0.0029,-0.0294,1.3729,enc,
1786776874.219811,0.1025,-0.0,-0.0,-0.0000,0.0000,-0.0966,-0.0029,-0.0294,1.3658,enc,
1786776874.328995,0.1092,-0.0,-0.0,-0.0000,0.0000,-0.0966,-0.0029,-0.0294,1.3586,enc,
1786776874.424279,0.0953,-0.0,-0.0,-0.0000,0.0000,-0.0966,-0.0029,-0.0294,1.3515,enc,
1786776874.529413,0.1051,-0.0,-0.0,-0.0000,0.0000,-0.0966,-0.0029,-0.0294,1.3444,enc,
1786776874.630181,0.1008,-0.0,-0.0,-0.0000,0.0000,-0.0966,-0.0029,-0.0294,1.3373,enc,
1786776874.731416,0.1012,-0.0,-0.0,-0.0000,0.0000,-0.0966,-0.0029,-0.0294,1.3373,enc,
1786776874.832860,0.1014,-0.0,-0.0,-0.0000,0.0000,-0.0966,-0.0029,-0.0294,1.3373,enc,
1786776874.936125,0.1033,-0.0,-0.0,-0.0000,0.0000,-0.0966,-0.0029,-0.0294,1.3372,enc,
1786776875.036987,0.1009,-0.0,-0.0,-0.0000,0.0000,-0.0966,-0.0029,-0.0294,1.3372,enc,
1786776875.141026,0.1040,-0.0,-0.0,-0.0000,0.0000,-0.0966,-0.0029,-0.0294,1.3372,enc,
1786776875.242666,0.1016,-0.0,-0.0,-0.0000,0.0000,-0.0966,-0.0029,-0.0294,1.3372,enc,
1786776875.345582,0.1029,-0.0,-0.0,-0.0000,0.0000,-0.0966,-0.0029,-0.0294,1.3371,enc,
1786776875.450556,0.1050,-0.0,-0.0,-0.0000,0.0000,-0.0966,-0.0029,-0.0294,1.3371,enc,
1786776875.550074,0.0995,-0.0,-0.0,-0.0000,0.0000,-0.0966,-0.0029,-0.0294,1.3370,enc,
1786776875.652592,0.1025,-0.0,-0.0,-0.0000,0.0000,-0.0966,-0.0029,-0.0294,1.3370,enc,
1786776875.756761,0.1042,-0.0,-0.0,-0.0000,0.0000,-0.0966,-0.0029,-0.0294,1.3369,enc,
1786776875.859841,0.1031,-0.0,-0.0,-0.0000,0.0000,-0.0966,-0.0029,-0.0294,1.3369,enc,
1786776875.960865,0.1010,-0.0,-0.0,-0.0000,0.0000,-0.0966,-0.0029,-0.0294,1.3370,enc,
1786776876.065391,0.1045,-0.0,-0.0,-0.0000,0.0000,-0.0966,-0.0029,-0.0294,1.3368,enc,
1786776876.166191,0.1008,-0.0,-0.0,-0.0000,0.0000,-0.0966,-0.0029,-0.0294,1.3368,enc,
1786776876.267487,0.1013,-0.0,-0.0,-0.0000,0.0000,-0.0966,-0.0029,-0.0294,1.3368,enc,
1786776876.368716,0.1012,-0.0,-0.0,-0.0000,0.0000,-0.0966,-0.0029,-0.0294,1.3368,enc,
1786776876.471633,0.1029,-0.0,-0.0,-0.0000,0.0000,-0.0966,-0.0029,-0.0294,1.3368,enc,
1786776876.573641,0.1020,-0.0,-0.0,-0.0000,0.0000,-0.0966,-0.0029,-0.0294,1.3368,enc,
1786776876.676194,0.1026,-0.0,-0.0,-0.0000,0.0000,-0.0966,-0.0029,-0.0294,1.3368,enc,
1786776876.778497,0.1023,-0.0,-0.0,-0.0000,0.0000,-0.0966,-0.0029,-0.0294,1.3367,enc,
1786776876.882183,0.1037,-0.0,-0.0,-0.0000,0.0000,-0.0966,-0.0029,-0.0294,1.3367,enc,
1786776876.983791,0.1016,-0.0,-0.0,-0.0000,0.0000,-0.0966,-0.0029,-0.0294,1.3367,enc,
1786776877.087962,0.1042,-0.0,-0.0,-0.0000,0.0000,-0.0966,-0.0029,-0.0294,1.3367,enc,
1786776877.189076,0.1011,-0.0,-0.0,-0.0000,0.0000,-0.0966,-0.0029,-0.0294,1.3366,enc,
1786776877.291212,0.1021,-0.0,-0.0,-0.0000,0.0000,-0.0966,-0.0029,-0.0294,1.3366,enc,
1786776877.395311,0.1041,-0.0,-0.0,-0.0000,0.0000,-0.0966,-0.0029,-0.0294,1.3366,enc,
1786776877.508119,0.1128,-0.0,-0.0,-0.0000,0.0000,-0.0966,-0.0029,-0.0294,1.3366,enc,
1786776877.602085,0.0940,-0.0,-0.0,-0.0000,0.0000,-0.0966,-0.0029,-0.0294,1.3366,enc,
1786776877.705376,0.1033,-0.0,-0.0,-0.0000,0.0000,-0.0966,-0.0029,-0.0294,1.3366,enc,
1786776877.803397,0.0980,-0.0,-0.0,-0.0000,0.0000,-0.0966,-0.0029,-0.0294,1.3366,enc,
1786776877.910367,0.1070,-0.0,-0.0,-0.0000,0.0000,-0.0966,-0.0029,-0.0294,1.3365,enc,
1786776878.017095,0.1067,-0.0,-0.0,-0.0000,0.0000,-0.0966,-0.0029,-0.0294,1.3365,enc,
1786776878.110264,0.0932,-0.0,-0.0,-0.0000,0.0000,-0.0966,-0.0029,-0.0294,1.3364,enc,
1786776878.213952,0.1037,-0.0,-0.0,-0.0000,0.0000,-0.0966,-0.0029,-0.0294,1.3364,enc,
1786776878.319469,0.1055,-0.0,-0.0,-0.0000,0.0000,-0.0966,-0.0029,-0.0294,1.3364,enc,
1786776878.420542,0.1011,-0.0,-0.0,-0.0000,0.0000,-0.0966,-0.0029,-0.0294,1.3364,enc,
1786776878.520094,0.0996,-0.0,-0.0,-0.0000,0.0000,-0.0966,-0.0029,-0.0294,1.3364,enc,
1786776878.625914,0.1058,-0.0,-0.0,-0.0000,0.0000,-0.0966,-0.0029,-0.0294,1.3364,enc,
1786776878.724439,0.0985,-0.0,-0.0,-0.0000,0.0000,-0.0966,-0.0029,-0.0294,1.3364,enc,
1786776878.828291,0.1039,-0.0,-0.0,-0.0000,0.0000,-0.0966,-0.0029,-0.0294,1.3364,enc,
1786776878.930675,0.1024,-0.0,-0.0,-0.0000,0.0000,-0.0966,-0.0029,-0.0294,1.3364,enc,
1786776879.033112,0.1024,-0.0,-0.0,-0.0000,0.0000,-0.0966,-0.0029,-0.0294,1.3364,enc,
1786776879.134948,0.1018,-0.0,-0.0,-0.0000,0.0000,-0.0966,-0.0029,-0.0294,1.3364,enc,
1786776879.237277,0.1023,-0.0,-0.0,-0.0000,0.0000,-0.0966,-0.0029,-0.0294,1.3364,enc,
1786776879.339710,0.1024,-0.0,-0.0,-0.0000,0.0000,-0.0966,-0.0029,-0.0294,1.3364,enc,
1786776879.442977,0.1033,-0.0,-0.0,-0.0000,0.0000,-0.0966,-0.0029,-0.0294,1.3364,enc,
1786776879.547004,0.1040,-0.0,-0.0,-0.0000,0.0000,-0.0966,-0.0029,-0.0294,1.3363,enc,
1786776879.649363,0.1024,-0.0,-0.0,-0.0000,0.0000,-0.0966,-0.0029,-0.0294,1.3363,enc,
1786776879.749048,0.0997,-0.0,-0.0,-0.0000,0.0000,-0.0966,-0.0029,-0.0294,1.3363,enc,
1786776879.852625,0.1036,-0.0,-0.0,-0.0000,0.0000,-0.0966,-0.0029,-0.0294,1.3363,enc,
1786776879.955095,0.1025,-0.0,-0.0,-0.0000,0.0000,-0.0966,-0.0029,-0.0294,1.3363,enc,
1786776880.057559,0.1025,-0.0,-0.0,-0.0000,0.0000,-0.0966,-0.0029,-0.0294,1.3364,enc,
1786776880.159535,0.1020,-0.0,-0.0,-0.0000,0.0000,-0.0966,-0.0029,-0.0294,1.3364,enc,
1786776880.262297,0.1028,-0.0,-0.0,-0.0000,0.0000,-0.0966,-0.0029,-0.0294,1.3364,enc,
1786776880.363858,0.1016,-0.0,-0.0,-0.0000,0.0000,-0.0966,-0.0029,-0.0294,1.3365,enc,
1786776880.467016,0.1032,-0.0,-0.0,-0.0000,0.0000,-0.0966,-0.0029,-0.0294,1.3365,enc,
1786776880.571062,0.1040,-0.0,-0.0,-0.0000,0.0000,-0.0966,-0.0029,-0.0294,1.3365,enc,
1786776880.670372,0.0993,-0.0,-0.0,-0.0000,0.0000,-0.0966,-0.0029,-0.0294,1.3364,enc,
1786776880.774016,0.1036,-0.0,-0.0,-0.0000,0.0000,-0.0966,-0.0029,-0.0294,1.3364,enc,
1786776880.879688,0.1057,-0.0,-0.0,-0.0000,0.0000,-0.0966,-0.0029,-0.0294,1.3364,enc,
1786776880.979147,0.0995,-0.0,-0.0,-0.0000,0.0000,-0.0966,-0.0029,-0.0294,1.3364,enc,
1786776881.080772,0.1016,-0.0,-0.0,-0.0000,0.0000,-0.0966,-0.0029,-0.0294,1.3364,enc,
1786776881.185446,0.1047,-0.0,-0.0,-0.0000,0.0000,-0.0966,-0.0029,-0.0294,1.3364,enc,
1786776881.286219,0.1008,-0.0,-0.0,-0.0000,0.0000,-0.0966,-0.0029,-0.0294,1.3364,enc,
1786776881.356941,0.0707,-0.0,-0.0,-0.0000,0.0000,-0.0966,-0.0029,-0.0294,1.3363,enc,
1786776881.541354,0.1844,-0.0,-0.0,-0.0000,0.0000,-0.0966,-0.0029,-0.0294,1.3363,enc,
1786776881.561847,0.0205,-0.0,-0.0,-0.0000,0.0000,-0.0966,-0.0029,-0.0294,1.3363,enc,
1786776881.694917,0.1331,-0.0,-0.0,-0.0000,0.0000,-0.0966,-0.0029,-0.0294,1.3363,enc,
1786776881.899208,0.2043,-0.0,-0.0,-0.0000,0.0000,-0.0966,-0.0029,-0.0294,1.3363,enc,
1786776881.899255,0.0000,-0.0,-0.0,-0.0000,0.0000,-0.0966,-0.0029,-0.0294,1.3363,enc,
1786776881.965131,0.0659,-0.0,-0.0,-0.0000,0.0000,-0.0966,-0.0029,-0.0294,1.3363,enc,
1786776882.067854,0.1027,-0.0,-0.0,-0.0000,0.0000,-0.0966,-0.0029,-0.0294,1.3363,enc,
1786776882.220988,0.1531,-0.0,-0.0,-0.0000,0.0000,-0.0966,-0.0029,-0.0294,1.3363,enc,
1786776882.271186,0.0502,-0.0,-0.0,-0.0000,0.0000,-0.0966,-0.0029,-0.0294,1.3363,enc,
1786776882.374902,0.1037,-0.0,-0.0,-0.0000,0.0000,-0.0966,-0.0029,-0.0294,1.3363,enc,
1786776882.563921,0.1890,-0.0,-0.0,-0.0000,0.0000,-0.0966,-0.0029,-0.0294,1.3363,enc,
1786776882.572271,0.0083,-0.0,-0.0,-0.0000,0.0000,-0.0966,-0.0029,-0.0294,1.3293,enc,
1786776882.674600,0.1023,-0.0,-0.0,-0.0000,0.0000,-0.0966,-0.0029,-0.0294,1.3362,enc,
1786776882.892199,0.2176,-0.0,-0.0,-0.0000,0.0000,-0.0966,-0.0029,-0.0294,1.3291,enc,
1786776882.892248,0.0000,-0.0,-0.0,-0.0000,0.0000,-0.0966,-0.0029,-0.0294,1.3292,enc,
1786776882.981979,0.0897,-0.0,-0.0,-0.0000,0.0000,-0.0966,-0.0029,-0.0294,1.3293,enc,
1786776883.084299,0.1023,-0.0,-0.0,-0.0000,0.0000,-0.0966,-0.0029,-0.0294,1.3225,enc,
1786776883.228555,0.1443,-0.0,-0.0,-0.0000,0.0000,-0.0966,-0.0029,-0.0294,1.3297,enc,
1786776883.289037,0.0605,-0.0,-0.0,-0.0000,0.0000,-0.0966,-0.0029,-0.0294,1.3296,enc,
1786776883.385048,0.0960,-0.0,-0.0,-0.0000,0.0000,-0.0966,-0.0029,-0.0294,1.3297,enc,
1786776883.588177,0.2031,-0.0,-0.0,-0.0000,0.0000,-0.0966,-0.0029,-0.0294,1.3297,enc,
1786776883.591295,0.0031,-0.0,-0.0,-0.0000,0.0000,-0.0966,-0.0029,-0.0294,1.3296,enc,
1786776883.692068,0.1008,-0.0,-0.0,-0.0000,0.0000,-0.0966,-0.0029,-0.0294,1.3296,enc,
1786776883.903523,0.2115,-0.0,-0.0,-0.0000,0.0000,-0.0966,-0.0029,-0.0294,1.3296,enc,
1786776883.903586,0.0001,-0.0,-0.0,-0.0000,0.0000,-0.0966,-0.0029,-0.0294,1.3296,enc,
1786776883.999806,0.0962,-0.0,-0.0,-0.0000,0.0000,-0.0966,-0.0029,-0.0294,1.3296,enc,
1786776884.101839,0.1020,-0.0,-0.0,-0.0000,0.0000,-0.0966,-0.0029,-0.0294,1.3296,enc,
1786776884.210520,0.1087,-0.0,-0.0,-0.0000,0.0000,-0.0966,-0.0029,-0.0294,1.3296,enc,
1786776884.309479,0.0990,-0.0,-0.0,-0.0000,0.0000,-0.0966,-0.0029,-0.0294,1.3295,enc,
1786776884.508325,0.1988,-0.0,-0.0,-0.0000,0.0000,-0.0966,-0.0029,-0.0294,1.3295,enc,
1786776884.526413,0.0181,-0.0,-0.0,-0.0000,0.0000,-0.0966,-0.0029,-0.0294,1.3295,enc,
1786776884.621403,0.0950,-0.0,-0.0,-0.0000,0.0000,-0.0966,-0.0029,-0.0294,1.3295,enc,
1786776884.830461,0.2091,-0.0,-0.0,-0.0000,0.0000,-0.0966,-0.0029,-0.0294,1.3295,enc,
1786776884.836405,0.0059,-0.0,-0.0,-0.0000,0.0000,-0.0966,-0.0029,-0.0294,1.3295,enc,
1786776884.929466,0.0931,-0.0,-0.0,-0.0000,0.0000,-0.0966,-0.0029,-0.0294,1.3295,enc,
1786776885.032130,0.1027,-0.0,-0.0,-0.0000,0.0000,-0.0966,-0.0029,-0.0294,1.3295,enc,
1786776885.174520,0.1424,-0.0,-0.0,-0.0000,0.0000,-0.0966,-0.0029,-0.0294,1.3295,enc,
1786776885.240551,0.0660,-0.0,-0.0,-0.0000,0.0000,-0.0966,-0.0029,-0.0294,1.3295,enc,
1786776885.339300,0.0987,-0.0,-0.0,-0.0000,0.0000,-0.0966,-0.0029,-0.0294,1.3295,enc,
1786776885.533185,0.1939,-0.0,-0.0,-0.0000,0.0000,-0.0966,-0.0029,-0.0294,1.3295,enc,
1786776885.541692,0.0085,-0.0,-0.0,-0.0000,0.0000,-0.0966,-0.0029,-0.0294,1.3295,enc,
1786776885.637669,0.0960,-0.0,-0.0,-0.0000,0.0000,-0.0966,-0.0029,-0.0294,1.3295,enc,
1786776885.837977,0.2003,-0.0,-0.0,-0.0000,0.0000,-0.0966,-0.0029,-0.0294,1.3295,enc,
1786776885.849151,0.0112,-0.0,-0.0,-0.0000,0.0000,-0.0966,-0.0029,-0.0294,1.3295,enc,
1786776885.944466,0.0953,-0.0,-0.0,-0.0000,0.0000,-0.0966,-0.0029,-0.0294,1.3295,enc,
1786776886.168753,0.2243,-0.0,-0.0,-0.0000,0.0000,-0.0966,-0.0029,-0.0294,1.3295,enc,
1786776886.199262,0.0305,-0.0,-0.0,-0.0000,0.0000,-0.0966,-0.0029,-0.0294,1.3295,enc,
1786776886.251358,0.0521,-0.0,-0.0,-0.0000,0.0000,-0.0966,-0.0029,-0.0294,1.3295,enc,
1786776886.354098,0.1027,-0.0,-0.0,-0.0000,0.0000,-0.0966,-0.0029,-0.0294,1.3295,enc,
1786776886.507989,0.1539,-0.0,-0.0,-0.0000,0.0000,-0.0966,-0.0029,-0.0294,1.3295,enc,
1786776886.559668,0.0517,-0.0,-0.0,-0.0000,0.0000,-0.0966,-0.0029,-0.0294,1.3295,enc,
1786776886.659914,0.1002,-0.0,-0.0,-0.0000,0.0000,-0.0966,-0.0029,-0.0294,1.3296,enc,
1786776886.822363,0.1624,-0.0,-0.0,-0.0000,0.0000,-0.0966,-0.0029,-0.0294,1.3295,enc,
1786776886.867901,0.0455,-0.0,-0.0,-0.0000,0.0000,-0.0966,-0.0029,-0.0294,1.3295,enc,
1786776886.969031,0.1011,-0.0,-0.0,-0.0000,0.0000,-0.0966,-0.0029,-0.0294,1.3295,enc,
1786776887.173149,0.2041,-0.0,-0.0,-0.0000,0.0000,-0.0966,-0.0029,-0.0294,1.3295,enc,
1786776887.174865,0.0017,-0.0,-0.0,-0.0000,0.0000,-0.0966,-0.0029,-0.0294,1.3294,enc,
1786776887.277193,0.1023,-0.0,-0.0,-0.0000,0.0000,-0.0966,-0.0029,-0.0294,1.3294,enc,
1786776887.480505,0.2033,-0.0,-0.0,-0.0000,0.0000,-0.0966,-0.0029,-0.0294,1.3294,enc,
1786776887.487419,0.0069,-0.0,-0.0,-0.0000,0.0000,-0.0966,-0.0029,-0.0294,1.3295,enc,
1786776887.583333,0.0959,-0.0,-0.0,-0.0000,0.0000,-0.0966,-0.0029,-0.0294,1.3295,enc,
1786776887.839107,0.2558,-0.0,-0.0,-0.0000,0.0000,-0.0966,-0.0029,-0.0294,1.3294,enc,
1786776887.839159,0.0001,-0.0,-0.0,-0.0000,0.0000,-0.0966,-0.0029,-0.0294,1.3294,enc,
1786776887.891922,0.0528,-0.0,-0.0,-0.0000,0.0000,-0.0966,-0.0029,-0.0294,1.3294,enc,
1786776887.992914,0.1010,-0.0,-0.0,-0.0000,0.0000,-0.0966,-0.0029,-0.0294,1.3294,enc,
1786776888.145122,0.1522,-0.0,-0.0,-0.0000,0.0000,-0.0966,-0.0029,-0.0294,1.3294,enc,
1786776888.197921,0.0528,-0.0,-0.0,-0.0000,0.0000,-0.0966,-0.0029,-0.0294,1.3294,enc,
1786776888.299965,0.1020,-0.0,-0.0,-0.0000,0.0000,-0.0966,-0.0029,-0.0294,1.3294,enc,
1786776888.465000,0.1650,-0.0,-0.0,-0.0000,0.0000,-0.0966,-0.0029,-0.0294,1.3294,enc,
1786776888.506821,0.0418,-0.0,-0.0,-0.0000,0.0000,-0.0966,-0.0029,-0.0294,1.3293,enc,
1786776888.607780,0.1010,-0.0,-0.0,-0.0000,0.0000,-0.0966,-0.0029,-0.0294,1.3293,enc,
1786776888.811342,0.2036,-0.0,-0.0,-0.0000,0.0000,-0.0966,-0.0029,-0.0294,1.3293,enc,
1786776888.813245,0.0019,-0.0,-0.0,-0.0000,0.0000,-0.0966,-0.0029,-0.0294,1.3293,enc,
1786776888.931426,0.1182,-0.0,-0.0,-0.0000,0.0000,-0.0966,-0.0029,-0.0294,1.3293,enc,
1786776889.119059,0.1876,-0.0,-0.0,-0.0000,0.0000,-0.0966,-0.0029,-0.0294,1.3293,enc,
1786776889.125961,0.0069,-0.0,-0.0,-0.0000,0.0000,-0.0966,-0.0029,-0.0294,1.3293,enc,
1786776889.221302,0.0953,-0.0,-0.0,-0.0000,0.0000,-0.0966,-0.0029,-0.0294,1.3293,enc,
1786776889.323451,0.1021,-0.0,-0.0,-0.0000,0.0000,-0.0966,-0.0029,-0.0294,1.3294,enc,
1786776889.476408,0.1530,-0.0,-0.0,-0.0000,0.0000,-0.0966,-0.0029,-0.0294,1.3294,enc,
1786776889.528203,0.0518,-0.0,-0.0,-0.0000,0.0000,-0.0966,-0.0029,-0.0294,1.3294,enc,
1786776889.633748,0.1055,-0.0,-0.0,-0.0000,0.0000,-0.0966,-0.0029,-0.0294,1.3294,enc,
1786776889.786944,0.1532,-0.0,-0.0,-0.0000,0.0000,-0.0966,-0.0029,-0.0294,1.3294,enc,
1786776889.835718,0.0488,-0.0,-0.0,-0.0000,0.0000,-0.0966,-0.0029,-0.0294,1.3294,enc,
1786776889.937728,0.1020,-0.0,-0.0,-0.0000,0.0000,-0.0966,-0.0029,-0.0294,1.3293,enc,
1786776890.141634,0.2039,-0.0,-0.0,-0.0000,0.0000,-0.0966,-0.0029,-0.0294,1.3293,enc,
1786776890.143054,0.0014,-0.0,-0.0,-0.0000,0.0000,-0.0966,-0.0029,-0.0294,1.3293,enc,
1786776890.244879,0.1018,-0.0,-0.0,-0.0000,0.0000,-0.0966,-0.0029,-0.0294,1.3293,enc,
1786776890.401335,0.1565,-0.0,-0.0,-0.0000,0.0000,-0.0966,-0.0029,-0.0294,1.3293,enc,
1786776890.449927,0.0486,-0.0,-0.0,-0.0000,0.0000,-0.0966,-0.0029,-0.0294,1.3293,enc,
1786776890.552313,0.1024,-0.0,-0.0,-0.0000,0.0000,-0.0966,-0.0029,-0.0294,1.3294,enc,
1786776890.666508,0.1142,-0.0,-0.0,-0.0000,0.0000,-0.0966,-0.0029,-0.0294,1.3294,enc,
1786776890.757291,0.0908,-0.0,-0.0,-0.0000,0.0000,-0.0966,-0.0029,-0.0294,1.3294,enc,
1786776890.859411,0.1021,-0.0,-0.0,-0.0000,0.0000,-0.0966,-0.0029,-0.0294,1.3294,enc,
1786776890.961934,0.1025,-0.0,-0.0,-0.0000,0.0000,-0.0966,-0.0029,-0.0294,1.3294,enc,
1786776891.064415,0.1025,-0.0,-0.0,-0.0000,0.0000,-0.0966,-0.0029,-0.0294,1.3294,enc,
1786776891.166482,0.1021,-0.0,-0.0,-0.0000,0.0000,-0.0966,-0.0029,-0.0294,1.3294,enc,
1786776891.269208,0.1027,-0.0,-0.0,-0.0000,0.0000,-0.0966,-0.0029,-0.0294,1.3294,enc,
1786776891.378666,0.1095,-0.0,-0.0,-0.0000,0.0000,-0.0966,-0.0029,-0.0294,1.3293,enc,
1786776891.474311,0.0956,-0.0,-0.0,-0.0000,0.0000,-0.0966,-0.0029,-0.0294,1.3293,enc,
1786776891.576279,0.1020,-0.0,-0.0,-0.0000,0.0000,-0.0966,-0.0029,-0.0294,1.3293,enc,
1786776891.680017,0.1037,-0.0,-0.0,-0.0000,0.0000,-0.0966,-0.0029,-0.0294,1.3293,enc,
1786776891.781146,0.1011,-0.0,-0.0,-0.0000,0.0000,-0.0966,-0.0029,-0.0294,1.3293,enc,
1786776891.883304,0.1022,-0.0,-0.0,-0.0000,0.0000,-0.0966,-0.0029,-0.0294,1.3293,enc,
1786776891.987484,0.1042,-0.0,-0.0,-0.0000,0.0000,-0.0966,-0.0029,-0.0294,1.3293,enc,
1786776892.087424,0.0999,-0.0,-0.0,-0.0000,0.0000,-0.0966,-0.0029,-0.0294,1.3294,enc,
1786776892.190456,0.1030,-0.0,-0.0,-0.0000,0.0000,-0.0966,-0.0029,-0.0294,1.3294,enc,
1786776892.294670,0.1042,-0.0,-0.0,-0.0000,0.0000,-0.0966,-0.0029,-0.0294,1.3294,enc,
1786776892.395338,0.1007,-0.0,-0.0,-0.0000,0.0000,-0.0966,-0.0029,-0.0294,1.3294,enc,
1786776892.497625,0.1023,-0.0,-0.0,-0.0000,0.0000,-0.0966,-0.0029,-0.0294,1.3294,enc,
1786776892.600458,0.1028,-0.0,-0.0,-0.0000,0.0000,-0.0966,-0.0029,-0.0294,1.3294,enc,
1786776892.702133,0.1017,-0.0,-0.0,-0.0000,0.0000,-0.0966,-0.0029,-0.0294,1.3294,enc,
1786776892.903920,0.2018,-0.0,-0.0,-0.0000,0.0000,-0.0966,-0.0029,-0.0294,1.3294,enc,
1786776892.908942,0.0050,-0.0,-0.0,-0.0000,0.0000,-0.0966,-0.0029,-0.0294,1.3294,enc,
1786776893.010051,0.1011,-0.0,-0.0,-0.0000,0.0000,-0.0966,-0.0029,-0.0294,1.3294,enc,
1786776893.115009,0.1050,-0.0,-0.0,-0.0000,0.0000,-0.0966,-0.0029,-0.0294,1.3295,enc,
1786776893.215358,0.1003,-0.0,-0.0,-0.0000,0.0000,-0.0966,-0.0029,-0.0294,1.3294,enc,
1786776893.316895,0.1015,-0.0,-0.0,-0.0000,0.0000,-0.0966,-0.0029,-0.0294,1.3294,enc,
1786776893.388030,0.0711,-0.0,-0.0,-0.0000,0.0000,-0.0966,-0.0029,-0.0294,1.3294,enc,
1786776893.489046,0.1010,-0.0,-0.0,-0.0000,0.0000,-0.0966,-0.0029,-0.0294,1.3294,enc,
1786776893.594034,0.1050,-0.0,-0.0,-0.0000,0.0000,-0.0966,-0.0029,-0.0294,1.3294,enc,
1786776893.726103,0.1321,-0.0,-0.0,-0.0000,0.0000,-0.0966,-0.0029,-0.0294,1.3294,enc,
1786776893.797724,0.0716,-0.0,-0.0,-0.0000,0.0000,-0.0966,-0.0029,-0.0294,1.3294,enc,
1786776893.900414,0.1027,-0.0,-0.0,-0.0000,0.0000,-0.0966,-0.0029,-0.0294,1.3293,enc,
1786776894.001041,0.1006,-0.0,-0.0,-0.0000,0.0000,-0.0966,-0.0029,-0.0294,1.3293,enc,
1786776894.101293,0.1003,-0.0,-0.0,-0.0000,0.0000,-0.0966,-0.0029,-0.0294,1.3293,enc,
1786776894.200121,0.0988,-0.0,-0.0,-0.0000,0.0000,-0.0966,-0.0029,-0.0294,1.3293,enc,
1786776894.302422,0.1023,-0.0,-0.0,-0.0000,0.0000,-0.0966,-0.0029,-0.0294,1.3293,enc,
1786776894.403822,0.1014,-0.0,-0.0,-0.0000,0.0000,-0.0966,-0.0029,-0.0294,1.3293,enc,
1786776894.505980,0.1022,-0.0,-0.0,-0.0000,0.0000,-0.0966,-0.0029,-0.0294,1.3293,enc,
1786776894.609183,0.1032,-0.0,-0.0,-0.0000,0.0000,-0.0966,-0.0029,-0.0294,1.3293,enc,
1786776894.709229,0.1000,-0.0,-0.0,-0.0000,0.0000,-0.0966,-0.0029,-0.0294,1.3293,enc,
1786776894.812318,0.1031,-0.0,-0.0,-0.0000,0.0000,-0.0966,-0.0029,-0.0294,1.3293,enc,
1786776894.917019,0.1047,-0.0,-0.0,-0.0000,0.0000,-0.0966,-0.0029,-0.0294,1.3293,enc,
1786776895.023007,0.1060,-0.0,-0.0,-0.0000,0.0000,-0.0966,-0.0029,-0.0294,1.3293,enc,
1786776895.126919,0.1039,-0.0,-0.0,-0.0000,0.0000,-0.0966,-0.0029,-0.0294,1.3293,enc,
1786776895.227612,0.1007,-0.0,-0.0,-0.0000,0.0000,-0.0966,-0.0029,-0.0294,1.3293,enc,
1786776895.326867,0.0993,-0.0,-0.0,-0.0000,0.0000,-0.0966,-0.0029,-0.0294,1.3293,enc,
1786776895.428212,0.1013,-0.0,-0.0,-0.0000,0.0000,-0.0966,-0.0029,-0.0294,1.3294,enc,
1786776895.526086,0.0979,-0.0,-0.0,-0.0000,0.0000,-0.0966,-0.0029,-0.0294,1.3295,enc,
1786776895.631950,0.1059,-0.0,-0.0,-0.0000,0.0000,-0.0966,-0.0029,-0.0294,1.3295,enc,
1786776895.733401,0.1015,-0.0,-0.0,-0.0000,0.0000,-0.0966,-0.0029,-0.0294,1.3295,enc,
1786776895.837792,0.1044,-0.0,-0.0,-0.0000,0.0000,-0.0966,-0.0029,-0.0294,1.3295,enc,
1786776895.937650,0.0999,-0.0,-0.0,-0.0000,0.0000,-0.0966,-0.0029,-0.0294,1.3295,enc,
1786776896.038030,0.1004,-0.0,-0.0,-0.0000,0.0000,-0.0966,-0.0029,-0.0294,1.3296,enc,
1786776896.141360,0.1033,-0.0,-0.0,-0.0000,0.0000,-0.0966,-0.0029,-0.0294,1.3296,enc,
1786776896.241941,0.1006,-0.0,-0.0,-0.0000,0.0000,-0.0966,-0.0029,-0.0294,1.3296,enc,
1786776896.341617,0.0997,-0.0,-0.0,-0.0000,0.0000,-0.0966,-0.0029,-0.0294,1.3296,enc,
1786776896.445062,0.1034,-0.0,-0.0,-0.0000,0.0000,-0.0966,-0.0029,-0.0294,1.3296,enc,
1786776896.546467,0.1014,-0.0,-0.0,-0.0000,0.0000,-0.0966,-0.0029,-0.0294,1.3296,enc,
1786776896.647920,0.1015,-0.0,-0.0,-0.0000,0.0000,-0.0966,-0.0029,-0.0294,1.3296,enc,
1786776896.751950,0.1040,-0.0,-0.0,-0.0000,0.0000,-0.0966,-0.0029,-0.0294,1.3298,enc,
1786776896.853826,0.1019,-0.0,-0.0,-0.0000,0.0000,-0.0966,-0.0029,-0.0294,1.3298,enc,
1786776896.955574,0.1017,-0.0,-0.0,-0.0000,0.0000,-0.0966,-0.0029,-0.0294,1.3298,enc,
1786776897.058680,0.1031,-0.0,-0.0,-0.0000,0.0000,-0.0966,-0.0029,-0.0294,1.3298,enc,
1786776897.164430,0.1058,-0.0,-0.0,-0.0000,0.0000,-0.0966,-0.0029,-0.0294,1.3298,enc,
1786776897.262465,0.0980,-0.0,-0.0,-0.0000,0.0000,-0.0966,-0.0029,-0.0294,1.3297,enc,
1786776897.364849,0.1024,-0.0,-0.0,-0.0000,0.0000,-0.0966,-0.0029,-0.0294,1.3297,enc,
1786776897.464865,0.1000,-0.0,-0.0,-0.0000,0.0000,-0.0966,-0.0029,-0.0294,1.3297,enc,
1786776897.566508,0.1016,-0.0,-0.0,-0.0000,0.0000,-0.0966,-0.0029,-0.0294,1.3297,enc,
1786776897.672709,0.1062,-0.0,-0.0,-0.0000,0.0000,-0.0966,-0.0029,-0.0294,1.3297,enc,
1786776897.773971,0.1013,-0.0,-0.0,-0.0000,0.0000,-0.0966,-0.0029,-0.0294,1.3297,enc,
1786776897.875000,0.1010,-0.0,-0.0,-0.0000,0.0000,-0.0966,-0.0029,-0.0294,1.3297,enc,
1786776897.979054,0.1041,-0.0,-0.0,-0.0000,0.0000,-0.0966,-0.0029,-0.0294,1.3297,enc,
1786776898.078970,0.0999,-0.0,-0.0,-0.0000,0.0000,-0.0966,-0.0029,-0.0294,1.3297,enc,
1786776898.183904,0.1049,-0.0,-0.0,-0.0000,0.0000,-0.0966,-0.0029,-0.0294,1.3297,enc,
1786776898.284633,0.1007,-0.0,-0.0,-0.0000,0.0000,-0.0966,-0.0029,-0.0294,1.3297,enc,
1786776898.384873,0.1002,-0.0,-0.0,-0.0000,0.0000,-0.0966,-0.0029,-0.0294,1.3297,enc,
1786776898.488739,0.1039,-0.0,-0.0,-0.0000,0.0000,-0.0966,-0.0029,-0.0294,1.3298,enc,
1786776898.591980,0.1032,-0.0,-0.0,-0.0000,0.0000,-0.0966,-0.0029,-0.0294,1.3298,enc,
1786776898.694451,0.1025,-0.0,-0.0,-0.0000,0.0000,-0.0966,-0.0029,-0.0294,1.3297,enc,
1786776898.796356,0.1019,-0.0,-0.0,-0.0000,0.0000,-0.0966,-0.0029,-0.0294,1.3297,enc,
1786776898.898482,0.1021,-0.0,-0.0,-0.0000,0.0000,-0.0966,-0.0029,-0.0294,1.3296,enc,
1786776899.008403,0.1099,-0.0,-0.0,-0.0000,0.0000,-0.0966,-0.0029,-0.0294,1.3296,enc,
1786776899.101692,0.0933,-0.0,-0.0,-0.0000,0.0000,-0.0966,-0.0029,-0.0294,1.3295,enc,
1786776899.207884,0.1062,-0.0,-0.0,-0.0000,0.0000,-0.0966,-0.0029,-0.0294,1.3295,enc,
1786776899.307300,0.0994,-0.0,-0.0,-0.0000,0.0000,-0.0966,-0.0029,-0.0294,1.3295,enc,
1786776899.410238,0.1029,-0.0,-0.0,-0.0000,0.0000,-0.0966,-0.0029,-0.0294,1.3295,enc,
1786776899.513043,0.1028,-0.0,-0.0,-0.0000,0.0000,-0.0966,-0.0029,-0.0294,1.3295,enc,
1786776899.613787,0.1007,-0.0,-0.0,-0.0000,0.0000,-0.0966,-0.0029,-0.0294,1.3295,enc,
1786776899.716201,0.1024,-0.0,-0.0,-0.0000,0.0000,-0.0966,-0.0029,-0.0294,1.3295,enc,
1786776899.818457,0.1023,-0.0,-0.0,-0.0000,0.0000,-0.0966,-0.0029,-0.0294,1.3295,enc,
1786776899.920802,0.1023,-0.0,-0.0,-0.0000,0.0000,-0.0966,-0.0029,-0.0294,1.3295,enc,
1786776900.023172,0.1024,-0.0,-0.0,-0.0000,0.0000,-0.0966,-0.0029,-0.0294,1.3295,enc,
1786776900.125953,0.1028,-0.0,-0.0,-0.0000,0.0000,-0.0966,-0.0029,-0.0294,1.3294,enc,
1786776900.228371,0.1024,-0.0,-0.0,-0.0000,0.0000,-0.0966,-0.0029,-0.0294,1.3294,enc,
1786776900.339559,0.1112,-0.0,-0.0,-0.0000,0.0000,-0.0966,-0.0029,-0.0294,1.3293,enc,
1786776900.433362,0.0938,-0.0,-0.0,-0.0000,0.0000,-0.0966,-0.0029,-0.0294,1.3293,enc,
1786776900.537737,0.1044,-0.0,-0.0,-0.0000,0.0000,-0.0966,-0.0029,-0.0294,1.3294,enc,
1786776900.638893,0.1012,-0.0,-0.0,-0.0000,0.0000,-0.0966,-0.0029,-0.0294,1.3294,enc,
1786776900.743451,0.1046,-0.0,-0.0,-0.0000,0.0000,-0.0966,-0.0029,-0.0294,1.3294,enc,
1786776900.848487,0.1050,-0.0,-0.0,-0.0000,0.0000,-0.0966,-0.0029,-0.0294,1.3294,enc,
1786776900.946489,0.0980,-0.0,-0.0,-0.0000,0.0000,-0.0966,-0.0029,-0.0294,1.3294,enc,
1786776901.048376,0.1019,-0.0,-0.0,-0.0000,0.0000,-0.0966,-0.0029,-0.0294,1.3294,enc,
1786776901.151722,0.1033,-0.0,-0.0,-0.0000,0.0000,-0.0966,-0.0029,-0.0294,1.3294,enc,
1786776901.252053,0.1003,-0.0,-0.0,-0.0000,0.0000,-0.0966,-0.0029,-0.0294,1.3294,enc,
1786776901.354580,0.1025,-0.0,-0.0,-0.0000,0.0000,-0.0966,-0.0029,-0.0294,1.3296,enc,
1786776901.459753,0.1052,-0.0,-0.0,-0.0000,0.0000,-0.0966,-0.0029,-0.0294,1.3296,enc,
1786776901.560374,0.1006,-0.0,-0.0,-0.0000,0.0000,-0.0966,-0.0029,-0.0294,1.3296,enc,
1786776901.663182,0.1028,-0.0,-0.0,-0.0000,0.0000,-0.0966,-0.0029,-0.0294,1.3296,enc,
1786776901.768644,0.1055,-0.0,-0.0,-0.0000,0.0000,-0.0966,-0.0029,-0.0294,1.3294,enc,
1786776901.867029,0.0984,-0.0,-0.0,-0.0000,0.0000,-0.0966,-0.0029,-0.0294,1.3294,enc,
1786776901.968876,0.1018,-0.0,-0.0,-0.0000,0.0000,-0.0966,-0.0029,-0.0294,1.3294,enc,
1786776902.073246,0.1044,-0.0,-0.0,-0.0000,0.0000,-0.0966,-0.0029,-0.0294,1.3294,enc,
1786776902.174111,0.1009,-0.0,-0.0,-0.0000,0.0000,-0.0966,-0.0029,-0.0294,1.3294,enc,
1786776902.277239,0.1031,-0.0,-0.0,-0.0000,0.0000,-0.0966,-0.0029,-0.0294,1.3294,enc,
1786776902.379763,0.1025,-0.0,-0.0,-0.0000,0.0000,-0.0966,-0.0029,-0.0294,1.3294,enc,
1786776902.481367,0.1016,-0.0,-0.0,-0.0000,0.0000,-0.0966,-0.0029,-0.0294,1.3294,enc,
1786776902.583623,0.1023,-0.0,-0.0,-0.0000,0.0000,-0.0966,-0.0029,-0.0294,1.3294,enc,
1786776902.688383,0.1048,-0.0,-0.0,-0.0000,0.0000,-0.0966,-0.0029,-0.0294,1.3294,enc,
1786776902.793187,0.1048,-0.0,-0.0,-0.0000,0.0000,-0.0966,-0.0029,-0.0294,1.3294,enc,
1786776902.891866,0.0987,-0.0,-0.0,-0.0000,0.0000,-0.0966,-0.0029,-0.0294,1.3294,enc,
1786776902.994772,0.1029,-0.0,-0.0,-0.0000,0.0000,-0.0966,-0.0029,-0.0294,1.3294,enc,
1786776903.097585,0.1028,-0.0,-0.0,-0.0000,0.0000,-0.0966,-0.0029,-0.0294,1.3295,enc,
1786776903.199970,0.1024,-0.0,-0.0,-0.0000,0.0000,-0.0966,-0.0029,-0.0294,1.3295,enc,
1786776903.301279,0.1013,-0.0,-0.0,-0.0000,0.0000,-0.0966,-0.0029,-0.0294,1.3295,enc,
1786776903.405489,0.1042,-0.0,-0.0,-0.0000,0.0000,-0.0966,-0.0029,-0.0294,1.3295,enc,
1786776903.680817,0.2753,-0.0,-0.0,-0.0000,0.0000,-0.0966,-0.0029,-0.0294,1.3295,enc,
1786776903.710210,0.0294,-0.0,-0.0,-0.0000,0.0000,-0.0966,-0.0029,-0.0294,1.3295,enc,
1786776903.812830,0.1026,-0.0,-0.0,-0.0000,0.0000,-0.0966,-0.0029,-0.0294,1.3296,enc,
1786776903.914633,0.1018,-0.0,-0.0,-0.0000,0.0000,-0.0966,-0.0029,-0.0294,1.3296,enc,
1786776904.017897,0.1033,-0.0,-0.0,-0.0000,0.0000,-0.0966,-0.0029,-0.0294,1.3296,enc,
1786776904.120380,0.1025,-0.0,-0.0,-0.0000,0.0000,-0.0966,-0.0029,-0.0294,1.3295,enc,
1786776904.222739,0.1024,-0.0,-0.0,-0.0000,0.0000,-0.0966,-0.0029,-0.0294,1.3295,enc,
1786776904.326601,0.1039,-0.0,-0.0,-0.0000,0.0000,-0.0966,-0.0029,-0.0294,1.3295,enc,
1786776904.426647,0.1000,-0.0,-0.0,-0.0000,0.0000,-0.0966,-0.0029,-0.0294,1.3295,enc,
1786776904.530471,0.1038,-0.0,-0.0,-0.0000,0.0000,-0.0966,-0.0029,-0.0294,1.3295,enc,
1786776904.631506,0.1010,-0.0,-0.0,-0.0000,0.0000,-0.0966,-0.0029,-0.0294,1.3295,enc,
1786776904.735616,0.1041,-0.0,-0.0,-0.0000,0.0000,-0.0966,-0.0029,-0.0294,1.3295,enc,
1786776904.837773,0.1022,-0.0,-0.0,-0.0000,0.0000,-0.0966,-0.0029,-0.0294,1.3295,enc,
1786776904.940168,0.1024,-0.0,-0.0,-0.0000,0.0000,-0.0966,-0.0029,-0.0294,1.3295,enc,
1786776905.042901,0.1027,-0.0,-0.0,-0.0000,0.0000,-0.0966,-0.0029,-0.0294,1.3295,enc,
1786776905.145487,0.1026,-0.0,-0.0,-0.0000,0.0000,-0.0966,-0.0029,-0.0294,1.3296,enc,
1786776905.249444,0.1040,-0.0,-0.0,-0.0000,0.0000,-0.0966,-0.0029,-0.0294,1.3296,enc,
1786776905.353239,0.1038,-0.0,-0.0,-0.0000,0.0000,-0.0966,-0.0029,-0.0294,1.3296,enc,
1786776905.451653,0.0984,-0.0,-0.0,-0.0000,0.0000,-0.0966,-0.0029,-0.0294,1.3296,enc,
1786776905.554307,0.1027,-0.0,-0.0,-0.0000,0.0000,-0.0966,-0.0029,-0.0294,1.3296,enc,
1786776905.656692,0.1024,-0.0,-0.0,-0.0000,0.0000,-0.0966,-0.0029,-0.0294,1.3296,enc,
1786776905.757959,0.1013,-0.0,-0.0,-0.0000,0.0000,-0.0966,-0.0029,-0.0294,1.3296,enc,
1786776905.860157,0.1022,-0.0,-0.0,-0.0000,0.0000,-0.0966,-0.0029,-0.0294,1.3296,enc,
1786776905.963356,0.1032,-0.0,-0.0,-0.0000,0.0000,-0.0966,-0.0029,-0.0294,1.3296,enc,
1786776906.065171,0.1018,-0.0,-0.0,-0.0000,0.0000,-0.0966,-0.0029,-0.0294,1.3296,enc,
1786776906.167556,0.1024,-0.0,-0.0,-0.0000,0.0000,-0.0966,-0.0029,-0.0294,1.3296,enc,
1786776906.270904,0.1033,-0.0,-0.0,-0.0000,0.0000,-0.0966,-0.0029,-0.0294,1.3296,enc,
1786776906.372119,0.1012,-0.0,-0.0,-0.0000,0.0000,-0.0966,-0.0029,-0.0294,1.3296,enc,
1786776906.475425,0.1033,-0.0,-0.0,-0.0000,0.0000,-0.0966,-0.0029,-0.0294,1.3296,enc,
1786776906.576837,0.1014,-0.0,-0.0,-0.0000,0.0000,-0.0966,-0.0029,-0.0294,1.3296,enc,
1786776906.679547,0.1027,-0.0,-0.0,-0.0000,0.0000,-0.0966,-0.0029,-0.0294,1.3296,enc,
1786776906.781505,0.1020,-0.0,-0.0,-0.0000,0.0000,-0.0966,-0.0029,-0.0294,1.3296,enc,
1786776906.885185,0.1037,-0.0,-0.0,-0.0000,0.0000,-0.0966,-0.0029,-0.0294,1.3296,enc,
1786776906.986783,0.1016,-0.0,-0.0,-0.0000,0.0000,-0.0966,-0.0029,-0.0294,1.3294,enc,
1786776907.089057,0.1023,-0.0,-0.0,-0.0000,0.0000,-0.0966,-0.0029,-0.0294,1.3294,enc,
1786776907.191686,0.1026,-0.0,-0.0,-0.0000,0.0000,-0.0966,-0.0029,-0.0294,1.3295,enc,
1786776907.294744,0.1031,-0.0,-0.0,-0.0000,0.0000,-0.0966,-0.0029,-0.0294,1.3295,enc,
1786776907.397555,0.1028,-0.0,-0.0,-0.0000,0.0000,-0.0966,-0.0029,-0.0294,1.3295,enc,
1786776907.498583,0.1010,-0.0,-0.0,-0.0000,0.0000,-0.0966,-0.0029,-0.0294,1.3295,enc,
1786776907.602581,0.1040,-0.0,-0.0,-0.0000,0.0000,-0.0966,-0.0029,-0.0294,1.3295,enc,
1786776907.703498,0.1009,-0.0,-0.0,-0.0000,0.0000,-0.0966,-0.0029,-0.0294,1.3295,enc,
1786776907.806400,0.1029,-0.0,-0.0,-0.0000,0.0000,-0.0966,-0.0029,-0.0294,1.3295,enc,
1786776907.908396,0.1020,-0.0,-0.0,-0.0000,0.0000,-0.0966,-0.0029,-0.0294,1.3295,enc,
1786776908.011254,0.1029,-0.0,-0.0,-0.0000,0.0000,-0.0966,-0.0029,-0.0294,1.3295,enc,
1786776908.113918,0.1027,-0.0,-0.0,-0.0000,0.0000,-0.0966,-0.0029,-0.0294,1.3295,enc,
1786776908.219389,0.1055,-0.0,-0.0,-0.0000,0.0000,-0.0966,-0.0029,-0.0294,1.3295,enc,
1786776908.319024,0.0996,-0.0,-0.0,-0.0000,0.0000,-0.0966,-0.0029,-0.0294,1.3295,enc,
1786776908.421111,0.1021,-0.0,-0.0,-0.0000,0.0000,-0.0966,-0.0029,-0.0294,1.3295,enc,
1786776908.526348,0.1052,-0.0,-0.0,-0.0000,0.0000,-0.0966,-0.0029,-0.0294,1.3295,enc,
1786776908.629347,0.1030,-0.0,-0.0,-0.0000,0.0000,-0.0966,-0.0029,-0.0294,1.3295,enc,
1786776908.728189,0.0988,-0.0,-0.0,-0.0000,0.0000,-0.0966,-0.0029,-0.0294,1.3295,enc,
1786776908.835740,0.1076,-0.0,-0.0,-0.0000,0.0000,-0.0966,-0.0029,-0.0294,1.3295,enc,
1786776908.933028,0.0973,-0.0,-0.0,-0.0000,0.0000,-0.0966,-0.0029,-0.0294,1.3295,enc,
1786776909.034596,0.1016,-0.0,-0.0,-0.0000,0.0000,-0.0966,-0.0029,-0.0294,1.3295,enc,
1786776909.137044,0.1024,-0.0,-0.0,-0.0000,0.0000,-0.0966,-0.0029,-0.0294,1.3295,enc,
1786776909.239722,0.1027,-0.0,-0.0,-0.0000,0.0000,-0.0966,-0.0029,-0.0294,1.3295,enc,
1786776909.341821,0.1021,-0.0,-0.0,-0.0000,0.0000,-0.0966,-0.0029,-0.0294,1.3295,enc,
1786776909.443879,0.1021,-0.0,-0.0,-0.0000,0.0000,-0.0966,-0.0029,-0.0294,1.3295,enc,
1786776909.547864,0.1040,-0.0,-0.0,-0.0000,0.0000,-0.0966,-0.0029,-0.0294,1.3296,enc,
1786776909.649843,0.1020,-0.0,-0.0,-0.0000,0.0000,-0.0966,-0.0029,-0.0294,1.3296,enc,
1786776909.751852,0.1020,-0.0,-0.0,-0.0000,0.0000,-0.0966,-0.0029,-0.0294,1.3296,enc,
1786776909.857632,0.1058,-0.0,-0.0,-0.0000,0.0000,-0.0966,-0.0029,-0.0294,1.3296,enc,
1786776909.958399,0.1008,-0.0,-0.0,-0.0000,0.0000,-0.0966,-0.0029,-0.0294,1.3296,enc,
1786776910.059482,0.1011,-0.0,-0.0,-0.0000,0.0000,-0.0966,-0.0029,-0.0294,1.3296,enc,
1786776910.163396,0.1039,-0.0,-0.0,-0.0000,0.0000,-0.0966,-0.0029,-0.0294,1.3295,enc,
1786776910.264479,0.1011,-0.0,-0.0,-0.0000,0.0000,-0.0966,-0.0029,-0.0294,1.3295,enc,
1786776910.368212,0.1037,-0.0,-0.0,-0.0000,0.0000,-0.0966,-0.0029,-0.0294,1.3295,enc,
1786776910.470653,0.1024,-0.0,-0.0,-0.0000,0.0000,-0.0966,-0.0029,-0.0294,1.3295,enc,
1786776910.571657,0.1010,-0.0,-0.0,-0.0000,0.0000,-0.0966,-0.0029,-0.0294,1.3295,enc,
1786776910.675571,0.1039,-0.0,-0.0,-0.0000,0.0000,-0.0966,-0.0029,-0.0294,1.3293,enc,
1786776910.776997,0.1014,-0.0,-0.0,-0.0000,0.0000,-0.0966,-0.0029,-0.0294,1.3294,enc,
1786776910.881949,0.1050,-0.0,-0.0,-0.0000,0.0000,-0.0966,-0.0029,-0.0294,1.3294,enc,
1786776910.983949,0.1020,-0.0,-0.0,-0.0000,0.0000,-0.0966,-0.0029,-0.0294,1.3294,enc,
1786776911.086345,0.1024,-0.0,-0.0,-0.0000,0.0000,-0.0966,-0.0029,-0.0294,1.3294,enc,
1786776911.186169,0.0998,-0.0,-0.0,-0.0000,0.0000,-0.0966,-0.0029,-0.0294,1.3294,enc,
1786776911.289385,0.1032,-0.0,-0.0,-0.0000,0.0000,-0.0966,-0.0029,-0.0294,1.3294,enc,
1786776911.392815,0.1034,-0.0,-0.0,-0.0000,0.0000,-0.0966,-0.0029,-0.0294,1.3294,enc,
1786776911.594477,0.2017,-0.0,-0.0,-0.0000,0.0000,-0.0966,-0.0029,-0.0294,1.3294,enc,
1786776911.596940,0.0025,-0.0,-0.0,-0.0000,0.0000,-0.0966,-0.0029,-0.0294,1.3294,enc,
1786776911.718331,0.1214,-0.0,-0.0,-0.0000,0.0000,-0.0966,-0.0029,-0.0294,1.3294,enc,
1786776911.804358,0.0860,-0.0,-0.0,-0.0000,0.0000,-0.0966,-0.0029,-0.0294,1.3294,enc,
1786776911.906642,0.1023,-0.0,-0.0,-0.0000,0.0000,-0.0966,-0.0029,-0.0294,1.3294,enc,
1786776912.021155,0.1145,-0.0,-0.0,-0.0000,0.0000,-0.0966,-0.0029,-0.0294,1.3294,enc,
1786776912.111805,0.0906,-0.0,-0.0,-0.0000,0.0000,-0.0966,-0.0029,-0.0294,1.3294,enc,
1786776912.210547,0.0987,-0.0,-0.0,-0.0000,0.0000,-0.0966,-0.0029,-0.0294,1.3294,enc,
1786776912.323485,0.1129,-0.0,-0.0,-0.0000,0.0000,-0.0966,-0.0029,-0.0294,1.3294,enc,
1786776912.412920,0.0894,-0.0,-0.0,-0.0000,0.0000,-0.0966,-0.0029,-0.0294,1.3294,enc,
1786776912.515828,0.1029,-0.0,-0.0,-0.0000,0.0000,-0.0966,-0.0029,-0.0294,1.3294,enc,
1786776912.617472,0.1016,-0.0,-0.0,-0.0000,0.0000,-0.0966,-0.0029,-0.0294,1.3294,enc,
1786776912.722735,0.1053,-0.0,-0.0,-0.0000,0.0000,-0.0966,-0.0029,-0.0294,1.3294,enc,
1786776912.874533,0.1518,-0.0,-0.0,-0.0000,0.0000,-0.0966,-0.0029,-0.0294,1.3294,enc,
1786776912.927191,0.0527,-0.0,-0.0,-0.0000,0.0000,-0.0966,-0.0029,-0.0294,1.3294,enc,
1786776913.033923,0.1067,-0.0,-0.0,-0.0000,0.0000,-0.0966,-0.0029,-0.0294,1.3294,enc,
1786776913.132612,0.0987,-0.0,-0.0,-0.0000,0.0000,-0.0966,-0.0029,-0.0294,1.3293,enc,
1786776913.235271,0.1027,-0.0,-0.0,-0.0000,0.0000,-0.0966,-0.0029,-0.0294,1.3293,enc,
1786776913.337638,0.1024,-0.0,-0.0,-0.0000,0.0000,-0.0966,-0.0029,-0.0294,1.3293,enc,
1786776913.440154,0.1025,-0.0,-0.0,-0.0000,0.0000,-0.0966,-0.0029,-0.0294,1.3293,enc,
1786776913.542548,0.1024,-0.0,-0.0,-0.0000,0.0000,-0.0966,-0.0029,-0.0294,1.3293,enc,
1786776913.645823,0.1033,-0.0,-0.0,-0.0000,0.0000,-0.0966,-0.0029,-0.0294,1.3293,enc,
1786776913.746650,0.1008,-0.0,-0.0,-0.0000,0.0000,-0.0966,-0.0029,-0.0294,1.3292,enc,
1786776913.847863,0.1012,-0.0,-0.0,-0.0000,0.0000,-0.0966,-0.0029,-0.0294,1.3292,enc,
1786776913.949701,0.1018,-0.0,-0.0,-0.0000,0.0000,-0.0966,-0.0029,-0.0294,1.3292,enc,
1786776914.053306,0.1036,-0.0,-0.0,-0.0000,0.0000,-0.0966,-0.0029,-0.0294,1.3292,enc,
1786776914.155860,0.1026,-0.0,-0.0,-0.0000,0.0000,-0.0966,-0.0029,-0.0294,1.3292,enc,
1786776914.260809,0.1049,-0.0,-0.0,-0.0000,0.0000,-0.0966,-0.0029,-0.0294,1.3292,enc,
1786776914.363102,0.1023,-0.0,-0.0,-0.0000,0.0000,-0.0966,-0.0029,-0.0294,1.3292,enc,
1786776914.463006,0.0999,-0.0,-0.0,-0.0000,0.0000,-0.0966,-0.0029,-0.0294,1.3291,enc,
1786776914.565331,0.1023,-0.0,-0.0,-0.0000,0.0000,-0.0966,-0.0029,-0.0294,1.3292,enc,
1786776914.668477,0.1031,-0.0,-0.0,-0.0000,0.0000,-0.0966,-0.0029,-0.0294,1.3292,enc,
1786776914.769392,0.1009,-0.0,-0.0,-0.0000,0.0000,-0.0966,-0.0029,-0.0294,1.3292,enc,
1786776914.874013,0.1046,-0.0,-0.0,-0.0000,0.0000,-0.0966,-0.0029,-0.0294,1.3291,enc,
1786776914.977504,0.1035,-0.0,-0.0,-0.0000,0.0000,-0.0966,-0.0029,-0.0294,1.3292,enc,
1786776915.077462,0.1000,-0.0,-0.0,-0.0000,0.0000,-0.0966,-0.0029,-0.0294,1.3292,enc,
1786776915.182765,0.1053,-0.0,-0.0,-0.0000,0.0000,-0.0966,-0.0029,-0.0294,1.3292,enc,
1786776915.284640,0.1019,-0.0,-0.0,-0.0000,0.0000,-0.0966,-0.0029,-0.0294,1.3292,enc,
1786776915.385312,0.1007,-0.0,-0.0,-0.0000,0.0000,-0.0966,-0.0029,-0.0294,1.3292,enc,
1786776915.486586,0.1013,-0.0,-0.0,-0.0000,0.0000,-0.0966,-0.0029,-0.0294,1.3292,enc,
1786776915.589458,0.1029,-0.0,-0.0,-0.0000,0.0000,-0.0966,-0.0029,-0.0294,1.3291,enc,
1786776915.691392,0.1019,-0.0,-0.0,-0.0000,0.0000,-0.0966,-0.0029,-0.0294,1.3291,enc,
1786776915.793294,0.1019,-0.0,-0.0,-0.0000,0.0000,-0.0966,-0.0029,-0.0294,1.3291,enc,
1786776915.897495,0.1042,-0.0,-0.0,-0.0000,0.0000,-0.0966,-0.0029,-0.0294,1.3291,enc,
1786776915.998877,0.1014,-0.0,-0.0,-0.0000,0.0000,-0.0966,-0.0029,-0.0294,1.3291,enc,
1786776916.101708,0.1028,-0.0,-0.0,-0.0000,0.0000,-0.0966,-0.0029,-0.0294,1.3291,enc,
1786776916.204662,0.1030,-0.0,-0.0,-0.0000,0.0000,-0.0966,-0.0029,-0.0294,1.3291,enc,
1786776916.305037,0.1004,-0.0,-0.0,-0.0000,0.0000,-0.0966,-0.0029,-0.0294,1.3291,enc,
1786776916.407441,0.1024,-0.0,-0.0,-0.0000,0.0000,-0.0966,-0.0029,-0.0294,1.3292,enc,
1786776916.510751,0.1033,-0.0,-0.0,-0.0000,0.0000,-0.0966,-0.0029,-0.0294,1.3293,enc,
1786776916.613807,0.1031,-0.0,-0.0,-0.0000,0.0000,-0.0966,-0.0029,-0.0294,1.3293,enc,
1786776916.713928,0.1001,-0.0,-0.0,-0.0000,0.0000,-0.0966,-0.0029,-0.0294,1.3293,enc,
1786776916.814389,0.1005,-0.0,-0.0,-0.0000,0.0000,-0.0966,-0.0029,-0.0294,1.3293,enc,
1786776916.888019,0.0736,-0.0,-0.0,-0.0000,0.0000,-0.0966,-0.0029,-0.0294,1.3293,enc,
1786776916.987041,0.0990,-0.0,-0.0,-0.0000,0.0000,-0.0966,-0.0029,-0.0294,1.3294,enc,
1786776917.089277,0.1022,-0.0,-0.0,-0.0000,0.0000,-0.0966,-0.0029,-0.0294,1.3294,enc,
1786776917.191548,0.1023,-0.0,-0.0,-0.0000,0.0000,-0.0966,-0.0029,-0.0294,1.3294,enc,
1786776917.296563,0.1050,-0.0,-0.0,-0.0000,0.0000,-0.0966,-0.0029,-0.0294,1.3294,enc,
1786776917.400272,0.1037,-0.0,-0.0,-0.0000,0.0000,-0.0966,-0.0029,-0.0294,1.3294,enc,
1786776917.497335,0.0971,-0.0,-0.0,-0.0000,0.0000,-0.0966,-0.0029,-0.0294,1.3294,enc,
1786776917.599888,0.1026,-0.0,-0.0,-0.0000,0.0000,-0.0966,-0.0029,-0.0294,1.3294,enc,
1786776917.707483,0.1076,-0.0,-0.0,-0.0000,0.0000,-0.0966,-0.0029,-0.0294,1.3295,enc,
1786776917.802222,0.0947,-0.0,-0.0,-0.0000,0.0000,-0.0966,-0.0029,-0.0294,1.3295,enc,
1786776917.906929,0.1047,-0.0,-0.0,-0.0000,0.0000,-0.0966,-0.0029,-0.0294,1.3295,enc,
1786776918.007452,0.1005,-0.0,-0.0,-0.0000,0.0000,-0.0966,-0.0029,-0.0294,1.3295,enc,
1786776918.109409,0.1020,-0.0,-0.0,-0.0000,0.0000,-0.0966,-0.0029,-0.0294,1.3294,enc,
1786776918.207675,0.0983,-0.0,-0.0,-0.0000,0.0000,-0.0966,-0.0029,-0.0294,1.3294,enc,
1786776918.313078,0.1054,-0.0,-0.0,-0.0000,0.0000,-0.0966,-0.0029,-0.0294,1.3294,enc,
1786776918.412523,0.0994,-0.0,-0.0,-0.0000,0.0000,-0.0966,-0.0029,-0.0294,1.3294,enc,
1786776918.514979,0.1025,-0.0,-0.0,-0.0000,0.0000,-0.0966,-0.0029,-0.0294,1.3294,enc,
1786776918.613752,0.0988,-0.0,-0.0,-0.0000,0.0000,-0.0966,-0.0029,-0.0294,1.3294,enc,
1786776918.714255,0.1005,-0.0,-0.0,-0.0000,0.0000,-0.0966,-0.0029,-0.0294,1.3294,enc,
1786776918.815899,0.1016,-0.0,-0.0,-0.0000,0.0000,-0.0966,-0.0029,-0.0294,1.3294,enc,
1786776918.917373,0.1015,-0.0,-0.0,-0.0000,0.0000,-0.0966,-0.0029,-0.0294,1.3294,enc,
1786776919.022220,0.1048,-0.0,-0.0,-0.0000,0.0000,-0.0966,-0.0029,-0.0294,1.3294,enc,
1786776919.124072,0.1019,-0.0,-0.0,-0.0000,0.0000,-0.0966,-0.0029,-0.0294,1.3294,enc,
1786776919.224409,0.1003,-0.0,-0.0,-0.0000,0.0000,-0.0966,-0.0029,-0.0294,1.3294,enc,
1786776919.328369,0.1040,-0.0,-0.0,-0.0000,0.0000,-0.0966,-0.0029,-0.0294,1.3294,enc,
1786776919.430285,0.1019,-0.0,-0.0,-0.0000,0.0000,-0.0966,-0.0029,-0.0294,1.3294,enc,
1786776919.532492,0.1022,-0.0,-0.0,-0.0000,0.0000,-0.0966,-0.0029,-0.0294,1.3294,enc,
1786776919.636370,0.1039,-0.0,-0.0,-0.0000,0.0000,-0.0966,-0.0029,-0.0294,1.3294,enc,
1786776919.736506,0.1001,-0.0,-0.0,-0.0000,0.0000,-0.0966,-0.0029,-0.0294,1.3293,enc,
1786776919.838600,0.1021,-0.0,-0.0,-0.0000,0.0000,-0.0966,-0.0029,-0.0294,1.3294,enc,
1786776919.942427,0.1038,-0.0,-0.0,-0.0000,0.0000,-0.0966,-0.0029,-0.0294,1.3294,enc,
1786776920.043737,0.1013,-0.0,-0.0,-0.0000,0.0000,-0.0966,-0.0029,-0.0294,1.3294,enc,
1786776920.145994,0.1023,-0.0,-0.0,-0.0000,0.0000,-0.0966,-0.0029,-0.0294,1.3294,enc,
1786776920.252115,0.1061,-0.0,-0.0,-0.0000,0.0000,-0.0966,-0.0029,-0.0294,1.3294,enc,
1786776920.350799,0.0987,-0.0,-0.0,-0.0000,0.0000,-0.0966,-0.0029,-0.0294,1.3294,enc,
1786776920.454475,0.1037,-0.0,-0.0,-0.0000,0.0000,-0.0966,-0.0029,-0.0294,1.3294,enc,
1786776920.555681,0.1012,-0.0,-0.0,-0.0000,0.0000,-0.0966,-0.0029,-0.0294,1.3294,enc,
1786776920.658228,0.1025,-0.0,-0.0,-0.0000,0.0000,-0.0966,-0.0029,-0.0294,1.3294,enc,
1786776920.760358,0.1021,-0.0,-0.0,-0.0000,0.0000,-0.0966,-0.0029,-0.0294,1.3294,enc,
1786776920.862830,0.1025,-0.0,-0.0,-0.0000,0.0000,-0.0966,-0.0029,-0.0294,1.3294,enc,
1786776920.965453,0.1026,-0.0,-0.0,-0.0000,0.0000,-0.0966,-0.0029,-0.0294,1.3294,enc,
1786776921.067467,0.1020,-0.0,-0.0,-0.0000,0.0000,-0.0966,-0.0029,-0.0294,1.3294,enc,
1786776921.170032,0.1026,-0.0,-0.0,-0.0000,0.0000,-0.0966,-0.0029,-0.0294,1.3294,enc,
1786776921.272672,0.1026,-0.0,-0.0,-0.0000,0.0000,-0.0966,-0.0029,-0.0294,1.3294,enc,
1786776921.374894,0.1022,-0.0,-0.0,-0.0000,0.0000,-0.0966,-0.0029,-0.0294,1.3294,enc,
1786776921.477443,0.1025,-0.0,-0.0,-0.0000,0.0000,-0.0966,-0.0029,-0.0294,1.3293,enc,
1786776921.580894,0.1035,-0.0,-0.0,-0.0000,0.0000,-0.0966,-0.0029,-0.0294,1.3293,enc,
1786776921.690479,0.1096,-0.0,-0.0,-0.0000,0.0000,-0.0966,-0.0029,-0.0294,1.3293,enc,
1786776921.785183,0.0947,-0.0,-0.0,-0.0000,0.0000,-0.0966,-0.0029,-0.0294,1.3293,enc,
1786776921.888131,0.1029,-0.0,-0.0,-0.0000,0.0000,-0.0966,-0.0029,-0.0294,1.3293,enc,
1786776921.991168,0.1030,-0.0,-0.0,-0.0000,0.0000,-0.0966,-0.0029,-0.0294,1.3294,enc,
1786776922.091400,0.1002,-0.0,-0.0,-0.0000,0.0000,-0.0966,-0.0029,-0.0294,1.3294,enc,
1786776922.195365,0.1040,-0.0,-0.0,-0.0000,0.0000,-0.0966,-0.0029,-0.0294,1.3294,enc,
1786776922.296533,0.1012,-0.0,-0.0,-0.0000,0.0000,-0.0966,-0.0029,-0.0294,1.3294,enc,
1786776922.398878,0.1023,-0.0,-0.0,-0.0000,0.0000,-0.0966,-0.0029,-0.0294,1.3296,enc,
1786776922.501003,0.1021,-0.0,-0.0,-0.0000,0.0000,-0.0966,-0.0029,-0.0294,1.3296,enc,
1786776922.603436,0.1024,-0.0,-0.0,-0.0000,0.0000,-0.0966,-0.0029,-0.0294,1.3296,enc,
1786776922.706042,0.1026,-0.0,-0.0,-0.0000,0.0000,-0.0966,-0.0029,-0.0294,1.3296,enc,
1786776922.816371,0.1103,-0.0,-0.0,-0.0000,0.0000,-0.0966,-0.0029,-0.0294,1.3296,enc,
1786776922.913115,0.0967,-0.0,-0.0,-0.0000,0.0000,-0.0966,-0.0029,-0.0294,1.3296,enc,
1786776923.014365,0.1013,-0.0,-0.0,-0.0000,0.0000,-0.0966,-0.0029,-0.0294,1.3296,enc,
1786776923.116184,0.1018,-0.0,-0.0,-0.0000,0.0000,-0.0966,-0.0029,-0.0294,1.3296,enc,
1786776923.220217,0.1040,-0.0,-0.0,-0.0000,0.0000,-0.0966,-0.0029,-0.0294,1.3297,enc,
1786776923.321265,0.1010,-0.0,-0.0,-0.0000,0.0000,-0.0966,-0.0029,-0.0294,1.3436,enc,
1786776923.423901,0.1026,-0.0,-0.0,-0.0000,0.0000,-0.0966,-0.0029,-0.0294,1.3436,enc,
1786776923.527857,0.1040,-0.0,-0.0,-0.0000,0.0000,-0.0966,-0.0029,-0.0294,1.3436,enc,
1786776923.628404,0.1005,-0.0,-0.0,-0.0000,0.0000,-0.0966,-0.0029,-0.0294,1.3364,enc,
1786776923.731013,0.1026,-0.0,-0.0,-0.0000,0.0000,-0.0966,-0.0029,-0.0294,1.3365,enc,
1786776923.835112,0.1041,-0.0,-0.0,-0.0000,0.0000,-0.0966,-0.0029,-0.0294,0.7711,enc,
1786776923.935873,0.1008,-0.0,-0.0,-0.0000,0.0000,-0.0966,-0.0029,-0.0294,0.8409,enc,
1786776924.038212,0.1023,-0.0,-0.0,-0.0000,0.0000,-0.0966,-0.0029,-0.0294,0.8551,enc,
1786776924.141681,0.1035,-0.0,-0.0,-0.0000,0.0000,-0.0966,-0.0029,-0.0294,0.8624,enc,
1786776924.242793,0.1011,-0.0,-0.0,-0.0000,0.0000,-0.0966,-0.0029,-0.0294,0.8767,enc,
1786776924.345553,0.1028,-0.0,-0.0,-0.0000,0.0000,-0.0966,-0.0029,-0.0294,0.8766,enc,
1786776924.449270,0.1037,-0.0,-0.0,-0.0000,0.0000,-0.0966,-0.0029,-0.0294,0.9184,enc,
1786776924.550293,0.1010,-0.0,-0.0,-0.0000,0.0000,-0.0966,-0.0029,-0.0294,0.9184,enc,
1786776924.652709,0.1024,-0.0,-0.0,-0.0000,0.0000,-0.0966,-0.0029,-0.0294,0.9394,enc,
1786776924.756297,0.1036,-0.0,-0.0,-0.0000,0.0000,-0.0966,-0.0029,-0.0294,0.9042,enc,
1786776924.857788,0.1015,-0.0,-0.0,-0.0000,0.0000,-0.0966,-0.0029,-0.0294,0.9531,enc,
1786776924.958916,0.1011,-0.0,-0.0,-0.0000,0.0000,-0.0966,-0.0029,-0.0294,0.9671,enc,
1786776925.063450,0.1045,-0.0,-0.0,-0.0000,0.0000,-0.0966,-0.0029,-0.0294,0.9671,enc,
1786776925.163757,0.1003,-0.0,-0.0,-0.0000,0.0000,-0.0966,-0.0029,-0.0294,0.9670,enc,
1786776925.236139,0.0724,-0.0,-0.0,-0.0000,0.0000,-0.0966,-0.0029,-0.0294,0.9670,enc,
1786776925.337310,0.1012,-0.0,-0.0,-0.0000,0.0000,-0.0966,-0.0029,-0.0294,0.9672,enc,
1786776925.471063,0.1338,-0.0,-0.0,-0.0000,0.0000,-0.0966,-0.0029,-0.0294,0.9603,enc,
1786776925.543215,0.0722,-0.0,-0.0,-0.0000,0.0000,-0.0966,-0.0029,-0.0294,0.9672,enc,
1786776925.644446,0.1012,-0.0,-0.0,-0.0000,0.0000,-0.0966,-0.0029,-0.0294,0.9672,enc,
1786776925.745222,0.1008,-0.0,-0.0,-0.0000,0.0000,-0.0966,-0.0029,-0.0294,0.9602,enc,
1786776925.846321,0.1011,-0.0,-0.0,-0.0000,0.0000,-0.0966,-0.0029,-0.0294,0.9533,enc,
1786776925.948183,0.1019,-0.0,-0.0,-0.0000,0.0000,-0.0966,-0.0029,-0.0294,0.9462,enc,
1786776926.054309,0.1061,-0.0,-0.0,-0.0000,0.0000,-0.0966,-0.0029,-0.0294,0.9464,enc,
1786776926.157463,0.1032,-0.0,-0.0,-0.0000,0.0000,-0.0966,-0.0029,-0.0294,0.9465,enc,
1786776926.290125,0.1327,-0.0,-0.0,-0.0000,0.0000,-0.0966,-0.0029,-0.0294,0.9463,enc,
1786776926.393383,0.1033,-0.0,-0.0,-0.0000,0.0000,-0.0966,-0.0029,-0.0294,0.9394,enc,
1786776926.494674,0.1013,-0.0,-0.0,-0.0000,0.0000,-0.0966,-0.0029,-0.0294,0.9393,enc,
1786776926.596958,0.1023,-0.0,-0.0,-0.0000,0.0000,-0.0966,-0.0029,-0.0294,0.9392,enc,
1786776926.700891,0.1039,-0.0,-0.0,-0.0000,0.0000,-0.0966,-0.0029,-0.0294,0.9392,enc,
1786776926.802225,0.1013,-0.0,-0.0,-0.0000,0.0000,-0.0966,-0.0029,-0.0294,0.9392,enc,
1786776926.904430,0.1022,-0.0,-0.0,-0.0000,0.0000,-0.0966,-0.0029,-0.0294,0.9391,enc,
1786776927.009251,0.1048,-0.0,-0.0,-0.0000,0.0000,-0.0966,-0.0029,-0.0294,0.9391,enc,
1786776927.108290,0.0990,-0.0,-0.0,-0.0000,0.0000,-0.0966,-0.0029,-0.0294,0.9391,enc,
1786776927.211439,0.1031,-0.0,-0.0,-0.0000,0.0000,-0.0966,-0.0029,-0.0294,0.9391,enc,
1786776927.283063,0.0716,-0.0,-0.0,-0.0000,0.0000,-0.0966,-0.0029,-0.0294,0.9390,enc,
1786776927.383953,0.1009,-0.0,-0.0,-0.0000,0.0000,-0.0966,-0.0029,-0.0294,0.9390,enc,
1786776927.487772,0.1038,-0.0,-0.0,-0.0000,0.0000,-0.0966,-0.0029,-0.0294,0.9389,enc,
1786776927.620667,0.1329,-0.0,-0.0,-0.0000,0.0000,-0.0966,-0.0029,-0.0294,0.9389,enc,
1786776927.722797,0.1021,-0.0,-0.0,-0.0000,0.0000,-0.0966,-0.0029,-0.0294,0.9388,enc,
1786776927.828034,0.1052,-0.0,-0.0,-0.0000,0.0000,-0.0966,-0.0029,-0.0294,0.9388,enc,
1786776927.930018,0.1020,-0.0,-0.0,-0.0000,0.0000,-0.0966,-0.0029,-0.0294,0.9388,enc,
1786776928.029751,0.0997,-0.0,-0.0,-0.0000,0.0000,-0.0966,-0.0029,-0.0294,0.9388,enc,
1786776928.132544,0.1028,-0.0,-0.0,-0.0000,0.0000,-0.0966,-0.0029,-0.0294,0.9387,enc,
1786776928.237010,0.1045,-0.0,-0.0,-0.0000,0.0000,-0.0966,-0.0029,-0.0294,0.9386,enc,
1786776928.312061,0.0751,-0.0,-0.0,-0.0000,0.0000,-0.0966,-0.0029,-0.0294,0.9386,enc,
1786776928.440496,0.1284,-0.0,-0.0,-0.0000,0.0000,-0.0966,-0.0029,-0.0294,0.9386,enc,
1786776928.542480,0.1020,-0.0,-0.0,-0.0000,0.0000,-0.0966,-0.0029,-0.0294,0.9385,enc,
1786776928.644933,0.1025,-0.0,-0.0,-0.0000,0.0000,-0.0966,-0.0029,-0.0294,0.9385,enc,
1786776928.747913,0.1030,-0.0,-0.0,-0.0000,0.0000,-0.0966,-0.0029,-0.0294,0.9385,enc,
1786776928.849487,0.1016,-0.0,-0.0,-0.0000,0.0000,-0.0966,-0.0029,-0.0294,0.9384,enc,
1786776928.953646,0.1042,-0.0,-0.0,-0.0000,0.0000,-0.0966,-0.0029,-0.0294,0.9316,enc,
1786776929.055883,0.1022,-0.0,-0.0,-0.0000,0.0000,-0.0966,-0.0029,-0.0294,0.9317,enc,
1786776929.156691,0.1008,-0.0,-0.0,-0.0000,0.0000,-0.0966,-0.0029,-0.0294,0.9317,enc,
1786776929.258140,0.1014,-0.0,-0.0,-0.0000,0.0000,-0.0966,-0.0029,-0.0294,0.9248,enc,
1786776929.361023,0.1029,-0.0,-0.0,-0.0000,0.0000,-0.0966,-0.0029,-0.0294,0.9248,enc,
1786776929.464124,0.1031,-0.0,-0.0,-0.0000,0.0000,-0.0966,-0.0029,-0.0294,0.9319,enc,
1786776929.566559,0.1024,-0.0,-0.0,-0.0000,0.0000,-0.0966,-0.0029,-0.0294,0.9249,enc,
1786776929.668368,0.1018,-0.0,-0.0,-0.0000,0.0000,-0.0966,-0.0029,-0.0294,0.9320,enc,
1786776929.771558,0.1032,-0.0,-0.0,-0.0000,0.0000,-0.0966,-0.0029,-0.0294,0.9389,enc,
1786776929.873368,0.1018,-0.0,-0.0,-0.0000,0.0000,-0.0966,-0.0029,-0.0294,0.9390,enc,
1786776929.975951,0.1026,-0.0,-0.0,-0.0000,0.0000,-0.0966,-0.0029,-0.0294,0.9390,enc,
1786776930.078585,0.1026,-0.0,-0.0,-0.0000,0.0000,-0.0966,-0.0029,-0.0294,0.9390,enc,
1786776930.181293,0.1027,-0.0,-0.0,-0.0000,0.0000,-0.0966,-0.0029,-0.0294,0.9389,enc,
1786776930.283731,0.1024,-0.0,-0.0,-0.0000,0.0000,-0.0966,-0.0029,-0.0294,0.9390,enc,
1786776930.386051,0.1023,-0.0,-0.0,-0.0000,0.0000,-0.0966,-0.0029,-0.0294,0.9390,enc,
1786776930.488696,0.1026,-0.0,-0.0,-0.0000,0.0000,-0.0966,-0.0029,-0.0294,0.9390,enc,
1786776930.590845,0.1021,-0.0,-0.0,-0.0000,0.0000,-0.0966,-0.0029,-0.0294,0.9389,enc,
1786776930.693402,0.1026,-0.0,-0.0,-0.0000,0.0000,-0.0966,-0.0029,-0.0294,0.9389,enc,
1786776930.794968,0.1016,-0.0,-0.0,-0.0000,0.0000,-0.0966,-0.0029,-0.0294,0.9389,enc,
1786776930.897897,0.1029,-0.0,-0.0,-0.0000,0.0000,-0.0966,-0.0029,-0.0294,0.9388,enc,
1786776931.000343,0.1024,-0.0,-0.0,-0.0000,0.0000,-0.0966,-0.0029,-0.0294,0.9388,enc,
1786776931.104230,0.1039,-0.0,-0.0,-0.0000,0.0000,-0.0966,-0.0029,-0.0294,0.9388,enc,
1786776931.205483,0.1013,-0.0,-0.0,-0.0000,0.0000,-0.0966,-0.0029,-0.0294,0.9388,enc,
1786776931.276476,0.0710,-0.0,-0.0,-0.0000,0.0000,-0.0966,-0.0029,-0.0294,0.9387,enc,
1786776931.376694,0.1002,-0.0,-0.0,-0.0000,0.0000,-0.0966,-0.0029,-0.0294,0.9386,enc,
1786776931.481252,0.1046,-0.0,-0.0,-0.0000,0.0000,-0.0966,-0.0029,-0.0294,0.9386,enc,
1786776931.615257,0.1340,-0.0,-0.0,-0.0000,0.0000,-0.0966,-0.0029,-0.0294,0.9386,enc,
1786776931.687192,0.0719,-0.0,-0.0,-0.0000,0.0000,-0.0966,-0.0029,-0.0294,0.9386,enc,
1786776931.820655,0.1335,-0.0,-0.0,-0.0000,0.0000,-0.0966,-0.0029,-0.0294,0.9386,enc,
1786776931.891336,0.0707,-0.0,-0.0,-0.0000,0.0000,-0.0966,-0.0029,-0.0294,0.9386,enc,
1786776932.025395,0.1341,-0.0,-0.0,-0.0000,0.0000,-0.0966,-0.0029,-0.0294,0.9385,enc,
1786776932.095984,0.0706,-0.0,-0.0,-0.0000,0.0000,-0.0966,-0.0029,-0.0294,0.9385,enc,
1786776932.229418,0.1334,-0.0,-0.0,-0.0000,0.0000,-0.0966,-0.0029,-0.0294,0.9384,enc,
1786776932.296585,0.0672,-0.0,-0.0,-0.0000,0.0000,-0.0966,-0.0029,-0.0294,0.9384,enc,
1786776932.401385,0.1048,-0.0,-0.0,-0.0000,0.0000,-0.0966,-0.0029,-0.0294,0.9384,enc,
1786776932.503509,0.1021,-0.0,-0.0,-0.0000,0.0000,-0.0966,-0.0029,-0.0294,0.9384,enc,
1786776932.604833,0.1013,-0.0,-0.0,-0.0000,0.0000,-0.0966,-0.0029,-0.0294,0.9384,enc,
1786776932.706508,0.1017,-0.0,-0.0,-0.0000,0.0000,-0.0966,-0.0029,-0.0294,0.9383,enc,
1786776932.811866,0.1054,-0.0,-0.0,-0.0000,0.0000,-0.0966,-0.0029,-0.0294,0.9383,enc,
1786776932.914803,0.1029,-0.0,-0.0,-0.0000,0.0000,-0.0966,-0.0029,-0.0294,0.9383,enc,
1786776933.017330,0.1025,-0.0,-0.0,-0.0000,0.0000,-0.0966,-0.0029,-0.0294,0.9383,enc,
1786776933.150311,0.1330,-0.0,-0.0,-0.0000,0.0000,-0.0966,-0.0029,-0.0294,0.9383,enc,
1786776933.252548,0.1022,-0.0,-0.0,-0.0000,0.0000,-0.0966,-0.0029,-0.0294,0.9383,enc,
1786776933.355931,0.1034,-0.0,-0.0,-0.0000,0.0000,-0.0966,-0.0029,-0.0294,0.9383,enc,
1786776933.461621,0.1057,-0.0,-0.0,-0.0000,0.0000,-0.0966,-0.0029,-0.0294,0.9383,enc,
1786776933.560487,0.0989,-0.0,-0.0,-0.0000,0.0000,-0.0966,-0.0029,-0.0294,0.9383,enc,
1786776933.663115,0.1026,-0.0,-0.0,-0.0000,0.0000,-0.0966,-0.0029,-0.0294,0.9383,enc,
1786776933.766622,0.1035,-0.0,-0.0,-0.0000,0.0000,-0.0966,-0.0029,-0.0294,0.9384,enc,
1786776933.867396,0.1008,-0.0,-0.0,-0.0000,0.0000,-0.0966,-0.0029,-0.0294,0.9383,enc,
1786776933.970176,0.1028,-0.0,-0.0,-0.0000,0.0000,-0.0966,-0.0029,-0.0294,0.9383,enc,
1786776934.074032,0.1039,-0.0,-0.0,-0.0000,0.0000,-0.0966,-0.0029,-0.0294,0.9383,enc,
1786776934.174791,0.1008,-0.0,-0.0,-0.0000,0.0000,-0.0966,-0.0029,-0.0294,0.9383,enc,
1786776934.277103,0.1023,-0.0,-0.0,-0.0000,0.0000,-0.0966,-0.0029,-0.0294,0.9383,enc,
1786776934.381025,0.1039,-0.0,-0.0,-0.0000,0.0000,-0.0966,-0.0029,-0.0294,0.9383,enc,
1786776934.482121,0.1011,-0.0,-0.0,-0.0000,0.0000,-0.0966,-0.0029,-0.0294,0.9382,enc,
1786776934.634932,0.1528,-0.0,-0.0,-0.0000,0.0000,-0.0966,-0.0029,-0.0294,0.9382,enc,
1786776934.688327,0.0534,-0.0,-0.0,-0.0000,0.0000,-0.0966,-0.0029,-0.0294,0.9382,enc,
1786776934.789428,0.1011,-0.0,-0.0,-0.0000,0.0000,-0.0966,-0.0029,-0.0294,0.9382,enc,
1786776934.891702,0.1023,-0.0,-0.0,-0.0000,0.0000,-0.0966,-0.0029,-0.0294,0.9382,enc,
1786776934.994004,0.1023,-0.0,-0.0,-0.0000,0.0000,-0.0966,-0.0029,-0.0294,0.9382,enc,
1786776935.096353,0.1023,-0.0,-0.0,-0.0000,0.0000,-0.0966,-0.0029,-0.0294,0.9382,enc,
1786776935.199016,0.1027,-0.0,-0.0,-0.0000,0.0000,-0.0966,-0.0029,-0.0294,0.9382,enc,
1786776935.301166,0.1021,-0.0,-0.0,-0.0000,0.0000,-0.0966,-0.0029,-0.0294,0.9382,enc,
1786776935.405951,0.1048,-0.0,-0.0,-0.0000,0.0000,-0.0966,-0.0029,-0.0294,0.9382,enc,
1786776935.506228,0.1003,-0.0,-0.0,-0.0000,0.0000,-0.0966,-0.0029,-0.0294,0.9382,enc,
1786776935.608352,0.1021,-0.0,-0.0,-0.0000,0.0000,-0.0966,-0.0029,-0.0294,0.9382,enc,
1786776935.710407,0.1021,-0.0,-0.0,-0.0000,0.0000,-0.0966,-0.0029,-0.0294,0.9382,enc,
1786776935.813139,0.1027,-0.0,-0.0,-0.0000,0.0000,-0.0966,-0.0029,-0.0294,0.9382,enc,
1786776935.915270,0.1021,-0.0,-0.0,-0.0000,0.0000,-0.0966,-0.0029,-0.0294,0.9382,enc,
1786776936.017688,0.1024,-0.0,-0.0,-0.0000,0.0000,-0.0966,-0.0029,-0.0294,0.9382,enc,
1786776936.119568,0.1019,-0.0,-0.0,-0.0000,0.0000,-0.0966,-0.0029,-0.0294,0.9382,enc,
1786776936.222247,0.1027,-0.0,-0.0,-0.0000,0.0000,-0.0966,-0.0029,-0.0294,0.9381,enc,
1786776936.326533,0.1043,-0.0,-0.0,-0.0000,0.0000,-0.0966,-0.0029,-0.0294,0.9381,enc,
1786776936.427616,0.1011,-0.0,-0.0,-0.0000,0.0000,-0.0966,-0.0029,-0.0294,0.9381,enc,
1786776936.530196,0.1026,-0.0,-0.0,-0.0000,0.0000,-0.0966,-0.0029,-0.0294,0.9381,enc,
1786776936.633784,0.1036,-0.0,-0.0,-0.0000,0.0000,-0.0966,-0.0029,-0.0294,0.9381,enc,
1786776936.734703,0.1009,-0.0,-0.0,-0.0000,0.0000,-0.0966,-0.0029,-0.0294,0.9381,enc,
1786776936.837447,0.1027,-0.0,-0.0,-0.0000,0.0000,-0.0966,-0.0029,-0.0294,0.9381,enc,
1786776936.907966,0.0705,-0.0,-0.0,-0.0000,0.0000,-0.0966,-0.0029,-0.0294,0.9380,enc,
1786776937.008430,0.1005,-0.0,-0.0,-0.0000,0.0000,-0.0966,-0.0029,-0.0294,0.9380,enc,
1786776937.108506,0.1001,-0.0,-0.0,-0.0000,0.0000,-0.0966,-0.0029,-0.0294,0.9380,enc,
1786776937.210711,0.1022,-0.0,-0.0,-0.0000,0.0000,-0.0966,-0.0029,-0.0294,0.9380,enc,
1786776937.310695,0.1000,-0.0,-0.0,-0.0000,0.0000,-0.0966,-0.0029,-0.0294,0.9380,enc,
1786776937.414456,0.1038,-0.0,-0.0,-0.0000,0.0000,-0.0966,-0.0029,-0.0294,0.9380,enc,
1786776937.553257,0.1388,-0.0,-0.0,-0.0000,0.0000,-0.0966,-0.0029,-0.0294,0.9380,enc,
1786776937.617877,0.0646,-0.0,-0.0,-0.0000,0.0000,-0.0966,-0.0029,-0.0294,0.9380,enc,
1786776937.725672,0.1078,-0.0,-0.0,-0.0000,0.0000,-0.0966,-0.0029,-0.0294,0.9380,enc,
1786776937.818386,0.0927,-0.0,-0.0,-0.0000,0.0000,-0.0966,-0.0029,-0.0294,0.9380,enc,
1786776937.921792,0.1034,-0.0,-0.0,-0.0000,0.0000,-0.0966,-0.0029,-0.0294,0.9381,enc,
1786776938.022762,0.1010,-0.0,-0.0,-0.0000,0.0000,-0.0966,-0.0029,-0.0294,0.9381,enc,
1786776938.127393,0.1046,-0.0,-0.0,-0.0000,0.0000,-0.0966,-0.0029,-0.0294,0.9381,enc,
1786776938.227899,0.1005,-0.0,-0.0,-0.0000,0.0000,-0.0966,-0.0029,-0.0294,0.9381,enc,
1786776938.328781,0.1009,-0.0,-0.0,-0.0000,0.0000,-0.0966,-0.0029,-0.0294,0.9380,enc,
1786776938.428935,0.1002,-0.0,-0.0,-0.0000,0.0000,-0.0966,-0.0029,-0.0294,0.9380,enc,
1786776938.532733,0.1038,-0.0,-0.0,-0.0000,0.0000,-0.0966,-0.0029,-0.0294,0.9380,enc,
1786776938.631921,0.0992,-0.0,-0.0,-0.0000,0.0000,-0.0966,-0.0029,-0.0294,0.9380,enc,
1786776938.737300,0.1054,-0.0,-0.0,-0.0000,0.0000,-0.0966,-0.0029,-0.0294,0.9380,enc,
1786776938.838202,0.1009,-0.0,-0.0,-0.0000,0.0000,-0.0966,-0.0029,-0.0294,0.9382,enc,
1786776938.937221,0.0990,-0.0,-0.0,-0.0000,0.0000,-0.0966,-0.0029,-0.0294,0.9382,enc,
1786776939.041858,0.1046,-0.0,-0.0,-0.0000,0.0000,-0.0966,-0.0029,-0.0294,0.9382,enc,
1786776939.141283,0.0994,-0.0,-0.0,-0.0000,0.0000,-0.0966,-0.0029,-0.0294,0.9382,enc,
1786776939.244258,0.1030,-0.0,-0.0,-0.0000,0.0000,-0.0966,-0.0029,-0.0294,0.9383,enc,
1786776939.346575,0.1023,-0.0,-0.0,-0.0000,0.0000,-0.0966,-0.0029,-0.0294,0.9383,enc,
1786776939.447521,0.1009,-0.0,-0.0,-0.0000,0.0000,-0.0966,-0.0029,-0.0294,0.9383,enc,
1786776939.550900,0.1034,-0.0,-0.0,-0.0000,0.0000,-0.0966,-0.0029,-0.0294,0.9383,enc,
1786776939.654903,0.1040,-0.0,-0.0,-0.0000,0.0000,-0.0966,-0.0029,-0.0294,0.9383,enc,
1786776939.755637,0.1007,-0.0,-0.0,-0.0000,0.0000,-0.0966,-0.0029,-0.0294,0.9383,enc,
1786776939.861279,0.1056,-0.0,-0.0,-0.0000,0.0000,-0.0966,-0.0029,-0.0294,0.9383,enc,
1786776939.961282,0.1000,-0.0,-0.0,-0.0000,0.0000,-0.0966,-0.0029,-0.0294,0.9382,enc,
1786776940.064046,0.1028,-0.0,-0.0,-0.0000,0.0000,-0.0966,-0.0029,-0.0294,0.9382,enc,
1786776940.164228,0.1002,-0.0,-0.0,-0.0000,0.0000,-0.0966,-0.0029,-0.0294,0.9382,enc,
1786776940.266855,0.1026,-0.0,-0.0,-0.0000,0.0000,-0.0966,-0.0029,-0.0294,0.9383,enc,
1786776940.370317,0.1035,-0.0,-0.0,-0.0000,0.0000,-0.0966,-0.0029,-0.0294,0.9383,enc,
1786776940.473503,0.1032,-0.0,-0.0,-0.0000,0.0000,-0.0966,-0.0029,-0.0294,0.9383,enc,
1786776940.576257,0.1028,-0.0,-0.0,-0.0000,0.0000,-0.0966,-0.0029,-0.0294,0.9383,enc,
1786776940.682317,0.1061,-0.0,-0.0,-0.0000,0.0000,-0.0966,-0.0029,-0.0294,0.9383,enc,
1786776940.781048,0.0987,-0.0,-0.0,-0.0000,0.0000,-0.0966,-0.0029,-0.0294,0.9383,enc,
1786776940.882580,0.1015,-0.0,-0.0,-0.0000,0.0000,-0.0966,-0.0029,-0.0294,0.9383,enc,
1786776940.985272,0.1027,-0.0,-0.0,-0.0000,0.0000,-0.0966,-0.0029,-0.0294,0.9382,enc,
1786776941.085886,0.1006,-0.0,-0.0,-0.0000,0.0000,-0.0966,-0.0029,-0.0294,0.9382,enc,
1786776941.188575,0.1027,-0.0,-0.0,-0.0000,0.0000,-0.0966,-0.0029,-0.0294,0.9382,enc,
1786776941.292204,0.1036,-0.0,-0.0,-0.0000,0.0000,-0.0966,-0.0029,-0.0294,0.9380,enc,
1786776941.364233,0.0720,-0.0,-0.0,-0.0000,0.0000,-0.0966,-0.0029,-0.0294,0.9380,enc,
1786776941.466473,0.1022,-0.0,-0.0,-0.0000,0.0000,-0.0966,-0.0029,-0.0294,0.9380,enc,
1786776941.567721,0.1012,-0.0,-0.0,-0.0000,0.0000,-0.0966,-0.0029,-0.0294,0.9380,enc,
1786776941.699581,0.1319,-0.0,-0.0,-0.0000,0.0000,-0.0966,-0.0029,-0.0294,0.9379,enc,
1786776941.770874,0.0713,-0.0,-0.0,-0.0000,0.0000,-0.0966,-0.0029,-0.0294,0.9379,enc,
1786776941.874714,0.1038,-0.0,-0.0,-0.0000,0.0000,-0.0966,-0.0029,-0.0294,0.9379,enc,
1786776941.975406,0.1007,-0.0,-0.0,-0.0000,0.0000,-0.0966,-0.0029,-0.0294,0.9379,enc,
1786776942.078379,0.1030,-0.0,-0.0,-0.0000,0.0000,-0.0966,-0.0029,-0.0294,0.9379,enc,
1786776942.212025,0.1336,-0.0,-0.0,-0.0000,0.0000,-0.0966,-0.0029,-0.0294,0.9379,enc,
1786776942.314348,0.1023,-0.0,-0.0,-0.0000,0.0000,-0.0966,-0.0029,-0.0294,0.9379,enc,
1786776942.418407,0.1041,-0.0,-0.0,-0.0000,0.0000,-0.0966,-0.0029,-0.0294,0.9379,enc,
1786776942.520493,0.1021,-0.0,-0.0,-0.0000,0.0000,-0.0966,-0.0029,-0.0294,0.9379,enc,
1786776942.620979,0.1005,-0.0,-0.0,-0.0000,0.0000,-0.0966,-0.0029,-0.0294,0.9379,enc,
1786776942.692658,0.0717,-0.0,-0.0,-0.0000,0.0000,-0.0966,-0.0029,-0.0294,0.9379,enc,
1786776942.795158,0.1025,-0.0,-0.0,-0.0000,0.0000,-0.0966,-0.0029,-0.0294,0.9379,enc,
1786776942.896359,0.1012,-0.0,-0.0,-0.0000,0.0000,-0.0966,-0.0029,-0.0294,0.9379,enc,
1786776943.030593,0.1342,-0.0,-0.0,-0.0000,0.0000,-0.0966,-0.0029,-0.0294,0.9380,enc,
1786776943.101817,0.0712,-0.0,-0.0,-0.0000,0.0000,-0.0966,-0.0029,-0.0294,0.9380,enc,
1786776943.203068,0.1013,-0.0,-0.0,-0.0000,0.0000,-0.0966,-0.0029,-0.0294,0.9380,enc,
1786776943.302274,0.0992,-0.0,-0.0,-0.0000,0.0000,-0.0966,-0.0029,-0.0294,0.9379,enc,
1786776943.441558,0.1393,-0.0,-0.0,-0.0000,0.0000,-0.0966,-0.0029,-0.0294,0.9379,enc,
1786776943.508901,0.0673,-0.0,-0.0,-0.0000,0.0000,-0.0966,-0.0029,-0.0294,0.9379,enc,
1786776943.610399,0.1015,-0.0,-0.0,-0.0000,0.0000,-0.0966,-0.0029,-0.0294,0.9379,enc,
1786776943.717563,0.1072,-0.0,-0.0,-0.0000,0.0000,-0.0966,-0.0029,-0.0294,0.9379,enc,
1786776943.820319,0.1028,-0.0,-0.0,-0.0000,0.0000,-0.0966,-0.0029,-0.0294,0.9379,enc,
1786776943.920275,0.1000,-0.0,-0.0,-0.0000,0.0000,-0.0966,-0.0029,-0.0294,0.9379,enc,
1786776944.022174,0.1019,-0.0,-0.0,-0.0000,0.0000,-0.0966,-0.0029,-0.0294,0.9379,enc,
1786776944.159542,0.1374,-0.0,-0.0,-0.0000,0.0000,-0.0966,-0.0029,-0.0294,0.9379,enc,
1786776944.227811,0.0683,-0.0,-0.0,-0.0000,0.0000,-0.0966,-0.0029,-0.0294,0.9378,enc,
1786776944.328175,0.1004,-0.0,-0.0,-0.0000,0.0000,-0.0966,-0.0029,-0.0294,0.9378,enc,
1786776944.429422,0.1012,-0.0,-0.0,-0.0000,0.0000,-0.0966,-0.0029,-0.0294,0.9378,enc,
1786776944.532376,0.1030,-0.0,-0.0,-0.0000,0.0000,-0.0966,-0.0029,-0.0294,0.9378,enc,
1786776944.638188,0.1058,-0.0,-0.0,-0.0000,0.0000,-0.0966,-0.0029,-0.0294,0.9378,enc,
1786776944.736318,0.0981,-0.0,-0.0,-0.0000,0.0000,-0.0966,-0.0029,-0.0294,0.9378,enc,
1786776944.840004,0.1037,-0.0,-0.0,-0.0000,0.0000,-0.0966,-0.0029,-0.0294,0.9378,enc,
1786776944.941909,0.1019,-0.0,-0.0,-0.0000,0.0000,-0.0966,-0.0029,-0.0294,0.9378,enc,
1786776945.040636,0.0987,-0.0,-0.0,-0.0000,0.0000,-0.0966,-0.0029,-0.0294,0.9378,enc,
1786776945.142504,0.1019,-0.0,-0.0,-0.0000,0.0000,-0.0966,-0.0029,-0.0294,0.9378,enc,
1786776945.244970,0.1025,-0.0,-0.0,-0.0000,0.0000,-0.0966,-0.0029,-0.0294,0.9378,enc,
1786776945.344081,0.0991,-0.0,-0.0,-0.0000,0.0000,-0.0966,-0.0029,-0.0294,0.9378,enc,
1786776945.457188,0.1131,-0.0,-0.0,-0.0000,0.0000,-0.0966,-0.0029,-0.0294,0.9379,enc,
1786776945.548645,0.0915,-0.0,-0.0,-0.0000,0.0000,-0.0966,-0.0029,-0.0294,0.9309,enc,
1786776945.651158,0.1025,-0.0,-0.0,-0.0000,0.0000,-0.0966,-0.0029,-0.0294,0.9310,enc,
1786776945.755943,0.1048,-0.0,-0.0,-0.0000,0.0000,-0.0966,-0.0029,-0.0294,0.9380,enc,
1786776945.858271,0.1023,-0.0,-0.0,-0.0000,0.0000,-0.0966,-0.0029,-0.0294,0.9309,enc,
1786776945.958219,0.0999,-0.0,-0.0,-0.0000,0.0000,-0.0966,-0.0029,-0.0294,0.9310,enc,
1786776946.056846,0.0986,-0.0,-0.0,-0.0000,0.0000,-0.0966,-0.0029,-0.0294,0.9310,enc,
1786776946.156792,0.0999,-0.0,-0.0,-0.0000,0.0000,-0.0966,-0.0029,-0.0294,0.9310,enc,
1786776946.265404,0.1086,-0.0,-0.0,-0.0000,0.0000,-0.0966,-0.0029,-0.0294,0.9310,enc,
1786776946.361290,0.0959,-0.0,-0.0,-0.0000,0.0000,-0.0966,-0.0029,-0.0294,0.9310,enc,
1786776946.464097,0.1028,-0.0,-0.0,-0.0000,0.0000,-0.0966,-0.0029,-0.0294,0.9241,enc,
1786776946.566402,0.1023,-0.0,-0.0,-0.0000,0.0000,-0.0966,-0.0029,-0.0294,0.9241,enc,
1786776946.667781,0.1014,-0.0,-0.0,-0.0000,0.0000,-0.0966,-0.0029,-0.0294,0.9243,enc,
1786776946.770009,0.1022,-0.0,-0.0,-0.0000,0.0000,-0.0966,-0.0029,-0.0294,0.9243,enc,
1786776946.872585,0.1026,-0.0,-0.0,-0.0000,0.0000,-0.0966,-0.0029,-0.0294,0.9243,enc,
1786776946.975452,0.1029,-0.0,-0.0,-0.0000,0.0000,-0.0966,-0.0029,-0.0294,0.9243,enc,
1786776947.077193,0.1017,-0.0,-0.0,-0.0000,0.0000,-0.0966,-0.0029,-0.0294,0.9243,enc,
1786776947.179924,0.1027,-0.0,-0.0,-0.0000,0.0000,-0.0966,-0.0029,-0.0294,0.9243,enc,
1786776947.283906,0.1040,-0.0,-0.0,-0.0000,0.0000,-0.0966,-0.0029,-0.0294,0.9242,enc,
1786776947.384982,0.1011,-0.0,-0.0,-0.0000,0.0000,-0.0966,-0.0029,-0.0294,0.9242,enc,
1786776947.487047,0.1021,-0.0,-0.0,-0.0000,0.0000,-0.0966,-0.0029,-0.0294,0.9242,enc,
1786776947.590559,0.1035,-0.0,-0.0,-0.0000,0.0000,-0.0966,-0.0029,-0.0294,0.9242,enc,
1786776947.691852,0.1013,-0.0,-0.0,-0.0000,0.0000,-0.0966,-0.0029,-0.0294,0.9242,enc,
1786776947.794223,0.1024,-0.0,-0.0,-0.0000,0.0000,-0.0966,-0.0029,-0.0294,0.9242,enc,
1786776947.898002,0.1038,-0.0,-0.0,-0.0000,0.0000,-0.0966,-0.0029,-0.0294,0.9242,enc,
1786776947.999535,0.1015,-0.0,-0.0,-0.0000,0.0000,-0.0966,-0.0029,-0.0294,0.9242,enc,
1786776948.101235,0.1017,-0.0,-0.0,-0.0000,0.0000,-0.0966,-0.0029,-0.0294,0.9242,enc,
1786776948.203804,0.1026,-0.0,-0.0,-0.0000,0.0000,-0.0966,-0.0029,-0.0294,0.9242,enc,
1786776948.306540,0.1027,-0.0,-0.0,-0.0000,0.0000,-0.0966,-0.0029,-0.0294,0.9242,enc,
1786776948.408527,0.1020,-0.0,-0.0,-0.0000,0.0000,-0.0966,-0.0029,-0.0294,0.9242,enc,
1786776948.511968,0.1034,-0.0,-0.0,-0.0000,0.0000,-0.0966,-0.0029,-0.0294,0.9242,enc,
1786776948.613225,0.1013,-0.0,-0.0,-0.0000,0.0000,-0.0966,-0.0029,-0.0294,0.9241,enc,
1786776948.714739,0.1015,-0.0,-0.0,-0.0000,0.0000,-0.0966,-0.0029,-0.0294,0.9241,enc,
1786776948.819453,0.1047,-0.0,-0.0,-0.0000,0.0000,-0.0966,-0.0029,-0.0294,0.9241,enc,
1786776948.920671,0.1012,-0.0,-0.0,-0.0000,0.0000,-0.0966,-0.0029,-0.0294,0.9241,enc,
1786776949.022209,0.1015,-0.0,-0.0,-0.0000,0.0000,-0.0966,-0.0029,-0.0294,0.9241,enc,
1786776949.125295,0.1031,-0.0,-0.0,-0.0000,0.0000,-0.0966,-0.0029,-0.0294,0.9241,enc,
1786776949.227796,0.1025,-0.0,-0.0,-0.0000,0.0000,-0.0966,-0.0029,-0.0294,0.9241,enc,
1786776949.329345,0.1015,-0.0,-0.0,-0.0000,0.0000,-0.0966,-0.0029,-0.0294,0.9242,enc,
1786776949.432491,0.1031,-0.0,-0.0,-0.0000,0.0000,-0.0966,-0.0029,-0.0294,0.9242,enc,
1786776949.535109,0.1026,-0.0,-0.0,-0.0000,0.0000,-0.0966,-0.0029,-0.0294,0.9242,enc,
1786776949.636517,0.1014,-0.0,-0.0,-0.0000,0.0000,-0.0966,-0.0029,-0.0294,0.9242,enc,
1786776949.739616,0.1031,-0.0,-0.0,-0.0000,0.0000,-0.0966,-0.0029,-0.0294,0.9242,enc,
1786776949.843705,0.1041,-0.0,-0.0,-0.0000,0.0000,-0.0966,-0.0029,-0.0294,0.9242,enc,
1786776949.944421,0.1007,-0.0,-0.0,-0.0000,0.0000,-0.0966,-0.0029,-0.0294,0.9242,enc,
1786776950.046933,0.1025,-0.0,-0.0,-0.0000,0.0000,-0.0966,-0.0029,-0.0294,0.9242,enc,
1786776950.150535,0.1036,-0.0,-0.0,-0.0000,0.0000,-0.0966,-0.0029,-0.0294,0.9242,enc,
1786776950.251707,0.1012,-0.0,-0.0,-0.0000,0.0000,-0.0966,-0.0029,-0.0294,0.9242,enc,
1786776950.354160,0.1025,-0.0,-0.0,-0.0000,0.0000,-0.0966,-0.0029,-0.0294,0.9242,enc,
1786776950.457933,0.1038,-0.0,-0.0,-0.0000,0.0000,-0.0966,-0.0029,-0.0294,0.9242,enc,
1786776950.558967,0.1010,-0.0,-0.0,-0.0000,0.0000,-0.0966,-0.0029,-0.0294,0.9242,enc,
1786776950.661368,0.1024,-0.0,-0.0,-0.0000,0.0000,-0.0966,-0.0029,-0.0294,0.9242,enc,
1786776950.765430,0.1041,-0.0,-0.0,-0.0000,0.0000,-0.0966,-0.0029,-0.0294,0.9242,enc,
1786776950.866250,0.1008,-0.0,-0.0,-0.0000,0.0000,-0.0966,-0.0029,-0.0294,0.9242,enc,
1786776950.968599,0.1023,-0.0,-0.0,-0.0000,0.0000,-0.0966,-0.0029,-0.0294,0.9242,enc,
1786776951.072313,0.1037,-0.0,-0.0,-0.0000,0.0000,-0.0966,-0.0029,-0.0294,0.9242,enc,
1786776951.173582,0.1013,-0.0,-0.0,-0.0000,0.0000,-0.0966,-0.0029,-0.0294,0.9242,enc,
1786776951.275450,0.1019,-0.0,-0.0,-0.0000,0.0000,-0.0966,-0.0029,-0.0294,0.9242,enc,
1786776951.381105,0.1057,-0.0,-0.0,-0.0000,0.0000,-0.0966,-0.0029,-0.0294,0.9242,enc,
1786776951.480884,0.0998,-0.0,-0.0,-0.0000,0.0000,-0.0966,-0.0029,-0.0294,0.9242,enc,
1786776951.582803,0.1019,-0.0,-0.0,-0.0000,0.0000,-0.0966,-0.0029,-0.0294,0.9242,enc,
1786776951.685245,0.1024,-0.0,-0.0,-0.0000,0.0000,-0.0966,-0.0029,-0.0294,0.9242,enc,
1786776951.791333,0.1061,-0.0,-0.0,-0.0000,0.0000,-0.0966,-0.0029,-0.0294,0.9242,enc,
1786776951.890482,0.0991,-0.0,-0.0,-0.0000,0.0000,-0.0966,-0.0029,-0.0294,0.9241,enc,
1786776951.992601,0.1021,-0.0,-0.0,-0.0000,0.0000,-0.0966,-0.0029,-0.0294,0.9241,enc,
1786776952.096769,0.1042,-0.0,-0.0,-0.0000,0.0000,-0.0966,-0.0029,-0.0294,0.9241,enc,
1786776952.210309,0.1135,-0.0,-0.0,-0.0000,0.0000,-0.0966,-0.0029,-0.0294,0.9242,enc,
1786776952.299495,0.0892,-0.0,-0.0,-0.0000,0.0000,-0.0966,-0.0029,-0.0294,0.9242,enc,
1786776952.404366,0.1049,-0.0,-0.0,-0.0000,0.0000,-0.0966,-0.0029,-0.0294,0.9242,enc,
1786776952.504512,0.1001,-0.0,-0.0,-0.0000,0.0000,-0.0966,-0.0029,-0.0294,0.9242,enc,
1786776952.607522,0.1030,-0.0,-0.0,-0.0000,0.0000,-0.0966,-0.0029,-0.0294,0.9242,enc,
1786776952.709326,0.1018,-0.0,-0.0,-0.0000,0.0000,-0.0966,-0.0029,-0.0294,0.9242,enc,
1786776952.812085,0.1028,-0.0,-0.0,-0.0000,0.0000,-0.0966,-0.0029,-0.0294,0.9242,enc,
1786776952.913306,0.1012,-0.0,-0.0,-0.0000,0.0000,-0.0966,-0.0029,-0.0294,0.9242,enc,
1786776953.017857,0.1046,-0.0,-0.0,-0.0000,0.0000,-0.0966,-0.0029,-0.0294,0.9242,enc,
1786776953.118914,0.1011,-0.0,-0.0,-0.0000,0.0000,-0.0966,-0.0029,-0.0294,0.9242,enc,
1786776953.221421,0.1025,-0.0,-0.0,-0.0000,0.0000,-0.0966,-0.0029,-0.0294,0.9242,enc,
1786776953.324681,0.1033,-0.0,-0.0,-0.0000,0.0000,-0.0966,-0.0029,-0.0294,0.9242,enc,
1786776953.436889,0.1122,-0.0,-0.0,-0.0000,0.0000,-0.0966,-0.0029,-0.0294,0.9242,enc,
1786776953.529666,0.0928,-0.0,-0.0,-0.0000,0.0000,-0.0966,-0.0029,-0.0294,0.9242,enc,
1786776953.631995,0.1023,-0.0,-0.0,-0.0000,0.0000,-0.0966,-0.0029,-0.0294,0.9242,enc,
1786776953.734360,0.1024,-0.0,-0.0,-0.0000,0.0000,-0.0966,-0.0029,-0.0294,0.9242,enc,
1786776953.835928,0.1016,-0.0,-0.0,-0.0000,0.0000,-0.0966,-0.0029,-0.0294,0.9242,enc,
1786776953.938085,0.1022,-0.0,-0.0,-0.0000,0.0000,-0.0966,-0.0029,-0.0294,0.9242,enc,
1786776954.041835,0.1037,-0.0,-0.0,-0.0000,0.0000,-0.0966,-0.0029,-0.0294,0.9242,enc,
1786776954.142451,0.1006,-0.0,-0.0,-0.0000,0.0000,-0.0966,-0.0029,-0.0294,0.9242,enc,
1786776954.245379,0.1029,-0.0,-0.0,-0.0000,0.0000,-0.0966,-0.0029,-0.0294,0.9241,enc,
1786776954.349232,0.1039,-0.0,-0.0,-0.0000,0.0000,-0.0966,-0.0029,-0.0294,0.9241,enc,
1786776954.450229,0.1010,-0.0,-0.0,-0.0000,0.0000,-0.0966,-0.0029,-0.0294,0.9241,enc,
1786776954.552732,0.1025,-0.0,-0.0,-0.0000,0.0000,-0.0966,-0.0029,-0.0294,0.9241,enc,
1786776954.656458,0.1037,-0.0,-0.0,-0.0000,0.0000,-0.0966,-0.0029,-0.0294,0.9240,enc,
1786776954.757379,0.1009,-0.0,-0.0,-0.0000,0.0000,-0.0966,-0.0029,-0.0294,0.9240,enc,
1786776954.859782,0.1024,-0.0,-0.0,-0.0000,0.0000,-0.0966,-0.0029,-0.0294,0.9240,enc,
1786776954.963929,0.1041,-0.0,-0.0,-0.0000,0.0000,-0.0966,-0.0029,-0.0294,0.9240,enc,
1786776955.064527,0.1006,-0.0,-0.0,-0.0000,0.0000,-0.0966,-0.0029,-0.0294,0.9239,enc,
1786776955.168302,0.1038,-0.0,-0.0,-0.0000,0.0000,-0.0966,-0.0029,-0.0294,0.9239,enc,
1786776955.270623,0.1023,-0.0,-0.0,-0.0000,0.0000,-0.0966,-0.0029,-0.0294,0.9240,enc,
1786776955.371745,0.1011,-0.0,-0.0,-0.0000,0.0000,-0.0966,-0.0029,-0.0294,0.9240,enc,
1786776955.474370,0.1026,-0.0,-0.0,-0.0000,0.0000,-0.0966,-0.0029,-0.0294,0.9241,enc,
1786776955.576461,0.1021,-0.0,-0.0,-0.0000,0.0000,-0.0966,-0.0029,-0.0294,0.9241,enc,
1786776955.678909,0.1024,-0.0,-0.0,-0.0000,0.0000,-0.0966,-0.0029,-0.0294,0.9241,enc,
1786776955.781325,0.1024,-0.0,-0.0,-0.0000,0.0000,-0.0966,-0.0029,-0.0294,0.9241,enc,
1786776955.883696,0.1024,-0.0,-0.0,-0.0000,0.0000,-0.0966,-0.0029,-0.0294,0.9241,enc,
1786776955.986132,0.1024,-0.0,-0.0,-0.0000,0.0000,-0.0966,-0.0029,-0.0294,0.9241,enc,
1786776956.088616,0.1025,-0.0,-0.0,-0.0000,0.0000,-0.0966,-0.0029,-0.0294,0.9241,enc,
1786776956.191059,0.1024,-0.0,-0.0,-0.0000,0.0000,-0.0966,-0.0029,-0.0294,0.9241,enc,
1786776956.293736,0.1027,-0.0,-0.0,-0.0000,0.0000,-0.0966,-0.0029,-0.0294,0.9241,enc,
1786776956.396286,0.1026,-0.0,-0.0,-0.0000,0.0000,-0.0966,-0.0029,-0.0294,0.9241,enc,
1786776956.498202,0.1019,-0.0,-0.0,-0.0000,0.0000,-0.0966,-0.0029,-0.0294,0.9241,enc,
1786776956.600331,0.1021,-0.0,-0.0,-0.0000,0.0000,-0.0966,-0.0029,-0.0294,0.9241,enc,
1786776956.703118,0.1028,-0.0,-0.0,-0.0000,0.0000,-0.0966,-0.0029,-0.0294,0.9241,enc,
1786776956.821195,0.1181,-0.0,-0.0,-0.0000,0.0000,-0.0966,-0.0029,-0.0294,0.9241,enc,
1786776956.906922,0.0857,-0.0,-0.0,-0.0000,0.0000,-0.0966,-0.0029,-0.0294,0.9241,enc,
1786776957.009563,0.1026,-0.0,-0.0,-0.0000,0.0000,-0.0966,-0.0029,-0.0294,0.9241,enc,
1786776957.081161,0.0716,-0.0,-0.0,-0.0000,0.0000,-0.0966,-0.0029,-0.0294,0.9241,enc,
1786776957.181667,0.1005,-0.0,-0.0,-0.0000,0.0000,-0.0966,-0.0029,-0.0294,0.9241,enc,
1786776957.282032,0.1004,-0.0,-0.0,-0.0000,0.0000,-0.0966,-0.0029,-0.0294,0.9241,enc,
1786776957.384431,0.1024,-0.0,-0.0,-0.0000,0.0000,-0.0966,-0.0029,-0.0294,0.9241,enc,
1786776957.487287,0.1029,-0.0,-0.0,-0.0000,0.0000,-0.0966,-0.0029,-0.0294,0.9241,enc,
1786776957.589762,0.1025,-0.0,-0.0,-0.0000,0.0000,-0.0966,-0.0029,-0.0294,0.9240,enc,
1786776957.690413,0.1007,-0.0,-0.0,-0.0000,0.0000,-0.0966,-0.0029,-0.0294,0.9240,enc,
1786776957.793687,0.1033,-0.0,-0.0,-0.0000,0.0000,-0.0966,-0.0029,-0.0294,0.9240,enc,
1786776957.895906,0.1022,-0.0,-0.0,-0.0000,0.0000,-0.0966,-0.0029,-0.0294,0.9240,enc,
1786776958.000451,0.1045,-0.0,-0.0,-0.0000,0.0000,-0.0966,-0.0029,-0.0294,0.9240,enc,
1786776958.102357,0.1019,-0.0,-0.0,-0.0000,0.0000,-0.0966,-0.0029,-0.0294,0.9240,enc,
1786776958.238466,0.1361,-0.0,-0.0,-0.0000,0.0000,-0.0966,-0.0029,-0.0294,0.9240,enc,
1786776958.340969,0.1025,-0.0,-0.0,-0.0000,0.0000,-0.0966,-0.0029,-0.0294,0.9240,enc,
1786776958.443631,0.1027,-0.0,-0.0,-0.0000,0.0000,-0.0966,-0.0029,-0.0294,0.9240,enc,
1786776958.546198,0.1026,-0.0,-0.0,-0.0000,0.0000,-0.0966,-0.0029,-0.0294,0.9240,enc,
1786776958.647871,0.1017,-0.0,-0.0,-0.0000,0.0000,-0.0966,-0.0029,-0.0294,0.9240,enc,
1786776958.751173,0.1033,-0.0,-0.0,-0.0000,0.0000,-0.0966,-0.0029,-0.0294,0.9240,enc,
1786776958.852874,0.1017,-0.0,-0.0,-0.0000,0.0000,-0.0966,-0.0029,-0.0294,0.9240,enc,
1786776958.954836,0.1020,-0.0,-0.0,-0.0000,0.0000,-0.0966,-0.0029,-0.0294,0.9239,enc,
1786776959.057308,0.1025,-0.0,-0.0,-0.0000,0.0000,-0.0966,-0.0029,-0.0294,0.9239,enc,
1786776959.130146,0.0728,-0.0,-0.0,-0.0000,0.0000,-0.0966,-0.0029,-0.0294,0.9239,enc,
1786776959.229088,0.0989,-0.0,-0.0,-0.0000,0.0000,-0.0966,-0.0029,-0.0294,0.9239,enc,
1786776959.330647,0.1016,-0.0,-0.0,-0.0000,0.0000,-0.0966,-0.0029,-0.0294,0.9239,enc,
1786776959.434110,0.1035,-0.0,-0.0,-0.0000,0.0000,-0.0966,-0.0029,-0.0294,0.9239,enc,
1786776959.536506,0.1024,-0.0,-0.0,-0.0000,0.0000,-0.0966,-0.0029,-0.0294,0.9239,enc,
1786776959.637672,0.1012,-0.0,-0.0,-0.0000,0.0000,-0.0966,-0.0029,-0.0294,0.9239,enc,
1786776959.739741,0.1021,-0.0,-0.0,-0.0000,0.0000,-0.0966,-0.0029,-0.0294,0.9239,enc,
1786776959.845955,0.1062,-0.0,-0.0,-0.0000,0.0000,-0.0966,-0.0029,-0.0294,0.9240,enc,
1786776959.949707,0.1038,-0.0,-0.0,-0.0000,0.0000,-0.0966,-0.0029,-0.0294,0.9240,enc,
1786776960.049278,0.0996,-0.0,-0.0,-0.0000,0.0000,-0.0966,-0.0029,-0.0294,0.9240,enc,
1786776960.148846,0.0996,-0.0,-0.0,-0.0000,0.0000,-0.0966,-0.0029,-0.0294,0.9241,enc,
1786776960.255265,0.1064,-0.0,-0.0,-0.0000,0.0000,-0.0966,-0.0029,-0.0294,0.9241,enc,
1786776960.357463,0.1022,-0.0,-0.0,-0.0000,0.0000,-0.0966,-0.0029,-0.0294,0.9241,enc,
1786776960.457383,0.0999,-0.0,-0.0,-0.0000,0.0000,-0.0966,-0.0029,-0.0294,0.9240,enc,
1786776960.559889,0.1025,-0.0,-0.0,-0.0000,0.0000,-0.0966,-0.0029,-0.0294,0.9240,enc,
1786776960.660838,0.1009,-0.0,-0.0,-0.0000,0.0000,-0.0966,-0.0029,-0.0294,0.9240,enc,
1786776960.763858,0.1030,-0.0,-0.0,-0.0000,0.0000,-0.0966,-0.0029,-0.0294,0.9240,enc,
1786776960.864973,0.1011,-0.0,-0.0,-0.0000,0.0000,-0.0966,-0.0029,-0.0294,0.9240,enc,
1786776960.965836,0.1009,-0.0,-0.0,-0.0000,0.0000,-0.0966,-0.0029,-0.0294,0.9240,enc,
1786776961.067994,0.1022,-0.0,-0.0,-0.0000,0.0000,-0.0966,-0.0029,-0.0294,0.9240,enc,
1786776961.165749,0.0978,-0.0,-0.0,-0.0000,0.0000,-0.0966,-0.0029,-0.0294,0.9240,enc,
1786776961.266781,0.1010,-0.0,-0.0,-0.0000,0.0000,-0.0966,-0.0029,-0.0294,0.9240,enc,
1786776961.367072,0.1003,-0.0,-0.0,-0.0000,0.0000,-0.0966,-0.0029,-0.0294,0.9240,enc,
1786776961.467009,0.0999,-0.0,-0.0,-0.0000,0.0000,-0.0966,-0.0029,-0.0294,0.9240,enc,
1786776961.567585,0.1006,-0.0,-0.0,-0.0000,0.0000,-0.0966,-0.0029,-0.0294,0.9240,enc,
1786776961.673178,0.1056,-0.0,-0.0,-0.0000,0.0000,-0.0966,-0.0029,-0.0294,0.9240,enc,
1786776961.776331,0.1032,-0.0,-0.0,-0.0000,0.0000,-0.0966,-0.0029,-0.0294,0.9240,enc,
1786776961.876961,0.1006,-0.0,-0.0,-0.0000,0.0000,-0.0966,-0.0029,-0.0294,0.9240,enc,
1786776961.976805,0.0998,-0.0,-0.0,-0.0000,0.0000,-0.0966,-0.0029,-0.0294,0.9240,enc,
1786776962.083712,0.1069,-0.0,-0.0,-0.0000,0.0000,-0.0966,-0.0029,-0.0294,0.9240,enc,
1786776962.184111,0.1004,-0.0,-0.0,-0.0000,0.0000,-0.0966,-0.0029,-0.0294,0.9240,enc,
1786776962.289942,0.1058,-0.0,-0.0,-0.0000,0.0000,-0.0966,-0.0029,-0.0294,0.9241,enc,
1786776962.397211,0.1073,-0.0,-0.0,-0.0000,0.0000,-0.0966,-0.0029,-0.0294,0.9241,enc,
1786776962.490375,0.0932,-0.0,-0.0,-0.0000,0.0000,-0.0966,-0.0029,-0.0294,0.9241,enc,
1786776962.590195,0.0998,-0.0,-0.0,-0.0000,0.0000,-0.0966,-0.0029,-0.0294,0.9241,enc,
1786776962.692169,0.1020,-0.0,-0.0,-0.0000,0.0000,-0.0966,-0.0029,-0.0294,0.9242,enc,
1786776962.794273,0.1021,-0.0,-0.0,-0.0000,0.0000,-0.0966,-0.0029,-0.0294,0.9242,enc,
1786776962.897242,0.1030,-0.0,-0.0,-0.0000,0.0000,-0.0966,-0.0029,-0.0294,0.9242,enc,
1786776962.999787,0.1025,-0.0,-0.0,-0.0000,0.0000,-0.0966,-0.0029,-0.0294,0.9243,enc,
1786776963.102334,0.1025,-0.0,-0.0,-0.0000,0.0000,-0.0966,-0.0029,-0.0294,0.9243,enc,
1786776963.204189,0.1019,-0.0,-0.0,-0.0000,0.0000,-0.0966,-0.0029,-0.0294,0.9243,enc,
1786776963.306551,0.1024,-0.0,-0.0,-0.0000,0.0000,-0.0966,-0.0029,-0.0294,0.9243,enc,
1786776963.410354,0.1038,-0.0,-0.0,-0.0000,0.0000,-0.0966,-0.0029,-0.0294,0.9243,enc,
1786776963.514002,0.1036,-0.0,-0.0,-0.0000,0.0000,-0.0966,-0.0029,-0.0294,0.9243,enc,
1786776963.615164,0.1012,-0.0,-0.0,-0.0000,0.0000,-0.0966,-0.0029,-0.0294,0.9243,enc,
1786776963.716790,0.1016,-0.0,-0.0,-0.0000,0.0000,-0.0966,-0.0029,-0.0294,0.9243,enc,
1786776963.820474,0.1037,-0.0,-0.0,-0.0000,0.0000,-0.0966,-0.0029,-0.0294,0.9243,enc,
1786776963.921125,0.1007,-0.0,-0.0,-0.0000,0.0000,-0.0966,-0.0029,-0.0294,0.9241,enc,
1786776964.023289,0.1022,-0.0,-0.0,-0.0000,0.0000,-0.0966,-0.0029,-0.0294,0.9241,enc,
1786776964.126963,0.1037,-0.0,-0.0,-0.0000,0.0000,-0.0966,-0.0029,-0.0294,0.9241,enc,
1786776964.229423,0.1025,-0.0,-0.0,-0.0000,0.0000,-0.0966,-0.0029,-0.0294,0.9241,enc,
1786776964.331697,0.1023,-0.0,-0.0,-0.0000,0.0000,-0.0966,-0.0029,-0.0294,0.9240,enc,
1786776964.434184,0.1025,-0.0,-0.0,-0.0000,0.0000,-0.0966,-0.0029,-0.0294,0.9241,enc,
1786776964.537346,0.1032,-0.0,-0.0,-0.0000,0.0000,-0.0966,-0.0029,-0.0294,0.9241,enc,
1786776964.641748,0.1044,-0.0,-0.0,-0.0000,0.0000,-0.0966,-0.0029,-0.0294,0.9241,enc,
1786776964.746103,0.1044,-0.0,-0.0,-0.0000,0.0000,-0.0966,-0.0029,-0.0294,0.9240,enc,
1786776964.843718,0.0976,-0.0,-0.0,-0.0000,0.0000,-0.0966,-0.0029,-0.0294,0.9239,enc,
1786776964.946052,0.1023,-0.0,-0.0,-0.0000,0.0000,-0.0966,-0.0029,-0.0294,0.9239,enc,
1786776965.051333,0.1053,-0.0,-0.0,-0.0000,0.0000,-0.0966,-0.0029,-0.0294,0.9239,enc,
1786776965.151269,0.0999,-0.0,-0.0,-0.0000,0.0000,-0.0966,-0.0029,-0.0294,0.9239,enc,
1786776965.254634,0.1034,-0.0,-0.0,-0.0000,0.0000,-0.0966,-0.0029,-0.0294,0.9238,enc,
1786776965.357121,0.1025,-0.0,-0.0,-0.0000,0.0000,-0.0966,-0.0029,-0.0294,0.9238,enc,
1786776965.460931,0.1038,-0.0,-0.0,-0.0000,0.0000,-0.0966,-0.0029,-0.0294,0.9239,enc,
1786776965.559493,0.0986,-0.0,-0.0,-0.0000,0.0000,-0.0966,-0.0029,-0.0294,0.9239,enc,
1786776965.662003,0.1025,-0.0,-0.0,-0.0000,0.0000,-0.0966,-0.0029,-0.0294,0.9239,enc,
1786776965.764614,0.1026,-0.0,-0.0,-0.0000,0.0000,-0.0966,-0.0029,-0.0294,0.9239,enc,
1786776965.866800,0.1022,-0.0,-0.0,-0.0000,0.0000,-0.0966,-0.0029,-0.0294,0.9239,enc,
1786776965.970421,0.1036,-0.0,-0.0,-0.0000,0.0000,-0.0966,-0.0029,-0.0294,0.9239,enc,
1786776966.076955,0.1065,-0.0,-0.0,-0.0000,0.0000,-0.0966,-0.0029,-0.0294,0.9239,enc,
1786776966.175179,0.0982,-0.0,-0.0,-0.0000,0.0000,-0.0966,-0.0029,-0.0294,0.9239,enc,
1786776966.276607,0.1014,-0.0,-0.0,-0.0000,0.0000,-0.0966,-0.0029,-0.0294,0.9239,enc,
1786776966.380163,0.1036,-0.0,-0.0,-0.0000,0.0000,-0.0966,-0.0029,-0.0294,0.9239,enc,
1786776966.481216,0.1011,-0.0,-0.0,-0.0000,0.0000,-0.0966,-0.0029,-0.0294,0.9239,enc,
1786776966.583842,0.1026,-0.0,-0.0,-0.0000,0.0000,-0.0966,-0.0029,-0.0294,0.9239,enc,
1786776966.689466,0.1056,-0.0,-0.0,-0.0000,0.0000,-0.0966,-0.0029,-0.0294,0.9239,enc,
1786776966.788322,0.0989,-0.0,-0.0,-0.0000,0.0000,-0.0966,-0.0029,-0.0294,0.9240,enc,
1786776966.890891,0.1026,-0.0,-0.0,-0.0000,0.0000,-0.0966,-0.0029,-0.0294,0.9240,enc,
1786776966.994477,0.1036,-0.0,-0.0,-0.0000,0.0000,-0.0966,-0.0029,-0.0294,0.9240,enc,
1786776967.095918,0.1014,-0.0,-0.0,-0.0000,0.0000,-0.0966,-0.0029,-0.0294,0.9241,enc,
1786776967.198318,0.1024,-0.0,-0.0,-0.0000,0.0000,-0.0966,-0.0029,-0.0294,0.9241,enc,
1786776967.300835,0.1025,-0.0,-0.0,-0.0000,0.0000,-0.0966,-0.0029,-0.0294,0.9241,enc,
1786776967.403900,0.1031,-0.0,-0.0,-0.0000,0.0000,-0.0966,-0.0029,-0.0294,0.9241,enc,
1786776967.506912,0.1030,-0.0,-0.0,-0.0000,0.0000,-0.0966,-0.0029,-0.0294,0.9242,enc,
1786776967.608871,0.1020,-0.0,-0.0,-0.0000,0.0000,-0.0966,-0.0029,-0.0294,0.9242,enc,
1786776967.710736,0.1019,-0.0,-0.0,-0.0000,0.0000,-0.0966,-0.0029,-0.0294,0.9241,enc,
1786776967.814914,0.1042,-0.0,-0.0,-0.0000,0.0000,-0.0966,-0.0029,-0.0294,0.9241,enc,
1786776967.916016,0.1011,-0.0,-0.0,-0.0000,0.0000,-0.0966,-0.0029,-0.0294,0.9241,enc,
1786776968.018314,0.1023,-0.0,-0.0,-0.0000,0.0000,-0.0966,-0.0029,-0.0294,0.9241,enc,
1786776968.120684,0.1024,-0.0,-0.0,-0.0000,0.0000,-0.0966,-0.0029,-0.0294,0.9241,enc,
1786776968.223020,0.1023,-0.0,-0.0,-0.0000,0.0000,-0.0966,-0.0029,-0.0294,0.9241,enc,
1786776968.325671,0.1027,-0.0,-0.0,-0.0000,0.0000,-0.0966,-0.0029,-0.0294,0.9241,enc,
1786776968.426512,0.1008,-0.0,-0.0,-0.0000,0.0000,-0.0966,-0.0029,-0.0294,0.9241,enc,
1786776968.529672,0.1032,-0.0,-0.0,-0.0000,0.0000,-0.0966,-0.0029,-0.0294,0.9241,enc,
1786776968.634255,0.1046,-0.0,-0.0,-0.0000,0.0000,-0.0966,-0.0029,-0.0294,0.9241,enc,
1786776968.736331,0.1021,-0.0,-0.0,-0.0000,0.0000,-0.0966,-0.0029,-0.0294,0.9241,enc,
1786776968.836857,0.1005,-0.0,-0.0,-0.0000,0.0000,-0.0966,-0.0029,-0.0294,0.9241,enc,
1786776968.940516,0.1037,-0.0,-0.0,-0.0000,0.0000,-0.0966,-0.0029,-0.0294,0.9241,enc,
1786776969.042460,0.1019,-0.0,-0.0,-0.0000,0.0000,-0.0966,-0.0029,-0.0294,0.9241,enc,
1786776969.143749,0.1013,-0.0,-0.0,-0.0000,0.0000,-0.0966,-0.0029,-0.0294,0.9241,enc,
1786776969.254632,0.1109,-0.0,-0.0,-0.0000,0.0000,-0.0966,-0.0029,-0.0294,0.9242,enc,
1786776969.348761,0.0941,-0.0,-0.0,-0.0000,0.0000,-0.0966,-0.0029,-0.0294,0.9242,enc,
1786776969.451119,0.1024,-0.0,-0.0,-0.0000,0.0000,-0.0966,-0.0029,-0.0294,0.9242,enc,
1786776969.553432,0.1023,-0.0,-0.0,-0.0000,0.0000,-0.0966,-0.0029,-0.0294,0.9242,enc,
1786776969.656202,0.1028,-0.0,-0.0,-0.0000,0.0000,-0.0966,-0.0029,-0.0294,0.9242,enc,
1786776969.758942,0.1027,-0.0,-0.0,-0.0000,0.0000,-0.0966,-0.0029,-0.0294,0.9242,enc,
1786776969.830944,0.0720,-0.0,-0.0,-0.0000,0.0000,-0.0966,-0.0029,-0.0294,0.9242,enc,
1786776969.962141,0.1312,-0.0,-0.0,-0.0000,0.0000,-0.0966,-0.0029,-0.0294,0.9242,enc,
1786776970.065573,0.1034,-0.0,-0.0,-0.0000,0.0000,-0.0966,-0.0029,-0.0294,0.9242,enc,
1786776970.136907,0.0713,-0.0,-0.0,-0.0000,0.0000,-0.0966,-0.0029,-0.0294,0.9242,enc,
1786776970.236191,0.0993,-0.0,-0.0,-0.0000,0.0000,-0.0966,-0.0029,-0.0294,0.9242,enc,
1786776970.337666,0.1015,-0.0,-0.0,-0.0000,0.0000,-0.0966,-0.0029,-0.0294,0.9242,enc,
1786776970.439862,0.1022,-0.0,-0.0,-0.0000,0.0000,-0.0966,-0.0029,-0.0294,0.9242,enc,
1786776970.541298,0.1014,-0.0,-0.0,-0.0000,0.0000,-0.0966,-0.0029,-0.0294,0.9242,enc,
1786776970.641449,0.1002,-0.0,-0.0,-0.0000,0.0000,-0.0966,-0.0029,-0.0294,0.9242,enc,
1786776970.743716,0.1023,-0.0,-0.0,-0.0000,0.0000,-0.0966,-0.0029,-0.0294,0.9242,enc,
1786776970.845866,0.1022,-0.0,-0.0,-0.0000,0.0000,-0.0966,-0.0029,-0.0294,0.9242,enc,
1786776970.947410,0.1015,-0.0,-0.0,-0.0000,0.0000,-0.0966,-0.0029,-0.0294,0.9242,enc,
1786776971.051493,0.1041,-0.0,-0.0,-0.0000,0.0000,-0.0966,-0.0029,-0.0294,0.9242,enc,
1786776971.153426,0.1019,-0.0,-0.0,-0.0000,0.0000,-0.0966,-0.0029,-0.0294,0.9242,enc,
1786776971.255857,0.1024,-0.0,-0.0,-0.0000,0.0000,-0.0966,-0.0029,-0.0294,0.9242,enc,
1786776971.358073,0.1022,-0.0,-0.0,-0.0000,0.0000,-0.0966,-0.0029,-0.0294,0.9242,enc,
1786776971.462961,0.1049,-0.0,-0.0,-0.0000,0.0000,-0.0966,-0.0029,-0.0294,0.9242,enc,
1786776971.563156,0.1002,-0.0,-0.0,-0.0000,0.0000,-0.0966,-0.0029,-0.0294,0.9242,enc,
1786776971.669853,0.1067,-0.0,-0.0,-0.0000,0.0000,-0.0966,-0.0029,-0.0294,0.9242,enc,
1786776971.763041,0.0932,-0.0,-0.0,-0.0000,0.0000,-0.0966,-0.0029,-0.0294,0.9242,enc,
1786776971.865514,0.1025,-0.0,-0.0,-0.0000,0.0000,-0.0966,-0.0029,-0.0294,0.9242,enc,
1786776971.973260,0.1077,-0.0,-0.0,-0.0000,0.0000,-0.0966,-0.0029,-0.0294,0.9242,enc,
1786776972.075404,0.1021,-0.0,-0.0,-0.0000,0.0000,-0.0966,-0.0029,-0.0294,0.9242,enc,
1786776972.177659,0.1023,-0.0,-0.0,-0.0000,0.0000,-0.0966,-0.0029,-0.0294,0.9242,enc,
1786776972.280403,0.1027,-0.0,-0.0,-0.0000,0.0000,-0.0966,-0.0029,-0.0294,0.9242,enc,
1786776972.383402,0.1030,-0.0,-0.0,-0.0000,0.0000,-0.0966,-0.0029,-0.0294,0.9242,enc,
1786776972.484780,0.1014,-0.0,-0.0,-0.0000,0.0000,-0.0966,-0.0029,-0.0294,0.9242,enc,
1786776972.587859,0.1031,-0.0,-0.0,-0.0000,0.0000,-0.0966,-0.0029,-0.0294,0.9242,enc,
1786776972.694520,0.1067,-0.0,-0.0,-0.0000,0.0000,-0.0966,-0.0029,-0.0294,0.9242,enc,
1786776972.787241,0.0927,-0.0,-0.0,-0.0000,0.0000,-0.0966,-0.0029,-0.0294,0.9242,enc,
1786776972.889572,0.1023,-0.0,-0.0,-0.0000,0.0000,-0.0966,-0.0029,-0.0294,0.9242,enc,
1786776972.992685,0.1031,-0.0,-0.0,-0.0000,0.0000,-0.0966,-0.0029,-0.0294,0.9242,enc,
1786776973.090855,0.0982,-0.0,-0.0,-0.0000,0.0000,-0.0966,-0.0029,-0.0294,0.9242,enc,
1786776973.190572,0.0997,-0.0,-0.0,-0.0000,0.0000,-0.0966,-0.0029,-0.0294,0.9241,enc,
1786776973.293247,0.1027,-0.0,-0.0,-0.0000,0.0000,-0.0966,-0.0029,-0.0294,0.9241,enc,
1786776973.393489,0.1002,-0.0,-0.0,-0.0000,0.0000,-0.0966,-0.0029,-0.0294,0.9241,enc,
1786776973.496725,0.1032,-0.0,-0.0,-0.0000,0.0000,-0.0966,-0.0029,-0.0294,0.9241,enc,
1786776973.600421,0.1037,-0.0,-0.0,-0.0000,0.0000,-0.0966,-0.0029,-0.0294,0.9241,enc,
1786776973.700958,0.1005,-0.0,-0.0,-0.0000,0.0000,-0.0966,-0.0029,-0.0294,0.9241,enc,
1786776973.803947,0.1030,-0.0,-0.0,-0.0000,0.0000,-0.0966,-0.0029,-0.0294,0.9241,enc,
1786776973.907821,0.1039,-0.0,-0.0,-0.0000,0.0000,-0.0966,-0.0029,-0.0294,0.9241,enc,
1786776974.008651,0.1008,-0.0,-0.0,-0.0000,0.0000,-0.0966,-0.0029,-0.0294,0.9241,enc,
1786776974.110964,0.1023,-0.0,-0.0,-0.0000,0.0000,-0.0966,-0.0029,-0.0294,0.9241,enc,
1786776974.215117,0.1042,-0.0,-0.0,-0.0000,0.0000,-0.0966,-0.0029,-0.0294,0.9241,enc,
1786776974.317378,0.1023,-0.0,-0.0,-0.0000,0.0000,-0.0966,-0.0029,-0.0294,0.9241,enc,
1786776974.418383,0.1010,-0.0,-0.0,-0.0000,0.0000,-0.0966,-0.0029,-0.0294,0.9242,enc,
1786776974.520717,0.1023,-0.0,-0.0,-0.0000,0.0000,-0.0966,-0.0029,-0.0294,0.9242,enc,
1786776974.623881,0.1032,-0.0,-0.0,-0.0000,0.0000,-0.0966,-0.0029,-0.0294,0.9242,enc,
1786776974.725828,0.1019,-0.0,-0.0,-0.0000,0.0000,-0.0966,-0.0029,-0.0294,0.9242,enc,
1786776974.829056,0.1032,-0.0,-0.0,-0.0000,0.0000,-0.0966,-0.0029,-0.0294,0.9242,enc,
1786776974.931543,0.1025,-0.0,-0.0,-0.0000,0.0000,-0.0966,-0.0029,-0.0294,0.9242,enc,
1786776975.033790,0.1022,-0.0,-0.0,-0.0000,0.0000,-0.0966,-0.0029,-0.0294,0.9242,enc,
1786776975.136233,0.1024,-0.0,-0.0,-0.0000,0.0000,-0.0966,-0.0029,-0.0294,0.9242,enc,
1786776975.238727,0.1025,-0.0,-0.0,-0.0000,0.0000,-0.0966,-0.0029,-0.0294,0.9242,enc,
1786776975.341039,0.1023,-0.0,-0.0,-0.0000,0.0000,-0.0966,-0.0029,-0.0294,0.9242,enc,
1786776975.454682,0.1136,-0.0,-0.0,-0.0000,0.0000,-0.0966,-0.0029,-0.0294,0.9241,enc,
1786776975.545820,0.0911,-0.0,-0.0,-0.0000,0.0000,-0.0966,-0.0029,-0.0294,0.9241,enc,
1786776975.647402,0.1016,-0.0,-0.0,-0.0000,0.0000,-0.0966,-0.0029,-0.0294,0.9241,enc,
1786776975.750727,0.1033,-0.0,-0.0,-0.0000,0.0000,-0.0966,-0.0029,-0.0294,0.9241,enc,
1786776975.859240,0.1085,-0.0,-0.0,-0.0000,0.0000,-0.0966,-0.0029,-0.0294,0.9241,enc,
1786776975.954414,0.0952,-0.0,-0.0,-0.0000,0.0000,-0.0966,-0.0029,-0.0294,0.9241,enc,
1786776976.057251,0.1028,-0.0,-0.0,-0.0000,0.0000,-0.0966,-0.0029,-0.0294,0.9241,enc,
1786776976.160445,0.1032,-0.0,-0.0,-0.0000,0.0000,-0.0966,-0.0029,-0.0294,0.9241,enc,
1786776976.261480,0.1010,-0.0,-0.0,-0.0000,0.0000,-0.0966,-0.0029,-0.0294,0.9241,enc,
1786776976.363965,0.1025,-0.0,-0.0,-0.0000,0.0000,-0.0966,-0.0029,-0.0294,0.9241,enc,
1786776976.466294,0.1023,-0.0,-0.0,-0.0000,0.0000,-0.0966,-0.0029,-0.0294,0.9241,enc,
1786776976.568728,0.1024,-0.0,-0.0,-0.0000,0.0000,-0.0966,-0.0029,-0.0294,0.9240,enc,
1786776976.670954,0.1022,-0.0,-0.0,-0.0000,0.0000,-0.0966,-0.0029,-0.0294,0.9240,enc,
1786776976.773432,0.1025,-0.0,-0.0,-0.0000,0.0000,-0.0966,-0.0029,-0.0294,0.9240,enc,
1786776976.875772,0.1023,-0.0,-0.0,-0.0000,0.0000,-0.0966,-0.0029,-0.0294,0.9240,enc,
1786776976.978179,0.1024,-0.0,-0.0,-0.0000,0.0000,-0.0966,-0.0029,-0.0294,0.9240,enc,
1786776977.081125,0.1029,-0.0,-0.0,-0.0000,0.0000,-0.0966,-0.0029,-0.0294,0.9240,enc,
1786776977.184952,0.1038,-0.0,-0.0,-0.0000,0.0000,-0.0966,-0.0029,-0.0294,0.9240,enc,
1786776977.285385,0.1004,-0.0,-0.0,-0.0000,0.0000,-0.0966,-0.0029,-0.0294,0.9240,enc,
1786776977.402018,0.1166,-0.0,-0.0,-0.0000,0.0000,-0.0966,-0.0029,-0.0294,0.9240,enc,
1786776977.490437,0.0884,-0.0,-0.0,-0.0000,0.0000,-0.0966,-0.0029,-0.0294,0.9240,enc,
1786776977.592868,0.1024,-0.0,-0.0,-0.0000,0.0000,-0.0966,-0.0029,-0.0294,0.9240,enc,
1786776977.695101,0.1022,-0.0,-0.0,-0.0000,0.0000,-0.0966,-0.0029,-0.0294,0.9240,enc,
1786776977.797722,0.1026,-0.0,-0.0,-0.0000,0.0000,-0.0966,-0.0029,-0.0294,0.9240,enc,
1786776977.898802,0.1011,-0.0,-0.0,-0.0000,0.0000,-0.0966,-0.0029,-0.0294,0.9240,enc,
1786776978.002261,0.1035,-0.0,-0.0,-0.0000,0.0000,-0.0966,-0.0029,-0.0294,0.9240,enc,
1786776978.106291,0.1040,-0.0,-0.0,-0.0000,0.0000,-0.0966,-0.0029,-0.0294,0.9240,enc,
1786776978.206421,0.1001,-0.0,-0.0,-0.0000,0.0000,-0.0966,-0.0029,-0.0294,0.9240,enc,
1786776978.309455,0.1030,-0.0,-0.0,-0.0000,0.0000,-0.0966,-0.0029,-0.0294,0.9240,enc,
1786776978.411749,0.1023,-0.0,-0.0,-0.0000,0.0000,-0.0966,-0.0029,-0.0294,0.9240,enc,
1786776978.484144,0.0724,-0.0,-0.0,-0.0000,0.0000,-0.0966,-0.0029,-0.0294,0.9240,enc,
1786776978.585837,0.1017,-0.0,-0.0,-0.0000,0.0000,-0.0966,-0.0029,-0.0294,0.9240,enc,
1786776978.720749,0.1349,-0.0,-0.0,-0.0000,0.0000,-0.0966,-0.0029,-0.0294,0.9240,enc,
1786776978.820395,0.0996,-0.0,-0.0,-0.0000,0.0000,-0.0966,-0.0029,-0.0294,0.9240,enc,
1786776978.923385,0.1030,-0.0,-0.0,-0.0000,0.0000,-0.0966,-0.0029,-0.0294,0.9240,enc,
1786776978.992882,0.0695,-0.0,-0.0,-0.0000,0.0000,-0.0966,-0.0029,-0.0294,0.9240,enc,
1786776979.097198,0.1043,-0.0,-0.0,-0.0000,0.0000,-0.0966,-0.0029,-0.0294,0.9240,enc,
1786776979.196138,0.0989,-0.0,-0.0,-0.0000,0.0000,-0.0966,-0.0029,-0.0294,0.9240,enc,
1786776979.300389,0.1043,-0.0,-0.0,-0.0000,0.0000,-0.0966,-0.0029,-0.0294,0.9240,enc,
1786776979.402142,0.1018,-0.0,-0.0,-0.0000,0.0000,-0.0966,-0.0029,-0.0294,0.9240,enc,
1786776979.502604,0.1005,-0.0,-0.0,-0.0000,0.0000,-0.0966,-0.0029,-0.0294,0.9240,enc,
1786776979.602941,0.1003,-0.0,-0.0,-0.0000,0.0000,-0.0966,-0.0029,-0.0294,0.9240,enc,
1786776979.703868,0.1009,-0.0,-0.0,-0.0000,0.0000,-0.0966,-0.0029,-0.0294,0.9240,enc,
1786776979.807663,0.1038,-0.0,-0.0,-0.0000,0.0000,-0.0966,-0.0029,-0.0294,0.9240,enc,
1786776979.911024,0.1034,-0.0,-0.0,-0.0000,0.0000,-0.0966,-0.0029,-0.0294,0.9240,enc,
1786776980.013710,0.1027,-0.0,-0.0,-0.0000,0.0000,-0.0966,-0.0029,-0.0294,0.9240,enc,
1786776980.113491,0.0998,-0.0,-0.0,-0.0000,0.0000,-0.0966,-0.0029,-0.0294,0.9240,enc,
1786776980.219564,0.1061,-0.0,-0.0,-0.0000,0.0000,-0.0966,-0.0029,-0.0294,0.9241,enc,
1786776980.318853,0.0993,-0.0,-0.0,-0.0000,0.0000,-0.0966,-0.0029,-0.0294,0.9241,enc,
1786776980.419979,0.1011,-0.0,-0.0,-0.0000,0.0000,-0.0966,-0.0029,-0.0294,0.9241,enc,
1786776980.523182,0.1032,-0.0,-0.0,-0.0000,0.0000,-0.0966,-0.0029,-0.0294,0.9241,enc,
1786776980.627485,0.1043,-0.0,-0.0,-0.0000,0.0000,-0.0966,-0.0029,-0.0294,0.9241,enc,
1786776980.728969,0.1015,-0.0,-0.0,-0.0000,0.0000,-0.0966,-0.0029,-0.0294,0.9241,enc,
1786776980.830425,0.1015,-0.0,-0.0,-0.0000,0.0000,-0.0966,-0.0029,-0.0294,0.9241,enc,
1786776980.928952,0.0985,-0.0,-0.0,-0.0000,0.0000,-0.0966,-0.0029,-0.0294,0.9241,enc,
1786776981.029691,0.1007,-0.0,-0.0,-0.0000,0.0000,-0.0966,-0.0029,-0.0294,0.9241,enc,
1786776981.131033,0.1013,-0.0,-0.0,-0.0000,0.0000,-0.0966,-0.0029,-0.0294,0.9241,enc,
1786776981.235487,0.1045,-0.0,-0.0,-0.0000,0.0000,-0.0966,-0.0029,-0.0294,0.9241,enc,
1786776981.340158,0.1047,-0.0,-0.0,-0.0000,0.0000,-0.0966,-0.0029,-0.0294,0.9241,enc,
1786776981.439313,0.0992,-0.0,-0.0,-0.0000,0.0000,-0.0966,-0.0029,-0.0294,0.9240,enc,
1786776981.541228,0.1019,-0.0,-0.0,-0.0000,0.0000,-0.0966,-0.0029,-0.0294,0.9240,enc,
1786776981.643762,0.1025,-0.0,-0.0,-0.0000,0.0000,-0.0966,-0.0029,-0.0294,0.9240,enc,
1786776981.744368,0.1006,-0.0,-0.0,-0.0000,0.0000,-0.0966,-0.0029,-0.0294,0.9241,enc,
1786776981.845053,0.1007,-0.0,-0.0,-0.0000,0.0000,-0.0966,-0.0029,-0.0294,0.9240,enc,
1786776981.944391,0.0993,-0.0,-0.0,-0.0000,0.0000,-0.0966,-0.0029,-0.0294,0.9240,enc,
1786776982.047116,0.1027,-0.0,-0.0,-0.0000,0.0000,-0.0966,-0.0029,-0.0294,0.9240,enc,
1786776982.152190,0.1051,-0.0,-0.0,-0.0000,0.0000,-0.0966,-0.0029,-0.0294,0.9240,enc,
1786776982.253150,0.1010,-0.0,-0.0,-0.0000,0.0000,-0.0966,-0.0029,-0.0294,0.9240,enc,
1786776982.356166,0.1030,-0.0,-0.0,-0.0000,0.0000,-0.0966,-0.0029,-0.0294,0.9240,enc,
1786776982.459417,0.1033,-0.0,-0.0,-0.0000,0.0000,-0.0966,-0.0029,-0.0294,0.9241,enc,
1786776982.559696,0.1003,-0.0,-0.0,-0.0000,0.0000,-0.0966,-0.0029,-0.0294,0.9241,enc,
1786776982.664873,0.1052,-0.0,-0.0,-0.0000,0.0000,-0.0966,-0.0029,-0.0294,0.9241,enc,
1786776982.764788,0.0999,-0.0,-0.0,-0.0000,0.0000,-0.0966,-0.0029,-0.0294,0.9241,enc,
1786776982.867207,0.1024,-0.0,-0.0,-0.0000,0.0000,-0.0966,-0.0029,-0.0294,0.9241,enc,
1786776982.969254,0.1020,-0.0,-0.0,-0.0000,0.0000,-0.0966,-0.0029,-0.0294,0.9241,enc,
1786776983.071012,0.1018,-0.0,-0.0,-0.0000,0.0000,-0.0966,-0.0029,-0.0294,0.9241,enc,
1786776983.174904,0.1039,-0.0,-0.0,-0.0000,0.0000,-0.0966,-0.0029,-0.0294,0.9241,enc,
1786776983.275353,0.1004,-0.0,-0.0,-0.0000,0.0000,-0.0966,-0.0029,-0.0294,0.9241,enc,
1786776983.378970,0.1036,-0.0,-0.0,-0.0000,0.0000,-0.0966,-0.0029,-0.0294,0.9241,enc,
1786776983.481725,0.1028,-0.0,-0.0,-0.0000,0.0000,-0.0966,-0.0029,-0.0294,0.9241,enc,
1786776983.583275,0.1015,-0.0,-0.0,-0.0000,0.0000,-0.0966,-0.0029,-0.0294,0.9242,enc,
1786776983.686629,0.1034,-0.0,-0.0,-0.0000,0.0000,-0.0966,-0.0029,-0.0294,0.9242,enc,
1786776983.786941,0.1003,-0.0,-0.0,-0.0000,0.0000,-0.0966,-0.0029,-0.0294,0.9242,enc,
1786776983.889394,0.1025,-0.0,-0.0,-0.0000,0.0000,-0.0966,-0.0029,-0.0294,0.9242,enc,
1786776983.991855,0.1025,-0.0,-0.0,-0.0000,0.0000,-0.0966,-0.0029,-0.0294,0.9242,enc,
1786776984.095254,0.1034,-0.0,-0.0,-0.0000,0.0000,-0.0966,-0.0029,-0.0294,0.9242,enc,
1786776984.197742,0.1025,-0.0,-0.0,-0.0000,0.0000,-0.0966,-0.0029,-0.0294,0.9242,enc,
1786776984.299590,0.1018,-0.0,-0.0,-0.0000,0.0000,-0.0966,-0.0029,-0.0294,0.9242,enc,
1786776984.401536,0.1019,-0.0,-0.0,-0.0000,0.0000,-0.0966,-0.0029,-0.0294,0.9241,enc,
1786776984.508860,0.1073,-0.0,-0.0,-0.0000,0.0000,-0.0966,-0.0029,-0.0294,0.9241,enc,
1786776984.607466,0.0986,-0.0,-0.0,-0.0000,0.0000,-0.0966,-0.0029,-0.0294,0.9241,enc,
1786776984.711692,0.1042,-0.0,-0.0,-0.0000,0.0000,-0.0966,-0.0029,-0.0294,0.9241,enc,
1786776984.812131,0.1004,-0.0,-0.0,-0.0000,0.0000,-0.0966,-0.0029,-0.0294,0.9241,enc,
1786776984.915227,0.1031,-0.0,-0.0,-0.0000,0.0000,-0.0966,-0.0029,-0.0294,0.9241,enc,
1786776985.020444,0.1052,-0.0,-0.0,-0.0000,0.0000,-0.0966,-0.0029,-0.0294,0.9241,enc,
1786776985.122270,0.1018,-0.0,-0.0,-0.0000,0.0000,-0.0966,-0.0029,-0.0294,0.9241,enc,
1786776985.224403,0.1021,-0.0,-0.0,-0.0000,0.0000,-0.0966,-0.0029,-0.0294,0.9241,enc,
1786776985.323853,0.0995,-0.0,-0.0,-0.0000,0.0000,-0.0966,-0.0029,-0.0294,0.9241,enc,
1786776985.426552,0.1027,-0.0,-0.0,-0.0000,0.0000,-0.0966,-0.0029,-0.0294,0.9241,enc,
1786776985.529032,0.1025,-0.0,-0.0,-0.0000,0.0000,-0.0966,-0.0029,-0.0294,0.9241,enc,
1786776985.631152,0.1021,-0.0,-0.0,-0.0000,0.0000,-0.0966,-0.0029,-0.0294,0.9241,enc,
1786776985.734050,0.1029,-0.0,-0.0,-0.0000,0.0000,-0.0966,-0.0029,-0.0294,0.9241,enc,
1786776985.835927,0.1019,-0.0,-0.0,-0.0000,0.0000,-0.0966,-0.0029,-0.0294,0.9241,enc,
1786776985.939509,0.1036,-0.0,-0.0,-0.0000,0.0000,-0.0966,-0.0029,-0.0294,0.9241,enc,
1786776986.039821,0.1003,-0.0,-0.0,-0.0000,0.0000,-0.0966,-0.0029,-0.0294,0.9241,enc,
1786776986.143468,0.1036,-0.0,-0.0,-0.0000,0.0000,-0.0966,-0.0029,-0.0294,0.9240,enc,
1786776986.246399,0.1029,-0.0,-0.0,-0.0000,0.0000,-0.0966,-0.0029,-0.0294,0.9240,enc,
1786776986.347353,0.1010,-0.0,-0.0,-0.0000,0.0000,-0.0966,-0.0029,-0.0294,0.9240,enc,
1786776986.450224,0.1029,-0.0,-0.0,-0.0000,0.0000,-0.0966,-0.0029,-0.0294,0.9240,enc,
1786776986.551786,0.1016,-0.0,-0.0,-0.0000,0.0000,-0.0966,-0.0029,-0.0294,0.9240,enc,
1786776986.655290,0.1035,-0.0,-0.0,-0.0000,0.0000,-0.0966,-0.0029,-0.0294,0.9240,enc,
1786776986.757365,0.1021,-0.0,-0.0,-0.0000,0.0000,-0.0966,-0.0029,-0.0294,0.9240,enc,
1786776986.858945,0.1016,-0.0,-0.0,-0.0000,0.0000,-0.0966,-0.0029,-0.0294,0.9240,enc,
1786776986.963703,0.1048,-0.0,-0.0,-0.0000,0.0000,-0.0966,-0.0029,-0.0294,0.9240,enc,
1786776987.064928,0.1012,-0.0,-0.0,-0.0000,0.0000,-0.0966,-0.0029,-0.0294,0.9240,enc,
1786776987.166443,0.1015,-0.0,-0.0,-0.0000,0.0000,-0.0966,-0.0029,-0.0294,0.9240,enc,
1786776987.271036,0.1046,-0.0,-0.0,-0.0000,0.0000,-0.0966,-0.0029,-0.0294,0.9240,enc,
1786776987.372967,0.1019,-0.0,-0.0,-0.0000,0.0000,-0.0966,-0.0029,-0.0294,0.9240,enc,
1786776987.474428,0.1015,-0.0,-0.0,-0.0000,0.0000,-0.0966,-0.0029,-0.0294,0.9240,enc,
1786776987.579943,0.1055,-0.0,-0.0,-0.0000,0.0000,-0.0966,-0.0029,-0.0294,0.9240,enc,
1786776987.681955,0.1020,-0.0,-0.0,-0.0000,0.0000,-0.0966,-0.0029,-0.0294,0.9240,enc,
1786776987.784333,0.1024,-0.0,-0.0,-0.0000,0.0000,-0.0966,-0.0029,-0.0294,0.9240,enc,
1786776987.886666,0.1023,-0.0,-0.0,-0.0000,0.0000,-0.0966,-0.0029,-0.0294,0.9240,enc,
1786776987.986031,0.0994,-0.0,-0.0,-0.0000,0.0000,-0.0966,-0.0029,-0.0294,0.9240,enc,
1786776988.088096,0.1021,-0.0,-0.0,-0.0000,0.0000,-0.0966,-0.0029,-0.0294,0.9240,enc,
1786776988.192129,0.1040,-0.0,-0.0,-0.0000,0.0000,-0.0966,-0.0029,-0.0294,0.9240,enc,
1786776988.292912,0.1008,-0.0,-0.0,-0.0000,0.0000,-0.0966,-0.0029,-0.0294,0.9240,enc,
1786776988.395337,0.1024,-0.0,-0.0,-0.0000,0.0000,-0.0966,-0.0029,-0.0294,0.9240,enc,
1786776988.499080,0.1037,-0.0,-0.0,-0.0000,0.0000,-0.0966,-0.0029,-0.0294,0.9240,enc,
1786776988.600822,0.1017,-0.0,-0.0,-0.0000,0.0000,-0.0966,-0.0029,-0.0294,0.9240,enc,
1786776988.703008,0.1022,-0.0,-0.0,-0.0000,0.0000,-0.0966,-0.0029,-0.0294,0.9240,enc,
1786776988.805785,0.1028,-0.0,-0.0,-0.0000,0.0000,-0.0966,-0.0029,-0.0294,0.9240,enc,
1786776988.908128,0.1023,-0.0,-0.0,-0.0000,0.0000,-0.0966,-0.0029,-0.0294,0.9240,enc,
1786776989.012183,0.1041,-0.0,-0.0,-0.0000,0.0000,-0.0966,-0.0029,-0.0294,0.9240,enc,
1786776989.112749,0.1006,-0.0,-0.0,-0.0000,0.0000,-0.0966,-0.0029,-0.0294,0.9240,enc,
1786776989.214547,0.1018,-0.0,-0.0,-0.0000,0.0000,-0.0966,-0.0029,-0.0294,0.9241,enc,
1786776989.317964,0.1034,-0.0,-0.0,-0.0000,0.0000,-0.0966,-0.0029,-0.0294,0.9240,enc,
1786776989.420169,0.1022,-0.0,-0.0,-0.0000,0.0000,-0.0966,-0.0029,-0.0294,0.9240,enc,
1786776989.522422,0.1023,-0.0,-0.0,-0.0000,0.0000,-0.0966,-0.0029,-0.0294,0.9240,enc,
1786776989.625722,0.1033,-0.0,-0.0,-0.0000,0.0000,-0.0966,-0.0029,-0.0294,0.9240,enc,
1786776989.728289,0.1026,-0.0,-0.0,-0.0000,0.0000,-0.0966,-0.0029,-0.0294,0.9240,enc,
1786776989.797080,0.0688,-0.0,-0.0,-0.0000,0.0000,-0.0966,-0.0029,-0.0294,0.9240,enc,
1786776989.899028,0.1019,-0.0,-0.0,-0.0000,0.0000,-0.0966,-0.0029,-0.0294,0.9240,enc,
1786776990.000239,0.1012,-0.0,-0.0,-0.0000,0.0000,-0.0966,-0.0029,-0.0294,0.9240,enc,
1786776990.104375,0.1041,-0.0,-0.0,-0.0000,0.0000,-0.0966,-0.0029,-0.0294,0.9240,enc,
1786776990.204648,0.1003,-7.897152900695801,7.162534236907959,-0.0022,0.2560,-0.0968,-0.0029,-0.0294,0.9241,imu,
1786776990.305748,0.1011,-29.935720443725586,28.282827377319336,-0.0048,0.9896,-0.0973,-0.0029,-0.0042,359.4823,imu,
1786776990.405213,0.0995,-28.650136947631836,26.44628143310547,-0.0065,0.9365,-0.0979,-0.0029,0.0414,356.8652,imu,
1786776990.506303,0.1011,-28.448476791381836,26.64794158935547,-0.0053,0.9365,-0.0985,-0.0030,0.0927,353.9262,imu,
1786776990.608678,0.1024,-28.268423080444336,25.74767303466797,-0.0074,0.9182,-0.0992,-0.0031,0.1462,350.8603,imu,
1786776990.710347,0.1017,-28.18463706970215,26.366273880004883,-0.0053,0.9273,-0.0997,-0.0032,0.2013,347.7054,imu,
1786776990.813492,0.1031,-28.172279357910156,25.85430908203125,-0.0068,0.9183,-0.1004,-0.0034,0.2568,344.5261,imu,
1786776990.916215,0.1027,-27.908315658569336,25.92772674560547,-0.0058,0.9151,-0.1010,-0.0036,0.3095,341.5050,imu,
1786776991.020168,0.1040,-27.993972778320312,25.676002502441406,-0.0068,0.9123,-0.1017,-0.0038,0.3631,338.4373,imu,
1786776991.120527,0.1004,-27.908315658569336,25.92772674560547,-0.0058,0.9151,-0.1022,-0.0040,0.4130,335.5743,imu,
1786776991.221609,0.1011,-27.548208236694336,25.528005599975586,-0.0059,0.9022,-0.1027,-0.0043,0.4634,332.6910,imu,
1786776991.325073,0.1035,-27.460752487182617,24.837114334106445,-0.0077,0.8890,-0.1034,-0.0047,0.5335,328.6699,imu,
1786776991.428541,0.1035,-27.36815643310547,24.66735076904297,-0.0079,0.8845,-0.1041,-0.0052,0.5939,325.2111,imu,
1786776991.532171,0.1036,-27.36455535888672,25.16069793701172,-0.0065,0.8928,-0.1046,-0.0056,0.6498,322.0082,imu,
1786776991.628923,0.0968,-27.36455535888672,24.793386459350586,-0.0075,0.8866,-0.1052,-0.0060,0.7062,318.7747,imu,
1786776991.725248,0.0963,-27.18090057373047,25.528005599975586,-0.0048,0.8959,-0.1055,-0.0064,0.7576,315.8305,imu,
1786776991.826677,0.1014,-26.262624740600586,25.344350814819336,-0.0027,0.8772,-0.1057,-0.0066,0.8141,312.5964,imu,
1786776991.930341,0.1037,-26.078969955444336,25.16069793701172,-0.0027,0.8710,-0.1059,-0.0068,0.8776,308.9576,imu,
1786776992.033366,0.1030,-26.44628143310547,25.16069793701172,-0.0038,0.8772,-0.1061,-0.0071,0.9396,305.4045,imu,
1786776992.134356,0.1010,-25.71166229248047,24.97704315185547,-0.0022,0.8616,-0.1062,-0.0073,0.9930,302.3424,imu,
1786776992.246432,0.1121,-26.665254592895508,24.899343490600586,-0.0052,0.8765,-0.1065,-0.0078,1.0436,299.4435,imu,
1786776992.339201,0.0928,-26.078969955444336,24.793386459350586,-0.0038,0.8647,-0.1067,-0.0081,1.0995,296.2419,imu,
1786776992.441890,0.1027,-26.184436798095703,24.729745864868164,-0.0043,0.8654,-0.1069,-0.0085,1.1533,293.1585,imu,
1786776992.553826,0.1119,-25.89531707763672,24.97704315185547,-0.0027,0.8647,-0.1070,-0.0088,1.2033,290.2925,imu,
1786776992.646238,0.0924,-26.389225006103516,24.60616683959961,-0.0052,0.8668,-0.1071,-0.0092,1.2509,287.5707,imu,
1786776992.748672,0.1024,-26.078969955444336,24.793386459350586,-0.0038,0.8647,-0.1072,-0.0096,1.2959,284.9877,imu,
1786776992.851159,0.1025,-26.366273880004883,24.547908782958984,-0.0053,0.8654,-0.1074,-0.0101,1.3365,282.6627,imu,
1786776992.952605,0.1014,-26.10778045654297,24.48729705810547,-0.0048,0.8600,-0.1074,-0.0106,1.3764,280.3790,imu,
1786776993.055609,0.1030,-26.032611846923828,24.249557495117188,-0.0052,0.8547,-0.1075,-0.0111,1.4213,277.8056,imu,
1786776993.167975,0.1124,-26.078969955444336,24.42607879638672,-0.0048,0.8585,-0.1076,-0.0117,1.4562,275.8044,imu,
1786776993.260581,0.0926,-25.567617416381836,24.30724334716797,-0.0037,0.8478,-0.1076,-0.0120,1.4928,273.7073,imu,
1786776993.362925,0.1023,-25.38756561279297,23.94713592529297,-0.0042,0.8386,-0.1076,-0.0125,1.5232,271.9677,imu,
1786776993.465522,0.1026,-25.74767303466797,24.30724334716797,-0.0042,0.8508,-0.1076,-0.0129,1.5565,270.0579,imu,
1786776993.568045,0.1025,-25.186933517456055,23.612749099731445,-0.0046,0.8295,-0.1076,-0.0134,1.5866,268.3358,imu,
1786776993.670370,0.1023,-25.63892936706543,24.00240135192871,-0.0048,0.8438,-0.1076,-0.0138,1.6201,266.4122,imu,
1786776993.772589,0.1022,-25.27525520324707,23.82056427001953,-0.0043,0.8345,-0.1076,-0.0143,1.6529,264.5358,imu,
1786776993.876418,0.1038,-25.344350814819336,23.69145965576172,-0.0048,0.8335,-0.1075,-0.0148,1.6877,262.5400,imu,
1786776993.977267,0.1008,-25.344350814819336,23.69145965576172,-0.0048,0.8335,-0.1074,-0.0153,1.7242,260.4514,imu,
1786776994.080025,0.1028,-25.09341812133789,23.275054931640625,-0.0053,0.8222,-0.1073,-0.0158,1.7591,258.4520,imu,
1786776994.183795,0.1038,-25.231069564819336,23.686309814453125,-0.0045,0.8315,-0.1072,-0.0163,1.8008,256.0626,imu,
1786776994.284985,0.1012,-25.20751190185547,23.58702850341797,-0.0048,0.8294,-0.1071,-0.0167,1.8382,253.9160,imu,
1786776994.395805,0.1108,-24.609731674194336,23.14049530029297,-0.0043,0.8117,-0.1070,-0.0172,1.8724,251.9591,imu,
1786776994.490529,0.0947,-24.72275161743164,23.486614227294922,-0.0036,0.8195,-0.1068,-0.0175,1.9125,249.6622,imu,
1786776994.592017,0.1015,-24.30724334716797,23.22692108154297,-0.0032,0.8080,-0.1067,-0.0178,1.9451,247.7950,imu,
1786776994.693152,0.1011,-23.8929443359375,23.001419067382812,-0.0026,0.7971,-0.1066,-0.0180,1.9836,245.5847,imu,
1786776994.799389,0.1062,-24.66735076904297,23.22692108154297,-0.0042,0.8141,-0.1064,-0.0185,2.0136,243.8705,imu,
1786776994.900599,0.1012,-24.083024978637695,23.043472290039062,-0.0030,0.8011,-0.1063,-0.0187,2.0602,241.1973,imu,
1786776995.004108,0.1035,-24.18423843383789,23.093217849731445,-0.0032,0.8036,-0.1061,-0.0190,2.1034,238.7213,imu,
1786776995.103744,0.0996,-23.638729095458984,22.54770851135254,-0.0032,0.7851,-0.1059,-0.0193,2.1397,236.6451,imu,
1786776995.206267,0.1025,-24.19297981262207,23.133432388305664,-0.0031,0.8045,-0.1058,-0.0195,2.1795,234.3658,imu,
1786776995.307645,0.1014,-23.76708221435547,22.86681365966797,-0.0026,0.7927,-0.1056,-0.0198,2.2246,231.7795,imu,
1786776995.409595,0.1019,-23.50780487060547,22.22222137451172,-0.0038,0.7773,-0.1054,-0.0200,2.2725,229.0347,imu,
1786776995.512313,0.1027,-23.486614227294922,22.60365867614746,-0.0026,0.7834,-0.1052,-0.0202,2.3144,226.6351,imu,
1786776995.615811,0.1035,-23.736507415771484,22.87021255493164,-0.0025,0.7922,-0.1050,-0.0204,2.3659,223.6850,imu,
1786776995.718261,0.1024,-22.86681365966797,22.50670623779297,-0.0011,0.7713,-0.1049,-0.0205,2.4138,220.9411,imu,
1786776995.820530,0.1023,-23.275054931640625,22.184038162231445,-0.0032,0.7727,-0.1046,-0.0207,2.4588,218.3580,imu,
1786776995.922793,0.1023,-23.275054931640625,22.54770851135254,-0.0021,0.7789,-0.1045,-0.0208,2.5053,215.6986,imu,
1786776996.025347,0.1026,-22.9997501373291,22.141551971435547,-0.0025,0.7673,-0.1043,-0.0210,2.5445,213.4476,imu,
1786776996.128620,0.1033,-22.86681365966797,21.9665470123291,-0.0026,0.7621,-0.1040,-0.0211,2.5887,210.9174,imu,
1786776996.279214,0.1506,-23.26293182373047,22.213476181030273,-0.0031,0.7730,-0.1036,-0.0214,2.6264,208.7586,imu,
1786776996.332842,0.0536,-23.50780487060547,21.85491180419922,-0.0048,0.7711,-0.1034,-0.0215,2.6618,206.7289,imu,
1786776996.435383,0.1025,-22.95684051513672,20.56932830810547,-0.0070,0.7399,-0.1027,-0.0218,2.7021,204.4190,imu,
1786776996.536618,0.1012,-22.86681365966797,21.60643768310547,-0.0037,0.7560,-0.1024,-0.0219,2.7413,202.1769,imu,
1786776996.640063,0.1034,-23.093217849731445,22.002201080322266,-0.0032,0.7665,-0.1021,-0.0220,2.7710,200.4754,imu,
1786776996.751940,0.1119,-23.04686737060547,21.9665470123291,-0.0032,0.7651,-0.1018,-0.0222,2.8024,198.6714,imu,
1786776996.844724,0.0928,-23.001419067382812,21.574974060058594,-0.0042,0.7577,-0.1014,-0.0223,2.8337,196.8782,imu,
1786776996.947046,0.1023,-22.77318572998047,21.6712589263916,-0.0032,0.7555,-0.1011,-0.0224,2.8675,194.9435,imu,
1786776997.049638,0.1026,-22.32665252685547,21.42638397216797,-0.0026,0.7437,-0.1008,-0.0224,2.9066,192.7036,imu,
1786776997.152415,0.1028,-22.466503143310547,21.574974060058594,-0.0026,0.7486,-0.1005,-0.0225,2.9498,190.2265,imu,
1786776997.254386,0.1020,-22.4058780670166,21.6712589263916,-0.0022,0.7492,-0.1003,-0.0225,2.9899,187.9313,imu,
1786776997.355350,0.1010,-22.22222137451172,21.85491180419922,-0.0011,0.7492,-0.1002,-0.0225,3.0253,185.9014,imu,
1786776997.458046,0.1027,-21.863656997680664,21.164020538330078,-0.0021,0.7314,-0.1000,-0.0225,3.0788,182.8343,imu,
1786776997.559548,0.1015,-22.4058780670166,21.48760223388672,-0.0027,0.7461,-0.0997,-0.0225,3.1127,180.8944,imu,
1786776997.662282,0.1027,-22.14659881591797,21.9665470123291,-0.0005,0.7498,-0.0997,-0.0225,3.1369,179.5085,imu,
1786776997.763856,0.1016,-21.78649139404297,21.78649139404297,0.0000,0.7407,-0.0997,-0.0225,-3.1172,177.8425,imu,
1786776997.868726,0.1049,-21.9665470123291,21.2463321685791,-0.0021,0.7345,-0.0995,-0.0225,-3.0822,175.8365,imu,
1786776997.971512,0.1028,-21.720703125,20.837749481201172,-0.0026,0.7234,-0.0992,-0.0225,-3.0374,173.2678,imu,
1786776998.072444,0.1009,-6.9097819328308105,6.9097819328308105,0.0000,0.2349,-0.0992,-0.0225,-3.0084,171.6059,imu,
1786776998.182849,0.1104,-0.0,-0.0,-0.0000,0.0000,-0.0992,-0.0225,-3.0084,171.8160,enc,
1786776998.277444,0.0946,-0.0,-0.0,-0.0000,0.0000,-0.0992,-0.0225,-3.0084,171.8158,enc,
1786776998.380016,0.1026,19.82016372680664,-18.72914695739746,0.0032,-0.6553,-0.0995,-0.0225,-3.0125,172.0552,imu,
1786776998.446320,0.0663,30.486684799194336,-29.017446517944336,0.0043,-1.0115,-0.0998,-0.0226,-3.0501,174.2050,imu,
1786776998.549826,0.1035,29.52880096435547,-27.36815643310547,0.0063,-0.9671,-0.1005,-0.0226,-3.1009,177.1152,imu,
1786776998.653708,0.1039,28.860027313232422,-26.936025619506836,0.0056,-0.9484,-0.1010,-0.0226,3.1183,180.7830,imu,
1786776998.754233,0.1005,23.275054931640625,-21.820363998413086,0.0043,-0.7665,-0.1015,-0.0226,3.0697,183.5685,imu,
1786776998.857403,0.1032,0.36010730266571045,-0.5401609539985657,-0.0005,-0.0153,-0.1014,-0.0226,3.0664,183.7578,imu,
1786776998.994213,0.1368,-0.0,-0.0,-0.0000,0.0000,-0.1014,-0.0226,3.0664,183.7995,enc,
1786776999.065009,0.0708,-0.0,-0.0,-0.0000,0.0000,-0.1014,-0.0226,3.0664,183.7995,enc,
1786776999.165909,0.1009,-0.0,-0.0,-0.0000,0.0000,-0.1014,-0.0226,3.0664,183.7994,enc,
1786776999.265241,0.0993,-0.0,-0.0,-0.0000,0.0000,-0.1014,-0.0226,3.0664,183.7926,enc,
1786776999.366853,0.1016,-0.0,-0.0,-0.0000,0.0000,-0.1014,-0.0226,3.0664,183.7857,enc,
1786776999.467913,0.1011,-0.0,-0.0,-0.0000,0.0000,-0.1014,-0.0226,3.0664,183.7785,enc,
1786776999.569072,0.1012,-0.0,-0.0,-0.0000,0.0000,-0.1014,-0.0226,3.0664,183.7782,enc,
1786776999.674583,0.1055,-0.0,-0.0,-0.0000,0.0000,-0.1014,-0.0226,3.0664,183.7780,enc,
1786776999.774925,0.1003,-0.0,-0.0,-0.0000,0.0000,-0.1014,-0.0226,3.0664,183.7779,enc,
1786776999.882522,0.1076,-0.0,-0.0,-0.0000,0.0000,-0.1014,-0.0226,3.0664,183.7849,enc,
1786776999.975363,0.0928,-0.0,-0.0,-0.0000,0.0000,-0.1014,-0.0226,3.0664,183.7848,enc,
1786777000.074994,0.0996,-0.0,-0.0,-0.0000,0.0000,-0.1014,-0.0226,3.0664,183.7847,enc,
1786777000.176766,0.1018,-0.0,-0.0,-0.0000,0.0000,-0.1014,-0.0226,3.0664,183.7777,enc,
1786777000.281898,0.1051,-0.0,-0.0,-0.0000,0.0000,-0.1014,-0.0226,3.0664,183.7707,enc,
1786777000.390485,0.1086,-0.0,-0.0,-0.0000,0.0000,-0.1014,-0.0226,3.0664,183.7704,enc,
1786777000.493761,0.1033,-0.0,-0.0,-0.0000,0.0000,-0.1014,-0.0226,3.0664,183.7773,enc,
1786777000.593848,0.1001,-0.0,-0.0,-0.0000,0.0000,-0.1014,-0.0226,3.0664,183.7772,enc,
1786777000.695863,0.1020,-0.0,-0.0,-0.0000,0.0000,-0.1014,-0.0226,3.0664,183.7772,enc,
1786777000.798973,0.1031,-0.0,-0.0,-0.0000,0.0000,-0.1014,-0.0226,3.0664,183.7771,enc,
1786777000.902830,0.1039,-0.0,-0.0,-0.0000,0.0000,-0.1014,-0.0226,3.0664,183.7769,enc,
1786777001.002455,0.0996,-0.0,-0.0,-0.0000,0.0000,-0.1014,-0.0226,3.0664,183.7769,enc,
1786777001.104109,0.1017,-0.0,-0.0,-0.0000,0.0000,-0.1014,-0.0226,3.0664,183.7768,enc,
1786777001.208174,0.1041,-0.0,-0.0,-0.0000,0.0000,-0.1014,-0.0226,3.0664,183.7768,enc,
1786777001.309800,0.1016,-0.0,-0.0,-0.0000,0.0000,-0.1014,-0.0226,3.0664,183.7766,enc,
1786777001.408064,0.0983,-0.0,-0.0,-0.0000,0.0000,-0.1014,-0.0226,3.0664,183.7766,enc,
1786777001.512304,0.1042,-0.0,-0.0,-0.0000,0.0000,-0.1014,-0.0226,3.0664,183.7765,enc,
1786777001.618602,0.1063,-0.0,-0.0,-0.0000,0.0000,-0.1014,-0.0226,3.0664,183.7764,enc,
1786777001.719456,0.1009,-0.0,-0.0,-0.0000,0.0000,-0.1014,-0.0226,3.0664,183.7764,enc,
1786777001.818459,0.0990,-0.0,-0.0,-0.0000,0.0000,-0.1014,-0.0226,3.0664,183.7763,enc,
1786777001.920876,0.1024,-0.0,-0.0,-0.0000,0.0000,-0.1014,-0.0226,3.0664,183.7763,enc,
1786777002.024381,0.1035,-0.0,-0.0,-0.0000,0.0000,-0.1014,-0.0226,3.0664,183.7763,enc,
1786777002.126947,0.1026,-0.0,-0.0,-0.0000,0.0000,-0.1014,-0.0226,3.0664,183.7762,enc,
1786777002.228867,0.1019,-0.0,-0.0,-0.0000,0.0000,-0.1014,-0.0226,3.0664,183.7761,enc,
1786777002.330423,0.1016,-0.0,-0.0,-0.0000,0.0000,-0.1014,-0.0226,3.0664,183.7760,enc,
1786777002.437040,0.1066,-0.0,-0.0,-0.0000,0.0000,-0.1014,-0.0226,3.0664,183.7760,enc,
1786777002.537325,0.1003,-0.0,-0.0,-0.0000,0.0000,-0.1014,-0.0226,3.0664,183.7759,enc,
1786777002.643638,0.1063,-0.0,-0.0,-0.0000,0.0000,-0.1014,-0.0226,3.0664,183.7759,enc,
1786777002.739719,0.0961,-0.0,-0.0,-0.0000,0.0000,-0.1014,-0.0226,3.0664,183.7758,enc,
1786777002.841023,0.1013,-0.0,-0.0,-0.0000,0.0000,-0.1014,-0.0226,3.0664,183.7758,enc,
1786777002.940256,0.0992,-0.0,-0.0,-0.0000,0.0000,-0.1014,-0.0226,3.0664,183.7758,enc,
1786777003.042263,0.1020,-0.0,-0.0,-0.0000,0.0000,-0.1014,-0.0226,3.0664,183.7756,enc,
1786777003.147875,0.1056,-0.0,-0.0,-0.0000,0.0000,-0.1014,-0.0226,3.0664,183.7756,enc,
1786777003.250207,0.1023,-0.0,-0.0,-0.0000,0.0000,-0.1014,-0.0226,3.0664,183.7756,enc,
1786777003.349898,0.0997,-0.0,-0.0,-0.0000,0.0000,-0.1014,-0.0226,3.0664,183.7756,enc,
1786777003.455100,0.1052,-0.0,-0.0,-0.0000,0.0000,-0.1014,-0.0226,3.0664,183.7756,enc,
1786777003.560432,0.1053,-0.0,-0.0,-0.0000,0.0000,-0.1014,-0.0226,3.0664,183.7755,enc,
1786777003.660487,0.1001,-0.0,-0.0,-0.0000,0.0000,-0.1014,-0.0226,3.0664,183.7755,enc,
1786777003.768164,0.1077,-0.0,-0.0,-0.0000,0.0000,-0.1014,-0.0226,3.0664,183.7755,enc,
1786777003.867032,0.0989,-0.0,-0.0,-0.0000,0.0000,-0.1014,-0.0226,3.0664,183.7755,enc,
1786777003.970097,0.1031,-0.0,-0.0,-0.0000,0.0000,-0.1014,-0.0226,3.0664,183.7755,enc,
1786777004.069429,0.0993,-0.0,-0.0,-0.0000,0.0000,-0.1014,-0.0226,3.0664,183.7755,enc,
1786777004.175626,0.1062,-0.0,-0.0,-0.0000,0.0000,-0.1014,-0.0226,3.0664,183.7754,enc,
1786777004.275257,0.0996,-0.0,-0.0,-0.0000,0.0000,-0.1014,-0.0226,3.0664,183.7754,enc,
1786777004.378875,0.1036,-0.0,-0.0,-0.0000,0.0000,-0.1014,-0.0226,3.0664,183.7754,enc,
1786777004.480295,0.1014,-0.0,-0.0,-0.0000,0.0000,-0.1014,-0.0226,3.0664,183.7754,enc,
1786777004.587120,0.1068,-0.0,-0.0,-0.0000,0.0000,-0.1014,-0.0226,3.0664,183.7754,enc,
1786777004.690197,0.1031,-0.0,-0.0,-0.0000,0.0000,-0.1014,-0.0226,3.0664,183.7753,enc,
1786777004.792010,0.1018,-0.0,-0.0,-0.0000,0.0000,-0.1014,-0.0226,3.0664,183.7753,enc,
1786777004.889890,0.0979,-0.0,-0.0,-0.0000,0.0000,-0.1014,-0.0226,3.0664,183.7754,enc,
1786777004.992965,0.1031,-0.0,-0.0,-0.0000,0.0000,-0.1014,-0.0226,3.0664,183.7754,enc,
1786777005.095153,0.1022,-0.0,-0.0,-0.0000,0.0000,-0.1014,-0.0226,3.0664,183.7754,enc,
1786777005.196770,0.1016,-0.0,-0.0,-0.0000,0.0000,-0.1014,-0.0226,3.0664,183.7754,enc,
1786777005.300815,0.1040,-0.0,-0.0,-0.0000,0.0000,-0.1014,-0.0226,3.0664,183.7752,enc,
1786777005.403292,0.1025,-0.0,-0.0,-0.0000,0.0000,-0.1014,-0.0226,3.0664,183.7752,enc,
1786777005.505402,0.1021,-0.0,-0.0,-0.0000,0.0000,-0.1014,-0.0226,3.0664,183.7752,enc,
1786777005.606419,0.1010,-0.0,-0.0,-0.0000,0.0000,-0.1014,-0.0226,3.0664,183.7752,enc,
1786777005.712627,0.1062,-0.0,-0.0,-0.0000,0.0000,-0.1014,-0.0226,3.0664,183.7681,enc,
1786777005.811070,0.0984,-0.0,-0.0,-0.0000,0.0000,-0.1014,-0.0226,3.0664,183.7681,enc,
1786777005.914878,0.1038,-0.0,-0.0,-0.0000,0.0000,-0.1014,-0.0226,3.0664,183.7681,enc,
1786777006.016781,0.1019,-0.0,-0.0,-0.0000,0.0000,-0.1014,-0.0226,3.0664,183.7681,enc,
1786777006.118342,0.1016,-0.0,-0.0,-0.0000,0.0000,-0.1014,-0.0226,3.0664,183.7681,enc,
1786777006.216429,0.0981,-0.0,-0.0,-0.0000,0.0000,-0.1014,-0.0226,3.0664,183.7681,enc,
1786777006.319103,0.1027,-0.0,-0.0,-0.0000,0.0000,-0.1014,-0.0226,3.0664,183.7681,enc,
1786777006.424079,0.1050,-0.0,-0.0,-0.0000,0.0000,-0.1014,-0.0226,3.0664,183.7681,enc,
1786777006.523624,0.0995,-0.0,-0.0,-0.0000,0.0000,-0.1014,-0.0226,3.0664,183.7681,enc,
1786777006.625543,0.1019,-0.0,-0.0,-0.0000,0.0000,-0.1014,-0.0226,3.0664,183.7681,enc,
1786777006.725583,0.1000,-0.0,-0.0,-0.0000,0.0000,-0.1014,-0.0226,3.0664,183.7681,enc,
1786777006.832070,0.1065,-0.0,-0.0,-0.0000,0.0000,-0.1014,-0.0226,3.0664,183.7681,enc,
1786777006.930197,0.0981,-0.0,-0.0,-0.0000,0.0000,-0.1014,-0.0226,3.0664,183.7681,enc,
1786777007.034213,0.1040,-0.0,-0.0,-0.0000,0.0000,-0.1014,-0.0226,3.0664,183.7681,enc,
1786777007.135098,0.1009,-0.0,-0.0,-0.0000,0.0000,-0.1014,-0.0226,3.0664,183.7681,enc,
1786777007.237723,0.1026,-0.0,-0.0,-0.0000,0.0000,-0.1014,-0.0226,3.0664,183.7681,enc,
1786777007.343560,0.1058,-0.0,-0.0,-0.0000,0.0000,-0.1014,-0.0226,3.0664,183.7681,enc,
1786777007.447283,0.1037,-0.0,-0.0,-0.0000,0.0000,-0.1014,-0.0226,3.0664,183.7681,enc,
1786777007.549394,0.1021,-0.0,-0.0,-0.0000,0.0000,-0.1014,-0.0226,3.0664,183.7681,enc,
1786777007.650916,0.1015,-0.0,-0.0,-0.0000,0.0000,-0.1014,-0.0226,3.0664,183.7681,enc,
1786777007.760896,0.1100,-0.0,-0.0,-0.0000,0.0000,-0.1014,-0.0226,3.0664,183.7681,enc,
1786777007.856751,0.0959,-0.0,-0.0,-0.0000,0.0000,-0.1014,-0.0226,3.0664,183.7679,enc,
1786777007.954477,0.0977,-0.0,-0.0,-0.0000,0.0000,-0.1014,-0.0226,3.0664,183.7679,enc,
1786777008.057087,0.1026,-0.0,-0.0,-0.0000,0.0000,-0.1014,-0.0226,3.0664,183.7679,enc,
1786777008.160136,0.1030,-0.0,-0.0,-0.0000,0.0000,-0.1014,-0.0226,3.0664,183.7679,enc,
1786777008.261040,0.1009,-0.0,-0.0,-0.0000,0.0000,-0.1014,-0.0226,3.0664,183.7681,enc,
1786777008.364096,0.1031,-0.0,-0.0,-0.0000,0.0000,-0.1014,-0.0226,3.0664,183.7681,enc,
1786777008.468139,0.1040,-0.0,-0.0,-0.0000,0.0000,-0.1014,-0.0226,3.0664,183.7681,enc,
1786777008.568806,0.1007,-0.0,-0.0,-0.0000,0.0000,-0.1014,-0.0226,3.0664,183.7679,enc,
1786777008.670940,0.1021,-0.0,-0.0,-0.0000,0.0000,-0.1014,-0.0226,3.0664,183.7679,enc,
1786777008.775022,0.1041,-0.0,-0.0,-0.0000,0.0000,-0.1014,-0.0226,3.0664,183.7679,enc,
1786777008.876177,0.1012,-0.0,-0.0,-0.0000,0.0000,-0.1014,-0.0226,3.0664,183.7679,enc,
1786777008.978092,0.1019,-0.0,-0.0,-0.0000,0.0000,-0.1014,-0.0226,3.0664,183.7679,enc,
1786777009.081625,0.1035,-0.0,-0.0,-0.0000,0.0000,-0.1014,-0.0226,3.0664,183.7679,enc,
1786777009.184541,0.1029,-0.0,-0.0,-0.0000,0.0000,-0.1014,-0.0226,3.0664,183.7679,enc,
1786777009.285947,0.1014,-0.0,-0.0,-0.0000,0.0000,-0.1014,-0.0226,3.0664,183.7679,enc,
1786777009.388241,0.1023,-0.0,-0.0,-0.0000,0.0000,-0.1014,-0.0226,3.0664,183.7681,enc,
1786777009.490726,0.1025,-0.0,-0.0,-0.0000,0.0000,-0.1014,-0.0226,3.0664,183.7681,enc,
1786777009.592973,0.1022,-0.0,-0.0,-0.0000,0.0000,-0.1014,-0.0226,3.0664,183.7681,enc,
1786777009.697975,0.1050,-0.0,-0.0,-0.0000,0.0000,-0.1014,-0.0226,3.0664,183.7681,enc,
1786777009.796803,0.0988,-0.0,-0.0,-0.0000,0.0000,-0.1014,-0.0226,3.0664,183.7679,enc,
1786777009.899354,0.1026,-0.0,-0.0,-0.0000,0.0000,-0.1014,-0.0226,3.0664,183.7681,enc,
1786777010.002642,0.1033,-0.0,-0.0,-0.0000,0.0000,-0.1014,-0.0226,3.0664,183.7681,enc,
1786777010.105788,0.1031,-0.0,-0.0,-0.0000,0.0000,-0.1014,-0.0226,3.0664,183.7680,enc,
1786777010.207505,0.1017,-0.0,-0.0,-0.0000,0.0000,-0.1014,-0.0226,3.0664,183.7681,enc,
1786777010.309988,0.1025,-0.0,-0.0,-0.0000,0.0000,-0.1014,-0.0226,3.0664,183.7681,enc,
1786777010.413404,0.1034,-0.0,-0.0,-0.0000,0.0000,-0.1014,-0.0226,3.0664,183.7681,enc,
1786777010.514598,0.1012,-0.0,-0.0,-0.0000,0.0000,-0.1014,-0.0226,3.0664,183.7681,enc,
1786777010.616929,0.1023,-0.0,-0.0,-0.0000,0.0000,-0.1014,-0.0226,3.0664,183.7681,enc,
1786777010.723941,0.1070,-0.0,-0.0,-0.0000,0.0000,-0.1014,-0.0226,3.0664,183.7681,enc,
1786777010.820956,0.0970,-0.0,-0.0,-0.0000,0.0000,-0.1014,-0.0226,3.0664,183.7681,enc,
1786777010.922855,0.1019,-0.0,-0.0,-0.0000,0.0000,-0.1014,-0.0226,3.0664,183.7681,enc,
1786777011.026503,0.1036,-0.0,-0.0,-0.0000,0.0000,-0.1014,-0.0226,3.0664,183.7681,enc,
1786777011.128690,0.1022,-0.0,-0.0,-0.0000,0.0000,-0.1014,-0.0226,3.0664,183.7610,enc,
1786777011.231360,0.1027,-0.0,-0.0,-0.0000,0.0000,-0.1014,-0.0226,3.0664,183.7681,enc,
1786777011.333678,0.1023,-0.0,-0.0,-0.0000,0.0000,-0.1014,-0.0226,3.0664,183.6362,enc,
1786777011.436120,0.1024,-0.0,-0.0,-0.0000,0.0000,-0.1014,-0.0226,3.0664,182.8838,enc,
1786777011.548364,0.1122,-0.0,-0.0,-0.0000,0.0000,-0.1014,-0.0226,3.0664,181.2615,enc,
1786777011.641825,0.0935,-0.0,-0.0,-0.0000,0.0000,-0.1014,-0.0226,3.0664,179.4040,enc,
1786777011.743258,0.1014,-0.0,-0.0,-0.0000,0.0000,-0.1014,-0.0226,3.0664,178.4194,enc,
1786777011.845143,0.1019,-0.0,-0.0,-0.0000,0.0000,-0.1014,-0.0226,3.0664,177.0344,enc,
1786777011.947023,0.1019,-0.0,-0.0,-0.0000,0.0000,-0.1014,-0.0226,3.0664,176.3374,enc,
1786777012.050484,0.1035,-0.0,-0.0,-0.0000,0.0000,-0.1014,-0.0226,3.0664,177.4158,enc,
1786777012.151573,0.1011,-0.0,-0.0,-0.0000,0.0000,-0.1014,-0.0226,3.0664,179.5913,enc,
1786777012.255577,0.1040,-0.0,-0.0,-0.0000,0.0000,-0.1014,-0.0226,3.0664,181.0123,enc,
1786777012.359018,0.1034,-0.0,-0.0,-0.0000,0.0000,-0.1014,-0.0226,3.0664,180.6779,enc,
1786777012.460140,0.1011,-0.0,-0.0,-0.0000,0.0000,-0.1014,-0.0226,3.0664,180.3994,enc,
1786777012.563890,0.1037,-0.0,-0.0,-0.0000,0.0000,-0.1014,-0.0226,3.0664,180.2208,enc,
1786777012.667978,0.1041,-0.0,-0.0,-0.0000,0.0000,-0.1014,-0.0226,3.0664,180.1581,enc,
1786777012.767513,0.0995,-0.0,-0.0,-0.0000,0.0000,-0.1014,-0.0226,3.0664,180.1585,enc,
1786777012.869875,0.1024,-0.0,-0.0,-0.0000,0.0000,-0.1014,-0.0226,3.0664,180.1587,enc,
1786777012.975151,0.1053,-0.0,-0.0,-0.0000,0.0000,-0.1014,-0.0226,3.0664,180.1586,enc,
1786777013.073525,0.0984,-0.0,-0.0,-0.0000,0.0000,-0.1014,-0.0226,3.0664,180.1583,enc,
1786777013.176170,0.1026,-0.0,-0.0,-0.0000,0.0000,-0.1014,-0.0226,3.0664,180.1722,enc,
1786777013.292420,0.1163,-0.0,-0.0,-0.0000,0.0000,-0.1014,-0.0226,3.0664,180.1720,enc,
1786777013.381410,0.0890,-0.0,-0.0,-0.0000,0.0000,-0.1014,-0.0226,3.0664,180.1719,enc,
1786777013.484711,0.1033,-0.0,-0.0,-0.0000,0.0000,-0.1014,-0.0226,3.0664,180.1717,enc,
1786777013.589536,0.1048,-0.0,-0.0,-0.0000,0.0000,-0.1014,-0.0226,3.0664,180.1715,enc,
1786777013.689956,0.1004,-0.0,-0.0,-0.0000,0.0000,-0.1014,-0.0226,3.0664,180.1784,enc,
1786777013.791327,0.1014,-0.0,-0.0,-0.0000,0.0000,-0.1014,-0.0226,3.0664,180.1854,enc,
1786777013.893913,0.1026,-0.0,-0.0,-0.0000,0.0000,-0.1014,-0.0226,3.0664,180.1852,enc,
1786777013.996445,0.1025,-0.0,-0.0,-0.0000,0.0000,-0.1014,-0.0226,3.0664,180.1921,enc,
1786777014.098107,0.1017,-0.0,-0.0,-0.0000,0.0000,-0.1014,-0.0226,3.0664,180.2060,enc,
1786777014.201102,0.1030,-0.0,-0.0,-0.0000,0.0000,-0.1014,-0.0226,3.0664,180.2060,enc,
1786777014.303822,0.1027,-0.0,-0.0,-0.0000,0.0000,-0.1014,-0.0226,3.0664,180.2131,enc,
1786777014.406145,0.1023,-0.0,-0.0,-0.0000,0.0000,-0.1014,-0.0226,3.0664,180.2200,enc,
1786777014.509084,0.1029,-0.0,-0.0,-0.0000,0.0000,-0.1014,-0.0226,3.0664,180.2338,enc,
1786777014.577986,0.0689,-0.0,-0.0,-0.0000,0.0000,-0.1014,-0.0226,3.0664,180.2338,enc,
1786777014.680056,0.1021,-0.0,-0.0,-0.0000,0.0000,-0.1014,-0.0226,3.0664,180.2336,enc,
1786777014.782560,0.1025,-0.0,-0.0,-0.0000,0.0000,-0.1014,-0.0226,3.0664,180.2334,enc,
1786777014.918224,0.1357,-0.0,-0.0,-0.0000,0.0000,-0.1014,-0.0226,3.0664,180.2333,enc,
1786777014.985618,0.0674,-0.0,-0.0,-0.0000,0.0000,-0.1014,-0.0226,3.0664,180.2331,enc,
1786777015.085792,0.1002,-0.0,-0.0,-0.0000,0.0000,-0.1014,-0.0226,3.0664,180.2329,enc,
1786777015.188792,0.1030,-0.0,-0.0,-0.0000,0.0000,-0.1014,-0.0226,3.0664,180.2328,enc,
1786777015.285253,0.0965,-0.0,-0.0,-0.0000,0.0000,-0.1014,-0.0226,3.0664,180.2326,enc,
1786777015.393870,0.1086,-0.0,-0.0,-0.0000,0.0000,-0.1014,-0.0226,3.0664,180.2325,enc,
1786777015.490557,0.0967,-0.0,-0.0,-0.0000,0.0000,-0.1014,-0.0226,3.0664,180.2323,enc,
1786777015.593110,0.1026,-0.0,-0.0,-0.0000,0.0000,-0.1014,-0.0226,3.0664,180.2322,enc,
1786777015.699039,0.1059,-0.0,-0.0,-0.0000,0.0000,-0.1014,-0.0226,3.0664,180.2321,enc,
1786777015.795362,0.0963,-0.0,-0.0,-0.0000,0.0000,-0.1014,-0.0226,3.0664,180.2319,enc,
1786777015.897778,0.1024,-0.0,-0.0,-0.0000,0.0000,-0.1014,-0.0226,3.0664,180.2319,enc,
1786777016.004278,0.1065,-0.0,-0.0,-0.0000,0.0000,-0.1014,-0.0226,3.0664,180.2317,enc,
1786777016.102638,0.0984,-0.0,-0.0,-0.0000,0.0000,-0.1014,-0.0226,3.0664,180.2317,enc,
1786777016.204958,0.1023,-0.0,-0.0,-0.0000,0.0000,-0.1014,-0.0226,3.0664,180.2316,enc,
1786777016.303524,0.0986,-0.0,-0.0,-0.0000,0.0000,-0.1014,-0.0226,3.0664,180.2314,enc,
1786777016.417171,0.1136,-0.0,-0.0,-0.0000,0.0000,-0.1014,-0.0226,3.0664,180.2313,enc,
1786777016.519678,0.1025,-0.0,-0.0,-0.0000,0.0000,-0.1014,-0.0226,3.0664,180.2312,enc,
1786777016.622785,0.1031,-0.0,-0.0,-0.0000,0.0000,-0.1014,-0.0226,3.0664,180.2310,enc,
1786777016.762206,0.1394,-0.0,-0.0,-0.0000,0.0000,-0.1014,-0.0226,3.0664,180.2310,enc,
1786777016.823305,0.0611,-0.0,-0.0,-0.0000,0.0000,-0.1014,-0.0226,3.0664,180.2309,enc,
1786777016.926875,0.1036,-0.0,-0.0,-0.0000,0.0000,-0.1014,-0.0226,3.0664,180.2307,enc,
1786777017.032404,0.1055,-0.0,-0.0,-0.0000,0.0000,-0.1014,-0.0226,3.0664,180.2307,enc,
1786777017.135658,0.1033,-0.0,-0.0,-0.0000,0.0000,-0.1014,-0.0226,3.0664,180.2307,enc,
1786777017.239847,0.1042,-0.0,-0.0,-0.0000,0.0000,-0.1014,-0.0226,3.0664,180.2307,enc,
1786777017.342314,0.1025,-0.0,-0.0,-0.0000,0.0000,-0.1014,-0.0226,3.0664,180.2305,enc,
1786777017.476914,0.1346,-0.0,-0.0,-0.0000,0.0000,-0.1014,-0.0226,3.0664,180.2305,enc,
1786777017.579326,0.1024,-0.0,-0.0,-0.0000,0.0000,-0.1014,-0.0226,3.0664,180.2304,enc,
1786777017.681208,0.1019,-0.0,-0.0,-0.0000,0.0000,-0.1014,-0.0226,3.0664,180.2303,enc,
1786777017.751906,0.0707,-0.0,-0.0,-0.0000,0.0000,-0.1014,-0.0226,3.0664,180.2302,enc,
1786777017.850668,0.0988,-0.0,-0.0,-0.0000,0.0000,-0.1014,-0.0226,3.0664,180.2302,enc,
1786777017.954116,0.1034,-0.0,-0.0,-0.0000,0.0000,-0.1014,-0.0226,3.0664,180.2302,enc,
1786777018.050865,0.0967,-0.0,-0.0,-0.0000,0.0000,-0.1014,-0.0226,3.0664,180.2301,enc,
1786777018.150831,0.1000,6.795225143432617,6.244260787963867,0.0382,-0.0094,-0.1052,-0.0223,3.0664,180.2301,imu,
1786777018.255930,0.1051,37.79049301147461,33.55230712890625,0.2092,-0.0720,-0.1272,-0.0209,3.0771,179.6179,imu,
1786777018.359248,0.1033,36.02458190917969,33.55230712890625,0.2040,-0.0420,-0.1482,-0.0194,3.0743,179.7781,imu,
1786777018.460605,0.1014,35.8306770324707,33.3099250793457,0.2027,-0.0428,-0.1687,-0.0181,3.0760,179.6815,imu,
1786777018.572129,0.1115,35.331668853759766,33.0578498840332,0.2005,-0.0387,-0.1910,-0.0166,3.0768,179.6330,imu,
1786777018.666377,0.0942,35.8217658996582,33.63972854614258,0.2037,-0.0371,-0.2102,-0.0154,3.0776,179.5899,imu,
1786777018.772304,0.1059,35.66111373901367,33.3431396484375,0.2023,-0.0394,-0.2316,-0.0141,3.0799,179.4580,imu,
1786777018.870794,0.0985,35.458091735839844,33.27605438232422,0.2015,-0.0371,-0.2514,-0.0129,3.0789,179.5131,imu,
1786777018.973225,0.1024,35.44536209106445,33.4251594543457,0.2019,-0.0343,-0.2720,-0.0116,3.0799,179.4579,imu,
1786777019.074306,0.1011,35.30450439453125,33.16483688354492,0.2008,-0.0364,-0.2923,-0.0103,3.0792,179.4934,imu,
1786777019.174881,0.1006,35.2617073059082,33.60881423950195,0.2019,-0.0281,-0.3125,-0.0090,3.0786,179.5295,imu,
1786777019.277206,0.1023,35.2905158996582,33.4899787902832,0.2017,-0.0306,-0.3331,-0.0077,3.0785,179.5359,imu,
1786777019.379455,0.1022,34.76958465576172,33.16483688354492,0.1992,-0.0273,-0.3535,-0.0064,3.0778,179.5792,imu,
1786777019.484881,0.1054,34.825096130371094,33.439022064208984,0.2002,-0.0236,-0.3745,-0.0051,3.0780,179.5646,imu,
1786777019.586085,0.1012,34.9304084777832,33.3099250793457,0.2001,-0.0275,-0.3947,-0.0038,3.0774,179.6002,imu,
1786777019.688938,0.1029,35.1104621887207,33.6700325012207,0.2017,-0.0245,-0.4154,-0.0025,3.0778,179.5740,imu,
1786777019.791261,0.1023,34.34343338012695,32.87419509887695,0.1971,-0.0250,-0.4356,-0.0012,3.0772,179.6090,imu,
1786777019.891313,0.1001,34.91258239746094,33.457889556884766,0.2005,-0.0247,-0.4556,0.0001,3.0771,179.6163,imu,
1786777020.002030,0.1107,34.59128189086914,32.808223724365234,0.1976,-0.0303,-0.4774,0.0015,3.0776,179.5870,imu,
1786777020.098309,0.0963,34.43526077270508,33.02253341674805,0.1978,-0.0240,-0.4964,0.0027,3.0777,179.5817,imu,
1786777020.197195,0.0989,34.185237884521484,32.73054504394531,0.1962,-0.0247,-0.5158,0.0040,3.0787,179.5255,imu,
1786777020.301021,0.1038,34.548912048339844,33.09421920776367,0.1983,-0.0247,-0.5363,0.0052,3.0792,179.4989,imu,
1786777020.399727,0.0987,34.185237884521484,32.73054504394531,0.1962,-0.0247,-0.5557,0.0065,3.0788,179.5198,imu,
1786777020.501791,0.1021,33.97612380981445,32.87419509887695,0.1960,-0.0187,-0.5756,0.0077,3.0791,179.4999,imu,
1786777020.601838,0.1000,33.87805938720703,32.45161437988281,0.1945,-0.0242,-0.5951,0.0089,3.0786,179.5289,imu,
1786777020.705757,0.1039,33.87805938720703,32.62991714477539,0.1950,-0.0212,-0.6153,0.0102,3.0781,179.5572,imu,
1786777020.808751,0.1030,34.00339889526367,32.548709869384766,0.1951,-0.0247,-0.6353,0.0115,3.0786,179.5297,imu,
1786777020.909099,0.1003,34.00339889526367,32.548709869384766,0.1951,-0.0247,-0.6549,0.0127,3.0790,179.5083,imu,
1786777021.012279,0.1032,33.7924690246582,32.3232307434082,0.1939,-0.0250,-0.6748,0.0140,3.0790,179.5085,imu,
1786777021.113915,0.1016,33.75748825073242,32.18330383300781,0.1933,-0.0268,-0.6945,0.0152,3.0785,179.5362,imu,
1786777021.225816,0.1119,33.4899787902832,32.22960662841797,0.1927,-0.0214,-0.7160,0.0165,3.0790,179.5084,imu,
1786777021.317635,0.0918,33.4899787902832,32.22960662841797,0.1927,-0.0214,-0.7336,0.0177,3.0780,179.5640,imu,
1786777021.420956,0.1033,33.23276138305664,31.833486557006836,0.1908,-0.0238,-0.7533,0.0189,3.0792,179.4936,imu,
1786777021.529977,0.1090,33.3431396484375,31.916696548461914,0.1914,-0.0242,-0.7741,0.0202,3.0807,179.4096,imu,
1786777021.626028,0.0961,33.60881423950195,32.3232307434082,0.1933,-0.0219,-0.7927,0.0213,3.0807,179.4093,imu,
1786777021.728344,0.1023,32.87419509887695,31.955923080444336,0.1901,-0.0156,-0.8121,0.0225,3.0808,179.4032,imu,
1786777021.881167,0.1528,33.09421920776367,31.639528274536133,0.1898,-0.0247,-0.8410,0.0243,3.0800,179.4499,imu,
1786777021.933166,0.0520,33.27605438232422,32.36687469482422,0.1925,-0.0155,-0.8510,0.0249,3.0801,179.4437,imu,
1786777022.037334,0.1042,32.98653030395508,31.738391876220703,0.1898,-0.0212,-0.8708,0.0261,3.0810,179.3954,imu,
1786777022.138451,0.1011,32.7697639465332,31.689441680908203,0.1890,-0.0184,-0.8898,0.0272,3.0817,179.3528,imu,
1786777022.242144,0.1037,33.0578498840332,31.955923080444336,0.1906,-0.0187,-0.9096,0.0284,3.0830,179.2767,imu,
1786777022.343819,0.1017,32.9498176574707,31.689441680908203,0.1895,-0.0214,-0.9288,0.0295,3.0828,179.2911,imu,
1786777022.444881,0.1011,32.62991714477539,31.56008529663086,0.1882,-0.0182,-0.9478,0.0306,3.0828,179.2907,imu,
1786777022.547002,0.1021,32.88294219970703,31.833486557006836,0.1898,-0.0178,-0.9671,0.0317,3.0839,179.2280,imu,
1786777022.649582,0.1026,32.4096565246582,31.329336166381836,0.1869,-0.0184,-0.9863,0.0329,3.0829,179.2838,imu,
1786777022.752330,0.1027,32.548709869384766,31.457691192626953,0.1877,-0.0185,-1.0055,0.0340,3.0844,179.1993,imu,
1786777022.855283,0.1030,32.669349670410156,31.609806060791016,0.1885,-0.0180,-1.0249,0.0351,3.0848,179.1779,imu,
1786777022.958045,0.1028,32.492759704589844,31.609806060791016,0.1880,-0.0150,-1.0442,0.0362,3.0848,179.1775,imu,
1786777023.059674,0.1016,32.185035705566406,31.094018936157227,0.1855,-0.0185,-1.0630,0.0373,3.0840,179.2195,imu,
1786777023.161965,0.1023,32.50688552856445,31.404958724975586,0.1874,-0.0187,-1.0821,0.0384,3.0832,179.2676,imu,
1786777023.263407,0.1014,32.185035705566406,31.275854110717773,0.1861,-0.0155,-1.1010,0.0395,3.0837,179.2398,imu,
1786777023.366344,0.1029,32.008392333984375,30.958938598632812,0.1846,-0.0178,-1.1200,0.0406,3.0838,179.2328,imu,
1786777023.469907,0.1036,32.0495491027832,31.149282455444336,0.1853,-0.0153,-1.1391,0.0417,3.0836,179.2461,imu,
1786777023.573258,0.1034,18.0053653717041,17.8253116607666,0.1051,-0.0031,-1.1500,0.0423,3.0847,179.1810,imu,
1786777023.673753,0.1005,-0.0,-0.0,-0.0000,0.0000,-1.1500,0.0423,3.0847,179.0972,enc,
1786777023.777972,0.1042,-0.0,-0.0,-0.0000,0.0000,-1.1500,0.0423,3.0847,179.3420,enc,
1786777023.878631,0.1007,18.9056339263916,17.6452579498291,0.1072,-0.0214,-1.1607,0.0429,3.0861,179.2597,imu,
1786777023.980879,0.1022,37.45829391479492,34.73074722290039,0.2117,-0.0464,-1.1823,0.0442,3.0833,179.4201,imu,
1786777024.083596,0.1027,35.8306770324707,33.3099250793457,0.2027,-0.0428,-1.2031,0.0453,3.0853,179.3065,imu,
1786777024.185838,0.1022,20.75298309326172,19.28374481201172,0.1174,-0.0250,-1.2151,0.0460,3.0874,179.1869,imu,
1786777024.288247,0.1024,2.000200033187866,2.000200033187866,0.0117,0.0000,-1.2163,0.0460,3.0972,178.6267,imu,
1786777024.391178,0.1029,36.02458190917969,33.19912338256836,0.2030,-0.0480,-1.2372,0.0472,3.0853,179.3087,imu,
1786777024.492768,0.1016,36.17998123168945,33.7924690246582,0.2052,-0.0406,-1.2580,0.0483,3.0897,179.0545,imu,
1786777024.595212,0.1024,35.9963264465332,33.7924690246582,0.2046,-0.0375,-1.2789,0.0494,3.0891,179.0905,imu,
1786777024.698047,0.1028,35.6290168762207,33.4251594543457,0.2025,-0.0375,-1.2997,0.0505,3.0893,179.0760,imu,
1786777024.799871,0.1018,35.8306770324707,33.4899787902832,0.2033,-0.0398,-1.3204,0.0516,3.0885,179.1246,imu,
1786777024.902516,0.1026,35.4705696105957,33.4899787902832,0.2022,-0.0337,-1.3411,0.0526,3.0902,179.0265,imu,
1786777025.005360,0.1028,35.44536209106445,33.4251594543457,0.2019,-0.0343,-1.3619,0.0537,3.0905,179.0123,imu,
1786777025.107729,0.1024,35.6713981628418,33.55230712890625,0.2030,-0.0360,-1.3826,0.0547,3.0923,178.9074,imu,
1786777025.208997,0.1013,35.44536209106445,33.60881423950195,0.2025,-0.0312,-1.4031,0.0557,3.0930,178.8646,imu,
1786777025.311158,0.1022,35.2617073059082,33.60881423950195,0.2019,-0.0281,-1.4237,0.0567,3.0935,178.8370,imu,
1786777025.413904,0.1027,35.1104621887207,33.4899787902832,0.2011,-0.0275,-1.4443,0.0577,3.0934,178.8437,imu,
1786777025.515845,0.1019,34.8943977355957,33.0578498840332,0.1992,-0.0312,-1.4646,0.0587,3.0934,178.8447,imu,
1786777025.619209,0.1034,35.126197814941406,33.69975280761719,0.2018,-0.0242,-1.4855,0.0597,3.0936,178.8307,imu,
1786777025.690334,0.0711,34.8943977355957,33.24150466918945,0.1998,-0.0281,-1.4997,0.0604,3.0924,178.9013,imu,
1786777025.791054,0.1007,36.54729080200195,31.221303939819336,0.1987,-0.0905,-1.5196,0.0614,3.0927,178.8858,imu,
1786777025.895710,0.1047,43.37749481201172,25.186933517456055,0.2010,-0.3092,-1.5406,0.0628,3.0728,180.0250,imu,
1786777025.995951,0.1002,42.42424011230469,25.528005599975586,0.1992,-0.2872,-1.5605,0.0645,3.0549,181.0470,imu,
1786777026.095142,0.0992,42.2405891418457,25.16069793701172,0.1976,-0.2903,-1.5800,0.0665,3.0423,181.7693,imu,
1786777026.198399,0.1033,42.6727180480957,25.567617416381836,0.2001,-0.2908,-1.6006,0.0688,3.0277,182.6086,imu,
1786777026.297286,0.0989,36.3636360168457,30.119375228881836,0.1949,-0.1061,-1.6197,0.0711,3.0233,182.8622,imu,
1786777026.399266,0.1020,35.8306770324707,30.969226837158203,0.1959,-0.0826,-1.6395,0.0735,3.0229,182.8820,imu,
1786777026.498605,0.0993,42.97520446777344,24.42607879638672,0.1976,-0.3153,-1.6590,0.0760,3.0123,183.4921,imu,
1786777026.603347,0.1047,36.55435562133789,30.37366485595703,0.1962,-0.1051,-1.6794,0.0787,3.0078,183.7496,imu,
1786777026.705839,0.1025,35.094417572021484,30.912181854248047,0.1935,-0.0711,-1.6990,0.0814,3.0065,183.8200,imu,
1786777026.805176,0.0993,42.54970932006836,24.366071701049805,0.1962,-0.3091,-1.7183,0.0842,2.9958,184.4363,imu,
1786777026.905760,0.1006,41.68962478637695,24.05876922607422,0.1928,-0.2997,-1.7375,0.0873,2.9817,185.2419,imu,
1786777027.006650,0.1009,41.95249938964844,24.30724334716797,0.1943,-0.2999,-1.7568,0.0907,2.9683,186.0127,imu,
1786777027.112639,0.1060,42.18603515625,24.366071701049805,0.1951,-0.3029,-1.7771,0.0945,2.9550,186.7762,imu,
1786777027.208476,0.0958,41.8732795715332,24.05876922607422,0.1933,-0.3028,-1.7953,0.0982,2.9430,187.4629,imu,
1786777027.310720,0.1022,42.05693435668945,24.05876922607422,0.1939,-0.3059,-1.8146,0.1024,2.9286,188.2844,imu,
1786777027.410917,0.1002,41.95249938964844,23.76708221435547,0.1927,-0.3091,-1.8334,0.1068,2.9130,189.1820,imu,
1786777027.517470,0.1066,41.88014602661133,23.686309814453125,0.1923,-0.3093,-1.8533,0.1118,2.8953,190.1936,imu,
1786777027.618422,0.1010,38.91298294067383,26.72994613647461,0.1925,-0.2071,-1.8721,0.1168,2.8808,191.0235,imu,
1786777027.723272,0.1049,33.19912338256836,31.609806060791016,0.1900,-0.0270,-1.8913,0.1219,2.8818,190.9661,imu,
1786777027.826311,0.1030,33.69975280761719,31.203475952148438,0.1903,-0.0424,-1.9103,0.1270,2.8794,191.1059,imu,
1786777027.928789,0.1025,33.8500862121582,31.149282455444336,0.1906,-0.0459,-1.9291,0.1321,2.8777,191.2033,imu,
1786777028.027230,0.0984,33.60881423950195,31.404958724975586,0.1906,-0.0375,-1.9472,0.1370,2.8750,191.3571,imu,
1786777028.132106,0.1049,33.40766906738281,30.609121322631836,0.1877,-0.0476,-1.9662,0.1422,2.8732,191.4583,imu,
1786777028.231800,0.0997,33.7924690246582,31.221303939819336,0.1906,-0.0437,-1.9845,0.1473,2.8737,191.4295,imu,
1786777028.335888,0.1041,33.37571716308594,30.903440475463867,0.1885,-0.0420,-2.0034,0.1525,2.8725,191.5004,imu,
1786777028.437851,0.1020,33.457889556884766,30.912181854248047,0.1887,-0.0433,-2.0220,0.1576,2.8717,191.5435,imu,
1786777028.542475,0.1046,33.582576751708984,31.133848190307617,0.1898,-0.0416,-2.0411,0.1629,2.8725,191.5010,imu,
1786777028.647635,0.1052,34.9304084777832,29.168691635131836,0.1879,-0.0979,-2.0602,0.1682,2.8700,191.6416,imu,
1786777028.754231,0.1066,41.59239196777344,22.86681365966797,0.1890,-0.3183,-2.0795,0.1739,2.8551,192.4986,imu,
1786777028.864230,0.1100,41.32231140136719,22.95684051513672,0.1885,-0.3122,-2.0993,0.1799,2.8462,193.0054,imu,
1786777028.947154,0.0829,41.09502029418945,22.9113826751709,0.1877,-0.3091,-2.1142,0.1847,2.8322,193.8101,imu,
1786777029.050894,0.1037,41.27685546875,22.72954559326172,0.1877,-0.3153,-2.1326,0.1909,2.8159,194.7408,imu,
1786777029.152712,0.1018,40.65367126464844,22.644805908203125,0.1856,-0.3061,-2.1504,0.1973,2.7950,195.9411,imu,
1786777029.254108,0.1014,41.59239196777344,22.50670623779297,0.1879,-0.3244,-2.1682,0.2040,2.7840,196.5710,imu,
1786777029.355364,0.1013,40.8721809387207,22.32665252685547,0.1853,-0.3152,-2.1857,0.2108,2.7687,197.4460,imu,
1786777029.460291,0.1049,41.32231521606445,22.60365867614746,0.1874,-0.3182,-2.2039,0.2182,2.7544,198.2672,imu,
1786777029.561915,0.1016,40.95500183105469,22.03856658935547,0.1847,-0.3215,-2.2212,0.2256,2.7374,199.2395,imu,
1786777029.664875,0.1030,40.928768157958984,22.0385684967041,0.1846,-0.3211,-2.2386,0.2333,2.7239,200.0140,imu,
1786777029.765919,0.1010,35.6290168762207,27.18090057373047,0.1842,-0.1436,-2.2555,0.2411,2.7110,200.7538,imu,
1786777029.869917,0.1040,33.612281799316406,28.761024475097656,0.1829,-0.0825,-2.2727,0.2490,2.7103,200.7952,imu,
1786777029.974164,0.1042,41.498905181884766,21.720703125,0.1854,-0.3362,-2.2902,0.2573,2.6986,201.4627,imu,
1786777030.075496,0.1013,41.09502029418945,21.820363998413086,0.1845,-0.3276,-2.3070,0.2656,2.6846,202.2690,imu,
1786777030.180746,0.1053,40.928768157958984,21.68874740600586,0.1836,-0.3270,-2.3242,0.2744,2.6667,203.2943,imu,
1786777030.282068,0.1013,40.6921272277832,21.60643768310547,0.1827,-0.3244,-2.3405,0.2832,2.6485,204.3332,imu,
1786777030.382844,0.1008,40.54950714111328,21.45669174194336,0.1818,-0.3245,-2.3565,0.2921,2.6317,205.2964,imu,
1786777030.484048,0.1012,41.09502029418945,21.638526916503906,0.1839,-0.3307,-2.3726,0.3015,2.6156,206.2189,imu,
1786777030.589115,0.1051,40.578948974609375,21.338930130004883,0.1816,-0.3270,-2.3889,0.3114,2.5963,207.3247,imu,
1786777030.690115,0.1010,41.09502029418945,21.27485466003418,0.1829,-0.3369,-2.4045,0.3212,2.5766,208.4570,imu,
1786777030.793428,0.1033,40.65367126464844,21.218360900878906,0.1814,-0.3304,-2.4201,0.3316,2.5570,209.5750,imu,
1786777030.894479,0.1011,41.27685546875,21.27485466003418,0.1834,-0.3400,-2.4354,0.3421,2.5380,210.6654,imu,
1786777031.000425,0.1059,40.75385665893555,20.989110946655273,0.1810,-0.3360,-2.4510,0.3532,2.5240,211.4683,imu,
1786777031.102248,0.1018,40.475364685058594,20.861751556396484,0.1798,-0.3334,-2.4657,0.3641,2.5031,212.6648,imu,
1786777031.207315,0.1051,40.71590805053711,20.617841720581055,0.1798,-0.3416,-2.4806,0.3757,2.4826,213.8383,imu,
1786777031.310978,0.1037,40.83197784423828,21.040058135986328,0.1814,-0.3364,-2.4953,0.3875,2.4665,214.7637,imu,
1786777031.413555,0.1026,41.0522346496582,20.88622283935547,0.1816,-0.3428,-2.5096,0.3994,2.4487,215.7838,imu,
1786777031.518412,0.1049,40.578948974609375,20.464384078979492,0.1790,-0.3419,-2.5239,0.4116,2.4302,216.8408,imu,
1786777031.620327,0.1019,40.6921272277832,20.5261173248291,0.1795,-0.3428,-2.5375,0.4238,2.4143,217.7521,imu,
1786777031.723283,0.1030,40.6921272277832,20.3460636138916,0.1790,-0.3458,-2.5511,0.4362,2.3981,218.6812,imu,
1786777031.822031,0.0987,40.7713508605957,20.2020206451416,0.1788,-0.3496,-2.5639,0.4484,2.3786,219.7975,imu,
1786777031.928730,0.1067,40.40403747558594,19.939655303955078,0.1769,-0.3479,-2.5772,0.4618,2.3584,220.9580,imu,
1786777032.027365,0.0986,34.71074295043945,25.528005599975586,0.1766,-0.1561,-2.5895,0.4741,2.3511,221.3760,imu,
1786777032.130457,0.1031,32.27330780029297,28.172279357910156,0.1772,-0.0697,-2.6023,0.4872,2.3494,221.4727,imu,
1786777032.232332,0.1019,32.9498176574707,27.908315658569336,0.1784,-0.0857,-2.6151,0.5001,2.3466,221.6305,imu,
1786777032.333651,0.1013,32.50688552856445,27.731863021850586,0.1766,-0.0812,-2.6275,0.5129,2.3433,221.8230,imu,
1786777032.439891,0.1062,32.2262077331543,27.54821014404297,0.1753,-0.0795,-2.6405,0.5263,2.3425,221.8687,imu,
1786777032.539460,0.0996,32.548709869384766,27.82096290588379,0.1770,-0.0804,-2.6528,0.5390,2.3387,222.0853,imu,
1786777032.640648,0.1012,32.36687469482422,27.457292556762695,0.1754,-0.0835,-2.6651,0.5518,2.3357,222.2582,imu,
1786777032.747391,0.1067,32.57272720336914,27.72146987915039,0.1768,-0.0825,-2.6781,0.5654,2.3316,222.4902,imu,
1786777032.850600,0.1032,32.316165924072266,27.72480010986328,0.1760,-0.0780,-2.6906,0.5786,2.3309,222.5345,imu,
1786777032.949397,0.0988,32.3232307434082,27.731863021850586,0.1761,-0.0780,-2.7025,0.5913,2.3278,222.7076,imu,
1786777033.051888,0.1025,38.185638427734375,22.365873336791992,0.1775,-0.2689,-2.7149,0.6046,2.3210,223.1017,imu,
1786777033.152119,0.1002,40.7713508605957,19.65105628967285,0.1772,-0.3590,-2.7268,0.6178,2.3052,224.0070,imu,
1786777033.251137,0.0990,40.03672790527344,19.83470916748047,0.1756,-0.3434,-2.7382,0.6309,2.2859,225.1117,imu,
1786777033.354064,0.1029,40.118751525878906,19.61361312866211,0.1751,-0.3485,-2.7498,0.6447,2.2692,226.0674,imu,
1786777033.458816,0.1048,40.086177825927734,19.601612091064453,0.1750,-0.3482,-2.7614,0.6589,2.2536,226.9620,imu,
1786777033.558235,0.0994,40.22038650512695,19.65105628967285,0.1756,-0.3496,-2.7721,0.6727,2.2328,228.1548,imu,
1786777033.660910,0.1027,39.7918586730957,19.44579315185547,0.1737,-0.3458,-2.7828,0.6869,2.2145,229.2022,imu,
1786777033.771780,0.1109,39.13390350341797,20.42514991760254,0.1746,-0.3180,-2.7941,0.7027,2.1942,230.3651,imu,
1786777033.872480,0.1007,31.457691192626953,27.275455474853516,0.1722,-0.0711,-2.8042,0.7168,2.1907,230.5659,imu,
1786777033.969074,0.0966,37.45829391479492,22.002201080322266,0.1743,-0.2627,-2.8139,0.7306,2.1809,231.1233,imu,
1786777034.073298,0.1042,40.61595153808594,19.248428344726562,0.1755,-0.3632,-2.8240,0.7458,2.1586,232.4051,imu,
1786777034.173383,0.1001,39.85307312011719,19.10009002685547,0.1729,-0.3528,-2.8334,0.7604,2.1416,233.3760,imu,
1786777034.273433,0.1000,40.22038650512695,19.10009002685547,0.1739,-0.3590,-2.8425,0.7752,2.1225,234.4698,imu,
1786777034.388849,0.1154,40.086177825927734,19.071836471557617,0.1735,-0.3572,-2.8526,0.7924,2.1030,235.5895,imu,
1786777034.478822,0.0900,39.64032745361328,18.910982131958008,0.1717,-0.3524,-2.8602,0.8059,2.0843,236.6596,imu,
1786777034.587924,0.1091,40.22038650512695,18.91643714904785,0.1734,-0.3621,-2.8692,0.8225,2.0680,237.5926,imu,
1786777034.695372,0.1074,39.66941833496094,18.7327823638916,0.1712,-0.3559,-2.8777,0.8389,2.0484,238.7159,imu,
1786777034.783531,0.0882,40.18583679199219,18.72914695739746,0.1727,-0.3647,-2.8844,0.8525,2.0280,239.8885,imu,
1786777034.887034,0.1035,40.03672790527344,18.54912757873535,0.1718,-0.3652,-2.8920,0.8686,2.0108,240.8698,imu,
1786777034.988240,0.1012,39.556400299072266,18.542062759399414,0.1704,-0.3572,-2.8990,0.8844,1.9897,242.0824,imu,
1786777035.091637,0.1034,40.22038650512695,18.54912757873535,0.1723,-0.3684,-2.9060,0.9008,1.9725,243.0671,imu,
1786777035.192828,0.1012,34.0301399230957,24.127187728881836,0.1705,-0.1683,-2.9125,0.9167,1.9602,243.7697,imu,
1786777035.295282,0.1025,31.689441680908203,26.64794158935547,0.1711,-0.0857,-2.9192,0.9329,1.9593,243.8215,imu,
1786777035.397017,0.1017,31.772266387939453,26.078969955444336,0.1696,-0.0968,-2.9257,0.9489,1.9570,243.9526,imu,
1786777035.501367,0.1043,31.772266387939453,26.078969955444336,0.1696,-0.0968,-2.9323,0.9653,1.9550,244.0701,imu,
1786777035.602554,0.1012,32.00320053100586,26.366273880004883,0.1711,-0.0958,-2.9388,0.9814,1.9541,244.1218,imu,
1786777035.705360,0.1028,31.738391876220703,26.210918426513672,0.1699,-0.0940,-2.9453,0.9976,1.9515,244.2719,imu,
1786777035.809510,0.1041,31.772266387939453,26.078969955444336,0.1696,-0.0968,-2.9518,1.0140,1.9473,244.5095,imu,
1786777035.909897,0.1004,27.908315658569336,29.168691635131836,0.1674,0.0214,-2.9579,1.0297,1.9439,244.7025,imu,
1786777036.012572,0.1027,22.95684051513672,33.97612380981445,0.1669,0.1873,-2.9642,1.0456,1.9484,244.4490,imu,
1786777036.116007,0.1034,23.94713592529297,34.0301399230957,0.1700,0.1714,-2.9708,1.0619,1.9535,244.1565,imu,
1786777036.217223,0.1012,23.638729095458984,33.63972854614258,0.1679,0.1700,-2.9772,1.0777,1.9568,243.9655,imu,
1786777036.325293,0.1081,23.50780487060547,33.24150466918945,0.1664,0.1655,-2.9840,1.0943,1.9596,243.8029,imu,
1786777036.424396,0.0991,23.26293182373047,32.53312301635742,0.1636,0.1576,-2.9903,1.1092,1.9719,243.0993,imu,
1786777036.525033,0.1006,23.50780487060547,33.4251594543457,0.1669,0.1686,-2.9970,1.1247,1.9803,242.6178,imu,
1786777036.626680,0.1016,23.14049530029297,33.0578498840332,0.1648,0.1686,-3.0038,1.1400,1.9865,242.2619,imu,
1786777036.730862,0.1042,23.133432388305664,33.19912338256836,0.1652,0.1711,-3.0109,1.1556,1.9989,241.5565,imu,
1786777036.831503,0.1006,23.275054931640625,33.63972854614258,0.1669,0.1762,-3.0181,1.1708,2.0108,240.8703,imu,
1786777036.934043,0.1025,22.77318572998047,33.60881423950195,0.1653,0.1842,-3.0254,1.1861,2.0192,240.3892,imu,
1786777037.036352,0.1023,22.87021255493164,33.78553771972656,0.1661,0.1855,-3.0329,1.2014,2.0278,239.8982,imu,
1786777037.139934,0.1036,22.50670623779297,33.4899787902832,0.1642,0.1867,-3.0406,1.2165,2.0408,239.1513,imu,
1786777037.241077,0.1011,22.72954559326172,33.821563720703125,0.1658,0.1885,-3.0484,1.2314,2.0521,238.5029,imu,
1786777037.343656,0.1026,22.22222137451172,33.4251594543457,0.1632,0.1904,-3.0563,1.2461,2.0647,237.7863,imu,
1786777037.444067,0.1004,22.4058780670166,33.7924690246582,0.1648,0.1935,-3.0643,1.2606,2.0769,237.0862,imu,
1786777037.517146,0.0731,22.54770851135254,34.185237884521484,0.1663,0.1978,-3.0704,1.2712,2.0876,236.4704,imu,
1786777037.650306,0.1332,22.177175521850586,33.958797454833984,0.1646,0.2003,-3.0815,1.2901,2.1022,235.6342,imu,
1786777037.754903,0.1046,21.9665470123291,33.6700325012207,0.1631,0.1989,-3.0903,1.3047,2.1153,234.8836,imu,
1786777037.856399,0.1015,22.250476837158203,34.43526077270508,0.1662,0.2071,-3.0992,1.3190,2.1282,234.1460,imu,
1786777037.958085,0.1017,21.85491180419922,33.97612380981445,0.1637,0.2060,-3.1082,1.3330,2.1400,233.4690,imu,
1786777038.028398,0.0703,22.03856658935547,33.97612380981445,0.1642,0.2029,-3.1146,1.3426,2.1546,232.6349,imu,
1786777038.162863,0.1345,21.574974060058594,34.23466873168945,0.1636,0.2152,-3.1269,1.3608,2.1668,231.9333,imu,
1786777038.264828,0.1020,21.60643768310547,34.0301399230957,0.1631,0.2112,-3.1364,1.3745,2.1769,231.3578,imu,
1786777038.333862,0.0690,21.48760223388672,33.97612380981445,0.1626,0.2123,-3.1429,1.3837,2.1905,230.5764,imu,
1786777038.433864,0.1000,21.30394744873047,34.1597785949707,0.1626,0.2185,-3.1525,1.3968,2.2037,229.8213,imu,
1786777038.535690,0.1018,21.30394744873047,33.97612380981445,0.1621,0.2154,-3.1625,1.4099,2.2187,228.9619,imu,
1786777038.634141,0.0985,21.12029457092285,34.34343338012695,0.1626,0.2248,-3.1723,1.4226,2.2306,228.2796,imu,
1786777038.743289,0.1091,20.81420135498047,34.107303619384766,0.1610,0.2260,-3.1833,1.4363,2.2477,227.2966,imu,
1786777038.837451,0.0942,21.12029457092285,34.5270881652832,0.1632,0.2279,-3.1931,1.4481,2.2625,226.4491,imu,
1786777038.942254,0.1048,20.661157608032227,34.43526077270508,0.1616,0.2341,-3.2041,1.4610,2.2744,225.7673,imu,
1786777039.047951,0.1057,20.791101455688477,34.65183639526367,0.1626,0.2356,-3.2153,1.4740,2.2866,225.0689,imu,
1786777039.153707,0.1058,20.5261173248291,34.3902473449707,0.1610,0.2357,-3.2267,1.4867,2.2994,224.3338,imu,
1786777039.252698,0.0990,20.7061710357666,34.7503547668457,0.1626,0.2387,-3.2376,1.4986,2.3129,223.5638,imu,
1786777039.355016,0.1023,20.5261173248291,34.9304084777832,0.1626,0.2448,-3.2490,1.5107,2.3262,222.7996,imu,
1786777039.460067,0.1051,20.271324157714844,34.30531692504883,0.1600,0.2385,-3.2607,1.5227,2.3437,221.7989,imu,
1786777039.561120,0.1011,20.365673065185547,35.2762565612793,0.1632,0.2534,-3.2724,1.5343,2.3592,220.9077,imu,
1786777039.662781,0.1017,20.365673065185547,35.2762565612793,0.1632,0.2534,-3.2843,1.5459,2.3713,220.2167,imu,
1786777039.764755,0.1020,20.01836395263672,34.8943977355957,0.1610,0.2529,-3.2962,1.5571,2.3849,219.4403,imu,
1786777039.863108,0.0984,20.2020206451416,34.8943977355957,0.1616,0.2497,-3.3079,1.5679,2.3977,218.7024,imu,
1786777039.969410,0.1063,20.639293670654297,25.186933517456055,0.1344,0.0773,-3.3185,1.5775,2.4067,218.1901,imu,
1786777040.072170,0.1028,20.68344497680664,20.148529052734375,0.1197,-0.0091,-3.3277,1.5857,2.4072,218.1594,imu,
1786777040.175204,0.1030,20.75298309326172,20.9366397857666,0.1222,0.0031,-3.3370,1.5942,2.4063,218.2103,imu,
1786777040.272311,0.0971,25.45709228515625,25.27525520324707,0.1488,-0.0031,-3.3478,1.6038,2.4101,217.9955,imu,
1786777040.379111,0.1068,27.635662078857422,27.635662078857422,0.1621,0.0000,-3.3607,1.6154,2.4119,217.8914,imu,
1786777040.481588,0.1025,27.815670013427734,27.815670013427734,0.1631,0.0000,-3.3731,1.6265,2.4106,217.9678,imu,
1786777040.584701,0.1031,27.908315658569336,27.908315658569336,0.1637,0.0000,-3.3857,1.6378,2.4129,217.8350,imu,
1786777040.685652,0.1010,27.731863021850586,27.548208236694336,0.1621,-0.0031,-3.3979,1.6486,2.4150,217.7111,imu,
1786777040.785496,0.0998,27.731863021850586,27.731863021850586,0.1626,0.0000,-3.4100,1.6594,2.4140,217.7717,imu,
1786777040.886317,0.1008,27.63736343383789,27.63736343383789,0.1621,0.0000,-3.4223,1.6703,2.4157,217.6721,imu,
1786777040.988424,0.1021,28.960939407348633,26.665254592895508,0.1631,-0.0390,-3.4347,1.6813,2.4178,217.5512,imu,
1786777041.091870,0.1034,35.8217658996582,19.456491470336914,0.1621,-0.2782,-3.4472,1.6925,2.4101,217.9937,imu,
1786777041.192934,0.1011,35.4705696105957,19.9859561920166,0.1626,-0.2632,-3.4594,1.7035,2.4053,218.2687,imu,
1786777041.295358,0.1024,35.31821823120117,20.30797576904297,0.1631,-0.2551,-3.4716,1.7149,2.3933,218.9593,imu,
1786777041.398121,0.1028,35.30450439453125,19.97022247314453,0.1621,-0.2607,-3.4837,1.7264,2.3815,219.6328,imu,
1786777041.500306,0.1022,35.6290168762207,20.01836395263672,0.1632,-0.2653,-3.4957,1.7380,2.3716,220.2025,imu,
1786777041.601617,0.1013,35.458091735839844,19.82016372680664,0.1621,-0.2658,-3.5074,1.7495,2.3631,220.6888,imu,
1786777041.705232,0.1036,35.8217658996582,20.00200080871582,0.1637,-0.2689,-3.5193,1.7616,2.3522,221.3107,imu,
1786777041.806143,0.1009,28.172279357910156,26.567529678344727,0.1605,-0.0273,-3.5307,1.7731,2.3516,221.3446,imu,
1786777041.908814,0.1027,31.203475952148438,24.071250915527344,0.1621,-0.1212,-3.5424,1.7849,2.3493,221.4802,imu,
1786777042.009953,0.1011,36.1907844543457,19.2657413482666,0.1626,-0.2877,-3.5538,1.7968,2.3375,222.1528,imu,
1786777042.108006,0.0981,35.44536209106445,19.4674015045166,0.1610,-0.2716,-3.5647,1.8082,2.3278,222.7106,imu,
1786777042.208337,0.1003,33.0578498840332,21.85491180419922,0.1610,-0.1904,-3.5756,1.8201,2.3155,223.4147,imu,
1786777042.317258,0.1089,27.374950408935547,27.028432846069336,0.1595,-0.0059,-3.5874,1.8329,2.3169,223.3340,imu,
1786777042.419613,0.1024,35.84798812866211,19.071836471557617,0.1610,-0.2852,-3.5985,1.8451,2.3069,223.9054,imu,
1786777042.524735,0.1051,35.84798812866211,19.425020217895508,0.1621,-0.2792,-3.6097,1.8579,2.2897,224.8910,imu,
1786777042.624381,0.0996,35.2905158996582,19.2657413482666,0.1600,-0.2724,-3.6200,1.8701,2.2725,225.8787,imu,
1786777042.736333,0.1120,35.8217658996582,19.63832664489746,0.1626,-0.2751,-3.6315,1.8842,2.2581,226.7052,imu,
1786777042.841630,0.1053,35.8306770324707,19.2657413482666,0.1616,-0.2816,-3.6421,1.8975,2.2422,227.6118,imu,
1786777042.927399,0.0858,35.6290168762207,19.28374481201172,0.1610,-0.2778,-3.6505,1.9084,2.2282,228.4174,imu,
1786777043.028230,0.1008,35.9963264465332,18.91643714904785,0.1610,-0.2903,-3.6602,1.9215,2.2072,229.6165,imu,
1786777043.132016,0.1038,35.681488037109375,18.890199661254883,0.1600,-0.2854,-3.6698,1.9350,2.1888,230.6723,imu,
1786777043.231283,0.0993,36.17998123168945,19.10009002685547,0.1621,-0.2903,-3.6790,1.9482,2.1755,231.4335,imu,
1786777043.341470,0.1102,36.017723083496094,18.900390625,0.1610,-0.2910,-3.6888,1.9630,2.1591,232.3772,imu,
1786777043.437083,0.0956,36.3708381652832,19.0856876373291,0.1626,-0.2938,-3.6972,1.9761,2.1432,233.2873,imu,
1786777043.539109,0.1020,36.00360107421875,18.72914695739746,0.1605,-0.2936,-3.7059,1.9900,2.1288,234.1096,imu,
1786777043.642202,0.1031,36.02458190917969,18.895246505737305,0.1610,-0.2912,-3.7144,2.0042,2.1093,235.2265,imu,
1786777043.743784,0.1016,36.17998123168945,18.54912757873535,0.1605,-0.2997,-3.7226,2.0183,2.0968,235.9468,imu,
1786777043.845713,0.1019,36.17998123168945,18.54912757873535,0.1605,-0.2997,-3.7306,2.0326,2.0791,236.9588,imu,
1786777043.955572,0.1099,36.017723083496094,18.543777465820312,0.1600,-0.2970,-3.7388,2.0481,2.0613,237.9767,imu,
1786777044.069007,0.1134,36.17998123168945,18.3654727935791,0.1599,-0.3028,-3.7472,2.0642,2.0478,238.7494,imu,
1786777044.212265,0.1433,36.54729080200195,18.3654727935791,0.1610,-0.3091,-3.7575,2.0849,2.0331,239.5963,imu,
1786777044.255211,0.0429,36.037906646728516,18.19221305847168,0.1590,-0.3033,-3.7604,2.0910,2.0147,240.6492,imu,
1786777044.357943,0.1027,36.1907844543457,17.8253116607666,0.1584,-0.3122,-3.7672,2.1058,2.0005,241.4601,imu,
1786777044.462155,0.1042,36.39396286010742,18.19698143005371,0.1601,-0.3093,-3.7739,2.1211,1.9853,242.3320,imu,
1786777044.562752,0.1006,35.9963264465332,17.81450843811035,0.1578,-0.3091,-3.7800,2.1357,1.9676,243.3463,imu,
1786777044.666065,0.1033,36.3708381652832,18.0053653717041,0.1594,-0.3122,-3.7862,2.1510,1.9523,244.2212,imu,
1786777044.769089,0.1030,36.38442611694336,17.84569549560547,0.1590,-0.3151,-3.7919,2.1663,1.9319,245.3901,imu,
1786777044.870931,0.1018,36.7309455871582,17.819963455200195,0.1600,-0.3214,-3.7974,2.1817,1.9145,246.3897,imu,
1786777044.974534,0.1036,36.37433624267578,17.830556869506836,0.1589,-0.3152,-3.8027,2.1973,1.8983,247.3167,imu,
1786777045.076087,0.1016,36.7309455871582,17.63812828063965,0.1594,-0.3245,-3.8077,2.2127,1.8799,248.3701,imu,
1786777045.186839,0.1108,36.7309455871582,17.49092674255371,0.1590,-0.3270,-3.8128,2.2295,1.8654,249.2025,imu,
1786777045.281336,0.0945,36.5508918762207,17.6452579498291,0.1589,-0.3214,-3.8168,2.2440,1.8460,250.3162,imu,
1786777045.382416,0.1011,25.27525520324707,27.639127731323242,0.1552,0.0402,-3.8210,2.2591,1.8405,250.6306,imu,
1786777045.485681,0.1033,20.2020206451416,33.4251594543457,0.1572,0.2248,-3.8255,2.2747,1.8517,249.9868,imu,
1786777045.588273,0.1026,20.791101455688477,32.57272720336914,0.1565,0.2003,-3.8300,2.2901,1.8555,249.7692,imu,
1786777045.690969,0.1027,20.88622283935547,32.5897102355957,0.1568,0.1989,-3.8346,2.3055,1.8591,249.5641,imu,
1786777045.791170,0.1002,20.75298309326172,31.955923080444336,0.1546,0.1904,-3.8391,2.3204,1.8677,249.0687,imu,
1786777045.895453,0.1043,20.5261173248291,32.22960662841797,0.1547,0.1989,-3.8440,2.3357,1.8781,248.4772,imu,
1786777045.996981,0.1015,20.75298309326172,32.3232307434082,0.1556,0.1967,-3.8490,2.3507,1.8899,247.7990,imu,
1786777046.099398,0.1024,20.30797576904297,32.13957977294922,0.1538,0.2011,-3.8541,2.3656,1.9007,247.1806,imu,
1786777046.201821,0.1024,20.5261173248291,32.5897102355957,0.1557,0.2051,-3.8594,2.3807,1.9106,246.6109,imu,
1786777046.304362,0.1025,20.2020206451416,32.6905403137207,0.1551,0.2123,-3.8649,2.3956,1.9227,245.9217,imu,
1786777046.406402,0.1020,20.01836395263672,31.955923080444336,0.1524,0.2029,-3.8704,2.4101,1.9331,245.3266,imu,
1786777046.508648,0.1022,20.56932830810547,32.87419509887695,0.1567,0.2092,-3.8763,2.4251,1.9467,244.5449,imu,
1786777046.611435,0.1028,19.97022247314453,32.62991714477539,0.1542,0.2152,-3.8823,2.4397,1.9599,243.7911,imu,
1786777046.712972,0.1015,19.83470916748047,32.6905403137207,0.1540,0.2185,-3.8884,2.4541,1.9733,243.0199,imu,
1786777046.815319,0.1023,20.2020206451416,33.24150466918945,0.1567,0.2216,-3.8949,2.4688,1.9884,242.1576,imu,
1786777046.921515,0.1062,19.9859561920166,32.7697639465332,0.1547,0.2173,-3.9018,2.4837,2.0027,241.3378,imu,
1786777047.020190,0.0987,19.566951751708984,32.954864501953125,0.1540,0.2276,-3.9084,2.4974,2.0185,240.4307,imu,
1786777047.122120,0.1019,19.75154685974121,33.09250259399414,0.1549,0.2268,-3.9154,2.5115,2.0315,239.6853,imu,
1786777047.225007,0.1029,19.601612091064453,33.02253341674805,0.1543,0.2281,-3.9227,2.5257,2.0453,238.8961,imu,
1786777047.327226,0.1022,19.6258487701416,33.1298713684082,0.1547,0.2295,-3.9301,2.5396,2.0604,238.0305,imu,
1786777047.433502,0.1063,19.231769561767578,33.09250259399414,0.1534,0.2356,-3.9380,2.5539,2.0772,237.0656,imu,
1786777047.533761,0.1003,19.2657413482666,33.3099250793457,0.1542,0.2387,-3.9456,2.5673,2.0877,236.4681,imu,
1786777047.635534,0.1018,19.425020217895508,33.55230712890625,0.1553,0.2401,-3.9537,2.5809,2.1037,235.5516,imu,
1786777047.797406,0.1619,19.10009002685547,33.24150466918945,0.1535,0.2404,-3.9666,2.6022,2.1167,234.8027,imu,
1786777047.855419,0.0580,19.10009002685547,33.24150466918945,0.1535,0.2404,-3.9713,2.6097,2.1314,233.9620,imu,
1786777047.944836,0.0894,18.72557830810547,33.3099250793457,0.1526,0.2479,-3.9787,2.6211,2.1466,233.0917,imu,
1786777048.047319,0.1025,19.256999969482422,33.521446228027344,0.1548,0.2425,-3.9876,2.6343,2.1624,232.1835,imu,
1786777048.148474,0.1012,18.7327823638916,33.4251594543457,0.1529,0.2497,-3.9964,2.6470,2.1776,231.3166,imu,
1786777048.250121,0.1016,18.72914695739746,33.63972854614258,0.1536,0.2534,-4.0055,2.6597,2.1921,230.4862,imu,
1786777048.351787,0.1017,18.542062759399414,33.37571716308594,0.1522,0.2521,-4.0147,2.6721,2.2091,229.5091,imu,
1786777048.456120,0.1043,18.71865463256836,33.905487060546875,0.1543,0.2581,-4.0245,2.6849,2.2269,228.4879,imu,
1786777048.556027,0.0999,18.54730987548828,33.821563720703125,0.1536,0.2596,-4.0341,2.6969,2.2456,227.4169,imu,
1786777048.658129,0.1021,18.540382385253906,33.932395935058594,0.1539,0.2616,-4.0441,2.7090,2.2631,226.4170,imu,
1786777048.762175,0.1040,18.5455265045166,34.2101936340332,0.1547,0.2663,-4.0546,2.7212,2.2783,225.5475,imu,
1786777048.863189,0.1010,18.1854190826416,33.8500862121582,0.1526,0.2663,-4.0648,2.7328,2.2927,224.7180,imu,
1786777048.966579,0.1034,18.18181800842285,34.1597785949707,0.1535,0.2716,-4.0755,2.7445,2.3094,223.7627,imu,
1786777049.069468,0.1029,18.3654727935791,33.97612380981445,0.1535,0.2653,-4.0863,2.7560,2.3237,222.9442,imu,
1786777049.173186,0.1037,17.9981632232666,34.34343338012695,0.1535,0.2778,-4.0973,2.7675,2.3394,222.0426,imu,
1786777049.274006,0.1008,20.911184310913086,31.821365356445312,0.1546,0.1855,-4.1083,2.7785,2.3555,221.1199,imu,
1786777049.375828,0.1018,26.260908126831055,26.43254852294922,0.1545,0.0029,-4.1195,2.7896,2.3560,221.0928,imu,
1786777049.479617,0.1038,26.078969955444336,27.18090057373047,0.1562,0.0187,-4.1309,2.8011,2.3557,221.1125,imu,
1786777049.579870,0.1003,26.287832260131836,27.548208236694336,0.1579,0.0214,-4.1421,2.8122,2.3582,220.9655,imu,
1786777049.682710,0.1028,26.210918426513672,27.280750274658203,0.1568,0.0182,-4.1536,2.8236,2.3617,220.7682,imu,
1786777049.785048,0.1023,25.92772674560547,27.188100814819336,0.1557,0.0214,-4.1649,2.8348,2.3623,220.7306,imu,
1786777049.887440,0.1024,26.032611846923828,26.92414093017578,0.1553,0.0152,-4.1763,2.8459,2.3637,220.6548,imu,
1786777049.989474,0.1020,26.287832260131836,27.188100814819336,0.1568,0.0153,-4.1877,2.8572,2.3650,220.5786,imu,
1786777050.093467,0.1040,25.95888900756836,27.018434524536133,0.1553,0.0180,-4.1992,2.8685,2.3651,220.5695,imu,
1786777050.195507,0.1020,25.92772674560547,27.188100814819336,0.1557,0.0214,-4.2106,2.8796,2.3689,220.3526,imu,
1786777050.297884,0.1024,26.813589096069336,26.44628143310547,0.1562,-0.0062,-4.2221,2.8907,2.3713,220.2151,imu,
1786777050.401682,0.1038,34.1597785949707,19.10009002685547,0.1562,-0.2560,-4.2336,2.9021,2.3612,220.7962,imu,
1786777050.502657,0.1010,34.0301399230957,19.0856876373291,0.1557,-0.2540,-4.2447,2.9132,2.3581,220.9756,imu,
1786777050.604891,0.1022,34.08208084106445,19.778200149536133,0.1579,-0.2431,-4.2561,2.9247,2.3524,221.3021,imu,
1786777050.707365,0.1025,33.7924690246582,19.65105628967285,0.1567,-0.2404,-4.2673,2.9362,2.3408,221.9635,imu,
1786777050.810241,0.1029,33.821563720703125,19.456491470336914,0.1562,-0.2442,-4.2783,2.9479,2.3298,222.5924,imu,
1786777050.928582,0.1183,34.3902473449707,19.6258487701416,0.1584,-0.2510,-4.2911,2.9616,2.3189,223.2170,imu,
1786777051.014737,0.0862,34.0301399230957,19.2657413482666,0.1563,-0.2510,-4.3002,2.9715,2.3107,223.6901,imu,
1786777051.116417,0.1017,11.019283294677734,6.060606002807617,0.0501,-0.0843,-4.3035,2.9753,2.2999,224.3053,imu,
1786777051.219824,0.1034,-0.0,-0.0,-0.0000,0.0000,-4.3035,2.9753,2.2999,224.2337,enc,
1786777051.321160,0.1013,-0.0,-0.0,-0.0000,0.0000,-4.3035,2.9753,2.2999,224.0464,enc,
1786777051.431326,0.1102,-0.0,-0.0,-0.0000,0.0000,-4.3035,2.9753,2.2999,224.0673,enc,
1786777051.525860,0.0945,-0.0,-0.0,-0.0000,0.0000,-4.3035,2.9753,2.2999,224.0673,enc,
1786777051.628451,0.1026,-0.0,-0.0,-0.0000,0.0000,-4.3035,2.9753,2.2999,224.0622,enc,
1786777051.731541,0.1031,-0.0,-0.0,-0.0000,0.0000,-4.3035,2.9753,2.2999,224.0621,enc,
1786777051.833039,0.1015,-0.0,-0.0,-0.0000,0.0000,-4.3035,2.9753,2.2999,224.0619,enc,
1786777051.935938,0.1029,-0.0,-0.0,-0.0000,0.0000,-4.3035,2.9753,2.2999,224.0617,enc,
1786777052.038704,0.1028,-0.0,-0.0,-0.0000,0.0000,-4.3035,2.9753,2.2999,224.0660,enc,
1786777052.140424,0.1017,-0.0,-0.0,-0.0000,0.0000,-4.3035,2.9753,2.2999,224.0612,enc,
1786777052.243796,0.1034,-0.0,-0.0,-0.0000,0.0000,-4.3035,2.9753,2.2999,224.0562,enc,
1786777052.345773,0.1020,-0.0,-0.0,-0.0000,0.0000,-4.3035,2.9753,2.2999,224.0563,enc,
1786777052.447686,0.1019,-0.0,-0.0,-0.0000,0.0000,-4.3035,2.9753,2.2999,224.0563,enc,
1786777052.550252,0.1026,-0.0,-0.0,-0.0000,0.0000,-4.3035,2.9753,2.2999,224.0562,enc,
1786777052.654713,0.1045,-0.0,-0.0,-0.0000,0.0000,-4.3035,2.9753,2.2999,224.0608,enc,
1786777052.755135,0.1004,-0.0,-0.0,-0.0000,0.0000,-4.3035,2.9753,2.2999,224.0610,enc,
1786777052.857108,0.1020,-0.0,-0.0,-0.0000,0.0000,-4.3035,2.9753,2.2999,224.0608,enc,
1786777052.959411,0.1023,-0.0,-0.0,-0.0000,0.0000,-4.3035,2.9753,2.2999,224.0560,enc,
1786777053.062220,0.1028,-0.0,-0.0,-0.0000,0.0000,-4.3035,2.9753,2.2999,224.0606,enc,
1786777053.165351,0.1031,-0.0,-0.0,-0.0000,0.0000,-4.3035,2.9753,2.2999,224.0604,enc,
1786777053.266840,0.1015,-0.0,-0.0,-0.0000,0.0000,-4.3035,2.9753,2.2999,224.0602,enc,
1786777053.369108,0.1023,-0.0,-0.0,-0.0000,0.0000,-4.3035,2.9753,2.2999,224.0601,enc,
1786777053.471396,0.1023,-0.0,-0.0,-0.0000,0.0000,-4.3035,2.9753,2.2999,224.0600,enc,
1786777053.575965,0.1046,-0.0,-0.0,-0.0000,0.0000,-4.3035,2.9753,2.2999,224.0599,enc,
1786777053.677577,0.1016,-0.0,-0.0,-0.0000,0.0000,-4.3035,2.9753,2.2999,224.0597,enc,
1786777053.780033,0.1025,-0.0,-0.0,-0.0000,0.0000,-4.3035,2.9753,2.2999,224.0598,enc,
1786777053.881732,0.1017,-0.0,-0.0,-0.0000,0.0000,-4.3035,2.9753,2.2999,224.0596,enc,
1786777053.984722,0.1030,-0.0,-0.0,-0.0000,0.0000,-4.3035,2.9753,2.2999,224.0595,enc,
1786777054.086783,0.1021,12.063593864440918,-11.70348834991455,0.0011,-0.4040,-4.3036,2.9754,2.2964,224.2636,imu,
1786777054.189224,0.1024,25.63892936706543,-24.366071701049805,0.0037,-0.8500,-4.3039,2.9757,2.2517,226.8252,imu,
1786777054.292287,0.1031,25.27525520324707,-23.82056427001953,0.0043,-0.8345,-4.3041,2.9761,2.2069,229.3916,imu,
1786777054.394003,0.1017,25.85430908203125,-24.071250915527344,0.0052,-0.8486,-4.3044,2.9765,2.1455,232.9060,imu,
1786777054.498808,0.1048,26.72994613647461,-25.09341812133789,0.0048,-0.8809,-4.3047,2.9769,2.1035,235.3157,imu,
1786777054.652846,0.1540,27.731863021850586,-25.89531707763672,0.0054,-0.9116,-4.3050,2.9777,2.0325,239.3858,imu,
1786777054.700943,0.0481,27.993972778320312,-26.210918426513672,0.0052,-0.9214,-4.3051,2.9779,1.9734,242.7688,imu,
1786777054.804823,0.1039,28.268423080444336,-26.82799530029297,0.0042,-0.9365,-4.3053,2.9783,1.9157,246.0764,imu,
1786777054.912686,0.1079,28.0679874420166,-26.33539581298828,0.0051,-0.9247,-4.3054,2.9789,1.8570,249.4396,imu,
1786777055.019054,0.1064,27.82096290588379,-26.54810905456543,0.0037,-0.9242,-4.3055,2.9792,1.7931,253.0990,imu,
1786777055.129294,0.1102,27.731863021850586,-26.62993621826172,0.0032,-0.9240,-4.3056,2.9796,1.7383,256.2386,imu,
1786777055.219696,0.0904,27.731863021850586,-26.62993621826172,0.0032,-0.9240,-4.3056,2.9799,1.6835,259.3802,imu,
1786777055.314601,0.0949,27.908315658569336,-26.46788787841797,0.0042,-0.9243,-4.3056,2.9803,1.6301,262.4406,imu,
1786777055.417259,0.1027,27.371618270874023,-26.31207275390625,0.0031,-0.9125,-4.3056,2.9806,1.5687,265.9590,imu,
1786777055.519405,0.1021,27.275455474853516,-26.184436798095703,0.0032,-0.9087,-4.3056,2.9809,1.5157,268.9939,imu,
1786777055.626968,0.1076,27.280750274658203,-26.032611846923828,0.0037,-0.9062,-4.3056,2.9813,1.4633,271.9975,imu,
1786777055.724801,0.0978,27.548208236694336,-26.262624740600586,0.0038,-0.9147,-4.3055,2.9817,1.4142,274.8063,imu,
1786777055.930045,0.2052,27.018434524536133,-25.95888900756836,0.0031,-0.9005,-4.3054,2.9823,1.3645,277.6544,imu,
1786777055.930091,0.0000,26.813589096069336,-26.078969955444336,0.0022,-0.8991,-4.3054,2.9823,1.3140,280.5515,imu,
1786777056.032871,0.1028,26.813589096069336,-25.528005599975586,0.0038,-0.8897,-4.3053,2.9827,1.2635,283.4407,imu,
1786777056.103881,0.0710,26.813589096069336,-25.344350814819336,0.0043,-0.8866,-4.3052,2.9830,1.2103,286.4940,imu,
1786777056.205462,0.1016,26.813589096069336,-25.16069793701172,0.0048,-0.8835,-4.3050,2.9834,1.1557,289.6223,imu,
1786777056.307174,0.1017,26.745834350585938,-25.497695922851562,0.0037,-0.8880,-4.3048,2.9838,1.1047,292.5418,imu,
1786777056.409782,0.1026,26.184436798095703,-25.09341812133789,0.0032,-0.8716,-4.3046,2.9840,1.0538,295.4612,imu,
1786777056.509190,0.0994,26.184436798095703,-25.27525520324707,0.0027,-0.8747,-4.3045,2.9843,0.9999,298.5458,imu,
1786777056.614302,0.1051,26.061481475830078,-24.662206649780273,0.0041,-0.8622,-4.3042,2.9846,0.9399,301.9825,imu,
1786777056.714800,0.1005,26.078969955444336,-24.793386459350586,0.0038,-0.8647,-4.3040,2.9849,0.8868,305.0250,imu,
1786777056.815344,0.1005,26.002599716186523,-24.547908782958984,0.0043,-0.8593,-4.3037,2.9852,0.8334,308.0876,imu,
1786777056.917501,0.1022,25.85430908203125,-24.784473419189453,0.0031,-0.8608,-4.3035,2.9854,0.7789,311.2100,imu,
1786777057.019066,0.1016,25.71166229248047,-24.05876922607422,0.0048,-0.8460,-4.3031,2.9858,0.7263,314.2246,imu,
1786777057.122605,0.1035,25.95888900756836,-24.899343490600586,0.0031,-0.8645,-4.3029,2.9860,0.6726,317.2981,imu,
1786777057.225419,0.1028,25.567617416381836,-24.30724334716797,0.0037,-0.8478,-4.3026,2.9862,0.6195,320.3402,imu,
1786777057.328276,0.1029,25.31938934326172,-24.071250915527344,0.0037,-0.8395,-4.3022,2.9864,0.5680,323.2944,imu,
1786777057.428204,0.0999,25.344350814819336,-23.87511444091797,0.0043,-0.8366,-4.3019,2.9866,0.5164,326.2509,imu,
1786777057.566199,0.1380,25.16069793701172,-24.24242401123047,0.0027,-0.8398,-4.3015,2.9868,0.4586,329.5624,imu,
1786777057.629022,0.0628,25.20751190185547,-24.48729705810547,0.0021,-0.8447,-4.3014,2.9868,0.4076,332.4818,imu,
1786777057.729232,0.1002,24.97704315185547,-23.69145965576172,0.0038,-0.8273,-4.3011,2.9870,0.3590,335.2676,imu,
1786777057.832855,0.1036,24.899343490600586,-24.016387939453125,0.0026,-0.8315,-4.3008,2.9870,0.3012,338.5795,imu,
1786777057.934731,0.1019,24.66735076904297,-24.127187728881836,0.0016,-0.8294,-4.3006,2.9871,0.2562,341.1587,imu,
1786777058.035563,0.1008,24.729745864868164,-24.18423843383789,0.0016,-0.8314,-4.3005,2.9871,0.2132,343.6216,imu,
1786777058.136158,0.1006,24.609731674194336,-23.87511444091797,0.0022,-0.8241,-4.3003,2.9871,0.1696,346.1190,imu,
1786777058.235240,0.0991,24.42607879638672,-23.69145965576172,0.0022,-0.8179,-4.3001,2.9872,0.1246,348.6949,imu,
1786777058.335381,0.1001,24.24242401123047,-23.87511444091797,0.0011,-0.8179,-4.3000,2.9872,0.0838,351.0326,imu,
1786777058.439561,0.1042,24.24242401123047,-22.95684051513672,0.0038,-0.8023,-4.2996,2.9872,0.0357,353.7887,imu,
1786777058.541002,0.1014,24.00240135192871,-23.275054931640625,0.0021,-0.8036,-4.2993,2.9872,-0.0121,356.5323,imu,
1786777058.645396,0.1044,23.87511444091797,-23.14049530029297,0.0022,-0.7992,-4.2991,2.9872,-0.0582,359.1707,imu,
1786777058.745497,0.1001,23.69145965576172,-22.4058780670166,0.0038,-0.7836,-4.2987,2.9871,-0.1065,1.9404,imu,
1786777058.848028,0.1025,23.50780487060547,-22.22222137451172,0.0038,-0.7773,-4.2984,2.9871,-0.1540,4.6618,imu,
1786777058.953357,0.1053,23.179723739624023,-22.288196563720703,0.0026,-0.7729,-4.2981,2.9870,-0.2024,7.4359,imu,
1786777059.051422,0.0981,22.77318572998047,-21.85491180419922,0.0027,-0.7586,-4.2978,2.9870,-0.2471,9.9967,imu,
1786777059.155221,0.1038,22.4058780670166,-21.12029457092285,0.0038,-0.7399,-4.2975,2.9868,-0.2935,12.6526,imu,
1786777059.260601,0.1054,21.9665470123291,-21.06627655029297,0.0026,-0.7315,-4.2972,2.9868,-0.3389,15.2532,imu,
1786777059.358884,0.0983,21.931583404541016,-20.68344497680664,0.0037,-0.7244,-4.2969,2.9866,-0.3845,17.8687,imu,
1786777059.461294,0.1024,21.12029457092285,-19.83470916748047,0.0038,-0.6962,-4.2965,2.9865,-0.4296,20.4511,imu,
1786777059.579395,0.1181,20.464384078979492,-19.240018844604492,0.0036,-0.6749,-4.2961,2.9863,-0.4869,23.7368,imu,
1786777059.667083,0.0877,20.38567543029785,-18.91643714904785,0.0043,-0.6681,-4.2958,2.9861,-0.5325,26.3445,imu,
1786777059.772346,0.1053,19.065109252929688,-18.3654727935791,0.0021,-0.6362,-4.2956,2.9860,-0.5724,28.6339,imu,
1786777059.872434,0.1001,26.681913375854492,27.72146987915039,0.1595,0.0177,-4.2824,2.9770,-0.5987,30.1394,imu,
1786777059.974009,0.1016,28.707195281982422,33.521446228027344,0.1825,0.0818,-4.2671,2.9665,-0.5967,30.0226,imu,
1786777060.076163,0.1022,29.45406150817871,35.344871520996094,0.1900,0.1001,-4.2510,2.9557,-0.5910,29.6971,imu,
1786777060.178577,0.1024,29.821165084838867,36.7309455871582,0.1951,0.1175,-4.2343,2.9447,-0.5840,29.2980,imu,
1786777060.281423,0.1028,29.77703094482422,37.44416809082031,0.1971,0.1303,-4.2173,2.9337,-0.5754,28.8071,imu,
1786777060.389618,0.1082,30.020484924316406,38.32026290893555,0.2004,0.1411,-4.1991,2.9220,-0.5697,28.4753,imu,
1786777060.495477,0.1059,29.708852767944336,37.9913215637207,0.1985,0.1408,-4.1813,2.9108,-0.5621,28.0429,imu,
1786777060.588466,0.0930,29.42041778564453,36.37433624267578,0.1929,0.1182,-4.1660,2.9013,-0.5548,27.6243,imu,
1786777060.690384,0.1019,29.201101303100586,34.5270881652832,0.1869,0.0905,-4.1498,2.8914,-0.5506,27.3865,imu,
1786777060.792603,0.1022,29.017446517944336,33.24150466918945,0.1826,0.0718,-4.1339,2.8817,-0.5466,27.1557,imu,
1786777060.896385,0.1038,28.650136947631836,32.3232307434082,0.1788,0.0624,-4.1180,2.8721,-0.5420,26.8899,imu,
1786777060.998757,0.1024,28.650136947631836,32.13957595825195,0.1782,0.0593,-4.1023,2.8627,-0.5390,26.7183,imu,
1786777061.101457,0.1027,28.448476791381836,32.0495491027832,0.1774,0.0612,-4.0866,2.8534,-0.5356,26.5240,imu,
1786777061.205573,0.1041,28.172279357910156,31.381778717041016,0.1746,0.0546,-4.0710,2.8442,-0.5316,26.2935,imu,
1786777061.305490,0.0999,28.466482162475586,31.221303939819336,0.1750,0.0468,-4.0559,2.8354,-0.5295,26.1733,imu,
1786777061.407870,0.1024,28.466482162475586,31.221303939819336,0.1750,0.0468,-4.0404,2.8264,-0.5251,25.9214,imu,
1786777061.511873,0.1040,28.268423080444336,30.789175033569336,0.1732,0.0428,-4.0248,2.8174,-0.5235,25.8283,imu,
1786777061.611937,0.1001,28.18463706970215,30.54850959777832,0.1722,0.0402,-4.0098,2.8088,-0.5208,25.6763,imu,
1786777061.719222,0.1073,28.18463706970215,30.366674423217773,0.1717,0.0371,-3.9938,2.7997,-0.5186,25.5484,imu,
1786777061.828204,0.1090,28.099172592163086,29.935720443725586,0.1702,0.0312,-3.9777,2.7906,-0.5138,25.2749,imu,
1786777061.919888,0.0917,28.254573822021484,30.19707679748535,0.1714,0.0330,-3.9640,2.7829,-0.5113,25.1307,imu,
1786777062.021155,0.1013,28.099172592163086,29.568410873413086,0.1691,0.0250,-3.9490,2.7746,-0.5088,24.9883,imu,
1786777062.124750,0.1036,27.91551971435547,29.384756088256836,0.1680,0.0250,-3.9338,2.7661,-0.5077,24.9235,imu,
1786777062.227006,0.1023,28.07798194885254,29.314119338989258,0.1683,0.0210,-3.9187,2.7578,-0.5051,24.7791,imu,
1786777062.327692,0.1007,27.82096290588379,28.911983489990234,0.1663,0.0185,-3.9041,2.7497,-0.5054,24.7940,imu,
1786777062.430014,0.1023,27.731863021850586,28.833791732788086,0.1659,0.0187,-3.8892,2.7415,-0.5035,24.6867,imu,
1786777062.533607,0.1036,27.460752487182617,28.160390853881836,0.1631,0.0119,-3.8744,2.7334,-0.5011,24.5501,imu,
1786777062.634882,0.1013,27.548208236694336,28.466482162475586,0.1642,0.0156,-3.8598,2.7254,-0.4985,24.4005,imu,
1786777062.707333,0.0725,27.731863021850586,28.099172592163086,0.1637,0.0062,-3.8494,2.7197,-0.4971,24.3205,imu,
1786777062.839583,0.1322,27.460752487182617,27.985483169555664,0.1626,0.0089,-3.8305,2.7095,-0.4953,24.2125,imu,
1786777062.912254,0.0727,27.731863021850586,27.91551971435547,0.1632,0.0031,-3.8200,2.7039,-0.4942,24.1550,imu,
1786777063.045805,0.1336,27.374950408935547,27.54821014404297,0.1610,0.0029,-3.8011,2.6937,-0.4924,24.0480,imu,
1786777063.146167,0.1004,27.280750274658203,27.280750274658203,0.1600,0.0000,-3.7869,2.6862,-0.4913,23.9838,imu,
1786777063.247724,0.1016,27.18090057373047,26.997243881225586,0.1589,-0.0031,-3.7727,2.6786,-0.4896,23.8913,imu,
1786777063.321548,0.0738,27.275455474853516,26.91178321838379,0.1589,-0.0062,-3.7623,2.6731,-0.4893,23.8690,imu,
1786777063.453127,0.1316,26.947467803955078,26.604188919067383,0.1570,-0.0058,-3.7441,2.6633,-0.4895,23.8842,imu,
1786777063.621287,0.1682,26.91178321838379,26.54810905456543,0.1568,-0.0062,-3.7208,2.6509,-0.4905,23.9406,imu,
1786777063.628574,0.0073,26.997243881225586,26.262624740600586,0.1562,-0.0125,-3.7198,2.6504,-0.4900,23.9123,imu,
1786777063.731113,0.1025,27.275455474853516,26.366273880004883,0.1573,-0.0155,-3.7056,2.6428,-0.4881,23.8048,imu,
1786777063.830140,0.0990,26.997243881225586,26.078969955444336,0.1556,-0.0156,-3.6920,2.6356,-0.4880,23.7986,imu,
1786777063.966738,0.1366,26.681913375854492,25.642358779907227,0.1534,-0.0177,-3.6735,2.6258,-0.4893,23.8688,imu,
1786777064.124931,0.1582,27.008047103881836,25.74767303466797,0.1547,-0.0214,-3.6519,2.6143,-0.4880,23.7982,imu,
1786777064.139437,0.0145,26.813589096069336,25.71166229248047,0.1540,-0.0187,-3.6499,2.6132,-0.4884,23.8188,imu,
1786777064.241487,0.1020,26.72994613647461,25.63892936706543,0.1536,-0.0185,-3.6360,2.6059,-0.4875,23.7685,imu,
1786777064.344191,0.1027,26.76111602783203,25.53675079345703,0.1533,-0.0208,-3.6221,2.5985,-0.4878,23.7829,imu,
1786777064.444810,0.1006,26.91178321838379,25.45709228515625,0.1536,-0.0247,-3.6085,2.5913,-0.4885,23.8261,imu,
1786777064.547876,0.1031,26.46788787841797,25.02745819091797,0.1510,-0.0245,-3.5947,2.5840,-0.4875,23.7680,imu,
1786777064.649967,0.1021,26.82799530029297,25.02745819091797,0.1520,-0.0306,-3.5810,2.5767,-0.4869,23.7323,imu,
1786777064.754570,0.1046,26.58620834350586,25.01202392578125,0.1513,-0.0268,-3.5670,2.5693,-0.4887,23.8397,imu,
1786777064.856309,0.1017,26.46788787841797,24.847402572631836,0.1505,-0.0275,-3.5535,2.5621,-0.4886,23.8319,imu,
1786777064.991174,0.1349,26.366273880004883,24.547908782958984,0.1493,-0.0309,-3.5357,2.5526,-0.4882,23.8106,imu,
1786777065.058145,0.0670,26.54810905456543,24.911582946777344,0.1509,-0.0278,-3.5268,2.5479,-0.4890,23.8521,imu,
1786777065.164709,0.1066,26.23638916015625,23.962570190429688,0.1472,-0.0387,-3.5130,2.5405,-0.4901,23.9184,imu,
1786777065.299508,0.1348,26.366273880004883,24.547908782958984,0.1493,-0.0309,-3.4952,2.5310,-0.4907,23.9543,imu,
1786777065.369764,0.0703,26.002599716186523,24.18423843383789,0.1472,-0.0309,-3.4861,2.5262,-0.4892,23.8675,imu,
1786777065.504430,0.1347,26.46788787841797,24.127187728881836,0.1484,-0.0398,-3.4685,2.5168,-0.4903,23.9316,imu,
1786777065.567289,0.0629,25.89531707763672,23.50780487060547,0.1449,-0.0406,-3.4605,2.5125,-0.4916,24.0041,imu,
1786777065.668677,0.1014,26.366273880004883,24.00240135192871,0.1477,-0.0402,-3.4473,2.5054,-0.4932,24.0971,imu,
1786777065.771353,0.1027,26.032611846923828,23.714641571044922,0.1459,-0.0394,-3.4341,2.4983,-0.4945,24.1695,imu,
1786777065.873617,0.1023,25.92772674560547,23.58702850341797,0.1452,-0.0398,-3.4210,2.4912,-0.4974,24.3335,imu,
1786777065.981308,0.1077,25.85430908203125,23.536334991455078,0.1448,-0.0394,-3.4073,2.4837,-0.4995,24.4558,imu,
1786777066.083213,0.1019,26.078969955444336,23.69145965576172,0.1459,-0.0406,-3.3943,2.4766,-0.5016,24.5777,imu,
1786777066.179851,0.0966,25.74767303466797,23.4069766998291,0.1441,-0.0398,-3.3821,2.4699,-0.5022,24.6134,imu,
1786777066.280112,0.1003,26.078969955444336,23.32415008544922,0.1449,-0.0468,-3.3694,2.4629,-0.5030,24.6565,imu,
1786777066.381422,0.1013,25.676002502441406,23.179723739624023,0.1433,-0.0424,-3.3567,2.4559,-0.5037,24.6986,imu,
1786777066.485761,0.1043,25.85430908203125,23.179723739624023,0.1438,-0.0455,-3.3435,2.4486,-0.5058,24.8143,imu,
1786777066.586223,0.1005,25.820762634277344,23.093217849731445,0.1434,-0.0464,-3.3310,2.4416,-0.5090,24.9998,imu,
1786777066.684330,0.0981,25.71166229248047,23.14049530029297,0.1432,-0.0437,-3.3187,2.4347,-0.5099,25.0509,imu,
1786777066.785979,0.1016,25.89531707763672,22.77318572998047,0.1427,-0.0531,-3.3060,2.4276,-0.5105,25.0856,imu,
1786777066.886320,0.1003,25.89531707763672,23.14049530029297,0.1438,-0.0468,-3.2935,2.4205,-0.5130,25.2295,imu,
1786777066.989204,0.1029,25.528005599975586,22.58953094482422,0.1411,-0.0499,-3.2808,2.4134,-0.5135,25.2578,imu,
1786777067.091559,0.1024,25.820762634277344,22.72954559326172,0.1424,-0.0525,-3.2681,2.4062,-0.5149,25.3371,imu,
1786777067.193930,0.1024,25.497695922851562,22.466503143310547,0.1406,-0.0515,-3.2556,2.3991,-0.5159,25.3946,imu,
1786777067.295816,0.1019,25.92772674560547,22.86681365966797,0.1431,-0.0520,-3.2430,2.3919,-0.5174,25.4801,imu,
1786777067.399448,0.1036,25.27525520324707,22.365873336791992,0.1397,-0.0495,-3.2304,2.3847,-0.5190,25.5728,imu,
1786777067.503971,0.1045,25.92772674560547,22.6867618560791,0.1425,-0.0551,-3.2175,2.3773,-0.5204,25.6524,imu,
1786777067.603617,0.0996,25.642358779907227,22.350435256958008,0.1407,-0.0560,-3.2053,2.3703,-0.5231,25.8089,imu,
1786777067.705181,0.1016,25.38756561279297,22.32665252685547,0.1399,-0.0520,-3.1930,2.3632,-0.5251,25.9244,imu,
1786777067.808554,0.1034,25.45709228515625,22.365873336791992,0.1402,-0.0525,-3.1805,2.3559,-0.5268,26.0175,imu,
1786777067.910068,0.1015,25.820762634277344,22.365873336791992,0.1413,-0.0587,-3.1681,2.3487,-0.5283,26.1035,imu,
1786777068.012540,0.1025,25.295839309692383,22.350435256958008,0.1397,-0.0501,-3.1557,2.3415,-0.5296,26.1822,imu,
1786777068.116859,0.1043,25.71166229248047,22.22222137451172,0.1405,-0.0593,-3.1431,2.3340,-0.5311,26.2684,imu,
1786777068.217318,0.1005,25.63892936706543,22.002201080322266,0.1397,-0.0618,-3.1310,2.3269,-0.5330,26.3774,imu,
1786777068.320334,0.1030,25.20751190185547,21.9665470123291,0.1383,-0.0551,-3.1188,2.3196,-0.5348,26.4793,imu,
1786777068.424317,0.1040,25.528005599975586,22.03856658935547,0.1395,-0.0593,-3.1063,2.3122,-0.5366,26.5791,imu,
1786777068.525454,0.1011,25.252525329589844,21.897294998168945,0.1383,-0.0570,-3.0943,2.3050,-0.5402,26.7884,imu,
1786777068.628273,0.1028,25.36184310913086,21.863656997680664,0.1385,-0.0595,-3.0821,2.2977,-0.5435,26.9755,imu,
1786777068.730977,0.1027,25.38756561279297,22.14659881591797,0.1394,-0.0551,-3.0699,2.2902,-0.5454,27.0832,imu,
1786777068.833518,0.1025,25.252525329589844,21.897294998168945,0.1383,-0.0570,-3.0578,2.2829,-0.5471,27.1829,imu,
1786777068.951790,0.1183,25.27525520324707,21.820363998413086,0.1381,-0.0587,-3.0438,2.2743,-0.5487,27.2761,imu,
1786777069.038802,0.0870,25.344350814819336,21.85491180419922,0.1384,-0.0593,-3.0336,2.2680,-0.5526,27.5003,imu,
1786777069.139216,0.1004,25.31938934326172,22.10988998413086,0.1391,-0.0546,-3.0217,2.2607,-0.5549,27.6307,imu,
1786777069.250083,0.1109,25.344350814819336,21.6712589263916,0.1379,-0.0624,-3.0087,2.2526,-0.5549,27.6286,imu,
1786777069.345796,0.0957,25.186933517456055,21.68874740600586,0.1374,-0.0595,-2.9976,2.2457,-0.5576,27.7875,imu,
1786777069.448911,0.1031,25.344350814819336,21.6712589263916,0.1379,-0.0624,-2.9855,2.2381,-0.5603,27.9395,imu,
1786777069.613974,0.1651,25.344350814819336,21.85491180419922,0.1384,-0.0593,-2.9662,2.2259,-0.5630,28.0964,imu,
1786777069.704285,0.0903,25.16069793701172,21.6712589263916,0.1373,-0.0593,-2.9557,2.2193,-0.5654,28.2323,imu,
1786777069.754019,0.0497,25.16069793701172,21.6712589263916,0.1373,-0.0593,-2.9500,2.2156,-0.5682,28.3923,imu,
1786777069.856448,0.1024,25.20751190185547,21.60643768310547,0.1373,-0.0612,-2.9381,2.2080,-0.5691,28.4430,imu,
1786777069.958663,0.1022,25.20751190185547,21.78649139404297,0.1378,-0.0582,-2.9263,2.2004,-0.5707,28.5365,imu,
1786777070.061768,0.1031,25.45709228515625,21.820363998413086,0.1386,-0.0618,-2.9143,2.1926,-0.5738,28.7101,imu,
1786777070.164425,0.1027,25.344350814819336,21.6712589263916,0.1379,-0.0624,-2.9024,2.1849,-0.5761,28.8468,imu,
1786777070.267449,0.1030,25.36184310913086,21.513837814331055,0.1374,-0.0654,-2.8905,2.1772,-0.5776,28.9332,imu,
1786777070.369369,0.1019,25.14108657836914,21.753280639648438,0.1375,-0.0576,-2.8788,2.1695,-0.5813,29.1420,imu,
1786777070.473958,0.1046,25.16069793701172,21.85491180419922,0.1379,-0.0562,-2.8668,2.1615,-0.5851,29.3581,imu,
1786777070.572904,0.0989,25.38756561279297,21.78649139404297,0.1383,-0.0612,-2.8554,2.1540,-0.5861,29.4157,imu,
1786777070.675300,0.1024,25.122581481933594,21.48413848876953,0.1367,-0.0618,-2.8438,2.1462,-0.5883,29.5457,imu,
1786777070.778166,0.1029,25.38756561279297,21.60643768310547,0.1378,-0.0643,-2.8320,2.1383,-0.5909,29.6914,imu,
1786777070.879524,0.1014,25.16069793701172,21.6712589263916,0.1373,-0.0593,-2.8205,2.1305,-0.5944,29.8948,imu,
1786777070.982785,0.1033,25.42911720275879,22.07388687133789,0.1393,-0.0570,-2.8086,2.1224,-0.5955,29.9586,imu,
1786777071.084270,0.1015,25.20751190185547,21.78649139404297,0.1378,-0.0582,-2.7970,2.1146,-0.5988,30.1473,imu,
1786777071.186972,0.1027,25.27525520324707,22.184038162231445,0.1392,-0.0525,-2.7852,2.1065,-0.6024,30.3518,imu,
1786777071.290236,0.1033,25.02745819091797,21.78649139404297,0.1373,-0.0551,-2.7736,2.0984,-0.6042,30.4524,imu,
1786777071.391669,0.1014,25.528005599975586,22.03856658935547,0.1395,-0.0593,-2.7619,2.0904,-0.6061,30.5616,imu,
1786777071.494783,0.1031,25.45709228515625,21.820363998413086,0.1386,-0.0618,-2.7502,2.0822,-0.6083,30.6923,imu,
1786777071.652132,0.1573,25.0759334564209,21.720703125,0.1372,-0.0570,-2.7325,2.0698,-0.6106,30.8230,imu,
1786777071.699462,0.0473,25.16069793701172,22.03856658935547,0.1384,-0.0531,-2.7272,2.0660,-0.6121,30.9101,imu,
1786777071.801463,0.1020,25.36184310913086,22.0385684967041,0.1390,-0.0565,-2.7156,2.0579,-0.6129,30.9536,imu,
1786777071.903604,0.1021,25.295839309692383,21.830657958984375,0.1382,-0.0589,-2.7040,2.0498,-0.6143,31.0337,imu,
1786777072.006214,0.1026,25.45709228515625,22.002201080322266,0.1392,-0.0587,-2.6924,2.0415,-0.6182,31.2593,imu,
1786777072.108478,0.1023,25.45709228515625,22.002201080322266,0.1392,-0.0587,-2.6808,2.0332,-0.6205,31.3885,imu,
1786777072.211663,0.1032,25.27525520324707,22.002201080322266,0.1386,-0.0556,-2.6692,2.0249,-0.6211,31.4256,imu,
1786777072.313430,0.1018,25.344350814819336,22.03856658935547,0.1389,-0.0562,-2.6577,2.0166,-0.6244,31.6150,imu,
1786777072.415819,0.1024,25.01202392578125,21.863656997680664,0.1374,-0.0535,-2.6463,2.0084,-0.6267,31.7458,imu,
1786777072.518024,0.1022,25.16069793701172,22.22222137451172,0.1389,-0.0499,-2.6348,2.0000,-0.6291,31.8830,imu,
1786777072.624241,0.1062,25.85430908203125,25.31938934326172,0.1500,-0.0091,-2.6219,1.9906,-0.6290,31.8758,imu,
1786777072.722905,0.0987,26.366273880004883,26.366273880004883,0.1546,0.0000,-2.6096,1.9817,-0.6270,31.7596,imu,
1786777072.821210,0.0983,26.262624740600586,26.262624740600586,0.1540,0.0000,-2.5973,1.9728,-0.6254,31.6717,imu,
1786777072.925496,0.1043,26.262624740600586,26.262624740600586,0.1540,0.0000,-2.5843,1.9634,-0.6257,31.6873,imu,
1786777073.092502,0.1670,26.44628143310547,26.62993621826172,0.1556,0.0031,-2.5632,1.9482,-0.6267,31.7438,imu,
1786777073.192226,0.0997,26.31207275390625,26.31207275390625,0.1543,0.0000,-2.5508,1.9392,-0.6251,31.6495,imu,
1786777073.306516,0.1143,26.287832260131836,26.287832260131836,0.1542,0.0000,-2.5365,1.9289,-0.6236,31.5635,imu,
1786777073.337420,0.0309,26.210918426513672,26.032611846923828,0.1532,-0.0030,-2.5326,1.9261,-0.6224,31.4971,imu,
1786777073.407950,0.0705,26.184436798095703,26.184436798095703,0.1536,0.0000,-2.5238,1.9198,-0.6219,31.4684,imu,
1786777073.508460,0.1005,26.002599716186523,23.275054931640625,0.1445,-0.0464,-2.5120,1.9113,-0.6214,31.4396,imu,
1786777073.643183,0.1347,25.231069564819336,21.79827117919922,0.1379,-0.0584,-2.4969,1.9005,-0.6251,31.6509,imu,
1786777073.715307,0.0721,25.27525520324707,21.820363998413086,0.1381,-0.0587,-2.4889,1.8946,-0.6276,31.7976,imu,
1786777073.847826,0.1325,25.252525329589844,21.720703125,0.1377,-0.0600,-2.4741,1.8839,-0.6289,31.8697,imu,
1786777073.949300,0.1015,25.497695922851562,23.358028411865234,0.1433,-0.0364,-2.4624,1.8753,-0.6310,31.9932,imu,
1786777074.052828,0.1035,25.74767303466797,24.127187728881836,0.1462,-0.0275,-2.4502,1.8664,-0.6304,31.9562,imu,
1786777074.156810,0.1040,25.988876342773438,26.16213607788086,0.1529,0.0029,-2.4373,1.8570,-0.6304,31.9563,imu,
1786777074.260422,0.1036,26.135480880737305,25.95888900756836,0.1527,-0.0030,-2.4245,1.8477,-0.6310,31.9931,imu,
1786777074.362771,0.1023,26.46788787841797,26.287832260131836,0.1547,-0.0031,-2.4117,1.8383,-0.6304,31.9560,imu,
1786777074.465271,0.1025,26.10778045654297,25.92772674560547,0.1526,-0.0031,-2.3991,1.8291,-0.6290,31.8773,imu,
1786777074.575353,0.1101,26.078969955444336,26.078969955444336,0.1529,0.0000,-2.3855,1.8192,-0.6298,31.9203,imu,
1786777074.667156,0.0918,26.262624740600586,25.89531707763672,0.1529,-0.0062,-2.3741,1.8110,-0.6282,31.8325,imu,
1786777074.739331,0.0722,26.078969955444336,26.078969955444336,0.1529,0.0000,-2.3652,1.8045,-0.6298,31.9203,imu,
1786777074.838984,0.0997,26.262624740600586,25.89531707763672,0.1529,-0.0062,-2.3529,1.7955,-0.6300,31.9337,imu,
1786777074.943479,0.1045,26.210918426513672,26.210918426513672,0.1537,0.0000,-2.3399,1.7861,-0.6280,31.8177,imu,
1786777075.043082,0.0996,26.078969955444336,25.89531707763672,0.1524,-0.0031,-2.3276,1.7772,-0.6263,31.7225,imu,
1786777075.142759,0.0997,25.89531707763672,24.42607879638672,0.1476,-0.0250,-2.3157,1.7685,-0.6272,31.7730,imu,
1786777075.244436,0.1017,25.74767303466797,23.4069766998291,0.1441,-0.0398,-2.3038,1.7599,-0.6286,31.8532,imu,
1786777075.347009,0.1026,25.38756561279297,21.42638397216797,0.1373,-0.0673,-2.2925,1.7516,-0.6295,31.9040,imu,
1786777075.448329,0.1013,25.14108657836914,21.39666748046875,0.1365,-0.0636,-2.2813,1.7435,-0.6315,32.0183,imu,
1786777075.548312,0.1000,25.16069793701172,22.03856658935547,0.1384,-0.0531,-2.2701,1.7353,-0.6326,32.0832,imu,
1786777075.654023,0.1057,25.605709075927734,24.016387939453125,0.1455,-0.0270,-2.2577,1.7262,-0.6340,32.1634,imu,
1786777075.756220,0.1022,26.002599716186523,25.27525520324707,0.1504,-0.0124,-2.2454,1.7171,-0.6340,32.1637,imu,
1786777075.854019,0.0978,26.078969955444336,25.89531707763672,0.1524,-0.0031,-2.2333,1.7083,-0.6320,32.0483,imu,
1786777075.954924,0.1009,26.078969955444336,26.078969955444336,0.1529,0.0000,-2.2209,1.6991,-0.6319,32.0414,imu,
1786777076.054545,0.0996,25.89531707763672,25.71166229248047,0.1513,-0.0031,-2.2087,1.6902,-0.6325,32.0778,imu,
1786777076.157175,0.1026,26.032611846923828,25.497695922851562,0.1511,-0.0091,-2.1962,1.6811,-0.6313,32.0055,imu,
1786777076.259437,0.1023,25.92772674560547,23.58702850341797,0.1452,-0.0398,-2.1842,1.6723,-0.6314,32.0114,imu,
1786777076.364083,0.1046,25.782297134399414,25.42911720275879,0.1502,-0.0060,-2.1715,1.6631,-0.6296,31.9093,imu,
1786777076.462238,0.0982,25.71166229248047,23.87511444091797,0.1454,-0.0312,-2.1600,1.6547,-0.6291,31.8814,imu,
1786777076.568657,0.1064,25.36184310913086,21.338930130004883,0.1369,-0.0684,-2.1482,1.6461,-0.6322,32.0562,imu,
1786777076.672039,0.1034,24.72275161743164,21.190929412841797,0.1346,-0.0600,-2.1370,1.6378,-0.6353,32.2363,imu,
1786777076.771963,0.0999,24.97704315185547,21.30394744873047,0.1357,-0.0624,-2.1261,1.6297,-0.6363,32.2951,imu,
1786777076.876167,0.1042,25.252525329589844,21.544113159179688,0.1372,-0.0630,-2.1146,1.6212,-0.6377,32.3759,imu,
1786777076.977616,0.1014,25.344350814819336,23.50780487060547,0.1432,-0.0312,-2.1030,1.6125,-0.6403,32.5207,imu,
1786777077.078192,0.1006,25.71166229248047,24.42607879638672,0.1470,-0.0219,-2.0911,1.6037,-0.6396,32.4831,imu,
1786777077.180579,0.1024,25.95888900756836,25.782297134399414,0.1517,-0.0030,-2.0786,1.5945,-0.6385,32.4180,imu,
1786777077.282038,0.1015,26.002599716186523,25.45709228515625,0.1509,-0.0093,-2.0664,1.5853,-0.6394,32.4693,imu,
1786777077.381366,0.0993,25.89531707763672,25.71166229248047,0.1513,-0.0031,-2.0543,1.5764,-0.6376,32.3669,imu,
1786777077.483398,0.1020,25.89531707763672,25.344350814819336,0.1502,-0.0094,-2.0420,1.5673,-0.6365,32.3081,imu,
1786777077.587136,0.1037,26.078969955444336,25.528005599975586,0.1513,-0.0094,-2.0293,1.5579,-0.6359,32.2703,imu,
1786777077.689526,0.1024,26.078969955444336,25.71166229248047,0.1519,-0.0062,-2.0168,1.5487,-0.6357,32.2572,imu,
1786777077.791684,0.1022,25.89531707763672,25.528005599975586,0.1508,-0.0062,-2.0044,1.5396,-0.6350,32.2216,imu,
1786777077.898945,0.1073,25.567617416381836,23.4069766998291,0.1436,-0.0367,-1.9920,1.5304,-0.6372,32.3445,imu,
1786777078.000902,0.1020,25.36184310913086,22.563295364379883,0.1405,-0.0476,-1.9805,1.5219,-0.6383,32.4090,imu,
1786777078.098765,0.0979,24.911582946777344,21.093017578125,0.1349,-0.0649,-1.9699,1.5140,-0.6388,32.4359,imu,
1786777078.202317,0.1036,25.09341812133789,21.27485466003418,0.1360,-0.0649,-1.9586,1.5056,-0.6414,32.5836,imu,
1786777078.304773,0.1025,25.45709228515625,23.456892013549805,0.1434,-0.0340,-1.9469,1.4968,-0.6448,32.7805,imu,
1786777078.406011,0.1012,25.81561851501465,25.642358779907227,0.1509,-0.0029,-1.9347,1.4876,-0.6439,32.7291,imu,
1786777078.518320,0.1123,25.85430908203125,25.497695922851562,0.1506,-0.0061,-1.9212,1.4774,-0.6428,32.6644,imu,
1786777078.622207,0.1039,25.820762634277344,25.63892936706543,0.1509,-0.0031,-1.9086,1.4680,-0.6444,32.7594,imu,
1786777078.713402,0.0912,25.745988845825195,25.231069564819336,0.1495,-0.0088,-1.8977,1.4599,-0.6432,32.6873,imu,
1786777078.815556,0.1022,26.002599716186523,25.45709228515625,0.1509,-0.0093,-1.8854,1.4506,-0.6430,32.6789,imu,
1786777078.919177,0.1036,26.078969955444336,25.71166229248047,0.1519,-0.0062,-1.8728,1.4412,-0.6433,32.6947,imu,
1786777079.024272,0.1051,25.71166229248047,25.344350814819336,0.1497,-0.0062,-1.8602,1.4318,-0.6423,32.6362,imu,
1786777079.121986,0.0977,26.184436798095703,25.45709228515625,0.1514,-0.0124,-1.8483,1.4229,-0.6410,32.5637,imu,
1786777079.225070,0.1031,25.85430908203125,25.497695922851562,0.1506,-0.0061,-1.8359,1.4136,-0.6418,32.6073,imu,
1786777079.328082,0.1030,25.92772674560547,24.48729705810547,0.1478,-0.0245,-1.8237,1.4045,-0.6423,32.6366,imu,
1786777079.429305,0.1012,25.31938934326172,23.179723739624023,0.1422,-0.0364,-1.8122,1.3959,-0.6425,32.6518,imu,
1786777079.536895,0.1076,26.078969955444336,25.71166229248047,0.1519,-0.0062,-1.7991,1.3861,-0.6427,32.6580,imu,
1786777079.639518,0.1026,25.89531707763672,25.528005599975586,0.1508,-0.0062,-1.7867,1.3768,-0.6419,32.6149,imu,
1786777079.754421,0.1149,26.002599716186523,25.45709228515625,0.1509,-0.0093,-1.7728,1.3664,-0.6419,32.6146,imu,
1786777079.891908,0.1375,25.63892936706543,23.82056427001953,0.1450,-0.0309,-1.7569,1.3545,-0.6428,32.6656,imu,
1786777079.945297,0.0534,25.295839309692383,22.87021255493164,0.1412,-0.0412,-1.7508,1.3499,-0.6438,32.7247,imu,
1786777080.050367,0.1051,25.567617416381836,21.78649139404297,0.1388,-0.0643,-1.7392,1.3412,-0.6448,32.7816,imu,
1786777080.148587,0.0982,24.793386459350586,20.9366397857666,0.1341,-0.0656,-1.7287,1.3333,-0.6458,32.8407,imu,
1786777080.249297,0.1007,25.42911720275879,22.07388687133789,0.1393,-0.0570,-1.7175,1.3248,-0.6482,32.9786,imu,
1786777080.351590,0.1023,25.31938934326172,23.358028411865234,0.1427,-0.0333,-1.7058,1.3160,-0.6493,33.0376,imu,
1786777080.454466,0.1029,25.74767303466797,25.567617416381836,0.1505,-0.0031,-1.6935,1.3066,-0.6489,33.0149,imu,
1786777080.555498,0.1010,25.605709075927734,25.0759334564209,0.1486,-0.0090,-1.6816,1.2975,-0.6497,33.0591,imu,
1786777080.659164,0.1037,25.782297134399414,25.42911720275879,0.1502,-0.0060,-1.6691,1.2881,-0.6489,33.0157,imu,
1786777080.762123,0.1030,25.71166229248047,25.16069793701172,0.1492,-0.0094,-1.6569,1.2788,-0.6477,32.9487,imu,
1786777080.864255,0.1021,26.078969955444336,25.528005599975586,0.1513,-0.0094,-1.6446,1.2695,-0.6466,32.8840,imu,
1786777080.965471,0.1012,25.74767303466797,25.38756561279297,0.1499,-0.0061,-1.6325,1.2604,-0.6470,32.9065,imu,
1786777081.067695,0.1022,25.89531707763672,25.344350814819336,0.1502,-0.0094,-1.6202,1.2511,-0.6475,32.9356,imu,
1786777081.169775,0.1021,25.53675079345703,23.78765869140625,0.1446,-0.0297,-1.6084,1.2422,-0.6487,33.0033,imu,
1786777081.272624,0.1028,25.344350814819336,22.58953094482422,0.1405,-0.0468,-1.5969,1.2335,-0.6487,33.0030,imu,
1786777081.375011,0.1024,24.784473419189453,20.861751556396484,0.1338,-0.0667,-1.5860,1.2251,-0.6527,33.2358,imu,
1786777081.477532,0.1025,24.97704315185547,22.58953094482422,0.1395,-0.0406,-1.5747,1.2164,-0.6547,33.3462,imu,
1786777081.583728,0.1062,25.528005599975586,23.50780487060547,0.1438,-0.0343,-1.5626,1.2071,-0.6553,33.3820,imu,
1786777081.683142,0.0994,25.67765235900879,25.507600784301758,0.1501,-0.0029,-1.5508,1.1981,-0.6549,33.3603,imu,
1786777081.786664,0.1035,26.032611846923828,25.497695922851562,0.1511,-0.0091,-1.5383,1.1885,-0.6544,33.3310,imu,
1786777081.886966,0.1003,25.71166229248047,24.97704315185547,0.1486,-0.0125,-1.5265,1.1795,-0.6543,33.3251,imu,
1786777081.990329,0.1034,25.89531707763672,25.344350814819336,0.1502,-0.0094,-1.5142,1.1700,-0.6540,33.3094,imu,
1786777082.093417,0.1031,25.71166229248047,25.344350814819336,0.1497,-0.0062,-1.5019,1.1606,-0.6534,33.2739,imu,
1786777082.193840,0.1004,25.85430908203125,25.14108657836914,0.1495,-0.0121,-1.4900,1.1515,-0.6538,33.2951,imu,
1786777082.296376,0.1025,25.74767303466797,25.20751190185547,0.1494,-0.0092,-1.4779,1.1422,-0.6547,33.3465,imu,
1786777082.397234,0.1009,26.002599716186523,25.45709228515625,0.1509,-0.0093,-1.4658,1.1329,-0.6542,33.3171,imu,
1786777082.500679,0.1034,25.567617416381836,25.02745819091797,0.1484,-0.0092,-1.4536,1.1236,-0.6535,33.2816,imu,
1786777082.605239,0.1046,25.92772674560547,25.20751190185547,0.1499,-0.0122,-1.4412,1.1140,-0.6544,33.3307,imu,
1786777082.707419,0.1022,25.642358779907227,25.122581481933594,0.1489,-0.0088,-1.4291,1.1048,-0.6536,33.2874,imu,
1786777082.808879,0.1015,25.92772674560547,25.20751190185547,0.1499,-0.0122,-1.4170,1.0956,-0.6523,33.2084,imu,
1786777082.910487,0.1016,25.95888900756836,25.252525329589844,0.1502,-0.0120,-1.4049,1.0863,-0.6530,33.2513,imu,
1786777083.015393,0.1049,25.528005599975586,23.32415008544922,0.1432,-0.0375,-1.3930,1.0771,-0.6539,33.3009,imu,
1786777083.116697,0.1013,25.02745819091797,22.50670623779297,0.1394,-0.0428,-1.3818,1.0685,-0.6547,33.3457,imu,
1786777083.219378,0.1027,24.97704315185547,20.75298309326172,0.1341,-0.0718,-1.3709,1.0601,-0.6572,33.4920,imu,
1786777083.317933,0.0986,25.14108657836914,21.040058135986328,0.1354,-0.0697,-1.3603,1.0519,-0.6607,33.6898,imu,
1786777083.423224,0.1053,25.02745819091797,22.32665252685547,0.1388,-0.0459,-1.3488,1.0430,-0.6617,33.7476,imu,
1786777083.526201,0.1030,24.949321746826172,23.043472290039062,0.1407,-0.0324,-1.3374,1.0340,-0.6632,33.8362,imu,
1786777083.629831,0.1036,25.45709228515625,25.45709228515625,0.1493,0.0000,-1.3252,1.0245,-0.6637,33.8647,imu,
1786777083.730377,0.1005,25.71166229248047,25.16069793701172,0.1492,-0.0094,-1.3134,1.0153,-0.6629,33.8155,imu,
1786777083.802263,0.0719,25.71166229248047,25.16069793701172,0.1492,-0.0094,-1.3049,1.0087,-0.6617,33.7483,imu,
1786777083.903367,0.1011,25.820762634277344,25.27525520324707,0.1498,-0.0093,-1.2929,0.9994,-0.6620,33.7641,imu,
1786777084.037260,0.1339,25.711660385131836,25.01202392578125,0.1487,-0.0119,-1.2772,0.9871,-0.6621,33.7721,imu,
1786777084.139584,0.1023,25.85430908203125,25.31938934326172,0.1500,-0.0091,-1.2651,0.9777,-0.6612,33.7205,imu,
1786777084.241602,0.1020,25.63892936706543,25.09341812133789,0.1488,-0.0093,-1.2531,0.9684,-0.6614,33.7345,imu,
1786777084.312714,0.0711,25.71166229248047,25.16069793701172,0.1492,-0.0094,-1.2448,0.9619,-0.6603,33.6696,imu,
1786777084.413380,0.1007,25.89531707763672,25.16069793701172,0.1497,-0.0125,-1.2329,0.9526,-0.6608,33.6989,imu,
1786777084.514633,0.1013,25.528005599975586,24.97704315185547,0.1481,-0.0094,-1.2210,0.9434,-0.6608,33.6991,imu,
1786777084.611693,0.0971,25.344350814819336,22.22222137451172,0.1395,-0.0531,-1.2104,0.9351,-0.6613,33.7266,imu,
1786777084.713100,0.1014,24.911582946777344,20.729347229003906,0.1338,-0.0711,-1.1997,0.9268,-0.6624,33.7918,imu,
1786777084.821788,0.1087,24.77606201171875,20.617841720581055,0.1331,-0.0707,-1.1883,0.9178,-0.6668,34.0409,imu,
1786777084.920417,0.0986,24.48729705810547,20.7061710357666,0.1325,-0.0643,-1.1780,0.9097,-0.6699,34.2171,imu,
1786777085.022264,0.1018,24.729745864868164,21.45669174194336,0.1354,-0.0556,-1.1672,0.9011,-0.6724,34.3644,imu,
1786777085.128684,0.1064,25.31938934326172,23.001419067382812,0.1417,-0.0394,-1.1555,0.8917,-0.6736,34.4292,imu,
1786777085.227608,0.0989,25.344350814819336,24.24242401123047,0.1454,-0.0187,-1.1442,0.8827,-0.6745,34.4812,imu,
1786777085.329279,0.1017,25.71166229248047,25.16069793701172,0.1492,-0.0094,-1.1324,0.8733,-0.6734,34.4219,imu,
1786777085.427858,0.0986,25.38756561279297,24.847402572631836,0.1473,-0.0092,-1.1210,0.8642,-0.6747,34.4945,imu,
1786777085.532557,0.1047,25.85430908203125,25.31938934326172,0.1500,-0.0091,-1.1088,0.8544,-0.6748,34.5022,imu,
1786777085.632577,0.1000,25.71166229248047,24.97704315185547,0.1486,-0.0125,-1.0972,0.8451,-0.6746,34.4863,imu,
1786777085.729539,0.0970,25.71166229248047,25.16069793701172,0.1492,-0.0094,-1.0859,0.8361,-0.6742,34.4652,imu,
1786777085.832003,0.1025,25.567617416381836,25.02745819091797,0.1484,-0.0092,-1.0740,0.8266,-0.6742,34.4654,imu,
1786777085.934111,0.1021,25.497695922851562,24.784473419189453,0.1474,-0.0121,-1.0622,0.8172,-0.6736,34.4300,imu,
1786777086.042291,0.1082,25.782297134399414,25.0759334564209,0.1491,-0.0120,-1.0496,0.8071,-0.6740,34.4514,imu,
1786777086.138366,0.0961,25.71166229248047,25.16069793701172,0.1492,-0.0094,-1.0384,0.7982,-0.6747,34.4960,imu,
1786777086.241096,0.1027,25.74767303466797,25.02745819091797,0.1489,-0.0122,-1.0265,0.7886,-0.6735,34.4244,imu,
1786777086.345273,0.1042,25.782297134399414,25.0759334564209,0.1491,-0.0120,-1.0143,0.7790,-0.6727,34.3786,imu,
1786777086.446640,0.1014,25.74767303466797,25.02745819091797,0.1489,-0.0122,-1.0025,0.7695,-0.6724,34.3648,imu,
1786777086.554332,0.1077,25.886571884155273,25.01202392578125,0.1492,-0.0149,-0.9899,0.7595,-0.6731,34.4008,imu,
1786777086.652762,0.0984,25.567617416381836,24.847402572631836,0.1478,-0.0122,-0.9786,0.7504,-0.6742,34.4664,imu,
1786777086.754005,0.1012,25.89531707763672,25.16069793701172,0.1497,-0.0125,-0.9667,0.7410,-0.6740,34.4525,imu,
1786777086.857428,0.1034,25.782297134399414,24.899343490600586,0.1486,-0.0150,-0.9547,0.7314,-0.6727,34.3792,imu,
1786777086.957643,0.1002,25.71166229248047,24.97704315185547,0.1486,-0.0125,-0.9431,0.7221,-0.6721,34.3431,imu,
1786777087.060669,0.1030,25.344350814819336,22.95684051513672,0.1416,-0.0406,-0.9317,0.7130,-0.6741,34.4607,imu,
1786777087.162220,0.1016,25.45709228515625,21.820363998413086,0.1386,-0.0618,-0.9207,0.7042,-0.6754,34.5336,imu,
1786777087.264697,0.1025,24.784473419189453,20.68344497680664,0.1333,-0.0697,-0.9100,0.6957,-0.6759,34.5612,imu,
1786777087.370043,0.1053,24.899343490600586,20.661157608032227,0.1336,-0.0720,-0.8991,0.6868,-0.6799,34.7895,imu,
1786777087.469196,0.0992,24.66735076904297,20.3460636138916,0.1320,-0.0735,-0.8889,0.6786,-0.6825,34.9429,imu,
1786777087.571828,0.1026,24.609731674194336,20.9366397857666,0.1335,-0.0624,-0.8783,0.6699,-0.6843,35.0467,imu,
1786777087.675159,0.1033,25.642358779907227,24.949321746826172,0.1483,-0.0118,-0.8664,0.6602,-0.6847,35.0683,imu,
1786777087.776969,0.1018,25.63892936706543,24.729745864868164,0.1477,-0.0155,-0.8548,0.6507,-0.6855,35.1121,imu,
1786777087.878872,0.1019,25.820762634277344,25.09341812133789,0.1493,-0.0124,-0.8430,0.6411,-0.6860,35.1415,imu,
1786777087.981962,0.1031,25.45709228515625,24.729745864868164,0.1472,-0.0124,-0.8313,0.6315,-0.6857,35.1249,imu,
1786777088.083978,0.1020,25.820762634277344,25.27525520324707,0.1498,-0.0093,-0.8194,0.6218,-0.6860,35.1395,imu,
1786777088.186416,0.1024,25.497695922851562,24.784473419189453,0.1474,-0.0121,-0.8077,0.6122,-0.6856,35.1172,imu,
1786777088.287052,0.1006,25.497695922851562,24.962779998779297,0.1480,-0.0091,-0.7962,0.6028,-0.6850,35.0814,imu,
1786777088.390932,0.1039,25.02745819091797,24.30724334716797,0.1447,-0.0122,-0.7846,0.5933,-0.6857,35.1257,imu,
1786777088.494552,0.1036,24.911582946777344,24.18423843383789,0.1440,-0.0124,-0.7730,0.5839,-0.6837,35.0083,imu,
1786777088.596371,0.1018,24.716150283813477,24.029590606689453,0.1429,-0.0117,-0.7617,0.5747,-0.6846,35.0596,imu,
1786777088.698005,0.1016,24.48729705810547,23.94713592529297,0.1420,-0.0092,-0.7506,0.5655,-0.6854,35.1045,imu,
1786777088.800804,0.1028,24.05876922607422,21.48760223388672,0.1335,-0.0437,-0.7400,0.5568,-0.6860,35.1422,imu,
1786777088.903804,0.1030,23.456892013549805,19.274654388427734,0.1253,-0.0711,-0.7300,0.5486,-0.6878,35.2436,imu,
1786777089.006629,0.1028,23.179723739624023,19.078697204589844,0.1239,-0.0697,-0.7202,0.5405,-0.6909,35.4211,imu,
1786777089.106818,0.1002,23.04686737060547,20.16600799560547,0.1267,-0.0490,-0.7104,0.5324,-0.6921,35.4934,imu,
1786777089.210358,0.1035,23.001419067382812,21.040058135986328,0.1291,-0.0333,-0.7001,0.5239,-0.6928,35.5311,imu,
1786777089.312476,0.1021,22.95684051513672,22.58953094482422,0.1335,-0.0062,-0.6896,0.5151,-0.6941,35.6048,imu,
1786777089.414133,0.1017,23.04686737060547,22.50670623779297,0.1336,-0.0092,-0.6792,0.5065,-0.6938,35.5895,imu,
1786777089.516366,0.1022,22.52369499206543,22.003915786743164,0.1306,-0.0088,-0.6689,0.4979,-0.6929,35.5395,imu,
1786777089.620257,0.1039,22.72954559326172,22.002201080322266,0.1312,-0.0124,-0.6584,0.4892,-0.6924,35.5090,imu,
1786777089.722445,0.1022,22.50670623779297,21.78649139404297,0.1299,-0.0122,-0.6482,0.4808,-0.6931,35.5456,imu,
1786777089.824955,0.1025,22.10988998413086,21.574974060058594,0.1281,-0.0091,-0.6381,0.4724,-0.6918,35.4717,imu,
1786777089.927741,0.1028,21.931583404541016,19.435306549072266,0.1213,-0.0424,-0.6285,0.4644,-0.6932,35.5528,imu,
1786777090.029282,0.1015,21.2463321685791,18.1854190826416,0.1156,-0.0520,-0.6195,0.4569,-0.6948,35.6471,imu,
1786777090.132412,0.1031,21.093017578125,17.274456024169922,0.1125,-0.0649,-0.6106,0.4494,-0.6977,35.8107,imu,
1786777090.234633,0.1022,20.547510147094727,17.092618942260742,0.1104,-0.0587,-0.6020,0.4422,-0.6993,35.9051,imu,
1786777090.335970,0.1013,20.444583892822266,18.3654727935791,0.1138,-0.0353,-0.5931,0.4348,-0.7000,35.9429,imu,
1786777090.439206,0.1032,20.729347229003906,19.274654388427734,0.1173,-0.0247,-0.5839,0.4269,-0.7012,36.0150,imu,
1786777090.540349,0.1011,20.7061710357666,20.3460636138916,0.1204,-0.0061,-0.5746,0.4191,-0.7009,35.9930,imu,
1786777090.660487,0.1201,20.131383895874023,19.601612091064453,0.1165,-0.0090,-0.5639,0.4101,-0.7008,35.9870,imu,
1786777090.746422,0.0859,20.3460636138916,19.0856876373291,0.1156,-0.0214,-0.5563,0.4037,-0.7018,36.0444,imu,
1786777090.848930,0.1025,19.97022247314453,17.830556869506836,0.1108,-0.0364,-0.5476,0.3963,-0.7035,36.1459,imu,
1786777090.951384,0.1025,19.82016372680664,15.819764137268066,0.1045,-0.0680,-0.5395,0.3893,-0.7077,36.3825,imu,
1786777091.054125,0.1027,19.57828712463379,15.766585350036621,0.1036,-0.0648,-0.5314,0.3824,-0.7110,36.5730,imu,
1786777091.155383,0.1013,19.63832664489746,16.18343734741211,0.1050,-0.0587,-0.5234,0.3754,-0.7129,36.6838,imu,
1786777091.257853,0.1025,19.0856876373291,18.9056339263916,0.1114,-0.0031,-0.5148,0.3680,-0.7129,36.6834,imu,
1786777091.360639,0.1028,19.10009002685547,18.54912757873535,0.1104,-0.0094,-0.5062,0.3606,-0.7125,36.6620,imu,
1786777091.463169,0.1025,18.722084045410156,18.543777465820312,0.1093,-0.0030,-0.4977,0.3532,-0.7127,36.6697,imu,
1786777091.565868,0.1027,18.54730987548828,18.001800537109375,0.1072,-0.0093,-0.4894,0.3460,-0.7132,36.7004,imu,
1786777091.667713,0.1018,18.18181800842285,17.9981632232666,0.1061,-0.0031,-0.4812,0.3390,-0.7140,36.7439,imu,
1786777091.769393,0.1017,18.365474700927734,17.830556869506836,0.1061,-0.0091,-0.4730,0.3319,-0.7141,36.7505,imu,
1786777091.873013,0.1036,18.18181800842285,17.81450843811035,0.1055,-0.0062,-0.4648,0.3247,-0.7141,36.7528,imu,
1786777091.975298,0.1023,17.81450843811035,17.6308536529541,0.1039,-0.0031,-0.4567,0.3178,-0.7128,36.6785,imu,
1786777092.083983,0.1087,18.1854190826416,17.6452579498291,0.1051,-0.0092,-0.4481,0.3103,-0.7132,36.7006,imu,
1786777092.180217,0.0962,18.012290954589844,15.716607093811035,0.0989,-0.0390,-0.4409,0.3041,-0.7146,36.7806,imu,
1786777092.281548,0.1013,18.3654727935791,15.610651969909668,0.0996,-0.0468,-0.4333,0.2974,-0.7168,36.9076,imu,
1786777092.383907,0.1024,18.0053653717041,14.224238395690918,0.0945,-0.0643,-0.4260,0.2911,-0.7194,37.0540,imu,
1786777092.485972,0.1021,18.1854190826416,14.224238395690918,0.0950,-0.0673,-0.4188,0.2846,-0.7226,37.2382,imu,
1786777092.588453,0.1025,18.008861541748047,14.442750930786133,0.0952,-0.0606,-0.4115,0.2782,-0.7250,37.3786,imu,
1786777092.691011,0.1026,18.183637619018555,14.910582542419434,0.0970,-0.0556,-0.4040,0.2716,-0.7267,37.4760,imu,
1786777092.795618,0.1046,17.44719886779785,17.44719886779785,0.1023,0.0000,-0.3960,0.2645,-0.7254,37.4009,imu,
1786777092.896659,0.1010,17.81450843811035,17.2635440826416,0.1029,-0.0094,-0.3882,0.2576,-0.7266,37.4680,imu,
1786777092.999390,0.1027,17.652252197265625,17.117334365844727,0.1019,-0.0091,-0.3804,0.2506,-0.7262,37.4452,imu,
1786777093.101613,0.1022,17.81450843811035,17.07988929748535,0.1023,-0.0125,-0.3726,0.2437,-0.7271,37.4980,imu,
1786777093.204359,0.1027,17.6452579498291,17.1050968170166,0.1019,-0.0092,-0.3648,0.2367,-0.7255,37.4069,imu,
1786777093.305811,0.1015,17.6308536529541,17.07988929748535,0.1018,-0.0094,-0.3570,0.2299,-0.7249,37.3710,imu,
1786777093.407456,0.1016,17.49092674255371,16.966197967529297,0.1010,-0.0089,-0.3494,0.2230,-0.7264,37.4535,imu,
1786777093.511166,0.1037,17.6308536529541,15.426996231079102,0.0969,-0.0375,-0.3418,0.2164,-0.7270,37.4892,imu,
1786777093.611040,0.0999,17.81450843811035,15.059687614440918,0.0964,-0.0468,-0.3347,0.2100,-0.7274,37.5116,imu,
1786777093.683878,0.0728,17.6308536529541,13.406794548034668,0.0910,-0.0718,-0.3297,0.2055,-0.7303,37.6809,imu,
1786777093.786496,0.1026,17.8253116607666,13.864130973815918,0.0929,-0.0673,-0.3226,0.1992,-0.7319,37.7704,imu,
1786777093.888683,0.1022,17.6452579498291,13.504023551940918,0.0913,-0.0704,-0.3157,0.1929,-0.7339,37.8875,imu,
1786777093.989334,0.1007,17.81450843811035,13.590450286865234,0.0921,-0.0718,-0.3088,0.1867,-0.7360,38.0069,imu,
1786777094.090549,0.1012,17.63812828063965,13.637727737426758,0.0917,-0.0680,-0.3020,0.1804,-0.7399,38.2277,imu,
1786777094.192782,0.1022,17.47394561767578,13.551223754882812,0.0910,-0.0667,-0.2951,0.1741,-0.7419,38.3472,imu,
1786777094.294010,0.1012,17.6308536529541,13.590450286865234,0.0915,-0.0687,-0.2883,0.1679,-0.7449,38.5176,imu,
1786777094.396082,0.1021,17.47394561767578,13.194612503051758,0.0899,-0.0727,-0.2816,0.1616,-0.7471,38.6431,imu,
1786777094.497941,0.1019,17.4652042388916,13.864130973815918,0.0919,-0.0612,-0.2747,0.1553,-0.7477,38.6793,imu,
1786777094.597331,0.0994,17.44719886779785,14.876032829284668,0.0948,-0.0437,-0.2678,0.1488,-0.7499,38.8053,imu,
1786777094.700810,0.1035,17.07988929748535,15.977961540222168,0.0969,-0.0187,-0.2605,0.1420,-0.7506,38.8414,imu,
1786777094.798805,0.0980,17.092618942260742,16.547109603881836,0.0986,-0.0093,-0.2534,0.1354,-0.7508,38.8559,imu,
1786777094.905421,0.1066,17.33563232421875,13.044634819030762,0.0891,-0.0729,-0.2465,0.1289,-0.7538,39.0267,imu,
1786777095.006592,0.1012,17.274456024169922,12.910381317138672,0.0885,-0.0742,-0.2400,0.1228,-0.7577,39.2509,imu,
1786777095.106311,0.0997,17.07988929748535,13.039484977722168,0.0883,-0.0687,-0.2336,0.1167,-0.7618,39.4874,imu,
1786777095.206476,0.1002,17.07988929748535,13.406794548034668,0.0894,-0.0624,-0.2272,0.1105,-0.7665,39.7556,imu,
1786777095.310107,0.1036,16.9250431060791,13.143916130065918,0.0882,-0.0643,-0.2206,0.1041,-0.7703,39.9722,imu,
1786777095.413023,0.1029,16.952743530273438,14.480469703674316,0.0922,-0.0420,-0.2138,0.0975,-0.7725,40.0994,imu,
1786777095.515191,0.1022,16.5649356842041,16.2048282623291,0.0961,-0.0061,-0.2068,0.0906,-0.7712,40.0238,imu,
1786777095.618275,0.1031,16.910781860351562,16.00160026550293,0.0965,-0.0155,-0.1996,0.0837,-0.7710,40.0093,imu,
1786777095.715647,0.0974,16.71257972717285,15.059687614440918,0.0932,-0.0281,-0.1931,0.0774,-0.7715,40.0396,imu,
1786777095.818432,0.1028,17.274456024169922,14.183237075805664,0.0922,-0.0525,-0.1864,0.0708,-0.7740,40.1812,imu,
1786777095.921225,0.1028,16.966197967529297,12.943285942077637,0.0877,-0.0684,-0.1799,0.0644,-0.7780,40.4114,imu,
1786777096.023537,0.1023,17.1050968170166,12.783808708190918,0.0876,-0.0735,-0.1736,0.0581,-0.7794,40.4935,imu,
1786777096.124877,0.1013,17.1050968170166,12.603755950927734,0.0871,-0.0765,-0.1673,0.0519,-0.7823,40.6578,imu,
1786777096.225861,0.1010,16.8962345123291,12.488521575927734,0.0862,-0.0749,-0.1611,0.0458,-0.7848,40.7998,imu,
1786777096.325829,0.1000,14.325068473815918,-12.672175407409668,0.0048,-0.4589,-0.1608,0.0454,-0.7891,41.0465,imu,
1786777096.428373,0.1025,11.570247650146484,-38.01652908325195,-0.0775,-0.8429,-0.1662,0.0513,-0.8304,43.4163,imu,
1786777096.532853,0.1045,12.943285942077637,-36.556034088134766,-0.0692,-0.8414,-0.1708,0.0568,-0.8746,45.9498,imu,
1786777096.633529,0.1007,14.141413688659668,-37.0982551574707,-0.0673,-0.8710,-0.1749,0.0622,-0.9197,48.5323,imu,
1786777096.735594,0.1021,14.764400482177734,-34.7503547668457,-0.0586,-0.8417,-0.1783,0.0672,-0.9704,51.4392,imu,
1786777096.839877,0.1043,17.819963455200195,-2.1820363998413086,0.0459,-0.3400,-0.1757,0.0631,-1.0082,53.6016,imu,
1786777096.941581,0.1017,17.45629119873047,-0.0,0.0512,-0.2967,-0.1730,0.0587,-1.0158,54.0394,imu,
1786777097.045318,0.1037,17.07988929748535,1.8365472555160522,0.0555,-0.2591,-0.1700,0.0538,-1.0294,54.8180,imu,
1786777097.147254,0.1019,16.134153366088867,25.059429168701172,0.1208,0.1517,-0.1638,0.0432,-1.0373,55.2689,imu,
1786777097.248214,0.1010,16.7449893951416,26.82799530029297,0.1278,0.1714,-0.1571,0.0321,-1.0271,54.6865,imu,
1786777097.351162,0.1029,12.855831146240234,20.75298309326172,0.0985,0.1342,-0.1518,0.0235,-1.0239,54.5035,imu,
1786777097.453639,0.1025,0.18183636665344238,0.36367273330688477,0.0016,0.0031,-0.1517,0.0233,-1.0236,54.4243,enc,
1786777097.555332,0.1017,18.3654727935791,-18.18181800842285,0.0005,-0.6212,-0.1517,0.0233,-1.0380,55.2282,imu,
1786777097.657634,0.1023,25.122581481933594,-24.42954444885254,0.0020,-0.8423,-0.1516,0.0231,-1.0727,57.2192,imu,
1786777097.760117,0.1025,24.729745864868164,-24.18423843383789,0.0016,-0.8314,-0.1515,0.0229,-1.1115,59.4391,imu,
1786777097.862247,0.1021,26.002599716186523,-24.911582946777344,0.0032,-0.8654,-0.1514,0.0226,-1.1613,62.2948,imu,
1786777097.967127,0.1049,26.997243881225586,-25.89531707763672,0.0032,-0.8991,-0.1513,0.0223,-1.2084,64.9945,imu,
1786777098.067374,0.1002,27.639127731323242,-26.366273880004883,0.0037,-0.9180,-0.1512,0.0220,-1.2600,67.9475,imu,
1786777098.172510,0.1051,28.160390853881836,-27.460752487182617,0.0021,-0.9454,-0.1511,0.0218,-1.3092,70.7713,imu,
1786777098.271825,0.0993,28.366474151611328,-27.639127731323242,0.0021,-0.9520,-0.1511,0.0215,-1.3535,73.3056,imu,
1786777098.374421,0.1026,27.815670013427734,-26.92414093017578,0.0026,-0.9305,-0.1510,0.0213,-1.4036,76.1753,imu,
1786777098.479198,0.1048,28.282827377319336,-26.62993621826172,0.0048,-0.9334,-0.1510,0.0208,-1.4637,79.6202,imu,
1786777098.579170,0.1000,27.632455825805664,-25.947547912597656,0.0049,-0.9108,-0.1509,0.0203,-1.5236,83.0516,imu,
1786777098.682502,0.1033,27.82096290588379,-26.184436798095703,0.0048,-0.9180,-0.1509,0.0198,-1.5831,86.4605,imu,
1786777098.796872,0.1144,27.82096290588379,-26.184436798095703,0.0048,-0.9180,-0.1510,0.0192,-1.6495,90.2651,imu,
1786777098.886613,0.0897,27.275455474853516,-25.820762634277344,0.0043,-0.9025,-0.1510,0.0189,-1.6938,92.8023,imu,
1786777098.989815,0.1032,27.11093521118164,-25.886571884155273,0.0036,-0.9009,-0.1511,0.0185,-1.7469,95.8478,imu,
1786777099.095606,0.1058,27.09362030029297,-25.820762634277344,0.0037,-0.8994,-0.1512,0.0181,-1.7990,98.8346,imu,
1786777099.193680,0.0981,26.91178321838379,-25.820762634277344,0.0032,-0.8963,-0.1513,0.0178,-1.8534,101.9488,imu,
1786777099.297000,0.1033,27.09362030029297,-26.002599716186523,0.0032,-0.9025,-0.1514,0.0175,-1.9080,105.0785,imu,
1786777099.399290,0.1023,26.62993621826172,-25.528005599975586,0.0032,-0.8866,-0.1515,0.0172,-1.9651,108.3501,imu,
1786777099.501339,0.1020,26.745834350585938,-25.676002502441406,0.0031,-0.8911,-0.1517,0.0169,-2.0197,111.4804,imu,
1786777099.602425,0.1011,26.488662719726562,-25.42911720275879,0.0031,-0.8825,-0.1518,0.0166,-2.0726,114.5090,imu,
1786777099.715212,0.1128,26.44628143310547,-24.97704315185547,0.0043,-0.8741,-0.1521,0.0162,-2.1280,117.6845,imu,
1786777099.811262,0.0961,26.184436798095703,-25.45709228515625,0.0021,-0.8778,-0.1522,0.0160,-2.1820,120.7795,imu,
1786777099.910415,0.0992,26.262624740600586,-25.16069793701172,0.0032,-0.8741,-0.1524,0.0158,-2.2340,123.7537,imu,
1786777100.015690,0.1053,25.89531707763672,-25.344350814819336,0.0016,-0.8710,-0.1525,0.0157,-2.2845,126.6481,imu,
1786777100.115222,0.0995,25.344350814819336,-25.344350814819336,0.0000,-0.8616,-0.1525,0.0157,-2.3314,129.3384,imu,
1786777100.217597,0.1024,25.45709228515625,-24.729745864868164,0.0021,-0.8531,-0.1526,0.0155,-2.3784,132.0308,imu,
1786777100.319934,0.1023,25.45709228515625,-23.456892013549805,0.0059,-0.8314,-0.1531,0.0151,-2.4413,135.6349,imu,
1786777100.422986,0.1031,25.642358779907227,-23.909765243530273,0.0051,-0.8423,-0.1535,0.0148,-2.5084,139.4788,imu,
1786777100.524756,0.1018,25.344350814819336,-24.42607879638672,0.0027,-0.8460,-0.1538,0.0147,-2.5620,142.5468,imu,
1786777100.626269,0.1015,25.74767303466797,-24.48729705810547,0.0037,-0.8539,-0.1541,0.0145,-2.6121,145.4216,imu,
1786777100.729205,0.1029,24.949321746826172,-23.909765243530273,0.0030,-0.8305,-0.1544,0.0143,-2.6617,148.2619,imu,
1786777100.831878,0.1027,25.09341812133789,-24.366071701049805,0.0021,-0.8407,-0.1546,0.0142,-2.7080,150.9130,imu,
1786777100.934467,0.1026,24.609731674194336,-23.87511444091797,0.0022,-0.8241,-0.1548,0.0142,-2.7534,153.5179,imu,
1786777101.036245,0.1018,24.42607879638672,-23.32415008544922,0.0032,-0.8117,-0.1551,0.0141,-2.7997,156.1663,imu,
1786777101.138443,0.1022,24.00240135192871,-22.54770851135254,0.0043,-0.7913,-0.1555,0.0139,-2.8463,158.8369,imu,
1786777101.209845,0.0714,23.638729095458984,-21.820363998413086,0.0053,-0.7727,-0.1559,0.0138,-2.8952,161.6387,imu,
1786777101.342871,0.1330,23.43783950805664,-21.513837814331055,0.0056,-0.7641,-0.1566,0.0137,-2.9582,165.2517,imu,
1786777101.444692,0.1018,22.6867618560791,-21.42638397216797,0.0037,-0.7498,-0.1570,0.0136,-3.0106,168.2511,imu,
1786777101.547156,0.1025,22.002201080322266,-20.547510147094727,0.0043,-0.7233,-0.1574,0.0136,-3.0626,171.2290,imu,
1786777101.618947,0.0718,21.820363998413086,-20.365673065185547,0.0043,-0.7171,-0.1577,0.0136,-3.1138,174.1659,imu,
1786777101.719966,0.1010,20.75298309326172,-19.28374481201172,0.0043,-0.6805,-0.1581,0.0136,3.1239,176.7701,imu,
1786777101.819985,0.1000,18.183637619018555,-17.274456024169922,0.0027,-0.6027,-0.1584,0.0136,3.0833,179.1000,imu,
1786777101.957910,0.1379,0.5297732353210449,-0.7063643336296082,-0.0005,-0.0210,-0.1583,0.0136,3.0767,179.4781,imu,
1786777102.025625,0.0677,-0.0,-0.0,-0.0000,0.0000,-0.1583,0.0136,3.0767,179.5270,enc,
1786777102.125494,0.0999,-0.0,-0.0,-0.0000,0.0000,-0.1583,0.0136,3.0767,179.4987,enc,
1786777102.227684,0.1022,-0.0,-0.0,-0.0000,0.0000,-0.1583,0.0136,3.0767,179.4915,enc,
1786777102.327781,0.1001,-0.0,-0.0,-0.0000,0.0000,-0.1583,0.0136,3.0767,179.5054,enc,
1786777102.433929,0.1061,-0.0,-0.0,-0.0000,0.0000,-0.1583,0.0136,3.0767,179.5052,enc,
1786777102.538707,0.1048,-0.0,-0.0,-0.0000,0.0000,-0.1583,0.0136,3.0767,179.5049,enc,
1786777102.639120,0.1004,-0.0,-0.0,-0.0000,0.0000,-0.1583,0.0136,3.0767,179.5046,enc,
1786777102.775239,0.1361,-0.0,-0.0,-0.0000,0.0000,-0.1583,0.0136,3.0767,179.5042,enc,
1786777102.844925,0.0697,-0.0,-0.0,-0.0000,0.0000,-0.1583,0.0136,3.0767,179.5039,enc,
1786777102.947307,0.1024,-0.0,-0.0,-0.0000,0.0000,-0.1583,0.0136,3.0767,179.5036,enc,
1786777103.049605,0.1023,-0.0,-0.0,-0.0000,0.0000,-0.1583,0.0136,3.0767,179.5103,enc,
1786777103.151178,0.1016,-0.0,-0.0,-0.0000,0.0000,-0.1583,0.0136,3.0767,179.5100,enc,
1786777103.253294,0.1021,-0.0,-0.0,-0.0000,0.0000,-0.1583,0.0136,3.0767,179.5096,enc,
1786777103.356559,0.1033,-0.0,-0.0,-0.0000,0.0000,-0.1583,0.0136,3.0767,179.5094,enc,
1786777103.460918,0.1044,-0.0,-0.0,-0.0000,0.0000,-0.1583,0.0136,3.0767,179.5091,enc,
1786777103.562499,0.1016,-0.0,-0.0,-0.0000,0.0000,-0.1583,0.0136,3.0767,179.5087,enc,
1786777103.665524,0.1030,-0.0,-0.0,-0.0000,0.0000,-0.1583,0.0136,3.0767,179.5084,enc,
1786777103.767181,0.1017,-0.0,-0.0,-0.0000,0.0000,-0.1583,0.0136,3.0767,179.5081,enc,
1786777103.870921,0.1037,-0.0,-0.0,-0.0000,0.0000,-0.1583,0.0136,3.0767,179.5078,enc,
1786777103.974586,0.1037,-0.0,-0.0,-0.0000,0.0000,-0.1583,0.0136,3.0767,179.5076,enc,
1786777104.075631,0.1010,-0.0,-0.0,-0.0000,0.0000,-0.1583,0.0136,3.0767,179.5074,enc,
1786777104.175687,0.1001,-0.0,-0.0,-0.0000,0.0000,-0.1583,0.0136,3.0767,179.5071,enc,
1786777104.275720,0.1000,-0.0,-0.0,-0.0000,0.0000,-0.1583,0.0136,3.0767,179.5069,enc,
1786777104.384290,0.1086,-0.0,-0.0,-0.0000,0.0000,-0.1583,0.0136,3.0767,179.5068,enc,
1786777104.483218,0.0989,-0.0,-0.0,-0.0000,0.0000,-0.1583,0.0136,3.0767,179.5065,enc,
1786777104.588330,0.1051,-0.0,-0.0,-0.0000,0.0000,-0.1583,0.0136,3.0767,179.5064,enc,
1786777104.689269,0.1009,-0.0,-0.0,-0.0000,0.0000,-0.1583,0.0136,3.0767,179.5062,enc,
1786777104.791617,0.1023,-0.0,-0.0,-0.0000,0.0000,-0.1583,0.0136,3.0767,179.5059,enc,
1786777104.893689,0.1021,-0.0,-0.0,-0.0000,0.0000,-0.1583,0.0136,3.0767,179.5058,enc,
1786777104.994685,0.1010,-0.0,-0.0,-0.0000,0.0000,-0.1583,0.0136,3.0767,179.5057,enc,
1786777105.100519,0.1058,-0.0,-0.0,-0.0000,0.0000,-0.1583,0.0136,3.0767,179.5055,enc,
1786777105.201999,0.1015,-0.0,-0.0,-0.0000,0.0000,-0.1583,0.0136,3.0767,179.5054,enc,
1786777105.302451,0.1005,-0.0,-0.0,-0.0000,0.0000,-0.1583,0.0136,3.0767,179.5052,enc,
1786777105.408996,0.1065,-0.0,-0.0,-0.0000,0.0000,-0.1583,0.0136,3.0767,179.5051,enc,
1786777105.508487,0.0995,-0.0,-0.0,-0.0000,0.0000,-0.1583,0.0136,3.0767,179.5049,enc,
1786777105.609385,0.1009,-0.0,-0.0,-0.0000,0.0000,-0.1583,0.0136,3.0767,179.5047,enc,
1786777105.713338,0.1040,-0.0,-0.0,-0.0000,0.0000,-0.1583,0.0136,3.0767,179.5116,enc,
1786777105.813870,0.1005,-0.0,-0.0,-0.0000,0.0000,-0.1583,0.0136,3.0767,179.5116,enc,
1786777105.918959,0.1051,-0.0,-0.0,-0.0000,0.0000,-0.1583,0.0136,3.0767,179.5115,enc,
1786777106.019791,0.1008,-0.0,-0.0,-0.0000,0.0000,-0.1583,0.0136,3.0767,179.5042,enc,
1786777106.122727,0.1029,-0.0,-0.0,-0.0000,0.0000,-0.1583,0.0136,3.0767,179.4972,enc,
1786777106.224972,0.1022,-0.0,-0.0,-0.0000,0.0000,-0.1583,0.0136,3.0767,179.4972,enc,
1786777106.327908,0.1029,-0.0,-0.0,-0.0000,0.0000,-0.1583,0.0136,3.0767,179.5041,enc,
1786777106.432288,0.1044,-0.0,-0.0,-0.0000,0.0000,-0.1583,0.0136,3.0767,179.5039,enc,
1786777106.565759,0.1335,-0.0,-0.0,-0.0000,0.0000,-0.1583,0.0136,3.0767,179.5038,enc,
1786777106.666250,0.1005,-0.0,-0.0,-0.0000,0.0000,-0.1583,0.0136,3.0767,179.4968,enc,
1786777106.770619,0.1044,-0.0,-0.0,-0.0000,0.0000,-0.1583,0.0136,3.0767,179.4897,enc,
1786777106.843367,0.0727,-0.0,-0.0,-0.0000,0.0000,-0.1583,0.0136,3.0767,179.4896,enc,
1786777106.943365,0.1000,-0.0,-0.0,-0.0000,0.0000,-0.1583,0.0136,3.0767,179.4895,enc,
1786777107.046534,0.1032,-0.0,-0.0,-0.0000,0.0000,-0.1583,0.0136,3.0767,179.4893,enc,
1786777107.147201,0.1007,-0.0,-0.0,-0.0000,0.0000,-0.1583,0.0136,3.0767,179.4893,enc,
1786777107.251697,0.1045,-0.0,-0.0,-0.0000,0.0000,-0.1583,0.0136,3.0767,179.4892,enc,
1786777107.351959,0.1003,-0.0,-0.0,-0.0000,0.0000,-0.1583,0.0136,3.0767,179.4891,enc,
1786777107.453024,0.1011,-0.0,-0.0,-0.0000,0.0000,-0.1583,0.0136,3.0767,179.4891,enc,
1786777107.557256,0.1042,-0.0,-0.0,-0.0000,0.0000,-0.1583,0.0136,3.0767,179.4890,enc,
1786777107.659136,0.1019,-0.0,-0.0,-0.0000,0.0000,-0.1583,0.0136,3.0767,179.4890,enc,
1786777107.762222,0.1031,-0.0,-0.0,-0.0000,0.0000,-0.1583,0.0136,3.0767,179.4888,enc,
1786777107.895529,0.1333,-0.0,-0.0,-0.0000,0.0000,-0.1583,0.0136,3.0767,179.4888,enc,
1786777107.963754,0.0682,-0.0,-0.0,-0.0000,0.0000,-0.1583,0.0136,3.0767,179.4888,enc,
1786777108.065527,0.1018,-0.0,-0.0,-0.0000,0.0000,-0.1583,0.0136,3.0767,179.4887,enc,
1786777108.168853,0.1033,-0.0,-0.0,-0.0000,0.0000,-0.1583,0.0136,3.0767,179.4886,enc,
1786777108.271014,0.1022,-0.0,-0.0,-0.0000,0.0000,-0.1583,0.0136,3.0767,179.4885,enc,
1786777108.371506,0.1005,-0.0,-0.0,-0.0000,0.0000,-0.1583,0.0136,3.0767,179.4884,enc,
1786777108.473433,0.1019,-0.0,-0.0,-0.0000,0.0000,-0.1583,0.0136,3.0767,179.4884,enc,
1786777108.578654,0.1052,-0.0,-0.0,-0.0000,0.0000,-0.1583,0.0136,3.0767,179.4883,enc,
1786777108.678006,0.0994,-0.0,-0.0,-0.0000,0.0000,-0.1583,0.0136,3.0767,179.4883,enc,
1786777108.779032,0.1010,-0.0,-0.0,-0.0000,0.0000,-0.1583,0.0136,3.0767,179.4883,enc,
1786777108.884295,0.1053,-0.0,-0.0,-0.0000,0.0000,-0.1583,0.0136,3.0767,179.4883,enc,
1786777108.984904,0.1006,-0.0,-0.0,-0.0000,0.0000,-0.1583,0.0136,3.0767,179.4881,enc,
1786777109.085886,0.1010,-0.0,-0.0,-0.0000,0.0000,-0.1583,0.0136,3.0767,179.4881,enc,
1786777109.187742,0.1019,-0.0,-0.0,-0.0000,0.0000,-0.1583,0.0136,3.0767,179.4881,enc,
1786777109.290759,0.1030,-0.0,-0.0,-0.0000,0.0000,-0.1583,0.0136,3.0767,179.4881,enc,
1786777109.395715,0.1050,-0.0,-0.0,-0.0000,0.0000,-0.1583,0.0136,3.0767,179.4880,enc,
1786777109.497603,0.1019,-0.0,-0.0,-0.0000,0.0000,-0.1583,0.0136,3.0767,179.4880,enc,
1786777109.599671,0.1021,-0.0,-0.0,-0.0000,0.0000,-0.1583,0.0136,3.0767,179.4880,enc,
1786777109.700266,0.1006,-0.0,-0.0,-0.0000,0.0000,-0.1583,0.0136,3.0767,179.4880,enc,
1786777109.807232,0.1070,-0.0,-0.0,-0.0000,0.0000,-0.1583,0.0136,3.0767,179.4880,enc,
1786777109.913399,0.1062,-0.0,-0.0,-0.0000,0.0000,-0.1583,0.0136,3.0767,179.4879,enc,
1786777110.015582,0.1022,-0.0,-0.0,-0.0000,0.0000,-0.1583,0.0136,3.0767,179.4879,enc,
1786777110.115217,0.0996,-0.0,-0.0,-0.0000,0.0000,-0.1583,0.0136,3.0767,179.4878,enc,
1786777110.218226,0.1030,-0.0,-0.0,-0.0000,0.0000,-0.1583,0.0136,3.0767,179.4879,enc,
1786777110.319342,0.1011,-0.0,-0.0,-0.0000,0.0000,-0.1583,0.0136,3.0767,179.4879,enc,
1786777110.418436,0.0991,-0.0,-0.0,-0.0000,0.0000,-0.1583,0.0136,3.0767,179.4879,enc,
1786777110.519367,0.1009,-0.0,-0.0,-0.0000,0.0000,-0.1583,0.0136,3.0767,179.4878,enc,
1786777110.626285,0.1069,-0.0,-0.0,-0.0000,0.0000,-0.1583,0.0136,3.0767,179.4877,enc,
1786777110.725744,0.0995,-0.0,-0.0,-0.0000,0.0000,-0.1583,0.0136,3.0767,179.4877,enc,
1786777110.826304,0.1006,-0.0,-0.0,-0.0000,0.0000,-0.1583,0.0136,3.0767,179.4877,enc,
1786777110.928180,0.1019,-0.0,-0.0,-0.0000,0.0000,-0.1583,0.0136,3.0767,179.4876,enc,
1786777111.029899,0.1017,-0.0,-0.0,-0.0000,0.0000,-0.1583,0.0136,3.0767,179.4876,enc,
1786777111.132642,0.1027,-0.0,-0.0,-0.0000,0.0000,-0.1583,0.0136,3.0767,179.4876,enc,
1786777111.236144,0.1035,-0.0,-0.0,-0.0000,0.0000,-0.1583,0.0136,3.0767,179.4875,enc,
1786777111.338378,0.1022,-0.0,-0.0,-0.0000,0.0000,-0.1583,0.0136,3.0767,179.4875,enc,
1786777111.437685,0.0993,-0.0,-0.0,-0.0000,0.0000,-0.1583,0.0136,3.0767,179.4945,enc,
1786777111.542568,0.1049,-0.0,-0.0,-0.0000,0.0000,-0.1583,0.0136,3.0767,179.4945,enc,
1786777111.646168,0.1036,-0.0,-0.0,-0.0000,0.0000,-0.1583,0.0136,3.0767,179.4945,enc,
1786777111.749905,0.1037,-0.0,-0.0,-0.0000,0.0000,-0.1583,0.0136,3.0767,179.4945,enc,
1786777111.851016,0.1011,-0.0,-0.0,-0.0000,0.0000,-0.1583,0.0136,3.0767,179.4945,enc,
1786777111.951859,0.1008,-0.0,-0.0,-0.0000,0.0000,-0.1583,0.0136,3.0767,179.4944,enc,
1786777112.054657,0.1028,-0.0,-0.0,-0.0000,0.0000,-0.1583,0.0136,3.0767,179.4944,enc,
1786777112.154482,0.0998,-0.0,-0.0,-0.0000,0.0000,-0.1583,0.0136,3.0767,179.4944,enc,
1786777112.256881,0.1024,-0.0,-0.0,-0.0000,0.0000,-0.1583,0.0136,3.0767,179.4944,enc,
1786777112.364848,0.1080,-0.0,-0.0,-0.0000,0.0000,-0.1583,0.0136,3.0767,179.4943,enc,
1786777112.461657,0.0968,-0.0,-0.0,-0.0000,0.0000,-0.1583,0.0136,3.0767,179.4943,enc,
1786777112.564024,0.1024,-0.0,-0.0,-0.0000,0.0000,-0.1583,0.0136,3.0767,179.4943,enc,
1786777112.662969,0.0989,-0.0,-0.0,-0.0000,0.0000,-0.1583,0.0136,3.0767,179.4943,enc,
1786777112.763329,0.1004,-0.0,-0.0,-0.0000,0.0000,-0.1583,0.0136,3.0767,179.4943,enc,
1786777112.865153,0.1018,-0.0,-0.0,-0.0000,0.0000,-0.1583,0.0136,3.0767,179.4943,enc,
1786777112.968552,0.1034,-0.0,-0.0,-0.0000,0.0000,-0.1583,0.0136,3.0767,179.4943,enc,
1786777113.069915,0.1014,-0.0,-0.0,-0.0000,0.0000,-0.1583,0.0136,3.0767,179.4943,enc,
1786777113.172612,0.1027,-0.0,-0.0,-0.0000,0.0000,-0.1583,0.0136,3.0767,179.4943,enc,
1786777113.273389,0.1008,-0.0,-0.0,-0.0000,0.0000,-0.1583,0.0136,3.0767,179.4943,enc,
1786777113.378650,0.1053,-0.0,-0.0,-0.0000,0.0000,-0.1583,0.0136,3.0767,179.4943,enc,
1786777113.480286,0.1016,-0.0,-0.0,-0.0000,0.0000,-0.1583,0.0136,3.0767,179.4943,enc,
1786777113.581670,0.1014,-0.0,-0.0,-0.0000,0.0000,-0.1583,0.0136,3.0767,179.4943,enc,
1786777113.685314,0.1036,-0.0,-0.0,-0.0000,0.0000,-0.1583,0.0136,3.0767,179.4943,enc,
1786777113.785590,0.1003,-0.0,-0.0,-0.0000,0.0000,-0.1583,0.0136,3.0767,179.4943,enc,
1786777113.887946,0.1024,-0.0,-0.0,-0.0000,0.0000,-0.1583,0.0136,3.0767,179.4943,enc,
1786777113.990522,0.1026,-0.0,-0.0,-0.0000,0.0000,-0.1583,0.0136,3.0767,179.4943,enc,
1786777114.092857,0.1023,-0.0,-0.0,-0.0000,0.0000,-0.1583,0.0136,3.0767,179.4943,enc,
1786777114.195029,0.1022,-0.0,-0.0,-0.0000,0.0000,-0.1583,0.0136,3.0767,179.4943,enc,
1786777114.297604,0.1026,-0.0,-0.0,-0.0000,0.0000,-0.1583,0.0136,3.0767,179.4942,enc,
1786777114.400205,0.1026,-0.0,-0.0,-0.0000,0.0000,-0.1583,0.0136,3.0767,179.4942,enc,
1786777114.502353,0.1021,-0.0,-0.0,-0.0000,0.0000,-0.1583,0.0136,3.0767,179.4942,enc,
1786777114.605363,0.1030,-0.0,-0.0,-0.0000,0.0000,-0.1583,0.0136,3.0767,179.4942,enc,
1786777114.708774,0.1034,-0.0,-0.0,-0.0000,0.0000,-0.1583,0.0136,3.0767,179.4941,enc,
1786777114.810408,0.1016,-0.0,-0.0,-0.0000,0.0000,-0.1583,0.0136,3.0767,179.4941,enc,
1786777114.912662,0.1023,-0.0,-0.0,-0.0000,0.0000,-0.1583,0.0136,3.0767,179.4941,enc,
1786777115.016125,0.1035,-0.0,-0.0,-0.0000,0.0000,-0.1583,0.0136,3.0767,179.4941,enc,
1786777115.118237,0.1021,-0.0,-0.0,-0.0000,0.0000,-0.1583,0.0136,3.0767,179.4941,enc,
1786777115.218779,0.1005,-0.0,-0.0,-0.0000,0.0000,-0.1583,0.0136,3.0767,179.4941,enc,
1786777115.321967,0.1032,-0.0,-0.0,-0.0000,0.0000,-0.1583,0.0136,3.0767,179.4941,enc,
1786777115.423988,0.1020,-0.0,-0.0,-0.0000,0.0000,-0.1583,0.0136,3.0767,179.4941,enc,
1786777115.526142,0.1022,-0.0,-0.0,-0.0000,0.0000,-0.1583,0.0136,3.0767,179.4941,enc,
1786777115.631822,0.1057,-0.0,-0.0,-0.0000,0.0000,-0.1583,0.0136,3.0767,179.4941,enc,
1786777115.731959,0.1001,-0.0,-0.0,-0.0000,0.0000,-0.1583,0.0136,3.0767,179.4941,enc,
1786777115.834203,0.1022,-0.0,-0.0,-0.0000,0.0000,-0.1583,0.0136,3.0767,179.4941,enc,
1786777115.936914,0.1027,-0.0,-0.0,-0.0000,0.0000,-0.1583,0.0136,3.0767,179.4941,enc,
1786777116.039148,0.1022,-0.0,-0.0,-0.0000,0.0000,-0.1583,0.0136,3.0767,179.4941,enc,
1786777116.141395,0.1022,-0.0,-0.0,-0.0000,0.0000,-0.1583,0.0136,3.0767,179.4942,enc,
1786777116.242904,0.1015,-0.0,-0.0,-0.0000,0.0000,-0.1583,0.0136,3.0767,179.4942,enc,
1786777116.346263,0.1034,-0.0,-0.0,-0.0000,0.0000,-0.1583,0.0136,3.0767,179.4942,enc,
1786777116.449140,0.1029,-0.0,-0.0,-0.0000,0.0000,-0.1583,0.0136,3.0767,179.4942,enc,
1786777116.551914,0.1028,-0.0,-0.0,-0.0000,0.0000,-0.1583,0.0136,3.0767,179.4941,enc,
1786777116.655106,0.1032,-0.0,-0.0,-0.0000,0.0000,-0.1583,0.0136,3.0767,179.4941,enc,
1786777116.756964,0.1019,-0.0,-0.0,-0.0000,0.0000,-0.1583,0.0136,3.0767,179.4940,enc,
1786777116.858280,0.1013,-0.0,-0.0,-0.0000,0.0000,-0.1583,0.0136,3.0767,179.4940,enc,
1786777116.960987,0.1027,-0.0,-0.0,-0.0000,0.0000,-0.1583,0.0136,3.0767,179.4941,enc,
1786777117.062286,0.1013,-0.0,-0.0,-0.0000,0.0000,-0.1583,0.0136,3.0767,179.4941,enc,
1786777117.164466,0.1022,-0.0,-0.0,-0.0000,0.0000,-0.1583,0.0136,3.0767,179.4942,enc,
1786777117.268198,0.1037,-0.0,-0.0,-0.0000,0.0000,-0.1583,0.0136,3.0767,179.4942,enc,
1786777117.370455,0.1023,-0.0,-0.0,-0.0000,0.0000,-0.1583,0.0136,3.0767,179.4942,enc,
1786777117.475024,0.1046,-0.0,-0.0,-0.0000,0.0000,-0.1583,0.0136,3.0767,179.4942,enc,
1786777117.577070,0.1020,-0.0,-0.0,-0.0000,0.0000,-0.1583,0.0136,3.0767,179.4942,enc,
