t,dt,left_rpm,right_rpm,v,w,x,y,theta,imu_heading_deg,theta_src,lateral_m_s
1786712011.018908,0.0000,-0.0,-0.0,-0.0000,0.0000,0.1742,-0.3186,0.0908,355.7298,enc,
1786712011.186137,0.1672,-0.0,-0.0,-0.0000,0.0000,0.1742,-0.3186,0.0908,355.7298,enc,
1786712011.227475,0.0413,-0.0,-0.0,-0.0000,0.0000,0.1742,-0.3186,0.0908,355.7297,enc,
1786712011.323611,0.0961,-0.0,-0.0,-0.0000,0.0000,0.1742,-0.3186,0.0908,355.7297,enc,
1786712011.538646,0.2150,21.863656997680664,19.58983612060547,0.1215,-0.0387,0.2003,-0.3164,0.0875,355.9199,imu,
1786712011.548789,0.0101,31.689441680908203,28.988637924194336,0.1779,-0.0459,0.2021,-0.3162,0.0851,356.0592,imu,
1786712011.628865,0.0801,31.221303939819336,28.282827377319336,0.1745,-0.0499,0.2160,-0.3150,0.0873,355.9322,imu,
1786712011.882818,0.2540,32.13957595825195,28.650136947631836,0.1782,-0.0593,0.2611,-0.3111,0.0872,355.9393,imu,
1786712011.892315,0.0095,32.87419509887695,28.650136947631836,0.1804,-0.0718,0.2628,-0.3109,0.0843,356.1069,imu,
1786712012.016553,0.1242,32.74598693847656,28.934284210205078,0.1809,-0.0648,0.2852,-0.3090,0.0856,356.0308,imu,
1786712012.044130,0.0276,32.492759704589844,28.607755661010742,0.1792,-0.0660,0.2901,-0.3086,0.0845,356.0938,imu,
1786712012.219250,0.1751,32.50688552856445,29.201101303100586,0.1809,-0.0562,0.3217,-0.3060,0.0824,356.2126,imu,
1786712012.246767,0.0275,32.13957977294922,29.137529373168945,0.1797,-0.0510,0.3266,-0.3056,0.0800,356.3531,imu,
1786712012.343444,0.0967,32.87419509887695,30.670339584350586,0.1863,-0.0375,0.3446,-0.3042,0.0779,356.4705,imu,
1786712012.543580,0.2001,32.88294219970703,30.958938598632812,0.1872,-0.0327,0.3819,-0.3013,0.0772,356.5134,imu,
1786712012.560655,0.0171,32.783226013183594,30.551908493041992,0.1857,-0.0379,0.3851,-0.3010,0.0744,356.6745,imu,
1786712012.655544,0.0949,32.6905403137207,31.037647247314453,0.1869,-0.0281,0.4028,-0.2997,0.0729,356.7584,imu,
1786712012.949356,0.2938,33.24150466918945,31.588611602783203,0.1901,-0.0281,0.4585,-0.2957,0.0718,356.8224,imu,
1786712012.949450,0.0001,33.16483688354492,31.381778717041016,0.1893,-0.0303,0.4585,-0.2957,0.0701,356.9208,imu,
1786712012.971394,0.0219,33.02253341674805,31.43321418762207,0.1890,-0.0270,0.4626,-0.2955,0.0683,357.0204,imu,
1786712013.086349,0.1150,33.16483688354492,31.738391876220703,0.1903,-0.0242,0.4844,-0.2940,0.0675,357.0691,imu,
1786712013.240053,0.1537,33.09421920776367,31.457691192626953,0.1893,-0.0278,0.5135,-0.2920,0.0666,357.1178,imu,
1786712013.286525,0.0465,32.73054504394531,31.457691192626953,0.1882,-0.0216,0.5222,-0.2915,0.0671,357.0906,imu,
1786712013.369177,0.0827,33.3099250793457,31.329336166381836,0.1895,-0.0337,0.5378,-0.2904,0.0673,357.0770,imu,
1786712013.572534,0.2034,33.19912338256836,31.609806060791016,0.1900,-0.0270,0.5764,-0.2878,0.0673,357.0771,imu,
1786712013.603126,0.0306,32.808223724365234,31.203475952148438,0.1877,-0.0273,0.5821,-0.2874,0.0675,357.0695,imu,
1786712013.677661,0.0745,33.27605438232422,31.639528274536133,0.1903,-0.0278,0.5963,-0.2865,0.0682,357.0283,imu,
1786712013.893079,0.2154,32.6905403137207,31.037647247314453,0.1869,-0.0281,0.6364,-0.2837,0.0692,356.9722,imu,
1786712013.904381,0.0113,33.19912338256836,31.43321418762207,0.1895,-0.0300,0.6386,-0.2835,0.0687,357.0003,imu,
1786712013.987006,0.0826,32.87419509887695,31.404958724975586,0.1885,-0.0250,0.6541,-0.2824,0.0700,356.9243,imu,
1786712014.081230,0.0942,32.87419509887695,31.404958724975586,0.1885,-0.0250,0.6718,-0.2812,0.0693,356.9659,imu,
1786712014.237481,0.1563,32.87419509887695,31.221303939819336,0.1879,-0.0281,0.7011,-0.2792,0.0696,356.9447,imu,
1786712014.285805,0.0483,31.43321418762207,31.08003044128418,0.1833,-0.0060,0.7099,-0.2785,0.0695,356.9508,imu,
1786712014.387489,0.1017,28.099172592163086,29.935720443725586,0.1702,0.0312,0.7272,-0.2773,0.0721,356.8043,imu,
1786712014.593079,0.2056,28.268423080444336,30.249011993408203,0.1716,0.0337,0.7624,-0.2747,0.0739,356.6996,imu,
1786712014.605190,0.0121,28.366474151611328,30.184837341308594,0.1717,0.0309,0.7645,-0.2745,0.0748,356.6506,imu,
1786712014.694002,0.0888,25.711660385131836,30.43421173095703,0.1646,0.0803,0.7790,-0.2734,0.0786,356.4337,imu,
1786712014.881843,0.1878,26.10778045654297,30.609121322631836,0.1663,0.0765,0.8102,-0.2708,0.0828,356.1882,imu,
1786712014.919447,0.0376,25.89531707763672,30.486684799194336,0.1653,0.0780,0.8164,-0.2703,0.0862,355.9934,imu,
1786712014.997475,0.0780,25.71166229248047,30.670339584350586,0.1653,0.0843,0.8292,-0.2691,0.0892,355.8255,imu,
1786712015.094626,0.0972,24.793386459350586,30.853992462158203,0.1632,0.1030,0.8450,-0.2676,0.0954,355.4687,imu,
1786712015.236601,0.1420,24.793386459350586,31.037647247314453,0.1637,0.1061,0.8681,-0.2653,0.1000,355.2026,imu,
1786712015.296232,0.0596,24.729745864868164,31.094018936157227,0.1637,0.1082,0.8778,-0.2643,0.1057,354.8808,imu,
1786712015.400892,0.1047,24.48729705810547,30.609121322631836,0.1616,0.1041,0.8946,-0.2624,0.1129,354.4674,imu,
1786712015.554144,0.1533,26.032611846923828,29.598724365234375,0.1631,0.0606,0.9195,-0.2595,0.1161,354.2849,imu,
1786712015.618349,0.0642,26.262624740600586,29.384756088256836,0.1632,0.0531,0.9299,-0.2582,0.1187,354.1311,imu,
1786712015.703236,0.0849,26.078969955444336,29.384756088256836,0.1626,0.0562,0.9436,-0.2566,0.1201,354.0542,imu,
1786712015.930785,0.2275,27.18090057373047,28.466482162475586,0.1632,0.0219,0.9804,-0.2520,0.1239,353.8363,imu,
1786712015.936987,0.0062,27.908315658569336,28.08837127685547,0.1642,0.0031,0.9814,-0.2519,0.1242,353.8163,imu,
1786712016.040592,0.1036,27.285844802856445,27.635662078857422,0.1610,0.0059,0.9980,-0.2498,0.1253,353.7527,imu,
1786712016.215595,0.1750,27.36815643310547,27.908315658569336,0.1621,0.0092,1.0261,-0.2462,0.1278,353.6122,imu,
1786712016.261300,0.0457,27.457292556762695,27.82096290588379,0.1621,0.0062,1.0334,-0.2452,0.1305,353.4580,imu,
1786712016.313550,0.0522,28.099172592163086,26.997243881225586,0.1616,-0.0187,1.0418,-0.2441,0.1309,353.4363,imu,
1786712016.533924,0.2204,28.784347534179688,26.135480880737305,0.1610,-0.0450,1.0770,-0.2396,0.1278,353.6113,imu,
1786712016.570589,0.0367,28.650136947631836,26.078969955444336,0.1605,-0.0437,1.0828,-0.2388,0.1266,353.6819,imu,
1786712016.619376,0.0488,28.282827377319336,26.078969955444336,0.1594,-0.0375,1.0906,-0.2378,0.1278,353.6121,imu,
1786712016.726632,0.1073,29.24211311340332,24.071250915527344,0.1563,-0.0879,1.1072,-0.2357,0.1266,353.6822,imu,
1786712016.900143,0.1735,29.168691635131836,24.48729705810547,0.1573,-0.0796,1.1343,-0.2324,0.1233,353.8706,imu,
1786712016.928586,0.0284,29.168691635131836,24.30724334716797,0.1568,-0.0826,1.1387,-0.2318,0.1177,354.1924,imu,
1786712017.026419,0.0978,30.119375228881836,23.32415008544922,0.1567,-0.1155,1.1539,-0.2301,0.1151,354.3391,imu,
1786712017.230035,0.2036,30.486684799194336,22.95684051513672,0.1567,-0.1280,1.1857,-0.2266,0.1097,354.6468,imu,
1786712017.235025,0.0050,29.97383689880371,22.87021255493164,0.1549,-0.1207,1.1864,-0.2265,0.1024,355.0668,imu,
1786712017.331884,0.0969,30.184837341308594,22.72954559326172,0.1552,-0.1267,1.2014,-0.2251,0.0964,355.4103,imu,
1786712017.516824,0.1849,30.486684799194336,21.85491180419922,0.1535,-0.1467,1.2297,-0.2225,0.0888,355.8448,imu,
1786712017.560648,0.0438,30.7303466796875,21.45669174194336,0.1530,-0.1576,1.2363,-0.2220,0.0853,356.0470,imu,
1786712017.634589,0.0739,30.7303466796875,21.27485466003418,0.1525,-0.1607,1.2476,-0.2211,0.0787,356.4247,imu,
1786712017.876432,0.2418,30.670339584350586,20.9366397857666,0.1513,-0.1655,1.2841,-0.2184,0.0744,356.6691,imu,
1786712017.881653,0.0052,30.493614196777344,20.791101455688477,0.1504,-0.1649,1.2849,-0.2183,0.0699,356.9282,imu,
1786712017.958672,0.0770,30.969226837158203,20.3460636138916,0.1505,-0.1806,1.2964,-0.2176,0.0649,357.2162,imu,
1786712018.047334,0.0887,30.784029006958008,19.764745712280273,0.1482,-0.1873,1.3095,-0.2168,0.0571,357.6630,imu,
1786712018.184079,0.1367,30.969226837158203,19.9859561920166,0.1494,-0.1867,1.3299,-0.2158,0.0514,357.9914,imu,
1786712018.250141,0.0661,30.969226837158203,19.2657413482666,0.1473,-0.1989,1.3397,-0.2153,0.0439,358.4188,imu,
1786712018.351707,0.1016,31.404958724975586,18.54912757873535,0.1465,-0.2185,1.3545,-0.2148,0.0374,358.7906,imu,
1786712018.512465,0.1608,31.275854110717773,18.3654727935791,0.1456,-0.2195,1.3779,-0.2141,0.0284,359.3077,imu,
1786712018.564814,0.0523,30.8799991607666,18.202945709228516,0.1439,-0.2155,1.3855,-0.2140,0.0190,359.8463,imu,
1786712018.667065,0.1023,30.84686279296875,18.18716812133789,0.1438,-0.2152,1.4002,-0.2139,0.0068,0.5452,imu,
1786712018.861799,0.1947,30.84686279296875,17.830556869506836,0.1427,-0.2213,1.4279,-0.2138,0.0030,0.7619,imu,
1786712018.875302,0.0135,31.08003044128418,18.18888282775879,0.1445,-0.2191,1.4299,-0.2138,-0.0067,1.3209,imu,
1786712018.977719,0.1024,30.668556213378906,17.652252197265625,0.1417,-0.2213,1.4444,-0.2141,-0.0202,2.0900,imu,
1786712019.169010,0.1913,30.311946868896484,17.830556869506836,0.1412,-0.2122,1.4714,-0.2149,-0.0293,2.6155,imu,
1786712019.181361,0.0124,29.384756088256836,17.44719886779785,0.1373,-0.2029,1.4731,-0.2149,-0.0393,3.1887,imu,
1786712019.285576,0.1042,29.734575271606445,17.49092674255371,0.1385,-0.2081,1.4875,-0.2157,-0.0495,3.7694,imu,
1786712019.507332,0.2218,27.993972778320312,18.008861541748047,0.1349,-0.1697,1.5174,-0.2175,-0.0601,4.3797,imu,
1786712019.536613,0.0293,27.09362030029297,18.001800537109375,0.1322,-0.1545,1.5212,-0.2177,-0.0650,4.6597,imu,
1786712019.594821,0.0582,27.371618270874023,18.18888282775879,0.1336,-0.1561,1.5290,-0.2183,-0.0707,4.9825,imu,
1786712019.698395,0.1036,26.841846466064453,17.8356990814209,0.1310,-0.1531,1.5425,-0.2193,-0.0788,5.4505,imu,
1786712019.810842,0.1124,26.91178321838379,17.819963455200195,0.1312,-0.1545,1.5572,-0.2206,-0.0855,5.8362,imu,
1786712019.902093,0.0913,25.92772674560547,18.0053653717041,0.1288,-0.1347,1.5689,-0.2217,-0.0943,6.3347,imu,
1786712020.006509,0.1044,24.256284713745117,18.3654727935791,0.1250,-0.1001,1.5819,-0.2230,-0.0968,6.4815,imu,
1786712020.108200,0.1017,24.48729705810547,18.3654727935791,0.1257,-0.1041,1.5946,-0.2242,-0.1004,6.6844,imu,
1786712020.209420,0.1012,24.24242401123047,17.9981632232666,0.1239,-0.1061,1.6071,-0.2256,-0.1076,7.0991,imu,
1786712020.308039,0.0986,22.58953094482422,18.54912757873535,0.1206,-0.0687,1.6189,-0.2269,-0.1109,7.2880,imu,
1786712020.413083,0.1050,22.07388687133789,18.895246505737305,0.1201,-0.0540,1.6314,-0.2283,-0.1115,7.3231,imu,
1786712020.512769,0.0997,21.85491180419922,18.7327823638916,0.1190,-0.0531,1.6432,-0.2296,-0.1126,7.3861,imu,
1786712020.613196,0.1004,20.75298309326172,19.83470916748047,0.1190,-0.0156,1.6551,-0.2310,-0.1131,7.4142,imu,
1786712020.712960,0.0998,20.56932830810547,20.2020206451416,0.1195,-0.0062,1.6670,-0.2323,-0.1139,7.4631,imu,
1786712020.813521,0.1006,20.38567543029785,20.2020206451416,0.1190,-0.0031,1.6788,-0.2337,-0.1144,7.4915,imu,
1786712020.915430,0.1019,20.5261173248291,19.9859561920166,0.1188,-0.0092,1.6909,-0.2351,-0.1122,7.3652,imu,
1786712021.048857,0.1334,20.75298309326172,19.65105628967285,0.1185,-0.0187,1.7066,-0.2369,-0.1146,7.4987,imu,
1786712021.117120,0.0683,21.753280639648438,18.18716812133789,0.1171,-0.0606,1.7145,-0.2378,-0.1160,7.5823,imu,
1786712021.222579,0.1055,21.338930130004883,18.190561294555664,0.1159,-0.0535,1.7267,-0.2392,-0.1187,7.7365,imu,
1786712021.329385,0.1068,21.6712589263916,18.54912757873535,0.1179,-0.0531,1.7392,-0.2407,-0.1186,7.7290,imu,
1786712021.426451,0.0971,21.01433753967285,18.18888282775879,0.1149,-0.0480,1.7502,-0.2421,-0.1207,7.8485,imu,
1786712021.537779,0.1113,18.91643714904785,18.7327823638916,0.1104,-0.0031,1.7624,-0.2435,-0.1203,7.8277,imu,
1786712021.627800,0.0900,18.91643714904785,18.7327823638916,0.1104,-0.0031,1.7723,-0.2447,-0.1201,7.8138,imu,
1786712021.728950,0.1011,18.72914695739746,18.72914695739746,0.1098,0.0000,1.7833,-0.2461,-0.1203,7.8272,imu,
1786712021.833159,0.1042,17.316017150878906,19.939655303955078,0.1092,0.0446,1.7946,-0.2474,-0.1183,7.7154,imu,
1786712021.932217,0.0991,17.2635440826416,20.01836395263672,0.1093,0.0468,1.8054,-0.2487,-0.1181,7.7018,imu,
1786712022.035825,0.1036,17.29564094543457,19.97022247314453,0.1093,0.0455,1.8166,-0.2500,-0.1154,7.5470,imu,
1786712022.135052,0.0992,17.07988929748535,19.83470916748047,0.1082,0.0468,1.8273,-0.2512,-0.1145,7.4975,imu,
1786712022.236701,0.1016,8.2644624710083,20.38567543029785,0.0840,0.2060,1.8358,-0.2522,-0.1111,7.3010,imu,
1786712022.335261,0.0986,-0.0,20.9366397857666,0.0614,0.3559,1.8418,-0.2528,-0.0997,6.6492,imu,
1786712022.438740,0.1035,-0.0,19.9859561920166,0.0586,0.3397,1.8479,-0.2533,-0.0874,5.9427,imu,
1786712022.563996,0.1253,-0.0,19.764745712280273,0.0580,0.3360,1.8551,-0.2538,-0.0650,4.6606,imu,
1786712022.644235,0.0802,-0.0,20.16600799560547,0.0591,0.3428,1.8598,-0.2540,-0.0457,3.5543,imu,
1786712022.745197,0.1010,-0.0,21.45669174194336,0.0629,0.3647,1.8662,-0.2542,-0.0269,2.4772,imu,
1786712022.865793,0.1206,-0.0,21.42638397216797,0.0628,0.3642,1.8738,-0.2542,-0.0070,1.3363,imu,
1786712022.950476,0.0847,-0.0,21.42638397216797,0.0628,0.3642,1.8791,-0.2541,0.0122,0.2383,imu,
1786712023.050493,0.1000,-0.0,22.95684051513672,0.0673,0.3902,1.8858,-0.2539,0.0341,358.9791,imu,
1786712023.236863,0.1864,-0.0,22.4058780670166,0.0657,0.3809,1.8980,-0.2532,0.0562,357.7124,imu,
1786712023.257542,0.0207,-0.0,22.60365867614746,0.0663,0.3842,1.8994,-0.2531,0.0785,356.4391,imu,
1786712023.354440,0.0969,-0.0,22.72954559326172,0.0666,0.3864,1.9058,-0.2525,0.1012,355.1367,imu,
1786712023.488590,0.1342,-0.0,22.184038162231445,0.0650,0.3771,1.9145,-0.2514,0.1227,353.9039,imu,
1786712023.557376,0.0688,-0.0,21.27485466003418,0.0624,0.3616,1.9187,-0.2508,0.1437,352.6993,imu,
1786712023.829597,0.2722,-0.0,21.574974060058594,0.0633,0.3667,1.9357,-0.2479,0.1705,351.1633,imu,
1786712024.022187,0.1926,-0.0,21.6712589263916,0.0635,0.3684,1.9477,-0.2455,0.1911,349.9831,imu,
1786712024.022267,0.0001,-0.0,21.720703125,0.0637,0.3692,1.9477,-0.2455,0.2125,348.7607,imu,
1786712024.493078,0.4708,-0.0,20.3460636138916,0.0597,0.3458,1.9751,-0.2391,0.2331,347.5792,imu,
1786712024.493290,0.0002,-0.0,19.61361312866211,0.0575,0.3334,1.9751,-0.2390,0.2528,346.4528,imu,
1786712024.565449,0.0722,-0.0,19.9859561920166,0.0586,0.3397,1.9791,-0.2379,0.2737,345.2529,imu,
1786712024.565511,0.0001,-0.0,19.63832664489746,0.0576,0.3338,1.9791,-0.2379,0.2930,344.1451,imu,
1786712024.565527,0.0000,-0.0,20.183837890625,0.0592,0.3431,1.9791,-0.2379,0.3125,343.0300,imu,
1786712024.565540,0.0000,4.040403842926025,19.4674015045166,0.0689,0.2622,1.9791,-0.2379,0.3319,341.9178,imu,
1786712024.602215,0.0367,25.63892936706543,18.54730987548828,0.1296,-0.1205,1.9836,-0.2363,0.3339,341.8041,imu,
1786712024.686801,0.0846,24.837114334106445,17.840744018554688,0.1251,-0.1189,1.9936,-0.2329,0.3285,342.1157,imu,
1786712024.789784,0.1030,24.729745864868164,17.092618942260742,0.1226,-0.1298,2.0056,-0.2289,0.3288,342.0932,imu,
1786712024.901549,0.1118,24.48729705810547,17.1050968170166,0.1220,-0.1255,2.0185,-0.2245,0.3247,342.3322,imu,
1786712024.999321,0.0978,24.18423843383789,17.092618942260742,0.1210,-0.1205,2.0297,-0.2208,0.3222,342.4735,imu,
1786712025.099967,0.1006,24.30724334716797,16.9250431060791,0.1209,-0.1255,2.0413,-0.2169,0.3205,342.5732,imu,
1786712025.294148,0.1942,25.01202392578125,15.217105865478516,0.1180,-0.1665,2.0631,-0.2099,0.3138,342.9566,imu,
1786712025.294203,0.0001,24.793386459350586,15.426996231079102,0.1179,-0.1592,2.0631,-0.2099,0.3069,343.3528,imu,
1786712025.420049,0.1258,25.38756561279297,8.82262897491455,0.1003,-0.2816,2.0751,-0.2061,0.2988,343.8129,imu,
1786712025.493741,0.0737,25.528005599975586,-0.0,0.0749,-0.4339,2.0804,-0.2046,0.2826,344.7452,imu,
1786712025.605711,0.1120,25.528005599975586,-0.0,0.0749,-0.4339,2.0886,-0.2025,0.2570,346.2123,imu,
1786712025.692164,0.0865,25.528005599975586,-0.0,0.0749,-0.4339,2.0948,-0.2010,0.2339,347.5357,imu,
1786712025.837623,0.1455,25.38756561279297,-0.0,0.0744,-0.4315,2.1054,-0.1987,0.2118,348.8019,imu,
1786712025.905300,0.0677,26.260908126831055,-0.0,0.0770,-0.4464,2.1106,-0.1977,0.1828,350.4602,imu,
1786712026.001516,0.0962,26.366273880004883,-0.0,0.0773,-0.4482,2.1179,-0.1966,0.1578,351.8921,imu,
1786712026.184287,0.1828,26.135480880737305,-0.0,0.0766,-0.4443,2.1318,-0.1947,0.1338,353.2666,imu,
1786712026.217121,0.0328,25.89531707763672,-0.0,0.0759,-0.4402,2.1343,-0.1944,0.1102,354.6181,imu,
1786712026.308980,0.0919,25.20751190185547,-0.0,0.0739,-0.4285,2.1410,-0.1938,0.0865,355.9766,imu,
1786712026.510262,0.2013,24.42786407470703,-0.0,0.0716,-0.4152,2.1554,-0.1929,0.0637,357.2855,imu,
1786712026.519210,0.0089,24.793386459350586,-0.0,0.0727,-0.4214,2.1561,-0.1929,0.0418,358.5383,imu,
1786712026.616101,0.0969,25.122581481933594,-0.0,0.0737,-0.4270,2.1632,-0.1928,0.0146,0.0980,imu,
1786712026.842050,0.2259,25.63892936706543,-0.0,0.0752,-0.4358,2.1802,-0.1930,-0.0092,1.4622,imu,
1786712026.861632,0.0196,25.71166229248047,-0.0,0.0754,-0.4370,2.1817,-0.1930,-0.0325,2.7987,imu,
1786712026.920332,0.0587,25.38756561279297,-0.0,0.0744,-0.4315,2.1860,-0.1933,-0.0568,4.1912,imu,
1786712027.025974,0.1056,25.89531707763672,-0.0,0.0759,-0.4402,2.1940,-0.1939,-0.0808,5.5636,imu,
1786712027.187726,0.1618,26.72994613647461,-0.0,0.0784,-0.4544,2.2066,-0.1952,-0.1055,6.9788,imu,
1786712027.247958,0.0602,26.488662719726562,-0.0,0.0777,-0.4503,2.2113,-0.1958,-0.1305,8.4094,imu,
1786712027.329619,0.0817,26.287832260131836,-0.0,0.0771,-0.4468,2.2175,-0.1968,-0.1547,9.7987,imu,
1786712027.522995,0.1934,26.366273880004883,-0.0,0.0773,-0.4482,2.2322,-0.1995,-0.1791,11.1970,imu,
1786712027.549224,0.0262,26.032611846923828,-0.0,0.0763,-0.4425,2.2342,-0.1999,-0.2043,12.6390,imu,
1786712027.636830,0.0876,26.488662719726562,-15.186832427978516,0.0331,-0.7084,2.2370,-0.2006,-0.2423,14.8152,imu,
1786712027.858008,0.2212,27.54821014404297,-23.486614227294922,0.0119,-0.8675,2.2395,-0.2013,-0.2936,17.7555,imu,
1786712027.865731,0.0077,28.628530502319336,-24.127187728881836,0.0132,-0.8967,2.2396,-0.2014,-0.3492,20.9425,imu,
1786712027.959300,0.0936,28.528892517089844,-23.714641571044922,0.0141,-0.8880,2.2408,-0.2019,-0.4006,23.8872,imu,
1786712028.048556,0.0893,28.431163787841797,-23.83979606628418,0.0135,-0.8885,2.2419,-0.2024,-0.4551,27.0073,imu,
1786712028.268824,0.2203,28.18463706970215,-23.82056427001953,0.0128,-0.8840,2.2444,-0.2038,-0.5059,29.9217,imu,
1786712028.268880,0.0001,28.414506912231445,-24.083024978637695,0.0127,-0.8924,2.2444,-0.2038,-0.5610,33.0766,imu,
1786712028.696737,0.4279,27.195026397705078,-22.60365867614746,0.0135,-0.8465,2.2491,-0.2071,-0.6107,35.9255,imu,
1786712028.878481,0.1817,26.31207275390625,-22.250476837158203,0.0119,-0.8255,2.2508,-0.2084,-0.6575,38.6056,imu,
1786712028.878533,0.0001,26.078969955444336,-22.03856658935547,0.0118,-0.8179,2.2508,-0.2084,-0.7139,41.8382,imu,
1786712028.878548,0.0000,26.262624740600586,-21.12029457092285,0.0151,-0.8054,2.2508,-0.2084,-0.7704,45.0744,imu,
1786712028.911951,0.0334,26.078969955444336,-21.85491180419922,0.0124,-0.8148,2.2511,-0.2087,-0.8185,47.8310,imu,
1786712028.911971,0.0000,25.782297134399414,-22.07388687133789,0.0109,-0.8135,2.2511,-0.2087,-0.8596,50.1845,imu,
1786712028.995564,0.0836,25.63892936706543,-21.638526916503906,0.0117,-0.8036,2.2517,-0.2095,-0.9026,52.6517,imu,
1786712029.217641,0.2221,21.78649139404297,-3.2409658432006836,0.0544,-0.4254,2.2588,-0.2192,-0.9393,54.7542,imu,
1786712029.221138,0.0035,21.48760223388672,-0.0,0.0630,-0.3652,2.2589,-0.2194,-0.9545,55.6213,imu,
1786712029.297409,0.0763,21.218360900878906,-0.0,0.0622,-0.3607,2.2616,-0.2234,-0.9802,57.0965,imu,
1786712029.391514,0.0941,21.60643768310547,-0.0,0.0634,-0.3673,2.2648,-0.2284,-1.0030,58.4001,imu,
1786712029.572778,0.1813,20.7061710357666,-0.0,0.0607,-0.3520,2.2705,-0.2378,-1.0257,59.7015,imu,
1786712029.593824,0.0210,20.38567543029785,-0.0,0.0598,-0.3465,2.2711,-0.2389,-1.0452,60.8177,imu,
1786712029.708861,0.1150,20.365673065185547,-0.0,0.0597,-0.3462,2.2744,-0.2449,-1.0665,62.0384,imu,
1786712029.929622,0.2208,19.052032470703125,-0.0,0.0559,-0.3238,2.2802,-0.2558,-1.0853,63.1175,imu,
1786712029.933135,0.0035,18.9056339263916,-0.0,0.0554,-0.3214,2.2803,-0.2560,-1.1043,64.2040,imu,
1786712030.019078,0.0859,18.72557830810547,-0.0,0.0549,-0.3183,2.2823,-0.2602,-1.1232,65.2887,imu,
1786712030.117468,0.0984,18.3654727935791,-0.0,0.0539,-0.3122,2.2845,-0.2651,-1.1450,66.5396,imu,
1786712030.282739,0.1653,13.637727737426758,6.3642730712890625,0.0586,-0.1236,2.2883,-0.2740,-1.1644,67.6478,imu,
1786712030.337733,0.0550,-0.0,24.899343490600586,0.0730,0.4232,2.2900,-0.2776,-1.1512,66.8919,imu,
1786712030.437752,0.1000,-0.0,22.427066802978516,0.0658,0.3812,2.2927,-0.2836,-1.1494,66.7913,imu,
1786712030.526014,0.0883,-0.0,22.32665252685547,0.0655,0.3795,2.2951,-0.2889,-1.1369,66.0717,imu,
1786712030.668537,0.1425,-0.0,22.002201080322266,0.0645,0.3740,2.2992,-0.2971,-1.1145,64.7914,imu,
1786712030.731997,0.0635,-0.0,22.31319236755371,0.0654,0.3793,2.3011,-0.3008,-1.0880,63.2735,imu,
1786712031.004033,0.2720,-0.0,23.50780487060547,0.0689,0.3996,2.3102,-0.3172,-1.0651,61.9631,imu,
1786712031.014272,0.0102,-0.0,23.638729095458984,0.0693,0.4018,2.3105,-0.3178,-1.0419,60.6295,imu,
1786712031.025304,0.0110,-0.0,25.0759334564209,0.0735,0.4262,2.3109,-0.3185,-1.0186,59.2967,imu,
1786712031.140582,0.1153,-0.0,24.609731674194336,0.0722,0.4183,2.3155,-0.3255,-0.9926,57.8045,imu,
1786712031.344825,0.2042,-0.0,24.662206649780273,0.0723,0.4192,2.3239,-0.3376,-0.9674,56.3644,imu,
1786712031.345057,0.0002,-0.0,24.66735076904297,0.0723,0.4193,2.3239,-0.3376,-0.9449,55.0743,imu,
1786712031.432678,0.0876,-0.0,24.899343490600586,0.0730,0.4232,2.3278,-0.3427,-0.9164,53.4385,imu,
1786712031.537933,0.1053,-0.0,26.002599716186523,0.0762,0.4420,2.3328,-0.3490,-0.8898,51.9172,imu,
1786712031.685017,0.1471,-0.0,26.032611846923828,0.0763,0.4425,2.3401,-0.3575,-0.8636,50.4129,imu,
1786712031.739031,0.0540,-0.0,26.184436798095703,0.0768,0.4451,2.3429,-0.3606,-0.8379,48.9399,imu,
1786712031.867790,0.1288,-8.31644058227539,25.81561851501465,0.0513,0.5802,2.3474,-0.3654,-0.8135,47.5462,imu,
1786712032.034888,0.1671,-25.27525520324707,27.457292556762695,0.0064,0.8963,2.3482,-0.3661,-0.7681,44.9447,imu,
1786712032.058466,0.0236,-23.82056427001953,26.72994613647461,0.0085,0.8593,2.3484,-0.3662,-0.7187,42.1122,imu,
1786712032.367109,0.3086,-24.05876922607422,27.36455535888672,0.0097,0.8741,2.3507,-0.3681,-0.6687,39.2468,imu,
1786712032.392006,0.0249,-25.122581481933594,28.0679874420166,0.0086,0.9041,2.3509,-0.3682,-0.6006,35.3484,imu,
1786712032.392939,0.0009,-24.962779998779297,28.3505859375,0.0099,0.9062,2.3509,-0.3682,-0.5468,32.2639,imu,
1786712032.475834,0.0829,-24.911582946777344,28.548309326171875,0.0107,0.9087,2.3517,-0.3686,-0.4923,29.1429,imu,
1786712032.561484,0.0856,-24.72275161743164,28.431163787841797,0.0109,0.9035,2.3525,-0.3690,-0.4388,26.0748,imu,
1786712032.725442,0.1640,-25.89531707763672,29.568410873413086,0.0108,0.9428,2.3541,-0.3697,-0.3831,22.8818,imu,
1786712032.757084,0.0316,-25.89531707763672,29.935720443725586,0.0118,0.9490,2.3545,-0.3698,-0.3258,19.6000,imu,
1786712032.857700,0.1006,-25.71166229248047,29.935720443725586,0.0124,0.9459,2.3557,-0.3702,-0.2714,16.4846,imu,
1786712033.042695,0.1850,-25.31938934326172,29.42041778564453,0.0120,0.9305,2.3579,-0.3706,-0.2192,13.4917,imu,
1786712033.065604,0.0229,-25.567617416381836,29.888906478881836,0.0127,0.9426,2.3582,-0.3707,-0.1681,10.5657,imu,
1786712033.166285,0.1007,-26.64794158935547,30.969226837158203,0.0127,0.9794,2.3594,-0.3708,-0.1164,7.6026,imu,
1786712033.367904,0.2016,-26.604188919067383,31.06682777404785,0.0131,0.9803,2.3621,-0.3710,-0.0504,3.8196,imu,
1786712033.388937,0.0210,-26.44628143310547,31.772266387939453,0.0156,0.9896,2.3624,-0.3710,0.0062,0.5794,imu,
1786712033.470635,0.0817,-25.89531707763672,32.3232307434082,0.0188,0.9896,2.3639,-0.3709,0.0604,357.4741,imu,
1786712033.572397,0.1018,-25.63892936706543,33.09421920776367,0.0219,0.9983,2.3661,-0.3706,0.1156,354.3097,imu,
1786712033.716914,0.1445,-25.605709075927734,33.02253341674805,0.0217,0.9966,2.3692,-0.3701,0.1697,351.2139,imu,
1786712033.780438,0.0635,-26.287832260131836,32.9498176574707,0.0195,1.0069,2.3704,-0.3698,0.2277,347.8900,imu,
1786712033.881948,0.1015,-27.908315658569336,33.1298713684082,0.0153,1.0375,2.3719,-0.3694,0.2882,344.4229,imu,
1786712034.043915,0.1620,-27.91551971435547,32.50688552856445,0.0135,1.0271,2.3740,-0.3686,0.3447,341.1842,imu,
1786712034.122015,0.0781,-27.36815643310547,32.9498176574707,0.0164,1.0253,2.3752,-0.3681,0.4060,337.6709,imu,
1786712034.189777,0.0678,-26.947467803955078,32.439945220947266,0.0161,1.0095,2.3761,-0.3676,0.4863,333.0732,imu,
1786712034.377447,0.1877,-26.91178321838379,31.275854110717773,0.0128,0.9891,2.3782,-0.3664,0.5523,329.2896,imu,
1786712034.411643,0.0342,-26.44628143310547,30.486684799194336,0.0118,0.9677,2.3785,-0.3661,0.6111,325.9237,imu,
1786712034.503748,0.0921,-26.64794158935547,30.789175033569336,0.0121,0.9763,2.3794,-0.3654,0.6717,322.4510,imu,
1786712034.693517,0.1898,-25.92772674560547,30.609121322631836,0.0137,0.9610,2.3813,-0.3637,0.7323,318.9784,imu,
1786712034.751799,0.0583,-25.711660385131836,30.43421173095703,0.0138,0.9544,2.3819,-0.3631,0.8037,314.8870,imu,
1786712034.836155,0.0844,-25.676002502441406,29.77703094482422,0.0120,0.9426,2.3825,-0.3623,0.8686,311.1653,imu,
1786712035.034250,0.1981,-24.97704315185547,28.650136947631836,0.0108,0.9116,2.3838,-0.3606,0.9255,307.9062,imu,
1786712035.093179,0.0589,-24.97704315185547,28.466482162475586,0.0102,0.9084,2.3841,-0.3601,0.9809,304.7309,imu,
1786712035.169817,0.0766,-24.602802276611328,27.89472770690918,0.0097,0.8924,2.3845,-0.3595,1.0487,300.8504,imu,
1786712035.238620,0.0688,-24.00240135192871,26.54810905456543,0.0075,0.8593,2.3847,-0.3590,1.1004,297.8870,imu,
1786712035.332089,0.0935,-23.69145965576172,26.62993621826172,0.0086,0.8554,2.3851,-0.3583,1.1479,295.1665,imu,
1786712035.411221,0.0791,-23.76708221435547,26.64794158935547,0.0084,0.8570,2.3853,-0.3577,1.1958,292.4175,imu,
1786712035.517891,0.1067,-22.52369499206543,24.949321746826172,0.0071,0.8069,2.3856,-0.3570,1.2420,289.7733,imu,
1786712035.619030,0.1011,-22.14659881591797,24.48729705810547,0.0069,0.7927,2.3858,-0.3563,1.2850,287.3109,imu,
1786712035.723512,0.1045,-21.863656997680664,24.48729705810547,0.0077,0.7879,2.3860,-0.3555,1.3384,284.2510,imu,
1786712035.825252,0.1017,-19.83470916748047,23.87511444091797,0.0118,0.7430,2.3862,-0.3543,1.3830,281.6949,imu,
1786712035.924412,0.0992,-19.65105628967285,23.50780487060547,0.0113,0.7336,2.3863,-0.3532,1.4264,279.2098,imu,
1786712036.353256,0.4288,-19.6258487701416,23.58702850341797,0.0116,0.7345,2.3868,-0.3483,1.4687,276.7815,imu,
1786712036.391776,0.0385,-19.44579315185547,23.76708221435547,0.0127,0.7345,2.3869,-0.3478,1.5073,274.5744,imu,
1786712036.391850,0.0001,-16.1616153717041,23.50780487060547,0.0215,0.6743,2.3869,-0.3478,1.5414,272.6177,imu,
1786712036.391892,0.0000,-0.18365472555160522,22.22222137451172,0.0646,0.3809,2.3869,-0.3478,1.5570,271.7245,imu,
1786712036.450801,0.0589,-0.0,22.4058780670166,0.0657,0.3809,2.3869,-0.3439,1.5753,270.6763,imu,
1786712036.543466,0.0927,-0.0,22.32665252685547,0.0655,0.3795,2.3867,-0.3378,1.5925,269.6888,imu,
1786712036.671038,0.1276,-0.0,22.003915786743164,0.0645,0.3740,2.3864,-0.3296,1.6106,268.6526,imu,
1786712036.738434,0.0674,-0.0,20.547510147094727,0.0602,0.3493,2.3862,-0.3255,1.6273,267.6971,imu,
1786712036.847921,0.1095,-0.0,20.5261173248291,0.0602,0.3489,2.3857,-0.3190,1.6425,266.8256,imu,
1786712036.944673,0.0968,-0.0,19.83470916748047,0.0582,0.3372,2.3852,-0.3134,1.6587,265.8992,imu,
1786712037.041762,0.0971,-0.0,18.7327823638916,0.0549,0.3184,2.3847,-0.3081,1.6733,265.0609,imu,
1786712037.309939,0.2682,-0.0,18.3654727935791,0.0539,0.3122,2.3829,-0.2937,1.6903,264.0849,imu,
1786712037.325378,0.0154,-0.0,18.599428176879883,0.0545,0.3162,2.3828,-0.2929,1.6903,264.0849,imu,
1786712037.414904,0.0895,9.783475875854492,11.328235626220703,0.0619,0.0263,2.3820,-0.2874,1.7239,262.1647,imu,
1786712037.629368,0.2145,25.38756561279297,-0.0,0.0744,-0.4315,2.3799,-0.2716,1.7030,263.3570,imu,
1786712037.684026,0.0547,23.94713592529297,-0.0,0.0702,-0.4071,2.3794,-0.2678,1.6946,263.8392,imu,
1786712037.967455,0.2834,23.358028411865234,-0.0,0.0685,-0.3970,2.3772,-0.2485,1.6846,264.4120,imu,
1786712037.969793,0.0023,23.275054931640625,-0.0,0.0682,-0.3956,2.3772,-0.2483,1.6667,265.4395,imu,
1786712037.970848,0.0011,22.9113826751709,-0.0,0.0672,-0.3894,2.3772,-0.2483,1.6472,266.5565,imu,
1786712038.151866,0.1810,24.609731674194336,-0.0,0.0722,-0.4183,2.3765,-0.2352,1.6254,267.8047,imu,
1786712038.200203,0.0483,24.37286949157715,-0.0,0.0715,-0.4143,2.3764,-0.2318,1.5974,269.4095,imu,
1786712038.226737,0.0265,24.42786407470703,-0.0,0.0716,-0.4152,2.3764,-0.2299,1.5734,270.7849,imu,
1786712038.329509,0.1028,24.127187728881836,-0.0,0.0707,-0.4101,2.3765,-0.2226,1.5499,272.1332,imu,
1786712038.489248,0.1597,23.76708221435547,-0.0,0.0697,-0.4040,2.3771,-0.2115,1.5226,273.6964,imu,
1786712038.734310,0.2451,16.5649356842041,-0.0,0.0486,-0.2816,2.3779,-0.1996,1.4986,275.0703,imu,
1786712038.734423,0.0001,6.062389373779297,-0.0,0.0178,-0.1030,2.3779,-0.1996,1.4961,275.2129,imu,
1786712039.820773,1.0863,30.429067611694336,-0.0,0.0892,-0.5172,2.3868,-0.1031,1.4790,276.1960,imu,
1786712039.820827,0.0001,28.510210037231445,-0.0,0.0836,-0.4846,2.3868,-0.1031,1.4436,278.2196,imu,
1786712039.824752,0.0039,28.282827377319336,-0.0,0.0829,-0.4808,2.3869,-0.1028,1.4139,279.9214,imu,
1786712039.861188,0.0364,28.08837127685547,-0.18005365133285522,0.0818,-0.4805,2.3874,-0.0998,1.3846,281.6014,imu,
1786712039.861221,0.0000,29.093820571899414,-22.184038162231445,0.0203,-0.8716,2.3874,-0.0998,1.3439,283.9332,imu,
1786712039.861234,0.0000,29.384756088256836,-24.05876922607422,0.0156,-0.9084,2.3874,-0.0998,1.2948,286.7499,imu,
1786712039.861244,0.0000,29.384756088256836,-23.69145965576172,0.0167,-0.9022,2.3874,-0.0998,1.2518,289.2128,imu,
1786712039.861254,0.0000,30.912181854248047,-24.729745864868164,0.0181,-0.9458,2.3874,-0.0998,1.2088,291.6778,imu,
1786712039.861265,0.0000,30.550256729125977,-24.19297981262207,0.0186,-0.9305,2.3874,-0.0998,1.1635,294.2681,imu,
1786712039.861274,0.0000,30.486684799194336,-24.42607879638672,0.0178,-0.9334,2.3874,-0.0998,1.1134,297.1414,imu,
1786712039.861283,0.0000,30.668556213378906,-24.249557495117188,0.0188,-0.9335,2.3874,-0.0998,1.0593,300.2401,imu,
1786712039.861293,0.0000,31.689441680908203,-25.38756561279297,0.0185,-0.9702,2.3874,-0.0998,1.0066,303.2597,imu,
1786712039.958567,0.0973,31.43321418762207,-25.42911720275879,0.0176,-0.9665,2.3884,-0.0984,0.9392,307.1214,imu,
1786712040.060779,0.1022,31.689441680908203,-25.38756561279297,0.0185,-0.9702,2.3896,-0.0970,0.8845,310.2569,imu,
1786712040.162804,0.1020,31.689441680908203,-25.567617416381836,0.0180,-0.9733,2.3909,-0.0956,0.8310,313.3231,imu,
1786712040.263225,0.1004,32.6905403137207,-26.078969955444336,0.0194,-0.9990,2.3922,-0.0943,0.7786,316.3242,imu,
1786712040.375708,0.1125,33.1298713684082,-26.287832260131836,0.0201,-1.0100,2.3939,-0.0928,0.7173,319.8362,imu,
1786712040.517931,0.1422,32.88294219970703,-26.23638916015625,0.0195,-1.0049,2.3961,-0.0911,0.6575,323.2601,imu,
1786712040.620385,0.1025,33.1298713684082,-26.64794158935547,0.0190,-1.0161,2.3977,-0.0900,0.6110,325.9249,imu,
1786712040.697919,0.0775,33.6700325012207,-26.46788787841797,0.0211,-1.0222,2.3991,-0.0891,0.5595,328.8770,imu,
1786712040.780379,0.0825,35.31821823120117,-26.841846466064453,0.0249,-1.0566,2.4009,-0.0881,0.4882,332.9601,imu,
1786712040.878502,0.0981,35.094417572021484,-26.91178321838379,0.0240,-1.0540,2.4031,-0.0871,0.4373,335.8795,imu,
1786712040.979336,0.1008,35.6290168762207,-26.44628143310547,0.0269,-1.0552,2.4056,-0.0862,0.3740,339.5070,imu,
1786712041.194593,0.2153,36.73094940185547,-25.31938934326172,0.0335,-1.0547,2.4125,-0.0840,0.3020,343.6322,imu,
1786712041.211415,0.0168,36.7309455871582,-25.92772674560547,0.0317,-1.0651,2.4130,-0.0839,0.2298,347.7690,imu,
1786712041.292840,0.0814,37.0910530090332,-25.567617416381836,0.0338,-1.0651,2.4157,-0.0834,0.1632,351.5833,imu,
1786712041.522929,0.2301,36.5508918762207,-25.74767303466797,0.0317,-1.0590,2.4229,-0.0827,0.1074,354.7793,imu,
1786712041.530213,0.0073,36.552642822265625,-23.536334991455078,0.0382,-1.0214,2.4232,-0.0826,0.0503,358.0547,imu,
1786712041.590429,0.0602,36.3636360168457,-22.58953094482422,0.0404,-1.0021,2.4257,-0.0827,-0.0100,1.5096,imu,
1786712041.693617,0.1032,36.9109992980957,-22.50670623779297,0.0422,-1.0100,2.4300,-0.0830,-0.0739,5.1696,imu,
1786712041.865526,0.1719,32.845943450927734,-23.486614227294922,0.0274,-0.9575,2.4347,-0.0837,-0.1401,8.9622,imu,
1786712041.908482,0.0430,32.45161437988281,-23.358028411865234,0.0267,-0.9487,2.4358,-0.0839,-0.1909,11.8700,imu,
1786712042.005082,0.0966,32.73054504394531,-23.456892013549805,0.0272,-0.9551,2.4383,-0.0845,-0.2435,14.8843,imu,
1786712042.228171,0.2231,32.13957595825195,-22.95684051513672,0.0269,-0.9365,2.4441,-0.0862,-0.2942,17.7887,imu,
1786712042.228236,0.0001,32.3232307434082,-23.32415008544922,0.0264,-0.9459,2.4441,-0.0862,-0.3424,20.5553,imu,
1786712042.306717,0.0785,30.19707679748535,-23.133432388305664,0.0207,-0.9065,2.4456,-0.0869,-0.3926,23.4262,imu,
1786712042.536712,0.2300,29.201101303100586,-22.77318572998047,0.0188,-0.8835,2.4495,-0.0887,-0.4393,26.1051,imu,
1786712042.544561,0.0078,29.017446517944336,-22.58953094482422,0.0188,-0.8772,2.4497,-0.0888,-0.4856,28.7547,imu,
1786712042.630057,0.0855,28.934284210205078,-22.52369499206543,0.0188,-0.8747,2.4510,-0.0896,-0.5322,31.4273,imu,
1786712042.717279,0.0872,30.084392547607422,-24.13747787475586,0.0174,-0.9217,2.4523,-0.0905,-0.5995,35.2822,imu,
1786712042.892711,0.1754,28.3505859375,-24.249557495117188,0.0120,-0.8941,2.4540,-0.0917,-0.6525,38.3199,imu,
1786712042.981226,0.0885,27.36815643310547,-23.4069766998291,0.0116,-0.8631,2.4548,-0.0924,-0.7043,41.2893,imu,
1786712043.040804,0.0596,27.102447509765625,-23.358028411865234,0.0110,-0.8577,2.4552,-0.0929,-0.7610,44.5359,imu,
1786712043.185211,0.1444,27.18090057373047,-23.32415008544922,0.0113,-0.8585,2.4563,-0.0940,-0.8168,47.7348,imu,
1786712043.224002,0.0388,26.813589096069336,-23.14049530029297,0.0108,-0.8491,2.4566,-0.0944,-0.8712,50.8512,imu,
1786712043.341809,0.1178,24.962779998779297,-21.753280639648438,0.0094,-0.7941,2.4573,-0.0952,-0.9243,53.8924,imu,
1786712043.500312,0.1585,25.09341812133789,-21.820363998413086,0.0096,-0.7974,2.4581,-0.0965,-0.9790,57.0295,imu,
1786712043.531047,0.0307,24.962779998779297,-21.753280639648438,0.0094,-0.7941,2.4583,-0.0968,-1.0290,59.8902,imu,
1786712043.638888,0.1078,24.88779067993164,-21.626632690429688,0.0096,-0.7907,2.4588,-0.0977,-1.0904,63.4102,imu,
1786712043.773280,0.1344,24.911582946777344,-21.638526916503906,0.0096,-0.7913,2.4593,-0.0988,-1.1410,66.3116,imu,
1786712043.843959,0.0707,24.546159744262695,-21.01433753967285,0.0104,-0.7744,2.4596,-0.0995,-1.1950,69.4051,imu,
1786712043.949038,0.1051,24.662206649780273,-18.540382385253906,0.0180,-0.7344,2.4602,-0.1013,-1.2411,72.0455,imu,
1786712044.117365,0.1683,24.42607879638672,-17.6308536529541,0.0199,-0.7149,2.4611,-0.1045,-1.2872,74.6876,imu,
1786712044.154437,0.0371,24.66735076904297,-16.5649356842041,0.0238,-0.7009,2.4613,-0.1054,-1.3344,77.3886,imu,
1786712044.256572,0.1021,23.514671325683594,-0.3432798683643341,0.0679,-0.4055,2.4627,-0.1122,-1.3709,79.4840,imu,
1786712044.452799,0.1962,23.456892013549805,-0.0,0.0688,-0.3987,2.4651,-0.1255,-1.3912,80.6421,imu,
1786712044.504541,0.0517,23.4069766998291,-0.0,0.0686,-0.3979,2.4657,-0.1290,-1.4134,81.9145,imu,
1786712044.615771,0.1112,23.133432388305664,-0.0,0.0678,-0.3932,2.4667,-0.1365,-1.4382,83.3396,imu,
1786712044.812154,0.1964,23.093217849731445,-0.0,0.0677,-0.3925,2.4681,-0.1497,-1.4621,84.7040,imu,
1786712044.950437,0.1383,22.86681365966797,-0.0,0.0670,-0.3887,2.4689,-0.1589,-1.4863,86.0937,imu,
1786712044.950626,0.0002,23.04686737060547,-0.0,0.0676,-0.3918,2.4689,-0.1589,-1.5102,87.4604,imu,
1786712044.990993,0.0404,22.82311248779297,-0.0,0.0669,-0.3879,2.4690,-0.1616,-1.5389,89.1082,imu,
1786712045.123514,0.1325,20.50514030456543,-0.0,0.0601,-0.3485,2.4690,-0.1696,-1.5620,90.4305,imu,
1786712045.194669,0.0712,19.44579315185547,-0.0,0.0570,-0.3305,2.4690,-0.1736,-1.5824,91.5991,imu,
1786712045.304967,0.1103,19.83470916748047,-0.0,0.0582,-0.3372,2.4688,-0.1801,-1.6030,92.7786,imu,
1786712045.472259,0.1673,14.546910285949707,5.818763732910156,0.0597,-0.1484,2.4683,-0.1900,-1.6224,93.8887,imu,
1786712045.517344,0.0451,-0.0,24.071250915527344,0.0706,0.4092,2.4681,-0.1932,-1.6166,93.5602,imu,
1786712045.586248,0.0689,-0.0,21.6712589263916,0.0635,0.3684,2.4680,-0.1976,-1.6081,93.0695,imu,
1786712045.823576,0.2373,-0.0,22.288196563720703,0.0654,0.3789,2.4676,-0.2131,-1.5930,92.2082,imu,
1786712045.823628,0.0001,-0.0,21.78649139404297,0.0639,0.3703,2.4676,-0.2131,-1.5697,90.8740,imu,
1786712045.906545,0.0829,-0.0,22.184038162231445,0.0650,0.3771,2.4678,-0.2185,-1.5445,89.4275,imu,
1786712046.100622,0.1941,-0.0,23.043472290039062,0.0676,0.3917,2.4685,-0.2316,-1.5133,87.6397,imu,
1786712046.116807,0.0162,-0.0,23.001419067382812,0.0674,0.3910,2.4686,-0.2327,-1.4845,85.9929,imu,
1786712046.195300,0.0785,-0.0,22.58953094482422,0.0662,0.3840,2.4692,-0.2378,-1.4570,84.4151,imu,
1786712046.300948,0.1056,-0.0,24.016387939453125,0.0704,0.4082,2.4703,-0.2452,-1.4285,82.7819,imu,
1786712046.453822,0.1529,-0.0,24.24242401123047,0.0711,0.4121,2.4721,-0.2559,-1.3984,81.0594,imu,
1786712046.501286,0.0475,-0.0,23.87511444091797,0.0700,0.4058,2.4728,-0.2592,-1.3696,79.4040,imu,
1786712046.623320,0.1220,-0.0,24.99744987487793,0.0733,0.4249,2.4748,-0.2679,-1.3405,77.7403,imu,
1786712046.763937,0.1406,-0.0,25.711660385131836,0.0754,0.4370,2.4776,-0.2781,-1.3038,75.6358,imu,
1786712046.837398,0.0735,-0.0,25.20751190185547,0.0739,0.4285,2.4792,-0.2833,-1.2740,73.9275,imu,
1786712046.917366,0.0800,-0.0,25.38756561279297,0.0744,0.4315,2.4811,-0.2889,-1.2442,72.2208,imu,
1786712047.126562,0.2092,-12.423701286315918,25.38756561279297,0.0380,0.6427,2.4839,-0.2964,-1.2093,70.2242,imu,
1786712047.133495,0.0069,-24.60616683959961,26.210918426513672,0.0047,0.8638,2.4839,-0.2964,-1.1511,66.8895,imu,
1786712047.223415,0.0899,-23.76708221435547,26.46788787841797,0.0079,0.8539,2.4843,-0.2970,-1.1041,64.1931,imu,
1786712047.326960,0.1035,-23.69145965576172,26.078969955444336,0.0070,0.8460,2.4846,-0.2977,-1.0566,61.4721,imu,
1786712047.465523,0.1386,-23.82056427001953,26.54810905456543,0.0080,0.8562,2.4852,-0.2986,-1.0165,59.1742,imu,
1786712047.569750,0.1042,-17.07988929748535,19.28374481201172,0.0065,0.6181,2.4856,-0.2992,-0.9769,56.9081,imu,
1786712047.628376,0.0586,-0.18183636665344238,0.18183636665344238,0.0000,0.0062,2.4856,-0.2992,-0.9766,56.7100,enc,
1786712047.821280,0.1929,-0.0,-0.0,-0.0000,0.0000,2.4856,-0.2992,-0.9766,56.7492,enc,
1786712047.846790,0.0255,-0.0,-0.0,-0.0000,0.0000,2.4856,-0.2992,-0.9766,56.7492,enc,
1786712047.943464,0.0967,-0.0,-0.0,-0.0000,0.0000,2.4856,-0.2992,-0.9766,56.7581,enc,
1786712048.116612,0.1731,-0.0,-0.0,-0.0000,0.0000,2.4856,-0.2992,-0.9766,56.7491,enc,
1786712048.175353,0.0587,-0.0,-0.0,-0.0000,0.0000,2.4856,-0.2992,-0.9766,56.7581,enc,
1786712048.249122,0.0738,-0.0,-0.0,-0.0000,0.0000,2.4856,-0.2992,-0.9766,56.7581,enc,
1786712048.443513,0.1944,-0.0,-0.0,-0.0000,0.0000,2.4856,-0.2992,-0.9766,56.7581,enc,
1786712048.469857,0.0263,-0.0,-0.0,-0.0000,0.0000,2.4856,-0.2992,-0.9766,56.7582,enc,
1786712048.555007,0.0852,-0.0,-0.0,-0.0000,0.0000,2.4856,-0.2992,-0.9766,56.7582,enc,
1786712048.654458,0.0995,-0.0,-0.0,-0.0000,0.0000,2.4856,-0.2992,-0.9766,56.7582,enc,
1786712048.801513,0.1471,-0.0,-0.0,-0.0000,0.0000,2.4856,-0.2992,-0.9766,56.7582,enc,
1786712048.884862,0.0833,-0.0,-0.0,-0.0000,0.0000,2.4856,-0.2992,-0.9766,56.7564,enc,
1786712048.960423,0.0756,-0.0,-0.0,-0.0000,0.0000,2.4856,-0.2992,-0.9766,56.7564,enc,
1786712049.116724,0.1563,-0.0,-0.0,-0.0000,0.0000,2.4856,-0.2992,-0.9766,56.7582,enc,
1786712049.174879,0.0582,-0.0,-0.0,-0.0000,0.0000,2.4856,-0.2992,-0.9766,56.7582,enc,
1786712049.263819,0.0889,-0.0,-0.0,-0.0000,0.0000,2.4856,-0.2992,-0.9766,56.7582,enc,
1786712049.483725,0.2199,-0.0,-0.0,-0.0000,0.0000,2.4856,-0.2992,-0.9766,56.7582,enc,
1786712049.491290,0.0076,-0.0,-0.0,-0.0000,0.0000,2.4856,-0.2992,-0.9766,56.7582,enc,
1786712049.617965,0.1267,-0.0,-0.0,-0.0000,0.0000,2.4856,-0.2992,-0.9766,56.7582,enc,
1786712049.719529,0.1016,-0.0,-0.0,-0.0000,0.0000,2.4856,-0.2992,-0.9766,56.7582,enc,
1786712049.790337,0.0708,-0.0,-0.0,-0.0000,0.0000,2.4856,-0.2992,-0.9766,56.7582,enc,
1786712049.871997,0.0817,-0.0,-0.0,-0.0000,0.0000,2.4856,-0.2992,-0.9766,56.7583,enc,
1786712050.100315,0.2283,-0.0,-0.0,-0.0000,0.0000,2.4856,-0.2992,-0.9766,56.7583,enc,
1786712050.102917,0.0026,-0.0,-0.0,-0.0000,0.0000,2.4856,-0.2992,-0.9766,56.7583,enc,
1786712050.178327,0.0754,-0.0,-0.0,-0.0000,0.0000,2.4856,-0.2992,-0.9766,56.7583,enc,
1786712050.295374,0.1170,-0.0,-0.0,-0.0000,0.0000,2.4856,-0.2992,-0.9766,56.7583,enc,
1786712050.393039,0.0977,-0.0,-0.0,-0.0000,0.0000,2.4856,-0.2992,-0.9766,56.7583,enc,
1786712050.594263,0.2012,-0.0,-0.0,-0.0000,0.0000,2.4856,-0.2992,-0.9766,56.7583,enc,
1786712051.239007,0.6447,-0.0,-0.0,-0.0000,0.0000,2.4856,-0.2992,-0.9766,56.7584,enc,
1786712051.239071,0.0001,-0.0,-0.0,-0.0000,0.0000,2.4856,-0.2992,-0.9766,56.7584,enc,
1786712051.239083,0.0000,-0.0,-0.0,-0.0000,0.0000,2.4856,-0.2992,-0.9766,56.7584,enc,
1786712051.239093,0.0000,-0.0,-0.0,-0.0000,0.0000,2.4856,-0.2992,-0.9766,56.7584,enc,
1786712051.248055,0.0090,-0.0,-0.0,-0.0000,0.0000,2.4856,-0.2992,-0.9766,56.7584,enc,
1786712051.248097,0.0000,-3.8850038051605225,3.3552308082580566,-0.0016,0.1231,2.4856,-0.2992,-0.9766,56.7584,imu,
1786712051.248120,0.0000,-39.3021125793457,37.28190994262695,-0.0059,1.3018,2.4856,-0.2992,-0.9332,54.2756,imu,
1786712051.296855,0.0487,-38.513999938964844,36.552642822265625,-0.0058,1.2760,2.4854,-0.2989,-0.8629,50.2480,imu,
1786712051.405899,0.1090,-38.15739440917969,36.19602966308594,-0.0058,1.2639,2.4850,-0.2985,-0.7919,46.1793,imu,
1786712051.514031,0.1081,-37.77050018310547,36.21116638183594,-0.0046,1.2575,2.4846,-0.2982,-0.7051,41.2039,imu,
1786712051.605281,0.0913,-38.01652908325195,36.3636360168457,-0.0048,1.2643,2.4842,-0.2979,-0.6310,36.9597,imu,
1786712051.708086,0.1028,-37.8112678527832,36.1907844543457,-0.0048,1.2579,2.4838,-0.2977,-0.5565,32.6920,imu,
1786712051.831546,0.1235,-38.36747360229492,36.7309455871582,-0.0048,1.2765,2.4833,-0.2974,-0.4858,28.6371,imu,
1786712051.908320,0.0768,-37.4655647277832,36.17998123168945,-0.0038,1.2518,2.4830,-0.2973,-0.4139,24.5188,imu,
1786712052.009229,0.1009,-37.64921951293945,36.3636360168457,-0.0038,1.2581,2.4827,-0.2971,-0.3407,20.3239,imu,
1786712052.113228,0.1040,-36.37776565551758,28.784347534179688,-0.0223,1.1076,2.4804,-0.2965,-0.2688,16.2086,imu,
1786712052.238972,0.1257,-25.42911720275879,-30.020484924316406,-0.1626,-0.0780,2.4605,-0.2918,-0.2320,14.0965,imu,
1786712052.317789,0.0788,-26.54810905456543,-26.91178321838379,-0.1568,-0.0062,2.4485,-0.2889,-0.2366,14.3592,imu,
1786712052.445282,0.1275,-27.008047103881836,-26.82799530029297,-0.1579,0.0031,2.4290,-0.2842,-0.2377,14.4231,imu,
1786712052.525576,0.0803,-26.665254592895508,-26.488662719726562,-0.1559,0.0030,2.4168,-0.2813,-0.2346,14.2466,imu,
1786712052.645220,0.1196,-26.389225006103516,-26.210918426513672,-0.1542,0.0030,2.3988,-0.2770,-0.2351,14.2753,imu,
1786712052.727164,0.0819,-26.366273880004883,-26.366273880004883,-0.1546,0.0000,2.3865,-0.2740,-0.2367,14.3675,imu,
1786712052.834141,0.1070,-27.72480010986328,-21.897294998168945,-0.1455,0.0991,2.3714,-0.2704,-0.2371,14.3876,imu,
1786712053.056035,0.2219,-43.52617263793945,32.3232307434082,-0.0328,1.2893,2.3643,-0.2688,-0.2147,13.1058,imu,
1786712053.069479,0.0134,-43.78435134887695,31.806867599487305,-0.0351,1.2849,2.3638,-0.2687,-0.2060,12.6061,imu,
1786712053.174536,0.1051,-26.061481475830078,-22.213476181030273,-0.1415,0.0654,2.3490,-0.2674,-0.0883,5.8673,imu,
1786712053.280404,0.1059,-25.38756561279297,-27.548208236694336,-0.1552,-0.0367,2.3326,-0.2659,-0.0919,6.0701,imu,
1786712053.395953,0.1155,-25.81561851501465,-26.50865364074707,-0.1534,-0.0118,2.3150,-0.2643,-0.0919,6.0701,imu,
1786712053.571873,0.1759,-25.497695922851562,-26.210918426513672,-0.1516,-0.0121,2.2884,-0.2618,-0.0919,6.0699,imu,
1786712053.616814,0.0449,-25.528005599975586,-26.078969955444336,-0.1513,-0.0094,2.2817,-0.2612,-0.0939,6.1833,imu,
1786712053.741659,0.1248,-25.63892936706543,-26.184436798095703,-0.1520,-0.0093,2.2628,-0.2594,-0.0950,6.2460,imu,
1786712053.862902,0.1212,-25.252525329589844,-25.95888900756836,-0.1502,-0.0120,2.2447,-0.2576,-0.0967,6.3438,imu,
1786712053.895885,0.0330,-25.36184310913086,-25.711660385131836,-0.1498,-0.0059,2.2397,-0.2571,-0.0970,6.3641,imu,
1786712053.995076,0.0992,-24.793386459350586,-25.528005599975586,-0.1476,-0.0125,2.2252,-0.2557,-0.0964,6.3289,imu,
1786712054.095157,0.1001,-24.97704315185547,-25.71166229248047,-0.1486,-0.0125,2.2104,-0.2543,-0.0966,6.3425,imu,
1786712054.201704,0.1065,-24.716150283813477,-25.4027099609375,-0.1470,-0.0117,2.1948,-0.2528,-0.0974,6.3850,imu,
1786712054.309079,0.1074,-24.784473419189453,-25.497695922851562,-0.1474,-0.0121,2.1790,-0.2512,-0.0979,6.4132,imu,
1786712054.404786,0.0957,-24.609731674194336,-25.16069793701172,-0.1459,-0.0094,2.1651,-0.2499,-0.0973,6.3787,imu,
1786712054.505898,0.1011,-24.793386459350586,-25.528005599975586,-0.1476,-0.0125,2.1503,-0.2484,-0.0968,6.3509,imu,
1786712054.617275,0.1114,-24.43263816833496,-24.924570083618164,-0.1447,-0.0084,2.1342,-0.2469,-0.0975,6.3934,imu,
1786712054.720321,0.1030,-24.42786407470703,-24.784473419189453,-0.1443,-0.0061,2.1194,-0.2454,-0.0990,6.4781,imu,
1786712054.823773,0.1035,-24.19297981262207,-24.899343490600586,-0.1439,-0.0120,2.1046,-0.2439,-0.0995,6.5047,imu,
1786712054.949917,0.1261,-24.42607879638672,-24.97704315185547,-0.1449,-0.0094,2.0864,-0.2421,-0.1011,6.5961,imu,
1786712055.036166,0.0862,-23.94713592529297,-24.66735076904297,-0.1425,-0.0122,2.0742,-0.2408,-0.0997,6.5203,imu,
1786712055.128532,0.0924,-24.127187728881836,-24.48729705810547,-0.1425,-0.0061,2.0611,-0.2395,-0.1012,6.6048,imu,
1786712055.231985,0.1035,-23.87511444091797,-24.42607879638672,-0.1416,-0.0094,2.0465,-0.2380,-0.1010,6.5905,imu,
1786712055.328654,0.0967,-23.87511444091797,-24.24242401123047,-0.1411,-0.0062,2.0330,-0.2366,-0.1021,6.6542,imu,
1786712055.428865,0.1002,-23.69145965576172,-24.24242401123047,-0.1405,-0.0094,2.0189,-0.2352,-0.1012,6.6067,imu,
1786712055.528668,0.0998,-23.50780487060547,-24.05876922607422,-0.1395,-0.0094,2.0051,-0.2338,-0.1018,6.6408,imu,
1786712055.651426,0.1228,-23.358028411865234,-23.8929443359375,-0.1385,-0.0091,1.9882,-0.2321,-0.1028,6.6967,imu,
1786712055.734574,0.0831,-23.714641571044922,-24.071250915527344,-0.1401,-0.0061,1.9766,-0.2309,-0.1038,6.7531,imu,
1786712055.840614,0.1060,-23.043472290039062,-23.736507415771484,-0.1372,-0.0118,1.9621,-0.2293,-0.1039,6.7603,imu,
1786712055.944642,0.1040,-23.22692108154297,-23.76708221435547,-0.1378,-0.0092,1.9479,-0.2278,-0.1052,6.8306,imu,
1786712056.182622,0.2380,-34.185237884521484,15.456090927124023,-0.0549,0.8438,1.9349,-0.2266,-0.0946,6.2280,imu,
1786712056.192960,0.0103,-41.45869445800781,35.458091735839844,-0.0176,1.3074,1.9347,-0.2266,-0.0430,3.2668,imu,
1786712056.248434,0.0555,-40.475364685058594,33.16483688354492,-0.0214,1.2517,1.9335,-0.2266,0.0241,359.4255,imu,
1786712056.350432,0.1020,-23.4069766998291,-19.8059024810791,-0.1267,0.0612,1.9206,-0.2276,0.0738,356.5775,imu,
1786712056.530178,0.1797,-22.72954559326172,-24.911582946777344,-0.1397,-0.0371,1.8955,-0.2292,0.0659,357.0324,imu,
1786712056.552522,0.0223,-22.95684051513672,-23.50780487060547,-0.1362,-0.0094,1.8925,-0.2294,0.0652,357.0682,imu,
1786712056.657036,0.1045,-23.04686737060547,-23.76708221435547,-0.1373,-0.0122,1.8782,-0.2303,0.0616,357.2780,imu,
1786712056.863528,0.2065,-18.1854190826416,-18.9056339263916,-0.1088,-0.0122,1.8558,-0.2317,0.0607,357.3265,imu,
1786712056.870605,0.0071,-0.35661113262176514,-0.35661113262176514,-0.0021,0.0000,1.8558,-0.2317,0.0607,357.5091,enc,
1786712056.958622,0.0880,-0.0,-0.0,-0.0000,0.0000,1.8558,-0.2317,0.0607,357.3276,enc,
1786712057.059960,0.1013,-0.0,-0.0,-0.0000,0.0000,1.8558,-0.2317,0.0607,357.3835,enc,
1786712057.261788,0.2018,-0.0,-0.0,-0.0000,0.0000,1.8558,-0.2317,0.0607,357.3976,enc,
1786712057.270662,0.0089,-0.0,-0.0,-0.0000,0.0000,1.8558,-0.2317,0.0607,357.3907,enc,
1786712057.398150,0.1275,-0.0,-0.0,-0.0000,0.0000,1.8558,-0.2317,0.0607,357.3905,enc,
1786712057.596041,0.1979,-0.0,-0.0,-0.0000,0.0000,1.8558,-0.2317,0.0607,357.3974,enc,
1786712057.606050,0.0100,-0.0,-0.0,-0.0000,0.0000,1.8558,-0.2317,0.0607,357.3974,enc,
1786712057.674288,0.0682,-0.0,-0.0,-0.0000,0.0000,1.8558,-0.2317,0.0607,357.4043,enc,
1786712058.210747,0.5365,-0.0,-0.0,-0.0000,0.0000,1.8558,-0.2317,0.0607,357.3972,enc,
1786712058.220967,0.0102,-0.0,-0.0,-0.0000,0.0000,1.8558,-0.2317,0.0607,357.3972,enc,
1786712058.273233,0.0523,-0.0,-0.0,-0.0000,0.0000,1.8558,-0.2317,0.0607,357.3971,enc,
1786712058.273289,0.0001,-0.0,-0.0,-0.0000,0.0000,1.8558,-0.2317,0.0607,357.3901,enc,
1786712058.274449,0.0012,-0.0,-0.0,-0.0000,0.0000,1.8558,-0.2317,0.0607,357.3900,enc,
1786712058.637240,0.3628,-0.0,-0.0,-0.0000,0.0000,1.8558,-0.2317,0.0607,357.3829,enc,
1786712059.306813,0.6696,-0.0,-0.0,-0.0000,0.0000,1.8558,-0.2317,0.0607,357.3760,enc,
1786712059.357157,0.0503,-0.0,-0.0,-0.0000,0.0000,1.8558,-0.2317,0.0607,357.3760,enc,
1786712059.358164,0.0010,-0.0,-0.0,-0.0000,0.0000,1.8558,-0.2317,0.0607,357.3761,enc,
1786712059.358176,0.0000,-0.0,-0.0,-0.0000,0.0000,1.8558,-0.2317,0.0607,357.3760,enc,
1786712059.966903,0.6087,-0.0,-0.0,-0.0000,0.0000,1.8558,-0.2317,0.0607,357.3761,enc,
1786712059.966985,0.0001,-0.0,-0.0,-0.0000,0.0000,1.8558,-0.2317,0.0607,357.3760,enc,
1786712059.967009,0.0000,-0.0,-0.0,-0.0000,0.0000,1.8558,-0.2317,0.0607,357.3761,enc,
1786712059.967029,0.0000,-0.0,-0.0,-0.0000,0.0000,1.8558,-0.2317,0.0607,357.3760,enc,
1786712060.459408,0.4924,-0.0,-0.0,-0.0000,0.0000,1.8558,-0.2317,0.0607,357.3759,enc,
1786712060.459614,0.0002,-0.0,-0.0,-0.0000,0.0000,1.8558,-0.2317,0.0607,357.3759,enc,
1786712060.499846,0.0402,-0.0,-0.0,-0.0000,0.0000,1.8558,-0.2317,0.0607,357.3759,enc,
1786712060.499882,0.0000,-0.0,-0.0,-0.0000,0.0000,1.8558,-0.2317,0.0607,357.3759,enc,
1786712060.499894,0.0000,-0.0,-0.0,-0.0000,0.0000,1.8558,-0.2317,0.0607,357.3758,enc,
1786712060.499903,0.0000,-0.0,-0.0,-0.0000,0.0000,1.8558,-0.2317,0.0607,357.3757,enc,
1786712060.499912,0.0000,-0.0,-0.0,-0.0000,0.0000,1.8558,-0.2317,0.0607,357.3758,enc,
1786712060.499921,0.0000,-0.0,-0.0,-0.0000,0.0000,1.8558,-0.2317,0.0607,357.3757,enc,
1786712060.499930,0.0000,-0.0,-0.0,-0.0000,0.0000,1.8558,-0.2317,0.0607,357.3757,enc,
1786712060.604398,0.1045,-0.0,-0.0,-0.0000,0.0000,1.8558,-0.2317,0.0607,357.3828,enc,
1786712060.604453,0.0001,-0.0,-0.0,-0.0000,0.0000,1.8558,-0.2317,0.0607,357.3758,enc,
1786712060.604466,0.0000,-0.0,-0.0,-0.0000,0.0000,1.8558,-0.2317,0.0607,357.3828,enc,
1786712060.604476,0.0000,-0.0,-0.0,-0.0000,0.0000,1.8558,-0.2317,0.0607,357.3897,enc,
1786712061.556237,0.9518,-0.0,-0.0,-0.0000,0.0000,1.8558,-0.2317,0.0607,357.3897,enc,
1786712061.556299,0.0001,-0.0,-0.0,-0.0000,0.0000,1.8558,-0.2317,0.0607,357.3896,enc,
1786712061.556313,0.0000,-0.0,-0.0,-0.0000,0.0000,1.8558,-0.2317,0.0607,357.3896,enc,
1786712061.556322,0.0000,-0.0,-0.0,-0.0000,0.0000,1.8558,-0.2317,0.0607,357.3897,enc,
1786712061.556331,0.0000,-0.0,-0.0,-0.0000,0.0000,1.8558,-0.2317,0.0607,357.3897,enc,
1786712061.556339,0.0000,-0.0,-0.0,-0.0000,0.0000,1.8558,-0.2317,0.0607,357.3896,enc,
1786712062.155262,0.5989,-0.0,-0.0,-0.0000,0.0000,1.8558,-0.2317,0.0607,357.3896,enc,
1786712062.155321,0.0001,-0.0,-0.0,-0.0000,0.0000,1.8558,-0.2317,0.0607,357.3895,enc,
1786712062.155334,0.0000,-0.0,-0.0,-0.0000,0.0000,1.8558,-0.2317,0.0607,357.3895,enc,
1786712062.155344,0.0000,-0.0,-0.0,-0.0000,0.0000,1.8558,-0.2317,0.0607,357.3895,enc,
1786712062.155352,0.0000,-0.0,-0.0,-0.0000,0.0000,1.8558,-0.2317,0.0607,357.3895,enc,
1786712062.155360,0.0000,-0.0,-0.0,-0.0000,0.0000,1.8558,-0.2317,0.0607,357.3895,enc,
1786712062.437150,0.2818,-0.0,-0.0,-0.0000,0.0000,1.8558,-0.2317,0.0607,357.3895,enc,
1786712062.437207,0.0001,-0.0,-0.0,-0.0000,0.0000,1.8558,-0.2317,0.0607,357.3895,enc,
1786712062.437220,0.0000,-0.0,-0.0,-0.0000,0.0000,1.8558,-0.2317,0.0607,357.3895,enc,
1786712062.437230,0.0000,-0.0,-0.0,-0.0000,0.0000,1.8558,-0.2317,0.0607,357.3895,enc,
1786712062.437238,0.0000,-0.0,-0.0,-0.0000,0.0000,1.8558,-0.2317,0.0607,357.3895,enc,
1786712062.439019,0.0018,-0.0,-0.0,-0.0000,0.0000,1.8558,-0.2317,0.0607,357.3896,enc,
1786712062.763434,0.3244,-0.0,-0.0,-0.0000,0.0000,1.8558,-0.2317,0.0607,357.3896,enc,
1786712062.809668,0.0462,-0.0,-0.0,-0.0000,0.0000,1.8558,-0.2317,0.0607,357.3896,enc,
1786712063.497146,0.6875,-0.0,-0.0,-0.0000,0.0000,1.8558,-0.2317,0.0607,357.3896,enc,
1786712063.497217,0.0001,-0.0,-0.0,-0.0000,0.0000,1.8558,-0.2317,0.0607,357.3896,enc,
1786712063.497231,0.0000,-0.0,-0.0,-0.0000,0.0000,1.8558,-0.2317,0.0607,357.3896,enc,
1786712063.516692,0.0195,-0.0,-0.0,-0.0000,0.0000,1.8558,-0.2317,0.0607,357.3896,enc,
1786712063.663281,0.1466,-0.0,-0.0,-0.0000,0.0000,1.8558,-0.2317,0.0607,357.3896,enc,
1786712064.919318,1.2560,-0.0,-0.0,-0.0000,0.0000,1.8558,-0.2317,0.0607,357.3896,enc,
1786712064.919426,0.0001,-0.0,-0.0,-0.0000,0.0000,1.8558,-0.2317,0.0607,357.3895,enc,
1786712064.919445,0.0000,-0.0,-0.0,-0.0000,0.0000,1.8558,-0.2317,0.0607,357.3896,enc,
1786712064.919455,0.0000,-0.0,-0.0,-0.0000,0.0000,1.8558,-0.2317,0.0607,357.3896,enc,
1786712064.919464,0.0000,-0.0,-0.0,-0.0000,0.0000,1.8558,-0.2317,0.0607,357.3896,enc,
1786712064.919472,0.0000,-0.0,-0.0,-0.0000,0.0000,1.8558,-0.2317,0.0607,357.3895,enc,
1786712064.919480,0.0000,-0.0,-0.0,-0.0000,0.0000,1.8558,-0.2317,0.0607,357.3895,enc,
1786712064.919488,0.0000,-0.0,-0.0,-0.0000,0.0000,1.8558,-0.2317,0.0607,357.3895,enc,
1786712064.919496,0.0000,-0.0,-0.0,-0.0000,0.0000,1.8558,-0.2317,0.0607,357.3895,enc,
1786712064.919504,0.0000,-0.0,-0.0,-0.0000,0.0000,1.8558,-0.2317,0.0607,357.3895,enc,
1786712064.919513,0.0000,-0.0,-0.0,-0.0000,0.0000,1.8558,-0.2317,0.0607,357.3895,enc,
1786712064.919521,0.0000,-0.0,-0.0,-0.0000,0.0000,1.8558,-0.2317,0.0607,357.3895,enc,
1786712064.919529,0.0000,-0.0,-0.0,-0.0000,0.0000,1.8558,-0.2317,0.0607,357.3896,enc,
1786712064.919538,0.0000,-0.0,-0.0,-0.0000,0.0000,1.8558,-0.2317,0.0607,357.3896,enc,
1786712064.919546,0.0000,-0.0,-0.0,-0.0000,0.0000,1.8558,-0.2317,0.0607,357.3896,enc,
1786712064.919554,0.0000,-0.0,-0.0,-0.0000,0.0000,1.8558,-0.2317,0.0607,357.3896,enc,
1786712065.056052,0.1365,-0.0,-0.0,-0.0000,0.0000,1.8558,-0.2317,0.0607,357.3896,enc,
1786712065.056110,0.0001,-0.0,-0.0,-0.0000,0.0000,1.8558,-0.2317,0.0607,357.3896,enc,
1786712065.056128,0.0000,-0.0,-0.0,-0.0000,0.0000,1.8558,-0.2317,0.0607,357.3896,enc,
1786712065.056139,0.0000,-0.0,-0.0,-0.0000,0.0000,1.8558,-0.2317,0.0607,357.3896,enc,
1786712065.133734,0.0776,-0.0,-0.0,-0.0000,0.0000,1.8558,-0.2317,0.0607,357.3896,enc,
1786712065.227607,0.0939,-0.0,-0.0,-0.0000,0.0000,1.8558,-0.2317,0.0607,357.3895,enc,
1786712065.345679,0.1181,-0.0,-0.0,-0.0000,0.0000,1.8558,-0.2317,0.0607,357.3895,enc,
1786712065.433245,0.0876,-0.0,-0.0,-0.0000,0.0000,1.8558,-0.2317,0.0607,357.3895,enc,
1786712065.527053,0.0938,-0.0,-0.0,-0.0000,0.0000,1.8558,-0.2317,0.0607,357.3895,enc,
1786712065.628385,0.1013,-0.0,-0.0,-0.0000,0.0000,1.8558,-0.2317,0.0607,357.3895,enc,
1786712065.736125,0.1077,-0.0,-0.0,-0.0000,0.0000,1.8558,-0.2317,0.0607,357.3893,enc,
1786712065.825031,0.0889,-0.0,-0.0,-0.0000,0.0000,1.8558,-0.2317,0.0607,357.3893,enc,
1786712065.968381,0.1433,-0.0,-0.0,-0.0000,0.0000,1.8558,-0.2317,0.0607,357.3893,enc,
1786712066.069145,0.1008,-0.0,-0.0,-0.0000,0.0000,1.8558,-0.2317,0.0607,357.3893,enc,
1786712066.166337,0.0972,-0.0,-0.0,-0.0000,0.0000,1.8558,-0.2317,0.0607,357.3893,enc,
1786712066.292429,0.1261,-0.0,-0.0,-0.0000,0.0000,1.8558,-0.2317,0.0607,357.3893,enc,
1786712066.342739,0.0503,-0.0,-0.0,-0.0000,0.0000,1.8558,-0.2317,0.0607,357.3893,enc,
1786712066.459918,0.1172,-0.0,-0.0,-0.0000,0.0000,1.8558,-0.2317,0.0607,357.3893,enc,
1786712066.690349,0.2304,-0.0,-0.0,-0.0000,0.0000,1.8558,-0.2317,0.0607,357.3893,enc,
1786712066.691756,0.0014,-0.0,-0.0,-0.0000,0.0000,1.8558,-0.2317,0.0607,357.3892,enc,
1786712066.765879,0.0741,-0.0,-0.0,-0.0000,0.0000,1.8558,-0.2317,0.0607,357.3892,enc,
1786712066.847430,0.0816,-0.0,-0.0,-0.0000,0.0000,1.8558,-0.2317,0.0607,357.3892,enc,
1786712066.988935,0.1415,-0.0,-0.0,-0.0000,0.0000,1.8558,-0.2317,0.0607,357.3891,enc,
1786712067.195029,0.2061,-0.0,-0.0,-0.0000,0.0000,1.8558,-0.2317,0.0607,357.3892,enc,
1786712067.201071,0.0060,-0.0,-0.0,-0.0000,0.0000,1.8558,-0.2317,0.0607,357.3893,enc,
1786712067.289085,0.0880,-0.0,-0.0,-0.0000,0.0000,1.8558,-0.2317,0.0607,357.3892,enc,
1786712067.425622,0.1365,-0.0,-0.0,-0.0000,0.0000,1.8558,-0.2317,0.0607,357.3893,enc,
1786712067.480595,0.0550,-0.0,-0.0,-0.0000,0.0000,1.8558,-0.2317,0.0607,357.3892,enc,
1786712067.688933,0.2083,-0.0,-0.0,-0.0000,0.0000,1.8558,-0.2317,0.0607,357.3892,enc,
1786712067.689016,0.0001,-0.0,-0.0,-0.0000,0.0000,1.8558,-0.2317,0.0607,357.3892,enc,
1786712067.898444,0.2094,-0.0,-0.0,-0.0000,0.0000,1.8558,-0.2317,0.0607,357.3892,enc,
1786712067.898507,0.0001,-0.0,-0.0,-0.0000,0.0000,1.8558,-0.2317,0.0607,357.3892,enc,
1786712068.124444,0.2259,-0.0,-0.0,-0.0000,0.0000,1.8558,-0.2317,0.0607,357.3892,enc,
1786712068.124512,0.0001,-0.0,-0.0,-0.0000,0.0000,1.8558,-0.2317,0.0607,357.3892,enc,
1786712068.310982,0.1865,-0.0,-0.0,-0.0000,0.0000,1.8558,-0.2317,0.0607,357.3892,enc,
1786712068.318792,0.0078,-0.0,-0.0,-0.0000,0.0000,1.8558,-0.2317,0.0607,357.3893,enc,
1786712068.379359,0.0606,-0.0,-0.0,-0.0000,0.0000,1.8558,-0.2317,0.0607,357.3893,enc,
1786712068.532776,0.1534,-0.0,-0.0,-0.0000,0.0000,1.8558,-0.2317,0.0607,357.3893,enc,
1786712068.614118,0.0813,-0.0,-0.0,-0.0000,0.0000,1.8558,-0.2317,0.0607,357.3893,enc,
1786712068.739392,0.1253,-0.0,-0.0,-0.0000,0.0000,1.8558,-0.2317,0.0607,357.3893,enc,
1786712068.785756,0.0464,-0.0,-0.0,-0.0000,0.0000,1.8558,-0.2317,0.0607,357.3893,enc,
1786712068.964483,0.1787,-0.0,-0.0,-0.0000,0.0000,1.8558,-0.2317,0.0607,357.3893,enc,
1786712068.997300,0.0328,-0.0,-0.0,-0.0000,0.0000,1.8558,-0.2317,0.0607,357.3892,enc,
1786712069.149930,0.1526,-0.0,-0.0,-0.0000,0.0000,1.8558,-0.2317,0.0607,357.3892,enc,
1786712069.208702,0.0588,-0.0,-0.0,-0.0000,0.0000,1.8558,-0.2317,0.0607,357.3892,enc,
1786712069.299902,0.0912,-0.0,-0.0,-0.0000,0.0000,1.8558,-0.2317,0.0607,357.3892,enc,
1786712069.428530,0.1286,-0.0,-0.0,-0.0000,0.0000,1.8558,-0.2317,0.0607,357.3893,enc,
1786712069.543194,0.1147,-0.0,-0.0,-0.0000,0.0000,1.8558,-0.2317,0.0607,357.3893,enc,
1786712069.605269,0.0621,-0.0,-0.0,-0.0000,0.0000,1.8558,-0.2317,0.0607,357.3893,enc,
1786712069.693980,0.0887,-0.0,-0.0,-0.0000,0.0000,1.8558,-0.2317,0.0607,357.3893,enc,
1786712069.815526,0.1215,-0.0,-0.0,-0.0000,0.0000,1.8558,-0.2317,0.0607,357.3893,enc,
1786712069.899306,0.0838,-0.0,-0.0,-0.0000,0.0000,1.8558,-0.2317,0.0607,357.3893,enc,
1786712070.009499,0.1102,-0.0,-0.0,-0.0000,0.0000,1.8558,-0.2317,0.0607,357.3893,enc,
1786712070.127704,0.1182,-0.0,-0.0,-0.0000,0.0000,1.8558,-0.2317,0.0607,357.3893,enc,
1786712070.195802,0.0681,-0.0,-0.0,-0.0000,0.0000,1.8558,-0.2317,0.0607,357.3893,enc,
1786712070.332360,0.1366,-0.0,-0.0,-0.0000,0.0000,1.8558,-0.2317,0.0607,357.3893,enc,
1786712070.402222,0.0699,-0.0,-0.0,-0.0000,0.0000,1.8558,-0.2317,0.0607,357.3893,enc,
1786712070.506219,0.1040,-0.0,-0.0,-0.0000,0.0000,1.8558,-0.2317,0.0607,357.3893,enc,
1786712070.603350,0.0971,-0.0,-0.0,-0.0000,0.0000,1.8558,-0.2317,0.0607,357.3893,enc,
1786712070.704661,0.1013,-0.0,-0.0,-0.0000,0.0000,1.8558,-0.2317,0.0607,357.3893,enc,
1786712070.861623,0.1570,-0.0,-0.0,-0.0000,0.0000,1.8558,-0.2317,0.0607,357.3893,enc,
1786712070.909462,0.0478,-0.0,-0.0,-0.0000,0.0000,1.8558,-0.2317,0.0607,357.3893,enc,
1786712071.009722,0.1003,-0.0,-0.0,-0.0000,0.0000,1.8558,-0.2317,0.0607,357.3893,enc,
1786712071.236612,0.2269,-0.0,-0.0,-0.0000,0.0000,1.8558,-0.2317,0.0607,357.3893,enc,
1786712071.236684,0.0001,-0.0,-0.0,-0.0000,0.0000,1.8558,-0.2317,0.0607,357.3893,enc,
1786712071.406386,0.1697,-0.0,-0.0,-0.0000,0.0000,1.8558,-0.2317,0.0607,357.3893,enc,
1786712071.430886,0.0245,-0.0,-0.0,-0.0000,0.0000,1.8558,-0.2317,0.0607,357.3893,enc,
1786712071.603506,0.1726,-0.0,-0.0,-0.0000,0.0000,1.8558,-0.2317,0.0607,357.3893,enc,
1786712071.655781,0.0523,-0.0,-0.0,-0.0000,0.0000,1.8558,-0.2317,0.0607,357.3893,enc,
1786712071.840984,0.1852,-0.0,-0.0,-0.0000,0.0000,1.8558,-0.2317,0.0607,357.3893,enc,
1786712071.841050,0.0001,-0.0,-0.0,-0.0000,0.0000,1.8558,-0.2317,0.0607,357.3893,enc,
1786712072.037784,0.1967,-0.0,-0.0,-0.0000,0.0000,1.8558,-0.2317,0.0607,357.3894,enc,
1786712072.039354,0.0016,-0.0,-0.0,-0.0000,0.0000,1.8558,-0.2317,0.0607,357.3894,enc,
1786712072.288839,0.2495,-0.0,-0.0,-0.0000,0.0000,1.8558,-0.2317,0.0607,357.3894,enc,
1786712072.297228,0.0084,-0.0,-0.0,-0.0000,0.0000,1.8558,-0.2317,0.0607,357.3895,enc,
1786712072.483988,0.1868,-0.0,-0.0,-0.0000,0.0000,1.8558,-0.2317,0.0607,357.3895,enc,
1786712072.484062,0.0001,-0.0,-0.0,-0.0000,0.0000,1.8558,-0.2317,0.0607,357.3895,enc,
1786712072.556191,0.0721,-0.0,-0.0,-0.0000,0.0000,1.8558,-0.2317,0.0607,357.3895,enc,
1786712072.698349,0.1422,-0.0,-0.0,-0.0000,0.0000,1.8558,-0.2317,0.0607,357.3895,enc,
1786712072.763760,0.0654,-0.0,-0.0,-0.0000,0.0000,1.8558,-0.2317,0.0607,357.3894,enc,
1786712072.964524,0.2008,-0.0,-0.0,-0.0000,0.0000,1.8558,-0.2317,0.0607,357.3894,enc,
1786712072.964655,0.0001,-0.0,-0.0,-0.0000,0.0000,1.8558,-0.2317,0.0607,357.3894,enc,
1786712073.141924,0.1773,-0.0,-0.0,-0.0000,0.0000,1.8558,-0.2317,0.0607,357.3895,enc,
1786712073.165509,0.0236,-0.0,-0.0,-0.0000,0.0000,1.8558,-0.2317,0.0607,357.3895,enc,
1786712073.452339,0.2868,-0.0,-0.0,-0.0000,0.0000,1.8558,-0.2317,0.0607,357.3895,enc,
1786712073.452663,0.0003,-0.0,-0.0,-0.0000,0.0000,1.8558,-0.2317,0.0607,357.3896,enc,
1786712073.497177,0.0445,-0.0,-0.0,-0.0000,0.0000,1.8558,-0.2317,0.0607,357.3896,enc,
1786712073.656836,0.1597,-0.0,-0.0,-0.0000,0.0000,1.8558,-0.2317,0.0607,357.3896,enc,
1786712073.661289,0.0045,-0.0,-0.0,-0.0000,0.0000,1.8558,-0.2317,0.0607,357.3896,enc,
1786712073.769933,0.1086,-0.0,-0.0,-0.0000,0.0000,1.8558,-0.2317,0.0607,357.3896,enc,
1786712074.095351,0.3254,-0.0,-0.0,-0.0000,0.0000,1.8558,-0.2317,0.0607,357.3896,enc,
1786712074.095412,0.0001,-0.0,-0.0,-0.0000,0.0000,1.8558,-0.2317,0.0607,357.3896,enc,
1786712074.095430,0.0000,-0.0,-0.0,-0.0000,0.0000,1.8558,-0.2317,0.0607,357.3896,enc,
1786712074.175916,0.0805,-0.0,-0.0,-0.0000,0.0000,1.8558,-0.2317,0.0607,357.3896,enc,
1786712074.358995,0.1831,-0.0,-0.0,-0.0000,0.0000,1.8558,-0.2317,0.0607,357.3896,enc,
1786712074.395758,0.0368,-0.0,-0.0,-0.0000,0.0000,1.8558,-0.2317,0.0607,357.3896,enc,
1786712074.485991,0.0902,-0.0,-0.0,-0.0000,0.0000,1.8558,-0.2317,0.0607,357.3896,enc,
1786712074.580120,0.0941,-0.0,-0.0,-0.0000,0.0000,1.8558,-0.2317,0.0607,357.3896,enc,
1786712074.701329,0.1212,-0.0,-0.0,-0.0000,0.0000,1.8558,-0.2317,0.0607,357.3896,enc,
1786712074.799485,0.0982,-0.0,-0.0,-0.0000,0.0000,1.8558,-0.2317,0.0607,357.3896,enc,
1786712074.887234,0.0877,-0.0,-0.0,-0.0000,0.0000,1.8558,-0.2317,0.0607,357.3896,enc,
1786712075.167382,0.2801,-0.0,-0.0,-0.0000,0.0000,1.8558,-0.2317,0.0607,357.3896,enc,
1786712075.167436,0.0001,-0.0,-0.0,-0.0000,0.0000,1.8558,-0.2317,0.0607,357.3896,enc,
1786712075.187912,0.0205,-0.0,-0.0,-0.0000,0.0000,1.8558,-0.2317,0.0607,357.3896,enc,
1786712075.367040,0.1791,-0.0,-0.0,-0.0000,0.0000,1.8558,-0.2317,0.0607,357.3896,enc,
1786712075.778572,0.4115,-0.0,-0.0,-0.0000,0.0000,1.8558,-0.2317,0.0607,357.3896,enc,
1786712075.778628,0.0001,-0.0,-0.0,-0.0000,0.0000,1.8558,-0.2317,0.0607,357.3896,enc,
1786712075.778643,0.0000,-0.0,-0.0,-0.0000,0.0000,1.8558,-0.2317,0.0607,357.3897,enc,
1786712075.778653,0.0000,-0.0,-0.0,-0.0000,0.0000,1.8558,-0.2317,0.0607,357.3897,enc,
1786712076.103311,0.3247,-0.0,-0.0,-0.0000,0.0000,1.8558,-0.2317,0.0607,357.3897,enc,
1786712076.103367,0.0001,-0.0,-0.0,-0.0000,0.0000,1.8558,-0.2317,0.0607,357.3897,enc,
1786712076.103380,0.0000,-0.0,-0.0,-0.0000,0.0000,1.8558,-0.2317,0.0607,357.3897,enc,
1786712076.226452,0.1231,-0.0,-0.0,-0.0000,0.0000,1.8558,-0.2317,0.0607,357.3897,enc,
1786712076.466240,0.2398,-0.0,-0.0,-0.0000,0.0000,1.8558,-0.2317,0.0607,357.3897,enc,
1786712076.466290,0.0000,-0.0,-0.0,-0.0000,0.0000,1.8558,-0.2317,0.0607,357.3897,enc,
1786712076.466303,0.0000,-0.0,-0.0,-0.0000,0.0000,1.8558,-0.2317,0.0607,357.3897,enc,
1786712076.518031,0.0517,-0.0,-0.0,-0.0000,0.0000,1.8558,-0.2317,0.0607,357.3897,enc,
1786712076.673387,0.1554,-0.0,-0.0,-0.0000,0.0000,1.8558,-0.2317,0.0607,357.3896,enc,
1786712077.107257,0.4339,-0.0,-0.0,-0.0000,0.0000,1.8558,-0.2317,0.0607,357.3896,enc,
1786712077.107351,0.0001,-0.0,-0.0,-0.0000,0.0000,1.8558,-0.2317,0.0607,357.3896,enc,
1786712077.107364,0.0000,-0.0,-0.0,-0.0000,0.0000,1.8558,-0.2317,0.0607,357.3896,enc,
1786712077.109209,0.0018,-0.0,-0.0,-0.0000,0.0000,1.8558,-0.2317,0.0607,357.3896,enc,
1786712077.300238,0.1910,-0.0,-0.0,-0.0000,0.0000,1.8558,-0.2317,0.0607,357.3896,enc,
1786712077.300292,0.0001,-0.0,-0.0,-0.0000,0.0000,1.8558,-0.2317,0.0607,357.3896,enc,
1786712077.393540,0.0932,-0.0,-0.0,-0.0000,0.0000,1.8558,-0.2317,0.0607,357.3896,enc,
1786712077.591854,0.1983,-0.0,-0.0,-0.0000,0.0000,1.8558,-0.2317,0.0607,357.3896,enc,
1786712077.662466,0.0706,-0.0,-0.0,-0.0000,0.0000,1.8558,-0.2317,0.0607,357.3897,enc,
1786712077.678490,0.0160,-0.0,-0.0,-0.0000,0.0000,1.8558,-0.2317,0.0607,357.3897,enc,
1786712077.750520,0.0720,-0.0,-0.0,-0.0000,0.0000,1.8558,-0.2317,0.0607,357.3897,enc,
1786712077.838802,0.0883,-0.0,-0.0,-0.0000,0.0000,1.8558,-0.2317,0.0607,357.3897,enc,
1786712078.184730,0.3459,-0.0,-0.0,-0.0000,0.0000,1.8558,-0.2317,0.0607,357.3897,enc,
1786712078.184796,0.0001,-0.0,-0.0,-0.0000,0.0000,1.8558,-0.2317,0.0607,357.3897,enc,
1786712078.184820,0.0000,-0.0,-0.0,-0.0000,0.0000,1.8558,-0.2317,0.0607,357.3897,enc,
1786712078.284314,0.0995,-0.0,-0.0,-0.0000,0.0000,1.8558,-0.2317,0.0607,357.3896,enc,
1786712078.439571,0.1553,-0.0,-0.0,-0.0000,0.0000,1.8558,-0.2317,0.0607,357.3896,enc,
1786712078.455032,0.0155,-0.0,-0.0,-0.0000,0.0000,1.8558,-0.2317,0.0607,357.3896,enc,
1786712078.546631,0.0916,-0.0,-0.0,-0.0000,0.0000,1.8558,-0.2317,0.0607,357.3896,enc,
1786712078.887357,0.3407,-0.0,-0.0,-0.0000,0.0000,1.8558,-0.2317,0.0607,357.3896,enc,
1786712078.887459,0.0001,-0.0,-0.0,-0.0000,0.0000,1.8558,-0.2317,0.0607,357.3896,enc,
1786712078.887485,0.0000,-0.0,-0.0,-0.0000,0.0000,1.8558,-0.2317,0.0607,357.3896,enc,
1786712078.967388,0.0799,-0.0,-0.0,-0.0000,0.0000,1.8558,-0.2317,0.0607,357.3896,enc,
1786712079.113243,0.1459,-0.0,-0.0,-0.0000,0.0000,1.8558,-0.2317,0.0607,357.3896,enc,
1786712079.166317,0.0531,-0.0,-0.0,-0.0000,0.0000,1.8558,-0.2317,0.0607,357.3896,enc,
1786712079.284198,0.1179,-0.0,-0.0,-0.0000,0.0000,1.8558,-0.2317,0.0607,357.3896,enc,
1786712079.511160,0.2270,-0.0,-0.0,-0.0000,0.0000,1.8558,-0.2317,0.0607,357.3896,enc,
1786712079.520680,0.0095,-0.0,-0.0,-0.0000,0.0000,1.8558,-0.2317,0.0607,357.3896,enc,
1786712079.571782,0.0511,-0.0,-0.0,-0.0000,0.0000,1.8558,-0.2317,0.0607,357.3896,enc,
1786712079.748737,0.1770,-0.0,-0.0,-0.0000,0.0000,1.8558,-0.2317,0.0607,357.3896,enc,
1786712079.769598,0.0209,-0.0,-0.0,-0.0000,0.0000,1.8558,-0.2317,0.0607,357.3896,enc,
1786712079.953232,0.1836,-0.0,-0.0,-0.0000,0.0000,1.8558,-0.2317,0.0607,357.3896,enc,
1786712079.996615,0.0434,-0.0,-0.0,-0.0000,0.0000,1.8558,-0.2317,0.0607,357.3896,enc,
1786712080.190142,0.1935,-0.0,-0.0,-0.0000,0.0000,1.8558,-0.2317,0.0607,357.3896,enc,
1786712080.190217,0.0001,-0.0,-0.0,-0.0000,0.0000,1.8558,-0.2317,0.0607,357.3896,enc,
1786712080.403788,0.2136,-0.0,-0.0,-0.0000,0.0000,1.8558,-0.2317,0.0607,357.3896,enc,
1786712080.404581,0.0008,-0.0,-0.0,-0.0000,0.0000,1.8558,-0.2317,0.0607,357.3896,enc,
1786712080.482691,0.0781,-0.0,-0.0,-0.0000,0.0000,1.8558,-0.2317,0.0607,357.3896,enc,
1786712080.680344,0.1977,-0.0,-0.0,-0.0000,0.0000,1.8558,-0.2317,0.0607,357.3896,enc,
1786712080.865118,0.1848,-0.0,-0.0,-0.0000,0.0000,1.8558,-0.2317,0.0607,357.3896,enc,
1786712081.122165,0.2570,-0.0,-0.0,-0.0000,0.0000,1.8558,-0.2317,0.0607,357.3896,enc,
1786712081.122244,0.0001,-0.0,-0.0,-0.0000,0.0000,1.8558,-0.2317,0.0607,357.3896,enc,
1786712081.122269,0.0000,-0.0,-0.0,-0.0000,0.0000,1.8558,-0.2317,0.0607,357.3896,enc,
1786712081.125710,0.0034,-0.0,-0.0,-0.0000,0.0000,1.8558,-0.2317,0.0607,357.3896,enc,
1786712081.447731,0.3220,-0.0,-0.0,-0.0000,0.0000,1.8558,-0.2317,0.0607,357.3896,enc,
1786712081.447797,0.0001,-0.0,-0.0,-0.0000,0.0000,1.8558,-0.2317,0.0607,357.3896,enc,
1786712081.447820,0.0000,-0.0,-0.0,-0.0000,0.0000,1.8558,-0.2317,0.0607,357.3895,enc,
1786712081.505243,0.0574,-0.0,-0.0,-0.0000,0.0000,1.8558,-0.2317,0.0607,357.3895,enc,
1786712081.634468,0.1292,-0.0,-0.0,-0.0000,0.0000,1.8558,-0.2317,0.0607,357.3895,enc,
1786712081.715962,0.0815,-0.0,-0.0,-0.0000,0.0000,1.8558,-0.2317,0.0607,357.3895,enc,
1786712081.818141,0.1022,-0.0,-0.0,-0.0000,0.0000,1.8558,-0.2317,0.0607,357.3895,enc,
1786712081.960327,0.1422,-0.0,-0.0,-0.0000,0.0000,1.8558,-0.2317,0.0607,357.3895,enc,
1786712082.051965,0.0916,-0.0,-0.0,-0.0000,0.0000,1.8558,-0.2317,0.0607,357.3895,enc,
1786712082.150721,0.0988,-0.0,-0.0,-0.0000,0.0000,1.8558,-0.2317,0.0607,357.3895,enc,
1786712082.258626,0.1079,-0.0,-0.0,-0.0000,0.0000,1.8558,-0.2317,0.0607,357.3895,enc,
1786712082.320103,0.0615,-0.0,-0.0,-0.0000,0.0000,1.8558,-0.2317,0.0607,357.3895,enc,
1786712082.420500,0.1004,-0.0,-0.0,-0.0000,0.0000,1.8558,-0.2317,0.0607,357.3895,enc,
1786712082.556800,0.1363,-0.0,-0.0,-0.0000,0.0000,1.8558,-0.2317,0.0607,357.3895,enc,
1786712082.650506,0.0937,-0.0,-0.0,-0.0000,0.0000,1.8558,-0.2317,0.0607,357.3894,enc,
1786712082.756553,0.1060,-0.0,-0.0,-0.0000,0.0000,1.8558,-0.2317,0.0607,357.3894,enc,
1786712082.827705,0.0712,-0.0,-0.0,-0.0000,0.0000,1.8558,-0.2317,0.0607,357.3895,enc,
1786712083.050350,0.2226,-0.0,-0.0,-0.0000,0.0000,1.8558,-0.2317,0.0607,357.3895,enc,
1786712083.063395,0.0130,-0.0,-0.0,-0.0000,0.0000,1.8558,-0.2317,0.0607,357.3895,enc,
1786712083.133733,0.0703,-0.0,-0.0,-0.0000,0.0000,1.8558,-0.2317,0.0607,357.3895,enc,
1786712083.238642,0.1049,-0.0,-0.0,-0.0000,0.0000,1.8558,-0.2317,0.0607,357.3895,enc,
1786712083.338325,0.0997,-0.0,-0.0,-0.0000,0.0000,1.8558,-0.2317,0.0607,357.3895,enc,
1786712083.517462,0.1791,-0.0,-0.0,-0.0000,0.0000,1.8558,-0.2317,0.0607,357.3895,enc,
1786712083.552286,0.0348,-0.0,-0.0,-0.0000,0.0000,1.8558,-0.2317,0.0607,357.3895,enc,
1786712083.920480,0.3682,-0.0,-0.0,-0.0000,0.0000,1.8558,-0.2317,0.0607,357.3895,enc,
1786712083.999795,0.0793,-0.0,-0.0,-0.0000,0.0000,1.8558,-0.2317,0.0607,357.3894,enc,
1786712083.999871,0.0001,-0.0,-0.0,-0.0000,0.0000,1.8558,-0.2317,0.0607,357.3893,enc,
1786712083.999898,0.0000,-0.0,-0.0,-0.0000,0.0000,1.8558,-0.2317,0.0607,357.3893,enc,
1786712084.362074,0.3622,-0.0,-0.0,-0.0000,0.0000,1.8558,-0.2317,0.0607,357.3893,enc,
1786712084.374554,0.0125,-0.0,-0.0,-0.0000,0.0000,1.8558,-0.2317,0.0607,357.3893,enc,
1786712084.374595,0.0000,-0.0,-0.0,-0.0000,0.0000,1.8558,-0.2317,0.0607,357.3893,enc,
1786712084.387316,0.0127,-0.0,-0.0,-0.0000,0.0000,1.8558,-0.2317,0.0607,357.3893,enc,
1786712084.691415,0.3041,-0.0,-0.0,-0.0000,0.0000,1.8558,-0.2317,0.0607,357.3892,enc,
1786712084.691481,0.0001,-0.0,-0.0,-0.0000,0.0000,1.8558,-0.2317,0.0607,357.3892,enc,
1786712084.691504,0.0000,-0.0,-0.0,-0.0000,0.0000,1.8558,-0.2317,0.0607,357.3893,enc,
1786712084.901304,0.2098,-0.0,-0.0,-0.0000,0.0000,1.8558,-0.2317,0.0607,357.3893,enc,
1786712084.901627,0.0003,-0.0,-0.0,-0.0000,0.0000,1.8558,-0.2317,0.0607,357.3893,enc,
1786712085.084470,0.1828,-0.0,-0.0,-0.0000,0.0000,1.8558,-0.2317,0.0607,357.3893,enc,
1786712085.105422,0.0210,-0.0,-0.0,-0.0000,0.0000,1.8558,-0.2317,0.0607,357.3893,enc,
1786712085.182967,0.0775,-0.0,-0.0,-0.0000,0.0000,1.8558,-0.2317,0.0607,357.3893,enc,
1786712085.319037,0.1361,-0.0,-0.0,-0.0000,0.0000,1.8558,-0.2317,0.0607,357.3892,enc,
1786712085.390882,0.0718,-0.0,-0.0,-0.0000,0.0000,1.8558,-0.2317,0.0607,357.3892,enc,
1786712085.607376,0.2165,-0.0,-0.0,-0.0000,0.0000,1.8558,-0.2317,0.0607,357.3892,enc,
1786712085.607445,0.0001,-0.0,-0.0,-0.0000,0.0000,1.8558,-0.2317,0.0607,357.3892,enc,
1786712085.708088,0.1006,-0.0,-0.0,-0.0000,0.0000,1.8558,-0.2317,0.0607,357.3892,enc,
1786712085.787866,0.0798,-0.0,-0.0,-0.0000,0.0000,1.8558,-0.2317,0.0607,357.3891,enc,
1786712085.921752,0.1339,-0.0,-0.0,-0.0000,0.0000,1.8558,-0.2317,0.0607,357.3891,enc,
1786712086.000244,0.0785,-0.0,-0.0,-0.0000,0.0000,1.8558,-0.2317,0.0607,357.3892,enc,
1786712086.209360,0.2091,-0.0,-0.0,-0.0000,0.0000,1.8558,-0.2317,0.0607,357.3893,enc,
1786712086.210335,0.0010,-0.0,-0.0,-0.0000,0.0000,1.8558,-0.2317,0.0607,357.3893,enc,
1786712086.766062,0.5557,-0.0,-0.0,-0.0000,0.0000,1.8558,-0.2317,0.0607,357.3893,enc,
1786712086.766164,0.0001,-0.0,-0.0,-0.0000,0.0000,1.8558,-0.2317,0.0607,357.3893,enc,
1786712086.915395,0.1492,-0.0,-0.0,-0.0000,0.0000,1.8558,-0.2317,0.0607,357.3893,enc,
1786712086.915473,0.0001,-0.0,-0.0,-0.0000,0.0000,1.8558,-0.2317,0.0607,357.3893,enc,
1786712086.915498,0.0000,-0.0,-0.0,-0.0000,0.0000,1.8558,-0.2317,0.0607,357.3893,enc,
1786712086.915519,0.0000,-0.0,-0.0,-0.0000,0.0000,1.8558,-0.2317,0.0607,357.3892,enc,
1786712086.915540,0.0000,-0.0,-0.0,-0.0000,0.0000,1.8558,-0.2317,0.0607,357.3892,enc,
1786712087.030166,0.1146,-0.0,-0.0,-0.0000,0.0000,1.8558,-0.2317,0.0607,357.3892,enc,
1786712087.348706,0.3185,-0.0,-0.0,-0.0000,0.0000,1.8558,-0.2317,0.0607,357.3892,enc,
1786712087.348784,0.0001,-0.0,-0.0,-0.0000,0.0000,1.8558,-0.2317,0.0607,357.3891,enc,
1786712087.348807,0.0000,-0.0,-0.0,-0.0000,0.0000,1.8558,-0.2317,0.0607,357.3892,enc,
1786712087.427993,0.0792,-0.0,-0.0,-0.0000,0.0000,1.8558,-0.2317,0.0607,357.3892,enc,
1786712087.581550,0.1536,-0.0,-0.0,-0.0000,0.0000,1.8558,-0.2317,0.0607,357.3892,enc,
1786712087.624808,0.0433,-0.0,-0.0,-0.0000,0.0000,1.8558,-0.2317,0.0607,357.3891,enc,
1786712087.797492,0.1727,-0.0,-0.0,-0.0000,0.0000,1.8558,-0.2317,0.0607,357.3891,enc,
1786712088.008797,0.2113,-0.0,-0.0,-0.0000,0.0000,1.8558,-0.2317,0.0607,357.3891,enc,
1786712088.017049,0.0083,-0.0,-0.0,-0.0000,0.0000,1.8558,-0.2317,0.0607,357.3891,enc,
1786712088.037077,0.0200,-0.0,-0.0,-0.0000,0.0000,1.8558,-0.2317,0.0607,357.3891,enc,
1786712088.559361,0.5223,-0.0,-0.0,-0.0000,0.0000,1.8558,-0.2317,0.0607,357.3891,enc,
1786712088.559424,0.0001,-0.0,-0.0,-0.0000,0.0000,1.8558,-0.2317,0.0607,357.3889,enc,
1786712088.559438,0.0000,-0.0,-0.0,-0.0000,0.0000,1.8558,-0.2317,0.0607,357.3889,enc,
1786712088.559447,0.0000,-0.0,-0.0,-0.0000,0.0000,1.8558,-0.2317,0.0607,357.3889,enc,
1786712088.669127,0.1097,-0.0,-0.0,-0.0000,0.0000,1.8558,-0.2317,0.0607,357.3889,enc,
1786712088.669177,0.0000,-0.0,-0.0,-0.0000,0.0000,1.8558,-0.2317,0.0607,357.3889,enc,
1786712089.361498,0.6923,-0.0,-0.0,-0.0000,0.0000,1.8558,-0.2317,0.0607,357.3889,enc,
1786712089.361703,0.0002,-0.0,-0.0,-0.0000,0.0000,1.8558,-0.2317,0.0607,357.3889,enc,
1786712089.361720,0.0000,-0.0,-0.0,-0.0000,0.0000,1.8558,-0.2317,0.0607,357.3889,enc,
1786712089.361732,0.0000,-0.0,-0.0,-0.0000,0.0000,1.8558,-0.2317,0.0607,357.3889,enc,
1786712089.361742,0.0000,-0.0,-0.0,-0.0000,0.0000,1.8558,-0.2317,0.0607,357.3890,enc,
1786712089.361751,0.0000,-0.0,-0.0,-0.0000,0.0000,1.8558,-0.2317,0.0607,357.3890,enc,
1786712089.375811,0.0141,-0.0,-0.0,-0.0000,0.0000,1.8558,-0.2317,0.0607,357.3890,enc,
1786712089.559929,0.1841,-0.0,-0.0,-0.0000,0.0000,1.8558,-0.2317,0.0607,357.3891,enc,
1786712089.559996,0.0001,-0.0,-0.0,-0.0000,0.0000,1.8558,-0.2317,0.0607,357.3891,enc,
1786712089.704707,0.1447,-0.0,-0.0,-0.0000,0.0000,1.8558,-0.2317,0.0607,357.3891,enc,
1786712089.757165,0.0525,-0.0,-0.0,-0.0000,0.0000,1.8558,-0.2317,0.0607,357.3891,enc,
1786712089.860746,0.1036,-0.0,-0.0,-0.0000,0.0000,1.8558,-0.2317,0.0607,357.3891,enc,
1786712090.041056,0.1803,-0.0,-0.0,-0.0000,0.0000,1.8558,-0.2317,0.0607,357.3890,enc,
1786712090.063550,0.0225,-0.0,-0.0,-0.0000,0.0000,1.8558,-0.2317,0.0607,357.3890,enc,
1786712090.171938,0.1084,-0.0,-0.0,-0.0000,0.0000,1.8558,-0.2317,0.0607,357.3889,enc,
1786712090.368401,0.1965,-0.0,-0.0,-0.0000,0.0000,1.8558,-0.2317,0.0607,357.3889,enc,
1786712090.370411,0.0020,-0.0,-0.0,-0.0000,0.0000,1.8558,-0.2317,0.0607,357.3889,enc,
1786712090.459593,0.0892,-0.0,-0.0,-0.0000,0.0000,1.8558,-0.2317,0.0607,357.3891,enc,
1786712090.572609,0.1130,-0.0,-0.0,-0.0000,0.0000,1.8558,-0.2317,0.0607,357.3890,enc,
1786712090.704654,0.1320,-0.0,-0.0,-0.0000,0.0000,1.8558,-0.2317,0.0607,357.3892,enc,
1786712090.788601,0.0839,-0.0,-0.0,-0.0000,0.0000,1.8558,-0.2317,0.0607,357.3892,enc,
1786712090.869350,0.0807,-0.0,-0.0,-0.0000,0.0000,1.8558,-0.2317,0.0607,357.3821,enc,
1786712091.059474,0.1901,-0.0,-0.0,-0.0000,0.0000,1.8558,-0.2317,0.0607,357.3821,enc,
1786712091.079847,0.0204,-0.0,-0.0,-0.0000,0.0000,1.8558,-0.2317,0.0607,357.3821,enc,
1786712091.191259,0.1114,-0.0,-0.0,-0.0000,0.0000,1.8558,-0.2317,0.0607,357.3821,enc,
1786712091.388592,0.1973,-0.0,-0.0,-0.0000,0.0000,1.8558,-0.2317,0.0607,357.3821,enc,
1786712091.388657,0.0001,-0.0,-0.0,-0.0000,0.0000,1.8558,-0.2317,0.0607,357.3821,enc,
1786712091.480958,0.0923,-0.0,-0.0,-0.0000,0.0000,1.8558,-0.2317,0.0607,357.3821,enc,
1786712091.578500,0.0975,-0.0,-0.0,-0.0000,0.0000,1.8558,-0.2317,0.0607,357.3821,enc,
1786712091.777895,0.1994,-0.0,-0.0,-0.0000,0.0000,1.8558,-0.2317,0.0607,357.3821,enc,
1786712091.800935,0.0230,-0.0,-0.0,-0.0000,0.0000,1.8558,-0.2317,0.0607,357.3821,enc,
1786712092.205703,0.4048,-0.0,-0.0,-0.0000,0.0000,1.8558,-0.2317,0.0607,357.3821,enc,
1786712092.205754,0.0001,-0.0,-0.0,-0.0000,0.0000,1.8558,-0.2317,0.0607,357.3821,enc,
1786712092.220004,0.0143,-0.0,-0.0,-0.0000,0.0000,1.8558,-0.2317,0.0607,357.3821,enc,
1786712092.220096,0.0001,-0.0,-0.0,-0.0000,0.0000,1.8558,-0.2317,0.0607,357.3821,enc,
1786712092.456887,0.2368,-0.0,-0.0,-0.0000,0.0000,1.8558,-0.2317,0.0607,357.3822,enc,
1786712092.458833,0.0019,-0.0,-0.0,-0.0000,0.0000,1.8558,-0.2317,0.0607,357.3822,enc,
1786712092.651503,0.1927,-0.0,-0.0,-0.0000,0.0000,1.8558,-0.2317,0.0607,357.3822,enc,
1786712092.665938,0.0144,-0.0,-0.0,-0.0000,0.0000,1.8558,-0.2317,0.0607,357.3822,enc,
1786712092.704349,0.0384,-0.0,-0.0,-0.0000,0.0000,1.8558,-0.2317,0.0607,357.3822,enc,
1786712092.850974,0.1466,-0.0,-0.0,-0.0000,0.0000,1.8558,-0.2317,0.0607,357.3822,enc,
1786712093.092447,0.2415,-0.0,-0.0,-0.0000,0.0000,1.8558,-0.2317,0.0607,357.3822,enc,
1786712093.092502,0.0001,-0.0,-0.0,-0.0000,0.0000,1.8558,-0.2317,0.0607,357.3822,enc,
1786712093.106886,0.0144,-0.0,-0.0,-0.0000,0.0000,1.8558,-0.2317,0.0607,357.3823,enc,
1786712093.289280,0.1824,-0.0,-0.0,-0.0000,0.0000,1.8558,-0.2317,0.0607,357.3894,enc,
1786712093.317952,0.0287,-0.0,-0.0,-0.0000,0.0000,1.8558,-0.2317,0.0607,357.3894,enc,
1786712093.517814,0.1999,-0.0,-0.0,-0.0000,0.0000,1.8558,-0.2317,0.0607,357.3894,enc,
1786712093.517864,0.0001,-0.0,-0.0,-0.0000,0.0000,1.8558,-0.2317,0.0607,357.3825,enc,
1786712093.705806,0.1879,-0.0,-0.0,-0.0000,0.0000,1.8558,-0.2317,0.0607,357.3825,enc,
1786712093.719651,0.0138,-0.0,-0.0,-0.0000,0.0000,1.8558,-0.2317,0.0607,357.3825,enc,
1786712093.860298,0.1406,-0.0,-0.0,-0.0000,0.0000,1.8558,-0.2317,0.0607,357.3826,enc,
1786712093.954004,0.0937,-0.0,-0.0,-0.0000,0.0000,1.8558,-0.2317,0.0607,357.3826,enc,
1786712094.041545,0.0875,-0.0,-0.0,-0.0000,0.0000,1.8558,-0.2317,0.0607,357.3896,enc,
1786712094.230568,0.1890,-0.0,-0.0,-0.0000,0.0000,1.8558,-0.2317,0.0607,357.3895,enc,
1786712094.247161,0.0166,-0.0,-0.0,-0.0000,0.0000,1.8558,-0.2317,0.0607,357.3896,enc,
1786712094.334556,0.0874,-0.0,-0.0,-0.0000,0.0000,1.8558,-0.2317,0.0607,357.3896,enc,
1786712094.513395,0.1788,-0.0,-0.0,-0.0000,0.0000,1.8558,-0.2317,0.0607,357.3896,enc,
1786712094.548343,0.0349,-0.0,-0.0,-0.0000,0.0000,1.8558,-0.2317,0.0607,357.3896,enc,
1786712094.655613,0.1073,-0.0,-0.0,-0.0000,0.0000,1.8558,-0.2317,0.0607,357.3896,enc,
1786712094.942069,0.2865,-0.0,-0.0,-0.0000,0.0000,1.8558,-0.2317,0.0607,357.3896,enc,
1786712094.942182,0.0001,-0.0,-0.0,-0.0000,0.0000,1.8558,-0.2317,0.0607,357.3896,enc,
1786712094.948765,0.0066,-0.0,-0.0,-0.0000,0.0000,1.8558,-0.2317,0.0607,357.3896,enc,
1786712095.175404,0.2266,-0.0,-0.0,-0.0000,0.0000,1.8558,-0.2317,0.0607,357.3896,enc,
1786712095.208167,0.0328,-0.0,-0.0,-0.0000,0.0000,1.8558,-0.2317,0.0607,357.3896,enc,
1786712095.255249,0.0471,-0.0,-0.0,-0.0000,0.0000,1.8558,-0.2317,0.0607,357.3896,enc,
1786712095.373580,0.1183,-0.0,-0.0,-0.0000,0.0000,1.8558,-0.2317,0.0607,357.3896,enc,
1786712095.544286,0.1707,-0.0,-0.0,-0.0000,0.0000,1.8558,-0.2317,0.0607,357.3897,enc,
1786712095.562779,0.0185,-0.0,-0.0,-0.0000,0.0000,1.8558,-0.2317,0.0607,357.3897,enc,
1786712095.675596,0.1128,-0.0,-0.0,-0.0000,0.0000,1.8558,-0.2317,0.0607,357.3896,enc,
1786712095.926489,0.2509,-0.0,-0.0,-0.0000,0.0000,1.8558,-0.2317,0.0607,357.3896,enc,
1786712095.974636,0.0481,-0.0,-0.0,-0.0000,0.0000,1.8558,-0.2317,0.0607,357.3896,enc,
1786712095.980529,0.0059,-0.0,-0.0,-0.0000,0.0000,1.8558,-0.2317,0.0607,357.3896,enc,
1786712096.162900,0.1824,-0.0,-0.0,-0.0000,0.0000,1.8558,-0.2317,0.0607,357.3896,enc,
1786712096.204720,0.0418,-0.0,-0.0,-0.0000,0.0000,1.8558,-0.2317,0.0607,357.3896,enc,
1786712096.385737,0.1810,-0.0,-0.0,-0.0000,0.0000,1.8558,-0.2317,0.0607,357.3896,enc,
1786712096.407495,0.0218,-0.0,-0.0,-0.0000,0.0000,1.8558,-0.2317,0.0607,357.3896,enc,
1786712096.608475,0.2010,-0.0,-0.0,-0.0000,0.0000,1.8558,-0.2317,0.0607,357.3896,enc,
1786712096.622998,0.0145,-0.0,-0.0,-0.0000,0.0000,1.8558,-0.2317,0.0607,357.3895,enc,
1786712096.683563,0.0606,-0.0,-0.0,-0.0000,0.0000,1.8558,-0.2317,0.0607,357.3895,enc,
1786712096.829188,0.1456,-0.0,-0.0,-0.0000,0.0000,1.8558,-0.2317,0.0607,357.3895,enc,
1786712096.887654,0.0585,-0.0,-0.0,-0.0000,0.0000,1.8558,-0.2317,0.0607,357.3895,enc,
1786712097.048586,0.1609,-0.0,-0.0,-0.0000,0.0000,1.8558,-0.2317,0.0607,357.3895,enc,
1786712097.095381,0.0468,-0.0,-0.0,-0.0000,0.0000,1.8558,-0.2317,0.0607,357.3895,enc,
1786712097.266518,0.1711,-0.0,-0.0,-0.0000,0.0000,1.8558,-0.2317,0.0607,357.3895,enc,
1786712097.291010,0.0245,-0.0,-0.0,-0.0000,0.0000,1.8558,-0.2317,0.0607,357.3895,enc,
1786712097.482222,0.1912,-0.0,-0.0,-0.0000,0.0000,1.8558,-0.2317,0.0607,357.3895,enc,
1786712097.494562,0.0123,-0.0,-0.0,-0.0000,0.0000,1.8558,-0.2317,0.0607,357.3895,enc,
1786712097.738411,0.2438,-0.0,-0.0,-0.0000,0.0000,1.8558,-0.2317,0.0607,357.3895,enc,
1786712097.896749,0.1583,-0.0,-0.0,-0.0000,0.0000,1.8558,-0.2317,0.0607,357.3895,enc,
1786712097.896795,0.0000,-0.0,-0.0,-0.0000,0.0000,1.8558,-0.2317,0.0607,357.3895,enc,
1786712097.899842,0.0030,-0.0,-0.0,-0.0000,0.0000,1.8558,-0.2317,0.0607,357.3895,enc,
1786712098.006581,0.1067,-0.0,-0.0,-0.0000,0.0000,1.8558,-0.2317,0.0607,357.3894,enc,
1786712098.106938,0.1004,-0.0,-0.0,-0.0000,0.0000,1.8558,-0.2317,0.0607,357.3894,enc,
1786712098.208812,0.1019,-0.0,-0.0,-0.0000,0.0000,1.8558,-0.2317,0.0607,357.3894,enc,
1786712098.315196,0.1064,-0.0,-0.0,-0.0000,0.0000,1.8558,-0.2317,0.0607,357.3895,enc,
1786712098.410589,0.0954,-0.0,-0.0,-0.0000,0.0000,1.8558,-0.2317,0.0607,357.3895,enc,
1786712098.517299,0.1067,-0.0,-0.0,-0.0000,0.0000,1.8558,-0.2317,0.0607,357.3894,enc,
1786712098.631493,0.1142,-0.0,-0.0,-0.0000,0.0000,1.8558,-0.2317,0.0607,357.3894,enc,
1786712098.719388,0.0879,-0.0,-0.0,-0.0000,0.0000,1.8558,-0.2317,0.0607,357.3894,enc,
1786712098.818757,0.0994,-0.0,-0.0,-0.0000,0.0000,1.8558,-0.2317,0.0607,357.3894,enc,
1786712098.927030,0.1083,-0.0,-0.0,-0.0000,0.0000,1.8558,-0.2317,0.0607,357.3895,enc,
1786712099.020601,0.0936,-0.0,-0.0,-0.0000,0.0000,1.8558,-0.2317,0.0607,357.3895,enc,
1786712099.145692,0.1251,-0.0,-0.0,-0.0000,0.0000,1.8558,-0.2317,0.0607,357.3895,enc,
1786712099.227057,0.0814,-0.0,-0.0,-0.0000,0.0000,1.8558,-0.2317,0.0607,357.3895,enc,
1786712099.357962,0.1309,-0.0,-0.0,-0.0000,0.0000,1.8558,-0.2317,0.0607,357.3895,enc,
1786712099.430715,0.0728,-0.0,-0.0,-0.0000,0.0000,1.8558,-0.2317,0.0607,357.3895,enc,
1786712099.550654,0.1199,-0.0,-0.0,-0.0000,0.0000,1.8558,-0.2317,0.0607,357.3895,enc,
1786712099.636817,0.0862,-0.0,-0.0,-0.0000,0.0000,1.8558,-0.2317,0.0607,357.3895,enc,
1786712099.892995,0.2562,-0.0,-0.0,-0.0000,0.0000,1.8558,-0.2317,0.0607,357.3895,enc,
1786712099.966814,0.0738,-0.0,-0.0,-0.0000,0.0000,1.8558,-0.2317,0.0607,357.3895,enc,
1786712099.966863,0.0000,-0.0,-0.0,-0.0000,0.0000,1.8558,-0.2317,0.0607,357.3895,enc,
1786712100.143975,0.1771,-0.0,-0.0,-0.0000,0.0000,1.8558,-0.2317,0.0607,357.3895,enc,
1786712100.165459,0.0215,-0.0,-0.0,-0.0000,0.0000,1.8558,-0.2317,0.0607,357.3895,enc,
1786712100.353947,0.1885,-0.0,-0.0,-0.0000,0.0000,1.8558,-0.2317,0.0607,357.3895,enc,
1786712100.378826,0.0249,-0.0,-0.0,-0.0000,0.0000,1.8558,-0.2317,0.0607,357.3894,enc,
1786712100.560851,0.1820,-0.0,-0.0,-0.0000,0.0000,1.8558,-0.2317,0.0607,357.3894,enc,
1786712100.573319,0.0125,-0.0,-0.0,-0.0000,0.0000,1.8558,-0.2317,0.0607,357.3894,enc,
1786712100.772543,0.1992,-0.0,-0.0,-0.0000,0.0000,1.8558,-0.2317,0.0607,357.3894,enc,
1786712100.779903,0.0074,-0.0,-0.0,-0.0000,0.0000,1.8558,-0.2317,0.0607,357.3894,enc,
1786712100.996020,0.2161,-0.0,-0.0,-0.0000,0.0000,1.8558,-0.2317,0.0607,357.3894,enc,
1786712101.022800,0.0268,-0.0,-0.0,-0.0000,0.0000,1.8558,-0.2317,0.0607,357.3894,enc,
1786712101.255212,0.2324,-0.0,-0.0,-0.0000,0.0000,1.8558,-0.2317,0.0607,357.3894,enc,
1786712101.267887,0.0127,-0.0,-0.0,-0.0000,0.0000,1.8558,-0.2317,0.0607,357.3893,enc,
1786712101.295469,0.0276,-0.0,-0.0,-0.0000,0.0000,1.8558,-0.2317,0.0607,357.3893,enc,
1786712101.443106,0.1476,-0.0,-0.0,-0.0000,0.0000,1.8558,-0.2317,0.0607,357.3893,enc,
1786712101.666566,0.2235,-0.0,-0.0,-0.0000,0.0000,1.8558,-0.2317,0.0607,357.3893,enc,
1786712101.683292,0.0167,-0.0,-0.0,-0.0000,0.0000,1.8558,-0.2317,0.0607,357.3893,enc,
1786712101.706958,0.0237,-0.0,-0.0,-0.0000,0.0000,1.8558,-0.2317,0.0607,357.3892,enc,
1786712101.855072,0.1481,-0.0,-0.0,-0.0000,0.0000,1.8558,-0.2317,0.0607,357.3892,enc,
1786712101.991075,0.1360,-0.0,-0.0,-0.0000,0.0000,1.8558,-0.2317,0.0607,357.3892,enc,
1786712102.019389,0.0283,-0.0,-0.0,-0.0000,0.0000,1.8558,-0.2317,0.0607,357.3892,enc,
1786712102.081593,0.0622,-0.0,-0.0,-0.0000,0.0000,1.8558,-0.2317,0.0607,357.3892,enc,
1786712102.344559,0.2630,-0.0,-0.0,-0.0000,0.0000,1.8558,-0.2317,0.0607,357.3891,enc,
1786712102.347344,0.0028,-0.0,-0.0,-0.0000,0.0000,1.8558,-0.2317,0.0607,357.3891,enc,
1786712102.416841,0.0695,-0.0,-0.0,-0.0000,0.0000,1.8558,-0.2317,0.0607,357.3891,enc,
1786712102.488947,0.0721,-0.0,-0.0,-0.0000,0.0000,1.8558,-0.2317,0.0607,357.3891,enc,
1786712102.674264,0.1853,-0.0,-0.0,-0.0000,0.0000,1.8558,-0.2317,0.0607,357.3891,enc,
1786712102.698287,0.0240,-0.0,-0.0,-0.0000,0.0000,1.8558,-0.2317,0.0607,357.3891,enc,
1786712102.798805,0.1005,-0.0,-0.0,-0.0000,0.0000,1.8558,-0.2317,0.0607,357.3892,enc,
1786712103.000967,0.2022,-0.0,-0.0,-0.0000,0.0000,1.8558,-0.2317,0.0607,357.3892,enc,
1786712103.039030,0.0381,-0.0,-0.0,-0.0000,0.0000,1.8558,-0.2317,0.0607,357.3892,enc,
1786712103.107720,0.0687,-0.0,-0.0,-0.0000,0.0000,1.8558,-0.2317,0.0607,357.3892,enc,
1786712103.208956,0.1012,-0.0,-0.0,-0.0000,0.0000,1.8558,-0.2317,0.0607,357.3892,enc,
1786712103.395805,0.1868,-0.0,-0.0,-0.0000,0.0000,1.8558,-0.2317,0.0607,357.3892,enc,
1786712103.425713,0.0299,-0.0,-0.0,-0.0000,0.0000,1.8558,-0.2317,0.0607,357.3892,enc,
1786712103.517038,0.0913,-0.0,-0.0,-0.0000,0.0000,1.8558,-0.2317,0.0607,357.3891,enc,
1786712103.696728,0.1797,-0.0,-0.0,-0.0000,0.0000,1.8558,-0.2317,0.0607,357.3890,enc,
1786712103.804434,0.1077,-0.0,-0.0,-0.0000,0.0000,1.8558,-0.2317,0.0607,357.3890,enc,
1786712103.823415,0.0190,-0.0,-0.0,-0.0000,0.0000,1.8558,-0.2317,0.0607,357.3890,enc,
1786712104.097083,0.2737,-0.0,-0.0,-0.0000,0.0000,1.8558,-0.2317,0.0607,357.3890,enc,
1786712104.097176,0.0001,-0.0,-0.0,-0.0000,0.0000,1.8558,-0.2317,0.0607,357.3890,enc,
1786712104.380361,0.2832,-0.0,-0.0,-0.0000,0.0000,1.8558,-0.2317,0.0607,357.3890,enc,
1786712104.383890,0.0035,-0.0,-0.0,-0.0000,0.0000,1.8558,-0.2317,0.0607,357.3890,enc,
1786712104.383906,0.0000,-0.0,-0.0,-0.0000,0.0000,1.8558,-0.2317,0.0607,357.3890,enc,
1786712104.443283,0.0594,-0.0,-0.0,-0.0000,0.0000,1.8558,-0.2317,0.0607,357.3890,enc,
1786712104.700673,0.2574,-0.0,-0.0,-0.0000,0.0000,1.8558,-0.2317,0.0607,357.3890,enc,
1786712104.700720,0.0000,-0.0,-0.0,-0.0000,0.0000,1.8558,-0.2317,0.0607,357.3890,enc,
1786712104.733645,0.0329,-0.0,-0.0,-0.0000,0.0000,1.8558,-0.2317,0.0607,357.3889,enc,
1786712104.835548,0.1019,-0.0,-0.0,-0.0000,0.0000,1.8558,-0.2317,0.0607,357.3889,enc,
1786712105.049372,0.2138,-0.0,-0.0,-0.0000,0.0000,1.8558,-0.2317,0.0607,357.3889,enc,
1786712105.049421,0.0000,-0.0,-0.0,-0.0000,0.0000,1.8558,-0.2317,0.0607,357.3889,enc,
1786712105.172543,0.1231,-0.0,-0.0,-0.0000,0.0000,1.8558,-0.2317,0.0607,357.3889,enc,
1786712105.244136,0.0716,-0.0,-0.0,-0.0000,0.0000,1.8558,-0.2317,0.0607,357.3889,enc,
1786712105.469946,0.2258,-0.0,-0.0,-0.0000,0.0000,1.8558,-0.2317,0.0607,357.3889,enc,
1786712105.469997,0.0001,-0.0,-0.0,-0.0000,0.0000,1.8558,-0.2317,0.0607,357.3889,enc,
1786712105.572549,0.1026,-0.0,-0.0,-0.0000,0.0000,1.8558,-0.2317,0.0607,357.3889,enc,
1786712105.815696,0.2431,-0.0,-0.0,-0.0000,0.0000,1.8558,-0.2317,0.0607,357.3890,enc,
1786712105.815746,0.0000,-0.0,-0.0,-0.0000,0.0000,1.8558,-0.2317,0.0607,357.3890,enc,
1786712105.879278,0.0635,-0.0,-0.0,-0.0000,0.0000,1.8558,-0.2317,0.0607,357.3890,enc,
1786712106.054191,0.1749,-0.0,-0.0,-0.0000,0.0000,1.8558,-0.2317,0.0607,357.3890,enc,
1786712106.072694,0.0185,-0.0,-0.0,-0.0000,0.0000,1.8558,-0.2317,0.0607,357.3890,enc,
1786712106.175242,0.1025,-0.0,-0.0,-0.0000,0.0000,1.8558,-0.2317,0.0607,357.3890,enc,
1786712106.325419,0.1502,-0.0,-0.0,-0.0000,0.0000,1.8558,-0.2317,0.0607,357.3890,enc,
1786712106.460243,0.1348,-0.0,-0.0,-0.0000,0.0000,1.8558,-0.2317,0.0607,357.3889,enc,
1786712106.468915,0.0087,-0.0,-0.0,-0.0000,0.0000,1.8558,-0.2317,0.0607,357.3890,enc,
1786712106.570398,0.1015,-0.0,-0.0,-0.0000,0.0000,1.8558,-0.2317,0.0607,357.3889,enc,
1786712106.799827,0.2294,-0.0,-0.0,-0.0000,0.0000,1.8558,-0.2317,0.0607,357.3889,enc,
1786712106.804947,0.0051,-0.0,-0.0,-0.0000,0.0000,1.8558,-0.2317,0.0607,357.3890,enc,
1786712106.877307,0.0724,-0.0,-0.0,-0.0000,0.0000,1.8558,-0.2317,0.0607,357.3891,enc,
1786712106.982100,0.1048,-0.0,-0.0,-0.0000,0.0000,1.8558,-0.2317,0.0607,357.3891,enc,
1786712107.170974,0.1889,-0.0,-0.0,-0.0000,0.0000,1.8558,-0.2317,0.0607,357.3891,enc,
1786712107.200066,0.0291,-0.0,-0.0,-0.0000,0.0000,1.8558,-0.2317,0.0607,357.3891,enc,
1786712107.282716,0.0827,-0.0,-0.0,-0.0000,0.0000,1.8558,-0.2317,0.0607,357.3891,enc,
1786712107.465726,0.1830,-0.0,-0.0,-0.0000,0.0000,1.8558,-0.2317,0.0607,357.3891,enc,
1786712107.502010,0.0363,-0.0,-0.0,-0.0000,0.0000,1.8558,-0.2317,0.0607,357.3891,enc,
1786712107.590796,0.0888,-0.0,-0.0,-0.0000,0.0000,1.8558,-0.2317,0.0607,357.3891,enc,
1786712107.788991,0.1982,-0.0,-0.0,-0.0000,0.0000,1.8558,-0.2317,0.0607,357.3891,enc,
1786712107.807516,0.0185,-0.0,-0.0,-0.0000,0.0000,1.8558,-0.2317,0.0607,357.3891,enc,
1786712107.896006,0.0885,-0.0,-0.0,-0.0000,0.0000,1.8558,-0.2317,0.0607,357.3892,enc,
1786712108.117337,0.2213,-0.0,-0.0,-0.0000,0.0000,1.8558,-0.2317,0.0607,357.3892,enc,
1786712108.123763,0.0064,-0.0,-0.0,-0.0000,0.0000,1.8558,-0.2317,0.0607,357.3892,enc,
1786712108.212466,0.0887,-0.0,-0.0,-0.0000,0.0000,1.8558,-0.2317,0.0607,357.3892,enc,
1786712108.304769,0.0923,-0.0,-0.0,-0.0000,0.0000,1.8558,-0.2317,0.0607,357.3892,enc,
1786712108.485124,0.1804,-0.0,-0.0,-0.0000,0.0000,1.8558,-0.2317,0.0607,357.3892,enc,
1786712108.516285,0.0312,-0.0,-0.0,-0.0000,0.0000,1.8558,-0.2317,0.0607,357.3893,enc,
1786712108.612924,0.0966,-0.0,-0.0,-0.0000,0.0000,1.8558,-0.2317,0.0607,357.3893,enc,
1786712108.815377,0.2025,-0.0,-0.0,-0.0000,0.0000,1.8558,-0.2317,0.0607,357.3893,enc,
1786712108.829091,0.0137,-0.0,-0.0,-0.0000,0.0000,1.8558,-0.2317,0.0607,357.3893,enc,
1786712108.919308,0.0902,-0.0,-0.0,-0.0000,0.0000,1.8558,-0.2317,0.0607,357.3892,enc,
1786712109.140362,0.2211,-0.0,-0.0,-0.0000,0.0000,1.8558,-0.2317,0.0607,357.3892,enc,
1786712109.163511,0.0231,-0.0,-0.0,-0.0000,0.0000,1.8558,-0.2317,0.0607,357.3892,enc,
1786712109.225244,0.0617,-0.0,-0.0,-0.0000,0.0000,1.8558,-0.2317,0.0607,357.3892,enc,
1786712109.328189,0.1029,-0.0,-0.0,-0.0000,0.0000,1.8558,-0.2317,0.0607,357.3892,enc,
1786712109.430647,0.1025,-0.0,-0.0,-0.0000,0.0000,1.8558,-0.2317,0.0607,357.3892,enc,
1786712109.532307,0.1017,-0.0,-0.0,-0.0000,0.0000,1.8558,-0.2317,0.0607,357.3892,enc,
1786712109.748350,0.2160,-0.0,-0.0,-0.0000,0.0000,1.8558,-0.2317,0.0607,357.3891,enc,
1786712109.768099,0.0197,-0.0,-0.0,-0.0000,0.0000,1.8558,-0.2317,0.0607,357.3891,enc,
1786712109.833627,0.0655,-0.0,-0.0,-0.0000,0.0000,1.8558,-0.2317,0.0607,357.3891,enc,
1786712109.934446,0.1008,-0.0,-0.0,-0.0000,0.0000,1.8558,-0.2317,0.0607,357.3891,enc,
1786712110.107717,0.1733,-0.0,-0.0,-0.0000,0.0000,1.8558,-0.2317,0.0607,357.3891,enc,
1786712110.146178,0.0385,-0.0,-0.0,-0.0000,0.0000,1.8558,-0.2317,0.0607,357.3891,enc,
1786712110.241983,0.0958,-0.0,-0.0,-0.0000,0.0000,1.8558,-0.2317,0.0607,357.3891,enc,
1786712110.343490,0.1015,-0.0,-0.0,-0.0000,0.0000,1.8558,-0.2317,0.0607,357.3891,enc,
1786712110.444144,0.1007,-0.0,-0.0,-0.0000,0.0000,1.8558,-0.2317,0.0607,357.3892,enc,
1786712110.543838,0.0997,-0.0,-0.0,-0.0000,0.0000,1.8558,-0.2317,0.0607,357.3892,enc,
1786712110.648604,0.1048,-0.0,-0.0,-0.0000,0.0000,1.8558,-0.2317,0.0607,357.3893,enc,
1786712110.750688,0.1021,-0.0,-0.0,-0.0000,0.0000,1.8558,-0.2317,0.0607,357.3893,enc,
1786712110.853869,0.1032,-0.0,-0.0,-0.0000,0.0000,1.8558,-0.2317,0.0607,357.3893,enc,
1786712110.951906,0.0980,-0.0,-0.0,-0.0000,0.0000,1.8558,-0.2317,0.0607,357.3893,enc,
1786712111.056398,0.1045,-0.0,-0.0,-0.0000,0.0000,1.8558,-0.2317,0.0607,357.3893,enc,
1786712111.152157,0.0958,-0.0,-0.0,-0.0000,0.0000,1.8558,-0.2317,0.0607,357.3893,enc,
1786712111.258108,0.1060,-0.0,-0.0,-0.0000,0.0000,1.8558,-0.2317,0.0607,357.3893,enc,
1786712111.357903,0.0998,-0.0,-0.0,-0.0000,0.0000,1.8558,-0.2317,0.0607,357.3893,enc,
1786712111.457460,0.0996,-0.0,-0.0,-0.0000,0.0000,1.8558,-0.2317,0.0607,357.3893,enc,
1786712111.565550,0.1081,-0.0,-0.0,-0.0000,0.0000,1.8558,-0.2317,0.0607,357.3893,enc,
1786712111.682569,0.1170,-0.0,-0.0,-0.0000,0.0000,1.8558,-0.2317,0.0607,357.3893,enc,
1786712111.764406,0.0818,-0.0,-0.0,-0.0000,0.0000,1.8558,-0.2317,0.0607,357.3893,enc,
1786712111.868671,0.1043,-0.0,-0.0,-0.0000,0.0000,1.8558,-0.2317,0.0607,357.3893,enc,
1786712111.970592,0.1019,-0.0,-0.0,-0.0000,0.0000,1.8558,-0.2317,0.0607,357.3893,enc,
1786712112.071708,0.1011,-0.0,-0.0,-0.0000,0.0000,1.8558,-0.2317,0.0607,357.3893,enc,
1786712112.176821,0.1051,-0.0,-0.0,-0.0000,0.0000,1.8558,-0.2317,0.0607,357.3893,enc,
1786712112.278014,0.1012,-0.0,-0.0,-0.0000,0.0000,1.8558,-0.2317,0.0607,357.3893,enc,
1786712112.379057,0.1010,-0.0,-0.0,-0.0000,0.0000,1.8558,-0.2317,0.0607,357.3893,enc,
1786712112.480681,0.1016,-0.0,-0.0,-0.0000,0.0000,1.8558,-0.2317,0.0607,357.3894,enc,
1786712112.601388,0.1207,-0.0,-0.0,-0.0000,0.0000,1.8558,-0.2317,0.0607,357.3894,enc,
1786712112.688210,0.0868,-0.0,-0.0,-0.0000,0.0000,1.8558,-0.2317,0.0607,357.3894,enc,
1786712112.803139,0.1149,-0.0,-0.0,-0.0000,0.0000,1.8558,-0.2317,0.0607,357.3894,enc,
1786712112.890424,0.0873,-0.0,-0.0,-0.0000,0.0000,1.8558,-0.2317,0.0607,357.3894,enc,
1786712112.992762,0.1023,-0.0,-0.0,-0.0000,0.0000,1.8558,-0.2317,0.0607,357.3893,enc,
1786712113.095528,0.1028,-0.0,-0.0,-0.0000,0.0000,1.8558,-0.2317,0.0607,357.3894,enc,
1786712113.197531,0.1020,-0.0,-0.0,-0.0000,0.0000,1.8558,-0.2317,0.0607,357.3894,enc,
1786712113.299866,0.1023,-0.0,-0.0,-0.0000,0.0000,1.8558,-0.2317,0.0607,357.3894,enc,
1786712113.402583,0.1027,-0.0,-0.0,-0.0000,0.0000,1.8558,-0.2317,0.0607,357.3894,enc,
1786712113.506899,0.1043,-0.0,-0.0,-0.0000,0.0000,1.8558,-0.2317,0.0607,357.3894,enc,
1786712113.622086,0.1152,-0.0,-0.0,-0.0000,0.0000,1.8558,-0.2317,0.0607,357.3894,enc,
1786712113.709645,0.0876,-0.0,-0.0,-0.0000,0.0000,1.8558,-0.2317,0.0607,357.3894,enc,
1786712113.911164,0.2015,-0.0,-0.0,-0.0000,0.0000,1.8558,-0.2317,0.0607,357.3894,enc,
1786712113.927173,0.0160,-0.0,-0.0,-0.0000,0.0000,1.8558,-0.2317,0.0607,357.3895,enc,
1786712114.018200,0.0910,-0.0,-0.0,-0.0000,0.0000,1.8558,-0.2317,0.0607,357.3895,enc,
1786712114.122835,0.1046,-0.0,-0.0,-0.0000,0.0000,1.8558,-0.2317,0.0607,357.3895,enc,
1786712114.217055,0.0942,-0.0,-0.0,-0.0000,0.0000,1.8558,-0.2317,0.0607,357.3895,enc,
1786712114.340096,0.1230,-0.0,-0.0,-0.0000,0.0000,1.8558,-0.2317,0.0607,357.3895,enc,
1786712114.418890,0.0788,-0.0,-0.0,-0.0000,0.0000,1.8558,-0.2317,0.0607,357.3895,enc,
1786712114.529589,0.1107,-0.0,-0.0,-0.0000,0.0000,1.8558,-0.2317,0.0607,357.3895,enc,
1786712114.631004,0.1014,-0.0,-0.0,-0.0000,0.0000,1.8558,-0.2317,0.0607,357.3895,enc,
1786712114.729005,0.0980,-0.0,-0.0,-0.0000,0.0000,1.8558,-0.2317,0.0607,357.3895,enc,
1786712114.836379,0.1074,-0.0,-0.0,-0.0000,0.0000,1.8558,-0.2317,0.0607,357.3895,enc,
1786712114.934307,0.0979,-0.0,-0.0,-0.0000,0.0000,1.8558,-0.2317,0.0607,357.3895,enc,
1786712115.034256,0.0999,-0.0,-0.0,-0.0000,0.0000,1.8558,-0.2317,0.0607,357.3895,enc,
1786712115.138224,0.1040,-0.0,-0.0,-0.0000,0.0000,1.8558,-0.2317,0.0607,357.3895,enc,
1786712115.237032,0.0988,-0.0,-0.0,-0.0000,0.0000,1.8558,-0.2317,0.0607,357.3895,enc,
1786712115.350430,0.1134,-0.0,-0.0,-0.0000,0.0000,1.8558,-0.2317,0.0607,357.3895,enc,
1786712115.450323,0.0999,-0.0,-0.0,-0.0000,0.0000,1.8558,-0.2317,0.0607,357.3895,enc,
1786712115.554237,0.1039,-0.0,-0.0,-0.0000,0.0000,1.8558,-0.2317,0.0607,357.3895,enc,
1786712115.661866,0.1076,-0.0,-0.0,-0.0000,0.0000,1.8558,-0.2317,0.0607,357.3895,enc,
1786712115.757956,0.0961,-0.0,-0.0,-0.0000,0.0000,1.8558,-0.2317,0.0607,357.3895,enc,
1786712115.871050,0.1131,-0.0,-0.0,-0.0000,0.0000,1.8558,-0.2317,0.0607,357.3895,enc,
1786712115.962802,0.0918,-0.0,-0.0,-0.0000,0.0000,1.8558,-0.2317,0.0607,357.3895,enc,
1786712116.173404,0.2106,-0.0,-0.0,-0.0000,0.0000,1.8558,-0.2317,0.0607,357.3895,enc,
1786712116.181786,0.0084,-0.0,-0.0,-0.0000,0.0000,1.8558,-0.2317,0.0607,357.3895,enc,
1786712116.269618,0.0878,-0.0,-0.0,-0.0000,0.0000,1.8558,-0.2317,0.0607,357.3895,enc,
1786712116.367757,0.0981,-0.0,-0.0,-0.0000,0.0000,1.8558,-0.2317,0.0607,357.3895,enc,
1786712116.538093,0.1703,-0.0,-0.0,-0.0000,0.0000,1.8558,-0.2317,0.0607,357.3895,enc,
1786712116.568630,0.0305,-0.0,-0.0,-0.0000,0.0000,1.8558,-0.2317,0.0607,357.3895,enc,
1786712116.689104,0.1205,-0.0,-0.0,-0.0000,0.0000,1.8558,-0.2317,0.0607,357.3895,enc,
1786712117.237972,0.5489,-0.0,-0.0,-0.0000,0.0000,1.8558,-0.2317,0.0607,357.3895,enc,
1786712117.238046,0.0001,-0.0,-0.0,-0.0000,0.0000,1.8558,-0.2317,0.0607,357.3895,enc,
1786712117.263447,0.0254,-0.0,-0.0,-0.0000,0.0000,1.8558,-0.2317,0.0607,357.3895,enc,
1786712117.296652,0.0332,-0.0,-0.0,-0.0000,0.0000,1.8558,-0.2317,0.0607,357.3895,enc,
1786712117.387730,0.0911,-0.0,-0.0,-0.0000,0.0000,1.8558,-0.2317,0.0607,357.3895,enc,
1786712117.557040,0.1693,-0.0,-0.0,-0.0000,0.0000,1.8558,-0.2317,0.0607,357.3895,enc,
1786712117.594016,0.0370,-0.0,-0.0,-0.0000,0.0000,1.8558,-0.2317,0.0607,357.3895,enc,
1786712117.694840,0.1008,-0.0,-0.0,-0.0000,0.0000,1.8558,-0.2317,0.0607,357.3895,enc,
1786712117.870516,0.1757,-0.0,-0.0,-0.0000,0.0000,1.8558,-0.2317,0.0607,357.3895,enc,
1786712117.901067,0.0306,-0.0,-0.0,-0.0000,0.0000,1.8558,-0.2317,0.0607,357.3894,enc,
1786712117.996737,0.0957,-0.0,-0.0,-0.0000,0.0000,1.8558,-0.2317,0.0607,357.3893,enc,
1786712118.205431,0.2087,-0.0,-0.0,-0.0000,0.0000,1.8558,-0.2317,0.0607,357.3893,enc,
1786712118.243743,0.0383,-0.0,-0.0,-0.0000,0.0000,1.8558,-0.2317,0.0607,357.3893,enc,
1786712118.304531,0.0608,-0.0,-0.0,-0.0000,0.0000,1.8558,-0.2317,0.0607,357.3893,enc,
1786712118.424957,0.1204,-0.0,-0.0,-0.0000,0.0000,1.8558,-0.2317,0.0607,357.3893,enc,
1786712118.570098,0.1451,-0.0,-0.0,-0.0000,0.0000,1.8558,-0.2317,0.0607,357.3893,enc,
1786712118.624908,0.0548,-0.18005365133285522,-0.18005365133285522,-0.0011,0.0000,1.8557,-0.2317,0.0607,357.3893,enc,
1786712118.716801,0.0919,-25.252525329589844,-24.546159744262695,-0.1460,0.0120,1.8423,-0.2326,0.0666,357.0521,imu,
1786712118.899249,0.1824,-27.280750274658203,-29.42041778564453,-0.1663,-0.0364,1.8121,-0.2346,0.0670,357.0303,imu,
1786712118.936199,0.0370,-26.91178321838379,-26.54810905456543,-0.1568,0.0062,1.8063,-0.2350,0.0687,356.9332,imu,
1786712119.026044,0.0898,-26.82799530029297,-26.64794158935547,-0.1568,0.0031,1.7922,-0.2360,0.0686,356.9403,imu,
1786712119.243222,0.2172,-26.841846466064453,-26.488662719726562,-0.1564,0.0060,1.7583,-0.2383,0.0675,357.0028,imu,
1786712119.248541,0.0053,-26.813589096069336,-26.078969955444336,-0.1551,0.0125,1.7575,-0.2383,0.0689,356.9182,imu,
1786712119.341161,0.0926,-26.44628143310547,-26.997243881225586,-0.1567,-0.0094,1.7430,-0.2393,0.0687,356.9316,imu,
1786712119.432086,0.0909,-26.665254592895508,-29.137529373168945,-0.1636,-0.0420,1.7282,-0.2403,0.0675,357.0023,imu,
1786712119.591815,0.1597,-26.389225006103516,-25.497695922851562,-0.1521,0.0152,1.7039,-0.2420,0.0688,356.9264,imu,
1786712119.638848,0.0470,-26.135480880737305,-25.605709075927734,-0.1517,0.0090,1.6968,-0.2425,0.0682,356.9618,imu,
1786712119.739616,0.1008,-25.92772674560547,-25.38756561279297,-0.1505,0.0092,1.6817,-0.2435,0.0670,357.0319,imu,
1786712119.924026,0.1844,-26.10778045654297,-25.567617416381836,-0.1515,0.0092,1.6538,-0.2454,0.0673,357.0101,imu,
1786712119.946170,0.0221,-25.89531707763672,-27.91551971435547,-0.1578,-0.0343,1.6503,-0.2456,0.0671,357.0239,imu,
1786712120.041990,0.0958,-25.89531707763672,-27.548208236694336,-0.1567,-0.0281,1.6354,-0.2466,0.0674,357.0092,imu,
1786712120.224206,0.1822,-25.605709075927734,-24.546159744262695,-0.1471,0.0180,1.6086,-0.2485,0.0696,356.8833,imu,
1786712120.247323,0.0231,-25.528005599975586,-26.44628143310547,-0.1524,-0.0156,1.6051,-0.2487,0.0705,356.8262,imu,
1786712120.346247,0.0989,-25.528005599975586,-25.16069793701172,-0.1486,0.0062,1.5904,-0.2497,0.0697,356.8746,imu,
1786712120.548490,0.2022,-25.14108657836914,-26.210918426513672,-0.1506,-0.0182,1.5601,-0.2519,0.0714,356.7768,imu,
1786712120.576471,0.0280,-25.02745819091797,-24.66735076904297,-0.1457,0.0061,1.5560,-0.2522,0.0709,356.8047,imu,
1786712120.660820,0.0843,-25.295839309692383,-25.642358779907227,-0.1494,-0.0059,1.5434,-0.2531,0.0726,356.7067,imu,
1786712120.760042,0.0992,-24.784473419189453,-25.676002502441406,-0.1480,-0.0152,1.5288,-0.2542,0.0718,356.7538,imu,
1786712120.902781,0.1427,-24.793386459350586,-25.528005599975586,-0.1476,-0.0125,1.5078,-0.2557,0.0713,356.7823,imu,
1786712120.960356,0.0576,-24.793386459350586,-24.609731674194336,-0.1449,0.0031,1.4995,-0.2563,0.0711,356.7970,imu,
1786712121.064893,0.1045,-24.609731674194336,-24.793386459350586,-0.1449,-0.0031,1.4844,-0.2574,0.0715,356.7688,imu,
1786712121.262135,0.1972,-24.547908782958984,-25.09341812133789,-0.1456,-0.0093,1.4557,-0.2594,0.0714,356.7799,imu,
1786712121.271942,0.0098,-24.24242401123047,-24.42607879638672,-0.1427,-0.0031,1.4543,-0.2595,0.0709,356.8073,imu,
1786712121.367317,0.0954,-24.42954444885254,-25.122581481933594,-0.1453,-0.0118,1.4405,-0.2605,0.0709,356.8088,imu,
1786712121.572767,0.2055,-24.366071701049805,-25.820762634277344,-0.1472,-0.0247,1.4103,-0.2626,0.0717,356.7589,imu,
1786712121.579613,0.0068,-24.00240135192871,-23.456892013549805,-0.1392,0.0093,1.4094,-0.2627,0.0725,356.7159,imu,
1786712121.691448,0.1118,-24.00240135192871,-24.366071701049805,-0.1418,-0.0062,1.3936,-0.2638,0.0714,356.7795,imu,
1786712121.892465,0.2010,-23.962570190429688,-25.53675079345703,-0.1451,-0.0268,1.3645,-0.2659,0.0714,356.7791,imu,
1786712121.905801,0.0133,-23.87511444091797,-22.95684051513672,-0.1373,0.0156,1.3627,-0.2661,0.0727,356.7018,imu,
1786712121.974312,0.0685,-23.69145965576172,-23.69145965576172,-0.1389,0.0000,1.3532,-0.2668,0.0736,356.6541,imu,
1786712122.077941,0.1036,-23.8929443359375,-24.42786407470703,-0.1417,-0.0091,1.3385,-0.2678,0.0728,356.6971,imu,
1786712122.265727,0.1878,-23.638729095458984,-23.093217849731445,-0.1370,0.0093,1.3129,-0.2697,0.0740,356.6274,imu,
1786712122.280085,0.0144,-23.456892013549805,-23.456892013549805,-0.1376,0.0000,1.3109,-0.2699,0.0723,356.7251,imu,
1786712122.383949,0.1039,-23.26293182373047,-22.563295364379883,-0.1344,0.0119,1.2970,-0.2709,0.0725,356.7121,imu,
1786712122.557819,0.1739,-23.456892013549805,-22.002201080322266,-0.1333,0.0247,1.2739,-0.2726,0.0733,356.6693,imu,
1786712122.620020,0.0622,-23.22692108154297,-23.4069766998291,-0.1367,-0.0031,1.2654,-0.2732,0.0746,356.5921,imu,
1786712122.687541,0.0675,-22.03856658935547,-22.22222137451172,-0.1298,-0.0031,1.2566,-0.2739,0.0735,356.6559,imu,
1786712122.876596,0.1891,-1.4404292106628418,-1.6204829216003418,-0.0090,-0.0031,1.2549,-0.2740,0.0773,356.4396,imu,
1786712122.912165,0.0356,-0.0,-0.0,-0.0000,0.0000,1.2549,-0.2740,0.0773,356.3690,enc,
1786712122.999226,0.0871,-1.5893198251724243,-1.5893198251724243,-0.0093,0.0000,1.2541,-0.2741,0.0764,356.4176,imu,
1786712123.222697,0.2235,-27.457292556762695,-27.09362030029297,-0.1600,0.0062,1.2185,-0.2769,0.0798,356.2235,imu,
1786712123.228922,0.0062,-27.36455535888672,-28.466482162475586,-0.1637,-0.0187,1.2175,-0.2770,0.0773,356.3713,imu,
1786712123.298070,0.0691,-27.102447509765625,-27.63736343383789,-0.1605,-0.0091,1.2064,-0.2779,0.0788,356.2803,imu,
1786712123.400980,0.1029,-27.008047103881836,-26.287832260131836,-0.1563,0.0122,1.1904,-0.2791,0.0772,356.3772,imu,
1786712123.542238,0.1413,-26.82799530029297,-26.10778045654297,-0.1552,0.0122,1.1685,-0.2808,0.0786,356.2938,imu,
1786712123.601657,0.0594,-26.62993621826172,-26.262624740600586,-0.1551,0.0062,1.1593,-0.2815,0.0781,356.3216,imu,
1786712123.705359,0.1037,-26.62993621826172,-26.078969955444336,-0.1546,0.0094,1.1434,-0.2828,0.0776,356.3511,imu,
1786712123.905432,0.2001,-26.488662719726562,-25.95888900756836,-0.1538,0.0090,1.1127,-0.2851,0.0769,356.3943,imu,
1786712123.917186,0.0118,-26.287832260131836,-25.74767303466797,-0.1526,0.0092,1.1109,-0.2853,0.0765,356.4150,imu,
1786712124.039506,0.1223,-26.078969955444336,-25.89531707763672,-0.1524,0.0031,1.0923,-0.2867,0.0752,356.4902,imu,
1786712124.236847,0.1973,-26.078969955444336,-26.813589096069336,-0.1551,-0.0125,1.0618,-0.2890,0.0746,356.5260,imu,
1786712124.256564,0.0197,-25.782297134399414,-26.841846466064453,-0.1543,-0.0180,1.0588,-0.2892,0.0754,356.4767,imu,
1786712124.313808,0.0572,-25.92772674560547,-25.74767303466797,-0.1515,0.0031,1.0501,-0.2898,0.0750,356.4979,imu,
1786712124.416539,0.1027,-25.676002502441406,-25.31938934326172,-0.1495,0.0061,1.0348,-0.2910,0.0748,356.5124,imu,
1786712124.581937,0.1654,-25.782297134399414,-27.371618270874023,-0.1559,-0.0270,1.0091,-0.2929,0.0743,356.5403,imu,
1786712124.628996,0.0471,-25.45709228515625,-25.820762634277344,-0.1504,-0.0062,1.0020,-0.2934,0.0758,356.4560,imu,
1786712124.725292,0.0963,-3.8850038051605225,-4.238185882568359,-0.0238,-0.0060,0.9997,-0.2936,0.0725,356.6464,imu,
1786712124.866362,0.1411,-13.323970794677734,-12.963863372802734,-0.0771,0.0061,0.9889,-0.2944,0.0739,356.5618,imu,
1786712124.934337,0.0680,-27.6340274810791,-27.46238899230957,-0.1616,0.0029,0.9779,-0.2953,0.0826,356.0658,imu,
1786712125.034972,0.1006,-26.997243881225586,-26.62993621826172,-0.1572,0.0062,0.9622,-0.2965,0.0777,356.3460,imu,
1786712125.165632,0.1307,-27.11093521118164,-26.411298751831055,-0.1569,0.0119,0.9417,-0.2981,0.0767,356.4019,imu,
1786712125.240355,0.0747,-26.813589096069336,-26.262624740600586,-0.1556,0.0094,0.9301,-0.2990,0.0792,356.2625,imu,
1786712125.341650,0.1013,-26.64794158935547,-26.287832260131836,-0.1552,0.0061,0.9145,-0.3002,0.0778,356.3397,imu,
1786712125.443030,0.1014,-26.54810905456543,-26.184436798095703,-0.1546,0.0062,0.8988,-0.3015,0.0800,356.2142,imu,
1786712125.546253,0.1032,-24.071250915527344,-23.8929443359375,-0.1406,0.0030,0.8844,-0.3027,0.0806,356.1797,imu,
1786712125.646945,0.1007,-1.0910181999206543,-1.2728545665740967,-0.0069,-0.0031,0.8837,-0.3027,0.0794,356.2503,imu,
1786712125.749444,0.1025,-18.900390625,-18.365474700927734,-0.1093,0.0091,0.8725,-0.3036,0.0826,356.0667,imu,
1786712125.849284,0.0998,-27.91551971435547,-27.91551971435547,-0.1637,0.0000,0.8562,-0.3050,0.0834,356.0174,imu,
1786712125.949523,0.1002,-26.997243881225586,-26.44628143310547,-0.1567,0.0094,0.8406,-0.3063,0.0850,355.9281,imu,
1786712126.053277,0.1038,-27.018434524536133,-28.07798194885254,-0.1616,-0.0180,0.8239,-0.3077,0.0833,356.0258,imu,
1786712126.162288,0.1090,-26.813589096069336,-26.262624740600586,-0.1556,0.0094,0.8070,-0.3091,0.0829,356.0475,imu,
1786712126.261031,0.0987,-26.91178321838379,-26.366273880004883,-0.1562,0.0093,0.7916,-0.3104,0.0846,355.9494,imu,
1786712126.366655,0.1056,-26.50865364074707,-26.16213607788086,-0.1544,0.0059,0.7753,-0.3118,0.0845,355.9558,imu,
1786712126.469078,0.1024,-26.389225006103516,-25.676002502441406,-0.1527,0.0121,0.7597,-0.3131,0.0838,355.9983,imu,
1786712126.568391,0.0993,-26.46788787841797,-26.10778045654297,-0.1542,0.0061,0.7445,-0.3144,0.0824,356.0759,imu,
1786712126.672967,0.1046,-25.85430908203125,-25.497695922851562,-0.1506,0.0061,0.7288,-0.3157,0.0810,356.1595,imu,
1786712126.768572,0.0956,-26.078969955444336,-25.71166229248047,-0.1519,0.0062,0.7143,-0.3169,0.0817,356.1173,imu,
1786712126.872571,0.1040,-26.210918426513672,-25.676002502441406,-0.1521,0.0091,0.6986,-0.3181,0.0817,356.1166,imu,
1786712126.973605,0.1010,-25.820762634277344,-25.27525520324707,-0.1498,0.0093,0.6835,-0.3194,0.0815,356.1305,imu,
1786712127.073100,0.0995,-9.550045013427734,-29.201101303100586,-0.1136,-0.3340,0.6722,-0.3203,0.0810,356.1581,imu,
1786712127.175339,0.1022,37.45115661621094,-43.7530403137207,-0.0185,-1.3803,0.6703,-0.3203,0.0291,359.1300,imu,
1786712127.302339,0.1270,-12.06873893737793,-28.860027313232422,-0.1200,-0.2854,0.6551,-0.3199,-0.0282,2.4116,imu,
1786712127.382300,0.0800,-27.008047103881836,-24.66735076904297,-0.1515,0.0398,0.6430,-0.3197,-0.0189,1.8813,imu,
1786712127.504330,0.1220,-25.71166229248047,-24.97704315185547,-0.1486,0.0125,0.6248,-0.3193,-0.0207,1.9864,imu,
1786712127.583595,0.0793,-25.528005599975586,-26.262624740600586,-0.1519,-0.0125,0.6128,-0.3191,-0.0187,1.8683,imu,
1786712127.683045,0.0994,-25.528005599975586,-24.05876922607422,-0.1454,0.0250,0.5983,-0.3188,-0.0220,2.0556,imu,
1786712127.877239,0.1942,-25.295839309692383,-24.77606201171875,-0.1468,0.0088,0.5698,-0.3182,-0.0204,1.9647,imu,
1786712127.899630,0.0224,-25.31938934326172,-24.784473419189453,-0.1469,0.0091,0.5665,-0.3181,-0.0178,1.8185,imu,
1786712127.995767,0.0961,-25.45709228515625,-26.366273880004883,-0.1520,-0.0155,0.5519,-0.3179,-0.0181,1.8338,imu,
1786712128.091431,0.0957,-24.793386459350586,-24.05876922607422,-0.1432,0.0125,0.5382,-0.3176,-0.0200,1.9454,imu,
1786712128.191979,0.1005,-25.344350814819336,-24.609731674194336,-0.1465,0.0125,0.5235,-0.3173,-0.0206,1.9797,imu,
1786712128.292033,0.1001,-24.793386459350586,-24.24242401123047,-0.1438,0.0094,0.5091,-0.3170,-0.0188,1.8748,imu,
1786712128.404620,0.1126,-24.72275161743164,-24.369569778442383,-0.1439,0.0060,0.4929,-0.3167,-0.0176,1.8059,imu,
1786712128.510740,0.1061,-24.837114334106445,-27.11093521118164,-0.1523,-0.0387,0.4768,-0.3164,-0.0186,1.8624,imu,
1786712128.603245,0.0925,-24.42607879638672,-24.609731674194336,-0.1438,-0.0031,0.4635,-0.3162,-0.0200,1.9453,imu,
1786712128.703600,0.1004,-24.609731674194336,-24.05876922607422,-0.1427,0.0094,0.4492,-0.3159,-0.0182,1.8404,imu,
1786712128.803888,0.1003,-24.547908782958984,-25.63892936706543,-0.1472,-0.0185,0.4344,-0.3156,-0.0189,1.8827,imu,
1786712128.907178,0.1033,-24.24242401123047,-23.32415008544922,-0.1395,0.0156,0.4200,-0.3153,-0.0192,1.8969,imu,
1786712129.005781,0.0986,-24.016387939453125,-23.310022354125977,-0.1388,0.0120,0.4063,-0.3151,-0.0180,1.8264,imu,
1786712129.108095,0.1023,-24.127187728881836,-24.66735076904297,-0.1431,-0.0092,0.3917,-0.3148,-0.0178,1.8192,imu,
1786712129.209493,0.1014,-23.94713592529297,-24.127187728881836,-0.1410,-0.0031,0.3774,-0.3146,-0.0183,1.8475,imu,
1786712129.309630,0.1001,-23.87511444091797,-24.42607879638672,-0.1416,-0.0094,0.3632,-0.3143,-0.0176,1.8053,imu,
1786712129.412450,0.1028,-24.00240135192871,-24.366071701049805,-0.1418,-0.0062,0.3486,-0.3140,-0.0198,1.9313,imu,
1786712129.515604,0.1032,-23.43783950805664,-23.088022232055664,-0.1364,0.0059,0.3346,-0.3138,-0.0188,1.8749,imu,
1786712129.617677,0.1021,-23.4069766998291,-23.76708221435547,-0.1383,-0.0061,0.3204,-0.3135,-0.0187,1.8676,imu,
1786712129.721097,0.1034,-23.714641571044922,-23.8929443359375,-0.1396,-0.0030,0.3060,-0.3132,-0.0190,1.8882,imu,
1786712129.849200,0.1281,-37.6139030456543,27.371618270874023,-0.0300,1.1046,0.3022,-0.3133,0.0084,0.3145,imu,
1786712129.924312,0.0751,-35.44536209106445,16.8962345123291,-0.0544,0.8897,0.2981,-0.3135,0.0637,357.1458,imu,
1786712130.028475,0.1042,-22.250476837158203,-26.135480880737305,-0.1419,-0.0660,0.2833,-0.3144,0.0613,357.2859,imu,
1786712130.134641,0.1062,-23.14049530029297,-22.77318572998047,-0.1346,0.0062,0.2691,-0.3153,0.0576,357.4946,imu,
1786712130.229098,0.0945,-23.32415008544922,-24.793386459350586,-0.1411,-0.0250,0.2558,-0.3160,0.0581,357.4677,imu,
1786712130.340387,0.1113,-23.22692108154297,-22.32665252685547,-0.1336,0.0153,0.2409,-0.3169,0.0599,357.3636,imu,
1786712130.436071,0.0957,-22.91311264038086,-22.738204956054688,-0.1339,0.0030,0.2281,-0.3177,0.0571,357.5238,imu,
1786712130.540270,0.1042,-23.001419067382812,-23.714641571044922,-0.1370,-0.0121,0.2139,-0.3185,0.0590,357.4188,imu,
1786712130.643715,0.1034,-22.738204956054688,-22.388385772705078,-0.1323,0.0059,0.2002,-0.3193,0.0608,357.3152,imu,
1786712130.746430,0.1027,-22.86681365966797,-23.04686737060547,-0.1346,-0.0031,0.1864,-0.3201,0.0595,357.3904,imu,
1786712130.847018,0.1006,-12.063593864440918,-12.783808708190918,-0.0729,-0.0122,0.1791,-0.3206,0.0608,357.3134,imu,
1786712130.947094,0.1001,-0.0,-0.0,-0.0000,0.0000,0.1791,-0.3206,0.0608,357.3273,enc,
1786712131.169981,0.2229,-0.0,-0.0,-0.0000,0.0000,0.1791,-0.3206,0.0608,357.4670,enc,
1786712131.202052,0.0321,-0.0,-0.0,-0.0000,0.0000,0.1791,-0.3206,0.0608,357.4742,enc,
1786712131.254178,0.0521,-0.0,-0.0,-0.0000,0.0000,0.1791,-0.3206,0.0608,357.4812,enc,
1786712131.366196,0.1120,-0.0,-0.0,-0.0000,0.0000,0.1791,-0.3206,0.0608,357.4810,enc,
1786712131.511279,0.1451,-0.0,-0.0,-0.0000,0.0000,0.1791,-0.3206,0.0608,357.4808,enc,
1786712131.557631,0.0464,-0.0,-0.0,-0.0000,0.0000,0.1791,-0.3206,0.0608,357.4807,enc,
1786712131.661518,0.1039,-0.0,-0.0,-0.0000,0.0000,0.1791,-0.3206,0.0608,357.4803,enc,
1786712131.847762,0.1862,-0.0,-0.0,-0.0000,0.0000,0.1791,-0.3206,0.0608,357.4800,enc,
1786712131.901574,0.0538,-0.0,-0.0,-0.0000,0.0000,0.1791,-0.3206,0.0608,357.4869,enc,
1786712131.969449,0.0679,-0.0,-0.0,-0.0000,0.0000,0.1791,-0.3206,0.0608,357.4936,enc,
1786712132.205919,0.2365,-0.0,-0.0,-0.0000,0.0000,0.1791,-0.3206,0.0608,357.4865,enc,
1786712132.223388,0.0175,-0.0,-0.0,-0.0000,0.0000,0.1791,-0.3206,0.0608,357.4863,enc,
1786712132.277066,0.0537,-0.0,-0.0,-0.0000,0.0000,0.1791,-0.3206,0.0608,357.4791,enc,
1786712132.377411,0.1003,-0.0,-0.0,-0.0000,0.0000,0.1791,-0.3206,0.0608,357.4788,enc,
1786712132.580887,0.2035,-0.0,-0.0,-0.0000,0.0000,0.1791,-0.3206,0.0608,357.4716,enc,
1786712132.589499,0.0086,-0.0,-0.0,-0.0000,0.0000,0.1791,-0.3206,0.0608,357.4647,enc,
1786712132.687675,0.0982,-0.0,-0.0,-0.0000,0.0000,0.1791,-0.3206,0.0608,357.4646,enc,
1786712132.934605,0.2469,-0.0,-0.0,-0.0000,0.0000,0.1791,-0.3206,0.0608,357.4646,enc,
1786712132.934672,0.0001,-0.0,-0.0,-0.0000,0.0000,0.1791,-0.3206,0.0608,357.4644,enc,
1786712132.994360,0.0597,-0.0,-0.0,-0.0000,0.0000,0.1791,-0.3206,0.0608,357.4645,enc,
1786712133.220772,0.2264,-0.0,-0.0,-0.0000,0.0000,0.1791,-0.3206,0.0608,357.4645,enc,
1786712133.258488,0.0377,-0.0,-0.0,-0.0000,0.0000,0.1791,-0.3206,0.0608,357.4643,enc,
1786712133.302523,0.0440,-0.0,-0.0,-0.0000,0.0000,0.1791,-0.3206,0.0608,357.4643,enc,
1786712133.410815,0.1083,-0.0,-0.0,-0.0000,0.0000,0.1791,-0.3206,0.0608,357.4642,enc,
1786712133.567751,0.1569,-0.0,-0.0,-0.0000,0.0000,0.1791,-0.3206,0.0608,357.4642,enc,
1786712133.614316,0.0466,-0.0,-0.0,-0.0000,0.0000,0.1791,-0.3206,0.0608,357.4641,enc,
1786712133.712094,0.0978,-0.0,-0.0,-0.0000,0.0000,0.1791,-0.3206,0.0608,357.4570,enc,
1786712133.920985,0.2089,-0.0,-0.0,-0.0000,0.0000,0.1791,-0.3206,0.0608,357.4570,enc,
1786712133.925684,0.0047,-0.0,-0.0,-0.0000,0.0000,0.1791,-0.3206,0.0608,357.4569,enc,
1786712134.041138,0.1155,-0.0,-0.0,-0.0000,0.0000,0.1791,-0.3206,0.0608,357.4568,enc,
1786712134.212541,0.1714,-0.0,-0.0,-0.0000,0.0000,0.1791,-0.3206,0.0608,357.4568,enc,
1786712134.225687,0.0131,-0.0,-0.0,-0.0000,0.0000,0.1791,-0.3206,0.0608,357.4568,enc,
1786712134.323108,0.0974,-0.0,-0.0,-0.0000,0.0000,0.1791,-0.3206,0.0608,357.4567,enc,
1786712134.540485,0.2174,-0.0,-0.0,-0.0000,0.0000,0.1791,-0.3206,0.0608,357.4566,enc,
1786712134.584383,0.0439,-0.0,-0.0,-0.0000,0.0000,0.1791,-0.3206,0.0608,357.4566,enc,
1786712134.628208,0.0438,-0.0,-0.0,-0.0000,0.0000,0.1791,-0.3206,0.0608,357.4565,enc,
1786712134.751738,0.1235,-0.0,-0.0,-0.0000,0.0000,0.1791,-0.3206,0.0608,357.4565,enc,
1786712134.916054,0.1643,-0.0,-0.0,-0.0000,0.0000,0.1791,-0.3206,0.0608,357.4565,enc,
1786712134.952433,0.0364,-0.0,-0.0,-0.0000,0.0000,0.1791,-0.3206,0.0608,357.4565,enc,
1786712135.350859,0.3984,-0.0,-0.0,-0.0000,0.0000,0.1791,-0.3206,0.0608,357.4564,enc,
1786712135.350930,0.0001,-0.0,-0.0,-0.0000,0.0000,0.1791,-0.3206,0.0608,357.4564,enc,
1786712135.350955,0.0000,-0.0,-0.0,-0.0000,0.0000,0.1791,-0.3206,0.0608,357.4563,enc,
1786712135.350986,0.0000,-0.0,-0.0,-0.0000,0.0000,0.1791,-0.3206,0.0608,357.4563,enc,
1786712135.549023,0.1980,-0.0,-0.0,-0.0000,0.0000,0.1791,-0.3206,0.0608,357.4562,enc,
1786712135.590744,0.0417,-0.0,-0.0,-0.0000,0.0000,0.1791,-0.3206,0.0608,357.4562,enc,
1786712135.659246,0.0685,-0.0,-0.0,-0.0000,0.0000,0.1791,-0.3206,0.0608,357.4562,enc,
1786712135.902733,0.2435,-0.0,-0.0,-0.0000,0.0000,0.1791,-0.3206,0.0608,357.4562,enc,
1786712135.921594,0.0189,-0.0,-0.0,-0.0000,0.0000,0.1791,-0.3206,0.0608,357.4562,enc,
1786712135.961977,0.0404,-0.0,-0.0,-0.0000,0.0000,0.1791,-0.3206,0.0608,357.4561,enc,
1786712136.061419,0.0994,-0.0,-0.0,-0.0000,0.0000,0.1791,-0.3206,0.0608,357.4561,enc,
1786712136.226828,0.1654,-0.0,-0.0,-0.0000,0.0000,0.1791,-0.3206,0.0608,357.4560,enc,
1786712136.271676,0.0448,-0.0,-0.0,-0.0000,0.0000,0.1791,-0.3206,0.0608,357.4560,enc,
1786712136.363751,0.0921,-0.0,-0.0,-0.0000,0.0000,0.1791,-0.3206,0.0608,357.4560,enc,
1786712136.565365,0.2016,-0.0,-0.0,-0.0000,0.0000,0.1791,-0.3206,0.0608,357.4559,enc,
1786712136.579970,0.0146,-0.0,-0.0,-0.0000,0.0000,0.1791,-0.3206,0.0608,357.4559,enc,
1786712136.678607,0.0986,-0.0,-0.0,-0.0000,0.0000,0.1791,-0.3206,0.0608,357.4559,enc,
1786712136.892733,0.2141,-0.0,-0.0,-0.0000,0.0000,0.1791,-0.3206,0.0608,357.4560,enc,
1786712136.907445,0.0147,-0.0,-0.0,-0.0000,0.0000,0.1791,-0.3206,0.0608,357.4559,enc,
1786712136.977415,0.0700,-0.0,-0.0,-0.0000,0.0000,0.1791,-0.3206,0.0608,357.4559,enc,
1786712137.080172,0.1028,-0.0,-0.0,-0.0000,0.0000,0.1791,-0.3206,0.0608,357.4559,enc,
1786712137.258385,0.1782,-0.0,-0.0,-0.0000,0.0000,0.1791,-0.3206,0.0608,357.4559,enc,
1786712137.285141,0.0268,-0.0,-0.0,-0.0000,0.0000,0.1791,-0.3206,0.0608,357.4559,enc,
1786712137.384917,0.0998,-0.0,-0.0,-0.0000,0.0000,0.1791,-0.3206,0.0608,357.4559,enc,
1786712137.580619,0.1957,-0.0,-0.0,-0.0000,0.0000,0.1791,-0.3206,0.0608,357.4559,enc,
1786712137.612391,0.0318,-0.0,-0.0,-0.0000,0.0000,0.1791,-0.3206,0.0608,357.4559,enc,
1786712137.697785,0.0854,-0.0,-0.0,-0.0000,0.0000,0.1791,-0.3206,0.0608,357.4558,enc,
1786712137.877188,0.1794,-0.0,-0.0,-0.0000,0.0000,0.1791,-0.3206,0.0608,357.4558,enc,
1786712137.917733,0.0405,-0.0,-0.0,-0.0000,0.0000,0.1791,-0.3206,0.0608,357.4558,enc,
1786712138.012210,0.0945,-0.0,-0.0,-0.0000,0.0000,0.1791,-0.3206,0.0608,357.4558,enc,
1786712138.123587,0.1114,-0.0,-0.0,-0.0000,0.0000,0.1791,-0.3206,0.0608,357.4558,enc,
1786712138.276356,0.1528,-0.0,-0.0,-0.0000,0.0000,0.1791,-0.3206,0.0608,357.4558,enc,
1786712138.309693,0.0333,-0.0,-0.0,-0.0000,0.0000,0.1791,-0.3206,0.0608,357.4558,enc,
1786712138.417866,0.1082,-0.0,-0.0,-0.0000,0.0000,0.1791,-0.3206,0.0608,357.4557,enc,
1786712138.612801,0.1949,-0.0,-0.0,-0.0000,0.0000,0.1791,-0.3206,0.0608,357.4556,enc,
1786712138.654246,0.0414,-0.0,-0.0,-0.0000,0.0000,0.1791,-0.3206,0.0608,357.4556,enc,
1786712138.717195,0.0629,-0.0,-0.0,-0.0000,0.0000,0.1791,-0.3206,0.0608,357.4557,enc,
1786712138.940655,0.2235,-0.0,-0.0,-0.0000,0.0000,0.1791,-0.3206,0.0608,357.4557,enc,
1786712138.945454,0.0048,-0.0,-0.0,-0.0000,0.0000,0.1791,-0.3206,0.0608,357.4557,enc,
1786712139.046356,0.1009,-0.0,-0.0,-0.0000,0.0000,0.1791,-0.3206,0.0608,357.4557,enc,
1786712139.321043,0.2747,-0.0,-0.0,-0.0000,0.0000,0.1791,-0.3206,0.0608,357.4557,enc,
1786712139.321119,0.0001,-0.0,-0.0,-0.0000,0.0000,0.1791,-0.3206,0.0608,357.4556,enc,
1786712139.461610,0.1405,-0.0,-0.0,-0.0000,0.0000,0.1791,-0.3206,0.0608,357.4556,enc,
1786712139.461691,0.0001,-0.0,-0.0,-0.0000,0.0000,0.1791,-0.3206,0.0608,357.4556,enc,
1786712139.550903,0.0892,-0.0,-0.0,-0.0000,0.0000,0.1791,-0.3206,0.0608,357.4556,enc,
1786712139.632624,0.0817,-0.0,-0.0,-0.0000,0.0000,0.1791,-0.3206,0.0608,357.4556,enc,
1786712139.731606,0.0990,-0.0,-0.0,-0.0000,0.0000,0.1791,-0.3206,0.0608,357.4556,enc,
1786712139.901226,0.1696,-0.0,-0.0,-0.0000,0.0000,0.1791,-0.3206,0.0608,357.4556,enc,
1786712139.946883,0.0457,-0.0,-0.0,-0.0000,0.0000,0.1791,-0.3206,0.0608,357.4556,enc,
1786712140.038968,0.0921,-0.0,-0.0,-0.0000,0.0000,0.1791,-0.3206,0.0608,357.4556,enc,
1786712140.146807,0.1078,-0.0,-0.0,-0.0000,0.0000,0.1791,-0.3206,0.0608,357.4556,enc,
1786712140.243320,0.0965,-0.0,-0.0,-0.0000,0.0000,0.1791,-0.3206,0.0608,357.4556,enc,
1786712140.367463,0.1241,-0.0,-0.0,-0.0000,0.0000,0.1791,-0.3206,0.0608,357.4556,enc,
1786712140.446085,0.0786,-0.0,-0.0,-0.0000,0.0000,0.1791,-0.3206,0.0608,357.4556,enc,
1786712140.656853,0.2108,-0.0,-0.0,-0.0000,0.0000,0.1791,-0.3206,0.0608,357.4556,enc,
1786712140.656925,0.0001,-0.0,-0.0,-0.0000,0.0000,0.1791,-0.3206,0.0608,357.4556,enc,
1786712140.755081,0.0982,-0.0,-0.0,-0.0000,0.0000,0.1791,-0.3206,0.0608,357.4556,enc,
1786712140.856920,0.1018,-0.0,-0.0,-0.0000,0.0000,0.1791,-0.3206,0.0608,357.4556,enc,
1786712140.981968,0.1250,-0.0,-0.0,-0.0000,0.0000,0.1791,-0.3206,0.0608,357.4556,enc,
1786712141.061837,0.0799,-0.0,-0.0,-0.0000,0.0000,0.1791,-0.3206,0.0608,357.4556,enc,
1786712141.170169,0.1083,-0.0,-0.0,-0.0000,0.0000,0.1791,-0.3206,0.0608,357.4556,enc,
1786712141.264143,0.0940,-0.0,-0.0,-0.0000,0.0000,0.1791,-0.3206,0.0608,357.4556,enc,
1786712141.364410,0.1003,-0.0,-0.0,-0.0000,0.0000,0.1791,-0.3206,0.0608,357.4556,enc,
1786712141.463977,0.0996,-0.0,-0.0,-0.0000,0.0000,0.1791,-0.3206,0.0608,357.4557,enc,
1786712141.565832,0.1019,-0.0,-0.0,-0.0000,0.0000,0.1791,-0.3206,0.0608,357.4556,enc,
1786712141.676100,0.1103,-0.0,-0.0,-0.0000,0.0000,0.1791,-0.3206,0.0608,357.4556,enc,
1786712141.780995,0.1049,-0.0,-0.0,-0.0000,0.0000,0.1791,-0.3206,0.0608,357.4556,enc,
1786712141.879876,0.0989,-0.0,-0.0,-0.0000,0.0000,0.1791,-0.3206,0.0608,357.4556,enc,
1786712141.992326,0.1124,-0.0,-0.0,-0.0000,0.0000,0.1791,-0.3206,0.0608,357.4556,enc,
1786712142.084076,0.0917,-0.0,-0.0,-0.0000,0.0000,0.1791,-0.3206,0.0608,357.4556,enc,
1786712142.179045,0.0950,-0.0,-0.0,-0.0000,0.0000,0.1791,-0.3206,0.0608,357.4556,enc,
1786712142.281264,0.1022,-0.0,-0.0,-0.0000,0.0000,0.1791,-0.3206,0.0608,357.4556,enc,
1786712142.383530,0.1023,-0.0,-0.0,-0.0000,0.0000,0.1791,-0.3206,0.0608,357.4556,enc,
1786712142.484000,0.1005,-0.0,-0.0,-0.0000,0.0000,0.1791,-0.3206,0.0608,357.4556,enc,
1786712142.586027,0.1020,-0.0,-0.0,-0.0000,0.0000,0.1791,-0.3206,0.0608,357.4556,enc,
1786712142.688286,0.1023,-0.0,-0.0,-0.0000,0.0000,0.1791,-0.3206,0.0608,357.4556,enc,
1786712142.790890,0.1026,-0.0,-0.0,-0.0000,0.0000,0.1791,-0.3206,0.0608,357.4556,enc,
1786712142.896427,0.1055,-0.0,-0.0,-0.0000,0.0000,0.1791,-0.3206,0.0608,357.4556,enc,
1786712142.994903,0.0985,-0.0,-0.0,-0.0000,0.0000,0.1791,-0.3206,0.0608,357.4556,enc,
1786712143.093560,0.0987,-0.0,-0.0,-0.0000,0.0000,0.1791,-0.3206,0.0608,357.4557,enc,
1786712143.193564,0.1000,-0.0,-0.0,-0.0000,0.0000,0.1791,-0.3206,0.0608,357.4557,enc,
1786712143.308302,0.1147,-0.0,-0.0,-0.0000,0.0000,0.1791,-0.3206,0.0608,357.4557,enc,
1786712143.401466,0.0932,-0.0,-0.0,-0.0000,0.0000,0.1791,-0.3206,0.0608,357.4557,enc,
1786712143.504095,0.1026,-0.0,-0.0,-0.0000,0.0000,0.1791,-0.3206,0.0608,357.4557,enc,
1786712143.620669,0.1166,-0.0,-0.0,-0.0000,0.0000,0.1791,-0.3206,0.0608,357.4557,enc,
1786712143.895500,0.2748,-0.0,-0.0,-0.0000,0.0000,0.1791,-0.3206,0.0608,357.4557,enc,
1786712143.903757,0.0083,-0.0,-0.0,-0.0000,0.0000,0.1791,-0.3206,0.0608,357.4557,enc,
1786712143.931657,0.0279,-0.0,-0.0,-0.0000,0.0000,0.1791,-0.3206,0.0608,357.4556,enc,
1786712144.125699,0.1940,-0.0,-0.0,-0.0000,0.0000,0.1791,-0.3206,0.0608,357.4556,enc,
1786712144.125762,0.0001,-0.0,-0.0,-0.0000,0.0000,0.1791,-0.3206,0.0608,357.4556,enc,
1786712144.246448,0.1207,-0.0,-0.0,-0.0000,0.0000,0.1791,-0.3206,0.0608,357.4556,enc,
1786712144.330778,0.0843,-0.0,-0.0,-0.0000,0.0000,0.1791,-0.3206,0.0608,357.4556,enc,
1786712144.430552,0.0998,-0.0,-0.0,-0.0000,0.0000,0.1791,-0.3206,0.0608,357.4556,enc,
1786712144.535225,0.1047,-0.0,-0.0,-0.0000,0.0000,0.1791,-0.3206,0.0608,357.4556,enc,
1786712144.638796,0.1036,-0.0,-0.0,-0.0000,0.0000,0.1791,-0.3206,0.0608,357.4556,enc,
1786712144.748634,0.1098,-0.0,-0.0,-0.0000,0.0000,0.1791,-0.3206,0.0608,357.4556,enc,
1786712144.850057,0.1014,-0.0,-0.0,-0.0000,0.0000,0.1791,-0.3206,0.0608,357.4556,enc,
1786712144.950571,0.1005,-0.0,-0.0,-0.0000,0.0000,0.1791,-0.3206,0.0608,357.4556,enc,
1786712145.051242,0.1007,-0.0,-0.0,-0.0000,0.0000,0.1791,-0.3206,0.0608,357.4555,enc,
1786712145.259025,0.2078,-0.0,-0.0,-0.0000,0.0000,0.1791,-0.3206,0.0608,357.4555,enc,
1786712145.259097,0.0001,-0.0,-0.0,-0.0000,0.0000,0.1791,-0.3206,0.0608,357.4555,enc,
1786712145.378956,0.1199,-0.0,-0.0,-0.0000,0.0000,0.1791,-0.3206,0.0608,357.4555,enc,
1786712145.454491,0.0755,-0.0,-0.0,-0.0000,0.0000,0.1791,-0.3206,0.0608,357.4555,enc,
1786712145.555989,0.1015,-0.0,-0.0,-0.0000,0.0000,0.1791,-0.3206,0.0608,357.4555,enc,
1786712145.658227,0.1022,-0.0,-0.0,-0.0000,0.0000,0.1791,-0.3206,0.0608,357.4555,enc,
1786712145.760283,0.1021,-0.0,-0.0,-0.0000,0.0000,0.1791,-0.3206,0.0608,357.4555,enc,
1786712145.862625,0.1023,-0.0,-0.0,-0.0000,0.0000,0.1791,-0.3206,0.0608,357.4555,enc,
1786712145.961444,0.0988,-0.0,-0.0,-0.0000,0.0000,0.1791,-0.3206,0.0608,357.4555,enc,
1786712146.170964,0.2095,-0.0,-0.0,-0.0000,0.0000,0.1791,-0.3206,0.0608,357.4555,enc,
1786712146.207783,0.0368,-0.0,-0.0,-0.0000,0.0000,0.1791,-0.3206,0.0608,357.4556,enc,
1786712146.267662,0.0599,-0.0,-0.0,-0.0000,0.0000,0.1791,-0.3206,0.0608,357.4556,enc,
1786712146.368806,0.1011,-0.0,-0.0,-0.0000,0.0000,0.1791,-0.3206,0.0608,357.4555,enc,
1786712146.511067,0.1423,-0.0,-0.0,-0.0000,0.0000,0.1791,-0.3206,0.0608,357.4555,enc,
1786712146.570171,0.0591,-0.0,-0.0,-0.0000,0.0000,0.1791,-0.3206,0.0608,357.4555,enc,
1786712146.682730,0.1126,-0.0,-0.0,-0.0000,0.0000,0.1791,-0.3206,0.0608,357.4555,enc,
1786712146.874138,0.1914,-0.0,-0.0,-0.0000,0.0000,0.1791,-0.3206,0.0608,357.4555,enc,
1786712146.896233,0.0221,-0.0,-0.0,-0.0000,0.0000,0.1791,-0.3206,0.0608,357.4555,enc,
1786712146.978282,0.0820,-0.0,-0.0,-0.0000,0.0000,0.1791,-0.3206,0.0608,357.4556,enc,
1786712147.183827,0.2055,-0.0,-0.0,-0.0000,0.0000,0.1791,-0.3206,0.0608,357.4556,enc,
1786712147.193570,0.0097,-0.0,-0.0,-0.0000,0.0000,0.1791,-0.3206,0.0608,357.4556,enc,
1786712147.316013,0.1224,-0.0,-0.0,-0.0000,0.0000,0.1791,-0.3206,0.0608,357.4556,enc,
1786712147.513935,0.1979,-0.0,-0.0,-0.0000,0.0000,0.1791,-0.3206,0.0608,357.4556,enc,
1786712147.553377,0.0394,-0.0,-0.0,-0.0000,0.0000,0.1791,-0.3206,0.0608,357.4556,enc,
1786712147.597136,0.0438,-0.0,-0.0,-0.0000,0.0000,0.1791,-0.3206,0.0608,357.4556,enc,
1786712147.713693,0.1166,-0.0,-0.0,-0.0000,0.0000,0.1791,-0.3206,0.0608,357.4556,enc,
1786712147.859720,0.1460,-0.0,-0.0,-0.0000,0.0000,0.1791,-0.3206,0.0608,357.4556,enc,
1786712147.910669,0.0509,-0.0,-0.0,-0.0000,0.0000,0.1791,-0.3206,0.0608,357.4556,enc,
1786712148.020117,0.1094,-0.0,-0.0,-0.0000,0.0000,0.1791,-0.3206,0.0608,357.4556,enc,
1786712148.193528,0.1734,-0.0,-0.0,-0.0000,0.0000,0.1791,-0.3206,0.0608,357.4556,enc,
1786712148.248552,0.0550,-0.0,-0.0,-0.0000,0.0000,0.1791,-0.3206,0.0608,357.4556,enc,
1786712148.320274,0.0717,-0.0,-0.0,-0.0000,0.0000,0.1791,-0.3206,0.0608,357.4556,enc,
1786712148.562015,0.2417,-0.0,-0.0,-0.0000,0.0000,0.1791,-0.3206,0.0608,357.4556,enc,
1786712148.577275,0.0153,-0.0,-0.0,-0.0000,0.0000,0.1791,-0.3206,0.0608,357.4556,enc,
1786712148.627237,0.0500,-0.0,-0.0,-0.0000,0.0000,0.1791,-0.3206,0.0608,357.4556,enc,
1786712148.729055,0.1018,-0.0,-0.0,-0.0000,0.0000,0.1791,-0.3206,0.0608,357.4556,enc,
1786712148.867479,0.1384,-0.0,-0.0,-0.0000,0.0000,0.1791,-0.3206,0.0608,357.4556,enc,
1786712148.935133,0.0677,-0.0,-0.0,-0.0000,0.0000,0.1791,-0.3206,0.0608,357.4556,enc,
1786712149.036571,0.1014,-0.0,-0.0,-0.0000,0.0000,0.1791,-0.3206,0.0608,357.4556,enc,
1786712149.193690,0.1571,-0.0,-0.0,-0.0000,0.0000,0.1791,-0.3206,0.0608,357.4556,enc,
1786712149.241596,0.0479,-0.0,-0.0,-0.0000,0.0000,0.1791,-0.3206,0.0608,357.4556,enc,
1786712149.361606,0.1200,-0.0,-0.0,-0.0000,0.0000,0.1791,-0.3206,0.0608,357.4556,enc,
1786712149.513816,0.1522,-0.0,-0.0,-0.0000,0.0000,0.1791,-0.3206,0.0608,357.4556,enc,
1786712149.556665,0.0428,-0.0,-0.0,-0.0000,0.0000,0.1791,-0.3206,0.0608,357.4556,enc,
1786712149.652756,0.0961,-0.0,-0.0,-0.0000,0.0000,0.1791,-0.3206,0.0608,357.4556,enc,
1786712149.843020,0.1903,-0.0,-0.0,-0.0000,0.0000,0.1791,-0.3206,0.0608,357.4556,enc,
1786712149.879005,0.0360,-0.0,-0.0,-0.0000,0.0000,0.1791,-0.3206,0.0608,357.4556,enc,
1786712149.954471,0.0755,-0.0,-0.0,-0.0000,0.0000,0.1791,-0.3206,0.0608,357.4556,enc,
1786712150.166443,0.2120,-0.0,-0.0,-0.0000,0.0000,0.1791,-0.3206,0.0608,357.4556,enc,
1786712150.225637,0.0592,-0.0,-0.0,-0.0000,0.0000,0.1791,-0.3206,0.0608,357.4556,enc,
1786712150.249978,0.0243,-0.0,-0.0,-0.0000,0.0000,0.1791,-0.3206,0.0608,357.4556,enc,
1786712150.368328,0.1183,-0.0,-0.0,-0.0000,0.0000,0.1791,-0.3206,0.0608,357.4556,enc,
1786712150.516851,0.1485,-0.0,-0.0,-0.0000,0.0000,0.1791,-0.3206,0.0608,357.4556,enc,
1786712150.563918,0.0471,-0.0,-0.0,-0.0000,0.0000,0.1791,-0.3206,0.0608,357.4556,enc,
1786712150.653656,0.0897,-0.0,-0.0,-0.0000,0.0000,0.1791,-0.3206,0.0608,357.4556,enc,
1786712150.842236,0.1886,-0.0,-0.0,-0.0000,0.0000,0.1791,-0.3206,0.0608,357.4557,enc,
1786712150.883003,0.0408,-0.0,-0.0,-0.0000,0.0000,0.1791,-0.3206,0.0608,357.4557,enc,
1786712150.957184,0.0742,-0.0,-0.0,-0.0000,0.0000,0.1791,-0.3206,0.0608,357.4557,enc,
1786712151.164948,0.2078,-0.0,-0.0,-0.0000,0.0000,0.1791,-0.3206,0.0608,357.4557,enc,
1786712151.201958,0.0370,-0.0,-0.0,-0.0000,0.0000,0.1791,-0.3206,0.0608,357.4557,enc,
1786712151.269210,0.0673,-0.0,-0.0,-0.0000,0.0000,0.1791,-0.3206,0.0608,357.4557,enc,
1786712151.494063,0.2249,-0.0,-0.0,-0.0000,0.0000,0.1791,-0.3206,0.0608,357.4557,enc,
1786712151.501205,0.0071,-0.0,-0.0,-0.0000,0.0000,0.1791,-0.3206,0.0608,357.4557,enc,
1786712151.582639,0.0814,-0.0,-0.0,-0.0000,0.0000,0.1791,-0.3206,0.0608,357.4557,enc,
1786712151.686388,0.1037,-0.0,-0.0,-0.0000,0.0000,0.1791,-0.3206,0.0608,357.4557,enc,
1786712151.869905,0.1835,-0.0,-0.0,-0.0000,0.0000,0.1791,-0.3206,0.0608,357.4557,enc,
1786712151.892006,0.0221,-0.0,-0.0,-0.0000,0.0000,0.1791,-0.3206,0.0608,357.4557,enc,
1786712151.991251,0.0992,-0.0,-0.0,-0.0000,0.0000,0.1791,-0.3206,0.0608,357.4556,enc,
1786712152.155935,0.1647,-0.0,-0.0,-0.0000,0.0000,0.1791,-0.3206,0.0608,357.4556,enc,
1786712152.198591,0.0427,-0.0,-0.0,-0.0000,0.0000,0.1791,-0.3206,0.0608,357.4557,enc,
1786712152.293555,0.0950,-0.0,-0.0,-0.0000,0.0000,0.1791,-0.3206,0.0608,357.4557,enc,
1786712152.476495,0.1829,-0.0,-0.0,-0.0000,0.0000,0.1791,-0.3206,0.0608,357.4557,enc,
1786712152.524435,0.0479,-0.0,-0.0,-0.0000,0.0000,0.1791,-0.3206,0.0608,357.4557,enc,
1786712152.600534,0.0761,-0.0,-0.0,-0.0000,0.0000,0.1791,-0.3206,0.0608,357.4557,enc,
1786712152.832066,0.2315,-0.0,-0.0,-0.0000,0.0000,0.1791,-0.3206,0.0608,357.4557,enc,
1786712152.833131,0.0011,-0.0,-0.0,-0.0000,0.0000,0.1791,-0.3206,0.0608,357.4557,enc,
1786712152.905289,0.0722,-0.0,-0.0,-0.0000,0.0000,0.1791,-0.3206,0.0608,357.4557,enc,
1786712153.008781,0.1035,-0.0,-0.0,-0.0000,0.0000,0.1791,-0.3206,0.0608,357.4557,enc,
1786712153.148278,0.1395,-0.0,-0.0,-0.0000,0.0000,0.1791,-0.3206,0.0608,357.4557,enc,
1786712153.250454,0.1022,-0.0,-0.0,-0.0000,0.0000,0.1791,-0.3206,0.0608,357.4557,enc,
1786712153.317602,0.0671,-0.0,-0.0,-0.0000,0.0000,0.1791,-0.3206,0.0608,357.4557,enc,
1786712153.524839,0.2072,-0.0,-0.0,-0.0000,0.0000,0.1791,-0.3206,0.0608,357.4557,enc,
1786712153.524912,0.0001,-0.0,-0.0,-0.0000,0.0000,0.1791,-0.3206,0.0608,357.4557,enc,
1786712153.635288,0.1104,-0.0,-0.0,-0.0000,0.0000,0.1791,-0.3206,0.0608,357.4557,enc,
1786712153.797559,0.1623,-0.0,-0.0,-0.0000,0.0000,0.1791,-0.3206,0.0608,357.4557,enc,
1786712153.827152,0.0296,-0.0,-0.0,-0.0000,0.0000,0.1791,-0.3206,0.0608,357.4557,enc,
1786712153.928699,0.1015,-0.0,-0.0,-0.0000,0.0000,0.1791,-0.3206,0.0608,357.4557,enc,
1786712154.130430,0.2017,-0.0,-0.0,-0.0000,0.0000,0.1791,-0.3206,0.0608,357.4557,enc,
1786712154.167736,0.0373,-0.0,-0.0,-0.0000,0.0000,0.1791,-0.3206,0.0608,357.4557,enc,
1786712154.240149,0.0724,-0.0,-0.0,-0.0000,0.0000,0.1791,-0.3206,0.0608,357.4557,enc,
1786712154.463576,0.2234,-0.0,-0.0,-0.0000,0.0000,0.1791,-0.3206,0.0608,357.4557,enc,
1786712154.474914,0.0113,-0.0,-0.0,-0.0000,0.0000,0.1791,-0.3206,0.0608,357.4557,enc,
1786712154.543533,0.0686,-0.0,-0.0,-0.0000,0.0000,0.1791,-0.3206,0.0608,357.4557,enc,
1786712154.646731,0.1032,-0.0,-0.0,-0.0000,0.0000,0.1791,-0.3206,0.0608,357.4557,enc,
1786712154.760696,0.1140,-0.0,-0.0,-0.0000,0.0000,0.1791,-0.3206,0.0608,357.4557,enc,
1786712154.850894,0.0902,-0.0,-0.0,-0.0000,0.0000,0.1791,-0.3206,0.0608,357.4557,enc,
1786712154.952847,0.1020,-0.0,-0.0,-0.0000,0.0000,0.1791,-0.3206,0.0608,357.4557,enc,
1786712155.054592,0.1017,-0.0,-0.0,-0.0000,0.0000,0.1791,-0.3206,0.0608,357.4557,enc,
1786712155.157330,0.1027,-0.0,-0.0,-0.0000,0.0000,0.1791,-0.3206,0.0608,357.4557,enc,
1786712155.254146,0.0968,-0.0,-0.0,-0.0000,0.0000,0.1791,-0.3206,0.0608,357.4557,enc,
1786712155.357271,0.1031,-0.0,-0.0,-0.0000,0.0000,0.1791,-0.3206,0.0608,357.4557,enc,
1786712155.453341,0.0961,-0.0,-0.0,-0.0000,0.0000,0.1791,-0.3206,0.0608,357.4557,enc,
1786712155.557158,0.1038,-0.0,-0.0,-0.0000,0.0000,0.1791,-0.3206,0.0608,357.4557,enc,
1786712155.657470,0.1003,-0.0,-0.0,-0.0000,0.0000,0.1791,-0.3206,0.0608,357.4557,enc,
1786712155.757268,0.0998,-0.0,-0.0,-0.0000,0.0000,0.1791,-0.3206,0.0608,357.4557,enc,
1786712155.861413,0.1041,-0.0,-0.0,-0.0000,0.0000,0.1791,-0.3206,0.0608,357.4557,enc,
1786712155.990571,0.1292,-0.0,-0.0,-0.0000,0.0000,0.1791,-0.3206,0.0608,357.4557,enc,
1786712156.064164,0.0736,-0.0,-0.0,-0.0000,0.0000,0.1791,-0.3206,0.0608,357.4557,enc,
1786712156.165029,0.1009,-0.0,-0.0,-0.0000,0.0000,0.1791,-0.3206,0.0608,357.4557,enc,
1786712156.265355,0.1003,-0.0,-0.0,-0.0000,0.0000,0.1791,-0.3206,0.0608,357.4557,enc,
1786712156.368524,0.1032,-0.0,-0.0,-0.0000,0.0000,0.1791,-0.3206,0.0608,357.4557,enc,
1786712156.472459,0.1039,-0.0,-0.0,-0.0000,0.0000,0.1791,-0.3206,0.0608,357.4557,enc,
1786712156.572370,0.0999,-0.0,-0.0,-0.0000,0.0000,0.1791,-0.3206,0.0608,357.4557,enc,
1786712156.674041,0.1017,-0.0,-0.0,-0.0000,0.0000,0.1791,-0.3206,0.0608,357.4557,enc,
1786712156.777747,0.1037,-0.0,-0.0,-0.0000,0.0000,0.1791,-0.3206,0.0608,357.4557,enc,
1786712156.905812,0.1281,-0.0,-0.0,-0.0000,0.0000,0.1791,-0.3206,0.0608,357.4557,enc,
1786712156.985409,0.0796,-0.0,-0.0,-0.0000,0.0000,0.1791,-0.3206,0.0608,357.4556,enc,
1786712157.103274,0.1179,-0.0,-0.0,-0.0000,0.0000,0.1791,-0.3206,0.0608,357.4557,enc,
1786712157.186526,0.0833,-0.0,-0.0,-0.0000,0.0000,0.1791,-0.3206,0.0608,357.4557,enc,
1786712157.291247,0.1047,-0.0,-0.0,-0.0000,0.0000,0.1791,-0.3206,0.0608,357.4557,enc,
1786712157.393198,0.1020,-0.0,-0.0,-0.0000,0.0000,0.1791,-0.3206,0.0608,357.4557,enc,
1786712157.494048,0.1008,-0.0,-0.0,-0.0000,0.0000,0.1791,-0.3206,0.0608,357.4557,enc,
1786712157.594849,0.1008,-0.0,-0.0,-0.0000,0.0000,0.1791,-0.3206,0.0608,357.4557,enc,
1786712157.697012,0.1022,-0.0,-0.0,-0.0000,0.0000,0.1791,-0.3206,0.0608,357.4557,enc,
1786712157.923595,0.2266,-0.0,-0.0,-0.0000,0.0000,0.1791,-0.3206,0.0608,357.4557,enc,
1786712157.933186,0.0096,-0.0,-0.0,-0.0000,0.0000,0.1791,-0.3206,0.0608,357.4557,enc,
1786712158.012414,0.0792,-0.0,-0.0,-0.0000,0.0000,0.1791,-0.3206,0.0608,357.4557,enc,
1786712158.113430,0.1010,-0.0,-0.0,-0.0000,0.0000,0.1791,-0.3206,0.0608,357.4557,enc,
1786712158.215547,0.1021,-0.0,-0.0,-0.0000,0.0000,0.1791,-0.3206,0.0608,357.4557,enc,
1786712158.321858,0.1063,-0.0,-0.0,-0.0000,0.0000,0.1791,-0.3206,0.0608,357.4557,enc,
1786712158.423886,0.1020,-0.0,-0.0,-0.0000,0.0000,0.1791,-0.3206,0.0608,357.4557,enc,
1786712158.522729,0.0988,-0.0,-0.0,-0.0000,0.0000,0.1791,-0.3206,0.0608,357.4557,enc,
1786712158.625081,0.1024,-0.0,-0.0,-0.0000,0.0000,0.1791,-0.3206,0.0608,357.4557,enc,
1786712158.729333,0.1043,-0.0,-0.0,-0.0000,0.0000,0.1791,-0.3206,0.0608,357.4557,enc,
1786712158.824904,0.0956,-0.0,-0.0,-0.0000,0.0000,0.1791,-0.3206,0.0608,357.4557,enc,
1786712158.925825,0.1009,-0.0,-0.0,-0.0000,0.0000,0.1791,-0.3206,0.0608,357.4557,enc,
1786712159.029321,0.1035,-0.0,-0.0,-0.0000,0.0000,0.1791,-0.3206,0.0608,357.4557,enc,
1786712159.129902,0.1006,-0.0,-0.0,-0.0000,0.0000,0.1791,-0.3206,0.0608,357.4557,enc,
1786712159.231215,0.1013,-0.0,-0.0,-0.0000,0.0000,0.1791,-0.3206,0.0608,357.4557,enc,
1786712159.331403,0.1002,-0.0,-0.0,-0.0000,0.0000,0.1791,-0.3206,0.0608,357.4557,enc,
1786712159.458486,0.1271,-0.0,-0.0,-0.0000,0.0000,0.1791,-0.3206,0.0608,357.4557,enc,
1786712159.537468,0.0790,-0.0,-0.0,-0.0000,0.0000,0.1791,-0.3206,0.0608,357.4557,enc,
1786712159.651423,0.1140,-0.0,-0.0,-0.0000,0.0000,0.1791,-0.3206,0.0608,357.4557,enc,
1786712159.739892,0.0885,-0.0,-0.0,-0.0000,0.0000,0.1791,-0.3206,0.0608,357.4557,enc,
1786712159.852815,0.1129,-0.0,-0.0,-0.0000,0.0000,0.1791,-0.3206,0.0608,357.4557,enc,
1786712159.946107,0.0933,-0.0,-0.0,-0.0000,0.0000,0.1791,-0.3206,0.0608,357.4557,enc,
1786712160.056169,0.1101,-0.0,-0.0,-0.0000,0.0000,0.1791,-0.3206,0.0608,357.4557,enc,
1786712160.150090,0.0939,-0.0,-0.0,-0.0000,0.0000,0.1791,-0.3206,0.0608,357.4557,enc,
1786712160.255600,0.1055,-0.0,-0.0,-0.0000,0.0000,0.1791,-0.3206,0.0608,357.4557,enc,
1786712160.362427,0.1068,-0.0,-0.0,-0.0000,0.0000,0.1791,-0.3206,0.0608,357.4557,enc,
1786712160.458050,0.0956,-0.0,-0.0,-0.0000,0.0000,0.1791,-0.3206,0.0608,357.4557,enc,
1786712160.587037,0.1290,-0.0,-0.0,-0.0000,0.0000,0.1791,-0.3206,0.0608,357.4557,enc,
1786712160.665108,0.0781,-0.0,-0.0,-0.0000,0.0000,0.1791,-0.3206,0.0608,357.4557,enc,
1786712160.851809,0.1867,-0.0,-0.0,-0.0000,0.0000,0.1791,-0.3206,0.0608,357.4557,enc,
1786712160.876774,0.0250,-0.0,-0.0,-0.0000,0.0000,0.1791,-0.3206,0.0608,357.4557,enc,
1786712160.980637,0.1039,-0.0,-0.0,-0.0000,0.0000,0.1791,-0.3206,0.0608,357.4557,enc,
1786712161.198390,0.2178,-0.0,-0.0,-0.0000,0.0000,0.1791,-0.3206,0.0608,357.4557,enc,
1786712161.212533,0.0141,-0.0,-0.0,-0.0000,0.0000,0.1791,-0.3206,0.0608,357.4557,enc,
1786712161.320827,0.1083,-0.0,-0.0,-0.0000,0.0000,0.1791,-0.3206,0.0608,357.4557,enc,
1786712161.497948,0.1771,-0.0,-0.0,-0.0000,0.0000,0.1791,-0.3206,0.0608,357.4557,enc,
1786712161.507288,0.0093,-0.0,-0.0,-0.0000,0.0000,0.1791,-0.3206,0.0608,357.4557,enc,
1786712161.591605,0.0843,-0.0,-0.0,-0.0000,0.0000,0.1791,-0.3206,0.0608,357.4557,enc,
1786712161.843638,0.2520,-0.0,-0.0,-0.0000,0.0000,0.1791,-0.3206,0.0608,357.4557,enc,
1786712161.860532,0.0169,-0.0,-0.0,-0.0000,0.0000,0.1791,-0.3206,0.0608,357.4557,enc,
1786712161.907743,0.0472,-0.0,-0.0,-0.0000,0.0000,0.1791,-0.3206,0.0608,357.4557,enc,
1786712162.005985,0.0982,-0.0,-0.0,-0.0000,0.0000,0.1791,-0.3206,0.0608,357.4557,enc,
1786712162.180602,0.1746,-0.0,-0.0,-0.0000,0.0000,0.1791,-0.3206,0.0608,357.4557,enc,
1786712162.245614,0.0650,-0.0,-0.0,-0.0000,0.0000,0.1791,-0.3206,0.0608,357.4557,enc,
1786712162.309524,0.0639,-0.0,-0.0,-0.0000,0.0000,0.1791,-0.3206,0.0608,357.4557,enc,
1786712162.659127,0.3496,-0.0,-0.0,-0.0000,0.0000,0.1791,-0.3206,0.0608,357.4557,enc,
1786712162.659194,0.0001,-0.0,-0.0,-0.0000,0.0000,0.1791,-0.3206,0.0608,357.4557,enc,
1786712162.659207,0.0000,-0.0,-0.0,-0.0000,0.0000,0.1791,-0.3206,0.0608,357.4557,enc,
1786712162.714676,0.0555,-0.0,-0.0,-0.0000,0.0000,0.1791,-0.3206,0.0608,357.4557,enc,
1786712162.865174,0.1505,-0.0,-0.0,-0.0000,0.0000,0.1791,-0.3206,0.0608,357.4557,enc,
1786712162.931686,0.0665,-0.0,-0.0,-0.0000,0.0000,0.1791,-0.3206,0.0608,357.4557,enc,
1786712163.018634,0.0869,-0.0,-0.0,-0.0000,0.0000,0.1791,-0.3206,0.0608,357.4557,enc,
1786712163.201458,0.1828,-0.0,-0.0,-0.0000,0.0000,0.1791,-0.3206,0.0608,357.4557,enc,
1786712163.257951,0.0565,-0.0,-0.0,-0.0000,0.0000,0.1791,-0.3206,0.0608,357.4557,enc,
1786712163.325224,0.0673,-0.0,-0.0,-0.0000,0.0000,0.1791,-0.3206,0.0608,357.4557,enc,
1786712163.539428,0.2142,-0.0,-0.0,-0.0000,0.0000,0.1791,-0.3206,0.0608,357.4557,enc,
1786712163.549389,0.0100,-0.0,-0.0,-0.0000,0.0000,0.1791,-0.3206,0.0608,357.4557,enc,
1786712163.627593,0.0782,-0.0,-0.0,-0.0000,0.0000,0.1791,-0.3206,0.0608,357.4557,enc,
1786712163.733440,0.1058,-0.0,-0.0,-0.0000,0.0000,0.1791,-0.3206,0.0608,357.4557,enc,
1786712163.902199,0.1688,-0.0,-0.0,-0.0000,0.0000,0.1791,-0.3206,0.0608,357.4557,enc,
1786712163.936228,0.0340,-0.0,-0.0,-0.0000,0.0000,0.1791,-0.3206,0.0608,357.4557,enc,
1786712164.052644,0.1164,-0.0,-0.0,-0.0000,0.0000,0.1791,-0.3206,0.0608,357.4557,enc,
1786712164.224678,0.1720,-0.0,-0.0,-0.0000,0.0000,0.1791,-0.3206,0.0608,357.4557,enc,
1786712164.246433,0.0218,-0.0,-0.0,-0.0000,0.0000,0.1791,-0.3206,0.0608,357.4557,enc,
1786712164.342027,0.0956,-0.0,-0.0,-0.0000,0.0000,0.1791,-0.3206,0.0608,357.4557,enc,
1786712164.538771,0.1967,-0.0,-0.0,-0.0000,0.0000,0.1791,-0.3206,0.0608,357.4557,enc,
1786712164.550886,0.0121,-0.0,-0.0,-0.0000,0.0000,0.1791,-0.3206,0.0608,357.4557,enc,
1786712164.657343,0.1065,-0.0,-0.0,-0.0000,0.0000,0.1791,-0.3206,0.0608,357.4557,enc,
1786712164.860599,0.2033,-0.0,-0.0,-0.0000,0.0000,0.1791,-0.3206,0.0608,357.4557,enc,
1786712164.900345,0.0397,-0.0,-0.0,-0.0000,0.0000,0.1791,-0.3206,0.0608,357.4557,enc,
1786712164.965622,0.0653,-0.0,-0.0,-0.0000,0.0000,0.1791,-0.3206,0.0608,357.4557,enc,
1786712165.063070,0.0974,-0.0,-0.0,-0.0000,0.0000,0.1791,-0.3206,0.0608,357.4557,enc,
1786712165.203868,0.1408,-0.0,-0.0,-0.0000,0.0000,0.1791,-0.3206,0.0608,357.4557,enc,
1786712165.261964,0.0581,-0.0,-0.0,-0.0000,0.0000,0.1791,-0.3206,0.0608,357.4557,enc,
1786712165.363024,0.1011,-0.0,-0.0,-0.0000,0.0000,0.1791,-0.3206,0.0608,357.4557,enc,
1786712165.525436,0.1624,-0.0,-0.0,-0.0000,0.0000,0.1791,-0.3206,0.0608,357.4557,enc,
1786712165.575806,0.0504,-0.0,-0.0,-0.0000,0.0000,0.1791,-0.3206,0.0608,357.4557,enc,
1786712165.671498,0.0957,-0.0,-0.0,-0.0000,0.0000,0.1791,-0.3206,0.0608,357.4557,enc,
1786712165.877141,0.2056,-0.0,-0.0,-0.0000,0.0000,0.1791,-0.3206,0.0608,357.4557,enc,
1786712165.893331,0.0162,-0.0,-0.0,-0.0000,0.0000,0.1791,-0.3206,0.0608,357.4557,enc,
1786712165.980460,0.0871,-0.0,-0.0,-0.0000,0.0000,0.1791,-0.3206,0.0608,357.4557,enc,
1786712166.197204,0.2167,-0.0,-0.0,-0.0000,0.0000,0.1791,-0.3206,0.0608,357.4557,enc,
1786712166.197315,0.0001,-0.0,-0.0,-0.0000,0.0000,0.1791,-0.3206,0.0608,357.4557,enc,
1786712166.283472,0.0862,-0.0,-0.0,-0.0000,0.0000,0.1791,-0.3206,0.0608,357.4557,enc,
1786712166.502361,0.2189,-0.0,-0.0,-0.0000,0.0000,0.1791,-0.3206,0.0608,357.4557,enc,
1786712166.507786,0.0054,-0.0,-0.0,-0.0000,0.0000,0.1791,-0.3206,0.0608,357.4557,enc,
1786712166.590614,0.0828,-0.0,-0.0,-0.0000,0.0000,0.1791,-0.3206,0.0608,357.4557,enc,
1786712166.695967,0.1054,-0.0,-0.0,-0.0000,0.0000,0.1791,-0.3206,0.0608,357.4557,enc,
1786712166.865252,0.1693,-0.0,-0.0,-0.0000,0.0000,0.1791,-0.3206,0.0608,357.4557,enc,
1786712166.900430,0.0352,-0.0,-0.0,-0.0000,0.0000,0.1791,-0.3206,0.0608,357.4557,enc,
1786712167.001000,0.1006,-0.0,-0.0,-0.0000,0.0000,0.1791,-0.3206,0.0608,357.4557,enc,
1786712167.176413,0.1754,-0.0,-0.0,-0.0000,0.0000,0.1791,-0.3206,0.0608,357.4557,enc,
1786712167.215993,0.0396,-0.0,-0.0,-0.0000,0.0000,0.1791,-0.3206,0.0608,357.4557,enc,
1786712167.307567,0.0916,-0.0,-0.0,-0.0000,0.0000,0.1791,-0.3206,0.0608,357.4557,enc,
1786712167.501539,0.1940,-0.0,-0.0,-0.0000,0.0000,0.1791,-0.3206,0.0608,357.4557,enc,
1786712167.528415,0.0269,-0.0,-0.0,-0.0000,0.0000,0.1791,-0.3206,0.0608,357.4557,enc,
1786712167.610640,0.0822,-0.0,-0.0,-0.0000,0.0000,0.1791,-0.3206,0.0608,357.4557,enc,
1786712167.817864,0.2072,-0.0,-0.0,-0.0000,0.0000,0.1791,-0.3206,0.0608,357.4557,enc,
1786712167.828304,0.0104,-0.0,-0.0,-0.0000,0.0000,0.1791,-0.3206,0.0608,357.4557,enc,
1786712167.929512,0.1012,-0.0,-0.0,-0.0000,0.0000,0.1791,-0.3206,0.0608,357.4557,enc,
1786712168.140687,0.2112,-0.0,-0.0,-0.0000,0.0000,0.1791,-0.3206,0.0608,357.4557,enc,
1786712168.190456,0.0498,-0.0,-0.0,-0.0000,0.0000,0.1791,-0.3206,0.0608,357.4557,enc,
1786712168.219801,0.0293,-0.0,-0.0,-0.0000,0.0000,0.1791,-0.3206,0.0608,357.4557,enc,
1786712168.321786,0.1020,-0.0,-0.0,-0.0000,0.0000,0.1791,-0.3206,0.0608,357.4557,enc,
1786712168.506773,0.1850,-0.0,-0.0,-0.0000,0.0000,0.1791,-0.3206,0.0608,357.4557,enc,
1786712168.522595,0.0158,-0.0,-0.0,-0.0000,0.0000,0.1791,-0.3206,0.0608,357.4557,enc,
1786712168.622761,0.1002,-0.0,-0.0,-0.0000,0.0000,0.1791,-0.3206,0.0608,357.4557,enc,
1786712168.805718,0.1830,-0.0,-0.0,-0.0000,0.0000,0.1791,-0.3206,0.0608,357.4557,enc,
1786712168.841036,0.0353,-0.0,-0.0,-0.0000,0.0000,0.1791,-0.3206,0.0608,357.4557,enc,
1786712168.928964,0.0879,-0.0,-0.0,-0.0000,0.0000,0.1791,-0.3206,0.0608,357.4557,enc,
1786712169.141980,0.2130,-0.0,-0.0,-0.0000,0.0000,0.1791,-0.3206,0.0608,357.4557,enc,
1786712169.177701,0.0357,-0.0,-0.0,-0.0000,0.0000,0.1791,-0.3206,0.0608,357.4557,enc,
1786712169.231913,0.0542,-0.0,-0.0,-0.0000,0.0000,0.1791,-0.3206,0.0608,357.4556,enc,
1786712169.335334,0.1034,-0.0,-0.0,-0.0000,0.0000,0.1791,-0.3206,0.0608,357.4556,enc,
1786712169.478698,0.1434,-0.0,-0.0,-0.0000,0.0000,0.1791,-0.3206,0.0608,357.4556,enc,
1786712169.541477,0.0628,-0.0,-0.0,-0.0000,0.0000,0.1791,-0.3206,0.0608,357.4556,enc,
1786712169.638774,0.0973,-0.0,-0.0,-0.0000,0.0000,0.1791,-0.3206,0.0608,357.4556,enc,
1786712169.763546,0.1248,-0.0,-0.0,-0.0000,0.0000,0.1791,-0.3206,0.0608,357.4556,enc,
1786712169.839070,0.0755,-0.0,-0.0,-0.0000,0.0000,0.1791,-0.3206,0.0608,357.4556,enc,
1786712169.940806,0.1017,-0.0,-0.0,-0.0000,0.0000,0.1791,-0.3206,0.0608,357.4556,enc,
1786712170.057947,0.1171,-0.0,-0.0,-0.0000,0.0000,0.1791,-0.3206,0.0608,357.4557,enc,
1786712170.158280,0.1003,-0.0,-0.0,-0.0000,0.0000,0.1791,-0.3206,0.0608,357.4557,enc,
1786712170.262028,0.1037,-0.0,-0.0,-0.0000,0.0000,0.1791,-0.3206,0.0608,357.4557,enc,
1786712170.360612,0.0986,-0.0,-0.0,-0.0000,0.0000,0.1791,-0.3206,0.0608,357.4557,enc,
1786712170.465824,0.1052,-0.0,-0.0,-0.0000,0.0000,0.1791,-0.3206,0.0608,357.4557,enc,
1786712170.557072,0.0912,-0.0,-0.0,-0.0000,0.0000,0.1791,-0.3206,0.0608,357.4557,enc,
1786712170.670580,0.1135,-0.0,-0.0,-0.0000,0.0000,0.1791,-0.3206,0.0608,357.4557,enc,
1786712170.768557,0.0980,-0.0,-0.0,-0.0000,0.0000,0.1791,-0.3206,0.0608,357.4557,enc,
1786712170.865102,0.0965,-0.0,-0.0,-0.0000,0.0000,0.1791,-0.3206,0.0608,357.4557,enc,
1786712170.966927,0.1018,-0.0,-0.0,-0.0000,0.0000,0.1791,-0.3206,0.0608,357.4557,enc,
1786712171.067369,0.1004,-0.0,-0.0,-0.0000,0.0000,0.1791,-0.3206,0.0608,357.4557,enc,
1786712171.193571,0.1262,-0.0,-0.0,-0.0000,0.0000,0.1791,-0.3206,0.0608,357.4557,enc,
1786712171.276544,0.0830,-0.0,-0.0,-0.0000,0.0000,0.1791,-0.3206,0.0608,357.4557,enc,
1786712171.376745,0.1002,-0.0,-0.0,-0.0000,0.0000,0.1791,-0.3206,0.0608,357.4557,enc,
1786712171.499379,0.1226,-0.0,-0.0,-0.0000,0.0000,0.1791,-0.3206,0.0608,357.4557,enc,
1786712171.582582,0.0832,-0.0,-0.0,-0.0000,0.0000,0.1791,-0.3206,0.0608,357.4557,enc,
1786712171.682833,0.1003,-0.0,-0.0,-0.0000,0.0000,0.1791,-0.3206,0.0608,357.4557,enc,
1786712171.785551,0.1027,-0.0,-0.0,-0.0000,0.0000,0.1791,-0.3206,0.0608,357.4557,enc,
1786712171.885324,0.0998,-0.0,-0.0,-0.0000,0.0000,0.1791,-0.3206,0.0608,357.4557,enc,
1786712171.985957,0.1006,-0.0,-0.0,-0.0000,0.0000,0.1791,-0.3206,0.0608,357.4557,enc,
1786712172.099316,0.1134,-0.0,-0.0,-0.0000,0.0000,0.1791,-0.3206,0.0608,357.4557,enc,
1786712172.200677,0.1014,-0.0,-0.0,-0.0000,0.0000,0.1791,-0.3206,0.0608,357.4557,enc,
1786712172.290568,0.0899,-0.0,-0.0,-0.0000,0.0000,0.1791,-0.3206,0.0608,357.4557,enc,
1786712172.392236,0.1017,-0.0,-0.0,-0.0000,0.0000,0.1791,-0.3206,0.0608,357.4557,enc,
1786712172.498263,0.1060,-0.0,-0.0,-0.0000,0.0000,0.1791,-0.3206,0.0608,357.4557,enc,
1786712172.596074,0.0978,-0.0,-0.0,-0.0000,0.0000,0.1791,-0.3206,0.0608,357.4557,enc,
1786712172.699270,0.1032,-0.0,-0.0,-0.0000,0.0000,0.1791,-0.3206,0.0608,357.4557,enc,
1786712172.800426,0.1012,-0.0,-0.0,-0.0000,0.0000,0.1791,-0.3206,0.0608,357.4557,enc,
1786712172.905852,0.1054,-0.0,-0.0,-0.0000,0.0000,0.1791,-0.3206,0.0608,357.4557,enc,
1786712173.005439,0.0996,-0.0,-0.0,-0.0000,0.0000,0.1791,-0.3206,0.0608,357.4557,enc,
1786712173.131162,0.1257,-0.0,-0.0,-0.0000,0.0000,0.1791,-0.3206,0.0608,357.4557,enc,
1786712173.206949,0.0758,-0.0,-0.0,-0.0000,0.0000,0.1791,-0.3206,0.0608,357.4557,enc,
1786712173.339174,0.1322,-0.0,-0.0,-0.0000,0.0000,0.1791,-0.3206,0.0608,357.4557,enc,
1786712173.410800,0.0716,-0.0,-0.0,-0.0000,0.0000,0.1791,-0.3206,0.0608,357.4557,enc,
1786712173.538007,0.1272,-0.0,-0.0,-0.0000,0.0000,0.1791,-0.3206,0.0608,357.4557,enc,
1786712173.613643,0.0756,-0.0,-0.0,-0.0000,0.0000,0.1791,-0.3206,0.0608,357.4557,enc,
1786712173.715649,0.1020,-0.0,-0.0,-0.0000,0.0000,0.1791,-0.3206,0.0608,357.4557,enc,
1786712173.973347,0.2577,-0.0,-0.0,-0.0000,0.0000,0.1791,-0.3206,0.0608,357.4557,enc,
1786712173.981734,0.0084,-0.0,-0.0,-0.0000,0.0000,0.1791,-0.3206,0.0608,357.4557,enc,
1786712174.036206,0.0545,-0.0,-0.0,-0.0000,0.0000,0.1791,-0.3206,0.0608,357.4557,enc,
1786712174.129803,0.0936,-0.0,-0.0,-0.0000,0.0000,0.1791,-0.3206,0.0608,357.4557,enc,
1786712174.236267,0.1065,-0.0,-0.0,-0.0000,0.0000,0.1791,-0.3206,0.0608,357.4557,enc,
1786712174.333698,0.0974,-0.0,-0.0,-0.0000,0.0000,0.1791,-0.3206,0.0608,357.4557,enc,
1786712174.452692,0.1190,-0.0,-0.0,-0.0000,0.0000,0.1791,-0.3206,0.0608,357.4557,enc,
1786712174.534034,0.0813,-0.0,-0.0,-0.0000,0.0000,0.1791,-0.3206,0.0608,357.4557,enc,
1786712174.647622,0.1136,-0.0,-0.0,-0.0000,0.0000,0.1791,-0.3206,0.0608,357.4557,enc,
1786712174.733440,0.0858,-0.0,-0.0,-0.0000,0.0000,0.1791,-0.3206,0.0608,357.4557,enc,
1786712174.835693,0.1023,-0.0,-0.0,-0.0000,0.0000,0.1791,-0.3206,0.0608,357.4557,enc,
1786712174.943967,0.1083,-0.0,-0.0,-0.0000,0.0000,0.1791,-0.3206,0.0608,357.4557,enc,
1786712175.041822,0.0979,-0.0,-0.0,-0.0000,0.0000,0.1791,-0.3206,0.0608,357.4557,enc,
1786712175.148725,0.1069,-0.0,-0.0,-0.0000,0.0000,0.1791,-0.3206,0.0608,357.4557,enc,
1786712175.252177,0.1035,-0.0,-0.0,-0.0000,0.0000,0.1791,-0.3206,0.0608,357.4557,enc,
1786712175.357788,0.1056,-0.0,-0.0,-0.0000,0.0000,0.1791,-0.3206,0.0608,357.4557,enc,
1786712175.456768,0.0990,-0.0,-0.0,-0.0000,0.0000,0.1791,-0.3206,0.0608,357.4557,enc,
1786712175.558382,0.1016,-0.0,-0.0,-0.0000,0.0000,0.1791,-0.3206,0.0608,357.4557,enc,
1786712175.661807,0.1034,-0.0,-0.0,-0.0000,0.0000,0.1791,-0.3206,0.0608,357.4557,enc,
1786712175.836407,0.1746,-0.0,-0.0,-0.0000,0.0000,0.1791,-0.3206,0.0608,357.4557,enc,
1786712175.873635,0.0372,-0.0,-0.0,-0.0000,0.0000,0.1791,-0.3206,0.0608,357.4557,enc,
1786712176.004417,0.1308,-0.0,-0.0,-0.0000,0.0000,0.1791,-0.3206,0.0608,357.4557,enc,
1786712176.173806,0.1694,-0.0,-0.0,-0.0000,0.0000,0.1791,-0.3206,0.0608,357.4557,enc,
1786712176.195370,0.0216,-0.0,-0.0,-0.0000,0.0000,0.1791,-0.3206,0.0608,357.4557,enc,
1786712176.275774,0.0804,-0.0,-0.0,-0.0000,0.0000,0.1791,-0.3206,0.0608,357.4557,enc,
1786712176.450939,0.1752,-0.0,-0.0,-0.0000,0.0000,0.1791,-0.3206,0.0608,357.4557,enc,
1786712176.485682,0.0347,-0.0,-0.0,-0.0000,0.0000,0.1791,-0.3206,0.0608,357.4557,enc,
1786712176.585360,0.0997,-0.0,-0.0,-0.0000,0.0000,0.1791,-0.3206,0.0608,357.4557,enc,
1786712176.777992,0.1926,-0.0,-0.0,-0.0000,0.0000,0.1791,-0.3206,0.0608,357.4557,enc,
1786712176.820282,0.0423,-0.0,-0.0,-0.0000,0.0000,0.1791,-0.3206,0.0608,357.4557,enc,
1786712176.921769,0.1015,-0.0,-0.0,-0.0000,0.0000,0.1791,-0.3206,0.0608,357.4557,enc,
1786712177.115518,0.1937,-0.0,-0.0,-0.0000,0.0000,0.1791,-0.3206,0.0608,357.4557,enc,
1786712177.131008,0.0155,-0.0,-0.0,-0.0000,0.0000,0.1791,-0.3206,0.0608,357.4557,enc,
1786712177.207364,0.0764,-0.0,-0.0,-0.0000,0.0000,0.1791,-0.3206,0.0608,357.4557,enc,
