t,dt,left_rpm,right_rpm,v,w,x,y,theta,imu_heading_deg,theta_src,lateral_m_s
1786025104.914601,0.0000,0.0,0.0,0.0000,0.0000,0.0000,0.0000,0.0000,0.0000,enc,0.0000
1786025105.012825,0.0982,0.0,0.0,0.0000,0.0000,0.0000,0.0000,0.0000,0.0000,enc,0.0000
1786025105.112749,0.0999,0.0,0.0,0.0000,0.0000,0.0000,0.0000,0.0000,0.0000,enc,0.0000
1786025105.216159,0.1034,0.0,0.0,0.0000,0.0000,0.0000,0.0000,0.0000,0.0000,enc,0.0000
1786025105.317965,0.1018,0.0,0.0,0.0000,0.0000,0.0000,0.0000,0.0000,0.0000,enc,0.0000
1786025105.416924,0.0990,0.0,0.0,0.0000,0.0000,0.0000,0.0000,0.0000,0.0000,enc,0.0000
1786025105.522554,0.1056,0.0,0.0,0.0000,0.0000,0.0000,0.0000,0.0000,0.0000,enc,0.0000
1786025105.621390,0.0988,0.0,0.0,0.0000,0.0000,0.0000,0.0000,0.0000,0.0000,enc,0.0000
1786025105.723590,0.1022,0.0,0.0,0.0000,0.0000,0.0000,0.0000,0.0000,0.0000,enc,0.0000
1786025105.829310,0.1057,0.0,0.0,0.0000,0.0000,0.0000,0.0000,0.0000,0.0000,enc,0.0000
1786025105.927653,0.0983,0.0,0.0,0.0000,0.0000,0.0000,0.0000,0.0000,0.0000,enc,0.0000
1786025106.029529,0.1019,0.0,0.0,0.0000,0.0000,0.0000,0.0000,0.0000,0.0000,enc,0.0000
1786025106.134498,0.1050,0.0,0.0,0.0000,0.0000,0.0000,0.0000,0.0000,0.0000,enc,0.0000
1786025106.237508,0.1030,0.0,0.0,0.0000,0.0000,0.0000,0.0000,0.0000,0.0000,enc,0.0000
1786025106.336188,0.0987,0.0,0.0,0.0000,0.0000,0.0000,0.0000,0.0000,0.0000,enc,0.0000
1786025106.441477,0.1053,0.0,0.0,0.0000,0.0000,0.0000,0.0000,0.0000,0.0000,enc,0.0000
1786025106.543486,0.1020,0.0,0.0,0.0000,0.0000,0.0000,0.0000,0.0000,0.0000,enc,0.0000
1786025106.642609,0.0991,0.0,0.0,0.0000,0.0000,0.0000,0.0000,0.0000,0.0000,enc,0.0000
1786025106.747748,0.1051,0.0,0.0,0.0000,0.0000,0.0000,0.0000,0.0000,0.0000,enc,0.0000
1786025106.850004,0.1023,0.0,0.0,0.0000,0.0000,0.0000,0.0000,0.0000,0.0000,enc,0.0000
1786025106.952687,0.1027,0.0,0.0,0.0000,0.0000,0.0000,0.0000,0.0000,0.0000,enc,0.0000
1786025107.054728,0.1020,0.0,0.0,0.0000,0.0000,0.0000,0.0000,0.0000,0.0000,enc,0.0000
1786025107.156335,0.1016,0.0,0.0,0.0000,0.0000,0.0000,0.0000,0.0000,0.0000,enc,0.0000
1786025107.258839,0.1025,0.0,0.0,0.0000,0.0000,0.0000,0.0000,0.0000,0.0000,enc,0.0000
1786025107.361896,0.1031,0.0,0.0,0.0000,0.0000,0.0000,0.0000,0.0000,0.0000,enc,0.0000
1786025107.462615,0.1007,0.0,0.0,0.0000,0.0000,0.0000,0.0000,0.0000,0.0000,enc,0.0000
1786025107.564789,0.1022,0.0,0.0,0.0000,0.0000,0.0000,0.0000,0.0000,0.0000,enc,0.0000
1786025107.666462,0.1017,0.0,0.0,0.0000,0.0000,0.0000,0.0000,0.0000,0.0000,enc,0.0000
1786025107.766619,0.1002,0.0,0.0,0.0000,0.0000,0.0000,0.0000,0.0000,0.0000,enc,0.0000
1786025107.871544,0.1049,0.0,0.0,0.0000,0.0000,0.0000,0.0000,0.0000,0.0000,enc,0.0000
1786025107.970756,0.0992,0.0,0.0,0.0000,0.0000,0.0000,0.0000,0.0000,0.0000,enc,0.0000
1786025108.076164,0.1054,0.0,0.0,0.0000,0.0000,0.0000,0.0000,0.0000,0.0000,enc,0.0000
1786025108.174935,0.0988,0.0,0.0,0.0000,0.0000,0.0000,0.0000,0.0000,0.0000,enc,0.0000
1786025108.276506,0.1016,0.0,0.0,0.0000,0.0000,0.0000,0.0000,0.0000,0.0000,enc,0.0000
1786025108.381879,0.1054,0.0,0.0,0.0000,0.0000,0.0000,0.0000,0.0000,0.0000,enc,0.0000
1786025108.481018,0.0991,0.0,0.0,0.0000,0.0000,0.0000,0.0000,0.0000,0.0000,enc,0.0000
1786025108.583687,0.1027,0.0,0.0,0.0000,0.0000,0.0000,0.0000,0.0000,0.0000,enc,0.0000
1786025108.688930,0.1052,0.0,0.0,0.0000,0.0000,0.0000,0.0000,0.0000,0.0000,enc,0.0000
1786025108.787939,0.0990,0.0,0.0,0.0000,0.0000,0.0000,0.0000,0.0000,0.0000,enc,0.0000
1786025108.889513,0.1016,0.0,0.0,0.0000,0.0000,0.0000,0.0000,0.0000,0.0000,enc,0.0000
1786025108.994715,0.1052,0.0,0.0,0.0000,0.0000,0.0000,0.0000,0.0000,0.0000,enc,0.0000
1786025109.096989,0.1023,0.0,0.0,0.0000,0.0000,0.0000,0.0000,0.0000,0.0000,enc,0.0000
1786025109.196259,0.0993,0.0,0.0,0.0000,0.0000,0.0000,0.0000,0.0000,0.0000,enc,0.0000
1786025109.301292,0.1050,0.0,0.0,0.0000,0.0000,0.0000,0.0000,0.0000,0.0000,enc,0.0000
1786025109.403259,0.1020,0.0,0.0,0.0000,0.0000,0.0000,0.0000,0.0000,0.0000,enc,0.0000
1786025109.502679,0.0994,0.0,0.0,0.0000,0.0000,0.0000,0.0000,0.0000,0.0000,enc,0.0000
1786025109.609722,0.1070,0.0,0.0,0.0000,0.0000,0.0000,0.0000,0.0000,0.0000,enc,0.0000
1786025109.710295,0.1006,0.0,0.0,0.0000,0.0000,0.0000,0.0000,0.0000,0.0000,enc,0.0000
1786025109.811931,0.1016,0.0,0.0,0.0000,0.0000,0.0000,0.0000,0.0000,0.0000,enc,0.0000
1786025109.914222,0.1023,0.0,0.0,0.0000,0.0000,0.0000,0.0000,0.0000,0.0000,enc,0.0000
1786025110.017137,0.1029,0.0,0.0,0.0000,0.0000,0.0000,0.0000,0.0000,0.0000,enc,0.0000
1786025110.118850,0.1017,0.0,0.0,0.0000,0.0000,0.0000,0.0000,0.0000,0.0000,enc,0.0000
1786025110.220744,0.1019,0.0,0.0,0.0000,0.0000,0.0000,0.0000,0.0000,0.0000,enc,0.0000
1786025110.323739,0.1030,0.0,0.0,0.0000,0.0000,0.0000,0.0000,0.0000,0.0000,enc,0.0000
1786025110.425960,0.1022,0.0,0.0,0.0000,0.0000,0.0000,0.0000,0.0000,0.0000,enc,0.0000
1786025110.524041,0.0981,0.0,0.0,0.0000,0.0000,0.0000,0.0000,0.0000,0.0000,enc,0.0000
1786025110.629602,0.1056,0.0,0.0,0.0000,0.0000,0.0000,0.0000,0.0000,0.0000,enc,0.0000
1786025110.727964,0.0984,0.0,0.0,0.0000,0.0000,0.0000,0.0000,0.0000,0.0000,enc,0.0000
1786025110.830588,0.1026,0.0,0.0,0.0000,0.0000,0.0000,0.0000,0.0000,0.0000,enc,0.0000
1786025110.935342,0.1048,0.0,0.0,0.0000,0.0000,0.0000,0.0000,0.0000,0.0000,enc,0.0000
1786025111.034729,0.0994,0.0,0.0,0.0000,0.0000,0.0000,0.0000,0.0000,0.0000,enc,0.0000
1786025111.137352,0.1026,0.0,0.0,0.0000,0.0000,0.0000,0.0000,0.0000,0.0000,enc,0.0000
1786025111.241978,0.1046,0.0,0.0,0.0000,0.0000,0.0000,0.0000,0.0000,0.0000,enc,0.0000
1786025111.341294,0.0993,0.0,0.0,0.0000,0.0000,0.0000,0.0000,0.0000,0.0000,enc,0.0000
1786025111.443726,0.1024,0.0,0.0,0.0000,0.0000,0.0000,0.0000,0.0000,0.0000,enc,0.0000
1786025111.550249,0.1065,0.0,0.0,0.0000,0.0000,0.0000,0.0000,0.0000,0.0000,enc,0.0000
1786025111.648017,0.0978,0.0,0.0,0.0000,0.0000,0.0000,0.0000,0.0000,0.0000,enc,0.0000
1786025111.750085,0.1021,0.0,0.0,0.0000,0.0000,0.0000,0.0000,0.0000,0.0000,enc,0.0000
1786025111.855220,0.1051,0.0,0.0,0.0000,0.0000,0.0000,0.0000,0.0000,0.0000,enc,0.0000
1786025111.956953,0.1017,0.0,0.0,0.0000,0.0000,0.0000,0.0000,0.0000,0.0000,enc,0.0000
1786025112.056751,0.0998,0.0,0.0,0.0000,0.0000,0.0000,0.0000,0.0000,0.0000,enc,0.0000
1786025112.161880,0.1051,0.0,0.0,0.0000,0.0000,0.0000,0.0000,0.0000,0.0000,enc,0.0000
1786025112.264391,0.1025,0.0,0.0,0.0000,0.0000,0.0000,0.0000,0.0000,0.0000,enc,0.0000
1786025112.366030,0.1016,0.0,0.0,0.0000,0.0000,0.0000,0.0000,0.0000,0.0000,enc,0.0000
1786025112.467829,0.1018,0.0,0.0,0.0000,0.0000,0.0000,0.0000,0.0000,0.0000,enc,0.0000
1786025112.571300,0.1035,0.0,0.0,0.0000,0.0000,0.0000,0.0000,0.0000,0.0000,enc,0.0000
1786025112.684201,0.1129,0.0,0.0,0.0000,0.0000,0.0000,0.0000,0.0000,0.0000,enc,0.0000
1786025112.774913,0.0907,0.0,0.0,0.0000,0.0000,0.0000,0.0000,0.0000,0.0000,enc,0.0000
1786025112.876726,0.1018,0.0,0.0,0.0000,0.0000,0.0000,0.0000,0.0000,0.0000,enc,0.0000
1786025112.978542,0.1018,0.0,0.0,0.0000,0.0000,0.0000,0.0000,0.0000,0.0000,enc,0.0000
1786025113.078591,0.1000,0.0,0.0,0.0000,0.0000,0.0000,0.0000,0.0000,0.0000,enc,0.0000
1786025113.188831,0.1102,0.0,0.0,0.0000,0.0000,0.0000,0.0000,0.0000,0.0000,enc,0.0000
1786025113.283911,0.0951,0.0,0.0,0.0000,0.0000,0.0000,0.0000,0.0000,0.0000,enc,0.0000
1786025113.388025,0.1041,0.0,0.0,0.0000,0.0000,0.0000,0.0000,0.0000,0.0000,enc,0.0000
1786025113.491056,0.1030,0.0,0.0,0.0000,0.0000,0.0000,0.0000,0.0000,0.0000,enc,0.0000
1786025113.597546,0.1065,0.0,0.0,0.0000,0.0000,0.0000,0.0000,0.0000,0.0000,enc,0.0000
1786025113.692842,0.0953,0.0,0.0,0.0000,0.0000,0.0000,0.0000,0.0000,0.0000,enc,0.0000
1786025113.797195,0.1044,0.0,0.0,0.0000,0.0000,0.0000,0.0000,0.0000,0.0000,enc,0.0000
1786025113.900421,0.1032,0.0,0.0,0.0000,0.0000,0.0000,0.0000,0.0000,0.0000,enc,0.0000
1786025114.007743,0.1073,0.0,0.0,0.0000,0.0000,0.0000,0.0000,0.0000,0.0000,enc,0.0000
1786025114.103081,0.0953,0.0,0.0,0.0000,0.0000,0.0000,0.0000,0.0000,0.0000,enc,0.0000
1786025114.201805,0.0987,0.0,0.0,0.0000,0.0000,0.0000,0.0000,0.0000,0.0000,enc,0.0000
1786025114.306545,0.1047,0.0,0.0,0.0000,0.0000,0.0000,0.0000,0.0000,0.0000,enc,0.0000
1786025114.410580,0.1040,0.0,0.0,0.0000,0.0000,0.0000,0.0000,0.0000,0.0000,enc,0.0000
1786025114.511820,0.1012,0.0,0.0,0.0000,0.0000,0.0000,0.0000,0.0000,0.0000,enc,0.0000
1786025114.611484,0.0997,0.0,0.0,0.0000,0.0000,0.0000,0.0000,0.0000,0.0000,enc,0.0000
1786025114.716695,0.1052,0.0,0.0,0.0000,0.0000,0.0000,0.0000,0.0000,0.0000,enc,0.0000
1786025114.818165,0.1015,0.0,0.0,0.0000,0.0000,0.0000,0.0000,0.0000,0.0000,enc,0.0000
1786025114.920377,0.1022,0.0,0.0,0.0000,0.0000,0.0000,0.0000,0.0000,0.0000,enc,0.0000
1786025115.026906,0.1065,0.0,0.0,0.0000,0.0000,0.0000,0.0000,0.0000,0.0000,enc,0.0000
1786025115.269765,0.2429,0.0,0.0,0.0000,0.0000,0.0000,0.0000,0.0000,0.0000,enc,0.0000
1786025115.269805,0.0000,0.0,0.0,0.0000,0.0000,0.0000,0.0000,0.0000,0.0000,enc,0.0000
1786025115.327981,0.0582,0.0,0.0,0.0000,0.0000,0.0000,0.0000,0.0000,0.0000,enc,0.0000
1786025115.516954,0.1890,0.0,0.0,0.0000,0.0000,0.0000,0.0000,0.0000,0.0000,enc,0.0000
1786025115.537587,0.0206,0.0,0.0,0.0000,0.0000,0.0000,0.0000,0.0000,0.0000,enc,0.0000
1786025115.768796,0.2312,0.0,0.0,0.0000,0.0000,0.0000,0.0000,0.0000,0.0000,enc,0.0000
1786025115.771025,0.0022,0.0,0.0,0.0000,0.0000,0.0000,0.0000,0.0000,0.0000,enc,0.0000
1786025115.839499,0.0685,0.0,0.0,0.0000,0.0000,0.0000,0.0000,0.0000,0.0000,enc,0.0000
1786025116.025222,0.1857,0.0,0.0,0.0000,0.0000,0.0000,0.0000,0.0000,0.0000,enc,0.0000
1786025116.039328,0.0141,0.0,0.0,0.0000,0.0000,0.0000,0.0000,0.0000,0.0000,enc,0.0000
1786025116.279457,0.2401,0.0,0.0,0.0000,0.0000,0.0000,0.0000,0.0000,0.0000,enc,0.0000
1786025116.279498,0.0000,0.0,0.0,0.0000,0.0000,0.0000,0.0000,0.0000,0.0000,enc,0.0000
1786025116.349494,0.0700,0.0,0.0,0.0000,0.0000,0.0000,0.0000,0.0000,0.0000,enc,0.0000
1786025116.536024,0.1865,0.0,0.0,0.0000,0.0000,0.0000,0.0000,0.0000,0.0000,enc,0.0000
1786025116.550004,0.0140,0.0,0.0,0.0000,0.0000,0.0000,0.0000,0.0000,0.0000,enc,0.0000
1786025116.788998,0.2390,0.0,0.0,0.0000,0.0000,0.0000,0.0000,0.0000,0.0000,enc,0.0000
1786025116.789042,0.0000,0.0,0.0,0.0000,0.0000,0.0000,0.0000,0.0000,0.0000,enc,0.0000
1786025116.857728,0.0687,0.0,0.0,0.0000,0.0000,0.0000,0.0000,0.0000,0.0000,enc,0.0000
1786025117.038258,0.1805,0.0,0.0,0.0000,0.0000,0.0000,0.0000,0.0000,0.0000,enc,0.0000
1786025117.063554,0.0253,0.0,0.0,0.0000,0.0000,0.0000,0.0000,0.0000,0.0000,enc,0.0000
1786025117.287690,0.2241,0.0,0.0,0.0000,0.0000,0.0000,0.0000,0.0000,0.0000,enc,0.0000
1786025117.289061,0.0014,0.0,0.0,0.0000,0.0000,0.0000,0.0000,0.0000,0.0000,enc,0.0000
1786025117.373585,0.0845,0.0,0.0,0.0000,0.0000,0.0000,0.0000,0.0000,0.0000,enc,0.0000
1786025117.537131,0.1635,0.0,0.0,0.0000,0.0000,0.0000,0.0000,0.0000,0.0000,enc,0.0000
1786025117.574565,0.0374,0.0,0.0,0.0000,0.0000,0.0000,0.0000,0.0000,0.0000,enc,0.0000
1786025117.791013,0.2164,0.0,0.0,0.0000,0.0000,0.0000,0.0000,0.0000,0.0000,enc,0.0000
1786025117.791057,0.0000,0.0,0.0,0.0000,0.0000,0.0000,0.0000,0.0000,0.0000,enc,0.0000
1786025118.041953,0.2509,0.0,0.0,0.0000,0.0000,0.0000,0.0000,0.0000,0.0000,enc,0.0000
1786025118.041994,0.0000,0.0,0.0,0.0000,0.0000,0.0000,0.0000,0.0000,0.0000,enc,0.0000
1786025118.094843,0.0528,0.0,0.0,0.0000,0.0000,0.0000,0.0000,0.0000,0.0000,enc,0.0000
1786025118.292495,0.1977,0.0,0.0,0.0000,0.0000,0.0000,0.0000,0.0000,0.0000,enc,0.0000
1786025118.301561,0.0091,0.0,0.0,0.0000,0.0000,0.0000,0.0000,0.0000,0.0000,enc,0.0000
1786025118.538253,0.2367,0.0,0.0,0.0000,0.0000,0.0000,0.0000,0.0000,0.0000,enc,0.0000
1786025118.539119,0.0009,0.0,0.0,0.0000,0.0000,0.0000,0.0000,0.0000,0.0000,enc,0.0000
1786025118.600170,0.0611,0.0,0.0,0.0000,0.0000,0.0000,0.0000,0.0000,0.0000,enc,0.0000
1786025118.798933,0.1988,0.0,0.0,0.0000,0.0000,0.0000,0.0000,0.0000,0.0000,enc,0.0000
1786025118.803722,0.0048,0.0,0.0,0.0000,0.0000,0.0000,0.0000,0.0000,0.0000,enc,0.0000
1786025119.036974,0.2333,0.0,0.0,0.0000,0.0000,0.0000,0.0000,0.0000,0.0000,enc,0.0000
1786025119.037512,0.0005,0.0,0.0,0.0000,0.0000,0.0000,0.0000,0.0000,0.0000,enc,0.0000
1786025119.106994,0.0695,0.0,0.0,0.0000,0.0000,0.0000,0.0000,0.0000,0.0000,enc,0.0000
1786025119.289874,0.1829,0.0,0.0,0.0000,0.0000,0.0000,0.0000,0.0000,0.0000,enc,0.0000
1786025119.311321,0.0214,0.0,0.0,0.0000,0.0000,0.0000,0.0000,0.0000,0.0000,enc,0.0000
1786025119.544336,0.2330,0.0,0.0,0.0000,0.0000,0.0000,0.0000,0.0000,0.0000,enc,0.0000
1786025119.544376,0.0000,0.0,0.0,0.0000,0.0000,0.0000,0.0000,0.0000,0.0000,enc,0.0000
1786025119.618808,0.0744,0.0,0.0,0.0000,0.0000,0.0000,0.0000,0.0000,0.0000,enc,0.0000
1786025119.799798,0.1810,0.0,0.0,0.0000,0.0000,0.0000,0.0000,0.0000,0.0000,enc,0.0000
1786025119.822595,0.0228,0.0,0.0,0.0000,0.0000,0.0000,0.0000,0.0000,0.0000,enc,0.0000
1786025120.053863,0.2313,0.0,0.0,0.0000,0.0000,0.0000,0.0000,0.0000,0.0000,enc,0.0000
1786025120.053906,0.0000,0.0,0.0,0.0000,0.0000,0.0000,0.0000,0.0000,0.0000,enc,0.0000
1786025120.131097,0.0772,0.0,0.0,0.0000,0.0000,0.0000,0.0000,0.0000,0.0000,enc,0.0000
1786025120.233110,0.1020,0.0,0.0,0.0000,0.0000,0.0000,0.0000,0.0000,0.0000,enc,0.0000
1786025120.335232,0.1021,0.0,0.0,0.0000,0.0000,0.0000,0.0000,0.0000,0.0000,enc,0.0000
1786025120.438456,0.1032,0.0,0.0,0.0000,0.0000,0.0000,0.0000,0.0000,0.0000,enc,0.0000
1786025120.539597,0.1011,0.0,0.0,0.0000,0.0000,0.0000,0.0000,0.0000,0.0000,enc,0.0000
1786025120.641787,0.1022,0.0,0.0,0.0000,0.0000,0.0000,0.0000,0.0000,0.0000,enc,0.0000
1786025120.743591,0.1018,0.0,0.0,0.0000,0.0000,0.0000,0.0000,0.0000,0.0000,enc,0.0000
1786025120.846528,0.1029,0.0,0.0,0.0000,0.0000,0.0000,0.0000,0.0000,0.0000,enc,0.0000
1786025120.949392,0.1029,0.0,0.0,0.0000,0.0000,0.0000,0.0000,0.0000,0.0000,enc,0.0000
1786025121.047311,0.0979,0.0,0.0,0.0000,0.0000,0.0000,0.0000,0.0000,0.0000,enc,0.0000
1786025121.154248,0.1069,0.0,0.0,0.0000,0.0000,0.0000,0.0000,0.0000,0.0000,enc,0.0000
1786025121.251878,0.0976,0.0,0.0,0.0000,0.0000,0.0000,0.0000,0.0000,0.0000,enc,0.0000
1786025121.354636,0.1028,0.0,0.0,0.0000,0.0000,0.0000,0.0000,0.0000,0.0000,enc,0.0000
1786025121.458423,0.1038,0.0,0.0,0.0000,0.0000,0.0000,0.0000,0.0000,0.0000,enc,0.0000
1786025121.558436,0.1000,0.0,0.0,0.0000,0.0000,0.0000,0.0000,0.0000,0.0000,enc,0.0000
1786025121.660381,0.1019,0.0,0.0,0.0000,0.0000,0.0000,0.0000,0.0000,0.0000,enc,0.0000
1786025121.765640,0.1053,0.0,0.0,0.0000,0.0000,0.0000,0.0000,0.0000,0.0000,enc,0.0000
1786025121.865494,0.0999,0.0,0.0,0.0000,0.0000,0.0000,0.0000,0.0000,0.0000,enc,0.0000
1786025121.967937,0.1024,0.0,0.0,0.0000,0.0000,0.0000,0.0000,0.0000,0.0000,enc,0.0000
1786025122.071854,0.1039,0.0,0.0,0.0000,0.0000,0.0000,0.0000,0.0000,0.0000,enc,0.0000
1786025122.175479,0.1036,0.0,0.0,0.0000,0.0000,0.0000,0.0000,0.0000,0.0000,enc,0.0000
1786025122.276944,0.1015,0.0,0.0,0.0000,0.0000,0.0000,0.0000,0.0000,0.0000,enc,0.0000
1786025122.378433,0.1015,0.0,0.0,0.0000,0.0000,0.0000,0.0000,0.0000,0.0000,enc,0.0000
1786025122.480530,0.1021,0.0,0.0,0.0000,0.0000,0.0000,0.0000,0.0000,0.0000,enc,0.0000
1786025122.582248,0.1017,0.0,0.0,0.0000,0.0000,0.0000,0.0000,0.0000,0.0000,enc,0.0000
1786025122.684798,0.1025,0.0,0.0,0.0000,0.0000,0.0000,0.0000,0.0000,0.0000,enc,0.0000
1786025122.786968,0.1022,0.0,0.0,0.0000,0.0000,0.0000,0.0000,0.0000,0.0000,enc,0.0000
1786025122.889404,0.1024,0.0,0.0,0.0000,0.0000,0.0000,0.0000,0.0000,0.0000,enc,0.0000
1786025122.991354,0.1020,0.0,0.0,0.0000,0.0000,0.0000,0.0000,0.0000,0.0000,enc,0.0000
1786025123.094162,0.1028,0.0,0.0,0.0000,0.0000,0.0000,0.0000,0.0000,0.0000,enc,0.0000
1786025123.196785,0.1026,0.0,0.0,0.0000,0.0000,0.0000,0.0000,0.0000,0.0000,enc,0.0000
1786025123.298718,0.1019,0.0,0.0,0.0000,0.0000,0.0000,0.0000,0.0000,0.0000,enc,0.0000
1786025123.400949,0.1022,0.0,0.0,0.0000,0.0000,0.0000,0.0000,0.0000,0.0000,enc,0.0000
1786025123.503065,0.1021,0.0,0.0,0.0000,0.0000,0.0000,0.0000,0.0000,0.0000,enc,0.0000
1786025123.601013,0.0979,0.0,0.0,0.0000,0.0000,0.0000,0.0000,0.0000,0.0000,enc,0.0000
1786025123.706282,0.1053,0.0,0.0,0.0000,0.0000,0.0000,0.0000,0.0000,0.0000,enc,0.0000
1786025123.805096,0.0988,0.0,0.0,0.0000,0.0000,0.0000,0.0000,0.0000,0.0000,enc,0.0000
1786025123.907237,0.1021,0.0,0.0,0.0000,0.0000,0.0000,0.0000,0.0000,0.0000,enc,0.0000
1786025124.013021,0.1058,0.0,0.0,0.0000,0.0000,0.0000,0.0000,0.0000,0.0000,enc,0.0000
1786025124.111827,0.0988,0.0,0.0,0.0000,0.0000,0.0000,0.0000,0.0000,0.0000,enc,0.0000
1786025124.214113,0.1023,0.0,0.0,0.0000,0.0000,0.0000,0.0000,0.0000,0.0000,enc,0.0000
1786025124.319468,0.1054,0.0,0.0,0.0000,0.0000,0.0000,0.0000,0.0000,0.0000,enc,0.0000
1786025124.421788,0.1023,0.0,0.0,0.0000,0.0000,0.0000,0.0000,0.0000,0.0000,enc,0.0000
1786025124.521463,0.0997,0.0,0.0,0.0000,0.0000,0.0000,0.0000,0.0000,0.0000,enc,0.0000
1786025124.626014,0.1046,0.0,0.0,0.0000,0.0000,0.0000,0.0000,0.0000,0.0000,enc,0.0000
1786025124.728245,0.1022,0.0,0.0,0.0000,0.0000,0.0000,0.0000,0.0000,0.0000,enc,0.0000
1786025124.831000,0.1028,0.0,0.0,0.0000,0.0000,0.0000,0.0000,0.0000,0.0000,enc,0.0000
1786025124.932633,0.1016,0.0,0.0,0.0000,0.0000,0.0000,0.0000,0.0000,0.0000,enc,0.0000
1786025125.034904,0.1023,0.0,0.0,0.0000,0.0000,0.0000,0.0000,0.0000,0.0000,enc,0.0000
1786025125.136477,0.1016,0.0,0.0,0.0000,0.0000,0.0000,0.0000,0.0000,0.0000,enc,0.0000
1786025125.239666,0.1032,0.0,0.0,0.0000,0.0000,0.0000,0.0000,0.0000,0.0000,enc,0.0000
1786025125.340991,0.1013,0.0,0.0,0.0000,0.0000,0.0000,0.0000,0.0000,0.0000,enc,0.0000
1786025125.443150,0.1022,0.0,0.0,0.0000,0.0000,0.0000,0.0000,0.0000,0.0000,enc,0.0000
1786025125.546559,0.1034,0.0,0.0,0.0000,0.0000,0.0000,0.0000,0.0000,0.0000,enc,0.0000
1786025125.648171,0.1016,0.0,0.0,0.0000,0.0000,0.0000,0.0000,0.0000,0.0000,enc,0.0000
1786025125.752166,0.1040,0.0,0.0,0.0000,0.0000,0.0000,0.0000,0.0000,0.0000,enc,0.0000
1786025125.854486,0.1023,0.0,0.0,0.0000,0.0000,0.0000,0.0000,0.0000,0.0000,enc,0.0000
1786025125.955965,0.1015,0.0,0.0,0.0000,0.0000,0.0000,0.0000,0.0000,0.0000,enc,0.0000
1786025126.057808,0.1018,0.0,0.0,0.0000,0.0000,0.0000,0.0000,0.0000,0.0000,enc,0.0000
1786025126.176598,0.1188,0.0,0.0,0.0000,0.0000,0.0000,0.0000,0.0000,0.0000,enc,0.0000
1786025126.262280,0.0857,0.0,0.0,0.0000,0.0000,0.0000,0.0000,0.0000,0.0000,enc,0.0000
1786025126.361564,0.0993,0.0,0.0,0.0000,0.0000,0.0000,0.0000,0.0000,0.0000,enc,0.0000
1786025126.465405,0.1038,0.0,0.0,0.0000,0.0000,0.0000,0.0000,0.0000,0.0000,enc,0.0000
1786025126.569221,0.1038,0.0,0.0,0.0000,0.0000,0.0000,0.0000,0.0000,0.0000,enc,0.0000
1786025126.670586,0.1014,0.0,0.0,0.0000,0.0000,0.0000,0.0000,0.0000,0.0000,enc,0.0000
1786025126.773044,0.1025,0.0,0.0,0.0000,0.0000,0.0000,0.0000,0.0000,0.0000,enc,0.0000
1786025126.890752,0.1177,0.0,0.0,0.0000,0.0000,0.0000,0.0000,0.0000,0.0000,enc,0.0000
1786025126.981843,0.0911,0.0,0.0,0.0000,0.0000,0.0000,0.0000,0.0000,0.0000,enc,0.0000
1786025127.080077,0.0982,0.0,0.0,0.0000,0.0000,0.0000,0.0000,0.0000,0.0000,enc,0.0000
1786025127.182098,0.1020,0.0,0.0,0.0000,0.0000,0.0000,0.0000,0.0000,0.0000,enc,0.0000
1786025127.282913,0.1008,0.0,0.0,0.0000,0.0000,0.0000,0.0000,0.0000,0.0000,enc,0.0000
1786025127.385357,0.1024,0.0,0.0,0.0000,0.0000,0.0000,0.0000,0.0000,0.0000,enc,0.0000
1786025127.489168,0.1038,0.0,0.0,0.0000,0.0000,0.0000,0.0000,0.0000,0.0000,enc,0.0000
1786025127.593263,0.1041,0.0,0.0,0.0000,0.0000,0.0000,0.0000,0.0000,0.0000,enc,0.0000
1786025127.694682,0.1014,0.0,0.0,0.0000,0.0000,0.0000,0.0000,0.0000,0.0000,enc,0.0000
1786025127.796080,0.1014,0.0,0.0,0.0000,0.0000,0.0000,0.0000,0.0000,0.0000,enc,0.0000
1786025127.899690,0.1036,0.0,0.0,0.0000,0.0000,0.0000,0.0000,0.0000,0.0000,enc,0.0000
1786025128.001313,0.1016,0.0,0.0,0.0000,0.0000,0.0000,0.0000,0.0000,0.0000,enc,0.0000
1786025128.103490,0.1022,0.0,0.0,0.0000,0.0000,0.0000,0.0000,0.0000,0.0000,enc,0.0000
1786025128.206194,0.1027,0.0,0.0,0.0000,0.0000,0.0000,0.0000,0.0000,0.0000,enc,0.0000
1786025128.308304,0.1021,0.0,0.0,0.0000,0.0000,0.0000,0.0000,0.0000,0.0000,enc,0.0000
1786025128.411295,0.1030,0.0,0.0,0.0000,0.0000,0.0000,0.0000,0.0000,0.0000,enc,0.0000
1786025128.513135,0.1018,0.0,0.0,0.0000,0.0000,0.0000,0.0000,0.0000,0.0000,enc,0.0000
1786025128.625766,0.1126,0.0,0.0,0.0000,0.0000,0.0000,0.0000,0.0000,0.0000,enc,0.0000
1786025128.713070,0.0873,0.0,0.0,0.0000,0.0000,0.0000,0.0000,0.0000,0.0000,enc,0.0000
1786025128.820460,0.1074,0.0,0.0,0.0000,0.0000,0.0000,0.0000,0.0000,0.0000,enc,0.0000
1786025128.950950,0.1305,0.0,0.0,0.0000,0.0000,0.0000,0.0000,0.0000,0.0000,enc,0.0000
1786025129.035461,0.0845,0.0,0.0,0.0000,0.0000,0.0000,0.0000,0.0000,0.0000,enc,0.0000
1786025129.141324,0.1059,0.0,0.0,0.0000,0.0000,0.0000,0.0000,0.0000,0.0000,enc,0.0000
1786025129.224007,0.0827,0.0,0.0,0.0000,0.0000,0.0000,0.0000,0.0000,0.0000,enc,0.0000
1786025129.327765,0.1038,0.0,0.0,0.0000,0.0000,0.0000,0.0000,0.0000,0.0000,enc,0.0000
1786025129.436347,0.1086,0.0,0.0,0.0000,0.0000,0.0000,0.0000,0.0000,0.0000,enc,0.0000
1786025129.535284,0.0989,0.0,0.0,0.0000,0.0000,0.0000,0.0000,0.0000,0.0000,enc,0.0000
1786025129.644130,0.1088,0.0,0.0,0.0000,0.0000,0.0000,0.0000,0.0000,0.0000,enc,0.0000
1786025129.740150,0.0960,0.0,0.0,0.0000,0.0000,0.0000,0.0000,0.0000,0.0000,enc,0.0000
1786025129.847408,0.1073,0.0,0.0,0.0000,0.0000,0.0000,0.0000,0.0000,0.0000,enc,0.0000
1786025129.957855,0.1104,0.0,0.0,0.0000,0.0000,0.0000,0.0000,0.0000,0.0000,enc,0.0000
1786025130.045812,0.0880,0.0,0.0,0.0000,0.0000,0.0000,0.0000,0.0000,0.0000,enc,0.0000
1786025130.263295,0.2175,0.0,0.0,0.0000,0.0000,0.0000,0.0000,0.0000,0.0000,enc,0.0000
1786025130.264640,0.0013,0.0,0.0,0.0000,0.0000,0.0000,0.0000,0.0000,0.0000,enc,0.0000
1786025130.351653,0.0870,0.0,0.0,0.0000,0.0000,0.0000,0.0000,0.0000,0.0000,enc,0.0000
1786025130.518458,0.1668,0.0,0.0,0.0000,0.0000,0.0000,0.0000,0.0000,0.0000,enc,0.0000
1786025130.553994,0.0355,0.0,0.0,0.0000,0.0000,0.0000,0.0000,0.0000,0.0000,enc,0.0000
1786025130.765834,0.2118,0.0,0.0,0.0000,0.0000,0.0000,0.0000,0.0000,0.0000,enc,0.0000
1786025130.766224,0.0004,0.0,0.0,0.0000,0.0000,0.0000,0.0000,0.0000,0.0000,enc,0.0000
1786025130.862138,0.0959,0.0,0.0,0.0000,0.0000,0.0000,0.0000,0.0000,0.0000,enc,0.0000
1786025131.011279,0.1491,0.0,0.0,0.0000,0.0000,0.0000,0.0000,0.0000,0.0000,enc,0.0000
1786025131.066436,0.0552,0.0,0.0,0.0000,0.0000,0.0000,0.0000,0.0000,0.0000,enc,0.0000
1786025131.265486,0.1990,0.0,0.0,0.0000,0.0000,0.0000,0.0000,0.0000,0.0000,enc,0.0000
1786025131.272148,0.0067,0.0,0.0,0.0000,0.0000,0.0000,0.0000,0.0000,0.0000,enc,0.0000
1786025131.521791,0.2496,0.0,0.0,0.0000,0.0000,0.0000,0.0000,0.0000,0.0000,enc,0.0000
1786025131.521848,0.0001,0.0,0.0,0.0000,0.0000,0.0000,0.0000,0.0000,0.0000,enc,0.0000
1786025131.576105,0.0543,0.0,0.0,0.0000,0.0000,0.0000,0.0000,0.0000,0.0000,enc,0.0000
1786025131.772445,0.1963,0.0,0.0,0.0000,0.0000,0.0000,0.0000,0.0000,0.0000,enc,0.0000
1786025131.780777,0.0083,0.0,0.0,0.0000,0.0000,0.0000,0.0000,0.0000,0.0000,enc,0.0000
1786025132.022528,0.2418,0.0,0.0,0.0000,0.0000,0.0000,0.0000,0.0000,0.0000,enc,0.0000
1786025132.022573,0.0000,0.0,0.0,0.0000,0.0000,0.0000,0.0000,0.0000,0.0000,enc,0.0000
1786025132.085766,0.0632,0.0,0.0,0.0000,0.0000,0.0000,0.0000,0.0000,0.0000,enc,0.0000
1786025132.273828,0.1881,0.0,0.0,0.0000,0.0000,0.0000,0.0000,0.0000,0.0000,enc,0.0000
1786025132.289675,0.0158,0.0,0.0,0.0000,0.0000,0.0000,0.0000,0.0000,0.0000,enc,0.0000
1786025132.522883,0.2332,0.0,0.0,0.0000,0.0000,0.0000,0.0000,0.0000,0.0000,enc,0.0000
1786025132.522928,0.0000,0.0,0.0,0.0000,0.0000,0.0000,0.0000,0.0000,0.0000,enc,0.0000
1786025132.601421,0.0785,0.0,0.0,0.0000,0.0000,0.0000,0.0000,0.0000,0.0000,enc,0.0000
1786025132.773061,0.1716,0.0,0.0,0.0000,0.0000,0.0000,0.0000,0.0000,0.0000,enc,0.0000
1786025132.800798,0.0277,0.0,0.0,0.0000,0.0000,0.0000,0.0000,0.0000,0.0000,enc,0.0000
1786025133.022970,0.2222,0.0,0.0,0.0000,0.0000,0.0000,0.0000,0.0000,0.0000,enc,0.0000
1786025133.023010,0.0000,0.0,0.0,0.0000,0.0000,0.0000,0.0000,0.0000,0.0000,enc,0.0000
1786025133.109821,0.0868,0.0,0.0,0.0000,0.0000,0.0000,0.0000,0.0000,0.0000,enc,0.0000
1786025133.273986,0.1642,0.0,0.0,0.0000,0.0000,0.0000,0.0000,0.0000,0.0000,enc,0.0000
1786025133.313832,0.0398,0.0,0.0,0.0000,0.0000,0.0000,0.0000,0.0000,0.0000,enc,0.0000
1786025133.523950,0.2101,0.0,0.0,0.0000,0.0000,0.0000,0.0000,0.0000,0.0000,enc,0.0000
1786025133.525363,0.0014,0.0,0.0,0.0000,0.0000,0.0000,0.0000,0.0000,0.0000,enc,0.0000
1786025133.620990,0.0956,0.0,0.0,0.0000,0.0000,0.0000,0.0000,0.0000,0.0000,enc,0.0000
1786025133.774412,0.1534,0.0,0.0,0.0000,0.0000,0.0000,0.0000,0.0000,0.0000,enc,0.0000
1786025133.821819,0.0474,0.0,0.0,0.0000,0.0000,0.0000,0.0000,0.0000,0.0000,enc,0.0000
1786025134.023057,0.2012,0.0,0.0,0.0000,0.0000,0.0000,0.0000,0.0000,0.0000,enc,0.0000
1786025134.026900,0.0038,0.0,0.0,0.0000,0.0000,0.0000,0.0000,0.0000,0.0000,enc,0.0000
1786025134.277468,0.2506,0.0,0.0,0.0000,0.0000,0.0000,0.0000,0.0000,0.0000,enc,0.0000
1786025134.278787,0.0013,0.0,0.0,0.0000,0.0000,0.0000,0.0000,0.0000,0.0000,enc,0.0000
1786025134.333178,0.0544,0.0,0.0,0.0000,0.0000,0.0000,0.0000,0.0000,0.0000,enc,0.0000
1786025134.533552,0.2004,0.0,0.0,0.0000,0.0000,0.0000,0.0000,0.0000,0.0000,enc,0.0000
1786025134.538483,0.0049,0.0,0.0,0.0000,0.0000,0.0000,0.0000,0.0000,0.0000,enc,0.0000
1786025134.789706,0.2512,0.0,0.0,0.0000,0.0000,0.0000,0.0000,0.0000,0.0000,enc,0.0000
1786025134.789743,0.0000,0.0,0.0,0.0000,0.0000,0.0000,0.0000,0.0000,0.0000,enc,0.0000
1786025134.845901,0.0562,0.0,0.0,0.0000,0.0000,0.0000,0.0000,0.0000,0.0000,enc,0.0000
1786025135.043084,0.1972,0.0,0.0,0.0000,0.0000,0.0000,0.0000,0.0000,0.0000,enc,0.0000
1786025135.047365,0.0043,0.0,0.0,0.0000,0.0000,0.0000,0.0000,0.0000,0.0000,enc,0.0000
1786025135.152924,0.1056,0.0,0.0,0.0000,0.0000,0.0000,0.0000,0.0000,0.0000,enc,0.0000
1786025135.255018,0.1021,0.0,0.0,0.0000,0.0000,0.0000,0.0000,0.0000,0.0000,enc,0.0000
1786025135.353989,0.0990,0.0,0.0,0.0000,0.0000,0.0000,0.0000,0.0000,0.0000,enc,0.0000
1786025135.458914,0.1049,0.0,0.0,0.0000,0.0000,0.0000,0.0000,0.0000,0.0000,enc,0.0000
1786025135.562136,0.1032,0.0,0.0,0.0000,0.0000,0.0000,0.0000,0.0000,0.0000,enc,0.0000
1786025135.663532,0.1014,0.0,0.0,0.0000,0.0000,0.0000,0.0000,0.0000,0.0000,enc,0.0000
1786025135.766181,0.1026,0.0,0.0,0.0000,0.0000,0.0000,0.0000,0.0000,0.0000,enc,0.0000
1786025135.867473,0.1013,0.0,0.0,0.0000,0.0000,0.0000,0.0000,0.0000,0.0000,enc,0.0000
1786025135.969440,0.1020,0.0,0.0,0.0000,0.0000,0.0000,0.0000,0.0000,0.0000,enc,0.0000
1786025136.070827,0.1014,0.0,0.0,0.0000,0.0000,0.0000,0.0000,0.0000,0.0000,enc,0.0000
1786025136.172758,0.1019,0.0,0.0,0.0000,0.0000,0.0000,0.0000,0.0000,0.0000,enc,0.0000
1786025136.275934,0.1032,0.0,0.0,0.0000,0.0000,0.0000,0.0000,0.0000,0.0000,enc,0.0000
1786025136.374865,0.0989,0.0,0.0,0.0000,0.0000,0.0000,0.0000,0.0000,0.0000,enc,0.0000
1786025136.482099,0.1072,0.0,0.0,0.0000,0.0000,0.0000,0.0000,0.0000,0.0000,enc,0.0000
1786025136.580225,0.0981,0.0,0.0,0.0000,0.0000,0.0000,0.0000,0.0000,0.0000,enc,0.0000
1786025136.681979,0.1018,0.0,0.0,0.0000,0.0000,0.0000,0.0000,0.0000,0.0000,enc,0.0000
1786025136.788115,0.1061,0.0,0.0,0.0000,0.0000,0.0000,0.0000,0.0000,0.0000,enc,0.0000
1786025136.886894,0.0988,0.0,0.0,0.0000,0.0000,0.0000,0.0000,0.0000,0.0000,enc,0.0000
1786025136.989488,0.1026,0.0,0.0,0.0000,0.0000,0.0000,0.0000,0.0000,0.0000,enc,0.0000
1786025137.096004,0.1065,0.0,0.0,0.0000,0.0000,0.0000,0.0000,0.0000,0.0000,enc,0.0000
1786025137.193810,0.0978,0.0,0.0,0.0000,0.0000,0.0000,0.0000,0.0000,0.0000,enc,0.0000
1786025137.295216,0.1014,0.0,0.0,0.0000,0.0000,0.0000,0.0000,0.0000,0.0000,enc,0.0000
1786025137.400473,0.1053,0.0,0.0,0.0000,0.0000,0.0000,0.0000,0.0000,0.0000,enc,0.0000
1786025137.503510,0.1030,0.0,0.0,0.0000,0.0000,0.0000,0.0000,0.0000,0.0000,enc,0.0000
1786025137.601612,0.0981,0.0,0.0,0.0000,0.0000,0.0000,0.0000,0.0000,0.0000,enc,0.0000
1786025137.707829,0.1062,0.0,0.0,0.0000,0.0000,0.0000,0.0000,0.0000,0.0000,enc,0.0000
1786025137.809832,0.1020,0.0,0.0,0.0000,0.0000,0.0000,0.0000,0.0000,0.0000,enc,0.0000
1786025137.912130,0.1023,0.0,0.0,0.0000,0.0000,0.0000,0.0000,0.0000,0.0000,enc,0.0000
1786025138.013437,0.1013,0.0,0.0,0.0000,0.0000,0.0000,0.0000,0.0000,0.0000,enc,0.0000
1786025138.115902,0.1025,0.0,0.0,0.0000,0.0000,0.0000,0.0000,0.0000,0.0000,enc,0.0000
1786025138.217993,0.1021,0.0,0.0,0.0000,0.0000,0.0000,0.0000,0.0000,0.0000,enc,0.0000
1786025138.320763,0.1028,0.0,0.0,0.0000,0.0000,0.0000,0.0000,0.0000,0.0000,enc,0.0000
1786025138.419803,0.0990,0.0,0.0,0.0000,0.0000,0.0000,0.0000,0.0000,0.0000,enc,0.0000
1786025138.525478,0.1057,0.0,0.0,0.0000,0.0000,0.0000,0.0000,0.0000,0.0000,enc,0.0000
1786025138.625629,0.1002,0.0,0.0,0.0000,0.0000,0.0000,0.0000,0.0000,0.0000,enc,0.0000
1786025138.731759,0.1061,0.0,0.0,0.0000,0.0000,0.0000,0.0000,0.0000,0.0000,enc,0.0000
1786025138.829966,0.0982,0.0,0.0,0.0000,0.0000,0.0000,0.0000,0.0000,0.0000,enc,0.0000
1786025138.930443,0.1005,0.0,0.0,0.0000,0.0000,0.0000,0.0000,0.0000,0.0000,enc,0.0000
1786025139.035001,0.1046,0.0,0.0,0.0000,0.0000,0.0000,0.0000,0.0000,0.0000,enc,0.0000
1786025139.135709,0.1007,0.0,0.0,0.0000,0.0000,0.0000,0.0000,0.0000,0.0000,enc,0.0000
1786025139.236059,0.1004,0.0,0.0,0.0000,0.0000,0.0000,0.0000,0.0000,0.0000,enc,0.0000
1786025139.341448,0.1054,0.0,0.0,0.0000,0.0000,0.0000,0.0000,0.0000,0.0000,enc,0.0000
1786025139.440164,0.0987,0.0,0.0,0.0000,0.0000,0.0000,0.0000,0.0000,0.0000,enc,0.0000
1786025139.542368,0.1022,0.0,0.0,0.0000,0.0000,0.0000,0.0000,0.0000,0.0000,enc,0.0000
1786025139.647650,0.1053,0.0,0.0,0.0000,0.0000,0.0000,0.0000,0.0000,0.0000,enc,0.0000
1786025139.747215,0.0996,0.0,0.0,0.0000,0.0000,0.0000,0.0000,0.0000,0.0000,enc,0.0000
1786025139.848574,0.1014,0.0,0.0,0.0000,0.0000,0.0000,0.0000,0.0000,0.0000,enc,0.0000
1786025139.954408,0.1058,0.0,0.0,0.0000,0.0000,0.0000,0.0000,0.0000,0.0000,enc,0.0000
1786025140.056188,0.1018,0.0,0.0,0.0000,0.0000,0.0000,0.0000,0.0000,0.0000,enc,0.0000
1786025140.156120,0.0999,0.0,0.0,0.0000,0.0000,0.0000,0.0000,0.0000,0.0000,enc,0.0000
1786025140.260767,0.1046,0.0,0.0,0.0000,0.0000,0.0000,0.0000,0.0000,0.0000,enc,0.0000
1786025140.363055,0.1023,0.0,0.0,0.0000,0.0000,0.0000,0.0000,0.0000,0.0000,enc,0.0000
1786025140.470990,0.1079,0.0,0.0,0.0000,0.0000,0.0000,0.0000,0.0000,0.0000,enc,0.0000
1786025140.568547,0.0976,0.0,0.0,0.0000,0.0000,0.0000,0.0000,0.0000,0.0000,enc,0.0000
1786025140.671347,0.1028,0.0,0.0,0.0000,0.0000,0.0000,0.0000,0.0000,0.0000,enc,0.0000
1786025140.773990,0.1026,0.0,0.0,0.0000,0.0000,0.0000,0.0000,0.0000,0.0000,enc,0.0000
1786025140.875433,0.1014,0.0,0.0,0.0000,0.0000,0.0000,0.0000,0.0000,0.0000,enc,0.0000
1786025140.981750,0.1063,0.0,0.0,0.0000,0.0000,0.0000,0.0000,0.0000,0.0000,enc,0.0000
1786025141.080027,0.0983,0.0,0.0,0.0000,0.0000,0.0000,0.0000,0.0000,0.0000,enc,0.0000
1786025141.182893,0.1029,0.0,0.0,0.0000,0.0000,0.0000,0.0000,0.0000,0.0000,enc,0.0000
1786025141.284388,0.1015,0.0,0.0,0.0000,0.0000,0.0000,0.0000,0.0000,0.0000,enc,0.0000
1786025141.403383,0.1190,0.0,0.0,0.0000,0.0000,0.0000,0.0000,0.0000,0.0000,enc,0.0000
1786025141.486240,0.0829,0.0,0.0,0.0000,0.0000,0.0000,0.0000,0.0000,0.0000,enc,0.0000
1786025141.590777,0.1045,0.0,0.0,0.0000,0.0000,0.0000,0.0000,0.0000,0.0000,enc,0.0000
1786025141.690203,0.0994,0.0,0.0,0.0000,0.0000,0.0000,0.0000,0.0000,0.0000,enc,0.0000
1786025141.792557,0.1024,0.0,0.0,0.0000,0.0000,0.0000,0.0000,0.0000,0.0000,enc,0.0000
1786025141.898470,0.1059,0.0,0.0,0.0000,0.0000,0.0000,0.0000,0.0000,0.0000,enc,0.0000
1786025141.996455,0.0980,0.0,0.0,0.0000,0.0000,0.0000,0.0000,0.0000,0.0000,enc,0.0000
1786025142.099357,0.1029,0.0,0.0,0.0000,0.0000,0.0000,0.0000,0.0000,0.0000,enc,0.0000
1786025142.200661,0.1013,0.0,0.0,0.0000,0.0000,0.0000,0.0000,0.0000,0.0000,enc,0.0000
1786025142.302574,0.1019,0.0,0.0,0.0000,0.0000,0.0000,0.0000,0.0000,0.0000,enc,0.0000
1786025142.405414,0.1028,0.0,0.0,0.0000,0.0000,0.0000,0.0000,0.0000,0.0000,enc,0.0000
1786025142.510518,0.1051,0.0,0.0,0.0000,0.0000,0.0000,0.0000,0.0000,0.0000,enc,0.0000
1786025142.611849,0.1013,0.0,0.0,0.0000,0.0000,0.0000,0.0000,0.0000,0.0000,enc,0.0000
1786025142.713240,0.1014,0.0,0.0,0.0000,0.0000,0.0000,0.0000,0.0000,0.0000,enc,0.0000
1786025142.816360,0.1031,0.0,0.0,0.0000,0.0000,0.0000,0.0000,0.0000,0.0000,enc,0.0000
1786025142.918353,0.1020,0.0,0.0,0.0000,0.0000,0.0000,0.0000,0.0000,0.0000,enc,0.0000
1786025143.020328,0.1020,0.0,0.0,0.0000,0.0000,0.0000,0.0000,0.0000,0.0000,enc,0.0000
1786025143.122413,0.1021,0.0,0.0,0.0000,0.0000,0.0000,0.0000,0.0000,0.0000,enc,0.0000
1786025143.224828,0.1024,0.0,0.0,0.0000,0.0000,0.0000,0.0000,0.0000,0.0000,enc,0.0000
1786025143.329122,0.1043,0.0,0.0,0.0000,0.0000,0.0000,0.0000,0.0000,0.0000,enc,0.0000
1786025143.429153,0.1000,0.0,0.0,0.0000,0.0000,0.0000,0.0000,0.0000,0.0000,enc,0.0000
1786025143.533762,0.1046,0.0,0.0,0.0000,0.0000,0.0000,0.0000,0.0000,0.0000,enc,0.0000
1786025143.634773,0.1010,0.0,0.0,0.0000,0.0000,0.0000,0.0000,0.0000,0.0000,enc,0.0000
1786025143.737076,0.1023,0.0,0.0,0.0000,0.0000,0.0000,0.0000,0.0000,0.0000,enc,0.0000
1786025143.839962,0.1029,0.0,0.0,0.0000,0.0000,0.0000,0.0000,0.0000,0.0000,enc,0.0000
1786025143.941939,0.1020,0.0,0.0,0.0000,0.0000,0.0000,0.0000,0.0000,0.0000,enc,0.0000
1786025144.043071,0.1011,0.0,0.0,0.0000,0.0000,0.0000,0.0000,0.0000,0.0000,enc,0.0000
1786025144.145955,0.1029,0.0,0.0,0.0000,0.0000,0.0000,0.0000,0.0000,0.0000,enc,0.0000
1786025144.248095,0.1021,0.0,0.0,0.0000,0.0000,0.0000,0.0000,0.0000,0.0000,enc,0.0000
1786025144.347655,0.0996,0.0,0.0,0.0000,0.0000,0.0000,0.0000,0.0000,0.0000,enc,0.0000
1786025144.452966,0.1053,0.0,0.0,0.0000,0.0000,0.0000,0.0000,0.0000,0.0000,enc,0.0000
1786025144.551751,0.0988,0.0,0.0,0.0000,0.0000,0.0000,0.0000,0.0000,0.0000,enc,0.0000
1786025144.653712,0.1020,0.0,0.0,0.0000,0.0000,0.0000,0.0000,0.0000,0.0000,enc,0.0000
1786025144.761050,0.1073,0.0,0.0,0.0000,0.0000,0.0000,0.0000,0.0000,0.0000,enc,0.0000
1786025144.858109,0.0971,0.0,0.0,0.0000,0.0000,0.0000,0.0000,0.0000,0.0000,enc,0.0000
1786025144.959966,0.1019,0.0,0.0,0.0000,0.0000,0.0000,0.0000,0.0000,0.0000,enc,0.0000
1786025145.068333,0.1084,0.0,0.0,0.0000,0.0000,0.0000,0.0000,0.0000,0.0000,enc,0.0000
1786025145.266817,0.1985,0.0,0.0,0.0000,0.0000,0.0000,0.0000,0.0000,0.0000,enc,0.0000
1786025145.271849,0.0050,0.0,0.0,0.0000,0.0000,0.0000,0.0000,0.0000,0.0000,enc,0.0000
1786025145.521718,0.2499,0.0,0.0,0.0000,0.0000,0.0000,0.0000,0.0000,0.0000,enc,0.0000
1786025145.521844,0.0001,0.0,0.0,0.0000,0.0000,0.0000,0.0000,0.0000,0.0000,enc,0.0000
1786025145.575487,0.0536,0.0,0.0,0.0000,0.0000,0.0000,0.0000,0.0000,0.0000,enc,0.0000
1786025145.765709,0.1902,0.0,0.0,0.0000,0.0000,0.0000,0.0000,0.0000,0.0000,enc,0.0000
1786025145.776917,0.0112,0.0,0.0,0.0000,0.0000,0.0000,0.0000,0.0000,0.0000,enc,0.0000
1786025146.019608,0.2427,0.0,0.0,0.0000,0.0000,0.0000,0.0000,0.0000,0.0000,enc,0.0000
1786025146.019743,0.0001,0.0,0.0,0.0000,0.0000,0.0000,0.0000,0.0000,0.0000,enc,0.0000
1786025146.083161,0.0634,0.0,0.0,0.0000,0.0000,0.0000,0.0000,0.0000,0.0000,enc,0.0000
1786025146.274288,0.1911,0.0,0.0,0.0000,0.0000,0.0000,0.0000,0.0000,0.0000,enc,0.0000
1786025146.288875,0.0146,0.0,0.0,0.0000,0.0000,0.0000,0.0000,0.0000,0.0000,enc,0.0000
1786025146.528444,0.2396,0.0,0.0,0.0000,0.0000,0.0000,0.0000,0.0000,0.0000,enc,0.0000
1786025146.528502,0.0001,0.0,0.0,0.0000,0.0000,0.0000,0.0000,0.0000,0.0000,enc,0.0000
1786025146.596205,0.0677,0.0,0.0,0.0000,0.0000,0.0000,0.0000,0.0000,0.0000,enc,0.0000
1786025146.781273,0.1851,0.0,0.0,0.0000,0.0000,0.0000,0.0000,0.0000,0.0000,enc,0.0000
1786025146.799207,0.0179,0.0,0.0,0.0000,0.0000,0.0000,0.0000,0.0000,0.0000,enc,0.0000
1786025147.029201,0.2300,0.0,0.0,0.0000,0.0000,0.0000,0.0000,0.0000,0.0000,enc,0.0000
1786025147.029260,0.0001,0.0,0.0,0.0000,0.0000,0.0000,0.0000,0.0000,0.0000,enc,0.0000
1786025147.105806,0.0765,0.0,0.0,0.0000,0.0000,0.0000,0.0000,0.0000,0.0000,enc,0.0000
1786025147.278926,0.1731,0.0,0.0,0.0000,0.0000,0.0000,0.0000,0.0000,0.0000,enc,0.0000
1786025147.310060,0.0311,0.0,0.0,0.0000,0.0000,0.0000,0.0000,0.0000,0.0000,enc,0.0000
1786025147.527387,0.2173,0.0,0.0,0.0000,0.0000,0.0000,0.0000,0.0000,0.0000,enc,0.0000
1786025147.527447,0.0001,0.0,0.0,0.0000,0.0000,0.0000,0.0000,0.0000,0.0000,enc,0.0000
1786025147.618757,0.0913,0.0,0.0,0.0000,0.0000,0.0000,0.0000,0.0000,0.0000,enc,0.0000
1786025147.776114,0.1574,0.0,0.0,0.0000,0.0000,0.0000,0.0000,0.0000,0.0000,enc,0.0000
1786025147.819714,0.0436,0.0,0.0,0.0000,0.0000,0.0000,0.0000,0.0000,0.0000,enc,0.0000
1786025148.029014,0.2093,0.0,0.0,0.0000,0.0000,0.0000,0.0000,0.0000,0.0000,enc,0.0000
1786025148.030579,0.0016,0.0,0.0,0.0000,0.0000,0.0000,0.0000,0.0000,0.0000,enc,0.0000
1786025148.276361,0.2458,0.0,0.0,0.0000,0.0000,0.0000,0.0000,0.0000,0.0000,enc,0.0000
1786025148.277161,0.0008,0.0,0.0,0.0000,0.0000,0.0000,0.0000,0.0000,0.0000,enc,0.0000
1786025148.330607,0.0534,0.0,0.0,0.0000,0.0000,0.0000,0.0000,0.0000,0.0000,enc,0.0000
1786025148.529424,0.1988,0.0,0.0,0.0000,0.0000,0.0000,0.0000,0.0000,0.0000,enc,0.0000
1786025148.536051,0.0066,0.0,0.0,0.0000,0.0000,0.0000,0.0000,0.0000,0.0000,enc,0.0000
1786025148.781056,0.2450,0.0,0.0,0.0000,0.0000,0.0000,0.0000,0.0000,0.0000,enc,0.0000
1786025148.781101,0.0000,0.0,0.0,0.0000,0.0000,0.0000,0.0000,0.0000,0.0000,enc,0.0000
1786025148.847701,0.0666,0.0,0.0,0.0000,0.0000,0.0000,0.0000,0.0000,0.0000,enc,0.0000
1786025149.030937,0.1832,0.0,0.0,0.0000,0.0000,0.0000,0.0000,0.0000,0.0000,enc,0.0000
1786025149.046848,0.0159,0.0,0.0,0.0000,0.0000,0.0000,0.0000,0.0000,0.0000,enc,0.0000
1786025149.283932,0.2371,0.0,0.0,0.0000,0.0000,0.0000,0.0000,0.0000,0.0000,enc,0.0000
1786025149.283975,0.0000,0.0,0.0,0.0000,0.0000,0.0000,0.0000,0.0000,0.0000,enc,0.0000
1786025149.353367,0.0694,0.0,0.0,0.0000,0.0000,0.0000,0.0000,0.0000,0.0000,enc,0.0000
1786025149.537949,0.1846,0.0,0.0,0.0000,0.0000,0.0000,0.0000,0.0000,0.0000,enc,0.0000
1786025149.557497,0.0195,0.0,0.0,0.0000,0.0000,0.0000,0.0000,0.0000,0.0000,enc,0.0000
1786025149.790935,0.2334,0.0,0.0,0.0000,0.0000,0.0000,0.0000,0.0000,0.0000,enc,0.0000
1786025149.791297,0.0004,0.0,0.0,0.0000,0.0000,0.0000,0.0000,0.0000,0.0000,enc,0.0000
1786025149.867372,0.0761,0.0,0.0,0.0000,0.0000,0.0000,0.0000,0.0000,0.0000,enc,0.0000
1786025150.045888,0.1785,0.0,0.0,0.0000,0.0000,0.0000,0.0000,0.0000,0.0000,enc,0.0000
1786025150.067912,0.0220,0.0,0.0,0.0000,0.0000,0.0000,0.0000,0.0000,0.0000,enc,0.0000
1786025150.173456,0.1055,0.0,0.0,0.0000,0.0000,0.0000,0.0000,0.0000,0.0000,enc,0.0000
1786025150.275191,0.1017,0.0,0.0,0.0000,0.0000,0.0000,0.0000,0.0000,0.0000,enc,0.0000
1786025150.374866,0.0997,0.0,0.0,0.0000,0.0000,0.0000,0.0000,0.0000,0.0000,enc,0.0000
1786025150.479459,0.1046,0.0,0.0,0.0000,0.0000,0.0000,0.0000,0.0000,0.0000,enc,0.0000
1786025150.582795,0.1033,0.0,0.0,0.0000,0.0000,0.0000,0.0000,0.0000,0.0000,enc,0.0000
1786025150.683316,0.1005,0.0,0.0,0.0000,0.0000,0.0000,0.0000,0.0000,0.0000,enc,0.0000
1786025150.795721,0.1124,0.0,0.0,0.0000,0.0000,0.0000,0.0000,0.0000,0.0000,enc,0.0000
1786025150.886067,0.0903,0.0,0.0,0.0000,0.0000,0.0000,0.0000,0.0000,0.0000,enc,0.0000
1786025150.988749,0.1027,0.0,0.0,0.0000,0.0000,0.0000,0.0000,0.0000,0.0000,enc,0.0000
1786025151.100875,0.1121,0.0,0.0,0.0000,0.0000,0.0000,0.0000,0.0000,0.0000,enc,0.0000
1786025151.194528,0.0937,0.0,0.0,0.0000,0.0000,0.0000,0.0000,0.0000,0.0000,enc,0.0000
1786025151.296296,0.1018,0.0,0.0,0.0000,0.0000,0.0000,0.0000,0.0000,0.0000,enc,0.0000
1786025151.398923,0.1026,0.0,0.0,0.0000,0.0000,0.0000,0.0000,0.0000,0.0000,enc,0.0000
1786025151.501229,0.1023,0.0,0.0,0.0000,0.0000,0.0000,0.0000,0.0000,0.0000,enc,0.0000
1786025151.603091,0.1019,0.0,0.0,0.0000,0.0000,0.0000,0.0000,0.0000,0.0000,enc,0.0000
1786025151.702028,0.0989,0.0,0.0,0.0000,0.0000,0.0000,0.0000,0.0000,0.0000,enc,0.0000
1786025151.807077,0.1050,0.0,0.0,0.0000,0.0000,0.0000,0.0000,0.0000,0.0000,enc,0.0000
1786025151.907822,0.1007,0.0,0.0,0.0000,0.0000,0.0000,0.0000,0.0000,0.0000,enc,0.0000
1786025152.008397,0.1006,0.0,0.0,0.0000,0.0000,0.0000,0.0000,0.0000,0.0000,enc,0.0000
1786025152.113197,0.1048,0.0,0.0,0.0000,0.0000,0.0000,0.0000,0.0000,0.0000,enc,0.0000
1786025152.212520,0.0993,0.0,0.0,0.0000,0.0000,0.0000,0.0000,0.0000,0.0000,enc,0.0000
1786025152.315502,0.1030,0.0,0.0,0.0000,0.0000,0.0000,0.0000,0.0000,0.0000,enc,0.0000
1786025152.421007,0.1055,0.0,0.0,0.0000,0.0000,0.0000,0.0000,0.0000,0.0000,enc,0.0000
1786025152.519788,0.0988,0.0,0.0,0.0000,0.0000,0.0000,0.0000,0.0000,0.0000,enc,0.0000
1786025152.621852,0.1021,0.0,0.0,0.0000,0.0000,0.0000,0.0000,0.0000,0.0000,enc,0.0000
1786025152.725820,0.1040,0.0,0.0,0.0000,0.0000,0.0000,0.0000,0.0000,0.0000,enc,0.0000
1786025152.825794,0.1000,0.0,0.0,0.0000,0.0000,0.0000,0.0000,0.0000,0.0000,enc,0.0000
1786025152.927773,0.1020,0.0,0.0,0.0000,0.0000,0.0000,0.0000,0.0000,0.0000,enc,0.0000
1786025153.032877,0.1051,0.0,0.0,0.0000,0.0000,0.0000,0.0000,0.0000,0.0000,enc,0.0000
1786025153.134666,0.1018,0.0,0.0,0.0000,0.0000,0.0000,0.0000,0.0000,0.0000,enc,0.0000
1786025153.237886,0.1032,0.0,0.0,0.0000,0.0000,0.0000,0.0000,0.0000,0.0000,enc,0.0000
1786025153.339046,0.1012,0.0,0.0,0.0000,0.0000,0.0000,0.0000,0.0000,0.0000,enc,0.0000
1786025153.441293,0.1022,0.0,0.0,0.0000,0.0000,0.0000,0.0000,0.0000,0.0000,enc,0.0000
1786025153.544151,0.1029,0.0,0.0,0.0000,0.0000,0.0000,0.0000,0.0000,0.0000,enc,0.0000
1786025153.645817,0.1017,0.0,0.0,0.0000,0.0000,0.0000,0.0000,0.0000,0.0000,enc,0.0000
1786025153.749330,0.1035,0.0,0.0,0.0000,0.0000,0.0000,0.0000,0.0000,0.0000,enc,0.0000
1786025153.854612,0.1053,0.0,0.0,0.0000,0.0000,0.0000,0.0000,0.0000,0.0000,enc,0.0000
1786025153.953314,0.0987,0.0,0.0,0.0000,0.0000,0.0000,0.0000,0.0000,0.0000,enc,0.0000
1786025154.055083,0.1018,0.0,0.0,0.0000,0.0000,0.0000,0.0000,0.0000,0.0000,enc,0.0000
1786025154.157465,0.1024,0.0,0.0,0.0000,0.0000,0.0000,0.0000,0.0000,0.0000,enc,0.0000
1786025154.256575,0.0991,0.0,0.0,0.0000,0.0000,0.0000,0.0000,0.0000,0.0000,enc,0.0000
1786025154.361644,0.1051,0.0,0.0,0.0000,0.0000,0.0000,0.0000,0.0000,0.0000,enc,0.0000
1786025154.461862,0.1002,0.0,0.0,0.0000,0.0000,0.0000,0.0000,0.0000,0.0000,enc,0.0000
1786025154.563182,0.1013,0.0,0.0,0.0000,0.0000,0.0000,0.0000,0.0000,0.0000,enc,0.0000
1786025154.668016,0.1048,0.0,0.0,0.0000,0.0000,0.0000,0.0000,0.0000,0.0000,enc,0.0000
1786025154.767006,0.0990,0.0,0.0,0.0000,0.0000,0.0000,0.0000,0.0000,0.0000,enc,0.0000
1786025154.869135,0.1021,0.0,0.0,0.0000,0.0000,0.0000,0.0000,0.0000,0.0000,enc,0.0000
1786025154.974171,0.1050,0.0,0.0,0.0000,0.0000,0.0000,0.0000,0.0000,0.0000,enc,0.0000
1786025155.073607,0.0994,0.0,0.0,0.0000,0.0000,0.0000,0.0000,0.0000,0.0000,enc,0.0000
1786025155.175177,0.1016,0.0,0.0,0.0000,0.0000,0.0000,0.0000,0.0000,0.0000,enc,0.0000
1786025155.280818,0.1056,0.0,0.0,0.0000,0.0000,0.0000,0.0000,0.0000,0.0000,enc,0.0000
1786025155.379734,0.0989,0.0,0.0,0.0000,0.0000,0.0000,0.0000,0.0000,0.0000,enc,0.0000
1786025155.491691,0.1120,0.0,0.0,0.0000,0.0000,0.0000,0.0000,0.0000,0.0000,enc,0.0000
1786025155.587217,0.0955,0.0,0.0,0.0000,0.0000,0.0000,0.0000,0.0000,0.0000,enc,0.0000
1786025155.686489,0.0993,0.0,0.0,0.0000,0.0000,0.0000,0.0000,0.0000,0.0000,enc,0.0000
1786025155.788781,0.1023,0.0,0.0,0.0000,0.0000,0.0000,0.0000,0.0000,0.0000,enc,0.0000
1786025155.893238,0.1045,0.0,0.0,0.0000,0.0000,0.0000,0.0000,0.0000,0.0000,enc,0.0000
1786025155.999624,0.1064,0.0,0.0,0.0000,0.0000,0.0000,0.0000,0.0000,0.0000,enc,0.0000
1786025156.094466,0.0948,0.0,0.0,0.0000,0.0000,0.0000,0.0000,0.0000,0.0000,enc,0.0000
1786025156.199739,0.1053,0.0,0.0,0.0000,0.0000,0.0000,0.0000,0.0000,0.0000,enc,0.0000
1786025156.301569,0.1018,0.0,0.0,0.0000,0.0000,0.0000,0.0000,0.0000,0.0000,enc,0.0000
1786025156.403369,0.1018,0.0,0.0,0.0000,0.0000,0.0000,0.0000,0.0000,0.0000,enc,0.0000
1786025156.506706,0.1033,0.0,0.0,0.0000,0.0000,0.0000,0.0000,0.0000,0.0000,enc,0.0000
1786025156.607967,0.1013,0.0,0.0,0.0000,0.0000,0.0000,0.0000,0.0000,0.0000,enc,0.0000
1786025156.710083,0.1021,0.0,0.0,0.0000,0.0000,0.0000,0.0000,0.0000,0.0000,enc,0.0000
1786025156.811369,0.1013,0.0,0.0,0.0000,0.0000,0.0000,0.0000,0.0000,0.0000,enc,0.0000
1786025156.914320,0.1030,0.0,0.0,0.0000,0.0000,0.0000,0.0000,0.0000,0.0000,enc,0.0000
1786025157.016437,0.1021,0.0,0.0,0.0000,0.0000,0.0000,0.0000,0.0000,0.0000,enc,0.0000
1786025157.118478,0.1020,0.0,0.0,0.0000,0.0000,0.0000,0.0000,0.0000,0.0000,enc,0.0000
1786025157.220587,0.1021,0.0,0.0,0.0000,0.0000,0.0000,0.0000,0.0000,0.0000,enc,0.0000
1786025157.322706,0.1021,0.0,0.0,0.0000,0.0000,0.0000,0.0000,0.0000,0.0000,enc,0.0000
1786025157.423609,0.1009,0.0,0.0,0.0000,0.0000,0.0000,0.0000,0.0000,0.0000,enc,0.0000
1786025157.529294,0.1057,0.0,0.0,0.0000,0.0000,0.0000,0.0000,0.0000,0.0000,enc,0.0000
1786025157.627841,0.0985,0.0,0.0,0.0000,0.0000,0.0000,0.0000,0.0000,0.0000,enc,0.0000
1786025157.729966,0.1021,0.0,0.0,0.0000,0.0000,0.0000,0.0000,0.0000,0.0000,enc,0.0000
1786025157.834563,0.1046,0.0,0.0,0.0000,0.0000,0.0000,0.0000,0.0000,0.0000,enc,0.0000
1786025157.937304,0.1027,0.0,0.0,0.0000,0.0000,0.0000,0.0000,0.0000,0.0000,enc,0.0000
1786025158.036200,0.0989,0.0,0.0,0.0000,0.0000,0.0000,0.0000,0.0000,0.0000,enc,0.0000
1786025158.141557,0.1054,0.0,0.0,0.0000,0.0000,0.0000,0.0000,0.0000,0.0000,enc,0.0000
1786025158.243603,0.1020,0.0,0.0,0.0000,0.0000,0.0000,0.0000,0.0000,0.0000,enc,0.0000
1786025158.345642,0.1020,0.0,0.0,0.0000,0.0000,0.0000,0.0000,0.0000,0.0000,enc,0.0000
1786025158.447688,0.1020,0.0,0.0,0.0000,0.0000,0.0000,0.0000,0.0000,0.0000,enc,0.0000
1786025158.550071,0.1024,0.0,0.0,0.0000,0.0000,0.0000,0.0000,0.0000,0.0000,enc,0.0000
1786025158.652314,0.1022,0.0,0.0,0.0000,0.0000,0.0000,0.0000,0.0000,0.0000,enc,0.0000
1786025158.755077,0.1028,0.0,0.0,0.0000,0.0000,0.0000,0.0000,0.0000,0.0000,enc,0.0000
1786025158.856251,0.1012,0.0,0.0,0.0000,0.0000,0.0000,0.0000,0.0000,0.0000,enc,0.0000
1786025158.957648,0.1014,0.0,0.0,0.0000,0.0000,0.0000,0.0000,0.0000,0.0000,enc,0.0000
1786025159.060354,0.1027,0.0,0.0,0.0000,0.0000,0.0000,0.0000,0.0000,0.0000,enc,0.0000
1786025159.163521,0.1032,0.0,0.0,0.0000,0.0000,0.0000,0.0000,0.0000,0.0000,enc,0.0000
1786025159.265761,0.1022,0.0,0.0,0.0000,0.0000,0.0000,0.0000,0.0000,0.0000,enc,0.0000
1786025159.366938,0.1012,0.0,0.0,0.0000,0.0000,0.0000,0.0000,0.0000,0.0000,enc,0.0000
1786025159.469470,0.1025,0.0,0.0,0.0000,0.0000,0.0000,0.0000,0.0000,0.0000,enc,0.0000
1786025159.571496,0.1020,0.0,0.0,0.0000,0.0000,0.0000,0.0000,0.0000,0.0000,enc,0.0000
1786025159.670411,0.0989,0.0,0.0,0.0000,0.0000,0.0000,0.0000,0.0000,0.0000,enc,0.0000
1786025159.775975,0.1056,0.0,0.0,0.0000,0.0000,0.0000,0.0000,0.0000,0.0000,enc,0.0000
1786025159.877342,0.1014,0.0,0.0,0.0000,0.0000,0.0000,0.0000,0.0000,0.0000,enc,0.0000
1786025159.983498,0.1062,0.0,0.0,0.0000,0.0000,0.0000,0.0000,0.0000,0.0000,enc,0.0000
1786025160.081860,0.0984,0.0,0.0,0.0000,0.0000,0.0000,0.0000,0.0000,0.0000,enc,0.0000
1786025160.271887,0.1900,0.0,0.0,0.0000,0.0000,0.0000,0.0000,0.0000,0.0000,enc,0.0000
1786025160.286271,0.0144,0.0,0.0,0.0000,0.0000,0.0000,0.0000,0.0000,0.0000,enc,0.0000
1786025160.520551,0.2343,0.0,0.0,0.0000,0.0000,0.0000,0.0000,0.0000,0.0000,enc,0.0000
1786025160.520593,0.0000,0.0,0.0,0.0000,0.0000,0.0000,0.0000,0.0000,0.0000,enc,0.0000
1786025160.594153,0.0736,0.0,0.0,0.0000,0.0000,0.0000,0.0000,0.0000,0.0000,enc,0.0000
1786025160.766932,0.1728,0.0,0.0,0.0000,0.0000,0.0000,0.0000,0.0000,0.0000,enc,0.0000
1786025160.797295,0.0304,0.0,0.0,0.0000,0.0000,0.0000,0.0000,0.0000,0.0000,enc,0.0000
1786025161.010905,0.2136,0.0,0.0,0.0000,0.0000,0.0000,0.0000,0.0000,0.0000,enc,0.0000
1786025161.010950,0.0000,0.0,0.0,0.0000,0.0000,0.0000,0.0000,0.0000,0.0000,enc,0.0000
1786025161.103925,0.0930,0.0,0.0,0.0000,0.0000,0.0000,0.0000,0.0000,0.0000,enc,0.0000
1786025161.263982,0.1601,0.0,0.0,0.0000,0.0000,0.0000,0.0000,0.0000,0.0000,enc,0.0000
1786025161.310742,0.0468,0.0,0.0,0.0000,0.0000,0.0000,0.0000,0.0000,0.0000,enc,0.0000
1786025161.519504,0.2088,0.0,0.0,0.0000,0.0000,0.0000,0.0000,0.0000,0.0000,enc,0.0000
1786025161.520024,0.0005,0.0,0.0,0.0000,0.0000,0.0000,0.0000,0.0000,0.0000,enc,0.0000
1786025161.616690,0.0967,0.0,0.0,0.0000,0.0000,0.0000,0.0000,0.0000,0.0000,enc,0.0000
1786025161.773044,0.1564,0.0,0.0,0.0000,0.0000,0.0000,0.0000,0.0000,0.0000,enc,0.0000
1786025161.820659,0.0476,0.0,0.0,0.0000,0.0000,0.0000,0.0000,0.0000,0.0000,enc,0.0000
1786025162.025956,0.2053,0.0,0.0,0.0000,0.0000,0.0000,0.0000,0.0000,0.0000,enc,0.0000
1786025162.026875,0.0009,0.0,0.0,0.0000,0.0000,0.0000,0.0000,0.0000,0.0000,enc,0.0000
1786025162.274500,0.2476,0.0,0.0,0.0000,0.0000,0.0000,0.0000,0.0000,0.0000,enc,0.0000
1786025162.274540,0.0000,0.0,0.0,0.0000,0.0000,0.0000,0.0000,0.0000,0.0000,enc,0.0000
1786025162.335928,0.0614,0.0,0.0,0.0000,0.0000,0.0000,0.0000,0.0000,0.0000,enc,0.0000
1786025162.520006,0.1841,0.0,0.0,0.0000,0.0000,0.0000,0.0000,0.0000,0.0000,enc,0.0000
1786025162.537791,0.0178,0.0,0.0,0.0000,0.0000,0.0000,0.0000,0.0000,0.0000,enc,0.0000
1786025162.768314,0.2305,0.0,0.0,0.0000,0.0000,0.0000,0.0000,0.0000,0.0000,enc,0.0000
1786025162.768775,0.0005,0.0,0.0,0.0000,0.0000,0.0000,0.0000,0.0000,0.0000,enc,0.0000
1786025162.839178,0.0704,0.0,0.0,0.0000,0.0000,0.0000,0.0000,0.0000,0.0000,enc,0.0000
1786025163.018343,0.1792,0.0,0.0,0.0000,0.0000,0.0000,0.0000,0.0000,0.0000,enc,0.0000
1786025163.041874,0.0235,0.0,0.0,0.0000,0.0000,0.0000,0.0000,0.0000,0.0000,enc,0.0000
1786025163.270446,0.2286,0.0,0.0,0.0000,0.0000,0.0000,0.0000,0.0000,0.0000,enc,0.0000
1786025163.270485,0.0000,0.0,0.0,0.0000,0.0000,0.0000,0.0000,0.0000,0.0000,enc,0.0000
1786025163.356010,0.0855,0.0,0.0,0.0000,0.0000,0.0000,0.0000,0.0000,0.0000,enc,0.0000
1786025163.520649,0.1646,0.0,0.0,0.0000,0.0000,0.0000,0.0000,0.0000,0.0000,enc,0.0000
1786025163.552427,0.0318,0.0,0.0,0.0000,0.0000,0.0000,0.0000,0.0000,0.0000,enc,0.0000
1786025163.772239,0.2198,0.0,0.0,0.0000,0.0000,0.0000,0.0000,0.0000,0.0000,enc,0.0000
1786025163.772276,0.0000,0.0,0.0,0.0000,0.0000,0.0000,0.0000,0.0000,0.0000,enc,0.0000
1786025163.863000,0.0907,0.0,0.0,0.0000,0.0000,0.0000,0.0000,0.0000,0.0000,enc,0.0000
1786025164.023801,0.1608,0.0,0.0,0.0000,0.0000,0.0000,0.0000,0.0000,0.0000,enc,0.0000
1786025164.073411,0.0496,0.0,0.0,0.0000,0.0000,0.0000,0.0000,0.0000,0.0000,enc,0.0000
1786025164.275482,0.2021,0.0,0.0,0.0000,0.0000,0.0000,0.0000,0.0000,0.0000,enc,0.0000
1786025164.275516,0.0000,0.0,0.0,0.0000,0.0000,0.0000,0.0000,0.0000,0.0000,enc,0.0000
1786025164.372923,0.0974,0.0,0.0,0.0000,0.0000,0.0000,0.0000,0.0000,0.0000,enc,0.0000
1786025164.529508,0.1566,0.0,0.0,0.0000,0.0000,0.0000,0.0000,0.0000,0.0000,enc,0.0000
1786025164.576246,0.0467,0.0,0.0,0.0000,0.0000,0.0000,0.0000,0.0000,0.0000,enc,0.0000
1786025164.786605,0.2104,0.0,0.0,0.0000,0.0000,0.0000,0.0000,0.0000,0.0000,enc,0.0000
1786025164.786744,0.0001,0.0,0.0,0.0000,0.0000,0.0000,0.0000,0.0000,0.0000,enc,0.0000
1786025164.883997,0.0973,0.0,0.0,0.0000,0.0000,0.0000,0.0000,0.0000,0.0000,enc,0.0000
1786025165.037790,0.1538,0.0,0.0,0.0000,0.0000,0.0000,0.0000,0.0000,0.0000,enc,0.0000
1786025165.084453,0.0467,0.0,0.0,0.0000,0.0000,0.0000,0.0000,0.0000,0.0000,enc,0.0000
1786025165.190826,0.1064,0.0,0.0,0.0000,0.0000,0.0000,0.0000,0.0000,0.0000,enc,0.0000
1786025165.289254,0.0984,0.0,0.0,0.0000,0.0000,0.0000,0.0000,0.0000,0.0000,enc,0.0000
1786025165.393445,0.1042,0.0,0.0,0.0000,0.0000,0.0000,0.0000,0.0000,0.0000,enc,0.0000
1786025165.497878,0.1044,0.0,0.0,0.0000,0.0000,0.0000,0.0000,0.0000,0.0000,enc,0.0000
1786025165.621748,0.1239,0.0,0.0,0.0000,0.0000,0.0000,0.0000,0.0000,0.0000,enc,0.0000
1786025165.708370,0.0866,0.0,0.0,0.0000,0.0000,0.0000,0.0000,0.0000,0.0000,enc,0.0000
1786025165.821731,0.1134,0.0,0.0,0.0000,0.0000,0.0000,0.0000,0.0000,0.0000,enc,0.0000
1786025165.915111,0.0934,0.0,0.0,0.0000,0.0000,0.0000,0.0000,0.0000,0.0000,enc,0.0000
1786025166.023774,0.1087,0.0,0.0,0.0000,0.0000,0.0000,0.0000,0.0000,0.0000,enc,0.0000
1786025166.124947,0.1012,0.0,0.0,0.0000,0.0000,0.0000,0.0000,0.0000,0.0000,enc,0.0000
1786025166.210582,0.0856,0.0,0.0,0.0000,0.0000,0.0000,0.0000,0.0000,0.0000,enc,0.0000
1786025166.315021,0.1044,0.0,0.0,0.0000,0.0000,0.0000,0.0000,0.0000,0.0000,enc,0.0000
1786025166.417384,0.1024,0.0,0.0,0.0000,0.0000,0.0000,0.0000,0.0000,0.0000,enc,0.0000
1786025166.519989,0.1026,0.0,0.0,0.0000,0.0000,0.0000,0.0000,0.0000,0.0000,enc,0.0000
1786025166.622669,0.1027,0.0,0.0,0.0000,0.0000,0.0000,0.0000,0.0000,0.0000,enc,0.0000
1786025166.726832,0.1042,0.0,0.0,0.0000,0.0000,0.0000,0.0000,0.0000,0.0000,enc,0.0000
1786025166.827303,0.1005,0.0,0.0,0.0000,0.0000,0.0000,0.0000,0.0000,0.0000,enc,0.0000
1786025166.929652,0.1023,0.0,0.0,0.0000,0.0000,0.0000,0.0000,0.0000,0.0000,enc,0.0000
1786025167.029991,0.1003,0.0,0.0,0.0000,0.0000,0.0000,0.0000,0.0000,0.0000,enc,0.0000
1786025167.133998,0.1040,0.0,0.0,0.0000,0.0000,0.0000,0.0000,0.0000,0.0000,enc,0.0000
1786025167.235776,0.1018,0.0,0.0,0.0000,0.0000,0.0000,0.0000,0.0000,0.0000,enc,0.0000
1786025167.337002,0.1012,0.0,0.0,0.0000,0.0000,0.0000,0.0000,0.0000,0.0000,enc,0.0000
1786025167.441523,0.1045,0.0,0.0,0.0000,0.0000,0.0000,0.0000,0.0000,0.0000,enc,0.0000
1786025167.540611,0.0991,0.0,0.0,0.0000,0.0000,0.0000,0.0000,0.0000,0.0000,enc,0.0000
1786025167.642830,0.1022,0.0,0.0,0.0000,0.0000,0.0000,0.0000,0.0000,0.0000,enc,0.0000
1786025167.748877,0.1060,0.0,0.0,0.0000,0.0000,0.0000,0.0000,0.0000,0.0000,enc,0.0000
1786025167.847747,0.0989,0.0,0.0,0.0000,0.0000,0.0000,0.0000,0.0000,0.0000,enc,0.0000
1786025167.949846,0.1021,0.0,0.0,0.0000,0.0000,0.0000,0.0000,0.0000,0.0000,enc,0.0000
1786025168.055653,0.1058,0.0,0.0,0.0000,0.0000,0.0000,0.0000,0.0000,0.0000,enc,0.0000
1786025168.155352,0.0997,0.0,0.0,0.0000,0.0000,0.0000,0.0000,0.0000,0.0000,enc,0.0000
1786025168.257057,0.1017,0.0,0.0,0.0000,0.0000,0.0000,0.0000,0.0000,0.0000,enc,0.0000
1786025168.361774,0.1047,0.0,0.0,0.0000,0.0000,0.0000,0.0000,0.0000,0.0000,enc,0.0000
1786025168.462931,0.1012,0.0,0.0,0.0000,0.0000,0.0000,0.0000,0.0000,0.0000,enc,0.0000
1786025168.565537,0.1026,0.0,0.0,0.0000,0.0000,0.0000,0.0000,0.0000,0.0000,enc,0.0000
1786025168.667800,0.1023,0.0,0.0,0.0000,0.0000,0.0000,0.0000,0.0000,0.0000,enc,0.0000
1786025168.769956,0.1022,0.0,0.0,0.0000,0.0000,0.0000,0.0000,0.0000,0.0000,enc,0.0000
1786025168.869216,0.0993,0.0,0.0,0.0000,0.0000,0.0000,0.0000,0.0000,0.0000,enc,0.0000
1786025168.973926,0.1047,0.0,0.0,0.0000,0.0000,0.0000,0.0000,0.0000,0.0000,enc,0.0000
1786025169.077052,0.1031,0.0,0.0,0.0000,0.0000,0.0000,0.0000,0.0000,0.0000,enc,0.0000
1786025169.178897,0.1018,0.0,0.0,0.0000,0.0000,0.0000,0.0000,0.0000,0.0000,enc,0.0000
1786025169.281633,0.1027,0.0,0.0,0.0000,0.0000,0.0000,0.0000,0.0000,0.0000,enc,0.0000
1786025169.383076,0.1014,0.0,0.0,0.0000,0.0000,0.0000,0.0000,0.0000,0.0000,enc,0.0000
1786025169.486041,0.1030,0.0,0.0,0.0000,0.0000,0.0000,0.0000,0.0000,0.0000,enc,0.0000
1786025169.587973,0.1019,0.0,0.0,0.0000,0.0000,0.0000,0.0000,0.0000,0.0000,enc,0.0000
1786025169.690813,0.1028,0.0,0.0,0.0000,0.0000,0.0000,0.0000,0.0000,0.0000,enc,0.0000
1786025169.793212,0.1024,0.0,0.0,0.0000,0.0000,0.0000,0.0000,0.0000,0.0000,enc,0.0000
1786025169.891016,0.0978,0.0,0.0,0.0000,0.0000,0.0000,0.0000,0.0000,0.0000,enc,0.0000
1786025169.997398,0.1064,0.0,0.0,0.0000,0.0000,0.0000,0.0000,0.0000,0.0000,enc,0.0000
1786025170.096909,0.0995,0.0,0.0,0.0000,0.0000,0.0000,0.0000,0.0000,0.0000,enc,0.0000
1786025170.197739,0.1008,0.0,0.0,0.0000,0.0000,0.0000,0.0000,0.0000,0.0000,enc,0.0000
1786025170.301726,0.1040,0.0,0.0,0.0000,0.0000,0.0000,0.0000,0.0000,0.0000,enc,0.0000
1786025170.402102,0.1004,0.0,0.0,0.0000,0.0000,0.0000,0.0000,0.0000,0.0000,enc,0.0000
1786025170.504819,0.1027,0.0,0.0,0.0000,0.0000,0.0000,0.0000,0.0000,0.0000,enc,0.0000
1786025170.610033,0.1052,0.0,0.0,0.0000,0.0000,0.0000,0.0000,0.0000,0.0000,enc,0.0000
1786025170.709326,0.0993,0.0,0.0,0.0000,0.0000,0.0000,0.0000,0.0000,0.0000,enc,0.0000
1786025170.811881,0.1026,0.0,0.0,0.0000,0.0000,0.0000,0.0000,0.0000,0.0000,enc,0.0000
1786025170.915302,0.1034,0.0,0.0,0.0000,0.0000,0.0000,0.0000,0.0000,0.0000,enc,0.0000
1786025171.017790,0.1025,0.0,0.0,0.0000,0.0000,0.0000,0.0000,0.0000,0.0000,enc,0.0000
1786025171.118393,0.1006,0.0,0.0,0.0000,0.0000,0.0000,0.0000,0.0000,0.0000,enc,0.0000
1786025171.221358,0.1030,0.0,0.0,0.0000,0.0000,0.0000,0.0000,0.0000,0.0000,enc,0.0000
1786025171.321295,0.0999,0.0,0.0,0.0000,0.0000,0.0000,0.0000,0.0000,0.0000,enc,0.0000
1786025171.426177,0.1049,0.0,0.0,0.0000,0.0000,0.0000,0.0000,0.0000,0.0000,enc,0.0000
1786025171.528668,0.1025,0.0,0.0,0.0000,0.0000,0.0000,0.0000,0.0000,0.0000,enc,0.0000
1786025171.630979,0.1023,0.0,0.0,0.0000,0.0000,0.0000,0.0000,0.0000,0.0000,enc,0.0000
1786025171.733450,0.1025,0.0,0.0,0.0000,0.0000,0.0000,0.0000,0.0000,0.0000,enc,0.0000
1786025171.836976,0.1035,0.0,0.0,0.0000,0.0000,0.0000,0.0000,0.0000,0.0000,enc,0.0000
1786025171.938170,0.1012,0.0,0.0,0.0000,0.0000,0.0000,0.0000,0.0000,0.0000,enc,0.0000
1786025172.041232,0.1031,0.0,0.0,0.0000,0.0000,0.0000,0.0000,0.0000,0.0000,enc,0.0000
1786025172.139627,0.0984,0.0,0.0,0.0000,0.0000,0.0000,0.0000,0.0000,0.0000,enc,0.0000
1786025172.245058,0.1054,0.0,0.0,0.0000,0.0000,0.0000,0.0000,0.0000,0.0000,enc,0.0000
1786025172.347855,0.1028,0.0,0.0,0.0000,0.0000,0.0000,0.0000,0.0000,0.0000,enc,0.0000
1786025172.446056,0.0982,0.0,0.0,0.0000,0.0000,0.0000,0.0000,0.0000,0.0000,enc,0.0000
1786025172.552716,0.1067,0.0,0.0,0.0000,0.0000,0.0000,0.0000,0.0000,0.0000,enc,0.0000
1786025172.650275,0.0976,0.0,0.0,0.0000,0.0000,0.0000,0.0000,0.0000,0.0000,enc,0.0000
1786025172.752640,0.1024,0.0,0.0,0.0000,0.0000,0.0000,0.0000,0.0000,0.0000,enc,0.0000
1786025172.857765,0.1051,0.0,0.0,0.0000,0.0000,0.0000,0.0000,0.0000,0.0000,enc,0.0000
1786025172.956778,0.0990,0.0,0.0,0.0000,0.0000,0.0000,0.0000,0.0000,0.0000,enc,0.0000
1786025173.058631,0.1019,0.0,0.0,0.0000,0.0000,0.0000,0.0000,0.0000,0.0000,enc,0.0000
1786025173.163890,0.1053,0.0,0.0,0.0000,0.0000,0.0000,0.0000,0.0000,0.0000,enc,0.0000
1786025173.268821,0.1049,0.0,0.0,0.0000,0.0000,0.0000,0.0000,0.0000,0.0000,enc,0.0000
1786025173.364878,0.0961,0.0,0.0,0.0000,0.0000,0.0000,0.0000,0.0000,0.0000,enc,0.0000
1786025173.469824,0.1049,0.0,0.0,0.0000,0.0000,0.0000,0.0000,0.0000,0.0000,enc,0.0000
1786025173.572371,0.1025,0.0,0.0,0.0000,0.0000,0.0000,0.0000,0.0000,0.0000,enc,0.0000
1786025173.671319,0.0989,0.0,0.0,0.0000,0.0000,0.0000,0.0000,0.0000,0.0000,enc,0.0000
1786025173.777572,0.1063,0.0,0.0,0.0000,0.0000,0.0000,0.0000,0.0000,0.0000,enc,0.0000
1786025173.879567,0.1020,0.0,0.0,0.0000,0.0000,0.0000,0.0000,0.0000,0.0000,enc,0.0000
1786025173.981664,0.1021,0.0,0.0,0.0000,0.0000,0.0000,0.0000,0.0000,0.0000,enc,0.0000
1786025174.083054,0.1014,0.0,0.0,0.0000,0.0000,0.0000,0.0000,0.0000,0.0000,enc,0.0000
1786025174.185789,0.1027,0.0,0.0,0.0000,0.0000,0.0000,0.0000,0.0000,0.0000,enc,0.0000
1786025174.288077,0.1023,0.0,0.0,0.0000,0.0000,0.0000,0.0000,0.0000,0.0000,enc,0.0000
1786025174.390203,0.1021,0.0,0.0,0.0000,0.0000,0.0000,0.0000,0.0000,0.0000,enc,0.0000
1786025174.491834,0.1016,0.0,0.0,0.0000,0.0000,0.0000,0.0000,0.0000,0.0000,enc,0.0000
1786025174.593871,0.1020,0.0,0.0,0.0000,0.0000,0.0000,0.0000,0.0000,0.0000,enc,0.0000
1786025174.696103,0.1022,0.0,0.0,0.0000,0.0000,0.0000,0.0000,0.0000,0.0000,enc,0.0000
1786025174.797669,0.1016,0.0,0.0,0.0000,0.0000,0.0000,0.0000,0.0000,0.0000,enc,0.0000
1786025174.900776,0.1031,0.0,0.0,0.0000,0.0000,0.0000,0.0000,0.0000,0.0000,enc,0.0000
1786025175.001964,0.1012,0.0,0.0,0.0000,0.0000,0.0000,0.0000,0.0000,0.0000,enc,0.0000
1786025175.105354,0.1034,0.0,0.0,0.0000,0.0000,0.0000,0.0000,0.0000,0.0000,enc,0.0000
1786025175.267606,0.1623,0.0,0.0,0.0000,0.0000,0.0000,0.0000,0.0000,0.0000,enc,0.0000
1786025175.306012,0.0384,0.0,0.0,0.0000,0.0000,0.0000,0.0000,0.0000,0.0000,enc,0.0000
1786025175.523690,0.2177,0.0,0.0,0.0000,0.0000,0.0000,0.0000,0.0000,0.0000,enc,0.0000
1786025175.523729,0.0000,0.0,0.0,0.0000,0.0000,0.0000,0.0000,0.0000,0.0000,enc,0.0000
1786025175.612262,0.0885,0.0,0.0,0.0000,0.0000,0.0000,0.0000,0.0000,0.0000,enc,0.0000
1786025175.770297,0.1580,0.3342204689979553,0.4417319595813751,0.0023,0.0018,0.0004,-0.0000,0.0003,0.0000,enc,-0.0002
1786025175.822545,0.0522,3.8289437294006348,4.28584623336792,0.0238,0.0078,0.0016,-0.0001,0.0007,0.0000,enc,-0.0012
1786025176.016683,0.1941,12.358539581298828,12.761688232421875,0.0737,0.0069,0.0159,-0.0002,0.0020,0.0000,enc,-0.0007
1786025176.025913,0.0092,18.283681869506836,18.713088989257812,0.1085,0.0073,0.0169,-0.0002,0.0021,0.0000,enc,0.0009
1786025176.270975,0.2451,25.372798919677734,25.775714874267578,0.1500,0.0068,0.0537,0.0001,0.0038,0.0000,enc,0.0007
1786025176.271026,0.0001,25.78687858581543,26.082406997680664,0.1521,0.0050,0.0537,0.0001,0.0038,0.0000,enc,0.0012
1786025176.327108,0.0561,29.299346923828125,29.406845092773438,0.1721,0.0018,0.0633,0.0002,0.0039,0.0000,enc,0.0004
1786025176.523855,0.1967,26.4838924407959,26.4838924407959,0.1553,0.0000,0.0939,0.0004,0.0039,0.0000,enc,0.0004
1786025176.531686,0.0078,28.124881744384766,28.071245193481445,0.1648,-0.0009,0.0952,0.0004,0.0039,0.0000,enc,0.0004
1786025176.777384,0.2457,27.460424423217773,27.2995662689209,0.1606,-0.0027,0.1346,0.0006,0.0032,0.0000,enc,0.0004
1786025176.777575,0.0002,24.504474639892578,24.504474639892578,0.1437,0.0000,0.1346,0.0006,0.0032,0.0000,enc,0.0004
1786025176.841938,0.0644,26.702701568603516,26.702701568603516,0.1566,0.0000,0.1447,0.0006,0.0032,0.0000,enc,0.0000
1786025177.025258,0.1833,24.399311065673828,24.318687438964844,0.1428,-0.0014,0.1709,0.0006,0.0029,0.0000,enc,-0.0005
1786025177.042351,0.0171,26.87342643737793,26.980918884277344,0.1579,0.0018,0.1736,0.0006,0.0030,0.0000,enc,0.0002
1786025177.273394,0.2310,24.58819580078125,24.534461975097656,0.1440,-0.0009,0.2069,0.0007,0.0028,0.0000,enc,0.0000
1786025177.273436,0.0000,26.958131790161133,26.985000610351562,0.1582,0.0005,0.2069,0.0007,0.0028,0.0000,enc,0.0001
1786025177.348590,0.0752,25.68350601196289,24.743566513061523,0.1479,-0.0160,0.2180,0.0010,0.0016,0.0000,enc,0.0039
1786025177.522905,0.1743,26.022748947143555,26.96338653564453,0.1554,0.0160,0.2451,0.0004,0.0043,0.0000,enc,-0.0043
1786025177.554913,0.0320,26.711294174194336,26.791242599487305,0.1569,0.0014,0.2501,0.0004,0.0044,0.0000,enc,0.0001
1786025177.772371,0.2175,24.613805770874023,24.640655517578125,0.1444,0.0005,0.2815,0.0006,0.0045,0.0000,enc,0.0001
1786025177.772430,0.0001,27.10150146484375,27.07464599609375,0.1589,-0.0005,0.2815,0.0006,0.0045,0.0000,enc,-0.0003
1786025177.860984,0.0886,24.739704132080078,24.256084442138672,0.1437,-0.0082,0.2942,0.0006,0.0038,0.0000,enc,0.0000
1786025178.023175,0.1622,30.461458206176758,23.47252655029297,0.1581,-0.1188,0.3199,0.0003,-0.0155,0.0000,enc,0.0004
1786025178.067894,0.0447,40.70967483520508,16.39917755126953,0.1675,-0.4132,0.3274,-0.0007,-0.0340,0.0000,enc,-0.0174
1786025178.273581,0.2057,28.171396255493164,13.325444221496582,0.1217,-0.2524,0.3526,0.0011,-0.0859,0.0000,enc,0.0196
1786025178.273622,0.0000,35.54059600830078,17.74595069885254,0.1562,-0.3025,0.3526,0.0011,-0.0859,0.0000,enc,0.0002
1786025178.527686,0.2541,28.885257720947266,20.769203186035156,0.1456,-0.1380,0.3894,-0.0032,-0.1210,0.0000,enc,0.0004
1786025178.527758,0.0001,28.351369857788086,25.825345993041992,0.1589,-0.0429,0.3894,-0.0032,-0.1210,0.0000,enc,0.0004
1786025178.579840,0.0521,26.166521072387695,26.0338134765625,0.1531,-0.0023,0.3973,-0.0044,-0.1211,0.0000,enc,-0.0035
1786025178.775616,0.1958,23.95773696899414,26.537700653076172,0.1481,0.0439,0.4262,-0.0068,-0.1125,0.0000,enc,0.0040
1786025178.782557,0.0069,26.29510498046875,27.610774993896484,0.1581,0.0224,0.4273,-0.0070,-0.1123,0.0000,enc,-0.0007
1786025179.027539,0.2450,24.17714500427246,25.010557174682617,0.1442,0.0142,0.4623,-0.0111,-0.1089,0.0000,enc,-0.0010
1786025179.027586,0.0000,26.860214233398438,27.18265724182129,0.1585,0.0055,0.4624,-0.0111,-0.1089,0.0000,enc,-0.0002
1786025179.090877,0.0633,24.524715423583984,24.39033317565918,0.1434,-0.0023,0.4714,-0.0121,-0.1090,0.0000,enc,-0.0005
1786025179.278857,0.1880,27.1760196685791,27.014741897583008,0.1589,-0.0027,0.5011,-0.0153,-0.1095,0.0000,enc,0.0000
1786025179.294093,0.0152,25.732891082763672,24.55526351928711,0.1475,-0.0200,0.5033,-0.0155,-0.1098,0.0000,enc,0.0034
1786025179.537076,0.2430,25.979442596435547,26.892913818359375,0.1550,0.0155,0.5407,-0.0203,-0.1061,0.0000,enc,-0.0032
1786025179.537126,0.0001,27.005172729492188,27.08580780029297,0.1586,0.0014,0.5407,-0.0203,-0.1061,0.0000,enc,0.0003
1786025179.598515,0.0614,24.571048736572266,24.490392684936523,0.1439,-0.0014,0.5495,-0.0213,-0.1061,0.0000,enc,-0.0003
1786025179.787510,0.1890,26.902008056640625,26.902008056640625,0.1578,0.0000,0.5791,-0.0243,-0.1061,0.0000,enc,0.0006
1786025179.802477,0.0150,24.593154907226562,24.512636184692383,0.1440,-0.0014,0.5813,-0.0245,-0.1062,0.0000,enc,0.0007
1786025180.046912,0.2444,27.093027114868164,27.039262771606445,0.1587,-0.0009,0.6199,-0.0286,-0.1064,0.0000,enc,0.0002
1786025180.046956,0.0000,24.359424591064453,24.493816375732422,0.1432,0.0023,0.6199,-0.0286,-0.1064,0.0000,enc,0.0005
1786025180.108847,0.0619,27.20143699645996,26.986412048339844,0.1589,-0.0037,0.6296,-0.0296,-0.1066,0.0000,enc,0.0002
1786025180.215451,0.1066,29.38665199279785,23.708528518676758,0.1557,-0.0965,0.6461,-0.0319,-0.1169,0.0000,enc,-0.0030
1786025180.314531,0.0991,31.347003936767578,17.996000289916992,0.1447,-0.2269,0.6603,-0.0335,-0.1394,0.0000,enc,0.0035
1786025180.417476,0.1029,37.617801666259766,13.18222427368164,0.1490,-0.4154,0.6754,-0.0363,-0.1821,0.0000,enc,0.0001
1786025180.520948,0.1035,35.498653411865234,9.254239082336426,0.1312,-0.4461,0.6886,-0.0394,-0.2283,0.0000,enc,0.0001
1786025180.620095,0.0991,39.60386657714844,9.708913803100586,0.1446,-0.5082,0.7024,-0.0432,-0.2787,0.0000,enc,0.0009
1786025180.723233,0.1031,36.30442810058594,9.069385528564453,0.1330,-0.4629,0.7155,-0.0476,-0.3264,0.0000,enc,0.0009
1786025180.827746,0.1045,40.31378173828125,10.640544891357422,0.1494,-0.5044,0.7300,-0.0532,-0.3791,0.0000,enc,0.0011
1786025180.927554,0.0998,36.765403747558594,10.07823657989502,0.1374,-0.4536,0.7425,-0.0588,-0.4244,0.0000,enc,0.0005
1786025181.027960,0.1004,38.59006881713867,14.116390228271484,0.1545,-0.4160,0.7563,-0.0659,-0.4662,0.0000,enc,-0.0010
1786025181.132812,0.1049,33.897666931152344,20.169069290161133,0.1585,-0.2334,0.7710,-0.0737,-0.4907,0.0000,enc,-0.0001
1786025181.232370,0.0996,26.98937225341797,22.34303855895996,0.1447,-0.0790,0.7837,-0.0805,-0.4985,0.0000,enc,0.0009
1786025181.334628,0.1023,29.882644653320312,23.94327163696289,0.1578,-0.1010,0.7978,-0.0883,-0.5088,0.0000,enc,0.0009
1786025181.439585,0.1050,31.18846321105957,17.078636169433594,0.1415,-0.2398,0.8107,-0.0958,-0.5340,0.0000,enc,0.0009
1786025181.541730,0.1021,37.327919006347656,13.83536148071289,0.1500,-0.3993,0.8235,-0.1041,-0.5748,0.0000,enc,0.0000
1786025181.641165,0.0994,34.09028244018555,13.549724578857422,0.1397,-0.3491,0.8349,-0.1121,-0.6095,0.0000,enc,0.0005
1786025181.746062,0.1049,33.92123031616211,20.0283260345459,0.1582,-0.2362,0.8483,-0.1219,-0.6343,0.0000,enc,-0.0001
1786025181.848440,0.1024,29.945383071899414,22.04330825805664,0.1524,-0.1343,0.8607,-0.1314,-0.6480,0.0000,enc,-0.0009
1786025181.949583,0.1011,28.198270797729492,23.145112991333008,0.1505,-0.0859,0.8728,-0.1407,-0.6567,0.0000,enc,0.0004
1786025182.053382,0.1038,33.640968322753906,20.094364166259766,0.1576,-0.2303,0.8855,-0.1509,-0.6806,0.0000,enc,0.0008
1786025182.157997,0.1046,30.431306838989258,19.03519630432129,0.1450,-0.1937,0.8972,-0.1606,-0.7009,0.0000,enc,0.0006
1786025182.265413,0.1074,30.52892303466797,23.249719619750977,0.1577,-0.1237,0.9100,-0.1717,-0.7142,0.0000,enc,0.0001
1786025182.360550,0.0951,28.077302932739258,23.705421447753906,0.1518,-0.0743,0.9208,-0.1813,-0.7213,0.0000,enc,0.0001
1786025182.464058,0.1035,24.711885452270508,26.640178680419922,0.1506,0.0328,0.9325,-0.1916,-0.7179,0.0000,enc,-0.0006
1786025182.568822,0.1048,26.589431762695312,27.58304786682129,0.1588,0.0169,0.9450,-0.2025,-0.7161,0.0000,enc,-0.0005
1786025182.663978,0.0952,24.024394989013672,24.965267181396484,0.1436,0.0160,0.9554,-0.2115,-0.7146,0.0000,enc,0.0001
1786025182.769861,0.1059,26.789005279541016,27.38011932373047,0.1588,0.0100,0.9680,-0.2225,-0.7135,0.0000,enc,-0.0006
1786025182.868593,0.0987,24.42209243774414,24.690702438354492,0.1440,0.0046,0.9788,-0.2318,-0.7131,0.0000,enc,-0.0004
1786025182.970790,0.1022,26.92713737487793,26.87350845336914,0.1578,-0.0009,0.9909,-0.2425,-0.7132,0.0000,enc,-0.0008
1786025183.075895,0.1051,24.61082649230957,24.61082649230957,0.1443,0.0000,1.0024,-0.2524,-0.7132,0.0000,enc,0.0000
1786025183.175364,0.0995,27.057016372680664,26.976369857788086,0.1584,-0.0014,1.0143,-0.2627,-0.7133,0.0000,enc,0.0005
1786025183.278465,0.1031,27.64257049560547,32.28911209106445,0.1757,0.0790,1.0265,-0.2763,-0.7051,0.0000,enc,-0.0247
1786025183.381065,0.1026,23.227420806884766,20.190441131591797,0.1273,-0.0516,1.0380,-0.2830,-0.7104,0.0000,enc,0.0240
1786025183.481999,0.1009,21.2947998046875,32.05360412597656,0.1564,0.1829,1.0501,-0.2931,-0.6920,0.0000,enc,-0.0007
1786025183.584285,0.1023,13.918560028076172,33.19265365600586,0.1381,0.3276,1.0612,-0.3018,-0.6585,0.0000,enc,-0.0007
1786025183.688699,0.1044,11.570030212402344,38.93189239501953,0.1481,0.4651,1.0739,-0.3107,-0.6099,0.0000,enc,0.0002
1786025183.788352,0.0997,9.039944648742676,36.321044921875,0.1330,0.4637,1.0851,-0.3178,-0.5637,0.0000,enc,-0.0005
1786025183.890609,0.1023,9.774548530578613,40.488494873046875,0.1474,0.5221,1.0982,-0.3252,-0.5103,0.0000,enc,-0.0003
1786025183.996519,0.1059,9.973610877990723,37.058834075927734,0.1379,0.4604,1.1113,-0.3317,-0.4616,0.0000,enc,-0.0004
1786025184.097004,0.1005,10.221720695495605,40.88220977783203,0.1498,0.5212,1.1251,-0.3378,-0.4092,0.0000,enc,-0.0007
1786025184.199474,0.1025,11.032252311706543,41.076026916503906,0.1528,0.5107,1.1397,-0.3433,-0.3569,0.0000,enc,-0.0006
1786025184.301839,0.1024,10.07242202758789,37.4450798034668,0.1393,0.4653,1.1533,-0.3477,-0.3092,0.0000,enc,-0.0004
1786025184.403599,0.1018,11.275054931640625,40.83760452270508,0.1528,0.5025,1.1683,-0.3516,-0.2581,0.0000,enc,-0.0002
1786025184.505013,0.1014,13.724645614624023,34.95181655883789,0.1427,0.3608,1.1825,-0.3548,-0.2215,0.0000,enc,0.0000
1786025184.607994,0.1030,19.320703506469727,35.10007858276367,0.1596,0.2682,1.1986,-0.3579,-0.1939,0.0000,enc,0.0005
1786025184.709583,0.1016,16.630067825317383,32.330116271972656,0.1436,0.2669,1.2130,-0.3603,-0.1668,0.0000,enc,0.0008
1786025184.813351,0.1038,14.478778839111328,37.81145095825195,0.1533,0.3966,1.2288,-0.3622,-0.1256,0.0000,enc,0.0005
1786025184.914784,0.1014,11.529135704040527,36.27798843383789,0.1402,0.4207,1.2430,-0.3634,-0.0829,0.0000,enc,0.0003
1786025185.016754,0.1020,10.130827903747559,40.31682205200195,0.1479,0.5131,1.2580,-0.3638,-0.0306,0.0000,enc,0.0007
1786025185.118027,0.1013,10.602548599243164,40.86427307128906,0.1509,0.5144,1.2733,-0.3634,0.0215,0.0000,enc,0.0008
1786025185.217587,0.0996,11.604082107543945,36.13750457763672,0.1400,0.4170,1.2872,-0.3625,0.0630,0.0000,enc,-0.0001
1786025185.322526,0.1049,18.78894805908203,35.44887161254883,0.1590,0.2832,1.3038,-0.3609,0.0927,0.0000,enc,0.0006
1786025185.422085,0.0996,21.60142707824707,27.406261444091797,0.1437,0.0987,1.3180,-0.3593,0.1025,0.0000,enc,0.0013
1786025185.524032,0.1019,26.583749771118164,27.040559768676758,0.1572,0.0078,1.3340,-0.3577,0.1033,0.0000,enc,-0.0001
1786025185.628970,0.1049,24.83771324157715,23.064258575439453,0.1405,-0.0301,1.3487,-0.3562,0.1002,0.0000,enc,0.0002
1786025185.728375,0.0994,23.876480102539062,21.812509536743164,0.1340,-0.0351,1.3619,-0.3548,0.0967,0.0000,enc,0.0003
1786025185.830585,0.1022,15.02363109588623,13.007781028747559,0.0822,-0.0343,1.3703,-0.3541,0.0932,0.0000,enc,-0.0007
1786025185.935697,0.1051,4.995668411254883,5.156944751739502,0.0298,0.0027,1.3734,-0.3539,0.0935,0.0000,enc,-0.0009
1786025186.034821,0.0991,0.2505074441432953,0.16986197233200073,0.0012,-0.0014,1.3735,-0.3540,0.0933,0.0000,enc,-0.0010
1786025186.136877,0.1021,-0.0027268806006759405,-0.029606131836771965,-0.0001,-0.0005,1.3735,-0.3540,0.0933,0.0000,enc,0.0001
1786025186.242056,0.1052,0.0,0.0,0.0000,0.0000,1.3735,-0.3540,0.0933,0.0000,enc,0.0000
1786025186.341113,0.0991,0.0,0.0,0.0000,0.0000,1.3735,-0.3540,0.0933,0.0000,enc,0.0000
1786025186.443354,0.1022,0.029601015150547028,0.002726409351453185,0.0001,-0.0005,1.3735,-0.3540,0.0932,0.0000,enc,0.0001
1786025186.548473,0.1051,0.0,0.0,0.0000,0.0000,1.3735,-0.3540,0.0932,0.0000,enc,0.0000
1786025186.650466,0.1020,0.0,0.0,0.0000,0.0000,1.3735,-0.3540,0.0932,0.0000,enc,0.0000
1786025186.749528,0.0991,0.0,0.0,0.0000,0.0000,1.3735,-0.3540,0.0932,0.0000,enc,0.0000
1786025186.854946,0.1054,0.0,0.0,0.0000,0.0000,1.3735,-0.3540,0.0932,0.0000,enc,0.0000
1786025186.956960,0.1020,0.0,0.0,0.0000,0.0000,1.3735,-0.3540,0.0932,0.0000,enc,0.0000
1786025187.058986,0.1020,0.0,0.0,0.0000,0.0000,1.3735,-0.3540,0.0932,0.0000,enc,0.0000
1786025187.161526,0.1025,0.0,0.0,0.0000,0.0000,1.3735,-0.3540,0.0932,0.0000,enc,0.0000
1786025187.263843,0.1023,0.0,0.0,0.0000,0.0000,1.3735,-0.3540,0.0932,0.0000,enc,0.0000
1786025187.364870,0.1010,0.0,0.0,0.0000,0.0000,1.3735,-0.3540,0.0932,0.0000,enc,0.0000
1786025187.468903,0.1040,0.0,0.0,0.0000,0.0000,1.3735,-0.3540,0.0932,0.0000,enc,0.0000
1786025187.575927,0.1070,0.0,0.0,0.0000,0.0000,1.3735,-0.3540,0.0932,0.0000,enc,0.0000
1786025187.672775,0.0968,0.0,0.0,0.0000,0.0000,1.3735,-0.3540,0.0932,0.0000,enc,0.0000
1786025187.773677,0.1009,0.0,0.0,0.0000,0.0000,1.3735,-0.3540,0.0932,0.0000,enc,0.0000
1786025187.876618,0.1029,0.0,0.0,0.0000,0.0000,1.3735,-0.3540,0.0932,0.0000,enc,0.0000
1786025187.979208,0.1026,0.0,0.0,0.0000,0.0000,1.3735,-0.3540,0.0932,0.0000,enc,0.0000
1786025188.079888,0.1007,0.0,0.0,0.0000,0.0000,1.3735,-0.3540,0.0932,0.0000,enc,0.0000
1786025188.183606,0.1037,0.0,0.0,0.0000,0.0000,1.3735,-0.3540,0.0932,0.0000,enc,0.0000
1786025188.282651,0.0990,0.0,0.0,0.0000,0.0000,1.3735,-0.3540,0.0932,0.0000,enc,0.0000
1786025188.385932,0.1033,0.0,0.0,0.0000,0.0000,1.3735,-0.3540,0.0932,0.0000,enc,0.0000
1786025188.490902,0.1050,0.0,0.0,0.0000,0.0000,1.3735,-0.3540,0.0932,0.0000,enc,0.0000
1786025188.589425,0.0985,0.0,0.0,0.0000,0.0000,1.3735,-0.3540,0.0932,0.0000,enc,0.0000
1786025188.692522,0.1031,0.0,0.0,0.0000,0.0000,1.3735,-0.3540,0.0932,0.0000,enc,0.0000
1786025188.796906,0.1044,-0.029600393027067184,-0.0027263520751148462,-0.0001,0.0005,1.3735,-0.3540,0.0933,0.0000,enc,-0.0001
1786025188.898444,0.1015,-0.30384671688079834,0.20684950053691864,-0.0003,0.0087,1.3735,-0.3540,0.0942,0.0000,enc,0.0005
1786025188.998221,0.0998,-2.42539381980896,1.7140592336654663,-0.0021,0.0704,1.3733,-0.3539,0.1012,0.0000,enc,0.0008
1786025189.102772,0.1046,-5.0741868019104,4.169166564941406,-0.0027,0.1571,1.3730,-0.3540,0.1176,0.0000,enc,0.0000
1786025189.409642,0.3069,-6.263503074645996,5.779541969299316,-0.0014,0.2047,1.3726,-0.3541,0.1804,0.0000,enc,-0.0001
1786025189.411454,0.0018,-8.845813751220703,8.748876571655273,-0.0003,0.2991,1.3726,-0.3541,0.1810,0.0000,enc,-0.0009
1786025189.411489,0.0000,-9.383125305175781,9.350793838500977,-0.0001,0.3184,1.3726,-0.3541,0.1810,0.0000,enc,-0.0009
1786025189.511894,0.1004,-11.50394344329834,11.50394344329834,0.0000,0.3911,1.3726,-0.3541,0.2202,0.0000,enc,0.0000
1786025189.614274,0.1024,-12.714546203613281,12.067892074584961,-0.0019,0.4213,1.3724,-0.3543,0.2634,0.0000,enc,-0.0017
1786025189.716030,0.1018,-13.942434310913086,14.717144012451172,0.0023,0.4872,1.3726,-0.3540,0.3129,0.0000,enc,0.0021
1786025189.818308,0.1023,-15.494660377502441,15.26842975616455,-0.0007,0.5229,1.3725,-0.3540,0.3664,0.0000,enc,0.0005
1786025189.919705,0.1014,-14.207944869995117,14.369638442993164,0.0005,0.4858,1.3726,-0.3540,0.4157,0.0000,enc,0.0001
1786025190.023314,0.1036,-15.642268180847168,15.41777515411377,-0.0007,0.5280,1.3725,-0.3540,0.4704,0.0000,enc,0.0001
1786025190.263410,0.2401,-14.16290283203125,14.195237159729004,0.0001,0.4820,1.3725,-0.3539,0.5861,0.0000,enc,0.0003
1786025190.264193,0.0008,-15.337252616882324,15.466585159301758,0.0004,0.5236,1.3725,-0.3539,0.5865,0.0000,enc,0.0004
1786025190.326703,0.0625,-14.829805374145508,13.92467975616455,-0.0027,0.4888,1.3724,-0.3541,0.6171,0.0000,enc,-0.0021
1786025190.519498,0.1928,-14.354211807250977,15.315327644348145,0.0028,0.5043,1.3725,-0.3534,0.7143,0.0000,enc,0.0023
1786025190.532135,0.0126,-15.3707275390625,15.306102752685547,-0.0002,0.5214,1.3725,-0.3534,0.7209,0.0000,enc,0.0000
1786025190.764921,0.2328,-13.965481758117676,14.159543991088867,0.0006,0.4781,1.3726,-0.3533,0.8322,0.0000,enc,0.0002
1786025190.764959,0.0000,-15.321330070495605,15.25668716430664,-0.0002,0.5198,1.3726,-0.3533,0.8322,0.0000,enc,-0.0002
1786025190.838662,0.0737,-14.148816108703613,13.987188339233398,-0.0005,0.4783,1.3726,-0.3533,0.8675,0.0000,enc,0.0001
1786025191.013487,0.1748,-15.130979537963867,15.098884582519531,-0.0001,0.5138,1.3726,-0.3534,0.9573,0.0000,enc,-0.0003
1786025191.045591,0.0321,-15.697290420532227,13.757621765136719,-0.0057,0.5007,1.3725,-0.3535,0.9734,0.0000,enc,0.0000
1786025191.264823,0.2192,-13.763171195983887,15.63819694519043,0.0055,0.4998,1.3730,-0.3524,1.0829,0.0000,enc,0.0002
1786025191.264861,0.0000,-15.46584415435791,15.304214477539062,-0.0005,0.5230,1.3730,-0.3524,1.0829,0.0000,enc,0.0001
1786025191.352460,0.0876,-13.880730628967285,14.074735641479492,0.0006,0.4752,1.3731,-0.3524,1.1246,0.0000,enc,-0.0004
1786025191.519698,0.1672,-15.406656265258789,15.212803840637207,-0.0006,0.5205,1.3731,-0.3525,1.2116,0.0000,enc,-0.0004
1786025191.552906,0.0332,-13.928146362304688,14.122063636779785,0.0006,0.4768,1.3731,-0.3525,1.2275,0.0000,enc,0.0002
1786025191.773521,0.2206,-15.278169631958008,15.342790603637695,0.0002,0.5205,1.3731,-0.3525,1.3423,0.0000,enc,-0.0002
1786025191.773567,0.0000,-14.024435043334961,14.024435043334961,0.0000,0.4768,1.3731,-0.3525,1.3423,0.0000,enc,0.0004
1786025191.863140,0.0896,-15.304035186767578,15.46566390991211,0.0005,0.5230,1.3732,-0.3524,1.3891,0.0000,enc,-0.0003
1786025192.023228,0.1601,-15.64160442352295,13.702176094055176,-0.0057,0.4988,1.3731,-0.3533,1.4690,0.0000,enc,0.0000
1786025192.067872,0.0446,-13.70053768157959,15.672446250915527,0.0058,0.4993,1.3731,-0.3531,1.4913,0.0000,enc,-0.0003
1786025192.274203,0.2063,-15.316498756408691,15.122766494750977,-0.0006,0.5174,1.3731,-0.3532,1.5980,0.0000,enc,0.0000
1786025192.276539,0.0023,-14.079008102416992,14.111334800720215,0.0001,0.4792,1.3731,-0.3532,1.5992,0.0000,enc,0.0005
1786025192.523328,0.2468,-15.312241554260254,15.409235954284668,0.0003,0.5222,1.3731,-0.3531,1.7280,0.0000,enc,-0.0001
1786025192.523374,0.0000,-14.066423416137695,13.937112808227539,-0.0004,0.4760,1.3731,-0.3531,1.7281,0.0000,enc,0.0000
1786025192.580083,0.0567,-15.432509422302246,15.335537910461426,-0.0003,0.5230,1.3731,-0.3531,1.7577,0.0000,enc,-0.0001
1786025192.771862,0.1918,-14.013262748718262,13.883946418762207,-0.0004,0.4742,1.3732,-0.3532,1.8487,0.0000,enc,-0.0002
1786025192.778798,0.0069,-15.38259220123291,15.38259220123291,0.0000,0.5229,1.3732,-0.3532,1.8523,0.0000,enc,0.0002
1786025193.025624,0.2468,-15.283210754394531,14.41198444366455,-0.0026,0.5048,1.3740,-0.3535,1.9769,0.0000,enc,-0.0024
1786025193.025668,0.0000,-13.885913848876953,14.524701118469238,0.0019,0.4829,1.3740,-0.3535,1.9769,0.0000,enc,0.0026
1786025193.086648,0.0610,-15.255918502807617,15.417606353759766,0.0005,0.5214,1.3740,-0.3535,2.0087,0.0000,enc,0.0003
1786025193.273478,0.1868,-14.025055885314941,13.960441589355469,-0.0002,0.4757,1.3740,-0.3535,2.0976,0.0000,enc,-0.0002
1786025193.291878,0.0184,-15.276790618896484,15.47077465057373,0.0006,0.5226,1.3740,-0.3535,2.1072,0.0000,enc,-0.0002
1786025193.523879,0.2320,-14.696605682373047,13.79140853881836,-0.0027,0.4842,1.3748,-0.3537,2.2195,0.0000,enc,-0.0025
1786025193.523926,0.0000,-14.469073295593262,15.374632835388184,0.0027,0.5073,1.3748,-0.3537,2.2196,0.0000,enc,0.0028
1786025193.600736,0.0768,-15.005058288574219,14.261524200439453,-0.0022,0.4975,1.3751,-0.3537,2.2578,0.0000,enc,-0.0029
1786025193.773449,0.1727,-13.471586227416992,14.311954498291016,0.0025,0.4723,1.3745,-0.3537,2.3393,0.0000,enc,0.0025
1786025193.801134,0.0277,-14.442955017089844,14.636930465698242,0.0006,0.4943,1.3745,-0.3536,2.3530,0.0000,enc,0.0002
1786025194.026477,0.2253,-13.145630836486816,13.08098316192627,-0.0002,0.4458,1.3745,-0.3537,2.4535,0.0000,enc,0.0002
1786025194.026527,0.0001,-14.256983757019043,14.418622970581055,0.0005,0.4874,1.3745,-0.3537,2.4535,0.0000,enc,-0.0005
1786025194.107904,0.0814,-12.858563423156738,12.60013198852539,-0.0008,0.4327,1.3746,-0.3537,2.4887,0.0000,enc,-0.0002
1786025194.278017,0.1701,-14.02759075164795,13.898390769958496,-0.0004,0.4747,1.3746,-0.3538,2.5695,0.0000,enc,0.0004
1786025194.312577,0.0346,-12.240845680236816,12.402478218078613,0.0005,0.4189,1.3746,-0.3538,2.5839,0.0000,enc,-0.0007
1786025194.532815,0.2202,-13.375210762023926,13.116654396057129,-0.0008,0.4503,1.3747,-0.3539,2.6831,0.0000,enc,0.0002
1786025194.532887,0.0001,-12.4159517288208,12.4159517288208,0.0000,0.4221,1.3747,-0.3539,2.6831,0.0000,enc,0.0006
1786025194.621753,0.0889,-10.216766357421875,10.249032020568848,0.0001,0.3479,1.3747,-0.3539,2.7141,0.0000,enc,-0.0001
1786025194.794791,0.1730,-10.729297637939453,10.664637565612793,-0.0002,0.3637,1.3747,-0.3539,2.7770,0.0000,enc,0.0000
1786025194.823115,0.0283,-9.614251136779785,9.646564483642578,0.0001,0.3274,1.3747,-0.3539,2.7863,0.0000,enc,0.0005
1786025195.042707,0.2196,-9.614028930664062,10.681085586547852,0.0031,0.3450,1.3741,-0.3535,2.8620,0.0000,enc,-0.0009
1786025195.042753,0.0000,-4.973991394042969,11.992681503295898,0.0206,0.2884,1.3741,-0.3535,2.8620,0.0000,enc,0.0005
1786025195.131693,0.0889,2.2520830631256104,18.398630142211914,0.0606,0.2745,1.3689,-0.3523,2.8864,0.0000,enc,0.0012
1786025195.235847,0.1042,8.000933647155762,20.416215896606445,0.0833,0.2110,1.3604,-0.3504,2.9084,0.0000,enc,0.0010
1786025195.336656,0.1008,14.39225959777832,24.95536231994629,0.1154,0.1796,1.3490,-0.3480,2.9265,0.0000,enc,0.0007
1786025195.435287,0.0986,18.839523315429688,26.469558715820312,0.1329,0.1297,1.3362,-0.3453,2.9393,0.0000,enc,-0.0002
1786025195.540385,0.1051,20.203571319580078,24.743301391601562,0.1318,0.0772,1.3226,-0.3427,2.9474,0.0000,enc,0.0001
1786025195.639612,0.0992,25.014144897460938,27.29732322692871,0.1534,0.0388,1.3077,-0.3398,2.9513,0.0000,enc,-0.0001
1786025195.741840,0.1022,24.22418785095215,23.95537567138672,0.1413,-0.0046,1.2935,-0.3370,2.9508,0.0000,enc,-0.0002
1786025195.847546,0.1057,27.3882999420166,24.243661880493164,0.1514,-0.0535,1.2778,-0.3338,2.9451,0.0000,enc,-0.0007
1786025195.946747,0.0992,24.660411834716797,19.075071334838867,0.1282,-0.0949,1.2654,-0.3311,2.9357,0.0000,enc,-0.0009
1786025196.047990,0.1012,26.2670955657959,18.418170928955078,0.1310,-0.1334,1.2524,-0.3282,2.9222,0.0000,enc,-0.0006
1786025196.154395,0.1064,24.37569808959961,15.325592994689941,0.1164,-0.1538,1.2403,-0.3256,2.9059,0.0000,enc,0.0027
1786025196.252121,0.0977,24.236703872680664,16.763853073120117,0.1202,-0.1270,1.2290,-0.3223,2.8934,0.0000,enc,-0.0042
1786025196.354312,0.1022,25.48438262939453,18.494781494140625,0.1290,-0.1188,1.2163,-0.3189,2.8813,0.0000,enc,0.0000
1786025196.458897,0.1046,23.453004837036133,19.207937240600586,0.1251,-0.0722,1.2037,-0.3154,2.8738,0.0000,enc,0.0000
1786025196.558473,0.0996,26.38837432861328,24.29250717163086,0.1486,-0.0356,1.1894,-0.3115,2.8702,0.0000,enc,0.0006
1786025196.660912,0.1024,24.338184356689453,23.988832473754883,0.1417,-0.0059,1.1754,-0.3076,2.8696,0.0000,enc,-0.0007
1786025196.764905,0.1040,27.398582458496094,27.55983543395996,0.1611,0.0027,1.1593,-0.3030,2.8699,0.0000,enc,-0.0004
1786025196.868943,0.1040,24.905424118041992,25.253131866455078,0.1471,0.0059,1.1446,-0.2989,2.8705,0.0000,enc,0.0001
1786025196.967574,0.0986,27.29341697692871,27.534582138061523,0.1608,0.0041,1.1293,-0.2947,2.8709,0.0000,enc,0.0003
1786025197.072951,0.1054,27.10394859313965,26.16404151916504,0.1562,-0.0160,1.1135,-0.2900,2.8692,0.0000,enc,-0.0027
1786025197.175476,0.1025,24.691429138183594,25.765594482421875,0.1479,0.0183,1.0988,-0.2864,2.8711,0.0000,enc,0.0042
1786025197.277513,0.1020,27.061016082763672,27.034135818481445,0.1586,-0.0005,1.0832,-0.2821,2.8710,0.0000,enc,0.0009
1786025197.379243,0.1017,24.363319396972656,24.417030334472656,0.1430,0.0009,1.0691,-0.2783,2.8711,0.0000,enc,0.0008
1786025197.481081,0.1018,26.957138061523438,26.957138061523438,0.1581,0.0000,1.0536,-0.2740,2.8711,0.0000,enc,0.0000
1786025197.582639,0.1016,24.57191276550293,24.54503059387207,0.1440,-0.0005,1.0395,-0.2701,2.8711,0.0000,enc,-0.0001
1786025197.685304,0.1027,26.903301239013672,27.010784149169922,0.1581,0.0018,1.0239,-0.2658,2.8713,0.0000,enc,0.0000
1786025197.786827,0.1015,24.59669303894043,24.54294204711914,0.1441,-0.0009,1.0098,-0.2619,2.8712,0.0000,enc,0.0000
1786025197.889944,0.1031,26.942644119262695,26.942644119262695,0.1580,0.0000,0.9941,-0.2575,2.8712,0.0000,enc,0.0002
1786025197.989940,0.1000,26.943748474121094,26.916887283325195,0.1579,-0.0005,0.9788,-0.2533,2.8711,0.0000,enc,0.0003
1786025198.094495,0.1046,24.6733341217041,24.700214385986328,0.1448,0.0005,0.9643,-0.2493,2.8712,0.0000,enc,-0.0003
1786025198.193642,0.0991,27.03493881225586,27.16929054260254,0.1589,0.0023,0.9491,-0.2451,2.8714,0.0000,enc,0.0001
1786025198.296212,0.1026,24.44718360900879,24.44718360900879,0.1434,0.0000,0.9349,-0.2411,2.8714,0.0000,enc,-0.0002
1786025198.401025,0.1048,27.006742477416992,27.006742477416992,0.1584,0.0000,0.9189,-0.2367,2.8714,0.0000,enc,0.0000
1786025198.502349,0.1013,31.852052688598633,24.90465545654297,0.1664,-0.1181,0.9020,-0.2344,2.8594,0.0000,enc,0.0247
1786025198.601931,0.0996,18.75886344909668,25.50564956665039,0.1298,0.1147,0.8902,-0.2286,2.8709,0.0000,enc,-0.0246
1786025198.707010,0.1051,25.735342025756836,23.799989700317383,0.1452,-0.0329,0.8755,-0.2246,2.8674,0.0000,enc,0.0009
1786025198.806239,0.0992,23.562721252441406,25.41721534729004,0.1436,0.0315,0.8618,-0.2208,2.8705,0.0000,enc,0.0001
1786025198.908772,0.1025,25.31886100769043,25.31886100769043,0.1485,0.0000,0.8471,-0.2166,2.8705,0.0000,enc,-0.0004
1786025199.013804,0.1050,17.197053909301758,17.250680923461914,0.1010,0.0009,0.8369,-0.2137,2.8706,0.0000,enc,-0.0011
1786025199.113701,0.0999,3.0603926181793213,2.952887535095215,0.0176,-0.0018,0.8353,-0.2131,2.8705,0.0000,enc,-0.0011
1786025199.215748,0.1020,-6.592140197753906,-6.752923965454102,-0.0391,-0.0027,0.8391,-0.2141,2.8702,0.0000,enc,-0.0008
1786025199.320714,0.1050,-12.478690147399902,-12.45180892944336,-0.0731,0.0005,0.8465,-0.2161,2.8702,0.0000,enc,-0.0007
1786025199.419563,0.0988,-14.15674877166748,-13.51184368133545,-0.0811,0.0110,0.8543,-0.2180,2.8713,0.0000,enc,-0.0021
1786025199.525211,0.1056,-14.54959774017334,-15.248146057128906,-0.0874,-0.0119,0.8632,-0.2207,2.8701,0.0000,enc,0.0017
1786025199.627244,0.1020,-14.594273567199707,-14.540569305419922,-0.0854,0.0009,0.8716,-0.2229,2.8701,0.0000,enc,-0.0011
1786025199.728956,0.1017,-12.764147758483887,-12.710397720336914,-0.0747,0.0009,0.8789,-0.2249,2.8702,0.0000,enc,0.0000
1786025199.831836,0.1029,-13.506019592285156,-13.747908592224121,-0.0799,-0.0041,0.8868,-0.2271,2.8698,0.0000,enc,-0.0007
1786025199.933342,0.1015,-12.154337882995605,-12.07387924194336,-0.0710,0.0014,0.8938,-0.2290,2.8700,0.0000,enc,-0.0007
1786025200.035548,0.1022,-13.482721328735352,-13.240950584411621,-0.0784,0.0041,0.9015,-0.2311,2.8704,0.0000,enc,-0.0003
1786025200.137503,0.1020,-12.260324478149414,-12.314085006713867,-0.0721,-0.0009,0.9086,-0.2330,2.8703,0.0000,enc,0.0000
1786025200.240639,0.1031,-13.482803344726562,-13.482803344726562,-0.0791,0.0000,0.9165,-0.2352,2.8703,0.0000,enc,0.0000
1786025200.341214,0.1006,-13.440591812133789,-12.365250587463379,-0.0757,0.0183,0.9238,-0.2372,2.8721,0.0000,enc,-0.0004
1786025200.444864,0.1036,-12.463778495788574,-13.589609146118164,-0.0764,-0.0191,0.9314,-0.2394,2.8701,0.0000,enc,0.0006
1786025200.543335,0.0985,-13.40347671508789,-13.591157913208008,-0.0792,-0.0032,0.9389,-0.2415,2.8698,0.0000,enc,-0.0001
1786025200.649050,0.1057,-12.158604621887207,-12.158604621887207,-0.0713,0.0000,0.9462,-0.2434,2.8698,0.0000,enc,-0.0006
1786025200.781765,0.1327,-13.570859909057617,-13.490227699279785,-0.0793,0.0014,0.9563,-0.2463,2.8700,0.0000,enc,0.0003
1786025200.849420,0.0677,-12.17978286743164,-12.475275039672852,-0.0723,-0.0050,0.9611,-0.2476,2.8697,0.0000,enc,-0.0001
1786025200.983972,0.1346,-13.427391052246094,-13.293732643127441,-0.0784,0.0023,0.9712,-0.2504,2.8700,0.0000,enc,-0.0001
1786025201.087248,0.1033,-13.59842300415039,-12.980915069580078,-0.0779,0.0105,0.9789,-0.2528,2.8711,0.0000,enc,0.0026
1786025201.185102,0.0979,-12.3237943649292,-12.99585247039795,-0.0742,-0.0114,0.9859,-0.2546,2.8699,0.0000,enc,-0.0016
1786025201.273862,0.0888,-13.405604362487793,-13.324993133544922,-0.0784,0.0014,0.9927,-0.2564,2.8701,0.0000,enc,-0.0010
1786025201.360785,0.0869,-12.26191234588623,-12.127635955810547,-0.0715,0.0023,0.9987,-0.2581,2.8703,0.0000,enc,-0.0001
1786025201.462921,0.1021,-13.526684761047363,-13.661060333251953,-0.0797,-0.0023,1.0065,-0.2603,2.8700,0.0000,enc,0.0005
1786025201.568444,0.1055,-8.313572883605957,-10.571773529052734,-0.0554,-0.0384,1.0121,-0.2619,2.8660,0.0000,enc,0.0006
1786025201.669907,0.1015,1.405013918876648,-9.623799324035645,-0.0241,-0.1875,1.0144,-0.2627,2.8470,0.0000,enc,0.0008
1786025201.770483,0.1006,9.385293006896973,-10.60010051727295,-0.0036,-0.3397,1.0147,-0.2631,2.8128,0.0000,enc,0.0032
1786025201.875842,0.1054,12.714550971984863,-12.90717887878418,-0.0006,-0.4355,1.0148,-0.2630,2.7669,0.0000,enc,-0.0015
1786025201.978927,0.1031,16.06595802307129,-14.771228790283203,0.0038,-0.5242,1.0144,-0.2629,2.7129,0.0000,enc,0.0000
1786025202.080700,0.1018,15.171761512756348,-14.395760536193848,0.0023,-0.5026,1.0142,-0.2627,2.6617,0.0000,enc,-0.0004
1786025202.182552,0.1019,16.263235092163086,-15.715995788574219,0.0016,-0.5436,1.0141,-0.2626,2.6063,0.0000,enc,-0.0003
1786025202.284475,0.1019,15.141505241394043,-14.204888343811035,0.0027,-0.4988,1.0137,-0.2627,2.5555,0.0000,enc,0.0024
1786025202.387143,0.1027,14.793807983398438,-15.602010726928711,-0.0024,-0.5167,1.0141,-0.2626,2.5025,0.0000,enc,-0.0029
1786025202.489939,0.1028,15.20334529876709,-15.30033016204834,-0.0003,-0.5185,1.0141,-0.2626,2.4492,0.0000,enc,-0.0003
1786025202.590472,0.1005,14.027226448059082,-14.05955696105957,-0.0001,-0.4774,1.0142,-0.2625,2.4012,0.0000,enc,-0.0005
1786025202.692428,0.1020,15.331323623657227,-15.234312057495117,0.0003,-0.5196,1.0141,-0.2625,2.3482,0.0000,enc,0.0005
1786025202.794847,0.1024,13.965800285339355,-14.062777519226074,-0.0003,-0.4764,1.0141,-0.2626,2.2994,0.0000,enc,0.0003
1786025202.899917,0.1051,15.346185684204102,-15.378520965576172,-0.0001,-0.5223,1.0141,-0.2626,2.2445,0.0000,enc,0.0001
1786025202.999858,0.0999,13.912514686584473,-14.074211120605469,-0.0005,-0.4757,1.0141,-0.2626,2.1970,0.0000,enc,0.0001
1786025203.101933,0.1021,13.677055358886719,-13.709383964538574,-0.0001,-0.4655,1.0141,-0.2627,2.1495,0.0000,enc,0.0007
1786025203.206151,0.1042,7.881223201751709,-7.268398761749268,0.0018,-0.2575,1.0140,-0.2626,2.1226,0.0000,enc,0.0005
1786025203.305855,0.0997,2.2402899265289307,-2.757429599761963,-0.0015,-0.0850,1.0140,-0.2627,2.1142,0.0000,enc,0.0008
1786025203.404972,0.0991,0.16401733458042145,-0.13168136775493622,0.0001,-0.0050,1.0139,-0.2627,2.1137,0.0000,enc,0.0005
1786025203.514080,0.1091,0.0,0.0,0.0000,0.0000,1.0139,-0.2627,2.1137,0.0000,enc,0.0000
1786025203.610581,0.0965,0.0,0.0,0.0000,0.0000,1.0139,-0.2627,2.1137,0.0000,enc,0.0000
1786025203.714090,0.1035,0.0,0.0,0.0000,0.0000,1.0139,-0.2627,2.1137,0.0000,enc,0.0000
1786025203.817422,0.1033,0.0,0.0,0.0000,0.0000,1.0139,-0.2627,2.1137,0.0000,enc,0.0000
1786025203.916721,0.0993,0.0,0.0,0.0000,0.0000,1.0139,-0.2627,2.1137,0.0000,enc,0.0000
1786025204.018865,0.1021,0.0,0.0,0.0000,0.0000,1.0139,-0.2627,2.1137,0.0000,enc,0.0000
1786025204.122462,0.1036,0.0,0.0,0.0000,0.0000,1.0139,-0.2627,2.1137,0.0000,enc,0.0000
1786025204.224000,0.1015,0.0,0.0,0.0000,0.0000,1.0139,-0.2627,2.1137,0.0000,enc,0.0000
1786025204.325665,0.1017,0.0,0.0,0.0000,0.0000,1.0139,-0.2627,2.1137,0.0000,enc,0.0000
1786025204.431050,0.1054,0.0,0.0,0.0000,0.0000,1.0139,-0.2627,2.1137,0.0000,enc,0.0000
1786025204.528128,0.0971,0.0,0.0,0.0000,0.0000,1.0139,-0.2627,2.1137,0.0000,enc,0.0000
1786025204.630612,0.1025,0.0,0.0,0.0000,0.0000,1.0139,-0.2627,2.1137,0.0000,enc,0.0000
1786025204.737949,0.1073,0.0,0.0,0.0000,0.0000,1.0139,-0.2627,2.1137,0.0000,enc,0.0000
1786025204.838783,0.1008,0.0,0.0,0.0000,0.0000,1.0139,-0.2627,2.1137,0.0000,enc,0.0000
1786025204.940750,0.1020,0.0,0.0,0.0000,0.0000,1.0139,-0.2627,2.1137,0.0000,enc,0.0000
1786025205.041516,0.1008,0.0,0.0,0.0000,0.0000,1.0139,-0.2627,2.1137,0.0000,enc,0.0000
1786025205.273328,0.2318,0.0,0.0,0.0000,0.0000,1.0139,-0.2627,2.1137,0.0000,enc,0.0000
1786025205.273439,0.0001,0.0,0.0,0.0000,0.0000,1.0139,-0.2627,2.1137,0.0000,enc,0.0000
1786025205.632808,0.3594,0.0,0.0,0.0000,0.0000,1.0139,-0.2627,2.1137,0.0000,enc,0.0000
1786025205.632853,0.0000,0.0,0.0,0.0000,0.0000,1.0139,-0.2627,2.1137,0.0000,enc,0.0000
1786025205.632867,0.0000,0.0,0.0,0.0000,0.0000,1.0139,-0.2627,2.1137,0.0000,enc,0.0000
1786025205.769366,0.1365,0.0,0.0,0.0000,0.0000,1.0139,-0.2627,2.1137,0.0000,enc,0.0000
1786025205.770088,0.0007,0.0,0.0,0.0000,0.0000,1.0139,-0.2627,2.1137,0.0000,enc,0.0000
1786025205.860126,0.0900,0.0,0.0,0.0000,0.0000,1.0139,-0.2627,2.1137,0.0000,enc,0.0000
1786025206.024742,0.1646,0.0,0.0,0.0000,0.0000,1.0139,-0.2627,2.1137,0.0000,enc,0.0000
1786025206.065008,0.0403,0.0,0.0,0.0000,0.0000,1.0139,-0.2627,2.1137,0.0000,enc,0.0000
1786025206.271577,0.2066,0.0,0.0,0.0000,0.0000,1.0139,-0.2627,2.1137,0.0000,enc,0.0000
1786025206.272798,0.0012,0.0,0.0,0.0000,0.0000,1.0139,-0.2627,2.1137,0.0000,enc,0.0000
1786025206.525429,0.2526,0.0,0.0,0.0000,0.0000,1.0139,-0.2627,2.1137,0.0000,enc,0.0000
1786025206.525471,0.0000,0.0,0.0,0.0000,0.0000,1.0139,-0.2627,2.1137,0.0000,enc,0.0000
1786025206.572508,0.0470,0.0,0.0,0.0000,0.0000,1.0139,-0.2627,2.1137,0.0000,enc,0.0000
1786025206.777038,0.2045,0.0,0.0,0.0000,0.0000,1.0139,-0.2627,2.1137,0.0000,enc,0.0000
1786025206.780143,0.0031,0.0,0.0,0.0000,0.0000,1.0139,-0.2627,2.1137,0.0000,enc,0.0000
1786025207.024977,0.2448,0.0,0.0,0.0000,0.0000,1.0139,-0.2627,2.1137,0.0000,enc,0.0000
1786025207.025912,0.0009,0.0,0.0,0.0000,0.0000,1.0139,-0.2627,2.1137,0.0000,enc,0.0000
1786025207.082813,0.0569,0.0,0.0,0.0000,0.0000,1.0139,-0.2627,2.1137,0.0000,enc,0.0000
1786025207.276897,0.1941,0.0,0.0,0.0000,0.0000,1.0139,-0.2627,2.1137,0.0000,enc,0.0000
1786025207.287304,0.0104,0.0,0.0,0.0000,0.0000,1.0139,-0.2627,2.1137,0.0000,enc,0.0000
1786025207.525469,0.2382,0.0,0.0,0.0000,0.0000,1.0139,-0.2627,2.1137,0.0000,enc,0.0000
1786025207.526556,0.0011,0.0,0.0,0.0000,0.0000,1.0139,-0.2627,2.1137,0.0000,enc,0.0000
1786025207.597812,0.0713,0.0,0.0,0.0000,0.0000,1.0139,-0.2627,2.1137,0.0000,enc,0.0000
1786025207.774639,0.1768,0.0,0.0,0.0000,0.0000,1.0139,-0.2627,2.1137,0.0000,enc,0.0000
1786025207.799055,0.0244,0.0,0.0,0.0000,0.0000,1.0139,-0.2627,2.1137,0.0000,enc,0.0000
1786025208.025842,0.2268,0.0,0.0,0.0000,0.0000,1.0139,-0.2627,2.1137,0.0000,enc,0.0000
1786025208.026102,0.0003,0.0,0.0,0.0000,0.0000,1.0139,-0.2627,2.1137,0.0000,enc,0.0000
1786025208.109139,0.0830,0.0,0.0,0.0000,0.0000,1.0139,-0.2627,2.1137,0.0000,enc,0.0000
1786025208.276251,0.1671,0.0,0.0,0.0000,0.0000,1.0139,-0.2627,2.1137,0.0000,enc,0.0000
1786025208.312507,0.0363,0.0,0.0,0.0000,0.0000,1.0139,-0.2627,2.1137,0.0000,enc,0.0000
1786025208.527874,0.2154,0.0,0.0,0.0000,0.0000,1.0139,-0.2627,2.1137,0.0000,enc,0.0000
1786025208.528789,0.0009,0.0,0.0,0.0000,0.0000,1.0139,-0.2627,2.1137,0.0000,enc,0.0000
1786025208.619953,0.0912,0.0,0.0,0.0000,0.0000,1.0139,-0.2627,2.1137,0.0000,enc,0.0000
1786025208.777479,0.1575,0.0,0.0,0.0000,0.0000,1.0139,-0.2627,2.1137,0.0000,enc,0.0000
1786025208.821930,0.0445,0.0,0.0,0.0000,0.0000,1.0139,-0.2627,2.1137,0.0000,enc,0.0000
1786025209.029304,0.2074,0.0,0.0,0.0000,0.0000,1.0139,-0.2627,2.1137,0.0000,enc,0.0000
1786025209.029339,0.0000,0.0,0.0,0.0000,0.0000,1.0139,-0.2627,2.1137,0.0000,enc,0.0000
1786025209.129452,0.1001,0.0,0.0,0.0000,0.0000,1.0139,-0.2627,2.1137,0.0000,enc,0.0000
1786025209.282640,0.1532,0.0,0.0,0.0000,0.0000,1.0139,-0.2627,2.1137,0.0000,enc,0.0000
1786025209.335470,0.0528,0.0,0.0,0.0000,0.0000,1.0139,-0.2627,2.1137,0.0000,enc,0.0000
1786025209.539000,0.2035,0.0,0.0,0.0000,0.0000,1.0139,-0.2627,2.1137,0.0000,enc,0.0000
1786025209.540552,0.0016,0.0,0.0,0.0000,0.0000,1.0139,-0.2627,2.1137,0.0000,enc,0.0000
1786025209.793936,0.2534,0.0,0.0,0.0000,0.0000,1.0139,-0.2627,2.1137,0.0000,enc,0.0000
1786025209.793981,0.0000,0.0,0.0,0.0000,0.0000,1.0139,-0.2627,2.1137,0.0000,enc,0.0000
1786025209.846640,0.0527,0.0,0.0,0.0000,0.0000,1.0139,-0.2627,2.1137,0.0000,enc,0.0000
1786025210.050587,0.2039,0.0,0.0,0.0000,0.0000,1.0139,-0.2627,2.1137,0.0000,enc,0.0000
1786025210.051271,0.0007,0.0,0.0,0.0000,0.0000,1.0139,-0.2627,2.1137,0.0000,enc,0.0000
1786025210.152296,0.1010,0.0,0.0,0.0000,0.0000,1.0139,-0.2627,2.1137,0.0000,enc,0.0000
1786025210.255938,0.1036,0.0,0.0,0.0000,0.0000,1.0139,-0.2627,2.1137,0.0000,enc,0.0000
1786025210.358402,0.1025,0.0,0.0,0.0000,0.0000,1.0139,-0.2627,2.1137,0.0000,enc,0.0000
1786025210.460059,0.1017,0.0,0.0,0.0000,0.0000,1.0139,-0.2627,2.1137,0.0000,enc,0.0000
1786025210.561935,0.1019,0.0,0.0,0.0000,0.0000,1.0139,-0.2627,2.1137,0.0000,enc,0.0000
1786025210.663958,0.1020,0.0,0.0,0.0000,0.0000,1.0139,-0.2627,2.1137,0.0000,enc,0.0000
1786025210.768947,0.1050,0.0,0.0,0.0000,0.0000,1.0139,-0.2627,2.1137,0.0000,enc,0.0000
1786025210.866362,0.0974,0.0,0.0,0.0000,0.0000,1.0139,-0.2627,2.1137,0.0000,enc,0.0000
1786025210.968946,0.1026,0.0,0.0,0.0000,0.0000,1.0139,-0.2627,2.1137,0.0000,enc,0.0000
1786025211.071002,0.1021,0.0,0.0,0.0000,0.0000,1.0139,-0.2627,2.1137,0.0000,enc,0.0000
1786025211.176799,0.1058,0.0,0.0,0.0000,0.0000,1.0139,-0.2627,2.1137,0.0000,enc,0.0000
1786025211.275505,0.0987,0.0,0.0,0.0000,0.0000,1.0139,-0.2627,2.1137,0.0000,enc,0.0000
1786025211.376334,0.1008,0.0,0.0,0.0000,0.0000,1.0139,-0.2627,2.1137,0.0000,enc,0.0000
1786025211.483982,0.1076,0.0,0.0,0.0000,0.0000,1.0139,-0.2627,2.1137,0.0000,enc,0.0000
1786025211.603941,0.1200,0.0,0.0,0.0000,0.0000,1.0139,-0.2627,2.1137,0.0000,enc,0.0000
1786025211.683290,0.0793,0.0,0.0,0.0000,0.0000,1.0139,-0.2627,2.1137,0.0000,enc,0.0000
1786025211.792839,0.1095,0.0,0.0,0.0000,0.0000,1.0139,-0.2627,2.1137,0.0000,enc,0.0000
1786025211.892900,0.1001,0.0,0.0,0.0000,0.0000,1.0139,-0.2627,2.1137,0.0000,enc,0.0000
1786025211.993417,0.1005,0.0,0.0,0.0000,0.0000,1.0139,-0.2627,2.1137,0.0000,enc,0.0000
1786025212.093383,0.1000,0.0,0.0,0.0000,0.0000,1.0139,-0.2627,2.1137,0.0000,enc,0.0000
1786025212.201747,0.1084,0.0,0.0,0.0000,0.0000,1.0139,-0.2627,2.1137,0.0000,enc,0.0000
1786025212.294917,0.0932,0.0,0.0,0.0000,0.0000,1.0139,-0.2627,2.1137,0.0000,enc,0.0000
1786025212.400303,0.1054,0.0,0.0,0.0000,0.0000,1.0139,-0.2627,2.1137,0.0000,enc,0.0000
1786025212.507526,0.1072,0.0,0.0,0.0000,0.0000,1.0139,-0.2627,2.1137,0.0000,enc,0.0000
1786025212.607194,0.0997,0.0,0.0,0.0000,0.0000,1.0139,-0.2627,2.1137,0.0000,enc,0.0000
1786025212.705451,0.0983,0.0,0.0,0.0000,0.0000,1.0139,-0.2627,2.1137,0.0000,enc,0.0000
1786025212.807478,0.1020,0.0,0.0,0.0000,0.0000,1.0139,-0.2627,2.1137,0.0000,enc,0.0000
1786025212.917417,0.1099,0.0,0.0,0.0000,0.0000,1.0139,-0.2627,2.1137,0.0000,enc,0.0000
1786025213.011884,0.0945,0.0,0.0,0.0000,0.0000,1.0139,-0.2627,2.1137,0.0000,enc,0.0000
1786025213.114981,0.1031,0.0,0.0,0.0000,0.0000,1.0139,-0.2627,2.1137,0.0000,enc,0.0000
1786025213.223805,0.1088,0.0,0.0,0.0000,0.0000,1.0139,-0.2627,2.1137,0.0000,enc,0.0000
1786025213.318847,0.0950,0.0,0.0,0.0000,0.0000,1.0139,-0.2627,2.1137,0.0000,enc,0.0000
1786025213.424414,0.1056,0.0,0.0,0.0000,0.0000,1.0139,-0.2627,2.1137,0.0000,enc,0.0000
1786025213.523923,0.0995,0.0,0.0,0.0000,0.0000,1.0139,-0.2627,2.1137,0.0000,enc,0.0000
1786025213.625207,0.1013,0.0,0.0,0.0000,0.0000,1.0139,-0.2627,2.1137,0.0000,enc,0.0000
1786025213.734026,0.1088,0.0,0.0,0.0000,0.0000,1.0139,-0.2627,2.1137,0.0000,enc,0.0000
1786025213.831487,0.0975,0.0,0.0,0.0000,0.0000,1.0139,-0.2627,2.1137,0.0000,enc,0.0000
1786025213.933574,0.1021,0.0,0.0,0.0000,0.0000,1.0139,-0.2627,2.1137,0.0000,enc,0.0000
1786025214.040859,0.1073,0.0,0.0,0.0000,0.0000,1.0139,-0.2627,2.1137,0.0000,enc,0.0000
1786025214.141445,0.1006,0.0,0.0,0.0000,0.0000,1.0139,-0.2627,2.1137,0.0000,enc,0.0000
1786025214.245630,0.1042,0.0,0.0,0.0000,0.0000,1.0139,-0.2627,2.1137,0.0000,enc,0.0000
1786025214.350787,0.1052,0.0,0.0,0.0000,0.0000,1.0139,-0.2627,2.1137,0.0000,enc,0.0000
1786025214.450186,0.0994,0.0,0.0,0.0000,0.0000,1.0139,-0.2627,2.1137,0.0000,enc,0.0000
1786025214.547946,0.0978,0.0,0.0,0.0000,0.0000,1.0139,-0.2627,2.1137,0.0000,enc,0.0000
1786025214.653146,0.1052,0.0,0.0,0.0000,0.0000,1.0139,-0.2627,2.1137,0.0000,enc,0.0000
1786025214.758209,0.1051,0.0,0.0,0.0000,0.0000,1.0139,-0.2627,2.1137,0.0000,enc,0.0000
1786025214.859807,0.1016,0.0,0.0,0.0000,0.0000,1.0139,-0.2627,2.1137,0.0000,enc,0.0000
1786025214.962958,0.1032,0.0,0.0,0.0000,0.0000,1.0139,-0.2627,2.1137,0.0000,enc,0.0000
1786025215.065387,0.1024,0.0,0.0,0.0000,0.0000,1.0139,-0.2627,2.1137,0.0000,enc,0.0000
1786025215.165273,0.0999,0.0,0.0,0.0000,0.0000,1.0139,-0.2627,2.1137,0.0000,enc,0.0000
1786025215.273913,0.1086,0.0,0.0,0.0000,0.0000,1.0139,-0.2627,2.1137,0.0000,enc,0.0000
1786025215.370245,0.0963,0.0,0.0,0.0000,0.0000,1.0139,-0.2627,2.1137,0.0000,enc,0.0000
1786025215.472587,0.1023,0.0,0.0,0.0000,0.0000,1.0139,-0.2627,2.1137,0.0000,enc,0.0000
1786025215.571774,0.0992,0.0,0.0,0.0000,0.0000,1.0139,-0.2627,2.1137,0.0000,enc,0.0000
1786025215.679434,0.1077,0.0,0.0,0.0000,0.0000,1.0139,-0.2627,2.1137,0.0000,enc,0.0000
1786025215.781970,0.1025,0.0,0.0,0.0000,0.0000,1.0139,-0.2627,2.1137,0.0000,enc,0.0000
1786025215.876995,0.0950,0.0,0.0,0.0000,0.0000,1.0139,-0.2627,2.1137,0.0000,enc,0.0000
1786025215.982258,0.1053,0.0,0.0,0.0000,0.0000,1.0139,-0.2627,2.1137,0.0000,enc,0.0000
1786025216.081101,0.0988,0.0,0.0,0.0000,0.0000,1.0139,-0.2627,2.1137,0.0000,enc,0.0000
1786025216.183665,0.1026,0.0,0.0,0.0000,0.0000,1.0139,-0.2627,2.1137,0.0000,enc,0.0000
1786025216.288218,0.1046,0.0,0.0,0.0000,0.0000,1.0139,-0.2627,2.1137,0.0000,enc,0.0000
1786025216.387598,0.0994,0.0,0.0,0.0000,0.0000,1.0139,-0.2627,2.1137,0.0000,enc,0.0000
1786025216.489467,0.1019,0.0,0.0,0.0000,0.0000,1.0139,-0.2627,2.1137,0.0000,enc,0.0000
1786025216.595680,0.1062,0.0,0.0,0.0000,0.0000,1.0139,-0.2627,2.1137,0.0000,enc,0.0000
1786025216.695740,0.1001,0.0,0.0,0.0000,0.0000,1.0139,-0.2627,2.1137,0.0000,enc,0.0000
1786025216.797297,0.1016,0.0,0.0,0.0000,0.0000,1.0139,-0.2627,2.1137,0.0000,enc,0.0000
1786025216.930207,0.1329,0.0,0.0,0.0000,0.0000,1.0139,-0.2627,2.1137,0.0000,enc,0.0000
1786025217.010702,0.0805,0.0,0.0,0.0000,0.0000,1.0139,-0.2627,2.1137,0.0000,enc,0.0000
1786025217.108608,0.0979,0.0,0.0,0.0000,0.0000,1.0139,-0.2627,2.1137,0.0000,enc,0.0000
1786025217.220190,0.1116,0.0,0.0,0.0000,0.0000,1.0139,-0.2627,2.1137,0.0000,enc,0.0000
1786025217.339175,0.1190,0.0,0.0,0.0000,0.0000,1.0139,-0.2627,2.1137,0.0000,enc,0.0000
1786025217.408740,0.0696,0.0,0.0,0.0000,0.0000,1.0139,-0.2627,2.1137,0.0000,enc,0.0000
1786025217.514693,0.1060,0.0,0.0,0.0000,0.0000,1.0139,-0.2627,2.1137,0.0000,enc,0.0000
1786025217.615873,0.1012,0.0,0.0,0.0000,0.0000,1.0139,-0.2627,2.1137,0.0000,enc,0.0000
1786025217.750475,0.1346,0.0,0.0,0.0000,0.0000,1.0139,-0.2627,2.1137,0.0000,enc,0.0000
1786025217.820971,0.0705,0.0,0.0,0.0000,0.0000,1.0139,-0.2627,2.1137,0.0000,enc,0.0000
1786025217.923036,0.1021,0.0,0.0,0.0000,0.0000,1.0139,-0.2627,2.1137,0.0000,enc,0.0000
1786025218.035116,0.1121,0.0,0.0,0.0000,0.0000,1.0139,-0.2627,2.1137,0.0000,enc,0.0000
1786025218.129054,0.0939,0.0,0.0,0.0000,0.0000,1.0139,-0.2627,2.1137,0.0000,enc,0.0000
1786025218.232570,0.1035,0.0,0.0,0.0000,0.0000,1.0139,-0.2627,2.1137,0.0000,enc,0.0000
1786025218.349455,0.1169,0.0,0.0,0.0000,0.0000,1.0139,-0.2627,2.1137,0.0000,enc,0.0000
1786025218.436223,0.0868,0.0,0.0,0.0000,0.0000,1.0139,-0.2627,2.1137,0.0000,enc,0.0000
1786025218.535455,0.0992,0.0,0.0,0.0000,0.0000,1.0139,-0.2627,2.1137,0.0000,enc,0.0000
1786025218.634380,0.0989,0.0,0.0,0.0000,0.0000,1.0139,-0.2627,2.1137,0.0000,enc,0.0000
1786025218.736931,0.1026,0.0,0.0,0.0000,0.0000,1.0139,-0.2627,2.1137,0.0000,enc,0.0000
1786025218.842055,0.1051,0.0,0.0,0.0000,0.0000,1.0139,-0.2627,2.1137,0.0000,enc,0.0000
1786025218.940733,0.0987,0.0,0.0,0.0000,0.0000,1.0139,-0.2627,2.1137,0.0000,enc,0.0000
1786025219.042897,0.1022,0.0,0.0,0.0000,0.0000,1.0139,-0.2627,2.1137,0.0000,enc,0.0000
1786025219.149285,0.1064,0.0,0.0,0.0000,0.0000,1.0139,-0.2627,2.1137,0.0000,enc,0.0000
1786025219.247934,0.0986,0.0,0.0,0.0000,0.0000,1.0139,-0.2627,2.1137,0.0000,enc,0.0000
1786025219.350455,0.1025,0.0,0.0,0.0000,0.0000,1.0139,-0.2627,2.1137,0.0000,enc,0.0000
1786025219.457931,0.1075,0.0,0.0,0.0000,0.0000,1.0139,-0.2627,2.1137,0.0000,enc,0.0000
1786025219.554209,0.0963,0.0,0.0,0.0000,0.0000,1.0139,-0.2627,2.1137,0.0000,enc,0.0000
1786025219.656242,0.1020,0.0,0.0,0.0000,0.0000,1.0139,-0.2627,2.1137,0.0000,enc,0.0000
1786025219.761246,0.1050,0.0,0.0,0.0000,0.0000,1.0139,-0.2627,2.1137,0.0000,enc,0.0000
1786025219.864363,0.1031,0.0,0.0,0.0000,0.0000,1.0139,-0.2627,2.1137,0.0000,enc,0.0000
1786025220.028434,0.1641,0.0,0.0,0.0000,0.0000,1.0139,-0.2627,2.1137,0.0000,enc,0.0000
1786025220.067560,0.0391,0.0,0.0,0.0000,0.0000,1.0139,-0.2627,2.1137,0.0000,enc,0.0000
1786025220.286605,0.2190,0.0,0.0,0.0000,0.0000,1.0139,-0.2627,2.1137,0.0000,enc,0.0000
1786025220.286641,0.0000,0.0,0.0,0.0000,0.0000,1.0139,-0.2627,2.1137,0.0000,enc,0.0000
1786025220.373467,0.0868,0.0,0.0,0.0000,0.0000,1.0139,-0.2627,2.1137,0.0000,enc,0.0000
1786025220.527060,0.1536,0.0,0.0,0.0000,0.0000,1.0139,-0.2627,2.1137,0.0000,enc,0.0000
1786025220.579058,0.0520,0.0,0.0,0.0000,0.0000,1.0139,-0.2627,2.1137,0.0000,enc,0.0000
1786025220.776004,0.1969,0.0,0.0,0.0000,0.0000,1.0139,-0.2627,2.1137,0.0000,enc,0.0000
1786025220.782073,0.0061,0.0,0.0,0.0000,0.0000,1.0139,-0.2627,2.1137,0.0000,enc,0.0000
1786025221.018440,0.2364,0.0,0.0,0.0000,0.0000,1.0139,-0.2627,2.1137,0.0000,enc,0.0000
1786025221.018483,0.0000,0.0,0.0,0.0000,0.0000,1.0139,-0.2627,2.1137,0.0000,enc,0.0000
1786025221.096165,0.0777,0.0,0.0,0.0000,0.0000,1.0139,-0.2627,2.1137,0.0000,enc,0.0000
1786025221.272915,0.1768,0.0,0.0,0.0000,0.0000,1.0139,-0.2627,2.1137,0.0000,enc,0.0000
1786025221.291054,0.0181,0.0,0.0,0.0000,0.0000,1.0139,-0.2627,2.1137,0.0000,enc,0.0000
1786025221.526072,0.2350,0.0,0.0,0.0000,0.0000,1.0139,-0.2627,2.1137,0.0000,enc,0.0000
1786025221.526133,0.0001,0.0,0.0,0.0000,0.0000,1.0139,-0.2627,2.1137,0.0000,enc,0.0000
1786025221.595921,0.0698,0.0,0.0,0.0000,0.0000,1.0139,-0.2627,2.1137,0.0000,enc,0.0000
1786025221.775842,0.1799,0.0,0.0,0.0000,0.0000,1.0139,-0.2627,2.1137,0.0000,enc,0.0000
1786025221.801832,0.0260,0.0,0.0,0.0000,0.0000,1.0139,-0.2627,2.1137,0.0000,enc,0.0000
1786025222.034402,0.2326,0.0,0.0,0.0000,0.0000,1.0139,-0.2627,2.1137,0.0000,enc,0.0000
1786025222.034462,0.0001,0.0,0.0,0.0000,0.0000,1.0139,-0.2627,2.1137,0.0000,enc,0.0000
1786025222.109666,0.0752,0.0,0.0,0.0000,0.0000,1.0139,-0.2627,2.1137,0.0000,enc,0.0000
1786025222.277233,0.1676,0.0,0.0,0.0000,0.0000,1.0139,-0.2627,2.1137,0.0000,enc,0.0000
1786025222.315897,0.0387,0.0,0.0,0.0000,0.0000,1.0139,-0.2627,2.1137,0.0000,enc,0.0000
1786025222.523495,0.2076,0.0,0.0,0.0000,0.0000,1.0139,-0.2627,2.1137,0.0000,enc,0.0000
1786025222.523693,0.0002,0.0,0.0,0.0000,0.0000,1.0139,-0.2627,2.1137,0.0000,enc,0.0000
1786025222.772797,0.2491,0.0,0.0,0.0000,0.0000,1.0139,-0.2627,2.1137,0.0000,enc,0.0000
1786025222.773827,0.0010,0.0,0.0,0.0000,0.0000,1.0139,-0.2627,2.1137,0.0000,enc,0.0000
1786025222.827580,0.0538,0.0,0.0,0.0000,0.0000,1.0139,-0.2627,2.1137,0.0000,enc,0.0000
1786025223.022864,0.1953,0.0,0.0,0.0000,0.0000,1.0139,-0.2627,2.1137,0.0000,enc,0.0000
1786025223.028273,0.0054,0.0,0.0,0.0000,0.0000,1.0139,-0.2627,2.1137,0.0000,enc,0.0000
1786025223.272280,0.2440,0.0,0.0,0.0000,0.0000,1.0139,-0.2627,2.1137,0.0000,enc,0.0000
1786025223.272340,0.0001,0.0,0.0,0.0000,0.0000,1.0139,-0.2627,2.1137,0.0000,enc,0.0000
1786025223.339954,0.0676,0.0,0.0,0.0000,0.0000,1.0139,-0.2627,2.1137,0.0000,enc,0.0000
1786025223.524988,0.1850,0.0,0.0,0.0000,0.0000,1.0139,-0.2627,2.1137,0.0000,enc,0.0000
1786025223.539648,0.0147,0.0,0.0,0.0000,0.0000,1.0139,-0.2627,2.1137,0.0000,enc,0.0000
1786025223.776109,0.2365,0.0,0.0,0.0000,0.0000,1.0139,-0.2627,2.1137,0.0000,enc,0.0000
1786025223.776170,0.0001,0.0,0.0,0.0000,0.0000,1.0139,-0.2627,2.1137,0.0000,enc,0.0000
1786025223.847940,0.0718,0.0,0.0,0.0000,0.0000,1.0139,-0.2627,2.1137,0.0000,enc,0.0000
1786025224.028452,0.1805,0.0,0.0,0.0000,0.0000,1.0139,-0.2627,2.1137,0.0000,enc,0.0000
1786025224.052575,0.0241,0.0,0.0,0.0000,0.0000,1.0139,-0.2627,2.1137,0.0000,enc,0.0000
1786025224.283888,0.2313,0.0,0.0,0.0000,0.0000,1.0139,-0.2627,2.1137,0.0000,enc,0.0000
1786025224.285237,0.0013,0.0,0.0,0.0000,0.0000,1.0139,-0.2627,2.1137,0.0000,enc,0.0000
1786025224.358329,0.0731,0.0,0.0,0.0000,0.0000,1.0139,-0.2627,2.1137,0.0000,enc,0.0000
1786025224.540471,0.1821,0.0,0.0,0.0000,0.0000,1.0139,-0.2627,2.1137,0.0000,enc,0.0000
1786025224.560545,0.0201,0.0,0.0,0.0000,0.0000,1.0139,-0.2627,2.1137,0.0000,enc,0.0000
1786025224.795910,0.2354,0.0,0.0,0.0000,0.0000,1.0139,-0.2627,2.1137,0.0000,enc,0.0000
1786025224.796760,0.0008,0.0,0.0,0.0000,0.0000,1.0139,-0.2627,2.1137,0.0000,enc,0.0000
1786025224.871208,0.0744,0.0,0.0,0.0000,0.0000,1.0139,-0.2627,2.1137,0.0000,enc,0.0000
1786025224.973749,0.1025,0.0,0.0,0.0000,0.0000,1.0139,-0.2627,2.1137,0.0000,enc,0.0000
1786025225.075683,0.1019,0.0,0.0,0.0000,0.0000,1.0139,-0.2627,2.1137,0.0000,enc,0.0000
1786025225.178002,0.1023,0.0,0.0,0.0000,0.0000,1.0139,-0.2627,2.1137,0.0000,enc,0.0000
1786025225.280767,0.1028,0.0,0.0,0.0000,0.0000,1.0139,-0.2627,2.1137,0.0000,enc,0.0000
1786025225.382596,0.1018,0.0,0.0,0.0000,0.0000,1.0139,-0.2627,2.1137,0.0000,enc,0.0000
1786025225.485741,0.1031,0.0,0.0,0.0000,0.0000,1.0139,-0.2627,2.1137,0.0000,enc,0.0000
1786025225.584353,0.0986,0.0,0.0,0.0000,0.0000,1.0139,-0.2627,2.1137,0.0000,enc,0.0000
1786025225.687371,0.1030,0.0,0.0,0.0000,0.0000,1.0139,-0.2627,2.1137,0.0000,enc,0.0000
1786025225.789549,0.1022,0.0,0.0,0.0000,0.0000,1.0139,-0.2627,2.1137,0.0000,enc,0.0000
1786025225.891621,0.1021,0.0,0.0,0.0000,0.0000,1.0139,-0.2627,2.1137,0.0000,enc,0.0000
1786025225.993196,0.1016,0.0,0.0,0.0000,0.0000,1.0139,-0.2627,2.1137,0.0000,enc,0.0000
1786025226.092517,0.0993,0.0,0.0,0.0000,0.0000,1.0139,-0.2627,2.1137,0.0000,enc,0.0000
1786025226.197954,0.1054,0.0,0.0,0.0000,0.0000,1.0139,-0.2627,2.1137,0.0000,enc,0.0000
1786025226.296934,0.0990,0.0,0.0,0.0000,0.0000,1.0139,-0.2627,2.1137,0.0000,enc,0.0000
1786025226.399420,0.1025,0.0,0.0,0.0000,0.0000,1.0139,-0.2627,2.1137,0.0000,enc,0.0000
1786025226.504196,0.1048,0.0,0.0,0.0000,0.0000,1.0139,-0.2627,2.1137,0.0000,enc,0.0000
1786025226.603899,0.0997,0.0,0.0,0.0000,0.0000,1.0139,-0.2627,2.1137,0.0000,enc,0.0000
1786025226.705983,0.1021,0.0,0.0,0.0000,0.0000,1.0139,-0.2627,2.1137,0.0000,enc,0.0000
1786025226.812173,0.1062,0.0,0.0,0.0000,0.0000,1.0139,-0.2627,2.1137,0.0000,enc,0.0000
1786025226.910769,0.0986,0.0,0.0,0.0000,0.0000,1.0139,-0.2627,2.1137,0.0000,enc,0.0000
1786025227.012655,0.1019,0.0,0.0,0.0000,0.0000,1.0139,-0.2627,2.1137,0.0000,enc,0.0000
1786025227.117435,0.1048,0.0,0.0,0.0000,0.0000,1.0139,-0.2627,2.1137,0.0000,enc,0.0000
1786025227.217227,0.0998,0.0,0.0,0.0000,0.0000,1.0139,-0.2627,2.1137,0.0000,enc,0.0000
1786025227.320027,0.1028,0.0,0.0,0.0000,0.0000,1.0139,-0.2627,2.1137,0.0000,enc,0.0000
1786025227.423873,0.1038,0.0,0.0,0.0000,0.0000,1.0139,-0.2627,2.1137,0.0000,enc,0.0000
1786025227.524915,0.1010,0.0,0.0,0.0000,0.0000,1.0139,-0.2627,2.1137,0.0000,enc,0.0000
1786025227.627709,0.1028,0.0,0.0,0.0000,0.0000,1.0139,-0.2627,2.1137,0.0000,enc,0.0000
1786025227.732263,0.1046,0.0,0.0,0.0000,0.0000,1.0139,-0.2627,2.1137,0.0000,enc,0.0000
1786025227.835328,0.1031,0.0,0.0,0.0000,0.0000,1.0139,-0.2627,2.1137,0.0000,enc,0.0000
1786025227.936598,0.1013,0.0,0.0,0.0000,0.0000,1.0139,-0.2627,2.1137,0.0000,enc,0.0000
1786025228.039894,0.1033,0.0,0.0,0.0000,0.0000,1.0139,-0.2627,2.1137,0.0000,enc,0.0000
1786025228.141084,0.1012,0.0,0.0,0.0000,0.0000,1.0139,-0.2627,2.1137,0.0000,enc,0.0000
1786025228.243170,0.1021,0.0,0.0,0.0000,0.0000,1.0139,-0.2627,2.1137,0.0000,enc,0.0000
1786025228.344863,0.1017,0.0,0.0,0.0000,0.0000,1.0139,-0.2627,2.1137,0.0000,enc,0.0000
1786025228.447492,0.1026,0.0,0.0,0.0000,0.0000,1.0139,-0.2627,2.1137,0.0000,enc,0.0000
1786025228.549385,0.1019,0.0,0.0,0.0000,0.0000,1.0139,-0.2627,2.1137,0.0000,enc,0.0000
1786025228.648430,0.0990,0.0,0.0,0.0000,0.0000,1.0139,-0.2627,2.1137,0.0000,enc,0.0000
1786025228.753822,0.1054,0.0,0.0,0.0000,0.0000,1.0139,-0.2627,2.1137,0.0000,enc,0.0000
1786025228.853081,0.0993,0.0,0.0,0.0000,0.0000,1.0139,-0.2627,2.1137,0.0000,enc,0.0000
1786025228.954947,0.1019,0.0,0.0,0.0000,0.0000,1.0139,-0.2627,2.1137,0.0000,enc,0.0000
1786025229.062154,0.1072,0.0,0.0,0.0000,0.0000,1.0139,-0.2627,2.1137,0.0000,enc,0.0000
1786025229.162158,0.1000,0.0,0.0,0.0000,0.0000,1.0139,-0.2627,2.1137,0.0000,enc,0.0000
1786025229.262824,0.1007,0.0,0.0,0.0000,0.0000,1.0139,-0.2627,2.1137,0.0000,enc,0.0000
1786025229.367609,0.1048,0.0,0.0,0.0000,0.0000,1.0139,-0.2627,2.1137,0.0000,enc,0.0000
1786025229.469482,0.1019,0.0,0.0,0.0000,0.0000,1.0139,-0.2627,2.1137,0.0000,enc,0.0000
1786025229.576949,0.1075,0.0,0.0,0.0000,0.0000,1.0139,-0.2627,2.1137,0.0000,enc,0.0000
1786025229.675256,0.0983,0.0,0.0,0.0000,0.0000,1.0139,-0.2627,2.1137,0.0000,enc,0.0000
1786025229.773949,0.0987,0.0,0.0,0.0000,0.0000,1.0139,-0.2627,2.1137,0.0000,enc,0.0000
1786025229.881965,0.1080,0.0,0.0,0.0000,0.0000,1.0139,-0.2627,2.1137,0.0000,enc,0.0000
1786025229.986514,0.1045,0.0,0.0,0.0000,0.0000,1.0139,-0.2627,2.1137,0.0000,enc,0.0000
1786025230.084193,0.0977,0.0,0.0,0.0000,0.0000,1.0139,-0.2627,2.1137,0.0000,enc,0.0000
1786025230.182189,0.0980,0.0,0.0,0.0000,0.0000,1.0139,-0.2627,2.1137,0.0000,enc,0.0000
1786025230.289435,0.1072,0.0,0.0,0.0000,0.0000,1.0139,-0.2627,2.1137,0.0000,enc,0.0000
1786025230.392842,0.1034,0.0,0.0,0.0000,0.0000,1.0139,-0.2627,2.1137,0.0000,enc,0.0000
1786025230.493409,0.1006,0.0,0.0,0.0000,0.0000,1.0139,-0.2627,2.1137,0.0000,enc,0.0000
1786025230.597368,0.1040,0.0,0.0,0.0000,0.0000,1.0139,-0.2627,2.1137,0.0000,enc,0.0000
1786025230.699267,0.1019,0.0,0.0,0.0000,0.0000,1.0139,-0.2627,2.1137,0.0000,enc,0.0000
1786025230.801977,0.1027,0.0,0.0,0.0000,0.0000,1.0139,-0.2627,2.1137,0.0000,enc,0.0000
1786025230.904995,0.1030,0.0,0.0,0.0000,0.0000,1.0139,-0.2627,2.1137,0.0000,enc,0.0000
1786025231.005521,0.1005,0.0,0.0,0.0000,0.0000,1.0139,-0.2627,2.1137,0.0000,enc,0.0000
1786025231.105589,0.1001,0.0,0.0,0.0000,0.0000,1.0139,-0.2627,2.1137,0.0000,enc,0.0000
1786025231.210561,0.1050,0.0,0.0,0.0000,0.0000,1.0139,-0.2627,2.1137,0.0000,enc,0.0000
1786025231.313139,0.1026,0.0,0.0,0.0000,0.0000,1.0139,-0.2627,2.1137,0.0000,enc,0.0000
1786025231.412762,0.0996,0.0,0.0,0.0000,0.0000,1.0139,-0.2627,2.1137,0.0000,enc,0.0000
1786025231.512750,0.1000,0.0,0.0,0.0000,0.0000,1.0139,-0.2627,2.1137,0.0000,enc,0.0000
1786025231.616925,0.1042,0.0,0.0,0.0000,0.0000,1.0139,-0.2627,2.1137,0.0000,enc,0.0000
1786025231.715984,0.0991,0.0,0.0,0.0000,0.0000,1.0139,-0.2627,2.1137,0.0000,enc,0.0000
1786025231.819160,0.1032,0.0,0.0,0.0000,0.0000,1.0139,-0.2627,2.1137,0.0000,enc,0.0000
1786025231.923815,0.1047,0.0,0.0,0.0000,0.0000,1.0139,-0.2627,2.1137,0.0000,enc,0.0000
1786025232.023917,0.1001,0.0,0.0,0.0000,0.0000,1.0139,-0.2627,2.1137,0.0000,enc,0.0000
1786025232.126936,0.1030,0.0,0.0,0.0000,0.0000,1.0139,-0.2627,2.1137,0.0000,enc,0.0000
1786025232.230669,0.1037,0.0,0.0,0.0000,0.0000,1.0139,-0.2627,2.1137,0.0000,enc,0.0000
1786025232.332275,0.1016,0.0,0.0,0.0000,0.0000,1.0139,-0.2627,2.1137,0.0000,enc,0.0000
1786025232.431641,0.0994,0.0,0.0,0.0000,0.0000,1.0139,-0.2627,2.1137,0.0000,enc,0.0000
1786025232.537594,0.1060,0.0,0.0,0.0000,0.0000,1.0139,-0.2627,2.1137,0.0000,enc,0.0000
1786025232.640017,0.1024,0.0,0.0,0.0000,0.0000,1.0139,-0.2627,2.1137,0.0000,enc,0.0000
1786025232.740382,0.1004,0.0,0.0,0.0000,0.0000,1.0139,-0.2627,2.1137,0.0000,enc,0.0000
1786025232.843005,0.1026,0.0,0.0,0.0000,0.0000,1.0139,-0.2627,2.1137,0.0000,enc,0.0000
1786025232.944974,0.1020,0.0,0.0,0.0000,0.0000,1.0139,-0.2627,2.1137,0.0000,enc,0.0000
1786025233.048159,0.1032,0.0,0.0,0.0000,0.0000,1.0139,-0.2627,2.1137,0.0000,enc,0.0000
1786025233.149794,0.1016,0.0,0.0,0.0000,0.0000,1.0139,-0.2627,2.1137,0.0000,enc,0.0000
1786025233.252469,0.1027,0.0,0.0,0.0000,0.0000,1.0139,-0.2627,2.1137,0.0000,enc,0.0000
1786025233.354007,0.1015,0.0,0.0,0.0000,0.0000,1.0139,-0.2627,2.1137,0.0000,enc,0.0000
1786025233.456227,0.1022,0.0,0.0,0.0000,0.0000,1.0139,-0.2627,2.1137,0.0000,enc,0.0000
1786025233.559999,0.1038,0.0,0.0,0.0000,0.0000,1.0139,-0.2627,2.1137,0.0000,enc,0.0000
1786025233.660285,0.1003,0.0,0.0,0.0000,0.0000,1.0139,-0.2627,2.1137,0.0000,enc,0.0000
1786025233.759599,0.0993,0.0,0.0,0.0000,0.0000,1.0139,-0.2627,2.1137,0.0000,enc,0.0000
1786025233.864720,0.1051,0.0,0.0,0.0000,0.0000,1.0139,-0.2627,2.1137,0.0000,enc,0.0000
1786025233.963972,0.0993,0.0,0.0,0.0000,0.0000,1.0139,-0.2627,2.1137,0.0000,enc,0.0000
1786025234.065977,0.1020,0.0,0.0,0.0000,0.0000,1.0139,-0.2627,2.1137,0.0000,enc,0.0000
1786025234.170922,0.1049,0.0,0.0,0.0000,0.0000,1.0139,-0.2627,2.1137,0.0000,enc,0.0000
1786025234.270011,0.0991,0.0,0.0,0.0000,0.0000,1.0139,-0.2627,2.1137,0.0000,enc,0.0000
1786025234.372029,0.1020,0.0,0.0,0.0000,0.0000,1.0139,-0.2627,2.1137,0.0000,enc,0.0000
1786025234.477897,0.1059,0.0,0.0,0.0000,0.0000,1.0139,-0.2627,2.1137,0.0000,enc,0.0000
1786025234.576962,0.0991,0.0,0.0,0.0000,0.0000,1.0139,-0.2627,2.1137,0.0000,enc,0.0000
1786025234.678317,0.1014,0.0,0.0,0.0000,0.0000,1.0139,-0.2627,2.1137,0.0000,enc,0.0000
1786025234.783403,0.1051,0.0,0.0,0.0000,0.0000,1.0139,-0.2627,2.1137,0.0000,enc,0.0000
1786025234.883595,0.1002,0.0,0.0,0.0000,0.0000,1.0139,-0.2627,2.1137,0.0000,enc,0.0000
1786025234.984830,0.1012,0.0,0.0,0.0000,0.0000,1.0139,-0.2627,2.1137,0.0000,enc,0.0000
1786025235.090049,0.1052,0.0,0.0,0.0000,0.0000,1.0139,-0.2627,2.1137,0.0000,enc,0.0000
1786025235.266240,0.1762,0.0,0.0,0.0000,0.0000,1.0139,-0.2627,2.1137,0.0000,enc,0.0000
1786025235.291080,0.0248,0.0,0.0,0.0000,0.0000,1.0139,-0.2627,2.1137,0.0000,enc,0.0000
1786025235.530956,0.2399,0.0,0.0,0.0000,0.0000,1.0139,-0.2627,2.1137,0.0000,enc,0.0000
1786025235.530999,0.0000,0.0,0.0,0.0000,0.0000,1.0139,-0.2627,2.1137,0.0000,enc,0.0000
1786025235.765657,0.2347,0.0,0.0,0.0000,0.0000,1.0139,-0.2627,2.1137,0.0000,enc,0.0000
1786025235.765697,0.0000,0.0,0.0,0.0000,0.0000,1.0139,-0.2627,2.1137,0.0000,enc,0.0000
1786025235.804789,0.0391,0.0,0.0,0.0000,0.0000,1.0139,-0.2627,2.1137,0.0000,enc,0.0000
1786025236.011909,0.2071,0.0,0.0,0.0000,0.0000,1.0139,-0.2627,2.1137,0.0000,enc,0.0000
1786025236.011950,0.0000,0.0,0.0,0.0000,0.0000,1.0139,-0.2627,2.1137,0.0000,enc,0.0000
1786025236.122475,0.1105,0.0,0.0,0.0000,0.0000,1.0139,-0.2627,2.1137,0.0000,enc,0.0000
1786025236.267697,0.1452,0.0,0.0,0.0000,0.0000,1.0139,-0.2627,2.1137,0.0000,enc,0.0000
1786025236.314034,0.0463,0.0,0.0,0.0000,0.0000,1.0139,-0.2627,2.1137,0.0000,enc,0.0000
1786025236.522287,0.2083,0.0,0.0,0.0000,0.0000,1.0139,-0.2627,2.1137,0.0000,enc,0.0000
1786025236.522329,0.0000,0.0,0.0,0.0000,0.0000,1.0139,-0.2627,2.1137,0.0000,enc,0.0000
1786025236.618834,0.0965,0.0,0.0,0.0000,0.0000,1.0139,-0.2627,2.1137,0.0000,enc,0.0000
1786025236.775893,0.1571,0.0,0.0,0.0000,0.0000,1.0139,-0.2627,2.1137,0.0000,enc,0.0000
1786025236.824001,0.0481,0.0,0.0,0.0000,0.0000,1.0139,-0.2627,2.1137,0.0000,enc,0.0000
1786025237.024098,0.2001,0.0,0.0,0.0000,0.0000,1.0139,-0.2627,2.1137,0.0000,enc,0.0000
1786025237.030349,0.0063,0.0,0.0,0.0000,0.0000,1.0139,-0.2627,2.1137,0.0000,enc,0.0000
1786025237.274968,0.2446,0.0,0.0,0.0000,0.0000,1.0139,-0.2627,2.1137,0.0000,enc,0.0000
1786025237.275024,0.0001,0.0,0.0,0.0000,0.0000,1.0139,-0.2627,2.1137,0.0000,enc,0.0000
1786025237.337842,0.0628,0.0,0.0,0.0000,0.0000,1.0139,-0.2627,2.1137,0.0000,enc,0.0000
1786025237.524627,0.1868,0.0,0.0,0.0000,0.0000,1.0139,-0.2627,2.1137,0.0000,enc,0.0000
1786025237.538711,0.0141,0.0,0.0,0.0000,0.0000,1.0139,-0.2627,2.1137,0.0000,enc,0.0000
1786025237.774390,0.2357,0.0,0.0,0.0000,0.0000,1.0139,-0.2627,2.1137,0.0000,enc,0.0000
1786025237.774480,0.0001,0.0,0.0,0.0000,0.0000,1.0139,-0.2627,2.1137,0.0000,enc,0.0000
1786025237.848529,0.0740,0.0,0.0,0.0000,0.0000,1.0139,-0.2627,2.1137,0.0000,enc,0.0000
1786025238.023802,0.1753,0.0,0.0,0.0000,0.0000,1.0139,-0.2627,2.1137,0.0000,enc,0.0000
1786025238.050002,0.0262,0.0,0.0,0.0000,0.0000,1.0139,-0.2627,2.1137,0.0000,enc,0.0000
1786025238.277562,0.2276,0.0,0.0,0.0000,0.0000,1.0139,-0.2627,2.1137,0.0000,enc,0.0000
1786025238.278398,0.0008,0.0,0.0,0.0000,0.0000,1.0139,-0.2627,2.1137,0.0000,enc,0.0000
1786025238.359947,0.0815,0.0,0.0,0.0000,0.0000,1.0139,-0.2627,2.1137,0.0000,enc,0.0000
1786025238.526695,0.1667,0.0,0.0,0.0000,0.0000,1.0139,-0.2627,2.1137,0.0000,enc,0.0000
1786025238.560857,0.0342,0.0,0.0,0.0000,0.0000,1.0139,-0.2627,2.1137,0.0000,enc,0.0000
1786025238.777044,0.2162,0.0,0.0,0.0000,0.0000,1.0139,-0.2627,2.1137,0.0000,enc,0.0000
1786025238.777097,0.0001,0.0,0.0,0.0000,0.0000,1.0139,-0.2627,2.1137,0.0000,enc,0.0000
1786025238.868192,0.0911,0.0,0.0,0.0000,0.0000,1.0139,-0.2627,2.1137,0.0000,enc,0.0000
1786025239.030672,0.1625,0.0,0.0,0.0000,0.0000,1.0139,-0.2627,2.1137,0.0000,enc,0.0000
1786025239.075135,0.0445,0.0,0.0,0.0000,0.0000,1.0139,-0.2627,2.1137,0.0000,enc,0.0000
1786025239.281556,0.2064,0.0,0.0,0.0000,0.0000,1.0139,-0.2627,2.1137,0.0000,enc,0.0000
1786025239.281684,0.0001,0.0,0.0,0.0000,0.0000,1.0139,-0.2627,2.1137,0.0000,enc,0.0000
1786025239.381423,0.0997,0.0,0.0,0.0000,0.0000,1.0139,-0.2627,2.1137,0.0000,enc,0.0000
1786025239.541472,0.1600,0.0,0.0,0.0000,0.0000,1.0139,-0.2627,2.1137,0.0000,enc,0.0000
1786025239.585337,0.0439,0.0,0.0,0.0000,0.0000,1.0139,-0.2627,2.1137,0.0000,enc,0.0000
1786025239.791519,0.2062,0.0,0.0,0.0000,0.0000,1.0139,-0.2627,2.1137,0.0000,enc,0.0000
1786025239.791714,0.0002,0.0,0.0,0.0000,0.0000,1.0139,-0.2627,2.1137,0.0000,enc,0.0000
1786025240.047834,0.2561,0.0,0.0,0.0000,0.0000,1.0139,-0.2627,2.1137,0.0000,enc,0.0000
1786025240.047872,0.0000,0.0,0.0,0.0000,0.0000,1.0139,-0.2627,2.1137,0.0000,enc,0.0000
1786025240.093548,0.0457,0.0,0.0,0.0000,0.0000,1.0139,-0.2627,2.1137,0.0000,enc,0.0000
1786025240.198695,0.1051,0.0,0.0,0.0000,0.0000,1.0139,-0.2627,2.1137,0.0000,enc,0.0000
1786025240.300408,0.1017,0.0,0.0,0.0000,0.0000,1.0139,-0.2627,2.1137,0.0000,enc,0.0000
1786025240.403151,0.1027,0.0,0.0,0.0000,0.0000,1.0139,-0.2627,2.1137,0.0000,enc,0.0000
1786025240.504842,0.1017,0.0,0.0,0.0000,0.0000,1.0139,-0.2627,2.1137,0.0000,enc,0.0000
1786025240.606789,0.1019,0.0,0.0,0.0000,0.0000,1.0139,-0.2627,2.1137,0.0000,enc,0.0000
1786025240.707956,0.1012,0.0,0.0,0.0000,0.0000,1.0139,-0.2627,2.1137,0.0000,enc,0.0000
1786025240.811382,0.1034,0.0,0.0,0.0000,0.0000,1.0139,-0.2627,2.1137,0.0000,enc,0.0000
1786025240.914327,0.1029,0.0,0.0,0.0000,0.0000,1.0139,-0.2627,2.1137,0.0000,enc,0.0000
1786025241.022139,0.1078,0.0,0.0,0.0000,0.0000,1.0139,-0.2627,2.1137,0.0000,enc,0.0000
1786025241.137724,0.1156,0.0,0.0,0.0000,0.0000,1.0139,-0.2627,2.1137,0.0000,enc,0.0000
1786025241.221594,0.0839,0.0,0.0,0.0000,0.0000,1.0139,-0.2627,2.1137,0.0000,enc,0.0000
1786025241.326828,0.1052,0.0,0.0,0.0000,0.0000,1.0139,-0.2627,2.1137,0.0000,enc,0.0000
1786025241.424768,0.0979,0.0,0.0,0.0000,0.0000,1.0139,-0.2627,2.1137,0.0000,enc,0.0000
1786025241.528370,0.1036,0.0,0.0,0.0000,0.0000,1.0139,-0.2627,2.1137,0.0000,enc,0.0000
1786025241.629416,0.1010,0.0,0.0,0.0000,0.0000,1.0139,-0.2627,2.1137,0.0000,enc,0.0000
1786025241.727243,0.0978,0.0,0.0,0.0000,0.0000,1.0139,-0.2627,2.1137,0.0000,enc,0.0000
1786025241.836440,0.1092,0.0,0.0,0.0000,0.0000,1.0139,-0.2627,2.1137,0.0000,enc,0.0000
1786025241.931175,0.0947,0.0,0.0,0.0000,0.0000,1.0139,-0.2627,2.1137,0.0000,enc,0.0000
1786025242.033063,0.1019,0.0,0.0,0.0000,0.0000,1.0139,-0.2627,2.1137,0.0000,enc,0.0000
1786025242.141083,0.1080,0.0,0.0,0.0000,0.0000,1.0139,-0.2627,2.1137,0.0000,enc,0.0000
1786025242.238454,0.0974,0.0,0.0,0.0000,0.0000,1.0139,-0.2627,2.1137,0.0000,enc,0.0000
1786025242.340134,0.1017,0.0,0.0,0.0000,0.0000,1.0139,-0.2627,2.1137,0.0000,enc,0.0000
1786025242.445450,0.1053,0.0,0.0,0.0000,0.0000,1.0139,-0.2627,2.1137,0.0000,enc,0.0000
1786025242.547410,0.1020,0.0,0.0,0.0000,0.0000,1.0139,-0.2627,2.1137,0.0000,enc,0.0000
1786025242.646725,0.0993,0.0,0.0,0.0000,0.0000,1.0139,-0.2627,2.1137,0.0000,enc,0.0000
1786025242.752480,0.1058,0.0,0.0,0.0000,0.0000,1.0139,-0.2627,2.1137,0.0000,enc,0.0000
1786025242.854473,0.1020,0.0,0.0,0.0000,0.0000,1.0139,-0.2627,2.1137,0.0000,enc,0.0000
1786025242.956870,0.1024,0.0,0.0,0.0000,0.0000,1.0139,-0.2627,2.1137,0.0000,enc,0.0000
1786025243.058555,0.1017,0.0,0.0,0.0000,0.0000,1.0139,-0.2627,2.1137,0.0000,enc,0.0000
1786025243.160111,0.1016,0.0,0.0,0.0000,0.0000,1.0139,-0.2627,2.1137,0.0000,enc,0.0000
1786025243.262379,0.1023,0.0,0.0,0.0000,0.0000,1.0139,-0.2627,2.1137,0.0000,enc,0.0000
1786025243.365150,0.1028,0.0,0.0,0.0000,0.0000,1.0139,-0.2627,2.1137,0.0000,enc,0.0000
1786025243.467554,0.1024,0.0,0.0,0.0000,0.0000,1.0139,-0.2627,2.1137,0.0000,enc,0.0000
1786025243.570988,0.1034,0.0,0.0,0.0000,0.0000,1.0139,-0.2627,2.1137,0.0000,enc,0.0000
1786025243.673354,0.1024,0.0,0.0,0.0000,0.0000,1.0139,-0.2627,2.1137,0.0000,enc,0.0000
1786025243.774966,0.1016,0.0,0.0,0.0000,0.0000,1.0139,-0.2627,2.1137,0.0000,enc,0.0000
1786025243.876074,0.1011,0.0,0.0,0.0000,0.0000,1.0139,-0.2627,2.1137,0.0000,enc,0.0000
1786025243.978772,0.1027,0.0,0.0,0.0000,0.0000,1.0139,-0.2627,2.1137,0.0000,enc,0.0000
1786025244.080499,0.1017,0.0,0.0,0.0000,0.0000,1.0139,-0.2627,2.1137,0.0000,enc,0.0000
1786025244.182475,0.1020,0.0,0.0,0.0000,0.0000,1.0139,-0.2627,2.1137,0.0000,enc,0.0000
1786025244.281806,0.0993,0.0,0.0,0.0000,0.0000,1.0139,-0.2627,2.1137,0.0000,enc,0.0000
1786025244.386830,0.1050,0.0,0.0,0.0000,0.0000,1.0139,-0.2627,2.1137,0.0000,enc,0.0000
1786025244.487130,0.1003,0.0,0.0,0.0000,0.0000,1.0139,-0.2627,2.1137,0.0000,enc,0.0000
1786025244.589953,0.1028,0.0,0.0,0.0000,0.0000,1.0139,-0.2627,2.1137,0.0000,enc,0.0000
1786025244.693250,0.1033,0.0,0.0,0.0000,0.0000,1.0139,-0.2627,2.1137,0.0000,enc,0.0000
1786025244.793729,0.1005,0.0,0.0,0.0000,0.0000,1.0139,-0.2627,2.1137,0.0000,enc,0.0000
1786025244.894125,0.1004,0.0,0.0,0.0000,0.0000,1.0139,-0.2627,2.1137,0.0000,enc,0.0000
1786025245.000988,0.1069,0.0,0.0,0.0000,0.0000,1.0139,-0.2627,2.1137,0.0000,enc,0.0000
1786025245.098417,0.0974,0.0,0.0,0.0000,0.0000,1.0139,-0.2627,2.1137,0.0000,enc,0.0000
1786025245.200734,0.1023,0.0,0.0,0.0000,0.0000,1.0139,-0.2627,2.1137,0.0000,enc,0.0000
1786025245.306401,0.1057,0.0,0.0,0.0000,0.0000,1.0139,-0.2627,2.1137,0.0000,enc,0.0000
1786025245.409442,0.1030,0.0,0.0,0.0000,0.0000,1.0139,-0.2627,2.1137,0.0000,enc,0.0000
1786025245.507223,0.0978,0.0,0.0,0.0000,0.0000,1.0139,-0.2627,2.1137,0.0000,enc,0.0000
1786025245.613826,0.1066,0.0,0.0,0.0000,0.0000,1.0139,-0.2627,2.1137,0.0000,enc,0.0000
1786025245.715921,0.1021,0.0,0.0,0.0000,0.0000,1.0139,-0.2627,2.1137,0.0000,enc,0.0000
1786025245.817891,0.1020,0.0,0.0,0.0000,0.0000,1.0139,-0.2627,2.1137,0.0000,enc,0.0000
1786025245.918066,0.1002,0.0,0.0,0.0000,0.0000,1.0139,-0.2627,2.1137,0.0000,enc,0.0000
1786025246.020120,0.1021,0.0,0.0,0.0000,0.0000,1.0139,-0.2627,2.1137,0.0000,enc,0.0000
1786025246.121581,0.1015,0.0,0.0,0.0000,0.0000,1.0139,-0.2627,2.1137,0.0000,enc,0.0000
1786025246.221360,0.0998,0.0,0.0,0.0000,0.0000,1.0139,-0.2627,2.1137,0.0000,enc,0.0000
1786025246.326454,0.1051,0.0,0.0,0.0000,0.0000,1.0139,-0.2627,2.1137,0.0000,enc,0.0000
1786025246.428714,0.1023,0.0,0.0,0.0000,0.0000,1.0139,-0.2627,2.1137,0.0000,enc,0.0000
1786025246.530615,0.1019,0.0,0.0,0.0000,0.0000,1.0139,-0.2627,2.1137,0.0000,enc,0.0000
1786025246.632032,0.1014,0.0,0.0,0.0000,0.0000,1.0139,-0.2627,2.1137,0.0000,enc,0.0000
1786025246.734703,0.1027,0.0,0.0,0.0000,0.0000,1.0139,-0.2627,2.1137,0.0000,enc,0.0000
1786025246.833910,0.0992,0.0,0.0,0.0000,0.0000,1.0139,-0.2627,2.1137,0.0000,enc,0.0000
1786025246.938904,0.1050,0.0,0.0,0.0000,0.0000,1.0139,-0.2627,2.1137,0.0000,enc,0.0000
1786025247.038692,0.0998,0.0,0.0,0.0000,0.0000,1.0139,-0.2627,2.1137,0.0000,enc,0.0000
1786025247.139942,0.1013,0.0,0.0,0.0000,0.0000,1.0139,-0.2627,2.1137,0.0000,enc,0.0000
1786025247.244319,0.1044,0.0,0.0,0.0000,0.0000,1.0139,-0.2627,2.1137,0.0000,enc,0.0000
1786025247.344327,0.1000,0.0,0.0,0.0000,0.0000,1.0139,-0.2627,2.1137,0.0000,enc,0.0000
1786025247.446959,0.1026,0.0,0.0,0.0000,0.0000,1.0139,-0.2627,2.1137,0.0000,enc,0.0000
1786025247.552376,0.1054,0.0,0.0,0.0000,0.0000,1.0139,-0.2627,2.1137,0.0000,enc,0.0000
1786025247.650463,0.0981,0.0,0.0,0.0000,0.0000,1.0139,-0.2627,2.1137,0.0000,enc,0.0000
1786025247.752562,0.1021,0.0,0.0,0.0000,0.0000,1.0139,-0.2627,2.1137,0.0000,enc,0.0000
1786025247.858491,0.1059,0.0,0.0,0.0000,0.0000,1.0139,-0.2627,2.1137,0.0000,enc,0.0000
1786025247.956844,0.0984,0.0,0.0,0.0000,0.0000,1.0139,-0.2627,2.1137,0.0000,enc,0.0000
1786025248.058962,0.1021,0.0,0.0,0.0000,0.0000,1.0139,-0.2627,2.1137,0.0000,enc,0.0000
1786025248.163784,0.1048,0.0,0.0,0.0000,0.0000,1.0139,-0.2627,2.1137,0.0000,enc,0.0000
1786025248.266158,0.1024,0.0,0.0,0.0000,0.0000,1.0139,-0.2627,2.1137,0.0000,enc,0.0000
1786025248.364831,0.0987,0.0,0.0,0.0000,0.0000,1.0139,-0.2627,2.1137,0.0000,enc,0.0000
1786025248.470883,0.1061,0.0,0.0,0.0000,0.0000,1.0139,-0.2627,2.1137,0.0000,enc,0.0000
1786025248.574049,0.1032,0.0,0.0,0.0000,0.0000,1.0139,-0.2627,2.1137,0.0000,enc,0.0000
1786025248.676237,0.1022,0.0,0.0,0.0000,0.0000,1.0139,-0.2627,2.1137,0.0000,enc,0.0000
1786025248.777974,0.1017,0.0,0.0,0.0000,0.0000,1.0139,-0.2627,2.1137,0.0000,enc,0.0000
1786025248.879854,0.1019,0.0,0.0,0.0000,0.0000,1.0139,-0.2627,2.1137,0.0000,enc,0.0000
1786025248.983594,0.1037,0.0,0.0,0.0000,0.0000,1.0139,-0.2627,2.1137,0.0000,enc,0.0000
1786025249.084323,0.1007,0.0,0.0,0.0000,0.0000,1.0139,-0.2627,2.1137,0.0000,enc,0.0000
1786025249.186741,0.1024,0.0,0.0,0.0000,0.0000,1.0139,-0.2627,2.1137,0.0000,enc,0.0000
1786025249.289183,0.1024,0.0,0.0,0.0000,0.0000,1.0139,-0.2627,2.1137,0.0000,enc,0.0000
1786025249.388137,0.0990,0.0,0.0,0.0000,0.0000,1.0139,-0.2627,2.1137,0.0000,enc,0.0000
1786025249.493841,0.1057,0.0,0.0,0.0000,0.0000,1.0139,-0.2627,2.1137,0.0000,enc,0.0000
1786025249.592506,0.0987,0.0,0.0,0.0000,0.0000,1.0139,-0.2627,2.1137,0.0000,enc,0.0000
1786025249.694989,0.1025,0.0,0.0,0.0000,0.0000,1.0139,-0.2627,2.1137,0.0000,enc,0.0000
1786025249.800000,0.1050,0.0,0.0,0.0000,0.0000,1.0139,-0.2627,2.1137,0.0000,enc,0.0000
1786025249.898990,0.0990,0.0,0.0,0.0000,0.0000,1.0139,-0.2627,2.1137,0.0000,enc,0.0000
1786025250.000816,0.1018,0.0,0.0,0.0000,0.0000,1.0139,-0.2627,2.1137,0.0000,enc,0.0000
1786025250.108836,0.1080,0.0,0.0,0.0000,0.0000,1.0139,-0.2627,2.1137,0.0000,enc,0.0000
1786025250.270223,0.1614,0.0,0.0,0.0000,0.0000,1.0139,-0.2627,2.1137,0.0000,enc,0.0000
1786025250.309854,0.0396,0.0,0.0,0.0000,0.0000,1.0139,-0.2627,2.1137,0.0000,enc,0.0000
1786025250.527987,0.2181,0.0,0.0,0.0000,0.0000,1.0139,-0.2627,2.1137,0.0000,enc,0.0000
1786025250.528034,0.0000,0.0,0.0,0.0000,0.0000,1.0139,-0.2627,2.1137,0.0000,enc,0.0000
1786025250.616583,0.0885,0.0,0.0,0.0000,0.0000,1.0139,-0.2627,2.1137,0.0000,enc,0.0000
1786025250.771802,0.1552,0.0,0.0,0.0000,0.0000,1.0139,-0.2627,2.1137,0.0000,enc,0.0000
1786025250.819963,0.0482,0.0,0.0,0.0000,0.0000,1.0139,-0.2627,2.1137,0.0000,enc,0.0000
1786025251.016909,0.1969,0.0,0.0,0.0000,0.0000,1.0139,-0.2627,2.1137,0.0000,enc,0.0000
1786025251.025015,0.0081,0.0,0.0,0.0000,0.0000,1.0139,-0.2627,2.1137,0.0000,enc,0.0000
1786025251.269953,0.2449,0.0,0.0,0.0000,0.0000,1.0139,-0.2627,2.1137,0.0000,enc,0.0000
1786025251.269997,0.0000,0.0,0.0,0.0000,0.0000,1.0139,-0.2627,2.1137,0.0000,enc,0.0000
1786025251.333841,0.0638,0.0,0.0,0.0000,0.0000,1.0139,-0.2627,2.1137,0.0000,enc,0.0000
1786025251.525226,0.1914,0.0,0.0,0.0000,0.0000,1.0139,-0.2627,2.1137,0.0000,enc,0.0000
1786025251.535712,0.0105,0.0,0.0,0.0000,0.0000,1.0139,-0.2627,2.1137,0.0000,enc,0.0000
1786025251.778660,0.2429,0.0,0.0,0.0000,0.0000,1.0139,-0.2627,2.1137,0.0000,enc,0.0000
1786025251.778701,0.0000,0.0,0.0,0.0000,0.0000,1.0139,-0.2627,2.1137,0.0000,enc,0.0000
1786025251.845849,0.0671,0.0,0.0,0.0000,0.0000,1.0139,-0.2627,2.1137,0.0000,enc,0.0000
1786025252.027900,0.1821,0.0,0.0,0.0000,0.0000,1.0139,-0.2627,2.1137,0.0000,enc,0.0000
1786025252.046354,0.0185,0.0,0.0,0.0000,0.0000,1.0139,-0.2627,2.1137,0.0000,enc,0.0000
1786025252.276402,0.2300,0.0,0.0,0.0000,0.0000,1.0139,-0.2627,2.1137,0.0000,enc,0.0000
1786025252.276448,0.0000,0.0,0.0,0.0000,0.0000,1.0139,-0.2627,2.1137,0.0000,enc,0.0000
1786025252.355836,0.0794,0.0,0.0,0.0000,0.0000,1.0139,-0.2627,2.1137,0.0000,enc,0.0000
1786025252.526117,0.1703,0.0,0.0,0.0000,0.0000,1.0139,-0.2627,2.1137,0.0000,enc,0.0000
1786025252.557323,0.0312,0.0,0.0,0.0000,0.0000,1.0139,-0.2627,2.1137,0.0000,enc,0.0000
1786025252.775157,0.2178,0.0,0.0,0.0000,0.0000,1.0139,-0.2627,2.1137,0.0000,enc,0.0000
1786025252.775214,0.0001,0.0,0.0,0.0000,0.0000,1.0139,-0.2627,2.1137,0.0000,enc,0.0000
1786025252.864557,0.0893,0.0,0.0,0.0000,0.0000,1.0139,-0.2627,2.1137,0.0000,enc,0.0000
1786025253.025438,0.1609,0.0,0.0,0.0000,0.0000,1.0139,-0.2627,2.1137,0.0000,enc,0.0000
1786025253.071652,0.0462,0.0,0.0,0.0000,0.0000,1.0139,-0.2627,2.1137,0.0000,enc,0.0000
1786025253.274374,0.2027,0.0,0.0,0.0000,0.0000,1.0139,-0.2627,2.1137,0.0000,enc,0.0000
1786025253.275738,0.0014,0.0,0.0,0.0000,0.0000,1.0139,-0.2627,2.1137,0.0000,enc,0.0000
1786025253.535887,0.2601,0.0,0.0,0.0000,0.0000,1.0139,-0.2627,2.1137,0.0000,enc,0.0000
1786025253.535952,0.0001,0.0,0.0,0.0000,0.0000,1.0139,-0.2627,2.1137,0.0000,enc,0.0000
1786025253.582338,0.0464,0.0,0.0,0.0000,0.0000,1.0139,-0.2627,2.1137,0.0000,enc,0.0000
1786025253.776831,0.1945,0.0,0.0,0.0000,0.0000,1.0139,-0.2627,2.1137,0.0000,enc,0.0000
1786025253.784881,0.0081,0.0,0.0,0.0000,0.0000,1.0139,-0.2627,2.1137,0.0000,enc,0.0000
1786025254.028645,0.2438,0.0,0.0,0.0000,0.0000,1.0139,-0.2627,2.1137,0.0000,enc,0.0000
1786025254.028704,0.0001,0.0,0.0,0.0000,0.0000,1.0139,-0.2627,2.1137,0.0000,enc,0.0000
1786025254.095123,0.0664,0.0,0.0,0.0000,0.0000,1.0139,-0.2627,2.1137,0.0000,enc,0.0000
1786025254.279370,0.1842,0.0,0.0,0.0000,0.0000,1.0139,-0.2627,2.1137,0.0000,enc,0.0000
1786025254.296552,0.0172,0.0,0.0,0.0000,0.0000,1.0139,-0.2627,2.1137,0.0000,enc,0.0000
1786025254.533969,0.2374,0.0,0.0,0.0000,0.0000,1.0139,-0.2627,2.1137,0.0000,enc,0.0000
1786025254.534030,0.0001,0.0,0.0,0.0000,0.0000,1.0139,-0.2627,2.1137,0.0000,enc,0.0000
1786025254.605919,0.0719,0.0,0.0,0.0000,0.0000,1.0139,-0.2627,2.1137,0.0000,enc,0.0000
1786025254.787632,0.1817,0.0,0.0,0.0000,0.0000,1.0139,-0.2627,2.1137,0.0000,enc,0.0000
1786025254.807867,0.0202,0.0,0.0,0.0000,0.0000,1.0139,-0.2627,2.1137,0.0000,enc,0.0000
1786025255.044835,0.2370,0.0,0.0,0.0000,0.0000,1.0139,-0.2627,2.1137,0.0000,enc,0.0000
1786025255.044894,0.0001,0.0,0.0,0.0000,0.0000,1.0139,-0.2627,2.1137,0.0000,enc,0.0000
1786025255.112928,0.0680,0.0,0.0,0.0000,0.0000,1.0139,-0.2627,2.1137,0.0000,enc,0.0000
1786025255.217999,0.1051,0.0,0.0,0.0000,0.0000,1.0139,-0.2627,2.1137,0.0000,enc,0.0000
1786025255.317276,0.0993,0.0,0.0,0.0000,0.0000,1.0139,-0.2627,2.1137,0.0000,enc,0.0000
1786025255.420585,0.1033,0.0,0.0,0.0000,0.0000,1.0139,-0.2627,2.1137,0.0000,enc,0.0000
1786025255.526790,0.1062,0.0,0.0,0.0000,0.0000,1.0139,-0.2627,2.1137,0.0000,enc,0.0000
1786025255.638742,0.1120,0.0,0.0,0.0000,0.0000,1.0139,-0.2627,2.1137,0.0000,enc,0.0000
1786025255.731385,0.0926,0.0,0.0,0.0000,0.0000,1.0139,-0.2627,2.1137,0.0000,enc,0.0000
1786025255.831904,0.1005,0.0,0.0,0.0000,0.0000,1.0139,-0.2627,2.1137,0.0000,enc,0.0000
1786025255.943426,0.1115,0.0,0.0,0.0000,0.0000,1.0139,-0.2627,2.1137,0.0000,enc,0.0000
1786025256.048122,0.1047,0.0,0.0,0.0000,0.0000,1.0139,-0.2627,2.1137,0.0000,enc,0.0000
1786025256.137711,0.0896,0.0,0.0,0.0000,0.0000,1.0139,-0.2627,2.1137,0.0000,enc,0.0000
1786025256.238746,0.1010,0.0,0.0,0.0000,0.0000,1.0139,-0.2627,2.1137,0.0000,enc,0.0000
1786025256.341781,0.1030,0.0,0.0,0.0000,0.0000,1.0139,-0.2627,2.1137,0.0000,enc,0.0000
1786025256.444396,0.1026,0.0,0.0,0.0000,0.0000,1.0139,-0.2627,2.1137,0.0000,enc,0.0000
1786025256.546406,0.1020,0.0,0.0,0.0000,0.0000,1.0139,-0.2627,2.1137,0.0000,enc,0.0000
1786025256.648289,0.1019,0.0,0.0,0.0000,0.0000,1.0139,-0.2627,2.1137,0.0000,enc,0.0000
1786025256.751136,0.1028,0.0,0.0,0.0000,0.0000,1.0139,-0.2627,2.1137,0.0000,enc,0.0000
1786025256.853738,0.1026,0.0,0.0,0.0000,0.0000,1.0139,-0.2627,2.1137,0.0000,enc,0.0000
1786025256.955905,0.1022,0.0,0.0,0.0000,0.0000,1.0139,-0.2627,2.1137,0.0000,enc,0.0000
1786025257.054116,0.0982,0.0,0.0,0.0000,0.0000,1.0139,-0.2627,2.1137,0.0000,enc,0.0000
1786025257.160378,0.1063,0.0,0.0,0.0000,0.0000,1.0139,-0.2627,2.1137,0.0000,enc,0.0000
1786025257.258817,0.0984,0.0,0.0,0.0000,0.0000,1.0139,-0.2627,2.1137,0.0000,enc,0.0000
1786025257.361941,0.1031,0.0,0.0,0.0000,0.0000,1.0139,-0.2627,2.1137,0.0000,enc,0.0000
1786025257.466026,0.1041,0.0,0.0,0.0000,0.0000,1.0139,-0.2627,2.1137,0.0000,enc,0.0000
1786025257.564931,0.0989,0.0,0.0,0.0000,0.0000,1.0139,-0.2627,2.1137,0.0000,enc,0.0000
1786025257.666978,0.1020,0.0,0.0,0.0000,0.0000,1.0139,-0.2627,2.1137,0.0000,enc,0.0000
1786025257.772259,0.1053,0.0,0.0,0.0000,0.0000,1.0139,-0.2627,2.1137,0.0000,enc,0.0000
1786025257.871330,0.0991,0.0,0.0,0.0000,0.0000,1.0139,-0.2627,2.1137,0.0000,enc,0.0000
1786025257.973162,0.1018,0.0,0.0,0.0000,0.0000,1.0139,-0.2627,2.1137,0.0000,enc,0.0000
1786025258.078379,0.1052,0.0,0.0,0.0000,0.0000,1.0139,-0.2627,2.1137,0.0000,enc,0.0000
1786025258.181993,0.1036,0.0,0.0,0.0000,0.0000,1.0139,-0.2627,2.1137,0.0000,enc,0.0000
1786025258.284426,0.1024,0.0,0.0,0.0000,0.0000,1.0139,-0.2627,2.1137,0.0000,enc,0.0000
1786025258.385774,0.1013,0.0,0.0,0.0000,0.0000,1.0139,-0.2627,2.1137,0.0000,enc,0.0000
1786025258.490436,0.1047,0.0,0.0,0.0000,0.0000,1.0139,-0.2627,2.1137,0.0000,enc,0.0000
1786025258.591067,0.1006,0.0,0.0,0.0000,0.0000,1.0139,-0.2627,2.1137,0.0000,enc,0.0000
1786025258.691970,0.1009,0.0,0.0,0.0000,0.0000,1.0139,-0.2627,2.1137,0.0000,enc,0.0000
1786025258.794774,0.1028,0.0,0.0,0.0000,0.0000,1.0139,-0.2627,2.1137,0.0000,enc,0.0000
1786025258.895963,0.1012,0.0,0.0,0.0000,0.0000,1.0139,-0.2627,2.1137,0.0000,enc,0.0000
1786025258.999494,0.1035,0.0,0.0,0.0000,0.0000,1.0139,-0.2627,2.1137,0.0000,enc,0.0000
1786025259.101614,0.1021,0.0,0.0,0.0000,0.0000,1.0139,-0.2627,2.1137,0.0000,enc,0.0000
1786025259.202337,0.1007,0.0,0.0,0.0000,0.0000,1.0139,-0.2627,2.1137,0.0000,enc,0.0000
1786025259.304870,0.1025,0.0,0.0,0.0000,0.0000,1.0139,-0.2627,2.1137,0.0000,enc,0.0000
1786025259.408569,0.1037,0.0,0.0,0.0000,0.0000,1.0139,-0.2627,2.1137,0.0000,enc,0.0000
1786025259.514178,0.1056,0.0,0.0,0.0000,0.0000,1.0139,-0.2627,2.1137,0.0000,enc,0.0000
1786025259.613587,0.0994,0.0,0.0,0.0000,0.0000,1.0139,-0.2627,2.1137,0.0000,enc,0.0000
1786025259.714226,0.1006,0.0,0.0,0.0000,0.0000,1.0139,-0.2627,2.1137,0.0000,enc,0.0000
1786025259.815742,0.1015,0.0,0.0,0.0000,0.0000,1.0139,-0.2627,2.1137,0.0000,enc,0.0000
1786025259.916256,0.1005,0.0,0.0,0.0000,0.0000,1.0139,-0.2627,2.1137,0.0000,enc,0.0000
1786025260.023736,0.1075,0.0,0.0,0.0000,0.0000,1.0139,-0.2627,2.1137,0.0000,enc,0.0000
1786025260.120655,0.0969,0.0,0.0,0.0000,0.0000,1.0139,-0.2627,2.1137,0.0000,enc,0.0000
1786025260.222306,0.1017,0.0,0.0,0.0000,0.0000,1.0139,-0.2627,2.1137,0.0000,enc,0.0000
1786025260.328478,0.1062,0.0,0.0,0.0000,0.0000,1.0139,-0.2627,2.1137,0.0000,enc,0.0000
1786025260.425906,0.0974,0.0,0.0,0.0000,0.0000,1.0139,-0.2627,2.1137,0.0000,enc,0.0000
1786025260.530246,0.1043,0.0,0.0,0.0000,0.0000,1.0139,-0.2627,2.1137,0.0000,enc,0.0000
1786025260.632801,0.1026,0.0,0.0,0.0000,0.0000,1.0139,-0.2627,2.1137,0.0000,enc,0.0000
1786025260.738889,0.1061,0.0,0.0,0.0000,0.0000,1.0139,-0.2627,2.1137,0.0000,enc,0.0000
1786025260.842016,0.1031,0.0,0.0,0.0000,0.0000,1.0139,-0.2627,2.1137,0.0000,enc,0.0000
1786025260.941993,0.1000,0.0,0.0,0.0000,0.0000,1.0139,-0.2627,2.1137,0.0000,enc,0.0000
1786025261.044887,0.1029,0.0,0.0,0.0000,0.0000,1.0139,-0.2627,2.1137,0.0000,enc,0.0000
1786025261.144525,0.0996,0.0,0.0,0.0000,0.0000,1.0139,-0.2627,2.1137,0.0000,enc,0.0000
1786025261.246455,0.1019,0.0,0.0,0.0000,0.0000,1.0139,-0.2627,2.1137,0.0000,enc,0.0000
1786025261.348677,0.1022,0.0,0.0,0.0000,0.0000,1.0139,-0.2627,2.1137,0.0000,enc,0.0000
1786025261.449826,0.1011,0.0,0.0,0.0000,0.0000,1.0139,-0.2627,2.1137,0.0000,enc,0.0000
1786025261.565247,0.1154,0.0,0.0,0.0000,0.0000,1.0139,-0.2627,2.1137,0.0000,enc,0.0000
1786025261.654578,0.0893,0.0,0.0,0.0000,0.0000,1.0139,-0.2627,2.1137,0.0000,enc,0.0000
1786025261.757608,0.1030,0.0,0.0,0.0000,0.0000,1.0139,-0.2627,2.1137,0.0000,enc,0.0000
1786025261.866347,0.1087,0.0,0.0,0.0000,0.0000,1.0139,-0.2627,2.1137,0.0000,enc,0.0000
1786025261.967220,0.1009,0.0,0.0,0.0000,0.0000,1.0139,-0.2627,2.1137,0.0000,enc,0.0000
1786025262.069532,0.1023,0.0,0.0,0.0000,0.0000,1.0139,-0.2627,2.1137,0.0000,enc,0.0000
1786025262.186349,0.1168,0.0,0.0,0.0000,0.0000,1.0139,-0.2627,2.1137,0.0000,enc,0.0000
1786025262.266507,0.0802,0.0,0.0,0.0000,0.0000,1.0139,-0.2627,2.1137,0.0000,enc,0.0000
1786025262.368246,0.1017,0.0,0.0,0.0000,0.0000,1.0139,-0.2627,2.1137,0.0000,enc,0.0000
1786025262.483563,0.1153,0.0,0.0,0.0000,0.0000,1.0139,-0.2627,2.1137,0.0000,enc,0.0000
1786025262.571979,0.0884,0.0,0.0,0.0000,0.0000,1.0139,-0.2627,2.1137,0.0000,enc,0.0000
1786025262.674315,0.1023,0.0,0.0,0.0000,0.0000,1.0139,-0.2627,2.1137,0.0000,enc,0.0000
1786025262.774480,0.1002,0.0,0.0,0.0000,0.0000,1.0139,-0.2627,2.1137,0.0000,enc,0.0000
1786025262.879311,0.1048,0.0,0.0,0.0000,0.0000,1.0139,-0.2627,2.1137,0.0000,enc,0.0000
1786025262.978507,0.0992,0.0,0.0,0.0000,0.0000,1.0139,-0.2627,2.1137,0.0000,enc,0.0000
1786025263.079934,0.1014,0.0,0.0,0.0000,0.0000,1.0139,-0.2627,2.1137,0.0000,enc,0.0000
1786025263.185833,0.1059,0.0,0.0,0.0000,0.0000,1.0139,-0.2627,2.1137,0.0000,enc,0.0000
1786025263.285449,0.0996,0.0,0.0,0.0000,0.0000,1.0139,-0.2627,2.1137,0.0000,enc,0.0000
1786025263.387429,0.1020,0.0,0.0,0.0000,0.0000,1.0139,-0.2627,2.1137,0.0000,enc,0.0000
1786025263.493094,0.1057,0.0,0.0,0.0000,0.0000,1.0139,-0.2627,2.1137,0.0000,enc,0.0000
1786025263.593663,0.1006,0.0,0.0,0.0000,0.0000,1.0139,-0.2627,2.1137,0.0000,enc,0.0000
1786025263.693846,0.1002,0.0,0.0,0.0000,0.0000,1.0139,-0.2627,2.1137,0.0000,enc,0.0000
1786025263.795702,0.1019,0.0,0.0,0.0000,0.0000,1.0139,-0.2627,2.1137,0.0000,enc,0.0000
1786025263.899616,0.1039,0.0,0.0,0.0000,0.0000,1.0139,-0.2627,2.1137,0.0000,enc,0.0000
1786025264.002451,0.1028,0.0,0.0,0.0000,0.0000,1.0139,-0.2627,2.1137,0.0000,enc,0.0000
1786025264.105400,0.1029,0.0,0.0,0.0000,0.0000,1.0139,-0.2627,2.1137,0.0000,enc,0.0000
1786025264.206604,0.1012,0.0,0.0,0.0000,0.0000,1.0139,-0.2627,2.1137,0.0000,enc,0.0000
1786025264.308620,0.1020,0.0,0.0,0.0000,0.0000,1.0139,-0.2627,2.1137,0.0000,enc,0.0000
1786025264.412076,0.1035,0.0,0.0,0.0000,0.0000,1.0139,-0.2627,2.1137,0.0000,enc,0.0000
1786025264.514757,0.1027,0.0,0.0,0.0000,0.0000,1.0139,-0.2627,2.1137,0.0000,enc,0.0000
1786025264.614588,0.0998,0.0,0.0,0.0000,0.0000,1.0139,-0.2627,2.1137,0.0000,enc,0.0000
1786025264.717303,0.1027,0.0,0.0,0.0000,0.0000,1.0139,-0.2627,2.1137,0.0000,enc,0.0000
1786025264.819552,0.1022,0.0,0.0,0.0000,0.0000,1.0139,-0.2627,2.1137,0.0000,enc,0.0000
1786025264.922247,0.1027,0.0,0.0,0.0000,0.0000,1.0139,-0.2627,2.1137,0.0000,enc,0.0000
1786025265.021707,0.0995,0.0,0.0,0.0000,0.0000,1.0139,-0.2627,2.1137,0.0000,enc,0.0000
1786025265.267036,0.2453,0.0,0.0,0.0000,0.0000,1.0139,-0.2627,2.1137,0.0000,enc,0.0000
1786025265.267639,0.0006,0.0,0.0,0.0000,0.0000,1.0139,-0.2627,2.1137,0.0000,enc,0.0000
1786025265.326903,0.0593,0.0,0.0,0.0000,0.0000,1.0139,-0.2627,2.1137,0.0000,enc,0.0000
1786025265.524389,0.1975,0.0,0.0,0.0000,0.0000,1.0139,-0.2627,2.1137,0.0000,enc,0.0000
1786025265.531719,0.0073,0.0,0.0,0.0000,0.0000,1.0139,-0.2627,2.1137,0.0000,enc,0.0000
1786025265.768331,0.2366,0.0,0.0,0.0000,0.0000,1.0139,-0.2627,2.1137,0.0000,enc,0.0000
1786025265.768384,0.0001,0.0,0.0,0.0000,0.0000,1.0139,-0.2627,2.1137,0.0000,enc,0.0000
1786025265.838400,0.0700,0.0,0.0,0.0000,0.0000,1.0139,-0.2627,2.1137,0.0000,enc,0.0000
1786025266.013953,0.1756,0.0,0.0,0.0000,0.0000,1.0139,-0.2627,2.1137,0.0000,enc,0.0000
1786025266.043794,0.0298,0.0,0.0,0.0000,0.0000,1.0139,-0.2627,2.1137,0.0000,enc,0.0000
1786025266.268339,0.2245,0.0,0.0,0.0000,0.0000,1.0139,-0.2627,2.1137,0.0000,enc,0.0000
1786025266.268390,0.0001,0.0,0.0,0.0000,0.0000,1.0139,-0.2627,2.1137,0.0000,enc,0.0000
1786025266.352923,0.0845,0.0,0.0,0.0000,0.0000,1.0139,-0.2627,2.1137,0.0000,enc,0.0000
1786025266.523506,0.1706,0.0,0.0,0.0000,0.0000,1.0139,-0.2627,2.1137,0.0000,enc,0.0000
1786025266.555167,0.0317,0.0,0.0,0.0000,0.0000,1.0139,-0.2627,2.1137,0.0000,enc,0.0000
1786025266.779438,0.2243,0.0,0.0,0.0000,0.0000,1.0139,-0.2627,2.1137,0.0000,enc,0.0000
1786025266.779487,0.0000,0.0,0.0,0.0000,0.0000,1.0139,-0.2627,2.1137,0.0000,enc,0.0000
1786025266.863464,0.0840,0.0,0.0,0.0000,0.0000,1.0139,-0.2627,2.1137,0.0000,enc,0.0000
1786025267.027082,0.1636,0.0,0.0,0.0000,0.0000,1.0139,-0.2627,2.1137,0.0000,enc,0.0000
1786025267.067105,0.0400,0.0,0.0,0.0000,0.0000,1.0139,-0.2627,2.1137,0.0000,enc,0.0000
1786025267.278497,0.2114,0.0,0.0,0.0000,0.0000,1.0139,-0.2627,2.1137,0.0000,enc,0.0000
1786025267.278549,0.0001,0.0,0.0,0.0000,0.0000,1.0139,-0.2627,2.1137,0.0000,enc,0.0000
1786025267.374593,0.0960,0.0,0.0,0.0000,0.0000,1.0139,-0.2627,2.1137,0.0000,enc,0.0000
1786025267.529843,0.1552,0.0,0.0,0.0000,0.0000,1.0139,-0.2627,2.1137,0.0000,enc,0.0000
1786025267.575060,0.0452,0.0,0.0,0.0000,0.0000,1.0139,-0.2627,2.1137,0.0000,enc,0.0000
1786025267.774196,0.1991,0.0,0.0,0.0000,0.0000,1.0139,-0.2627,2.1137,0.0000,enc,0.0000
1786025267.780119,0.0059,0.0,0.0,0.0000,0.0000,1.0139,-0.2627,2.1137,0.0000,enc,0.0000
1786025268.027927,0.2478,0.0,0.0,0.0000,0.0000,1.0139,-0.2627,2.1137,0.0000,enc,0.0000
1786025268.028041,0.0001,0.0,0.0,0.0000,0.0000,1.0139,-0.2627,2.1137,0.0000,enc,0.0000
1786025268.086153,0.0581,0.0,0.0,0.0000,0.0000,1.0139,-0.2627,2.1137,0.0000,enc,0.0000
1786025268.279461,0.1933,0.0,0.0,0.0000,0.0000,1.0139,-0.2627,2.1137,0.0000,enc,0.0000
1786025268.290583,0.0111,0.0,0.0,0.0000,0.0000,1.0139,-0.2627,2.1137,0.0000,enc,0.0000
1786025268.527580,0.2370,0.0,0.0,0.0000,0.0000,1.0139,-0.2627,2.1137,0.0000,enc,0.0000
1786025268.528449,0.0009,0.0,0.0,0.0000,0.0000,1.0139,-0.2627,2.1137,0.0000,enc,0.0000
1786025268.599975,0.0715,0.0,0.0,0.0000,0.0000,1.0139,-0.2627,2.1137,0.0000,enc,0.0000
1786025268.779111,0.1791,0.0,0.0,0.0000,0.0000,1.0139,-0.2627,2.1137,0.0000,enc,0.0000
1786025268.801258,0.0221,0.0,0.0,0.0000,0.0000,1.0139,-0.2627,2.1137,0.0000,enc,0.0000
1786025269.031873,0.2306,0.0,0.0,0.0000,0.0000,1.0139,-0.2627,2.1137,0.0000,enc,0.0000
1786025269.032138,0.0003,0.0,0.0,0.0000,0.0000,1.0139,-0.2627,2.1137,0.0000,enc,0.0000
1786025269.111477,0.0793,0.0,0.0,0.0000,0.0000,1.0139,-0.2627,2.1137,0.0000,enc,0.0000
1786025269.283045,0.1716,0.0,0.0,0.0000,0.0000,1.0139,-0.2627,2.1137,0.0000,enc,0.0000
1786025269.313138,0.0301,0.0,0.0,0.0000,0.0000,1.0139,-0.2627,2.1137,0.0000,enc,0.0000
1786025269.545716,0.2326,0.0,0.0,0.0000,0.0000,1.0139,-0.2627,2.1137,0.0000,enc,0.0000
1786025269.545772,0.0001,0.0,0.0,0.0000,0.0000,1.0139,-0.2627,2.1137,0.0000,enc,0.0000
1786025269.619401,0.0736,0.0,0.0,0.0000,0.0000,1.0139,-0.2627,2.1137,0.0000,enc,0.0000
1786025269.795723,0.1763,0.0,0.0,0.0000,0.0000,1.0139,-0.2627,2.1137,0.0000,enc,0.0000
1786025269.824742,0.0290,0.0,0.0,0.0000,0.0000,1.0139,-0.2627,2.1137,0.0000,enc,0.0000
1786025270.050442,0.2257,0.0,0.0,0.0000,0.0000,1.0139,-0.2627,2.1137,0.0000,enc,0.0000
1786025270.050491,0.0000,0.0,0.0,0.0000,0.0000,1.0139,-0.2627,2.1137,0.0000,enc,0.0000
1786025270.131101,0.0806,0.0,0.0,0.0000,0.0000,1.0139,-0.2627,2.1137,0.0000,enc,0.0000
1786025270.234359,0.1033,0.0,0.0,0.0000,0.0000,1.0139,-0.2627,2.1137,0.0000,enc,0.0000
1786025270.333117,0.0988,0.0,0.0,0.0000,0.0000,1.0139,-0.2627,2.1137,0.0000,enc,0.0000
1786025270.435922,0.1028,0.0,0.0,0.0000,0.0000,1.0139,-0.2627,2.1137,0.0000,enc,0.0000
1786025270.541259,0.1053,0.0,0.0,0.0000,0.0000,1.0139,-0.2627,2.1137,0.0000,enc,0.0000
1786025270.639539,0.0983,0.0,0.0,0.0000,0.0000,1.0139,-0.2627,2.1137,0.0000,enc,0.0000
1786025270.741898,0.1024,0.0,0.0,0.0000,0.0000,1.0139,-0.2627,2.1137,0.0000,enc,0.0000
1786025270.848673,0.1068,0.0,0.0,0.0000,0.0000,1.0139,-0.2627,2.1137,0.0000,enc,0.0000
1786025270.946661,0.0980,0.0,0.0,0.0000,0.0000,1.0139,-0.2627,2.1137,0.0000,enc,0.0000
1786025271.048398,0.1017,0.0,0.0,0.0000,0.0000,1.0139,-0.2627,2.1137,0.0000,enc,0.0000
1786025271.155321,0.1069,0.0,0.0,0.0000,0.0000,1.0139,-0.2627,2.1137,0.0000,enc,0.0000
1786025271.252526,0.0972,0.0,0.0,0.0000,0.0000,1.0139,-0.2627,2.1137,0.0000,enc,0.0000
1786025271.354378,0.1019,0.0,0.0,0.0000,0.0000,1.0139,-0.2627,2.1137,0.0000,enc,0.0000
1786025271.459678,0.1053,0.0,0.0,0.0000,0.0000,1.0139,-0.2627,2.1137,0.0000,enc,0.0000
1786025271.558995,0.0993,0.0,0.0,0.0000,0.0000,1.0139,-0.2627,2.1137,0.0000,enc,0.0000
1786025271.663504,0.1045,0.0,0.0,0.0000,0.0000,1.0139,-0.2627,2.1137,0.0000,enc,0.0000
1786025271.766093,0.1026,0.0,0.0,0.0000,0.0000,1.0139,-0.2627,2.1137,0.0000,enc,0.0000
1786025271.868755,0.1027,0.0,0.0,0.0000,0.0000,1.0139,-0.2627,2.1137,0.0000,enc,0.0000
1786025271.971655,0.1029,0.0,0.0,0.0000,0.0000,1.0139,-0.2627,2.1137,0.0000,enc,0.0000
1786025272.071531,0.0999,0.0,0.0,0.0000,0.0000,1.0139,-0.2627,2.1137,0.0000,enc,0.0000
1786025272.175406,0.1039,0.0,0.0,0.0000,0.0000,1.0139,-0.2627,2.1137,0.0000,enc,0.0000
1786025272.276557,0.1012,0.0,0.0,0.0000,0.0000,1.0139,-0.2627,2.1137,0.0000,enc,0.0000
1786025272.379263,0.1027,0.0,0.0,0.0000,0.0000,1.0139,-0.2627,2.1137,0.0000,enc,0.0000
1786025272.481942,0.1027,0.0,0.0,0.0000,0.0000,1.0139,-0.2627,2.1137,0.0000,enc,0.0000
1786025272.583499,0.1016,0.0,0.0,0.0000,0.0000,1.0139,-0.2627,2.1137,0.0000,enc,0.0000
1786025272.683043,0.0995,0.0,0.0,0.0000,0.0000,1.0139,-0.2627,2.1137,0.0000,enc,0.0000
1786025272.788125,0.1051,0.0,0.0,0.0000,0.0000,1.0139,-0.2627,2.1137,0.0000,enc,0.0000
1786025272.887558,0.0994,0.0,0.0,0.0000,0.0000,1.0139,-0.2627,2.1137,0.0000,enc,0.0000
1786025272.990084,0.1025,0.0,0.0,0.0000,0.0000,1.0139,-0.2627,2.1137,0.0000,enc,0.0000
1786025273.094600,0.1045,0.0,0.0,0.0000,0.0000,1.0139,-0.2627,2.1137,0.0000,enc,0.0000
1786025273.194084,0.0995,0.0,0.0,0.0000,0.0000,1.0139,-0.2627,2.1137,0.0000,enc,0.0000
1786025273.296045,0.1020,0.0,0.0,0.0000,0.0000,1.0139,-0.2627,2.1137,0.0000,enc,0.0000
1786025273.399950,0.1039,0.0,0.0,0.0000,0.0000,1.0139,-0.2627,2.1137,0.0000,enc,0.0000
1786025273.500869,0.1009,0.0,0.0,0.0000,0.0000,1.0139,-0.2627,2.1137,0.0000,enc,0.0000
1786025273.601822,0.1010,0.0,0.0,0.0000,0.0000,1.0139,-0.2627,2.1137,0.0000,enc,0.0000
1786025273.708183,0.1064,0.0,0.0,0.0000,0.0000,1.0139,-0.2627,2.1137,0.0000,enc,0.0000
1786025273.808759,0.1006,0.0,0.0,0.0000,0.0000,1.0139,-0.2627,2.1137,0.0000,enc,0.0000
1786025273.911709,0.1029,0.0,0.0,0.0000,0.0000,1.0139,-0.2627,2.1137,0.0000,enc,0.0000
1786025274.015593,0.1039,0.0,0.0,0.0000,0.0000,1.0139,-0.2627,2.1137,0.0000,enc,0.0000
1786025274.117048,0.1015,0.0,0.0,0.0000,0.0000,1.0139,-0.2627,2.1137,0.0000,enc,0.0000
1786025274.218511,0.1015,0.0,0.0,0.0000,0.0000,1.0139,-0.2627,2.1137,0.0000,enc,0.0000
1786025274.321315,0.1028,0.0,0.0,0.0000,0.0000,1.0139,-0.2627,2.1137,0.0000,enc,0.0000
1786025274.423823,0.1025,0.0,0.0,0.0000,0.0000,1.0139,-0.2627,2.1137,0.0000,enc,0.0000
1786025274.524968,0.1011,0.0,0.0,0.0000,0.0000,1.0139,-0.2627,2.1137,0.0000,enc,0.0000
1786025274.629002,0.1040,0.0,0.0,0.0000,0.0000,1.0139,-0.2627,2.1137,0.0000,enc,0.0000
1786025274.730236,0.1012,0.0,0.0,0.0000,0.0000,1.0139,-0.2627,2.1137,0.0000,enc,0.0000
1786025274.832790,0.1026,0.0,0.0,0.0000,0.0000,1.0139,-0.2627,2.1137,0.0000,enc,0.0000
1786025274.934958,0.1022,0.0,0.0,0.0000,0.0000,1.0139,-0.2627,2.1137,0.0000,enc,0.0000
1786025275.036904,0.1019,0.0,0.0,0.0000,0.0000,1.0139,-0.2627,2.1137,0.0000,enc,0.0000
1786025275.141179,0.1043,0.0,0.0,0.0000,0.0000,1.0139,-0.2627,2.1137,0.0000,enc,0.0000
1786025275.239081,0.0979,0.0,0.0,0.0000,0.0000,1.0139,-0.2627,2.1137,0.0000,enc,0.0000
1786025275.342176,0.1031,0.0,0.0,0.0000,0.0000,1.0139,-0.2627,2.1137,0.0000,enc,0.0000
1786025275.447834,0.1057,0.0,0.0,0.0000,0.0000,1.0139,-0.2627,2.1137,0.0000,enc,0.0000
1786025275.544475,0.0966,0.0,0.0,0.0000,0.0000,1.0139,-0.2627,2.1137,0.0000,enc,0.0000
1786025275.648130,0.1037,0.0,0.0,0.0000,0.0000,1.0139,-0.2627,2.1137,0.0000,enc,0.0000
1786025275.748032,0.0999,0.0,0.0,0.0000,0.0000,1.0139,-0.2627,2.1137,0.0000,enc,0.0000
1786025275.849951,0.1019,0.0,0.0,0.0000,0.0000,1.0139,-0.2627,2.1137,0.0000,enc,0.0000
1786025275.956827,0.1069,0.0,0.0,0.0000,0.0000,1.0139,-0.2627,2.1137,0.0000,enc,0.0000
1786025276.056021,0.0992,0.0,0.0,0.0000,0.0000,1.0139,-0.2627,2.1137,0.0000,enc,0.0000
1786025276.158287,0.1023,0.0,0.0,0.0000,0.0000,1.0139,-0.2627,2.1137,0.0000,enc,0.0000
1786025276.263062,0.1048,0.0,0.0,0.0000,0.0000,1.0139,-0.2627,2.1137,0.0000,enc,0.0000
1786025276.362186,0.0991,0.0,0.0,0.0000,0.0000,1.0139,-0.2627,2.1137,0.0000,enc,0.0000
1786025276.465326,0.1031,0.0,0.0,0.0000,0.0000,1.0139,-0.2627,2.1137,0.0000,enc,0.0000
1786025276.570184,0.1049,0.0,0.0,0.0000,0.0000,1.0139,-0.2627,2.1137,0.0000,enc,0.0000
1786025276.672868,0.1027,0.0,0.0,0.0000,0.0000,1.0139,-0.2627,2.1137,0.0000,enc,0.0000
1786025276.773859,0.1010,0.0,0.0,0.0000,0.0000,1.0139,-0.2627,2.1137,0.0000,enc,0.0000
1786025276.872967,0.0991,0.0,0.0,0.0000,0.0000,1.0139,-0.2627,2.1137,0.0000,enc,0.0000
1786025276.978677,0.1057,0.0,0.0,0.0000,0.0000,1.0139,-0.2627,2.1137,0.0000,enc,0.0000
1786025277.080142,0.1015,0.0,0.0,0.0000,0.0000,1.0139,-0.2627,2.1137,0.0000,enc,0.0000
1786025277.182192,0.1021,0.0,0.0,0.0000,0.0000,1.0139,-0.2627,2.1137,0.0000,enc,0.0000
1786025277.284259,0.1021,0.0,0.0,0.0000,0.0000,1.0139,-0.2627,2.1137,0.0000,enc,0.0000
1786025277.387185,0.1029,0.0,0.0,0.0000,0.0000,1.0139,-0.2627,2.1137,0.0000,enc,0.0000
1786025277.490652,0.1035,0.0,0.0,0.0000,0.0000,1.0139,-0.2627,2.1137,0.0000,enc,0.0000
1786025277.590986,0.1003,0.0,0.0,0.0000,0.0000,1.0139,-0.2627,2.1137,0.0000,enc,0.0000
1786025277.695051,0.1041,0.0,0.0,0.0000,0.0000,1.0139,-0.2627,2.1137,0.0000,enc,0.0000
1786025277.795348,0.1003,0.0,0.0,0.0000,0.0000,1.0139,-0.2627,2.1137,0.0000,enc,0.0000
1786025277.896524,0.1012,0.0,0.0,0.0000,0.0000,1.0139,-0.2627,2.1137,0.0000,enc,0.0000
1786025277.999203,0.1027,0.0,0.0,0.0000,0.0000,1.0139,-0.2627,2.1137,0.0000,enc,0.0000
1786025278.114244,0.1150,0.0,0.0,0.0000,0.0000,1.0139,-0.2627,2.1137,0.0000,enc,0.0000
1786025278.201060,0.0868,0.0,0.0,0.0000,0.0000,1.0139,-0.2627,2.1137,0.0000,enc,0.0000
1786025278.306581,0.1055,0.0,0.0,0.0000,0.0000,1.0139,-0.2627,2.1137,0.0000,enc,0.0000
1786025278.417450,0.1109,0.0,0.0,0.0000,0.0000,1.0139,-0.2627,2.1137,0.0000,enc,0.0000
1786025278.510303,0.0929,0.0,0.0,0.0000,0.0000,1.0139,-0.2627,2.1137,0.0000,enc,0.0000
1786025278.609789,0.0995,0.0,0.0,0.0000,0.0000,1.0139,-0.2627,2.1137,0.0000,enc,0.0000
1786025278.724550,0.1148,0.0,0.0,0.0000,0.0000,1.0139,-0.2627,2.1137,0.0000,enc,0.0000
1786025278.822264,0.0977,0.0,0.0,0.0000,0.0000,1.0139,-0.2627,2.1137,0.0000,enc,0.0000
1786025278.918385,0.0961,0.0,0.0,0.0000,0.0000,1.0139,-0.2627,2.1137,0.0000,enc,0.0000
1786025279.020057,0.1017,0.0,0.0,0.0000,0.0000,1.0139,-0.2627,2.1137,0.0000,enc,0.0000
1786025279.125572,0.1055,0.0,0.0,0.0000,0.0000,1.0139,-0.2627,2.1137,0.0000,enc,0.0000
1786025279.228951,0.1034,0.0,0.0,0.0000,0.0000,1.0139,-0.2627,2.1137,0.0000,enc,0.0000
1786025279.329209,0.1003,0.0,0.0,0.0000,0.0000,1.0139,-0.2627,2.1137,0.0000,enc,0.0000
1786025279.431580,0.1024,0.0,0.0,0.0000,0.0000,1.0139,-0.2627,2.1137,0.0000,enc,0.0000
1786025279.533951,0.1024,0.0,0.0,0.0000,0.0000,1.0139,-0.2627,2.1137,0.0000,enc,0.0000
1786025279.636545,0.1026,0.0,0.0,0.0000,0.0000,1.0139,-0.2627,2.1137,0.0000,enc,0.0000
1786025279.738099,0.1016,0.0,0.0,0.0000,0.0000,1.0139,-0.2627,2.1137,0.0000,enc,0.0000
1786025279.841633,0.1035,0.0,0.0,0.0000,0.0000,1.0139,-0.2627,2.1137,0.0000,enc,0.0000
1786025279.942865,0.1012,0.0,0.0,0.0000,0.0000,1.0139,-0.2627,2.1137,0.0000,enc,0.0000
1786025280.051758,0.1089,0.0,0.0,0.0000,0.0000,1.0139,-0.2627,2.1137,0.0000,enc,0.0000
1786025280.263858,0.2121,0.0,0.0,0.0000,0.0000,1.0139,-0.2627,2.1137,0.0000,enc,0.0000
1786025280.263902,0.0000,0.0,0.0,0.0000,0.0000,1.0139,-0.2627,2.1137,0.0000,enc,0.0000
1786025280.350876,0.0870,0.0,0.0,0.0000,0.0000,1.0139,-0.2627,2.1137,0.0000,enc,0.0000
1786025280.518312,0.1674,0.0,0.0,0.0000,0.0000,1.0139,-0.2627,2.1137,0.0000,enc,0.0000
1786025280.554700,0.0364,0.0,0.0,0.0000,0.0000,1.0139,-0.2627,2.1137,0.0000,enc,0.0000
1786025280.771368,0.2167,0.0,0.0,0.0000,0.0000,1.0139,-0.2627,2.1137,0.0000,enc,0.0000
1786025280.771415,0.0000,0.0,0.0,0.0000,0.0000,1.0139,-0.2627,2.1137,0.0000,enc,0.0000
1786025280.862764,0.0913,0.0,0.0,0.0000,0.0000,1.0139,-0.2627,2.1137,0.0000,enc,0.0000
1786025281.016932,0.1542,0.0,0.0,0.0000,0.0000,1.0139,-0.2627,2.1137,0.0000,enc,0.0000
1786025281.065330,0.0484,0.0,0.0,0.0000,0.0000,1.0139,-0.2627,2.1137,0.0000,enc,0.0000
1786025281.262059,0.1967,0.0,0.0,0.0000,0.0000,1.0139,-0.2627,2.1137,0.0000,enc,0.0000
1786025281.266907,0.0048,0.0,0.0,0.0000,0.0000,1.0139,-0.2627,2.1137,0.0000,enc,0.0000
1786025281.517567,0.2507,0.0,0.0,0.0000,0.0000,1.0139,-0.2627,2.1137,0.0000,enc,0.0000
1786025281.517614,0.0000,0.0,0.0,0.0000,0.0000,1.0139,-0.2627,2.1137,0.0000,enc,0.0000
1786025281.573277,0.0557,0.0,0.0,0.0000,0.0000,1.0139,-0.2627,2.1137,0.0000,enc,0.0000
1786025281.771822,0.1985,0.0,0.0,0.0000,0.0000,1.0139,-0.2627,2.1137,0.0000,enc,0.0000
1786025281.777560,0.0057,0.0,0.0,0.0000,0.0000,1.0139,-0.2627,2.1137,0.0000,enc,0.0000
1786025282.022948,0.2454,0.0,0.0,0.0000,0.0000,1.0139,-0.2627,2.1137,0.0000,enc,0.0000
1786025282.022996,0.0000,0.0,0.0,0.0000,0.0000,1.0139,-0.2627,2.1137,0.0000,enc,0.0000
1786025282.083748,0.0608,0.0,0.0,0.0000,0.0000,1.0139,-0.2627,2.1137,0.0000,enc,0.0000
1786025282.272748,0.1890,0.0,0.0,0.0000,0.0000,1.0139,-0.2627,2.1137,0.0000,enc,0.0000
1786025282.287894,0.0151,0.0,0.0,0.0000,0.0000,1.0139,-0.2627,2.1137,0.0000,enc,0.0000
1786025282.518927,0.2310,0.0,0.0,0.0000,0.0000,1.0139,-0.2627,2.1137,0.0000,enc,0.0000
1786025282.523301,0.0044,0.0,0.0,0.0000,0.0000,1.0139,-0.2627,2.1137,0.0000,enc,0.0000
1786025282.597584,0.0743,0.0,0.0,0.0000,0.0000,1.0139,-0.2627,2.1137,0.0000,enc,0.0000
1786025282.768875,0.1713,0.0,0.0,0.0000,0.0000,1.0139,-0.2627,2.1137,0.0000,enc,0.0000
1786025282.799191,0.0303,0.0,0.0,0.0000,0.0000,1.0139,-0.2627,2.1137,0.0000,enc,0.0000
1786025283.019899,0.2207,0.0,0.0,0.0000,0.0000,1.0139,-0.2627,2.1137,0.0000,enc,0.0000
1786025283.019948,0.0000,0.0,0.0,0.0000,0.0000,1.0139,-0.2627,2.1137,0.0000,enc,0.0000
1786025283.108925,0.0890,0.0,0.0,0.0000,0.0000,1.0139,-0.2627,2.1137,0.0000,enc,0.0000
1786025283.270413,0.1615,0.0,0.0,0.0000,0.0000,1.0139,-0.2627,2.1137,0.0000,enc,0.0000
1786025283.312936,0.0425,0.0,0.0,0.0000,0.0000,1.0139,-0.2627,2.1137,0.0000,enc,0.0000
1786025283.523019,0.2101,0.0,0.0,0.0000,0.0000,1.0139,-0.2627,2.1137,0.0000,enc,0.0000
1786025283.523073,0.0001,0.0,0.0,0.0000,0.0000,1.0139,-0.2627,2.1137,0.0000,enc,0.0000
1786025283.619483,0.0964,0.0,0.0,0.0000,0.0000,1.0139,-0.2627,2.1137,0.0000,enc,0.0000
1786025283.778938,0.1595,0.0,0.0,0.0000,0.0000,1.0139,-0.2627,2.1137,0.0000,enc,0.0000
1786025283.820663,0.0417,0.0,0.0,0.0000,0.0000,1.0139,-0.2627,2.1137,0.0000,enc,0.0000
1786025284.026222,0.2056,0.0,0.0,0.0000,0.0000,1.0139,-0.2627,2.1137,0.0000,enc,0.0000
1786025284.028499,0.0023,0.0,0.0,0.0000,0.0000,1.0139,-0.2627,2.1137,0.0000,enc,0.0000
1786025284.278291,0.2498,0.0,0.0,0.0000,0.0000,1.0139,-0.2627,2.1137,0.0000,enc,0.0000
1786025284.278339,0.0000,0.0,0.0,0.0000,0.0000,1.0139,-0.2627,2.1137,0.0000,enc,0.0000
1786025284.331091,0.0528,0.0,0.0,0.0000,0.0000,1.0139,-0.2627,2.1137,0.0000,enc,0.0000
1786025284.536976,0.2059,0.0,0.0,0.0000,0.0000,1.0139,-0.2627,2.1137,0.0000,enc,0.0000
1786025284.538305,0.0013,0.0,0.0,0.0000,0.0000,1.0139,-0.2627,2.1137,0.0000,enc,0.0000
1786025284.788077,0.2498,0.0,0.0,0.0000,0.0000,1.0139,-0.2627,2.1137,0.0000,enc,0.0000
1786025284.788128,0.0001,0.0,0.0,0.0000,0.0000,1.0139,-0.2627,2.1137,0.0000,enc,0.0000
1786025284.844878,0.0568,0.0,0.0,0.0000,0.0000,1.0139,-0.2627,2.1137,0.0000,enc,0.0000
1786025285.041791,0.1969,0.0,0.0,0.0000,0.0000,1.0139,-0.2627,2.1137,0.0000,enc,0.0000
1786025285.048733,0.0069,0.0,0.0,0.0000,0.0000,1.0139,-0.2627,2.1137,0.0000,enc,0.0000
1786025285.150634,0.1019,0.0,0.0,0.0000,0.0000,1.0139,-0.2627,2.1137,0.0000,enc,0.0000
1786025285.253002,0.1024,0.0,0.0,0.0000,0.0000,1.0139,-0.2627,2.1137,0.0000,enc,0.0000
1786025285.357101,0.1041,0.0,0.0,0.0000,0.0000,1.0139,-0.2627,2.1137,0.0000,enc,0.0000
1786025285.459434,0.1023,0.0,0.0,0.0000,0.0000,1.0139,-0.2627,2.1137,0.0000,enc,0.0000
1786025285.562953,0.1035,0.0,0.0,0.0000,0.0000,1.0139,-0.2627,2.1137,0.0000,enc,0.0000
1786025285.664740,0.1018,0.0,0.0,0.0000,0.0000,1.0139,-0.2627,2.1137,0.0000,enc,0.0000
1786025285.763824,0.0991,0.0,0.0,0.0000,0.0000,1.0139,-0.2627,2.1137,0.0000,enc,0.0000
1786025285.870014,0.1062,0.0,0.0,0.0000,0.0000,1.0139,-0.2627,2.1137,0.0000,enc,0.0000
1786025285.969774,0.0998,0.0,0.0,0.0000,0.0000,1.0139,-0.2627,2.1137,0.0000,enc,0.0000
1786025286.073894,0.1041,0.0,0.0,0.0000,0.0000,1.0139,-0.2627,2.1137,0.0000,enc,0.0000
1786025286.176051,0.1022,0.0,0.0,0.0000,0.0000,1.0139,-0.2627,2.1137,0.0000,enc,0.0000
1786025286.275582,0.0995,0.0,0.0,0.0000,0.0000,1.0139,-0.2627,2.1137,0.0000,enc,0.0000
1786025286.378939,0.1034,0.0,0.0,0.0000,0.0000,1.0139,-0.2627,2.1137,0.0000,enc,0.0000
1786025286.483208,0.1043,0.0,0.0,0.0000,0.0000,1.0139,-0.2627,2.1137,0.0000,enc,0.0000
1786025286.582385,0.0992,0.0,0.0,0.0000,0.0000,1.0139,-0.2627,2.1137,0.0000,enc,0.0000
1786025286.687981,0.1056,0.0,0.0,0.0000,0.0000,1.0139,-0.2627,2.1137,0.0000,enc,0.0000
1786025286.788674,0.1007,0.0,0.0,0.0000,0.0000,1.0139,-0.2627,2.1137,0.0000,enc,0.0000
1786025286.891629,0.1030,0.0,0.0,0.0000,0.0000,1.0139,-0.2627,2.1137,0.0000,enc,0.0000
1786025286.992629,0.1010,0.0,0.0,0.0000,0.0000,1.0139,-0.2627,2.1137,0.0000,enc,0.0000
1786025287.095608,0.1030,0.0,0.0,0.0000,0.0000,1.0139,-0.2627,2.1137,0.0000,enc,0.0000
1786025287.197564,0.1020,0.0,0.0,0.0000,0.0000,1.0139,-0.2627,2.1137,0.0000,enc,0.0000
1786025287.299433,0.1019,0.0,0.0,0.0000,0.0000,1.0139,-0.2627,2.1137,0.0000,enc,0.0000
1786025287.401923,0.1025,0.0,0.0,0.0000,0.0000,1.0139,-0.2627,2.1137,0.0000,enc,0.0000
1786025287.504199,0.1023,0.0,0.0,0.0000,0.0000,1.0139,-0.2627,2.1137,0.0000,enc,0.0000
1786025287.608436,0.1042,0.0,0.0,0.0000,0.0000,1.0139,-0.2627,2.1137,0.0000,enc,0.0000
1786025287.709676,0.1012,0.0,0.0,0.0000,0.0000,1.0139,-0.2627,2.1137,0.0000,enc,0.0000
1786025287.807103,0.0974,0.0,0.0,0.0000,0.0000,1.0139,-0.2627,2.1137,0.0000,enc,0.0000
1786025287.913903,0.1068,0.0,0.0,0.0000,0.0000,1.0139,-0.2627,2.1137,0.0000,enc,0.0000
1786025288.015566,0.1017,0.0,0.0,0.0000,0.0000,1.0139,-0.2627,2.1137,0.0000,enc,0.0000
1786025288.119587,0.1040,0.0,0.0,0.0000,0.0000,1.0139,-0.2627,2.1137,0.0000,enc,0.0000
1786025288.243620,0.1240,0.0,0.0,0.0000,0.0000,1.0139,-0.2627,2.1137,0.0000,enc,0.0000
1786025288.317512,0.0739,0.0,0.0,0.0000,0.0000,1.0139,-0.2627,2.1137,0.0000,enc,0.0000
1786025288.426599,0.1091,0.0,0.0,0.0000,0.0000,1.0139,-0.2627,2.1137,0.0000,enc,0.0000
1786025288.521893,0.0953,0.0,0.0,0.0000,0.0000,1.0139,-0.2627,2.1137,0.0000,enc,0.0000
1786025288.624040,0.1021,0.0,0.0,0.0000,0.0000,1.0139,-0.2627,2.1137,0.0000,enc,0.0000
1786025288.729058,0.1050,0.0,0.0,0.0000,0.0000,1.0139,-0.2627,2.1137,0.0000,enc,0.0000
1786025288.828819,0.0998,0.0,0.0,0.0000,0.0000,1.0139,-0.2627,2.1137,0.0000,enc,0.0000
1786025288.930361,0.1015,0.0,0.0,0.0000,0.0000,1.0139,-0.2627,2.1137,0.0000,enc,0.0000
1786025289.035284,0.1049,0.0,0.0,0.0000,0.0000,1.0139,-0.2627,2.1137,0.0000,enc,0.0000
1786025289.134554,0.0993,0.0,0.0,0.0000,0.0000,1.0139,-0.2627,2.1137,0.0000,enc,0.0000
1786025289.236552,0.1020,0.0,0.0,0.0000,0.0000,1.0139,-0.2627,2.1137,0.0000,enc,0.0000
1786025289.343017,0.1065,0.0,0.0,0.0000,0.0000,1.0139,-0.2627,2.1137,0.0000,enc,0.0000
1786025289.441767,0.0988,0.0,0.0,0.0000,0.0000,1.0139,-0.2627,2.1137,0.0000,enc,0.0000
1786025289.544322,0.1026,0.0,0.0,0.0000,0.0000,1.0139,-0.2627,2.1137,0.0000,enc,0.0000
1786025289.648965,0.1046,0.0,0.0,0.0000,0.0000,1.0139,-0.2627,2.1137,0.0000,enc,0.0000
1786025289.750916,0.1020,0.0,0.0,0.0000,0.0000,1.0139,-0.2627,2.1137,0.0000,enc,0.0000
1786025289.852900,0.1020,0.0,0.0,0.0000,0.0000,1.0139,-0.2627,2.1137,0.0000,enc,0.0000
1786025289.957019,0.1041,0.0,0.0,0.0000,0.0000,1.0139,-0.2627,2.1137,0.0000,enc,0.0000
1786025290.057794,0.1008,0.0,0.0,0.0000,0.0000,1.0139,-0.2627,2.1137,0.0000,enc,0.0000
1786025290.159842,0.1020,0.0,0.0,0.0000,0.0000,1.0139,-0.2627,2.1137,0.0000,enc,0.0000
1786025290.261320,0.1015,0.0,0.0,0.0000,0.0000,1.0139,-0.2627,2.1137,0.0000,enc,0.0000
1786025290.363711,0.1024,0.0,0.0,0.0000,0.0000,1.0139,-0.2627,2.1137,0.0000,enc,0.0000
1786025290.466465,0.1028,0.0,0.0,0.0000,0.0000,1.0139,-0.2627,2.1137,0.0000,enc,0.0000
1786025290.567829,0.1014,0.0,0.0,0.0000,0.0000,1.0139,-0.2627,2.1137,0.0000,enc,0.0000
1786025290.671575,0.1037,0.0,0.0,0.0000,0.0000,1.0139,-0.2627,2.1137,0.0000,enc,0.0000
1786025290.771373,0.0998,0.0,0.0,0.0000,0.0000,1.0139,-0.2627,2.1137,0.0000,enc,0.0000
1786025290.871401,0.1000,0.0,0.0,0.0000,0.0000,1.0139,-0.2627,2.1137,0.0000,enc,0.0000
1786025290.977566,0.1062,0.0,0.0,0.0000,0.0000,1.0139,-0.2627,2.1137,0.0000,enc,0.0000
1786025291.076221,0.0987,0.0,0.0,0.0000,0.0000,1.0139,-0.2627,2.1137,0.0000,enc,0.0000
1786025291.178111,0.1019,0.0,0.0,0.0000,0.0000,1.0139,-0.2627,2.1137,0.0000,enc,0.0000
1786025291.283098,0.1050,0.0,0.0,0.0000,0.0000,1.0139,-0.2627,2.1137,0.0000,enc,0.0000
1786025291.382108,0.0990,0.0,0.0,0.0000,0.0000,1.0139,-0.2627,2.1137,0.0000,enc,0.0000
1786025291.484815,0.1027,0.0,0.0,0.0000,0.0000,1.0139,-0.2627,2.1137,0.0000,enc,0.0000
1786025291.590451,0.1056,0.0,0.0,0.0000,0.0000,1.0139,-0.2627,2.1137,0.0000,enc,0.0000
1786025291.688896,0.0984,0.0,0.0,0.0000,0.0000,1.0139,-0.2627,2.1137,0.0000,enc,0.0000
1786025291.790825,0.1019,0.0,0.0,0.0000,0.0000,1.0139,-0.2627,2.1137,0.0000,enc,0.0000
1786025291.898255,0.1074,0.0,0.0,0.0000,0.0000,1.0139,-0.2627,2.1137,0.0000,enc,0.0000
1786025291.995795,0.0975,0.0,0.0,0.0000,0.0000,1.0139,-0.2627,2.1137,0.0000,enc,0.0000
1786025292.097730,0.1019,0.0,0.0,0.0000,0.0000,1.0139,-0.2627,2.1137,0.0000,enc,0.0000
1786025292.202452,0.1047,0.0,0.0,0.0000,0.0000,1.0139,-0.2627,2.1137,0.0000,enc,0.0000
1786025292.302336,0.0999,0.0,0.0,0.0000,0.0000,1.0139,-0.2627,2.1137,0.0000,enc,0.0000
1786025292.404097,0.1018,0.0,0.0,0.0000,0.0000,1.0139,-0.2627,2.1137,0.0000,enc,0.0000
1786025292.508590,0.1045,0.0,0.0,0.0000,0.0000,1.0139,-0.2627,2.1137,0.0000,enc,0.0000
1786025292.610831,0.1022,0.0,0.0,0.0000,0.0000,1.0139,-0.2627,2.1137,0.0000,enc,0.0000
1786025292.713377,0.1025,0.0,0.0,0.0000,0.0000,1.0139,-0.2627,2.1137,0.0000,enc,0.0000
1786025292.815663,0.1023,0.0,0.0,0.0000,0.0000,1.0139,-0.2627,2.1137,0.0000,enc,0.0000
1786025292.919075,0.1034,0.0,0.0,0.0000,0.0000,1.0139,-0.2627,2.1137,0.0000,enc,0.0000
1786025293.020359,0.1013,0.0,0.0,0.0000,0.0000,1.0139,-0.2627,2.1137,0.0000,enc,0.0000
1786025293.122129,0.1018,0.0,0.0,0.0000,0.0000,1.0139,-0.2627,2.1137,0.0000,enc,0.0000
1786025293.224183,0.1021,0.0,0.0,0.0000,0.0000,1.0139,-0.2627,2.1137,0.0000,enc,0.0000
1786025293.326322,0.1021,0.0,0.0,0.0000,0.0000,1.0139,-0.2627,2.1137,0.0000,enc,0.0000
1786025293.428631,0.1023,0.0,0.0,0.0000,0.0000,1.0139,-0.2627,2.1137,0.0000,enc,0.0000
1786025293.531063,0.1024,0.0,0.0,0.0000,0.0000,1.0139,-0.2627,2.1137,0.0000,enc,0.0000
1786025293.632228,0.1012,0.0,0.0,0.0000,0.0000,1.0139,-0.2627,2.1137,0.0000,enc,0.0000
1786025293.731695,0.0995,0.0,0.0,0.0000,0.0000,1.0139,-0.2627,2.1137,0.0000,enc,0.0000
1786025293.836746,0.1051,0.0,0.0,0.0000,0.0000,1.0139,-0.2627,2.1137,0.0000,enc,0.0000
1786025293.936252,0.0995,0.0,0.0,0.0000,0.0000,1.0139,-0.2627,2.1137,0.0000,enc,0.0000
1786025294.038084,0.1018,0.0,0.0,0.0000,0.0000,1.0139,-0.2627,2.1137,0.0000,enc,0.0000
1786025294.144167,0.1061,0.0,0.0,0.0000,0.0000,1.0139,-0.2627,2.1137,0.0000,enc,0.0000
1786025294.241937,0.0978,0.0,0.0,0.0000,0.0000,1.0139,-0.2627,2.1137,0.0000,enc,0.0000
1786025294.344584,0.1026,0.0,0.0,0.0000,0.0000,1.0139,-0.2627,2.1137,0.0000,enc,0.0000
1786025294.449722,0.1051,0.0,0.0,0.0000,0.0000,1.0139,-0.2627,2.1137,0.0000,enc,0.0000
1786025294.549512,0.0998,0.0,0.0,0.0000,0.0000,1.0139,-0.2627,2.1137,0.0000,enc,0.0000
1786025294.650861,0.1013,0.0,0.0,0.0000,0.0000,1.0139,-0.2627,2.1137,0.0000,enc,0.0000
1786025294.755871,0.1050,0.0,0.0,0.0000,0.0000,1.0139,-0.2627,2.1137,0.0000,enc,0.0000
1786025294.854769,0.0989,0.0,0.0,0.0000,0.0000,1.0139,-0.2627,2.1137,0.0000,enc,0.0000
1786025294.958991,0.1042,0.0,0.0,0.0000,0.0000,1.0139,-0.2627,2.1137,0.0000,enc,0.0000
1786025295.062212,0.1032,0.0,0.0,0.0000,0.0000,1.0139,-0.2627,2.1137,0.0000,enc,0.0000
1786025295.268924,0.2067,0.0,0.0,0.0000,0.0000,1.0139,-0.2627,2.1137,0.0000,enc,0.0000
1786025295.270772,0.0018,0.0,0.0,0.0000,0.0000,1.0139,-0.2627,2.1137,0.0000,enc,0.0000
1786025295.521706,0.2509,0.0,0.0,0.0000,0.0000,1.0139,-0.2627,2.1137,0.0000,enc,0.0000
1786025295.522069,0.0004,0.0,0.0,0.0000,0.0000,1.0139,-0.2627,2.1137,0.0000,enc,0.0000
1786025295.572836,0.0508,0.0,0.0,0.0000,0.0000,1.0139,-0.2627,2.1137,0.0000,enc,0.0000
1786025295.759094,0.1863,0.0,0.0,0.0000,0.0000,1.0139,-0.2627,2.1137,0.0000,enc,0.0000
1786025295.775361,0.0163,0.0,0.0,0.0000,0.0000,1.0139,-0.2627,2.1137,0.0000,enc,0.0000
1786025296.014523,0.2392,0.0,0.0,0.0000,0.0000,1.0139,-0.2627,2.1137,0.0000,enc,0.0000
1786025296.014569,0.0000,0.0,0.0,0.0000,0.0000,1.0139,-0.2627,2.1137,0.0000,enc,0.0000
1786025296.097408,0.0828,0.0,0.0,0.0000,0.0000,1.0139,-0.2627,2.1137,0.0000,enc,0.0000
1786025296.271549,0.1741,0.0,0.0,0.0000,0.0000,1.0139,-0.2627,2.1137,0.0000,enc,0.0000
1786025296.284830,0.0133,0.0,0.0,0.0000,0.0000,1.0139,-0.2627,2.1137,0.0000,enc,0.0000
1786025296.538280,0.2535,0.0,0.0,0.0000,0.0000,1.0139,-0.2627,2.1137,0.0000,enc,0.0000
1786025296.538332,0.0001,0.0,0.0,0.0000,0.0000,1.0139,-0.2627,2.1137,0.0000,enc,0.0000
1786025296.608404,0.0701,0.0,0.0,0.0000,0.0000,1.0139,-0.2627,2.1137,0.0000,enc,0.0000
1786025296.798694,0.1903,0.0,0.0,0.0000,0.0000,1.0139,-0.2627,2.1137,0.0000,enc,0.0000
1786025296.800917,0.0022,0.0,0.0,0.0000,0.0000,1.0139,-0.2627,2.1137,0.0000,enc,0.0000
1786025297.028859,0.2279,0.0,0.0,0.0000,0.0000,1.0139,-0.2627,2.1137,0.0000,enc,0.0000
1786025297.028912,0.0001,0.0,0.0,0.0000,0.0000,1.0139,-0.2627,2.1137,0.0000,enc,0.0000
1786025297.102809,0.0739,0.0,0.0,0.0000,0.0000,1.0139,-0.2627,2.1137,0.0000,enc,0.0000
1786025297.317816,0.2150,0.0,0.0,0.0000,0.0000,1.0139,-0.2627,2.1137,0.0000,enc,0.0000
1786025297.317868,0.0001,0.0,0.0,0.0000,0.0000,1.0139,-0.2627,2.1137,0.0000,enc,0.0000
1786025297.530576,0.2127,0.0,0.0,0.0000,0.0000,1.0139,-0.2627,2.1137,0.0000,enc,0.0000
1786025297.530625,0.0000,0.0,0.0,0.0000,0.0000,1.0139,-0.2627,2.1137,0.0000,enc,0.0000
1786025297.618674,0.0880,0.0,0.0,0.0000,0.0000,1.0139,-0.2627,2.1137,0.0000,enc,0.0000
1786025297.776865,0.1582,0.0,0.0,0.0000,0.0000,1.0139,-0.2627,2.1137,0.0000,enc,0.0000
1786025297.820357,0.0435,0.0,0.0,0.0000,0.0000,1.0139,-0.2627,2.1137,0.0000,enc,0.0000
1786025298.026968,0.2066,0.0,0.0,0.0000,0.0000,1.0139,-0.2627,2.1137,0.0000,enc,0.0000
1786025298.027874,0.0009,0.0,0.0,0.0000,0.0000,1.0139,-0.2627,2.1137,0.0000,enc,0.0000
1786025298.277467,0.2496,0.0,0.0,0.0000,0.0000,1.0139,-0.2627,2.1137,0.0000,enc,0.0000
1786025298.277510,0.0000,0.0,0.0,0.0000,0.0000,1.0139,-0.2627,2.1137,0.0000,enc,0.0000
1786025298.332882,0.0554,0.0,0.0,0.0000,0.0000,1.0139,-0.2627,2.1137,0.0000,enc,0.0000
1786025298.527222,0.1943,0.0,0.0,0.0000,0.0000,1.0139,-0.2627,2.1137,0.0000,enc,0.0000
1786025298.534004,0.0068,0.0,0.0,0.0000,0.0000,1.0139,-0.2627,2.1137,0.0000,enc,0.0000
1786025298.777519,0.2435,0.0,0.0,0.0000,0.0000,1.0139,-0.2627,2.1137,0.0000,enc,0.0000
1786025298.777566,0.0000,0.0,0.0,0.0000,0.0000,1.0139,-0.2627,2.1137,0.0000,enc,0.0000
1786025298.840118,0.0626,0.0,0.0,0.0000,0.0000,1.0139,-0.2627,2.1137,0.0000,enc,0.0000
1786025299.038520,0.1984,0.0,0.0,0.0000,0.0000,1.0139,-0.2627,2.1137,0.0000,enc,0.0000
1786025299.044899,0.0064,0.0,0.0,0.0000,0.0000,1.0139,-0.2627,2.1137,0.0000,enc,0.0000
1786025299.283106,0.2382,0.0,0.0,0.0000,0.0000,1.0139,-0.2627,2.1137,0.0000,enc,0.0000
1786025299.283153,0.0000,0.0,0.0,0.0000,0.0000,1.0139,-0.2627,2.1137,0.0000,enc,0.0000
1786025299.351355,0.0682,0.0,0.0,0.0000,0.0000,1.0139,-0.2627,2.1137,0.0000,enc,0.0000
1786025299.540345,0.1890,0.0,0.0,0.0000,0.0000,1.0139,-0.2627,2.1137,0.0000,enc,0.0000
1786025299.555450,0.0151,0.0,0.0,0.0000,0.0000,1.0139,-0.2627,2.1137,0.0000,enc,0.0000
1786025299.795165,0.2397,0.0,0.0,0.0000,0.0000,1.0139,-0.2627,2.1137,0.0000,enc,0.0000
1786025299.795211,0.0000,0.0,0.0,0.0000,0.0000,1.0139,-0.2627,2.1137,0.0000,enc,0.0000
1786025299.864896,0.0697,0.0,0.0,0.0000,0.0000,1.0139,-0.2627,2.1137,0.0000,enc,0.0000
1786025300.046981,0.1821,0.0,0.0,0.0000,0.0000,1.0139,-0.2627,2.1137,0.0000,enc,0.0000
1786025300.067919,0.0209,0.0,0.0,0.0000,0.0000,1.0139,-0.2627,2.1137,0.0000,enc,0.0000
1786025300.173546,0.1056,0.0,0.0,0.0000,0.0000,1.0139,-0.2627,2.1137,0.0000,enc,0.0000
1786025300.276189,0.1026,0.0,0.0,0.0000,0.0000,1.0139,-0.2627,2.1137,0.0000,enc,0.0000
1786025300.378898,0.1027,0.0,0.0,0.0000,0.0000,1.0139,-0.2627,2.1137,0.0000,enc,0.0000
1786025300.481366,0.1025,0.0,0.0,0.0000,0.0000,1.0139,-0.2627,2.1137,0.0000,enc,0.0000
1786025300.581733,0.1004,0.0,0.0,0.0000,0.0000,1.0139,-0.2627,2.1137,0.0000,enc,0.0000
1786025300.684564,0.1028,0.0,0.0,0.0000,0.0000,1.0139,-0.2627,2.1137,0.0000,enc,0.0000
1786025300.786316,0.1018,0.0,0.0,0.0000,0.0000,1.0139,-0.2627,2.1137,0.0000,enc,0.0000
1786025300.885171,0.0989,0.0,0.0,0.0000,0.0000,1.0139,-0.2627,2.1137,0.0000,enc,0.0000
1786025300.991170,0.1060,0.0,0.0,0.0000,0.0000,1.0139,-0.2627,2.1137,0.0000,enc,0.0000
1786025301.090353,0.0992,0.0,0.0,0.0000,0.0000,1.0139,-0.2627,2.1137,0.0000,enc,0.0000
1786025301.194814,0.1045,0.0,0.0,0.0000,0.0000,1.0139,-0.2627,2.1137,0.0000,enc,0.0000
1786025301.293651,0.0988,0.0,0.0,0.0000,0.0000,1.0139,-0.2627,2.1137,0.0000,enc,0.0000
1786025301.395983,0.1023,0.0,0.0,0.0000,0.0000,1.0139,-0.2627,2.1137,0.0000,enc,0.0000
1786025301.501083,0.1051,0.0,0.0,0.0000,0.0000,1.0139,-0.2627,2.1137,0.0000,enc,0.0000
1786025301.600598,0.0995,0.0,0.0,0.0000,0.0000,1.0139,-0.2627,2.1137,0.0000,enc,0.0000
1786025301.702415,0.1018,0.0,0.0,0.0000,0.0000,1.0139,-0.2627,2.1137,0.0000,enc,0.0000
1786025301.807286,0.1049,0.0,0.0,0.0000,0.0000,1.0139,-0.2627,2.1137,0.0000,enc,0.0000
1786025301.906504,0.0992,0.0,0.0,0.0000,0.0000,1.0139,-0.2627,2.1137,0.0000,enc,0.0000
1786025302.009029,0.1025,0.0,0.0,0.0000,0.0000,1.0139,-0.2627,2.1137,0.0000,enc,0.0000
1786025302.113624,0.1046,0.0,0.0,0.0000,0.0000,1.0139,-0.2627,2.1137,0.0000,enc,0.0000
1786025302.213123,0.0995,0.0,0.0,0.0000,0.0000,1.0139,-0.2627,2.1137,0.0000,enc,0.0000
1786025302.315539,0.1024,0.0,0.0,0.0000,0.0000,1.0139,-0.2627,2.1137,0.0000,enc,0.0000
1786025302.420120,0.1046,0.0,0.0,0.0000,0.0000,1.0139,-0.2627,2.1137,0.0000,enc,0.0000
1786025302.522506,0.1024,0.0,0.0,0.0000,0.0000,1.0139,-0.2627,2.1137,0.0000,enc,0.0000
1786025302.621139,0.0986,0.0,0.0,0.0000,0.0000,1.0139,-0.2627,2.1137,0.0000,enc,0.0000
1786025302.726332,0.1052,0.0,0.0,0.0000,0.0000,1.0139,-0.2627,2.1137,0.0000,enc,0.0000
1786025302.828018,0.1017,0.0,0.0,0.0000,0.0000,1.0139,-0.2627,2.1137,0.0000,enc,0.0000
1786025302.930261,0.1022,0.0,0.0,0.0000,0.0000,1.0139,-0.2627,2.1137,0.0000,enc,0.0000
1786025303.033153,0.1029,0.0,0.0,0.0000,0.0000,1.0139,-0.2627,2.1137,0.0000,enc,0.0000
1786025303.135121,0.1020,0.0,0.0,0.0000,0.0000,1.0139,-0.2627,2.1137,0.0000,enc,0.0000
1786025303.237433,0.1023,0.0,0.0,0.0000,0.0000,1.0139,-0.2627,2.1137,0.0000,enc,0.0000
1786025303.338986,0.1016,0.0,0.0,0.0000,0.0000,1.0139,-0.2627,2.1137,0.0000,enc,0.0000
1786025303.441138,0.1022,0.0,0.0,0.0000,0.0000,1.0139,-0.2627,2.1137,0.0000,enc,0.0000
1786025303.543031,0.1019,0.0,0.0,0.0000,0.0000,1.0139,-0.2627,2.1137,0.0000,enc,0.0000
1786025303.645985,0.1030,0.0,0.0,0.0000,0.0000,1.0139,-0.2627,2.1137,0.0000,enc,0.0000
1786025303.747923,0.1019,0.0,0.0,0.0000,0.0000,1.0139,-0.2627,2.1137,0.0000,enc,0.0000
1786025303.849817,0.1019,0.0,0.0,0.0000,0.0000,1.0139,-0.2627,2.1137,0.0000,enc,0.0000
1786025303.951026,0.1012,0.0,0.0,0.0000,0.0000,1.0139,-0.2627,2.1137,0.0000,enc,0.0000
1786025304.055831,0.1048,0.0,0.0,0.0000,0.0000,1.0139,-0.2627,2.1137,0.0000,enc,0.0000
1786025304.159782,0.1040,0.0,0.0,0.0000,0.0000,1.0139,-0.2627,2.1137,0.0000,enc,0.0000
1786025304.257522,0.0977,0.0,0.0,0.0000,0.0000,1.0139,-0.2627,2.1137,0.0000,enc,0.0000
1786025304.361068,0.1035,0.0,0.0,0.0000,0.0000,1.0139,-0.2627,2.1137,0.0000,enc,0.0000
1786025304.461841,0.1008,0.0,0.0,0.0000,0.0000,1.0139,-0.2627,2.1137,0.0000,enc,0.0000
1786025304.564181,0.1023,0.0,0.0,0.0000,0.0000,1.0139,-0.2627,2.1137,0.0000,enc,0.0000
1786025304.667877,0.1037,0.0,0.0,0.0000,0.0000,1.0139,-0.2627,2.1137,0.0000,enc,0.0000
1786025304.766961,0.0991,0.0,0.0,0.0000,0.0000,1.0139,-0.2627,2.1137,0.0000,enc,0.0000
1786025304.872125,0.1052,0.0,0.0,0.0000,0.0000,1.0139,-0.2627,2.1137,0.0000,enc,0.0000
1786025304.974453,0.1023,0.0,0.0,0.0000,0.0000,1.0139,-0.2627,2.1137,0.0000,enc,0.0000
1786025305.073970,0.0995,0.0,0.0,0.0000,0.0000,1.0139,-0.2627,2.1137,0.0000,enc,0.0000
1786025305.181806,0.1078,0.0,0.0,0.0000,0.0000,1.0139,-0.2627,2.1137,0.0000,enc,0.0000
1786025305.282806,0.1010,0.0,0.0,0.0000,0.0000,1.0139,-0.2627,2.1137,0.0000,enc,0.0000
1786025305.384498,0.1017,0.0,0.0,0.0000,0.0000,1.0139,-0.2627,2.1137,0.0000,enc,0.0000
1786025305.490775,0.1063,0.0,0.0,0.0000,0.0000,1.0139,-0.2627,2.1137,0.0000,enc,0.0000
1786025305.598428,0.1077,0.0,0.0,0.0000,0.0000,1.0139,-0.2627,2.1137,0.0000,enc,0.0000
1786025305.691305,0.0929,0.0,0.0,0.0000,0.0000,1.0139,-0.2627,2.1137,0.0000,enc,0.0000
1786025305.793562,0.1023,0.0,0.0,0.0000,0.0000,1.0139,-0.2627,2.1137,0.0000,enc,0.0000
1786025305.898462,0.1049,0.0,0.0,0.0000,0.0000,1.0139,-0.2627,2.1137,0.0000,enc,0.0000
1786025305.998017,0.0996,0.0,0.0,0.0000,0.0000,1.0139,-0.2627,2.1137,0.0000,enc,0.0000
1786025306.117133,0.1191,0.0,0.0,0.0000,0.0000,1.0139,-0.2627,2.1137,0.0000,enc,0.0000
1786025306.209019,0.0919,0.0,0.0,0.0000,0.0000,1.0139,-0.2627,2.1137,0.0000,enc,0.0000
1786025306.305759,0.0967,0.0,0.0,0.0000,0.0000,1.0139,-0.2627,2.1137,0.0000,enc,0.0000
1786025306.407812,0.1021,0.0,0.0,0.0000,0.0000,1.0139,-0.2627,2.1137,0.0000,enc,0.0000
1786025306.505004,0.0972,0.0,0.0,0.0000,0.0000,1.0139,-0.2627,2.1137,0.0000,enc,0.0000
1786025306.610523,0.1055,0.0,0.0,0.0000,0.0000,1.0139,-0.2627,2.1137,0.0000,enc,0.0000
1786025306.707863,0.0973,0.0,0.0,0.0000,0.0000,1.0139,-0.2627,2.1137,0.0000,enc,0.0000
1786025306.809488,0.1016,0.0,0.0,0.0000,0.0000,1.0139,-0.2627,2.1137,0.0000,enc,0.0000
1786025306.916577,0.1071,0.0,0.0,0.0000,0.0000,1.0139,-0.2627,2.1137,0.0000,enc,0.0000
1786025307.013820,0.0972,0.0,0.0,0.0000,0.0000,1.0139,-0.2627,2.1137,0.0000,enc,0.0000
1786025307.115620,0.1018,0.0,0.0,0.0000,0.0000,1.0139,-0.2627,2.1137,0.0000,enc,0.0000
1786025307.222036,0.1064,0.0,0.0,0.0000,0.0000,1.0139,-0.2627,2.1137,0.0000,enc,0.0000
1786025307.320035,0.0980,0.0,0.0,0.0000,0.0000,1.0139,-0.2627,2.1137,0.0000,enc,0.0000
1786025307.422564,0.1025,0.0,0.0,0.0000,0.0000,1.0139,-0.2627,2.1137,0.0000,enc,0.0000
1786025307.529071,0.1065,0.0,0.0,0.0000,0.0000,1.0139,-0.2627,2.1137,0.0000,enc,0.0000
1786025307.634313,0.1052,0.0,0.0,0.0000,0.0000,1.0139,-0.2627,2.1137,0.0000,enc,0.0000
1786025307.729697,0.0954,0.0,0.0,0.0000,0.0000,1.0139,-0.2627,2.1137,0.0000,enc,0.0000
1786025307.847571,0.1179,0.0,0.0,0.0000,0.0000,1.0139,-0.2627,2.1137,0.0000,enc,0.0000
1786025307.938164,0.0906,0.0,0.0,0.0000,0.0000,1.0139,-0.2627,2.1137,0.0000,enc,0.0000
1786025308.038927,0.1008,0.0,0.0,0.0000,0.0000,1.0139,-0.2627,2.1137,0.0000,enc,0.0000
1786025308.144188,0.1053,0.0,0.0,0.0000,0.0000,1.0139,-0.2627,2.1137,0.0000,enc,0.0000
1786025308.243076,0.0989,0.0,0.0,0.0000,0.0000,1.0139,-0.2627,2.1137,0.0000,enc,0.0000
1786025308.345214,0.1021,0.0,0.0,0.0000,0.0000,1.0139,-0.2627,2.1137,0.0000,enc,0.0000
1786025308.447869,0.1027,0.0,0.0,0.0000,0.0000,1.0139,-0.2627,2.1137,0.0000,enc,0.0000
1786025308.550822,0.1030,0.0,0.0,0.0000,0.0000,1.0139,-0.2627,2.1137,0.0000,enc,0.0000
1786025308.651294,0.1005,0.0,0.0,0.0000,0.0000,1.0139,-0.2627,2.1137,0.0000,enc,0.0000
1786025308.753515,0.1022,0.0,0.0,0.0000,0.0000,1.0139,-0.2627,2.1137,0.0000,enc,0.0000
1786025308.856992,0.1035,0.0,0.0,0.0000,0.0000,1.0139,-0.2627,2.1137,0.0000,enc,0.0000
1786025308.956918,0.0999,0.0,0.0,0.0000,0.0000,1.0139,-0.2627,2.1137,0.0000,enc,0.0000
1786025309.058893,0.1020,0.0,0.0,0.0000,0.0000,1.0139,-0.2627,2.1137,0.0000,enc,0.0000
1786025309.164015,0.1051,0.0,0.0,0.0000,0.0000,1.0139,-0.2627,2.1137,0.0000,enc,0.0000
1786025309.263968,0.1000,0.0,0.0,0.0000,0.0000,1.0139,-0.2627,2.1137,0.0000,enc,0.0000
1786025309.363011,0.0990,0.0,0.0,0.0000,0.0000,1.0139,-0.2627,2.1137,0.0000,enc,0.0000
1786025309.469981,0.1070,0.0,0.0,0.0000,0.0000,1.0139,-0.2627,2.1137,0.0000,enc,0.0000
1786025309.568010,0.0980,0.0,0.0,0.0000,0.0000,1.0139,-0.2627,2.1137,0.0000,enc,0.0000
1786025309.670422,0.1024,0.0,0.0,0.0000,0.0000,1.0139,-0.2627,2.1137,0.0000,enc,0.0000
1786025309.775812,0.1054,0.0,0.0,0.0000,0.0000,1.0139,-0.2627,2.1137,0.0000,enc,0.0000
1786025309.875414,0.0996,0.0,0.0,0.0000,0.0000,1.0139,-0.2627,2.1137,0.0000,enc,0.0000
1786025309.977002,0.1016,0.0,0.0,0.0000,0.0000,1.0139,-0.2627,2.1137,0.0000,enc,0.0000
1786025310.080852,0.1039,0.0,0.0,0.0000,0.0000,1.0139,-0.2627,2.1137,0.0000,enc,0.0000
1786025310.273851,0.1930,0.0,0.0,0.0000,0.0000,1.0139,-0.2627,2.1137,0.0000,enc,0.0000
1786025310.281862,0.0080,0.0,0.0,0.0000,0.0000,1.0139,-0.2627,2.1137,0.0000,enc,0.0000
1786025310.527482,0.2456,0.0,0.0,0.0000,0.0000,1.0139,-0.2627,2.1137,0.0000,enc,0.0000
1786025310.527528,0.0000,0.0,0.0,0.0000,0.0000,1.0139,-0.2627,2.1137,0.0000,enc,0.0000
1786025310.592813,0.0653,0.0,0.0,0.0000,0.0000,1.0139,-0.2627,2.1137,0.0000,enc,0.0000
1786025310.772837,0.1800,0.0,0.0,0.0000,0.0000,1.0139,-0.2627,2.1137,0.0000,enc,0.0000
1786025310.794245,0.0214,0.0,0.0,0.0000,0.0000,1.0139,-0.2627,2.1137,0.0000,enc,0.0000
1786025311.018549,0.2243,0.0,0.0,0.0000,0.0000,1.0139,-0.2627,2.1137,0.0000,enc,0.0000
1786025311.018594,0.0000,0.0,0.0,0.0000,0.0000,1.0139,-0.2627,2.1137,0.0000,enc,0.0000
1786025311.103614,0.0850,0.0,0.0,0.0000,0.0000,1.0139,-0.2627,2.1137,0.0000,enc,0.0000
1786025311.264205,0.1606,0.0,0.0,0.0000,0.0000,1.0139,-0.2627,2.1137,0.0000,enc,0.0000
1786025311.309168,0.0450,0.0,0.0,0.0000,0.0000,1.0139,-0.2627,2.1137,0.0000,enc,0.0000
1786025311.519798,0.2106,0.0,0.0,0.0000,0.0000,1.0139,-0.2627,2.1137,0.0000,enc,0.0000
1786025311.519843,0.0000,0.0,0.0,0.0000,0.0000,1.0139,-0.2627,2.1137,0.0000,enc,0.0000
1786025311.611218,0.0914,0.0,0.0,0.0000,0.0000,1.0139,-0.2627,2.1137,0.0000,enc,0.0000
1786025311.770377,0.1592,0.0,0.0,0.0000,0.0000,1.0139,-0.2627,2.1137,0.0000,enc,0.0000
1786025311.815815,0.0454,0.0,0.0,0.0000,0.0000,1.0139,-0.2627,2.1137,0.0000,enc,0.0000
1786025312.020379,0.2046,0.0,0.0,0.0000,0.0000,1.0139,-0.2627,2.1137,0.0000,enc,0.0000
1786025312.026569,0.0062,0.0,0.0,0.0000,0.0000,1.0139,-0.2627,2.1137,0.0000,enc,0.0000
1786025312.270130,0.2436,0.0,0.0,0.0000,0.0000,1.0139,-0.2627,2.1137,0.0000,enc,0.0000
1786025312.270179,0.0000,0.0,0.0,0.0000,0.0000,1.0139,-0.2627,2.1137,0.0000,enc,0.0000
1786025312.330184,0.0600,0.0,0.0,0.0000,0.0000,1.0139,-0.2627,2.1137,0.0000,enc,0.0000
1786025312.517466,0.1873,0.0,0.0,0.0000,0.0000,1.0139,-0.2627,2.1137,0.0000,enc,0.0000
1786025312.532211,0.0147,0.0,0.0,0.0000,0.0000,1.0139,-0.2627,2.1137,0.0000,enc,0.0000
1786025312.765573,0.2334,0.0,0.0,0.0000,0.0000,1.0139,-0.2627,2.1137,0.0000,enc,0.0000
1786025312.765990,0.0004,0.0,0.0,0.0000,0.0000,1.0139,-0.2627,2.1137,0.0000,enc,0.0000
1786025312.838950,0.0730,0.0,0.0,0.0000,0.0000,1.0139,-0.2627,2.1137,0.0000,enc,0.0000
1786025313.016115,0.1772,0.0,0.0,0.0000,0.0000,1.0139,-0.2627,2.1137,0.0000,enc,0.0000
1786025313.043721,0.0276,0.0,0.0,0.0000,0.0000,1.0139,-0.2627,2.1137,0.0000,enc,0.0000
1786025313.268385,0.2247,0.0,0.0,0.0000,0.0000,1.0139,-0.2627,2.1137,0.0000,enc,0.0000
1786025313.268425,0.0000,0.0,0.0,0.0000,0.0000,1.0139,-0.2627,2.1137,0.0000,enc,0.0000
1786025313.352849,0.0844,0.0,0.0,0.0000,0.0000,1.0139,-0.2627,2.1137,0.0000,enc,0.0000
1786025313.517360,0.1645,0.0,0.0,0.0000,0.0000,1.0139,-0.2627,2.1137,0.0000,enc,0.0000
1786025313.557491,0.0401,0.0,0.0,0.0000,0.0000,1.0139,-0.2627,2.1137,0.0000,enc,0.0000
1786025313.768855,0.2114,0.0,0.0,0.0000,0.0000,1.0139,-0.2627,2.1137,0.0000,enc,0.0000
1786025313.769008,0.0002,0.0,0.0,0.0000,0.0000,1.0139,-0.2627,2.1137,0.0000,enc,0.0000
1786025313.863049,0.0940,0.0,0.0,0.0000,0.0000,1.0139,-0.2627,2.1137,0.0000,enc,0.0000
1786025314.020654,0.1576,0.0,0.0,0.0000,0.0000,1.0139,-0.2627,2.1137,0.0000,enc,0.0000
1786025314.068417,0.0478,0.0,0.0,0.0000,0.0000,1.0139,-0.2627,2.1137,0.0000,enc,0.0000
1786025314.272718,0.2043,0.0,0.0,0.0000,0.0000,1.0139,-0.2627,2.1137,0.0000,enc,0.0000
1786025314.273168,0.0004,0.0,0.0,0.0000,0.0000,1.0139,-0.2627,2.1137,0.0000,enc,0.0000
1786025314.527787,0.2546,0.0,0.0,0.0000,0.0000,1.0139,-0.2627,2.1137,0.0000,enc,0.0000
1786025314.527831,0.0000,0.0,0.0,0.0000,0.0000,1.0139,-0.2627,2.1137,0.0000,enc,0.0000
1786025314.579675,0.0518,0.0,0.0,0.0000,0.0000,1.0139,-0.2627,2.1137,0.0000,enc,0.0000
1786025314.780415,0.2007,0.0,0.0,0.0000,0.0000,1.0139,-0.2627,2.1137,0.0000,enc,0.0000
1786025314.782808,0.0024,0.0,0.0,0.0000,0.0000,1.0139,-0.2627,2.1137,0.0000,enc,0.0000
1786025315.035490,0.2527,0.0,0.0,0.0000,0.0000,1.0139,-0.2627,2.1137,0.0000,enc,0.0000
1786025315.035542,0.0001,0.0,0.0,0.0000,0.0000,1.0139,-0.2627,2.1137,0.0000,enc,0.0000
1786025315.085588,0.0500,0.0,0.0,0.0000,0.0000,1.0139,-0.2627,2.1137,0.0000,enc,0.0000
1786025315.191032,0.1054,0.0,0.0,0.0000,0.0000,1.0139,-0.2627,2.1137,0.0000,enc,0.0000
1786025315.290115,0.0991,0.0,0.0,0.0000,0.0000,1.0139,-0.2627,2.1137,0.0000,enc,0.0000
1786025315.393021,0.1029,0.0,0.0,0.0000,0.0000,1.0139,-0.2627,2.1137,0.0000,enc,0.0000
1786025315.499925,0.1069,0.0,0.0,0.0000,0.0000,1.0139,-0.2627,2.1137,0.0000,enc,0.0000
1786025315.600389,0.1005,0.0,0.0,0.0000,0.0000,1.0139,-0.2627,2.1137,0.0000,enc,0.0000
1786025315.702403,0.1020,0.0,0.0,0.0000,0.0000,1.0139,-0.2627,2.1137,0.0000,enc,0.0000
1786025315.804358,0.1020,0.0,0.0,0.0000,0.0000,1.0139,-0.2627,2.1137,0.0000,enc,0.0000
1786025315.907652,0.1033,0.0,0.0,0.0000,0.0000,1.0139,-0.2627,2.1137,0.0000,enc,0.0000
1786025316.009409,0.1018,0.0,0.0,0.0000,0.0000,1.0139,-0.2627,2.1137,0.0000,enc,0.0000
1786025316.113961,0.1046,0.0,0.0,0.0000,0.0000,1.0139,-0.2627,2.1137,0.0000,enc,0.0000
1786025316.213837,0.0999,0.0,0.0,0.0000,0.0000,1.0139,-0.2627,2.1137,0.0000,enc,0.0000
1786025316.314806,0.1010,0.0,0.0,0.0000,0.0000,1.0139,-0.2627,2.1137,0.0000,enc,0.0000
1786025316.417858,0.1031,0.0,0.0,0.0000,0.0000,1.0139,-0.2627,2.1137,0.0000,enc,0.0000
1786025316.520067,0.1022,0.0,0.0,0.0000,0.0000,1.0139,-0.2627,2.1137,0.0000,enc,0.0000
1786025316.621877,0.1018,0.0,0.0,0.0000,0.0000,1.0139,-0.2627,2.1137,0.0000,enc,0.0000
1786025316.722557,0.1007,0.0,0.0,0.0000,0.0000,1.0139,-0.2627,2.1137,0.0000,enc,0.0000
1786025316.826331,0.1038,0.0,0.0,0.0000,0.0000,1.0139,-0.2627,2.1137,0.0000,enc,0.0000
1786025316.928059,0.1017,0.0,0.0,0.0000,0.0000,1.0139,-0.2627,2.1137,0.0000,enc,0.0000
1786025317.027288,0.0992,0.0,0.0,0.0000,0.0000,1.0139,-0.2627,2.1137,0.0000,enc,0.0000
1786025317.132532,0.1052,0.0,0.0,0.0000,0.0000,1.0139,-0.2627,2.1137,0.0000,enc,0.0000
1786025317.231686,0.0992,0.0,0.0,0.0000,0.0000,1.0139,-0.2627,2.1137,0.0000,enc,0.0000
1786025317.334352,0.1027,0.0,0.0,0.0000,0.0000,1.0139,-0.2627,2.1137,0.0000,enc,0.0000
1786025317.439644,0.1053,0.0,0.0,0.0000,0.0000,1.0139,-0.2627,2.1137,0.0000,enc,0.0000
1786025317.538227,0.0986,0.0,0.0,0.0000,0.0000,1.0139,-0.2627,2.1137,0.0000,enc,0.0000
1786025317.639941,0.1017,0.0,0.0,0.0000,0.0000,1.0139,-0.2627,2.1137,0.0000,enc,0.0000
1786025317.747787,0.1078,0.0,0.0,0.0000,0.0000,1.0139,-0.2627,2.1137,0.0000,enc,0.0000
1786025317.846017,0.0982,0.0,0.0,0.0000,0.0000,1.0139,-0.2627,2.1137,0.0000,enc,0.0000
1786025317.947507,0.1015,0.0,0.0,0.0000,0.0000,1.0139,-0.2627,2.1137,0.0000,enc,0.0000
1786025318.054060,0.1066,0.0,0.0,0.0000,0.0000,1.0139,-0.2627,2.1137,0.0000,enc,0.0000
1786025318.156298,0.1022,0.0,0.0,0.0000,0.0000,1.0139,-0.2627,2.1137,0.0000,enc,0.0000
1786025318.254551,0.0983,0.0,0.0,0.0000,0.0000,1.0139,-0.2627,2.1137,0.0000,enc,0.0000
1786025318.359418,0.1049,0.0,0.0,0.0000,0.0000,1.0139,-0.2627,2.1137,0.0000,enc,0.0000
1786025318.460919,0.1015,0.0,0.0,0.0000,0.0000,1.0139,-0.2627,2.1137,0.0000,enc,0.0000
1786025318.563040,0.1021,0.0,0.0,0.0000,0.0000,1.0139,-0.2627,2.1137,0.0000,enc,0.0000
1786025318.667031,0.1040,0.0,0.0,0.0000,0.0000,1.0139,-0.2627,2.1137,0.0000,enc,0.0000
1786025318.768105,0.1011,0.0,0.0,0.0000,0.0000,1.0139,-0.2627,2.1137,0.0000,enc,0.0000
1786025318.866547,0.0984,0.0,0.0,0.0000,0.0000,1.0139,-0.2627,2.1137,0.0000,enc,0.0000
1786025318.970735,0.1042,0.0,0.0,0.0000,0.0000,1.0139,-0.2627,2.1137,0.0000,enc,0.0000
1786025319.073734,0.1030,0.0,0.0,0.0000,0.0000,1.0139,-0.2627,2.1137,0.0000,enc,0.0000
1786025319.176246,0.1025,0.0,0.0,0.0000,0.0000,1.0139,-0.2627,2.1137,0.0000,enc,0.0000
1786025319.276600,0.1004,0.0,0.0,0.0000,0.0000,1.0139,-0.2627,2.1137,0.0000,enc,0.0000
1786025319.379754,0.1032,0.0,0.0,0.0000,0.0000,1.0139,-0.2627,2.1137,0.0000,enc,0.0000
1786025319.481879,0.1021,0.0,0.0,0.0000,0.0000,1.0139,-0.2627,2.1137,0.0000,enc,0.0000
1786025319.581998,0.1001,0.0,0.0,0.0000,0.0000,1.0139,-0.2627,2.1137,0.0000,enc,0.0000
1786025319.687586,0.1056,0.0,0.0,0.0000,0.0000,1.0139,-0.2627,2.1137,0.0000,enc,0.0000
1786025319.785814,0.0982,0.0,0.0,0.0000,0.0000,1.0139,-0.2627,2.1137,0.0000,enc,0.0000
1786025319.889161,0.1033,0.0,0.0,0.0000,0.0000,1.0139,-0.2627,2.1137,0.0000,enc,0.0000
1786025319.993560,0.1044,0.0,0.0,0.0000,0.0000,1.0139,-0.2627,2.1137,0.0000,enc,0.0000
1786025320.093589,0.1000,0.0,0.0,0.0000,0.0000,1.0139,-0.2627,2.1137,0.0000,enc,0.0000
1786025320.194348,0.1008,0.0,0.0,0.0000,0.0000,1.0139,-0.2627,2.1137,0.0000,enc,0.0000
1786025320.302018,0.1077,0.0,0.0,0.0000,0.0000,1.0139,-0.2627,2.1137,0.0000,enc,0.0000
1786025320.398305,0.0963,0.0,0.0,0.0000,0.0000,1.0139,-0.2627,2.1137,0.0000,enc,0.0000
1786025320.500572,0.1023,0.0,0.0,0.0000,0.0000,1.0139,-0.2627,2.1137,0.0000,enc,0.0000
1786025320.605948,0.1054,0.0,0.0,0.0000,0.0000,1.0139,-0.2627,2.1137,0.0000,enc,0.0000
1786025320.707694,0.1017,0.0,0.0,0.0000,0.0000,1.0139,-0.2627,2.1137,0.0000,enc,0.0000
1786025320.809796,0.1021,0.0,0.0,0.0000,0.0000,1.0139,-0.2627,2.1137,0.0000,enc,0.0000
1786025320.912392,0.1026,0.0,0.0,0.0000,0.0000,1.0139,-0.2627,2.1137,0.0000,enc,0.0000
1786025321.013427,0.1010,0.0,0.0,0.0000,0.0000,1.0139,-0.2627,2.1137,0.0000,enc,0.0000
1786025321.113782,0.1004,0.0,0.0,0.0000,0.0000,1.0139,-0.2627,2.1137,0.0000,enc,0.0000
1786025321.217995,0.1042,0.0,0.0,0.0000,0.0000,1.0139,-0.2627,2.1137,0.0000,enc,0.0000
1786025321.320311,0.1023,0.0,0.0,0.0000,0.0000,1.0139,-0.2627,2.1137,0.0000,enc,0.0000
1786025321.422691,0.1024,0.0,0.0,0.0000,0.0000,1.0139,-0.2627,2.1137,0.0000,enc,0.0000
1786025321.524773,0.1021,0.0,0.0,0.0000,0.0000,1.0139,-0.2627,2.1137,0.0000,enc,0.0000
1786025321.626459,0.1017,0.0,0.0,0.0000,0.0000,1.0139,-0.2627,2.1137,0.0000,enc,0.0000
1786025321.729044,0.1026,0.0,0.0,0.0000,0.0000,1.0139,-0.2627,2.1137,0.0000,enc,0.0000
1786025321.831734,0.1027,0.0,0.0,0.0000,0.0000,1.0139,-0.2627,2.1137,0.0000,enc,0.0000
1786025321.933336,0.1016,0.0,0.0,0.0000,0.0000,1.0139,-0.2627,2.1137,0.0000,enc,0.0000
1786025322.035490,0.1022,0.0,0.0,0.0000,0.0000,1.0139,-0.2627,2.1137,0.0000,enc,0.0000
1786025322.134242,0.0988,0.0,0.0,0.0000,0.0000,1.0139,-0.2627,2.1137,0.0000,enc,0.0000
1786025322.241948,0.1077,0.0,0.0,0.0000,0.0000,1.0139,-0.2627,2.1137,0.0000,enc,0.0000
1786025322.339689,0.0977,0.0,0.0,0.0000,0.0000,1.0139,-0.2627,2.1137,0.0000,enc,0.0000
1786025322.441972,0.1023,0.0,0.0,0.0000,0.0000,1.0139,-0.2627,2.1137,0.0000,enc,0.0000
1786025322.545890,0.1039,0.0,0.0,0.0000,0.0000,1.0139,-0.2627,2.1137,0.0000,enc,0.0000
1786025322.645423,0.0995,0.0,0.0,0.0000,0.0000,1.0139,-0.2627,2.1137,0.0000,enc,0.0000
1786025322.747870,0.1024,0.0,0.0,0.0000,0.0000,1.0139,-0.2627,2.1137,0.0000,enc,0.0000
1786025322.852771,0.1049,0.0,0.0,0.0000,0.0000,1.0139,-0.2627,2.1137,0.0000,enc,0.0000
1786025322.951891,0.0991,0.0,0.0,0.0000,0.0000,1.0139,-0.2627,2.1137,0.0000,enc,0.0000
1786025323.053781,0.1019,0.0,0.0,0.0000,0.0000,1.0139,-0.2627,2.1137,0.0000,enc,0.0000
1786025323.159117,0.1053,0.0,0.0,0.0000,0.0000,1.0139,-0.2627,2.1137,0.0000,enc,0.0000
1786025323.257883,0.0988,0.0,0.0,0.0000,0.0000,1.0139,-0.2627,2.1137,0.0000,enc,0.0000
1786025323.359904,0.1020,0.0,0.0,0.0000,0.0000,1.0139,-0.2627,2.1137,0.0000,enc,0.0000
1786025323.467999,0.1081,0.0,0.0,0.0000,0.0000,1.0139,-0.2627,2.1137,0.0000,enc,0.0000
1786025323.566717,0.0987,0.0,0.0,0.0000,0.0000,1.0139,-0.2627,2.1137,0.0000,enc,0.0000
1786025323.669696,0.1030,0.0,0.0,0.0000,0.0000,1.0139,-0.2627,2.1137,0.0000,enc,0.0000
1786025323.771063,0.1014,0.0,0.0,0.0000,0.0000,1.0139,-0.2627,2.1137,0.0000,enc,0.0000
1786025323.873513,0.1024,0.0,0.0,0.0000,0.0000,1.0139,-0.2627,2.1137,0.0000,enc,0.0000
1786025323.974617,0.1011,0.0,0.0,0.0000,0.0000,1.0139,-0.2627,2.1137,0.0000,enc,0.0000
1786025324.077966,0.1033,0.0,0.0,0.0000,0.0000,1.0139,-0.2627,2.1137,0.0000,enc,0.0000
1786025324.180279,0.1023,0.0,0.0,0.0000,0.0000,1.0139,-0.2627,2.1137,0.0000,enc,0.0000
1786025324.282404,0.1021,0.0,0.0,0.0000,0.0000,1.0139,-0.2627,2.1137,0.0000,enc,0.0000
1786025324.384418,0.1020,0.0,0.0,0.0000,0.0000,1.0139,-0.2627,2.1137,0.0000,enc,0.0000
1786025324.506155,0.1217,0.0,0.0,0.0000,0.0000,1.0139,-0.2627,2.1137,0.0000,enc,0.0000
1786025324.588431,0.0823,0.0,0.0,0.0000,0.0000,1.0139,-0.2627,2.1137,0.0000,enc,0.0000
1786025324.689660,0.1012,0.0,0.0,0.0000,0.0000,1.0139,-0.2627,2.1137,0.0000,enc,0.0000
1786025324.791254,0.1016,0.0,0.0,0.0000,0.0000,1.0139,-0.2627,2.1137,0.0000,enc,0.0000
1786025324.894777,0.1035,0.0,0.0,0.0000,0.0000,1.0139,-0.2627,2.1137,0.0000,enc,0.0000
1786025324.993844,0.0991,0.0,0.0,0.0000,0.0000,1.0139,-0.2627,2.1137,0.0000,enc,0.0000
1786025325.103965,0.1101,0.0,0.0,0.0000,0.0000,1.0139,-0.2627,2.1137,0.0000,enc,0.0000
1786025325.271126,0.1672,0.0,0.0,0.0000,0.0000,1.0139,-0.2627,2.1137,0.0000,enc,0.0000
1786025325.302769,0.0316,0.0,0.0,0.0000,0.0000,1.0139,-0.2627,2.1137,0.0000,enc,0.0000
1786025325.523614,0.2208,0.0,0.0,0.0000,0.0000,1.0139,-0.2627,2.1137,0.0000,enc,0.0000
1786025325.524548,0.0009,0.0,0.0,0.0000,0.0000,1.0139,-0.2627,2.1137,0.0000,enc,0.0000
1786025325.605928,0.0814,0.0,0.0,0.0000,0.0000,1.0139,-0.2627,2.1137,0.0000,enc,0.0000
1786025325.779549,0.1736,0.0,0.0,0.0000,0.0000,1.0139,-0.2627,2.1137,0.0000,enc,0.0000
1786025325.810477,0.0309,0.0,0.0,0.0000,0.0000,1.0139,-0.2627,2.1137,0.0000,enc,0.0000
1786025326.033666,0.2232,0.0,0.0,0.0000,0.0000,1.0139,-0.2627,2.1137,0.0000,enc,0.0000
1786025326.034432,0.0008,0.0,0.0,0.0000,0.0000,1.0139,-0.2627,2.1137,0.0000,enc,0.0000
1786025326.118547,0.0841,0.0,0.0,0.0000,0.0000,1.0139,-0.2627,2.1137,0.0000,enc,0.0000
1786025326.288460,0.1699,0.0,0.0,0.0000,0.0000,1.0139,-0.2627,2.1137,0.0000,enc,0.0000
1786025326.321005,0.0325,0.0,0.0,0.0000,0.0000,1.0139,-0.2627,2.1137,0.0000,enc,0.0000
1786025326.544770,0.2238,0.0,0.0,0.0000,0.0000,1.0139,-0.2627,2.1137,0.0000,enc,0.0000
1786025326.544832,0.0001,0.0,0.0,0.0000,0.0000,1.0139,-0.2627,2.1137,0.0000,enc,0.0000
1786025326.631034,0.0862,0.0,0.0,0.0000,0.0000,1.0139,-0.2627,2.1137,0.0000,enc,0.0000
1786025326.789411,0.1584,0.0,0.0,0.0000,0.0000,1.0139,-0.2627,2.1137,0.0000,enc,0.0000
1786025326.835746,0.0463,0.0,0.0,0.0000,0.0000,1.0139,-0.2627,2.1137,0.0000,enc,0.0000
1786025327.037952,0.2022,0.0,0.0,0.0000,0.0000,1.0139,-0.2627,2.1137,0.0000,enc,0.0000
1786025327.040478,0.0025,0.0,0.0,0.0000,0.0000,1.0139,-0.2627,2.1137,0.0000,enc,0.0000
1786025327.289110,0.2486,0.0,0.0,0.0000,0.0000,1.0139,-0.2627,2.1137,0.0000,enc,0.0000
1786025327.289180,0.0001,0.0,0.0,0.0000,0.0000,1.0139,-0.2627,2.1137,0.0000,enc,0.0000
1786025327.345603,0.0564,0.0,0.0,0.0000,0.0000,1.0139,-0.2627,2.1137,0.0000,enc,0.0000
1786025327.538172,0.1926,0.0,0.0,0.0000,0.0000,1.0139,-0.2627,2.1137,0.0000,enc,0.0000
1786025327.547629,0.0095,0.0,0.0,0.0000,0.0000,1.0139,-0.2627,2.1137,0.0000,enc,0.0000
1786025327.787374,0.2397,0.0,0.0,0.0000,0.0000,1.0139,-0.2627,2.1137,0.0000,enc,0.0000
1786025327.787441,0.0001,0.0,0.0,0.0000,0.0000,1.0139,-0.2627,2.1137,0.0000,enc,0.0000
1786025327.853919,0.0665,0.0,0.0,0.0000,0.0000,1.0139,-0.2627,2.1137,0.0000,enc,0.0000
1786025328.038041,0.1841,0.0,0.0,0.0000,0.0000,1.0139,-0.2627,2.1137,0.0000,enc,0.0000
1786025328.058372,0.0203,0.0,0.0,0.0000,0.0000,1.0139,-0.2627,2.1137,0.0000,enc,0.0000
1786025328.289412,0.2310,0.0,0.0,0.0000,0.0000,1.0139,-0.2627,2.1137,0.0000,enc,0.0000
1786025328.289479,0.0001,0.0,0.0,0.0000,0.0000,1.0139,-0.2627,2.1137,0.0000,enc,0.0000
1786025328.364282,0.0748,0.0,0.0,0.0000,0.0000,1.0139,-0.2627,2.1137,0.0000,enc,0.0000
1786025328.540072,0.1758,0.0,0.0,0.0000,0.0000,1.0139,-0.2627,2.1137,0.0000,enc,0.0000
1786025328.568812,0.0287,0.0,0.0,0.0000,0.0000,1.0139,-0.2627,2.1137,0.0000,enc,0.0000
1786025328.814305,0.2455,0.0,0.0,0.0000,0.0000,1.0139,-0.2627,2.1137,0.0000,enc,0.0000
1786025328.814358,0.0001,0.0,0.0,0.0000,0.0000,1.0139,-0.2627,2.1137,0.0000,enc,0.0000
1786025328.877939,0.0636,0.0,0.0,0.0000,0.0000,1.0139,-0.2627,2.1137,0.0000,enc,0.0000
1786025329.040710,0.1628,0.0,0.0,0.0000,0.0000,1.0139,-0.2627,2.1137,0.0000,enc,0.0000
1786025329.097498,0.0568,0.0,0.0,0.0000,0.0000,1.0139,-0.2627,2.1137,0.0000,enc,0.0000
1786025329.294861,0.1974,0.0,0.0,0.0000,0.0000,1.0139,-0.2627,2.1137,0.0000,enc,0.0000
1786025329.294922,0.0001,0.0,0.0,0.0000,0.0000,1.0139,-0.2627,2.1137,0.0000,enc,0.0000
1786025329.550365,0.2554,0.0,0.0,0.0000,0.0000,1.0139,-0.2627,2.1137,0.0000,enc,0.0000
1786025329.550425,0.0001,0.0,0.0,0.0000,0.0000,1.0139,-0.2627,2.1137,0.0000,enc,0.0000
1786025329.597767,0.0473,0.0,0.0,0.0000,0.0000,1.0139,-0.2627,2.1137,0.0000,enc,0.0000
1786025329.804415,0.2066,0.0,0.0,0.0000,0.0000,1.0139,-0.2627,2.1137,0.0000,enc,0.0000
1786025329.804483,0.0001,0.0,0.0,0.0000,0.0000,1.0139,-0.2627,2.1137,0.0000,enc,0.0000
1786025329.898454,0.0940,0.0,0.0,0.0000,0.0000,1.0139,-0.2627,2.1137,0.0000,enc,0.0000
1786025330.062325,0.1639,0.0,0.0,0.0000,0.0000,1.0139,-0.2627,2.1137,0.0000,enc,0.0000
1786025330.102141,0.0398,0.0,0.0,0.0000,0.0000,1.0139,-0.2627,2.1137,0.0000,enc,0.0000
1786025330.205764,0.1036,0.0,0.0,0.0000,0.0000,1.0139,-0.2627,2.1137,0.0000,enc,0.0000
1786025330.307926,0.1022,0.0,0.0,0.0000,0.0000,1.0139,-0.2627,2.1137,0.0000,enc,0.0000
1786025330.406646,0.0987,0.0,0.0,0.0000,0.0000,1.0139,-0.2627,2.1137,0.0000,enc,0.0000
1786025330.515031,0.1084,0.0,0.0,0.0000,0.0000,1.0139,-0.2627,2.1137,0.0000,enc,0.0000
1786025330.610935,0.0959,0.0,0.0,0.0000,0.0000,1.0139,-0.2627,2.1137,0.0000,enc,0.0000
1786025330.713582,0.1026,0.0,0.0,0.0000,0.0000,1.0139,-0.2627,2.1137,0.0000,enc,0.0000
1786025330.818663,0.1051,0.0,0.0,0.0000,0.0000,1.0139,-0.2627,2.1137,0.0000,enc,0.0000
1786025330.917737,0.0991,0.0,0.0,0.0000,0.0000,1.0139,-0.2627,2.1137,0.0000,enc,0.0000
1786025331.019646,0.1019,0.0,0.0,0.0000,0.0000,1.0139,-0.2627,2.1137,0.0000,enc,0.0000
1786025331.126234,0.1066,0.0,0.0,0.0000,0.0000,1.0139,-0.2627,2.1137,0.0000,enc,0.0000
1786025331.226785,0.1006,0.0,0.0,0.0000,0.0000,1.0139,-0.2627,2.1137,0.0000,enc,0.0000
1786025331.326251,0.0995,0.0,0.0,0.0000,0.0000,1.0139,-0.2627,2.1137,0.0000,enc,0.0000
1786025331.431336,0.1051,0.0,0.0,0.0000,0.0000,1.0139,-0.2627,2.1137,0.0000,enc,0.0000
1786025331.530776,0.0994,0.0,0.0,0.0000,0.0000,1.0139,-0.2627,2.1137,0.0000,enc,0.0000
1786025331.638018,0.1072,0.0,0.0,0.0000,0.0000,1.0139,-0.2627,2.1137,0.0000,enc,0.0000
1786025331.740390,0.1024,0.0,0.0,0.0000,0.0000,1.0139,-0.2627,2.1137,0.0000,enc,0.0000
1786025331.842762,0.1024,0.0,0.0,0.0000,0.0000,1.0139,-0.2627,2.1137,0.0000,enc,0.0000
1786025331.942807,0.1000,0.0,0.0,0.0000,0.0000,1.0139,-0.2627,2.1137,0.0000,enc,0.0000
1786025332.044914,0.1021,0.0,0.0,0.0000,0.0000,1.0139,-0.2627,2.1137,0.0000,enc,0.0000
1786025332.146497,0.1016,0.0,0.0,0.0000,0.0000,1.0139,-0.2627,2.1137,0.0000,enc,0.0000
1786025332.249903,0.1034,0.0,0.0,0.0000,0.0000,1.0139,-0.2627,2.1137,0.0000,enc,0.0000
1786025332.351514,0.1016,0.0,0.0,0.0000,0.0000,1.0139,-0.2627,2.1137,0.0000,enc,0.0000
1786025332.453560,0.1020,0.0,0.0,0.0000,0.0000,1.0139,-0.2627,2.1137,0.0000,enc,0.0000
1786025332.555948,0.1024,0.0,0.0,0.0000,0.0000,1.0139,-0.2627,2.1137,0.0000,enc,0.0000
1786025332.654520,0.0986,0.0,0.0,0.0000,0.0000,1.0139,-0.2627,2.1137,0.0000,enc,0.0000
1786025332.759597,0.1051,0.0,0.0,0.0000,0.0000,1.0139,-0.2627,2.1137,0.0000,enc,0.0000
1786025332.859195,0.0996,0.0,0.0,0.0000,0.0000,1.0139,-0.2627,2.1137,0.0000,enc,0.0000
1786025332.961068,0.1019,0.0,0.0,0.0000,0.0000,1.0139,-0.2627,2.1137,0.0000,enc,0.0000
1786025333.066713,0.1056,0.0,0.0,0.0000,0.0000,1.0139,-0.2627,2.1137,0.0000,enc,0.0000
1786025333.169406,0.1027,0.0,0.0,0.0000,0.0000,1.0139,-0.2627,2.1137,0.0000,enc,0.0000
1786025333.268062,0.0987,0.0,0.0,0.0000,0.0000,1.0139,-0.2627,2.1137,0.0000,enc,0.0000
1786025333.372944,0.1049,0.0,0.0,0.0000,0.0000,1.0139,-0.2627,2.1137,0.0000,enc,0.0000
1786025333.474016,0.1011,0.0,0.0,0.0000,0.0000,1.0139,-0.2627,2.1137,0.0000,enc,0.0000
1786025333.574129,0.1001,0.0,0.0,0.0000,0.0000,1.0139,-0.2627,2.1137,0.0000,enc,0.0000
1786025333.678937,0.1048,0.0,0.0,0.0000,0.0000,1.0139,-0.2627,2.1137,0.0000,enc,0.0000
1786025333.782974,0.1040,0.0,0.0,0.0000,0.0000,1.0139,-0.2627,2.1137,0.0000,enc,0.0000
1786025333.883445,0.1005,0.0,0.0,0.0000,0.0000,1.0139,-0.2627,2.1137,0.0000,enc,0.0000
1786025333.988764,0.1053,0.0,0.0,0.0000,0.0000,1.0139,-0.2627,2.1137,0.0000,enc,0.0000
1786025334.090815,0.1021,0.0,0.0,0.0000,0.0000,1.0139,-0.2627,2.1137,0.0000,enc,0.0000
1786025334.192680,0.1019,0.0,0.0,0.0000,0.0000,1.0139,-0.2627,2.1137,0.0000,enc,0.0000
1786025334.295874,0.1032,0.0,0.0,0.0000,0.0000,1.0139,-0.2627,2.1137,0.0000,enc,0.0000
1786025334.397649,0.1018,0.0,0.0,0.0000,0.0000,1.0139,-0.2627,2.1137,0.0000,enc,0.0000
1786025334.500056,0.1024,0.0,0.0,0.0000,0.0000,1.0139,-0.2627,2.1137,0.0000,enc,0.0000
1786025334.617604,0.1175,0.0,0.0,0.0000,0.0000,1.0139,-0.2627,2.1137,0.0000,enc,0.0000
1786025334.703763,0.0862,0.0,0.0,0.0000,0.0000,1.0139,-0.2627,2.1137,0.0000,enc,0.0000
1786025334.806468,0.1027,0.0,0.0,0.0000,0.0000,1.0139,-0.2627,2.1137,0.0000,enc,0.0000
1786025334.908557,0.1021,0.0,0.0,0.0000,0.0000,1.0139,-0.2627,2.1137,0.0000,enc,0.0000
1786025335.010921,0.1024,0.0,0.0,0.0000,0.0000,1.0139,-0.2627,2.1137,0.0000,enc,0.0000
1786025335.113520,0.1026,0.0,0.0,0.0000,0.0000,1.0139,-0.2627,2.1137,0.0000,enc,0.0000
1786025335.213997,0.1005,0.0,0.0,0.0000,0.0000,1.0139,-0.2627,2.1137,0.0000,enc,0.0000
1786025335.322331,0.1083,0.0,0.0,0.0000,0.0000,1.0139,-0.2627,2.1137,0.0000,enc,0.0000
1786025335.435283,0.1130,0.0,0.0,0.0000,0.0000,1.0139,-0.2627,2.1137,0.0000,enc,0.0000
1786025335.521463,0.0862,0.0,0.0,0.0000,0.0000,1.0139,-0.2627,2.1137,0.0000,enc,0.0000
1786025335.623510,0.1020,0.0,0.0,0.0000,0.0000,1.0139,-0.2627,2.1137,0.0000,enc,0.0000
1786025335.725955,0.1024,0.0,0.0,0.0000,0.0000,1.0139,-0.2627,2.1137,0.0000,enc,0.0000
1786025335.826538,0.1006,0.0,0.0,0.0000,0.0000,1.0139,-0.2627,2.1137,0.0000,enc,0.0000
1786025335.932021,0.1055,0.0,0.0,0.0000,0.0000,1.0139,-0.2627,2.1137,0.0000,enc,0.0000
1786025336.028580,0.0966,0.0,0.0,0.0000,0.0000,1.0139,-0.2627,2.1137,0.0000,enc,0.0000
1786025336.131189,0.1026,0.0,0.0,0.0000,0.0000,1.0139,-0.2627,2.1137,0.0000,enc,0.0000
1786025336.236299,0.1051,0.0,0.0,0.0000,0.0000,1.0139,-0.2627,2.1137,0.0000,enc,0.0000
1786025336.339605,0.1033,0.0,0.0,0.0000,0.0000,1.0139,-0.2627,2.1137,0.0000,enc,0.0000
1786025336.437640,0.0980,0.0,0.0,0.0000,0.0000,1.0139,-0.2627,2.1137,0.0000,enc,0.0000
1786025336.545085,0.1074,0.0,0.0,0.0000,0.0000,1.0139,-0.2627,2.1137,0.0000,enc,0.0000
1786025336.646098,0.1010,0.0,0.0,0.0000,0.0000,1.0139,-0.2627,2.1137,0.0000,enc,0.0000
1786025336.748841,0.1027,0.0,0.0,0.0000,0.0000,1.0139,-0.2627,2.1137,0.0000,enc,0.0000
1786025336.852921,0.1041,0.0,0.0,0.0000,0.0000,1.0139,-0.2627,2.1137,0.0000,enc,0.0000
1786025336.952727,0.0998,0.0,0.0,0.0000,0.0000,1.0139,-0.2627,2.1137,0.0000,enc,0.0000
1786025337.055103,0.1024,0.0,0.0,0.0000,0.0000,1.0139,-0.2627,2.1137,0.0000,enc,0.0000
1786025337.155089,0.1000,0.0,0.0,0.0000,0.0000,1.0139,-0.2627,2.1137,0.0000,enc,0.0000
1786025337.257726,0.1026,0.0,0.0,0.0000,0.0000,1.0139,-0.2627,2.1137,0.0000,enc,0.0000
1786025337.360005,0.1023,0.0,0.0,0.0000,0.0000,1.0139,-0.2627,2.1137,0.0000,enc,0.0000
1786025337.462070,0.1021,0.0,0.0,0.0000,0.0000,1.0139,-0.2627,2.1137,0.0000,enc,0.0000
1786025337.564089,0.1020,0.0,0.0,0.0000,0.0000,1.0139,-0.2627,2.1137,0.0000,enc,0.0000
1786025337.666184,0.1021,0.0,0.0,0.0000,0.0000,1.0139,-0.2627,2.1137,0.0000,enc,0.0000
1786025337.765212,0.0990,0.0,0.0,0.0000,0.0000,1.0139,-0.2627,2.1137,0.0000,enc,0.0000
1786025337.871586,0.1064,0.0,0.0,0.0000,0.0000,1.0139,-0.2627,2.1137,0.0000,enc,0.0000
1786025337.970284,0.0987,0.0,0.0,0.0000,0.0000,1.0139,-0.2627,2.1137,0.0000,enc,0.0000
1786025338.072494,0.1022,0.0,0.0,0.0000,0.0000,1.0139,-0.2627,2.1137,0.0000,enc,0.0000
1786025338.176960,0.1045,0.0,0.0,0.0000,0.0000,1.0139,-0.2627,2.1137,0.0000,enc,0.0000
1786025338.277765,0.1008,0.0,0.0,0.0000,0.0000,1.0139,-0.2627,2.1137,0.0000,enc,0.0000
1786025338.378212,0.1004,0.0,0.0,0.0000,0.0000,1.0139,-0.2627,2.1137,0.0000,enc,0.0000
1786025338.482647,0.1044,0.0,0.0,0.0000,0.0000,1.0139,-0.2627,2.1137,0.0000,enc,0.0000
1786025338.582864,0.1002,0.0,0.0,0.0000,0.0000,1.0139,-0.2627,2.1137,0.0000,enc,0.0000
1786025338.686929,0.1041,0.0,0.0,0.0000,0.0000,1.0139,-0.2627,2.1137,0.0000,enc,0.0000
1786025338.791257,0.1043,0.0,0.0,0.0000,0.0000,1.0139,-0.2627,2.1137,0.0000,enc,0.0000
1786025338.892137,0.1009,0.0,0.0,0.0000,0.0000,1.0139,-0.2627,2.1137,0.0000,enc,0.0000
1786025338.991153,0.0990,0.0,0.0,0.0000,0.0000,1.0139,-0.2627,2.1137,0.0000,enc,0.0000
1786025339.095630,0.1045,0.0,0.0,0.0000,0.0000,1.0139,-0.2627,2.1137,0.0000,enc,0.0000
1786025339.198255,0.1026,0.0,0.0,0.0000,0.0000,1.0139,-0.2627,2.1137,0.0000,enc,0.0000
1786025339.300799,0.1025,0.0,0.0,0.0000,0.0000,1.0139,-0.2627,2.1137,0.0000,enc,0.0000
1786025339.403810,0.1030,0.0,0.0,0.0000,0.0000,1.0139,-0.2627,2.1137,0.0000,enc,0.0000
1786025339.505142,0.1013,0.0,0.0,0.0000,0.0000,1.0139,-0.2627,2.1137,0.0000,enc,0.0000
1786025339.606635,0.1015,0.0,0.0,0.0000,0.0000,1.0139,-0.2627,2.1137,0.0000,enc,0.0000
1786025339.709083,0.1024,0.0,0.0,0.0000,0.0000,1.0139,-0.2627,2.1137,0.0000,enc,0.0000
1786025339.810925,0.1018,0.0,0.0,0.0000,0.0000,1.0139,-0.2627,2.1137,0.0000,enc,0.0000
1786025339.913592,0.1027,0.0,0.0,0.0000,0.0000,1.0139,-0.2627,2.1137,0.0000,enc,0.0000
1786025340.015622,0.1020,0.0,0.0,0.0000,0.0000,1.0139,-0.2627,2.1137,0.0000,enc,0.0000
1786025340.263656,0.2480,0.0,0.0,0.0000,0.0000,1.0139,-0.2627,2.1137,0.0000,enc,0.0000
1786025340.263701,0.0000,0.0,0.0,0.0000,0.0000,1.0139,-0.2627,2.1137,0.0000,enc,0.0000
1786025340.320302,0.0566,0.0,0.0,0.0000,0.0000,1.0139,-0.2627,2.1137,0.0000,enc,0.0000
1786025340.518715,0.1984,0.0,0.0,0.0000,0.0000,1.0139,-0.2627,2.1137,0.0000,enc,0.0000
1786025340.524193,0.0055,0.0,0.0,0.0000,0.0000,1.0139,-0.2627,2.1137,0.0000,enc,0.0000
1786025340.764311,0.2401,0.0,0.0,0.0000,0.0000,1.0139,-0.2627,2.1137,0.0000,enc,0.0000
1786025340.764347,0.0000,0.0,0.0,0.0000,0.0000,1.0139,-0.2627,2.1137,0.0000,enc,0.0000
1786025340.829497,0.0651,0.0,0.0,0.0000,0.0000,1.0139,-0.2627,2.1137,0.0000,enc,0.0000
1786025341.010903,0.1814,0.0,0.0,0.0000,0.0000,1.0139,-0.2627,2.1137,0.0000,enc,0.0000
1786025341.034271,0.0234,0.0,0.0,0.0000,0.0000,1.0139,-0.2627,2.1137,0.0000,enc,0.0000
1786025341.266752,0.2325,0.0,0.0,0.0000,0.0000,1.0139,-0.2627,2.1137,0.0000,enc,0.0000
1786025341.266799,0.0000,0.0,0.0,0.0000,0.0000,1.0139,-0.2627,2.1137,0.0000,enc,0.0000
1786025341.342920,0.0761,0.0,0.0,0.0000,0.0000,1.0139,-0.2627,2.1137,0.0000,enc,0.0000
1786025341.520257,0.1773,0.0,0.0,0.0000,0.0000,1.0139,-0.2627,2.1137,0.0000,enc,0.0000
1786025341.544974,0.0247,0.0,0.0,0.0000,0.0000,1.0139,-0.2627,2.1137,0.0000,enc,0.0000
1786025341.774816,0.2298,0.0,0.0,0.0000,0.0000,1.0139,-0.2627,2.1137,0.0000,enc,0.0000
1786025341.774864,0.0000,0.0,0.0,0.0000,0.0000,1.0139,-0.2627,2.1137,0.0000,enc,0.0000
1786025341.850864,0.0760,0.0,0.0,0.0000,0.0000,1.0139,-0.2627,2.1137,0.0000,enc,0.0000
1786025342.023503,0.1726,0.0,0.0,0.0000,0.0000,1.0139,-0.2627,2.1137,0.0000,enc,0.0000
1786025342.059083,0.0356,0.0,0.0,0.0000,0.0000,1.0139,-0.2627,2.1137,0.0000,enc,0.0000
1786025342.272654,0.2136,0.0,0.0,0.0000,0.0000,1.0139,-0.2627,2.1137,0.0000,enc,0.0000
1786025342.272718,0.0001,0.0,0.0,0.0000,0.0000,1.0139,-0.2627,2.1137,0.0000,enc,0.0000
1786025342.366243,0.0935,0.0,0.0,0.0000,0.0000,1.0139,-0.2627,2.1137,0.0000,enc,0.0000
1786025342.520943,0.1547,0.0,0.0,0.0000,0.0000,1.0139,-0.2627,2.1137,0.0000,enc,0.0000
1786025342.570724,0.0498,0.0,0.0,0.0000,0.0000,1.0139,-0.2627,2.1137,0.0000,enc,0.0000
1786025342.770810,0.2001,0.0,0.0,0.0000,0.0000,1.0139,-0.2627,2.1137,0.0000,enc,0.0000
1786025342.774191,0.0034,0.0,0.0,0.0000,0.0000,1.0139,-0.2627,2.1137,0.0000,enc,0.0000
1786025343.021050,0.2469,0.0,0.0,0.0000,0.0000,1.0139,-0.2627,2.1137,0.0000,enc,0.0000
1786025343.021093,0.0000,0.0,0.0,0.0000,0.0000,1.0139,-0.2627,2.1137,0.0000,enc,0.0000
1786025343.078435,0.0573,0.0,0.0,0.0000,0.0000,1.0139,-0.2627,2.1137,0.0000,enc,0.0000
1786025343.271138,0.1927,0.0,0.0,0.0000,0.0000,1.0139,-0.2627,2.1137,0.0000,enc,0.0000
1786025343.281884,0.0107,0.0,0.0,0.0000,0.0000,1.0139,-0.2627,2.1137,0.0000,enc,0.0000
1786025343.518734,0.2368,0.0,0.0,0.0000,0.0000,1.0139,-0.2627,2.1137,0.0000,enc,0.0000
1786025343.518787,0.0001,0.0,0.0,0.0000,0.0000,1.0139,-0.2627,2.1137,0.0000,enc,0.0000
1786025343.592133,0.0733,0.0,0.0,0.0000,0.0000,1.0139,-0.2627,2.1137,0.0000,enc,0.0000
1786025343.771070,0.1789,0.0,0.0,0.0000,0.0000,1.0139,-0.2627,2.1137,0.0000,enc,0.0000
1786025343.793370,0.0223,0.0,0.0,0.0000,0.0000,1.0139,-0.2627,2.1137,0.0000,enc,0.0000
1786025344.022840,0.2295,0.0,0.0,0.0000,0.0000,1.0139,-0.2627,2.1137,0.0000,enc,0.0000
1786025344.022891,0.0001,0.0,0.0,0.0000,0.0000,1.0139,-0.2627,2.1137,0.0000,enc,0.0000
1786025344.099900,0.0770,0.0,0.0,0.0000,0.0000,1.0139,-0.2627,2.1137,0.0000,enc,0.0000
1786025344.276603,0.1767,0.0,0.0,0.0000,0.0000,1.0139,-0.2627,2.1137,0.0000,enc,0.0000
1786025344.304721,0.0281,0.0,0.0,0.0000,0.0000,1.0139,-0.2627,2.1137,0.0000,enc,0.0000
1786025344.531866,0.2271,0.0,0.0,0.0000,0.0000,1.0139,-0.2627,2.1137,0.0000,enc,0.0000
1786025344.531907,0.0000,0.0,0.0,0.0000,0.0000,1.0139,-0.2627,2.1137,0.0000,enc,0.0000
1786025344.614124,0.0822,0.0,0.0,0.0000,0.0000,1.0139,-0.2627,2.1137,0.0000,enc,0.0000
1786025344.787371,0.1732,0.0,0.0,0.0000,0.0000,1.0139,-0.2627,2.1137,0.0000,enc,0.0000
1786025344.815202,0.0278,0.0,0.0,0.0000,0.0000,1.0139,-0.2627,2.1137,0.0000,enc,0.0000
1786025345.043927,0.2287,0.0,0.0,0.0000,0.0000,1.0139,-0.2627,2.1137,0.0000,enc,0.0000
1786025345.044003,0.0001,0.0,0.0,0.0000,0.0000,1.0139,-0.2627,2.1137,0.0000,enc,0.0000
1786025345.125827,0.0818,0.0,0.0,0.0000,0.0000,1.0139,-0.2627,2.1137,0.0000,enc,0.0000
1786025345.226822,0.1010,0.0,0.0,0.0000,0.0000,1.0139,-0.2627,2.1137,0.0000,enc,0.0000
1786025345.330662,0.1038,0.0,0.0,0.0000,0.0000,1.0139,-0.2627,2.1137,0.0000,enc,0.0000
1786025345.430297,0.0996,0.0,0.0,0.0000,0.0000,1.0139,-0.2627,2.1137,0.0000,enc,0.0000
1786025345.535907,0.1056,0.0,0.0,0.0000,0.0000,1.0139,-0.2627,2.1137,0.0000,enc,0.0000
1786025345.636733,0.1008,0.0,0.0,0.0000,0.0000,1.0139,-0.2627,2.1137,0.0000,enc,0.0000
1786025345.735213,0.0985,0.0,0.0,0.0000,0.0000,1.0139,-0.2627,2.1137,0.0000,enc,0.0000
1786025345.839980,0.1048,0.0,0.0,0.0000,0.0000,1.0139,-0.2627,2.1137,0.0000,enc,0.0000
1786025345.941133,0.1012,0.0,0.0,0.0000,0.0000,1.0139,-0.2627,2.1137,0.0000,enc,0.0000
1786025346.042350,0.1012,0.0,0.0,0.0000,0.0000,1.0139,-0.2627,2.1137,0.0000,enc,0.0000
1786025346.147311,0.1050,0.0,0.0,0.0000,0.0000,1.0139,-0.2627,2.1137,0.0000,enc,0.0000
1786025346.247967,0.1007,0.0,0.0,0.0000,0.0000,1.0139,-0.2627,2.1137,0.0000,enc,0.0000
1786025346.349294,0.1013,0.0,0.0,0.0000,0.0000,1.0139,-0.2627,2.1137,0.0000,enc,0.0000
1786025346.454560,0.1053,0.0,0.0,0.0000,0.0000,1.0139,-0.2627,2.1137,0.0000,enc,0.0000
1786025346.554400,0.0998,0.0,0.0,0.0000,0.0000,1.0139,-0.2627,2.1137,0.0000,enc,0.0000
1786025346.655717,0.1013,0.0,0.0,0.0000,0.0000,1.0139,-0.2627,2.1137,0.0000,enc,0.0000
1786025346.760996,0.1053,0.0,0.0,0.0000,0.0000,1.0139,-0.2627,2.1137,0.0000,enc,0.0000
1786025346.863042,0.1020,0.0,0.0,0.0000,0.0000,1.0139,-0.2627,2.1137,0.0000,enc,0.0000
1786025346.966913,0.1039,0.0,0.0,0.0000,0.0000,1.0139,-0.2627,2.1137,0.0000,enc,0.0000
1786025347.069538,0.1026,0.0,0.0,0.0000,0.0000,1.0139,-0.2627,2.1137,0.0000,enc,0.0000
1786025347.170580,0.1010,0.0,0.0,0.0000,0.0000,1.0139,-0.2627,2.1137,0.0000,enc,0.0000
1786025347.273561,0.1030,0.0,0.0,0.0000,0.0000,1.0139,-0.2627,2.1137,0.0000,enc,0.0000
1786025347.374444,0.1009,0.0,0.0,0.0000,0.0000,1.0139,-0.2627,2.1137,0.0000,enc,0.0000
1786025347.478030,0.1036,0.0,0.0,0.0000,0.0000,1.0139,-0.2627,2.1137,0.0000,enc,0.0000
1786025347.579689,0.1017,0.0,0.0,0.0000,0.0000,1.0139,-0.2627,2.1137,0.0000,enc,0.0000
1786025347.681870,0.1022,0.0,0.0,0.0000,0.0000,1.0139,-0.2627,2.1137,0.0000,enc,0.0000
1786025347.783838,0.1020,0.0,0.0,0.0000,0.0000,1.0139,-0.2627,2.1137,0.0000,enc,0.0000
1786025347.885903,0.1021,0.0,0.0,0.0000,0.0000,1.0139,-0.2627,2.1137,0.0000,enc,0.0000
1786025347.986860,0.1010,0.0,0.0,0.0000,0.0000,1.0139,-0.2627,2.1137,0.0000,enc,0.0000
1786025348.093237,0.1064,0.0,0.0,0.0000,0.0000,1.0139,-0.2627,2.1137,0.0000,enc,0.0000
1786025348.190592,0.0974,0.0,0.0,0.0000,0.0000,1.0139,-0.2627,2.1137,0.0000,enc,0.0000
1786025348.293498,0.1029,0.0,0.0,0.0000,0.0000,1.0139,-0.2627,2.1137,0.0000,enc,0.0000
1786025348.398603,0.1051,0.0,0.0,0.0000,0.0000,1.0139,-0.2627,2.1137,0.0000,enc,0.0000
1786025348.498766,0.1002,0.0,0.0,0.0000,0.0000,1.0139,-0.2627,2.1137,0.0000,enc,0.0000
1786025348.601186,0.1024,0.0,0.0,0.0000,0.0000,1.0139,-0.2627,2.1137,0.0000,enc,0.0000
1786025348.705693,0.1045,0.0,0.0,0.0000,0.0000,1.0139,-0.2627,2.1137,0.0000,enc,0.0000
1786025348.804559,0.0989,0.0,0.0,0.0000,0.0000,1.0139,-0.2627,2.1137,0.0000,enc,0.0000
1786025348.907031,0.1025,0.0,0.0,0.0000,0.0000,1.0139,-0.2627,2.1137,0.0000,enc,0.0000
1786025349.011661,0.1046,0.0,0.0,0.0000,0.0000,1.0139,-0.2627,2.1137,0.0000,enc,0.0000
1786025349.113704,0.1020,0.0,0.0,0.0000,0.0000,1.0139,-0.2627,2.1137,0.0000,enc,0.0000
1786025349.213377,0.0997,0.0,0.0,0.0000,0.0000,1.0139,-0.2627,2.1137,0.0000,enc,0.0000
1786025349.317202,0.1038,0.0,0.0,0.0000,0.0000,1.0139,-0.2627,2.1137,0.0000,enc,0.0000
1786025349.420287,0.1031,0.0,0.0,0.0000,0.0000,1.0139,-0.2627,2.1137,0.0000,enc,0.0000
1786025349.522099,0.1018,0.0,0.0,0.0000,0.0000,1.0139,-0.2627,2.1137,0.0000,enc,0.0000
1786025349.624518,0.1024,0.0,0.0,0.0000,0.0000,1.0139,-0.2627,2.1137,0.0000,enc,0.0000
1786025349.726642,0.1021,0.0,0.0,0.0000,0.0000,1.0139,-0.2627,2.1137,0.0000,enc,0.0000
1786025349.827825,0.1012,0.0,0.0,0.0000,0.0000,1.0139,-0.2627,2.1137,0.0000,enc,0.0000
1786025349.930842,0.1030,0.0,0.0,0.0000,0.0000,1.0139,-0.2627,2.1137,0.0000,enc,0.0000
1786025350.035581,0.1047,0.0,0.0,0.0000,0.0000,1.0139,-0.2627,2.1137,0.0000,enc,0.0000
1786025350.152409,0.1168,0.0,0.0,0.0000,0.0000,1.0139,-0.2627,2.1137,0.0000,enc,0.0000
1786025350.235171,0.0828,0.0,0.0,0.0000,0.0000,1.0139,-0.2627,2.1137,0.0000,enc,0.0000
1786025350.343817,0.1086,0.0,0.0,0.0000,0.0000,1.0139,-0.2627,2.1137,0.0000,enc,0.0000
1786025350.441157,0.0973,0.0,0.0,0.0000,0.0000,1.0139,-0.2627,2.1137,0.0000,enc,0.0000
1786025350.547875,0.1067,0.0,0.0,0.0000,0.0000,1.0139,-0.2627,2.1137,0.0000,enc,0.0000
1786025350.647587,0.0997,0.0,0.0,0.0000,0.0000,1.0139,-0.2627,2.1137,0.0000,enc,0.0000
1786025350.748228,0.1006,0.0,0.0,0.0000,0.0000,1.0139,-0.2627,2.1137,0.0000,enc,0.0000
1786025350.848877,0.1006,0.0,0.0,0.0000,0.0000,1.0139,-0.2627,2.1137,0.0000,enc,0.0000
1786025350.953680,0.1048,0.0,0.0,0.0000,0.0000,1.0139,-0.2627,2.1137,0.0000,enc,0.0000
1786025351.054901,0.1012,0.0,0.0,0.0000,0.0000,1.0139,-0.2627,2.1137,0.0000,enc,0.0000
1786025351.157485,0.1026,0.0,0.0,0.0000,0.0000,1.0139,-0.2627,2.1137,0.0000,enc,0.0000
1786025351.259432,0.1019,0.0,0.0,0.0000,0.0000,1.0139,-0.2627,2.1137,0.0000,enc,0.0000
1786025351.360926,0.1015,0.0,0.0,0.0000,0.0000,1.0139,-0.2627,2.1137,0.0000,enc,0.0000
1786025351.463012,0.1021,0.0,0.0,0.0000,0.0000,1.0139,-0.2627,2.1137,0.0000,enc,0.0000
1786025351.567312,0.1043,0.0,0.0,0.0000,0.0000,1.0139,-0.2627,2.1137,0.0000,enc,0.0000
1786025351.668467,0.1012,0.0,0.0,0.0000,0.0000,1.0139,-0.2627,2.1137,0.0000,enc,0.0000
1786025351.766051,0.0976,0.0,0.0,0.0000,0.0000,1.0139,-0.2627,2.1137,0.0000,enc,0.0000
1786025351.873080,0.1070,0.0,0.0,0.0000,0.0000,1.0139,-0.2627,2.1137,0.0000,enc,0.0000
1786025351.976874,0.1038,0.0,0.0,0.0000,0.0000,1.0139,-0.2627,2.1137,0.0000,enc,0.0000
1786025352.078247,0.1014,0.0,0.0,0.0000,0.0000,1.0139,-0.2627,2.1137,0.0000,enc,0.0000
1786025352.177881,0.0996,0.0,0.0,0.0000,0.0000,1.0139,-0.2627,2.1137,0.0000,enc,0.0000
1786025352.283708,0.1058,0.0,0.0,0.0000,0.0000,1.0139,-0.2627,2.1137,0.0000,enc,0.0000
1786025352.387585,0.1039,0.0,0.0,0.0000,0.0000,1.0139,-0.2627,2.1137,0.0000,enc,0.0000
1786025352.485220,0.0976,0.0,0.0,0.0000,0.0000,1.0139,-0.2627,2.1137,0.0000,enc,0.0000
1786025352.589562,0.1043,0.0,0.0,0.0000,0.0000,1.0139,-0.2627,2.1137,0.0000,enc,0.0000
1786025352.693048,0.1035,0.0,0.0,0.0000,0.0000,1.0139,-0.2627,2.1137,0.0000,enc,0.0000
1786025352.792459,0.0994,0.0,0.0,0.0000,0.0000,1.0139,-0.2627,2.1137,0.0000,enc,0.0000
1786025352.896736,0.1043,0.0,0.0,0.0000,0.0000,1.0139,-0.2627,2.1137,0.0000,enc,0.0000
1786025353.000256,0.1035,0.0,0.0,0.0000,0.0000,1.0139,-0.2627,2.1137,0.0000,enc,0.0000
1786025353.103253,0.1030,0.0,0.0,0.0000,0.0000,1.0139,-0.2627,2.1137,0.0000,enc,0.0000
1786025353.204659,0.1014,0.0,0.0,0.0000,0.0000,1.0139,-0.2627,2.1137,0.0000,enc,0.0000
1786025353.306583,0.1019,0.0,0.0,0.0000,0.0000,1.0139,-0.2627,2.1137,0.0000,enc,0.0000
1786025353.405683,0.0991,0.0,0.0,0.0000,0.0000,1.0139,-0.2627,2.1137,0.0000,enc,0.0000
1786025353.508433,0.1027,0.0,0.0,0.0000,0.0000,1.0139,-0.2627,2.1137,0.0000,enc,0.0000
1786025353.606748,0.0983,0.0,0.0,0.0000,0.0000,1.0139,-0.2627,2.1137,0.0000,enc,0.0000
1786025353.709031,0.1023,0.0,0.0,0.0000,0.0000,1.0139,-0.2627,2.1137,0.0000,enc,0.0000
1786025353.817020,0.1080,0.0,0.0,0.0000,0.0000,1.0139,-0.2627,2.1137,0.0000,enc,0.0000
1786025353.913782,0.0968,0.0,0.0,0.0000,0.0000,1.0139,-0.2627,2.1137,0.0000,enc,0.0000
1786025354.015881,0.1021,0.0,0.0,0.0000,0.0000,1.0139,-0.2627,2.1137,0.0000,enc,0.0000
1786025354.125153,0.1093,0.0,0.0,0.0000,0.0000,1.0139,-0.2627,2.1137,0.0000,enc,0.0000
1786025354.220015,0.0949,0.0,0.0,0.0000,0.0000,1.0139,-0.2627,2.1137,0.0000,enc,0.0000
1786025354.325422,0.1054,0.0,0.0,0.0000,0.0000,1.0139,-0.2627,2.1137,0.0000,enc,0.0000
1786025354.429012,0.1036,0.0,0.0,0.0000,0.0000,1.0139,-0.2627,2.1137,0.0000,enc,0.0000
1786025354.527151,0.0981,0.0,0.0,0.0000,0.0000,1.0139,-0.2627,2.1137,0.0000,enc,0.0000
1786025354.632650,0.1055,0.0,0.0,0.0000,0.0000,1.0139,-0.2627,2.1137,0.0000,enc,0.0000
1786025354.735135,0.1025,0.0,0.0,0.0000,0.0000,1.0139,-0.2627,2.1137,0.0000,enc,0.0000
1786025354.836266,0.1011,0.0,0.0,0.0000,0.0000,1.0139,-0.2627,2.1137,0.0000,enc,0.0000
1786025354.937501,0.1012,0.0,0.0,0.0000,0.0000,1.0139,-0.2627,2.1137,0.0000,enc,0.0000
1786025355.039760,0.1023,0.0,0.0,0.0000,0.0000,1.0139,-0.2627,2.1137,0.0000,enc,0.0000
1786025355.263329,0.2236,0.0,0.0,0.0000,0.0000,1.0139,-0.2627,2.1137,0.0000,enc,0.0000
1786025355.263373,0.0000,0.0,0.0,0.0000,0.0000,1.0139,-0.2627,2.1137,0.0000,enc,0.0000
1786025355.346653,0.0833,0.0,0.0,0.0000,0.0000,1.0139,-0.2627,2.1137,0.0000,enc,0.0000
1786025355.510406,0.1638,0.0,0.0,0.0000,0.0000,1.0139,-0.2627,2.1137,0.0000,enc,0.0000
1786025355.552361,0.0420,0.0,0.0,0.0000,0.0000,1.0139,-0.2627,2.1137,0.0000,enc,0.0000
1786025355.754031,0.2017,0.0,0.0,0.0000,0.0000,1.0139,-0.2627,2.1137,0.0000,enc,0.0000
1786025355.755058,0.0010,0.0,0.0,0.0000,0.0000,1.0139,-0.2627,2.1137,0.0000,enc,0.0000
1786025356.005630,0.2506,0.0,0.0,0.0000,0.0000,1.0139,-0.2627,2.1137,0.0000,enc,0.0000
1786025356.014719,0.0091,0.0,0.0,0.0000,0.0000,1.0139,-0.2627,2.1137,0.0000,enc,0.0000
1786025356.062400,0.0477,0.0,0.0,0.0000,0.0000,1.0139,-0.2627,2.1137,0.0000,enc,0.0000
1786025356.297216,0.2348,0.0,0.0,0.0000,0.0000,1.0139,-0.2627,2.1137,0.0000,enc,0.0000
1786025356.300894,0.0037,0.0,0.0,0.0000,0.0000,1.0139,-0.2627,2.1137,0.0000,enc,0.0000
1786025356.526626,0.2257,0.0,0.0,0.0000,0.0000,1.0139,-0.2627,2.1137,0.0000,enc,0.0000
1786025356.526762,0.0001,0.0,0.0,0.0000,0.0000,1.0139,-0.2627,2.1137,0.0000,enc,0.0000
1786025356.570262,0.0435,0.0,0.0,0.0000,0.0000,1.0139,-0.2627,2.1137,0.0000,enc,0.0000
1786025356.762258,0.1920,0.0,0.0,0.0000,0.0000,1.0139,-0.2627,2.1137,0.0000,enc,0.0000
1786025356.789007,0.0267,0.0,0.0,0.0000,0.0000,1.0139,-0.2627,2.1137,0.0000,enc,0.0000
1786025357.010731,0.2217,0.0,0.0,0.0000,0.0000,1.0139,-0.2627,2.1137,0.0000,enc,0.0000
1786025357.010764,0.0000,0.0,0.0,0.0000,0.0000,1.0139,-0.2627,2.1137,0.0000,enc,0.0000
1786025357.083983,0.0732,0.0,0.0,0.0000,0.0000,1.0139,-0.2627,2.1137,0.0000,enc,0.0000
1786025357.260360,0.1764,0.0,0.0,0.0000,0.0000,1.0139,-0.2627,2.1137,0.0000,enc,0.0000
1786025357.286899,0.0265,0.0,0.0,0.0000,0.0000,1.0139,-0.2627,2.1137,0.0000,enc,0.0000
1786025357.510220,0.2233,0.0,0.0,0.0000,0.0000,1.0139,-0.2627,2.1137,0.0000,enc,0.0000
1786025357.510263,0.0000,0.0,0.0,0.0000,0.0000,1.0139,-0.2627,2.1137,0.0000,enc,0.0000
1786025357.595624,0.0854,0.0,0.0,0.0000,0.0000,1.0139,-0.2627,2.1137,0.0000,enc,0.0000
1786025357.760836,0.1652,0.0,0.0,0.0000,0.0000,1.0139,-0.2627,2.1137,0.0000,enc,0.0000
1786025357.797871,0.0370,0.0,0.0,0.0000,0.0000,1.0139,-0.2627,2.1137,0.0000,enc,0.0000
1786025358.010719,0.2128,0.0,0.0,0.0000,0.0000,1.0139,-0.2627,2.1137,0.0000,enc,0.0000
1786025358.010887,0.0002,0.0,0.0,0.0000,0.0000,1.0139,-0.2627,2.1137,0.0000,enc,0.0000
1786025358.105204,0.0943,0.0,0.0,0.0000,0.0000,1.0139,-0.2627,2.1137,0.0000,enc,0.0000
1786025358.261883,0.1567,0.0,0.0,0.0000,0.0000,1.0139,-0.2627,2.1137,0.0000,enc,0.0000
1786025358.310697,0.0488,0.0,0.0,0.0000,0.0000,1.0139,-0.2627,2.1137,0.0000,enc,0.0000
1786025358.511754,0.2011,0.0,0.0,0.0000,0.0000,1.0139,-0.2627,2.1137,0.0000,enc,0.0000
1786025358.514996,0.0032,0.0,0.0,0.0000,0.0000,1.0139,-0.2627,2.1137,0.0000,enc,0.0000
1786025358.765949,0.2510,0.0,0.0,0.0000,0.0000,1.0139,-0.2627,2.1137,0.0000,enc,0.0000
1786025358.765991,0.0000,0.0,0.0,0.0000,0.0000,1.0139,-0.2627,2.1137,0.0000,enc,0.0000
1786025358.816522,0.0505,0.0,0.0,0.0000,0.0000,1.0139,-0.2627,2.1137,0.0000,enc,0.0000
1786025359.014590,0.1981,0.0,0.0,0.0000,0.0000,1.0139,-0.2627,2.1137,0.0000,enc,0.0000
1786025359.021813,0.0072,0.0,0.0,0.0000,0.0000,1.0139,-0.2627,2.1137,0.0000,enc,0.0000
1786025359.266620,0.2448,0.0,0.0,0.0000,0.0000,1.0139,-0.2627,2.1137,0.0000,enc,0.0000
1786025359.266675,0.0001,0.0,0.0,0.0000,0.0000,1.0139,-0.2627,2.1137,0.0000,enc,0.0000
1786025359.329724,0.0630,0.0,0.0,0.0000,0.0000,1.0139,-0.2627,2.1137,0.0000,enc,0.0000
1786025359.522409,0.1927,0.0,0.0,0.0000,0.0000,1.0139,-0.2627,2.1137,0.0000,enc,0.0000
1786025359.534293,0.0119,0.0,0.0,0.0000,0.0000,1.0139,-0.2627,2.1137,0.0000,enc,0.0000
1786025359.775829,0.2415,0.0,0.0,0.0000,0.0000,1.0139,-0.2627,2.1137,0.0000,enc,0.0000
1786025359.776329,0.0005,0.0,0.0,0.0000,0.0000,1.0139,-0.2627,2.1137,0.0000,enc,0.0000
1786025359.842929,0.0666,0.0,0.0,0.0000,0.0000,1.0139,-0.2627,2.1137,0.0000,enc,0.0000
1786025360.030891,0.1880,0.0,0.0,0.0000,0.0000,1.0139,-0.2627,2.1137,0.0000,enc,0.0000
1786025360.045561,0.0147,0.0,0.0,0.0000,0.0000,1.0139,-0.2627,2.1137,0.0000,enc,0.0000
1786025360.148966,0.1034,0.0,0.0,0.0000,0.0000,1.0139,-0.2627,2.1137,0.0000,enc,0.0000
1786025360.251871,0.1029,0.0,0.0,0.0000,0.0000,1.0139,-0.2627,2.1137,0.0000,enc,0.0000
1786025360.352993,0.1011,0.0,0.0,0.0000,0.0000,1.0139,-0.2627,2.1137,0.0000,enc,0.0000
1786025360.456031,0.1030,0.0,0.0,0.0000,0.0000,1.0139,-0.2627,2.1137,0.0000,enc,0.0000
1786025360.559013,0.1030,0.0,0.0,0.0000,0.0000,1.0139,-0.2627,2.1137,0.0000,enc,0.0000
1786025360.660754,0.1017,0.0,0.0,0.0000,0.0000,1.0139,-0.2627,2.1137,0.0000,enc,0.0000
1786025360.769449,0.1087,0.0,0.0,0.0000,0.0000,1.0139,-0.2627,2.1137,0.0000,enc,0.0000
1786025360.862553,0.0931,0.0,0.0,0.0000,0.0000,1.0139,-0.2627,2.1137,0.0000,enc,0.0000
1786025360.967470,0.1049,0.0,0.0,0.0000,0.0000,1.0139,-0.2627,2.1137,0.0000,enc,0.0000
1786025361.066062,0.0986,0.0,0.0,0.0000,0.0000,1.0139,-0.2627,2.1137,0.0000,enc,0.0000
1786025361.173028,0.1070,0.0,0.0,0.0000,0.0000,1.0139,-0.2627,2.1137,0.0000,enc,0.0000
1786025361.271599,0.0986,0.0,0.0,0.0000,0.0000,1.0139,-0.2627,2.1137,0.0000,enc,0.0000
1786025361.373759,0.1022,0.0,0.0,0.0000,0.0000,1.0139,-0.2627,2.1137,0.0000,enc,0.0000
1786025361.479311,0.1056,0.0,0.0,0.0000,0.0000,1.0139,-0.2627,2.1137,0.0000,enc,0.0000
1786025361.577436,0.0981,0.0,0.0,0.0000,0.0000,1.0139,-0.2627,2.1137,0.0000,enc,0.0000
1786025361.678394,0.1010,0.0,0.0,0.0000,0.0000,1.0139,-0.2627,2.1137,0.0000,enc,0.0000
1786025361.783728,0.1053,0.0,0.0,0.0000,0.0000,1.0139,-0.2627,2.1137,0.0000,enc,0.0000
1786025361.884444,0.1007,0.0,0.0,0.0000,0.0000,1.0139,-0.2627,2.1137,0.0000,enc,0.0000
1786025361.986051,0.1016,0.0,0.0,0.0000,0.0000,1.0139,-0.2627,2.1137,0.0000,enc,0.0000
1786025362.091948,0.1059,0.0,0.0,0.0000,0.0000,1.0139,-0.2627,2.1137,0.0000,enc,0.0000
1786025362.192437,0.1005,0.0,0.0,0.0000,0.0000,1.0139,-0.2627,2.1137,0.0000,enc,0.0000
1786025362.295203,0.1028,0.0,0.0,0.0000,0.0000,1.0139,-0.2627,2.1137,0.0000,enc,0.0000
1786025362.397449,0.1022,0.0,0.0,0.0000,0.0000,1.0139,-0.2627,2.1137,0.0000,enc,0.0000
1786025362.500488,0.1030,0.0,0.0,0.0000,0.0000,1.0139,-0.2627,2.1137,0.0000,enc,0.0000
1786025362.602840,0.1024,0.0,0.0,0.0000,0.0000,1.0139,-0.2627,2.1137,0.0000,enc,0.0000
1786025362.703084,0.1002,0.0,0.0,0.0000,0.0000,1.0139,-0.2627,2.1137,0.0000,enc,0.0000
1786025362.806119,0.1030,0.0,0.0,0.0000,0.0000,1.0139,-0.2627,2.1137,0.0000,enc,0.0000
1786025362.906956,0.1008,0.0,0.0,0.0000,0.0000,1.0139,-0.2627,2.1137,0.0000,enc,0.0000
1786025363.009669,0.1027,0.0,0.0,0.0000,0.0000,1.0139,-0.2627,2.1137,0.0000,enc,0.0000
1786025363.112495,0.1028,0.0,0.0,0.0000,0.0000,1.0139,-0.2627,2.1137,0.0000,enc,0.0000
1786025363.214519,0.1020,0.0,0.0,0.0000,0.0000,1.0139,-0.2627,2.1137,0.0000,enc,0.0000
1786025363.316014,0.1015,0.0,0.0,0.0000,0.0000,1.0139,-0.2627,2.1137,0.0000,enc,0.0000
1786025363.418361,0.1023,0.0,0.0,0.0000,0.0000,1.0139,-0.2627,2.1137,0.0000,enc,0.0000
1786025363.522772,0.1044,0.0,0.0,0.0000,0.0000,1.0139,-0.2627,2.1137,0.0000,enc,0.0000
1786025363.619030,0.0963,0.0,0.0,0.0000,0.0000,1.0139,-0.2627,2.1137,0.0000,enc,0.0000
1786025363.725781,0.1068,0.0,0.0,0.0000,0.0000,1.0139,-0.2627,2.1137,0.0000,enc,0.0000
1786025363.823421,0.0976,0.0,0.0,0.0000,0.0000,1.0139,-0.2627,2.1137,0.0000,enc,0.0000
1786025363.926472,0.1031,0.0,0.0,0.0000,0.0000,1.0139,-0.2627,2.1137,0.0000,enc,0.0000
1786025364.040183,0.1137,0.0,0.0,0.0000,0.0000,1.0139,-0.2627,2.1137,0.0000,enc,0.0000
1786025364.130033,0.0898,0.0,0.0,0.0000,0.0000,1.0139,-0.2627,2.1137,0.0000,enc,0.0000
1786025364.241979,0.1119,0.0,0.0,0.0000,0.0000,1.0139,-0.2627,2.1137,0.0000,enc,0.0000
1786025364.340303,0.0983,0.0,0.0,0.0000,0.0000,1.0139,-0.2627,2.1137,0.0000,enc,0.0000
1786025364.438029,0.0977,0.0,0.0,0.0000,0.0000,1.0139,-0.2627,2.1137,0.0000,enc,0.0000
1786025364.564939,0.1269,0.0,0.0,0.0000,0.0000,1.0139,-0.2627,2.1137,0.0000,enc,0.0000
1786025364.643831,0.0789,0.0,0.0,0.0000,0.0000,1.0139,-0.2627,2.1137,0.0000,enc,0.0000
1786025364.753102,0.1093,0.0,0.0,0.0000,0.0000,1.0139,-0.2627,2.1137,0.0000,enc,0.0000
1786025364.844974,0.0919,0.0,0.0,0.0000,0.0000,1.0139,-0.2627,2.1137,0.0000,enc,0.0000
1786025364.950423,0.1054,0.0,0.0,0.0000,0.0000,1.0139,-0.2627,2.1137,0.0000,enc,0.0000
1786025365.055703,0.1053,0.0,0.0,0.0000,0.0000,1.0139,-0.2627,2.1137,0.0000,enc,0.0000
1786025365.184835,0.1291,0.0,0.0,0.0000,0.0000,1.0139,-0.2627,2.1137,0.0000,enc,0.0000
1786025365.271338,0.0865,0.0,0.0,0.0000,0.0000,1.0139,-0.2627,2.1137,0.0000,enc,0.0000
1786025365.358901,0.0876,0.0,0.0,0.0000,0.0000,1.0139,-0.2627,2.1137,0.0000,enc,0.0000
1786025365.460643,0.1017,0.0,0.0,0.0000,0.0000,1.0139,-0.2627,2.1137,0.0000,enc,0.0000
1786025365.564057,0.1034,0.0,0.0,0.0000,0.0000,1.0139,-0.2627,2.1137,0.0000,enc,0.0000
1786025365.664594,0.1005,0.0,0.0,0.0000,0.0000,1.0139,-0.2627,2.1137,0.0000,enc,0.0000
1786025365.769431,0.1048,0.0,0.0,0.0000,0.0000,1.0139,-0.2627,2.1137,0.0000,enc,0.0000
1786025365.869342,0.0999,0.0,0.0,0.0000,0.0000,1.0139,-0.2627,2.1137,0.0000,enc,0.0000
1786025365.970898,0.1016,0.0,0.0,0.0000,0.0000,1.0139,-0.2627,2.1137,0.0000,enc,0.0000
1786025366.074294,0.1034,0.0,0.0,0.0000,0.0000,1.0139,-0.2627,2.1137,0.0000,enc,0.0000
1786025366.173510,0.0992,0.0,0.0,0.0000,0.0000,1.0139,-0.2627,2.1137,0.0000,enc,0.0000
1786025366.277881,0.1044,0.0,0.0,0.0000,0.0000,1.0139,-0.2627,2.1137,0.0000,enc,0.0000
1786025366.377867,0.1000,0.0,0.0,0.0000,0.0000,1.0139,-0.2627,2.1137,0.0000,enc,0.0000
1786025366.480135,0.1023,0.0,0.0,0.0000,0.0000,1.0139,-0.2627,2.1137,0.0000,enc,0.0000
1786025366.585655,0.1055,0.0,0.0,0.0000,0.0000,1.0139,-0.2627,2.1137,0.0000,enc,0.0000
1786025366.684562,0.0989,0.0,0.0,0.0000,0.0000,1.0139,-0.2627,2.1137,0.0000,enc,0.0000
1786025366.786507,0.1019,0.0,0.0,0.0000,0.0000,1.0139,-0.2627,2.1137,0.0000,enc,0.0000
1786025366.888629,0.1021,0.0,0.0,0.0000,0.0000,1.0139,-0.2627,2.1137,0.0000,enc,0.0000
1786025366.990258,0.1016,0.0,0.0,0.0000,0.0000,1.0139,-0.2627,2.1137,0.0000,enc,0.0000
1786025367.096567,0.1063,0.0,0.0,0.0000,0.0000,1.0139,-0.2627,2.1137,0.0000,enc,0.0000
1786025367.199010,0.1024,0.0,0.0,0.0000,0.0000,1.0139,-0.2627,2.1137,0.0000,enc,0.0000
1786025367.301564,0.1026,0.0,0.0,0.0000,0.0000,1.0139,-0.2627,2.1137,0.0000,enc,0.0000
1786025367.402531,0.1010,0.0,0.0,0.0000,0.0000,1.0139,-0.2627,2.1137,0.0000,enc,0.0000
1786025367.505878,0.1033,0.0,0.0,0.0000,0.0000,1.0139,-0.2627,2.1137,0.0000,enc,0.0000
1786025367.607171,0.1013,0.0,0.0,0.0000,0.0000,1.0139,-0.2627,2.1137,0.0000,enc,0.0000
1786025367.710898,0.1037,0.0,0.0,0.0000,0.0000,1.0139,-0.2627,2.1137,0.0000,enc,0.0000
1786025367.809174,0.0983,0.0,0.0,0.0000,0.0000,1.0139,-0.2627,2.1137,0.0000,enc,0.0000
1786025367.913671,0.1045,0.0,0.0,0.0000,0.0000,1.0139,-0.2627,2.1137,0.0000,enc,0.0000
1786025368.016448,0.1028,0.0,0.0,0.0000,0.0000,1.0139,-0.2627,2.1137,0.0000,enc,0.0000
1786025368.118038,0.1016,0.0,0.0,0.0000,0.0000,1.0139,-0.2627,2.1137,0.0000,enc,0.0000
1786025368.220393,0.1024,0.0,0.0,0.0000,0.0000,1.0139,-0.2627,2.1137,0.0000,enc,0.0000
1786025368.323789,0.1034,0.0,0.0,0.0000,0.0000,1.0139,-0.2627,2.1137,0.0000,enc,0.0000
1786025368.423518,0.0997,0.0,0.0,0.0000,0.0000,1.0139,-0.2627,2.1137,0.0000,enc,0.0000
1786025368.527679,0.1042,0.0,0.0,0.0000,0.0000,1.0139,-0.2627,2.1137,0.0000,enc,0.0000
1786025368.628977,0.1013,0.0,0.0,0.0000,0.0000,1.0139,-0.2627,2.1137,0.0000,enc,0.0000
1786025368.728329,0.0994,0.0,0.0,0.0000,0.0000,1.0139,-0.2627,2.1137,0.0000,enc,0.0000
1786025368.834496,0.1062,0.0,0.0,0.0000,0.0000,1.0139,-0.2627,2.1137,0.0000,enc,0.0000
1786025368.933696,0.0992,0.0,0.0,0.0000,0.0000,1.0139,-0.2627,2.1137,0.0000,enc,0.0000
1786025369.034934,0.1012,0.0,0.0,0.0000,0.0000,1.0139,-0.2627,2.1137,0.0000,enc,0.0000
1786025369.140749,0.1058,0.0,0.0,0.0000,0.0000,1.0139,-0.2627,2.1137,0.0000,enc,0.0000
1786025369.239326,0.0986,0.0,0.0,0.0000,0.0000,1.0139,-0.2627,2.1137,0.0000,enc,0.0000
1786025369.342080,0.1028,0.0,0.0,0.0000,0.0000,1.0139,-0.2627,2.1137,0.0000,enc,0.0000
1786025369.445884,0.1038,0.0,0.0,0.0000,0.0000,1.0139,-0.2627,2.1137,0.0000,enc,0.0000
1786025369.545804,0.0999,0.0,0.0,0.0000,0.0000,1.0139,-0.2627,2.1137,0.0000,enc,0.0000
1786025369.648523,0.1027,0.0,0.0,0.0000,0.0000,1.0139,-0.2627,2.1137,0.0000,enc,0.0000
1786025369.753495,0.1050,0.0,0.0,0.0000,0.0000,1.0139,-0.2627,2.1137,0.0000,enc,0.0000
1786025369.853143,0.0996,0.0,0.0,0.0000,0.0000,1.0139,-0.2627,2.1137,0.0000,enc,0.0000
1786025369.954033,0.1009,0.0,0.0,0.0000,0.0000,1.0139,-0.2627,2.1137,0.0000,enc,0.0000
1786025370.059351,0.1053,0.0,0.0,0.0000,0.0000,1.0139,-0.2627,2.1137,0.0000,enc,0.0000
1786025370.265864,0.2065,0.0,0.0,0.0000,0.0000,1.0139,-0.2627,2.1137,0.0000,enc,0.0000
1786025370.267322,0.0015,0.0,0.0,0.0000,0.0000,1.0139,-0.2627,2.1137,0.0000,enc,0.0000
1786025370.520728,0.2534,0.0,0.0,0.0000,0.0000,1.0139,-0.2627,2.1137,0.0000,enc,0.0000
1786025370.520773,0.0000,0.0,0.0,0.0000,0.0000,1.0139,-0.2627,2.1137,0.0000,enc,0.0000
1786025370.571350,0.0506,0.0,0.0,0.0000,0.0000,1.0139,-0.2627,2.1137,0.0000,enc,0.0000
1786025370.775903,0.2046,0.0,0.0,0.0000,0.0000,1.0139,-0.2627,2.1137,0.0000,enc,0.0000
1786025370.775942,0.0000,0.0,0.0,0.0000,0.0000,1.0139,-0.2627,2.1137,0.0000,enc,0.0000
1786025371.021288,0.2453,0.0,0.0,0.0000,0.0000,1.0139,-0.2627,2.1137,0.0000,enc,0.0000
1786025371.023146,0.0019,0.0,0.0,0.0000,0.0000,1.0139,-0.2627,2.1137,0.0000,enc,0.0000
1786025371.081272,0.0581,0.0,0.0,0.0000,0.0000,1.0139,-0.2627,2.1137,0.0000,enc,0.0000
1786025371.268788,0.1875,0.0,0.0,0.0000,0.0000,1.0139,-0.2627,2.1137,0.0000,enc,0.0000
1786025371.282132,0.0133,0.0,0.0,0.0000,0.0000,1.0139,-0.2627,2.1137,0.0000,enc,0.0000
1786025371.524058,0.2419,0.0,0.0,0.0000,0.0000,1.0139,-0.2627,2.1137,0.0000,enc,0.0000
1786025371.524105,0.0000,0.0,0.0,0.0000,0.0000,1.0139,-0.2627,2.1137,0.0000,enc,0.0000
1786025371.588044,0.0639,0.0,0.0,0.0000,0.0000,1.0139,-0.2627,2.1137,0.0000,enc,0.0000
1786025371.773875,0.1858,0.0,0.0,0.0000,0.0000,1.0139,-0.2627,2.1137,0.0000,enc,0.0000
1786025371.792949,0.0191,0.0,0.0,0.0000,0.0000,1.0139,-0.2627,2.1137,0.0000,enc,0.0000
1786025372.024309,0.2314,0.0,0.0,0.0000,0.0000,1.0139,-0.2627,2.1137,0.0000,enc,0.0000
1786025372.024354,0.0000,0.0,0.0,0.0000,0.0000,1.0139,-0.2627,2.1137,0.0000,enc,0.0000
1786025372.099700,0.0753,0.0,0.0,0.0000,0.0000,1.0139,-0.2627,2.1137,0.0000,enc,0.0000
1786025372.274665,0.1750,0.0,0.0,0.0000,0.0000,1.0139,-0.2627,2.1137,0.0000,enc,0.0000
1786025372.303261,0.0286,0.0,0.0,0.0000,0.0000,1.0139,-0.2627,2.1137,0.0000,enc,0.0000
1786025372.523638,0.2204,0.0,0.0,0.0000,0.0000,1.0139,-0.2627,2.1137,0.0000,enc,0.0000
1786025372.523690,0.0001,0.0,0.0,0.0000,0.0000,1.0139,-0.2627,2.1137,0.0000,enc,0.0000
1786025372.615185,0.0915,0.0,0.0,0.0000,0.0000,1.0139,-0.2627,2.1137,0.0000,enc,0.0000
1786025372.770770,0.1556,0.0,0.0,0.0000,0.0000,1.0139,-0.2627,2.1137,0.0000,enc,0.0000
1786025372.816044,0.0453,0.0,0.0,0.0000,0.0000,1.0139,-0.2627,2.1137,0.0000,enc,0.0000
1786025373.026895,0.2109,0.0,0.0,0.0000,0.0000,1.0139,-0.2627,2.1137,0.0000,enc,0.0000
1786025373.029324,0.0024,0.0,0.0,0.0000,0.0000,1.0139,-0.2627,2.1137,0.0000,enc,0.0000
1786025373.275072,0.2457,0.0,0.0,0.0000,0.0000,1.0139,-0.2627,2.1137,0.0000,enc,0.0000
1786025373.275126,0.0001,0.0,0.0,0.0000,0.0000,1.0139,-0.2627,2.1137,0.0000,enc,0.0000
1786025373.329854,0.0547,0.0,0.0,0.0000,0.0000,1.0139,-0.2627,2.1137,0.0000,enc,0.0000
1786025373.522504,0.1927,0.0,0.0,0.0000,0.0000,1.0139,-0.2627,2.1137,0.0000,enc,0.0000
1786025373.530538,0.0080,0.0,0.0,0.0000,0.0000,1.0139,-0.2627,2.1137,0.0000,enc,0.0000
1786025373.773951,0.2434,0.0,0.0,0.0000,0.0000,1.0139,-0.2627,2.1137,0.0000,enc,0.0000
1786025373.774452,0.0005,0.0,0.0,0.0000,0.0000,1.0139,-0.2627,2.1137,0.0000,enc,0.0000
1786025373.836073,0.0616,0.0,0.0,0.0000,0.0000,1.0139,-0.2627,2.1137,0.0000,enc,0.0000
1786025374.025649,0.1896,0.0,0.0,0.0000,0.0000,1.0139,-0.2627,2.1137,0.0000,enc,0.0000
1786025374.040485,0.0148,0.0,0.0,0.0000,0.0000,1.0139,-0.2627,2.1137,0.0000,enc,0.0000
1786025374.280252,0.2398,0.0,0.0,0.0000,0.0000,1.0139,-0.2627,2.1137,0.0000,enc,0.0000
1786025374.280298,0.0000,0.0,0.0,0.0000,0.0000,1.0139,-0.2627,2.1137,0.0000,enc,0.0000
1786025374.346428,0.0661,0.0,0.0,0.0000,0.0000,1.0139,-0.2627,2.1137,0.0000,enc,0.0000
1786025374.531934,0.1855,0.0,0.0,0.0000,0.0000,1.0139,-0.2627,2.1137,0.0000,enc,0.0000
1786025374.550784,0.0189,0.0,0.0,0.0000,0.0000,1.0139,-0.2627,2.1137,0.0000,enc,0.0000
1786025374.786072,0.2353,0.0,0.0,0.0000,0.0000,1.0139,-0.2627,2.1137,0.0000,enc,0.0000
1786025374.786824,0.0008,0.0,0.0,0.0000,0.0000,1.0139,-0.2627,2.1137,0.0000,enc,0.0000
1786025374.860898,0.0741,0.0,0.0,0.0000,0.0000,1.0139,-0.2627,2.1137,0.0000,enc,0.0000
1786025375.038404,0.1775,0.0,0.0,0.0000,0.0000,1.0139,-0.2627,2.1137,0.0000,enc,0.0000
1786025375.061865,0.0235,0.0,0.0,0.0000,0.0000,1.0139,-0.2627,2.1137,0.0000,enc,0.0000
1786025375.166750,0.1049,0.0,0.0,0.0000,0.0000,1.0139,-0.2627,2.1137,0.0000,enc,0.0000
1786025375.268880,0.1021,0.0,0.0,0.0000,0.0000,1.0139,-0.2627,2.1137,0.0000,enc,0.0000
1786025375.370127,0.1012,0.0,0.0,0.0000,0.0000,1.0139,-0.2627,2.1137,0.0000,enc,0.0000
1786025375.483143,0.1130,0.0,0.0,0.0000,0.0000,1.0139,-0.2627,2.1137,0.0000,enc,0.0000
1786025375.584749,0.1016,0.0,0.0,0.0000,0.0000,1.0139,-0.2627,2.1137,0.0000,enc,0.0000
1786025375.677194,0.0924,0.0,0.0,0.0000,0.0000,1.0139,-0.2627,2.1137,0.0000,enc,0.0000
1786025375.779874,0.1027,0.0,0.0,0.0000,0.0000,1.0139,-0.2627,2.1137,0.0000,enc,0.0000
1786025375.887233,0.1074,0.0,0.0,0.0000,0.0000,1.0139,-0.2627,2.1137,0.0000,enc,0.0000
1786025375.985054,0.0978,0.0,0.0,0.0000,0.0000,1.0139,-0.2627,2.1137,0.0000,enc,0.0000
1786025376.086312,0.1013,0.0,0.0,0.0000,0.0000,1.0139,-0.2627,2.1137,0.0000,enc,0.0000
1786025376.190569,0.1043,0.0,0.0,0.0000,0.0000,1.0139,-0.2627,2.1137,0.0000,enc,0.0000
1786025376.302495,0.1119,0.0,0.0,0.0000,0.0000,1.0139,-0.2627,2.1137,0.0000,enc,0.0000
1786025376.393908,0.0914,0.0,0.0,0.0000,0.0000,1.0139,-0.2627,2.1137,0.0000,enc,0.0000
1786025376.503002,0.1091,0.0,0.0,0.0000,0.0000,1.0139,-0.2627,2.1137,0.0000,enc,0.0000
1786025376.607970,0.1050,0.0,0.0,0.0000,0.0000,1.0139,-0.2627,2.1137,0.0000,enc,0.0000
1786025376.695550,0.0876,0.0,0.0,0.0000,0.0000,1.0139,-0.2627,2.1137,0.0000,enc,0.0000
1786025376.801144,0.1056,0.0,0.0,0.0000,0.0000,1.0139,-0.2627,2.1137,0.0000,enc,0.0000
1786025376.900092,0.0989,0.0,0.0,0.0000,0.0000,1.0139,-0.2627,2.1137,0.0000,enc,0.0000
1786025377.002378,0.1023,0.0,0.0,0.0000,0.0000,1.0139,-0.2627,2.1137,0.0000,enc,0.0000
1786025377.108380,0.1060,0.0,0.0,0.0000,0.0000,1.0139,-0.2627,2.1137,0.0000,enc,0.0000
1786025377.209556,0.1012,0.0,0.0,0.0000,0.0000,1.0139,-0.2627,2.1137,0.0000,enc,0.0000
1786025377.313559,0.1040,0.0,0.0,0.0000,0.0000,1.0139,-0.2627,2.1137,0.0000,enc,0.0000
1786025377.418081,0.1045,0.0,0.0,0.0000,0.0000,1.0139,-0.2627,2.1137,0.0000,enc,0.0000
1786025377.512753,0.0947,0.0,0.0,0.0000,0.0000,1.0139,-0.2627,2.1137,0.0000,enc,0.0000
1786025377.617000,0.1042,0.0,0.0,0.0000,0.0000,1.0139,-0.2627,2.1137,0.0000,enc,0.0000
1786025377.722740,0.1057,0.0,0.0,0.0000,0.0000,1.0139,-0.2627,2.1137,0.0000,enc,0.0000
1786025377.823041,0.1003,0.0,0.0,0.0000,0.0000,1.0139,-0.2627,2.1137,0.0000,enc,0.0000
1786025377.926041,0.1030,0.0,0.0,0.0000,0.0000,1.0139,-0.2627,2.1137,0.0000,enc,0.0000
1786025378.028046,0.1020,0.0,0.0,0.0000,0.0000,1.0139,-0.2627,2.1137,0.0000,enc,0.0000
1786025378.129984,0.1019,0.0,0.0,0.0000,0.0000,1.0139,-0.2627,2.1137,0.0000,enc,0.0000
1786025378.231853,0.1019,0.0,0.0,0.0000,0.0000,1.0139,-0.2627,2.1137,0.0000,enc,0.0000
1786025378.335419,0.1036,0.0,0.0,0.0000,0.0000,1.0139,-0.2627,2.1137,0.0000,enc,0.0000
1786025378.435520,0.1001,0.0,0.0,0.0000,0.0000,1.0139,-0.2627,2.1137,0.0000,enc,0.0000
1786025378.538200,0.1027,0.0,0.0,0.0000,0.0000,1.0139,-0.2627,2.1137,0.0000,enc,0.0000
1786025378.640932,0.1027,0.0,0.0,0.0000,0.0000,1.0139,-0.2627,2.1137,0.0000,enc,0.0000
1786025378.743965,0.1030,0.0,0.0,0.0000,0.0000,1.0139,-0.2627,2.1137,0.0000,enc,0.0000
1786025378.846758,0.1028,0.0,0.0,0.0000,0.0000,1.0139,-0.2627,2.1137,0.0000,enc,0.0000
1786025378.945344,0.0986,0.0,0.0,0.0000,0.0000,1.0139,-0.2627,2.1137,0.0000,enc,0.0000
1786025379.052657,0.1073,0.0,0.0,0.0000,0.0000,1.0139,-0.2627,2.1137,0.0000,enc,0.0000
1786025379.149218,0.0966,0.0,0.0,0.0000,0.0000,1.0139,-0.2627,2.1137,0.0000,enc,0.0000
1786025379.251639,0.1024,0.0,0.0,0.0000,0.0000,1.0139,-0.2627,2.1137,0.0000,enc,0.0000
1786025379.358104,0.1065,0.0,0.0,0.0000,0.0000,1.0139,-0.2627,2.1137,0.0000,enc,0.0000
1786025379.455890,0.0978,0.0,0.0,0.0000,0.0000,1.0139,-0.2627,2.1137,0.0000,enc,0.0000
1786025379.557850,0.1020,0.0,0.0,0.0000,0.0000,1.0139,-0.2627,2.1137,0.0000,enc,0.0000
1786025379.665920,0.1081,0.0,0.0,0.0000,0.0000,1.0139,-0.2627,2.1137,0.0000,enc,0.0000
1786025379.762478,0.0966,0.0,0.0,0.0000,0.0000,1.0139,-0.2627,2.1137,0.0000,enc,0.0000
1786025379.864890,0.1024,0.0,0.0,0.0000,0.0000,1.0139,-0.2627,2.1137,0.0000,enc,0.0000
1786025379.969610,0.1047,0.0,0.0,0.0000,0.0000,1.0139,-0.2627,2.1137,0.0000,enc,0.0000
1786025380.068795,0.0992,0.0,0.0,0.0000,0.0000,1.0139,-0.2627,2.1137,0.0000,enc,0.0000
1786025380.171007,0.1022,0.0,0.0,0.0000,0.0000,1.0139,-0.2627,2.1137,0.0000,enc,0.0000
1786025380.276449,0.1054,0.0,0.0,0.0000,0.0000,1.0139,-0.2627,2.1137,0.0000,enc,0.0000
1786025380.375103,0.0987,0.0,0.0,0.0000,0.0000,1.0139,-0.2627,2.1137,0.0000,enc,0.0000
1786025380.477439,0.1023,0.0,0.0,0.0000,0.0000,1.0139,-0.2627,2.1137,0.0000,enc,0.0000
1786025380.582416,0.1050,0.0,0.0,0.0000,0.0000,1.0139,-0.2627,2.1137,0.0000,enc,0.0000
1786025380.685476,0.1031,0.0,0.0,0.0000,0.0000,1.0139,-0.2627,2.1137,0.0000,enc,0.0000
1786025380.792662,0.1072,0.0,0.0,0.0000,0.0000,1.0139,-0.2627,2.1137,0.0000,enc,0.0000
1786025380.913012,0.1204,0.0,0.0,0.0000,0.0000,1.0139,-0.2627,2.1137,0.0000,enc,0.0000
1786025381.016776,0.1038,0.0,0.0,0.0000,0.0000,1.0139,-0.2627,2.1137,0.0000,enc,0.0000
1786025381.090221,0.0734,0.0,0.0,0.0000,0.0000,1.0139,-0.2627,2.1137,0.0000,enc,0.0000
1786025381.212890,0.1227,0.0,0.0,0.0000,0.0000,1.0139,-0.2627,2.1137,0.0000,enc,0.0000
1786025381.319078,0.1062,0.0,0.0,0.0000,0.0000,1.0139,-0.2627,2.1137,0.0000,enc,0.0000
1786025381.402372,0.0833,0.0,0.0,0.0000,0.0000,1.0139,-0.2627,2.1137,0.0000,enc,0.0000
1786025381.518498,0.1161,0.0,0.0,0.0000,0.0000,1.0139,-0.2627,2.1137,0.0000,enc,0.0000
1786025381.604311,0.0858,0.0,0.0,0.0000,0.0000,1.0139,-0.2627,2.1137,0.0000,enc,0.0000
1786025381.706965,0.1027,0.0,0.0,0.0000,0.0000,1.0139,-0.2627,2.1137,0.0000,enc,0.0000
1786025381.807767,0.1008,0.0,0.0,0.0000,0.0000,1.0139,-0.2627,2.1137,0.0000,enc,0.0000
1786025381.911777,0.1040,0.0,0.0,0.0000,0.0000,1.0139,-0.2627,2.1137,0.0000,enc,0.0000
1786025382.011103,0.0993,0.0,0.0,0.0000,0.0000,1.0139,-0.2627,2.1137,0.0000,enc,0.0000
1786025382.113825,0.1027,0.0,0.0,0.0000,0.0000,1.0139,-0.2627,2.1137,0.0000,enc,0.0000
1786025382.216794,0.1030,0.0,0.0,0.0000,0.0000,1.0139,-0.2627,2.1137,0.0000,enc,0.0000
1786025382.317985,0.1012,0.0,0.0,0.0000,0.0000,1.0139,-0.2627,2.1137,0.0000,enc,0.0000
1786025382.421886,0.1039,0.0,0.0,0.0000,0.0000,1.0139,-0.2627,2.1137,0.0000,enc,0.0000
1786025382.524567,0.1027,0.0,0.0,0.0000,0.0000,1.0139,-0.2627,2.1137,0.0000,enc,0.0000
1786025382.626961,0.1024,0.0,0.0,0.0000,0.0000,1.0139,-0.2627,2.1137,0.0000,enc,0.0000
1786025382.727566,0.1006,0.0,0.0,0.0000,0.0000,1.0139,-0.2627,2.1137,0.0000,enc,0.0000
1786025382.836933,0.1094,0.0,0.0,0.0000,0.0000,1.0139,-0.2627,2.1137,0.0000,enc,0.0000
1786025382.932890,0.0960,0.0,0.0,0.0000,0.0000,1.0139,-0.2627,2.1137,0.0000,enc,0.0000
1786025383.031703,0.0988,0.0,0.0,0.0000,0.0000,1.0139,-0.2627,2.1137,0.0000,enc,0.0000
1786025383.137954,0.1063,0.0,0.0,0.0000,0.0000,1.0139,-0.2627,2.1137,0.0000,enc,0.0000
1786025383.241462,0.1035,0.0,0.0,0.0000,0.0000,1.0139,-0.2627,2.1137,0.0000,enc,0.0000
1786025383.342282,0.1008,0.0,0.0,0.0000,0.0000,1.0139,-0.2627,2.1137,0.0000,enc,0.0000
1786025383.445773,0.1035,0.0,0.0,0.0000,0.0000,1.0139,-0.2627,2.1137,0.0000,enc,0.0000
1786025383.546748,0.1010,0.0,0.0,0.0000,0.0000,1.0139,-0.2627,2.1137,0.0000,enc,0.0000
1786025383.649530,0.1028,0.0,0.0,0.0000,0.0000,1.0139,-0.2627,2.1137,0.0000,enc,0.0000
1786025383.749301,0.0998,0.0,0.0,0.0000,0.0000,1.0139,-0.2627,2.1137,0.0000,enc,0.0000
1786025383.851262,0.1020,0.0,0.0,0.0000,0.0000,1.0139,-0.2627,2.1137,0.0000,enc,0.0000
1786025383.953619,0.1024,0.0,0.0,0.0000,0.0000,1.0139,-0.2627,2.1137,0.0000,enc,0.0000
1786025384.053350,0.0997,0.0,0.0,0.0000,0.0000,1.0139,-0.2627,2.1137,0.0000,enc,0.0000
1786025384.157975,0.1046,0.0,0.0,0.0000,0.0000,1.0139,-0.2627,2.1137,0.0000,enc,0.0000
1786025384.257840,0.0999,0.0,0.0,0.0000,0.0000,1.0139,-0.2627,2.1137,0.0000,enc,0.0000
1786025384.359409,0.1016,0.0,0.0,0.0000,0.0000,1.0139,-0.2627,2.1137,0.0000,enc,0.0000
1786025384.463885,0.1045,0.0,0.0,0.0000,0.0000,1.0139,-0.2627,2.1137,0.0000,enc,0.0000
1786025384.564230,0.1003,0.0,0.0,0.0000,0.0000,1.0139,-0.2627,2.1137,0.0000,enc,0.0000
1786025384.666406,0.1022,0.0,0.0,0.0000,0.0000,1.0139,-0.2627,2.1137,0.0000,enc,0.0000
1786025384.772508,0.1061,0.0,0.0,0.0000,0.0000,1.0139,-0.2627,2.1137,0.0000,enc,0.0000
1786025384.870328,0.0978,0.0,0.0,0.0000,0.0000,1.0139,-0.2627,2.1137,0.0000,enc,0.0000
1786025384.972480,0.1022,0.0,0.0,0.0000,0.0000,1.0139,-0.2627,2.1137,0.0000,enc,0.0000
1786025385.078128,0.1056,0.0,0.0,0.0000,0.0000,1.0139,-0.2627,2.1137,0.0000,enc,0.0000
1786025385.267962,0.1898,0.0,0.0,0.0000,0.0000,1.0139,-0.2627,2.1137,0.0000,enc,0.0000
1786025385.280139,0.0122,0.0,0.0,0.0000,0.0000,1.0139,-0.2627,2.1137,0.0000,enc,0.0000
1786025385.523020,0.2429,0.0,0.0,0.0000,0.0000,1.0139,-0.2627,2.1137,0.0000,enc,0.0000
1786025385.523798,0.0008,0.0,0.0,0.0000,0.0000,1.0139,-0.2627,2.1137,0.0000,enc,0.0000
1786025385.585866,0.0621,0.0,0.0,0.0000,0.0000,1.0139,-0.2627,2.1137,0.0000,enc,0.0000
1786025385.761271,0.1754,0.0,0.0,0.0000,0.0000,1.0139,-0.2627,2.1137,0.0000,enc,0.0000
1786025385.790743,0.0295,0.0,0.0,0.0000,0.0000,1.0139,-0.2627,2.1137,0.0000,enc,0.0000
1786025386.015733,0.2250,0.0,0.0,0.0000,0.0000,1.0139,-0.2627,2.1137,0.0000,enc,0.0000
1786025386.015776,0.0000,0.0,0.0,0.0000,0.0000,1.0139,-0.2627,2.1137,0.0000,enc,0.0000
1786025386.100027,0.0843,0.0,0.0,0.0000,0.0000,1.0139,-0.2627,2.1137,0.0000,enc,0.0000
1786025386.268880,0.1689,0.0,0.0,0.0000,0.0000,1.0139,-0.2627,2.1137,0.0000,enc,0.0000
1786025386.302890,0.0340,0.0,0.0,0.0000,0.0000,1.0139,-0.2627,2.1137,0.0000,enc,0.0000
1786025386.522172,0.2193,0.0,0.0,0.0000,0.0000,1.0139,-0.2627,2.1137,0.0000,enc,0.0000
1786025386.522231,0.0001,0.0,0.0,0.0000,0.0000,1.0139,-0.2627,2.1137,0.0000,enc,0.0000
1786025386.607704,0.0855,0.0,0.0,0.0000,0.0000,1.0139,-0.2627,2.1137,0.0000,enc,0.0000
1786025386.777006,0.1693,0.0,0.0,0.0000,0.0000,1.0139,-0.2627,2.1137,0.0000,enc,0.0000
1786025386.812320,0.0353,0.0,0.0,0.0000,0.0000,1.0139,-0.2627,2.1137,0.0000,enc,0.0000
1786025387.028692,0.2164,0.0,0.0,0.0000,0.0000,1.0139,-0.2627,2.1137,0.0000,enc,0.0000
1786025387.028741,0.0000,0.0,0.0,0.0000,0.0000,1.0139,-0.2627,2.1137,0.0000,enc,0.0000
1786025387.141846,0.1131,0.0,0.0,0.0000,0.0000,1.0139,-0.2627,2.1137,0.0000,enc,0.0000
1786025387.297386,0.1555,0.0,0.0,0.0000,0.0000,1.0139,-0.2627,2.1137,0.0000,enc,0.0000
1786025387.332363,0.0350,0.0,0.0,0.0000,0.0000,1.0139,-0.2627,2.1137,0.0000,enc,0.0000
1786025387.526932,0.1946,0.0,0.0,0.0000,0.0000,1.0139,-0.2627,2.1137,0.0000,enc,0.0000
1786025387.530884,0.0040,0.0,0.0,0.0000,0.0000,1.0139,-0.2627,2.1137,0.0000,enc,0.0000
1786025387.780134,0.2493,0.0,0.0,0.0000,0.0000,1.0139,-0.2627,2.1137,0.0000,enc,0.0000
1786025387.780174,0.0000,0.0,0.0,0.0000,0.0000,1.0139,-0.2627,2.1137,0.0000,enc,0.0000
1786025387.848693,0.0685,0.0,0.0,0.0000,0.0000,1.0139,-0.2627,2.1137,0.0000,enc,0.0000
1786025388.027580,0.1789,0.0,0.0,0.0000,0.0000,1.0139,-0.2627,2.1137,0.0000,enc,0.0000
1786025388.039760,0.0122,0.0,0.0,0.0000,0.0000,1.0139,-0.2627,2.1137,0.0000,enc,0.0000
1786025388.276869,0.2371,0.0,0.0,0.0000,0.0000,1.0139,-0.2627,2.1137,0.0000,enc,0.0000
1786025388.277531,0.0007,0.0,0.0,0.0000,0.0000,1.0139,-0.2627,2.1137,0.0000,enc,0.0000
1786025388.347297,0.0698,0.0,0.0,0.0000,0.0000,1.0139,-0.2627,2.1137,0.0000,enc,0.0000
1786025388.527755,0.1805,0.0,0.0,0.0000,0.0000,1.0139,-0.2627,2.1137,0.0000,enc,0.0000
1786025388.551046,0.0233,0.0,0.0,0.0000,0.0000,1.0139,-0.2627,2.1137,0.0000,enc,0.0000
1786025388.780070,0.2290,0.0,0.0,0.0000,0.0000,1.0139,-0.2627,2.1137,0.0000,enc,0.0000
1786025388.780112,0.0000,0.0,0.0,0.0000,0.0000,1.0139,-0.2627,2.1137,0.0000,enc,0.0000
1786025388.860072,0.0800,0.0,0.0,0.0000,0.0000,1.0139,-0.2627,2.1137,0.0000,enc,0.0000
1786025389.030068,0.1700,0.0,0.0,0.0000,0.0000,1.0139,-0.2627,2.1137,0.0000,enc,0.0000
1786025389.062029,0.0320,0.0,0.0,0.0000,0.0000,1.0139,-0.2627,2.1137,0.0000,enc,0.0000
1786025389.282004,0.2200,0.0,0.0,0.0000,0.0000,1.0139,-0.2627,2.1137,0.0000,enc,0.0000
1786025389.282052,0.0000,0.0,0.0,0.0000,0.0000,1.0139,-0.2627,2.1137,0.0000,enc,0.0000
1786025389.370476,0.0884,0.0,0.0,0.0000,0.0000,1.0139,-0.2627,2.1137,0.0000,enc,0.0000
1786025389.539265,0.1688,0.0,0.0,0.0000,0.0000,1.0139,-0.2627,2.1137,0.0000,enc,0.0000
1786025389.572240,0.0330,0.0,0.0,0.0000,0.0000,1.0139,-0.2627,2.1137,0.0000,enc,0.0000
1786025389.784225,0.2120,0.0,0.0,0.0000,0.0000,1.0139,-0.2627,2.1137,0.0000,enc,0.0000
1786025389.784276,0.0001,0.0,0.0,0.0000,0.0000,1.0139,-0.2627,2.1137,0.0000,enc,0.0000
1786025389.882202,0.0979,0.0,0.0,0.0000,0.0000,1.0139,-0.2627,2.1137,0.0000,enc,0.0000
1786025390.038009,0.1558,0.0,0.0,0.0000,0.0000,1.0139,-0.2627,2.1137,0.0000,enc,0.0000
1786025390.083650,0.0456,0.0,0.0,0.0000,0.0000,1.0139,-0.2627,2.1137,0.0000,enc,0.0000
1786025390.185827,0.1022,0.0,0.0,0.0000,0.0000,1.0139,-0.2627,2.1137,0.0000,enc,0.0000
1786025390.289942,0.1041,0.0,0.0,0.0000,0.0000,1.0139,-0.2627,2.1137,0.0000,enc,0.0000
1786025390.390733,0.1008,0.0,0.0,0.0000,0.0000,1.0139,-0.2627,2.1137,0.0000,enc,0.0000
1786025390.495038,0.1043,0.0,0.0,0.0000,0.0000,1.0139,-0.2627,2.1137,0.0000,enc,0.0000
1786025390.598552,0.1035,0.0,0.0,0.0000,0.0000,1.0139,-0.2627,2.1137,0.0000,enc,0.0000
1786025390.701875,0.1033,0.0,0.0,0.0000,0.0000,1.0139,-0.2627,2.1137,0.0000,enc,0.0000
1786025390.801861,0.1000,0.0,0.0,0.0000,0.0000,1.0139,-0.2627,2.1137,0.0000,enc,0.0000
1786025390.904175,0.1023,0.0,0.0,0.0000,0.0000,1.0139,-0.2627,2.1137,0.0000,enc,0.0000
1786025391.005941,0.1018,0.0,0.0,0.0000,0.0000,1.0139,-0.2627,2.1137,0.0000,enc,0.0000
1786025391.108698,0.1028,0.0,0.0,0.0000,0.0000,1.0139,-0.2627,2.1137,0.0000,enc,0.0000
1786025391.210397,0.1017,0.0,0.0,0.0000,0.0000,1.0139,-0.2627,2.1137,0.0000,enc,0.0000
1786025391.312503,0.1021,0.0,0.0,0.0000,0.0000,1.0139,-0.2627,2.1137,0.0000,enc,0.0000
1786025391.415187,0.1027,0.0,0.0,0.0000,0.0000,1.0139,-0.2627,2.1137,0.0000,enc,0.0000
1786025391.516549,0.1014,0.0,0.0,0.0000,0.0000,1.0139,-0.2627,2.1137,0.0000,enc,0.0000
1786025391.619068,0.1025,0.0,0.0,0.0000,0.0000,1.0139,-0.2627,2.1137,0.0000,enc,0.0000
1786025391.718077,0.0990,0.0,0.0,0.0000,0.0000,1.0139,-0.2627,2.1137,0.0000,enc,0.0000
1786025391.819955,0.1019,0.0,0.0,0.0000,0.0000,1.0139,-0.2627,2.1137,0.0000,enc,0.0000
1786025391.922415,0.1025,0.0,0.0,0.0000,0.0000,1.0139,-0.2627,2.1137,0.0000,enc,0.0000
1786025392.024675,0.1023,0.0,0.0,0.0000,0.0000,1.0139,-0.2627,2.1137,0.0000,enc,0.0000
1786025392.132464,0.1078,0.0,0.0,0.0000,0.0000,1.0139,-0.2627,2.1137,0.0000,enc,0.0000
1786025392.230841,0.0984,0.0,0.0,0.0000,0.0000,1.0139,-0.2627,2.1137,0.0000,enc,0.0000
1786025392.333860,0.1030,0.0,0.0,0.0000,0.0000,1.0139,-0.2627,2.1137,0.0000,enc,0.0000
1786025392.437791,0.1039,0.0,0.0,0.0000,0.0000,1.0139,-0.2627,2.1137,0.0000,enc,0.0000
1786025392.537057,0.0993,0.0,0.0,0.0000,0.0000,1.0139,-0.2627,2.1137,0.0000,enc,0.0000
1786025392.647779,0.1107,0.0,0.0,0.0000,0.0000,1.0139,-0.2627,2.1137,0.0000,enc,0.0000
1786025392.742399,0.0946,0.0,0.0,0.0000,0.0000,1.0139,-0.2627,2.1137,0.0000,enc,0.0000
1786025392.844908,0.1025,0.0,0.0,0.0000,0.0000,1.0139,-0.2627,2.1137,0.0000,enc,0.0000
1786025392.944528,0.0996,0.0,0.0,0.0000,0.0000,1.0139,-0.2627,2.1137,0.0000,enc,0.0000
1786025393.049669,0.1051,0.0,0.0,0.0000,0.0000,1.0139,-0.2627,2.1137,0.0000,enc,0.0000
1786025393.152997,0.1033,0.0,0.0,0.0000,0.0000,1.0139,-0.2627,2.1137,0.0000,enc,0.0000
1786025393.251188,0.0982,0.0,0.0,0.0000,0.0000,1.0139,-0.2627,2.1137,0.0000,enc,0.0000
1786025393.356113,0.1049,0.0,0.0,0.0000,0.0000,1.0139,-0.2627,2.1137,0.0000,enc,0.0000
1786025393.459733,0.1036,0.0,0.0,0.0000,0.0000,1.0139,-0.2627,2.1137,0.0000,enc,0.0000
1786025393.560500,0.1008,0.0,0.0,0.0000,0.0000,1.0139,-0.2627,2.1137,0.0000,enc,0.0000
1786025393.665242,0.1047,0.0,0.0,0.0000,0.0000,1.0139,-0.2627,2.1137,0.0000,enc,0.0000
1786025393.765901,0.1007,0.0,0.0,0.0000,0.0000,1.0139,-0.2627,2.1137,0.0000,enc,0.0000
1786025393.867906,0.1020,0.0,0.0,0.0000,0.0000,1.0139,-0.2627,2.1137,0.0000,enc,0.0000
1786025393.970744,0.1028,0.0,0.0,0.0000,0.0000,1.0139,-0.2627,2.1137,0.0000,enc,0.0000
1786025394.072812,0.1021,0.0,0.0,0.0000,0.0000,1.0139,-0.2627,2.1137,0.0000,enc,0.0000
1786025394.174553,0.1017,0.0,0.0,0.0000,0.0000,1.0139,-0.2627,2.1137,0.0000,enc,0.0000
1786025394.273872,0.0993,0.0,0.0,0.0000,0.0000,1.0139,-0.2627,2.1137,0.0000,enc,0.0000
1786025394.378965,0.1051,0.0,0.0,0.0000,0.0000,1.0139,-0.2627,2.1137,0.0000,enc,0.0000
1786025394.479382,0.1004,0.0,0.0,0.0000,0.0000,1.0139,-0.2627,2.1137,0.0000,enc,0.0000
1786025394.581145,0.1018,0.0,0.0,0.0000,0.0000,1.0139,-0.2627,2.1137,0.0000,enc,0.0000
1786025394.686953,0.1058,0.0,0.0,0.0000,0.0000,1.0139,-0.2627,2.1137,0.0000,enc,0.0000
1786025394.785218,0.0983,0.0,0.0,0.0000,0.0000,1.0139,-0.2627,2.1137,0.0000,enc,0.0000
1786025394.887236,0.1020,0.0,0.0,0.0000,0.0000,1.0139,-0.2627,2.1137,0.0000,enc,0.0000
1786025394.992402,0.1052,0.0,0.0,0.0000,0.0000,1.0139,-0.2627,2.1137,0.0000,enc,0.0000
1786025395.091884,0.0995,0.0,0.0,0.0000,0.0000,1.0139,-0.2627,2.1137,0.0000,enc,0.0000
1786025395.193875,0.1020,0.0,0.0,0.0000,0.0000,1.0139,-0.2627,2.1137,0.0000,enc,0.0000
1786025395.299355,0.1055,0.0,0.0,0.0000,0.0000,1.0139,-0.2627,2.1137,0.0000,enc,0.0000
1786025395.400923,0.1016,0.0,0.0,0.0000,0.0000,1.0139,-0.2627,2.1137,0.0000,enc,0.0000
1786025395.501005,0.1001,0.0,0.0,0.0000,0.0000,1.0139,-0.2627,2.1137,0.0000,enc,0.0000
1786025395.605978,0.1050,0.0,0.0,0.0000,0.0000,1.0139,-0.2627,2.1137,0.0000,enc,0.0000
1786025395.704997,0.0990,0.0,0.0,0.0000,0.0000,1.0139,-0.2627,2.1137,0.0000,enc,0.0000
1786025395.810332,0.1053,0.0,0.0,0.0000,0.0000,1.0139,-0.2627,2.1137,0.0000,enc,0.0000
1786025395.914766,0.1044,0.0,0.0,0.0000,0.0000,1.0139,-0.2627,2.1137,0.0000,enc,0.0000
1786025396.017069,0.1023,0.0,0.0,0.0000,0.0000,1.0139,-0.2627,2.1137,0.0000,enc,0.0000
1786025396.119989,0.1029,0.0,0.0,0.0000,0.0000,1.0139,-0.2627,2.1137,0.0000,enc,0.0000
1786025396.222747,0.1028,0.0,0.0,0.0000,0.0000,1.0139,-0.2627,2.1137,0.0000,enc,0.0000
1786025396.324532,0.1018,0.0,0.0,0.0000,0.0000,1.0139,-0.2627,2.1137,0.0000,enc,0.0000
1786025396.425874,0.1013,0.0,0.0,0.0000,0.0000,1.0139,-0.2627,2.1137,0.0000,enc,0.0000
1786025396.527095,0.1012,0.0,0.0,0.0000,0.0000,1.0139,-0.2627,2.1137,0.0000,enc,0.0000
1786025396.629631,0.1025,0.0,0.0,0.0000,0.0000,1.0139,-0.2627,2.1137,0.0000,enc,0.0000
1786025396.733520,0.1039,0.0,0.0,0.0000,0.0000,1.0139,-0.2627,2.1137,0.0000,enc,0.0000
1786025396.832317,0.0988,0.0,0.0,0.0000,0.0000,1.0139,-0.2627,2.1137,0.0000,enc,0.0000
1786025396.937120,0.1048,0.0,0.0,0.0000,0.0000,1.0139,-0.2627,2.1137,0.0000,enc,0.0000
1786025397.043287,0.1062,0.0,0.0,0.0000,0.0000,1.0139,-0.2627,2.1137,0.0000,enc,0.0000
1786025397.138765,0.0955,0.0,0.0,0.0000,0.0000,1.0139,-0.2627,2.1137,0.0000,enc,0.0000
1786025397.243477,0.1047,0.0,0.0,0.0000,0.0000,1.0139,-0.2627,2.1137,0.0000,enc,0.0000
1786025397.343990,0.1005,0.0,0.0,0.0000,0.0000,1.0139,-0.2627,2.1137,0.0000,enc,0.0000
1786025397.444589,0.1006,0.0,0.0,0.0000,0.0000,1.0139,-0.2627,2.1137,0.0000,enc,0.0000
1786025397.549991,0.1054,0.0,0.0,0.0000,0.0000,1.0139,-0.2627,2.1137,0.0000,enc,0.0000
1786025397.649594,0.0996,0.0,0.0,0.0000,0.0000,1.0139,-0.2627,2.1137,0.0000,enc,0.0000
1786025397.752882,0.1033,0.0,0.0,0.0000,0.0000,1.0139,-0.2627,2.1137,0.0000,enc,0.0000
1786025397.856716,0.1038,0.0,0.0,0.0000,0.0000,1.0139,-0.2627,2.1137,0.0000,enc,0.0000
1786025397.958227,0.1015,0.0,0.0,0.0000,0.0000,1.0139,-0.2627,2.1137,0.0000,enc,0.0000
1786025398.059202,0.1010,0.0,0.0,0.0000,0.0000,1.0139,-0.2627,2.1137,0.0000,enc,0.0000
1786025398.161227,0.1020,0.0,0.0,0.0000,0.0000,1.0139,-0.2627,2.1137,0.0000,enc,0.0000
1786025398.264669,0.1034,0.0,0.0,0.0000,0.0000,1.0139,-0.2627,2.1137,0.0000,enc,0.0000
1786025398.366575,0.1019,0.0,0.0,0.0000,0.0000,1.0139,-0.2627,2.1137,0.0000,enc,0.0000
1786025398.468831,0.1023,0.0,0.0,0.0000,0.0000,1.0139,-0.2627,2.1137,0.0000,enc,0.0000
1786025398.570807,0.1020,0.0,0.0,0.0000,0.0000,1.0139,-0.2627,2.1137,0.0000,enc,0.0000
1786025398.691870,0.1211,0.0,0.0,0.0000,0.0000,1.0139,-0.2627,2.1137,0.0000,enc,0.0000
1786025398.791255,0.0994,0.0,0.0,0.0000,0.0000,1.0139,-0.2627,2.1137,0.0000,enc,0.0000
1786025398.877779,0.0865,0.0,0.0,0.0000,0.0000,1.0139,-0.2627,2.1137,0.0000,enc,0.0000
1786025398.980863,0.1031,0.0,0.0,0.0000,0.0000,1.0139,-0.2627,2.1137,0.0000,enc,0.0000
1786025399.082474,0.1016,0.0,0.0,0.0000,0.0000,1.0139,-0.2627,2.1137,0.0000,enc,0.0000
1786025399.185718,0.1032,0.0,0.0,0.0000,0.0000,1.0139,-0.2627,2.1137,0.0000,enc,0.0000
1786025399.284991,0.0993,0.0,0.0,0.0000,0.0000,1.0139,-0.2627,2.1137,0.0000,enc,0.0000
1786025399.385020,0.1000,0.0,0.0,0.0000,0.0000,1.0139,-0.2627,2.1137,0.0000,enc,0.0000
1786025399.489990,0.1050,0.0,0.0,0.0000,0.0000,1.0139,-0.2627,2.1137,0.0000,enc,0.0000
1786025399.595904,0.1059,0.0,0.0,0.0000,0.0000,1.0139,-0.2627,2.1137,0.0000,enc,0.0000
1786025399.692039,0.0961,0.0,0.0,0.0000,0.0000,1.0139,-0.2627,2.1137,0.0000,enc,0.0000
1786025399.797068,0.1050,0.0,0.0,0.0000,0.0000,1.0139,-0.2627,2.1137,0.0000,enc,0.0000
1786025399.895015,0.0979,0.0,0.0,0.0000,0.0000,1.0139,-0.2627,2.1137,0.0000,enc,0.0000
1786025400.001327,0.1063,0.0,0.0,0.0000,0.0000,1.0139,-0.2627,2.1137,0.0000,enc,0.0000
1786025400.102002,0.1007,0.0,0.0,0.0000,0.0000,1.0139,-0.2627,2.1137,0.0000,enc,0.0000
1786025400.255946,0.1539,0.0,0.0,0.0000,0.0000,1.0139,-0.2627,2.1137,0.0000,enc,0.0000
1786025400.303910,0.0480,0.0,0.0,0.0000,0.0000,1.0139,-0.2627,2.1137,0.0000,enc,0.0000
1786025400.515605,0.2117,0.0,0.0,0.0000,0.0000,1.0139,-0.2627,2.1137,0.0000,enc,0.0000
1786025400.515655,0.0000,0.0,0.0,0.0000,0.0000,1.0139,-0.2627,2.1137,0.0000,enc,0.0000
1786025400.611085,0.0954,0.0,0.0,0.0000,0.0000,1.0139,-0.2627,2.1137,0.0000,enc,0.0000
1786025400.755857,0.1448,0.0,0.0,0.0000,0.0000,1.0139,-0.2627,2.1137,0.0000,enc,0.0000
1786025400.815035,0.0592,0.0,0.0,0.0000,0.0000,1.0139,-0.2627,2.1137,0.0000,enc,0.0000
1786025401.013999,0.1990,0.0,0.0,0.0000,0.0000,1.0139,-0.2627,2.1137,0.0000,enc,0.0000
1786025401.020204,0.0062,0.0,0.0,0.0000,0.0000,1.0139,-0.2627,2.1137,0.0000,enc,0.0000
1786025401.265566,0.2454,0.0,0.0,0.0000,0.0000,1.0139,-0.2627,2.1137,0.0000,enc,0.0000
1786025401.265935,0.0004,0.0,0.0,0.0000,0.0000,1.0139,-0.2627,2.1137,0.0000,enc,0.0000
1786025401.336998,0.0711,0.0,0.0,0.0000,0.0000,1.0139,-0.2627,2.1137,0.0000,enc,0.0000
1786025401.520961,0.1840,0.0,0.0,0.0000,0.0000,1.0139,-0.2627,2.1137,0.0000,enc,0.0000
1786025401.531265,0.0103,0.0,0.0,0.0000,0.0000,1.0139,-0.2627,2.1137,0.0000,enc,0.0000
1786025401.772437,0.2412,0.0,0.0,0.0000,0.0000,1.0139,-0.2627,2.1137,0.0000,enc,0.0000
1786025401.772507,0.0001,0.0,0.0,0.0000,0.0000,1.0139,-0.2627,2.1137,0.0000,enc,0.0000
1786025401.839680,0.0672,0.0,0.0,0.0000,0.0000,1.0139,-0.2627,2.1137,0.0000,enc,0.0000
1786025402.019765,0.1801,0.0,0.0,0.0000,0.0000,1.0139,-0.2627,2.1137,0.0000,enc,0.0000
1786025402.040500,0.0207,0.0,0.0,0.0000,0.0000,1.0139,-0.2627,2.1137,0.0000,enc,0.0000
1786025402.268741,0.2282,0.0,0.0,0.0000,0.0000,1.0139,-0.2627,2.1137,0.0000,enc,0.0000
1786025402.268791,0.0000,0.0,0.0,0.0000,0.0000,1.0139,-0.2627,2.1137,0.0000,enc,0.0000
1786025402.350204,0.0814,0.0,0.0,0.0000,0.0000,1.0139,-0.2627,2.1137,0.0000,enc,0.0000
1786025402.517725,0.1675,0.0,0.0,0.0000,0.0000,1.0139,-0.2627,2.1137,0.0000,enc,0.0000
1786025402.551589,0.0339,0.0,0.0,0.0000,0.0000,1.0139,-0.2627,2.1137,0.0000,enc,0.0000
1786025402.770259,0.2187,0.0,0.0,0.0000,0.0000,1.0139,-0.2627,2.1137,0.0000,enc,0.0000
1786025402.770306,0.0000,0.0,0.0,0.0000,0.0000,1.0139,-0.2627,2.1137,0.0000,enc,0.0000
1786025402.857926,0.0876,0.0,0.0,0.0000,0.0000,1.0139,-0.2627,2.1137,0.0000,enc,0.0000
1786025403.017992,0.1601,0.0,0.0,0.0000,0.0000,1.0139,-0.2627,2.1137,0.0000,enc,0.0000
1786025403.065989,0.0480,0.0,0.0,0.0000,0.0000,1.0139,-0.2627,2.1137,0.0000,enc,0.0000
1786025403.268893,0.2029,0.0,0.0,0.0000,0.0000,1.0139,-0.2627,2.1137,0.0000,enc,0.0000
1786025403.270799,0.0019,0.0,0.0,0.0000,0.0000,1.0139,-0.2627,2.1137,0.0000,enc,0.0000
1786025403.520697,0.2499,0.0,0.0,0.0000,0.0000,1.0139,-0.2627,2.1137,0.0000,enc,0.0000
1786025403.520750,0.0001,0.0,0.0,0.0000,0.0000,1.0139,-0.2627,2.1137,0.0000,enc,0.0000
1786025403.574792,0.0540,0.0,0.0,0.0000,0.0000,1.0139,-0.2627,2.1137,0.0000,enc,0.0000
1786025403.773940,0.1991,0.0,0.0,0.0000,0.0000,1.0139,-0.2627,2.1137,0.0000,enc,0.0000
1786025403.779583,0.0056,0.0,0.0,0.0000,0.0000,1.0139,-0.2627,2.1137,0.0000,enc,0.0000
1786025404.022702,0.2431,0.0,0.0,0.0000,0.0000,1.0139,-0.2627,2.1137,0.0000,enc,0.0000
1786025404.022921,0.0002,0.0,0.0,0.0000,0.0000,1.0139,-0.2627,2.1137,0.0000,enc,0.0000
1786025404.089356,0.0664,0.0,0.0,0.0000,0.0000,1.0139,-0.2627,2.1137,0.0000,enc,0.0000
1786025404.274208,0.1849,0.0,0.0,0.0000,0.0000,1.0139,-0.2627,2.1137,0.0000,enc,0.0000
1786025404.290971,0.0168,0.0,0.0,0.0000,0.0000,1.0139,-0.2627,2.1137,0.0000,enc,0.0000
1786025404.530791,0.2398,0.0,0.0,0.0000,0.0000,1.0139,-0.2627,2.1137,0.0000,enc,0.0000
1786025404.530867,0.0001,0.0,0.0,0.0000,0.0000,1.0139,-0.2627,2.1137,0.0000,enc,0.0000
1786025404.599028,0.0682,0.0,0.0,0.0000,0.0000,1.0139,-0.2627,2.1137,0.0000,enc,0.0000
1786025404.785442,0.1864,0.0,0.0,0.0000,0.0000,1.0139,-0.2627,2.1137,0.0000,enc,0.0000
1786025404.801191,0.0157,0.0,0.0,0.0000,0.0000,1.0139,-0.2627,2.1137,0.0000,enc,0.0000
1786025405.039559,0.2384,0.0,0.0,0.0000,0.0000,1.0139,-0.2627,2.1137,0.0000,enc,0.0000
1786025405.039607,0.0000,0.0,0.0,0.0000,0.0000,1.0139,-0.2627,2.1137,0.0000,enc,0.0000
1786025405.108167,0.0686,0.0,0.0,0.0000,0.0000,1.0139,-0.2627,2.1137,0.0000,enc,0.0000
1786025405.214575,0.1064,0.0,0.0,0.0000,0.0000,1.0139,-0.2627,2.1137,0.0000,enc,0.0000
1786025405.313063,0.0985,0.0,0.0,0.0000,0.0000,1.0139,-0.2627,2.1137,0.0000,enc,0.0000
1786025405.418333,0.1053,0.0,0.0,0.0000,0.0000,1.0139,-0.2627,2.1137,0.0000,enc,0.0000
1786025405.523982,0.1056,0.0,0.0,0.0000,0.0000,1.0139,-0.2627,2.1137,0.0000,enc,0.0000
1786025405.622361,0.0984,0.0,0.0,0.0000,0.0000,1.0139,-0.2627,2.1137,0.0000,enc,0.0000
1786025405.723337,0.1010,0.0,0.0,0.0000,0.0000,1.0139,-0.2627,2.1137,0.0000,enc,0.0000
1786025405.829995,0.1067,0.0,0.0,0.0000,0.0000,1.0139,-0.2627,2.1137,0.0000,enc,0.0000
1786025405.930824,0.1008,0.0,0.0,0.0000,0.0000,1.0139,-0.2627,2.1137,0.0000,enc,0.0000
1786025406.033477,0.1027,0.0,0.0,0.0000,0.0000,1.0139,-0.2627,2.1137,0.0000,enc,0.0000
1786025406.135653,0.1022,0.0,0.0,0.0000,0.0000,1.0139,-0.2627,2.1137,0.0000,enc,0.0000
1786025406.234416,0.0988,0.0,0.0,0.0000,0.0000,1.0139,-0.2627,2.1137,0.0000,enc,0.0000
1786025406.339886,0.1055,0.0,0.0,0.0000,0.0000,1.0139,-0.2627,2.1137,0.0000,enc,0.0000
1786025406.443417,0.1035,0.0,0.0,0.0000,0.0000,1.0139,-0.2627,2.1137,0.0000,enc,0.0000
1786025406.544200,0.1008,0.0,0.0,0.0000,0.0000,1.0139,-0.2627,2.1137,0.0000,enc,0.0000
1786025406.648199,0.1040,0.0,0.0,0.0000,0.0000,1.0139,-0.2627,2.1137,0.0000,enc,0.0000
1786025406.749397,0.1012,0.0,0.0,0.0000,0.0000,1.0139,-0.2627,2.1137,0.0000,enc,0.0000
1786025406.852999,0.1036,0.0,0.0,0.0000,0.0000,1.0139,-0.2627,2.1137,0.0000,enc,0.0000
1786025406.954690,0.1017,0.0,0.0,0.0000,0.0000,1.0139,-0.2627,2.1137,0.0000,enc,0.0000
1786025407.051516,0.0968,0.0,0.0,0.0000,0.0000,1.0139,-0.2627,2.1137,0.0000,enc,0.0000
1786025407.157758,0.1062,0.0,0.0,0.0000,0.0000,1.0139,-0.2627,2.1137,0.0000,enc,0.0000
1786025407.256465,0.0987,0.0,0.0,0.0000,0.0000,1.0139,-0.2627,2.1137,0.0000,enc,0.0000
1786025407.358229,0.1018,0.0,0.0,0.0000,0.0000,1.0139,-0.2627,2.1137,0.0000,enc,0.0000
1786025407.462823,0.1046,0.0,0.0,0.0000,0.0000,1.0139,-0.2627,2.1137,0.0000,enc,0.0000
1786025407.566352,0.1035,0.0,0.0,0.0000,0.0000,1.0139,-0.2627,2.1137,0.0000,enc,0.0000
1786025407.665854,0.0995,0.0,0.0,0.0000,0.0000,1.0139,-0.2627,2.1137,0.0000,enc,0.0000
1786025407.772062,0.1062,0.0,0.0,0.0000,0.0000,1.0139,-0.2627,2.1137,0.0000,enc,0.0000
1786025407.870871,0.0988,0.0,0.0,0.0000,0.0000,1.0139,-0.2627,2.1137,0.0000,enc,0.0000
1786025407.972879,0.1020,0.0,0.0,0.0000,0.0000,1.0139,-0.2627,2.1137,0.0000,enc,0.0000
1786025408.080051,0.1072,0.0,0.0,0.0000,0.0000,1.0139,-0.2627,2.1137,0.0000,enc,0.0000
1786025408.178681,0.0986,0.0,0.0,0.0000,0.0000,1.0139,-0.2627,2.1137,0.0000,enc,0.0000
1786025408.280584,0.1019,0.0,0.0,0.0000,0.0000,1.0139,-0.2627,2.1137,0.0000,enc,0.0000
1786025408.389069,0.1085,0.0,0.0,0.0000,0.0000,1.0139,-0.2627,2.1137,0.0000,enc,0.0000
1786025408.485481,0.0964,0.0,0.0,0.0000,0.0000,1.0139,-0.2627,2.1137,0.0000,enc,0.0000
1786025408.584596,0.0991,0.0,0.0,0.0000,0.0000,1.0139,-0.2627,2.1137,0.0000,enc,0.0000
1786025408.692065,0.1075,0.0,0.0,0.0000,0.0000,1.0139,-0.2627,2.1137,0.0000,enc,0.0000
1786025408.792202,0.1001,0.0,0.0,0.0000,0.0000,1.0139,-0.2627,2.1137,0.0000,enc,0.0000
1786025408.892288,0.1001,0.0,0.0,0.0000,0.0000,1.0139,-0.2627,2.1137,0.0000,enc,0.0000
1786025408.999045,0.1068,0.0,0.0,0.0000,0.0000,1.0139,-0.2627,2.1137,0.0000,enc,0.0000
1786025409.100991,0.1019,0.0,0.0,0.0000,0.0000,1.0139,-0.2627,2.1137,0.0000,enc,0.0000
1786025409.201854,0.1009,0.0,0.0,0.0000,0.0000,1.0139,-0.2627,2.1137,0.0000,enc,0.0000
1786025409.305387,0.1035,0.0,0.0,0.0000,0.0000,1.0139,-0.2627,2.1137,0.0000,enc,0.0000
1786025409.408031,0.1026,0.0,0.0,0.0000,0.0000,1.0139,-0.2627,2.1137,0.0000,enc,0.0000
1786025409.506931,0.0989,0.0,0.0,0.0000,0.0000,1.0139,-0.2627,2.1137,0.0000,enc,0.0000
1786025409.607549,0.1006,0.0,0.0,0.0000,0.0000,1.0139,-0.2627,2.1137,0.0000,enc,0.0000
1786025409.722020,0.1145,0.0,0.0,0.0000,0.0000,1.0139,-0.2627,2.1137,0.0000,enc,0.0000
1786025409.811117,0.0891,0.0,0.0,0.0000,0.0000,1.0139,-0.2627,2.1137,0.0000,enc,0.0000
1786025409.919523,0.1084,0.0,0.0,0.0000,0.0000,1.0139,-0.2627,2.1137,0.0000,enc,0.0000
1786025410.053688,0.1342,0.0,0.0,0.0000,0.0000,1.0139,-0.2627,2.1137,0.0000,enc,0.0000
1786025410.117510,0.0638,0.0,0.0,0.0000,0.0000,1.0139,-0.2627,2.1137,0.0000,enc,0.0000
1786025410.219307,0.1018,0.0,0.0,0.0000,0.0000,1.0139,-0.2627,2.1137,0.0000,enc,0.0000
1786025410.326977,0.1077,0.0,0.0,0.0000,0.0000,1.0139,-0.2627,2.1137,0.0000,enc,0.0000
1786025410.424077,0.0971,0.0,0.0,0.0000,0.0000,1.0139,-0.2627,2.1137,0.0000,enc,0.0000
1786025410.526970,0.1029,0.0,0.0,0.0000,0.0000,1.0139,-0.2627,2.1137,0.0000,enc,0.0000
1786025410.633944,0.1070,0.0,0.0,0.0000,0.0000,1.0139,-0.2627,2.1137,0.0000,enc,0.0000
1786025410.731289,0.0973,0.0,0.0,0.0000,0.0000,1.0139,-0.2627,2.1137,0.0000,enc,0.0000
1786025410.834572,0.1033,0.0,0.0,0.0000,0.0000,1.0139,-0.2627,2.1137,0.0000,enc,0.0000
1786025410.938041,0.1035,0.0,0.0,0.0000,0.0000,1.0139,-0.2627,2.1137,0.0000,enc,0.0000
1786025411.039572,0.1015,0.0,0.0,0.0000,0.0000,1.0139,-0.2627,2.1137,0.0000,enc,0.0000
1786025411.140599,0.1010,0.0,0.0,0.0000,0.0000,1.0139,-0.2627,2.1137,0.0000,enc,0.0000
1786025411.244435,0.1038,0.0,0.0,0.0000,0.0000,1.0139,-0.2627,2.1137,0.0000,enc,0.0000
1786025411.346212,0.1018,0.0,0.0,0.0000,0.0000,1.0139,-0.2627,2.1137,0.0000,enc,0.0000
1786025411.449495,0.1033,0.0,0.0,0.0000,0.0000,1.0139,-0.2627,2.1137,0.0000,enc,0.0000
1786025411.550705,0.1012,0.0,0.0,0.0000,0.0000,1.0139,-0.2627,2.1137,0.0000,enc,0.0000
1786025411.653066,0.1024,0.0,0.0,0.0000,0.0000,1.0139,-0.2627,2.1137,0.0000,enc,0.0000
1786025411.755374,0.1023,0.0,0.0,0.0000,0.0000,1.0139,-0.2627,2.1137,0.0000,enc,0.0000
1786025411.858708,0.1033,0.0,0.0,0.0000,0.0000,1.0139,-0.2627,2.1137,0.0000,enc,0.0000
1786025411.960952,0.1022,0.0,0.0,0.0000,0.0000,1.0139,-0.2627,2.1137,0.0000,enc,0.0000
1786025412.063409,0.1025,0.0,0.0,0.0000,0.0000,1.0139,-0.2627,2.1137,0.0000,enc,0.0000
1786025412.160806,0.0974,0.0,0.0,0.0000,0.0000,1.0139,-0.2627,2.1137,0.0000,enc,0.0000
1786025412.264374,0.1036,0.0,0.0,0.0000,0.0000,1.0139,-0.2627,2.1137,0.0000,enc,0.0000
1786025412.365125,0.1008,0.0,0.0,0.0000,0.0000,1.0139,-0.2627,2.1137,0.0000,enc,0.0000
1786025412.466843,0.1017,0.0,0.0,0.0000,0.0000,1.0139,-0.2627,2.1137,0.0000,enc,0.0000
1786025412.571452,0.1046,0.0,0.0,0.0000,0.0000,1.0139,-0.2627,2.1137,0.0000,enc,0.0000
1786025412.672446,0.1010,0.0,0.0,0.0000,0.0000,1.0139,-0.2627,2.1137,0.0000,enc,0.0000
1786025412.774849,0.1024,0.0,0.0,0.0000,0.0000,1.0139,-0.2627,2.1137,0.0000,enc,0.0000
1786025412.878917,0.1041,0.0,0.0,0.0000,0.0000,1.0139,-0.2627,2.1137,0.0000,enc,0.0000
1786025412.979483,0.1006,0.0,0.0,0.0000,0.0000,1.0139,-0.2627,2.1137,0.0000,enc,0.0000
1786025413.079879,0.1004,0.0,0.0,0.0000,0.0000,1.0139,-0.2627,2.1137,0.0000,enc,0.0000
1786025413.185858,0.1060,0.0,0.0,0.0000,0.0000,1.0139,-0.2627,2.1137,0.0000,enc,0.0000
1786025413.287100,0.1012,0.0,0.0,0.0000,0.0000,1.0139,-0.2627,2.1137,0.0000,enc,0.0000
1786025413.387677,0.1006,0.0,0.0,0.0000,0.0000,1.0139,-0.2627,2.1137,0.0000,enc,0.0000
1786025413.493001,0.1053,0.0,0.0,0.0000,0.0000,1.0139,-0.2627,2.1137,0.0000,enc,0.0000
1786025413.590913,0.0979,0.0,0.0,0.0000,0.0000,1.0139,-0.2627,2.1137,0.0000,enc,0.0000
1786025413.696917,0.1060,0.0,0.0,0.0000,0.0000,1.0139,-0.2627,2.1137,0.0000,enc,0.0000
1786025413.800010,0.1031,0.0,0.0,0.0000,0.0000,1.0139,-0.2627,2.1137,0.0000,enc,0.0000
1786025413.900065,0.1001,0.0,0.0,0.0000,0.0000,1.0139,-0.2627,2.1137,0.0000,enc,0.0000
1786025414.002076,0.1020,0.0,0.0,0.0000,0.0000,1.0139,-0.2627,2.1137,0.0000,enc,0.0000
1786025414.104229,0.1022,0.0,0.0,0.0000,0.0000,1.0139,-0.2627,2.1137,0.0000,enc,0.0000
1786025414.206357,0.1021,0.0,0.0,0.0000,0.0000,1.0139,-0.2627,2.1137,0.0000,enc,0.0000
1786025414.309060,0.1027,0.0,0.0,0.0000,0.0000,1.0139,-0.2627,2.1137,0.0000,enc,0.0000
1786025414.411440,0.1024,0.0,0.0,0.0000,0.0000,1.0139,-0.2627,2.1137,0.0000,enc,0.0000
1786025414.543012,0.1316,0.0,0.0,0.0000,0.0000,1.0139,-0.2627,2.1137,0.0000,enc,0.0000
1786025414.625090,0.0821,0.0,0.0,0.0000,0.0000,1.0139,-0.2627,2.1137,0.0000,enc,0.0000
1786025414.716786,0.0917,0.0,0.0,0.0000,0.0000,1.0139,-0.2627,2.1137,0.0000,enc,0.0000
1786025414.843861,0.1271,0.0,0.0,0.0000,0.0000,1.0139,-0.2627,2.1137,0.0000,enc,0.0000
1786025414.920442,0.0766,0.0,0.0,0.0000,0.0000,1.0139,-0.2627,2.1137,0.0000,enc,0.0000
1786025415.022845,0.1024,0.0,0.0,0.0000,0.0000,1.0139,-0.2627,2.1137,0.0000,enc,0.0000
1786025415.267977,0.2451,0.0,0.0,0.0000,0.0000,1.0139,-0.2627,2.1137,0.0000,enc,0.0000
1786025415.268023,0.0000,0.0,0.0,0.0000,0.0000,1.0139,-0.2627,2.1137,0.0000,enc,0.0000
1786025415.329567,0.0615,0.0,0.0,0.0000,0.0000,1.0139,-0.2627,2.1137,0.0000,enc,0.0000
1786025415.512687,0.1831,0.0,0.0,0.0000,0.0000,1.0139,-0.2627,2.1137,0.0000,enc,0.0000
1786025415.535842,0.0232,0.0,0.0,0.0000,0.0000,1.0139,-0.2627,2.1137,0.0000,enc,0.0000
1786025415.758187,0.2223,0.0,0.0,0.0000,0.0000,1.0139,-0.2627,2.1137,0.0000,enc,0.0000
1786025415.758233,0.0000,0.0,0.0,0.0000,0.0000,1.0139,-0.2627,2.1137,0.0000,enc,0.0000
1786025415.840812,0.0826,0.0,0.0,0.0000,0.0000,1.0139,-0.2627,2.1137,0.0000,enc,0.0000
1786025416.003156,0.1623,0.0,0.0,0.0000,0.0000,1.0139,-0.2627,2.1137,0.0000,enc,0.0000
1786025416.044878,0.0417,0.0,0.0,0.0000,0.0000,1.0139,-0.2627,2.1137,0.0000,enc,0.0000
1786025416.257706,0.2128,0.0,0.0,0.0000,0.0000,1.0139,-0.2627,2.1137,0.0000,enc,0.0000
1786025416.257746,0.0000,0.0,0.0,0.0000,0.0000,1.0139,-0.2627,2.1137,0.0000,enc,0.0000
1786025416.354040,0.0963,0.0,0.0,0.0000,0.0000,1.0139,-0.2627,2.1137,0.0000,enc,0.0000
1786025416.511892,0.1579,0.0,0.0,0.0000,0.0000,1.0139,-0.2627,2.1137,0.0000,enc,0.0000
1786025416.558503,0.0466,0.0,0.0,0.0000,0.0000,1.0139,-0.2627,2.1137,0.0000,enc,0.0000
1786025416.764744,0.2062,0.0,0.0,0.0000,0.0000,1.0139,-0.2627,2.1137,0.0000,enc,0.0000
1786025416.764786,0.0000,0.0,0.0,0.0000,0.0000,1.0139,-0.2627,2.1137,0.0000,enc,0.0000
1786025417.013427,0.2486,0.0,0.0,0.0000,0.0000,1.0139,-0.2627,2.1137,0.0000,enc,0.0000
1786025417.013474,0.0000,0.0,0.0,0.0000,0.0000,1.0139,-0.2627,2.1137,0.0000,enc,0.0000
1786025417.069743,0.0563,0.0,0.0,0.0000,0.0000,1.0139,-0.2627,2.1137,0.0000,enc,0.0000
1786025417.261017,0.1913,0.0,0.0,0.0000,0.0000,1.0139,-0.2627,2.1137,0.0000,enc,0.0000
1786025417.270255,0.0092,0.0,0.0,0.0000,0.0000,1.0139,-0.2627,2.1137,0.0000,enc,0.0000
1786025417.514110,0.2439,0.0,0.0,0.0000,0.0000,1.0139,-0.2627,2.1137,0.0000,enc,0.0000
1786025417.515337,0.0012,0.0,0.0,0.0000,0.0000,1.0139,-0.2627,2.1137,0.0000,enc,0.0000
1786025417.576914,0.0616,0.0,0.0,0.0000,0.0000,1.0139,-0.2627,2.1137,0.0000,enc,0.0000
1786025417.762794,0.1859,0.0,0.0,0.0000,0.0000,1.0139,-0.2627,2.1137,0.0000,enc,0.0000
1786025417.781591,0.0188,0.0,0.0,0.0000,0.0000,1.0139,-0.2627,2.1137,0.0000,enc,0.0000
1786025418.011962,0.2304,0.0,0.0,0.0000,0.0000,1.0139,-0.2627,2.1137,0.0000,enc,0.0000
1786025418.012012,0.0000,0.0,0.0,0.0000,0.0000,1.0139,-0.2627,2.1137,0.0000,enc,0.0000
1786025418.087545,0.0755,0.0,0.0,0.0000,0.0000,1.0139,-0.2627,2.1137,0.0000,enc,0.0000
1786025418.261060,0.1735,0.0,0.0,0.0000,0.0000,1.0139,-0.2627,2.1137,0.0000,enc,0.0000
1786025418.291502,0.0304,0.0,0.0,0.0000,0.0000,1.0139,-0.2627,2.1137,0.0000,enc,0.0000
1786025418.515348,0.2238,0.0,0.0,0.0000,0.0000,1.0139,-0.2627,2.1137,0.0000,enc,0.0000
1786025418.515400,0.0001,0.0,0.0,0.0000,0.0000,1.0139,-0.2627,2.1137,0.0000,enc,0.0000
1786025418.601978,0.0866,0.0,0.0,0.0000,0.0000,1.0139,-0.2627,2.1137,0.0000,enc,0.0000
1786025418.763120,0.1611,0.0,0.0,0.0000,0.0000,1.0139,-0.2627,2.1137,0.0000,enc,0.0000
1786025418.806628,0.0435,0.0,0.0,0.0000,0.0000,1.0139,-0.2627,2.1137,0.0000,enc,0.0000
1786025419.015169,0.2085,0.0,0.0,0.0000,0.0000,1.0139,-0.2627,2.1137,0.0000,enc,0.0000
1786025419.015211,0.0000,0.0,0.0,0.0000,0.0000,1.0139,-0.2627,2.1137,0.0000,enc,0.0000
1786025419.112770,0.0976,0.0,0.0,0.0000,0.0000,1.0139,-0.2627,2.1137,0.0000,enc,0.0000
1786025419.263886,0.1511,0.0,0.0,0.0000,0.0000,1.0139,-0.2627,2.1137,0.0000,enc,0.0000
1786025419.317256,0.0534,0.0,0.0,0.0000,0.0000,1.0139,-0.2627,2.1137,0.0000,enc,0.0000
1786025419.519003,0.2017,0.0,0.0,0.0000,0.0000,1.0139,-0.2627,2.1137,0.0000,enc,0.0000
1786025419.522573,0.0036,0.0,0.0,0.0000,0.0000,1.0139,-0.2627,2.1137,0.0000,enc,0.0000
1786025419.773937,0.2514,0.0,0.0,0.0000,0.0000,1.0139,-0.2627,2.1137,0.0000,enc,0.0000
1786025419.773987,0.0000,0.0,0.0,0.0000,0.0000,1.0139,-0.2627,2.1137,0.0000,enc,0.0000
1786025419.824751,0.0508,0.0,0.0,0.0000,0.0000,1.0139,-0.2627,2.1137,0.0000,enc,0.0000
1786025420.028763,0.2040,0.0,0.0,0.0000,0.0000,1.0139,-0.2627,2.1137,0.0000,enc,0.0000
1786025420.032360,0.0036,0.0,0.0,0.0000,0.0000,1.0139,-0.2627,2.1137,0.0000,enc,0.0000
1786025420.131984,0.0996,0.0,0.0,0.0000,0.0000,1.0139,-0.2627,2.1137,0.0000,enc,0.0000
1786025420.235315,0.1033,0.0,0.0,0.0000,0.0000,1.0139,-0.2627,2.1137,0.0000,enc,0.0000
1786025420.336135,0.1008,0.0,0.0,0.0000,0.0000,1.0139,-0.2627,2.1137,0.0000,enc,0.0000
1786025420.438840,0.1027,0.0,0.0,0.0000,0.0000,1.0139,-0.2627,2.1137,0.0000,enc,0.0000
1786025420.542666,0.1038,0.0,0.0,0.0000,0.0000,1.0139,-0.2627,2.1137,0.0000,enc,0.0000
1786025420.641597,0.0989,0.0,0.0,0.0000,0.0000,1.0139,-0.2627,2.1137,0.0000,enc,0.0000
1786025420.753706,0.1121,0.0,0.0,0.0000,0.0000,1.0139,-0.2627,2.1137,0.0000,enc,0.0000
1786025420.866293,0.1126,0.0,0.0,0.0000,0.0000,1.0139,-0.2627,2.1137,0.0000,enc,0.0000
1786025420.976222,0.1099,0.0,0.0,0.0000,0.0000,1.0139,-0.2627,2.1137,0.0000,enc,0.0000
1786025421.050649,0.0744,0.0,0.0,0.0000,0.0000,1.0139,-0.2627,2.1137,0.0000,enc,0.0000
1786025421.168149,0.1175,0.0,0.0,0.0000,0.0000,1.0139,-0.2627,2.1137,0.0000,enc,0.0000
1786025421.262934,0.0948,0.0,0.0,0.0000,0.0000,1.0139,-0.2627,2.1137,0.0000,enc,0.0000
1786025421.382125,0.1192,0.0,0.0,0.0000,0.0000,1.0139,-0.2627,2.1137,0.0000,enc,0.0000
1786025421.474714,0.0926,0.0,0.0,0.0000,0.0000,1.0139,-0.2627,2.1137,0.0000,enc,0.0000
1786025421.563664,0.0890,0.0,0.0,0.0000,0.0000,1.0139,-0.2627,2.1137,0.0000,enc,0.0000
1786025421.664546,0.1009,0.0,0.0,0.0000,0.0000,1.0139,-0.2627,2.1137,0.0000,enc,0.0000
1786025421.768001,0.1035,0.0,0.0,0.0000,0.0000,1.0139,-0.2627,2.1137,0.0000,enc,0.0000
1786025421.869569,0.1016,0.0,0.0,0.0000,0.0000,1.0139,-0.2627,2.1137,0.0000,enc,0.0000
1786025421.970704,0.1011,0.0,0.0,0.0000,0.0000,1.0139,-0.2627,2.1137,0.0000,enc,0.0000
1786025422.074258,0.1036,0.0,0.0,0.0000,0.0000,1.0139,-0.2627,2.1137,0.0000,enc,0.0000
1786025422.176638,0.1024,0.0,0.0,0.0000,0.0000,1.0139,-0.2627,2.1137,0.0000,enc,0.0000
1786025422.279165,0.1025,0.0,0.0,0.0000,0.0000,1.0139,-0.2627,2.1137,0.0000,enc,0.0000
1786025422.379178,0.1000,0.0,0.0,0.0000,0.0000,1.0139,-0.2627,2.1137,0.0000,enc,0.0000
1786025422.481684,0.1025,0.0,0.0,0.0000,0.0000,1.0139,-0.2627,2.1137,0.0000,enc,0.0000
1786025422.585169,0.1035,0.0,0.0,0.0000,0.0000,1.0139,-0.2627,2.1137,0.0000,enc,0.0000
1786025422.684334,0.0992,0.0,0.0,0.0000,0.0000,1.0139,-0.2627,2.1137,0.0000,enc,0.0000
1786025422.789943,0.1056,0.0,0.0,0.0000,0.0000,1.0139,-0.2627,2.1137,0.0000,enc,0.0000
1786025422.889125,0.0992,0.0,0.0,0.0000,0.0000,1.0139,-0.2627,2.1137,0.0000,enc,0.0000
1786025422.990994,0.1019,0.0,0.0,0.0000,0.0000,1.0139,-0.2627,2.1137,0.0000,enc,0.0000
1786025423.096384,0.1054,0.0,0.0,0.0000,0.0000,1.0139,-0.2627,2.1137,0.0000,enc,0.0000
1786025423.194860,0.0985,0.0,0.0,0.0000,0.0000,1.0139,-0.2627,2.1137,0.0000,enc,0.0000
1786025423.297025,0.1022,0.0,0.0,0.0000,0.0000,1.0139,-0.2627,2.1137,0.0000,enc,0.0000
1786025423.403758,0.1067,0.0,0.0,0.0000,0.0000,1.0139,-0.2627,2.1137,0.0000,enc,0.0000
1786025423.501496,0.0977,0.0,0.0,0.0000,0.0000,1.0139,-0.2627,2.1137,0.0000,enc,0.0000
1786025423.604058,0.1026,0.0,0.0,0.0000,0.0000,1.0139,-0.2627,2.1137,0.0000,enc,0.0000
1786025423.709737,0.1057,0.0,0.0,0.0000,0.0000,1.0139,-0.2627,2.1137,0.0000,enc,0.0000
1786025423.808016,0.0983,0.0,0.0,0.0000,0.0000,1.0139,-0.2627,2.1137,0.0000,enc,0.0000
1786025423.913476,0.1055,0.0,0.0,0.0000,0.0000,1.0139,-0.2627,2.1137,0.0000,enc,0.0000
1786025424.015495,0.1020,0.0,0.0,0.0000,0.0000,1.0139,-0.2627,2.1137,0.0000,enc,0.0000
1786025424.119629,0.1041,0.0,0.0,0.0000,0.0000,1.0139,-0.2627,2.1137,0.0000,enc,0.0000
1786025424.220834,0.1012,0.0,0.0,0.0000,0.0000,1.0139,-0.2627,2.1137,0.0000,enc,0.0000
1786025424.323431,0.1026,0.0,0.0,0.0000,0.0000,1.0139,-0.2627,2.1137,0.0000,enc,0.0000
1786025424.425018,0.1016,0.0,0.0,0.0000,0.0000,1.0139,-0.2627,2.1137,0.0000,enc,0.0000
1786025424.527327,0.1023,0.0,0.0,0.0000,0.0000,1.0139,-0.2627,2.1137,0.0000,enc,0.0000
1786025424.628899,0.1016,0.0,0.0,0.0000,0.0000,1.0139,-0.2627,2.1137,0.0000,enc,0.0000
1786025424.731748,0.1028,0.0,0.0,0.0000,0.0000,1.0139,-0.2627,2.1137,0.0000,enc,0.0000
1786025424.834000,0.1023,0.0,0.0,0.0000,0.0000,1.0139,-0.2627,2.1137,0.0000,enc,0.0000
1786025424.934582,0.1006,0.0,0.0,0.0000,0.0000,1.0139,-0.2627,2.1137,0.0000,enc,0.0000
1786025425.038068,0.1035,0.0,0.0,0.0000,0.0000,1.0139,-0.2627,2.1137,0.0000,enc,0.0000
1786025425.140012,0.1019,0.0,0.0,0.0000,0.0000,1.0139,-0.2627,2.1137,0.0000,enc,0.0000
1786025425.239747,0.0997,0.0,0.0,0.0000,0.0000,1.0139,-0.2627,2.1137,0.0000,enc,0.0000
1786025425.344562,0.1048,0.0,0.0,0.0000,0.0000,1.0139,-0.2627,2.1137,0.0000,enc,0.0000
1786025425.448443,0.1039,0.0,0.0,0.0000,0.0000,1.0139,-0.2627,2.1137,0.0000,enc,0.0000
1786025425.548311,0.0999,0.0,0.0,0.0000,0.0000,1.0139,-0.2627,2.1137,0.0000,enc,0.0000
1786025425.650582,0.1023,0.0,0.0,0.0000,0.0000,1.0139,-0.2627,2.1137,0.0000,enc,0.0000
1786025425.749686,0.0991,0.0,0.0,0.0000,0.0000,1.0139,-0.2627,2.1137,0.0000,enc,0.0000
1786025425.852826,0.1031,0.0,0.0,0.0000,0.0000,1.0139,-0.2627,2.1137,0.0000,enc,0.0000
1786025425.959043,0.1062,0.0,0.0,0.0000,0.0000,1.0139,-0.2627,2.1137,0.0000,enc,0.0000
1786025426.056587,0.0975,0.0,0.0,0.0000,0.0000,1.0139,-0.2627,2.1137,0.0000,enc,0.0000
1786025426.159690,0.1031,0.0,0.0,0.0000,0.0000,1.0139,-0.2627,2.1137,0.0000,enc,0.0000
1786025426.265922,0.1062,0.0,0.0,0.0000,0.0000,1.0139,-0.2627,2.1137,0.0000,enc,0.0000
1786025426.365288,0.0994,0.0,0.0,0.0000,0.0000,1.0139,-0.2627,2.1137,0.0000,enc,0.0000
1786025426.467655,0.1024,0.0,0.0,0.0000,0.0000,1.0139,-0.2627,2.1137,0.0000,enc,0.0000
1786025426.571924,0.1043,0.0,0.0,0.0000,0.0000,1.0139,-0.2627,2.1137,0.0000,enc,0.0000
1786025426.672328,0.1004,0.0,0.0,0.0000,0.0000,1.0139,-0.2627,2.1137,0.0000,enc,0.0000
1786025426.773995,0.1017,0.0,0.0,0.0000,0.0000,1.0139,-0.2627,2.1137,0.0000,enc,0.0000
1786025426.873094,0.0991,0.0,0.0,0.0000,0.0000,1.0139,-0.2627,2.1137,0.0000,enc,0.0000
1786025426.981995,0.1089,0.0,0.0,0.0000,0.0000,1.0139,-0.2627,2.1137,0.0000,enc,0.0000
1786025427.082328,0.1003,0.0,0.0,0.0000,0.0000,1.0139,-0.2627,2.1137,0.0000,enc,0.0000
1786025427.183165,0.1008,0.0,0.0,0.0000,0.0000,1.0139,-0.2627,2.1137,0.0000,enc,0.0000
1786025427.284748,0.1016,0.0,0.0,0.0000,0.0000,1.0139,-0.2627,2.1137,0.0000,enc,0.0000
1786025427.387863,0.1031,0.0,0.0,0.0000,0.0000,1.0139,-0.2627,2.1137,0.0000,enc,0.0000
1786025427.490205,0.1023,0.0,0.0,0.0000,0.0000,1.0139,-0.2627,2.1137,0.0000,enc,0.0000
1786025427.595899,0.1057,0.0,0.0,0.0000,0.0000,1.0139,-0.2627,2.1137,0.0000,enc,0.0000
1786025427.695298,0.0994,0.0,0.0,0.0000,0.0000,1.0139,-0.2627,2.1137,0.0000,enc,0.0000
1786025427.792220,0.0969,0.0,0.0,0.0000,0.0000,1.0139,-0.2627,2.1137,0.0000,enc,0.0000
1786025427.897667,0.1054,0.0,0.0,0.0000,0.0000,1.0139,-0.2627,2.1137,0.0000,enc,0.0000
1786025427.997576,0.0999,0.0,0.0,0.0000,0.0000,1.0139,-0.2627,2.1137,0.0000,enc,0.0000
1786025428.098585,0.1010,0.0,0.0,0.0000,0.0000,1.0139,-0.2627,2.1137,0.0000,enc,0.0000
1786025428.203844,0.1053,0.0,0.0,0.0000,0.0000,1.0139,-0.2627,2.1137,0.0000,enc,0.0000
1786025428.318785,0.1149,0.0,0.0,0.0000,0.0000,1.0139,-0.2627,2.1137,0.0000,enc,0.0000
1786025428.404788,0.0860,0.0,0.0,0.0000,0.0000,1.0139,-0.2627,2.1137,0.0000,enc,0.0000
1786025428.510116,0.1053,0.0,0.0,0.0000,0.0000,1.0139,-0.2627,2.1137,0.0000,enc,0.0000
1786025428.609214,0.0991,0.0,0.0,0.0000,0.0000,1.0139,-0.2627,2.1137,0.0000,enc,0.0000
1786025428.711265,0.1021,0.0,0.0,0.0000,0.0000,1.0139,-0.2627,2.1137,0.0000,enc,0.0000
1786025428.816676,0.1054,0.0,0.0,0.0000,0.0000,1.0139,-0.2627,2.1137,0.0000,enc,0.0000
1786025428.944756,0.1281,0.0,0.0,0.0000,0.0000,1.0139,-0.2627,2.1137,0.0000,enc,0.0000
1786025429.070036,0.1253,0.0,0.0,0.0000,0.0000,1.0139,-0.2627,2.1137,0.0000,enc,0.0000
1786025429.123067,0.0530,0.0,0.0,0.0000,0.0000,1.0139,-0.2627,2.1137,0.0000,enc,0.0000
1786025429.225154,0.1021,0.0,0.0,0.0000,0.0000,1.0139,-0.2627,2.1137,0.0000,enc,0.0000
1786025429.324066,0.0989,0.0,0.0,0.0000,0.0000,1.0139,-0.2627,2.1137,0.0000,enc,0.0000
1786025429.428373,0.1043,0.0,0.0,0.0000,0.0000,1.0139,-0.2627,2.1137,0.0000,enc,0.0000
1786025429.531270,0.1029,0.0,0.0,0.0000,0.0000,1.0139,-0.2627,2.1137,0.0000,enc,0.0000
1786025429.631238,0.1000,0.0,0.0,0.0000,0.0000,1.0139,-0.2627,2.1137,0.0000,enc,0.0000
1786025429.735358,0.1041,0.0,0.0,0.0000,0.0000,1.0139,-0.2627,2.1137,0.0000,enc,0.0000
1786025429.837634,0.1023,0.0,0.0,0.0000,0.0000,1.0139,-0.2627,2.1137,0.0000,enc,0.0000
1786025429.939638,0.1020,0.0,0.0,0.0000,0.0000,1.0139,-0.2627,2.1137,0.0000,enc,0.0000
1786025430.042986,0.1033,0.0,0.0,0.0000,0.0000,1.0139,-0.2627,2.1137,0.0000,enc,0.0000
1786025430.251988,0.2090,0.0,0.0,0.0000,0.0000,1.0139,-0.2627,2.1137,0.0000,enc,0.0000
1786025430.252032,0.0000,0.0,0.0,0.0000,0.0000,1.0139,-0.2627,2.1137,0.0000,enc,0.0000
1786025430.348446,0.0964,0.0,0.0,0.0000,0.0000,1.0139,-0.2627,2.1137,0.0000,enc,0.0000
1786025430.506812,0.1584,0.0,0.0,0.0000,0.0000,1.0139,-0.2627,2.1137,0.0000,enc,0.0000
1786025430.553328,0.0465,0.0,0.0,0.0000,0.0000,1.0139,-0.2627,2.1137,0.0000,enc,0.0000
1786025430.752425,0.1991,0.0,0.0,0.0000,0.0000,1.0139,-0.2627,2.1137,0.0000,enc,0.0000
1786025430.758981,0.0066,0.0,0.0,0.0000,0.0000,1.0139,-0.2627,2.1137,0.0000,enc,0.0000
1786025431.008821,0.2498,0.0,0.0,0.0000,0.0000,1.0139,-0.2627,2.1137,0.0000,enc,0.0000
1786025431.009900,0.0011,0.0,0.0,0.0000,0.0000,1.0139,-0.2627,2.1137,0.0000,enc,0.0000
1786025431.065452,0.0556,0.0,0.0,0.0000,0.0000,1.0139,-0.2627,2.1137,0.0000,enc,0.0000
1786025431.264652,0.1992,0.0,0.0,0.0000,0.0000,1.0139,-0.2627,2.1137,0.0000,enc,0.0000
1786025431.269936,0.0053,0.0,0.0,0.0000,0.0000,1.0139,-0.2627,2.1137,0.0000,enc,0.0000
1786025431.520265,0.2503,0.0,0.0,0.0000,0.0000,1.0139,-0.2627,2.1137,0.0000,enc,0.0000
1786025431.520745,0.0005,0.0,0.0,0.0000,0.0000,1.0139,-0.2627,2.1137,0.0000,enc,0.0000
1786025431.576674,0.0559,0.0,0.0,0.0000,0.0000,1.0139,-0.2627,2.1137,0.0000,enc,0.0000
1786025431.764548,0.1879,0.0,0.0,0.0000,0.0000,1.0139,-0.2627,2.1137,0.0000,enc,0.0000
1786025431.781840,0.0173,0.0,0.0,0.0000,0.0000,1.0139,-0.2627,2.1137,0.0000,enc,0.0000
1786025432.011932,0.2301,0.0,0.0,0.0000,0.0000,1.0139,-0.2627,2.1137,0.0000,enc,0.0000
1786025432.011984,0.0001,0.0,0.0,0.0000,0.0000,1.0139,-0.2627,2.1137,0.0000,enc,0.0000
1786025432.088863,0.0769,0.0,0.0,0.0000,0.0000,1.0139,-0.2627,2.1137,0.0000,enc,0.0000
1786025432.264298,0.1754,0.0,0.0,0.0000,0.0000,1.0139,-0.2627,2.1137,0.0000,enc,0.0000
1786025432.294828,0.0305,0.0,0.0,0.0000,0.0000,1.0139,-0.2627,2.1137,0.0000,enc,0.0000
1786025432.513931,0.2191,0.0,0.0,0.0000,0.0000,1.0139,-0.2627,2.1137,0.0000,enc,0.0000
1786025432.513989,0.0001,0.0,0.0,0.0000,0.0000,1.0139,-0.2627,2.1137,0.0000,enc,0.0000
1786025432.602548,0.0886,0.0,0.0,0.0000,0.0000,1.0139,-0.2627,2.1137,0.0000,enc,0.0000
1786025432.783572,0.1810,0.0,0.0,0.0000,0.0000,1.0139,-0.2627,2.1137,0.0000,enc,0.0000
1786025432.802267,0.0187,0.0,0.0,0.0000,0.0000,1.0139,-0.2627,2.1137,0.0000,enc,0.0000
1786025433.037892,0.2356,0.0,0.0,0.0000,0.0000,1.0139,-0.2627,2.1137,0.0000,enc,0.0000
1786025433.037936,0.0000,0.0,0.0,0.0000,0.0000,1.0139,-0.2627,2.1137,0.0000,enc,0.0000
1786025433.112347,0.0744,0.0,0.0,0.0000,0.0000,1.0139,-0.2627,2.1137,0.0000,enc,0.0000
1786025433.264900,0.1526,0.0,0.0,0.0000,0.0000,1.0139,-0.2627,2.1137,0.0000,enc,0.0000
1786025433.332301,0.0674,0.0,0.0,0.0000,0.0000,1.0139,-0.2627,2.1137,0.0000,enc,0.0000
1786025433.523894,0.1916,0.0,0.0,0.0000,0.0000,1.0139,-0.2627,2.1137,0.0000,enc,0.0000
1786025433.538451,0.0146,0.0,0.0,0.0000,0.0000,1.0139,-0.2627,2.1137,0.0000,enc,0.0000
1786025433.764204,0.2258,0.0,0.0,0.0000,0.0000,1.0139,-0.2627,2.1137,0.0000,enc,0.0000
1786025433.764252,0.0000,0.0,0.0,0.0000,0.0000,1.0139,-0.2627,2.1137,0.0000,enc,0.0000
1786025433.824116,0.0599,0.0,0.0,0.0000,0.0000,1.0139,-0.2627,2.1137,0.0000,enc,0.0000
1786025434.013360,0.1892,0.0,0.0,0.0000,0.0000,1.0139,-0.2627,2.1137,0.0000,enc,0.0000
1786025434.027957,0.0146,0.0,0.0,0.0000,0.0000,1.0139,-0.2627,2.1137,0.0000,enc,0.0000
1786025434.263901,0.2359,0.0,0.0,0.0000,0.0000,1.0139,-0.2627,2.1137,0.0000,enc,0.0000
1786025434.263946,0.0000,0.0,0.0,0.0000,0.0000,1.0139,-0.2627,2.1137,0.0000,enc,0.0000
1786025434.334808,0.0709,0.0,0.0,0.0000,0.0000,1.0139,-0.2627,2.1137,0.0000,enc,0.0000
1786025434.520707,0.1859,0.0,0.0,0.0000,0.0000,1.0139,-0.2627,2.1137,0.0000,enc,0.0000
1786025434.538993,0.0183,0.0,0.0,0.0000,0.0000,1.0139,-0.2627,2.1137,0.0000,enc,0.0000
1786025434.774771,0.2358,0.0,0.0,0.0000,0.0000,1.0139,-0.2627,2.1137,0.0000,enc,0.0000
1786025434.774976,0.0002,0.0,0.0,0.0000,0.0000,1.0139,-0.2627,2.1137,0.0000,enc,0.0000
1786025434.847959,0.0730,0.0,0.0,0.0000,0.0000,1.0139,-0.2627,2.1137,0.0000,enc,0.0000
1786025435.029397,0.1814,0.0,0.0,0.0000,0.0000,1.0139,-0.2627,2.1137,0.0000,enc,0.0000
1786025435.050896,0.0215,0.0,0.0,0.0000,0.0000,1.0139,-0.2627,2.1137,0.0000,enc,0.0000
1786025435.153986,0.1031,0.0,0.0,0.0000,0.0000,1.0139,-0.2627,2.1137,0.0000,enc,0.0000
1786025435.256767,0.1028,0.0,0.0,0.0000,0.0000,1.0139,-0.2627,2.1137,0.0000,enc,0.0000
1786025435.359606,0.1028,0.0,0.0,0.0000,0.0000,1.0139,-0.2627,2.1137,0.0000,enc,0.0000
1786025435.458345,0.0987,0.0,0.0,0.0000,0.0000,1.0139,-0.2627,2.1137,0.0000,enc,0.0000
1786025435.564953,0.1066,0.0,0.0,0.0000,0.0000,1.0139,-0.2627,2.1137,0.0000,enc,0.0000
1786025435.662786,0.0978,0.0,0.0,0.0000,0.0000,1.0139,-0.2627,2.1137,0.0000,enc,0.0000
1786025435.765437,0.1027,0.0,0.0,0.0000,0.0000,1.0139,-0.2627,2.1137,0.0000,enc,0.0000
1786025435.870636,0.1052,0.0,0.0,0.0000,0.0000,1.0139,-0.2627,2.1137,0.0000,enc,0.0000
1786025435.969784,0.0991,0.0,0.0,0.0000,0.0000,1.0139,-0.2627,2.1137,0.0000,enc,0.0000
1786025436.071748,0.1020,0.0,0.0,0.0000,0.0000,1.0139,-0.2627,2.1137,0.0000,enc,0.0000
1786025436.176346,0.1046,0.0,0.0,0.0000,0.0000,1.0139,-0.2627,2.1137,0.0000,enc,0.0000
1786025436.275746,0.0994,0.0,0.0,0.0000,0.0000,1.0139,-0.2627,2.1137,0.0000,enc,0.0000
1786025436.378742,0.1030,0.0,0.0,0.0000,0.0000,1.0139,-0.2627,2.1137,0.0000,enc,0.0000
1786025436.483931,0.1052,0.0,0.0,0.0000,0.0000,1.0139,-0.2627,2.1137,0.0000,enc,0.0000
1786025436.581851,0.0979,0.0,0.0,0.0000,0.0000,1.0139,-0.2627,2.1137,0.0000,enc,0.0000
1786025436.684053,0.1022,0.0,0.0,0.0000,0.0000,1.0139,-0.2627,2.1137,0.0000,enc,0.0000
1786025436.788932,0.1049,0.0,0.0,0.0000,0.0000,1.0139,-0.2627,2.1137,0.0000,enc,0.0000
1786025436.891510,0.1026,0.0,0.0,0.0000,0.0000,1.0139,-0.2627,2.1137,0.0000,enc,0.0000
1786025436.993746,0.1022,0.0,0.0,0.0000,0.0000,1.0139,-0.2627,2.1137,0.0000,enc,0.0000
1786025437.095879,0.1021,0.0,0.0,0.0000,0.0000,1.0139,-0.2627,2.1137,0.0000,enc,0.0000
1786025437.197477,0.1016,0.0,0.0,0.0000,0.0000,1.0139,-0.2627,2.1137,0.0000,enc,0.0000
1786025437.300118,0.1026,0.0,0.0,0.0000,0.0000,1.0139,-0.2627,2.1137,0.0000,enc,0.0000
1786025437.402002,0.1019,0.0,0.0,0.0000,0.0000,1.0139,-0.2627,2.1137,0.0000,enc,0.0000
1786025437.504786,0.1028,0.0,0.0,0.0000,0.0000,1.0139,-0.2627,2.1137,0.0000,enc,0.0000
1786025437.606793,0.1020,0.0,0.0,0.0000,0.0000,1.0139,-0.2627,2.1137,0.0000,enc,0.0000
1786025437.708152,0.1014,0.0,0.0,0.0000,0.0000,1.0139,-0.2627,2.1137,0.0000,enc,0.0000
1786025437.810740,0.1026,0.0,0.0,0.0000,0.0000,1.0139,-0.2627,2.1137,0.0000,enc,0.0000
1786025437.913263,0.1025,0.0,0.0,0.0000,0.0000,1.0139,-0.2627,2.1137,0.0000,enc,0.0000
1786025438.011974,0.0987,0.0,0.0,0.0000,0.0000,1.0139,-0.2627,2.1137,0.0000,enc,0.0000
1786025438.118548,0.1066,0.0,0.0,0.0000,0.0000,1.0139,-0.2627,2.1137,0.0000,enc,0.0000
1786025438.216113,0.0976,0.0,0.0,0.0000,0.0000,1.0139,-0.2627,2.1137,0.0000,enc,0.0000
1786025438.322071,0.1060,0.0,0.0,0.0000,0.0000,1.0139,-0.2627,2.1137,0.0000,enc,0.0000
1786025438.423580,0.1015,0.0,0.0,0.0000,0.0000,1.0139,-0.2627,2.1137,0.0000,enc,0.0000
1786025438.523021,0.0994,0.0,0.0,0.0000,0.0000,1.0139,-0.2627,2.1137,0.0000,enc,0.0000
1786025438.625368,0.1023,0.0,0.0,0.0000,0.0000,1.0139,-0.2627,2.1137,0.0000,enc,0.0000
1786025438.729989,0.1046,0.0,0.0,0.0000,0.0000,1.0139,-0.2627,2.1137,0.0000,enc,0.0000
1786025438.829510,0.0995,0.0,0.0,0.0000,0.0000,1.0139,-0.2627,2.1137,0.0000,enc,0.0000
1786025438.931862,0.1024,0.0,0.0,0.0000,0.0000,1.0139,-0.2627,2.1137,0.0000,enc,0.0000
1786025439.036371,0.1045,0.0,0.0,0.0000,0.0000,1.0139,-0.2627,2.1137,0.0000,enc,0.0000
1786025439.135384,0.0990,0.0,0.0,0.0000,0.0000,1.0139,-0.2627,2.1137,0.0000,enc,0.0000
1786025439.237704,0.1023,0.0,0.0,0.0000,0.0000,1.0139,-0.2627,2.1137,0.0000,enc,0.0000
1786025439.342351,0.1046,0.0,0.0,0.0000,0.0000,1.0139,-0.2627,2.1137,0.0000,enc,0.0000
1786025439.445175,0.1028,0.0,0.0,0.0000,0.0000,1.0139,-0.2627,2.1137,0.0000,enc,0.0000
1786025439.547439,0.1023,0.0,0.0,0.0000,0.0000,1.0139,-0.2627,2.1137,0.0000,enc,0.0000
1786025439.648954,0.1015,0.0,0.0,0.0000,0.0000,1.0139,-0.2627,2.1137,0.0000,enc,0.0000
1786025439.751095,0.1021,0.0,0.0,0.0000,0.0000,1.0139,-0.2627,2.1137,0.0000,enc,0.0000
1786025439.852899,0.1018,0.0,0.0,0.0000,0.0000,1.0139,-0.2627,2.1137,0.0000,enc,0.0000
1786025439.955272,0.1024,0.0,0.0,0.0000,0.0000,1.0139,-0.2627,2.1137,0.0000,enc,0.0000
1786025440.057075,0.1018,0.0,0.0,0.0000,0.0000,1.0139,-0.2627,2.1137,0.0000,enc,0.0000
1786025440.161155,0.1041,0.0,0.0,0.0000,0.0000,1.0139,-0.2627,2.1137,0.0000,enc,0.0000
1786025440.261861,0.1007,0.0,0.0,0.0000,0.0000,1.0139,-0.2627,2.1137,0.0000,enc,0.0000
1786025440.364448,0.1026,0.0,0.0,0.0000,0.0000,1.0139,-0.2627,2.1137,0.0000,enc,0.0000
1786025440.465972,0.1015,0.0,0.0,0.0000,0.0000,1.0139,-0.2627,2.1137,0.0000,enc,0.0000
1786025440.565813,0.0998,0.0,0.0,0.0000,0.0000,1.0139,-0.2627,2.1137,0.0000,enc,0.0000
1786025440.669877,0.1041,0.0,0.0,0.0000,0.0000,1.0139,-0.2627,2.1137,0.0000,enc,0.0000
1786025440.771835,0.1020,0.0,0.0,0.0000,0.0000,1.0139,-0.2627,2.1137,0.0000,enc,0.0000
1786025440.872594,0.1008,0.0,0.0,0.0000,0.0000,1.0139,-0.2627,2.1137,0.0000,enc,0.0000
1786025440.977998,0.1054,0.0,0.0,0.0000,0.0000,1.0139,-0.2627,2.1137,0.0000,enc,0.0000
1786025441.076114,0.0981,0.0,0.0,0.0000,0.0000,1.0139,-0.2627,2.1137,0.0000,enc,0.0000
1786025441.177953,0.1018,0.0,0.0,0.0000,0.0000,1.0139,-0.2627,2.1137,0.0000,enc,0.0000
1786025441.283684,0.1057,0.0,0.0,0.0000,0.0000,1.0139,-0.2627,2.1137,0.0000,enc,0.0000
1786025441.382294,0.0986,0.0,0.0,0.0000,0.0000,1.0139,-0.2627,2.1137,0.0000,enc,0.0000
1786025441.484662,0.1024,0.0,0.0,0.0000,0.0000,1.0139,-0.2627,2.1137,0.0000,enc,0.0000
1786025441.589210,0.1045,0.0,0.0,0.0000,0.0000,1.0139,-0.2627,2.1137,0.0000,enc,0.0000
1786025441.688631,0.0994,0.0,0.0,0.0000,0.0000,1.0139,-0.2627,2.1137,0.0000,enc,0.0000
1786025441.791003,0.1024,0.0,0.0,0.0000,0.0000,1.0139,-0.2627,2.1137,0.0000,enc,0.0000
1786025441.896652,0.1056,0.0,0.0,0.0000,0.0000,1.0139,-0.2627,2.1137,0.0000,enc,0.0000
1786025441.995705,0.0991,0.0,0.0,0.0000,0.0000,1.0139,-0.2627,2.1137,0.0000,enc,0.0000
1786025442.097368,0.1017,0.0,0.0,0.0000,0.0000,1.0139,-0.2627,2.1137,0.0000,enc,0.0000
1786025442.202747,0.1054,0.0,0.0,0.0000,0.0000,1.0139,-0.2627,2.1137,0.0000,enc,0.0000
1786025442.305169,0.1024,0.0,0.0,0.0000,0.0000,1.0139,-0.2627,2.1137,0.0000,enc,0.0000
1786025442.407660,0.1025,0.0,0.0,0.0000,0.0000,1.0139,-0.2627,2.1137,0.0000,enc,0.0000
1786025442.509362,0.1017,0.0,0.0,0.0000,0.0000,1.0139,-0.2627,2.1137,0.0000,enc,0.0000
1786025442.611760,0.1024,0.0,0.0,0.0000,0.0000,1.0139,-0.2627,2.1137,0.0000,enc,0.0000
1786025442.713238,0.1015,0.0,0.0,0.0000,0.0000,1.0139,-0.2627,2.1137,0.0000,enc,0.0000
1786025442.815469,0.1022,0.0,0.0,0.0000,0.0000,1.0139,-0.2627,2.1137,0.0000,enc,0.0000
1786025442.917769,0.1023,0.0,0.0,0.0000,0.0000,1.0139,-0.2627,2.1137,0.0000,enc,0.0000
1786025443.019475,0.1017,0.0,0.0,0.0000,0.0000,1.0139,-0.2627,2.1137,0.0000,enc,0.0000
1786025443.122079,0.1026,0.0,0.0,0.0000,0.0000,1.0139,-0.2627,2.1137,0.0000,enc,0.0000
1786025443.226736,0.1047,0.0,0.0,0.0000,0.0000,1.0139,-0.2627,2.1137,0.0000,enc,0.0000
1786025443.328430,0.1017,0.0,0.0,0.0000,0.0000,1.0139,-0.2627,2.1137,0.0000,enc,0.0000
1786025443.427750,0.0993,0.0,0.0,0.0000,0.0000,1.0139,-0.2627,2.1137,0.0000,enc,0.0000
1786025443.532110,0.1044,0.0,0.0,0.0000,0.0000,1.0139,-0.2627,2.1137,0.0000,enc,0.0000
1786025443.631912,0.0998,0.0,0.0,0.0000,0.0000,1.0139,-0.2627,2.1137,0.0000,enc,0.0000
1786025443.734409,0.1025,0.0,0.0,0.0000,0.0000,1.0139,-0.2627,2.1137,0.0000,enc,0.0000
1786025443.839337,0.1049,0.0,0.0,0.0000,0.0000,1.0139,-0.2627,2.1137,0.0000,enc,0.0000
1786025443.938953,0.0996,0.0,0.0,0.0000,0.0000,1.0139,-0.2627,2.1137,0.0000,enc,0.0000
1786025444.041137,0.1022,0.0,0.0,0.0000,0.0000,1.0139,-0.2627,2.1137,0.0000,enc,0.0000
1786025444.146063,0.1049,0.0,0.0,0.0000,0.0000,1.0139,-0.2627,2.1137,0.0000,enc,0.0000
1786025444.245081,0.0990,0.0,0.0,0.0000,0.0000,1.0139,-0.2627,2.1137,0.0000,enc,0.0000
1786025444.347557,0.1025,0.0,0.0,0.0000,0.0000,1.0139,-0.2627,2.1137,0.0000,enc,0.0000
1786025444.453711,0.1062,0.0,0.0,0.0000,0.0000,1.0139,-0.2627,2.1137,0.0000,enc,0.0000
1786025444.555792,0.1021,0.0,0.0,0.0000,0.0000,1.0139,-0.2627,2.1137,0.0000,enc,0.0000
1786025444.656684,0.1009,0.0,0.0,0.0000,0.0000,1.0139,-0.2627,2.1137,0.0000,enc,0.0000
1786025444.759865,0.1032,0.0,0.0,0.0000,0.0000,1.0139,-0.2627,2.1137,0.0000,enc,0.0000
1786025444.861844,0.1020,0.0,0.0,0.0000,0.0000,1.0139,-0.2627,2.1137,0.0000,enc,0.0000
1786025444.970893,0.1090,0.0,0.0,0.0000,0.0000,1.0139,-0.2627,2.1137,0.0000,enc,0.0000
1786025445.068575,0.0977,0.0,0.0,0.0000,0.0000,1.0139,-0.2627,2.1137,0.0000,enc,0.0000
1786025445.268686,0.2001,0.0,0.0,0.0000,0.0000,1.0139,-0.2627,2.1137,0.0000,enc,0.0000
1786025445.270394,0.0017,0.0,0.0,0.0000,0.0000,1.0139,-0.2627,2.1137,0.0000,enc,0.0000
1786025445.528763,0.2584,0.0,0.0,0.0000,0.0000,1.0139,-0.2627,2.1137,0.0000,enc,0.0000
1786025445.528806,0.0000,0.0,0.0,0.0000,0.0000,1.0139,-0.2627,2.1137,0.0000,enc,0.0000
1786025445.577371,0.0486,0.0,0.0,0.0000,0.0000,1.0139,-0.2627,2.1137,0.0000,enc,0.0000
1786025445.776959,0.1996,0.0,0.0,0.0000,0.0000,1.0139,-0.2627,2.1137,0.0000,enc,0.0000
1786025445.804961,0.0280,0.0,0.0,0.0000,0.0000,1.0139,-0.2627,2.1137,0.0000,enc,0.0000
1786025446.023627,0.2187,0.0,0.0,0.0000,0.0000,1.0139,-0.2627,2.1137,0.0000,enc,0.0000
1786025446.023674,0.0000,0.0,0.0,0.0000,0.0000,1.0139,-0.2627,2.1137,0.0000,enc,0.0000
1786025446.088241,0.0646,0.0,0.0,0.0000,0.0000,1.0139,-0.2627,2.1137,0.0000,enc,0.0000
1786025446.269238,0.1810,0.0,0.0,0.0000,0.0000,1.0139,-0.2627,2.1137,0.0000,enc,0.0000
1786025446.290527,0.0213,0.0,0.0,0.0000,0.0000,1.0139,-0.2627,2.1137,0.0000,enc,0.0000
1786025446.520795,0.2303,0.0,0.0,0.0000,0.0000,1.0139,-0.2627,2.1137,0.0000,enc,0.0000
1786025446.520831,0.0000,0.0,0.0,0.0000,0.0000,1.0139,-0.2627,2.1137,0.0000,enc,0.0000
1786025446.598467,0.0776,0.0,0.0,0.0000,0.0000,1.0139,-0.2627,2.1137,0.0000,enc,0.0000
1786025446.774176,0.1757,0.0,0.0,0.0000,0.0000,1.0139,-0.2627,2.1137,0.0000,enc,0.0000
1786025446.870487,0.0963,0.0,0.0,0.0000,0.0000,1.0139,-0.2627,2.1137,0.0000,enc,0.0000
1786025447.023161,0.1527,0.0,0.0,0.0000,0.0000,1.0139,-0.2627,2.1137,0.0000,enc,0.0000
1786025447.023199,0.0000,0.0,0.0,0.0000,0.0000,1.0139,-0.2627,2.1137,0.0000,enc,0.0000
1786025447.137465,0.1143,0.0,0.0,0.0000,0.0000,1.0139,-0.2627,2.1137,0.0000,enc,0.0000
1786025447.273158,0.1357,0.0,0.0,0.0000,0.0000,1.0139,-0.2627,2.1137,0.0000,enc,0.0000
1786025447.388950,0.1158,0.0,0.0,0.0000,0.0000,1.0139,-0.2627,2.1137,0.0000,enc,0.0000
1786025447.525945,0.1370,0.0,0.0,0.0000,0.0000,1.0139,-0.2627,2.1137,0.0000,enc,0.0000
1786025447.525981,0.0000,0.0,0.0,0.0000,0.0000,1.0139,-0.2627,2.1137,0.0000,enc,0.0000
1786025447.624792,0.0988,0.0,0.0,0.0000,0.0000,1.0139,-0.2627,2.1137,0.0000,enc,0.0000
1786025447.772415,0.1476,0.0,0.0,0.0000,0.0000,1.0139,-0.2627,2.1137,0.0000,enc,0.0000
1786025447.821665,0.0493,0.0,0.0,0.0000,0.0000,1.0139,-0.2627,2.1137,0.0000,enc,0.0000
1786025448.024401,0.2027,0.0,0.0,0.0000,0.0000,1.0139,-0.2627,2.1137,0.0000,enc,0.0000
1786025448.031616,0.0072,0.0,0.0,0.0000,0.0000,1.0139,-0.2627,2.1137,0.0000,enc,0.0000
1786025448.274706,0.2431,0.0,0.0,0.0000,0.0000,1.0139,-0.2627,2.1137,0.0000,enc,0.0000
1786025448.274746,0.0000,0.0,0.0,0.0000,0.0000,1.0139,-0.2627,2.1137,0.0000,enc,0.0000
1786025448.342573,0.0678,0.0,0.0,0.0000,0.0000,1.0139,-0.2627,2.1137,0.0000,enc,0.0000
1786025448.527395,0.1848,0.0,0.0,0.0000,0.0000,1.0139,-0.2627,2.1137,0.0000,enc,0.0000
1786025448.537056,0.0097,0.0,0.0,0.0000,0.0000,1.0139,-0.2627,2.1137,0.0000,enc,0.0000
1786025448.779145,0.2421,0.0,0.0,0.0000,0.0000,1.0139,-0.2627,2.1137,0.0000,enc,0.0000
1786025448.779186,0.0000,0.0,0.0,0.0000,0.0000,1.0139,-0.2627,2.1137,0.0000,enc,0.0000
1786025448.842725,0.0635,0.0,0.0,0.0000,0.0000,1.0139,-0.2627,2.1137,0.0000,enc,0.0000
1786025449.029092,0.1864,0.0,0.0,0.0000,0.0000,1.0139,-0.2627,2.1137,0.0000,enc,0.0000
1786025449.047631,0.0185,0.0,0.0,0.0000,0.0000,1.0139,-0.2627,2.1137,0.0000,enc,0.0000
1786025449.282640,0.2350,0.0,0.0,0.0000,0.0000,1.0139,-0.2627,2.1137,0.0000,enc,0.0000
1786025449.282700,0.0001,0.0,0.0,0.0000,0.0000,1.0139,-0.2627,2.1137,0.0000,enc,0.0000
1786025449.354697,0.0720,0.0,0.0,0.0000,0.0000,1.0139,-0.2627,2.1137,0.0000,enc,0.0000
1786025449.537733,0.1830,0.0,0.0,0.0000,0.0000,1.0139,-0.2627,2.1137,0.0000,enc,0.0000
1786025449.558014,0.0203,0.0,0.0,0.0000,0.0000,1.0139,-0.2627,2.1137,0.0000,enc,0.0000
1786025449.792384,0.2344,0.0,0.0,0.0000,0.0000,1.0139,-0.2627,2.1137,0.0000,enc,0.0000
1786025449.792845,0.0005,0.0,0.0,0.0000,0.0000,1.0139,-0.2627,2.1137,0.0000,enc,0.0000
1786025449.868221,0.0754,0.0,0.0,0.0000,0.0000,1.0139,-0.2627,2.1137,0.0000,enc,0.0000
1786025450.045689,0.1775,0.0,0.0,0.0000,0.0000,1.0139,-0.2627,2.1137,0.0000,enc,0.0000
1786025450.069314,0.0236,0.0,0.0,0.0000,0.0000,1.0139,-0.2627,2.1137,0.0000,enc,0.0000
1786025450.174274,0.1050,0.0,0.0,0.0000,0.0000,1.0139,-0.2627,2.1137,0.0000,enc,0.0000
1786025450.275970,0.1017,0.0,0.0,0.0000,0.0000,1.0139,-0.2627,2.1137,0.0000,enc,0.0000
1786025450.377930,0.1020,0.0,0.0,0.0000,0.0000,1.0139,-0.2627,2.1137,0.0000,enc,0.0000
1786025450.483946,0.1060,0.0,0.0,0.0000,0.0000,1.0139,-0.2627,2.1137,0.0000,enc,0.0000
1786025450.583921,0.1000,0.0,0.0,0.0000,0.0000,1.0139,-0.2627,2.1137,0.0000,enc,0.0000
1786025450.684557,0.1006,0.0,0.0,0.0000,0.0000,1.0139,-0.2627,2.1137,0.0000,enc,0.0000
1786025450.787906,0.1033,0.0,0.0,0.0000,0.0000,1.0139,-0.2627,2.1137,0.0000,enc,0.0000
1786025450.885468,0.0976,0.0,0.0,0.0000,0.0000,1.0139,-0.2627,2.1137,0.0000,enc,0.0000
1786025450.990831,0.1054,0.0,0.0,0.0000,0.0000,1.0139,-0.2627,2.1137,0.0000,enc,0.0000
1786025451.093014,0.1022,0.0,0.0,0.0000,0.0000,1.0139,-0.2627,2.1137,0.0000,enc,0.0000
1786025451.196984,0.1040,0.0,0.0,0.0000,0.0000,1.0139,-0.2627,2.1137,0.0000,enc,0.0000
1786025451.298461,0.1015,0.0,0.0,0.0000,0.0000,1.0139,-0.2627,2.1137,0.0000,enc,0.0000
1786025451.395874,0.0974,0.0,0.0,0.0000,0.0000,1.0139,-0.2627,2.1137,0.0000,enc,0.0000
1786025451.504048,0.1082,0.0,0.0,0.0000,0.0000,1.0139,-0.2627,2.1137,0.0000,enc,0.0000
1786025451.600435,0.0964,0.0,0.0,0.0000,0.0000,1.0139,-0.2627,2.1137,0.0000,enc,0.0000
1786025451.702354,0.1019,0.0,0.0,0.0000,0.0000,1.0139,-0.2627,2.1137,0.0000,enc,0.0000
1786025451.807913,0.1056,0.0,0.0,0.0000,0.0000,1.0139,-0.2627,2.1137,0.0000,enc,0.0000
1786025451.906512,0.0986,0.0,0.0,0.0000,0.0000,1.0139,-0.2627,2.1137,0.0000,enc,0.0000
1786025452.008757,0.1022,0.0,0.0,0.0000,0.0000,1.0139,-0.2627,2.1137,0.0000,enc,0.0000
1786025452.113837,0.1051,0.0,0.0,0.0000,0.0000,1.0139,-0.2627,2.1137,0.0000,enc,0.0000
1786025452.213488,0.0997,0.0,0.0,0.0000,0.0000,1.0139,-0.2627,2.1137,0.0000,enc,0.0000
1786025452.315903,0.1024,0.0,0.0,0.0000,0.0000,1.0139,-0.2627,2.1137,0.0000,enc,0.0000
1786025452.421914,0.1060,0.0,0.0,0.0000,0.0000,1.0139,-0.2627,2.1137,0.0000,enc,0.0000
1786025452.530900,0.1090,0.0,0.0,0.0000,0.0000,1.0139,-0.2627,2.1137,0.0000,enc,0.0000
1786025452.625971,0.0951,0.0,0.0,0.0000,0.0000,1.0139,-0.2627,2.1137,0.0000,enc,0.0000
1786025452.738135,0.1122,0.0,0.0,0.0000,0.0000,1.0139,-0.2627,2.1137,0.0000,enc,0.0000
1786025452.856341,0.1182,0.0,0.0,0.0000,0.0000,1.0139,-0.2627,2.1137,0.0000,enc,0.0000
1786025452.983470,0.1271,0.0,0.0,0.0000,0.0000,1.0139,-0.2627,2.1137,0.0000,enc,0.0000
1786025453.034853,0.0514,0.0,0.0,0.0000,0.0000,1.0139,-0.2627,2.1137,0.0000,enc,0.0000
1786025453.135901,0.1010,0.0,0.0,0.0000,0.0000,1.0139,-0.2627,2.1137,0.0000,enc,0.0000
1786025453.238461,0.1026,0.0,0.0,0.0000,0.0000,1.0139,-0.2627,2.1137,0.0000,enc,0.0000
1786025453.341932,0.1035,0.0,0.0,0.0000,0.0000,1.0139,-0.2627,2.1137,0.0000,enc,0.0000
1786025453.443733,0.1018,0.0,0.0,0.0000,0.0000,1.0139,-0.2627,2.1137,0.0000,enc,0.0000
1786025453.545098,0.1014,0.0,0.0,0.0000,0.0000,1.0139,-0.2627,2.1137,0.0000,enc,0.0000
1786025453.647974,0.1029,0.0,0.0,0.0000,0.0000,1.0139,-0.2627,2.1137,0.0000,enc,0.0000
1786025453.752012,0.1040,0.0,0.0,0.0000,0.0000,1.0139,-0.2627,2.1137,0.0000,enc,0.0000
1786025453.853370,0.1014,0.0,0.0,0.0000,0.0000,1.0139,-0.2627,2.1137,0.0000,enc,0.0000
1786025453.951845,0.0985,0.0,0.0,0.0000,0.0000,1.0139,-0.2627,2.1137,0.0000,enc,0.0000
1786025454.058004,0.1062,0.0,0.0,0.0000,0.0000,1.0139,-0.2627,2.1137,0.0000,enc,0.0000
1786025454.157394,0.0994,0.0,0.0,0.0000,0.0000,1.0139,-0.2627,2.1137,0.0000,enc,0.0000
1786025454.258663,0.1013,0.0,0.0,0.0000,0.0000,1.0139,-0.2627,2.1137,0.0000,enc,0.0000
1786025454.362955,0.1043,0.0,0.0,0.0000,0.0000,1.0139,-0.2627,2.1137,0.0000,enc,0.0000
1786025454.460780,0.0978,0.0,0.0,0.0000,0.0000,1.0139,-0.2627,2.1137,0.0000,enc,0.0000
1786025454.563745,0.1030,0.0,0.0,0.0000,0.0000,1.0139,-0.2627,2.1137,0.0000,enc,0.0000
1786025454.668653,0.1049,0.0,0.0,0.0000,0.0000,1.0139,-0.2627,2.1137,0.0000,enc,0.0000
1786025454.768358,0.0997,0.0,0.0,0.0000,0.0000,1.0139,-0.2627,2.1137,0.0000,enc,0.0000
1786025454.871057,0.1027,0.0,0.0,0.0000,0.0000,1.0139,-0.2627,2.1137,0.0000,enc,0.0000
1786025454.974597,0.1035,0.0,0.0,0.0000,0.0000,1.0139,-0.2627,2.1137,0.0000,enc,0.0000
1786025455.074931,0.1003,0.0,0.0,0.0000,0.0000,1.0139,-0.2627,2.1137,0.0000,enc,0.0000
1786025455.177277,0.1023,0.0,0.0,0.0000,0.0000,1.0139,-0.2627,2.1137,0.0000,enc,0.0000
1786025455.282440,0.1052,0.0,0.0,0.0000,0.0000,1.0139,-0.2627,2.1137,0.0000,enc,0.0000
1786025455.384390,0.1019,0.0,0.0,0.0000,0.0000,1.0139,-0.2627,2.1137,0.0000,enc,0.0000
1786025455.485980,0.1016,0.0,0.0,0.0000,0.0000,1.0139,-0.2627,2.1137,0.0000,enc,0.0000
1786025455.590607,0.1046,0.0,0.0,0.0000,0.0000,1.0139,-0.2627,2.1137,0.0000,enc,0.0000
1786025455.691566,0.1010,0.0,0.0,0.0000,0.0000,1.0139,-0.2627,2.1137,0.0000,enc,0.0000
1786025455.792923,0.1014,0.0,0.0,0.0000,0.0000,1.0139,-0.2627,2.1137,0.0000,enc,0.0000
1786025455.896109,0.1032,0.0,0.0,0.0000,0.0000,1.0139,-0.2627,2.1137,0.0000,enc,0.0000
1786025455.997650,0.1015,0.0,0.0,0.0000,0.0000,1.0139,-0.2627,2.1137,0.0000,enc,0.0000
1786025456.099352,0.1017,0.0,0.0,0.0000,0.0000,1.0139,-0.2627,2.1137,0.0000,enc,0.0000
1786025456.201860,0.1025,0.0,0.0,0.0000,0.0000,1.0139,-0.2627,2.1137,0.0000,enc,0.0000
1786025456.303896,0.1020,0.0,0.0,0.0000,0.0000,1.0139,-0.2627,2.1137,0.0000,enc,0.0000
1786025456.415855,0.1120,0.0,0.0,0.0000,0.0000,1.0139,-0.2627,2.1137,0.0000,enc,0.0000
1786025456.505172,0.0893,0.0,0.0,0.0000,0.0000,1.0139,-0.2627,2.1137,0.0000,enc,0.0000
1786025456.611470,0.1063,0.0,0.0,0.0000,0.0000,1.0139,-0.2627,2.1137,0.0000,enc,0.0000
1786025456.708369,0.0969,0.0,0.0,0.0000,0.0000,1.0139,-0.2627,2.1137,0.0000,enc,0.0000
1786025456.811094,0.1027,0.0,0.0,0.0000,0.0000,1.0139,-0.2627,2.1137,0.0000,enc,0.0000
1786025456.918904,0.1078,0.0,0.0,0.0000,0.0000,1.0139,-0.2627,2.1137,0.0000,enc,0.0000
1786025457.014900,0.0960,0.0,0.0,0.0000,0.0000,1.0139,-0.2627,2.1137,0.0000,enc,0.0000
1786025457.116768,0.1019,0.0,0.0,0.0000,0.0000,1.0139,-0.2627,2.1137,0.0000,enc,0.0000
1786025457.222055,0.1053,0.0,0.0,0.0000,0.0000,1.0139,-0.2627,2.1137,0.0000,enc,0.0000
1786025457.321746,0.0997,0.0,0.0,0.0000,0.0000,1.0139,-0.2627,2.1137,0.0000,enc,0.0000
1786025457.423515,0.1018,0.0,0.0,0.0000,0.0000,1.0139,-0.2627,2.1137,0.0000,enc,0.0000
1786025457.528292,0.1048,0.0,0.0,0.0000,0.0000,1.0139,-0.2627,2.1137,0.0000,enc,0.0000
1786025457.627133,0.0988,0.0,0.0,0.0000,0.0000,1.0139,-0.2627,2.1137,0.0000,enc,0.0000
1786025457.729622,0.1025,0.0,0.0,0.0000,0.0000,1.0139,-0.2627,2.1137,0.0000,enc,0.0000
1786025457.834681,0.1051,0.0,0.0,0.0000,0.0000,1.0139,-0.2627,2.1137,0.0000,enc,0.0000
1786025457.936923,0.1022,0.0,0.0,0.0000,0.0000,1.0139,-0.2627,2.1137,0.0000,enc,0.0000
1786025458.038183,0.1013,0.0,0.0,0.0000,0.0000,1.0139,-0.2627,2.1137,0.0000,enc,0.0000
1786025458.141464,0.1033,0.0,0.0,0.0000,0.0000,1.0139,-0.2627,2.1137,0.0000,enc,0.0000
1786025458.243395,0.1019,0.0,0.0,0.0000,0.0000,1.0139,-0.2627,2.1137,0.0000,enc,0.0000
1786025458.345551,0.1022,0.0,0.0,0.0000,0.0000,1.0139,-0.2627,2.1137,0.0000,enc,0.0000
1786025458.447749,0.1022,0.0,0.0,0.0000,0.0000,1.0139,-0.2627,2.1137,0.0000,enc,0.0000
1786025458.549901,0.1022,0.0,0.0,0.0000,0.0000,1.0139,-0.2627,2.1137,0.0000,enc,0.0000
1786025458.651804,0.1019,0.0,0.0,0.0000,0.0000,1.0139,-0.2627,2.1137,0.0000,enc,0.0000
1786025458.755284,0.1035,0.0,0.0,0.0000,0.0000,1.0139,-0.2627,2.1137,0.0000,enc,0.0000
1786025458.857907,0.1026,0.0,0.0,0.0000,0.0000,1.0139,-0.2627,2.1137,0.0000,enc,0.0000
1786025458.958218,0.1003,0.0,0.0,0.0000,0.0000,1.0139,-0.2627,2.1137,0.0000,enc,0.0000
1786025459.058750,0.1005,0.0,0.0,0.0000,0.0000,1.0139,-0.2627,2.1137,0.0000,enc,0.0000
1786025459.162605,0.1039,0.0,0.0,0.0000,0.0000,1.0139,-0.2627,2.1137,0.0000,enc,0.0000
1786025459.265548,0.1029,0.0,0.0,0.0000,0.0000,1.0139,-0.2627,2.1137,0.0000,enc,0.0000
1786025459.363963,0.0984,0.0,0.0,0.0000,0.0000,1.0139,-0.2627,2.1137,0.0000,enc,0.0000
1786025459.470154,0.1062,0.0,0.0,0.0000,0.0000,1.0139,-0.2627,2.1137,0.0000,enc,0.0000
1786025459.568942,0.0988,0.0,0.0,0.0000,0.0000,1.0139,-0.2627,2.1137,0.0000,enc,0.0000
1786025459.670542,0.1016,0.0,0.0,0.0000,0.0000,1.0139,-0.2627,2.1137,0.0000,enc,0.0000
1786025459.776207,0.1057,0.0,0.0,0.0000,0.0000,1.0139,-0.2627,2.1137,0.0000,enc,0.0000
1786025459.875411,0.0992,0.0,0.0,0.0000,0.0000,1.0139,-0.2627,2.1137,0.0000,enc,0.0000
1786025459.977366,0.1020,0.0,0.0,0.0000,0.0000,1.0139,-0.2627,2.1137,0.0000,enc,0.0000
1786025460.082845,0.1055,0.0,0.0,0.0000,0.0000,1.0139,-0.2627,2.1137,0.0000,enc,0.0000
1786025460.263104,0.1803,0.0,0.0,0.0000,0.0000,1.0139,-0.2627,2.1137,0.0000,enc,0.0000
1786025460.284109,0.0210,0.0,0.0,0.0000,0.0000,1.0139,-0.2627,2.1137,0.0000,enc,0.0000
1786025460.518579,0.2345,0.0,0.0,0.0000,0.0000,1.0139,-0.2627,2.1137,0.0000,enc,0.0000
1786025460.518628,0.0000,0.0,0.0,0.0000,0.0000,1.0139,-0.2627,2.1137,0.0000,enc,0.0000
1786025460.590616,0.0720,0.0,0.0,0.0000,0.0000,1.0139,-0.2627,2.1137,0.0000,enc,0.0000
1786025460.765212,0.1746,0.0,0.0,0.0000,0.0000,1.0139,-0.2627,2.1137,0.0000,enc,0.0000
1786025460.795174,0.0300,0.0,0.0,0.0000,0.0000,1.0139,-0.2627,2.1137,0.0000,enc,0.0000
1786025461.009383,0.2142,0.0,0.0,0.0000,0.0000,1.0139,-0.2627,2.1137,0.0000,enc,0.0000
1786025461.009432,0.0000,0.0,0.0,0.0000,0.0000,1.0139,-0.2627,2.1137,0.0000,enc,0.0000
1786025461.106802,0.0974,0.0,0.0,0.0000,0.0000,1.0139,-0.2627,2.1137,0.0000,enc,0.0000
1786025461.263513,0.1567,0.0,0.0,0.0000,0.0000,1.0139,-0.2627,2.1137,0.0000,enc,0.0000
1786025461.308547,0.0450,0.0,0.0,0.0000,0.0000,1.0139,-0.2627,2.1137,0.0000,enc,0.0000
1786025461.517655,0.2091,0.0,0.0,0.0000,0.0000,1.0139,-0.2627,2.1137,0.0000,enc,0.0000
1786025461.517692,0.0000,0.0,0.0,0.0000,0.0000,1.0139,-0.2627,2.1137,0.0000,enc,0.0000
1786025461.613392,0.0957,0.0,0.0,0.0000,0.0000,1.0139,-0.2627,2.1137,0.0000,enc,0.0000
1786025461.772483,0.1591,0.0,0.0,0.0000,0.0000,1.0139,-0.2627,2.1137,0.0000,enc,0.0000
1786025461.819653,0.0472,0.0,0.0,0.0000,0.0000,1.0139,-0.2627,2.1137,0.0000,enc,0.0000
1786025462.022729,0.2031,0.0,0.0,0.0000,0.0000,1.0139,-0.2627,2.1137,0.0000,enc,0.0000
1786025462.025439,0.0027,0.0,0.0,0.0000,0.0000,1.0139,-0.2627,2.1137,0.0000,enc,0.0000
1786025462.273421,0.2480,0.0,0.0,0.0000,0.0000,1.0139,-0.2627,2.1137,0.0000,enc,0.0000
1786025462.273463,0.0000,0.0,0.0,0.0000,0.0000,1.0139,-0.2627,2.1137,0.0000,enc,0.0000
1786025462.330874,0.0574,0.0,0.0,0.0000,0.0000,1.0139,-0.2627,2.1137,0.0000,enc,0.0000
1786025462.522614,0.1917,0.0,0.0,0.0000,0.0000,1.0139,-0.2627,2.1137,0.0000,enc,0.0000
1786025462.532118,0.0095,0.0,0.0,0.0000,0.0000,1.0139,-0.2627,2.1137,0.0000,enc,0.0000
1786025462.769666,0.2375,0.0,0.0,0.0000,0.0000,1.0139,-0.2627,2.1137,0.0000,enc,0.0000
1786025462.769703,0.0000,0.0,0.0,0.0000,0.0000,1.0139,-0.2627,2.1137,0.0000,enc,0.0000
1786025462.839125,0.0694,0.0,0.0,0.0000,0.0000,1.0139,-0.2627,2.1137,0.0000,enc,0.0000
1786025463.021708,0.1826,0.0,0.0,0.0000,0.0000,1.0139,-0.2627,2.1137,0.0000,enc,0.0000
1786025463.043661,0.0220,0.0,0.0,0.0000,0.0000,1.0139,-0.2627,2.1137,0.0000,enc,0.0000
1786025463.273746,0.2301,0.0,0.0,0.0000,0.0000,1.0139,-0.2627,2.1137,0.0000,enc,0.0000
1786025463.273788,0.0000,0.0,0.0,0.0000,0.0000,1.0139,-0.2627,2.1137,0.0000,enc,0.0000
1786025463.349835,0.0760,0.0,0.0,0.0000,0.0000,1.0139,-0.2627,2.1137,0.0000,enc,0.0000
1786025463.522788,0.1730,0.0,0.0,0.0000,0.0000,1.0139,-0.2627,2.1137,0.0000,enc,0.0000
1786025463.553897,0.0311,0.0,0.0,0.0000,0.0000,1.0139,-0.2627,2.1137,0.0000,enc,0.0000
1786025463.773417,0.2195,0.0,0.0,0.0000,0.0000,1.0139,-0.2627,2.1137,0.0000,enc,0.0000
1786025463.773475,0.0001,0.0,0.0,0.0000,0.0000,1.0139,-0.2627,2.1137,0.0000,enc,0.0000
1786025463.863298,0.0898,0.0,0.0,0.0000,0.0000,1.0139,-0.2627,2.1137,0.0000,enc,0.0000
1786025464.026340,0.1630,0.0,0.0,0.0000,0.0000,1.0139,-0.2627,2.1137,0.0000,enc,0.0000
1786025464.066574,0.0402,0.0,0.0,0.0000,0.0000,1.0139,-0.2627,2.1137,0.0000,enc,0.0000
1786025464.278135,0.2116,0.0,0.0,0.0000,0.0000,1.0139,-0.2627,2.1137,0.0000,enc,0.0000
1786025464.279446,0.0013,0.0,0.0,0.0000,0.0000,1.0139,-0.2627,2.1137,0.0000,enc,0.0000
1786025464.374939,0.0955,0.0,0.0,0.0000,0.0000,1.0139,-0.2627,2.1137,0.0000,enc,0.0000
1786025464.532779,0.1578,0.0,0.0,0.0000,0.0000,1.0139,-0.2627,2.1137,0.0000,enc,0.0000
1786025464.579000,0.0462,0.0,0.0,0.0000,0.0000,1.0139,-0.2627,2.1137,0.0000,enc,0.0000
1786025464.789346,0.2103,0.0,0.0,0.0000,0.0000,1.0139,-0.2627,2.1137,0.0000,enc,0.0000
1786025464.789481,0.0001,0.0,0.0,0.0000,0.0000,1.0139,-0.2627,2.1137,0.0000,enc,0.0000
1786025464.884979,0.0955,0.0,0.0,0.0000,0.0000,1.0139,-0.2627,2.1137,0.0000,enc,0.0000
1786025465.042930,0.1580,0.0,0.0,0.0000,0.0000,1.0139,-0.2627,2.1137,0.0000,enc,0.0000
1786025465.086168,0.0432,0.0,0.0,0.0000,0.0000,1.0139,-0.2627,2.1137,0.0000,enc,0.0000
1786025465.190926,0.1048,0.0,0.0,0.0000,0.0000,1.0139,-0.2627,2.1137,0.0000,enc,0.0000
1786025465.291105,0.1002,0.0,0.0,0.0000,0.0000,1.0139,-0.2627,2.1137,0.0000,enc,0.0000
1786025465.393436,0.1023,0.0,0.0,0.0000,0.0000,1.0139,-0.2627,2.1137,0.0000,enc,0.0000
1786025465.498944,0.1055,0.0,0.0,0.0000,0.0000,1.0139,-0.2627,2.1137,0.0000,enc,0.0000
1786025465.600970,0.1020,0.0,0.0,0.0000,0.0000,1.0139,-0.2627,2.1137,0.0000,enc,0.0000
1786025465.699887,0.0989,0.0,0.0,0.0000,0.0000,1.0139,-0.2627,2.1137,0.0000,enc,0.0000
1786025465.806913,0.1070,0.0,0.0,0.0000,0.0000,1.0139,-0.2627,2.1137,0.0000,enc,0.0000
1786025465.906958,0.1000,0.0,0.0,0.0000,0.0000,1.0139,-0.2627,2.1137,0.0000,enc,0.0000
1786025466.008241,0.1013,0.0,0.0,0.0000,0.0000,1.0139,-0.2627,2.1137,0.0000,enc,0.0000
1786025466.111243,0.1030,0.0,0.0,0.0000,0.0000,1.0139,-0.2627,2.1137,0.0000,enc,0.0000
1786025466.214022,0.1028,0.0,0.0,0.0000,0.0000,1.0139,-0.2627,2.1137,0.0000,enc,0.0000
1786025466.316180,0.1022,0.0,0.0,0.0000,0.0000,1.0139,-0.2627,2.1137,0.0000,enc,0.0000
1786025466.418264,0.1021,0.0,0.0,0.0000,0.0000,1.0139,-0.2627,2.1137,0.0000,enc,0.0000
1786025466.519179,0.1009,0.0,0.0,0.0000,0.0000,1.0139,-0.2627,2.1137,0.0000,enc,0.0000
1786025466.621818,0.1026,0.0,0.0,0.0000,0.0000,1.0139,-0.2627,2.1137,0.0000,enc,0.0000
1786025466.721878,0.1001,0.0,0.0,0.0000,0.0000,1.0139,-0.2627,2.1137,0.0000,enc,0.0000
1786025466.825985,0.1041,0.0,0.0,0.0000,0.0000,1.0139,-0.2627,2.1137,0.0000,enc,0.0000
1786025466.927936,0.1020,0.0,0.0,0.0000,0.0000,1.0139,-0.2627,2.1137,0.0000,enc,0.0000
1786025467.026929,0.0990,0.0,0.0,0.0000,0.0000,1.0139,-0.2627,2.1137,0.0000,enc,0.0000
1786025467.132422,0.1055,0.0,0.0,0.0000,0.0000,1.0139,-0.2627,2.1137,0.0000,enc,0.0000
1786025467.231083,0.0987,0.0,0.0,0.0000,0.0000,1.0139,-0.2627,2.1137,0.0000,enc,0.0000
1786025467.334057,0.1030,0.0,0.0,0.0000,0.0000,1.0139,-0.2627,2.1137,0.0000,enc,0.0000
1786025467.438953,0.1049,0.0,0.0,0.0000,0.0000,1.0139,-0.2627,2.1137,0.0000,enc,0.0000
1786025467.537573,0.0986,0.0,0.0,0.0000,0.0000,1.0139,-0.2627,2.1137,0.0000,enc,0.0000
1786025467.639521,0.1019,0.0,0.0,0.0000,0.0000,1.0139,-0.2627,2.1137,0.0000,enc,0.0000
1786025467.745391,0.1059,0.0,0.0,0.0000,0.0000,1.0139,-0.2627,2.1137,0.0000,enc,0.0000
1786025467.848967,0.1036,0.0,0.0,0.0000,0.0000,1.0139,-0.2627,2.1137,0.0000,enc,0.0000
1786025467.949963,0.1010,0.0,0.0,0.0000,0.0000,1.0139,-0.2627,2.1137,0.0000,enc,0.0000
1786025468.073108,0.1231,0.0,0.0,0.0000,0.0000,1.0139,-0.2627,2.1137,0.0000,enc,0.0000
1786025468.159974,0.0869,0.0,0.0,0.0000,0.0000,1.0139,-0.2627,2.1137,0.0000,enc,0.0000
1786025468.268251,0.1083,0.0,0.0,0.0000,0.0000,1.0139,-0.2627,2.1137,0.0000,enc,0.0000
1786025468.374098,0.1058,0.0,0.0,0.0000,0.0000,1.0139,-0.2627,2.1137,0.0000,enc,0.0000
1786025468.467659,0.0936,0.0,0.0,0.0000,0.0000,1.0139,-0.2627,2.1137,0.0000,enc,0.0000
1786025468.562319,0.0947,0.0,0.0,0.0000,0.0000,1.0139,-0.2627,2.1137,0.0000,enc,0.0000
1786025468.666024,0.1037,0.0,0.0,0.0000,0.0000,1.0139,-0.2627,2.1137,0.0000,enc,0.0000
1786025468.766563,0.1005,0.0,0.0,0.0000,0.0000,1.0139,-0.2627,2.1137,0.0000,enc,0.0000
1786025468.866280,0.0997,0.0,0.0,0.0000,0.0000,1.0139,-0.2627,2.1137,0.0000,enc,0.0000
1786025468.974991,0.1087,0.0,0.0,0.0000,0.0000,1.0139,-0.2627,2.1137,0.0000,enc,0.0000
1786025469.073424,0.0984,0.0,0.0,0.0000,0.0000,1.0139,-0.2627,2.1137,0.0000,enc,0.0000
1786025469.175431,0.1020,0.0,0.0,0.0000,0.0000,1.0139,-0.2627,2.1137,0.0000,enc,0.0000
1786025469.277020,0.1016,0.0,0.0,0.0000,0.0000,1.0139,-0.2627,2.1137,0.0000,enc,0.0000
1786025469.379362,0.1023,0.0,0.0,0.0000,0.0000,1.0139,-0.2627,2.1137,0.0000,enc,0.0000
1786025469.482059,0.1027,0.0,0.0,0.0000,0.0000,1.0139,-0.2627,2.1137,0.0000,enc,0.0000
1786025469.580988,0.0989,0.0,0.0,0.0000,0.0000,1.0139,-0.2627,2.1137,0.0000,enc,0.0000
1786025469.686166,0.1052,0.0,0.0,0.0000,0.0000,1.0139,-0.2627,2.1137,0.0000,enc,0.0000
1786025469.785158,0.0990,0.0,0.0,0.0000,0.0000,1.0139,-0.2627,2.1137,0.0000,enc,0.0000
1786025469.887241,0.1021,0.0,0.0,0.0000,0.0000,1.0139,-0.2627,2.1137,0.0000,enc,0.0000
1786025469.995013,0.1078,0.0,0.0,0.0000,0.0000,1.0139,-0.2627,2.1137,0.0000,enc,0.0000
1786025470.092605,0.0976,0.0,0.0,0.0000,0.0000,1.0139,-0.2627,2.1137,0.0000,enc,0.0000
1786025470.196525,0.1039,0.0,0.0,0.0000,0.0000,1.0139,-0.2627,2.1137,0.0000,enc,0.0000
1786025470.299658,0.1031,0.0,0.0,0.0000,0.0000,1.0139,-0.2627,2.1137,0.0000,enc,0.0000
1786025470.400641,0.1010,0.0,0.0,0.0000,0.0000,1.0139,-0.2627,2.1137,0.0000,enc,0.0000
1786025470.502636,0.1020,0.0,0.0,0.0000,0.0000,1.0139,-0.2627,2.1137,0.0000,enc,0.0000
1786025470.606734,0.1041,0.0,0.0,0.0000,0.0000,1.0139,-0.2627,2.1137,0.0000,enc,0.0000
1786025470.708303,0.1016,0.0,0.0,0.0000,0.0000,1.0139,-0.2627,2.1137,0.0000,enc,0.0000
1786025470.808882,0.1006,0.0,0.0,0.0000,0.0000,1.0139,-0.2627,2.1137,0.0000,enc,0.0000
1786025470.913023,0.1041,0.0,0.0,0.0000,0.0000,1.0139,-0.2627,2.1137,0.0000,enc,0.0000
1786025471.015145,0.1021,0.0,0.0,0.0000,0.0000,1.0139,-0.2627,2.1137,0.0000,enc,0.0000
1786025471.116451,0.1013,0.0,0.0,0.0000,0.0000,1.0139,-0.2627,2.1137,0.0000,enc,0.0000
1786025471.220125,0.1037,0.0,0.0,0.0000,0.0000,1.0139,-0.2627,2.1137,0.0000,enc,0.0000
1786025471.321990,0.1019,0.0,0.0,0.0000,0.0000,1.0139,-0.2627,2.1137,0.0000,enc,0.0000
1786025471.424600,0.1026,0.0,0.0,0.0000,0.0000,1.0139,-0.2627,2.1137,0.0000,enc,0.0000
1786025471.528129,0.1035,0.0,0.0,0.0000,0.0000,1.0139,-0.2627,2.1137,0.0000,enc,0.0000
1786025471.630996,0.1029,0.0,0.0,0.0000,0.0000,1.0139,-0.2627,2.1137,0.0000,enc,0.0000
1786025471.730554,0.0996,0.0,0.0,0.0000,0.0000,1.0139,-0.2627,2.1137,0.0000,enc,0.0000
1786025471.828894,0.0983,0.0,0.0,0.0000,0.0000,1.0139,-0.2627,2.1137,0.0000,enc,0.0000
1786025471.936691,0.1078,0.0,0.0,0.0000,0.0000,1.0139,-0.2627,2.1137,0.0000,enc,0.0000
1786025472.033925,0.0972,0.0,0.0,0.0000,0.0000,1.0139,-0.2627,2.1137,0.0000,enc,0.0000
1786025472.134933,0.1010,0.0,0.0,0.0000,0.0000,1.0139,-0.2627,2.1137,0.0000,enc,0.0000
1786025472.242322,0.1074,0.0,0.0,0.0000,0.0000,1.0139,-0.2627,2.1137,0.0000,enc,0.0000
1786025472.339753,0.0974,0.0,0.0,0.0000,0.0000,1.0139,-0.2627,2.1137,0.0000,enc,0.0000
1786025472.441770,0.1020,0.0,0.0,0.0000,0.0000,1.0139,-0.2627,2.1137,0.0000,enc,0.0000
1786025472.547573,0.1058,0.0,0.0,0.0000,0.0000,1.0139,-0.2627,2.1137,0.0000,enc,0.0000
1786025472.645530,0.0980,0.0,0.0,0.0000,0.0000,1.0139,-0.2627,2.1137,0.0000,enc,0.0000
1786025472.749782,0.1043,0.0,0.0,0.0000,0.0000,1.0139,-0.2627,2.1137,0.0000,enc,0.0000
1786025472.854378,0.1046,0.0,0.0,0.0000,0.0000,1.0139,-0.2627,2.1137,0.0000,enc,0.0000
1786025472.953254,0.0989,0.0,0.0,0.0000,0.0000,1.0139,-0.2627,2.1137,0.0000,enc,0.0000
1786025473.056003,0.1027,0.0,0.0,0.0000,0.0000,1.0139,-0.2627,2.1137,0.0000,enc,0.0000
1786025473.161950,0.1059,0.0,0.0,0.0000,0.0000,1.0139,-0.2627,2.1137,0.0000,enc,0.0000
1786025473.261941,0.1000,0.0,0.0,0.0000,0.0000,1.0139,-0.2627,2.1137,0.0000,enc,0.0000
1786025473.366927,0.1050,0.0,0.0,0.0000,0.0000,1.0139,-0.2627,2.1137,0.0000,enc,0.0000
1786025473.484710,0.1178,0.0,0.0,0.0000,0.0000,1.0139,-0.2627,2.1137,0.0000,enc,0.0000
1786025473.598510,0.1138,0.0,0.0,0.0000,0.0000,1.0139,-0.2627,2.1137,0.0000,enc,0.0000
1786025473.688200,0.0897,0.0,0.0,0.0000,0.0000,1.0139,-0.2627,2.1137,0.0000,enc,0.0000
1786025473.782406,0.0942,0.0,0.0,0.0000,0.0000,1.0139,-0.2627,2.1137,0.0000,enc,0.0000
1786025473.886615,0.1042,0.0,0.0,0.0000,0.0000,1.0139,-0.2627,2.1137,0.0000,enc,0.0000
1786025474.016960,0.1303,0.0,0.0,0.0000,0.0000,1.0139,-0.2627,2.1137,0.0000,enc,0.0000
1786025474.099705,0.0827,0.0,0.0,0.0000,0.0000,1.0139,-0.2627,2.1137,0.0000,enc,0.0000
1786025474.214083,0.1144,0.0,0.0,0.0000,0.0000,1.0139,-0.2627,2.1137,0.0000,enc,0.0000
1786025474.282769,0.0687,0.0,0.0,0.0000,0.0000,1.0139,-0.2627,2.1137,0.0000,enc,0.0000
1786025474.387664,0.1049,0.0,0.0,0.0000,0.0000,1.0139,-0.2627,2.1137,0.0000,enc,0.0000
1786025474.490080,0.1024,0.0,0.0,0.0000,0.0000,1.0139,-0.2627,2.1137,0.0000,enc,0.0000
1786025474.591861,0.1018,0.0,0.0,0.0000,0.0000,1.0139,-0.2627,2.1137,0.0000,enc,0.0000
1786025474.691260,0.0994,0.0,0.0,0.0000,0.0000,1.0139,-0.2627,2.1137,0.0000,enc,0.0000
1786025474.795897,0.1046,0.0,0.0,0.0000,0.0000,1.0139,-0.2627,2.1137,0.0000,enc,0.0000
1786025474.896859,0.1010,0.0,0.0,0.0000,0.0000,1.0139,-0.2627,2.1137,0.0000,enc,0.0000
1786025474.999205,0.1023,0.0,0.0,0.0000,0.0000,1.0139,-0.2627,2.1137,0.0000,enc,0.0000
1786025475.103019,0.1038,0.0,0.0,0.0000,0.0000,1.0139,-0.2627,2.1137,0.0000,enc,0.0000
1786025475.267407,0.1644,0.0,0.0,0.0000,0.0000,1.0139,-0.2627,2.1137,0.0000,enc,0.0000
1786025475.304812,0.0374,0.0,0.0,0.0000,0.0000,1.0139,-0.2627,2.1137,0.0000,enc,0.0000
1786025475.521889,0.2171,0.0,0.0,0.0000,0.0000,1.0139,-0.2627,2.1137,0.0000,enc,0.0000
1786025475.521938,0.0000,0.0,0.0,0.0000,0.0000,1.0139,-0.2627,2.1137,0.0000,enc,0.0000
1786025475.612506,0.0906,0.0,0.0,0.0000,0.0000,1.0139,-0.2627,2.1137,0.0000,enc,0.0000
1786025475.760906,0.1484,0.0,0.0,0.0000,0.0000,1.0139,-0.2627,2.1137,0.0000,enc,0.0000
1786025475.814240,0.0533,0.0,0.0,0.0000,0.0000,1.0139,-0.2627,2.1137,0.0000,enc,0.0000
1786025476.002787,0.1885,0.0,0.0,0.0000,0.0000,1.0139,-0.2627,2.1137,0.0000,enc,0.0000
1786025476.019006,0.0162,0.0,0.0,0.0000,0.0000,1.0139,-0.2627,2.1137,0.0000,enc,0.0000
1786025476.247873,0.2289,0.0,0.0,0.0000,0.0000,1.0139,-0.2627,2.1137,0.0000,enc,0.0000
1786025476.247926,0.0001,0.0,0.0,0.0000,0.0000,1.0139,-0.2627,2.1137,0.0000,enc,0.0000
1786025476.330001,0.0821,0.0,0.0,0.0000,0.0000,1.0139,-0.2627,2.1137,0.0000,enc,0.0000
1786025476.504785,0.1748,0.0,0.0,0.0000,0.0000,1.0139,-0.2627,2.1137,0.0000,enc,0.0000
1786025476.531486,0.0267,0.0,0.0,0.0000,0.0000,1.0139,-0.2627,2.1137,0.0000,enc,0.0000
1786025476.754674,0.2232,0.0,0.0,0.0000,0.0000,1.0139,-0.2627,2.1137,0.0000,enc,0.0000
1786025476.754718,0.0000,0.0,0.0,0.0000,0.0000,1.0139,-0.2627,2.1137,0.0000,enc,0.0000
1786025476.838538,0.0838,0.0,0.0,0.0000,0.0000,1.0139,-0.2627,2.1137,0.0000,enc,0.0000
1786025477.005733,0.1672,0.0,0.0,0.0000,0.0000,1.0139,-0.2627,2.1137,0.0000,enc,0.0000
1786025477.043195,0.0375,0.0,0.0,0.0000,0.0000,1.0139,-0.2627,2.1137,0.0000,enc,0.0000
1786025477.254137,0.2109,0.0,0.0,0.0000,0.0000,1.0139,-0.2627,2.1137,0.0000,enc,0.0000
1786025477.254192,0.0001,0.0,0.0,0.0000,0.0000,1.0139,-0.2627,2.1137,0.0000,enc,0.0000
1786025477.349490,0.0953,0.0,0.0,0.0000,0.0000,1.0139,-0.2627,2.1137,0.0000,enc,0.0000
1786025477.504921,0.1554,0.0,0.0,0.0000,0.0000,1.0139,-0.2627,2.1137,0.0000,enc,0.0000
1786025477.550463,0.0455,0.0,0.0,0.0000,0.0000,1.0139,-0.2627,2.1137,0.0000,enc,0.0000
1786025477.754362,0.2039,0.0,0.0,0.0000,0.0000,1.0139,-0.2627,2.1137,0.0000,enc,0.0000
1786025477.759309,0.0049,0.0,0.0,0.0000,0.0000,1.0139,-0.2627,2.1137,0.0000,enc,0.0000
1786025478.004931,0.2456,0.0,0.0,0.0000,0.0000,1.0139,-0.2627,2.1137,0.0000,enc,0.0000
1786025478.004977,0.0000,0.0,0.0,0.0000,0.0000,1.0139,-0.2627,2.1137,0.0000,enc,0.0000
1786025478.061943,0.0570,0.0,0.0,0.0000,0.0000,1.0139,-0.2627,2.1137,0.0000,enc,0.0000
1786025478.256330,0.1944,0.0,0.0,0.0000,0.0000,1.0139,-0.2627,2.1137,0.0000,enc,0.0000
1786025478.266693,0.0104,0.0,0.0,0.0000,0.0000,1.0139,-0.2627,2.1137,0.0000,enc,0.0000
1786025478.507720,0.2410,0.0,0.0,0.0000,0.0000,1.0139,-0.2627,2.1137,0.0000,enc,0.0000
1786025478.509190,0.0015,0.0,0.0,0.0000,0.0000,1.0139,-0.2627,2.1137,0.0000,enc,0.0000
1786025478.575832,0.0666,0.0,0.0,0.0000,0.0000,1.0139,-0.2627,2.1137,0.0000,enc,0.0000
1786025478.758046,0.1822,0.0,0.0,0.0000,0.0000,1.0139,-0.2627,2.1137,0.0000,enc,0.0000
1786025478.778822,0.0208,0.0,0.0,0.0000,0.0000,1.0139,-0.2627,2.1137,0.0000,enc,0.0000
1786025479.009158,0.2303,0.0,0.0,0.0000,0.0000,1.0139,-0.2627,2.1137,0.0000,enc,0.0000
1786025479.009197,0.0000,0.0,0.0,0.0000,0.0000,1.0139,-0.2627,2.1137,0.0000,enc,0.0000
1786025479.088142,0.0789,0.0,0.0,0.0000,0.0000,1.0139,-0.2627,2.1137,0.0000,enc,0.0000
1786025479.259724,0.1716,0.0,0.0,0.0000,0.0000,1.0139,-0.2627,2.1137,0.0000,enc,0.0000
1786025479.289801,0.0301,0.0,0.0,0.0000,0.0000,1.0139,-0.2627,2.1137,0.0000,enc,0.0000
1786025479.514020,0.2242,0.0,0.0,0.0000,0.0000,1.0139,-0.2627,2.1137,0.0000,enc,0.0000
1786025479.514066,0.0000,0.0,0.0,0.0000,0.0000,1.0139,-0.2627,2.1137,0.0000,enc,0.0000
1786025479.595927,0.0819,0.0,0.0,0.0000,0.0000,1.0139,-0.2627,2.1137,0.0000,enc,0.0000
1786025479.769332,0.1734,0.0,0.0,0.0000,0.0000,1.0139,-0.2627,2.1137,0.0000,enc,0.0000
1786025479.799706,0.0304,0.0,0.0,0.0000,0.0000,1.0139,-0.2627,2.1137,0.0000,enc,0.0000
1786025480.022617,0.2229,0.0,0.0,0.0000,0.0000,1.0139,-0.2627,2.1137,0.0000,enc,0.0000
1786025480.022655,0.0000,0.0,0.0,0.0000,0.0000,1.0139,-0.2627,2.1137,0.0000,enc,0.0000
1786025480.106837,0.0842,0.0,0.0,0.0000,0.0000,1.0139,-0.2627,2.1137,0.0000,enc,0.0000
1786025480.213400,0.1066,0.0,0.0,0.0000,0.0000,1.0139,-0.2627,2.1137,0.0000,enc,0.0000
1786025480.312539,0.0991,0.0,0.0,0.0000,0.0000,1.0139,-0.2627,2.1137,0.0000,enc,0.0000
1786025480.414019,0.1015,0.0,0.0,0.0000,0.0000,1.0139,-0.2627,2.1137,0.0000,enc,0.0000
1786025480.520933,0.1069,0.0,0.0,0.0000,0.0000,1.0139,-0.2627,2.1137,0.0000,enc,0.0000
1786025480.618372,0.0974,0.0,0.0,0.0000,0.0000,1.0139,-0.2627,2.1137,0.0000,enc,0.0000
1786025480.722146,0.1038,0.0,0.0,0.0000,0.0000,1.0139,-0.2627,2.1137,0.0000,enc,0.0000
1786025480.827677,0.1055,0.0,0.0,0.0000,0.0000,1.0139,-0.2627,2.1137,0.0000,enc,0.0000
1786025480.930249,0.1026,0.0,0.0,0.0000,0.0000,1.0139,-0.2627,2.1137,0.0000,enc,0.0000
1786025481.028282,0.0980,0.0,0.0,0.0000,0.0000,1.0139,-0.2627,2.1137,0.0000,enc,0.0000
1786025481.132430,0.1041,0.0,0.0,0.0000,0.0000,1.0139,-0.2627,2.1137,0.0000,enc,0.0000
1786025481.235256,0.1028,0.0,0.0,0.0000,0.0000,1.0139,-0.2627,2.1137,0.0000,enc,0.0000
1786025481.336922,0.1017,0.0,0.0,0.0000,0.0000,1.0139,-0.2627,2.1137,0.0000,enc,0.0000
1786025481.439588,0.1027,0.0,0.0,0.0000,0.0000,1.0139,-0.2627,2.1137,0.0000,enc,0.0000
1786025481.541460,0.1019,0.0,0.0,0.0000,0.0000,1.0139,-0.2627,2.1137,0.0000,enc,0.0000
1786025481.643951,0.1025,0.0,0.0,0.0000,0.0000,1.0139,-0.2627,2.1137,0.0000,enc,0.0000
1786025481.745782,0.1018,0.0,0.0,0.0000,0.0000,1.0139,-0.2627,2.1137,0.0000,enc,0.0000
1786025481.848703,0.1029,0.0,0.0,0.0000,0.0000,1.0139,-0.2627,2.1137,0.0000,enc,0.0000
1786025481.949697,0.1010,0.0,0.0,0.0000,0.0000,1.0139,-0.2627,2.1137,0.0000,enc,0.0000
1786025482.050966,0.1013,0.0,0.0,0.0000,0.0000,1.0139,-0.2627,2.1137,0.0000,enc,0.0000
1786025482.154119,0.1032,0.0,0.0,0.0000,0.0000,1.0139,-0.2627,2.1137,0.0000,enc,0.0000
1786025482.256432,0.1023,0.0,0.0,0.0000,0.0000,1.0139,-0.2627,2.1137,0.0000,enc,0.0000
1786025482.355968,0.0995,0.0,0.0,0.0000,0.0000,1.0139,-0.2627,2.1137,0.0000,enc,0.0000
1786025482.461020,0.1051,0.0,0.0,0.0000,0.0000,1.0139,-0.2627,2.1137,0.0000,enc,0.0000
1786025482.559639,0.0986,0.0,0.0,0.0000,0.0000,1.0139,-0.2627,2.1137,0.0000,enc,0.0000
1786025482.662009,0.1024,0.0,0.0,0.0000,0.0000,1.0139,-0.2627,2.1137,0.0000,enc,0.0000
1786025482.766925,0.1049,0.0,0.0,0.0000,0.0000,1.0139,-0.2627,2.1137,0.0000,enc,0.0000
1786025482.866281,0.0994,0.0,0.0,0.0000,0.0000,1.0139,-0.2627,2.1137,0.0000,enc,0.0000
1786025482.970214,0.1039,0.0,0.0,0.0000,0.0000,1.0139,-0.2627,2.1137,0.0000,enc,0.0000
1786025483.074905,0.1047,0.0,0.0,0.0000,0.0000,1.0139,-0.2627,2.1137,0.0000,enc,0.0000
1786025483.175747,0.1008,0.0,0.0,0.0000,0.0000,1.0139,-0.2627,2.1137,0.0000,enc,0.0000
1786025483.276512,0.1008,0.0,0.0,0.0000,0.0000,1.0139,-0.2627,2.1137,0.0000,enc,0.0000
1786025483.380491,0.1040,0.0,0.0,0.0000,0.0000,1.0139,-0.2627,2.1137,0.0000,enc,0.0000
1786025483.483963,0.1035,0.0,0.0,0.0000,0.0000,1.0139,-0.2627,2.1137,0.0000,enc,0.0000
1786025483.582733,0.0988,0.0,0.0,0.0000,0.0000,1.0139,-0.2627,2.1137,0.0000,enc,0.0000
1786025483.687502,0.1048,0.0,0.0,0.0000,0.0000,1.0139,-0.2627,2.1137,0.0000,enc,0.0000
1786025483.791847,0.1043,0.0,0.0,0.0000,0.0000,1.0139,-0.2627,2.1137,0.0000,enc,0.0000
1786025483.891762,0.0999,0.0,0.0,0.0000,0.0000,1.0139,-0.2627,2.1137,0.0000,enc,0.0000
1786025483.993929,0.1022,0.0,0.0,0.0000,0.0000,1.0139,-0.2627,2.1137,0.0000,enc,0.0000
1786025484.095896,0.1020,0.0,0.0,0.0000,0.0000,1.0139,-0.2627,2.1137,0.0000,enc,0.0000
1786025484.199634,0.1037,0.0,0.0,0.0000,0.0000,1.0139,-0.2627,2.1137,0.0000,enc,0.0000
1786025484.300670,0.1010,0.0,0.0,0.0000,0.0000,1.0139,-0.2627,2.1137,0.0000,enc,0.0000
1786025484.403523,0.1029,0.0,0.0,0.0000,0.0000,1.0139,-0.2627,2.1137,0.0000,enc,0.0000
1786025484.504426,0.1009,0.0,0.0,0.0000,0.0000,1.0139,-0.2627,2.1137,0.0000,enc,0.0000
1786025484.605546,0.1011,0.0,0.0,0.0000,0.0000,1.0139,-0.2627,2.1137,0.0000,enc,0.0000
1786025484.709830,0.1043,0.0,0.0,0.0000,0.0000,1.0139,-0.2627,2.1137,0.0000,enc,0.0000
1786025484.812326,0.1025,0.0,0.0,0.0000,0.0000,1.0139,-0.2627,2.1137,0.0000,enc,0.0000
1786025484.911119,0.0988,0.0,0.0,0.0000,0.0000,1.0139,-0.2627,2.1137,0.0000,enc,0.0000
1786025485.018033,0.1069,0.0,0.0,0.0000,0.0000,1.0139,-0.2627,2.1137,0.0000,enc,0.0000
1786025485.114866,0.0968,0.0,0.0,0.0000,0.0000,1.0139,-0.2627,2.1137,0.0000,enc,0.0000
1786025485.217105,0.1022,0.0,0.0,0.0000,0.0000,1.0139,-0.2627,2.1137,0.0000,enc,0.0000
1786025485.322456,0.1054,0.0,0.0,0.0000,0.0000,1.0139,-0.2627,2.1137,0.0000,enc,0.0000
1786025485.421386,0.0989,0.0,0.0,0.0000,0.0000,1.0139,-0.2627,2.1137,0.0000,enc,0.0000
1786025485.525105,0.1037,0.0,0.0,0.0000,0.0000,1.0139,-0.2627,2.1137,0.0000,enc,0.0000
1786025485.628927,0.1038,0.0,0.0,0.0000,0.0000,1.0139,-0.2627,2.1137,0.0000,enc,0.0000
1786025485.728561,0.0996,0.0,0.0,0.0000,0.0000,1.0139,-0.2627,2.1137,0.0000,enc,0.0000
1786025485.830035,0.1015,0.0,0.0,0.0000,0.0000,1.0139,-0.2627,2.1137,0.0000,enc,0.0000
1786025485.935638,0.1056,0.0,0.0,0.0000,0.0000,1.0139,-0.2627,2.1137,0.0000,enc,0.0000
1786025486.034259,0.0986,0.0,0.0,0.0000,0.0000,1.0139,-0.2627,2.1137,0.0000,enc,0.0000
1786025486.136555,0.1023,0.0,0.0,0.0000,0.0000,1.0139,-0.2627,2.1137,0.0000,enc,0.0000
1786025486.238907,0.1024,0.0,0.0,0.0000,0.0000,1.0139,-0.2627,2.1137,0.0000,enc,0.0000
1786025486.344989,0.1061,0.0,0.0,0.0000,0.0000,1.0139,-0.2627,2.1137,0.0000,enc,0.0000
1786025486.442256,0.0973,0.0,0.0,0.0000,0.0000,1.0139,-0.2627,2.1137,0.0000,enc,0.0000
1786025486.548297,0.1060,0.0,0.0,0.0000,0.0000,1.0139,-0.2627,2.1137,0.0000,enc,0.0000
1786025486.649941,0.1016,0.0,0.0,0.0000,0.0000,1.0139,-0.2627,2.1137,0.0000,enc,0.0000
1786025486.752454,0.1025,0.0,0.0,0.0000,0.0000,1.0139,-0.2627,2.1137,0.0000,enc,0.0000
1786025486.855147,0.1027,0.0,0.0,0.0000,0.0000,1.0139,-0.2627,2.1137,0.0000,enc,0.0000
1786025486.958857,0.1037,0.0,0.0,0.0000,0.0000,1.0139,-0.2627,2.1137,0.0000,enc,0.0000
1786025487.059679,0.1008,0.0,0.0,0.0000,0.0000,1.0139,-0.2627,2.1137,0.0000,enc,0.0000
1786025487.160888,0.1012,0.0,0.0,0.0000,0.0000,1.0139,-0.2627,2.1137,0.0000,enc,0.0000
1786025487.264080,0.1032,0.0,0.0,0.0000,0.0000,1.0139,-0.2627,2.1137,0.0000,enc,0.0000
1786025487.366328,0.1022,0.0,0.0,0.0000,0.0000,1.0139,-0.2627,2.1137,0.0000,enc,0.0000
1786025487.465890,0.0996,0.0,0.0,0.0000,0.0000,1.0139,-0.2627,2.1137,0.0000,enc,0.0000
1786025487.571144,0.1053,0.0,0.0,0.0000,0.0000,1.0139,-0.2627,2.1137,0.0000,enc,0.0000
1786025487.670167,0.0990,0.0,0.0,0.0000,0.0000,1.0139,-0.2627,2.1137,0.0000,enc,0.0000
1786025487.772914,0.1027,0.0,0.0,0.0000,0.0000,1.0139,-0.2627,2.1137,0.0000,enc,0.0000
1786025487.877378,0.1045,0.0,0.0,0.0000,0.0000,1.0139,-0.2627,2.1137,0.0000,enc,0.0000
1786025487.977090,0.0997,0.0,0.0,0.0000,0.0000,1.0139,-0.2627,2.1137,0.0000,enc,0.0000
1786025488.078800,0.1017,0.0,0.0,0.0000,0.0000,1.0139,-0.2627,2.1137,0.0000,enc,0.0000
1786025488.184338,0.1055,0.0,0.0,0.0000,0.0000,1.0139,-0.2627,2.1137,0.0000,enc,0.0000
1786025488.282505,0.0982,0.0,0.0,0.0000,0.0000,1.0139,-0.2627,2.1137,0.0000,enc,0.0000
1786025488.385517,0.1030,0.0,0.0,0.0000,0.0000,1.0139,-0.2627,2.1137,0.0000,enc,0.0000
1786025488.490214,0.1047,0.0,0.0,0.0000,0.0000,1.0139,-0.2627,2.1137,0.0000,enc,0.0000
1786025488.591320,0.1011,0.0,0.0,0.0000,0.0000,1.0139,-0.2627,2.1137,0.0000,enc,0.0000
1786025488.692827,0.1015,0.0,0.0,0.0000,0.0000,1.0139,-0.2627,2.1137,0.0000,enc,0.0000
1786025488.795098,0.1023,0.0,0.0,0.0000,0.0000,1.0139,-0.2627,2.1137,0.0000,enc,0.0000
1786025488.898589,0.1035,0.0,0.0,0.0000,0.0000,1.0139,-0.2627,2.1137,0.0000,enc,0.0000
1786025489.000913,0.1023,0.0,0.0,0.0000,0.0000,1.0139,-0.2627,2.1137,0.0000,enc,0.0000
1786025489.103283,0.1024,0.0,0.0,0.0000,0.0000,1.0139,-0.2627,2.1137,0.0000,enc,0.0000
1786025489.208565,0.1053,0.0,0.0,0.0000,0.0000,1.0139,-0.2627,2.1137,0.0000,enc,0.0000
1786025489.306050,0.0975,0.0,0.0,0.0000,0.0000,1.0139,-0.2627,2.1137,0.0000,enc,0.0000
1786025489.412482,0.1064,0.0,0.0,0.0000,0.0000,1.0139,-0.2627,2.1137,0.0000,enc,0.0000
1786025489.739666,0.3272,0.0,0.0,0.0000,0.0000,1.0139,-0.2627,2.1137,0.0000,enc,0.0000
1786025489.739706,0.0000,0.0,0.0,0.0000,0.0000,1.0139,-0.2627,2.1137,0.0000,enc,0.0000
1786025489.739718,0.0000,0.0,0.0,0.0000,0.0000,1.0139,-0.2627,2.1137,0.0000,enc,0.0000
1786025489.818163,0.0784,0.0,0.0,0.0000,0.0000,1.0139,-0.2627,2.1137,0.0000,enc,0.0000
1786025489.919979,0.1018,0.0,0.0,0.0000,0.0000,1.0139,-0.2627,2.1137,0.0000,enc,0.0000
1786025490.022328,0.1023,0.0,0.0,0.0000,0.0000,1.0139,-0.2627,2.1137,0.0000,enc,0.0000
1786025490.269978,0.2476,0.0,0.0,0.0000,0.0000,1.0139,-0.2627,2.1137,0.0000,enc,0.0000
1786025490.270040,0.0001,0.0,0.0,0.0000,0.0000,1.0139,-0.2627,2.1137,0.0000,enc,0.0000
1786025490.328724,0.0587,0.0,0.0,0.0000,0.0000,1.0139,-0.2627,2.1137,0.0000,enc,0.0000
1786025490.526184,0.1975,0.0,0.0,0.0000,0.0000,1.0139,-0.2627,2.1137,0.0000,enc,0.0000
1786025490.535756,0.0096,0.0,0.0,0.0000,0.0000,1.0139,-0.2627,2.1137,0.0000,enc,0.0000
1786025490.770165,0.2344,0.0,0.0,0.0000,0.0000,1.0139,-0.2627,2.1137,0.0000,enc,0.0000
1786025490.770226,0.0001,0.0,0.0,0.0000,0.0000,1.0139,-0.2627,2.1137,0.0000,enc,0.0000
1786025490.842020,0.0718,0.0,0.0,0.0000,0.0000,1.0139,-0.2627,2.1137,0.0000,enc,0.0000
1786025491.023891,0.1819,0.0,0.0,0.0000,0.0000,1.0139,-0.2627,2.1137,0.0000,enc,0.0000
1786025491.045734,0.0218,0.0,0.0,0.0000,0.0000,1.0139,-0.2627,2.1137,0.0000,enc,0.0000
1786025491.281946,0.2362,0.0,0.0,0.0000,0.0000,1.0139,-0.2627,2.1137,0.0000,enc,0.0000
1786025491.282012,0.0001,0.0,0.0,0.0000,0.0000,1.0139,-0.2627,2.1137,0.0000,enc,0.0000
1786025491.354825,0.0728,0.0,0.0,0.0000,0.0000,1.0139,-0.2627,2.1137,0.0000,enc,0.0000
1786025491.534383,0.1796,0.0,0.0,0.0000,0.0000,1.0139,-0.2627,2.1137,0.0000,enc,0.0000
1786025491.558634,0.0243,0.0,0.0,0.0000,0.0000,1.0139,-0.2627,2.1137,0.0000,enc,0.0000
1786025491.786918,0.2283,0.0,0.0,0.0000,0.0000,1.0139,-0.2627,2.1137,0.0000,enc,0.0000
1786025491.786967,0.0000,0.0,0.0,0.0000,0.0000,1.0139,-0.2627,2.1137,0.0000,enc,0.0000
1786025491.865061,0.0781,0.0,0.0,0.0000,0.0000,1.0139,-0.2627,2.1137,0.0000,enc,0.0000
1786025492.035228,0.1702,0.0,0.0,0.0000,0.0000,1.0139,-0.2627,2.1137,0.0000,enc,0.0000
1786025492.064313,0.0291,0.0,0.0,0.0000,0.0000,1.0139,-0.2627,2.1137,0.0000,enc,0.0000
1786025492.285299,0.2210,0.0,0.0,0.0000,0.0000,1.0139,-0.2627,2.1137,0.0000,enc,0.0000
1786025492.285349,0.0000,0.0,0.0,0.0000,0.0000,1.0139,-0.2627,2.1137,0.0000,enc,0.0000
1786025492.379412,0.0941,0.0,0.0,0.0000,0.0000,1.0139,-0.2627,2.1137,0.0000,enc,0.0000
1786025492.535691,0.1563,0.0,0.0,0.0000,0.0000,1.0139,-0.2627,2.1137,0.0000,enc,0.0000
1786025492.573853,0.0382,0.0,0.0,0.0000,0.0000,1.0139,-0.2627,2.1137,0.0000,enc,0.0000
1786025492.787620,0.2138,0.0,0.0,0.0000,0.0000,1.0139,-0.2627,2.1137,0.0000,enc,0.0000
1786025492.789215,0.0016,0.0,0.0,0.0000,0.0000,1.0139,-0.2627,2.1137,0.0000,enc,0.0000
1786025492.880869,0.0917,0.0,0.0,0.0000,0.0000,1.0139,-0.2627,2.1137,0.0000,enc,0.0000
1786025493.039948,0.1591,0.0,0.0,0.0000,0.0000,1.0139,-0.2627,2.1137,0.0000,enc,0.0000
1786025493.089554,0.0496,0.0,0.0,0.0000,0.0000,1.0139,-0.2627,2.1137,0.0000,enc,0.0000
1786025493.289228,0.1997,0.0,0.0,0.0000,0.0000,1.0139,-0.2627,2.1137,0.0000,enc,0.0000
1786025493.322197,0.0330,0.0,0.0,0.0000,0.0000,1.0139,-0.2627,2.1137,0.0000,enc,0.0000
1786025493.539816,0.2176,0.0,0.0,0.0000,0.0000,1.0139,-0.2627,2.1137,0.0000,enc,0.0000
1786025493.539860,0.0000,0.0,0.0,0.0000,0.0000,1.0139,-0.2627,2.1137,0.0000,enc,0.0000
1786025493.607049,0.0672,0.0,0.0,0.0000,0.0000,1.0139,-0.2627,2.1137,0.0000,enc,0.0000
1786025493.799461,0.1924,0.0,0.0,0.0000,0.0000,1.0139,-0.2627,2.1137,0.0000,enc,0.0000
1786025493.804318,0.0049,0.0,0.0,0.0000,0.0000,1.0139,-0.2627,2.1137,0.0000,enc,0.0000
1786025494.040881,0.2366,0.0,0.0,0.0000,0.0000,1.0139,-0.2627,2.1137,0.0000,enc,0.0000
1786025494.040926,0.0000,0.0,0.0,0.0000,0.0000,1.0139,-0.2627,2.1137,0.0000,enc,0.0000
1786025494.119971,0.0790,0.0,0.0,0.0000,0.0000,1.0139,-0.2627,2.1137,0.0000,enc,0.0000
1786025494.293163,0.1732,0.0,0.0,0.0000,0.0000,1.0139,-0.2627,2.1137,0.0000,enc,0.0000
1786025494.312917,0.0198,0.0,0.0,0.0000,0.0000,1.0139,-0.2627,2.1137,0.0000,enc,0.0000
1786025494.548561,0.2356,0.0,0.0,0.0000,0.0000,1.0139,-0.2627,2.1137,0.0000,enc,0.0000
1786025494.548598,0.0000,0.0,0.0,0.0000,0.0000,1.0139,-0.2627,2.1137,0.0000,enc,0.0000
1786025494.619523,0.0709,0.0,0.0,0.0000,0.0000,1.0139,-0.2627,2.1137,0.0000,enc,0.0000
1786025494.803753,0.1842,0.0,0.0,0.0000,0.0000,1.0139,-0.2627,2.1137,0.0000,enc,0.0000
1786025494.823809,0.0201,0.0,0.0,0.0000,0.0000,1.0139,-0.2627,2.1137,0.0000,enc,0.0000
1786025495.058032,0.2342,0.0,0.0,0.0000,0.0000,1.0139,-0.2627,2.1137,0.0000,enc,0.0000
1786025495.058099,0.0001,0.0,0.0,0.0000,0.0000,1.0139,-0.2627,2.1137,0.0000,enc,0.0000
1786025495.130787,0.0727,0.0,0.0,0.0000,0.0000,1.0139,-0.2627,2.1137,0.0000,enc,0.0000
1786025495.237939,0.1072,0.0,0.0,0.0000,0.0000,1.0139,-0.2627,2.1137,0.0000,enc,0.0000
1786025495.334976,0.0970,0.0,0.0,0.0000,0.0000,1.0139,-0.2627,2.1137,0.0000,enc,0.0000
1786025495.437483,0.1025,0.0,0.0,0.0000,0.0000,1.0139,-0.2627,2.1137,0.0000,enc,0.0000
1786025495.543759,0.1063,0.0,0.0,0.0000,0.0000,1.0139,-0.2627,2.1137,0.0000,enc,0.0000
1786025495.641557,0.0978,0.0,0.0,0.0000,0.0000,1.0139,-0.2627,2.1137,0.0000,enc,0.0000
1786025495.743355,0.1018,0.0,0.0,0.0000,0.0000,1.0139,-0.2627,2.1137,0.0000,enc,0.0000
1786025495.845759,0.1024,0.0,0.0,0.0000,0.0000,1.0139,-0.2627,2.1137,0.0000,enc,0.0000
1786025495.948587,0.1028,0.0,0.0,0.0000,0.0000,1.0139,-0.2627,2.1137,0.0000,enc,0.0000
1786025496.050453,0.1019,0.0,0.0,0.0000,0.0000,1.0139,-0.2627,2.1137,0.0000,enc,0.0000
1786025496.157946,0.1075,0.0,0.0,0.0000,0.0000,1.0139,-0.2627,2.1137,0.0000,enc,0.0000
1786025496.257315,0.0994,0.0,0.0,0.0000,0.0000,1.0139,-0.2627,2.1137,0.0000,enc,0.0000
1786025496.357826,0.1005,0.0,0.0,0.0000,0.0000,1.0139,-0.2627,2.1137,0.0000,enc,0.0000
1786025496.462876,0.1051,0.0,0.0,0.0000,0.0000,1.0139,-0.2627,2.1137,0.0000,enc,0.0000
1786025496.564379,0.1015,0.0,0.0,0.0000,0.0000,1.0139,-0.2627,2.1137,0.0000,enc,0.0000
1786025496.666401,0.1020,0.0,0.0,0.0000,0.0000,1.0139,-0.2627,2.1137,0.0000,enc,0.0000
1786025496.770952,0.1046,0.0,0.0,0.0000,0.0000,1.0139,-0.2627,2.1137,0.0000,enc,0.0000
1786025496.870283,0.0993,0.0,0.0,0.0000,0.0000,1.0139,-0.2627,2.1137,0.0000,enc,0.0000
1786025496.974106,0.1038,0.0,0.0,0.0000,0.0000,1.0139,-0.2627,2.1137,0.0000,enc,0.0000
1786025497.076846,0.1027,0.0,0.0,0.0000,0.0000,1.0139,-0.2627,2.1137,0.0000,enc,0.0000
1786025497.178957,0.1021,0.0,0.0,0.0000,0.0000,1.0139,-0.2627,2.1137,0.0000,enc,0.0000
1786025497.279616,0.1007,0.0,0.0,0.0000,0.0000,1.0139,-0.2627,2.1137,0.0000,enc,0.0000
1786025497.383164,0.1035,0.0,0.0,0.0000,0.0000,1.0139,-0.2627,2.1137,0.0000,enc,0.0000
1786025497.483576,0.1004,0.0,0.0,0.0000,0.0000,1.0139,-0.2627,2.1137,0.0000,enc,0.0000
1786025497.587087,0.1035,0.0,0.0,0.0000,0.0000,1.0139,-0.2627,2.1137,0.0000,enc,0.0000
1786025497.685063,0.0980,0.0,0.0,0.0000,0.0000,1.0139,-0.2627,2.1137,0.0000,enc,0.0000
1786025497.793005,0.1079,0.0,0.0,0.0000,0.0000,1.0139,-0.2627,2.1137,0.0000,enc,0.0000
1786025497.888759,0.0958,0.0,0.0,0.0000,0.0000,1.0139,-0.2627,2.1137,0.0000,enc,0.0000
1786025497.991625,0.1029,0.0,0.0,0.0000,0.0000,1.0139,-0.2627,2.1137,0.0000,enc,0.0000
1786025498.100938,0.1093,0.0,0.0,0.0000,0.0000,1.0139,-0.2627,2.1137,0.0000,enc,0.0000
1786025498.195477,0.0945,0.0,0.0,0.0000,0.0000,1.0139,-0.2627,2.1137,0.0000,enc,0.0000
1786025498.297469,0.1020,0.0,0.0,0.0000,0.0000,1.0139,-0.2627,2.1137,0.0000,enc,0.0000
1786025498.405042,0.1076,0.0,0.0,0.0000,0.0000,1.0139,-0.2627,2.1137,0.0000,enc,0.0000
1786025498.502631,0.0976,0.0,0.0,0.0000,0.0000,1.0139,-0.2627,2.1137,0.0000,enc,0.0000
1786025498.606016,0.1034,0.0,0.0,0.0000,0.0000,1.0139,-0.2627,2.1137,0.0000,enc,0.0000
1786025498.709615,0.1036,0.0,0.0,0.0000,0.0000,1.0139,-0.2627,2.1137,0.0000,enc,0.0000
1786025498.812369,0.1028,0.0,0.0,0.0000,0.0000,1.0139,-0.2627,2.1137,0.0000,enc,0.0000
1786025498.910131,0.0978,0.0,0.0,0.0000,0.0000,1.0139,-0.2627,2.1137,0.0000,enc,0.0000
1786025499.015848,0.1057,0.0,0.0,0.0000,0.0000,1.0139,-0.2627,2.1137,0.0000,enc,0.0000
1786025499.116321,0.1005,0.0,0.0,0.0000,0.0000,1.0139,-0.2627,2.1137,0.0000,enc,0.0000
1786025499.220624,0.1043,0.0,0.0,0.0000,0.0000,1.0139,-0.2627,2.1137,0.0000,enc,0.0000
1786025499.323908,0.1033,0.0,0.0,0.0000,0.0000,1.0139,-0.2627,2.1137,0.0000,enc,0.0000
1786025499.423854,0.0999,0.0,0.0,0.0000,0.0000,1.0139,-0.2627,2.1137,0.0000,enc,0.0000
1786025499.527397,0.1035,0.0,0.0,0.0000,0.0000,1.0139,-0.2627,2.1137,0.0000,enc,0.0000
1786025499.629961,0.1026,0.0,0.0,0.0000,0.0000,1.0139,-0.2627,2.1137,0.0000,enc,0.0000
1786025499.732952,0.1030,0.0,0.0,0.0000,0.0000,1.0139,-0.2627,2.1137,0.0000,enc,0.0000
1786025499.833209,0.1003,0.0,0.0,0.0000,0.0000,1.0139,-0.2627,2.1137,0.0000,enc,0.0000
1786025499.940745,0.1075,0.0,0.0,0.0000,0.0000,1.0139,-0.2627,2.1137,0.0000,enc,0.0000
1786025500.039956,0.0992,0.0,0.0,0.0000,0.0000,1.0139,-0.2627,2.1137,0.0000,enc,0.0000
1786025500.141262,0.1013,0.0,0.0,0.0000,0.0000,1.0139,-0.2627,2.1137,0.0000,enc,0.0000
1786025500.240542,0.0993,0.0,0.0,0.0000,0.0000,1.0139,-0.2627,2.1137,0.0000,enc,0.0000
1786025500.346955,0.1064,0.0,0.0,0.0000,0.0000,1.0139,-0.2627,2.1137,0.0000,enc,0.0000
1786025500.443930,0.0970,0.0,0.0,0.0000,0.0000,1.0139,-0.2627,2.1137,0.0000,enc,0.0000
1786025500.545078,0.1011,0.0,0.0,0.0000,0.0000,1.0139,-0.2627,2.1137,0.0000,enc,0.0000
1786025500.650759,0.1057,0.0,0.0,0.0000,0.0000,1.0139,-0.2627,2.1137,0.0000,enc,0.0000
1786025500.750017,0.0993,0.0,0.0,0.0000,0.0000,1.0139,-0.2627,2.1137,0.0000,enc,0.0000
1786025500.852207,0.1022,0.0,0.0,0.0000,0.0000,1.0139,-0.2627,2.1137,0.0000,enc,0.0000
1786025500.956558,0.1044,0.0,0.0,0.0000,0.0000,1.0139,-0.2627,2.1137,0.0000,enc,0.0000
1786025501.057427,0.1009,0.0,0.0,0.0000,0.0000,1.0139,-0.2627,2.1137,0.0000,enc,0.0000
1786025501.159478,0.1021,0.0,0.0,0.0000,0.0000,1.0139,-0.2627,2.1137,0.0000,enc,0.0000
1786025501.264395,0.1049,0.0,0.0,0.0000,0.0000,1.0139,-0.2627,2.1137,0.0000,enc,0.0000
1786025501.366864,0.1025,0.0,0.0,0.0000,0.0000,1.0139,-0.2627,2.1137,0.0000,enc,0.0000
1786025501.471507,0.1046,0.0,0.0,0.0000,0.0000,1.0139,-0.2627,2.1137,0.0000,enc,0.0000
1786025501.569747,0.0982,0.0,0.0,0.0000,0.0000,1.0139,-0.2627,2.1137,0.0000,enc,0.0000
1786025501.671667,0.1019,0.0,0.0,0.0000,0.0000,1.0139,-0.2627,2.1137,0.0000,enc,0.0000
1786025501.771469,0.0998,0.0,0.0,0.0000,0.0000,1.0139,-0.2627,2.1137,0.0000,enc,0.0000
1786025501.876891,0.1054,0.0,0.0,0.0000,0.0000,1.0139,-0.2627,2.1137,0.0000,enc,0.0000
1786025501.978539,0.1016,0.0,0.0,0.0000,0.0000,1.0139,-0.2627,2.1137,0.0000,enc,0.0000
1786025502.080553,0.1020,0.0,0.0,0.0000,0.0000,1.0139,-0.2627,2.1137,0.0000,enc,0.0000
1786025502.183253,0.1027,0.0,0.0,0.0000,0.0000,1.0139,-0.2627,2.1137,0.0000,enc,0.0000
1786025502.286993,0.1037,0.0,0.0,0.0000,0.0000,1.0139,-0.2627,2.1137,0.0000,enc,0.0000
1786025502.388509,0.1015,0.0,0.0,0.0000,0.0000,1.0139,-0.2627,2.1137,0.0000,enc,0.0000
1786025502.490366,0.1019,0.0,0.0,0.0000,0.0000,1.0139,-0.2627,2.1137,0.0000,enc,0.0000
1786025502.594095,0.1037,0.0,0.0,0.0000,0.0000,1.0139,-0.2627,2.1137,0.0000,enc,0.0000
1786025502.694778,0.1007,0.0,0.0,0.0000,0.0000,1.0139,-0.2627,2.1137,0.0000,enc,0.0000
1786025502.792876,0.0981,0.0,0.0,0.0000,0.0000,1.0139,-0.2627,2.1137,0.0000,enc,0.0000
1786025502.899790,0.1069,0.0,0.0,0.0000,0.0000,1.0139,-0.2627,2.1137,0.0000,enc,0.0000
1786025502.997621,0.0978,0.0,0.0,0.0000,0.0000,1.0139,-0.2627,2.1137,0.0000,enc,0.0000
1786025503.099377,0.1018,0.0,0.0,0.0000,0.0000,1.0139,-0.2627,2.1137,0.0000,enc,0.0000
1786025503.205353,0.1060,0.0,0.0,0.0000,0.0000,1.0139,-0.2627,2.1137,0.0000,enc,0.0000
1786025503.304589,0.0992,0.0,0.0,0.0000,0.0000,1.0139,-0.2627,2.1137,0.0000,enc,0.0000
1786025503.406040,0.1015,0.0,0.0,0.0000,0.0000,1.0139,-0.2627,2.1137,0.0000,enc,0.0000
1786025503.512428,0.1064,0.0,0.0,0.0000,0.0000,1.0139,-0.2627,2.1137,0.0000,enc,0.0000
1786025503.610555,0.0981,0.0,0.0,0.0000,0.0000,1.0139,-0.2627,2.1137,0.0000,enc,0.0000
1786025503.712092,0.1015,0.0,0.0,0.0000,0.0000,1.0139,-0.2627,2.1137,0.0000,enc,0.0000
1786025503.817575,0.1055,0.0,0.0,0.0000,0.0000,1.0139,-0.2627,2.1137,0.0000,enc,0.0000
1786025503.916315,0.0987,0.0,0.0,0.0000,0.0000,1.0139,-0.2627,2.1137,0.0000,enc,0.0000
1786025504.018733,0.1024,0.0,0.0,0.0000,0.0000,1.0139,-0.2627,2.1137,0.0000,enc,0.0000
1786025504.124128,0.1054,0.0,0.0,0.0000,0.0000,1.0139,-0.2627,2.1137,0.0000,enc,0.0000
1786025504.222718,0.0986,0.0,0.0,0.0000,0.0000,1.0139,-0.2627,2.1137,0.0000,enc,0.0000
1786025504.327767,0.1050,0.0,0.0,0.0000,0.0000,1.0139,-0.2627,2.1137,0.0000,enc,0.0000
1786025504.430521,0.1028,0.0,0.0,0.0000,0.0000,1.0139,-0.2627,2.1137,0.0000,enc,0.0000
1786025504.531882,0.1014,0.0,0.0,0.0000,0.0000,1.0139,-0.2627,2.1137,0.0000,enc,0.0000
1786025504.634811,0.1029,0.0,0.0,0.0000,0.0000,1.0139,-0.2627,2.1137,0.0000,enc,0.0000
1786025504.736810,0.1020,0.0,0.0,0.0000,0.0000,1.0139,-0.2627,2.1137,0.0000,enc,0.0000
1786025504.838788,0.1020,0.0,0.0,0.0000,0.0000,1.0139,-0.2627,2.1137,0.0000,enc,0.0000
1786025504.940922,0.1021,0.0,0.0,0.0000,0.0000,1.0139,-0.2627,2.1137,0.0000,enc,0.0000
1786025505.042745,0.1018,0.0,0.0,0.0000,0.0000,1.0139,-0.2627,2.1137,0.0000,enc,0.0000
1786025505.269059,0.2263,0.0,0.0,0.0000,0.0000,1.0139,-0.2627,2.1137,0.0000,enc,0.0000
1786025505.269105,0.0000,0.0,0.0,0.0000,0.0000,1.0139,-0.2627,2.1137,0.0000,enc,0.0000
1786025505.349881,0.0808,0.0,0.0,0.0000,0.0000,1.0139,-0.2627,2.1137,0.0000,enc,0.0000
1786025505.512449,0.1626,0.0,0.0,0.0000,0.0000,1.0139,-0.2627,2.1137,0.0000,enc,0.0000
1786025505.552273,0.0398,0.0,0.0,0.0000,0.0000,1.0139,-0.2627,2.1137,0.0000,enc,0.0000
1786025505.756868,0.2046,0.0,0.0,0.0000,0.0000,1.0139,-0.2627,2.1137,0.0000,enc,0.0000
1786025505.760885,0.0040,0.0,0.0,0.0000,0.0000,1.0139,-0.2627,2.1137,0.0000,enc,0.0000
1786025506.003024,0.2421,0.0,0.0,0.0000,0.0000,1.0139,-0.2627,2.1137,0.0000,enc,0.0000
1786025506.003440,0.0004,0.0,0.0,0.0000,0.0000,1.0139,-0.2627,2.1137,0.0000,enc,0.0000
1786025506.063421,0.0600,0.0,0.0,0.0000,0.0000,1.0139,-0.2627,2.1137,0.0000,enc,0.0000
1786025506.250072,0.1867,0.0,0.0,0.0000,0.0000,1.0139,-0.2627,2.1137,0.0000,enc,0.0000
1786025506.266818,0.0167,0.0,0.0,0.0000,0.0000,1.0139,-0.2627,2.1137,0.0000,enc,0.0000
1786025506.502281,0.2355,0.0,0.0,0.0000,0.0000,1.0139,-0.2627,2.1137,0.0000,enc,0.0000
1786025506.502326,0.0000,0.0,0.0,0.0000,0.0000,1.0139,-0.2627,2.1137,0.0000,enc,0.0000
1786025506.573598,0.0713,0.0,0.0,0.0000,0.0000,1.0139,-0.2627,2.1137,0.0000,enc,0.0000
1786025506.757828,0.1842,0.0,0.0,0.0000,0.0000,1.0139,-0.2627,2.1137,0.0000,enc,0.0000
1786025506.779655,0.0218,0.0,0.0,0.0000,0.0000,1.0139,-0.2627,2.1137,0.0000,enc,0.0000
1786025507.004380,0.2247,0.0,0.0,0.0000,0.0000,1.0139,-0.2627,2.1137,0.0000,enc,0.0000
1786025507.004419,0.0000,0.0,0.0,0.0000,0.0000,1.0139,-0.2627,2.1137,0.0000,enc,0.0000
1786025507.089317,0.0849,0.0,0.0,0.0000,0.0000,1.0139,-0.2627,2.1137,0.0000,enc,0.0000
1786025507.257048,0.1677,0.0,0.0,0.0000,0.0000,1.0139,-0.2627,2.1137,0.0000,enc,0.0000
1786025507.290507,0.0335,0.0,0.0,0.0000,0.0000,1.0139,-0.2627,2.1137,0.0000,enc,0.0000
1786025507.507998,0.2175,0.0,0.0,0.0000,0.0000,1.0139,-0.2627,2.1137,0.0000,enc,0.0000
1786025507.508039,0.0000,0.0,0.0,0.0000,0.0000,1.0139,-0.2627,2.1137,0.0000,enc,0.0000
1786025507.600378,0.0923,0.0,0.0,0.0000,0.0000,1.0139,-0.2627,2.1137,0.0000,enc,0.0000
1786025507.753689,0.1533,0.0,0.0,0.0000,0.0000,1.0139,-0.2627,2.1137,0.0000,enc,0.0000
1786025507.804531,0.0508,0.0,0.0,0.0000,0.0000,1.0139,-0.2627,2.1137,0.0000,enc,0.0000
1786025508.005472,0.2009,0.0,0.0,0.0000,0.0000,1.0139,-0.2627,2.1137,0.0000,enc,0.0000
1786025508.009117,0.0036,0.0,0.0,0.0000,0.0000,1.0139,-0.2627,2.1137,0.0000,enc,0.0000
1786025508.253372,0.2443,0.0,0.0,0.0000,0.0000,1.0139,-0.2627,2.1137,0.0000,enc,0.0000
1786025508.253417,0.0000,0.0,0.0,0.0000,0.0000,1.0139,-0.2627,2.1137,0.0000,enc,0.0000
1786025508.312078,0.0587,0.0,0.0,0.0000,0.0000,1.0139,-0.2627,2.1137,0.0000,enc,0.0000
1786025508.502663,0.1906,0.0,0.0,0.0000,0.0000,1.0139,-0.2627,2.1137,0.0000,enc,0.0000
1786025508.516511,0.0138,0.0,0.0,0.0000,0.0000,1.0139,-0.2627,2.1137,0.0000,enc,0.0000
1786025508.755442,0.2389,0.0,0.0,0.0000,0.0000,1.0139,-0.2627,2.1137,0.0000,enc,0.0000
1786025508.755484,0.0000,0.0,0.0,0.0000,0.0000,1.0139,-0.2627,2.1137,0.0000,enc,0.0000
1786025508.822832,0.0673,0.0,0.0,0.0000,0.0000,1.0139,-0.2627,2.1137,0.0000,enc,0.0000
1786025509.007346,0.1845,0.0,0.0,0.0000,0.0000,1.0139,-0.2627,2.1137,0.0000,enc,0.0000
1786025509.027703,0.0204,0.0,0.0,0.0000,0.0000,1.0139,-0.2627,2.1137,0.0000,enc,0.0000
1786025509.257390,0.2297,0.0,0.0,0.0000,0.0000,1.0139,-0.2627,2.1137,0.0000,enc,0.0000
1786025509.257435,0.0000,0.0,0.0,0.0000,0.0000,1.0139,-0.2627,2.1137,0.0000,enc,0.0000
1786025509.333658,0.0762,0.0,0.0,0.0000,0.0000,1.0139,-0.2627,2.1137,0.0000,enc,0.0000
1786025509.514107,0.1804,0.0,0.0,0.0000,0.0000,1.0139,-0.2627,2.1137,0.0000,enc,0.0000
1786025509.538353,0.0242,0.0,0.0,0.0000,0.0000,1.0139,-0.2627,2.1137,0.0000,enc,0.0000
1786025509.770747,0.2324,0.0,0.0,0.0000,0.0000,1.0139,-0.2627,2.1137,0.0000,enc,0.0000
1786025509.772357,0.0016,0.0,0.0,0.0000,0.0000,1.0139,-0.2627,2.1137,0.0000,enc,0.0000
1786025509.847965,0.0756,0.0,0.0,0.0000,0.0000,1.0139,-0.2627,2.1137,0.0000,enc,0.0000
1786025510.022287,0.1743,0.0,0.0,0.0000,0.0000,1.0139,-0.2627,2.1137,0.0000,enc,0.0000
1786025510.049141,0.0269,0.0,0.0,0.0000,0.0000,1.0139,-0.2627,2.1137,0.0000,enc,0.0000
1786025510.154750,0.1056,0.0,0.0,0.0000,0.0000,1.0139,-0.2627,2.1137,0.0000,enc,0.0000
1786025510.253723,0.0990,0.0,0.0,0.0000,0.0000,1.0139,-0.2627,2.1137,0.0000,enc,0.0000
1786025510.358635,0.1049,0.0,0.0,0.0000,0.0000,1.0139,-0.2627,2.1137,0.0000,enc,0.0000
1786025510.457912,0.0993,0.0,0.0,0.0000,0.0000,1.0139,-0.2627,2.1137,0.0000,enc,0.0000
1786025510.563983,0.1061,0.0,0.0,0.0000,0.0000,1.0139,-0.2627,2.1137,0.0000,enc,0.0000
1786025510.662356,0.0984,0.0,0.0,0.0000,0.0000,1.0139,-0.2627,2.1137,0.0000,enc,0.0000
1786025510.767525,0.1052,0.0,0.0,0.0000,0.0000,1.0139,-0.2627,2.1137,0.0000,enc,0.0000
1786025510.870686,0.1032,0.0,0.0,0.0000,0.0000,1.0139,-0.2627,2.1137,0.0000,enc,0.0000
1786025510.969783,0.0991,0.0,0.0,0.0000,0.0000,1.0139,-0.2627,2.1137,0.0000,enc,0.0000
1786025511.077402,0.1076,0.0,0.0,0.0000,0.0000,1.0139,-0.2627,2.1137,0.0000,enc,0.0000
1786025511.176324,0.0989,0.0,0.0,0.0000,0.0000,1.0139,-0.2627,2.1137,0.0000,enc,0.0000
1786025511.275296,0.0990,0.0,0.0,0.0000,0.0000,1.0139,-0.2627,2.1137,0.0000,enc,0.0000
1786025511.377029,0.1017,0.0,0.0,0.0000,0.0000,1.0139,-0.2627,2.1137,0.0000,enc,0.0000
1786025511.483035,0.1060,0.0,0.0,0.0000,0.0000,1.0139,-0.2627,2.1137,0.0000,enc,0.0000
1786025511.582226,0.0992,0.0,0.0,0.0000,0.0000,1.0139,-0.2627,2.1137,0.0000,enc,0.0000
1786025511.684682,0.1025,0.0,0.0,0.0000,0.0000,1.0139,-0.2627,2.1137,0.0000,enc,0.0000
1786025511.790657,0.1060,0.0,0.0,0.0000,0.0000,1.0139,-0.2627,2.1137,0.0000,enc,0.0000
1786025511.888681,0.0980,0.0,0.0,0.0000,0.0000,1.0139,-0.2627,2.1137,0.0000,enc,0.0000
1786025511.994758,0.1061,0.0,0.0,0.0000,0.0000,1.0139,-0.2627,2.1137,0.0000,enc,0.0000
1786025512.096086,0.1013,0.0,0.0,0.0000,0.0000,1.0139,-0.2627,2.1137,0.0000,enc,0.0000
1786025512.197969,0.1019,0.0,0.0,0.0000,0.0000,1.0139,-0.2627,2.1137,0.0000,enc,0.0000
1786025512.300365,0.1024,0.0,0.0,0.0000,0.0000,1.0139,-0.2627,2.1137,0.0000,enc,0.0000
1786025512.402059,0.1017,0.0,0.0,0.0000,0.0000,1.0139,-0.2627,2.1137,0.0000,enc,0.0000
1786025512.504301,0.1022,0.0,0.0,0.0000,0.0000,1.0139,-0.2627,2.1137,0.0000,enc,0.0000
1786025512.608649,0.1043,0.0,0.0,0.0000,0.0000,1.0139,-0.2627,2.1137,0.0000,enc,0.0000
1786025512.709887,0.1012,0.0,0.0,0.0000,0.0000,1.0139,-0.2627,2.1137,0.0000,enc,0.0000
1786025512.813000,0.1031,0.0,0.0,0.0000,0.0000,1.0139,-0.2627,2.1137,0.0000,enc,0.0000
1786025512.913903,0.1009,0.0,0.0,0.0000,0.0000,1.0139,-0.2627,2.1137,0.0000,enc,0.0000
1786025513.013553,0.0997,0.0,0.0,0.0000,0.0000,1.0139,-0.2627,2.1137,0.0000,enc,0.0000
1786025513.121850,0.1083,0.0,0.0,0.0000,0.0000,1.0139,-0.2627,2.1137,0.0000,enc,0.0000
1786025513.222493,0.1006,0.0,0.0,0.0000,0.0000,1.0139,-0.2627,2.1137,0.0000,enc,0.0000
1786025513.321740,0.0992,0.0,0.0,0.0000,0.0000,1.0139,-0.2627,2.1137,0.0000,enc,0.0000
1786025513.426334,0.1046,0.0,0.0,0.0000,0.0000,1.0139,-0.2627,2.1137,0.0000,enc,0.0000
1786025513.525424,0.0991,0.0,0.0,0.0000,0.0000,1.0139,-0.2627,2.1137,0.0000,enc,0.0000
1786025513.628249,0.1028,0.0,0.0,0.0000,0.0000,1.0139,-0.2627,2.1137,0.0000,enc,0.0000
1786025513.733273,0.1050,0.0,0.0,0.0000,0.0000,1.0139,-0.2627,2.1137,0.0000,enc,0.0000
1786025513.832860,0.0996,0.0,0.0,0.0000,0.0000,1.0139,-0.2627,2.1137,0.0000,enc,0.0000
1786025513.934100,0.1012,0.0,0.0,0.0000,0.0000,1.0139,-0.2627,2.1137,0.0000,enc,0.0000
1786025514.040578,0.1065,0.0,0.0,0.0000,0.0000,1.0139,-0.2627,2.1137,0.0000,enc,0.0000
1786025514.138935,0.0984,0.0,0.0,0.0000,0.0000,1.0139,-0.2627,2.1137,0.0000,enc,0.0000
1786025514.240443,0.1015,0.0,0.0,0.0000,0.0000,1.0139,-0.2627,2.1137,0.0000,enc,0.0000
1786025514.348772,0.1083,0.0,0.0,0.0000,0.0000,1.0139,-0.2627,2.1137,0.0000,enc,0.0000
1786025514.449000,0.1002,0.0,0.0,0.0000,0.0000,1.0139,-0.2627,2.1137,0.0000,enc,0.0000
1786025514.551039,0.1020,0.0,0.0,0.0000,0.0000,1.0139,-0.2627,2.1137,0.0000,enc,0.0000
1786025514.654797,0.1038,0.0,0.0,0.0000,0.0000,1.0139,-0.2627,2.1137,0.0000,enc,0.0000
1786025514.757671,0.1029,0.0,0.0,0.0000,0.0000,1.0139,-0.2627,2.1137,0.0000,enc,0.0000
1786025514.860005,0.1023,0.0,0.0,0.0000,0.0000,1.0139,-0.2627,2.1137,0.0000,enc,0.0000
1786025514.961411,0.1014,0.0,0.0,0.0000,0.0000,1.0139,-0.2627,2.1137,0.0000,enc,0.0000
1786025515.063213,0.1018,0.0,0.0,0.0000,0.0000,1.0139,-0.2627,2.1137,0.0000,enc,0.0000
1786025515.166690,0.1035,0.0,0.0,0.0000,0.0000,1.0139,-0.2627,2.1137,0.0000,enc,0.0000
1786025515.268457,0.1018,0.0,0.0,0.0000,0.0000,1.0139,-0.2627,2.1137,0.0000,enc,0.0000
1786025515.369931,0.1015,0.0,0.0,0.0000,0.0000,1.0139,-0.2627,2.1137,0.0000,enc,0.0000
1786025515.472903,0.1030,0.0,0.0,0.0000,0.0000,1.0139,-0.2627,2.1137,0.0000,enc,0.0000
1786025515.571548,0.0986,0.0,0.0,0.0000,0.0000,1.0139,-0.2627,2.1137,0.0000,enc,0.0000
1786025515.678409,0.1069,0.0,0.0,0.0000,0.0000,1.0139,-0.2627,2.1137,0.0000,enc,0.0000
1786025515.776648,0.0982,0.0,0.0,0.0000,0.0000,1.0139,-0.2627,2.1137,0.0000,enc,0.0000
1786025515.878498,0.1018,0.0,0.0,0.0000,0.0000,1.0139,-0.2627,2.1137,0.0000,enc,0.0000
1786025515.984735,0.1062,0.0,0.0,0.0000,0.0000,1.0139,-0.2627,2.1137,0.0000,enc,0.0000
1786025516.083542,0.0988,0.0,0.0,0.0000,0.0000,1.0139,-0.2627,2.1137,0.0000,enc,0.0000
1786025516.184998,0.1015,0.0,0.0,0.0000,0.0000,1.0139,-0.2627,2.1137,0.0000,enc,0.0000
1786025516.290021,0.1050,0.0,0.0,0.0000,0.0000,1.0139,-0.2627,2.1137,0.0000,enc,0.0000
1786025516.390856,0.1008,0.0,0.0,0.0000,0.0000,1.0139,-0.2627,2.1137,0.0000,enc,0.0000
1786025516.492401,0.1015,0.0,0.0,0.0000,0.0000,1.0139,-0.2627,2.1137,0.0000,enc,0.0000
1786025516.602651,0.1102,0.0,0.0,0.0000,0.0000,1.0139,-0.2627,2.1137,0.0000,enc,0.0000
1786025516.695522,0.0929,0.0,0.0,0.0000,0.0000,1.0139,-0.2627,2.1137,0.0000,enc,0.0000
1786025516.797512,0.1020,0.0,0.0,0.0000,0.0000,1.0139,-0.2627,2.1137,0.0000,enc,0.0000
1786025516.898774,0.1013,0.0,0.0,0.0000,0.0000,1.0139,-0.2627,2.1137,0.0000,enc,0.0000
1786025517.005623,0.1068,0.0,0.0,0.0000,0.0000,1.0139,-0.2627,2.1137,0.0000,enc,0.0000
1786025517.108126,0.1025,0.0,0.0,0.0000,0.0000,1.0139,-0.2627,2.1137,0.0000,enc,0.0000
1786025517.208722,0.1006,0.0,0.0,0.0000,0.0000,1.0139,-0.2627,2.1137,0.0000,enc,0.0000
1786025517.310318,0.1016,0.0,0.0,0.0000,0.0000,1.0139,-0.2627,2.1137,0.0000,enc,0.0000
1786025517.413240,0.1029,0.0,0.0,0.0000,0.0000,1.0139,-0.2627,2.1137,0.0000,enc,0.0000
1786025517.516832,0.1036,0.0,0.0,0.0000,0.0000,1.0139,-0.2627,2.1137,0.0000,enc,0.0000
1786025517.616590,0.0998,0.0,0.0,0.0000,0.0000,1.0139,-0.2627,2.1137,0.0000,enc,0.0000
1786025517.718789,0.1022,0.0,0.0,0.0000,0.0000,1.0139,-0.2627,2.1137,0.0000,enc,0.0000
1786025517.821426,0.1026,0.0,0.0,0.0000,0.0000,1.0139,-0.2627,2.1137,0.0000,enc,0.0000
1786025517.922372,0.1009,0.0,0.0,0.0000,0.0000,1.0139,-0.2627,2.1137,0.0000,enc,0.0000
1786025518.025279,0.1029,0.0,0.0,0.0000,0.0000,1.0139,-0.2627,2.1137,0.0000,enc,0.0000
1786025518.125059,0.0998,0.0,0.0,0.0000,0.0000,1.0139,-0.2627,2.1137,0.0000,enc,0.0000
1786025518.229332,0.1043,0.0,0.0,0.0000,0.0000,1.0139,-0.2627,2.1137,0.0000,enc,0.0000
1786025518.330615,0.1013,0.0,0.0,0.0000,0.0000,1.0139,-0.2627,2.1137,0.0000,enc,0.0000
1786025518.430597,0.1000,0.0,0.0,0.0000,0.0000,1.0139,-0.2627,2.1137,0.0000,enc,0.0000
1786025518.536366,0.1058,0.0,0.0,0.0000,0.0000,1.0139,-0.2627,2.1137,0.0000,enc,0.0000
1786025518.634720,0.0984,0.0,0.0,0.0000,0.0000,1.0139,-0.2627,2.1137,0.0000,enc,0.0000
1786025518.737635,0.1029,0.0,0.0,0.0000,0.0000,1.0139,-0.2627,2.1137,0.0000,enc,0.0000
1786025518.842359,0.1047,0.0,0.0,0.0000,0.0000,1.0139,-0.2627,2.1137,0.0000,enc,0.0000
1786025518.941611,0.0993,0.0,0.0,0.0000,0.0000,1.0139,-0.2627,2.1137,0.0000,enc,0.0000
1786025519.043620,0.1020,0.0,0.0,0.0000,0.0000,1.0139,-0.2627,2.1137,0.0000,enc,0.0000
1786025519.148564,0.1049,0.0,0.0,0.0000,0.0000,1.0139,-0.2627,2.1137,0.0000,enc,0.0000
1786025519.248132,0.0996,0.0,0.0,0.0000,0.0000,1.0139,-0.2627,2.1137,0.0000,enc,0.0000
1786025519.352692,0.1046,0.0,0.0,0.0000,0.0000,1.0139,-0.2627,2.1137,0.0000,enc,0.0000
1786025519.454869,0.1022,0.0,0.0,0.0000,0.0000,1.0139,-0.2627,2.1137,0.0000,enc,0.0000
1786025519.559111,0.1042,0.0,0.0,0.0000,0.0000,1.0139,-0.2627,2.1137,0.0000,enc,0.0000
1786025519.662711,0.1036,0.0,0.0,0.0000,0.0000,1.0139,-0.2627,2.1137,0.0000,enc,0.0000
1786025519.761313,0.0986,0.0,0.0,0.0000,0.0000,1.0139,-0.2627,2.1137,0.0000,enc,0.0000
1786025519.863293,0.1020,0.0,0.0,0.0000,0.0000,1.0139,-0.2627,2.1137,0.0000,enc,0.0000
1786025519.965836,0.1025,0.0,0.0,0.0000,0.0000,1.0139,-0.2627,2.1137,0.0000,enc,0.0000
1786025520.070498,0.1047,0.0,0.0,0.0000,0.0000,1.0139,-0.2627,2.1137,0.0000,enc,0.0000
1786025520.264209,0.1937,0.0,0.0,0.0000,0.0000,1.0139,-0.2627,2.1137,0.0000,enc,0.0000
1786025520.269465,0.0053,0.0,0.0,0.0000,0.0000,1.0139,-0.2627,2.1137,0.0000,enc,0.0000
1786025520.517668,0.2482,0.0,0.0,0.0000,0.0000,1.0139,-0.2627,2.1137,0.0000,enc,0.0000
1786025520.517711,0.0000,0.0,0.0,0.0000,0.0000,1.0139,-0.2627,2.1137,0.0000,enc,0.0000
1786025520.579580,0.0619,0.0,0.0,0.0000,0.0000,1.0139,-0.2627,2.1137,0.0000,enc,0.0000
1786025520.763756,0.1842,0.0,0.0,0.0000,0.0000,1.0139,-0.2627,2.1137,0.0000,enc,0.0000
1786025520.780224,0.0165,0.0,0.0,0.0000,0.0000,1.0139,-0.2627,2.1137,0.0000,enc,0.0000
1786025521.018784,0.2386,0.0,0.0,0.0000,0.0000,1.0139,-0.2627,2.1137,0.0000,enc,0.0000
1786025521.018827,0.0000,0.0,0.0,0.0000,0.0000,1.0139,-0.2627,2.1137,0.0000,enc,0.0000
1786025521.092746,0.0739,0.0,0.0,0.0000,0.0000,1.0139,-0.2627,2.1137,0.0000,enc,0.0000
1786025521.264327,0.1716,0.0,0.0,0.0000,0.0000,1.0139,-0.2627,2.1137,0.0000,enc,0.0000
1786025521.290519,0.0262,0.0,0.0,0.0000,0.0000,1.0139,-0.2627,2.1137,0.0000,enc,0.0000
1786025521.518912,0.2284,0.0,0.0,0.0000,0.0000,1.0139,-0.2627,2.1137,0.0000,enc,0.0000
1786025521.518955,0.0000,0.0,0.0,0.0000,0.0000,1.0139,-0.2627,2.1137,0.0000,enc,0.0000
1786025521.597878,0.0789,0.0,0.0,0.0000,0.0000,1.0139,-0.2627,2.1137,0.0000,enc,0.0000
1786025521.772355,0.1745,0.0,0.0,0.0000,0.0000,1.0139,-0.2627,2.1137,0.0000,enc,0.0000
1786025521.801057,0.0287,0.0,0.0,0.0000,0.0000,1.0139,-0.2627,2.1137,0.0000,enc,0.0000
1786025522.021017,0.2200,0.0,0.0,0.0000,0.0000,1.0139,-0.2627,2.1137,0.0000,enc,0.0000
1786025522.021937,0.0009,0.0,0.0,0.0000,0.0000,1.0139,-0.2627,2.1137,0.0000,enc,0.0000
1786025522.110923,0.0890,0.0,0.0,0.0000,0.0000,1.0139,-0.2627,2.1137,0.0000,enc,0.0000
1786025522.271935,0.1610,0.0,0.0,0.0000,0.0000,1.0139,-0.2627,2.1137,0.0000,enc,0.0000
1786025522.315628,0.0437,0.0,0.0,0.0000,0.0000,1.0139,-0.2627,2.1137,0.0000,enc,0.0000
1786025522.521454,0.2058,0.0,0.0,0.0000,0.0000,1.0139,-0.2627,2.1137,0.0000,enc,0.0000
1786025522.521489,0.0000,0.0,0.0,0.0000,0.0000,1.0139,-0.2627,2.1137,0.0000,enc,0.0000
1786025522.770883,0.2494,0.0,0.0,0.0000,0.0000,1.0139,-0.2627,2.1137,0.0000,enc,0.0000
1786025522.770921,0.0000,0.0,0.0,0.0000,0.0000,1.0139,-0.2627,2.1137,0.0000,enc,0.0000
1786025522.825871,0.0549,0.0,0.0,0.0000,0.0000,1.0139,-0.2627,2.1137,0.0000,enc,0.0000
1786025523.020477,0.1946,0.0,0.0,0.0000,0.0000,1.0139,-0.2627,2.1137,0.0000,enc,0.0000
1786025523.028385,0.0079,0.0,0.0,0.0000,0.0000,1.0139,-0.2627,2.1137,0.0000,enc,0.0000
1786025523.269469,0.2411,0.0,0.0,0.0000,0.0000,1.0139,-0.2627,2.1137,0.0000,enc,0.0000
1786025523.269546,0.0001,0.0,0.0,0.0000,0.0000,1.0139,-0.2627,2.1137,0.0000,enc,0.0000
1786025523.338722,0.0692,0.0,0.0,0.0000,0.0000,1.0139,-0.2627,2.1137,0.0000,enc,0.0000
1786025523.522379,0.1837,0.0,0.0,0.0000,0.0000,1.0139,-0.2627,2.1137,0.0000,enc,0.0000
1786025523.542951,0.0206,0.0,0.0,0.0000,0.0000,1.0139,-0.2627,2.1137,0.0000,enc,0.0000
1786025523.773770,0.2308,0.0,0.0,0.0000,0.0000,1.0139,-0.2627,2.1137,0.0000,enc,0.0000
1786025523.773831,0.0001,0.0,0.0,0.0000,0.0000,1.0139,-0.2627,2.1137,0.0000,enc,0.0000
1786025523.849275,0.0754,0.0,0.0,0.0000,0.0000,1.0139,-0.2627,2.1137,0.0000,enc,0.0000
1786025524.026292,0.1770,0.0,0.0,0.0000,0.0000,1.0139,-0.2627,2.1137,0.0000,enc,0.0000
1786025524.049101,0.0228,0.0,0.0,0.0000,0.0000,1.0139,-0.2627,2.1137,0.0000,enc,0.0000
1786025524.276979,0.2279,0.0,0.0,0.0000,0.0000,1.0139,-0.2627,2.1137,0.0000,enc,0.0000
1786025524.277038,0.0001,0.0,0.0,0.0000,0.0000,1.0139,-0.2627,2.1137,0.0000,enc,0.0000
1786025524.356711,0.0797,0.0,0.0,0.0000,0.0000,1.0139,-0.2627,2.1137,0.0000,enc,0.0000
1786025524.533190,0.1765,0.0,0.0,0.0000,0.0000,1.0139,-0.2627,2.1137,0.0000,enc,0.0000
1786025524.563953,0.0308,0.0,0.0,0.0000,0.0000,1.0139,-0.2627,2.1137,0.0000,enc,0.0000
1786025524.785650,0.2217,0.0,0.0,0.0000,0.0000,1.0139,-0.2627,2.1137,0.0000,enc,0.0000
1786025524.785720,0.0001,0.0,0.0,0.0000,0.0000,1.0139,-0.2627,2.1137,0.0000,enc,0.0000
1786025524.870971,0.0853,0.0,0.0,0.0000,0.0000,1.0139,-0.2627,2.1137,0.0000,enc,0.0000
1786025525.046586,0.1756,0.0,0.0,0.0000,0.0000,1.0139,-0.2627,2.1137,0.0000,enc,0.0000
1786025525.072369,0.0258,0.0,0.0,0.0000,0.0000,1.0139,-0.2627,2.1137,0.0000,enc,0.0000
1786025525.179204,0.1068,0.0,0.0,0.0000,0.0000,1.0139,-0.2627,2.1137,0.0000,enc,0.0000
1786025525.285001,0.1058,0.0,0.0,0.0000,0.0000,1.0139,-0.2627,2.1137,0.0000,enc,0.0000
1786025525.379106,0.0941,0.0,0.0,0.0000,0.0000,1.0139,-0.2627,2.1137,0.0000,enc,0.0000
1786025525.484841,0.1057,0.0,0.0,0.0000,0.0000,1.0139,-0.2627,2.1137,0.0000,enc,0.0000
1786025525.585527,0.1007,0.0,0.0,0.0000,0.0000,1.0139,-0.2627,2.1137,0.0000,enc,0.0000
1786025525.687328,0.1018,0.0,0.0,0.0000,0.0000,1.0139,-0.2627,2.1137,0.0000,enc,0.0000
1786025525.789587,0.1023,0.0,0.0,0.0000,0.0000,1.0139,-0.2627,2.1137,0.0000,enc,0.0000
1786025525.892315,0.1027,0.0,0.0,0.0000,0.0000,1.0139,-0.2627,2.1137,0.0000,enc,0.0000
1786025525.994366,0.1021,0.0,0.0,0.0000,0.0000,1.0139,-0.2627,2.1137,0.0000,enc,0.0000
1786025526.093759,0.0994,0.0,0.0,0.0000,0.0000,1.0139,-0.2627,2.1137,0.0000,enc,0.0000
1786025526.198976,0.1052,0.0,0.0,0.0000,0.0000,1.0139,-0.2627,2.1137,0.0000,enc,0.0000
1786025526.299107,0.1001,0.0,0.0,0.0000,0.0000,1.0139,-0.2627,2.1137,0.0000,enc,0.0000
1786025526.401031,0.1019,0.0,0.0,0.0000,0.0000,1.0139,-0.2627,2.1137,0.0000,enc,0.0000
1786025526.506289,0.1053,0.0,0.0,0.0000,0.0000,1.0139,-0.2627,2.1137,0.0000,enc,0.0000
1786025526.604993,0.0987,0.0,0.0,0.0000,0.0000,1.0139,-0.2627,2.1137,0.0000,enc,0.0000
1786025526.707321,0.1023,0.0,0.0,0.0000,0.0000,1.0139,-0.2627,2.1137,0.0000,enc,0.0000
1786025526.812912,0.1056,0.0,0.0,0.0000,0.0000,1.0139,-0.2627,2.1137,0.0000,enc,0.0000
1786025526.911855,0.0989,0.0,0.0,0.0000,0.0000,1.0139,-0.2627,2.1137,0.0000,enc,0.0000
1786025527.014929,0.1031,0.0,0.0,0.0000,0.0000,1.0139,-0.2627,2.1137,0.0000,enc,0.0000
1786025527.120993,0.1061,0.0,0.0,0.0000,0.0000,1.0139,-0.2627,2.1137,0.0000,enc,0.0000
1786025527.221407,0.1004,0.0,0.0,0.0000,0.0000,1.0139,-0.2627,2.1137,0.0000,enc,0.0000
1786025527.320920,0.0995,0.0,0.0,0.0000,0.0000,1.0139,-0.2627,2.1137,0.0000,enc,0.0000
1786025527.427896,0.1070,0.0,0.0,0.0000,0.0000,1.0139,-0.2627,2.1137,0.0000,enc,0.0000
1786025527.528762,0.1009,0.0,0.0,0.0000,0.0000,1.0139,-0.2627,2.1137,0.0000,enc,0.0000
1786025527.640886,0.1121,0.0,0.0,0.0000,0.0000,1.0139,-0.2627,2.1137,0.0000,enc,0.0000
1786025527.753187,0.1123,0.0,0.0,0.0000,0.0000,1.0139,-0.2627,2.1137,0.0000,enc,0.0000
1786025527.841807,0.0886,0.0,0.0,0.0000,0.0000,1.0139,-0.2627,2.1137,0.0000,enc,0.0000
1786025527.948241,0.1064,0.0,0.0,0.0000,0.0000,1.0139,-0.2627,2.1137,0.0000,enc,0.0000
1786025528.060066,0.1118,0.0,0.0,0.0000,0.0000,1.0139,-0.2627,2.1137,0.0000,enc,0.0000
1786025528.174663,0.1146,0.0,0.0,0.0000,0.0000,1.0139,-0.2627,2.1137,0.0000,enc,0.0000
1786025528.250821,0.0762,0.0,0.0,0.0000,0.0000,1.0139,-0.2627,2.1137,0.0000,enc,0.0000
1786025528.348119,0.0973,0.0,0.0,0.0000,0.0000,1.0139,-0.2627,2.1137,0.0000,enc,0.0000
1786025528.469130,0.1210,0.0,0.0,0.0000,0.0000,1.0139,-0.2627,2.1137,0.0000,enc,0.0000
1786025528.578021,0.1089,0.0,0.0,0.0000,0.0000,1.0139,-0.2627,2.1137,0.0000,enc,0.0000
1786025528.649726,0.0717,0.0,0.0,0.0000,0.0000,1.0139,-0.2627,2.1137,0.0000,enc,0.0000
1786025528.766035,0.1163,0.0,0.0,0.0000,0.0000,1.0139,-0.2627,2.1137,0.0000,enc,0.0000
1786025528.860761,0.0947,0.0,0.0,0.0000,0.0000,1.0139,-0.2627,2.1137,0.0000,enc,0.0000
1786025528.959141,0.0984,0.0,0.0,0.0000,0.0000,1.0139,-0.2627,2.1137,0.0000,enc,0.0000
1786025529.061481,0.1023,0.0,0.0,0.0000,0.0000,1.0139,-0.2627,2.1137,0.0000,enc,0.0000
1786025529.163226,0.1017,0.0,0.0,0.0000,0.0000,1.0139,-0.2627,2.1137,0.0000,enc,0.0000
1786025529.262803,0.0996,0.0,0.0,0.0000,0.0000,1.0139,-0.2627,2.1137,0.0000,enc,0.0000
1786025529.367588,0.1048,0.0,0.0,0.0000,0.0000,1.0139,-0.2627,2.1137,0.0000,enc,0.0000
1786025529.466863,0.0993,0.0,0.0,0.0000,0.0000,1.0139,-0.2627,2.1137,0.0000,enc,0.0000
1786025529.569068,0.1022,0.0,0.0,0.0000,0.0000,1.0139,-0.2627,2.1137,0.0000,enc,0.0000
1786025529.674105,0.1050,0.0,0.0,0.0000,0.0000,1.0139,-0.2627,2.1137,0.0000,enc,0.0000
1786025529.777054,0.1029,0.0,0.0,0.0000,0.0000,1.0139,-0.2627,2.1137,0.0000,enc,0.0000
1786025529.879011,0.1020,0.0,0.0,0.0000,0.0000,1.0139,-0.2627,2.1137,0.0000,enc,0.0000
1786025529.981266,0.1023,0.0,0.0,0.0000,0.0000,1.0139,-0.2627,2.1137,0.0000,enc,0.0000
1786025530.083751,0.1025,0.0,0.0,0.0000,0.0000,1.0139,-0.2627,2.1137,0.0000,enc,0.0000
1786025530.185552,0.1018,0.0,0.0,0.0000,0.0000,1.0139,-0.2627,2.1137,0.0000,enc,0.0000
1786025530.287790,0.1022,0.0,0.0,0.0000,0.0000,1.0139,-0.2627,2.1137,0.0000,enc,0.0000
1786025530.390003,0.1022,0.0,0.0,0.0000,0.0000,1.0139,-0.2627,2.1137,0.0000,enc,0.0000
1786025530.492407,0.1024,0.0,0.0,0.0000,0.0000,1.0139,-0.2627,2.1137,0.0000,enc,0.0000
1786025530.594245,0.1018,0.0,0.0,0.0000,0.0000,1.0139,-0.2627,2.1137,0.0000,enc,0.0000
1786025530.696245,0.1020,0.0,0.0,0.0000,0.0000,1.0139,-0.2627,2.1137,0.0000,enc,0.0000
1786025530.798395,0.1021,0.0,0.0,0.0000,0.0000,1.0139,-0.2627,2.1137,0.0000,enc,0.0000
1786025530.900695,0.1023,0.0,0.0,0.0000,0.0000,1.0139,-0.2627,2.1137,0.0000,enc,0.0000
1786025531.003042,0.1023,0.0,0.0,0.0000,0.0000,1.0139,-0.2627,2.1137,0.0000,enc,0.0000
1786025531.104006,0.1010,0.0,0.0,0.0000,0.0000,1.0139,-0.2627,2.1137,0.0000,enc,0.0000
1786025531.203662,0.0997,0.0,0.0,0.0000,0.0000,1.0139,-0.2627,2.1137,0.0000,enc,0.0000
1786025531.309407,0.1057,0.0,0.0,0.0000,0.0000,1.0139,-0.2627,2.1137,0.0000,enc,0.0000
1786025531.409973,0.1006,0.0,0.0,0.0000,0.0000,1.0139,-0.2627,2.1137,0.0000,enc,0.0000
1786025531.511042,0.1011,0.0,0.0,0.0000,0.0000,1.0139,-0.2627,2.1137,0.0000,enc,0.0000
1786025531.616351,0.1053,0.0,0.0,0.0000,0.0000,1.0139,-0.2627,2.1137,0.0000,enc,0.0000
1786025531.715375,0.0990,0.0,0.0,0.0000,0.0000,1.0139,-0.2627,2.1137,0.0000,enc,0.0000
1786025531.817065,0.1017,0.0,0.0,0.0000,0.0000,1.0139,-0.2627,2.1137,0.0000,enc,0.0000
1786025531.923401,0.1063,0.0,0.0,0.0000,0.0000,1.0139,-0.2627,2.1137,0.0000,enc,0.0000
1786025532.021333,0.0979,0.0,0.0,0.0000,0.0000,1.0139,-0.2627,2.1137,0.0000,enc,0.0000
1786025532.123529,0.1022,0.0,0.0,0.0000,0.0000,1.0139,-0.2627,2.1137,0.0000,enc,0.0000
1786025532.228599,0.1051,0.0,0.0,0.0000,0.0000,1.0139,-0.2627,2.1137,0.0000,enc,0.0000
1786025532.331424,0.1028,0.0,0.0,0.0000,0.0000,1.0139,-0.2627,2.1137,0.0000,enc,0.0000
1786025532.431739,0.1003,0.0,0.0,0.0000,0.0000,1.0139,-0.2627,2.1137,0.0000,enc,0.0000
1786025532.537019,0.1053,0.0,0.0,0.0000,0.0000,1.0139,-0.2627,2.1137,0.0000,enc,0.0000
1786025532.637998,0.1010,0.0,0.0,0.0000,0.0000,1.0139,-0.2627,2.1137,0.0000,enc,0.0000
1786025532.740313,0.1023,0.0,0.0,0.0000,0.0000,1.0139,-0.2627,2.1137,0.0000,enc,0.0000
1786025532.843977,0.1037,0.0,0.0,0.0000,0.0000,1.0139,-0.2627,2.1137,0.0000,enc,0.0000
1786025532.947040,0.1031,0.0,0.0,0.0000,0.0000,1.0139,-0.2627,2.1137,0.0000,enc,0.0000
1786025533.047217,0.1002,0.0,0.0,0.0000,0.0000,1.0139,-0.2627,2.1137,0.0000,enc,0.0000
1786025533.149435,0.1022,0.0,0.0,0.0000,0.0000,1.0139,-0.2627,2.1137,0.0000,enc,0.0000
1786025533.251435,0.1020,0.0,0.0,0.0000,0.0000,1.0139,-0.2627,2.1137,0.0000,enc,0.0000
1786025533.353589,0.1022,0.0,0.0,0.0000,0.0000,1.0139,-0.2627,2.1137,0.0000,enc,0.0000
1786025533.454990,0.1014,0.0,0.0,0.0000,0.0000,1.0139,-0.2627,2.1137,0.0000,enc,0.0000
1786025533.557817,0.1028,0.0,0.0,0.0000,0.0000,1.0139,-0.2627,2.1137,0.0000,enc,0.0000
1786025533.659053,0.1012,0.0,0.0,0.0000,0.0000,1.0139,-0.2627,2.1137,0.0000,enc,0.0000
1786025533.759377,0.1003,0.0,0.0,0.0000,0.0000,1.0139,-0.2627,2.1137,0.0000,enc,0.0000
1786025533.864997,0.1056,0.0,0.0,0.0000,0.0000,1.0139,-0.2627,2.1137,0.0000,enc,0.0000
1786025533.962984,0.0980,0.0,0.0,0.0000,0.0000,1.0139,-0.2627,2.1137,0.0000,enc,0.0000
1786025534.065389,0.1024,0.0,0.0,0.0000,0.0000,1.0139,-0.2627,2.1137,0.0000,enc,0.0000
1786025534.170753,0.1054,0.0,0.0,0.0000,0.0000,1.0139,-0.2627,2.1137,0.0000,enc,0.0000
1786025534.269269,0.0985,0.0,0.0,0.0000,0.0000,1.0139,-0.2627,2.1137,0.0000,enc,0.0000
1786025534.371522,0.1023,0.0,0.0,0.0000,0.0000,1.0139,-0.2627,2.1137,0.0000,enc,0.0000
1786025534.476206,0.1047,0.0,0.0,0.0000,0.0000,1.0139,-0.2627,2.1137,0.0000,enc,0.0000
1786025534.576491,0.1003,0.0,0.0,0.0000,0.0000,1.0139,-0.2627,2.1137,0.0000,enc,0.0000
1786025534.678625,0.1021,0.0,0.0,0.0000,0.0000,1.0139,-0.2627,2.1137,0.0000,enc,0.0000
1786025534.782905,0.1043,0.0,0.0,0.0000,0.0000,1.0139,-0.2627,2.1137,0.0000,enc,0.0000
1786025534.881780,0.0989,0.0,0.0,0.0000,0.0000,1.0139,-0.2627,2.1137,0.0000,enc,0.0000
1786025534.984049,0.1023,0.0,0.0,0.0000,0.0000,1.0139,-0.2627,2.1137,0.0000,enc,0.0000
1786025535.089065,0.1050,0.0,0.0,0.0000,0.0000,1.0139,-0.2627,2.1137,0.0000,enc,0.0000
1786025535.262961,0.1739,0.0,0.0,0.0000,0.0000,1.0139,-0.2627,2.1137,0.0000,enc,0.0000
1786025535.290062,0.0271,0.0,0.0,0.0000,0.0000,1.0139,-0.2627,2.1137,0.0000,enc,0.0000
1786025535.506519,0.2165,0.0,0.0,0.0000,0.0000,1.0139,-0.2627,2.1137,0.0000,enc,0.0000
1786025535.506571,0.0001,0.0,0.0,0.0000,0.0000,1.0139,-0.2627,2.1137,0.0000,enc,0.0000
1786025535.598748,0.0922,0.0,0.0,0.0000,0.0000,1.0139,-0.2627,2.1137,0.0000,enc,0.0000
1786025535.756597,0.1578,0.0,0.0,0.0000,0.0000,1.0139,-0.2627,2.1137,0.0000,enc,0.0000
1786025535.807939,0.0513,0.0,0.0,0.0000,0.0000,1.0139,-0.2627,2.1137,0.0000,enc,0.0000
1786025536.013014,0.2051,0.0,0.0,0.0000,0.0000,1.0139,-0.2627,2.1137,0.0000,enc,0.0000
1786025536.013052,0.0000,0.0,0.0,0.0000,0.0000,1.0139,-0.2627,2.1137,0.0000,enc,0.0000
1786025536.261840,0.2488,0.0,0.0,0.0000,0.0000,1.0139,-0.2627,2.1137,0.0000,enc,0.0000
1786025536.261884,0.0000,0.0,0.0,0.0000,0.0000,1.0139,-0.2627,2.1137,0.0000,enc,0.0000
1786025536.312292,0.0504,0.0,0.0,0.0000,0.0000,1.0139,-0.2627,2.1137,0.0000,enc,0.0000
1786025536.516872,0.2046,0.0,0.0,0.0000,0.0000,1.0139,-0.2627,2.1137,0.0000,enc,0.0000
1786025536.519222,0.0024,0.0,0.0,0.0000,0.0000,1.0139,-0.2627,2.1137,0.0000,enc,0.0000
1786025536.768927,0.2497,0.0,0.0,0.0000,0.0000,1.0139,-0.2627,2.1137,0.0000,enc,0.0000
1786025536.768970,0.0000,0.0,0.0,0.0000,0.0000,1.0139,-0.2627,2.1137,0.0000,enc,0.0000
1786025536.823027,0.0541,0.0,0.0,0.0000,0.0000,1.0139,-0.2627,2.1137,0.0000,enc,0.0000
1786025537.016547,0.1935,0.0,0.0,0.0000,0.0000,1.0139,-0.2627,2.1137,0.0000,enc,0.0000
1786025537.027380,0.0108,0.0,0.0,0.0000,0.0000,1.0139,-0.2627,2.1137,0.0000,enc,0.0000
1786025537.267987,0.2406,0.0,0.0,0.0000,0.0000,1.0139,-0.2627,2.1137,0.0000,enc,0.0000
1786025537.268921,0.0009,0.0,0.0,0.0000,0.0000,1.0139,-0.2627,2.1137,0.0000,enc,0.0000
1786025537.336277,0.0674,0.0,0.0,0.0000,0.0000,1.0139,-0.2627,2.1137,0.0000,enc,0.0000
1786025537.521162,0.1849,0.0,0.0,0.0000,0.0000,1.0139,-0.2627,2.1137,0.0000,enc,0.0000
1786025537.539093,0.0179,0.0,0.0,0.0000,0.0000,1.0139,-0.2627,2.1137,0.0000,enc,0.0000
1786025537.765661,0.2266,0.0,0.0,0.0000,0.0000,1.0139,-0.2627,2.1137,0.0000,enc,0.0000
1786025537.766374,0.0007,0.0,0.0,0.0000,0.0000,1.0139,-0.2627,2.1137,0.0000,enc,0.0000
1786025537.848522,0.0821,0.0,0.0,0.0000,0.0000,1.0139,-0.2627,2.1137,0.0000,enc,0.0000
1786025538.016015,0.1675,0.0,0.0,0.0000,0.0000,1.0139,-0.2627,2.1137,0.0000,enc,0.0000
1786025538.051372,0.0354,0.0,0.0,0.0000,0.0000,1.0139,-0.2627,2.1137,0.0000,enc,0.0000
1786025538.264360,0.2130,0.0,0.0,0.0000,0.0000,1.0139,-0.2627,2.1137,0.0000,enc,0.0000
1786025538.265020,0.0007,0.0,0.0,0.0000,0.0000,1.0139,-0.2627,2.1137,0.0000,enc,0.0000
1786025538.361275,0.0963,0.0,0.0,0.0000,0.0000,1.0139,-0.2627,2.1137,0.0000,enc,0.0000
1786025538.516691,0.1554,0.0,0.0,0.0000,0.0000,1.0139,-0.2627,2.1137,0.0000,enc,0.0000
1786025538.564016,0.0473,0.0,0.0,0.0000,0.0000,1.0139,-0.2627,2.1137,0.0000,enc,0.0000
1786025538.769780,0.2058,0.0,0.0,0.0000,0.0000,1.0139,-0.2627,2.1137,0.0000,enc,0.0000
1786025538.769827,0.0000,0.0,0.0,0.0000,0.0000,1.0139,-0.2627,2.1137,0.0000,enc,0.0000
1786025539.019654,0.2498,0.0,0.0,0.0000,0.0000,1.0139,-0.2627,2.1137,0.0000,enc,0.0000
1786025539.019737,0.0001,0.0,0.0,0.0000,0.0000,1.0139,-0.2627,2.1137,0.0000,enc,0.0000
1786025539.072903,0.0532,0.0,0.0,0.0000,0.0000,1.0139,-0.2627,2.1137,0.0000,enc,0.0000
1786025539.272479,0.1996,0.0,0.0,0.0000,0.0000,1.0139,-0.2627,2.1137,0.0000,enc,0.0000
1786025539.281887,0.0094,0.0,0.0,0.0000,0.0000,1.0139,-0.2627,2.1137,0.0000,enc,0.0000
1786025539.528523,0.2466,0.0,0.0,0.0000,0.0000,1.0139,-0.2627,2.1137,0.0000,enc,0.0000
1786025539.528679,0.0002,0.0,0.0,0.0000,0.0000,1.0139,-0.2627,2.1137,0.0000,enc,0.0000
1786025539.590121,0.0614,0.0,0.0,0.0000,0.0000,1.0139,-0.2627,2.1137,0.0000,enc,0.0000
1786025539.780676,0.1906,0.0,0.0,0.0000,0.0000,1.0139,-0.2627,2.1137,0.0000,enc,0.0000
1786025539.792024,0.0113,0.0,0.0,0.0000,0.0000,1.0139,-0.2627,2.1137,0.0000,enc,0.0000
1786025540.034002,0.2420,0.0,0.0,0.0000,0.0000,1.0139,-0.2627,2.1137,0.0000,enc,0.0000
1786025540.034334,0.0003,0.0,0.0,0.0000,0.0000,1.0139,-0.2627,2.1137,0.0000,enc,0.0000
1786025540.094728,0.0604,0.0,0.0,0.0000,0.0000,1.0139,-0.2627,2.1137,0.0000,enc,0.0000
1786025540.202410,0.1077,0.0,0.0,0.0000,0.0000,1.0139,-0.2627,2.1137,0.0000,enc,0.0000
1786025540.300941,0.0985,0.0,0.0,0.0000,0.0000,1.0139,-0.2627,2.1137,0.0000,enc,0.0000
1786025540.406652,0.1057,0.0,0.0,0.0000,0.0000,1.0139,-0.2627,2.1137,0.0000,enc,0.0000
1786025540.508910,0.1023,0.0,0.0,0.0000,0.0000,1.0139,-0.2627,2.1137,0.0000,enc,0.0000
1786025540.610937,0.1020,0.0,0.0,0.0000,0.0000,1.0139,-0.2627,2.1137,0.0000,enc,0.0000
1786025540.713454,0.1025,0.0,0.0,0.0000,0.0000,1.0139,-0.2627,2.1137,0.0000,enc,0.0000
1786025540.813761,0.1003,0.0,0.0,0.0000,0.0000,1.0139,-0.2627,2.1137,0.0000,enc,0.0000
1786025540.915007,0.1012,0.0,0.0,0.0000,0.0000,1.0139,-0.2627,2.1137,0.0000,enc,0.0000
1786025541.017303,0.1023,0.0,0.0,0.0000,0.0000,1.0139,-0.2627,2.1137,0.0000,enc,0.0000
1786025541.123623,0.1063,0.0,0.0,0.0000,0.0000,1.0139,-0.2627,2.1137,0.0000,enc,0.0000
1786025541.223628,0.1000,0.0,0.0,0.0000,0.0000,1.0139,-0.2627,2.1137,0.0000,enc,0.0000
1786025541.323803,0.1002,0.0,0.0,0.0000,0.0000,1.0139,-0.2627,2.1137,0.0000,enc,0.0000
1786025541.423827,0.1000,0.0,0.0,0.0000,0.0000,1.0139,-0.2627,2.1137,0.0000,enc,0.0000
1786025541.528001,0.1042,0.0,0.0,0.0000,0.0000,1.0139,-0.2627,2.1137,0.0000,enc,0.0000
1786025541.628634,0.1006,0.0,0.0,0.0000,0.0000,1.0139,-0.2627,2.1137,0.0000,enc,0.0000
1786025541.732786,0.1042,0.0,0.0,0.0000,0.0000,1.0139,-0.2627,2.1137,0.0000,enc,0.0000
1786025541.834996,0.1022,0.0,0.0,0.0000,0.0000,1.0139,-0.2627,2.1137,0.0000,enc,0.0000
1786025541.933157,0.0982,0.0,0.0,0.0000,0.0000,1.0139,-0.2627,2.1137,0.0000,enc,0.0000
1786025542.034937,0.1018,0.0,0.0,0.0000,0.0000,1.0139,-0.2627,2.1137,0.0000,enc,0.0000
1786025542.144004,0.1091,0.0,0.0,0.0000,0.0000,1.0139,-0.2627,2.1137,0.0000,enc,0.0000
1786025542.240567,0.0966,0.0,0.0,0.0000,0.0000,1.0139,-0.2627,2.1137,0.0000,enc,0.0000
1786025542.341289,0.1007,0.0,0.0,0.0000,0.0000,1.0139,-0.2627,2.1137,0.0000,enc,0.0000
1786025542.459981,0.1187,0.0,0.0,0.0000,0.0000,1.0139,-0.2627,2.1137,0.0000,enc,0.0000
1786025542.545265,0.0853,0.0,0.0,0.0000,0.0000,1.0139,-0.2627,2.1137,0.0000,enc,0.0000
1786025542.647861,0.1026,0.0,0.0,0.0000,0.0000,1.0139,-0.2627,2.1137,0.0000,enc,0.0000
1786025542.752529,0.1047,0.0,0.0,0.0000,0.0000,1.0139,-0.2627,2.1137,0.0000,enc,0.0000
1786025542.853844,0.1013,0.0,0.0,0.0000,0.0000,1.0139,-0.2627,2.1137,0.0000,enc,0.0000
1786025542.954100,0.1003,0.0,0.0,0.0000,0.0000,1.0139,-0.2627,2.1137,0.0000,enc,0.0000
1786025543.062007,0.1079,0.0,0.0,0.0000,0.0000,1.0139,-0.2627,2.1137,0.0000,enc,0.0000
1786025543.160652,0.0986,0.0,0.0,0.0000,0.0000,1.0139,-0.2627,2.1137,0.0000,enc,0.0000
1786025543.263323,0.1027,0.0,0.0,0.0000,0.0000,1.0139,-0.2627,2.1137,0.0000,enc,0.0000
1786025543.367997,0.1047,0.0,0.0,0.0000,0.0000,1.0139,-0.2627,2.1137,0.0000,enc,0.0000
1786025543.468288,0.1003,0.0,0.0,0.0000,0.0000,1.0139,-0.2627,2.1137,0.0000,enc,0.0000
1786025543.570644,0.1024,0.0,0.0,0.0000,0.0000,1.0139,-0.2627,2.1137,0.0000,enc,0.0000
1786025543.674461,0.1038,0.0,0.0,0.0000,0.0000,1.0139,-0.2627,2.1137,0.0000,enc,0.0000
1786025543.774638,0.1002,0.0,0.0,0.0000,0.0000,1.0139,-0.2627,2.1137,0.0000,enc,0.0000
1786025543.877650,0.1030,0.0,0.0,0.0000,0.0000,1.0139,-0.2627,2.1137,0.0000,enc,0.0000
1786025543.979868,0.1022,0.0,0.0,0.0000,0.0000,1.0139,-0.2627,2.1137,0.0000,enc,0.0000
1786025544.083031,0.1032,0.0,0.0,0.0000,0.0000,1.0139,-0.2627,2.1137,0.0000,enc,0.0000
1786025544.183846,0.1008,0.0,0.0,0.0000,0.0000,1.0139,-0.2627,2.1137,0.0000,enc,0.0000
1786025544.285920,0.1021,0.0,0.0,0.0000,0.0000,1.0139,-0.2627,2.1137,0.0000,enc,0.0000
1786025544.390105,0.1042,0.0,0.0,0.0000,0.0000,1.0139,-0.2627,2.1137,0.0000,enc,0.0000
1786025544.488870,0.0988,0.0,0.0,0.0000,0.0000,1.0139,-0.2627,2.1137,0.0000,enc,0.0000
1786025544.591930,0.1031,0.0,0.0,0.0000,0.0000,1.0139,-0.2627,2.1137,0.0000,enc,0.0000
1786025544.697034,0.1051,0.0,0.0,0.0000,0.0000,1.0139,-0.2627,2.1137,0.0000,enc,0.0000
1786025544.795808,0.0988,0.0,0.0,0.0000,0.0000,1.0139,-0.2627,2.1137,0.0000,enc,0.0000
1786025544.896429,0.1006,0.0,0.0,0.0000,0.0000,1.0139,-0.2627,2.1137,0.0000,enc,0.0000
1786025545.005026,0.1086,0.0,0.0,0.0000,0.0000,1.0139,-0.2627,2.1137,0.0000,enc,0.0000
1786025545.102627,0.0976,0.0,0.0,0.0000,0.0000,1.0139,-0.2627,2.1137,0.0000,enc,0.0000
1786025545.206774,0.1041,0.0,0.0,0.0000,0.0000,1.0139,-0.2627,2.1137,0.0000,enc,0.0000
1786025545.310009,0.1032,0.0,0.0,0.0000,0.0000,1.0139,-0.2627,2.1137,0.0000,enc,0.0000
1786025545.410892,0.1009,0.0,0.0,0.0000,0.0000,1.0139,-0.2627,2.1137,0.0000,enc,0.0000
1786025545.513838,0.1029,0.0,0.0,0.0000,0.0000,1.0139,-0.2627,2.1137,0.0000,enc,0.0000
1786025545.618902,0.1051,0.0,0.0,0.0000,0.0000,1.0139,-0.2627,2.1137,0.0000,enc,0.0000
1786025545.717499,0.0986,0.0,0.0,0.0000,0.0000,1.0139,-0.2627,2.1137,0.0000,enc,0.0000
1786025545.824786,0.1073,0.0,0.0,0.0000,0.0000,1.0139,-0.2627,2.1137,0.0000,enc,0.0000
1786025545.920661,0.0959,0.0,0.0,0.0000,0.0000,1.0139,-0.2627,2.1137,0.0000,enc,0.0000
1786025546.025371,0.1047,0.0,0.0,0.0000,0.0000,1.0139,-0.2627,2.1137,0.0000,enc,0.0000
1786025546.122878,0.0975,0.0,0.0,0.0000,0.0000,1.0139,-0.2627,2.1137,0.0000,enc,0.0000
1786025546.229859,0.1070,0.0,0.0,0.0000,0.0000,1.0139,-0.2627,2.1137,0.0000,enc,0.0000
1786025546.358394,0.1285,0.0,0.0,0.0000,0.0000,1.0139,-0.2627,2.1137,0.0000,enc,0.0000
1786025546.462089,0.1037,0.0,0.0,0.0000,0.0000,1.0139,-0.2627,2.1137,0.0000,enc,0.0000
1786025546.537144,0.0751,0.0,0.0,0.0000,0.0000,1.0139,-0.2627,2.1137,0.0000,enc,0.0000
1786025546.663648,0.1265,0.0,0.0,0.0000,0.0000,1.0139,-0.2627,2.1137,0.0000,enc,0.0000
1786025546.764027,0.1004,0.0,0.0,0.0000,0.0000,1.0139,-0.2627,2.1137,0.0000,enc,0.0000
1786025546.855303,0.0913,0.0,0.0,0.0000,0.0000,1.0139,-0.2627,2.1137,0.0000,enc,0.0000
1786025546.952622,0.0973,0.0,0.0,0.0000,0.0000,1.0139,-0.2627,2.1137,0.0000,enc,0.0000
1786025547.044720,0.0921,0.0,0.0,0.0000,0.0000,1.0139,-0.2627,2.1137,0.0000,enc,0.0000
1786025547.143644,0.0989,0.0,0.0,0.0000,0.0000,1.0139,-0.2627,2.1137,0.0000,enc,0.0000
1786025547.251921,0.1083,0.0,0.0,0.0000,0.0000,1.0139,-0.2627,2.1137,0.0000,enc,0.0000
1786025547.350249,0.0983,0.0,0.0,0.0000,0.0000,1.0139,-0.2627,2.1137,0.0000,enc,0.0000
1786025547.454249,0.1040,0.0,0.0,0.0000,0.0000,1.0139,-0.2627,2.1137,0.0000,enc,0.0000
1786025547.559037,0.1048,0.0,0.0,0.0000,0.0000,1.0139,-0.2627,2.1137,0.0000,enc,0.0000
1786025547.655896,0.0969,0.0,0.0,0.0000,0.0000,1.0139,-0.2627,2.1137,0.0000,enc,0.0000
1786025547.759915,0.1040,0.0,0.0,0.0000,0.0000,1.0139,-0.2627,2.1137,0.0000,enc,0.0000
1786025547.864998,0.1051,0.0,0.0,0.0000,0.0000,1.0139,-0.2627,2.1137,0.0000,enc,0.0000
1786025547.966327,0.1013,0.0,0.0,0.0000,0.0000,1.0139,-0.2627,2.1137,0.0000,enc,0.0000
1786025548.068579,0.1023,0.0,0.0,0.0000,0.0000,1.0139,-0.2627,2.1137,0.0000,enc,0.0000
1786025548.173024,0.1044,0.0,0.0,0.0000,0.0000,1.0139,-0.2627,2.1137,0.0000,enc,0.0000
1786025548.272906,0.0999,0.0,0.0,0.0000,0.0000,1.0139,-0.2627,2.1137,0.0000,enc,0.0000
1786025548.374929,0.1020,0.0,0.0,0.0000,0.0000,1.0139,-0.2627,2.1137,0.0000,enc,0.0000
1786025548.480999,0.1061,0.0,0.0,0.0000,0.0000,1.0139,-0.2627,2.1137,0.0000,enc,0.0000
1786025548.579842,0.0988,0.0,0.0,0.0000,0.0000,1.0139,-0.2627,2.1137,0.0000,enc,0.0000
1786025548.682714,0.1029,0.0,0.0,0.0000,0.0000,1.0139,-0.2627,2.1137,0.0000,enc,0.0000
1786025548.785005,0.1023,0.0,0.0,0.0000,0.0000,1.0139,-0.2627,2.1137,0.0000,enc,0.0000
1786025548.886919,0.1019,0.0,0.0,0.0000,0.0000,1.0139,-0.2627,2.1137,0.0000,enc,0.0000
1786025548.988863,0.1019,0.0,0.0,0.0000,0.0000,1.0139,-0.2627,2.1137,0.0000,enc,0.0000
1786025549.089244,0.1004,0.0,0.0,0.0000,0.0000,1.0139,-0.2627,2.1137,0.0000,enc,0.0000
1786025549.199029,0.1098,0.0,0.0,0.0000,0.0000,1.0139,-0.2627,2.1137,0.0000,enc,0.0000
1786025549.296312,0.0973,0.0,0.0,0.0000,0.0000,1.0139,-0.2627,2.1137,0.0000,enc,0.0000
1786025549.394424,0.0981,0.0,0.0,0.0000,0.0000,1.0139,-0.2627,2.1137,0.0000,enc,0.0000
1786025549.501019,0.1066,0.0,0.0,0.0000,0.0000,1.0139,-0.2627,2.1137,0.0000,enc,0.0000
1786025549.599583,0.0986,0.0,0.0,0.0000,0.0000,1.0139,-0.2627,2.1137,0.0000,enc,0.0000
1786025549.701032,0.1014,0.0,0.0,0.0000,0.0000,1.0139,-0.2627,2.1137,0.0000,enc,0.0000
1786025549.811761,0.1107,0.0,0.0,0.0000,0.0000,1.0139,-0.2627,2.1137,0.0000,enc,0.0000
1786025549.905895,0.0941,0.0,0.0,0.0000,0.0000,1.0139,-0.2627,2.1137,0.0000,enc,0.0000
1786025550.007920,0.1020,0.0,0.0,0.0000,0.0000,1.0139,-0.2627,2.1137,0.0000,enc,0.0000
1786025550.265129,0.2572,0.0,0.0,0.0000,0.0000,1.0139,-0.2627,2.1137,0.0000,enc,0.0000
1786025550.269932,0.0048,0.0,0.0,0.0000,0.0000,1.0139,-0.2627,2.1137,0.0000,enc,0.0000
1786025550.315934,0.0460,0.0,0.0,0.0000,0.0000,1.0139,-0.2627,2.1137,0.0000,enc,0.0000
1786025550.520957,0.2050,0.0,0.0,0.0000,0.0000,1.0139,-0.2627,2.1137,0.0000,enc,0.0000
1786025550.521896,0.0009,0.0,0.0,0.0000,0.0000,1.0139,-0.2627,2.1137,0.0000,enc,0.0000
1786025550.763829,0.2419,0.0,0.0,0.0000,0.0000,1.0139,-0.2627,2.1137,0.0000,enc,0.0000
1786025550.765328,0.0015,0.0,0.0,0.0000,0.0000,1.0139,-0.2627,2.1137,0.0000,enc,0.0000
1786025550.824635,0.0593,0.0,0.0,0.0000,0.0000,1.0139,-0.2627,2.1137,0.0000,enc,0.0000
1786025551.021518,0.1969,0.0,0.0,0.0000,0.0000,1.0139,-0.2627,2.1137,0.0000,enc,0.0000
1786025551.034954,0.0134,0.0,0.0,0.0000,0.0000,1.0139,-0.2627,2.1137,0.0000,enc,0.0000
1786025551.266792,0.2318,0.0,0.0,0.0000,0.0000,1.0139,-0.2627,2.1137,0.0000,enc,0.0000
1786025551.266973,0.0002,0.0,0.0,0.0000,0.0000,1.0139,-0.2627,2.1137,0.0000,enc,0.0000
1786025551.339407,0.0724,0.0,0.0,0.0000,0.0000,1.0139,-0.2627,2.1137,0.0000,enc,0.0000
1786025551.518551,0.1791,0.0,0.0,0.0000,0.0000,1.0139,-0.2627,2.1137,0.0000,enc,0.0000
1786025551.547507,0.0290,0.0,0.0,0.0000,0.0000,1.0139,-0.2627,2.1137,0.0000,enc,0.0000
1786025551.774576,0.2271,0.0,0.0,0.0000,0.0000,1.0139,-0.2627,2.1137,0.0000,enc,0.0000
1786025551.774639,0.0001,0.0,0.0,0.0000,0.0000,1.0139,-0.2627,2.1137,0.0000,enc,0.0000
1786025551.846908,0.0723,0.0,0.0,0.0000,0.0000,1.0139,-0.2627,2.1137,0.0000,enc,0.0000
1786025552.021752,0.1748,0.0,0.0,0.0000,0.0000,1.0139,-0.2627,2.1137,0.0000,enc,0.0000
1786025552.051411,0.0297,0.0,0.0,0.0000,0.0000,1.0139,-0.2627,2.1137,0.0000,enc,0.0000
1786025552.271700,0.2203,0.0,0.0,0.0000,0.0000,1.0139,-0.2627,2.1137,0.0000,enc,0.0000
1786025552.271763,0.0001,0.0,0.0,0.0000,0.0000,1.0139,-0.2627,2.1137,0.0000,enc,0.0000
1786025552.360751,0.0890,0.0,0.0,0.0000,0.0000,1.0139,-0.2627,2.1137,0.0000,enc,0.0000
1786025552.518598,0.1578,0.0,0.0,0.0000,0.0000,1.0139,-0.2627,2.1137,0.0000,enc,0.0000
1786025552.562763,0.0442,0.0,0.0,0.0000,0.0000,1.0139,-0.2627,2.1137,0.0000,enc,0.0000
1786025552.770473,0.2077,0.0,0.0,0.0000,0.0000,1.0139,-0.2627,2.1137,0.0000,enc,0.0000
1786025552.772001,0.0015,0.0,0.0,0.0000,0.0000,1.0139,-0.2627,2.1137,0.0000,enc,0.0000
1786025553.020956,0.2490,0.0,0.0,0.0000,0.0000,1.0139,-0.2627,2.1137,0.0000,enc,0.0000
1786025553.021020,0.0001,0.0,0.0,0.0000,0.0000,1.0139,-0.2627,2.1137,0.0000,enc,0.0000
1786025553.073749,0.0527,0.0,0.0,0.0000,0.0000,1.0139,-0.2627,2.1137,0.0000,enc,0.0000
1786025553.271037,0.1973,0.0,0.0,0.0000,0.0000,1.0139,-0.2627,2.1137,0.0000,enc,0.0000
1786025553.277935,0.0069,0.0,0.0,0.0000,0.0000,1.0139,-0.2627,2.1137,0.0000,enc,0.0000
1786025553.523047,0.2451,0.0,0.0,0.0000,0.0000,1.0139,-0.2627,2.1137,0.0000,enc,0.0000
1786025553.523117,0.0001,0.0,0.0,0.0000,0.0000,1.0139,-0.2627,2.1137,0.0000,enc,0.0000
1786025553.589736,0.0666,0.0,0.0,0.0000,0.0000,1.0139,-0.2627,2.1137,0.0000,enc,0.0000
1786025553.772955,0.1832,0.0,0.0,0.0000,0.0000,1.0139,-0.2627,2.1137,0.0000,enc,0.0000
1786025553.788075,0.0151,0.0,0.0,0.0000,0.0000,1.0139,-0.2627,2.1137,0.0000,enc,0.0000
1786025554.027426,0.2394,0.0,0.0,0.0000,0.0000,1.0139,-0.2627,2.1137,0.0000,enc,0.0000
1786025554.027512,0.0001,0.0,0.0,0.0000,0.0000,1.0139,-0.2627,2.1137,0.0000,enc,0.0000
1786025554.098124,0.0706,0.0,0.0,0.0000,0.0000,1.0139,-0.2627,2.1137,0.0000,enc,0.0000
1786025554.281033,0.1829,0.0,0.0,0.0000,0.0000,1.0139,-0.2627,2.1137,0.0000,enc,0.0000
1786025554.308945,0.0279,0.0,0.0,0.0000,0.0000,1.0139,-0.2627,2.1137,0.0000,enc,0.0000
1786025554.533720,0.2248,0.0,0.0,0.0000,0.0000,1.0139,-0.2627,2.1137,0.0000,enc,0.0000
1786025554.533776,0.0001,0.0,0.0,0.0000,0.0000,1.0139,-0.2627,2.1137,0.0000,enc,0.0000
1786025554.608196,0.0744,0.0,0.0,0.0000,0.0000,1.0139,-0.2627,2.1137,0.0000,enc,0.0000
1786025554.785867,0.1777,0.0,0.0,0.0000,0.0000,1.0139,-0.2627,2.1137,0.0000,enc,0.0000
1786025554.809237,0.0234,0.0,0.0,0.0000,0.0000,1.0139,-0.2627,2.1137,0.0000,enc,0.0000
1786025555.040801,0.2316,0.0,0.0,0.0000,0.0000,1.0139,-0.2627,2.1137,0.0000,enc,0.0000
1786025555.040871,0.0001,0.0,0.0,0.0000,0.0000,1.0139,-0.2627,2.1137,0.0000,enc,0.0000
1786025555.115823,0.0750,0.0,0.0,0.0000,0.0000,1.0139,-0.2627,2.1137,0.0000,enc,0.0000
1786025555.221174,0.1054,0.0,0.0,0.0000,0.0000,1.0139,-0.2627,2.1137,0.0000,enc,0.0000
1786025555.323116,0.1019,0.0,0.0,0.0000,0.0000,1.0139,-0.2627,2.1137,0.0000,enc,0.0000
1786025555.421969,0.0989,0.0,0.0,0.0000,0.0000,1.0139,-0.2627,2.1137,0.0000,enc,0.0000
1786025555.527455,0.1055,0.0,0.0,0.0000,0.0000,1.0139,-0.2627,2.1137,0.0000,enc,0.0000
1786025555.627434,0.1000,0.0,0.0,0.0000,0.0000,1.0139,-0.2627,2.1137,0.0000,enc,0.0000
1786025555.728850,0.1014,0.0,0.0,0.0000,0.0000,1.0139,-0.2627,2.1137,0.0000,enc,0.0000
1786025555.833414,0.1046,0.0,0.0,0.0000,0.0000,1.0139,-0.2627,2.1137,0.0000,enc,0.0000
1786025555.936025,0.1026,0.0,0.0,0.0000,0.0000,1.0139,-0.2627,2.1137,0.0000,enc,0.0000
1786025556.039351,0.1033,0.0,0.0,0.0000,0.0000,1.0139,-0.2627,2.1137,0.0000,enc,0.0000
1786025556.141190,0.1018,0.0,0.0,0.0000,0.0000,1.0139,-0.2627,2.1137,0.0000,enc,0.0000
1786025556.241987,0.1008,0.0,0.0,0.0000,0.0000,1.0139,-0.2627,2.1137,0.0000,enc,0.0000
1786025556.345191,0.1032,0.0,0.0,0.0000,0.0000,1.0139,-0.2627,2.1137,0.0000,enc,0.0000
1786025556.448596,0.1034,0.0,0.0,0.0000,0.0000,1.0139,-0.2627,2.1137,0.0000,enc,0.0000
1786025556.549433,0.1008,0.0,0.0,0.0000,0.0000,1.0139,-0.2627,2.1137,0.0000,enc,0.0000
1786025556.651419,0.1020,0.0,0.0,0.0000,0.0000,1.0139,-0.2627,2.1137,0.0000,enc,0.0000
1786025556.753737,0.1023,0.0,0.0,0.0000,0.0000,1.0139,-0.2627,2.1137,0.0000,enc,0.0000
1786025556.856289,0.1026,0.0,0.0,0.0000,0.0000,1.0139,-0.2627,2.1137,0.0000,enc,0.0000
1786025556.957941,0.1017,0.0,0.0,0.0000,0.0000,1.0139,-0.2627,2.1137,0.0000,enc,0.0000
1786025557.057082,0.0991,0.0,0.0,0.0000,0.0000,1.0139,-0.2627,2.1137,0.0000,enc,0.0000
1786025557.162810,0.1057,0.0,0.0,0.0000,0.0000,1.0139,-0.2627,2.1137,0.0000,enc,0.0000
1786025557.262277,0.0995,0.0,0.0,0.0000,0.0000,1.0139,-0.2627,2.1137,0.0000,enc,0.0000
1786025557.364408,0.1021,0.0,0.0,0.0000,0.0000,1.0139,-0.2627,2.1137,0.0000,enc,0.0000
1786025557.468905,0.1045,0.0,0.0,0.0000,0.0000,1.0139,-0.2627,2.1137,0.0000,enc,0.0000
1786025557.567764,0.0989,0.0,0.0,0.0000,0.0000,1.0139,-0.2627,2.1137,0.0000,enc,0.0000
1786025557.670208,0.1024,0.0,0.0,0.0000,0.0000,1.0139,-0.2627,2.1137,0.0000,enc,0.0000
1786025557.775459,0.1053,0.0,0.0,0.0000,0.0000,1.0139,-0.2627,2.1137,0.0000,enc,0.0000
1786025557.874881,0.0994,0.0,0.0,0.0000,0.0000,1.0139,-0.2627,2.1137,0.0000,enc,0.0000
1786025557.976990,0.1021,0.0,0.0,0.0000,0.0000,1.0139,-0.2627,2.1137,0.0000,enc,0.0000
1786025558.081295,0.1043,0.0,0.0,0.0000,0.0000,1.0139,-0.2627,2.1137,0.0000,enc,0.0000
1786025558.181309,0.1000,0.0,0.0,0.0000,0.0000,1.0139,-0.2627,2.1137,0.0000,enc,0.0000
1786025558.283662,0.1024,0.0,0.0,0.0000,0.0000,1.0139,-0.2627,2.1137,0.0000,enc,0.0000
1786025558.387965,0.1043,0.0,0.0,0.0000,0.0000,1.0139,-0.2627,2.1137,0.0000,enc,0.0000
1786025558.490041,0.1021,0.0,0.0,0.0000,0.0000,1.0139,-0.2627,2.1137,0.0000,enc,0.0000
1786025558.589334,0.0993,0.0,0.0,0.0000,0.0000,1.0139,-0.2627,2.1137,0.0000,enc,0.0000
1786025558.694842,0.1055,0.0,0.0,0.0000,0.0000,1.0139,-0.2627,2.1137,0.0000,enc,0.0000
1786025558.795911,0.1011,0.0,0.0,0.0000,0.0000,1.0139,-0.2627,2.1137,0.0000,enc,0.0000
1786025558.896236,0.1003,0.0,0.0,0.0000,0.0000,1.0139,-0.2627,2.1137,0.0000,enc,0.0000
1786025559.000782,0.1045,0.0,0.0,0.0000,0.0000,1.0139,-0.2627,2.1137,0.0000,enc,0.0000
1786025559.103612,0.1028,0.0,0.0,0.0000,0.0000,1.0139,-0.2627,2.1137,0.0000,enc,0.0000
1786025559.205663,0.1021,0.0,0.0,0.0000,0.0000,1.0139,-0.2627,2.1137,0.0000,enc,0.0000
1786025559.307279,0.1016,0.0,0.0,0.0000,0.0000,1.0139,-0.2627,2.1137,0.0000,enc,0.0000
1786025559.411930,0.1047,0.0,0.0,0.0000,0.0000,1.0139,-0.2627,2.1137,0.0000,enc,0.0000
1786025559.511653,0.0997,0.0,0.0,0.0000,0.0000,1.0139,-0.2627,2.1137,0.0000,enc,0.0000
1786025559.611226,0.0996,0.0,0.0,0.0000,0.0000,1.0139,-0.2627,2.1137,0.0000,enc,0.0000
1786025559.716961,0.1057,0.0,0.0,0.0000,0.0000,1.0139,-0.2627,2.1137,0.0000,enc,0.0000
1786025559.815164,0.0982,0.0,0.0,0.0000,0.0000,1.0139,-0.2627,2.1137,0.0000,enc,0.0000
1786025559.918014,0.1029,0.0,0.0,0.0000,0.0000,1.0139,-0.2627,2.1137,0.0000,enc,0.0000
1786025560.022748,0.1047,0.0,0.0,0.0000,0.0000,1.0139,-0.2627,2.1137,0.0000,enc,0.0000
1786025560.122026,0.0993,0.0,0.0,0.0000,0.0000,1.0139,-0.2627,2.1137,0.0000,enc,0.0000
1786025560.223456,0.1014,0.0,0.0,0.0000,0.0000,1.0139,-0.2627,2.1137,0.0000,enc,0.0000
1786025560.329094,0.1056,0.0,0.0,0.0000,0.0000,1.0139,-0.2627,2.1137,0.0000,enc,0.0000
1786025560.429252,0.1002,0.0,0.0,0.0000,0.0000,1.0139,-0.2627,2.1137,0.0000,enc,0.0000
1786025560.531003,0.1018,0.0,0.0,0.0000,0.0000,1.0139,-0.2627,2.1137,0.0000,enc,0.0000
1786025560.661788,0.1308,0.0,0.0,0.0000,0.0000,1.0139,-0.2627,2.1137,0.0000,enc,0.0000
1786025560.756504,0.0947,0.0,0.0,0.0000,0.0000,1.0139,-0.2627,2.1137,0.0000,enc,0.0000
1786025560.887809,0.1313,0.0,0.0,0.0000,0.0000,1.0139,-0.2627,2.1137,0.0000,enc,0.0000
1786025560.963275,0.0755,0.0,0.0,0.0000,0.0000,1.0139,-0.2627,2.1137,0.0000,enc,0.0000
1786025561.043681,0.0804,0.0,0.0,0.0000,0.0000,1.0139,-0.2627,2.1137,0.0000,enc,0.0000
1786025561.143630,0.0999,0.0,0.0,0.0000,0.0000,1.0139,-0.2627,2.1137,0.0000,enc,0.0000
1786025561.248839,0.1052,0.0,0.0,0.0000,0.0000,1.0139,-0.2627,2.1137,0.0000,enc,0.0000
1786025561.350209,0.1014,0.0,0.0,0.0000,0.0000,1.0139,-0.2627,2.1137,0.0000,enc,0.0000
1786025561.449523,0.0993,0.0,0.0,0.0000,0.0000,1.0139,-0.2627,2.1137,0.0000,enc,0.0000
1786025561.554196,0.1047,0.0,0.0,0.0000,0.0000,1.0139,-0.2627,2.1137,0.0000,enc,0.0000
1786025561.657262,0.1031,0.0,0.0,0.0000,0.0000,1.0139,-0.2627,2.1137,0.0000,enc,0.0000
1786025561.758771,0.1015,0.0,0.0,0.0000,0.0000,1.0139,-0.2627,2.1137,0.0000,enc,0.0000
1786025561.861807,0.1030,0.0,0.0,0.0000,0.0000,1.0139,-0.2627,2.1137,0.0000,enc,0.0000
1786025561.963219,0.1014,0.0,0.0,0.0000,0.0000,1.0139,-0.2627,2.1137,0.0000,enc,0.0000
1786025562.066572,0.1034,0.0,0.0,0.0000,0.0000,1.0139,-0.2627,2.1137,0.0000,enc,0.0000
1786025562.167757,0.1012,0.0,0.0,0.0000,0.0000,1.0139,-0.2627,2.1137,0.0000,enc,0.0000
1786025562.269571,0.1018,0.0,0.0,0.0000,0.0000,1.0139,-0.2627,2.1137,0.0000,enc,0.0000
1786025562.371891,0.1023,0.0,0.0,0.0000,0.0000,1.0139,-0.2627,2.1137,0.0000,enc,0.0000
1786025562.472619,0.1007,0.0,0.0,0.0000,0.0000,1.0139,-0.2627,2.1137,0.0000,enc,0.0000
1786025562.577923,0.1053,0.0,0.0,0.0000,0.0000,1.0139,-0.2627,2.1137,0.0000,enc,0.0000
1786025562.676409,0.0985,0.0,0.0,0.0000,0.0000,1.0139,-0.2627,2.1137,0.0000,enc,0.0000
1786025562.779495,0.1031,0.0,0.0,0.0000,0.0000,1.0139,-0.2627,2.1137,0.0000,enc,0.0000
1786025562.884903,0.1054,0.0,0.0,0.0000,0.0000,1.0139,-0.2627,2.1137,0.0000,enc,0.0000
1786025562.983339,0.0984,0.0,0.0,0.0000,0.0000,1.0139,-0.2627,2.1137,0.0000,enc,0.0000
1786025563.085518,0.1022,0.0,0.0,0.0000,0.0000,1.0139,-0.2627,2.1137,0.0000,enc,0.0000
1786025563.190996,0.1055,0.0,0.0,0.0000,0.0000,1.0139,-0.2627,2.1137,0.0000,enc,0.0000
1786025563.289636,0.0986,0.0,0.0,0.0000,0.0000,1.0139,-0.2627,2.1137,0.0000,enc,0.0000
1786025563.391685,0.1020,0.0,0.0,0.0000,0.0000,1.0139,-0.2627,2.1137,0.0000,enc,0.0000
1786025563.497984,0.1063,0.0,0.0,0.0000,0.0000,1.0139,-0.2627,2.1137,0.0000,enc,0.0000
1786025563.598202,0.1002,0.0,0.0,0.0000,0.0000,1.0139,-0.2627,2.1137,0.0000,enc,0.0000
1786025563.697581,0.0994,0.0,0.0,0.0000,0.0000,1.0139,-0.2627,2.1137,0.0000,enc,0.0000
1786025563.803123,0.1055,0.0,0.0,0.0000,0.0000,1.0139,-0.2627,2.1137,0.0000,enc,0.0000
1786025563.905854,0.1027,0.0,0.0,0.0000,0.0000,1.0139,-0.2627,2.1137,0.0000,enc,0.0000
1786025564.007911,0.1021,0.0,0.0,0.0000,0.0000,1.0139,-0.2627,2.1137,0.0000,enc,0.0000
1786025564.109711,0.1018,0.0,0.0,0.0000,0.0000,1.0139,-0.2627,2.1137,0.0000,enc,0.0000
1786025564.211978,0.1023,0.0,0.0,0.0000,0.0000,1.0139,-0.2627,2.1137,0.0000,enc,0.0000
1786025564.313837,0.1019,0.0,0.0,0.0000,0.0000,1.0139,-0.2627,2.1137,0.0000,enc,0.0000
1786025564.416748,0.1029,0.0,0.0,0.0000,0.0000,1.0139,-0.2627,2.1137,0.0000,enc,0.0000
1786025564.519041,0.1023,0.0,0.0,0.0000,0.0000,1.0139,-0.2627,2.1137,0.0000,enc,0.0000
1786025564.620773,0.1017,0.0,0.0,0.0000,0.0000,1.0139,-0.2627,2.1137,0.0000,enc,0.0000
1786025564.721734,0.1010,0.0,0.0,0.0000,0.0000,1.0139,-0.2627,2.1137,0.0000,enc,0.0000
1786025564.823596,0.1019,0.0,0.0,0.0000,0.0000,1.0139,-0.2627,2.1137,0.0000,enc,0.0000
1786025564.926131,0.1025,0.0,0.0,0.0000,0.0000,1.0139,-0.2627,2.1137,0.0000,enc,0.0000
1786025565.025833,0.0997,0.0,0.0,0.0000,0.0000,1.0139,-0.2627,2.1137,0.0000,enc,0.0000
1786025565.269957,0.2441,0.0,0.0,0.0000,0.0000,1.0139,-0.2627,2.1137,0.0000,enc,0.0000
1786025565.270004,0.0000,0.0,0.0,0.0000,0.0000,1.0139,-0.2627,2.1137,0.0000,enc,0.0000
1786025565.332559,0.0626,0.0,0.0,0.0000,0.0000,1.0139,-0.2627,2.1137,0.0000,enc,0.0000
1786025565.519799,0.1872,0.0,0.0,0.0000,0.0000,1.0139,-0.2627,2.1137,0.0000,enc,0.0000
1786025565.536927,0.0171,0.0,0.0,0.0000,0.0000,1.0139,-0.2627,2.1137,0.0000,enc,0.0000
1786025565.755621,0.2187,0.0,0.0,0.0000,0.0000,1.0139,-0.2627,2.1137,0.0000,enc,0.0000
1786025565.756872,0.0013,0.0,0.0,0.0000,0.0000,1.0139,-0.2627,2.1137,0.0000,enc,0.0000
1786025565.851820,0.0949,0.0,0.0,0.0000,0.0000,1.0139,-0.2627,2.1137,0.0000,enc,0.0000
1786025566.005520,0.1537,0.0,0.0,0.0000,0.0000,1.0139,-0.2627,2.1137,0.0000,enc,0.0000
1786025566.050722,0.0452,0.0,0.0,0.0000,0.0000,1.0139,-0.2627,2.1137,0.0000,enc,0.0000
1786025566.257824,0.2071,0.0,0.0,0.0000,0.0000,1.0139,-0.2627,2.1137,0.0000,enc,0.0000
1786025566.257864,0.0000,0.0,0.0,0.0000,0.0000,1.0139,-0.2627,2.1137,0.0000,enc,0.0000
1786025566.508884,0.2510,0.0,0.0,0.0000,0.0000,1.0139,-0.2627,2.1137,0.0000,enc,0.0000
1786025566.508926,0.0000,0.0,0.0,0.0000,0.0000,1.0139,-0.2627,2.1137,0.0000,enc,0.0000
1786025566.561084,0.0522,0.0,0.0,0.0000,0.0000,1.0139,-0.2627,2.1137,0.0000,enc,0.0000
1786025566.751729,0.1906,0.0,0.0,0.0000,0.0000,1.0139,-0.2627,2.1137,0.0000,enc,0.0000
1786025566.761919,0.0102,0.0,0.0,0.0000,0.0000,1.0139,-0.2627,2.1137,0.0000,enc,0.0000
1786025567.000164,0.2382,0.0,0.0,0.0000,0.0000,1.0139,-0.2627,2.1137,0.0000,enc,0.0000
1786025567.000312,0.0001,0.0,0.0,0.0000,0.0000,1.0139,-0.2627,2.1137,0.0000,enc,0.0000
1786025567.069400,0.0691,0.0,0.0,0.0000,0.0000,1.0139,-0.2627,2.1137,0.0000,enc,0.0000
1786025567.252404,0.1830,0.0,0.0,0.0000,0.0000,1.0139,-0.2627,2.1137,0.0000,enc,0.0000
1786025567.273424,0.0210,0.0,0.0,0.0000,0.0000,1.0139,-0.2627,2.1137,0.0000,enc,0.0000
1786025567.500799,0.2274,0.0,0.0,0.0000,0.0000,1.0139,-0.2627,2.1137,0.0000,enc,0.0000
1786025567.501434,0.0006,0.0,0.0,0.0000,0.0000,1.0139,-0.2627,2.1137,0.0000,enc,0.0000
1786025567.582041,0.0806,0.0,0.0,0.0000,0.0000,1.0139,-0.2627,2.1137,0.0000,enc,0.0000
1786025567.751093,0.1691,0.0,0.0,0.0000,0.0000,1.0139,-0.2627,2.1137,0.0000,enc,0.0000
1786025567.786922,0.0358,0.0,0.0,0.0000,0.0000,1.0139,-0.2627,2.1137,0.0000,enc,0.0000
1786025568.256928,0.4700,0.0,0.0,0.0000,0.0000,1.0139,-0.2627,2.1137,0.0000,enc,0.0000
1786025568.256992,0.0001,0.0,0.0,0.0000,0.0000,1.0139,-0.2627,2.1137,0.0000,enc,0.0000
1786025568.257017,0.0000,0.0,0.0,0.0000,0.0000,1.0139,-0.2627,2.1137,0.0000,enc,0.0000
1786025568.257041,0.0000,0.0,0.0,0.0000,0.0000,1.0139,-0.2627,2.1137,0.0000,enc,0.0000
1786025568.294389,0.0373,0.0,0.0,0.0000,0.0000,1.0139,-0.2627,2.1137,0.0000,enc,0.0000
1786025568.503032,0.2086,0.0,0.0,0.0000,0.0000,1.0139,-0.2627,2.1137,0.0000,enc,0.0000
1786025568.503844,0.0008,0.0,0.0,0.0000,0.0000,1.0139,-0.2627,2.1137,0.0000,enc,0.0000
1786025568.603404,0.0996,0.0,0.0,0.0000,0.0000,1.0139,-0.2627,2.1137,0.0000,enc,0.0000
1786025568.751930,0.1485,0.0,0.0,0.0000,0.0000,1.0139,-0.2627,2.1137,0.0000,enc,0.0000
1786025568.804901,0.0530,0.0,0.0,0.0000,0.0000,1.0139,-0.2627,2.1137,0.0000,enc,0.0000
1786025569.001436,0.1965,0.0,0.0,0.0000,0.0000,1.0139,-0.2627,2.1137,0.0000,enc,0.0000
1786025569.010847,0.0094,0.0,0.0,0.0000,0.0000,1.0139,-0.2627,2.1137,0.0000,enc,0.0000
1786025569.254170,0.2433,0.0,0.0,0.0000,0.0000,1.0139,-0.2627,2.1137,0.0000,enc,0.0000
1786025569.255304,0.0011,0.0,0.0,0.0000,0.0000,1.0139,-0.2627,2.1137,0.0000,enc,0.0000
1786025569.315336,0.0600,0.0,0.0,0.0000,0.0000,1.0139,-0.2627,2.1137,0.0000,enc,0.0000
1786025569.510234,0.1949,0.0,0.0,0.0000,0.0000,1.0139,-0.2627,2.1137,0.0000,enc,0.0000
1786025569.521241,0.0110,0.0,0.0,0.0000,0.0000,1.0139,-0.2627,2.1137,0.0000,enc,0.0000
1786025569.764891,0.2436,0.0,0.0,0.0000,0.0000,1.0139,-0.2627,2.1137,0.0000,enc,0.0000
1786025569.765780,0.0009,0.0,0.0,0.0000,0.0000,1.0139,-0.2627,2.1137,0.0000,enc,0.0000
1786025569.829427,0.0636,0.0,0.0,0.0000,0.0000,1.0139,-0.2627,2.1137,0.0000,enc,0.0000
1786025570.019754,0.1903,0.0,0.0,0.0000,0.0000,1.0139,-0.2627,2.1137,0.0000,enc,0.0000
1786025570.032441,0.0127,0.0,0.0,0.0000,0.0000,1.0139,-0.2627,2.1137,0.0000,enc,0.0000
1786025570.134776,0.1023,0.0,0.0,0.0000,0.0000,1.0139,-0.2627,2.1137,0.0000,enc,0.0000
1786025570.238153,0.1034,0.0,0.0,0.0000,0.0000,1.0139,-0.2627,2.1137,0.0000,enc,0.0000
1786025570.336729,0.0986,0.0,0.0,0.0000,0.0000,1.0139,-0.2627,2.1137,0.0000,enc,0.0000
1786025570.438507,0.1018,0.0,0.0,0.0000,0.0000,1.0139,-0.2627,2.1137,0.0000,enc,0.0000
1786025570.545301,0.1068,0.0,0.0,0.0000,0.0000,1.0139,-0.2627,2.1137,0.0000,enc,0.0000
1786025570.643950,0.0986,0.0,0.0,0.0000,0.0000,1.0139,-0.2627,2.1137,0.0000,enc,0.0000
1786025570.746975,0.1030,0.0,0.0,0.0000,0.0000,1.0139,-0.2627,2.1137,0.0000,enc,0.0000
1786025570.853968,0.1070,0.0,0.0,0.0000,0.0000,1.0139,-0.2627,2.1137,0.0000,enc,0.0000
1786025570.950483,0.0965,0.0,0.0,0.0000,0.0000,1.0139,-0.2627,2.1137,0.0000,enc,0.0000
1786025571.054256,0.1038,0.0,0.0,0.0000,0.0000,1.0139,-0.2627,2.1137,0.0000,enc,0.0000
1786025571.159770,0.1055,0.0,0.0,0.0000,0.0000,1.0139,-0.2627,2.1137,0.0000,enc,0.0000
1786025571.257262,0.0975,0.0,0.0,0.0000,0.0000,1.0139,-0.2627,2.1137,0.0000,enc,0.0000
1786025571.359838,0.1026,0.0,0.0,0.0000,0.0000,1.0139,-0.2627,2.1137,0.0000,enc,0.0000
1786025571.466561,0.1067,0.0,0.0,0.0000,0.0000,1.0139,-0.2627,2.1137,0.0000,enc,0.0000
1786025571.568700,0.1021,0.0,0.0,0.0000,0.0000,1.0139,-0.2627,2.1137,0.0000,enc,0.0000
1786025571.668600,0.0999,0.0,0.0,0.0000,0.0000,1.0139,-0.2627,2.1137,0.0000,enc,0.0000
1786025571.772873,0.1043,0.0,0.0,0.0000,0.0000,1.0139,-0.2627,2.1137,0.0000,enc,0.0000
1786025571.875796,0.1029,0.0,0.0,0.0000,0.0000,1.0139,-0.2627,2.1137,0.0000,enc,0.0000
1786025571.974818,0.0990,0.0,0.0,0.0000,0.0000,1.0139,-0.2627,2.1137,0.0000,enc,0.0000
1786025572.077417,0.1026,0.0,0.0,0.0000,0.0000,1.0139,-0.2627,2.1137,0.0000,enc,0.0000
1786025572.180602,0.1032,0.0,0.0,0.0000,0.0000,1.0139,-0.2627,2.1137,0.0000,enc,0.0000
1786025572.283104,0.1025,0.0,0.0,0.0000,0.0000,1.0139,-0.2627,2.1137,0.0000,enc,0.0000
1786025572.385736,0.1026,0.0,0.0,0.0000,0.0000,1.0139,-0.2627,2.1137,0.0000,enc,0.0000
1786025572.486046,0.1003,0.0,0.0,0.0000,0.0000,1.0139,-0.2627,2.1137,0.0000,enc,0.0000
1786025572.588619,0.1026,0.0,0.0,0.0000,0.0000,1.0139,-0.2627,2.1137,0.0000,enc,0.0000
1786025572.688615,0.1000,0.0,0.0,0.0000,0.0000,1.0139,-0.2627,2.1137,0.0000,enc,0.0000
1786025572.793153,0.1045,0.0,0.0,0.0000,0.0000,1.0139,-0.2627,2.1137,0.0000,enc,0.0000
1786025572.895746,0.1026,0.0,0.0,0.0000,0.0000,1.0139,-0.2627,2.1137,0.0000,enc,0.0000
1786025572.994015,0.0983,0.0,0.0,0.0000,0.0000,1.0139,-0.2627,2.1137,0.0000,enc,0.0000
1786025573.098603,0.1046,0.0,0.0,0.0000,0.0000,1.0139,-0.2627,2.1137,0.0000,enc,0.0000
1786025573.199356,0.1008,0.0,0.0,0.0000,0.0000,1.0139,-0.2627,2.1137,0.0000,enc,0.0000
1786025573.301715,0.1024,0.0,0.0,0.0000,0.0000,1.0139,-0.2627,2.1137,0.0000,enc,0.0000
1786025573.422828,0.1211,0.0,0.0,0.0000,0.0000,1.0139,-0.2627,2.1137,0.0000,enc,0.0000
1786025573.504899,0.0821,0.0,0.0,0.0000,0.0000,1.0139,-0.2627,2.1137,0.0000,enc,0.0000
1786025573.609427,0.1045,0.0,0.0,0.0000,0.0000,1.0139,-0.2627,2.1137,0.0000,enc,0.0000
1786025573.712058,0.1026,0.0,0.0,0.0000,0.0000,1.0139,-0.2627,2.1137,0.0000,enc,0.0000
1786025573.814569,0.1025,0.0,0.0,0.0000,0.0000,1.0139,-0.2627,2.1137,0.0000,enc,0.0000
1786025573.914071,0.0995,0.0,0.0,0.0000,0.0000,1.0139,-0.2627,2.1137,0.0000,enc,0.0000
1786025574.019466,0.1054,0.0,0.0,0.0000,0.0000,1.0139,-0.2627,2.1137,0.0000,enc,0.0000
1786025574.118565,0.0991,0.0,0.0,0.0000,0.0000,1.0139,-0.2627,2.1137,0.0000,enc,0.0000
1786025574.219907,0.1013,0.0,0.0,0.0000,0.0000,1.0139,-0.2627,2.1137,0.0000,enc,0.0000
1786025574.325655,0.1057,0.0,0.0,0.0000,0.0000,1.0139,-0.2627,2.1137,0.0000,enc,0.0000
1786025574.427173,0.1015,0.0,0.0,0.0000,0.0000,1.0139,-0.2627,2.1137,0.0000,enc,0.0000
1786025574.528407,0.1012,0.0,0.0,0.0000,0.0000,1.0139,-0.2627,2.1137,0.0000,enc,0.0000
1786025574.630548,0.1021,0.0,0.0,0.0000,0.0000,1.0139,-0.2627,2.1137,0.0000,enc,0.0000
1786025574.733605,0.1031,0.0,0.0,0.0000,0.0000,1.0139,-0.2627,2.1137,0.0000,enc,0.0000
1786025574.836021,0.1024,0.0,0.0,0.0000,0.0000,1.0139,-0.2627,2.1137,0.0000,enc,0.0000
1786025574.937747,0.1017,0.0,0.0,0.0000,0.0000,1.0139,-0.2627,2.1137,0.0000,enc,0.0000
1786025575.040876,0.1031,0.0,0.0,0.0000,0.0000,1.0139,-0.2627,2.1137,0.0000,enc,0.0000
1786025575.142455,0.1016,0.0,0.0,0.0000,0.0000,1.0139,-0.2627,2.1137,0.0000,enc,0.0000
1786025575.244717,0.1023,0.0,0.0,0.0000,0.0000,1.0139,-0.2627,2.1137,0.0000,enc,0.0000
1786025575.347913,0.1032,0.0,0.0,0.0000,0.0000,1.0139,-0.2627,2.1137,0.0000,enc,0.0000
1786025575.449835,0.1019,0.0,0.0,0.0000,0.0000,1.0139,-0.2627,2.1137,0.0000,enc,0.0000
1786025575.549396,0.0996,0.0,0.0,0.0000,0.0000,1.0139,-0.2627,2.1137,0.0000,enc,0.0000
1786025575.654408,0.1050,0.0,0.0,0.0000,0.0000,1.0139,-0.2627,2.1137,0.0000,enc,0.0000
1786025575.753149,0.0987,0.0,0.0,0.0000,0.0000,1.0139,-0.2627,2.1137,0.0000,enc,0.0000
1786025575.855604,0.1025,0.0,0.0,0.0000,0.0000,1.0139,-0.2627,2.1137,0.0000,enc,0.0000
1786025575.960733,0.1051,0.0,0.0,0.0000,0.0000,1.0139,-0.2627,2.1137,0.0000,enc,0.0000
1786025576.059843,0.0991,0.0,0.0,0.0000,0.0000,1.0139,-0.2627,2.1137,0.0000,enc,0.0000
1786025576.161851,0.1020,0.0,0.0,0.0000,0.0000,1.0139,-0.2627,2.1137,0.0000,enc,0.0000
1786025576.267766,0.1059,0.0,0.0,0.0000,0.0000,1.0139,-0.2627,2.1137,0.0000,enc,0.0000
1786025576.365904,0.0981,0.0,0.0,0.0000,0.0000,1.0139,-0.2627,2.1137,0.0000,enc,0.0000
1786025576.468191,0.1023,0.0,0.0,0.0000,0.0000,1.0139,-0.2627,2.1137,0.0000,enc,0.0000
1786025576.574458,0.1063,0.0,0.0,0.0000,0.0000,1.0139,-0.2627,2.1137,0.0000,enc,0.0000
1786025576.676169,0.1017,0.0,0.0,0.0000,0.0000,1.0139,-0.2627,2.1137,0.0000,enc,0.0000
1786025576.779455,0.1033,0.0,0.0,0.0000,0.0000,1.0139,-0.2627,2.1137,0.0000,enc,0.0000
1786025576.877850,0.0984,0.0,0.0,0.0000,0.0000,1.0139,-0.2627,2.1137,0.0000,enc,0.0000
1786025576.982715,0.1049,0.0,0.0,0.0000,0.0000,1.0139,-0.2627,2.1137,0.0000,enc,0.0000
1786025577.081761,0.0990,0.0,0.0,0.0000,0.0000,1.0139,-0.2627,2.1137,0.0000,enc,0.0000
1786025577.186881,0.1051,0.0,0.0,0.0000,0.0000,1.0139,-0.2627,2.1137,0.0000,enc,0.0000
1786025577.289011,0.1021,0.0,0.0,0.0000,0.0000,1.0139,-0.2627,2.1137,0.0000,enc,0.0000
1786025577.390609,0.1016,0.0,0.0,0.0000,0.0000,1.0139,-0.2627,2.1137,0.0000,enc,0.0000
1786025577.493556,0.1029,0.0,0.0,0.0000,0.0000,1.0139,-0.2627,2.1137,0.0000,enc,0.0000
1786025577.594841,0.1013,0.0,0.0,0.0000,0.0000,1.0139,-0.2627,2.1137,0.0000,enc,0.0000
1786025577.697891,0.1030,0.0,0.0,0.0000,0.0000,1.0139,-0.2627,2.1137,0.0000,enc,0.0000
1786025577.799238,0.1013,0.0,0.0,0.0000,0.0000,1.0139,-0.2627,2.1137,0.0000,enc,0.0000
1786025577.901608,0.1024,0.0,0.0,0.0000,0.0000,1.0139,-0.2627,2.1137,0.0000,enc,0.0000
1786025578.005130,0.1035,0.0,0.0,0.0000,0.0000,1.0139,-0.2627,2.1137,0.0000,enc,0.0000
1786025578.102213,0.0971,0.0,0.0,0.0000,0.0000,1.0139,-0.2627,2.1137,0.0000,enc,0.0000
1786025578.207109,0.1049,0.0,0.0,0.0000,0.0000,1.0139,-0.2627,2.1137,0.0000,enc,0.0000
1786025578.307474,0.1004,0.0,0.0,0.0000,0.0000,1.0139,-0.2627,2.1137,0.0000,enc,0.0000
1786025578.408645,0.1012,0.0,0.0,0.0000,0.0000,1.0139,-0.2627,2.1137,0.0000,enc,0.0000
1786025578.513463,0.1048,0.0,0.0,0.0000,0.0000,1.0139,-0.2627,2.1137,0.0000,enc,0.0000
1786025578.612892,0.0994,0.0,0.0,0.0000,0.0000,1.0139,-0.2627,2.1137,0.0000,enc,0.0000
1786025578.714988,0.1021,0.0,0.0,0.0000,0.0000,1.0139,-0.2627,2.1137,0.0000,enc,0.0000
1786025578.820784,0.1058,0.0,0.0,0.0000,0.0000,1.0139,-0.2627,2.1137,0.0000,enc,0.0000
1786025578.919094,0.0983,0.0,0.0,0.0000,0.0000,1.0139,-0.2627,2.1137,0.0000,enc,0.0000
1786025579.021214,0.1021,0.0,0.0,0.0000,0.0000,1.0139,-0.2627,2.1137,0.0000,enc,0.0000
1786025579.126602,0.1054,0.0,0.0,0.0000,0.0000,1.0139,-0.2627,2.1137,0.0000,enc,0.0000
1786025579.228859,0.1023,0.0,0.0,0.0000,0.0000,1.0139,-0.2627,2.1137,0.0000,enc,0.0000
1786025579.327561,0.0987,0.0,0.0,0.0000,0.0000,1.0139,-0.2627,2.1137,0.0000,enc,0.0000
1786025579.432348,0.1048,0.0,0.0,0.0000,0.0000,1.0139,-0.2627,2.1137,0.0000,enc,0.0000
1786025579.535461,0.1031,0.0,0.0,0.0000,0.0000,1.0139,-0.2627,2.1137,0.0000,enc,0.0000
1786025579.637540,0.1021,0.0,0.0,0.0000,0.0000,1.0139,-0.2627,2.1137,0.0000,enc,0.0000
1786025579.739470,0.1019,0.0,0.0,0.0000,0.0000,1.0139,-0.2627,2.1137,0.0000,enc,0.0000
1786025579.843333,0.1039,0.0,0.0,0.0000,0.0000,1.0139,-0.2627,2.1137,0.0000,enc,0.0000
1786025579.945386,0.1021,0.0,0.0,0.0000,0.0000,1.0139,-0.2627,2.1137,0.0000,enc,0.0000
1786025580.048007,0.1026,0.0,0.0,0.0000,0.0000,1.0139,-0.2627,2.1137,0.0000,enc,0.0000
1786025580.262443,0.2144,0.0,0.0,0.0000,0.0000,1.0139,-0.2627,2.1137,0.0000,enc,0.0000
1786025580.263621,0.0012,0.0,0.0,0.0000,0.0000,1.0139,-0.2627,2.1137,0.0000,enc,0.0000
1786025580.352923,0.0893,0.0,0.0,0.0000,0.0000,1.0139,-0.2627,2.1137,0.0000,enc,0.0000
1786025580.506335,0.1534,0.0,0.0,0.0000,0.0000,1.0139,-0.2627,2.1137,0.0000,enc,0.0000
1786025580.556622,0.0503,0.0,0.0,0.0000,0.0000,1.0139,-0.2627,2.1137,0.0000,enc,0.0000
1786025580.754442,0.1978,0.0,0.0,0.0000,0.0000,1.0139,-0.2627,2.1137,0.0000,enc,0.0000
1786025580.760146,0.0057,0.0,0.0,0.0000,0.0000,1.0139,-0.2627,2.1137,0.0000,enc,0.0000
1786025581.005320,0.2452,0.0,0.0,0.0000,0.0000,1.0139,-0.2627,2.1137,0.0000,enc,0.0000
1786025581.007346,0.0020,0.0,0.0,0.0000,0.0000,1.0139,-0.2627,2.1137,0.0000,enc,0.0000
1786025581.069299,0.0620,0.0,0.0,0.0000,0.0000,1.0139,-0.2627,2.1137,0.0000,enc,0.0000
1786025581.261077,0.1918,0.0,0.0,0.0000,0.0000,1.0139,-0.2627,2.1137,0.0000,enc,0.0000
1786025581.269982,0.0089,0.0,0.0,0.0000,0.0000,1.0139,-0.2627,2.1137,0.0000,enc,0.0000
1786025581.513959,0.2440,0.0,0.0,0.0000,0.0000,1.0139,-0.2627,2.1137,0.0000,enc,0.0000
1786025581.514794,0.0008,0.0,0.0,0.0000,0.0000,1.0139,-0.2627,2.1137,0.0000,enc,0.0000
1786025581.576804,0.0620,0.0,0.0,0.0000,0.0000,1.0139,-0.2627,2.1137,0.0000,enc,0.0000
1786025581.768760,0.1920,0.0,0.0,0.0000,0.0000,1.0139,-0.2627,2.1137,0.0000,enc,0.0000
1786025581.780943,0.0122,0.0,0.0,0.0000,0.0000,1.0139,-0.2627,2.1137,0.0000,enc,0.0000
1786025582.022898,0.2420,0.0,0.0,0.0000,0.0000,1.0139,-0.2627,2.1137,0.0000,enc,0.0000
1786025582.023964,0.0011,0.0,0.0,0.0000,0.0000,1.0139,-0.2627,2.1137,0.0000,enc,0.0000
1786025582.105034,0.0811,0.0,0.0,0.0000,0.0000,1.0139,-0.2627,2.1137,0.0000,enc,0.0000
1786025582.280091,0.1751,0.0,0.0,0.0000,0.0000,1.0139,-0.2627,2.1137,0.0000,enc,0.0000
1786025582.300854,0.0208,0.0,0.0,0.0000,0.0000,1.0139,-0.2627,2.1137,0.0000,enc,0.0000
1786025582.515001,0.2141,0.0,0.0,0.0000,0.0000,1.0139,-0.2627,2.1137,0.0000,enc,0.0000
1786025582.515485,0.0005,0.0,0.0,0.0000,0.0000,1.0139,-0.2627,2.1137,0.0000,enc,0.0000
1786025582.601916,0.0864,0.0,0.0,0.0000,0.0000,1.0139,-0.2627,2.1137,0.0000,enc,0.0000
1786025582.763195,0.1613,0.0,0.0,0.0000,0.0000,1.0139,-0.2627,2.1137,0.0000,enc,0.0000
1786025582.806746,0.0436,0.0,0.0,0.0000,0.0000,1.0139,-0.2627,2.1137,0.0000,enc,0.0000
1786025583.013301,0.2066,0.0,0.0,0.0000,0.0000,1.0139,-0.2627,2.1137,0.0000,enc,0.0000
1786025583.014189,0.0009,0.0,0.0,0.0000,0.0000,1.0139,-0.2627,2.1137,0.0000,enc,0.0000
1786025583.111762,0.0976,0.0,0.0,0.0000,0.0000,1.0139,-0.2627,2.1137,0.0000,enc,0.0000
1786025583.262227,0.1505,0.0,0.0,0.0000,0.0000,1.0139,-0.2627,2.1137,0.0000,enc,0.0000
1786025583.319396,0.0572,0.0,0.0,0.0000,0.0000,1.0139,-0.2627,2.1137,0.0000,enc,0.0000
1786025583.520481,0.2011,0.0,0.0,0.0000,0.0000,1.0139,-0.2627,2.1137,0.0000,enc,0.0000
1786025583.521788,0.0013,0.0,0.0,0.0000,0.0000,1.0139,-0.2627,2.1137,0.0000,enc,0.0000
1786025583.765877,0.2441,0.0,0.0,0.0000,0.0000,1.0139,-0.2627,2.1137,0.0000,enc,0.0000
1786025583.767530,0.0017,0.0,0.0,0.0000,0.0000,1.0139,-0.2627,2.1137,0.0000,enc,0.0000
1786025583.826522,0.0590,0.0,0.0,0.0000,0.0000,1.0139,-0.2627,2.1137,0.0000,enc,0.0000
1786025584.018614,0.1921,0.0,0.0,0.0000,0.0000,1.0139,-0.2627,2.1137,0.0000,enc,0.0000
1786025584.032954,0.0143,0.0,0.0,0.0000,0.0000,1.0139,-0.2627,2.1137,0.0000,enc,0.0000
1786025584.268728,0.2358,0.0,0.0,0.0000,0.0000,1.0139,-0.2627,2.1137,0.0000,enc,0.0000
1786025584.269370,0.0006,0.0,0.0,0.0000,0.0000,1.0139,-0.2627,2.1137,0.0000,enc,0.0000
1786025584.338574,0.0692,0.0,0.0,0.0000,0.0000,1.0139,-0.2627,2.1137,0.0000,enc,0.0000
1786025584.525762,0.1872,0.0,0.0,0.0000,0.0000,1.0139,-0.2627,2.1137,0.0000,enc,0.0000
1786025584.543433,0.0177,0.0,0.0,0.0000,0.0000,1.0139,-0.2627,2.1137,0.0000,enc,0.0000
1786025584.780330,0.2369,0.0,0.0,0.0000,0.0000,1.0139,-0.2627,2.1137,0.0000,enc,0.0000
1786025584.781648,0.0013,0.0,0.0,0.0000,0.0000,1.0139,-0.2627,2.1137,0.0000,enc,0.0000
1786025584.851989,0.0703,0.0,0.0,0.0000,0.0000,1.0139,-0.2627,2.1137,0.0000,enc,0.0000
1786025585.034580,0.1826,0.0,0.0,0.0000,0.0000,1.0139,-0.2627,2.1137,0.0000,enc,0.0000
1786025585.062550,0.0280,0.0,0.0,0.0000,0.0000,1.0139,-0.2627,2.1137,0.0000,enc,0.0000
1786025585.158332,0.0958,0.0,0.0,0.0000,0.0000,1.0139,-0.2627,2.1137,0.0000,enc,0.0000
1786025585.261879,0.1035,0.0,0.0,0.0000,0.0000,1.0139,-0.2627,2.1137,0.0000,enc,0.0000
1786025585.362668,0.1008,0.0,0.0,0.0000,0.0000,1.0139,-0.2627,2.1137,0.0000,enc,0.0000
1786025585.466555,0.1039,0.0,0.0,0.0000,0.0000,1.0139,-0.2627,2.1137,0.0000,enc,0.0000
1786025585.569825,0.1033,0.0,0.0,0.0000,0.0000,1.0139,-0.2627,2.1137,0.0000,enc,0.0000
1786025585.670896,0.1011,0.0,0.0,0.0000,0.0000,1.0139,-0.2627,2.1137,0.0000,enc,0.0000
1786025585.772658,0.1018,0.0,0.0,0.0000,0.0000,1.0139,-0.2627,2.1137,0.0000,enc,0.0000
1786025585.875218,0.1026,0.0,0.0,0.0000,0.0000,1.0139,-0.2627,2.1137,0.0000,enc,0.0000
1786025585.977014,0.1018,0.0,0.0,0.0000,0.0000,1.0139,-0.2627,2.1137,0.0000,enc,0.0000
1786025586.081250,0.1042,0.0,0.0,0.0000,0.0000,1.0139,-0.2627,2.1137,0.0000,enc,0.0000
1786025586.179483,0.0982,0.0,0.0,0.0000,0.0000,1.0139,-0.2627,2.1137,0.0000,enc,0.0000
1786025586.286782,0.1073,0.0,0.0,0.0000,0.0000,1.0139,-0.2627,2.1137,0.0000,enc,0.0000
1786025586.383094,0.0963,0.0,0.0,0.0000,0.0000,1.0139,-0.2627,2.1137,0.0000,enc,0.0000
1786025586.489397,0.1063,0.0,0.0,0.0000,0.0000,1.0139,-0.2627,2.1137,0.0000,enc,0.0000
1786025586.591742,0.1023,0.0,0.0,0.0000,0.0000,1.0139,-0.2627,2.1137,0.0000,enc,0.0000
1786025586.687093,0.0954,0.0,0.0,0.0000,0.0000,1.0139,-0.2627,2.1137,0.0000,enc,0.0000
1786025586.797458,0.1104,0.0,0.0,0.0000,0.0000,1.0139,-0.2627,2.1137,0.0000,enc,0.0000
1786025586.890931,0.0935,0.0,0.0,0.0000,0.0000,1.0139,-0.2627,2.1137,0.0000,enc,0.0000
1786025586.993178,0.1022,0.0,0.0,0.0000,0.0000,1.0139,-0.2627,2.1137,0.0000,enc,0.0000
1786025587.101370,0.1082,0.0,0.0,0.0000,0.0000,1.0139,-0.2627,2.1137,0.0000,enc,0.0000
1786025587.202314,0.1009,0.0,0.0,0.0000,0.0000,1.0139,-0.2627,2.1137,0.0000,enc,0.0000
1786025587.299975,0.0977,0.0,0.0,0.0000,0.0000,1.0139,-0.2627,2.1137,0.0000,enc,0.0000
1786025587.408992,0.1090,0.0,0.0,0.0000,0.0000,1.0139,-0.2627,2.1137,0.0000,enc,0.0000
1786025587.506838,0.0978,0.0,0.0,0.0000,0.0000,1.0139,-0.2627,2.1137,0.0000,enc,0.0000
1786025587.609844,0.1030,0.0,0.0,0.0000,0.0000,1.0139,-0.2627,2.1137,0.0000,enc,0.0000
1786025587.712993,0.1031,0.0,0.0,0.0000,0.0000,1.0139,-0.2627,2.1137,0.0000,enc,0.0000
1786025587.814033,0.1010,0.0,0.0,0.0000,0.0000,1.0139,-0.2627,2.1137,0.0000,enc,0.0000
1786025587.915555,0.1015,0.0,0.0,0.0000,0.0000,1.0139,-0.2627,2.1137,0.0000,enc,0.0000
1786025588.025546,0.1100,0.0,0.0,0.0000,0.0000,1.0139,-0.2627,2.1137,0.0000,enc,0.0000
1786025588.122012,0.0965,0.0,0.0,0.0000,0.0000,1.0139,-0.2627,2.1137,0.0000,enc,0.0000
1786025588.224375,0.1024,0.0,0.0,0.0000,0.0000,1.0139,-0.2627,2.1137,0.0000,enc,0.0000
1786025588.324276,0.0999,0.0,0.0,0.0000,0.0000,1.0139,-0.2627,2.1137,0.0000,enc,0.0000
1786025588.429020,0.1047,0.0,0.0,0.0000,0.0000,1.0139,-0.2627,2.1137,0.0000,enc,0.0000
1786025588.527539,0.0985,0.0,0.0,0.0000,0.0000,1.0139,-0.2627,2.1137,0.0000,enc,0.0000
1786025588.627878,0.1003,0.0,0.0,0.0000,0.0000,1.0139,-0.2627,2.1137,0.0000,enc,0.0000
1786025588.734026,0.1061,0.0,0.0,0.0000,0.0000,1.0139,-0.2627,2.1137,0.0000,enc,0.0000
1786025588.831653,0.0976,0.0,0.0,0.0000,0.0000,1.0139,-0.2627,2.1137,0.0000,enc,0.0000
1786025588.933570,0.1019,0.0,0.0,0.0000,0.0000,1.0139,-0.2627,2.1137,0.0000,enc,0.0000
1786025589.042006,0.1084,0.0,0.0,0.0000,0.0000,1.0139,-0.2627,2.1137,0.0000,enc,0.0000
1786025589.139506,0.0975,0.0,0.0,0.0000,0.0000,1.0139,-0.2627,2.1137,0.0000,enc,0.0000
1786025589.241310,0.1018,0.0,0.0,0.0000,0.0000,1.0139,-0.2627,2.1137,0.0000,enc,0.0000
1786025589.349009,0.1077,0.0,0.0,0.0000,0.0000,1.0139,-0.2627,2.1137,0.0000,enc,0.0000
1786025589.446795,0.0978,0.0,0.0,0.0000,0.0000,1.0139,-0.2627,2.1137,0.0000,enc,0.0000
1786025589.548508,0.1017,0.0,0.0,0.0000,0.0000,1.0139,-0.2627,2.1137,0.0000,enc,0.0000
1786025589.654020,0.1055,0.0,0.0,0.0000,0.0000,1.0139,-0.2627,2.1137,0.0000,enc,0.0000
1786025589.752540,0.0985,0.0,0.0,0.0000,0.0000,1.0139,-0.2627,2.1137,0.0000,enc,0.0000
1786025589.855770,0.1032,0.0,0.0,0.0000,0.0000,1.0139,-0.2627,2.1137,0.0000,enc,0.0000
1786025589.959216,0.1034,0.0,0.0,0.0000,0.0000,1.0139,-0.2627,2.1137,0.0000,enc,0.0000
1786025590.061815,0.1026,0.0,0.0,0.0000,0.0000,1.0139,-0.2627,2.1137,0.0000,enc,0.0000
1786025590.163377,0.1016,0.0,0.0,0.0000,0.0000,1.0139,-0.2627,2.1137,0.0000,enc,0.0000
1786025590.264308,0.1009,0.0,0.0,0.0000,0.0000,1.0139,-0.2627,2.1137,0.0000,enc,0.0000
1786025590.369990,0.1057,0.0,0.0,0.0000,0.0000,1.0139,-0.2627,2.1137,0.0000,enc,0.0000
1786025590.471330,0.1013,0.0,0.0,0.0000,0.0000,1.0139,-0.2627,2.1137,0.0000,enc,0.0000
1786025590.573988,0.1027,0.0,0.0,0.0000,0.0000,1.0139,-0.2627,2.1137,0.0000,enc,0.0000
1786025590.676970,0.1030,0.0,0.0,0.0000,0.0000,1.0139,-0.2627,2.1137,0.0000,enc,0.0000
1786025590.777113,0.1001,0.0,0.0,0.0000,0.0000,1.0139,-0.2627,2.1137,0.0000,enc,0.0000
1786025590.879144,0.1020,0.0,0.0,0.0000,0.0000,1.0139,-0.2627,2.1137,0.0000,enc,0.0000
1786025590.982212,0.1031,0.0,0.0,0.0000,0.0000,1.0139,-0.2627,2.1137,0.0000,enc,0.0000
1786025591.084842,0.1026,0.0,0.0,0.0000,0.0000,1.0139,-0.2627,2.1137,0.0000,enc,0.0000
1786025591.182548,0.0977,0.0,0.0,0.0000,0.0000,1.0139,-0.2627,2.1137,0.0000,enc,0.0000
1786025591.289834,0.1073,0.0,0.0,0.0000,0.0000,1.0139,-0.2627,2.1137,0.0000,enc,0.0000
1786025591.387886,0.0981,0.0,0.0,0.0000,0.0000,1.0139,-0.2627,2.1137,0.0000,enc,0.0000
1786025591.488734,0.1008,0.0,0.0,0.0000,0.0000,1.0139,-0.2627,2.1137,0.0000,enc,0.0000
1786025591.596984,0.1082,0.0,0.0,0.0000,0.0000,1.0139,-0.2627,2.1137,0.0000,enc,0.0000
1786025591.693043,0.0961,0.0,0.0,0.0000,0.0000,1.0139,-0.2627,2.1137,0.0000,enc,0.0000
1786025591.796222,0.1032,0.0,0.0,0.0000,0.0000,1.0139,-0.2627,2.1137,0.0000,enc,0.0000
1786025591.900395,0.1042,0.0,0.0,0.0000,0.0000,1.0139,-0.2627,2.1137,0.0000,enc,0.0000
1786025592.000993,0.1006,0.0,0.0,0.0000,0.0000,1.0139,-0.2627,2.1137,0.0000,enc,0.0000
1786025592.102877,0.1019,0.0,0.0,0.0000,0.0000,1.0139,-0.2627,2.1137,0.0000,enc,0.0000
1786025592.207336,0.1045,0.0,0.0,0.0000,0.0000,1.0139,-0.2627,2.1137,0.0000,enc,0.0000
1786025592.308371,0.1010,0.0,0.0,0.0000,0.0000,1.0139,-0.2627,2.1137,0.0000,enc,0.0000
1786025592.410184,0.1018,0.0,0.0,0.0000,0.0000,1.0139,-0.2627,2.1137,0.0000,enc,0.0000
1786025592.515037,0.1049,0.0,0.0,0.0000,0.0000,1.0139,-0.2627,2.1137,0.0000,enc,0.0000
1786025592.615312,0.1003,0.0,0.0,0.0000,0.0000,1.0139,-0.2627,2.1137,0.0000,enc,0.0000
1786025592.717881,0.1026,0.0,0.0,0.0000,0.0000,1.0139,-0.2627,2.1137,0.0000,enc,0.0000
1786025592.822953,0.1051,0.0,0.0,0.0000,0.0000,1.0139,-0.2627,2.1137,0.0000,enc,0.0000
1786025592.922295,0.0993,0.0,0.0,0.0000,0.0000,1.0139,-0.2627,2.1137,0.0000,enc,0.0000
1786025593.024598,0.1023,0.0,0.0,0.0000,0.0000,1.0139,-0.2627,2.1137,0.0000,enc,0.0000
1786025593.130017,0.1054,0.0,0.0,0.0000,0.0000,1.0139,-0.2627,2.1137,0.0000,enc,0.0000
1786025593.232009,0.1020,0.0,0.0,0.0000,0.0000,1.0139,-0.2627,2.1137,0.0000,enc,0.0000
1786025593.332032,0.1000,0.0,0.0,0.0000,0.0000,1.0139,-0.2627,2.1137,0.0000,enc,0.0000
1786025593.455616,0.1236,0.0,0.0,0.0000,0.0000,1.0139,-0.2627,2.1137,0.0000,enc,0.0000
1786025593.562198,0.1066,0.0,0.0,0.0000,0.0000,1.0139,-0.2627,2.1137,0.0000,enc,0.0000
1786025593.634489,0.0723,0.0,0.0,0.0000,0.0000,1.0139,-0.2627,2.1137,0.0000,enc,0.0000
1786025593.736965,0.1025,0.0,0.0,0.0000,0.0000,1.0139,-0.2627,2.1137,0.0000,enc,0.0000
1786025593.845954,0.1090,0.0,0.0,0.0000,0.0000,1.0139,-0.2627,2.1137,0.0000,enc,0.0000
1786025593.942261,0.0963,0.0,0.0,0.0000,0.0000,1.0139,-0.2627,2.1137,0.0000,enc,0.0000
1786025594.043981,0.1017,0.0,0.0,0.0000,0.0000,1.0139,-0.2627,2.1137,0.0000,enc,0.0000
1786025594.147883,0.1039,0.0,0.0,0.0000,0.0000,1.0139,-0.2627,2.1137,0.0000,enc,0.0000
1786025594.249113,0.1012,0.0,0.0,0.0000,0.0000,1.0139,-0.2627,2.1137,0.0000,enc,0.0000
1786025594.352223,0.1031,0.0,0.0,0.0000,0.0000,1.0139,-0.2627,2.1137,0.0000,enc,0.0000
1786025594.454710,0.1025,0.0,0.0,0.0000,0.0000,1.0139,-0.2627,2.1137,0.0000,enc,0.0000
1786025594.555776,0.1011,0.0,0.0,0.0000,0.0000,1.0139,-0.2627,2.1137,0.0000,enc,0.0000
1786025594.658122,0.1023,0.0,0.0,0.0000,0.0000,1.0139,-0.2627,2.1137,0.0000,enc,0.0000
1786025594.762078,0.1040,0.0,0.0,0.0000,0.0000,1.0139,-0.2627,2.1137,0.0000,enc,0.0000
1786025594.860491,0.0984,0.0,0.0,0.0000,0.0000,1.0139,-0.2627,2.1137,0.0000,enc,0.0000
1786025594.962956,0.1025,0.0,0.0,0.0000,0.0000,1.0139,-0.2627,2.1137,0.0000,enc,0.0000
1786025595.068189,0.1052,0.0,0.0,0.0000,0.0000,1.0139,-0.2627,2.1137,0.0000,enc,0.0000
1786025595.264446,0.1963,0.0,0.0,0.0000,0.0000,1.0139,-0.2627,2.1137,0.0000,enc,0.0000
1786025595.269696,0.0052,0.0,0.0,0.0000,0.0000,1.0139,-0.2627,2.1137,0.0000,enc,0.0000
1786025595.519862,0.2502,0.0,0.0,0.0000,0.0000,1.0139,-0.2627,2.1137,0.0000,enc,0.0000
1786025595.520306,0.0004,0.0,0.0,0.0000,0.0000,1.0139,-0.2627,2.1137,0.0000,enc,0.0000
1786025595.579912,0.0596,0.0,0.0,0.0000,0.0000,1.0139,-0.2627,2.1137,0.0000,enc,0.0000
1786025595.755037,0.1751,0.0,0.0,0.0000,0.0000,1.0139,-0.2627,2.1137,0.0000,enc,0.0000
1786025595.779198,0.0242,0.0,0.0,0.0000,0.0000,1.0139,-0.2627,2.1137,0.0000,enc,0.0000
1786025596.012892,0.2337,0.0,0.0,0.0000,0.0000,1.0139,-0.2627,2.1137,0.0000,enc,0.0000
1786025596.014374,0.0015,0.0,0.0,0.0000,0.0000,1.0139,-0.2627,2.1137,0.0000,enc,0.0000
1786025596.085432,0.0711,0.0,0.0,0.0000,0.0000,1.0139,-0.2627,2.1137,0.0000,enc,0.0000
1786025596.265524,0.1801,0.0,0.0,0.0000,0.0000,1.0139,-0.2627,2.1137,0.0000,enc,0.0000
1786025596.289706,0.0242,0.0,0.0,0.0000,0.0000,1.0139,-0.2627,2.1137,0.0000,enc,0.0000
1786025596.525547,0.2358,0.0,0.0,0.0000,0.0000,1.0139,-0.2627,2.1137,0.0000,enc,0.0000
1786025596.526637,0.0011,0.0,0.0,0.0000,0.0000,1.0139,-0.2627,2.1137,0.0000,enc,0.0000
1786025596.598763,0.0721,0.0,0.0,0.0000,0.0000,1.0139,-0.2627,2.1137,0.0000,enc,0.0000
1786025596.773813,0.1751,0.0,0.0,0.0000,0.0000,1.0139,-0.2627,2.1137,0.0000,enc,0.0000
1786025596.801824,0.0280,0.0,0.0,0.0000,0.0000,1.0139,-0.2627,2.1137,0.0000,enc,0.0000
1786025597.023057,0.2212,0.0,0.0,0.0000,0.0000,1.0139,-0.2627,2.1137,0.0000,enc,0.0000
1786025597.023323,0.0003,0.0,0.0,0.0000,0.0000,1.0139,-0.2627,2.1137,0.0000,enc,0.0000
1786025597.108224,0.0849,0.0,0.0,0.0000,0.0000,1.0139,-0.2627,2.1137,0.0000,enc,0.0000
1786025597.273036,0.1648,0.0,0.0,0.0000,0.0000,1.0139,-0.2627,2.1137,0.0000,enc,0.0000
1786025597.315773,0.0427,0.0,0.0,0.0000,0.0000,1.0139,-0.2627,2.1137,0.0000,enc,0.0000
1786025597.522931,0.2072,0.0,0.0,0.0000,0.0000,1.0139,-0.2627,2.1137,0.0000,enc,0.0000
1786025597.525518,0.0026,0.0,0.0,0.0000,0.0000,1.0139,-0.2627,2.1137,0.0000,enc,0.0000
1786025597.621742,0.0962,0.0,0.0,0.0000,0.0000,1.0139,-0.2627,2.1137,0.0000,enc,0.0000
1786025597.772125,0.1504,0.0,0.0,0.0000,0.0000,1.0139,-0.2627,2.1137,0.0000,enc,0.0000
1786025597.825821,0.0537,0.0,0.0,0.0000,0.0000,1.0139,-0.2627,2.1137,0.0000,enc,0.0000
1786025598.021492,0.1957,0.0,0.0,0.0000,0.0000,1.0139,-0.2627,2.1137,0.0000,enc,0.0000
1786025598.026685,0.0052,0.0,0.0,0.0000,0.0000,1.0139,-0.2627,2.1137,0.0000,enc,0.0000
1786025598.269858,0.2432,0.0,0.0,0.0000,0.0000,1.0139,-0.2627,2.1137,0.0000,enc,0.0000
1786025598.270059,0.0002,0.0,0.0,0.0000,0.0000,1.0139,-0.2627,2.1137,0.0000,enc,0.0000
1786025598.333431,0.0634,0.0,0.0,0.0000,0.0000,1.0139,-0.2627,2.1137,0.0000,enc,0.0000
1786025598.522498,0.1891,0.0,0.0,0.0000,0.0000,1.0139,-0.2627,2.1137,0.0000,enc,0.0000
1786025598.538486,0.0160,0.0,0.0,0.0000,0.0000,1.0139,-0.2627,2.1137,0.0000,enc,0.0000
1786025598.778726,0.2402,0.0,0.0,0.0000,0.0000,1.0139,-0.2627,2.1137,0.0000,enc,0.0000
1786025598.778937,0.0002,0.0,0.0,0.0000,0.0000,1.0139,-0.2627,2.1137,0.0000,enc,0.0000
1786025598.845339,0.0664,0.0,0.0,0.0000,0.0000,1.0139,-0.2627,2.1137,0.0000,enc,0.0000
1786025599.026111,0.1808,0.0,0.0,0.0000,0.0000,1.0139,-0.2627,2.1137,0.0000,enc,0.0000
1786025599.050831,0.0247,0.0,0.0,0.0000,0.0000,1.0139,-0.2627,2.1137,0.0000,enc,0.0000
1786025599.276844,0.2260,0.0,0.0,0.0000,0.0000,1.0139,-0.2627,2.1137,0.0000,enc,0.0000
1786025599.277791,0.0009,0.0,0.0,0.0000,0.0000,1.0139,-0.2627,2.1137,0.0000,enc,0.0000
1786025599.356335,0.0785,0.0,0.0,0.0000,0.0000,1.0139,-0.2627,2.1137,0.0000,enc,0.0000
1786025599.532973,0.1766,0.0,0.0,0.0000,0.0000,1.0139,-0.2627,2.1137,0.0000,enc,0.0000
1786025599.560409,0.0274,0.0,0.0,0.0000,0.0000,1.0139,-0.2627,2.1137,0.0000,enc,0.0000
1786025599.790964,0.2306,0.0,0.0,0.0000,0.0000,1.0139,-0.2627,2.1137,0.0000,enc,0.0000
1786025599.791730,0.0008,0.0,0.0,0.0000,0.0000,1.0139,-0.2627,2.1137,0.0000,enc,0.0000
1786025599.867445,0.0757,0.0,0.0,0.0000,0.0000,1.0139,-0.2627,2.1137,0.0000,enc,0.0000
1786025600.041840,0.1744,0.0,0.0,0.0000,0.0000,1.0139,-0.2627,2.1137,0.0000,enc,0.0000
1786025600.070993,0.0292,0.0,0.0,0.0000,0.0000,1.0139,-0.2627,2.1137,0.0000,enc,0.0000
1786025600.176490,0.1055,0.0,0.0,0.0000,0.0000,1.0139,-0.2627,2.1137,0.0000,enc,0.0000
1786025600.278076,0.1016,0.0,0.0,0.0000,0.0000,1.0139,-0.2627,2.1137,0.0000,enc,0.0000
1786025600.380468,0.1024,0.0,0.0,0.0000,0.0000,1.0139,-0.2627,2.1137,0.0000,enc,0.0000
1786025600.482811,0.1023,0.0,0.0,0.0000,0.0000,1.0139,-0.2627,2.1137,0.0000,enc,0.0000
1786025600.585067,0.1023,0.0,0.0,0.0000,0.0000,1.0139,-0.2627,2.1137,0.0000,enc,0.0000
1786025600.687450,0.1024,0.0,0.0,0.0000,0.0000,1.0139,-0.2627,2.1137,0.0000,enc,0.0000
1786025600.789146,0.1017,0.0,0.0,0.0000,0.0000,1.0139,-0.2627,2.1137,0.0000,enc,0.0000
1786025600.888358,0.0992,0.0,0.0,0.0000,0.0000,1.0139,-0.2627,2.1137,0.0000,enc,0.0000
1786025600.993584,0.1052,0.0,0.0,0.0000,0.0000,1.0139,-0.2627,2.1137,0.0000,enc,0.0000
1786025601.097982,0.1044,0.0,0.0,0.0000,0.0000,1.0139,-0.2627,2.1137,0.0000,enc,0.0000
1786025601.198018,0.1000,0.0,0.0,0.0000,0.0000,1.0139,-0.2627,2.1137,0.0000,enc,0.0000
1786025601.300585,0.1026,0.0,0.0,0.0000,0.0000,1.0139,-0.2627,2.1137,0.0000,enc,0.0000
1786025601.400774,0.1002,0.0,0.0,0.0000,0.0000,1.0139,-0.2627,2.1137,0.0000,enc,0.0000
1786025601.504829,0.1041,0.0,0.0,0.0000,0.0000,1.0139,-0.2627,2.1137,0.0000,enc,0.0000
1786025601.605816,0.1010,0.0,0.0,0.0000,0.0000,1.0139,-0.2627,2.1137,0.0000,enc,0.0000
1786025601.738831,0.1330,0.0,0.0,0.0000,0.0000,1.0139,-0.2627,2.1137,0.0000,enc,0.0000
1786025601.814487,0.0757,0.0,0.0,0.0000,0.0000,1.0139,-0.2627,2.1137,0.0000,enc,0.0000
1786025601.925594,0.1111,0.0,0.0,0.0000,0.0000,1.0139,-0.2627,2.1137,0.0000,enc,0.0000
1786025602.016463,0.0909,0.0,0.0,0.0000,0.0000,1.0139,-0.2627,2.1137,0.0000,enc,0.0000
1786025602.146674,0.1302,0.0,0.0,0.0000,0.0000,1.0139,-0.2627,2.1137,0.0000,enc,0.0000
1786025602.219146,0.0725,0.0,0.0,0.0000,0.0000,1.0139,-0.2627,2.1137,0.0000,enc,0.0000
1786025602.318291,0.0991,0.0,0.0,0.0000,0.0000,1.0139,-0.2627,2.1137,0.0000,enc,0.0000
1786025602.423773,0.1055,0.0,0.0,0.0000,0.0000,1.0139,-0.2627,2.1137,0.0000,enc,0.0000
1786025602.524641,0.1009,0.0,0.0,0.0000,0.0000,1.0139,-0.2627,2.1137,0.0000,enc,0.0000
1786025602.626005,0.1014,0.0,0.0,0.0000,0.0000,1.0139,-0.2627,2.1137,0.0000,enc,0.0000
1786025602.729672,0.1037,0.0,0.0,0.0000,0.0000,1.0139,-0.2627,2.1137,0.0000,enc,0.0000
1786025602.830951,0.1013,0.0,0.0,0.0000,0.0000,1.0139,-0.2627,2.1137,0.0000,enc,0.0000
1786025602.934190,0.1032,0.0,0.0,0.0000,0.0000,1.0139,-0.2627,2.1137,0.0000,enc,0.0000
1786025603.036893,0.1027,0.0,0.0,0.0000,0.0000,1.0139,-0.2627,2.1137,0.0000,enc,0.0000
1786025603.139089,0.1022,0.0,0.0,0.0000,0.0000,1.0139,-0.2627,2.1137,0.0000,enc,0.0000
1786025603.240942,0.1019,0.0,0.0,0.0000,0.0000,1.0139,-0.2627,2.1137,0.0000,enc,0.0000
1786025603.343808,0.1029,0.0,0.0,0.0000,0.0000,1.0139,-0.2627,2.1137,0.0000,enc,0.0000
1786025603.445268,0.1015,0.0,0.0,0.0000,0.0000,1.0139,-0.2627,2.1137,0.0000,enc,0.0000
1786025603.548089,0.1028,0.0,0.0,0.0000,0.0000,1.0139,-0.2627,2.1137,0.0000,enc,0.0000
1786025603.651385,0.1033,0.0,0.0,0.0000,0.0000,1.0139,-0.2627,2.1137,0.0000,enc,0.0000
1786025603.751747,0.1004,0.0,0.0,0.0000,0.0000,1.0139,-0.2627,2.1137,0.0000,enc,0.0000
1786025603.852958,0.1012,0.0,0.0,0.0000,0.0000,1.0139,-0.2627,2.1137,0.0000,enc,0.0000
1786025603.955056,0.1021,0.0,0.0,0.0000,0.0000,1.0139,-0.2627,2.1137,0.0000,enc,0.0000
1786025604.062953,0.1079,0.0,0.0,0.0000,0.0000,1.0139,-0.2627,2.1137,0.0000,enc,0.0000
1786025604.159380,0.0964,0.0,0.0,0.0000,0.0000,1.0139,-0.2627,2.1137,0.0000,enc,0.0000
1786025604.259047,0.0997,0.0,0.0,0.0000,0.0000,1.0139,-0.2627,2.1137,0.0000,enc,0.0000
1786025604.364146,0.1051,0.0,0.0,0.0000,0.0000,1.0139,-0.2627,2.1137,0.0000,enc,0.0000
1786025604.463905,0.0998,0.0,0.0,0.0000,0.0000,1.0139,-0.2627,2.1137,0.0000,enc,0.0000
1786025604.565437,0.1015,0.0,0.0,0.0000,0.0000,1.0139,-0.2627,2.1137,0.0000,enc,0.0000
1786025604.671937,0.1065,0.0,0.0,0.0000,0.0000,1.0139,-0.2627,2.1137,0.0000,enc,0.0000
1786025604.769475,0.0975,0.0,0.0,0.0000,0.0000,1.0139,-0.2627,2.1137,0.0000,enc,0.0000
1786025604.871808,0.1023,0.0,0.0,0.0000,0.0000,1.0139,-0.2627,2.1137,0.0000,enc,0.0000
1786025604.979068,0.1073,0.0,0.0,0.0000,0.0000,1.0139,-0.2627,2.1137,0.0000,enc,0.0000
1786025605.077016,0.0979,0.0,0.0,0.0000,0.0000,1.0139,-0.2627,2.1137,0.0000,enc,0.0000
1786025605.179301,0.1023,0.0,0.0,0.0000,0.0000,1.0139,-0.2627,2.1137,0.0000,enc,0.0000
1786025605.284293,0.1050,0.0,0.0,0.0000,0.0000,1.0139,-0.2627,2.1137,0.0000,enc,0.0000
1786025605.383286,0.0990,0.0,0.0,0.0000,0.0000,1.0139,-0.2627,2.1137,0.0000,enc,0.0000
1786025605.487036,0.1038,0.0,0.0,0.0000,0.0000,1.0139,-0.2627,2.1137,0.0000,enc,0.0000
1786025605.593020,0.1060,0.0,0.0,0.0000,0.0000,1.0139,-0.2627,2.1137,0.0000,enc,0.0000
1786025605.693894,0.1009,0.0,0.0,0.0000,0.0000,1.0139,-0.2627,2.1137,0.0000,enc,0.0000
1786025605.796558,0.1027,0.0,0.0,0.0000,0.0000,1.0139,-0.2627,2.1137,0.0000,enc,0.0000
1786025605.898091,0.1015,0.0,0.0,0.0000,0.0000,1.0139,-0.2627,2.1137,0.0000,enc,0.0000
1786025606.000844,0.1028,0.0,0.0,0.0000,0.0000,1.0139,-0.2627,2.1137,0.0000,enc,0.0000
1786025606.105868,0.1050,0.0,0.0,0.0000,0.0000,1.0139,-0.2627,2.1137,0.0000,enc,0.0000
1786025606.205471,0.0996,0.0,0.0,0.0000,0.0000,1.0139,-0.2627,2.1137,0.0000,enc,0.0000
1786025606.308928,0.1035,0.0,0.0,0.0000,0.0000,1.0139,-0.2627,2.1137,0.0000,enc,0.0000
1786025606.409520,0.1006,0.0,0.0,0.0000,0.0000,1.0139,-0.2627,2.1137,0.0000,enc,0.0000
1786025606.512327,0.1028,0.0,0.0,0.0000,0.0000,1.0139,-0.2627,2.1137,0.0000,enc,0.0000
1786025606.614456,0.1021,0.0,0.0,0.0000,0.0000,1.0139,-0.2627,2.1137,0.0000,enc,0.0000
1786025606.716139,0.1017,0.0,0.0,0.0000,0.0000,1.0139,-0.2627,2.1137,0.0000,enc,0.0000
1786025606.815706,0.0996,0.0,0.0,0.0000,0.0000,1.0139,-0.2627,2.1137,0.0000,enc,0.0000
1786025606.921433,0.1057,0.0,0.0,0.0000,0.0000,1.0139,-0.2627,2.1137,0.0000,enc,0.0000
1786025607.020219,0.0988,0.0,0.0,0.0000,0.0000,1.0139,-0.2627,2.1137,0.0000,enc,0.0000
1786025607.122036,0.1018,0.0,0.0,0.0000,0.0000,1.0139,-0.2627,2.1137,0.0000,enc,0.0000
1786025607.227134,0.1051,0.0,0.0,0.0000,0.0000,1.0139,-0.2627,2.1137,0.0000,enc,0.0000
1786025607.332260,0.1051,0.0,0.0,0.0000,0.0000,1.0139,-0.2627,2.1137,0.0000,enc,0.0000
1786025607.430468,0.0982,0.0,0.0,0.0000,0.0000,1.0139,-0.2627,2.1137,0.0000,enc,0.0000
1786025607.534164,0.1037,0.0,0.0,0.0000,0.0000,1.0139,-0.2627,2.1137,0.0000,enc,0.0000
1786025607.633157,0.0990,0.0,0.0,0.0000,0.0000,1.0139,-0.2627,2.1137,0.0000,enc,0.0000
1786025607.734920,0.1018,0.0,0.0,0.0000,0.0000,1.0139,-0.2627,2.1137,0.0000,enc,0.0000
1786025607.838111,0.1032,0.0,0.0,0.0000,0.0000,1.0139,-0.2627,2.1137,0.0000,enc,0.0000
1786025607.942438,0.1043,0.0,0.0,0.0000,0.0000,1.0139,-0.2627,2.1137,0.0000,enc,0.0000
1786025608.041018,0.0986,0.0,0.0,0.0000,0.0000,1.0139,-0.2627,2.1137,0.0000,enc,0.0000
1786025608.146318,0.1053,0.0,0.0,0.0000,0.0000,1.0139,-0.2627,2.1137,0.0000,enc,0.0000
1786025608.249645,0.1033,0.0,0.0,0.0000,0.0000,1.0139,-0.2627,2.1137,0.0000,enc,0.0000
1786025608.349755,0.1001,0.0,0.0,0.0000,0.0000,1.0139,-0.2627,2.1137,0.0000,enc,0.0000
1786025608.453371,0.1036,0.0,0.0,0.0000,0.0000,1.0139,-0.2627,2.1137,0.0000,enc,0.0000
1786025608.555011,0.1016,0.0,0.0,0.0000,0.0000,1.0139,-0.2627,2.1137,0.0000,enc,0.0000
1786025608.657016,0.1020,0.0,0.0,0.0000,0.0000,1.0139,-0.2627,2.1137,0.0000,enc,0.0000
1786025608.759398,0.1024,0.0,0.0,0.0000,0.0000,1.0139,-0.2627,2.1137,0.0000,enc,0.0000
1786025608.861085,0.1017,0.0,0.0,0.0000,0.0000,1.0139,-0.2627,2.1137,0.0000,enc,0.0000
1786025608.963566,0.1025,0.0,0.0,0.0000,0.0000,1.0139,-0.2627,2.1137,0.0000,enc,0.0000
1786025609.066250,0.1027,0.0,0.0,0.0000,0.0000,1.0139,-0.2627,2.1137,0.0000,enc,0.0000
1786025609.167756,0.1015,0.0,0.0,0.0000,0.0000,1.0139,-0.2627,2.1137,0.0000,enc,0.0000
1786025609.270553,0.1028,0.0,0.0,0.0000,0.0000,1.0139,-0.2627,2.1137,0.0000,enc,0.0000
1786025609.373207,0.1027,0.0,0.0,0.0000,0.0000,1.0139,-0.2627,2.1137,0.0000,enc,0.0000
1786025609.477693,0.1045,0.0,0.0,0.0000,0.0000,1.0139,-0.2627,2.1137,0.0000,enc,0.0000
1786025609.573548,0.0959,0.0,0.0,0.0000,0.0000,1.0139,-0.2627,2.1137,0.0000,enc,0.0000
1786025609.675778,0.1022,0.0,0.0,0.0000,0.0000,1.0139,-0.2627,2.1137,0.0000,enc,0.0000
1786025609.781462,0.1057,0.0,0.0,0.0000,0.0000,1.0139,-0.2627,2.1137,0.0000,enc,0.0000
1786025609.881591,0.1001,0.0,0.0,0.0000,0.0000,1.0139,-0.2627,2.1137,0.0000,enc,0.0000
1786025609.982328,0.1007,0.0,0.0,0.0000,0.0000,1.0139,-0.2627,2.1137,0.0000,enc,0.0000
1786025610.088006,0.1057,0.0,0.0,0.0000,0.0000,1.0139,-0.2627,2.1137,0.0000,enc,0.0000
1786025610.260294,0.1723,0.0,0.0,0.0000,0.0000,1.0139,-0.2627,2.1137,0.0000,enc,0.0000
1786025610.289085,0.0288,0.0,0.0,0.0000,0.0000,1.0139,-0.2627,2.1137,0.0000,enc,0.0000
1786025610.515948,0.2269,0.0,0.0,0.0000,0.0000,1.0139,-0.2627,2.1137,0.0000,enc,0.0000
1786025610.516764,0.0008,0.0,0.0,0.0000,0.0000,1.0139,-0.2627,2.1137,0.0000,enc,0.0000
1786025610.596653,0.0799,0.0,0.0,0.0000,0.0000,1.0139,-0.2627,2.1137,0.0000,enc,0.0000
1786025610.760157,0.1635,0.0,0.0,0.0000,0.0000,1.0139,-0.2627,2.1137,0.0000,enc,0.0000
1786025610.803074,0.0429,0.0,0.0,0.0000,0.0000,1.0139,-0.2627,2.1137,0.0000,enc,0.0000
1786025611.006323,0.2032,0.0,0.0,0.0000,0.0000,1.0139,-0.2627,2.1137,0.0000,enc,0.0000
1786025611.008218,0.0019,0.0,0.0,0.0000,0.0000,1.0139,-0.2627,2.1137,0.0000,enc,0.0000
1786025611.253046,0.2448,0.0,0.0,0.0000,0.0000,1.0139,-0.2627,2.1137,0.0000,enc,0.0000
1786025611.253825,0.0008,0.0,0.0,0.0000,0.0000,1.0139,-0.2627,2.1137,0.0000,enc,0.0000
1786025611.315321,0.0615,0.0,0.0,0.0000,0.0000,1.0139,-0.2627,2.1137,0.0000,enc,0.0000
1786025611.508838,0.1935,0.0,0.0,0.0000,0.0000,1.0139,-0.2627,2.1137,0.0000,enc,0.0000
1786025611.518008,0.0092,0.0,0.0,0.0000,0.0000,1.0139,-0.2627,2.1137,0.0000,enc,0.0000
1786025611.759976,0.2420,0.0,0.0,0.0000,0.0000,1.0139,-0.2627,2.1137,0.0000,enc,0.0000
1786025611.761826,0.0018,0.0,0.0,0.0000,0.0000,1.0139,-0.2627,2.1137,0.0000,enc,0.0000
1786025611.826431,0.0646,0.0,0.0,0.0000,0.0000,1.0139,-0.2627,2.1137,0.0000,enc,0.0000
1786025612.007908,0.1815,0.0,0.0,0.0000,0.0000,1.0139,-0.2627,2.1137,0.0000,enc,0.0000
1786025612.029363,0.0215,0.0,0.0,0.0000,0.0000,1.0139,-0.2627,2.1137,0.0000,enc,0.0000
1786025612.268854,0.2395,0.0,0.0,0.0000,0.0000,1.0139,-0.2627,2.1137,0.0000,enc,0.0000
1786025612.271412,0.0026,0.0,0.0,0.0000,0.0000,1.0139,-0.2627,2.1137,0.0000,enc,0.0000
1786025612.354083,0.0827,0.0,0.0,0.0000,0.0000,1.0139,-0.2627,2.1137,0.0000,enc,0.0000
1786025612.521643,0.1676,0.0,0.0,0.0000,0.0000,1.0139,-0.2627,2.1137,0.0000,enc,0.0000
1786025612.543312,0.0217,0.0,0.0,0.0000,0.0000,1.0139,-0.2627,2.1137,0.0000,enc,0.0000
1786025612.756520,0.2132,0.0,0.0,0.0000,0.0000,1.0139,-0.2627,2.1137,0.0000,enc,0.0000
1786025612.757778,0.0013,0.0,0.0,0.0000,0.0000,1.0139,-0.2627,2.1137,0.0000,enc,0.0000
1786025612.845006,0.0872,0.0,0.0,0.0000,0.0000,1.0139,-0.2627,2.1137,0.0000,enc,0.0000
1786025613.009058,0.1641,0.0,0.0,0.0000,0.0000,1.0139,-0.2627,2.1137,0.0000,enc,0.0000
1786025613.053427,0.0444,0.0,0.0,0.0000,0.0000,1.0139,-0.2627,2.1137,0.0000,enc,0.0000
1786025613.260324,0.2069,0.0,0.0,0.0000,0.0000,1.0139,-0.2627,2.1137,0.0000,enc,0.0000
1786025613.261554,0.0012,0.0,0.0,0.0000,0.0000,1.0139,-0.2627,2.1137,0.0000,enc,0.0000
1786025613.360839,0.0993,0.0,0.0,0.0000,0.0000,1.0139,-0.2627,2.1137,0.0000,enc,0.0000
1786025613.508526,0.1477,0.0,0.0,0.0000,0.0000,1.0139,-0.2627,2.1137,0.0000,enc,0.0000
1786025613.562973,0.0544,0.0,0.0,0.0000,0.0000,1.0139,-0.2627,2.1137,0.0000,enc,0.0000
1786025613.760928,0.1980,0.0,0.0,0.0000,0.0000,1.0139,-0.2627,2.1137,0.0000,enc,0.0000
1786025613.765390,0.0045,0.0,0.0,0.0000,0.0000,1.0139,-0.2627,2.1137,0.0000,enc,0.0000
1786025614.012525,0.2471,0.0,0.0,0.0000,0.0000,1.0139,-0.2627,2.1137,0.0000,enc,0.0000
1786025614.013952,0.0014,0.0,0.0,0.0000,0.0000,1.0139,-0.2627,2.1137,0.0000,enc,0.0000
1786025614.073821,0.0599,0.0,0.0,0.0000,0.0000,1.0139,-0.2627,2.1137,0.0000,enc,0.0000
1786025614.262381,0.1886,0.0,0.0,0.0000,0.0000,1.0139,-0.2627,2.1137,0.0000,enc,0.0000
1786025614.274842,0.0125,0.0,0.0,0.0000,0.0000,1.0139,-0.2627,2.1137,0.0000,enc,0.0000
1786025614.517042,0.2422,0.0,0.0,0.0000,0.0000,1.0139,-0.2627,2.1137,0.0000,enc,0.0000
1786025614.519801,0.0028,0.0,0.0,0.0000,0.0000,1.0139,-0.2627,2.1137,0.0000,enc,0.0000
1786025614.584900,0.0651,0.0,0.0,0.0000,0.0000,1.0139,-0.2627,2.1137,0.0000,enc,0.0000
1786025614.774013,0.1891,0.0,0.0,0.0000,0.0000,1.0139,-0.2627,2.1137,0.0000,enc,0.0000
1786025614.786565,0.0126,0.0,0.0,0.0000,0.0000,1.0139,-0.2627,2.1137,0.0000,enc,0.0000
1786025615.024989,0.2384,0.0,0.0,0.0000,0.0000,1.0139,-0.2627,2.1137,0.0000,enc,0.0000
1786025615.025888,0.0009,0.0,0.0,0.0000,0.0000,1.0139,-0.2627,2.1137,0.0000,enc,0.0000
1786025615.091468,0.0656,0.0,0.0,0.0000,0.0000,1.0139,-0.2627,2.1137,0.0000,enc,0.0000
1786025615.196928,0.1055,0.0,0.0,0.0000,0.0000,1.0139,-0.2627,2.1137,0.0000,enc,0.0000
1786025615.296806,0.0999,0.0,0.0,0.0000,0.0000,1.0139,-0.2627,2.1137,0.0000,enc,0.0000
1786025615.399925,0.1031,0.0,0.0,0.0000,0.0000,1.0139,-0.2627,2.1137,0.0000,enc,0.0000
1786025615.505761,0.1058,0.0,0.0,0.0000,0.0000,1.0139,-0.2627,2.1137,0.0000,enc,0.0000
1786025615.605657,0.0999,0.0,0.0,0.0000,0.0000,1.0139,-0.2627,2.1137,0.0000,enc,0.0000
1786025615.706849,0.1012,0.0,0.0,0.0000,0.0000,1.0139,-0.2627,2.1137,0.0000,enc,0.0000
1786025615.810666,0.1038,0.0,0.0,0.0000,0.0000,1.0139,-0.2627,2.1137,0.0000,enc,0.0000
1786025615.913616,0.1029,0.0,0.0,0.0000,0.0000,1.0139,-0.2627,2.1137,0.0000,enc,0.0000
1786025616.015067,0.1015,0.0,0.0,0.0000,0.0000,1.0139,-0.2627,2.1137,0.0000,enc,0.0000
1786025616.117190,0.1021,0.0,0.0,0.0000,0.0000,1.0139,-0.2627,2.1137,0.0000,enc,0.0000
1786025616.219861,0.1027,0.0,0.0,0.0000,0.0000,1.0139,-0.2627,2.1137,0.0000,enc,0.0000
1786025616.321630,0.1018,0.0,0.0,0.0000,0.0000,1.0139,-0.2627,2.1137,0.0000,enc,0.0000
1786025616.423661,0.1020,0.0,0.0,0.0000,0.0000,1.0139,-0.2627,2.1137,0.0000,enc,0.0000
1786025616.525722,0.1021,0.0,0.0,0.0000,0.0000,1.0139,-0.2627,2.1137,0.0000,enc,0.0000
1786025616.629804,0.1041,0.0,0.0,0.0000,0.0000,1.0139,-0.2627,2.1137,0.0000,enc,0.0000
1786025616.730489,0.1007,0.0,0.0,0.0000,0.0000,1.0139,-0.2627,2.1137,0.0000,enc,0.0000
1786025616.832889,0.1024,0.0,0.0,0.0000,0.0000,1.0139,-0.2627,2.1137,0.0000,enc,0.0000
1786025616.936007,0.1031,0.0,0.0,0.0000,0.0000,1.0139,-0.2627,2.1137,0.0000,enc,0.0000
1786025617.033633,0.0976,0.0,0.0,0.0000,0.0000,1.0139,-0.2627,2.1137,0.0000,enc,0.0000
1786025617.139934,0.1063,0.0,0.0,0.0000,0.0000,1.0139,-0.2627,2.1137,0.0000,enc,0.0000
1786025617.241607,0.1017,0.0,0.0,0.0000,0.0000,1.0139,-0.2627,2.1137,0.0000,enc,0.0000
1786025617.339340,0.0977,0.0,0.0,0.0000,0.0000,1.0139,-0.2627,2.1137,0.0000,enc,0.0000
1786025617.446953,0.1076,0.0,0.0,0.0000,0.0000,1.0139,-0.2627,2.1137,0.0000,enc,0.0000
1786025617.543603,0.0967,0.0,0.0,0.0000,0.0000,1.0139,-0.2627,2.1137,0.0000,enc,0.0000
1786025617.645498,0.1019,0.0,0.0,0.0000,0.0000,1.0139,-0.2627,2.1137,0.0000,enc,0.0000
1786025617.751029,0.1055,0.0,0.0,0.0000,0.0000,1.0139,-0.2627,2.1137,0.0000,enc,0.0000
1786025617.849929,0.0989,0.0,0.0,0.0000,0.0000,1.0139,-0.2627,2.1137,0.0000,enc,0.0000
1786025617.952664,0.1027,0.0,0.0,0.0000,0.0000,1.0139,-0.2627,2.1137,0.0000,enc,0.0000
1786025618.059955,0.1073,0.0,0.0,0.0000,0.0000,1.0139,-0.2627,2.1137,0.0000,enc,0.0000
1786025618.159293,0.0993,0.0,0.0,0.0000,0.0000,1.0139,-0.2627,2.1137,0.0000,enc,0.0000
1786025618.258092,0.0988,0.0,0.0,0.0000,0.0000,1.0139,-0.2627,2.1137,0.0000,enc,0.0000
1786025618.363447,0.1054,0.0,0.0,0.0000,0.0000,1.0139,-0.2627,2.1137,0.0000,enc,0.0000
1786025618.465740,0.1023,0.0,0.0,0.0000,0.0000,1.0139,-0.2627,2.1137,0.0000,enc,0.0000
1786025618.568110,0.1024,0.0,0.0,0.0000,0.0000,1.0139,-0.2627,2.1137,0.0000,enc,0.0000
1786025618.670496,0.1024,0.0,0.0,0.0000,0.0000,1.0139,-0.2627,2.1137,0.0000,enc,0.0000
1786025618.772835,0.1023,0.0,0.0,0.0000,0.0000,1.0139,-0.2627,2.1137,0.0000,enc,0.0000
1786025618.874876,0.1020,0.0,0.0,0.0000,0.0000,1.0139,-0.2627,2.1137,0.0000,enc,0.0000
1786025618.977257,0.1024,0.0,0.0,0.0000,0.0000,1.0139,-0.2627,2.1137,0.0000,enc,0.0000
1786025619.081090,0.1038,0.0,0.0,0.0000,0.0000,1.0139,-0.2627,2.1137,0.0000,enc,0.0000
1786025619.182285,0.1012,0.0,0.0,0.0000,0.0000,1.0139,-0.2627,2.1137,0.0000,enc,0.0000
1786025619.283019,0.1007,0.0,0.0,0.0000,0.0000,1.0139,-0.2627,2.1137,0.0000,enc,0.0000
1786025619.390018,0.1070,0.0,0.0,0.0000,0.0000,1.0139,-0.2627,2.1137,0.0000,enc,0.0000
1786025619.494717,0.1047,0.0,0.0,0.0000,0.0000,1.0139,-0.2627,2.1137,0.0000,enc,0.0000
1786025619.608927,0.1142,0.0,0.0,0.0000,0.0000,1.0139,-0.2627,2.1137,0.0000,enc,0.0000
1786025619.692933,0.0840,0.0,0.0,0.0000,0.0000,1.0139,-0.2627,2.1137,0.0000,enc,0.0000
1786025619.793952,0.1010,0.0,0.0,0.0000,0.0000,1.0139,-0.2627,2.1137,0.0000,enc,0.0000
1786025619.893255,0.0993,0.0,0.0,0.0000,0.0000,1.0139,-0.2627,2.1137,0.0000,enc,0.0000
1786025619.997509,0.1043,0.0,0.0,0.0000,0.0000,1.0139,-0.2627,2.1137,0.0000,enc,0.0000
1786025620.096985,0.0995,0.0,0.0,0.0000,0.0000,1.0139,-0.2627,2.1137,0.0000,enc,0.0000
1786025620.199505,0.1025,0.0,0.0,0.0000,0.0000,1.0139,-0.2627,2.1137,0.0000,enc,0.0000
1786025620.304638,0.1051,0.0,0.0,0.0000,0.0000,1.0139,-0.2627,2.1137,0.0000,enc,0.0000
1786025620.404701,0.1001,0.0,0.0,0.0000,0.0000,1.0139,-0.2627,2.1137,0.0000,enc,0.0000
1786025620.508227,0.1035,0.0,0.0,0.0000,0.0000,1.0139,-0.2627,2.1137,0.0000,enc,0.0000
1786025620.611914,0.1037,0.0,0.0,0.0000,0.0000,1.0139,-0.2627,2.1137,0.0000,enc,0.0000
1786025620.715600,0.1037,0.0,0.0,0.0000,0.0000,1.0139,-0.2627,2.1137,0.0000,enc,0.0000
1786025620.813868,0.0983,0.0,0.0,0.0000,0.0000,1.0139,-0.2627,2.1137,0.0000,enc,0.0000
1786025620.918921,0.1051,0.0,0.0,0.0000,0.0000,1.0139,-0.2627,2.1137,0.0000,enc,0.0000
1786025621.020789,0.1019,0.0,0.0,0.0000,0.0000,1.0139,-0.2627,2.1137,0.0000,enc,0.0000
1786025621.123317,0.1025,0.0,0.0,0.0000,0.0000,1.0139,-0.2627,2.1137,0.0000,enc,0.0000
1786025621.225050,0.1017,0.0,0.0,0.0000,0.0000,1.0139,-0.2627,2.1137,0.0000,enc,0.0000
1786025621.328948,0.1039,0.0,0.0,0.0000,0.0000,1.0139,-0.2627,2.1137,0.0000,enc,0.0000
1786025621.429487,0.1005,0.0,0.0,0.0000,0.0000,1.0139,-0.2627,2.1137,0.0000,enc,0.0000
1786025621.532456,0.1030,0.0,0.0,0.0000,0.0000,1.0139,-0.2627,2.1137,0.0000,enc,0.0000
1786025621.634623,0.1022,0.0,0.0,0.0000,0.0000,1.0139,-0.2627,2.1137,0.0000,enc,0.0000
1786025621.737012,0.1024,0.0,0.0,0.0000,0.0000,1.0139,-0.2627,2.1137,0.0000,enc,0.0000
1786025621.838549,0.1015,0.0,0.0,0.0000,0.0000,1.0139,-0.2627,2.1137,0.0000,enc,0.0000
1786025621.940637,0.1021,0.0,0.0,0.0000,0.0000,1.0139,-0.2627,2.1137,0.0000,enc,0.0000
1786025622.044771,0.1041,0.0,0.0,0.0000,0.0000,1.0139,-0.2627,2.1137,0.0000,enc,0.0000
1786025622.142907,0.0981,0.0,0.0,0.0000,0.0000,1.0139,-0.2627,2.1137,0.0000,enc,0.0000
1786025622.247866,0.1050,0.0,0.0,0.0000,0.0000,1.0139,-0.2627,2.1137,0.0000,enc,0.0000
1786025622.346500,0.0986,0.0,0.0,0.0000,0.0000,1.0139,-0.2627,2.1137,0.0000,enc,0.0000
1786025622.449919,0.1034,0.0,0.0,0.0000,0.0000,1.0139,-0.2627,2.1137,0.0000,enc,0.0000
1786025622.556250,0.1063,0.0,0.0,0.0000,0.0000,1.0139,-0.2627,2.1137,0.0000,enc,0.0000
1786025622.653489,0.0972,0.0,0.0,0.0000,0.0000,1.0139,-0.2627,2.1137,0.0000,enc,0.0000
1786025622.756462,0.1030,0.0,0.0,0.0000,0.0000,1.0139,-0.2627,2.1137,0.0000,enc,0.0000
1786025622.861715,0.1053,0.0,0.0,0.0000,0.0000,1.0139,-0.2627,2.1137,0.0000,enc,0.0000
1786025622.960584,0.0989,0.0,0.0,0.0000,0.0000,1.0139,-0.2627,2.1137,0.0000,enc,0.0000
1786025623.061891,0.1013,0.0,0.0,0.0000,0.0000,1.0139,-0.2627,2.1137,0.0000,enc,0.0000
1786025623.166575,0.1047,0.0,0.0,0.0000,0.0000,1.0139,-0.2627,2.1137,0.0000,enc,0.0000
1786025623.266321,0.0997,0.0,0.0,0.0000,0.0000,1.0139,-0.2627,2.1137,0.0000,enc,0.0000
1786025623.368967,0.1026,0.0,0.0,0.0000,0.0000,1.0139,-0.2627,2.1137,0.0000,enc,0.0000
1786025623.473321,0.1044,0.0,0.0,0.0000,0.0000,1.0139,-0.2627,2.1137,0.0000,enc,0.0000
1786025623.575850,0.1025,0.0,0.0,0.0000,0.0000,1.0139,-0.2627,2.1137,0.0000,enc,0.0000
1786025623.675058,0.0992,0.0,0.0,0.0000,0.0000,1.0139,-0.2627,2.1137,0.0000,enc,0.0000
1786025623.779102,0.1040,0.0,0.0,0.0000,0.0000,1.0139,-0.2627,2.1137,0.0000,enc,0.0000
1786025623.881968,0.1029,0.0,0.0,0.0000,0.0000,1.0139,-0.2627,2.1137,0.0000,enc,0.0000
1786025623.983895,0.1019,0.0,0.0,0.0000,0.0000,1.0139,-0.2627,2.1137,0.0000,enc,0.0000
1786025624.086335,0.1024,0.0,0.0,0.0000,0.0000,1.0139,-0.2627,2.1137,0.0000,enc,0.0000
1786025624.189643,0.1033,0.0,0.0,0.0000,0.0000,1.0139,-0.2627,2.1137,0.0000,enc,0.0000
1786025624.289848,0.1002,0.0,0.0,0.0000,0.0000,1.0139,-0.2627,2.1137,0.0000,enc,0.0000
1786025624.393997,0.1041,0.0,0.0,0.0000,0.0000,1.0139,-0.2627,2.1137,0.0000,enc,0.0000
1786025624.496824,0.1028,0.0,0.0,0.0000,0.0000,1.0139,-0.2627,2.1137,0.0000,enc,0.0000
1786025624.597800,0.1010,0.0,0.0,0.0000,0.0000,1.0139,-0.2627,2.1137,0.0000,enc,0.0000
1786025624.697127,0.0993,0.0,0.0,0.0000,0.0000,1.0139,-0.2627,2.1137,0.0000,enc,0.0000
1786025624.802257,0.1051,0.0,0.0,0.0000,0.0000,1.0139,-0.2627,2.1137,0.0000,enc,0.0000
1786025624.901968,0.0997,0.0,0.0,0.0000,0.0000,1.0139,-0.2627,2.1137,0.0000,enc,0.0000
1786025625.004005,0.1020,0.0,0.0,0.0000,0.0000,1.0139,-0.2627,2.1137,0.0000,enc,0.0000
1786025625.109065,0.1051,0.0,0.0,0.0000,0.0000,1.0139,-0.2627,2.1137,0.0000,enc,0.0000
1786025625.265862,0.1568,0.0,0.0,0.0000,0.0000,1.0139,-0.2627,2.1137,0.0000,enc,0.0000
1786025625.310957,0.0451,0.0,0.0,0.0000,0.0000,1.0139,-0.2627,2.1137,0.0000,enc,0.0000
1786025625.518357,0.2074,0.0,0.0,0.0000,0.0000,1.0139,-0.2627,2.1137,0.0000,enc,0.0000
1786025625.518931,0.0006,0.0,0.0,0.0000,0.0000,1.0139,-0.2627,2.1137,0.0000,enc,0.0000
1786025625.616793,0.0979,0.0,0.0,0.0000,0.0000,1.0139,-0.2627,2.1137,0.0000,enc,0.0000
1786025625.756645,0.1399,0.0,0.0,0.0000,0.0000,1.0139,-0.2627,2.1137,0.0000,enc,0.0000
1786025625.821913,0.0653,0.0,0.0,0.0000,0.0000,1.0139,-0.2627,2.1137,0.0000,enc,0.0000
1786025626.002254,0.1803,0.0,0.0,0.0000,0.0000,1.0139,-0.2627,2.1137,0.0000,enc,0.0000
1786025626.025475,0.0232,0.0,0.0,0.0000,0.0000,1.0139,-0.2627,2.1137,0.0000,enc,0.0000
1786025626.257510,0.2320,0.0,0.0,0.0000,0.0000,1.0139,-0.2627,2.1137,0.0000,enc,0.0000
1786025626.258474,0.0010,0.0,0.0,0.0000,0.0000,1.0139,-0.2627,2.1137,0.0000,enc,0.0000
1786025626.333959,0.0755,0.0,0.0,0.0000,0.0000,1.0139,-0.2627,2.1137,0.0000,enc,0.0000
1786025626.513289,0.1793,0.0,0.0,0.0000,0.0000,1.0139,-0.2627,2.1137,0.0000,enc,0.0000
1786025626.536246,0.0230,0.0,0.0,0.0000,0.0000,1.0139,-0.2627,2.1137,0.0000,enc,0.0000
1786025626.767414,0.2312,0.0,0.0,0.0000,0.0000,1.0139,-0.2627,2.1137,0.0000,enc,0.0000
1786025626.768843,0.0014,0.0,0.0,0.0000,0.0000,1.0139,-0.2627,2.1137,0.0000,enc,0.0000
1786025626.845899,0.0771,0.0,0.0,0.0000,0.0000,1.0139,-0.2627,2.1137,0.0000,enc,0.0000
1786025627.016462,0.1706,0.0,0.0,0.0000,0.0000,1.0139,-0.2627,2.1137,0.0000,enc,0.0000
1786025627.049628,0.0332,0.0,0.0,0.0000,0.0000,1.0139,-0.2627,2.1137,0.0000,enc,0.0000
1786025627.267130,0.2175,0.0,0.0,0.0000,0.0000,1.0139,-0.2627,2.1137,0.0000,enc,0.0000
1786025627.268402,0.0013,0.0,0.0,0.0000,0.0000,1.0139,-0.2627,2.1137,0.0000,enc,0.0000
1786025627.356115,0.0877,0.0,0.0,0.0000,0.0000,1.0139,-0.2627,2.1137,0.0000,enc,0.0000
1786025627.521577,0.1655,0.0,0.0,0.0000,0.0000,1.0139,-0.2627,2.1137,0.0000,enc,0.0000
1786025627.560077,0.0385,0.0,0.0,0.0000,0.0000,1.0139,-0.2627,2.1137,0.0000,enc,0.0000
1786025627.768183,0.2081,0.0,0.0,0.0000,0.0000,1.0139,-0.2627,2.1137,0.0000,enc,0.0000
1786025627.769669,0.0015,0.0,0.0,0.0000,0.0000,1.0139,-0.2627,2.1137,0.0000,enc,0.0000
1786025627.864522,0.0949,0.0,0.0,0.0000,0.0000,1.0139,-0.2627,2.1137,0.0000,enc,0.0000
1786025628.017064,0.1525,0.0,0.0,0.0000,0.0000,1.0139,-0.2627,2.1137,0.0000,enc,0.0000
1786025628.068076,0.0510,0.0,0.0,0.0000,0.0000,1.0139,-0.2627,2.1137,0.0000,enc,0.0000
1786025628.272323,0.2042,0.0,0.0,0.0000,0.0000,1.0139,-0.2627,2.1137,0.0000,enc,0.0000
1786025628.275600,0.0033,0.0,0.0,0.0000,0.0000,1.0139,-0.2627,2.1137,0.0000,enc,0.0000
1786025628.520008,0.2444,0.0,0.0,0.0000,0.0000,1.0139,-0.2627,2.1137,0.0000,enc,0.0000
1786025628.522659,0.0027,0.0,0.0,0.0000,0.0000,1.0139,-0.2627,2.1137,0.0000,enc,0.0000
1786025628.582263,0.0596,0.0,0.0,0.0000,0.0000,1.0139,-0.2627,2.1137,0.0000,enc,0.0000
1786025628.772614,0.1904,0.0,0.0,0.0000,0.0000,1.0139,-0.2627,2.1137,0.0000,enc,0.0000
1786025628.790900,0.0183,0.0,0.0,0.0000,0.0000,1.0139,-0.2627,2.1137,0.0000,enc,0.0000
1786025629.040622,0.2497,0.0,0.0,0.0000,0.0000,1.0139,-0.2627,2.1137,0.0000,enc,0.0000
1786025629.064489,0.0239,0.0,0.0,0.0000,0.0000,1.0139,-0.2627,2.1137,0.0000,enc,0.0000
1786025629.326793,0.2623,0.0,0.0,0.0000,0.0000,1.0139,-0.2627,2.1137,0.0000,enc,0.0000
1786025629.336493,0.0097,0.0,0.0,0.0000,0.0000,1.0139,-0.2627,2.1137,0.0000,enc,0.0000
1786025629.391375,0.0549,0.0,0.0,0.0000,0.0000,1.0139,-0.2627,2.1137,0.0000,enc,0.0000
1786025629.588847,0.1975,0.0,0.0,0.0000,0.0000,1.0139,-0.2627,2.1137,0.0000,enc,0.0000
1786025629.589865,0.0010,0.0,0.0,0.0000,0.0000,1.0139,-0.2627,2.1137,0.0000,enc,0.0000
1786025629.897923,0.3081,0.0,0.0,0.0000,0.0000,1.0139,-0.2627,2.1137,0.0000,enc,0.0000
1786025629.897966,0.0000,0.0,0.0,0.0000,0.0000,1.0139,-0.2627,2.1137,0.0000,enc,0.0000
1786025629.897980,0.0000,0.0,0.0,0.0000,0.0000,1.0139,-0.2627,2.1137,0.0000,enc,0.0000
1786025630.036011,0.1380,0.0,0.0,0.0000,0.0000,1.0139,-0.2627,2.1137,0.0000,enc,0.0000
1786025630.036520,0.0005,0.0,0.0,0.0000,0.0000,1.0139,-0.2627,2.1137,0.0000,enc,0.0000
1786025630.114803,0.0783,0.0,0.0,0.0000,0.0000,1.0139,-0.2627,2.1137,0.0000,enc,0.0000
1786025630.218722,0.1039,0.0,0.0,0.0000,0.0000,1.0139,-0.2627,2.1137,0.0000,enc,0.0000
1786025630.317283,0.0986,0.0,0.0,0.0000,0.0000,1.0139,-0.2627,2.1137,0.0000,enc,0.0000
1786025630.419844,0.1026,0.0,0.0,0.0000,0.0000,1.0139,-0.2627,2.1137,0.0000,enc,0.0000
1786025630.524543,0.1047,0.0,0.0,0.0000,0.0000,1.0139,-0.2627,2.1137,0.0000,enc,0.0000
1786025630.626971,0.1024,0.0,0.0,0.0000,0.0000,1.0139,-0.2627,2.1137,0.0000,enc,0.0000
1786025630.727128,0.1002,0.0,0.0,0.0000,0.0000,1.0139,-0.2627,2.1137,0.0000,enc,0.0000
1786025630.832851,0.1057,0.0,0.0,0.0000,0.0000,1.0139,-0.2627,2.1137,0.0000,enc,0.0000
1786025630.929659,0.0968,0.0,0.0,0.0000,0.0000,1.0139,-0.2627,2.1137,0.0000,enc,0.0000
1786025631.033052,0.1034,0.0,0.0,0.0000,0.0000,1.0139,-0.2627,2.1137,0.0000,enc,0.0000
1786025631.138849,0.1058,0.0,0.0,0.0000,0.0000,1.0139,-0.2627,2.1137,0.0000,enc,0.0000
1786025631.241729,0.1029,0.0,0.0,0.0000,0.0000,1.0139,-0.2627,2.1137,0.0000,enc,0.0000
1786025631.336778,0.0950,0.0,0.0,0.0000,0.0000,1.0139,-0.2627,2.1137,0.0000,enc,0.0000
1786025631.444069,0.1073,0.0,0.0,0.0000,0.0000,1.0139,-0.2627,2.1137,0.0000,enc,0.0000
1786025631.546613,0.1025,0.0,0.0,0.0000,0.0000,1.0139,-0.2627,2.1137,0.0000,enc,0.0000
1786025631.647869,0.1013,0.0,0.0,0.0000,0.0000,1.0139,-0.2627,2.1137,0.0000,enc,0.0000
1786025631.752041,0.1042,0.0,0.0,0.0000,0.0000,1.0139,-0.2627,2.1137,0.0000,enc,0.0000
1786025631.848017,0.0960,0.0,0.0,0.0000,0.0000,1.0139,-0.2627,2.1137,0.0000,enc,0.0000
1786025631.959750,0.1117,0.0,0.0,0.0000,0.0000,1.0139,-0.2627,2.1137,0.0000,enc,0.0000
1786025632.061890,0.1021,0.0,0.0,0.0000,0.0000,1.0139,-0.2627,2.1137,0.0000,enc,0.0000
1786025632.164852,0.1030,0.0,0.0,0.0000,0.0000,1.0139,-0.2627,2.1137,0.0000,enc,0.0000
1786025632.261351,0.0965,0.0,0.0,0.0000,0.0000,1.0139,-0.2627,2.1137,0.0000,enc,0.0000
1786025632.365101,0.1037,0.0,0.0,0.0000,0.0000,1.0139,-0.2627,2.1137,0.0000,enc,0.0000
1786025632.466868,0.1018,0.0,0.0,0.0000,0.0000,1.0139,-0.2627,2.1137,0.0000,enc,0.0000
1786025632.565920,0.0991,0.0,0.0,0.0000,0.0000,1.0139,-0.2627,2.1137,0.0000,enc,0.0000
1786025632.666350,0.1004,0.0,0.0,0.0000,0.0000,1.0139,-0.2627,2.1137,0.0000,enc,0.0000
1786025632.772068,0.1057,0.0,0.0,0.0000,0.0000,1.0139,-0.2627,2.1137,0.0000,enc,0.0000
1786025632.872723,0.1007,0.0,0.0,0.0000,0.0000,1.0139,-0.2627,2.1137,0.0000,enc,0.0000
1786025632.971314,0.0986,0.0,0.0,0.0000,0.0000,1.0139,-0.2627,2.1137,0.0000,enc,0.0000
1786025633.078966,0.1077,0.0,0.0,0.0000,0.0000,1.0139,-0.2627,2.1137,0.0000,enc,0.0000
1786025633.175645,0.0967,0.0,0.0,0.0000,0.0000,1.0139,-0.2627,2.1137,0.0000,enc,0.0000
1786025633.278785,0.1031,0.0,0.0,0.0000,0.0000,1.0139,-0.2627,2.1137,0.0000,enc,0.0000
1786025633.385021,0.1062,0.0,0.0,0.0000,0.0000,1.0139,-0.2627,2.1137,0.0000,enc,0.0000
1786025633.485794,0.1008,0.0,0.0,0.0000,0.0000,1.0139,-0.2627,2.1137,0.0000,enc,0.0000
1786025633.585431,0.0996,0.0,0.0,0.0000,0.0000,1.0139,-0.2627,2.1137,0.0000,enc,0.0000
1786025633.692971,0.1075,0.0,0.0,0.0000,0.0000,1.0139,-0.2627,2.1137,0.0000,enc,0.0000
1786025633.789252,0.0963,0.0,0.0,0.0000,0.0000,1.0139,-0.2627,2.1137,0.0000,enc,0.0000
1786025633.892466,0.1032,0.0,0.0,0.0000,0.0000,1.0139,-0.2627,2.1137,0.0000,enc,0.0000
1786025633.999208,0.1067,0.0,0.0,0.0000,0.0000,1.0139,-0.2627,2.1137,0.0000,enc,0.0000
1786025634.124661,0.1255,0.0,0.0,0.0000,0.0000,1.0139,-0.2627,2.1137,0.0000,enc,0.0000
1786025634.203844,0.0792,0.0,0.0,0.0000,0.0000,1.0139,-0.2627,2.1137,0.0000,enc,0.0000
1786025634.305435,0.1016,0.0,0.0,0.0000,0.0000,1.0139,-0.2627,2.1137,0.0000,enc,0.0000
1786025634.408967,0.1035,0.0,0.0,0.0000,0.0000,1.0139,-0.2627,2.1137,0.0000,enc,0.0000
1786025634.508499,0.0995,0.0,0.0,0.0000,0.0000,1.0139,-0.2627,2.1137,0.0000,enc,0.0000
1786025634.614022,0.1055,0.0,0.0,0.0000,0.0000,1.0139,-0.2627,2.1137,0.0000,enc,0.0000
1786025634.715025,0.1010,0.0,0.0,0.0000,0.0000,1.0139,-0.2627,2.1137,0.0000,enc,0.0000
1786025634.815455,0.1004,0.0,0.0,0.0000,0.0000,1.0139,-0.2627,2.1137,0.0000,enc,0.0000
1786025634.919371,0.1039,0.0,0.0,0.0000,0.0000,1.0139,-0.2627,2.1137,0.0000,enc,0.0000
1786025635.019807,0.1004,0.0,0.0,0.0000,0.0000,1.0139,-0.2627,2.1137,0.0000,enc,0.0000
1786025635.126407,0.1066,0.0,0.0,0.0000,0.0000,1.0139,-0.2627,2.1137,0.0000,enc,0.0000
1786025635.225302,0.0989,0.0,0.0,0.0000,0.0000,1.0139,-0.2627,2.1137,0.0000,enc,0.0000
1786025635.328983,0.1037,0.0,0.0,0.0000,0.0000,1.0139,-0.2627,2.1137,0.0000,enc,0.0000
1786025635.428570,0.0996,0.0,0.0,0.0000,0.0000,1.0139,-0.2627,2.1137,0.0000,enc,0.0000
1786025635.530301,0.1017,0.0,0.0,0.0000,0.0000,1.0139,-0.2627,2.1137,0.0000,enc,0.0000
1786025635.635054,0.1048,0.0,0.0,0.0000,0.0000,1.0139,-0.2627,2.1137,0.0000,enc,0.0000
1786025635.732905,0.0979,0.0,0.0,0.0000,0.0000,1.0139,-0.2627,2.1137,0.0000,enc,0.0000
1786025635.835579,0.1027,0.0,0.0,0.0000,0.0000,1.0139,-0.2627,2.1137,0.0000,enc,0.0000
1786025635.938913,0.1033,0.0,0.0,0.0000,0.0000,1.0139,-0.2627,2.1137,0.0000,enc,0.0000
1786025636.042952,0.1040,0.0,0.0,0.0000,0.0000,1.0139,-0.2627,2.1137,0.0000,enc,0.0000
1786025636.143682,0.1007,0.0,0.0,0.0000,0.0000,1.0139,-0.2627,2.1137,0.0000,enc,0.0000
1786025636.248100,0.1044,0.0,0.0,0.0000,0.0000,1.0139,-0.2627,2.1137,0.0000,enc,0.0000
1786025636.345696,0.0976,0.0,0.0,0.0000,0.0000,1.0139,-0.2627,2.1137,0.0000,enc,0.0000
1786025636.447531,0.1018,0.0,0.0,0.0000,0.0000,1.0139,-0.2627,2.1137,0.0000,enc,0.0000
1786025636.555049,0.1075,0.0,0.0,0.0000,0.0000,1.0139,-0.2627,2.1137,0.0000,enc,0.0000
1786025636.656130,0.1011,0.0,0.0,0.0000,0.0000,1.0139,-0.2627,2.1137,0.0000,enc,0.0000
1786025636.754161,0.0980,0.0,0.0,0.0000,0.0000,1.0139,-0.2627,2.1137,0.0000,enc,0.0000
1786025636.862068,0.1079,0.0,0.0,0.0000,0.0000,1.0139,-0.2627,2.1137,0.0000,enc,0.0000
1786025636.962849,0.1008,0.0,0.0,0.0000,0.0000,1.0139,-0.2627,2.1137,0.0000,enc,0.0000
1786025637.062485,0.0996,0.0,0.0,0.0000,0.0000,1.0139,-0.2627,2.1137,0.0000,enc,0.0000
1786025637.164748,0.1023,0.0,0.0,0.0000,0.0000,1.0139,-0.2627,2.1137,0.0000,enc,0.0000
1786025637.269039,0.1043,0.0,0.0,0.0000,0.0000,1.0139,-0.2627,2.1137,0.0000,enc,0.0000
1786025637.369845,0.1008,0.0,0.0,0.0000,0.0000,1.0139,-0.2627,2.1137,0.0000,enc,0.0000
1786025637.471049,0.1012,0.0,0.0,0.0000,0.0000,1.0139,-0.2627,2.1137,0.0000,enc,0.0000
1786025637.578073,0.1070,0.0,0.0,0.0000,0.0000,1.0139,-0.2627,2.1137,0.0000,enc,0.0000
1786025637.675674,0.0976,0.0,0.0,0.0000,0.0000,1.0139,-0.2627,2.1137,0.0000,enc,0.0000
1786025637.777738,0.1021,0.0,0.0,0.0000,0.0000,1.0139,-0.2627,2.1137,0.0000,enc,0.0000
1786025637.883063,0.1053,0.0,0.0,0.0000,0.0000,1.0139,-0.2627,2.1137,0.0000,enc,0.0000
1786025637.983521,0.1005,0.0,0.0,0.0000,0.0000,1.0139,-0.2627,2.1137,0.0000,enc,0.0000
1786025638.083943,0.1004,0.0,0.0,0.0000,0.0000,1.0139,-0.2627,2.1137,0.0000,enc,0.0000
1786025638.188269,0.1043,0.0,0.0,0.0000,0.0000,1.0139,-0.2627,2.1137,0.0000,enc,0.0000
1786025638.288940,0.1007,0.0,0.0,0.0000,0.0000,1.0139,-0.2627,2.1137,0.0000,enc,0.0000
1786025638.390854,0.1019,0.0,0.0,0.0000,0.0000,1.0139,-0.2627,2.1137,0.0000,enc,0.0000
1786025638.496049,0.1052,0.0,0.0,0.0000,0.0000,1.0139,-0.2627,2.1137,0.0000,enc,0.0000
1786025638.593496,0.0974,0.0,0.0,0.0000,0.0000,1.0139,-0.2627,2.1137,0.0000,enc,0.0000
1786025638.697591,0.1041,0.0,0.0,0.0000,0.0000,1.0139,-0.2627,2.1137,0.0000,enc,0.0000
1786025638.803060,0.1055,0.0,0.0,0.0000,0.0000,1.0139,-0.2627,2.1137,0.0000,enc,0.0000
1786025638.900806,0.0977,0.0,0.0,0.0000,0.0000,1.0139,-0.2627,2.1137,0.0000,enc,0.0000
1786025639.002112,0.1013,0.0,0.0,0.0000,0.0000,1.0139,-0.2627,2.1137,0.0000,enc,0.0000
1786025639.108788,0.1067,0.0,0.0,0.0000,0.0000,1.0139,-0.2627,2.1137,0.0000,enc,0.0000
1786025639.206778,0.0980,0.0,0.0,0.0000,0.0000,1.0139,-0.2627,2.1137,0.0000,enc,0.0000
1786025639.308417,0.1016,0.0,0.0,0.0000,0.0000,1.0139,-0.2627,2.1137,0.0000,enc,0.0000
1786025639.415724,0.1073,0.0,0.0,0.0000,0.0000,1.0139,-0.2627,2.1137,0.0000,enc,0.0000
1786025639.516462,0.1007,0.0,0.0,0.0000,0.0000,1.0139,-0.2627,2.1137,0.0000,enc,0.0000
1786025639.619098,0.1026,0.0,0.0,0.0000,0.0000,1.0139,-0.2627,2.1137,0.0000,enc,0.0000
1786025639.724867,0.1058,0.0,0.0,0.0000,0.0000,1.0139,-0.2627,2.1137,0.0000,enc,0.0000
1786025639.822373,0.0975,0.0,0.0,0.0000,0.0000,1.0139,-0.2627,2.1137,0.0000,enc,0.0000
1786025639.929484,0.1071,0.0,0.0,0.0000,0.0000,1.0139,-0.2627,2.1137,0.0000,enc,0.0000
1786025640.026756,0.0973,0.0,0.0,0.0000,0.0000,1.0139,-0.2627,2.1137,0.0000,enc,0.0000
1786025640.262106,0.2354,0.0,0.0,0.0000,0.0000,1.0139,-0.2627,2.1137,0.0000,enc,0.0000
1786025640.263501,0.0014,0.0,0.0,0.0000,0.0000,1.0139,-0.2627,2.1137,0.0000,enc,0.0000
1786025640.332777,0.0693,0.0,0.0,0.0000,0.0000,1.0139,-0.2627,2.1137,0.0000,enc,0.0000
1786025640.512672,0.1799,0.0,0.0,0.0000,0.0000,1.0139,-0.2627,2.1137,0.0000,enc,0.0000
1786025640.552611,0.0399,0.0,0.0,0.0000,0.0000,1.0139,-0.2627,2.1137,0.0000,enc,0.0000
1786025640.768429,0.2158,0.0,0.0,0.0000,0.0000,1.0139,-0.2627,2.1137,0.0000,enc,0.0000
1786025640.769458,0.0010,0.0,0.0,0.0000,0.0000,1.0139,-0.2627,2.1137,0.0000,enc,0.0000
1786025641.006579,0.2371,0.0,0.0,0.0000,0.0000,1.0139,-0.2627,2.1137,0.0000,enc,0.0000
1786025641.007153,0.0006,0.0,0.0,0.0000,0.0000,1.0139,-0.2627,2.1137,0.0000,enc,0.0000
1786025641.054177,0.0470,0.0,0.0,0.0000,0.0000,1.0139,-0.2627,2.1137,0.0000,enc,0.0000
1786025641.255705,0.2015,0.0,0.0,0.0000,0.0000,1.0139,-0.2627,2.1137,0.0000,enc,0.0000
1786025641.257677,0.0020,0.0,0.0,0.0000,0.0000,1.0139,-0.2627,2.1137,0.0000,enc,0.0000
1786025641.507880,0.2502,0.0,0.0,0.0000,0.0000,1.0139,-0.2627,2.1137,0.0000,enc,0.0000
1786025641.508345,0.0005,0.0,0.0,0.0000,0.0000,1.0139,-0.2627,2.1137,0.0000,enc,0.0000
1786025641.558022,0.0497,0.0,0.0,0.0000,0.0000,1.0139,-0.2627,2.1137,0.0000,enc,0.0000
1786025641.761516,0.2035,0.0,0.0,0.0000,0.0000,1.0139,-0.2627,2.1137,0.0000,enc,0.0000
1786025641.765674,0.0042,0.0,0.0,0.0000,0.0000,1.0139,-0.2627,2.1137,0.0000,enc,0.0000
1786025642.009885,0.2442,0.0,0.0,0.0000,0.0000,1.0139,-0.2627,2.1137,0.0000,enc,0.0000
1786025642.011552,0.0017,0.0,0.0,0.0000,0.0000,1.0139,-0.2627,2.1137,0.0000,enc,0.0000
1786025642.069538,0.0580,0.0,0.0,0.0000,0.0000,1.0139,-0.2627,2.1137,0.0000,enc,0.0000
1786025642.263057,0.1935,0.0,0.0,0.0000,0.0000,1.0139,-0.2627,2.1137,0.0000,enc,0.0000
1786025642.272031,0.0090,0.0,0.0,0.0000,0.0000,1.0139,-0.2627,2.1137,0.0000,enc,0.0000
1786025642.511420,0.2394,0.0,0.0,0.0000,0.0000,1.0139,-0.2627,2.1137,0.0000,enc,0.0000
1786025642.512717,0.0013,0.0,0.0,0.0000,0.0000,1.0139,-0.2627,2.1137,0.0000,enc,0.0000
1786025642.582572,0.0699,0.0,0.0,0.0000,0.0000,1.0139,-0.2627,2.1137,0.0000,enc,0.0000
1786025642.759768,0.1772,0.0,0.0,0.0000,0.0000,1.0139,-0.2627,2.1137,0.0000,enc,0.0000
1786025642.783670,0.0239,0.0,0.0,0.0000,0.0000,1.0139,-0.2627,2.1137,0.0000,enc,0.0000
1786025643.011569,0.2279,0.0,0.0,0.0000,0.0000,1.0139,-0.2627,2.1137,0.0000,enc,0.0000
1786025643.018436,0.0069,0.0,0.0,0.0000,0.0000,1.0139,-0.2627,2.1137,0.0000,enc,0.0000
1786025643.093852,0.0754,0.0,0.0,0.0000,0.0000,1.0139,-0.2627,2.1137,0.0000,enc,0.0000
1786025643.263694,0.1698,0.0,0.0,0.0000,0.0000,1.0139,-0.2627,2.1137,0.0000,enc,0.0000
1786025643.295024,0.0313,0.0,0.0,0.0000,0.0000,1.0139,-0.2627,2.1137,0.0000,enc,0.0000
1786025643.516031,0.2210,0.0,0.0,0.0000,0.0000,1.0139,-0.2627,2.1137,0.0000,enc,0.0000
1786025643.518357,0.0023,0.0,0.0,0.0000,0.0000,1.0139,-0.2627,2.1137,0.0000,enc,0.0000
1786025643.606126,0.0878,0.0,0.0,0.0000,0.0000,1.0139,-0.2627,2.1137,0.0000,enc,0.0000
1786025643.766609,0.1605,0.0,0.0,0.0000,0.0000,1.0139,-0.2627,2.1137,0.0000,enc,0.0000
1786025643.806044,0.0394,0.0,0.0,0.0000,0.0000,1.0139,-0.2627,2.1137,0.0000,enc,0.0000
1786025644.018803,0.2128,0.0,0.0,0.0000,0.0000,1.0139,-0.2627,2.1137,0.0000,enc,0.0000
1786025644.019320,0.0005,0.0,0.0,0.0000,0.0000,1.0139,-0.2627,2.1137,0.0000,enc,0.0000
1786025644.112651,0.0933,0.0,0.0,0.0000,0.0000,1.0139,-0.2627,2.1137,0.0000,enc,0.0000
1786025644.269080,0.1564,0.0,0.0,0.0000,0.0000,1.0139,-0.2627,2.1137,0.0000,enc,0.0000
1786025644.319107,0.0500,0.0,0.0,0.0000,0.0000,1.0139,-0.2627,2.1137,0.0000,enc,0.0000
1786025644.525331,0.2062,0.0,0.0,0.0000,0.0000,1.0139,-0.2627,2.1137,0.0000,enc,0.0000
1786025644.526607,0.0013,0.0,0.0,0.0000,0.0000,1.0139,-0.2627,2.1137,0.0000,enc,0.0000
1786025644.626965,0.1004,0.0,0.0,0.0000,0.0000,1.0139,-0.2627,2.1137,0.0000,enc,0.0000
1786025644.779997,0.1530,0.0,0.0,0.0000,0.0000,1.0139,-0.2627,2.1137,0.0000,enc,0.0000
1786025644.829978,0.0500,0.0,0.0,0.0000,0.0000,1.0139,-0.2627,2.1137,0.0000,enc,0.0000
1786025645.033835,0.2039,0.0,0.0,0.0000,0.0000,1.0139,-0.2627,2.1137,0.0000,enc,0.0000
1786025645.034044,0.0002,0.0,0.0,0.0000,0.0000,1.0139,-0.2627,2.1137,0.0000,enc,0.0000
1786025645.136906,0.1029,0.0,0.0,0.0000,0.0000,1.0139,-0.2627,2.1137,0.0000,enc,0.0000
1786025645.239154,0.1022,0.0,0.0,0.0000,0.0000,1.0139,-0.2627,2.1137,0.0000,enc,0.0000
1786025645.341128,0.1020,0.0,0.0,0.0000,0.0000,1.0139,-0.2627,2.1137,0.0000,enc,0.0000
1786025645.443352,0.1022,0.0,0.0,0.0000,0.0000,1.0139,-0.2627,2.1137,0.0000,enc,0.0000
1786025645.544468,0.1011,0.0,0.0,0.0000,0.0000,1.0139,-0.2627,2.1137,0.0000,enc,0.0000
1786025645.644886,0.1004,0.0,0.0,0.0000,0.0000,1.0139,-0.2627,2.1137,0.0000,enc,0.0000
1786025645.746832,0.1019,0.0,0.0,0.0000,0.0000,1.0139,-0.2627,2.1137,0.0000,enc,0.0000
1786025645.852516,0.1057,0.0,0.0,0.0000,0.0000,1.0139,-0.2627,2.1137,0.0000,enc,0.0000
1786025645.951523,0.0990,0.0,0.0,0.0000,0.0000,1.0139,-0.2627,2.1137,0.0000,enc,0.0000
1786025646.052912,0.1014,0.0,0.0,0.0000,0.0000,1.0139,-0.2627,2.1137,0.0000,enc,0.0000
1786025646.158989,0.1061,0.0,0.0,0.0000,0.0000,1.0139,-0.2627,2.1137,0.0000,enc,0.0000
1786025646.257450,0.0985,0.0,0.0,0.0000,0.0000,1.0139,-0.2627,2.1137,0.0000,enc,0.0000
1786025646.359572,0.1021,0.0,0.0,0.0000,0.0000,1.0139,-0.2627,2.1137,0.0000,enc,0.0000
1786025646.465073,0.1055,0.0,0.0,0.0000,0.0000,1.0139,-0.2627,2.1137,0.0000,enc,0.0000
1786025646.566916,0.1018,0.0,0.0,0.0000,0.0000,1.0139,-0.2627,2.1137,0.0000,enc,0.0000
1786025646.667414,0.1005,0.0,0.0,0.0000,0.0000,1.0139,-0.2627,2.1137,0.0000,enc,0.0000
1786025646.772820,0.1054,0.0,0.0,0.0000,0.0000,1.0139,-0.2627,2.1137,0.0000,enc,0.0000
1786025646.875052,0.1022,0.0,0.0,0.0000,0.0000,1.0139,-0.2627,2.1137,0.0000,enc,0.0000
1786025646.973433,0.0984,0.0,0.0,0.0000,0.0000,1.0139,-0.2627,2.1137,0.0000,enc,0.0000
1786025647.078769,0.1053,0.0,0.0,0.0000,0.0000,1.0139,-0.2627,2.1137,0.0000,enc,0.0000
1786025647.181737,0.1030,0.0,0.0,0.0000,0.0000,1.0139,-0.2627,2.1137,0.0000,enc,0.0000
1786025647.283859,0.1021,0.0,0.0,0.0000,0.0000,1.0139,-0.2627,2.1137,0.0000,enc,0.0000
1786025647.386270,0.1024,0.0,0.0,0.0000,0.0000,1.0139,-0.2627,2.1137,0.0000,enc,0.0000
1786025647.487184,0.1009,0.0,0.0,0.0000,0.0000,1.0139,-0.2627,2.1137,0.0000,enc,0.0000
1786025647.590603,0.1034,0.0,0.0,0.0000,0.0000,1.0139,-0.2627,2.1137,0.0000,enc,0.0000
1786025647.692080,0.1015,0.0,0.0,0.0000,0.0000,1.0139,-0.2627,2.1137,0.0000,enc,0.0000
1786025647.794941,0.1029,0.0,0.0,0.0000,0.0000,1.0139,-0.2627,2.1137,0.0000,enc,0.0000
1786025647.895664,0.1007,0.0,0.0,0.0000,0.0000,1.0139,-0.2627,2.1137,0.0000,enc,0.0000
1786025647.995854,0.1002,0.0,0.0,0.0000,0.0000,1.0139,-0.2627,2.1137,0.0000,enc,0.0000
1786025648.100904,0.1051,0.0,0.0,0.0000,0.0000,1.0139,-0.2627,2.1137,0.0000,enc,0.0000
1786025648.202906,0.1020,0.0,0.0,0.0000,0.0000,1.0139,-0.2627,2.1137,0.0000,enc,0.0000
1786025648.301840,0.0989,0.0,0.0,0.0000,0.0000,1.0139,-0.2627,2.1137,0.0000,enc,0.0000
1786025648.407573,0.1057,0.0,0.0,0.0000,0.0000,1.0139,-0.2627,2.1137,0.0000,enc,0.0000
1786025648.507715,0.1001,0.0,0.0,0.0000,0.0000,1.0139,-0.2627,2.1137,0.0000,enc,0.0000
1786025648.609197,0.1015,0.0,0.0,0.0000,0.0000,1.0139,-0.2627,2.1137,0.0000,enc,0.0000
1786025648.714156,0.1050,0.0,0.0,0.0000,0.0000,1.0139,-0.2627,2.1137,0.0000,enc,0.0000
1786025648.814284,0.1001,0.0,0.0,0.0000,0.0000,1.0139,-0.2627,2.1137,0.0000,enc,0.0000
1786025648.916741,0.1025,0.0,0.0,0.0000,0.0000,1.0139,-0.2627,2.1137,0.0000,enc,0.0000
1786025649.021100,0.1044,0.0,0.0,0.0000,0.0000,1.0139,-0.2627,2.1137,0.0000,enc,0.0000
1786025649.123088,0.1020,0.0,0.0,0.0000,0.0000,1.0139,-0.2627,2.1137,0.0000,enc,0.0000
1786025649.222446,0.0994,0.0,0.0,0.0000,0.0000,1.0139,-0.2627,2.1137,0.0000,enc,0.0000
1786025649.327223,0.1048,0.0,0.0,0.0000,0.0000,1.0139,-0.2627,2.1137,0.0000,enc,0.0000
1786025649.429611,0.1024,0.0,0.0,0.0000,0.0000,1.0139,-0.2627,2.1137,0.0000,enc,0.0000
1786025649.528118,0.0985,0.0,0.0,0.0000,0.0000,1.0139,-0.2627,2.1137,0.0000,enc,0.0000
1786025649.633711,0.1056,0.0,0.0,0.0000,0.0000,1.0139,-0.2627,2.1137,0.0000,enc,0.0000
1786025649.736077,0.1024,0.0,0.0,0.0000,0.0000,1.0139,-0.2627,2.1137,0.0000,enc,0.0000
1786025649.834975,0.0989,0.0,0.0,0.0000,0.0000,1.0139,-0.2627,2.1137,0.0000,enc,0.0000
1786025649.940501,0.1055,0.0,0.0,0.0000,0.0000,1.0139,-0.2627,2.1137,0.0000,enc,0.0000
1786025650.041828,0.1013,0.0,0.0,0.0000,0.0000,1.0139,-0.2627,2.1137,0.0000,enc,0.0000
1786025650.144165,0.1023,0.0,0.0,0.0000,0.0000,1.0139,-0.2627,2.1137,0.0000,enc,0.0000
1786025650.248423,0.1043,0.0,0.0,0.0000,0.0000,1.0139,-0.2627,2.1137,0.0000,enc,0.0000
1786025650.349133,0.1007,0.0,0.0,0.0000,0.0000,1.0139,-0.2627,2.1137,0.0000,enc,0.0000
1786025650.451364,0.1022,0.0,0.0,0.0000,0.0000,1.0139,-0.2627,2.1137,0.0000,enc,0.0000
1786025650.552786,0.1014,0.0,0.0,0.0000,0.0000,1.0139,-0.2627,2.1137,0.0000,enc,0.0000
1786025650.656364,0.1036,0.0,0.0,0.0000,0.0000,1.0139,-0.2627,2.1137,0.0000,enc,0.0000
1786025650.757312,0.1009,0.0,0.0,0.0000,0.0000,1.0139,-0.2627,2.1137,0.0000,enc,0.0000
1786025650.857601,0.1003,0.0,0.0,0.0000,0.0000,1.0139,-0.2627,2.1137,0.0000,enc,0.0000
1786025650.961385,0.1038,0.0,0.0,0.0000,0.0000,1.0139,-0.2627,2.1137,0.0000,enc,0.0000
1786025651.061419,0.1000,0.0,0.0,0.0000,0.0000,1.0139,-0.2627,2.1137,0.0000,enc,0.0000
1786025651.163790,0.1024,0.0,0.0,0.0000,0.0000,1.0139,-0.2627,2.1137,0.0000,enc,0.0000
1786025651.267700,0.1039,0.0,0.0,0.0000,0.0000,1.0139,-0.2627,2.1137,0.0000,enc,0.0000
1786025651.367517,0.0998,0.0,0.0,0.0000,0.0000,1.0139,-0.2627,2.1137,0.0000,enc,0.0000
1786025651.469266,0.1017,0.0,0.0,0.0000,0.0000,1.0139,-0.2627,2.1137,0.0000,enc,0.0000
1786025651.574808,0.1055,0.0,0.0,0.0000,0.0000,1.0139,-0.2627,2.1137,0.0000,enc,0.0000
1786025651.673587,0.0988,0.0,0.0,0.0000,0.0000,1.0139,-0.2627,2.1137,0.0000,enc,0.0000
1786025651.775672,0.1021,0.0,0.0,0.0000,0.0000,1.0139,-0.2627,2.1137,0.0000,enc,0.0000
1786025651.880826,0.1052,0.0,0.0,0.0000,0.0000,1.0139,-0.2627,2.1137,0.0000,enc,0.0000
1786025651.982649,0.1018,0.0,0.0,0.0000,0.0000,1.0139,-0.2627,2.1137,0.0000,enc,0.0000
1786025652.082780,0.1001,0.0,0.0,0.0000,0.0000,1.0139,-0.2627,2.1137,0.0000,enc,0.0000
1786025652.186274,0.1035,0.0,0.0,0.0000,0.0000,1.0139,-0.2627,2.1137,0.0000,enc,0.0000
1786025652.289587,0.1033,0.0,0.0,0.0000,0.0000,1.0139,-0.2627,2.1137,0.0000,enc,0.0000
1786025652.392036,0.1024,0.0,0.0,0.0000,0.0000,1.0139,-0.2627,2.1137,0.0000,enc,0.0000
1786025652.493471,0.1014,0.0,0.0,0.0000,0.0000,1.0139,-0.2627,2.1137,0.0000,enc,0.0000
1786025652.595581,0.1021,0.0,0.0,0.0000,0.0000,1.0139,-0.2627,2.1137,0.0000,enc,0.0000
1786025652.697924,0.1023,0.0,0.0,0.0000,0.0000,1.0139,-0.2627,2.1137,0.0000,enc,0.0000
1786025652.800486,0.1026,0.0,0.0,0.0000,0.0000,1.0139,-0.2627,2.1137,0.0000,enc,0.0000
1786025652.901612,0.1011,0.0,0.0,0.0000,0.0000,1.0139,-0.2627,2.1137,0.0000,enc,0.0000
1786025653.004246,0.1026,0.0,0.0,0.0000,0.0000,1.0139,-0.2627,2.1137,0.0000,enc,0.0000
1786025653.106198,0.1020,0.0,0.0,0.0000,0.0000,1.0139,-0.2627,2.1137,0.0000,enc,0.0000
1786025653.207728,0.1015,0.0,0.0,0.0000,0.0000,1.0139,-0.2627,2.1137,0.0000,enc,0.0000
1786025653.310105,0.1024,0.0,0.0,0.0000,0.0000,1.0139,-0.2627,2.1137,0.0000,enc,0.0000
1786025653.409055,0.0990,0.0,0.0,0.0000,0.0000,1.0139,-0.2627,2.1137,0.0000,enc,0.0000
1786025653.514630,0.1056,0.0,0.0,0.0000,0.0000,1.0139,-0.2627,2.1137,0.0000,enc,0.0000
1786025653.614092,0.0995,0.0,0.0,0.0000,0.0000,1.0139,-0.2627,2.1137,0.0000,enc,0.0000
1786025653.716937,0.1028,0.0,0.0,0.0000,0.0000,1.0139,-0.2627,2.1137,0.0000,enc,0.0000
1786025653.821420,0.1045,0.0,0.0,0.0000,0.0000,1.0139,-0.2627,2.1137,0.0000,enc,0.0000
1786025653.920524,0.0991,0.0,0.0,0.0000,0.0000,1.0139,-0.2627,2.1137,0.0000,enc,0.0000
1786025654.021946,0.1014,0.0,0.0,0.0000,0.0000,1.0139,-0.2627,2.1137,0.0000,enc,0.0000
1786025654.127212,0.1053,0.0,0.0,0.0000,0.0000,1.0139,-0.2627,2.1137,0.0000,enc,0.0000
1786025654.226761,0.0995,0.0,0.0,0.0000,0.0000,1.0139,-0.2627,2.1137,0.0000,enc,0.0000
1786025654.329712,0.1030,0.0,0.0,0.0000,0.0000,1.0139,-0.2627,2.1137,0.0000,enc,0.0000
1786025654.434494,0.1048,0.0,0.0,0.0000,0.0000,1.0139,-0.2627,2.1137,0.0000,enc,0.0000
1786025654.535429,0.1009,0.0,0.0,0.0000,0.0000,1.0139,-0.2627,2.1137,0.0000,enc,0.0000
1786025654.635794,0.1004,0.0,0.0,0.0000,0.0000,1.0139,-0.2627,2.1137,0.0000,enc,0.0000
1786025654.740121,0.1043,0.0,0.0,0.0000,0.0000,1.0139,-0.2627,2.1137,0.0000,enc,0.0000
1786025654.843307,0.1032,0.0,0.0,0.0000,0.0000,1.0139,-0.2627,2.1137,0.0000,enc,0.0000
1786025654.943959,0.1007,0.0,0.0,0.0000,0.0000,1.0139,-0.2627,2.1137,0.0000,enc,0.0000
1786025655.045977,0.1020,0.0,0.0,0.0000,0.0000,1.0139,-0.2627,2.1137,0.0000,enc,0.0000
1786025655.254864,0.2089,0.0,0.0,0.0000,0.0000,1.0139,-0.2627,2.1137,0.0000,enc,0.0000
1786025655.255056,0.0002,0.0,0.0,0.0000,0.0000,1.0139,-0.2627,2.1137,0.0000,enc,0.0000
1786025655.351999,0.0969,0.0,0.0,0.0000,0.0000,1.0139,-0.2627,2.1137,0.0000,enc,0.0000
1786025655.510981,0.1590,0.0,0.0,0.0000,0.0000,1.0139,-0.2627,2.1137,0.0000,enc,0.0000
1786025655.557244,0.0463,0.0,0.0,0.0000,0.0000,1.0139,-0.2627,2.1137,0.0000,enc,0.0000
1786025655.753766,0.1965,0.0,0.0,0.0000,0.0000,1.0139,-0.2627,2.1137,0.0000,enc,0.0000
1786025655.759316,0.0056,0.0,0.0,0.0000,0.0000,1.0139,-0.2627,2.1137,0.0000,enc,0.0000
1786025656.004076,0.2448,0.0,0.0,0.0000,0.0000,1.0139,-0.2627,2.1137,0.0000,enc,0.0000
1786025656.004208,0.0001,0.0,0.0,0.0000,0.0000,1.0139,-0.2627,2.1137,0.0000,enc,0.0000
1786025656.075103,0.0709,0.0,0.0,0.0000,0.0000,1.0139,-0.2627,2.1137,0.0000,enc,0.0000
1786025656.253518,0.1784,0.0,0.0,0.0000,0.0000,1.0139,-0.2627,2.1137,0.0000,enc,0.0000
1786025656.271899,0.0184,0.0,0.0,0.0000,0.0000,1.0139,-0.2627,2.1137,0.0000,enc,0.0000
1786025656.513037,0.2411,0.0,0.0,0.0000,0.0000,1.0139,-0.2627,2.1137,0.0000,enc,0.0000
1786025656.517598,0.0046,0.0,0.0,0.0000,0.0000,1.0139,-0.2627,2.1137,0.0000,enc,0.0000
1786025656.588624,0.0710,0.0,0.0,0.0000,0.0000,1.0139,-0.2627,2.1137,0.0000,enc,0.0000
1786025656.759315,0.1707,0.0,0.0,0.0000,0.0000,1.0139,-0.2627,2.1137,0.0000,enc,0.0000
1786025656.783176,0.0239,0.0,0.0,0.0000,0.0000,1.0139,-0.2627,2.1137,0.0000,enc,0.0000
1786025657.008579,0.2254,0.0,0.0,0.0000,0.0000,1.0139,-0.2627,2.1137,0.0000,enc,0.0000
1786025657.008867,0.0003,0.0,0.0,0.0000,0.0000,1.0139,-0.2627,2.1137,0.0000,enc,0.0000
1786025657.102665,0.0938,0.0,0.0,0.0000,0.0000,1.0139,-0.2627,2.1137,0.0000,enc,0.0000
1786025657.275043,0.1724,0.0,0.0,0.0000,0.0000,1.0139,-0.2627,2.1137,0.0000,enc,0.0000
1786025657.303675,0.0286,0.0,0.0,0.0000,0.0000,1.0139,-0.2627,2.1137,0.0000,enc,0.0000
1786025657.510682,0.2070,0.0,0.0,0.0000,0.0000,1.0139,-0.2627,2.1137,0.0000,enc,0.0000
1786025657.511921,0.0012,0.0,0.0,0.0000,0.0000,1.0139,-0.2627,2.1137,0.0000,enc,0.0000
1786025657.603818,0.0919,0.0,0.0,0.0000,0.0000,1.0139,-0.2627,2.1137,0.0000,enc,0.0000
1786025657.761944,0.1581,0.0,0.0,0.0000,0.0000,1.0139,-0.2627,2.1137,0.0000,enc,0.0000
1786025657.807894,0.0460,0.0,0.0,0.0000,0.0000,1.0139,-0.2627,2.1137,0.0000,enc,0.0000
1786025658.010229,0.2023,0.0,0.0,0.0000,0.0000,1.0139,-0.2627,2.1137,0.0000,enc,0.0000
1786025658.011782,0.0016,0.0,0.0,0.0000,0.0000,1.0139,-0.2627,2.1137,0.0000,enc,0.0000
1786025658.260700,0.2489,0.0,0.0,0.0000,0.0000,1.0139,-0.2627,2.1137,0.0000,enc,0.0000
1786025658.262352,0.0017,0.0,0.0,0.0000,0.0000,1.0139,-0.2627,2.1137,0.0000,enc,0.0000
1786025658.317431,0.0551,0.0,0.0,0.0000,0.0000,1.0139,-0.2627,2.1137,0.0000,enc,0.0000
1786025658.512626,0.1952,0.0,0.0,0.0000,0.0000,1.0139,-0.2627,2.1137,0.0000,enc,0.0000
1786025658.521388,0.0088,0.0,0.0,0.0000,0.0000,1.0139,-0.2627,2.1137,0.0000,enc,0.0000
1786025658.761727,0.2403,0.0,0.0,0.0000,0.0000,1.0139,-0.2627,2.1137,0.0000,enc,0.0000
1786025658.766450,0.0047,0.0,0.0,0.0000,0.0000,1.0139,-0.2627,2.1137,0.0000,enc,0.0000
1786025658.828817,0.0624,0.0,0.0,0.0000,0.0000,1.0139,-0.2627,2.1137,0.0000,enc,0.0000
1786025659.015946,0.1871,0.0,0.0,0.0000,0.0000,1.0139,-0.2627,2.1137,0.0000,enc,0.0000
1786025659.032873,0.0169,0.0,0.0,0.0000,0.0000,1.0139,-0.2627,2.1137,0.0000,enc,0.0000
1786025659.265703,0.2328,0.0,0.0,0.0000,0.0000,1.0139,-0.2627,2.1137,0.0000,enc,0.0000
1786025659.266858,0.0012,0.0,0.0,0.0000,0.0000,1.0139,-0.2627,2.1137,0.0000,enc,0.0000
1786025659.337425,0.0706,0.0,0.0,0.0000,0.0000,1.0139,-0.2627,2.1137,0.0000,enc,0.0000
1786025659.521840,0.1844,0.0,0.0,0.0000,0.0000,1.0139,-0.2627,2.1137,0.0000,enc,0.0000
1786025659.541912,0.0201,0.0,0.0,0.0000,0.0000,1.0139,-0.2627,2.1137,0.0000,enc,0.0000
1786025659.776965,0.2351,0.0,0.0,0.0000,0.0000,1.0139,-0.2627,2.1137,0.0000,enc,0.0000
1786025659.778905,0.0019,0.0,0.0,0.0000,0.0000,1.0139,-0.2627,2.1137,0.0000,enc,0.0000
1786025659.851174,0.0723,0.0,0.0,0.0000,0.0000,1.0139,-0.2627,2.1137,0.0000,enc,0.0000
1786025660.031155,0.1800,0.0,0.0,0.0000,0.0000,1.0139,-0.2627,2.1137,0.0000,enc,0.0000
1786025660.052566,0.0214,0.0,0.0,0.0000,0.0000,1.0139,-0.2627,2.1137,0.0000,enc,0.0000
1786025660.157685,0.1051,0.0,0.0,0.0000,0.0000,1.0139,-0.2627,2.1137,0.0000,enc,0.0000
1786025660.261322,0.1036,0.0,0.0,0.0000,0.0000,1.0139,-0.2627,2.1137,0.0000,enc,0.0000
1786025660.361892,0.1006,0.0,0.0,0.0000,0.0000,1.0139,-0.2627,2.1137,0.0000,enc,0.0000
1786025660.464592,0.1027,0.0,0.0,0.0000,0.0000,1.0139,-0.2627,2.1137,0.0000,enc,0.0000
1786025660.566168,0.1016,0.0,0.0,0.0000,0.0000,1.0139,-0.2627,2.1137,0.0000,enc,0.0000
1786025660.667848,0.1017,0.0,0.0,0.0000,0.0000,1.0139,-0.2627,2.1137,0.0000,enc,0.0000
1786025660.772340,0.1045,0.0,0.0,0.0000,0.0000,1.0139,-0.2627,2.1137,0.0000,enc,0.0000
1786025660.874065,0.1017,0.0,0.0,0.0000,0.0000,1.0139,-0.2627,2.1137,0.0000,enc,0.0000
1786025660.974349,0.1003,0.0,0.0,0.0000,0.0000,1.0139,-0.2627,2.1137,0.0000,enc,0.0000
1786025661.074653,0.1003,0.0,0.0,0.0000,0.0000,1.0139,-0.2627,2.1137,0.0000,enc,0.0000
1786025661.179680,0.1050,0.0,0.0,0.0000,0.0000,1.0139,-0.2627,2.1137,0.0000,enc,0.0000
1786025661.277773,0.0981,0.0,0.0,0.0000,0.0000,1.0139,-0.2627,2.1137,0.0000,enc,0.0000
1786025661.380075,0.1023,0.0,0.0,0.0000,0.0000,1.0139,-0.2627,2.1137,0.0000,enc,0.0000
1786025661.485445,0.1054,0.0,0.0,0.0000,0.0000,1.0139,-0.2627,2.1137,0.0000,enc,0.0000
1786025661.584561,0.0991,0.0,0.0,0.0000,0.0000,1.0139,-0.2627,2.1137,0.0000,enc,0.0000
1786025661.688551,0.1040,0.0,0.0,0.0000,0.0000,1.0139,-0.2627,2.1137,0.0000,enc,0.0000
1786025661.791800,0.1032,0.0,0.0,0.0000,0.0000,1.0139,-0.2627,2.1137,0.0000,enc,0.0000
1786025661.892929,0.1011,0.0,0.0,0.0000,0.0000,1.0139,-0.2627,2.1137,0.0000,enc,0.0000
1786025661.993507,0.1006,0.0,0.0,0.0000,0.0000,1.0139,-0.2627,2.1137,0.0000,enc,0.0000
1786025662.098422,0.1049,0.0,0.0,0.0000,0.0000,1.0139,-0.2627,2.1137,0.0000,enc,0.0000
1786025662.200027,0.1016,0.0,0.0,0.0000,0.0000,1.0139,-0.2627,2.1137,0.0000,enc,0.0000
1786025662.301548,0.1015,0.0,0.0,0.0000,0.0000,1.0139,-0.2627,2.1137,0.0000,enc,0.0000
1786025662.423862,0.1223,0.0,0.0,0.0000,0.0000,1.0139,-0.2627,2.1137,0.0000,enc,0.0000
1786025662.506737,0.0829,0.0,0.0,0.0000,0.0000,1.0139,-0.2627,2.1137,0.0000,enc,0.0000
1786025662.608921,0.1022,0.0,0.0,0.0000,0.0000,1.0139,-0.2627,2.1137,0.0000,enc,0.0000
1786025662.723522,0.1146,0.0,0.0,0.0000,0.0000,1.0139,-0.2627,2.1137,0.0000,enc,0.0000
1786025662.819016,0.0955,0.0,0.0,0.0000,0.0000,1.0139,-0.2627,2.1137,0.0000,enc,0.0000
1786025662.916468,0.0975,0.0,0.0,0.0000,0.0000,1.0139,-0.2627,2.1137,0.0000,enc,0.0000
1786025663.017844,0.1014,0.0,0.0,0.0000,0.0000,1.0139,-0.2627,2.1137,0.0000,enc,0.0000
1786025663.122109,0.1043,0.0,0.0,0.0000,0.0000,1.0139,-0.2627,2.1137,0.0000,enc,0.0000
1786025663.222501,0.1004,0.0,0.0,0.0000,0.0000,1.0139,-0.2627,2.1137,0.0000,enc,0.0000
1786025663.326903,0.1044,0.0,0.0,0.0000,0.0000,1.0139,-0.2627,2.1137,0.0000,enc,0.0000
1786025663.429162,0.1023,0.0,0.0,0.0000,0.0000,1.0139,-0.2627,2.1137,0.0000,enc,0.0000
1786025663.540802,0.1116,0.0,0.0,0.0000,0.0000,1.0139,-0.2627,2.1137,0.0000,enc,0.0000
1786025663.628899,0.0881,0.0,0.0,0.0000,0.0000,1.0139,-0.2627,2.1137,0.0000,enc,0.0000
1786025663.731854,0.1030,0.0,0.0,0.0000,0.0000,1.0139,-0.2627,2.1137,0.0000,enc,0.0000
1786025663.836883,0.1050,0.0,0.0,0.0000,0.0000,1.0139,-0.2627,2.1137,0.0000,enc,0.0000
1786025663.934447,0.0976,0.0,0.0,0.0000,0.0000,1.0139,-0.2627,2.1137,0.0000,enc,0.0000
1786025664.038162,0.1037,0.0,0.0,0.0000,0.0000,1.0139,-0.2627,2.1137,0.0000,enc,0.0000
1786025664.138255,0.1001,0.0,0.0,0.0000,0.0000,1.0139,-0.2627,2.1137,0.0000,enc,0.0000
1786025664.248879,0.1106,0.0,0.0,0.0000,0.0000,1.0139,-0.2627,2.1137,0.0000,enc,0.0000
1786025664.342475,0.0936,0.0,0.0,0.0000,0.0000,1.0139,-0.2627,2.1137,0.0000,enc,0.0000
1786025664.444642,0.1022,0.0,0.0,0.0000,0.0000,1.0139,-0.2627,2.1137,0.0000,enc,0.0000
1786025664.546808,0.1022,0.0,0.0,0.0000,0.0000,1.0139,-0.2627,2.1137,0.0000,enc,0.0000
1786025664.652725,0.1059,0.0,0.0,0.0000,0.0000,1.0139,-0.2627,2.1137,0.0000,enc,0.0000
1786025664.751418,0.0987,0.0,0.0,0.0000,0.0000,1.0139,-0.2627,2.1137,0.0000,enc,0.0000
1786025664.853273,0.1019,0.0,0.0,0.0000,0.0000,1.0139,-0.2627,2.1137,0.0000,enc,0.0000
1786025664.958733,0.1055,0.0,0.0,0.0000,0.0000,1.0139,-0.2627,2.1137,0.0000,enc,0.0000
1786025665.060587,0.1019,0.0,0.0,0.0000,0.0000,1.0139,-0.2627,2.1137,0.0000,enc,0.0000
1786025665.162734,0.1021,0.0,0.0,0.0000,0.0000,1.0139,-0.2627,2.1137,0.0000,enc,0.0000
1786025665.263929,0.1012,0.0,0.0,0.0000,0.0000,1.0139,-0.2627,2.1137,0.0000,enc,0.0000
1786025665.367010,0.1031,0.0,0.0,0.0000,0.0000,1.0139,-0.2627,2.1137,0.0000,enc,0.0000
1786025665.468281,0.1013,0.0,0.0,0.0000,0.0000,1.0139,-0.2627,2.1137,0.0000,enc,0.0000
1786025665.571564,0.1033,0.0,0.0,0.0000,0.0000,1.0139,-0.2627,2.1137,0.0000,enc,0.0000
1786025665.673806,0.1022,0.0,0.0,0.0000,0.0000,1.0139,-0.2627,2.1137,0.0000,enc,0.0000
1786025665.772886,0.0991,0.0,0.0,0.0000,0.0000,1.0139,-0.2627,2.1137,0.0000,enc,0.0000
1786025665.876850,0.1040,0.0,0.0,0.0000,0.0000,1.0139,-0.2627,2.1137,0.0000,enc,0.0000
1786025665.979116,0.1023,0.0,0.0,0.0000,0.0000,1.0139,-0.2627,2.1137,0.0000,enc,0.0000
1786025666.081395,0.1023,0.0,0.0,0.0000,0.0000,1.0139,-0.2627,2.1137,0.0000,enc,0.0000
1786025666.183333,0.1019,0.0,0.0,0.0000,0.0000,1.0139,-0.2627,2.1137,0.0000,enc,0.0000
1786025666.285967,0.1026,0.0,0.0,0.0000,0.0000,1.0139,-0.2627,2.1137,0.0000,enc,0.0000
1786025666.388003,0.1020,0.0,0.0,0.0000,0.0000,1.0139,-0.2627,2.1137,0.0000,enc,0.0000
1786025666.487837,0.0998,0.0,0.0,0.0000,0.0000,1.0139,-0.2627,2.1137,0.0000,enc,0.0000
1786025666.591896,0.1041,0.0,0.0,0.0000,0.0000,1.0139,-0.2627,2.1137,0.0000,enc,0.0000
1786025666.693009,0.1011,0.0,0.0,0.0000,0.0000,1.0139,-0.2627,2.1137,0.0000,enc,0.0000
1786025666.794647,0.1016,0.0,0.0,0.0000,0.0000,1.0139,-0.2627,2.1137,0.0000,enc,0.0000
1786025666.897910,0.1033,0.0,0.0,0.0000,0.0000,1.0139,-0.2627,2.1137,0.0000,enc,0.0000
1786025666.998946,0.1010,0.0,0.0,0.0000,0.0000,1.0139,-0.2627,2.1137,0.0000,enc,0.0000
1786025667.100779,0.1018,0.0,0.0,0.0000,0.0000,1.0139,-0.2627,2.1137,0.0000,enc,0.0000
1786025667.265770,0.1650,0.0,0.0,0.0000,0.0000,1.0139,-0.2627,2.1137,0.0000,enc,0.0000
1786025667.304502,0.0387,0.0,0.0,0.0000,0.0000,1.0139,-0.2627,2.1137,0.0000,enc,0.0000
1786025667.406943,0.1024,0.0,0.0,0.0000,0.0000,1.0139,-0.2627,2.1137,0.0000,enc,0.0000
1786025667.512691,0.1057,0.0,0.0,0.0000,0.0000,1.0139,-0.2627,2.1137,0.0000,enc,0.0000
1786025667.610854,0.0982,0.0,0.0,0.0000,0.0000,1.0139,-0.2627,2.1137,0.0000,enc,0.0000
1786025667.712964,0.1021,0.0,0.0,0.0000,0.0000,1.0139,-0.2627,2.1137,0.0000,enc,0.0000
1786025667.818135,0.1052,0.0,0.0,0.0000,0.0000,1.0139,-0.2627,2.1137,0.0000,enc,0.0000
1786025667.920338,0.1022,0.0,0.0,0.0000,0.0000,1.0139,-0.2627,2.1137,0.0000,enc,0.0000
1786025668.018988,0.0986,0.0,0.0,0.0000,0.0000,1.0139,-0.2627,2.1137,0.0000,enc,0.0000
1786025668.127067,0.1081,0.0,0.0,0.0000,0.0000,1.0139,-0.2627,2.1137,0.0000,enc,0.0000
1786025668.226772,0.0997,0.0,0.0,0.0000,0.0000,1.0139,-0.2627,2.1137,0.0000,enc,0.0000
1786025668.328659,0.1019,0.0,0.0,0.0000,0.0000,1.0139,-0.2627,2.1137,0.0000,enc,0.0000
1786025668.430702,0.1020,0.0,0.0,0.0000,0.0000,1.0139,-0.2627,2.1137,0.0000,enc,0.0000
1786025668.534307,0.1036,0.0,0.0,0.0000,0.0000,1.0139,-0.2627,2.1137,0.0000,enc,0.0000
1786025668.635202,0.1009,0.0,0.0,0.0000,0.0000,1.0139,-0.2627,2.1137,0.0000,enc,0.0000
1786025668.738026,0.1028,0.0,0.0,0.0000,0.0000,1.0139,-0.2627,2.1137,0.0000,enc,0.0000
1786025668.838658,0.1006,0.0,0.0,0.0000,0.0000,1.0139,-0.2627,2.1137,0.0000,enc,0.0000
1786025668.942190,0.1035,0.0,0.0,0.0000,0.0000,1.0139,-0.2627,2.1137,0.0000,enc,0.0000
1786025669.040827,0.0986,0.0,0.0,0.0000,0.0000,1.0139,-0.2627,2.1137,0.0000,enc,0.0000
1786025669.148440,0.1076,0.0,0.0,0.0000,0.0000,1.0139,-0.2627,2.1137,0.0000,enc,0.0000
1786025669.245024,0.0966,0.0,0.0,0.0000,0.0000,1.0139,-0.2627,2.1137,0.0000,enc,0.0000
1786025669.347039,0.1020,0.0,0.0,0.0000,0.0000,1.0139,-0.2627,2.1137,0.0000,enc,0.0000
1786025669.455001,0.1080,0.0,0.0,0.0000,0.0000,1.0139,-0.2627,2.1137,0.0000,enc,0.0000
1786025669.551391,0.0964,0.0,0.0,0.0000,0.0000,1.0139,-0.2627,2.1137,0.0000,enc,0.0000
1786025669.654014,0.1026,0.0,0.0,0.0000,0.0000,1.0139,-0.2627,2.1137,0.0000,enc,0.0000
1786025669.759083,0.1051,0.0,0.0,0.0000,0.0000,1.0139,-0.2627,2.1137,0.0000,enc,0.0000
1786025669.857926,0.0988,0.0,0.0,0.0000,0.0000,1.0139,-0.2627,2.1137,0.0000,enc,0.0000
1786025669.960363,0.1024,0.0,0.0,0.0000,0.0000,1.0139,-0.2627,2.1137,0.0000,enc,0.0000
1786025670.065586,0.1052,0.0,0.0,0.0000,0.0000,1.0139,-0.2627,2.1137,0.0000,enc,0.0000
1786025670.263011,0.1974,0.0,0.0,0.0000,0.0000,1.0139,-0.2627,2.1137,0.0000,enc,0.0000
1786025670.267870,0.0049,0.0,0.0,0.0000,0.0000,1.0139,-0.2627,2.1137,0.0000,enc,0.0000
1786025670.517735,0.2499,0.0,0.0,0.0000,0.0000,1.0139,-0.2627,2.1137,0.0000,enc,0.0000
1786025670.518528,0.0008,0.0,0.0,0.0000,0.0000,1.0139,-0.2627,2.1137,0.0000,enc,0.0000
1786025670.576200,0.0577,0.0,0.0,0.0000,0.0000,1.0139,-0.2627,2.1137,0.0000,enc,0.0000
1786025670.763844,0.1876,0.0,0.0,0.0000,0.0000,1.0139,-0.2627,2.1137,0.0000,enc,0.0000
1786025670.777246,0.0134,0.0,0.0,0.0000,0.0000,1.0139,-0.2627,2.1137,0.0000,enc,0.0000
1786025671.009075,0.2318,0.0,0.0,0.0000,0.0000,1.0139,-0.2627,2.1137,0.0000,enc,0.0000
1786025671.010108,0.0010,0.0,0.0,0.0000,0.0000,1.0139,-0.2627,2.1137,0.0000,enc,0.0000
1786025671.084331,0.0742,0.0,0.0,0.0000,0.0000,1.0139,-0.2627,2.1137,0.0000,enc,0.0000
1786025671.265313,0.1810,0.0,0.0,0.0000,0.0000,1.0139,-0.2627,2.1137,0.0000,enc,0.0000
1786025671.288233,0.0229,0.0,0.0,0.0000,0.0000,1.0139,-0.2627,2.1137,0.0000,enc,0.0000
1786025671.518600,0.2304,0.0,0.0,0.0000,0.0000,1.0139,-0.2627,2.1137,0.0000,enc,0.0000
1786025671.518808,0.0002,0.0,0.0,0.0000,0.0000,1.0139,-0.2627,2.1137,0.0000,enc,0.0000
1786025671.595195,0.0764,0.0,0.0,0.0000,0.0000,1.0139,-0.2627,2.1137,0.0000,enc,0.0000
1786025671.771457,0.1763,0.0,0.0,0.0000,0.0000,1.0139,-0.2627,2.1137,0.0000,enc,0.0000
1786025671.799150,0.0277,0.0,0.0,0.0000,0.0000,1.0139,-0.2627,2.1137,0.0000,enc,0.0000
1786025672.020856,0.2217,0.0,0.0,0.0000,0.0000,1.0139,-0.2627,2.1137,0.0000,enc,0.0000
1786025672.021989,0.0011,0.0,0.0,0.0000,0.0000,1.0139,-0.2627,2.1137,0.0000,enc,0.0000
1786025672.105358,0.0834,0.0,0.0,0.0000,0.0000,1.0139,-0.2627,2.1137,0.0000,enc,0.0000
1786025672.272115,0.1668,0.0,0.0,0.0000,0.0000,1.0139,-0.2627,2.1137,0.0000,enc,0.0000
1786025672.309639,0.0375,0.0,0.0,0.0000,0.0000,1.0139,-0.2627,2.1137,0.0000,enc,0.0000
1786025672.522351,0.2127,0.0,0.0,0.0000,0.0000,1.0139,-0.2627,2.1137,0.0000,enc,0.0000
1786025672.522411,0.0001,0.0,0.0,0.0000,0.0000,1.0139,-0.2627,2.1137,0.0000,enc,0.0000
1786025672.618885,0.0965,0.0,0.0,0.0000,0.0000,1.0139,-0.2627,2.1137,0.0000,enc,0.0000
1786025672.772987,0.1541,0.0,0.0,0.0000,0.0000,1.0139,-0.2627,2.1137,0.0000,enc,0.0000
1786025672.824014,0.0510,0.0,0.0,0.0000,0.0000,1.0139,-0.2627,2.1137,0.0000,enc,0.0000
1786025673.023880,0.1999,0.0,0.0,0.0000,0.0000,1.0139,-0.2627,2.1137,0.0000,enc,0.0000
1786025673.027718,0.0038,0.0,0.0,0.0000,0.0000,1.0139,-0.2627,2.1137,0.0000,enc,0.0000
1786025673.272693,0.2450,0.0,0.0,0.0000,0.0000,1.0139,-0.2627,2.1137,0.0000,enc,0.0000
1786025673.272889,0.0002,0.0,0.0,0.0000,0.0000,1.0139,-0.2627,2.1137,0.0000,enc,0.0000
1786025673.331160,0.0583,0.0,0.0,0.0000,0.0000,1.0139,-0.2627,2.1137,0.0000,enc,0.0000
1786025673.523788,0.1926,0.0,0.0,0.0000,0.0000,1.0139,-0.2627,2.1137,0.0000,enc,0.0000
1786025673.536671,0.0129,0.0,0.0,0.0000,0.0000,1.0139,-0.2627,2.1137,0.0000,enc,0.0000
1786025673.776270,0.2396,0.0,0.0,0.0000,0.0000,1.0139,-0.2627,2.1137,0.0000,enc,0.0000
1786025673.777022,0.0008,0.0,0.0,0.0000,0.0000,1.0139,-0.2627,2.1137,0.0000,enc,0.0000
1786025673.848313,0.0713,0.0,0.0,0.0000,0.0000,1.0139,-0.2627,2.1137,0.0000,enc,0.0000
1786025674.025019,0.1767,0.0,0.0,0.0000,0.0000,1.0139,-0.2627,2.1137,0.0000,enc,0.0000
1786025674.046898,0.0219,0.0,0.0,0.0000,0.0000,1.0139,-0.2627,2.1137,0.0000,enc,0.0000
1786025674.277572,0.2307,0.0,0.0,0.0000,0.0000,1.0139,-0.2627,2.1137,0.0000,enc,0.0000
1786025674.278840,0.0013,0.0,0.0,0.0000,0.0000,1.0139,-0.2627,2.1137,0.0000,enc,0.0000
1786025674.355990,0.0772,0.0,0.0,0.0000,0.0000,1.0139,-0.2627,2.1137,0.0000,enc,0.0000
1786025674.531893,0.1759,0.0,0.0,0.0000,0.0000,1.0139,-0.2627,2.1137,0.0000,enc,0.0000
1786025674.559382,0.0275,0.0,0.0,0.0000,0.0000,1.0139,-0.2627,2.1137,0.0000,enc,0.0000
1786025674.778547,0.2192,0.0,0.0,0.0000,0.0000,1.0139,-0.2627,2.1137,0.0000,enc,0.0000
1786025674.779466,0.0009,0.0,0.0,0.0000,0.0000,1.0139,-0.2627,2.1137,0.0000,enc,0.0000
1786025674.868011,0.0885,0.0,0.0,0.0000,0.0000,1.0139,-0.2627,2.1137,0.0000,enc,0.0000
1786025675.031273,0.1633,0.0,0.0,0.0000,0.0000,1.0139,-0.2627,2.1137,0.0000,enc,0.0000
1786025675.074782,0.0435,0.0,0.0,0.0000,0.0000,1.0139,-0.2627,2.1137,0.0000,enc,0.0000
1786025675.174891,0.1001,0.0,0.0,0.0000,0.0000,1.0139,-0.2627,2.1137,0.0000,enc,0.0000
1786025675.276373,0.1015,0.0,0.0,0.0000,0.0000,1.0139,-0.2627,2.1137,0.0000,enc,0.0000
1786025675.376271,0.0999,0.0,0.0,0.0000,0.0000,1.0139,-0.2627,2.1137,0.0000,enc,0.0000
1786025675.483057,0.1068,0.0,0.0,0.0000,0.0000,1.0139,-0.2627,2.1137,0.0000,enc,0.0000
1786025675.587920,0.1049,0.0,0.0,0.0000,0.0000,1.0139,-0.2627,2.1137,0.0000,enc,0.0000
1786025675.683444,0.0955,0.0,0.0,0.0000,0.0000,1.0139,-0.2627,2.1137,0.0000,enc,0.0000
1786025675.789756,0.1063,0.0,0.0,0.0000,0.0000,1.0139,-0.2627,2.1137,0.0000,enc,0.0000
1786025675.897900,0.1081,0.0,0.0,0.0000,0.0000,1.0139,-0.2627,2.1137,0.0000,enc,0.0000
1786025675.986522,0.0886,0.0,0.0,0.0000,0.0000,1.0139,-0.2627,2.1137,0.0000,enc,0.0000
1786025676.102652,0.1161,0.0,0.0,0.0000,0.0000,1.0139,-0.2627,2.1137,0.0000,enc,0.0000
1786025676.200240,0.0976,0.0,0.0,0.0000,0.0000,1.0139,-0.2627,2.1137,0.0000,enc,0.0000
1786025676.301018,0.1008,0.0,0.0,0.0000,0.0000,1.0139,-0.2627,2.1137,0.0000,enc,0.0000
1786025676.402977,0.1020,0.0,0.0,0.0000,0.0000,1.0139,-0.2627,2.1137,0.0000,enc,0.0000
1786025676.502206,0.0992,0.0,0.0,0.0000,0.0000,1.0139,-0.2627,2.1137,0.0000,enc,0.0000
1786025676.604821,0.1026,0.0,0.0,0.0000,0.0000,1.0139,-0.2627,2.1137,0.0000,enc,0.0000
1786025676.711315,0.1065,0.0,0.0,0.0000,0.0000,1.0139,-0.2627,2.1137,0.0000,enc,0.0000
1786025676.808025,0.0967,0.0,0.0,0.0000,0.0000,1.0139,-0.2627,2.1137,0.0000,enc,0.0000
1786025676.916162,0.1081,0.0,0.0,0.0000,0.0000,1.0139,-0.2627,2.1137,0.0000,enc,0.0000
1786025677.008926,0.0928,0.0,0.0,0.0000,0.0000,1.0139,-0.2627,2.1137,0.0000,enc,0.0000
1786025677.119969,0.1110,0.0,0.0,0.0000,0.0000,1.0139,-0.2627,2.1137,0.0000,enc,0.0000
1786025677.213026,0.0931,0.0,0.0,0.0000,0.0000,1.0139,-0.2627,2.1137,0.0000,enc,0.0000
1786025677.315272,0.1022,0.0,0.0,0.0000,0.0000,1.0139,-0.2627,2.1137,0.0000,enc,0.0000
1786025677.421014,0.1057,0.0,0.0,0.0000,0.0000,1.0139,-0.2627,2.1137,0.0000,enc,0.0000
1786025677.518873,0.0979,0.0,0.0,0.0000,0.0000,1.0139,-0.2627,2.1137,0.0000,enc,0.0000
1786025677.621922,0.1030,0.0,0.0,0.0000,0.0000,1.0139,-0.2627,2.1137,0.0000,enc,0.0000
1786025677.729026,0.1071,0.0,0.0,0.0000,0.0000,1.0139,-0.2627,2.1137,0.0000,enc,0.0000
1786025677.826514,0.0975,0.0,0.0,0.0000,0.0000,1.0139,-0.2627,2.1137,0.0000,enc,0.0000
1786025677.929110,0.1026,0.0,0.0,0.0000,0.0000,1.0139,-0.2627,2.1137,0.0000,enc,0.0000
1786025678.034004,0.1049,0.0,0.0,0.0000,0.0000,1.0139,-0.2627,2.1137,0.0000,enc,0.0000
1786025678.133112,0.0991,0.0,0.0,0.0000,0.0000,1.0139,-0.2627,2.1137,0.0000,enc,0.0000
1786025678.235508,0.1024,0.0,0.0,0.0000,0.0000,1.0139,-0.2627,2.1137,0.0000,enc,0.0000
1786025678.338955,0.1034,0.0,0.0,0.0000,0.0000,1.0139,-0.2627,2.1137,0.0000,enc,0.0000
1786025678.441941,0.1030,0.0,0.0,0.0000,0.0000,1.0139,-0.2627,2.1137,0.0000,enc,0.0000
1786025678.543809,0.1019,0.0,0.0,0.0000,0.0000,1.0139,-0.2627,2.1137,0.0000,enc,0.0000
1786025678.649004,0.1052,0.0,0.0,0.0000,0.0000,1.0139,-0.2627,2.1137,0.0000,enc,0.0000
1786025678.748428,0.0994,0.0,0.0,0.0000,0.0000,1.0139,-0.2627,2.1137,0.0000,enc,0.0000
1786025678.852338,0.1039,0.0,0.0,0.0000,0.0000,1.0139,-0.2627,2.1137,0.0000,enc,0.0000
1786025678.956012,0.1037,0.0,0.0,0.0000,0.0000,1.0139,-0.2627,2.1137,0.0000,enc,0.0000
1786025679.057889,0.1019,0.0,0.0,0.0000,0.0000,1.0139,-0.2627,2.1137,0.0000,enc,0.0000
1786025679.158424,0.1005,0.0,0.0,0.0000,0.0000,1.0139,-0.2627,2.1137,0.0000,enc,0.0000
1786025679.260648,0.1022,0.0,0.0,0.0000,0.0000,1.0139,-0.2627,2.1137,0.0000,enc,0.0000
1786025679.363550,0.1029,0.0,0.0,0.0000,0.0000,1.0139,-0.2627,2.1137,0.0000,enc,0.0000
1786025679.465212,0.1017,0.0,0.0,0.0000,0.0000,1.0139,-0.2627,2.1137,0.0000,enc,0.0000
1786025679.563669,0.0985,0.0,0.0,0.0000,0.0000,1.0139,-0.2627,2.1137,0.0000,enc,0.0000
1786025679.670971,0.1073,0.0,0.0,0.0000,0.0000,1.0139,-0.2627,2.1137,0.0000,enc,0.0000
1786025679.769199,0.0982,0.0,0.0,0.0000,0.0000,1.0139,-0.2627,2.1137,0.0000,enc,0.0000
1786025679.871608,0.1024,0.0,0.0,0.0000,0.0000,1.0139,-0.2627,2.1137,0.0000,enc,0.0000
1786025679.977000,0.1054,0.0,0.0,0.0000,0.0000,1.0139,-0.2627,2.1137,0.0000,enc,0.0000
1786025680.076045,0.0990,0.0,0.0,0.0000,0.0000,1.0139,-0.2627,2.1137,0.0000,enc,0.0000
1786025680.178159,0.1021,0.0,0.0,0.0000,0.0000,1.0139,-0.2627,2.1137,0.0000,enc,0.0000
1786025680.281953,0.1038,0.0,0.0,0.0000,0.0000,1.0139,-0.2627,2.1137,0.0000,enc,0.0000
1786025680.383002,0.1010,0.0,0.0,0.0000,0.0000,1.0139,-0.2627,2.1137,0.0000,enc,0.0000
1786025680.484590,0.1016,0.0,0.0,0.0000,0.0000,1.0139,-0.2627,2.1137,0.0000,enc,0.0000
1786025680.590995,0.1064,0.0,0.0,0.0000,0.0000,1.0139,-0.2627,2.1137,0.0000,enc,0.0000
1786025680.690702,0.0997,0.0,0.0,0.0000,0.0000,1.0139,-0.2627,2.1137,0.0000,enc,0.0000
1786025680.791725,0.1010,0.0,0.0,0.0000,0.0000,1.0139,-0.2627,2.1137,0.0000,enc,0.0000
1786025680.897029,0.1053,0.0,0.0,0.0000,0.0000,1.0139,-0.2627,2.1137,0.0000,enc,0.0000
1786025680.993889,0.0969,0.0,0.0,0.0000,0.0000,1.0139,-0.2627,2.1137,0.0000,enc,0.0000
1786025681.096854,0.1030,0.0,0.0,0.0000,0.0000,1.0139,-0.2627,2.1137,0.0000,enc,0.0000
1786025681.205005,0.1082,0.0,0.0,0.0000,0.0000,1.0139,-0.2627,2.1137,0.0000,enc,0.0000
1786025681.304620,0.0996,0.0,0.0,0.0000,0.0000,1.0139,-0.2627,2.1137,0.0000,enc,0.0000
1786025681.406488,0.1019,0.0,0.0,0.0000,0.0000,1.0139,-0.2627,2.1137,0.0000,enc,0.0000
1786025681.511013,0.1045,0.0,0.0,0.0000,0.0000,1.0139,-0.2627,2.1137,0.0000,enc,0.0000
1786025681.610985,0.1000,0.0,0.0,0.0000,0.0000,1.0139,-0.2627,2.1137,0.0000,enc,0.0000
1786025681.713488,0.1025,0.0,0.0,0.0000,0.0000,1.0139,-0.2627,2.1137,0.0000,enc,0.0000
1786025681.816313,0.1028,0.0,0.0,0.0000,0.0000,1.0139,-0.2627,2.1137,0.0000,enc,0.0000
1786025681.920987,0.1047,0.0,0.0,0.0000,0.0000,1.0139,-0.2627,2.1137,0.0000,enc,0.0000
1786025682.018829,0.0978,0.0,0.0,0.0000,0.0000,1.0139,-0.2627,2.1137,0.0000,enc,0.0000
1786025682.119956,0.1011,0.0,0.0,0.0000,0.0000,1.0139,-0.2627,2.1137,0.0000,enc,0.0000
1786025682.225036,0.1051,0.0,0.0,0.0000,0.0000,1.0139,-0.2627,2.1137,0.0000,enc,0.0000
1786025682.325483,0.1004,0.0,0.0,0.0000,0.0000,1.0139,-0.2627,2.1137,0.0000,enc,0.0000
1786025682.425867,0.1004,0.0,0.0,0.0000,0.0000,1.0139,-0.2627,2.1137,0.0000,enc,0.0000
1786025682.536549,0.1107,0.0,0.0,0.0000,0.0000,1.0139,-0.2627,2.1137,0.0000,enc,0.0000
1786025682.631497,0.0949,0.0,0.0,0.0000,0.0000,1.0139,-0.2627,2.1137,0.0000,enc,0.0000
1786025682.733151,0.1017,0.0,0.0,0.0000,0.0000,1.0139,-0.2627,2.1137,0.0000,enc,0.0000
1786025682.838003,0.1049,0.0,0.0,0.0000,0.0000,1.0139,-0.2627,2.1137,0.0000,enc,0.0000
1786025682.937835,0.0998,0.0,0.0,0.0000,0.0000,1.0139,-0.2627,2.1137,0.0000,enc,0.0000
1786025683.041041,0.1032,0.0,0.0,0.0000,0.0000,1.0139,-0.2627,2.1137,0.0000,enc,0.0000
1786025683.145381,0.1043,0.0,0.0,0.0000,0.0000,1.0139,-0.2627,2.1137,0.0000,enc,0.0000
1786025683.245884,0.1005,0.0,0.0,0.0000,0.0000,1.0139,-0.2627,2.1137,0.0000,enc,0.0000
1786025683.353231,0.1073,0.0,0.0,0.0000,0.0000,1.0139,-0.2627,2.1137,0.0000,enc,0.0000
1786025683.455393,0.1022,0.0,0.0,0.0000,0.0000,1.0139,-0.2627,2.1137,0.0000,enc,0.0000
1786025683.566810,0.1114,0.0,0.0,0.0000,0.0000,1.0139,-0.2627,2.1137,0.0000,enc,0.0000
1786025683.670733,0.1039,0.0,0.0,0.0000,0.0000,1.0139,-0.2627,2.1137,0.0000,enc,0.0000
1786025683.759923,0.0892,0.0,0.0,0.0000,0.0000,1.0139,-0.2627,2.1137,0.0000,enc,0.0000
1786025683.866985,0.1071,0.0,0.0,0.0000,0.0000,1.0139,-0.2627,2.1137,0.0000,enc,0.0000
1786025683.961652,0.0947,0.0,0.0,0.0000,0.0000,1.0139,-0.2627,2.1137,0.0000,enc,0.0000
1786025684.067977,0.1063,0.0,0.0,0.0000,0.0000,1.0139,-0.2627,2.1137,0.0000,enc,0.0000
1786025684.168673,0.1007,0.0,0.0,0.0000,0.0000,1.0139,-0.2627,2.1137,0.0000,enc,0.0000
1786025684.266595,0.0979,0.0,0.0,0.0000,0.0000,1.0139,-0.2627,2.1137,0.0000,enc,0.0000
1786025684.422855,0.1563,0.0,0.0,0.0000,0.0000,1.0139,-0.2627,2.1137,0.0000,enc,0.0000
1786025684.473541,0.0507,0.0,0.0,0.0000,0.0000,1.0139,-0.2627,2.1137,0.0000,enc,0.0000
1786025684.581876,0.1083,0.0,0.0,0.0000,0.0000,1.0139,-0.2627,2.1137,0.0000,enc,0.0000
1786025684.677562,0.0957,0.0,0.0,0.0000,0.0000,1.0139,-0.2627,2.1137,0.0000,enc,0.0000
1786025684.780195,0.1026,0.0,0.0,0.0000,0.0000,1.0139,-0.2627,2.1137,0.0000,enc,0.0000
1786025684.878870,0.0987,0.0,0.0,0.0000,0.0000,1.0139,-0.2627,2.1137,0.0000,enc,0.0000
1786025684.978081,0.0992,0.0,0.0,0.0000,0.0000,1.0139,-0.2627,2.1137,0.0000,enc,0.0000
1786025685.083838,0.1058,0.0,0.0,0.0000,0.0000,1.0139,-0.2627,2.1137,0.0000,enc,0.0000
1786025685.258160,0.1743,0.0,0.0,0.0000,0.0000,1.0139,-0.2627,2.1137,0.0000,enc,0.0000
1786025685.286349,0.0282,0.0,0.0,0.0000,0.0000,1.0139,-0.2627,2.1137,0.0000,enc,0.0000
1786025685.509409,0.2231,0.0,0.0,0.0000,0.0000,1.0139,-0.2627,2.1137,0.0000,enc,0.0000
1786025685.510089,0.0007,0.0,0.0,0.0000,0.0000,1.0139,-0.2627,2.1137,0.0000,enc,0.0000
1786025685.592213,0.0821,0.0,0.0,0.0000,0.0000,1.0139,-0.2627,2.1137,0.0000,enc,0.0000
1786025685.755129,0.1629,0.0,0.0,0.0000,0.0000,1.0139,-0.2627,2.1137,0.0000,enc,0.0000
1786025685.800725,0.0456,0.0,0.0,0.0000,0.0000,1.0139,-0.2627,2.1137,0.0000,enc,0.0000
1786025686.008853,0.2081,0.0,0.0,0.0000,0.0000,1.0139,-0.2627,2.1137,0.0000,enc,0.0000
1786025686.009077,0.0002,0.0,0.0,0.0000,0.0000,1.0139,-0.2627,2.1137,0.0000,enc,0.0000
1786025686.105442,0.0964,0.0,0.0,0.0000,0.0000,1.0139,-0.2627,2.1137,0.0000,enc,0.0000
1786025686.264770,0.1593,0.0,0.0,0.0000,0.0000,1.0139,-0.2627,2.1137,0.0000,enc,0.0000
1786025686.307950,0.0432,0.0,0.0,0.0000,0.0000,1.0139,-0.2627,2.1137,0.0000,enc,0.0000
1786025686.522854,0.2149,0.0,0.0,0.0000,0.0000,1.0139,-0.2627,2.1137,0.0000,enc,0.0000
1786025686.523909,0.0011,0.0,0.0,0.0000,0.0000,1.0139,-0.2627,2.1137,0.0000,enc,0.0000
1786025686.616575,0.0927,0.0,0.0,0.0000,0.0000,1.0139,-0.2627,2.1137,0.0000,enc,0.0000
1786025686.779449,0.1629,0.0,0.0,0.0000,0.0000,1.0139,-0.2627,2.1137,0.0000,enc,0.0000
1786025686.821751,0.0423,0.0,0.0,0.0000,0.0000,1.0139,-0.2627,2.1137,0.0000,enc,0.0000
1786025687.021518,0.1998,0.0,0.0,0.0000,0.0000,1.0139,-0.2627,2.1137,0.0000,enc,0.0000
1786025687.025765,0.0042,0.0,0.0,0.0000,0.0000,1.0139,-0.2627,2.1137,0.0000,enc,0.0000
1786025687.272605,0.2468,0.0,0.0,0.0000,0.0000,1.0139,-0.2627,2.1137,0.0000,enc,0.0000
1786025687.275372,0.0028,0.0,0.0,0.0000,0.0000,1.0139,-0.2627,2.1137,0.0000,enc,0.0000
1786025687.332324,0.0570,0.0,0.0,0.0000,0.0000,1.0139,-0.2627,2.1137,0.0000,enc,0.0000
1786025687.523173,0.1908,0.0,0.0,0.0000,0.0000,1.0139,-0.2627,2.1137,0.0000,enc,0.0000
1786025687.532330,0.0092,0.0,0.0,0.0000,0.0000,1.0139,-0.2627,2.1137,0.0000,enc,0.0000
1786025687.773462,0.2411,0.0,0.0,0.0000,0.0000,1.0139,-0.2627,2.1137,0.0000,enc,0.0000
1786025687.774418,0.0010,0.0,0.0,0.0000,0.0000,1.0139,-0.2627,2.1137,0.0000,enc,0.0000
1786025687.839811,0.0654,0.0,0.0,0.0000,0.0000,1.0139,-0.2627,2.1137,0.0000,enc,0.0000
1786025688.021906,0.1821,0.0,0.0,0.0000,0.0000,1.0139,-0.2627,2.1137,0.0000,enc,0.0000
1786025688.043710,0.0218,0.0,0.0,0.0000,0.0000,1.0139,-0.2627,2.1137,0.0000,enc,0.0000
1786025688.274397,0.2307,0.0,0.0,0.0000,0.0000,1.0139,-0.2627,2.1137,0.0000,enc,0.0000
1786025688.274745,0.0003,0.0,0.0,0.0000,0.0000,1.0139,-0.2627,2.1137,0.0000,enc,0.0000
1786025688.350954,0.0762,0.0,0.0,0.0000,0.0000,1.0139,-0.2627,2.1137,0.0000,enc,0.0000
1786025688.562387,0.2114,0.0,0.0,0.0000,0.0000,1.0139,-0.2627,2.1137,0.0000,enc,0.0000
1786025688.565887,0.0035,0.0,0.0,0.0000,0.0000,1.0139,-0.2627,2.1137,0.0000,enc,0.0000
1786025688.773979,0.2081,0.0,0.0,0.0000,0.0000,1.0139,-0.2627,2.1137,0.0000,enc,0.0000
1786025688.775444,0.0015,0.0,0.0,0.0000,0.0000,1.0139,-0.2627,2.1137,0.0000,enc,0.0000
1786025688.864546,0.0891,0.0,0.0,0.0000,0.0000,1.0139,-0.2627,2.1137,0.0000,enc,0.0000
1786025689.064581,0.2000,0.0,0.0,0.0000,0.0000,1.0139,-0.2627,2.1137,0.0000,enc,0.0000
1786025689.068355,0.0038,0.0,0.0,0.0000,0.0000,1.0139,-0.2627,2.1137,0.0000,enc,0.0000
1786025689.275332,0.2070,0.0,0.0,0.0000,0.0000,1.0139,-0.2627,2.1137,0.0000,enc,0.0000
1786025689.277908,0.0026,0.0,0.0,0.0000,0.0000,1.0139,-0.2627,2.1137,0.0000,enc,0.0000
1786025689.374810,0.0969,0.0,0.0,0.0000,0.0000,1.0139,-0.2627,2.1137,0.0000,enc,0.0000
1786025689.531518,0.1567,0.0,0.0,0.0000,0.0000,1.0139,-0.2627,2.1137,0.0000,enc,0.0000
1786025689.579786,0.0483,0.0,0.0,0.0000,0.0000,1.0139,-0.2627,2.1137,0.0000,enc,0.0000
1786025689.787166,0.2074,0.0,0.0,0.0000,0.0000,1.0139,-0.2627,2.1137,0.0000,enc,0.0000
1786025689.788582,0.0014,0.0,0.0,0.0000,0.0000,1.0139,-0.2627,2.1137,0.0000,enc,0.0000
1786025689.885806,0.0972,0.0,0.0,0.0000,0.0000,1.0139,-0.2627,2.1137,0.0000,enc,0.0000
1786025690.041315,0.1555,0.0,0.0,0.0000,0.0000,1.0139,-0.2627,2.1137,0.0000,enc,0.0000
1786025690.088146,0.0468,0.0,0.0,0.0000,0.0000,1.0139,-0.2627,2.1137,0.0000,enc,0.0000
1786025690.194106,0.1060,0.0,0.0,0.0000,0.0000,1.0139,-0.2627,2.1137,0.0000,enc,0.0000
1786025690.292644,0.0985,0.0,0.0,0.0000,0.0000,1.0139,-0.2627,2.1137,0.0000,enc,0.0000
1786025690.395021,0.1024,0.0,0.0,0.0000,0.0000,1.0139,-0.2627,2.1137,0.0000,enc,0.0000
1786025690.499435,0.1044,0.0,0.0,0.0000,0.0000,1.0139,-0.2627,2.1137,0.0000,enc,0.0000
1786025690.598714,0.0993,0.0,0.0,0.0000,0.0000,1.0139,-0.2627,2.1137,0.0000,enc,0.0000
1786025690.700877,0.1022,0.0,0.0,0.0000,0.0000,1.0139,-0.2627,2.1137,0.0000,enc,0.0000
1786025690.805977,0.1051,0.0,0.0,0.0000,0.0000,1.0139,-0.2627,2.1137,0.0000,enc,0.0000
1786025690.905107,0.0991,0.0,0.0,0.0000,0.0000,1.0139,-0.2627,2.1137,0.0000,enc,0.0000
1786025691.006898,0.1018,0.0,0.0,0.0000,0.0000,1.0139,-0.2627,2.1137,0.0000,enc,0.0000
1786025691.112494,0.1056,0.0,0.0,0.0000,0.0000,1.0139,-0.2627,2.1137,0.0000,enc,0.0000
1786025691.214820,0.1023,0.0,0.0,0.0000,0.0000,1.0139,-0.2627,2.1137,0.0000,enc,0.0000
1786025691.317317,0.1025,0.0,0.0,0.0000,0.0000,1.0139,-0.2627,2.1137,0.0000,enc,0.0000
1786025691.420401,0.1031,0.0,0.0,0.0000,0.0000,1.0139,-0.2627,2.1137,0.0000,enc,0.0000
1786025691.522214,0.1018,0.0,0.0,0.0000,0.0000,1.0139,-0.2627,2.1137,0.0000,enc,0.0000
1786025691.625171,0.1030,0.0,0.0,0.0000,0.0000,1.0139,-0.2627,2.1137,0.0000,enc,0.0000
1786025691.731833,0.1067,0.0,0.0,0.0000,0.0000,1.0139,-0.2627,2.1137,0.0000,enc,0.0000
1786025691.830040,0.0982,0.0,0.0,0.0000,0.0000,1.0139,-0.2627,2.1137,0.0000,enc,0.0000
1786025691.930671,0.1006,0.0,0.0,0.0000,0.0000,1.0139,-0.2627,2.1137,0.0000,enc,0.0000
1786025692.035326,0.1047,0.0,0.0,0.0000,0.0000,1.0139,-0.2627,2.1137,0.0000,enc,0.0000
1786025692.137430,0.1021,0.0,0.0,0.0000,0.0000,1.0139,-0.2627,2.1137,0.0000,enc,0.0000
1786025692.241742,0.1043,0.0,0.0,0.0000,0.0000,1.0139,-0.2627,2.1137,0.0000,enc,0.0000
1786025692.341019,0.0993,0.0,0.0,0.0000,0.0000,1.0139,-0.2627,2.1137,0.0000,enc,0.0000
1786025692.450154,0.1091,0.0,0.0,0.0000,0.0000,1.0139,-0.2627,2.1137,0.0000,enc,0.0000
1786025692.544297,0.0941,0.0,0.0,0.0000,0.0000,1.0139,-0.2627,2.1137,0.0000,enc,0.0000
1786025692.644231,0.0999,0.0,0.0,0.0000,0.0000,1.0139,-0.2627,2.1137,0.0000,enc,0.0000
1786025692.749874,0.1056,0.0,0.0,0.0000,0.0000,1.0139,-0.2627,2.1137,0.0000,enc,0.0000
1786025692.848329,0.0985,0.0,0.0,0.0000,0.0000,1.0139,-0.2627,2.1137,0.0000,enc,0.0000
1786025692.950378,0.1020,0.0,0.0,0.0000,0.0000,1.0139,-0.2627,2.1137,0.0000,enc,0.0000
1786025693.055660,0.1053,0.0,0.0,0.0000,0.0000,1.0139,-0.2627,2.1137,0.0000,enc,0.0000
1786025693.155942,0.1003,0.0,0.0,0.0000,0.0000,1.0139,-0.2627,2.1137,0.0000,enc,0.0000
1786025693.256449,0.1005,0.0,0.0,0.0000,0.0000,1.0139,-0.2627,2.1137,0.0000,enc,0.0000
1786025693.363013,0.1066,0.0,0.0,0.0000,0.0000,1.0139,-0.2627,2.1137,0.0000,enc,0.0000
1786025693.461408,0.0984,0.0,0.0,0.0000,0.0000,1.0139,-0.2627,2.1137,0.0000,enc,0.0000
1786025693.563078,0.1017,0.0,0.0,0.0000,0.0000,1.0139,-0.2627,2.1137,0.0000,enc,0.0000
1786025693.668513,0.1054,0.0,0.0,0.0000,0.0000,1.0139,-0.2627,2.1137,0.0000,enc,0.0000
1786025693.774669,0.1062,0.0,0.0,0.0000,0.0000,1.0139,-0.2627,2.1137,0.0000,enc,0.0000
1786025693.869564,0.0949,0.0,0.0,0.0000,0.0000,1.0139,-0.2627,2.1137,0.0000,enc,0.0000
1786025693.975212,0.1056,0.0,0.0,0.0000,0.0000,1.0139,-0.2627,2.1137,0.0000,enc,0.0000
1786025694.076833,0.1016,0.0,0.0,0.0000,0.0000,1.0139,-0.2627,2.1137,0.0000,enc,0.0000
1786025694.180117,0.1033,0.0,0.0,0.0000,0.0000,1.0139,-0.2627,2.1137,0.0000,enc,0.0000
1786025694.282014,0.1019,0.0,0.0,0.0000,0.0000,1.0139,-0.2627,2.1137,0.0000,enc,0.0000
1786025694.383702,0.1017,0.0,0.0,0.0000,0.0000,1.0139,-0.2627,2.1137,0.0000,enc,0.0000
1786025694.486211,0.1025,0.0,0.0,0.0000,0.0000,1.0139,-0.2627,2.1137,0.0000,enc,0.0000
1786025694.590024,0.1038,0.0,0.0,0.0000,0.0000,1.0139,-0.2627,2.1137,0.0000,enc,0.0000
1786025694.690839,0.1008,0.0,0.0,0.0000,0.0000,1.0139,-0.2627,2.1137,0.0000,enc,0.0000
1786025694.792816,0.1020,0.0,0.0,0.0000,0.0000,1.0139,-0.2627,2.1137,0.0000,enc,0.0000
1786025694.892830,0.1000,0.0,0.0,0.0000,0.0000,1.0139,-0.2627,2.1137,0.0000,enc,0.0000
1786025694.996701,0.1039,0.0,0.0,0.0000,0.0000,1.0139,-0.2627,2.1137,0.0000,enc,0.0000
1786025695.099600,0.1029,0.0,0.0,0.0000,0.0000,1.0139,-0.2627,2.1137,0.0000,enc,0.0000
1786025695.198485,0.0989,0.0,0.0,0.0000,0.0000,1.0139,-0.2627,2.1137,0.0000,enc,0.0000
1786025695.303879,0.1054,0.0,0.0,0.0000,0.0000,1.0139,-0.2627,2.1137,0.0000,enc,0.0000
1786025695.403485,0.0996,0.0,0.0,0.0000,0.0000,1.0139,-0.2627,2.1137,0.0000,enc,0.0000
1786025695.504708,0.1012,0.0,0.0,0.0000,0.0000,1.0139,-0.2627,2.1137,0.0000,enc,0.0000
1786025695.611983,0.1073,0.0,0.0,0.0000,0.0000,1.0139,-0.2627,2.1137,0.0000,enc,0.0000
1786025695.709424,0.0974,0.0,0.0,0.0000,0.0000,1.0139,-0.2627,2.1137,0.0000,enc,0.0000
1786025695.812567,0.1031,0.0,0.0,0.0000,0.0000,1.0139,-0.2627,2.1137,0.0000,enc,0.0000
1786025695.916453,0.1039,0.0,0.0,0.0000,0.0000,1.0139,-0.2627,2.1137,0.0000,enc,0.0000
1786025696.015459,0.0990,0.0,0.0,0.0000,0.0000,1.0139,-0.2627,2.1137,0.0000,enc,0.0000
1786025696.117846,0.1024,0.0,0.0,0.0000,0.0000,1.0139,-0.2627,2.1137,0.0000,enc,0.0000
1786025696.222973,0.1051,0.0,0.0,0.0000,0.0000,1.0139,-0.2627,2.1137,0.0000,enc,0.0000
1786025696.324900,0.1019,0.0,0.0,0.0000,0.0000,1.0139,-0.2627,2.1137,0.0000,enc,0.0000
1786025696.424211,0.0993,0.0,0.0,0.0000,0.0000,1.0139,-0.2627,2.1137,0.0000,enc,0.0000
1786025696.528880,0.1047,0.0,0.0,0.0000,0.0000,1.0139,-0.2627,2.1137,0.0000,enc,0.0000
1786025696.631376,0.1025,0.0,0.0,0.0000,0.0000,1.0139,-0.2627,2.1137,0.0000,enc,0.0000
1786025696.734385,0.1030,0.0,0.0,0.0000,0.0000,1.0139,-0.2627,2.1137,0.0000,enc,0.0000
1786025696.835710,0.1013,0.0,0.0,0.0000,0.0000,1.0139,-0.2627,2.1137,0.0000,enc,0.0000
1786025696.937980,0.1023,0.0,0.0,0.0000,0.0000,1.0139,-0.2627,2.1137,0.0000,enc,0.0000
1786025697.039672,0.1017,0.0,0.0,0.0000,0.0000,1.0139,-0.2627,2.1137,0.0000,enc,0.0000
1786025697.143482,0.1038,0.0,0.0,0.0000,0.0000,1.0139,-0.2627,2.1137,0.0000,enc,0.0000
1786025697.244729,0.1012,0.0,0.0,0.0000,0.0000,1.0139,-0.2627,2.1137,0.0000,enc,0.0000
1786025697.346390,0.1017,0.0,0.0,0.0000,0.0000,1.0139,-0.2627,2.1137,0.0000,enc,0.0000
1786025697.447035,0.1006,0.0,0.0,0.0000,0.0000,1.0139,-0.2627,2.1137,0.0000,enc,0.0000
1786025697.551334,0.1043,0.0,0.0,0.0000,0.0000,1.0139,-0.2627,2.1137,0.0000,enc,0.0000
1786025697.654048,0.1027,0.0,0.0,0.0000,0.0000,1.0139,-0.2627,2.1137,0.0000,enc,0.0000
1786025697.752028,0.0980,0.0,0.0,0.0000,0.0000,1.0139,-0.2627,2.1137,0.0000,enc,0.0000
1786025697.857548,0.1055,0.0,0.0,0.0000,0.0000,1.0139,-0.2627,2.1137,0.0000,enc,0.0000
1786025697.956468,0.0989,0.0,0.0,0.0000,0.0000,1.0139,-0.2627,2.1137,0.0000,enc,0.0000
1786025698.058821,0.1024,0.0,0.0,0.0000,0.0000,1.0139,-0.2627,2.1137,0.0000,enc,0.0000
1786025698.164240,0.1054,0.0,0.0,0.0000,0.0000,1.0139,-0.2627,2.1137,0.0000,enc,0.0000
1786025698.263307,0.0991,0.0,0.0,0.0000,0.0000,1.0139,-0.2627,2.1137,0.0000,enc,0.0000
1786025698.365708,0.1024,0.0,0.0,0.0000,0.0000,1.0139,-0.2627,2.1137,0.0000,enc,0.0000
1786025698.476229,0.1105,0.0,0.0,0.0000,0.0000,1.0139,-0.2627,2.1137,0.0000,enc,0.0000
1786025698.570662,0.0944,0.0,0.0,0.0000,0.0000,1.0139,-0.2627,2.1137,0.0000,enc,0.0000
1786025698.682217,0.1116,0.0,0.0,0.0000,0.0000,1.0139,-0.2627,2.1137,0.0000,enc,0.0000
1786025698.788065,0.1058,0.0,0.0,0.0000,0.0000,1.0139,-0.2627,2.1137,0.0000,enc,0.0000
1786025698.880055,0.0920,0.0,0.0,0.0000,0.0000,1.0139,-0.2627,2.1137,0.0000,enc,0.0000
1786025698.994578,0.1145,0.0,0.0,0.0000,0.0000,1.0139,-0.2627,2.1137,0.0000,enc,0.0000
1786025699.082877,0.0883,0.0,0.0,0.0000,0.0000,1.0139,-0.2627,2.1137,0.0000,enc,0.0000
1786025699.185659,0.1028,0.0,0.0,0.0000,0.0000,1.0139,-0.2627,2.1137,0.0000,enc,0.0000
1786025699.289787,0.1041,0.0,0.0,0.0000,0.0000,1.0139,-0.2627,2.1137,0.0000,enc,0.0000
1786025699.390652,0.1009,0.0,0.0,0.0000,0.0000,1.0139,-0.2627,2.1137,0.0000,enc,0.0000
1786025699.493001,0.1023,0.0,0.0,0.0000,0.0000,1.0139,-0.2627,2.1137,0.0000,enc,0.0000
1786025699.596023,0.1030,0.0,0.0,0.0000,0.0000,1.0139,-0.2627,2.1137,0.0000,enc,0.0000
1786025699.698424,0.1024,0.0,0.0,0.0000,0.0000,1.0139,-0.2627,2.1137,0.0000,enc,0.0000
1786025699.799778,0.1014,0.0,0.0,0.0000,0.0000,1.0139,-0.2627,2.1137,0.0000,enc,0.0000
1786025699.902486,0.1027,0.0,0.0,0.0000,0.0000,1.0139,-0.2627,2.1137,0.0000,enc,0.0000
1786025700.002008,0.0995,0.0,0.0,0.0000,0.0000,1.0139,-0.2627,2.1137,0.0000,enc,0.0000
1786025700.105975,0.1040,0.0,0.0,0.0000,0.0000,1.0139,-0.2627,2.1137,0.0000,enc,0.0000
1786025700.264076,0.1581,0.0,0.0,0.0000,0.0000,1.0139,-0.2627,2.1137,0.0000,enc,0.0000
1786025700.307516,0.0434,0.0,0.0,0.0000,0.0000,1.0139,-0.2627,2.1137,0.0000,enc,0.0000
1786025700.517440,0.2099,0.0,0.0,0.0000,0.0000,1.0139,-0.2627,2.1137,0.0000,enc,0.0000
1786025700.517491,0.0001,0.0,0.0,0.0000,0.0000,1.0139,-0.2627,2.1137,0.0000,enc,0.0000
1786025700.613878,0.0964,0.07286623865365982,0.15352566540241241,0.0007,0.0014,1.0139,-0.2627,2.1138,0.0000,enc,-0.0001
1786025700.775275,0.1614,2.6840357780456543,3.006587505340576,0.0167,0.0055,1.0124,-0.2604,2.1147,0.0000,enc,0.0006
1786025700.821578,0.0463,8.977960586547852,8.897634506225586,0.0524,-0.0014,1.0112,-0.2584,2.1146,0.0000,enc,0.0005
1786025701.026850,0.2053,18.110458374023438,18.083616256713867,0.1061,-0.0005,0.9999,-0.2397,2.1145,0.0000,enc,0.0001
1786025701.027355,0.0005,21.72085952758789,21.667104721069336,0.1272,-0.0009,0.9998,-0.2397,2.1145,0.0000,enc,-0.0008
1786025701.128014,0.1007,27.2342529296875,27.44919204711914,0.1603,0.0037,0.9915,-0.2258,2.1149,0.0000,enc,-0.0004
1786025701.287003,0.1590,26.537174224853516,24.764631271362305,0.1504,-0.0301,0.9793,-0.2053,2.1101,0.0000,enc,-0.0006
1786025701.329843,0.0428,18.6898136138916,20.75432586669922,0.1157,0.0351,0.9768,-0.2010,2.1116,0.0000,enc,0.0001
1786025701.537696,0.2079,10.077362060546875,10.023630142211914,0.0589,-0.0009,0.9705,-0.1905,2.1114,0.0000,enc,-0.0002
1786025701.538718,0.0010,2.079578161239624,1.8645702600479126,0.0116,-0.0037,0.9705,-0.1905,2.1114,0.0000,enc,0.0000
1786025701.639421,0.1007,-0.07283900678157806,-0.1534682959318161,-0.0007,-0.0014,0.9705,-0.1906,2.1113,0.0000,enc,0.0007
1786025701.790381,0.1510,0.0,0.0,0.0000,0.0000,0.9705,-0.1906,2.1113,0.0000,enc,0.0000
1786025701.842611,0.0522,0.0,0.0,0.0000,0.0000,0.9705,-0.1906,2.1113,0.0000,enc,0.0000
1786025702.037197,0.1946,0.061924390494823456,0.03505154326558113,0.0003,-0.0005,0.9704,-0.1905,2.1112,0.0000,enc,0.0001
1786025702.044774,0.0076,0.0,0.0,0.0000,0.0000,0.9704,-0.1905,2.1112,0.0000,enc,0.0000
1786025702.288540,0.2438,0.12894172966480255,0.12894172966480255,0.0008,0.0000,0.9703,-0.1904,2.1112,0.0000,enc,0.0000
1786025702.288588,0.0000,2.755894422531128,2.836514949798584,0.0164,0.0014,0.9703,-0.1904,2.1112,0.0000,enc,0.0005
1786025702.351103,0.0625,10.210847854614258,10.15709400177002,0.0597,-0.0009,0.9684,-0.1872,2.1111,0.0000,enc,0.0002
1786025702.537065,0.1860,14.943628311157227,15.051108360290527,0.0879,0.0018,0.9599,-0.1732,2.1115,0.0000,enc,0.0002
1786025702.556881,0.0198,17.002517700195312,17.002517700195312,0.0997,0.0000,0.9589,-0.1715,2.1115,0.0000,enc,-0.0002
1786025702.784269,0.2274,11.100931167602539,10.617316246032715,0.0637,-0.0082,0.9516,-0.1590,2.1096,0.0000,enc,-0.0004
1786025702.785021,0.0008,4.214056968688965,4.644071102142334,0.0260,0.0073,0.9516,-0.1590,2.1096,0.0000,enc,-0.0006
1786025702.865862,0.0808,0.5946667790412903,0.4066929519176483,0.0029,-0.0032,0.9515,-0.1588,2.1093,0.0000,enc,-0.0003
1786025703.034567,0.1687,-0.029523104429244995,-0.002719233278185129,-0.0001,0.0005,0.9514,-0.1588,2.1094,0.0000,enc,0.0001
1786025703.065864,0.0313,0.0,0.0,0.0000,0.0000,0.9514,-0.1588,2.1094,0.0000,enc,0.0000
1786025703.284885,0.2190,0.0,0.0,0.0000,0.0000,0.9514,-0.1588,2.1094,0.0000,enc,0.0000
1786025703.285579,0.0007,0.0,0.0,0.0000,0.0000,0.9514,-0.1588,2.1094,0.0000,enc,0.0000
1786025703.373347,0.0878,0.0,0.0,0.0000,0.0000,0.9514,-0.1588,2.1094,0.0000,enc,0.0000
1786025703.541103,0.1678,0.0,0.0,0.0000,0.0000,0.9514,-0.1588,2.1094,0.0000,enc,0.0000
1786025703.576544,0.0354,0.0,0.0,0.0000,0.0000,0.9514,-0.1588,2.1094,0.0000,enc,0.0000
1786025703.788850,0.2123,0.6876799464225769,-0.8169606328010559,-0.0004,-0.0256,0.9515,-0.1589,2.1040,0.0000,enc,0.0000
1786025703.789857,0.0010,5.355648517608643,-5.581932544708252,-0.0007,-0.1859,0.9515,-0.1589,2.1038,0.0000,enc,0.0001
1786025703.883015,0.0932,9.204245567321777,-8.978099822998047,0.0007,-0.3091,0.9515,-0.1588,2.0750,0.0000,enc,-0.0005
1786025704.039234,0.1562,10.439780235290527,-10.245888710021973,0.0006,-0.3516,0.9516,-0.1587,2.0201,0.0000,enc,-0.0008
1786025704.088520,0.0493,6.083497047424316,-5.857548713684082,0.0007,-0.2030,0.9515,-0.1586,2.0101,0.0000,enc,0.0001
1786025704.292015,0.2035,1.769019365310669,-2.7707109451293945,-0.0029,-0.0772,0.9518,-0.1592,1.9944,0.0000,enc,-0.0001
1786025704.293966,0.0020,0.14215944707393646,-0.36844614148139954,-0.0007,-0.0087,0.9518,-0.1592,1.9944,0.0000,enc,-0.0001
1786025704.547839,0.2539,0.0,0.0,0.0000,0.0000,0.9518,-0.1592,1.9944,0.0000,enc,0.0000
1786025704.547881,0.0000,0.0,0.0,0.0000,0.0000,0.9518,-0.1592,1.9944,0.0000,enc,0.0000
1786025704.597978,0.0501,0.0,0.0,0.0000,0.0000,0.9518,-0.1592,1.9944,0.0000,enc,0.0000
1786025704.804091,0.2061,0.0,0.0,0.0000,0.0000,0.9518,-0.1592,1.9944,0.0000,enc,0.0000
1786025704.805381,0.0013,0.0,0.0,0.0000,0.0000,0.9518,-0.1592,1.9944,0.0000,enc,0.0000
1786025705.056951,0.2516,0.0,0.0,0.0000,0.0000,0.9518,-0.1592,1.9944,0.0000,enc,0.0000
1786025705.056997,0.0000,0.0,0.0,0.0000,0.0000,0.9518,-0.1592,1.9944,0.0000,enc,0.0000
1786025705.111701,0.0547,0.0,0.0,0.0000,0.0000,0.9518,-0.1592,1.9944,0.0000,enc,0.0000
1786025705.214043,0.1023,0.0,0.0,0.0000,0.0000,0.9518,-0.1592,1.9944,0.0000,enc,0.0000
1786025705.316781,0.1027,0.0,0.0,0.0000,0.0000,0.9518,-0.1592,1.9944,0.0000,enc,0.0000
1786025705.415546,0.0988,0.0,0.0,0.0000,0.0000,0.9518,-0.1592,1.9944,0.0000,enc,0.0000
1786025705.521070,0.1055,0.0,0.0,0.0000,0.0000,0.9518,-0.1592,1.9944,0.0000,enc,0.0000
1786025705.620766,0.0997,0.0,0.0,0.0000,0.0000,0.9518,-0.1592,1.9944,0.0000,enc,0.0000
1786025705.723950,0.1032,0.0,0.0,0.0000,0.0000,0.9518,-0.1592,1.9944,0.0000,enc,0.0000
1786025705.835529,0.1116,0.0,0.0,0.0000,0.0000,0.9518,-0.1592,1.9944,0.0000,enc,0.0000
1786025705.930813,0.0953,0.0,0.0,0.0000,0.0000,0.9518,-0.1592,1.9944,0.0000,enc,0.0000
1786025706.032236,0.1014,0.0,0.0,0.0000,0.0000,0.9518,-0.1592,1.9944,0.0000,enc,0.0000
1786025706.135767,0.1035,0.0,0.0,0.0000,0.0000,0.9518,-0.1592,1.9944,0.0000,enc,0.0000
1786025706.244800,0.1090,0.0,0.0,0.0000,0.0000,0.9518,-0.1592,1.9944,0.0000,enc,0.0000
1786025706.354433,0.1096,0.0,0.0,0.0000,0.0000,0.9518,-0.1592,1.9944,0.0000,enc,0.0000
1786025706.440887,0.0865,0.0,0.0,0.0000,0.0000,0.9518,-0.1592,1.9944,0.0000,enc,0.0000
1786025706.543521,0.1026,0.0,0.0,0.0000,0.0000,0.9518,-0.1592,1.9944,0.0000,enc,0.0000
1786025706.646813,0.1033,0.0,0.0,0.0000,0.0000,0.9518,-0.1592,1.9944,0.0000,enc,0.0000
1786025706.747936,0.1011,0.0,0.0,0.0000,0.0000,0.9518,-0.1592,1.9944,0.0000,enc,0.0000
1786025706.850508,0.1026,0.0,0.0,0.0000,0.0000,0.9518,-0.1592,1.9944,0.0000,enc,0.0000
1786025706.951567,0.1011,0.0,0.0,0.0000,0.0000,0.9518,-0.1592,1.9944,0.0000,enc,0.0000
1786025707.057173,0.1056,0.0,0.0,0.0000,0.0000,0.9518,-0.1592,1.9944,0.0000,enc,0.0000
1786025707.160026,0.1029,0.0,0.0,0.0000,0.0000,0.9518,-0.1592,1.9944,0.0000,enc,0.0000
1786025707.261489,0.1015,0.0,0.0,0.0000,0.0000,0.9518,-0.1592,1.9944,0.0000,enc,0.0000
1786025707.363847,0.1024,0.0,0.0,0.0000,0.0000,0.9518,-0.1592,1.9944,0.0000,enc,0.0000
1786025707.467654,0.1038,0.0,0.0,0.0000,0.0000,0.9518,-0.1592,1.9944,0.0000,enc,0.0000
1786025707.568637,0.1010,0.0,0.0,0.0000,0.0000,0.9518,-0.1592,1.9944,0.0000,enc,0.0000
1786025707.667027,0.0984,0.0,0.0,0.0000,0.0000,0.9518,-0.1592,1.9944,0.0000,enc,0.0000
1786025707.771985,0.1050,0.0,0.0,0.0000,0.0000,0.9518,-0.1592,1.9944,0.0000,enc,0.0000
1786025707.874316,0.1023,0.0,0.0,0.0000,0.0000,0.9518,-0.1592,1.9944,0.0000,enc,0.0000
1786025707.974952,0.1006,0.0,0.0,0.0000,0.0000,0.9518,-0.1592,1.9944,0.0000,enc,0.0000
1786025708.078588,0.1036,0.0,0.0,0.0000,0.0000,0.9518,-0.1592,1.9944,0.0000,enc,0.0000
1786025708.178493,0.0999,0.0,0.0,0.0000,0.0000,0.9518,-0.1592,1.9944,0.0000,enc,0.0000
1786025708.280956,0.1025,0.0,0.0,0.0000,0.0000,0.9518,-0.1592,1.9944,0.0000,enc,0.0000
1786025708.384875,0.1039,0.0,0.0,0.0000,0.0000,0.9518,-0.1592,1.9944,0.0000,enc,0.0000
1786025708.486458,0.1016,0.0,0.0,0.0000,0.0000,0.9518,-0.1592,1.9944,0.0000,enc,0.0000
1786025708.585841,0.0994,0.0,0.0,0.0000,0.0000,0.9518,-0.1592,1.9944,0.0000,enc,0.0000
1786025708.691460,0.1056,0.0,0.0,0.0000,0.0000,0.9518,-0.1592,1.9944,0.0000,enc,0.0000
1786025708.793572,0.1021,0.0,0.0,0.0000,0.0000,0.9518,-0.1592,1.9944,0.0000,enc,0.0000
1786025708.892497,0.0989,0.0,0.0,0.0000,0.0000,0.9518,-0.1592,1.9944,0.0000,enc,0.0000
1786025708.999493,0.1070,0.0,0.0,0.0000,0.0000,0.9518,-0.1592,1.9944,0.0000,enc,0.0000
1786025709.101045,0.1016,0.0,0.0,0.0000,0.0000,0.9518,-0.1592,1.9944,0.0000,enc,0.0000
1786025709.207059,0.1060,0.0,0.0,0.0000,0.0000,0.9518,-0.1592,1.9944,0.0000,enc,0.0000
1786025709.304858,0.0978,0.0,0.0,0.0000,0.0000,0.9518,-0.1592,1.9944,0.0000,enc,0.0000
1786025709.408230,0.1034,0.0,0.0,0.0000,0.0000,0.9518,-0.1592,1.9944,0.0000,enc,0.0000
1786025709.509907,0.1017,0.0,0.0,0.0000,0.0000,0.9518,-0.1592,1.9944,0.0000,enc,0.0000
1786025709.612496,0.1026,0.0,0.0,0.0000,0.0000,0.9518,-0.1592,1.9944,0.0000,enc,0.0000
1786025709.715445,0.1029,0.0,0.0,0.0000,0.0000,0.9518,-0.1592,1.9944,0.0000,enc,0.0000
1786025709.817361,0.1019,0.0,0.0,0.0000,0.0000,0.9518,-0.1592,1.9944,0.0000,enc,0.0000
1786025709.917130,0.0998,0.0,0.0,0.0000,0.0000,0.9518,-0.1592,1.9944,0.0000,enc,0.0000
1786025710.018131,0.1010,0.0,0.0,0.0000,0.0000,0.9518,-0.1592,1.9944,0.0000,enc,0.0000
1786025710.121184,0.1031,0.0,0.0,0.0000,0.0000,0.9518,-0.1592,1.9944,0.0000,enc,0.0000
1786025710.221639,0.1005,0.0,0.0,0.0000,0.0000,0.9518,-0.1592,1.9944,0.0000,enc,0.0000
1786025710.325071,0.1034,0.0,0.0,0.0000,0.0000,0.9518,-0.1592,1.9944,0.0000,enc,0.0000
1786025710.427381,0.1023,0.0,0.0,0.0000,0.0000,0.9518,-0.1592,1.9944,0.0000,enc,0.0000
1786025710.526496,0.0991,0.0,0.0,0.0000,0.0000,0.9518,-0.1592,1.9944,0.0000,enc,0.0000
1786025710.632688,0.1062,0.0,0.0,0.0000,0.0000,0.9518,-0.1592,1.9944,0.0000,enc,0.0000
1786025710.732718,0.1000,0.0,0.0,0.0000,0.0000,0.9518,-0.1592,1.9944,0.0000,enc,0.0000
1786025710.834956,0.1022,0.0,0.0,0.0000,0.0000,0.9518,-0.1592,1.9944,0.0000,enc,0.0000
1786025710.939675,0.1047,0.0,0.0,0.0000,0.0000,0.9518,-0.1592,1.9944,0.0000,enc,0.0000
1786025711.038754,0.0991,0.0,0.0,0.0000,0.0000,0.9518,-0.1592,1.9944,0.0000,enc,0.0000
1786025711.141740,0.1030,0.0,0.0,0.0000,0.0000,0.9518,-0.1592,1.9944,0.0000,enc,0.0000
1786025711.246004,0.1043,0.0,0.0,0.0000,0.0000,0.9518,-0.1592,1.9944,0.0000,enc,0.0000
1786025711.345474,0.0995,0.0,0.0,0.0000,0.0000,0.9518,-0.1592,1.9944,0.0000,enc,0.0000
1786025711.448016,0.1025,0.0,0.0,0.0000,0.0000,0.9518,-0.1592,1.9944,0.0000,enc,0.0000
1786025711.553778,0.1058,0.0,0.0,0.0000,0.0000,0.9518,-0.1592,1.9944,0.0000,enc,0.0000
1786025711.656003,0.1022,0.0,0.0,0.0000,0.0000,0.9518,-0.1592,1.9944,0.0000,enc,0.0000
1786025711.757255,0.1013,0.0,0.0,0.0000,0.0000,0.9518,-0.1592,1.9944,0.0000,enc,0.0000
1786025711.856362,0.0991,0.0,0.0,0.0000,0.0000,0.9518,-0.1592,1.9944,0.0000,enc,0.0000
1786025711.963017,0.1067,0.0,0.0,0.0000,0.0000,0.9518,-0.1592,1.9944,0.0000,enc,0.0000
1786025712.064940,0.1019,0.0,0.0,0.0000,0.0000,0.9518,-0.1592,1.9944,0.0000,enc,0.0000
1786025712.169638,0.1047,0.0,0.0,0.0000,0.0000,0.9518,-0.1592,1.9944,0.0000,enc,0.0000
1786025712.270432,0.1008,0.0,0.0,0.0000,0.0000,0.9518,-0.1592,1.9944,0.0000,enc,0.0000
1786025712.391286,0.1209,0.0,0.0,0.0000,0.0000,0.9518,-0.1592,1.9944,0.0000,enc,0.0000
1786025712.477015,0.0857,0.0,0.0,0.0000,0.0000,0.9518,-0.1592,1.9944,0.0000,enc,0.0000
1786025712.577703,0.1007,0.0,0.0,0.0000,0.0000,0.9518,-0.1592,1.9944,0.0000,enc,0.0000
1786025712.693616,0.1159,0.0,0.0,0.0000,0.0000,0.9518,-0.1592,1.9944,0.0000,enc,0.0000
1786025712.780241,0.0866,0.0,0.0,0.0000,0.0000,0.9518,-0.1592,1.9944,0.0000,enc,0.0000
1786025712.889004,0.1088,0.0,0.0,0.0000,0.0000,0.9518,-0.1592,1.9944,0.0000,enc,0.0000
1786025712.986156,0.0972,0.0,0.0,0.0000,0.0000,0.9518,-0.1592,1.9944,0.0000,enc,0.0000
1786025713.087592,0.1014,0.0,0.0,0.0000,0.0000,0.9518,-0.1592,1.9944,0.0000,enc,0.0000
1786025713.192699,0.1051,0.0,0.0,0.0000,0.0000,0.9518,-0.1592,1.9944,0.0000,enc,0.0000
1786025713.296207,0.1035,0.0,0.0,0.0000,0.0000,0.9518,-0.1592,1.9944,0.0000,enc,0.0000
1786025713.395836,0.0996,0.0,0.0,0.0000,0.0000,0.9518,-0.1592,1.9944,0.0000,enc,0.0000
1786025713.496639,0.1008,0.0,0.0,0.0000,0.0000,0.9518,-0.1592,1.9944,0.0000,enc,0.0000
1786025713.601721,0.1051,0.0,0.0,0.0000,0.0000,0.9518,-0.1592,1.9944,0.0000,enc,0.0000
1786025713.697405,0.0957,0.0,0.0,0.0000,0.0000,0.9518,-0.1592,1.9944,0.0000,enc,0.0000
1786025713.805018,0.1076,0.0,0.0,0.0000,0.0000,0.9518,-0.1592,1.9944,0.0000,enc,0.0000
1786025713.902767,0.0977,0.0,0.0,0.0000,0.0000,0.9518,-0.1592,1.9944,0.0000,enc,0.0000
1786025714.005487,0.1027,0.0,0.0,0.0000,0.0000,0.9518,-0.1592,1.9944,0.0000,enc,0.0000
1786025714.109605,0.1041,0.0,0.0,0.0000,0.0000,0.9518,-0.1592,1.9944,0.0000,enc,0.0000
1786025714.208913,0.0993,0.0,0.0,0.0000,0.0000,0.9518,-0.1592,1.9944,0.0000,enc,0.0000
1786025714.314116,0.1052,0.0,0.0,0.0000,0.0000,0.9518,-0.1592,1.9944,0.0000,enc,0.0000
1786025714.415583,0.1015,0.0,0.0,0.0000,0.0000,0.9518,-0.1592,1.9944,0.0000,enc,0.0000
1786025714.517773,0.1022,0.0,0.0,0.0000,0.0000,0.9518,-0.1592,1.9944,0.0000,enc,0.0000
1786025714.619791,0.1020,0.0,0.0,0.0000,0.0000,0.9518,-0.1592,1.9944,0.0000,enc,0.0000
1786025714.721926,0.1021,0.0,0.0,0.0000,0.0000,0.9518,-0.1592,1.9944,0.0000,enc,0.0000
1786025714.824861,0.1029,0.0,0.0,0.0000,0.0000,0.9518,-0.1592,1.9944,0.0000,enc,0.0000
1786025714.926431,0.1016,0.0,0.0,0.0000,0.0000,0.9518,-0.1592,1.9944,0.0000,enc,0.0000
1786025715.028934,0.1025,0.0,0.0,0.0000,0.0000,0.9518,-0.1592,1.9944,0.0000,enc,0.0000
1786025715.262348,0.2334,0.0,0.0,0.0000,0.0000,0.9518,-0.1592,1.9944,0.0000,enc,0.0000
1786025715.262413,0.0001,0.0,0.0,0.0000,0.0000,0.9518,-0.1592,1.9944,0.0000,enc,0.0000
1786025715.333813,0.0714,0.0,0.0,0.0000,0.0000,0.9518,-0.1592,1.9944,0.0000,enc,0.0000
1786025715.517167,0.1834,0.0,0.0,0.0000,0.0000,0.9518,-0.1592,1.9944,0.0000,enc,0.0000
1786025715.535779,0.0186,0.0,0.0,0.0000,0.0000,0.9518,-0.1592,1.9944,0.0000,enc,0.0000
1786025715.760549,0.2248,0.0,0.0,0.0000,0.0000,0.9518,-0.1592,1.9944,0.0000,enc,0.0000
1786025715.761207,0.0007,0.0,0.0,0.0000,0.0000,0.9518,-0.1592,1.9944,0.0000,enc,0.0000
1786025715.842350,0.0811,0.0,0.0,0.0000,0.0000,0.9518,-0.1592,1.9944,0.0000,enc,0.0000
1786025716.008152,0.1658,0.0,0.0,0.0000,0.0000,0.9518,-0.1592,1.9944,0.0000,enc,0.0000
1786025716.049599,0.0414,0.0,0.0,0.0000,0.0000,0.9518,-0.1592,1.9944,0.0000,enc,0.0000
1786025716.252260,0.2027,0.0,0.0,0.0000,0.0000,0.9518,-0.1592,1.9944,0.0000,enc,0.0000
1786025716.253194,0.0009,0.0,0.0,0.0000,0.0000,0.9518,-0.1592,1.9944,0.0000,enc,0.0000
1786025716.506406,0.2532,0.0,0.0,0.0000,0.0000,0.9518,-0.1592,1.9944,0.0000,enc,0.0000
1786025716.506448,0.0000,0.0,0.0,0.0000,0.0000,0.9518,-0.1592,1.9944,0.0000,enc,0.0000
1786025716.556604,0.0502,0.0,0.0,0.0000,0.0000,0.9518,-0.1592,1.9944,0.0000,enc,0.0000
1786025716.758722,0.2021,0.0,0.0,0.0000,0.0000,0.9518,-0.1592,1.9944,0.0000,enc,0.0000
1786025716.762701,0.0040,0.0,0.0,0.0000,0.0000,0.9518,-0.1592,1.9944,0.0000,enc,0.0000
1786025717.009577,0.2469,0.0,0.0,0.0000,0.0000,0.9518,-0.1592,1.9944,0.0000,enc,0.0000
1786025717.009624,0.0000,0.0,0.0,0.0000,0.0000,0.9518,-0.1592,1.9944,0.0000,enc,0.0000
1786025717.067427,0.0578,0.0,0.0,0.0000,0.0000,0.9518,-0.1592,1.9944,0.0000,enc,0.0000
1786025717.261769,0.1943,0.0,0.0,0.0000,0.0000,0.9518,-0.1592,1.9944,0.0000,enc,0.0000
1786025717.271402,0.0096,0.0,0.0,0.0000,0.0000,0.9518,-0.1592,1.9944,0.0000,enc,0.0000
1786025717.511284,0.2399,0.0,0.0,0.0000,0.0000,0.9518,-0.1592,1.9944,0.0000,enc,0.0000
1786025717.511724,0.0004,0.0,0.0,0.0000,0.0000,0.9518,-0.1592,1.9944,0.0000,enc,0.0000
1786025717.581892,0.0702,0.0,0.0,0.0000,0.0000,0.9518,-0.1592,1.9944,0.0000,enc,0.0000
1786025717.761196,0.1793,0.0,0.0,0.0000,0.0000,0.9518,-0.1592,1.9944,0.0000,enc,0.0000
1786025717.784768,0.0236,0.0,0.0,0.0000,0.0000,0.9518,-0.1592,1.9944,0.0000,enc,0.0000
1786025718.012244,0.2275,0.0,0.0,0.0000,0.0000,0.9518,-0.1592,1.9944,0.0000,enc,0.0000
1786025718.012391,0.0001,0.0,0.0,0.0000,0.0000,0.9518,-0.1592,1.9944,0.0000,enc,0.0000
1786025718.093775,0.0814,0.0,0.0,0.0000,0.0000,0.9518,-0.1592,1.9944,0.0000,enc,0.0000
1786025718.263429,0.1697,0.0,0.0,0.0000,0.0000,0.9518,-0.1592,1.9944,0.0000,enc,0.0000
1786025718.295984,0.0326,0.0,0.0,0.0000,0.0000,0.9518,-0.1592,1.9944,0.0000,enc,0.0000
1786025718.513644,0.2177,0.0,0.0,0.0000,0.0000,0.9518,-0.1592,1.9944,0.0000,enc,0.0000
1786025718.514195,0.0006,0.0,0.0,0.0000,0.0000,0.9518,-0.1592,1.9944,0.0000,enc,0.0000
1786025718.605400,0.0912,0.0,0.0,0.0000,0.0000,0.9518,-0.1592,1.9944,0.0000,enc,0.0000
1786025718.765321,0.1599,0.0,0.0,0.0000,0.0000,0.9518,-0.1592,1.9944,0.0000,enc,0.0000
1786025718.806923,0.0416,0.0,0.0,0.0000,0.0000,0.9518,-0.1592,1.9944,0.0000,enc,0.0000
1786025719.017585,0.2107,0.0,0.0,0.0000,0.0000,0.9518,-0.1592,1.9944,0.0000,enc,0.0000
1786025719.018285,0.0007,0.0,0.0,0.0000,0.0000,0.9518,-0.1592,1.9944,0.0000,enc,0.0000
1786025719.113031,0.0947,0.0,0.0,0.0000,0.0000,0.9518,-0.1592,1.9944,0.0000,enc,0.0000
1786025719.267867,0.1548,0.0,0.0,0.0000,0.0000,0.9518,-0.1592,1.9944,0.0000,enc,0.0000
1786025719.319969,0.0521,0.0,0.0,0.0000,0.0000,0.9518,-0.1592,1.9944,0.0000,enc,0.0000
1786025719.526067,0.2061,0.0,0.0,0.0000,0.0000,0.9518,-0.1592,1.9944,0.0000,enc,0.0000
1786025719.526652,0.0006,0.0,0.0,0.0000,0.0000,0.9518,-0.1592,1.9944,0.0000,enc,0.0000
1786025719.778416,0.2518,0.0,0.0,0.0000,0.0000,0.9518,-0.1592,1.9944,0.0000,enc,0.0000
1786025719.778971,0.0006,0.0,0.0,0.0000,0.0000,0.9518,-0.1592,1.9944,0.0000,enc,0.0000
1786025719.831178,0.0522,0.0,0.0,0.0000,0.0000,0.9518,-0.1592,1.9944,0.0000,enc,0.0000
1786025720.031138,0.2000,0.0,0.0,0.0000,0.0000,0.9518,-0.1592,1.9944,0.0000,enc,0.0000
1786025720.035676,0.0045,0.0,0.0,0.0000,0.0000,0.9518,-0.1592,1.9944,0.0000,enc,0.0000
1786025720.137450,0.1018,0.0,0.0,0.0000,0.0000,0.9518,-0.1592,1.9944,0.0000,enc,0.0000
1786025720.239975,0.1025,0.0,0.0,0.0000,0.0000,0.9518,-0.1592,1.9944,0.0000,enc,0.0000
1786025720.342720,0.1027,0.0,0.0,0.0000,0.0000,0.9518,-0.1592,1.9944,0.0000,enc,0.0000
1786025720.444358,0.1016,0.0,0.0,0.0000,0.0000,0.9518,-0.1592,1.9944,0.0000,enc,0.0000
1786025720.546939,0.1026,0.0,0.0,0.0000,0.0000,0.9518,-0.1592,1.9944,0.0000,enc,0.0000
1786025720.648842,0.1019,0.0,0.0,0.0000,0.0000,0.9518,-0.1592,1.9944,0.0000,enc,0.0000
1786025720.750831,0.1020,0.0,0.0,0.0000,0.0000,0.9518,-0.1592,1.9944,0.0000,enc,0.0000
1786025720.853491,0.1027,0.0,0.0,0.0000,0.0000,0.9518,-0.1592,1.9944,0.0000,enc,0.0000
1786025720.954636,0.1011,0.0,0.0,0.0000,0.0000,0.9518,-0.1592,1.9944,0.0000,enc,0.0000
1786025721.054194,0.0996,0.0,0.0,0.0000,0.0000,0.9518,-0.1592,1.9944,0.0000,enc,0.0000
1786025721.158407,0.1042,0.0,0.0,0.0000,0.0000,0.9518,-0.1592,1.9944,0.0000,enc,0.0000
1786025721.258746,0.1003,0.0,0.0,0.0000,0.0000,0.9518,-0.1592,1.9944,0.0000,enc,0.0000
1786025721.360548,0.1018,0.0,0.0,0.0000,0.0000,0.9518,-0.1592,1.9944,0.0000,enc,0.0000
1786025721.466923,0.1064,0.0,0.0,0.0000,0.0000,0.9518,-0.1592,1.9944,0.0000,enc,0.0000
1786025721.564885,0.0980,0.0,0.0,0.0000,0.0000,0.9518,-0.1592,1.9944,0.0000,enc,0.0000
1786025721.666931,0.1020,0.0,0.0,0.0000,0.0000,0.9518,-0.1592,1.9944,0.0000,enc,0.0000
1786025721.772453,0.1055,0.0,0.0,0.0000,0.0000,0.9518,-0.1592,1.9944,0.0000,enc,0.0000
1786025721.874234,0.1018,0.0,0.0,0.0000,0.0000,0.9518,-0.1592,1.9944,0.0000,enc,0.0000
1786025721.974384,0.1001,0.0,0.0,0.0000,0.0000,0.9518,-0.1592,1.9944,0.0000,enc,0.0000
1786025722.078517,0.1041,0.0,0.0,0.0000,0.0000,0.9518,-0.1592,1.9944,0.0000,enc,0.0000
1786025722.181043,0.1025,0.0,0.0,0.0000,0.0000,0.9518,-0.1592,1.9944,0.0000,enc,0.0000
1786025722.280165,0.0991,0.0,0.0,0.0000,0.0000,0.9518,-0.1592,1.9944,0.0000,enc,0.0000
1786025722.385233,0.1051,0.0,0.0,0.0000,0.0000,0.9518,-0.1592,1.9944,0.0000,enc,0.0000
1786025722.487042,0.1018,0.0,0.0,0.0000,0.0000,0.9518,-0.1592,1.9944,0.0000,enc,0.0000
1786025722.589824,0.1028,0.0,0.0,0.0000,0.0000,0.9518,-0.1592,1.9944,0.0000,enc,0.0000
1786025722.691947,0.1021,0.0,0.0,0.0000,0.0000,0.9518,-0.1592,1.9944,0.0000,enc,0.0000
1786025722.793478,0.1015,0.0,0.0,0.0000,0.0000,0.9518,-0.1592,1.9944,0.0000,enc,0.0000
1786025722.894899,0.1014,0.0,0.0,0.0000,0.0000,0.9518,-0.1592,1.9944,0.0000,enc,0.0000
1786025722.998691,0.1038,0.0,0.0,0.0000,0.0000,0.9518,-0.1592,1.9944,0.0000,enc,0.0000
1786025723.102997,0.1043,0.0,0.0,0.0000,0.0000,0.9518,-0.1592,1.9944,0.0000,enc,0.0000
1786025723.203007,0.1000,0.0,0.0,0.0000,0.0000,0.9518,-0.1592,1.9944,0.0000,enc,0.0000
1786025723.302893,0.0999,0.0,0.0,0.0000,0.0000,0.9518,-0.1592,1.9944,0.0000,enc,0.0000
1786025723.406704,0.1038,0.0,0.0,0.0000,0.0000,0.9518,-0.1592,1.9944,0.0000,enc,0.0000
1786025723.509392,0.1027,0.0,0.0,0.0000,0.0000,0.9518,-0.1592,1.9944,0.0000,enc,0.0000
1786025723.611646,0.1023,0.0,0.0,0.0000,0.0000,0.9518,-0.1592,1.9944,0.0000,enc,0.0000
1786025723.715147,0.1035,0.0,0.0,0.0000,0.0000,0.9518,-0.1592,1.9944,0.0000,enc,0.0000
1786025723.816931,0.1018,0.0,0.0,0.0000,0.0000,0.9518,-0.1592,1.9944,0.0000,enc,0.0000
1786025723.918440,0.1015,0.0,0.0,0.0000,0.0000,0.9518,-0.1592,1.9944,0.0000,enc,0.0000
1786025724.021734,0.1033,0.0,0.0,0.0000,0.0000,0.9518,-0.1592,1.9944,0.0000,enc,0.0000
1786025724.123393,0.1017,0.0,0.0,0.0000,0.0000,0.9518,-0.1592,1.9944,0.0000,enc,0.0000
1786025724.226662,0.1033,0.0,0.0,0.0000,0.0000,0.9518,-0.1592,1.9944,0.0000,enc,0.0000
1786025724.328845,0.1022,0.0,0.0,0.0000,0.0000,0.9518,-0.1592,1.9944,0.0000,enc,0.0000
1786025724.432034,0.1032,0.0,0.0,0.0000,0.0000,0.9518,-0.1592,1.9944,0.0000,enc,0.0000
1786025724.532840,0.1008,0.0,0.0,0.0000,0.0000,0.9518,-0.1592,1.9944,0.0000,enc,0.0000
1786025724.636667,0.1038,0.0,0.0,0.0000,0.0000,0.9518,-0.1592,1.9944,0.0000,enc,0.0000
1786025724.737390,0.1007,0.0,0.0,0.0000,0.0000,0.9518,-0.1592,1.9944,0.0000,enc,0.0000
1786025724.840602,0.1032,0.0,0.0,0.0000,0.0000,0.9518,-0.1592,1.9944,0.0000,enc,0.0000
1786025724.942513,0.1019,0.0,0.0,0.0000,0.0000,0.9518,-0.1592,1.9944,0.0000,enc,0.0000
1786025725.044826,0.1023,0.0,0.0,0.0000,0.0000,0.9518,-0.1592,1.9944,0.0000,enc,0.0000
1786025725.147956,0.1031,0.0,0.0,0.0000,0.0000,0.9518,-0.1592,1.9944,0.0000,enc,0.0000
1786025725.251581,0.1036,0.0,0.0,0.0000,0.0000,0.9518,-0.1592,1.9944,0.0000,enc,0.0000
1786025725.353998,0.1024,0.0,0.0,0.0000,0.0000,0.9518,-0.1592,1.9944,0.0000,enc,0.0000
1786025725.455846,0.1018,0.0,0.0,0.0000,0.0000,0.9518,-0.1592,1.9944,0.0000,enc,0.0000
1786025725.557652,0.1018,0.0,0.0,0.0000,0.0000,0.9518,-0.1592,1.9944,0.0000,enc,0.0000
1786025725.659247,0.1016,0.0,0.0,0.0000,0.0000,0.9518,-0.1592,1.9944,0.0000,enc,0.0000
1786025725.756265,0.0970,0.0,0.0,0.0000,0.0000,0.9518,-0.1592,1.9944,0.0000,enc,0.0000
1786025725.855892,0.0996,0.0,0.0,0.0000,0.0000,0.9518,-0.1592,1.9944,0.0000,enc,0.0000
1786025725.966238,0.1103,0.0,0.0,0.0000,0.0000,0.9518,-0.1592,1.9944,0.0000,enc,0.0000
1786025726.060529,0.0943,0.0,0.0,0.0000,0.0000,0.9518,-0.1592,1.9944,0.0000,enc,0.0000
1786025726.162909,0.1024,0.0,0.0,0.0000,0.0000,0.9518,-0.1592,1.9944,0.0000,enc,0.0000
1786025726.270033,0.1071,0.0,0.0,0.0000,0.0000,0.9518,-0.1592,1.9944,0.0000,enc,0.0000
1786025726.366948,0.0969,0.0,0.0,0.0000,0.0000,0.9518,-0.1592,1.9944,0.0000,enc,0.0000
1786025726.469010,0.1021,0.0,0.0,0.0000,0.0000,0.9518,-0.1592,1.9944,0.0000,enc,0.0000
1786025726.577010,0.1080,0.0,0.0,0.0000,0.0000,0.9518,-0.1592,1.9944,0.0000,enc,0.0000
1786025726.674912,0.0979,0.0,0.0,0.0000,0.0000,0.9518,-0.1592,1.9944,0.0000,enc,0.0000
1786025726.775592,0.1007,0.0,0.0,0.0000,0.0000,0.9518,-0.1592,1.9944,0.0000,enc,0.0000
1786025726.880595,0.1050,0.0,0.0,0.0000,0.0000,0.9518,-0.1592,1.9944,0.0000,enc,0.0000
1786025726.979701,0.0991,0.0,0.0,0.0000,0.0000,0.9518,-0.1592,1.9944,0.0000,enc,0.0000
1786025727.081738,0.1020,0.0,0.0,0.0000,0.0000,0.9518,-0.1592,1.9944,0.0000,enc,0.0000
1786025727.191007,0.1093,0.0,0.0,0.0000,0.0000,0.9518,-0.1592,1.9944,0.0000,enc,0.0000
1786025727.290063,0.0991,0.0,0.0,0.0000,0.0000,0.9518,-0.1592,1.9944,0.0000,enc,0.0000
1786025727.392241,0.1022,0.0,0.0,0.0000,0.0000,0.9518,-0.1592,1.9944,0.0000,enc,0.0000
1786025727.495996,0.1038,0.0,0.0,0.0000,0.0000,0.9518,-0.1592,1.9944,0.0000,enc,0.0000
1786025727.596277,0.1003,0.0,0.0,0.0000,0.0000,0.9518,-0.1592,1.9944,0.0000,enc,0.0000
1786025727.698547,0.1023,0.0,0.0,0.0000,0.0000,0.9518,-0.1592,1.9944,0.0000,enc,0.0000
1786025727.802041,0.1035,0.0,0.0,0.0000,0.0000,0.9518,-0.1592,1.9944,0.0000,enc,0.0000
1786025727.905446,0.1034,0.0,0.0,0.0000,0.0000,0.9518,-0.1592,1.9944,0.0000,enc,0.0000
1786025728.005039,0.0996,0.0,0.0,0.0000,0.0000,0.9518,-0.1592,1.9944,0.0000,enc,0.0000
1786025728.106869,0.1018,0.0,0.0,0.0000,0.0000,0.9518,-0.1592,1.9944,0.0000,enc,0.0000
1786025728.210994,0.1041,0.0,0.0,0.0000,0.0000,0.9518,-0.1592,1.9944,0.0000,enc,0.0000
1786025728.332628,0.1216,0.0,0.0,0.0000,0.0000,0.9518,-0.1592,1.9944,0.0000,enc,0.0000
1786025728.410853,0.0782,0.0,0.0,0.0000,0.0000,0.9518,-0.1592,1.9944,0.0000,enc,0.0000
1786025728.517961,0.1071,0.0,0.0,0.0000,0.0000,0.9518,-0.1592,1.9944,0.0000,enc,0.0000
1786025728.619244,0.1013,0.0,0.0,0.0000,0.0000,0.9518,-0.1592,1.9944,0.0000,enc,0.0000
1786025728.717720,0.0985,0.0,0.0,0.0000,0.0000,0.9518,-0.1592,1.9944,0.0000,enc,0.0000
1786025728.823964,0.1062,0.0,0.0,0.0000,0.0000,0.9518,-0.1592,1.9944,0.0000,enc,0.0000
1786025728.922719,0.0988,0.0,0.0,0.0000,0.0000,0.9518,-0.1592,1.9944,0.0000,enc,0.0000
1786025729.024925,0.1022,0.0,0.0,0.0000,0.0000,0.9518,-0.1592,1.9944,0.0000,enc,0.0000
1786025729.130024,0.1051,0.0,0.0,0.0000,0.0000,0.9518,-0.1592,1.9944,0.0000,enc,0.0000
1786025729.230868,0.1008,0.0,0.0,0.0000,0.0000,0.9518,-0.1592,1.9944,0.0000,enc,0.0000
1786025729.329665,0.0988,0.0,0.0,0.0000,0.0000,0.9518,-0.1592,1.9944,0.0000,enc,0.0000
1786025729.437030,0.1074,0.0,0.0,0.0000,0.0000,0.9518,-0.1592,1.9944,0.0000,enc,0.0000
1786025729.534396,0.0974,0.0,0.0,0.0000,0.0000,0.9518,-0.1592,1.9944,0.0000,enc,0.0000
1786025729.636308,0.1019,0.0,0.0,0.0000,0.0000,0.9518,-0.1592,1.9944,0.0000,enc,0.0000
1786025729.742949,0.1066,0.0,0.0,0.0000,0.0000,0.9518,-0.1592,1.9944,0.0000,enc,0.0000
1786025729.845085,0.1021,0.0,0.0,0.0000,0.0000,0.9518,-0.1592,1.9944,0.0000,enc,0.0000
1786025729.948473,0.1034,0.0,0.0,0.0000,0.0000,0.9518,-0.1592,1.9944,0.0000,enc,0.0000
1786025730.050627,0.1022,0.0,0.0,0.0000,0.0000,0.9518,-0.1592,1.9944,0.0000,enc,0.0000
1786025730.259153,0.2085,0.0,0.0,0.0000,0.0000,0.9518,-0.1592,1.9944,0.0000,enc,0.0000
1786025730.259298,0.0001,0.0,0.0,0.0000,0.0000,0.9518,-0.1592,1.9944,0.0000,enc,0.0000
1786025730.356377,0.0971,0.0,0.0,0.0000,0.0000,0.9518,-0.1592,1.9944,0.0000,enc,0.0000
1786025730.515201,0.1588,0.0,0.0,0.0000,0.0000,0.9518,-0.1592,1.9944,0.0000,enc,0.0000
1786025730.563685,0.0485,0.0,0.0,0.0000,0.0000,0.9518,-0.1592,1.9944,0.0000,enc,0.0000
1786025730.769903,0.2062,0.0,0.0,0.0000,0.0000,0.9518,-0.1592,1.9944,0.0000,enc,0.0000
1786025730.770909,0.0010,0.0,0.0,0.0000,0.0000,0.9518,-0.1592,1.9944,0.0000,enc,0.0000
1786025730.868109,0.0972,0.0,0.0,0.0000,0.0000,0.9518,-0.1592,1.9944,0.0000,enc,0.0000
1786025731.061791,0.1937,0.0,0.0,0.0000,0.0000,0.9518,-0.1592,1.9944,0.0000,enc,0.0000
1786025731.070384,0.0086,0.0,0.0,0.0000,0.0000,0.9518,-0.1592,1.9944,0.0000,enc,0.0000
1786025731.281978,0.2116,0.0,0.0,0.0000,0.0000,0.9518,-0.1592,1.9944,0.0000,enc,0.0000
1786025731.282881,0.0009,0.0,0.0,0.0000,0.0000,0.9518,-0.1592,1.9944,0.0000,enc,0.0000
1786025731.380094,0.0972,0.0,0.0,0.0000,0.0000,0.9518,-0.1592,1.9944,0.0000,enc,0.0000
1786025731.536977,0.1569,0.0,0.0,0.0000,0.0000,0.9518,-0.1592,1.9944,0.0000,enc,0.0000
1786025731.581447,0.0445,0.0,0.0,0.0000,0.0000,0.9518,-0.1592,1.9944,0.0000,enc,0.0000
1786025731.790225,0.2088,0.0,0.0,0.0000,0.0000,0.9518,-0.1592,1.9944,0.0000,enc,0.0000
1786025731.790264,0.0000,0.0,0.0,0.0000,0.0000,0.9518,-0.1592,1.9944,0.0000,enc,0.0000
1786025731.887331,0.0971,0.0,0.0,0.0000,0.0000,0.9518,-0.1592,1.9944,0.0000,enc,0.0000
1786025732.042330,0.1550,0.0,0.0,0.0000,0.0000,0.9518,-0.1592,1.9944,0.0000,enc,0.0000
1786025732.091551,0.0492,0.0,0.0,0.0000,0.0000,0.9518,-0.1592,1.9944,0.0000,enc,0.0000
1786025732.292832,0.2013,0.0,0.0,0.0000,0.0000,0.9518,-0.1592,1.9944,0.0000,enc,0.0000
1786025732.297830,0.0050,0.0,0.0,0.0000,0.0000,0.9518,-0.1592,1.9944,0.0000,enc,0.0000
1786025732.543036,0.2452,0.0,0.0,0.0000,0.0000,0.9518,-0.1592,1.9944,0.0000,enc,0.0000
1786025732.543647,0.0006,0.0,0.0,0.0000,0.0000,0.9518,-0.1592,1.9944,0.0000,enc,0.0000
1786025732.607032,0.0634,0.0,0.0,0.0000,0.0000,0.9518,-0.1592,1.9944,0.0000,enc,0.0000
1786025732.793091,0.1861,0.0,0.0,0.0000,0.0000,0.9518,-0.1592,1.9944,0.0000,enc,0.0000
1786025732.808995,0.0159,0.0,0.0,0.0000,0.0000,0.9518,-0.1592,1.9944,0.0000,enc,0.0000
1786025733.044408,0.2354,0.0,0.0,0.0000,0.0000,0.9518,-0.1592,1.9944,0.0000,enc,0.0000
1786025733.044464,0.0001,0.0,0.0,0.0000,0.0000,0.9518,-0.1592,1.9944,0.0000,enc,0.0000
1786025733.117560,0.0731,0.0,0.0,0.0000,0.0000,0.9518,-0.1592,1.9944,0.0000,enc,0.0000
1786025733.296068,0.1785,0.0,0.0,0.0000,0.0000,0.9518,-0.1592,1.9944,0.0000,enc,0.0000
1786025733.320077,0.0240,0.0,0.0,0.0000,0.0000,0.9518,-0.1592,1.9944,0.0000,enc,0.0000
1786025733.545617,0.2255,0.0,0.0,0.0000,0.0000,0.9518,-0.1592,1.9944,0.0000,enc,0.0000
1786025733.545660,0.0000,0.0,0.0,0.0000,0.0000,0.9518,-0.1592,1.9944,0.0000,enc,0.0000
1786025733.628189,0.0825,0.0,0.0,0.0000,0.0000,0.9518,-0.1592,1.9944,0.0000,enc,0.0000
1786025733.795826,0.1676,0.0,0.0,0.0000,0.0000,0.9518,-0.1592,1.9944,0.0000,enc,0.0000
1786025733.830860,0.0350,0.0,0.0,0.0000,0.0000,0.9518,-0.1592,1.9944,0.0000,enc,0.0000
1786025734.045784,0.2149,0.0,0.0,0.0000,0.0000,0.9518,-0.1592,1.9944,0.0000,enc,0.0000
1786025734.045930,0.0001,0.0,0.0,0.0000,0.0000,0.9518,-0.1592,1.9944,0.0000,enc,0.0000
1786025734.136582,0.0907,0.0,0.0,0.0000,0.0000,0.9518,-0.1592,1.9944,0.0000,enc,0.0000
1786025734.297223,0.1606,0.0,0.0,0.0000,0.0000,0.9518,-0.1592,1.9944,0.0000,enc,0.0000
1786025734.342204,0.0450,0.0,0.0,0.0000,0.0000,0.9518,-0.1592,1.9944,0.0000,enc,0.0000
1786025734.551593,0.2094,0.0,0.0,0.0000,0.0000,0.9518,-0.1592,1.9944,0.0000,enc,0.0000
1786025734.551716,0.0001,0.0,0.0,0.0000,0.0000,0.9518,-0.1592,1.9944,0.0000,enc,0.0000
1786025734.651548,0.0998,0.0,0.0,0.0000,0.0000,0.9518,-0.1592,1.9944,0.0000,enc,0.0000
1786025734.806715,0.1552,0.0,0.0,0.0000,0.0000,0.9518,-0.1592,1.9944,0.0000,enc,0.0000
1786025734.854808,0.0481,0.0,0.0,0.0000,0.0000,0.9518,-0.1592,1.9944,0.0000,enc,0.0000
1786025735.067481,0.2127,0.0,0.0,0.0000,0.0000,0.9518,-0.1592,1.9944,0.0000,enc,0.0000
1786025735.067517,0.0000,0.0,0.0,0.0000,0.0000,0.9518,-0.1592,1.9944,0.0000,enc,0.0000
1786025735.171707,0.1042,0.0,0.0,0.0000,0.0000,0.9518,-0.1592,1.9944,0.0000,enc,0.0000
1786025735.290977,0.1193,0.0,0.0,0.0000,0.0000,0.9518,-0.1592,1.9944,0.0000,enc,0.0000
1786025735.379357,0.0884,0.0,0.0,0.0000,0.0000,0.9518,-0.1592,1.9944,0.0000,enc,0.0000
1786025735.480172,0.1008,0.0,0.0,0.0000,0.0000,0.9518,-0.1592,1.9944,0.0000,enc,0.0000
1786025735.574593,0.0944,0.0,0.0,0.0000,0.0000,0.9518,-0.1592,1.9944,0.0000,enc,0.0000
1786025735.673401,0.0988,0.0,0.0,0.0000,0.0000,0.9518,-0.1592,1.9944,0.0000,enc,0.0000
1786025735.776193,0.1028,0.0,0.0,0.0000,0.0000,0.9518,-0.1592,1.9944,0.0000,enc,0.0000
1786025735.873968,0.0978,0.0,0.0,0.0000,0.0000,0.9518,-0.1592,1.9944,0.0000,enc,0.0000
1786025735.981044,0.1071,0.0,0.0,0.0000,0.0000,0.9518,-0.1592,1.9944,0.0000,enc,0.0000
1786025736.078114,0.0971,0.0,0.0,0.0000,0.0000,0.9518,-0.1592,1.9944,0.0000,enc,0.0000
1786025736.185481,0.1074,0.0,0.0,0.0000,0.0000,0.9518,-0.1592,1.9944,0.0000,enc,0.0000
1786025736.283370,0.0979,0.0,0.0,0.0000,0.0000,0.9518,-0.1592,1.9944,0.0000,enc,0.0000
1786025736.385531,0.1022,0.0,0.0,0.0000,0.0000,0.9518,-0.1592,1.9944,0.0000,enc,0.0000
1786025736.491165,0.1056,0.0,0.0,0.0000,0.0000,0.9518,-0.1592,1.9944,0.0000,enc,0.0000
1786025736.589753,0.0986,0.0,0.0,0.0000,0.0000,0.9518,-0.1592,1.9944,0.0000,enc,0.0000
1786025736.691755,0.1020,0.0,0.0,0.0000,0.0000,0.9518,-0.1592,1.9944,0.0000,enc,0.0000
1786025736.796318,0.1046,0.0,0.0,0.0000,0.0000,0.9518,-0.1592,1.9944,0.0000,enc,0.0000
1786025736.897354,0.1010,0.0,0.0,0.0000,0.0000,0.9518,-0.1592,1.9944,0.0000,enc,0.0000
1786025736.999283,0.1019,0.0,0.0,0.0000,0.0000,0.9518,-0.1592,1.9944,0.0000,enc,0.0000
1786025737.102431,0.1031,0.0,0.0,0.0000,0.0000,0.9518,-0.1592,1.9944,0.0000,enc,0.0000
1786025737.202180,0.0997,0.0,0.0,0.0000,0.0000,0.9518,-0.1592,1.9944,0.0000,enc,0.0000
1786025737.307044,0.1049,0.0,0.0,0.0000,0.0000,0.9518,-0.1592,1.9944,0.0000,enc,0.0000
1786025737.409538,0.1025,0.0,0.0,0.0000,0.0000,0.9518,-0.1592,1.9944,0.0000,enc,0.0000
1786025737.512330,0.1028,0.0,0.0,0.0000,0.0000,0.9518,-0.1592,1.9944,0.0000,enc,0.0000
1786025737.613875,0.1015,0.0,0.0,0.0000,0.0000,0.9518,-0.1592,1.9944,0.0000,enc,0.0000
1786025737.716330,0.1025,0.0,0.0,0.0000,0.0000,0.9518,-0.1592,1.9944,0.0000,enc,0.0000
1786025737.818416,0.1021,0.0,0.0,0.0000,0.0000,0.9518,-0.1592,1.9944,0.0000,enc,0.0000
1786025737.919150,0.1007,0.0,0.0,0.0000,0.0000,0.9518,-0.1592,1.9944,0.0000,enc,0.0000
1786025738.023004,0.1039,0.0,0.0,0.0000,0.0000,0.9518,-0.1592,1.9944,0.0000,enc,0.0000
1786025738.123704,0.1007,0.0,0.0,0.0000,0.0000,0.9518,-0.1592,1.9944,0.0000,enc,0.0000
1786025738.226392,0.1027,0.0,0.0,0.0000,0.0000,0.9518,-0.1592,1.9944,0.0000,enc,0.0000
1786025738.328569,0.1022,0.0,0.0,0.0000,0.0000,0.9518,-0.1592,1.9944,0.0000,enc,0.0000
1786025738.430595,0.1020,0.0,0.0,0.0000,0.0000,0.9518,-0.1592,1.9944,0.0000,enc,0.0000
1786025738.532839,0.1022,0.0,0.0,0.0000,0.0000,0.9518,-0.1592,1.9944,0.0000,enc,0.0000
1786025738.632066,0.0992,0.0,0.0,0.0000,0.0000,0.9518,-0.1592,1.9944,0.0000,enc,0.0000
1786025738.736906,0.1048,0.0,0.0,0.0000,0.0000,0.9518,-0.1592,1.9944,0.0000,enc,0.0000
1786025738.835920,0.0990,0.0,0.0,0.0000,0.0000,0.9518,-0.1592,1.9944,0.0000,enc,0.0000
1786025738.938075,0.1022,0.0,0.0,0.0000,0.0000,0.9518,-0.1592,1.9944,0.0000,enc,0.0000
1786025739.043081,0.1050,0.0,0.0,0.0000,0.0000,0.9518,-0.1592,1.9944,0.0000,enc,0.0000
1786025739.144403,0.1013,0.0,0.0,0.0000,0.0000,0.9518,-0.1592,1.9944,0.0000,enc,0.0000
1786025739.247471,0.1031,0.0,0.0,0.0000,0.0000,0.9518,-0.1592,1.9944,0.0000,enc,0.0000
1786025739.352978,0.1055,0.0,0.0,0.0000,0.0000,0.9518,-0.1592,1.9944,0.0000,enc,0.0000
1786025739.452573,0.0996,0.0,0.0,0.0000,0.0000,0.9518,-0.1592,1.9944,0.0000,enc,0.0000
1786025739.554452,0.1019,0.0,0.0,0.0000,0.0000,0.9518,-0.1592,1.9944,0.0000,enc,0.0000
1786025739.659309,0.1049,0.0,0.0,0.0000,0.0000,0.9518,-0.1592,1.9944,0.0000,enc,0.0000
1786025739.760868,0.1016,0.0,0.0,0.0000,0.0000,0.9518,-0.1592,1.9944,0.0000,enc,0.0000
1786025739.860767,0.0999,0.0,0.0,0.0000,0.0000,0.9518,-0.1592,1.9944,0.0000,enc,0.0000
1786025739.965813,0.1050,0.0,0.0,0.0000,0.0000,0.9518,-0.1592,1.9944,0.0000,enc,0.0000
1786025740.068500,0.1027,0.0,0.0,0.0000,0.0000,0.9518,-0.1592,1.9944,0.0000,enc,0.0000
1786025740.170436,0.1019,0.0,0.0,0.0000,0.0000,0.9518,-0.1592,1.9944,0.0000,enc,0.0000
1786025740.276076,0.1056,0.0,0.0,0.0000,0.0000,0.9518,-0.1592,1.9944,0.0000,enc,0.0000
1786025740.374747,0.0987,0.0,0.0,0.0000,0.0000,0.9518,-0.1592,1.9944,0.0000,enc,0.0000
1786025740.477029,0.1023,0.0,0.0,0.0000,0.0000,0.9518,-0.1592,1.9944,0.0000,enc,0.0000
1786025740.579435,0.1024,0.0,0.0,0.0000,0.0000,0.9518,-0.1592,1.9944,0.0000,enc,0.0000
1786025740.680994,0.1016,0.0,0.0,0.0000,0.0000,0.9518,-0.1592,1.9944,0.0000,enc,0.0000
1786025740.783493,0.1025,0.0,0.0,0.0000,0.0000,0.9518,-0.1592,1.9944,0.0000,enc,0.0000
1786025740.885934,0.1024,0.0,0.0,0.0000,0.0000,0.9518,-0.1592,1.9944,0.0000,enc,0.0000
1786025740.987584,0.1017,0.0,0.0,0.0000,0.0000,0.9518,-0.1592,1.9944,0.0000,enc,0.0000
1786025741.089576,0.1020,0.0,0.0,0.0000,0.0000,0.9518,-0.1592,1.9944,0.0000,enc,0.0000
1786025741.188549,0.0990,0.0,0.0,0.0000,0.0000,0.9518,-0.1592,1.9944,0.0000,enc,0.0000
1786025741.293362,0.1048,0.0,0.0,0.0000,0.0000,0.9518,-0.1592,1.9944,0.0000,enc,0.0000
1786025741.393025,0.0997,0.0,0.0,0.0000,0.0000,0.9518,-0.1592,1.9944,0.0000,enc,0.0000
1786025741.494813,0.1018,0.0,0.0,0.0000,0.0000,0.9518,-0.1592,1.9944,0.0000,enc,0.0000
1786025741.600137,0.1053,0.0,0.0,0.0000,0.0000,0.9518,-0.1592,1.9944,0.0000,enc,0.0000
1786025741.700185,0.1000,0.0,0.0,0.0000,0.0000,0.9518,-0.1592,1.9944,0.0000,enc,0.0000
1786025741.802494,0.1023,0.0,0.0,0.0000,0.0000,0.9518,-0.1592,1.9944,0.0000,enc,0.0000
1786025741.907826,0.1053,0.0,0.0,0.0000,0.0000,0.9518,-0.1592,1.9944,0.0000,enc,0.0000
1786025742.006766,0.0989,0.0,0.0,0.0000,0.0000,0.9518,-0.1592,1.9944,0.0000,enc,0.0000
1786025742.109297,0.1025,0.0,0.0,0.0000,0.0000,0.9518,-0.1592,1.9944,0.0000,enc,0.0000
1786025742.214001,0.1047,0.0,0.0,0.0000,0.0000,0.9518,-0.1592,1.9944,0.0000,enc,0.0000
1786025742.313863,0.0999,0.0,0.0,0.0000,0.0000,0.9518,-0.1592,1.9944,0.0000,enc,0.0000
1786025742.417318,0.1035,0.0,0.0,0.0000,0.0000,0.9518,-0.1592,1.9944,0.0000,enc,0.0000
1786025742.523949,0.1066,0.0,0.0,0.0000,0.0000,0.9518,-0.1592,1.9944,0.0000,enc,0.0000
1786025742.625758,0.1018,0.0,0.0,0.0000,0.0000,0.9518,-0.1592,1.9944,0.0000,enc,0.0000
1786025742.727721,0.1020,0.0,0.0,0.0000,0.0000,0.9518,-0.1592,1.9944,0.0000,enc,0.0000
1786025742.830302,0.1026,0.0,0.0,0.0000,0.0000,0.9518,-0.1592,1.9944,0.0000,enc,0.0000
1786025742.932368,0.1021,0.0,0.0,0.0000,0.0000,0.9518,-0.1592,1.9944,0.0000,enc,0.0000
1786025743.035200,0.1028,0.0,0.0,0.0000,0.0000,0.9518,-0.1592,1.9944,0.0000,enc,0.0000
1786025743.136906,0.1017,0.0,0.0,0.0000,0.0000,0.9518,-0.1592,1.9944,0.0000,enc,0.0000
1786025743.238882,0.1020,0.0,0.0,0.0000,0.0000,0.9518,-0.1592,1.9944,0.0000,enc,0.0000
1786025743.341410,0.1025,0.0,0.0,0.0000,0.0000,0.9518,-0.1592,1.9944,0.0000,enc,0.0000
1786025743.441920,0.1005,0.0,0.0,0.0000,0.0000,0.9518,-0.1592,1.9944,0.0000,enc,0.0000
1786025743.544082,0.1022,0.0,0.0,0.0000,0.0000,0.9518,-0.1592,1.9944,0.0000,enc,0.0000
1786025743.649182,0.1051,0.0,0.0,0.0000,0.0000,0.9518,-0.1592,1.9944,0.0000,enc,0.0000
1786025743.747930,0.0987,0.0,0.0,0.0000,0.0000,0.9518,-0.1592,1.9944,0.0000,enc,0.0000
1786025743.854286,0.1064,0.0,0.0,0.0000,0.0000,0.9518,-0.1592,1.9944,0.0000,enc,0.0000
1786025743.952414,0.0981,0.0,0.0,0.0000,0.0000,0.9518,-0.1592,1.9944,0.0000,enc,0.0000
1786025744.054369,0.1020,0.0,0.0,0.0000,0.0000,0.9518,-0.1592,1.9944,0.0000,enc,0.0000
1786025744.159887,0.1055,0.0,0.0,0.0000,0.0000,0.9518,-0.1592,1.9944,0.0000,enc,0.0000
1786025744.259262,0.0994,0.0,0.0,0.0000,0.0000,0.9518,-0.1592,1.9944,0.0000,enc,0.0000
1786025744.360626,0.1014,0.0,0.0,0.0000,0.0000,0.9518,-0.1592,1.9944,0.0000,enc,0.0000
1786025744.466603,0.1060,0.0,0.0,0.0000,0.0000,0.9518,-0.1592,1.9944,0.0000,enc,0.0000
1786025744.564864,0.0983,0.0,0.0,0.0000,0.0000,0.9518,-0.1592,1.9944,0.0000,enc,0.0000
1786025744.667249,0.1024,0.0,0.0,0.0000,0.0000,0.9518,-0.1592,1.9944,0.0000,enc,0.0000
1786025744.771634,0.1044,0.0,0.0,0.0000,0.0000,0.9518,-0.1592,1.9944,0.0000,enc,0.0000
1786025744.874173,0.1025,0.0,0.0,0.0000,0.0000,0.9518,-0.1592,1.9944,0.0000,enc,0.0000
1786025744.973104,0.0989,0.0,0.0,0.0000,0.0000,0.9518,-0.1592,1.9944,0.0000,enc,0.0000
1786025745.078302,0.1052,0.0,0.0,0.0000,0.0000,0.9518,-0.1592,1.9944,0.0000,enc,0.0000
1786025745.266047,0.1877,0.0,0.0,0.0000,0.0000,0.9518,-0.1592,1.9944,0.0000,enc,0.0000
1786025745.279528,0.0135,0.0,0.0,0.0000,0.0000,0.9518,-0.1592,1.9944,0.0000,enc,0.0000
1786025745.528816,0.2493,0.0,0.0,0.0000,0.0000,0.9518,-0.1592,1.9944,0.0000,enc,0.0000
1786025745.528874,0.0001,0.0,0.0,0.0000,0.0000,0.9518,-0.1592,1.9944,0.0000,enc,0.0000
1786025745.609857,0.0810,0.0,0.0,0.0000,0.0000,0.9518,-0.1592,1.9944,0.0000,enc,0.0000
1786025745.768637,0.1588,0.0,0.0,0.0000,0.0000,0.9518,-0.1592,1.9944,0.0000,enc,0.0000
1786025745.800152,0.0315,0.0,0.0,0.0000,0.0000,0.9518,-0.1592,1.9944,0.0000,enc,0.0000
1786025746.013417,0.2133,0.0,0.0,0.0000,0.0000,0.9518,-0.1592,1.9944,0.0000,enc,0.0000
1786025746.025969,0.0126,0.0,0.0,0.0000,0.0000,0.9518,-0.1592,1.9944,0.0000,enc,0.0000
1786025746.103934,0.0780,0.0,0.0,0.0000,0.0000,0.9518,-0.1592,1.9944,0.0000,enc,0.0000
1786025746.274579,0.1706,0.0,0.0,0.0000,0.0000,0.9518,-0.1592,1.9944,0.0000,enc,0.0000
1786025746.344859,0.0703,0.0,0.0,0.0000,0.0000,0.9518,-0.1592,1.9944,0.0000,enc,0.0000
1786025746.532504,0.1876,0.0,0.0,0.0000,0.0000,0.9518,-0.1592,1.9944,0.0000,enc,0.0000
1786025746.533445,0.0009,0.0,0.0,0.0000,0.0000,0.9518,-0.1592,1.9944,0.0000,enc,0.0000
1786025746.633938,0.1005,0.0,0.0,0.0000,0.0000,0.9518,-0.1592,1.9944,0.0000,enc,0.0000
1786025746.773573,0.1396,0.0,0.0,0.0000,0.0000,0.9518,-0.1592,1.9944,0.0000,enc,0.0000
1786025746.821627,0.0481,0.0,0.0,0.0000,0.0000,0.9518,-0.1592,1.9944,0.0000,enc,0.0000
1786025747.023347,0.2017,0.0,0.0,0.0000,0.0000,0.9518,-0.1592,1.9944,0.0000,enc,0.0000
1786025747.024190,0.0008,0.0,0.0,0.0000,0.0000,0.9518,-0.1592,1.9944,0.0000,enc,0.0000
1786025747.279431,0.2552,0.0,0.0,0.0000,0.0000,0.9518,-0.1592,1.9944,0.0000,enc,0.0000
1786025747.280725,0.0013,0.0,0.0,0.0000,0.0000,0.9518,-0.1592,1.9944,0.0000,enc,0.0000
1786025747.353215,0.0725,0.0,0.0,0.0000,0.0000,0.9518,-0.1592,1.9944,0.0000,enc,0.0000
1786025747.555830,0.2026,0.0,0.0,0.0000,0.0000,0.9518,-0.1592,1.9944,0.0000,enc,0.0000
1786025747.565300,0.0095,0.0,0.0,0.0000,0.0000,0.9518,-0.1592,1.9944,0.0000,enc,0.0000
1786025747.783176,0.2179,0.0,0.0,0.0000,0.0000,0.9518,-0.1592,1.9944,0.0000,enc,0.0000
1786025747.784946,0.0018,0.0,0.0,0.0000,0.0000,0.9518,-0.1592,1.9944,0.0000,enc,0.0000
1786025747.852277,0.0673,0.0,0.0,0.0000,0.0000,0.9518,-0.1592,1.9944,0.0000,enc,0.0000
1786025748.026329,0.1741,0.0,0.0,0.0000,0.0000,0.9518,-0.1592,1.9944,0.0000,enc,0.0000
1786025748.037893,0.0116,0.0,0.0,0.0000,0.0000,0.9518,-0.1592,1.9944,0.0000,enc,0.0000
1786025748.285805,0.2479,0.0,0.0,0.0000,0.0000,0.9518,-0.1592,1.9944,0.0000,enc,0.0000
1786025748.293811,0.0080,0.0,0.0,0.0000,0.0000,0.9518,-0.1592,1.9944,0.0000,enc,0.0000
1786025748.346743,0.0529,0.0,0.0,0.0000,0.0000,0.9518,-0.1592,1.9944,0.0000,enc,0.0000
1786025748.528440,0.1817,0.0,0.0,0.0000,0.0000,0.9518,-0.1592,1.9944,0.0000,enc,0.0000
1786025748.550138,0.0217,0.0,0.0,0.0000,0.0000,0.9518,-0.1592,1.9944,0.0000,enc,0.0000
1786025748.776143,0.2260,0.0,0.0,0.0000,0.0000,0.9518,-0.1592,1.9944,0.0000,enc,0.0000
1786025748.776339,0.0002,0.0,0.0,0.0000,0.0000,0.9518,-0.1592,1.9944,0.0000,enc,0.0000
1786025748.855644,0.0793,0.0,0.0,0.0000,0.0000,0.9518,-0.1592,1.9944,0.0000,enc,0.0000
1786025749.026542,0.1709,0.0,0.0,0.0000,0.0000,0.9518,-0.1592,1.9944,0.0000,enc,0.0000
1786025749.059368,0.0328,0.0,0.0,0.0000,0.0000,0.9518,-0.1592,1.9944,0.0000,enc,0.0000
1786025749.277923,0.2186,0.0,0.0,0.0000,0.0000,0.9518,-0.1592,1.9944,0.0000,enc,0.0000
1786025749.277964,0.0000,0.0,0.0,0.0000,0.0000,0.9518,-0.1592,1.9944,0.0000,enc,0.0000
1786025749.368441,0.0905,0.0,0.0,0.0000,0.0000,0.9518,-0.1592,1.9944,0.0000,enc,0.0000
1786025749.534370,0.1659,0.0,0.0,0.0000,0.0000,0.9518,-0.1592,1.9944,0.0000,enc,0.0000
1786025749.573982,0.0396,0.0,0.0,0.0000,0.0000,0.9518,-0.1592,1.9944,0.0000,enc,0.0000
1786025749.790708,0.2167,0.0,0.0,0.0000,0.0000,0.9518,-0.1592,1.9944,0.0000,enc,0.0000
1786025749.790767,0.0001,0.0,0.0,0.0000,0.0000,0.9518,-0.1592,1.9944,0.0000,enc,0.0000
1786025749.879370,0.0886,0.0,0.0,0.0000,0.0000,0.9518,-0.1592,1.9944,0.0000,enc,0.0000
1786025750.043682,0.1643,0.0,0.0,0.0000,0.0000,0.9518,-0.1592,1.9944,0.0000,enc,0.0000
1786025750.082538,0.0389,0.0,0.0,0.0000,0.0000,0.9518,-0.1592,1.9944,0.0000,enc,0.0000
1786025750.187323,0.1048,0.0,0.0,0.0000,0.0000,0.9518,-0.1592,1.9944,0.0000,enc,0.0000
1786025750.289466,0.1021,0.0,0.0,0.0000,0.0000,0.9518,-0.1592,1.9944,0.0000,enc,0.0000
1786025750.391831,0.1024,0.0,0.0,0.0000,0.0000,0.9518,-0.1592,1.9944,0.0000,enc,0.0000
1786025750.494092,0.1023,0.0,0.0,0.0000,0.0000,0.9518,-0.1592,1.9944,0.0000,enc,0.0000
1786025750.595754,0.1017,0.0,0.0,0.0000,0.0000,0.9518,-0.1592,1.9944,0.0000,enc,0.0000
1786025750.698055,0.1023,0.0,0.0,0.0000,0.0000,0.9518,-0.1592,1.9944,0.0000,enc,0.0000
1786025750.800635,0.1026,0.0,0.0,0.0000,0.0000,0.9518,-0.1592,1.9944,0.0000,enc,0.0000
1786025750.898994,0.0984,0.0,0.0,0.0000,0.0000,0.9518,-0.1592,1.9944,0.0000,enc,0.0000
1786025751.004492,0.1055,0.0,0.0,0.0000,0.0000,0.9518,-0.1592,1.9944,0.0000,enc,0.0000
1786025751.105953,0.1015,0.0,0.0,0.0000,0.0000,0.9518,-0.1592,1.9944,0.0000,enc,0.0000
1786025751.208029,0.1021,0.0,0.0,0.0000,0.0000,0.9518,-0.1592,1.9944,0.0000,enc,0.0000
1786025751.311297,0.1033,0.0,0.0,0.0000,0.0000,0.9518,-0.1592,1.9944,0.0000,enc,0.0000
1786025751.409980,0.0987,0.0,0.0,0.0000,0.0000,0.9518,-0.1592,1.9944,0.0000,enc,0.0000
1786025751.515125,0.1051,0.0,0.0,0.0000,0.0000,0.9518,-0.1592,1.9944,0.0000,enc,0.0000
1786025751.614398,0.0993,0.0,0.0,0.0000,0.0000,0.9518,-0.1592,1.9944,0.0000,enc,0.0000
1786025751.716677,0.1023,0.0,0.0,0.0000,0.0000,0.9518,-0.1592,1.9944,0.0000,enc,0.0000
1786025751.821646,0.1050,0.0,0.0,0.0000,0.0000,0.9518,-0.1592,1.9944,0.0000,enc,0.0000
1786025751.920844,0.0992,0.0,0.0,0.0000,0.0000,0.9518,-0.1592,1.9944,0.0000,enc,0.0000
1786025752.023200,0.1024,0.0,0.0,0.0000,0.0000,0.9518,-0.1592,1.9944,0.0000,enc,0.0000
1786025752.128297,0.1051,0.0,0.0,0.0000,0.0000,0.9518,-0.1592,1.9944,0.0000,enc,0.0000
1786025752.227571,0.0993,0.0,0.0,0.0000,0.0000,0.9518,-0.1592,1.9944,0.0000,enc,0.0000
1786025752.330236,0.1027,0.0,0.0,0.0000,0.0000,0.9518,-0.1592,1.9944,0.0000,enc,0.0000
1786025752.434898,0.1047,0.0,0.0,0.0000,0.0000,0.9518,-0.1592,1.9944,0.0000,enc,0.0000
1786025752.533928,0.0990,0.0,0.0,0.0000,0.0000,0.9518,-0.1592,1.9944,0.0000,enc,0.0000
1786025752.636236,0.1023,0.0,0.0,0.0000,0.0000,0.9518,-0.1592,1.9944,0.0000,enc,0.0000
1786025752.740881,0.1046,0.0,0.0,0.0000,0.0000,0.9518,-0.1592,1.9944,0.0000,enc,0.0000
1786025752.842333,0.1015,0.0,0.0,0.0000,0.0000,0.9518,-0.1592,1.9944,0.0000,enc,0.0000
1786025752.945305,0.1030,0.0,0.0,0.0000,0.0000,0.9518,-0.1592,1.9944,0.0000,enc,0.0000
1786025753.048965,0.1037,0.0,0.0,0.0000,0.0000,0.9518,-0.1592,1.9944,0.0000,enc,0.0000
1786025753.148954,0.1000,0.0,0.0,0.0000,0.0000,0.9518,-0.1592,1.9944,0.0000,enc,0.0000
1786025753.251418,0.1025,0.0,0.0,0.0000,0.0000,0.9518,-0.1592,1.9944,0.0000,enc,0.0000
1786025753.353561,0.1021,0.0,0.0,0.0000,0.0000,0.9518,-0.1592,1.9944,0.0000,enc,0.0000
1786025753.452758,0.0992,0.0,0.0,0.0000,0.0000,0.9518,-0.1592,1.9944,0.0000,enc,0.0000
1786025753.557980,0.1052,0.0,0.0,0.0000,0.0000,0.9518,-0.1592,1.9944,0.0000,enc,0.0000
1786025753.659989,0.1020,0.0,0.0,0.0000,0.0000,0.9518,-0.1592,1.9944,0.0000,enc,0.0000
1786025753.764004,0.1040,0.0,0.0,0.0000,0.0000,0.9518,-0.1592,1.9944,0.0000,enc,0.0000
1786025753.865896,0.1019,0.0,0.0,0.0000,0.0000,0.9518,-0.1592,1.9944,0.0000,enc,0.0000
1786025753.965232,0.0993,0.0,0.0,0.0000,0.0000,0.9518,-0.1592,1.9944,0.0000,enc,0.0000
1786025754.070951,0.1057,0.0,0.0,0.0000,0.0000,0.9518,-0.1592,1.9944,0.0000,enc,0.0000
1786025754.169250,0.0983,0.0,0.0,0.0000,0.0000,0.9518,-0.1592,1.9944,0.0000,enc,0.0000
1786025754.272998,0.1037,0.0,0.0,0.0000,0.0000,0.9518,-0.1592,1.9944,0.0000,enc,0.0000
1786025754.378764,0.1058,0.0,0.0,0.0000,0.0000,0.9518,-0.1592,1.9944,0.0000,enc,0.0000
1786025754.477915,0.0992,0.0,0.0,0.0000,0.0000,0.9518,-0.1592,1.9944,0.0000,enc,0.0000
1786025754.580757,0.1028,0.0,0.0,0.0000,0.0000,0.9518,-0.1592,1.9944,0.0000,enc,0.0000
1786025754.684357,0.1036,0.0,0.0,0.0000,0.0000,0.9518,-0.1592,1.9944,0.0000,enc,0.0000
1786025754.784347,0.1000,0.0,0.0,0.0000,0.0000,0.9518,-0.1592,1.9944,0.0000,enc,0.0000
1786025754.887143,0.1028,0.0,0.0,0.0000,0.0000,0.9518,-0.1592,1.9944,0.0000,enc,0.0000
1786025754.994038,0.1069,0.0,0.0,0.0000,0.0000,0.9518,-0.1592,1.9944,0.0000,enc,0.0000
1786025755.091687,0.0976,0.0,0.0,0.0000,0.0000,0.9518,-0.1592,1.9944,0.0000,enc,0.0000
1786025755.196109,0.1044,0.0,0.0,0.0000,0.0000,0.9518,-0.1592,1.9944,0.0000,enc,0.0000
1786025755.299128,0.1030,0.0,0.0,0.0000,0.0000,0.9518,-0.1592,1.9944,0.0000,enc,0.0000
1786025755.402439,0.1033,0.0,0.0,0.0000,0.0000,0.9518,-0.1592,1.9944,0.0000,enc,0.0000
1786025755.505029,0.1026,0.0,0.0,0.0000,0.0000,0.9518,-0.1592,1.9944,0.0000,enc,0.0000
1786025755.606715,0.1017,0.0,0.0,0.0000,0.0000,0.9518,-0.1592,1.9944,0.0000,enc,0.0000
1786025755.709004,0.1023,0.0,0.0,0.0000,0.0000,0.9518,-0.1592,1.9944,0.0000,enc,0.0000
1786025755.810741,0.1017,0.0,0.0,0.0000,0.0000,0.9518,-0.1592,1.9944,0.0000,enc,0.0000
1786025755.913036,0.1023,0.0,0.0,0.0000,0.0000,0.9518,-0.1592,1.9944,0.0000,enc,0.0000
1786025756.015582,0.1025,0.0,0.0,0.0000,0.0000,0.9518,-0.1592,1.9944,0.0000,enc,0.0000
1786025756.116090,0.1005,0.0,0.0,0.0000,0.0000,0.9518,-0.1592,1.9944,0.0000,enc,0.0000
1786025756.218987,0.1029,0.0,0.0,0.0000,0.0000,0.9518,-0.1592,1.9944,0.0000,enc,0.0000
1786025756.321050,0.1021,0.0,0.0,0.0000,0.0000,0.9518,-0.1592,1.9944,0.0000,enc,0.0000
1786025756.425384,0.1043,0.0,0.0,0.0000,0.0000,0.9518,-0.1592,1.9944,0.0000,enc,0.0000
1786025756.523702,0.0983,0.0,0.0,0.0000,0.0000,0.9518,-0.1592,1.9944,0.0000,enc,0.0000
1786025756.627846,0.1041,0.0,0.0,0.0000,0.0000,0.9518,-0.1592,1.9944,0.0000,enc,0.0000
1786025756.729196,0.1014,0.0,0.0,0.0000,0.0000,0.9518,-0.1592,1.9944,0.0000,enc,0.0000
1786025756.830796,0.1016,0.0,0.0,0.0000,0.0000,0.9518,-0.1592,1.9944,0.0000,enc,0.0000
1786025756.934335,0.1035,0.0,0.0,0.0000,0.0000,0.9518,-0.1592,1.9944,0.0000,enc,0.0000
1786025757.036068,0.1017,0.0,0.0,0.0000,0.0000,0.9518,-0.1592,1.9944,0.0000,enc,0.0000
1786025757.135955,0.0999,0.0,0.0,0.0000,0.0000,0.9518,-0.1592,1.9944,0.0000,enc,0.0000
1786025757.242862,0.1069,0.0,0.0,0.0000,0.0000,0.9518,-0.1592,1.9944,0.0000,enc,0.0000
1786025757.340905,0.0980,0.0,0.0,0.0000,0.0000,0.9518,-0.1592,1.9944,0.0000,enc,0.0000
1786025757.444866,0.1040,0.0,0.0,0.0000,0.0000,0.9518,-0.1592,1.9944,0.0000,enc,0.0000
1786025757.548681,0.1038,0.0,0.0,0.0000,0.0000,0.9518,-0.1592,1.9944,0.0000,enc,0.0000
1786025757.651767,0.1031,0.0,0.0,0.0000,0.0000,0.9518,-0.1592,1.9944,0.0000,enc,0.0000
1786025757.749738,0.0980,0.0,0.0,0.0000,0.0000,0.9518,-0.1592,1.9944,0.0000,enc,0.0000
1786025757.857460,0.1077,0.0,0.0,0.0000,0.0000,0.9518,-0.1592,1.9944,0.0000,enc,0.0000
1786025757.957526,0.1001,0.0,0.0,0.0000,0.0000,0.9518,-0.1592,1.9944,0.0000,enc,0.0000
1786025758.057807,0.1003,0.0,0.0,0.0000,0.0000,0.9518,-0.1592,1.9944,0.0000,enc,0.0000
1786025758.162654,0.1048,0.0,0.0,0.0000,0.0000,0.9518,-0.1592,1.9944,0.0000,enc,0.0000
1786025758.264701,0.1020,0.0,0.0,0.0000,0.0000,0.9518,-0.1592,1.9944,0.0000,enc,0.0000
1786025758.366893,0.1022,0.0,0.0,0.0000,0.0000,0.9518,-0.1592,1.9944,0.0000,enc,0.0000
1786025758.469033,0.1021,0.0,0.0,0.0000,0.0000,0.9518,-0.1592,1.9944,0.0000,enc,0.0000
1786025758.600998,0.1320,0.0,0.0,0.0000,0.0000,0.9518,-0.1592,1.9944,0.0000,enc,0.0000
1786025758.689262,0.0883,0.0,0.0,0.0000,0.0000,0.9518,-0.1592,1.9944,0.0000,enc,0.0000
1786025758.784982,0.0957,0.0,0.0,0.0000,0.0000,0.9518,-0.1592,1.9944,0.0000,enc,0.0000
1786025758.897805,0.1128,0.0,0.0,0.0000,0.0000,0.9518,-0.1592,1.9944,0.0000,enc,0.0000
1786025758.982750,0.0849,0.0,0.0,0.0000,0.0000,0.9518,-0.1592,1.9944,0.0000,enc,0.0000
1786025759.077874,0.0951,0.0,0.0,0.0000,0.0000,0.9518,-0.1592,1.9944,0.0000,enc,0.0000
1786025759.186949,0.1091,0.0,0.0,0.0000,0.0000,0.9518,-0.1592,1.9944,0.0000,enc,0.0000
1786025759.281959,0.0950,0.0,0.0,0.0000,0.0000,0.9518,-0.1592,1.9944,0.0000,enc,0.0000
1786025759.383956,0.1020,0.0,0.0,0.0000,0.0000,0.9518,-0.1592,1.9944,0.0000,enc,0.0000
1786025759.499214,0.1153,0.0,0.0,0.0000,0.0000,0.9518,-0.1592,1.9944,0.0000,enc,0.0000
1786025759.602395,0.1032,0.0,0.0,0.0000,0.0000,0.9518,-0.1592,1.9944,0.0000,enc,0.0000
1786025759.703349,0.1010,0.0,0.0,0.0000,0.0000,0.9518,-0.1592,1.9944,0.0000,enc,0.0000
1786025759.799966,0.0966,0.0,0.0,0.0000,0.0000,0.9518,-0.1592,1.9944,0.0000,enc,0.0000
1786025759.900524,0.1006,0.0,0.0,0.0000,0.0000,0.9518,-0.1592,1.9944,0.0000,enc,0.0000
1786025759.997173,0.0966,0.0,0.0,0.0000,0.0000,0.9518,-0.1592,1.9944,0.0000,enc,0.0000
1786025760.102490,0.1053,0.0,0.0,0.0000,0.0000,0.9518,-0.1592,1.9944,0.0000,enc,0.0000
1786025760.259676,0.1572,0.0,0.0,0.0000,0.0000,0.9518,-0.1592,1.9944,0.0000,enc,0.0000
1786025760.302994,0.0433,0.0,0.0,0.0000,0.0000,0.9518,-0.1592,1.9944,0.0000,enc,0.0000
1786025760.514601,0.2116,0.0,0.0,0.0000,0.0000,0.9518,-0.1592,1.9944,0.0000,enc,0.0000
1786025760.517887,0.0033,0.0,0.0,0.0000,0.0000,0.9518,-0.1592,1.9944,0.0000,enc,0.0000
1786025760.612304,0.0944,0.0,0.0,0.0000,0.0000,0.9518,-0.1592,1.9944,0.0000,enc,0.0000
1786025760.762764,0.1505,0.0,0.0,0.0000,0.0000,0.9518,-0.1592,1.9944,0.0000,enc,0.0000
1786025760.816568,0.0538,0.0,0.0,0.0000,0.0000,0.9518,-0.1592,1.9944,0.0000,enc,0.0000
1786025761.015564,0.1990,0.0,0.0,0.0000,0.0000,0.9518,-0.1592,1.9944,0.0000,enc,0.0000
1786025761.020358,0.0048,0.0,0.0,0.0000,0.0000,0.9518,-0.1592,1.9944,0.0000,enc,0.0000
1786025761.269984,0.2496,0.0,0.0,0.0000,0.0000,0.9518,-0.1592,1.9944,0.0000,enc,0.0000
1786025761.271165,0.0012,0.0,0.0,0.0000,0.0000,0.9518,-0.1592,1.9944,0.0000,enc,0.0000
1786025761.327863,0.0567,0.0,0.0,0.0000,0.0000,0.9518,-0.1592,1.9944,0.0000,enc,0.0000
1786025761.523957,0.1961,0.0,0.0,0.0000,0.0000,0.9518,-0.1592,1.9944,0.0000,enc,0.0000
1786025761.528793,0.0048,0.0,0.0,0.0000,0.0000,0.9518,-0.1592,1.9944,0.0000,enc,0.0000
1786025761.776488,0.2477,0.0,0.0,0.0000,0.0000,0.9518,-0.1592,1.9944,0.0000,enc,0.0000
1786025761.778180,0.0017,0.0,0.0,0.0000,0.0000,0.9518,-0.1592,1.9944,0.0000,enc,0.0000
1786025761.835452,0.0573,0.0,0.0,0.0000,0.0000,0.9518,-0.1592,1.9944,0.0000,enc,0.0000
1786025762.026799,0.1913,0.0,0.0,0.0000,0.0000,0.9518,-0.1592,1.9944,0.0000,enc,0.0000
1786025762.039584,0.0128,0.0,0.0,0.0000,0.0000,0.9518,-0.1592,1.9944,0.0000,enc,0.0000
1786025762.277697,0.2381,0.0,0.0,0.0000,0.0000,0.9518,-0.1592,1.9944,0.0000,enc,0.0000
1786025762.278443,0.0007,0.0,0.0,0.0000,0.0000,0.9518,-0.1592,1.9944,0.0000,enc,0.0000
1786025762.350848,0.0724,0.0,0.0,0.0000,0.0000,0.9518,-0.1592,1.9944,0.0000,enc,0.0000
1786025762.527328,0.1765,0.0,0.0,0.0000,0.0000,0.9518,-0.1592,1.9944,0.0000,enc,0.0000
1786025762.550550,0.0232,0.0,0.0,0.0000,0.0000,0.9518,-0.1592,1.9944,0.0000,enc,0.0000
1786025762.775005,0.2245,0.0,0.0,0.0000,0.0000,0.9518,-0.1592,1.9944,0.0000,enc,0.0000
1786025762.776341,0.0013,0.0,0.0,0.0000,0.0000,0.9518,-0.1592,1.9944,0.0000,enc,0.0000
1786025762.859949,0.0836,0.0,0.0,0.0000,0.0000,0.9518,-0.1592,1.9944,0.0000,enc,0.0000
1786025763.026470,0.1665,0.0,0.0,0.0000,0.0000,0.9518,-0.1592,1.9944,0.0000,enc,0.0000
1786025763.065650,0.0392,0.0,0.0,0.0000,0.0000,0.9518,-0.1592,1.9944,0.0000,enc,0.0000
1786025763.277229,0.2116,0.0,0.0,0.0000,0.0000,0.9518,-0.1592,1.9944,0.0000,enc,0.0000
1786025763.278696,0.0015,0.0,0.0,0.0000,0.0000,0.9518,-0.1592,1.9944,0.0000,enc,0.0000
1786025763.371532,0.0928,0.0,0.0,0.0000,0.0000,0.9518,-0.1592,1.9944,0.0000,enc,0.0000
1786025763.530972,0.1594,0.0,0.0,0.0000,0.0000,0.9518,-0.1592,1.9944,0.0000,enc,0.0000
1786025763.576250,0.0453,0.0,0.0,0.0000,0.0000,0.9518,-0.1592,1.9944,0.0000,enc,0.0000
1786025763.780408,0.2042,0.0,0.0,0.0000,0.0000,0.9518,-0.1592,1.9944,0.0000,enc,0.0000
1786025763.781532,0.0011,0.0,0.0,0.0000,0.0000,0.9518,-0.1592,1.9944,0.0000,enc,0.0000
1786025764.031835,0.2503,0.0,0.0,0.0000,0.0000,0.9518,-0.1592,1.9944,0.0000,enc,0.0000
1786025764.035110,0.0033,0.0,0.0,0.0000,0.0000,0.9518,-0.1592,1.9944,0.0000,enc,0.0000
1786025764.086718,0.0516,0.0,0.0,0.0000,0.0000,0.9518,-0.1592,1.9944,0.0000,enc,0.0000
1786025764.282409,0.1957,0.0,0.0,0.0000,0.0000,0.9518,-0.1592,1.9944,0.0000,enc,0.0000
1786025764.287595,0.0052,0.0,0.0,0.0000,0.0000,0.9518,-0.1592,1.9944,0.0000,enc,0.0000
1786025764.538134,0.2505,0.0,0.0,0.0000,0.0000,0.9518,-0.1592,1.9944,0.0000,enc,0.0000
1786025764.538694,0.0006,0.0,0.0,0.0000,0.0000,0.9518,-0.1592,1.9944,0.0000,enc,0.0000
1786025764.597222,0.0585,0.0,0.0,0.0000,0.0000,0.9518,-0.1592,1.9944,0.0000,enc,0.0000
1786025764.792575,0.1954,0.0,0.0,0.0000,0.0000,0.9518,-0.1592,1.9944,0.0000,enc,0.0000
1786025764.798711,0.0061,0.0,0.0,0.0000,0.0000,0.9518,-0.1592,1.9944,0.0000,enc,0.0000
1786025765.047279,0.2486,0.0,0.0,0.0000,0.0000,0.9518,-0.1592,1.9944,0.0000,enc,0.0000
1786025765.047648,0.0004,0.0,0.0,0.0000,0.0000,0.9518,-0.1592,1.9944,0.0000,enc,0.0000
1786025765.105774,0.0581,0.0,0.0,0.0000,0.0000,0.9518,-0.1592,1.9944,0.0000,enc,0.0000
1786025765.209564,0.1038,0.0,0.0,0.0000,0.0000,0.9518,-0.1592,1.9944,0.0000,enc,0.0000
1786025765.311892,0.1023,0.0,0.0,0.0000,0.0000,0.9518,-0.1592,1.9944,0.0000,enc,0.0000
1786025765.410971,0.0991,0.0,0.0,0.0000,0.0000,0.9518,-0.1592,1.9944,0.0000,enc,0.0000
1786025765.516691,0.1057,0.0,0.0,0.0000,0.0000,0.9518,-0.1592,1.9944,0.0000,enc,0.0000
1786025765.617086,0.1004,0.0,0.0,0.0000,0.0000,0.9518,-0.1592,1.9944,0.0000,enc,0.0000
1786025765.719985,0.1029,0.0,0.0,0.0000,0.0000,0.9518,-0.1592,1.9944,0.0000,enc,0.0000
1786025765.823012,0.1030,0.0,0.0,0.0000,0.0000,0.9518,-0.1592,1.9944,0.0000,enc,0.0000
1786025765.926988,0.1040,0.0,0.0,0.0000,0.0000,0.9518,-0.1592,1.9944,0.0000,enc,0.0000
1786025766.028018,0.1010,0.0,0.0,0.0000,0.0000,0.9518,-0.1592,1.9944,0.0000,enc,0.0000
1786025766.128956,0.1009,0.0,0.0,0.0000,0.0000,0.9518,-0.1592,1.9944,0.0000,enc,0.0000
1786025766.232120,0.1032,0.0,0.0,0.0000,0.0000,0.9518,-0.1592,1.9944,0.0000,enc,0.0000
1786025766.334289,0.1022,0.0,0.0,0.0000,0.0000,0.9518,-0.1592,1.9944,0.0000,enc,0.0000
1786025766.437766,0.1035,0.0,0.0,0.0000,0.0000,0.9518,-0.1592,1.9944,0.0000,enc,0.0000
1786025766.539142,0.1014,0.0,0.0,0.0000,0.0000,0.9518,-0.1592,1.9944,0.0000,enc,0.0000
1786025766.641935,0.1028,0.0,0.0,0.0000,0.0000,0.9518,-0.1592,1.9944,0.0000,enc,0.0000
1786025766.740299,0.0984,0.0,0.0,0.0000,0.0000,0.9518,-0.1592,1.9944,0.0000,enc,0.0000
1786025766.845901,0.1056,0.0,0.0,0.0000,0.0000,0.9518,-0.1592,1.9944,0.0000,enc,0.0000
1786025766.945105,0.0992,0.0,0.0,0.0000,0.0000,0.9518,-0.1592,1.9944,0.0000,enc,0.0000
1786025767.047864,0.1028,0.0,0.0,0.0000,0.0000,0.9518,-0.1592,1.9944,0.0000,enc,0.0000
1786025767.152563,0.1047,0.0,0.0,0.0000,0.0000,0.9518,-0.1592,1.9944,0.0000,enc,0.0000
1786025767.252024,0.0995,0.0,0.0,0.0000,0.0000,0.9518,-0.1592,1.9944,0.0000,enc,0.0000
1786025767.354455,0.1024,0.0,0.0,0.0000,0.0000,0.9518,-0.1592,1.9944,0.0000,enc,0.0000
1786025767.459661,0.1052,0.0,0.0,0.0000,0.0000,0.9518,-0.1592,1.9944,0.0000,enc,0.0000
1786025767.570897,0.1112,0.0,0.0,0.0000,0.0000,0.9518,-0.1592,1.9944,0.0000,enc,0.0000
1786025767.672589,0.1017,0.0,0.0,0.0000,0.0000,0.9518,-0.1592,1.9944,0.0000,enc,0.0000
1786025767.764987,0.0924,0.0,0.0,0.0000,0.0000,0.9518,-0.1592,1.9944,0.0000,enc,0.0000
1786025767.865143,0.1002,0.0,0.0,0.0000,0.0000,0.9518,-0.1592,1.9944,0.0000,enc,0.0000
1786025767.967201,0.1021,0.0,0.0,0.0000,0.0000,0.9518,-0.1592,1.9944,0.0000,enc,0.0000
1786025768.078010,0.1108,0.0,0.0,0.0000,0.0000,0.9518,-0.1592,1.9944,0.0000,enc,0.0000
1786025768.173448,0.0954,0.0,0.0,0.0000,0.0000,0.9518,-0.1592,1.9944,0.0000,enc,0.0000
1786025768.275925,0.1025,0.0,0.0,0.0000,0.0000,0.9518,-0.1592,1.9944,0.0000,enc,0.0000
1786025768.378401,0.1025,0.0,0.0,0.0000,0.0000,0.9518,-0.1592,1.9944,0.0000,enc,0.0000
1786025768.480925,0.1025,0.0,0.0,0.0000,0.0000,0.9518,-0.1592,1.9944,0.0000,enc,0.0000
1786025768.584261,0.1033,0.0,0.0,0.0000,0.0000,0.9518,-0.1592,1.9944,0.0000,enc,0.0000
1786025768.684196,0.0999,0.0,0.0,0.0000,0.0000,0.9518,-0.1592,1.9944,0.0000,enc,0.0000
1786025768.786793,0.1026,0.0,0.0,0.0000,0.0000,0.9518,-0.1592,1.9944,0.0000,enc,0.0000
1786025768.886426,0.0996,0.0,0.0,0.0000,0.0000,0.9518,-0.1592,1.9944,0.0000,enc,0.0000
1786025768.991187,0.1048,0.0,0.0,0.0000,0.0000,0.9518,-0.1592,1.9944,0.0000,enc,0.0000
1786025769.092907,0.1017,0.0,0.0,0.0000,0.0000,0.9518,-0.1592,1.9944,0.0000,enc,0.0000
1786025769.194942,0.1020,0.0,0.0,0.0000,0.0000,0.9518,-0.1592,1.9944,0.0000,enc,0.0000
1786025769.294247,0.0993,0.0,0.0,0.0000,0.0000,0.9518,-0.1592,1.9944,0.0000,enc,0.0000
1786025769.399522,0.1053,0.0,0.0,0.0000,0.0000,0.9518,-0.1592,1.9944,0.0000,enc,0.0000
1786025769.497808,0.0983,0.0,0.0,0.0000,0.0000,0.9518,-0.1592,1.9944,0.0000,enc,0.0000
1786025769.600103,0.1023,0.0,0.0,0.0000,0.0000,0.9518,-0.1592,1.9944,0.0000,enc,0.0000
1786025769.705280,0.1052,0.0,0.0,0.0000,0.0000,0.9518,-0.1592,1.9944,0.0000,enc,0.0000
1786025769.804568,0.0993,0.0,0.0,0.0000,0.0000,0.9518,-0.1592,1.9944,0.0000,enc,0.0000
1786025769.906498,0.1019,0.0,0.0,0.0000,0.0000,0.9518,-0.1592,1.9944,0.0000,enc,0.0000
1786025770.010868,0.1044,0.0,0.0,0.0000,0.0000,0.9518,-0.1592,1.9944,0.0000,enc,0.0000
1786025770.110799,0.0999,0.0,0.0,0.0000,0.0000,0.9518,-0.1592,1.9944,0.0000,enc,0.0000
1786025770.212827,0.1020,0.0,0.0,0.0000,0.0000,0.9518,-0.1592,1.9944,0.0000,enc,0.0000
1786025770.318599,0.1058,0.0,0.0,0.0000,0.0000,0.9518,-0.1592,1.9944,0.0000,enc,0.0000
1786025770.420684,0.1021,0.0,0.0,0.0000,0.0000,0.9518,-0.1592,1.9944,0.0000,enc,0.0000
1786025770.519877,0.0992,0.0,0.0,0.0000,0.0000,0.9518,-0.1592,1.9944,0.0000,enc,0.0000
1786025770.624651,0.1048,0.0,0.0,0.0000,0.0000,0.9518,-0.1592,1.9944,0.0000,enc,0.0000
1786025770.726761,0.1021,0.0,0.0,0.0000,0.0000,0.9518,-0.1592,1.9944,0.0000,enc,0.0000
1786025770.828870,0.1021,0.0,0.0,0.0000,0.0000,0.9518,-0.1592,1.9944,0.0000,enc,0.0000
1786025770.931005,0.1021,0.0,0.0,0.0000,0.0000,0.9518,-0.1592,1.9944,0.0000,enc,0.0000
1786025771.032878,0.1019,0.0,0.0,0.0000,0.0000,0.9518,-0.1592,1.9944,0.0000,enc,0.0000
1786025771.134771,0.1019,0.0,0.0,0.0000,0.0000,0.9518,-0.1592,1.9944,0.0000,enc,0.0000
1786025771.237262,0.1025,0.0,0.0,0.0000,0.0000,0.9518,-0.1592,1.9944,0.0000,enc,0.0000
1786025771.343541,0.1063,0.0,0.0,0.0000,0.0000,0.9518,-0.1592,1.9944,0.0000,enc,0.0000
1786025771.441372,0.0978,0.0,0.0,0.0000,0.0000,0.9518,-0.1592,1.9944,0.0000,enc,0.0000
1786025771.543578,0.1022,0.0,0.0,0.0000,0.0000,0.9518,-0.1592,1.9944,0.0000,enc,0.0000
1786025771.645545,0.1020,0.0,0.0,0.0000,0.0000,0.9518,-0.1592,1.9944,0.0000,enc,0.0000
1786025771.747283,0.1017,0.0,0.0,0.0000,0.0000,0.9518,-0.1592,1.9944,0.0000,enc,0.0000
1786025771.849490,0.1022,0.0,0.0,0.0000,0.0000,0.9518,-0.1592,1.9944,0.0000,enc,0.0000
1786025771.952097,0.1026,0.0,0.0,0.0000,0.0000,0.9518,-0.1592,1.9944,0.0000,enc,0.0000
1786025772.053922,0.1018,0.0,0.0,0.0000,0.0000,0.9518,-0.1592,1.9944,0.0000,enc,0.0000
1786025772.155670,0.1017,0.0,0.0,0.0000,0.0000,0.9518,-0.1592,1.9944,0.0000,enc,0.0000
1786025772.258121,0.1025,0.0,0.0,0.0000,0.0000,0.9518,-0.1592,1.9944,0.0000,enc,0.0000
1786025772.359933,0.1018,0.0,0.0,0.0000,0.0000,0.9518,-0.1592,1.9944,0.0000,enc,0.0000
1786025772.459799,0.0999,0.0,0.0,0.0000,0.0000,0.9518,-0.1592,1.9944,0.0000,enc,0.0000
1786025772.567003,0.1072,0.0,0.0,0.0000,0.0000,0.9518,-0.1592,1.9944,0.0000,enc,0.0000
1786025772.664152,0.0971,0.0,0.0,0.0000,0.0000,0.9518,-0.1592,1.9944,0.0000,enc,0.0000
1786025772.779325,0.1152,0.0,0.0,0.0000,0.0000,0.9518,-0.1592,1.9944,0.0000,enc,0.0000
1786025772.875905,0.0966,0.0,0.0,0.0000,0.0000,0.9518,-0.1592,1.9944,0.0000,enc,0.0000
1786025772.970921,0.0950,0.0,0.0,0.0000,0.0000,0.9518,-0.1592,1.9944,0.0000,enc,0.0000
1786025773.074171,0.1032,0.0,0.0,0.0000,0.0000,0.9518,-0.1592,1.9944,0.0000,enc,0.0000
1786025773.178994,0.1048,0.0,0.0,0.0000,0.0000,0.9518,-0.1592,1.9944,0.0000,enc,0.0000
1786025773.278747,0.0998,0.0,0.0,0.0000,0.0000,0.9518,-0.1592,1.9944,0.0000,enc,0.0000
1786025773.381084,0.1023,0.0,0.0,0.0000,0.0000,0.9518,-0.1592,1.9944,0.0000,enc,0.0000
1786025773.483663,0.1026,0.0,0.0,0.0000,0.0000,0.9518,-0.1592,1.9944,0.0000,enc,0.0000
1786025773.586843,0.1032,0.0,0.0,0.0000,0.0000,0.9518,-0.1592,1.9944,0.0000,enc,0.0000
1786025773.688905,0.1021,0.0,0.0,0.0000,0.0000,0.9518,-0.1592,1.9944,0.0000,enc,0.0000
1786025773.793602,0.1047,0.0,0.0,0.0000,0.0000,0.9518,-0.1592,1.9944,0.0000,enc,0.0000
1786025773.892946,0.0993,0.0,0.0,0.0000,0.0000,0.9518,-0.1592,1.9944,0.0000,enc,0.0000
1786025773.996246,0.1033,0.0,0.0,0.0000,0.0000,0.9518,-0.1592,1.9944,0.0000,enc,0.0000
1786025774.097879,0.1016,0.0,0.0,0.0000,0.0000,0.9518,-0.1592,1.9944,0.0000,enc,0.0000
1786025774.202019,0.1041,0.0,0.0,0.0000,0.0000,0.9518,-0.1592,1.9944,0.0000,enc,0.0000
1786025774.303269,0.1012,0.0,0.0,0.0000,0.0000,0.9518,-0.1592,1.9944,0.0000,enc,0.0000
1786025774.405990,0.1027,0.0,0.0,0.0000,0.0000,0.9518,-0.1592,1.9944,0.0000,enc,0.0000
1786025774.507026,0.1010,0.0,0.0,0.0000,0.0000,0.9518,-0.1592,1.9944,0.0000,enc,0.0000
1786025774.609600,0.1026,0.0,0.0,0.0000,0.0000,0.9518,-0.1592,1.9944,0.0000,enc,0.0000
1786025774.707861,0.0983,0.0,0.0,0.0000,0.0000,0.9518,-0.1592,1.9944,0.0000,enc,0.0000
1786025774.814081,0.1062,0.0,0.0,0.0000,0.0000,0.9518,-0.1592,1.9944,0.0000,enc,0.0000
1786025774.911408,0.0973,0.0,0.0,0.0000,0.0000,0.9518,-0.1592,1.9944,0.0000,enc,0.0000
1786025775.012552,0.1011,0.0,0.0,0.0000,0.0000,0.9518,-0.1592,1.9944,0.0000,enc,0.0000
1786025775.268093,0.2555,0.0,0.0,0.0000,0.0000,0.9518,-0.1592,1.9944,0.0000,enc,0.0000
1786025775.270463,0.0024,0.0,0.0,0.0000,0.0000,0.9518,-0.1592,1.9944,0.0000,enc,0.0000
1786025775.327805,0.0573,0.0,0.0,0.0000,0.0000,0.9518,-0.1592,1.9944,0.0000,enc,0.0000
1786025775.522616,0.1948,0.0,0.0,0.0000,0.0000,0.9518,-0.1592,1.9944,0.0000,enc,0.0000
1786025775.530337,0.0077,0.0,0.0,0.0000,0.0000,0.9518,-0.1592,1.9944,0.0000,enc,0.0000
1786025775.767377,0.2370,0.0,0.0,0.0000,0.0000,0.9518,-0.1592,1.9944,0.0000,enc,0.0000
1786025775.767635,0.0003,0.0,0.0,0.0000,0.0000,0.9518,-0.1592,1.9944,0.0000,enc,0.0000
1786025775.831617,0.0640,0.0,0.0,0.0000,0.0000,0.9518,-0.1592,1.9944,0.0000,enc,0.0000
1786025776.012323,0.1807,0.0,0.0,0.0000,0.0000,0.9518,-0.1592,1.9944,0.0000,enc,0.0000
1786025776.035882,0.0236,0.0,0.0,0.0000,0.0000,0.9518,-0.1592,1.9944,0.0000,enc,0.0000
1786025776.266369,0.2305,0.0,0.0,0.0000,0.0000,0.9518,-0.1592,1.9944,0.0000,enc,0.0000
1786025776.269449,0.0031,0.0,0.0,0.0000,0.0000,0.9518,-0.1592,1.9944,0.0000,enc,0.0000
1786025776.346022,0.0766,0.0,0.0,0.0000,0.0000,0.9518,-0.1592,1.9944,0.0000,enc,0.0000
1786025776.521213,0.1752,0.0,0.0,0.0000,0.0000,0.9518,-0.1592,1.9944,0.0000,enc,0.0000
1786025776.546284,0.0251,0.0,0.0,0.0000,0.0000,0.9518,-0.1592,1.9944,0.0000,enc,0.0000
1786025776.774861,0.2286,0.0,0.0,0.0000,0.0000,0.9518,-0.1592,1.9944,0.0000,enc,0.0000
1786025776.775206,0.0003,0.0,0.0,0.0000,0.0000,0.9518,-0.1592,1.9944,0.0000,enc,0.0000
1786025776.856245,0.0810,0.0,0.0,0.0000,0.0000,0.9518,-0.1592,1.9944,0.0000,enc,0.0000
1786025777.024704,0.1685,0.0,0.0,0.0000,0.0000,0.9518,-0.1592,1.9944,0.0000,enc,0.0000
1786025777.057288,0.0326,0.0,0.0,0.0000,0.0000,0.9518,-0.1592,1.9944,0.0000,enc,0.0000
1786025777.274051,0.2168,0.0,0.0,0.0000,0.0000,0.9518,-0.1592,1.9944,0.0000,enc,0.0000
1786025777.274529,0.0005,0.0,0.0,0.0000,0.0000,0.9518,-0.1592,1.9944,0.0000,enc,0.0000
1786025777.366222,0.0917,0.0,0.0,0.0000,0.0000,0.9518,-0.1592,1.9944,0.0000,enc,0.0000
1786025777.522896,0.1567,0.0,0.0,0.0000,0.0000,0.9518,-0.1592,1.9944,0.0000,enc,0.0000
1786025777.567738,0.0448,0.0,0.0,0.0000,0.0000,0.9518,-0.1592,1.9944,0.0000,enc,0.0000
1786025777.773195,0.2055,0.0,0.0,0.0000,0.0000,0.9518,-0.1592,1.9944,0.0000,enc,0.0000
1786025777.775597,0.0024,0.0,0.0,0.0000,0.0000,0.9518,-0.1592,1.9944,0.0000,enc,0.0000
1786025777.873847,0.0983,0.0,0.0,0.0000,0.0000,0.9518,-0.1592,1.9944,0.0000,enc,0.0000
1786025778.024159,0.1503,0.0,0.0,0.0000,0.0000,0.9518,-0.1592,1.9944,0.0000,enc,0.0000
1786025778.077868,0.0537,0.0,0.0,0.0000,0.0000,0.9518,-0.1592,1.9944,0.0000,enc,0.0000
1786025778.274230,0.1964,0.0,0.0,0.0000,0.0000,0.9518,-0.1592,1.9944,0.0000,enc,0.0000
1786025778.283614,0.0094,0.0,0.0,0.0000,0.0000,0.9518,-0.1592,1.9944,0.0000,enc,0.0000
1786025778.524819,0.2412,0.0,0.0,0.0000,0.0000,0.9518,-0.1592,1.9944,0.0000,enc,0.0000
1786025778.525962,0.0011,0.0,0.0,0.0000,0.0000,0.9518,-0.1592,1.9944,0.0000,enc,0.0000
1786025778.591338,0.0654,0.0,0.0,0.0000,0.0000,0.9518,-0.1592,1.9944,0.0000,enc,0.0000
1786025778.776172,0.1848,0.0,0.0,0.0000,0.0000,0.9518,-0.1592,1.9944,0.0000,enc,0.0000
1786025778.795673,0.0195,0.0,0.0,0.0000,0.0000,0.9518,-0.1592,1.9944,0.0000,enc,0.0000
1786025779.026647,0.2310,0.0,0.0,0.0000,0.0000,0.9518,-0.1592,1.9944,0.0000,enc,0.0000
1786025779.027835,0.0012,0.0,0.0,0.0000,0.0000,0.9518,-0.1592,1.9944,0.0000,enc,0.0000
1786025779.102023,0.0742,0.0,0.0,0.0000,0.0000,0.9518,-0.1592,1.9944,0.0000,enc,0.0000
1786025779.279565,0.1775,0.0,0.0,0.0000,0.0000,0.9518,-0.1592,1.9944,0.0000,enc,0.0000
1786025779.305976,0.0264,0.0,0.0,0.0000,0.0000,0.9518,-0.1592,1.9944,0.0000,enc,0.0000
1786025779.536388,0.2304,0.0,0.0,0.0000,0.0000,0.9518,-0.1592,1.9944,0.0000,enc,0.0000
1786025779.536972,0.0006,0.0,0.0,0.0000,0.0000,0.9518,-0.1592,1.9944,0.0000,enc,0.0000
1786025779.609455,0.0725,0.0,0.0,0.0000,0.0000,0.9518,-0.1592,1.9944,0.0000,enc,0.0000
1786025779.791476,0.1820,0.0,0.0,0.0000,0.0000,0.9518,-0.1592,1.9944,0.0000,enc,0.0000
1786025779.814644,0.0232,0.0,0.0,0.0000,0.0000,0.9518,-0.1592,1.9944,0.0000,enc,0.0000
1786025780.045578,0.2309,0.0,0.0,0.0000,0.0000,0.9518,-0.1592,1.9944,0.0000,enc,0.0000
1786025780.046170,0.0006,0.0,0.0,0.0000,0.0000,0.9518,-0.1592,1.9944,0.0000,enc,0.0000
1786025780.120901,0.0747,0.0,0.0,0.0000,0.0000,0.9518,-0.1592,1.9944,0.0000,enc,0.0000
1786025780.227101,0.1062,0.0,0.0,0.0000,0.0000,0.9518,-0.1592,1.9944,0.0000,enc,0.0000
1786025780.324778,0.0977,0.0,0.0,0.0000,0.0000,0.9518,-0.1592,1.9944,0.0000,enc,0.0000
1786025780.427073,0.1023,0.0,0.0,0.0000,0.0000,0.9518,-0.1592,1.9944,0.0000,enc,0.0000
1786025780.533919,0.1068,0.0,0.0,0.0000,0.0000,0.9518,-0.1592,1.9944,0.0000,enc,0.0000
1786025780.631516,0.0976,0.0,0.0,0.0000,0.0000,0.9518,-0.1592,1.9944,0.0000,enc,0.0000
1786025780.740932,0.1094,0.0,0.0,0.0000,0.0000,0.9518,-0.1592,1.9944,0.0000,enc,0.0000
1786025780.844022,0.1031,0.0,0.0,0.0000,0.0000,0.9518,-0.1592,1.9944,0.0000,enc,0.0000
1786025780.946170,0.1021,0.0,0.0,0.0000,0.0000,0.9518,-0.1592,1.9944,0.0000,enc,0.0000
1786025781.039822,0.0937,0.0,0.0,0.0000,0.0000,0.9518,-0.1592,1.9944,0.0000,enc,0.0000
1786025781.146996,0.1072,0.0,0.0,0.0000,0.0000,0.9518,-0.1592,1.9944,0.0000,enc,0.0000
1786025781.247958,0.1010,0.0,0.0,0.0000,0.0000,0.9518,-0.1592,1.9944,0.0000,enc,0.0000
1786025781.377506,0.1295,0.0,0.0,0.0000,0.0000,0.9518,-0.1592,1.9944,0.0000,enc,0.0000
1786025781.454519,0.0770,0.0,0.0,0.0000,0.0000,0.9518,-0.1592,1.9944,0.0000,enc,0.0000
1786025781.553113,0.0986,0.0,0.0,0.0000,0.0000,0.9518,-0.1592,1.9944,0.0000,enc,0.0000
1786025781.656966,0.1039,0.0,0.0,0.0000,0.0000,0.9518,-0.1592,1.9944,0.0000,enc,0.0000
1786025781.758549,0.1016,0.0,0.0,0.0000,0.0000,0.9518,-0.1592,1.9944,0.0000,enc,0.0000
1786025781.860686,0.1021,0.0,0.0,0.0000,0.0000,0.9518,-0.1592,1.9944,0.0000,enc,0.0000
1786025781.962711,0.1020,0.0,0.0,0.0000,0.0000,0.9518,-0.1592,1.9944,0.0000,enc,0.0000
1786025782.066887,0.1042,0.0,0.0,0.0000,0.0000,0.9518,-0.1592,1.9944,0.0000,enc,0.0000
1786025782.170009,0.1031,0.0,0.0,0.0000,0.0000,0.9518,-0.1592,1.9944,0.0000,enc,0.0000
1786025782.270884,0.1009,0.0,0.0,0.0000,0.0000,0.9518,-0.1592,1.9944,0.0000,enc,0.0000
1786025782.372665,0.1018,0.0,0.0,0.0000,0.0000,0.9518,-0.1592,1.9944,0.0000,enc,0.0000
1786025782.474977,0.1023,0.0,0.0,0.0000,0.0000,0.9518,-0.1592,1.9944,0.0000,enc,0.0000
1786025782.574856,0.0999,0.0,0.0,0.0000,0.0000,0.9518,-0.1592,1.9944,0.0000,enc,0.0000
1786025782.674500,0.0996,0.0,0.0,0.0000,0.0000,0.9518,-0.1592,1.9944,0.0000,enc,0.0000
1786025782.784000,0.1095,0.0,0.0,0.0000,0.0000,0.9518,-0.1592,1.9944,0.0000,enc,0.0000
1786025782.881872,0.0979,0.0,0.0,0.0000,0.0000,0.9518,-0.1592,1.9944,0.0000,enc,0.0000
1786025782.983933,0.1021,0.0,0.0,0.0000,0.0000,0.9518,-0.1592,1.9944,0.0000,enc,0.0000
1786025783.087487,0.1036,0.0,0.0,0.0000,0.0000,0.9518,-0.1592,1.9944,0.0000,enc,0.0000
1786025783.186575,0.0991,0.0,0.0,0.0000,0.0000,0.9518,-0.1592,1.9944,0.0000,enc,0.0000
1786025783.288851,0.1023,0.0,0.0,0.0000,0.0000,0.9518,-0.1592,1.9944,0.0000,enc,0.0000
1786025783.396007,0.1072,0.0,0.0,0.0000,0.0000,0.9518,-0.1592,1.9944,0.0000,enc,0.0000
1786025783.493734,0.0977,0.0,0.0,0.0000,0.0000,0.9518,-0.1592,1.9944,0.0000,enc,0.0000
1786025783.594771,0.1010,0.0,0.0,0.0000,0.0000,0.9518,-0.1592,1.9944,0.0000,enc,0.0000
1786025783.702018,0.1072,0.0,0.0,0.0000,0.0000,0.9518,-0.1592,1.9944,0.0000,enc,0.0000
1786025783.803653,0.1016,0.0,0.0,0.0000,0.0000,0.9518,-0.1592,1.9944,0.0000,enc,0.0000
1786025783.900924,0.0973,0.0,0.0,0.0000,0.0000,0.9518,-0.1592,1.9944,0.0000,enc,0.0000
1786025784.008788,0.1079,0.0,0.0,0.0000,0.0000,0.9518,-0.1592,1.9944,0.0000,enc,0.0000
1786025784.108921,0.1001,0.0,0.0,0.0000,0.0000,0.9518,-0.1592,1.9944,0.0000,enc,0.0000
1786025784.211143,0.1022,0.0,0.0,0.0000,0.0000,0.9518,-0.1592,1.9944,0.0000,enc,0.0000
1786025784.313494,0.1024,0.0,0.0,0.0000,0.0000,0.9518,-0.1592,1.9944,0.0000,enc,0.0000
1786025784.415818,0.1023,0.0,0.0,0.0000,0.0000,0.9518,-0.1592,1.9944,0.0000,enc,0.0000
1786025784.517007,0.1012,0.0,0.0,0.0000,0.0000,0.9518,-0.1592,1.9944,0.0000,enc,0.0000
1786025784.619206,0.1022,0.0,0.0,0.0000,0.0000,0.9518,-0.1592,1.9944,0.0000,enc,0.0000
1786025784.721390,0.1022,0.0,0.0,0.0000,0.0000,0.9518,-0.1592,1.9944,0.0000,enc,0.0000
1786025784.823669,0.1023,0.0,0.0,0.0000,0.0000,0.9518,-0.1592,1.9944,0.0000,enc,0.0000
1786025784.925454,0.1018,0.0,0.0,0.0000,0.0000,0.9518,-0.1592,1.9944,0.0000,enc,0.0000
1786025785.027447,0.1020,0.0,0.0,0.0000,0.0000,0.9518,-0.1592,1.9944,0.0000,enc,0.0000
1786025785.129735,0.1023,0.0,0.0,0.0000,0.0000,0.9518,-0.1592,1.9944,0.0000,enc,0.0000
1786025785.231983,0.1022,0.0,0.0,0.0000,0.0000,0.9518,-0.1592,1.9944,0.0000,enc,0.0000
1786025785.334578,0.1026,0.0,0.0,0.0000,0.0000,0.9518,-0.1592,1.9944,0.0000,enc,0.0000
1786025785.433820,0.0992,0.0,0.0,0.0000,0.0000,0.9518,-0.1592,1.9944,0.0000,enc,0.0000
1786025785.535277,0.1015,0.0,0.0,0.0000,0.0000,0.9518,-0.1592,1.9944,0.0000,enc,0.0000
1786025785.642056,0.1068,0.0,0.0,0.0000,0.0000,0.9518,-0.1592,1.9944,0.0000,enc,0.0000
1786025785.740178,0.0981,0.0,0.0,0.0000,0.0000,0.9518,-0.1592,1.9944,0.0000,enc,0.0000
1786025785.842335,0.1022,0.0,0.0,0.0000,0.0000,0.9518,-0.1592,1.9944,0.0000,enc,0.0000
1786025785.949090,0.1068,0.0,0.0,0.0000,0.0000,0.9518,-0.1592,1.9944,0.0000,enc,0.0000
1786025786.046757,0.0977,0.0,0.0,0.0000,0.0000,0.9518,-0.1592,1.9944,0.0000,enc,0.0000
1786025786.149124,0.1024,0.0,0.0,0.0000,0.0000,0.9518,-0.1592,1.9944,0.0000,enc,0.0000
1786025786.254999,0.1059,0.0,0.0,0.0000,0.0000,0.9518,-0.1592,1.9944,0.0000,enc,0.0000
1786025786.353922,0.0989,0.0,0.0,0.0000,0.0000,0.9518,-0.1592,1.9944,0.0000,enc,0.0000
1786025786.456827,0.1029,0.0,0.0,0.0000,0.0000,0.9518,-0.1592,1.9944,0.0000,enc,0.0000
1786025786.563232,0.1064,0.0,0.0,0.0000,0.0000,0.9518,-0.1592,1.9944,0.0000,enc,0.0000
1786025786.659582,0.0964,0.0,0.0,0.0000,0.0000,0.9518,-0.1592,1.9944,0.0000,enc,0.0000
1786025786.761828,0.1022,0.0,0.0,0.0000,0.0000,0.9518,-0.1592,1.9944,0.0000,enc,0.0000
1786025786.867327,0.1055,0.0,0.0,0.0000,0.0000,0.9518,-0.1592,1.9944,0.0000,enc,0.0000
1786025786.971208,0.1039,0.0,0.0,0.0000,0.0000,0.9518,-0.1592,1.9944,0.0000,enc,0.0000
1786025787.072149,0.1009,0.0,0.0,0.0000,0.0000,0.9518,-0.1592,1.9944,0.0000,enc,0.0000
1786025787.173989,0.1018,0.0,0.0,0.0000,0.0000,0.9518,-0.1592,1.9944,0.0000,enc,0.0000
1786025787.275881,0.1019,0.0,0.0,0.0000,0.0000,0.9518,-0.1592,1.9944,0.0000,enc,0.0000
1786025787.378156,0.1023,0.0,0.0,0.0000,0.0000,0.9518,-0.1592,1.9944,0.0000,enc,0.0000
1786025787.481604,0.1034,0.0,0.0,0.0000,0.0000,0.9518,-0.1592,1.9944,0.0000,enc,0.0000
1786025787.581376,0.0998,0.0,0.0,0.0000,0.0000,0.9518,-0.1592,1.9944,0.0000,enc,0.0000
1786025787.684912,0.1035,0.0,0.0,0.0000,0.0000,0.9518,-0.1592,1.9944,0.0000,enc,0.0000
1786025787.783876,0.0990,0.0,0.0,0.0000,0.0000,0.9518,-0.1592,1.9944,0.0000,enc,0.0000
1786025787.888939,0.1051,0.0,0.0,0.0000,0.0000,0.9518,-0.1592,1.9944,0.0000,enc,0.0000
1786025787.988806,0.0999,0.0,0.0,0.0000,0.0000,0.9518,-0.1592,1.9944,0.0000,enc,0.0000
1786025788.089807,0.1010,0.0,0.0,0.0000,0.0000,0.9518,-0.1592,1.9944,0.0000,enc,0.0000
1786025788.195630,0.1058,0.0,0.0,0.0000,0.0000,0.9518,-0.1592,1.9944,0.0000,enc,0.0000
1786025788.294734,0.0991,0.0,0.0,0.0000,0.0000,0.9518,-0.1592,1.9944,0.0000,enc,0.0000
1786025788.396845,0.1021,0.0,0.0,0.0000,0.0000,0.9518,-0.1592,1.9944,0.0000,enc,0.0000
1786025788.501809,0.1050,0.0,0.0,0.0000,0.0000,0.9518,-0.1592,1.9944,0.0000,enc,0.0000
1786025788.603039,0.1012,0.0,0.0,0.0000,0.0000,0.9518,-0.1592,1.9944,0.0000,enc,0.0000
1786025788.709532,0.1065,0.0,0.0,0.0000,0.0000,0.9518,-0.1592,1.9944,0.0000,enc,0.0000
1786025788.809449,0.0999,0.0,0.0,0.0000,0.0000,0.9518,-0.1592,1.9944,0.0000,enc,0.0000
1786025788.907608,0.0982,0.0,0.0,0.0000,0.0000,0.9518,-0.1592,1.9944,0.0000,enc,0.0000
1786025789.012299,0.1047,0.0,0.0,0.0000,0.0000,0.9518,-0.1592,1.9944,0.0000,enc,0.0000
1786025789.117017,0.1047,0.0,0.0,0.0000,0.0000,0.9518,-0.1592,1.9944,0.0000,enc,0.0000
1786025789.218983,0.1020,0.0,0.0,0.0000,0.0000,0.9518,-0.1592,1.9944,0.0000,enc,0.0000
1786025789.317583,0.0986,0.0,0.0,0.0000,0.0000,0.9518,-0.1592,1.9944,0.0000,enc,0.0000
1786025789.421604,0.1040,0.0,0.0,0.0000,0.0000,0.9518,-0.1592,1.9944,0.0000,enc,0.0000
1786025789.523551,0.1019,0.0,0.0,0.0000,0.0000,0.9518,-0.1592,1.9944,0.0000,enc,0.0000
1786025789.626773,0.1032,0.0,0.0,0.0000,0.0000,0.9518,-0.1592,1.9944,0.0000,enc,0.0000
1786025789.727005,0.1002,0.0,0.0,0.0000,0.0000,0.9518,-0.1592,1.9944,0.0000,enc,0.0000
1786025790.045291,0.3183,0.0,0.0,0.0000,0.0000,0.9518,-0.1592,1.9944,0.0000,enc,0.0000
1786025790.047809,0.0025,0.0,0.0,0.0000,0.0000,0.9518,-0.1592,1.9944,0.0000,enc,0.0000
1786025790.053788,0.0060,0.0,0.0,0.0000,0.0000,0.9518,-0.1592,1.9944,0.0000,enc,0.0000
1786025790.264357,0.2106,0.0,0.0,0.0000,0.0000,0.9518,-0.1592,1.9944,0.0000,enc,0.0000
1786025790.265503,0.0011,0.0,0.0,0.0000,0.0000,0.9518,-0.1592,1.9944,0.0000,enc,0.0000
1786025790.339905,0.0744,0.0,0.0,0.0000,0.0000,0.9518,-0.1592,1.9944,0.0000,enc,0.0000
1786025790.508352,0.1684,0.0,0.0,0.0000,0.0000,0.9518,-0.1592,1.9944,0.0000,enc,0.0000
1786025790.548716,0.0404,0.0,0.0,0.0000,0.0000,0.9518,-0.1592,1.9944,0.0000,enc,0.0000
1786025790.744085,0.1954,0.0,0.0,0.0000,0.0000,0.9518,-0.1592,1.9944,0.0000,enc,0.0000
1786025790.748559,0.0045,0.0,0.0,0.0000,0.0000,0.9518,-0.1592,1.9944,0.0000,enc,0.0000
1786025790.993847,0.2453,0.0,0.0,0.0000,0.0000,0.9518,-0.1592,1.9944,0.0000,enc,0.0000
1786025790.995685,0.0018,0.0,0.0,0.0000,0.0000,0.9518,-0.1592,1.9944,0.0000,enc,0.0000
1786025791.059463,0.0638,0.0,0.0,0.0000,0.0000,0.9518,-0.1592,1.9944,0.0000,enc,0.0000
1786025791.235026,0.1756,0.0,0.0,0.0000,0.0000,0.9518,-0.1592,1.9944,0.0000,enc,0.0000
1786025791.258948,0.0239,0.0,0.0,0.0000,0.0000,0.9518,-0.1592,1.9944,0.0000,enc,0.0000
1786025791.492342,0.2334,0.0,0.0,0.0000,0.0000,0.9518,-0.1592,1.9944,0.0000,enc,0.0000
1786025791.492509,0.0002,0.0,0.0,0.0000,0.0000,0.9518,-0.1592,1.9944,0.0000,enc,0.0000
1786025791.565353,0.0728,0.0,0.0,0.0000,0.0000,0.9518,-0.1592,1.9944,0.0000,enc,0.0000
1786025791.742046,0.1767,0.0,0.0,0.0000,0.0000,0.9518,-0.1592,1.9944,0.0000,enc,0.0000
1786025791.770350,0.0283,0.0,0.0,0.0000,0.0000,0.9518,-0.1592,1.9944,0.0000,enc,0.0000
1786025791.993693,0.2233,0.0,0.0,0.0000,0.0000,0.9518,-0.1592,1.9944,0.0000,enc,0.0000
1786025791.995797,0.0021,0.0,0.0,0.0000,0.0000,0.9518,-0.1592,1.9944,0.0000,enc,0.0000
1786025792.076284,0.0805,0.0,0.0,0.0000,0.0000,0.9518,-0.1592,1.9944,0.0000,enc,0.0000
1786025792.241812,0.1655,0.0,0.0,0.0000,0.0000,0.9518,-0.1592,1.9944,0.0000,enc,0.0000
1786025792.283635,0.0418,0.0,0.0,0.0000,0.0000,0.9518,-0.1592,1.9944,0.0000,enc,0.0000
1786025792.492100,0.2085,0.0,0.0,0.0000,0.0000,0.9518,-0.1592,1.9944,0.0000,enc,0.0000
1786025792.493649,0.0015,0.0,0.0,0.0000,0.0000,0.9518,-0.1592,1.9944,0.0000,enc,0.0000
1786025792.590966,0.0973,0.0,0.0,0.0000,0.0000,0.9518,-0.1592,1.9944,0.0000,enc,0.0000
1786025792.742011,0.1510,0.0,0.0,0.0000,0.0000,0.9518,-0.1592,1.9944,0.0000,enc,0.0000
1786025792.794715,0.0527,0.0,0.0,0.0000,0.0000,0.9518,-0.1592,1.9944,0.0000,enc,0.0000
1786025793.004313,0.2096,0.0,0.0,0.0000,0.0000,0.9518,-0.1592,1.9944,0.0000,enc,0.0000
1786025793.004760,0.0004,0.0,0.0,0.0000,0.0000,0.9518,-0.1592,1.9944,0.0000,enc,0.0000
1786025793.258914,0.2542,0.0,0.0,0.0000,0.0000,0.9518,-0.1592,1.9944,0.0000,enc,0.0000
1786025793.259130,0.0002,0.0,0.0,0.0000,0.0000,0.9518,-0.1592,1.9944,0.0000,enc,0.0000
1786025793.317913,0.0588,0.0,0.0,0.0000,0.0000,0.9518,-0.1592,1.9944,0.0000,enc,0.0000
1786025793.492238,0.1743,0.0,0.0,0.0000,0.0000,0.9518,-0.1592,1.9944,0.0000,enc,0.0000
1786025793.505854,0.0136,0.0,0.0,0.0000,0.0000,0.9518,-0.1592,1.9944,0.0000,enc,0.0000
1786025793.741917,0.2361,0.0,0.0,0.0000,0.0000,0.9518,-0.1592,1.9944,0.0000,enc,0.0000
1786025793.741958,0.0000,0.0,0.0,0.0000,0.0000,0.9518,-0.1592,1.9944,0.0000,enc,0.0000
1786025793.813177,0.0712,0.0,0.0,0.0000,0.0000,0.9518,-0.1592,1.9944,0.0000,enc,0.0000
1786025793.993376,0.1802,0.0,0.0,0.0000,0.0000,0.9518,-0.1592,1.9944,0.0000,enc,0.0000
1786025794.016786,0.0234,0.0,0.0,0.0000,0.0000,0.9518,-0.1592,1.9944,0.0000,enc,0.0000
1786025794.243173,0.2264,0.0,0.0,0.0000,0.0000,0.9518,-0.1592,1.9944,0.0000,enc,0.0000
1786025794.243263,0.0001,0.0,0.0,0.0000,0.0000,0.9518,-0.1592,1.9944,0.0000,enc,0.0000
1786025794.323335,0.0801,0.0,0.0,0.0000,0.0000,0.9518,-0.1592,1.9944,0.0000,enc,0.0000
1786025794.498719,0.1754,0.0,0.0,0.0000,0.0000,0.9518,-0.1592,1.9944,0.0000,enc,0.0000
1786025794.527707,0.0290,0.0,0.0,0.0000,0.0000,0.9518,-0.1592,1.9944,0.0000,enc,0.0000
1786025794.756670,0.2290,0.0,0.0,0.0000,0.0000,0.9518,-0.1592,1.9944,0.0000,enc,0.0000
1786025794.760571,0.0039,0.0,0.0,0.0000,0.0000,0.9518,-0.1592,1.9944,0.0000,enc,0.0000
1786025794.839472,0.0789,0.0,0.0,0.0000,0.0000,0.9518,-0.1592,1.9944,0.0000,enc,0.0000
1786025795.009120,0.1696,0.0,0.0,0.0000,0.0000,0.9518,-0.1592,1.9944,0.0000,enc,0.0000
1786025795.038054,0.0289,0.0,0.0,0.0000,0.0000,0.9518,-0.1592,1.9944,0.0000,enc,0.0000
1786025795.143354,0.1053,0.0,0.0,0.0000,0.0000,0.9518,-0.1592,1.9944,0.0000,enc,0.0000
1786025795.245367,0.1020,0.0,0.0,0.0000,0.0000,0.9518,-0.1592,1.9944,0.0000,enc,0.0000
1786025795.349481,0.1041,0.0,0.0,0.0000,0.0000,0.9518,-0.1592,1.9944,0.0000,enc,0.0000
1786025795.446839,0.0974,0.0,0.0,0.0000,0.0000,0.9518,-0.1592,1.9944,0.0000,enc,0.0000
1786025795.552095,0.1053,0.0,0.0,0.0000,0.0000,0.9518,-0.1592,1.9944,0.0000,enc,0.0000
1786025795.650875,0.0988,0.0,0.0,0.0000,0.0000,0.9518,-0.1592,1.9944,0.0000,enc,0.0000
1786025795.755057,0.1042,0.0,0.0,0.0000,0.0000,0.9518,-0.1592,1.9944,0.0000,enc,0.0000
1786025795.860415,0.1054,0.0,0.0,0.0000,0.0000,0.9518,-0.1592,1.9944,0.0000,enc,0.0000
1786025795.959457,0.0990,0.0,0.0,0.0000,0.0000,0.9518,-0.1592,1.9944,0.0000,enc,0.0000
1786025796.060991,0.1015,0.0,0.0,0.0000,0.0000,0.9518,-0.1592,1.9944,0.0000,enc,0.0000
1786025796.165635,0.1046,0.0,0.0,0.0000,0.0000,0.9518,-0.1592,1.9944,0.0000,enc,0.0000
1786025796.265283,0.0996,0.0,0.0,0.0000,0.0000,0.9518,-0.1592,1.9944,0.0000,enc,0.0000
1786025796.367778,0.1025,0.0,0.0,0.0000,0.0000,0.9518,-0.1592,1.9944,0.0000,enc,0.0000
1786025796.472614,0.1048,0.0,0.0,0.0000,0.0000,0.9518,-0.1592,1.9944,0.0000,enc,0.0000
1786025796.572799,0.1002,0.0,0.0,0.0000,0.0000,0.9518,-0.1592,1.9944,0.0000,enc,0.0000
1786025796.673548,0.1007,0.0,0.0,0.0000,0.0000,0.9518,-0.1592,1.9944,0.0000,enc,0.0000
1786025796.778045,0.1045,0.0,0.0,0.0000,0.0000,0.9518,-0.1592,1.9944,0.0000,enc,0.0000
1786025796.880913,0.1029,0.0,0.0,0.0000,0.0000,0.9518,-0.1592,1.9944,0.0000,enc,0.0000
1786025796.983843,0.1029,0.0,0.0,0.0000,0.0000,0.9518,-0.1592,1.9944,0.0000,enc,0.0000
1786025797.085579,0.1017,0.0,0.0,0.0000,0.0000,0.9518,-0.1592,1.9944,0.0000,enc,0.0000
1786025797.187691,0.1021,0.0,0.0,0.0000,0.0000,0.9518,-0.1592,1.9944,0.0000,enc,0.0000
1786025797.290091,0.1024,0.0,0.0,0.0000,0.0000,0.9518,-0.1592,1.9944,0.0000,enc,0.0000
1786025797.392129,0.1020,0.0,0.0,0.0000,0.0000,0.9518,-0.1592,1.9944,0.0000,enc,0.0000
1786025797.493770,0.1016,0.0,0.0,0.0000,0.0000,0.9518,-0.1592,1.9944,0.0000,enc,0.0000
1786025797.597003,0.1032,0.0,0.0,0.0000,0.0000,0.9518,-0.1592,1.9944,0.0000,enc,0.0000
1786025797.698845,0.1018,0.0,0.0,0.0000,0.0000,0.9518,-0.1592,1.9944,0.0000,enc,0.0000
1786025797.800807,0.1020,0.0,0.0,0.0000,0.0000,0.9518,-0.1592,1.9944,0.0000,enc,0.0000
1786025797.902396,0.1016,0.0,0.0,0.0000,0.0000,0.9518,-0.1592,1.9944,0.0000,enc,0.0000
1786025798.002672,0.1003,0.0,0.0,0.0000,0.0000,0.9518,-0.1592,1.9944,0.0000,enc,0.0000
1786025798.107644,0.1050,0.0,0.0,0.0000,0.0000,0.9518,-0.1592,1.9944,0.0000,enc,0.0000
1786025798.206357,0.0987,0.0,0.0,0.0000,0.0000,0.9518,-0.1592,1.9944,0.0000,enc,0.0000
1786025798.309459,0.1031,0.0,0.0,0.0000,0.0000,0.9518,-0.1592,1.9944,0.0000,enc,0.0000
1786025798.415127,0.1057,0.0,0.0,0.0000,0.0000,0.9518,-0.1592,1.9944,0.0000,enc,0.0000
1786025798.515441,0.1003,0.0,0.0,0.0000,0.0000,0.9518,-0.1592,1.9944,0.0000,enc,0.0000
1786025798.617284,0.1018,0.0,0.0,0.0000,0.0000,0.9518,-0.1592,1.9944,0.0000,enc,0.0000
1786025798.721693,0.1044,0.0,0.0,0.0000,0.0000,0.9518,-0.1592,1.9944,0.0000,enc,0.0000
1786025798.820223,0.0985,0.0,0.0,0.0000,0.0000,0.9518,-0.1592,1.9944,0.0000,enc,0.0000
1786025798.922760,0.1025,0.0,0.0,0.0000,0.0000,0.9518,-0.1592,1.9944,0.0000,enc,0.0000
1786025799.027985,0.1052,0.0,0.0,0.0000,0.0000,0.9518,-0.1592,1.9944,0.0000,enc,0.0000
1786025799.127035,0.0991,0.0,0.0,0.0000,0.0000,0.9518,-0.1592,1.9944,0.0000,enc,0.0000
1786025799.228326,0.1013,0.0,0.0,0.0000,0.0000,0.9518,-0.1592,1.9944,0.0000,enc,0.0000
1786025799.334244,0.1059,0.0,0.0,0.0000,0.0000,0.9518,-0.1592,1.9944,0.0000,enc,0.0000
1786025799.436300,0.1021,0.0,0.0,0.0000,0.0000,0.9518,-0.1592,1.9944,0.0000,enc,0.0000
1786025799.538430,0.1021,0.0,0.0,0.0000,0.0000,0.9518,-0.1592,1.9944,0.0000,enc,0.0000
1786025799.641970,0.1035,0.0,0.0,0.0000,0.0000,0.9518,-0.1592,1.9944,0.0000,enc,0.0000
1786025799.742331,0.1004,0.0,0.0,0.0000,0.0000,0.9518,-0.1592,1.9944,0.0000,enc,0.0000
1786025799.842443,0.1001,0.0,0.0,0.0000,0.0000,0.9518,-0.1592,1.9944,0.0000,enc,0.0000
1786025799.947152,0.1047,0.0,0.0,0.0000,0.0000,0.9518,-0.1592,1.9944,0.0000,enc,0.0000
1786025800.050391,0.1032,0.0,0.0,0.0000,0.0000,0.9518,-0.1592,1.9944,0.0000,enc,0.0000
1786025800.150996,0.1006,0.0,0.0,0.0000,0.0000,0.9518,-0.1592,1.9944,0.0000,enc,0.0000
1786025800.253814,0.1028,0.0,0.0,0.0000,0.0000,0.9518,-0.1592,1.9944,0.0000,enc,0.0000
1786025800.355490,0.1017,0.0,0.0,0.0000,0.0000,0.9518,-0.1592,1.9944,0.0000,enc,0.0000
1786025800.458480,0.1030,0.0,0.0,0.0000,0.0000,0.9518,-0.1592,1.9944,0.0000,enc,0.0000
1786025800.558923,0.1004,0.0,0.0,0.0000,0.0000,0.9518,-0.1592,1.9944,0.0000,enc,0.0000
1786025800.661750,0.1028,0.0,0.0,0.0000,0.0000,0.9518,-0.1592,1.9944,0.0000,enc,0.0000
1786025800.763454,0.1017,0.0,0.0,0.0000,0.0000,0.9518,-0.1592,1.9944,0.0000,enc,0.0000
1786025800.865379,0.1019,0.0,0.0,0.0000,0.0000,0.9518,-0.1592,1.9944,0.0000,enc,0.0000
1786025800.967843,0.1025,0.0,0.0,0.0000,0.0000,0.9518,-0.1592,1.9944,0.0000,enc,0.0000
1786025801.067218,0.0994,0.0,0.0,0.0000,0.0000,0.9518,-0.1592,1.9944,0.0000,enc,0.0000
1786025801.169715,0.1025,0.0,0.0,0.0000,0.0000,0.9518,-0.1592,1.9944,0.0000,enc,0.0000
1786025801.291266,0.1216,0.0,0.0,0.0000,0.0000,0.9518,-0.1592,1.9944,0.0000,enc,0.0000
1786025801.373833,0.0826,0.0,0.0,0.0000,0.0000,0.9518,-0.1592,1.9944,0.0000,enc,0.0000
1786025801.475821,0.1020,0.0,0.0,0.0000,0.0000,0.9518,-0.1592,1.9944,0.0000,enc,0.0000
1786025801.584248,0.1084,0.0,0.0,0.0000,0.0000,0.9518,-0.1592,1.9944,0.0000,enc,0.0000
1786025801.680193,0.0959,0.0,0.0,0.0000,0.0000,0.9518,-0.1592,1.9944,0.0000,enc,0.0000
1786025801.782517,0.1023,0.0,0.0,0.0000,0.0000,0.9518,-0.1592,1.9944,0.0000,enc,0.0000
1786025801.892840,0.1103,0.0,0.0,0.0000,0.0000,0.9518,-0.1592,1.9944,0.0000,enc,0.0000
1786025801.992923,0.1001,0.0,0.0,0.0000,0.0000,0.9518,-0.1592,1.9944,0.0000,enc,0.0000
1786025802.088033,0.0951,0.0,0.0,0.0000,0.0000,0.9518,-0.1592,1.9944,0.0000,enc,0.0000
1786025802.194203,0.1062,0.0,0.0,0.0000,0.0000,0.9518,-0.1592,1.9944,0.0000,enc,0.0000
1786025802.295482,0.1013,0.0,0.0,0.0000,0.0000,0.9518,-0.1592,1.9944,0.0000,enc,0.0000
1786025802.398165,0.1027,0.0,0.0,0.0000,0.0000,0.9518,-0.1592,1.9944,0.0000,enc,0.0000
1786025802.509642,0.1115,0.0,0.0,0.0000,0.0000,0.9518,-0.1592,1.9944,0.0000,enc,0.0000
1786025802.618370,0.1087,0.0,0.0,0.0000,0.0000,0.9518,-0.1592,1.9944,0.0000,enc,0.0000
1786025802.728874,0.1105,0.0,0.0,0.0000,0.0000,0.9518,-0.1592,1.9944,0.0000,enc,0.0000
1786025802.815139,0.0863,0.0,0.0,0.0000,0.0000,0.9518,-0.1592,1.9944,0.0000,enc,0.0000
1786025802.913972,0.0988,0.0,0.0,0.0000,0.0000,0.9518,-0.1592,1.9944,0.0000,enc,0.0000
1786025803.027934,0.1140,0.0,0.0,0.0000,0.0000,0.9518,-0.1592,1.9944,0.0000,enc,0.0000
1786025803.122429,0.0945,0.0,0.0,0.0000,0.0000,0.9518,-0.1592,1.9944,0.0000,enc,0.0000
1786025803.215945,0.0935,0.0,0.0,0.0000,0.0000,0.9518,-0.1592,1.9944,0.0000,enc,0.0000
1786025803.331417,0.1155,0.0,0.0,0.0000,0.0000,0.9518,-0.1592,1.9944,0.0000,enc,0.0000
1786025803.433451,0.1020,0.0,0.0,0.0000,0.0000,0.9518,-0.1592,1.9944,0.0000,enc,0.0000
1786025803.523296,0.0898,0.0,0.0,0.0000,0.0000,0.9518,-0.1592,1.9944,0.0000,enc,0.0000
1786025803.624874,0.1016,0.0,0.0,0.0000,0.0000,0.9518,-0.1592,1.9944,0.0000,enc,0.0000
1786025803.724528,0.0997,0.0,0.0,0.0000,0.0000,0.9518,-0.1592,1.9944,0.0000,enc,0.0000
1786025803.829140,0.1046,0.0,0.0,0.0000,0.0000,0.9518,-0.1592,1.9944,0.0000,enc,0.0000
1786025803.928386,0.0992,0.0,0.0,0.0000,0.0000,0.9518,-0.1592,1.9944,0.0000,enc,0.0000
1786025804.030562,0.1022,0.0,0.0,0.0000,0.0000,0.9518,-0.1592,1.9944,0.0000,enc,0.0000
1786025804.135549,0.1050,0.0,0.0,0.0000,0.0000,0.9518,-0.1592,1.9944,0.0000,enc,0.0000
1786025804.235254,0.0997,0.0,0.0,0.0000,0.0000,0.9518,-0.1592,1.9944,0.0000,enc,0.0000
1786025804.338155,0.1029,0.0,0.0,0.0000,0.0000,0.9518,-0.1592,1.9944,0.0000,enc,0.0000
1786025804.441133,0.1030,0.0,0.0,0.0000,0.0000,0.9518,-0.1592,1.9944,0.0000,enc,0.0000
1786025804.545014,0.1039,0.0,0.0,0.0000,0.0000,0.9518,-0.1592,1.9944,0.0000,enc,0.0000
1786025804.646526,0.1015,0.0,0.0,0.0000,0.0000,0.9518,-0.1592,1.9944,0.0000,enc,0.0000
1786025804.747761,0.1012,0.0,0.0,0.0000,0.0000,0.9518,-0.1592,1.9944,0.0000,enc,0.0000
1786025804.850461,0.1027,0.0,0.0,0.0000,0.0000,0.9518,-0.1592,1.9944,0.0000,enc,0.0000
1786025804.952376,0.1019,0.0,0.0,0.0000,0.0000,0.9518,-0.1592,1.9944,0.0000,enc,0.0000
1786025805.054793,0.1024,0.0,0.0,0.0000,0.0000,0.9518,-0.1592,1.9944,0.0000,enc,0.0000
1786025805.254980,0.2002,0.0,0.0,0.0000,0.0000,0.9518,-0.1592,1.9944,0.0000,enc,0.0000
1786025805.260275,0.0053,0.0,0.0,0.0000,0.0000,0.9518,-0.1592,1.9944,0.0000,enc,0.0000
1786025805.502284,0.2420,0.0,0.0,0.0000,0.0000,0.9518,-0.1592,1.9944,0.0000,enc,0.0000
1786025805.503061,0.0008,0.0,0.0,0.0000,0.0000,0.9518,-0.1592,1.9944,0.0000,enc,0.0000
1786025805.567031,0.0640,0.0,0.0,0.0000,0.0000,0.9518,-0.1592,1.9944,0.0000,enc,0.0000
1786025805.746595,0.1796,0.0,0.0,0.0000,0.0000,0.9518,-0.1592,1.9944,0.0000,enc,0.0000
1786025805.767348,0.0208,0.0,0.0,0.0000,0.0000,0.9518,-0.1592,1.9944,0.0000,enc,0.0000
1786025806.003489,0.2361,0.0,0.0,0.0000,0.0000,0.9518,-0.1592,1.9944,0.0000,enc,0.0000
1786025806.004944,0.0015,0.0,0.0,0.0000,0.0000,0.9518,-0.1592,1.9944,0.0000,enc,0.0000
1786025806.078993,0.0740,0.0,0.0,0.0000,0.0000,0.9518,-0.1592,1.9944,0.0000,enc,0.0000
1786025806.255826,0.1768,0.0,0.0,0.0000,0.0000,0.9518,-0.1592,1.9944,0.0000,enc,0.0000
1786025806.277959,0.0221,0.0,0.0,0.0000,0.0000,0.9518,-0.1592,1.9944,0.0000,enc,0.0000
1786025806.509715,0.2318,0.0,0.0,0.0000,0.0000,0.9518,-0.1592,1.9944,0.0000,enc,0.0000
1786025806.510127,0.0004,0.0,0.0,0.0000,0.0000,0.9518,-0.1592,1.9944,0.0000,enc,0.0000
1786025806.585442,0.0753,0.0,0.0,0.0000,0.0000,0.9518,-0.1592,1.9944,0.0000,enc,0.0000
1786025806.764166,0.1787,0.0,0.0,0.0000,0.0000,0.9518,-0.1592,1.9944,0.0000,enc,0.0000
1786025806.789633,0.0255,0.0,0.0,0.0000,0.0000,0.9518,-0.1592,1.9944,0.0000,enc,0.0000
1786025807.011935,0.2223,0.0,0.0,0.0000,0.0000,0.9518,-0.1592,1.9944,0.0000,enc,0.0000
1786025807.012389,0.0005,0.0,0.0,0.0000,0.0000,0.9518,-0.1592,1.9944,0.0000,enc,0.0000
1786025807.099165,0.0868,0.0,0.0,0.0000,0.0000,0.9518,-0.1592,1.9944,0.0000,enc,0.0000
1786025807.263726,0.1646,0.0,0.0,0.0000,0.0000,0.9518,-0.1592,1.9944,0.0000,enc,0.0000
1786025807.299834,0.0361,0.0,0.0,0.0000,0.0000,0.9518,-0.1592,1.9944,0.0000,enc,0.0000
1786025807.515780,0.2159,0.0,0.0,0.0000,0.0000,0.9518,-0.1592,1.9944,0.0000,enc,0.0000
1786025807.516475,0.0007,0.0,0.0,0.0000,0.0000,0.9518,-0.1592,1.9944,0.0000,enc,0.0000
1786025807.608989,0.0925,0.0,0.0,0.0000,0.0000,0.9518,-0.1592,1.9944,0.0000,enc,0.0000
1786025807.762475,0.1535,0.0,0.0,0.0000,0.0000,0.9518,-0.1592,1.9944,0.0000,enc,0.0000
1786025807.816474,0.0540,0.0,0.0,0.0000,0.0000,0.9518,-0.1592,1.9944,0.0000,enc,0.0000
1786025808.013130,0.1967,0.0,0.0,0.0000,0.0000,0.9518,-0.1592,1.9944,0.0000,enc,0.0000
1786025808.017389,0.0043,0.0,0.0,0.0000,0.0000,0.9518,-0.1592,1.9944,0.0000,enc,0.0000
1786025808.262752,0.2454,0.0,0.0,0.0000,0.0000,0.9518,-0.1592,1.9944,0.0000,enc,0.0000
1786025808.263920,0.0012,0.0,0.0,0.0000,0.0000,0.9518,-0.1592,1.9944,0.0000,enc,0.0000
1786025808.323863,0.0599,0.0,0.0,0.0000,0.0000,0.9518,-0.1592,1.9944,0.0000,enc,0.0000
1786025808.514017,0.1902,0.0,0.0,0.0000,0.0000,0.9518,-0.1592,1.9944,0.0000,enc,0.0000
1786025808.525873,0.0119,0.0,0.0,0.0000,0.0000,0.9518,-0.1592,1.9944,0.0000,enc,0.0000
1786025808.764975,0.2391,0.0,0.0,0.0000,0.0000,0.9518,-0.1592,1.9944,0.0000,enc,0.0000
1786025808.765782,0.0008,0.0,0.0,0.0000,0.0000,0.9518,-0.1592,1.9944,0.0000,enc,0.0000
1786025808.833485,0.0677,0.0,0.0,0.0000,0.0000,0.9518,-0.1592,1.9944,0.0000,enc,0.0000
1786025809.018379,0.1849,0.0,0.0,0.0000,0.0000,0.9518,-0.1592,1.9944,0.0000,enc,0.0000
1786025809.038721,0.0203,0.0,0.0,0.0000,0.0000,0.9518,-0.1592,1.9944,0.0000,enc,0.0000
1786025809.267950,0.2292,0.0,0.0,0.0000,0.0000,0.9518,-0.1592,1.9944,0.0000,enc,0.0000
1786025809.268797,0.0008,0.0,0.0,0.0000,0.0000,0.9518,-0.1592,1.9944,0.0000,enc,0.0000
1786025809.778651,0.5099,0.0,0.0,0.0000,0.0000,0.9518,-0.1592,1.9944,0.0000,enc,0.0000
1786025809.778711,0.0001,0.0,0.0,0.0000,0.0000,0.9518,-0.1592,1.9944,0.0000,enc,0.0000
1786025809.778735,0.0000,0.0,0.0,0.0000,0.0000,0.9518,-0.1592,1.9944,0.0000,enc,0.0000
1786025809.778757,0.0000,0.0,0.0,0.0000,0.0000,0.9518,-0.1592,1.9944,0.0000,enc,0.0000
1786025809.778778,0.0000,0.0,0.0,0.0000,0.0000,0.9518,-0.1592,1.9944,0.0000,enc,0.0000
1786025809.863523,0.0847,0.0,0.0,0.0000,0.0000,0.9518,-0.1592,1.9944,0.0000,enc,0.0000
1786025810.041541,0.1780,0.0,0.0,0.0000,0.0000,0.9518,-0.1592,1.9944,0.0000,enc,0.0000
1786025810.057424,0.0159,0.0,0.0,0.0000,0.0000,0.9518,-0.1592,1.9944,0.0000,enc,0.0000
1786025810.163174,0.1058,0.0,0.0,0.0000,0.0000,0.9518,-0.1592,1.9944,0.0000,enc,0.0000
1786025810.264984,0.1018,0.0,0.0,0.0000,0.0000,0.9518,-0.1592,1.9944,0.0000,enc,0.0000
1786025810.366765,0.1018,0.0,0.0,0.0000,0.0000,0.9518,-0.1592,1.9944,0.0000,enc,0.0000
1786025810.469509,0.1027,0.0,0.0,0.0000,0.0000,0.9518,-0.1592,1.9944,0.0000,enc,0.0000
1786025810.571140,0.1016,0.0,0.0,0.0000,0.0000,0.9518,-0.1592,1.9944,0.0000,enc,0.0000
1786025810.673228,0.1021,0.0,0.0,0.0000,0.0000,0.9518,-0.1592,1.9944,0.0000,enc,0.0000
1786025810.774586,0.1014,0.0,0.0,0.0000,0.0000,0.9518,-0.1592,1.9944,0.0000,enc,0.0000
1786025810.877504,0.1029,0.0,0.0,0.0000,0.0000,0.9518,-0.1592,1.9944,0.0000,enc,0.0000
1786025810.979290,0.1018,0.0,0.0,0.0000,0.0000,0.9518,-0.1592,1.9944,0.0000,enc,0.0000
1786025811.080846,0.1016,0.0,0.0,0.0000,0.0000,0.9518,-0.1592,1.9944,0.0000,enc,0.0000
1786025811.184412,0.1036,0.0,0.0,0.0000,0.0000,0.9518,-0.1592,1.9944,0.0000,enc,0.0000
1786025811.284014,0.0996,0.0,0.0,0.0000,0.0000,0.9518,-0.1592,1.9944,0.0000,enc,0.0000
1786025811.386837,0.1028,0.0,0.0,0.0000,0.0000,0.9518,-0.1592,1.9944,0.0000,enc,0.0000
1786025811.492004,0.1052,0.0,0.0,0.0000,0.0000,0.9518,-0.1592,1.9944,0.0000,enc,0.0000
1786025811.590967,0.0990,0.0,0.0,0.0000,0.0000,0.9518,-0.1592,1.9944,0.0000,enc,0.0000
1786025811.693238,0.1023,0.0,0.0,0.0000,0.0000,0.9518,-0.1592,1.9944,0.0000,enc,0.0000
1786025811.805913,0.1127,0.0,0.0,0.0000,0.0000,0.9518,-0.1592,1.9944,0.0000,enc,0.0000
1786025811.897886,0.0920,0.0,0.0,0.0000,0.0000,0.9518,-0.1592,1.9944,0.0000,enc,0.0000
1786025811.999300,0.1014,0.0,0.0,0.0000,0.0000,0.9518,-0.1592,1.9944,0.0000,enc,0.0000
1786025812.105838,0.1065,0.0,0.0,0.0000,0.0000,0.9518,-0.1592,1.9944,0.0000,enc,0.0000
1786025812.204318,0.0985,0.0,0.0,0.0000,0.0000,0.9518,-0.1592,1.9944,0.0000,enc,0.0000
1786025812.306277,0.1020,0.0,0.0,0.0000,0.0000,0.9518,-0.1592,1.9944,0.0000,enc,0.0000
1786025812.413069,0.1068,0.0,0.0,0.0000,0.0000,0.9518,-0.1592,1.9944,0.0000,enc,0.0000
1786025812.514569,0.1015,0.0,0.0,0.0000,0.0000,0.9518,-0.1592,1.9944,0.0000,enc,0.0000
1786025812.614086,0.0995,0.0,0.0,0.0000,0.0000,0.9518,-0.1592,1.9944,0.0000,enc,0.0000
1786025812.719999,0.1059,0.0,0.0,0.0000,0.0000,0.9518,-0.1592,1.9944,0.0000,enc,0.0000
1786025812.822457,0.1025,0.0,0.0,0.0000,0.0000,0.9518,-0.1592,1.9944,0.0000,enc,0.0000
1786025812.923220,0.1008,0.0,0.0,0.0000,0.0000,0.9518,-0.1592,1.9944,0.0000,enc,0.0000
1786025813.025918,0.1027,0.0,0.0,0.0000,0.0000,0.9518,-0.1592,1.9944,0.0000,enc,0.0000
1786025813.128252,0.1023,0.0,0.0,0.0000,0.0000,0.9518,-0.1592,1.9944,0.0000,enc,0.0000
1786025813.229937,0.1017,0.0,0.0,0.0000,0.0000,0.9518,-0.1592,1.9944,0.0000,enc,0.0000
1786025813.332277,0.1023,0.0,0.0,0.0000,0.0000,0.9518,-0.1592,1.9944,0.0000,enc,0.0000
1786025813.433233,0.1010,0.0,0.0,0.0000,0.0000,0.9518,-0.1592,1.9944,0.0000,enc,0.0000
1786025813.536861,0.1036,0.0,0.0,0.0000,0.0000,0.9518,-0.1592,1.9944,0.0000,enc,0.0000
1786025813.635457,0.0986,0.0,0.0,0.0000,0.0000,0.9518,-0.1592,1.9944,0.0000,enc,0.0000
1786025813.740274,0.1048,0.0,0.0,0.0000,0.0000,0.9518,-0.1592,1.9944,0.0000,enc,0.0000
1786025813.839539,0.0993,0.0,0.0,0.0000,0.0000,0.9518,-0.1592,1.9944,0.0000,enc,0.0000
1786025813.941906,0.1024,0.0,0.0,0.0000,0.0000,0.9518,-0.1592,1.9944,0.0000,enc,0.0000
1786025814.046626,0.1047,0.0,0.0,0.0000,0.0000,0.9518,-0.1592,1.9944,0.0000,enc,0.0000
1786025814.146474,0.0998,0.0,0.0,0.0000,0.0000,0.9518,-0.1592,1.9944,0.0000,enc,0.0000
1786025814.248189,0.1017,0.0,0.0,0.0000,0.0000,0.9518,-0.1592,1.9944,0.0000,enc,0.0000
1786025814.353445,0.1053,0.0,0.0,0.0000,0.0000,0.9518,-0.1592,1.9944,0.0000,enc,0.0000
1786025814.453996,0.1006,0.0,0.0,0.0000,0.0000,0.9518,-0.1592,1.9944,0.0000,enc,0.0000
1786025814.555183,0.1012,0.0,0.0,0.0000,0.0000,0.9518,-0.1592,1.9944,0.0000,enc,0.0000
1786025814.659765,0.1046,0.0,0.0,0.0000,0.0000,0.9518,-0.1592,1.9944,0.0000,enc,0.0000
1786025814.762186,0.1024,0.0,0.0,0.0000,0.0000,0.9518,-0.1592,1.9944,0.0000,enc,0.0000
1786025814.860876,0.0987,0.0,0.0,0.0000,0.0000,0.9518,-0.1592,1.9944,0.0000,enc,0.0000
1786025814.966135,0.1053,0.0,0.0,0.0000,0.0000,0.9518,-0.1592,1.9944,0.0000,enc,0.0000
1786025815.068699,0.1026,0.0,0.0,0.0000,0.0000,0.9518,-0.1592,1.9944,0.0000,enc,0.0000
1786025815.167324,0.0986,0.0,0.0,0.0000,0.0000,0.9518,-0.1592,1.9944,0.0000,enc,0.0000
1786025815.273066,0.1057,0.0,0.0,0.0000,0.0000,0.9518,-0.1592,1.9944,0.0000,enc,0.0000
1786025815.375937,0.1029,0.0,0.0,0.0000,0.0000,0.9518,-0.1592,1.9944,0.0000,enc,0.0000
1786025815.490714,0.1148,0.0,0.0,0.0000,0.0000,0.9518,-0.1592,1.9944,0.0000,enc,0.0000
1786025815.578375,0.0877,0.0,0.0,0.0000,0.0000,0.9518,-0.1592,1.9944,0.0000,enc,0.0000
1786025815.688272,0.1099,0.0,0.0,0.0000,0.0000,0.9518,-0.1592,1.9944,0.0000,enc,0.0000
1786025815.788170,0.0999,0.0,0.0,0.0000,0.0000,0.9518,-0.1592,1.9944,0.0000,enc,0.0000
1786025815.882464,0.0943,0.0,0.0,0.0000,0.0000,0.9518,-0.1592,1.9944,0.0000,enc,0.0000
1786025815.996097,0.1136,0.0,0.0,0.0000,0.0000,0.9518,-0.1592,1.9944,0.0000,enc,0.0000
1786025816.091982,0.0959,0.0,0.0,0.0000,0.0000,0.9518,-0.1592,1.9944,0.0000,enc,0.0000
1786025816.188791,0.0968,0.0,0.0,0.0000,0.0000,0.9518,-0.1592,1.9944,0.0000,enc,0.0000
1786025816.293991,0.1052,0.0,0.0,0.0000,0.0000,0.9518,-0.1592,1.9944,0.0000,enc,0.0000
1786025816.396652,0.1027,0.0,0.0,0.0000,0.0000,0.9518,-0.1592,1.9944,0.0000,enc,0.0000
1786025816.495268,0.0986,0.0,0.0,0.0000,0.0000,0.9518,-0.1592,1.9944,0.0000,enc,0.0000
1786025816.601591,0.1063,0.0,0.0,0.0000,0.0000,0.9518,-0.1592,1.9944,0.0000,enc,0.0000
1786025816.700342,0.0988,0.0,0.0,0.0000,0.0000,0.9518,-0.1592,1.9944,0.0000,enc,0.0000
1786025816.802085,0.1017,0.0,0.0,0.0000,0.0000,0.9518,-0.1592,1.9944,0.0000,enc,0.0000
1786025816.904664,0.1026,0.0,0.0,0.0000,0.0000,0.9518,-0.1592,1.9944,0.0000,enc,0.0000
1786025817.005813,0.1011,0.0,0.0,0.0000,0.0000,0.9518,-0.1592,1.9944,0.0000,enc,0.0000
1786025817.108820,0.1030,0.0,0.0,0.0000,0.0000,0.9518,-0.1592,1.9944,0.0000,enc,0.0000
1786025817.213208,0.1044,0.0,0.0,0.0000,0.0000,0.9518,-0.1592,1.9944,0.0000,enc,0.0000
1786025817.312105,0.0989,0.0,0.0,0.0000,0.0000,0.9518,-0.1592,1.9944,0.0000,enc,0.0000
1786025817.415463,0.1034,0.0,0.0,0.0000,0.0000,0.9518,-0.1592,1.9944,0.0000,enc,0.0000
1786025817.520407,0.1049,0.0,0.0,0.0000,0.0000,0.9518,-0.1592,1.9944,0.0000,enc,0.0000
1786025817.621530,0.1011,0.0,0.0,0.0000,0.0000,0.9518,-0.1592,1.9944,0.0000,enc,0.0000
1786025817.722823,0.1013,0.0,0.0,0.0000,0.0000,0.9518,-0.1592,1.9944,0.0000,enc,0.0000
1786025817.827429,0.1046,0.0,0.0,0.0000,0.0000,0.9518,-0.1592,1.9944,0.0000,enc,0.0000
1786025817.927090,0.0997,0.0,0.0,0.0000,0.0000,0.9518,-0.1592,1.9944,0.0000,enc,0.0000
1786025818.030891,0.1038,0.0,0.0,0.0000,0.0000,0.9518,-0.1592,1.9944,0.0000,enc,0.0000
1786025818.155541,0.1247,0.0,0.0,0.0000,0.0000,0.9518,-0.1592,1.9944,0.0000,enc,0.0000
1786025818.234790,0.0792,0.0,0.0,0.0000,0.0000,0.9518,-0.1592,1.9944,0.0000,enc,0.0000
1786025818.336758,0.1020,0.0,0.0,0.0000,0.0000,0.9518,-0.1592,1.9944,0.0000,enc,0.0000
1786025818.439785,0.1030,0.0,0.0,0.0000,0.0000,0.9518,-0.1592,1.9944,0.0000,enc,0.0000
1786025818.541420,0.1016,0.0,0.0,0.0000,0.0000,0.9518,-0.1592,1.9944,0.0000,enc,0.0000
1786025818.643658,0.1022,0.0,0.0,0.0000,0.0000,0.9518,-0.1592,1.9944,0.0000,enc,0.0000
1786025818.748483,0.1048,0.0,0.0,0.0000,0.0000,0.9518,-0.1592,1.9944,0.0000,enc,0.0000
1786025818.848024,0.0995,0.0,0.0,0.0000,0.0000,0.9518,-0.1592,1.9944,0.0000,enc,0.0000
1786025818.951821,0.1038,0.0,0.0,0.0000,0.0000,0.9518,-0.1592,1.9944,0.0000,enc,0.0000
1786025819.052595,0.1008,0.0,0.0,0.0000,0.0000,0.9518,-0.1592,1.9944,0.0000,enc,0.0000
1786025819.156005,0.1034,0.0,0.0,0.0000,0.0000,0.9518,-0.1592,1.9944,0.0000,enc,0.0000
1786025819.252452,0.0964,0.0,0.0,0.0000,0.0000,0.9518,-0.1592,1.9944,0.0000,enc,0.0000
1786025819.354650,0.1022,0.0,0.0,0.0000,0.0000,0.9518,-0.1592,1.9944,0.0000,enc,0.0000
1786025819.464274,0.1096,0.0,0.0,0.0000,0.0000,0.9518,-0.1592,1.9944,0.0000,enc,0.0000
1786025819.559023,0.0947,0.0,0.0,0.0000,0.0000,0.9518,-0.1592,1.9944,0.0000,enc,0.0000
1786025819.661306,0.1023,0.0,0.0,0.0000,0.0000,0.9518,-0.1592,1.9944,0.0000,enc,0.0000
1786025819.770467,0.1092,0.0,0.0,0.0000,0.0000,0.9518,-0.1592,1.9944,0.0000,enc,0.0000
1786025819.866002,0.0955,0.0,0.0,0.0000,0.0000,0.9518,-0.1592,1.9944,0.0000,enc,0.0000
1786025819.967863,0.1019,0.0,0.0,0.0000,0.0000,0.9518,-0.1592,1.9944,0.0000,enc,0.0000
1786025820.079779,0.1119,0.0,0.0,0.0000,0.0000,0.9518,-0.1592,1.9944,0.0000,enc,0.0000
1786025820.264716,0.1849,0.0,0.0,0.0000,0.0000,0.9518,-0.1592,1.9944,0.0000,enc,0.0000
1786025820.306897,0.0422,0.0,0.0,0.0000,0.0000,0.9518,-0.1592,1.9944,0.0000,enc,0.0000
1786025820.517955,0.2111,0.0,0.0,0.0000,0.0000,0.9518,-0.1592,1.9944,0.0000,enc,0.0000
1786025820.604210,0.0863,0.0,0.0,0.0000,0.0000,0.9518,-0.1592,1.9944,0.0000,enc,0.0000
1786025820.615408,0.0112,0.0,0.0,0.0000,0.0000,0.9518,-0.1592,1.9944,0.0000,enc,0.0000
1786025820.762811,0.1474,0.0,0.0,0.0000,0.0000,0.9518,-0.1592,1.9944,0.0000,enc,0.0000
1786025820.796899,0.0341,0.0,0.0,0.0000,0.0000,0.9518,-0.1592,1.9944,0.0000,enc,0.0000
1786025821.024666,0.2278,0.0,0.0,0.0000,0.0000,0.9518,-0.1592,1.9944,0.0000,enc,0.0000
1786025821.024831,0.0002,0.0,0.0,0.0000,0.0000,0.9518,-0.1592,1.9944,0.0000,enc,0.0000
1786025821.102040,0.0772,0.0,0.0,0.0000,0.0000,0.9518,-0.1592,1.9944,0.0000,enc,0.0000
1786025821.273772,0.1717,0.0,0.0,0.0000,0.0000,0.9518,-0.1592,1.9944,0.0000,enc,0.0000
1786025821.319682,0.0459,0.0,0.0,0.0000,0.0000,0.9518,-0.1592,1.9944,0.0000,enc,0.0000
1786025821.530557,0.2109,0.0,0.0,0.0000,0.0000,0.9518,-0.1592,1.9944,0.0000,enc,0.0000
1786025821.531472,0.0009,0.0,0.0,0.0000,0.0000,0.9518,-0.1592,1.9944,0.0000,enc,0.0000
1786025821.614489,0.0830,0.0,0.0,0.0000,0.0000,0.9518,-0.1592,1.9944,0.0000,enc,0.0000
1786025821.785807,0.1713,0.0,0.0,0.0000,0.0000,0.9518,-0.1592,1.9944,0.0000,enc,0.0000
1786025821.811771,0.0260,0.0,0.0,0.0000,0.0000,0.9518,-0.1592,1.9944,0.0000,enc,0.0000
1786025822.038458,0.2267,0.0,0.0,0.0000,0.0000,0.9518,-0.1592,1.9944,0.0000,enc,0.0000
1786025822.059484,0.0210,0.0,0.0,0.0000,0.0000,0.9518,-0.1592,1.9944,0.0000,enc,0.0000
1786025822.287188,0.2277,0.0,0.0,0.0000,0.0000,0.9518,-0.1592,1.9944,0.0000,enc,0.0000
1786025822.292087,0.0049,0.0,0.0,0.0000,0.0000,0.9518,-0.1592,1.9944,0.0000,enc,0.0000
1786025822.340384,0.0483,0.0,0.0,0.0000,0.0000,0.9518,-0.1592,1.9944,0.0000,enc,0.0000
1786025822.532515,0.1921,0.0,0.0,0.0000,0.0000,0.9518,-0.1592,1.9944,0.0000,enc,0.0000
1786025822.550231,0.0177,0.0,0.0,0.0000,0.0000,0.9518,-0.1592,1.9944,0.0000,enc,0.0000
1786025822.777653,0.2274,0.0,0.0,0.0000,0.0000,0.9518,-0.1592,1.9944,0.0000,enc,0.0000
1786025822.780793,0.0031,0.0,0.0,0.0000,0.0000,0.9518,-0.1592,1.9944,0.0000,enc,0.0000
1786025822.860967,0.0802,0.0,0.0,0.0000,0.0000,0.9518,-0.1592,1.9944,0.0000,enc,0.0000
1786025823.036928,0.1760,0.0,0.0,0.0000,0.0000,0.9518,-0.1592,1.9944,0.0000,enc,0.0000
1786025823.039244,0.0023,0.0,0.0,0.0000,0.0000,0.9518,-0.1592,1.9944,0.0000,enc,0.0000
1786025823.281875,0.2426,0.0,0.0,0.0000,0.0000,0.9518,-0.1592,1.9944,0.0000,enc,0.0000
1786025823.284455,0.0026,0.0,0.0,0.0000,0.0000,0.9518,-0.1592,1.9944,0.0000,enc,0.0000
1786025823.341889,0.0574,0.0,0.0,0.0000,0.0000,0.9518,-0.1592,1.9944,0.0000,enc,0.0000
1786025823.537374,0.1955,0.0,0.0,0.0000,0.0000,0.9518,-0.1592,1.9944,0.0000,enc,0.0000
1786025823.546633,0.0093,0.0,0.0,0.0000,0.0000,0.9518,-0.1592,1.9944,0.0000,enc,0.0000
1786025823.787539,0.2409,0.0,0.0,0.0000,0.0000,0.9518,-0.1592,1.9944,0.0000,enc,0.0000
1786025823.787898,0.0004,0.0,0.0,0.0000,0.0000,0.9518,-0.1592,1.9944,0.0000,enc,0.0000
1786025823.856289,0.0684,0.0,0.0,0.0000,0.0000,0.9518,-0.1592,1.9944,0.0000,enc,0.0000
1786025824.033333,0.1770,0.0,0.0,0.0000,0.0000,0.9518,-0.1592,1.9944,0.0000,enc,0.0000
1786025824.071193,0.0379,0.0,0.0,0.0000,0.0000,0.9518,-0.1592,1.9944,0.0000,enc,0.0000
1786025824.284076,0.2129,0.0,0.0,0.0000,0.0000,0.9518,-0.1592,1.9944,0.0000,enc,0.0000
1786025824.285897,0.0018,0.0,0.0,0.0000,0.0000,0.9518,-0.1592,1.9944,0.0000,enc,0.0000
1786025824.544636,0.2587,0.0,0.0,0.0000,0.0000,0.9518,-0.1592,1.9944,0.0000,enc,0.0000
1786025824.555524,0.0109,0.0,0.0,0.0000,0.0000,0.9518,-0.1592,1.9944,0.0000,enc,0.0000
1786025824.571308,0.0158,0.0,0.0,0.0000,0.0000,0.9518,-0.1592,1.9944,0.0000,enc,0.0000
1786025824.794284,0.2230,0.0,0.0,0.0000,0.0000,0.9518,-0.1592,1.9944,0.0000,enc,0.0000
1786025824.795737,0.0015,0.0,0.0,0.0000,0.0000,0.9518,-0.1592,1.9944,0.0000,enc,0.0000
1786025824.896209,0.1005,0.0,0.0,0.0000,0.0000,0.9518,-0.1592,1.9944,0.0000,enc,0.0000
1786025825.064263,0.1681,0.0,0.0,0.0000,0.0000,0.9518,-0.1592,1.9944,0.0000,enc,0.0000
1786025825.078811,0.0145,0.0,0.0,0.0000,0.0000,0.9518,-0.1592,1.9944,0.0000,enc,0.0000
1786025825.184914,0.1061,0.0,0.0,0.0000,0.0000,0.9518,-0.1592,1.9944,0.0000,enc,0.0000
1786025825.286098,0.1012,0.0,0.0,0.0000,0.0000,0.9518,-0.1592,1.9944,0.0000,enc,0.0000
1786025825.392897,0.1068,0.0,0.0,0.0000,0.0000,0.9518,-0.1592,1.9944,0.0000,enc,0.0000
1786025825.491871,0.0990,0.0,0.0,0.0000,0.0000,0.9518,-0.1592,1.9944,0.0000,enc,0.0000
1786025825.593476,0.1016,0.0,0.0,0.0000,0.0000,0.9518,-0.1592,1.9944,0.0000,enc,0.0000
1786025825.719030,0.1256,0.0,0.0,0.0000,0.0000,0.9518,-0.1592,1.9944,0.0000,enc,0.0000
1786025825.802520,0.0835,0.0,0.0,0.0000,0.0000,0.9518,-0.1592,1.9944,0.0000,enc,0.0000
1786025825.910659,0.1081,0.0,0.0,0.0000,0.0000,0.9518,-0.1592,1.9944,0.0000,enc,0.0000
1786025825.997488,0.0868,0.0,0.0,0.0000,0.0000,0.9518,-0.1592,1.9944,0.0000,enc,0.0000
1786025826.106308,0.1088,0.0,0.0,0.0000,0.0000,0.9518,-0.1592,1.9944,0.0000,enc,0.0000
1786025826.204399,0.0981,0.0,0.0,0.0000,0.0000,0.9518,-0.1592,1.9944,0.0000,enc,0.0000
1786025826.307075,0.1027,0.0,0.0,0.0000,0.0000,0.9518,-0.1592,1.9944,0.0000,enc,0.0000
1786025826.408982,0.1019,0.0,0.0,0.0000,0.0000,0.9518,-0.1592,1.9944,0.0000,enc,0.0000
1786025826.518099,0.1091,0.0,0.0,0.0000,0.0000,0.9518,-0.1592,1.9944,0.0000,enc,0.0000
1786025826.613063,0.0950,0.0,0.0,0.0000,0.0000,0.9518,-0.1592,1.9944,0.0000,enc,0.0000
1786025826.736604,0.1235,0.0,0.0,0.0000,0.0000,0.9518,-0.1592,1.9944,0.0000,enc,0.0000
1786025826.817302,0.0807,0.0,0.0,0.0000,0.0000,0.9518,-0.1592,1.9944,0.0000,enc,0.0000
1786025826.924899,0.1076,0.0,0.0,0.0000,0.0000,0.9518,-0.1592,1.9944,0.0000,enc,0.0000
1786025827.022579,0.0977,0.0,0.0,0.0000,0.0000,0.9518,-0.1592,1.9944,0.0000,enc,0.0000
1786025827.124907,0.1023,0.0,0.0,0.0000,0.0000,0.9518,-0.1592,1.9944,0.0000,enc,0.0000
1786025827.247297,0.1224,0.0,0.0,0.0000,0.0000,0.9518,-0.1592,1.9944,0.0000,enc,0.0000
1786025827.334306,0.0870,0.0,0.0,0.0000,0.0000,0.9518,-0.1592,1.9944,0.0000,enc,0.0000
1786025827.436050,0.1017,0.0,0.0,0.0000,0.0000,0.9518,-0.1592,1.9944,0.0000,enc,0.0000
1786025827.535625,0.0996,0.0,0.0,0.0000,0.0000,0.9518,-0.1592,1.9944,0.0000,enc,0.0000
1786025827.637438,0.1018,0.0,0.0,0.0000,0.0000,0.9518,-0.1592,1.9944,0.0000,enc,0.0000
1786025827.739514,0.1021,0.0,0.0,0.0000,0.0000,0.9518,-0.1592,1.9944,0.0000,enc,0.0000
1786025827.845401,0.1059,0.0,0.0,0.0000,0.0000,0.9518,-0.1592,1.9944,0.0000,enc,0.0000
1786025827.953487,0.1081,0.0,0.0,0.0000,0.0000,0.9518,-0.1592,1.9944,0.0000,enc,0.0000
1786025828.045843,0.0924,0.0,0.0,0.0000,0.0000,0.9518,-0.1592,1.9944,0.0000,enc,0.0000
1786025828.160016,0.1142,0.0,0.0,0.0000,0.0000,0.9518,-0.1592,1.9944,0.0000,enc,0.0000
1786025828.251257,0.0912,0.0,0.0,0.0000,0.0000,0.9518,-0.1592,1.9944,0.0000,enc,0.0000
1786025828.354035,0.1028,0.0,0.0,0.0000,0.0000,0.9518,-0.1592,1.9944,0.0000,enc,0.0000
1786025828.457147,0.1031,0.0,0.0,0.0000,0.0000,0.9518,-0.1592,1.9944,0.0000,enc,0.0000
1786025828.578369,0.1212,0.0,0.0,0.0000,0.0000,0.9518,-0.1592,1.9944,0.0000,enc,0.0000
1786025828.686716,0.1083,0.0,0.0,0.0000,0.0000,0.9518,-0.1592,1.9944,0.0000,enc,0.0000
1786025828.763860,0.0771,0.0,0.0,0.0000,0.0000,0.9518,-0.1592,1.9944,0.0000,enc,0.0000
1786025828.863995,0.1001,0.0,0.0,0.0000,0.0000,0.9518,-0.1592,1.9944,0.0000,enc,0.0000
1786025828.964442,0.1004,0.0,0.0,0.0000,0.0000,0.9518,-0.1592,1.9944,0.0000,enc,0.0000
1786025829.066892,0.1025,0.0,0.0,0.0000,0.0000,0.9518,-0.1592,1.9944,0.0000,enc,0.0000
1786025829.169919,0.1030,0.0,0.0,0.0000,0.0000,0.9518,-0.1592,1.9944,0.0000,enc,0.0000
1786025829.268418,0.0985,0.0,0.0,0.0000,0.0000,0.9518,-0.1592,1.9944,0.0000,enc,0.0000
1786025829.376034,0.1076,0.0,0.0,0.0000,0.0000,0.9518,-0.1592,1.9944,0.0000,enc,0.0000
1786025829.472368,0.0963,0.0,0.0,0.0000,0.0000,0.9518,-0.1592,1.9944,0.0000,enc,0.0000
1786025829.574972,0.1026,0.0,0.0,0.0000,0.0000,0.9518,-0.1592,1.9944,0.0000,enc,0.0000
1786025829.683036,0.1081,0.0,0.0,0.0000,0.0000,0.9518,-0.1592,1.9944,0.0000,enc,0.0000
1786025829.789061,0.1060,0.0,0.0,0.0000,0.0000,0.9518,-0.1592,1.9944,0.0000,enc,0.0000
1786025829.881950,0.0929,0.0,0.0,0.0000,0.0000,0.9518,-0.1592,1.9944,0.0000,enc,0.0000
1786025829.991029,0.1091,0.0,0.0,0.0000,0.0000,0.9518,-0.1592,1.9944,0.0000,enc,0.0000
1786025830.087187,0.0962,0.0,0.0,0.0000,0.0000,0.9518,-0.1592,1.9944,0.0000,enc,0.0000
1786025830.188377,0.1012,0.0,0.0,0.0000,0.0000,0.9518,-0.1592,1.9944,0.0000,enc,0.0000
1786025830.297020,0.1086,0.0,0.0,0.0000,0.0000,0.9518,-0.1592,1.9944,0.0000,enc,0.0000
1786025830.395805,0.0988,0.0,0.0,0.0000,0.0000,0.9518,-0.1592,1.9944,0.0000,enc,0.0000
1786025830.495746,0.0999,0.0,0.0,0.0000,0.0000,0.9518,-0.1592,1.9944,0.0000,enc,0.0000
1786025830.600188,0.1044,0.0,0.0,0.0000,0.0000,0.9518,-0.1592,1.9944,0.0000,enc,0.0000
1786025830.702849,0.1027,0.0,0.0,0.0000,0.0000,0.9518,-0.1592,1.9944,0.0000,enc,0.0000
1786025830.803058,0.1002,0.0,0.0,0.0000,0.0000,0.9518,-0.1592,1.9944,0.0000,enc,0.0000
1786025830.905934,0.1029,0.0,0.0,0.0000,0.0000,0.9518,-0.1592,1.9944,0.0000,enc,0.0000
1786025831.008202,0.1023,0.0,0.0,0.0000,0.0000,0.9518,-0.1592,1.9944,0.0000,enc,0.0000
1786025831.111584,0.1034,0.0,0.0,0.0000,0.0000,0.9518,-0.1592,1.9944,0.0000,enc,0.0000
1786025831.213046,0.1015,0.0,0.0,0.0000,0.0000,0.9518,-0.1592,1.9944,0.0000,enc,0.0000
1786025831.340879,0.1278,0.0,0.0,0.0000,0.0000,0.9518,-0.1592,1.9944,0.0000,enc,0.0000
1786025831.432852,0.0920,0.0,0.0,0.0000,0.0000,0.9518,-0.1592,1.9944,0.0000,enc,0.0000
1786025831.519343,0.0865,0.0,0.0,0.0000,0.0000,0.9518,-0.1592,1.9944,0.0000,enc,0.0000
1786025831.622024,0.1027,0.0,0.0,0.0000,0.0000,0.9518,-0.1592,1.9944,0.0000,enc,0.0000
1786025831.724329,0.1023,0.0,0.0,0.0000,0.0000,0.9518,-0.1592,1.9944,0.0000,enc,0.0000
1786025831.823965,0.0996,0.0,0.0,0.0000,0.0000,0.9518,-0.1592,1.9944,0.0000,enc,0.0000
1786025831.928709,0.1047,0.0,0.0,0.0000,0.0000,0.9518,-0.1592,1.9944,0.0000,enc,0.0000
1786025832.026939,0.0982,0.0,0.0,0.0000,0.0000,0.9518,-0.1592,1.9944,0.0000,enc,0.0000
1786025832.131184,0.1042,0.0,0.0,0.0000,0.0000,0.9518,-0.1592,1.9944,0.0000,enc,0.0000
1786025832.235538,0.1044,0.0,0.0,0.0000,0.0000,0.9518,-0.1592,1.9944,0.0000,enc,0.0000
1786025832.335207,0.0997,0.0,0.0,0.0000,0.0000,0.9518,-0.1592,1.9944,0.0000,enc,0.0000
1786025832.436428,0.1012,0.0,0.0,0.0000,0.0000,0.9518,-0.1592,1.9944,0.0000,enc,0.0000
1786025832.542950,0.1065,0.0,0.0,0.0000,0.0000,0.9518,-0.1592,1.9944,0.0000,enc,0.0000
1786025832.640608,0.0977,0.0,0.0,0.0000,0.0000,0.9518,-0.1592,1.9944,0.0000,enc,0.0000
1786025832.742006,0.1014,0.0,0.0,0.0000,0.0000,0.9518,-0.1592,1.9944,0.0000,enc,0.0000
1786025832.846572,0.1046,0.0,0.0,0.0000,0.0000,0.9518,-0.1592,1.9944,0.0000,enc,0.0000
1786025832.947496,0.1009,0.0,0.0,0.0000,0.0000,0.9518,-0.1592,1.9944,0.0000,enc,0.0000
1786025833.048682,0.1012,0.0,0.0,0.0000,0.0000,0.9518,-0.1592,1.9944,0.0000,enc,0.0000
1786025833.153049,0.1044,0.0,0.0,0.0000,0.0000,0.9518,-0.1592,1.9944,0.0000,enc,0.0000
1786025833.256226,0.1032,0.0,0.0,0.0000,0.0000,0.9518,-0.1592,1.9944,0.0000,enc,0.0000
1786025833.355227,0.0990,0.0,0.0,0.0000,0.0000,0.9518,-0.1592,1.9944,0.0000,enc,0.0000
1786025833.460739,0.1055,0.0,0.0,0.0000,0.0000,0.9518,-0.1592,1.9944,0.0000,enc,0.0000
1786025833.563702,0.1030,0.0,0.0,0.0000,0.0000,0.9518,-0.1592,1.9944,0.0000,enc,0.0000
1786025833.664095,0.1004,0.0,0.0,0.0000,0.0000,0.9518,-0.1592,1.9944,0.0000,enc,0.0000
1786025833.766790,0.1027,0.0,0.0,0.0000,0.0000,0.9518,-0.1592,1.9944,0.0000,enc,0.0000
1786025833.868059,0.1013,0.0,0.0,0.0000,0.0000,0.9518,-0.1592,1.9944,0.0000,enc,0.0000
1786025833.971286,0.1032,0.0,0.0,0.0000,0.0000,0.9518,-0.1592,1.9944,0.0000,enc,0.0000
1786025834.072345,0.1011,0.0,0.0,0.0000,0.0000,0.9518,-0.1592,1.9944,0.0000,enc,0.0000
1786025834.175755,0.1034,0.0,0.0,0.0000,0.0000,0.9518,-0.1592,1.9944,0.0000,enc,0.0000
1786025834.277717,0.1020,0.0,0.0,0.0000,0.0000,0.9518,-0.1592,1.9944,0.0000,enc,0.0000
1786025834.377362,0.0996,0.0,0.0,0.0000,0.0000,0.9518,-0.1592,1.9944,0.0000,enc,0.0000
1786025834.484027,0.1067,0.0,0.0,0.0000,0.0000,0.9518,-0.1592,1.9944,0.0000,enc,0.0000
1786025834.580427,0.0964,0.0,0.0,0.0000,0.0000,0.9518,-0.1592,1.9944,0.0000,enc,0.0000
1786025834.682617,0.1022,0.0,0.0,0.0000,0.0000,0.9518,-0.1592,1.9944,0.0000,enc,0.0000
1786025834.787211,0.1046,0.0,0.0,0.0000,0.0000,0.9518,-0.1592,1.9944,0.0000,enc,0.0000
1786025834.886840,0.0996,0.0,0.0,0.0000,0.0000,0.9518,-0.1592,1.9944,0.0000,enc,0.0000
1786025834.988779,0.1019,0.0,0.0,0.0000,0.0000,0.9518,-0.1592,1.9944,0.0000,enc,0.0000
1786025835.095184,0.1064,0.0,0.0,0.0000,0.0000,0.9518,-0.1592,1.9944,0.0000,enc,0.0000
1786025835.264374,0.1692,0.0,0.0,0.0000,0.0000,0.9518,-0.1592,1.9944,0.0000,enc,0.0000
1786025835.295928,0.0316,0.0,0.0,0.0000,0.0000,0.9518,-0.1592,1.9944,0.0000,enc,0.0000
1786025835.518884,0.2230,0.0,0.0,0.0000,0.0000,0.9518,-0.1592,1.9944,0.0000,enc,0.0000
1786025835.520916,0.0020,0.0,0.0,0.0000,0.0000,0.9518,-0.1592,1.9944,0.0000,enc,0.0000
1786025835.602005,0.0811,0.0,0.0,0.0000,0.0000,0.9518,-0.1592,1.9944,0.0000,enc,0.0000
1786025835.763862,0.1619,0.0,0.0,0.0000,0.0000,0.9518,-0.1592,1.9944,0.0000,enc,0.0000
1786025835.830772,0.0669,0.0,0.0,0.0000,0.0000,0.9518,-0.1592,1.9944,0.0000,enc,0.0000
1786025836.010819,0.1800,0.0,0.0,0.0000,0.0000,0.9518,-0.1592,1.9944,0.0000,enc,0.0000
1786025836.026178,0.0154,0.0,0.0,0.0000,0.0000,0.9518,-0.1592,1.9944,0.0000,enc,0.0000
1786025836.263121,0.2369,0.0,0.0,0.0000,0.0000,0.9518,-0.1592,1.9944,0.0000,enc,0.0000
1786025836.263479,0.0004,0.0,0.0,0.0000,0.0000,0.9518,-0.1592,1.9944,0.0000,enc,0.0000
1786025836.319757,0.0563,0.0,0.0,0.0000,0.0000,0.9518,-0.1592,1.9944,0.0000,enc,0.0000
1786025836.518300,0.1985,0.0,0.0,0.0000,0.0000,0.9518,-0.1592,1.9944,0.0000,enc,0.0000
1786025836.523917,0.0056,0.0,0.0,0.0000,0.0000,0.9518,-0.1592,1.9944,0.0000,enc,0.0000
1786025836.770174,0.2463,0.0,0.0,0.0000,0.0000,0.9518,-0.1592,1.9944,0.0000,enc,0.0000
1786025836.771457,0.0013,0.0,0.0,0.0000,0.0000,0.9518,-0.1592,1.9944,0.0000,enc,0.0000
1786025836.831456,0.0600,0.0,0.0,0.0000,0.0000,0.9518,-0.1592,1.9944,0.0000,enc,0.0000
1786025837.019817,0.1884,0.0,0.0,0.0000,0.0000,0.9518,-0.1592,1.9944,0.0000,enc,0.0000
1786025837.032858,0.0130,0.0,0.0,0.0000,0.0000,0.9518,-0.1592,1.9944,0.0000,enc,0.0000
1786025837.267899,0.2350,0.0,0.0,0.0000,0.0000,0.9518,-0.1592,1.9944,0.0000,enc,0.0000
1786025837.268061,0.0002,0.0,0.0,0.0000,0.0000,0.9518,-0.1592,1.9944,0.0000,enc,0.0000
1786025837.342366,0.0743,0.0,0.0,0.0000,0.0000,0.9518,-0.1592,1.9944,0.0000,enc,0.0000
1786025837.517656,0.1753,0.0,0.0,0.0000,0.0000,0.9518,-0.1592,1.9944,0.0000,enc,0.0000
1786025837.543699,0.0260,0.0,0.0,0.0000,0.0000,0.9518,-0.1592,1.9944,0.0000,enc,0.0000
1786025837.768468,0.2248,0.0,0.0,0.0000,0.0000,0.9518,-0.1592,1.9944,0.0000,enc,0.0000
1786025837.787268,0.0188,0.0,0.0,0.0000,0.0000,0.9518,-0.1592,1.9944,0.0000,enc,0.0000
1786025837.850851,0.0636,0.0,0.0,0.0000,0.0000,0.9518,-0.1592,1.9944,0.0000,enc,0.0000
1786025838.025065,0.1742,0.0,0.0,0.0000,0.0000,0.9518,-0.1592,1.9944,0.0000,enc,0.0000
1786025838.054847,0.0298,0.0,0.0,0.0000,0.0000,0.9518,-0.1592,1.9944,0.0000,enc,0.0000
1786025838.269686,0.2148,0.0,0.0,0.0000,0.0000,0.9518,-0.1592,1.9944,0.0000,enc,0.0000
1786025838.279111,0.0094,0.0,0.0,0.0000,0.0000,0.9518,-0.1592,1.9944,0.0000,enc,0.0000
1786025838.366816,0.0877,0.0,0.0,0.0000,0.0000,0.9518,-0.1592,1.9944,0.0000,enc,0.0000
1786025838.527476,0.1607,0.0,0.0,0.0000,0.0000,0.9518,-0.1592,1.9944,0.0000,enc,0.0000
1786025838.567661,0.0402,0.0,0.0,0.0000,0.0000,0.9518,-0.1592,1.9944,0.0000,enc,0.0000
1786025838.782938,0.2153,0.0,0.0,0.0000,0.0000,0.9518,-0.1592,1.9944,0.0000,enc,0.0000
1786025838.786124,0.0032,0.0,0.0,0.0000,0.0000,0.9518,-0.1592,1.9944,0.0000,enc,0.0000
1786025839.022959,0.2368,0.0,0.0,0.0000,0.0000,0.9518,-0.1592,1.9944,0.0000,enc,0.0000
1786025839.036192,0.0132,0.0,0.0,0.0000,0.0000,0.9518,-0.1592,1.9944,0.0000,enc,0.0000
1786025839.085459,0.0493,0.0,0.0,0.0000,0.0000,0.9518,-0.1592,1.9944,0.0000,enc,0.0000
1786025839.280844,0.1954,0.0,0.0,0.0000,0.0000,0.9518,-0.1592,1.9944,0.0000,enc,0.0000
1786025839.291461,0.0106,0.0,0.0,0.0000,0.0000,0.9518,-0.1592,1.9944,0.0000,enc,0.0000
1786025839.537585,0.2461,0.0,0.0,0.0000,0.0000,0.9518,-0.1592,1.9944,0.0000,enc,0.0000
1786025839.538923,0.0013,0.0,0.0,0.0000,0.0000,0.9518,-0.1592,1.9944,0.0000,enc,0.0000
1786025839.590430,0.0515,0.0,0.0,0.0000,0.0000,0.9518,-0.1592,1.9944,0.0000,enc,0.0000
1786025839.795900,0.2055,0.0,0.0,0.0000,0.0000,0.9518,-0.1592,1.9944,0.0000,enc,0.0000
1786025839.803554,0.0077,0.0,0.0,0.0000,0.0000,0.9518,-0.1592,1.9944,0.0000,enc,0.0000
1786025840.046015,0.2425,0.0,0.0,0.0000,0.0000,0.9518,-0.1592,1.9944,0.0000,enc,0.0000
1786025840.049889,0.0039,0.0,0.0,0.0000,0.0000,0.9518,-0.1592,1.9944,0.0000,enc,0.0000
1786025840.102059,0.0522,0.0,0.0,0.0000,0.0000,0.9518,-0.1592,1.9944,0.0000,enc,0.0000
1786025840.209005,0.1069,0.0,0.0,0.0000,0.0000,0.9518,-0.1592,1.9944,0.0000,enc,0.0000
1786025840.306448,0.0974,0.0,0.0,0.0000,0.0000,0.9518,-0.1592,1.9944,0.0000,enc,0.0000
1786025840.407437,0.1010,0.0,0.0,0.0000,0.0000,0.9518,-0.1592,1.9944,0.0000,enc,0.0000
1786025840.527914,0.1205,0.0,0.0,0.0000,0.0000,0.9518,-0.1592,1.9944,0.0000,enc,0.0000
1786025840.610822,0.0829,0.0,0.0,0.0000,0.0000,0.9518,-0.1592,1.9944,0.0000,enc,0.0000
1786025840.716307,0.1055,0.0,0.0,0.0000,0.0000,0.9518,-0.1592,1.9944,0.0000,enc,0.0000
1786025840.819343,0.1030,0.0,0.0,0.0000,0.0000,0.9518,-0.1592,1.9944,0.0000,enc,0.0000
1786025840.920303,0.1010,0.0,0.0,0.0000,0.0000,0.9518,-0.1592,1.9944,0.0000,enc,0.0000
1786025841.021735,0.1014,0.0,0.0,0.0000,0.0000,0.9518,-0.1592,1.9944,0.0000,enc,0.0000
1786025841.123382,0.1016,0.0,0.0,0.0000,0.0000,0.9518,-0.1592,1.9944,0.0000,enc,0.0000
1786025841.230099,0.1067,0.0,0.0,0.0000,0.0000,0.9518,-0.1592,1.9944,0.0000,enc,0.0000
1786025841.379621,0.1495,0.0,0.0,0.0000,0.0000,0.9518,-0.1592,1.9944,0.0000,enc,0.0000
1786025841.428454,0.0488,0.0,0.0,0.0000,0.0000,0.9518,-0.1592,1.9944,0.0000,enc,0.0000
1786025841.540041,0.1116,0.0,0.0,0.0000,0.0000,0.9518,-0.1592,1.9944,0.0000,enc,0.0000
1786025841.641879,0.1018,0.0,0.0,0.0000,0.0000,0.9518,-0.1592,1.9944,0.0000,enc,0.0000
1786025841.755306,0.1134,0.0,0.0,0.0000,0.0000,0.9518,-0.1592,1.9944,0.0000,enc,0.0000
1786025841.841895,0.0866,0.0,0.0,0.0000,0.0000,0.9518,-0.1592,1.9944,0.0000,enc,0.0000
1786025841.944604,0.1027,0.0,0.0,0.0000,0.0000,0.9518,-0.1592,1.9944,0.0000,enc,0.0000
1786025842.042997,0.0984,0.0,0.0,0.0000,0.0000,0.9518,-0.1592,1.9944,0.0000,enc,0.0000
1786025842.147066,0.1041,0.0,0.0,0.0000,0.0000,0.9518,-0.1592,1.9944,0.0000,enc,0.0000
1786025842.245258,0.0982,0.0,0.0,0.0000,0.0000,0.9518,-0.1592,1.9944,0.0000,enc,0.0000
1786025842.346780,0.1015,0.0,0.0,0.0000,0.0000,0.9518,-0.1592,1.9944,0.0000,enc,0.0000
1786025842.456813,0.1100,0.0,0.0,0.0000,0.0000,0.9518,-0.1592,1.9944,0.0000,enc,0.0000
1786025842.559676,0.1029,0.0,0.0,0.0000,0.0000,0.9518,-0.1592,1.9944,0.0000,enc,0.0000
1786025842.655138,0.0955,0.0,0.0,0.0000,0.0000,0.9518,-0.1592,1.9944,0.0000,enc,0.0000
1786025842.759459,0.1043,0.0,0.0,0.0000,0.0000,0.9518,-0.1592,1.9944,0.0000,enc,0.0000
1786025842.858757,0.0993,0.0,0.0,0.0000,0.0000,0.9518,-0.1592,1.9944,0.0000,enc,0.0000
1786025842.966155,0.1074,0.0,0.0,0.0000,0.0000,0.9518,-0.1592,1.9944,0.0000,enc,0.0000
1786025843.067994,0.1018,0.0,0.0,0.0000,0.0000,0.9518,-0.1592,1.9944,0.0000,enc,0.0000
1786025843.163139,0.0951,0.0,0.0,0.0000,0.0000,0.9518,-0.1592,1.9944,0.0000,enc,0.0000
1786025843.271810,0.1087,0.0,0.0,0.0000,0.0000,0.9518,-0.1592,1.9944,0.0000,enc,0.0000
1786025843.369802,0.0980,0.0,0.0,0.0000,0.0000,0.9518,-0.1592,1.9944,0.0000,enc,0.0000
1786025843.476800,0.1070,0.0,0.0,0.0000,0.0000,0.9518,-0.1592,1.9944,0.0000,enc,0.0000
1786025843.576032,0.0992,0.0,0.0,0.0000,0.0000,0.9518,-0.1592,1.9944,0.0000,enc,0.0000
1786025843.683220,0.1072,0.0,0.0,0.0000,0.0000,0.9518,-0.1592,1.9944,0.0000,enc,0.0000
1786025843.785902,0.1027,0.0,0.0,0.0000,0.0000,0.9518,-0.1592,1.9944,0.0000,enc,0.0000
1786025843.880997,0.0951,0.0,0.0,0.0000,0.0000,0.9518,-0.1592,1.9944,0.0000,enc,0.0000
1786025843.992426,0.1114,0.0,0.0,0.0000,0.0000,0.9518,-0.1592,1.9944,0.0000,enc,0.0000
1786025844.091809,0.0994,0.0,0.0,0.0000,0.0000,0.9518,-0.1592,1.9944,0.0000,enc,0.0000
1786025844.195518,0.1037,0.0,0.0,0.0000,0.0000,0.9518,-0.1592,1.9944,0.0000,enc,0.0000
1786025844.287931,0.0924,0.0,0.0,0.0000,0.0000,0.9518,-0.1592,1.9944,0.0000,enc,0.0000
1786025844.394048,0.1061,0.0,0.0,0.0000,0.0000,0.9518,-0.1592,1.9944,0.0000,enc,0.0000
1786025844.493335,0.0993,0.0,0.0,0.0000,0.0000,0.9518,-0.1592,1.9944,0.0000,enc,0.0000
1786025844.603937,0.1106,0.0,0.0,0.0000,0.0000,0.9518,-0.1592,1.9944,0.0000,enc,0.0000
1786025844.709744,0.1058,0.0,0.0,0.0000,0.0000,0.9518,-0.1592,1.9944,0.0000,enc,0.0000
1786025844.811591,0.1018,0.0,0.0,0.0000,0.0000,0.9518,-0.1592,1.9944,0.0000,enc,0.0000
1786025844.899615,0.0880,0.0,0.0,0.0000,0.0000,0.9518,-0.1592,1.9944,0.0000,enc,0.0000
1786025845.003764,0.1041,0.0,0.0,0.0000,0.0000,0.9518,-0.1592,1.9944,0.0000,enc,0.0000
1786025845.105819,0.1021,0.0,0.0,0.0000,0.0000,0.9518,-0.1592,1.9944,0.0000,enc,0.0000
1786025845.206597,0.1008,0.0,0.0,0.0000,0.0000,0.9518,-0.1592,1.9944,0.0000,enc,0.0000
1786025845.310867,0.1043,0.0,0.0,0.0000,0.0000,0.9518,-0.1592,1.9944,0.0000,enc,0.0000
1786025845.413125,0.1023,0.0,0.0,0.0000,0.0000,0.9518,-0.1592,1.9944,0.0000,enc,0.0000
1786025845.513400,0.1003,0.0,0.0,0.0000,0.0000,0.9518,-0.1592,1.9944,0.0000,enc,0.0000
1786025845.620833,0.1074,0.0,0.0,0.0000,0.0000,0.9518,-0.1592,1.9944,0.0000,enc,0.0000
1786025845.721891,0.1011,0.0,0.0,0.0000,0.0000,0.9518,-0.1592,1.9944,0.0000,enc,0.0000
1786025845.823617,0.1017,0.0,0.0,0.0000,0.0000,0.9518,-0.1592,1.9944,0.0000,enc,0.0000
1786025845.930022,0.1064,0.0,0.0,0.0000,0.0000,0.9518,-0.1592,1.9944,0.0000,enc,0.0000
1786025846.035876,0.1059,0.0,0.0,0.0000,0.0000,0.9518,-0.1592,1.9944,0.0000,enc,0.0000
1786025846.136228,0.1004,0.0,0.0,0.0000,0.0000,0.9518,-0.1592,1.9944,0.0000,enc,0.0000
1786025846.240124,0.1039,0.0,0.0,0.0000,0.0000,0.9518,-0.1592,1.9944,0.0000,enc,0.0000
1786025846.338655,0.0985,0.0,0.0,0.0000,0.0000,0.9518,-0.1592,1.9944,0.0000,enc,0.0000
1786025846.447524,0.1089,0.0,0.0,0.0000,0.0000,0.9518,-0.1592,1.9944,0.0000,enc,0.0000
1786025846.544292,0.0968,0.0,0.0,0.0000,0.0000,0.9518,-0.1592,1.9944,0.0000,enc,0.0000
1786025846.644665,0.1004,0.0,0.0,0.0000,0.0000,0.9518,-0.1592,1.9944,0.0000,enc,0.0000
1786025846.745013,0.1003,0.0,0.0,0.0000,0.0000,0.9518,-0.1592,1.9944,0.0000,enc,0.0000
1786025846.852422,0.1074,0.0,0.0,0.0000,0.0000,0.9518,-0.1592,1.9944,0.0000,enc,0.0000
1786025846.954419,0.1020,0.0,0.0,0.0000,0.0000,0.9518,-0.1592,1.9944,0.0000,enc,0.0000
1786025847.056018,0.1016,0.0,0.0,0.0000,0.0000,0.9518,-0.1592,1.9944,0.0000,enc,0.0000
1786025847.154513,0.0985,0.0,0.0,0.0000,0.0000,0.9518,-0.1592,1.9944,0.0000,enc,0.0000
1786025847.258266,0.1038,0.0,0.0,0.0000,0.0000,0.9518,-0.1592,1.9944,0.0000,enc,0.0000
1786025847.362456,0.1042,0.0,0.0,0.0000,0.0000,0.9518,-0.1592,1.9944,0.0000,enc,0.0000
1786025847.457322,0.0949,0.0,0.0,0.0000,0.0000,0.9518,-0.1592,1.9944,0.0000,enc,0.0000
1786025847.558822,0.1015,0.0,0.0,0.0000,0.0000,0.9518,-0.1592,1.9944,0.0000,enc,0.0000
1786025847.665213,0.1064,0.0,0.0,0.0000,0.0000,0.9518,-0.1592,1.9944,0.0000,enc,0.0000
1786025847.771558,0.1063,0.0,0.0,0.0000,0.0000,0.9518,-0.1592,1.9944,0.0000,enc,0.0000
1786025847.870802,0.0992,0.0,0.0,0.0000,0.0000,0.9518,-0.1592,1.9944,0.0000,enc,0.0000
1786025847.964812,0.0940,0.0,0.0,0.0000,0.0000,0.9518,-0.1592,1.9944,0.0000,enc,0.0000
1786025848.075243,0.1104,0.0,0.0,0.0000,0.0000,0.9518,-0.1592,1.9944,0.0000,enc,0.0000
1786025848.172552,0.0973,0.0,0.0,0.0000,0.0000,0.9518,-0.1592,1.9944,0.0000,enc,0.0000
1786025848.281821,0.1093,0.0,0.0,0.0000,0.0000,0.9518,-0.1592,1.9944,0.0000,enc,0.0000
1786025848.378116,0.0963,0.0,0.0,0.0000,0.0000,0.9518,-0.1592,1.9944,0.0000,enc,0.0000
1786025848.482803,0.1047,0.0,0.0,0.0000,0.0000,0.9518,-0.1592,1.9944,0.0000,enc,0.0000
1786025848.577827,0.0950,0.0,0.0,0.0000,0.0000,0.9518,-0.1592,1.9944,0.0000,enc,0.0000
1786025848.680200,0.1024,0.0,0.0,0.0000,0.0000,0.9518,-0.1592,1.9944,0.0000,enc,0.0000
1786025848.786357,0.1062,0.0,0.0,0.0000,0.0000,0.9518,-0.1592,1.9944,0.0000,enc,0.0000
1786025848.894380,0.1080,0.0,0.0,0.0000,0.0000,0.9518,-0.1592,1.9944,0.0000,enc,0.0000
1786025848.989473,0.0951,0.0,0.0,0.0000,0.0000,0.9518,-0.1592,1.9944,0.0000,enc,0.0000
1786025849.092875,0.1034,0.0,0.0,0.0000,0.0000,0.9518,-0.1592,1.9944,0.0000,enc,0.0000
1786025849.194325,0.1014,0.0,0.0,0.0000,0.0000,0.9518,-0.1592,1.9944,0.0000,enc,0.0000
1786025849.295728,0.1014,0.0,0.0,0.0000,0.0000,0.9518,-0.1592,1.9944,0.0000,enc,0.0000
1786025849.398307,0.1026,0.0,0.0,0.0000,0.0000,0.9518,-0.1592,1.9944,0.0000,enc,0.0000
1786025849.522434,0.1241,0.0,0.0,0.0000,0.0000,0.9518,-0.1592,1.9944,0.0000,enc,0.0000
1786025849.603184,0.0808,0.0,0.0,0.0000,0.0000,0.9518,-0.1592,1.9944,0.0000,enc,0.0000
1786025849.711895,0.1087,0.0,0.0,0.0000,0.0000,0.9518,-0.1592,1.9944,0.0000,enc,0.0000
1786025849.806676,0.0948,0.0,0.0,0.0000,0.0000,0.9518,-0.1592,1.9944,0.0000,enc,0.0000
1786025849.908125,0.1014,0.0,0.0,0.0000,0.0000,0.9518,-0.1592,1.9944,0.0000,enc,0.0000
1786025850.013129,0.1050,0.0,0.0,0.0000,0.0000,0.9518,-0.1592,1.9944,0.0000,enc,0.0000
1786025850.112849,0.0997,0.0,0.0,0.0000,0.0000,0.9518,-0.1592,1.9944,0.0000,enc,0.0000
1786025850.264729,0.1519,0.0,0.0,0.0000,0.0000,0.9518,-0.1592,1.9944,0.0000,enc,0.0000
1786025850.314132,0.0494,0.0,0.0,0.0000,0.0000,0.9518,-0.1592,1.9944,0.0000,enc,0.0000
1786025850.523819,0.2097,0.0,0.0,0.0000,0.0000,0.9518,-0.1592,1.9944,0.0000,enc,0.0000
1786025850.525400,0.0016,0.0,0.0,0.0000,0.0000,0.9518,-0.1592,1.9944,0.0000,enc,0.0000
1786025850.776839,0.2514,0.0,0.0,0.0000,0.0000,0.9518,-0.1592,1.9944,0.0000,enc,0.0000
1786025850.778682,0.0018,0.0,0.0,0.0000,0.0000,0.9518,-0.1592,1.9944,0.0000,enc,0.0000
1786025850.828552,0.0499,0.0,0.0,0.0000,0.0000,0.9518,-0.1592,1.9944,0.0000,enc,0.0000
1786025851.016126,0.1876,0.0,0.0,0.0000,0.0000,0.9518,-0.1592,1.9944,0.0000,enc,0.0000
1786025851.034553,0.0184,0.0,0.0,0.0000,0.0000,0.9518,-0.1592,1.9944,0.0000,enc,0.0000
1786025851.268743,0.2342,0.0,0.0,0.0000,0.0000,0.9518,-0.1592,1.9944,0.0000,enc,0.0000
1786025851.269200,0.0005,0.0,0.0,0.0000,0.0000,0.9518,-0.1592,1.9944,0.0000,enc,0.0000
1786025851.343769,0.0746,0.0,0.0,0.0000,0.0000,0.9518,-0.1592,1.9944,0.0000,enc,0.0000
1786025851.523411,0.1796,0.0,0.0,0.0000,0.0000,0.9518,-0.1592,1.9944,0.0000,enc,0.0000
1786025851.539799,0.0164,0.0,0.0,0.0000,0.0000,0.9518,-0.1592,1.9944,0.0000,enc,0.0000
1786025851.777210,0.2374,0.0,0.0,0.0000,0.0000,0.9518,-0.1592,1.9944,0.0000,enc,0.0000
1786025851.777335,0.0001,0.0,0.0,0.0000,0.0000,0.9518,-0.1592,1.9944,0.0000,enc,0.0000
1786025851.850293,0.0730,0.0,0.0,0.0000,0.0000,0.9518,-0.1592,1.9944,0.0000,enc,0.0000
1786025852.027719,0.1774,0.0,0.0,0.0000,0.0000,0.9518,-0.1592,1.9944,0.0000,enc,0.0000
1786025852.049855,0.0221,0.0,0.0,0.0000,0.0000,0.9518,-0.1592,1.9944,0.0000,enc,0.0000
1786025852.277075,0.2272,0.0,0.0,0.0000,0.0000,0.9518,-0.1592,1.9944,0.0000,enc,0.0000
1786025852.278302,0.0012,0.0,0.0,0.0000,0.0000,0.9518,-0.1592,1.9944,0.0000,enc,0.0000
1786025852.356975,0.0787,0.0,0.0,0.0000,0.0000,0.9518,-0.1592,1.9944,0.0000,enc,0.0000
1786025852.530655,0.1737,0.0,0.0,0.0000,0.0000,0.9518,-0.1592,1.9944,0.0000,enc,0.0000
1786025852.579085,0.0484,0.0,0.0,0.0000,0.0000,0.9518,-0.1592,1.9944,0.0000,enc,0.0000
1786025852.801648,0.2226,0.0,0.0,0.0000,0.0000,0.9518,-0.1592,1.9944,0.0000,enc,0.0000
1786025852.808755,0.0071,0.0,0.0,0.0000,0.0000,0.9518,-0.1592,1.9944,0.0000,enc,0.0000
1786025852.868034,0.0593,0.0,0.0,0.0000,0.0000,0.9518,-0.1592,1.9944,0.0000,enc,0.0000
1786025853.029546,0.1615,0.0,0.0,0.0000,0.0000,0.9518,-0.1592,1.9944,0.0000,enc,0.0000
1786025853.074709,0.0452,0.0,0.0,0.0000,0.0000,0.9518,-0.1592,1.9944,0.0000,enc,0.0000
1786025853.279932,0.2052,0.0,0.0,0.0000,0.0000,0.9518,-0.1592,1.9944,0.0000,enc,0.0000
1786025853.280717,0.0008,0.0,0.0,0.0000,0.0000,0.9518,-0.1592,1.9944,0.0000,enc,0.0000
1786025853.529057,0.2483,0.0,0.0,0.0000,0.0000,0.9518,-0.1592,1.9944,0.0000,enc,0.0000
1786025853.529928,0.0009,0.0,0.0,0.0000,0.0000,0.9518,-0.1592,1.9944,0.0000,enc,0.0000
1786025853.588263,0.0583,0.0,0.0,0.0000,0.0000,0.9518,-0.1592,1.9944,0.0000,enc,0.0000
1786025853.778146,0.1899,0.0,0.0,0.0000,0.0000,0.9518,-0.1592,1.9944,0.0000,enc,0.0000
1786025853.788758,0.0106,0.0,0.0,0.0000,0.0000,0.9518,-0.1592,1.9944,0.0000,enc,0.0000
1786025854.030127,0.2414,0.0,0.0,0.0000,0.0000,0.9518,-0.1592,1.9944,0.0000,enc,0.0000
1786025854.030455,0.0003,0.0,0.0,0.0000,0.0000,0.9518,-0.1592,1.9944,0.0000,enc,0.0000
1786025854.099146,0.0687,0.0,0.0,0.0000,0.0000,0.9518,-0.1592,1.9944,0.0000,enc,0.0000
1786025854.283479,0.1843,0.0,0.0,0.0000,0.0000,0.9518,-0.1592,1.9944,0.0000,enc,0.0000
1786025854.300801,0.0173,0.0,0.0,0.0000,0.0000,0.9518,-0.1592,1.9944,0.0000,enc,0.0000
1786025854.536183,0.2354,0.0,0.0,0.0000,0.0000,0.9518,-0.1592,1.9944,0.0000,enc,0.0000
1786025854.537127,0.0009,0.0,0.0,0.0000,0.0000,0.9518,-0.1592,1.9944,0.0000,enc,0.0000
1786025854.606949,0.0698,0.0,0.0,0.0000,0.0000,0.9518,-0.1592,1.9944,0.0000,enc,0.0000
1786025854.793074,0.1861,0.0,0.0,0.0000,0.0000,0.9518,-0.1592,1.9944,0.0000,enc,0.0000
1786025854.811521,0.0184,0.0,0.0,0.0000,0.0000,0.9518,-0.1592,1.9944,0.0000,enc,0.0000
1786025855.047286,0.2358,0.0,0.0,0.0000,0.0000,0.9518,-0.1592,1.9944,0.0000,enc,0.0000
1786025855.047523,0.0002,0.0,0.0,0.0000,0.0000,0.9518,-0.1592,1.9944,0.0000,enc,0.0000
1786025855.118320,0.0708,0.0,0.0,0.0000,0.0000,0.9518,-0.1592,1.9944,0.0000,enc,0.0000
1786025855.223768,0.1054,0.0,0.0,0.0000,0.0000,0.9518,-0.1592,1.9944,0.0000,enc,0.0000
1786025855.321975,0.0982,0.0,0.0,0.0000,0.0000,0.9518,-0.1592,1.9944,0.0000,enc,0.0000
1786025855.424664,0.1027,0.0,0.0,0.0000,0.0000,0.9518,-0.1592,1.9944,0.0000,enc,0.0000
1786025855.528829,0.1042,0.0,0.0,0.0000,0.0000,0.9518,-0.1592,1.9944,0.0000,enc,0.0000
1786025855.629733,0.1009,0.0,0.0,0.0000,0.0000,0.9518,-0.1592,1.9944,0.0000,enc,0.0000
1786025855.731756,0.1020,0.0,0.0,0.0000,0.0000,0.9518,-0.1592,1.9944,0.0000,enc,0.0000
1786025855.836552,0.1048,0.0,0.0,0.0000,0.0000,0.9518,-0.1592,1.9944,0.0000,enc,0.0000
1786025855.938434,0.1019,0.0,0.0,0.0000,0.0000,0.9518,-0.1592,1.9944,0.0000,enc,0.0000
1786025856.037337,0.0989,0.0,0.0,0.0000,0.0000,0.9518,-0.1592,1.9944,0.0000,enc,0.0000
1786025856.142558,0.1052,0.0,0.0,0.0000,0.0000,0.9518,-0.1592,1.9944,0.0000,enc,0.0000
1786025856.242343,0.0998,0.0,0.0,0.0000,0.0000,0.9518,-0.1592,1.9944,0.0000,enc,0.0000
1786025856.348053,0.1057,0.0,0.0,0.0000,0.0000,0.9518,-0.1592,1.9944,0.0000,enc,0.0000
1786025856.451983,0.1039,0.0,0.0,0.0000,0.0000,0.9518,-0.1592,1.9944,0.0000,enc,0.0000
1786025856.552368,0.1004,0.0,0.0,0.0000,0.0000,0.9518,-0.1592,1.9944,0.0000,enc,0.0000
1786025856.658302,0.1059,0.0,0.0,0.0000,0.0000,0.9518,-0.1592,1.9944,0.0000,enc,0.0000
1786025856.759062,0.1008,0.0,0.0,0.0000,0.0000,0.9518,-0.1592,1.9944,0.0000,enc,0.0000
1786025856.858547,0.0995,0.0,0.0,0.0000,0.0000,0.9518,-0.1592,1.9944,0.0000,enc,0.0000
1786025856.960556,0.1020,0.0,0.0,0.0000,0.0000,0.9518,-0.1592,1.9944,0.0000,enc,0.0000
1786025857.063470,0.1029,0.0,0.0,0.0000,0.0000,0.9518,-0.1592,1.9944,0.0000,enc,0.0000
1786025857.165879,0.1024,0.0,0.0,0.0000,0.0000,0.9518,-0.1592,1.9944,0.0000,enc,0.0000
1786025857.267389,0.1015,0.0,0.0,0.0000,0.0000,0.9518,-0.1592,1.9944,0.0000,enc,0.0000
1786025857.369935,0.1025,0.0,0.0,0.0000,0.0000,0.9518,-0.1592,1.9944,0.0000,enc,0.0000
1786025857.470994,0.1011,0.0,0.0,0.0000,0.0000,0.9518,-0.1592,1.9944,0.0000,enc,0.0000
1786025857.572565,0.1016,0.0,0.0,0.0000,0.0000,0.9518,-0.1592,1.9944,0.0000,enc,0.0000
1786025857.672817,0.1003,0.0,0.0,0.0000,0.0000,0.9518,-0.1592,1.9944,0.0000,enc,0.0000
1786025857.778433,0.1056,0.0,0.0,0.0000,0.0000,0.9518,-0.1592,1.9944,0.0000,enc,0.0000
1786025857.877485,0.0991,0.0,0.0,0.0000,0.0000,0.9518,-0.1592,1.9944,0.0000,enc,0.0000
1786025857.979621,0.1021,0.0,0.0,0.0000,0.0000,0.9518,-0.1592,1.9944,0.0000,enc,0.0000
1786025858.084859,0.1052,0.0,0.0,0.0000,0.0000,0.9518,-0.1592,1.9944,0.0000,enc,0.0000
1786025858.183942,0.0991,0.0,0.0,0.0000,0.0000,0.9518,-0.1592,1.9944,0.0000,enc,0.0000
1786025858.285936,0.1020,0.0,0.0,0.0000,0.0000,0.9518,-0.1592,1.9944,0.0000,enc,0.0000
1786025858.391204,0.1053,0.0,0.0,0.0000,0.0000,0.9518,-0.1592,1.9944,0.0000,enc,0.0000
1786025858.490693,0.0995,0.0,0.0,0.0000,0.0000,0.9518,-0.1592,1.9944,0.0000,enc,0.0000
1786025858.594506,0.1038,0.0,0.0,0.0000,0.0000,0.9518,-0.1592,1.9944,0.0000,enc,0.0000
1786025858.697827,0.1033,0.0,0.0,0.0000,0.0000,0.9518,-0.1592,1.9944,0.0000,enc,0.0000
1786025858.796999,0.0992,0.0,0.0,0.0000,0.0000,0.9518,-0.1592,1.9944,0.0000,enc,0.0000
1786025858.899518,0.1025,0.0,0.0,0.0000,0.0000,0.9518,-0.1592,1.9944,0.0000,enc,0.0000
1786025859.004071,0.1046,0.0,0.0,0.0000,0.0000,0.9518,-0.1592,1.9944,0.0000,enc,0.0000
1786025859.106441,0.1024,0.0,0.0,0.0000,0.0000,0.9518,-0.1592,1.9944,0.0000,enc,0.0000
1786025859.205238,0.0988,0.0,0.0,0.0000,0.0000,0.9518,-0.1592,1.9944,0.0000,enc,0.0000
1786025859.310577,0.1053,0.0,0.0,0.0000,0.0000,0.9518,-0.1592,1.9944,0.0000,enc,0.0000
1786025859.412504,0.1019,0.0,0.0,0.0000,0.0000,0.9518,-0.1592,1.9944,0.0000,enc,0.0000
1786025859.514861,0.1024,0.0,0.0,0.0000,0.0000,0.9518,-0.1592,1.9944,0.0000,enc,0.0000
1786025859.617439,0.1026,0.0,0.0,0.0000,0.0000,0.9518,-0.1592,1.9944,0.0000,enc,0.0000
1786025859.719982,0.1025,0.0,0.0,0.0000,0.0000,0.9518,-0.1592,1.9944,0.0000,enc,0.0000
1786025859.821234,0.1013,0.0,0.0,0.0000,0.0000,0.9518,-0.1592,1.9944,0.0000,enc,0.0000
1786025859.924719,0.1035,0.0,0.0,0.0000,0.0000,0.9518,-0.1592,1.9944,0.0000,enc,0.0000
1786025860.025517,0.1008,0.0,0.0,0.0000,0.0000,0.9518,-0.1592,1.9944,0.0000,enc,0.0000
1786025860.127914,0.1024,0.0,0.0,0.0000,0.0000,0.9518,-0.1592,1.9944,0.0000,enc,0.0000
1786025860.229573,0.1017,0.0,0.0,0.0000,0.0000,0.9518,-0.1592,1.9944,0.0000,enc,0.0000
1786025860.332243,0.1027,0.0,0.0,0.0000,0.0000,0.9518,-0.1592,1.9944,0.0000,enc,0.0000
1786025860.434166,0.1019,0.0,0.0,0.0000,0.0000,0.9518,-0.1592,1.9944,0.0000,enc,0.0000
1786025860.533891,0.0997,0.0,0.0,0.0000,0.0000,0.9518,-0.1592,1.9944,0.0000,enc,0.0000
1786025860.640268,0.1064,0.0,0.0,0.0000,0.0000,0.9518,-0.1592,1.9944,0.0000,enc,0.0000
1786025860.737682,0.0974,0.0,0.0,0.0000,0.0000,0.9518,-0.1592,1.9944,0.0000,enc,0.0000
1786025860.840033,0.1024,0.0,0.0,0.0000,0.0000,0.9518,-0.1592,1.9944,0.0000,enc,0.0000
1786025860.945102,0.1051,0.0,0.0,0.0000,0.0000,0.9518,-0.1592,1.9944,0.0000,enc,0.0000
1786025861.044856,0.0998,0.0,0.0,0.0000,0.0000,0.9518,-0.1592,1.9944,0.0000,enc,0.0000
1786025861.146460,0.1016,0.0,0.0,0.0000,0.0000,0.9518,-0.1592,1.9944,0.0000,enc,0.0000
1786025861.251705,0.1052,0.0,0.0,0.0000,0.0000,0.9518,-0.1592,1.9944,0.0000,enc,0.0000
1786025861.351916,0.1002,0.0,0.0,0.0000,0.0000,0.9518,-0.1592,1.9944,0.0000,enc,0.0000
1786025861.470114,0.1182,0.0,0.0,0.0000,0.0000,0.9518,-0.1592,1.9944,0.0000,enc,0.0000
1786025861.560315,0.0902,0.0,0.0,0.0000,0.0000,0.9518,-0.1592,1.9944,0.0000,enc,0.0000
1786025861.665816,0.1055,0.0,0.0,0.0000,0.0000,0.9518,-0.1592,1.9944,0.0000,enc,0.0000
1786025861.760157,0.0943,0.0,0.0,0.0000,0.0000,0.9518,-0.1592,1.9944,0.0000,enc,0.0000
1786025861.864243,0.1041,0.0,0.0,0.0000,0.0000,0.9518,-0.1592,1.9944,0.0000,enc,0.0000
1786025861.967561,0.1033,0.0,0.0,0.0000,0.0000,0.9518,-0.1592,1.9944,0.0000,enc,0.0000
1786025862.070578,0.1030,0.0,0.0,0.0000,0.0000,0.9518,-0.1592,1.9944,0.0000,enc,0.0000
1786025862.171836,0.1013,0.0,0.0,0.0000,0.0000,0.9518,-0.1592,1.9944,0.0000,enc,0.0000
1786025862.273782,0.1019,0.0,0.0,0.0000,0.0000,0.9518,-0.1592,1.9944,0.0000,enc,0.0000
1786025862.376621,0.1028,0.0,0.0,0.0000,0.0000,0.9518,-0.1592,1.9944,0.0000,enc,0.0000
1786025862.480019,0.1034,0.0,0.0,0.0000,0.0000,0.9518,-0.1592,1.9944,0.0000,enc,0.0000
1786025862.580144,0.1001,0.0,0.0,0.0000,0.0000,0.9518,-0.1592,1.9944,0.0000,enc,0.0000
1786025862.683219,0.1031,0.0,0.0,0.0000,0.0000,0.9518,-0.1592,1.9944,0.0000,enc,0.0000
1786025862.785877,0.1027,0.0,0.0,0.0000,0.0000,0.9518,-0.1592,1.9944,0.0000,enc,0.0000
1786025862.888340,0.1025,0.0,0.0,0.0000,0.0000,0.9518,-0.1592,1.9944,0.0000,enc,0.0000
1786025862.990634,0.1023,0.0,0.0,0.0000,0.0000,0.9518,-0.1592,1.9944,0.0000,enc,0.0000
1786025863.090479,0.0998,0.0,0.0,0.0000,0.0000,0.9518,-0.1592,1.9944,0.0000,enc,0.0000
1786025863.194863,0.1044,0.0,0.0,0.0000,0.0000,0.9518,-0.1592,1.9944,0.0000,enc,0.0000
1786025863.296383,0.1015,0.0,0.0,0.0000,0.0000,0.9518,-0.1592,1.9944,0.0000,enc,0.0000
1786025863.396554,0.1002,0.0,0.0,0.0000,0.0000,0.9518,-0.1592,1.9944,0.0000,enc,0.0000
1786025863.500445,0.1039,0.0,0.0,0.0000,0.0000,0.9518,-0.1592,1.9944,0.0000,enc,0.0000
1786025863.600132,0.0997,0.0,0.0,0.0000,0.0000,0.9518,-0.1592,1.9944,0.0000,enc,0.0000
1786025863.703888,0.1038,0.0,0.0,0.0000,0.0000,0.9518,-0.1592,1.9944,0.0000,enc,0.0000
1786025863.809731,0.1058,0.0,0.0,0.0000,0.0000,0.9518,-0.1592,1.9944,0.0000,enc,0.0000
1786025863.908493,0.0988,0.0,0.0,0.0000,0.0000,0.9518,-0.1592,1.9944,0.0000,enc,0.0000
1786025864.010207,0.1017,0.0,0.0,0.0000,0.0000,0.9518,-0.1592,1.9944,0.0000,enc,0.0000
1786025864.115288,0.1051,0.0,0.0,0.0000,0.0000,0.9518,-0.1592,1.9944,0.0000,enc,0.0000
1786025864.220027,0.1047,0.0,0.0,0.0000,0.0000,0.9518,-0.1592,1.9944,0.0000,enc,0.0000
1786025864.317091,0.0971,0.0,0.0,0.0000,0.0000,0.9518,-0.1592,1.9944,0.0000,enc,0.0000
1786025864.421828,0.1047,0.0,0.0,0.0000,0.0000,0.9518,-0.1592,1.9944,0.0000,enc,0.0000
1786025864.524445,0.1026,0.0,0.0,0.0000,0.0000,0.9518,-0.1592,1.9944,0.0000,enc,0.0000
1786025864.625566,0.1011,0.0,0.0,0.0000,0.0000,0.9518,-0.1592,1.9944,0.0000,enc,0.0000
1786025864.729432,0.1039,0.0,0.0,0.0000,0.0000,0.9518,-0.1592,1.9944,0.0000,enc,0.0000
1786025864.829569,0.1001,0.0,0.0,0.0000,0.0000,0.9518,-0.1592,1.9944,0.0000,enc,0.0000
1786025864.932477,0.1029,0.0,0.0,0.0000,0.0000,0.9518,-0.1592,1.9944,0.0000,enc,0.0000
1786025865.035389,0.1029,0.0,0.0,0.0000,0.0000,0.9518,-0.1592,1.9944,0.0000,enc,0.0000
1786025865.268515,0.2331,0.0,0.0,0.0000,0.0000,0.9518,-0.1592,1.9944,0.0000,enc,0.0000
1786025865.269108,0.0006,0.0,0.0,0.0000,0.0000,0.9518,-0.1592,1.9944,0.0000,enc,0.0000
1786025865.341265,0.0722,0.0,0.0,0.0000,0.0000,0.9518,-0.1592,1.9944,0.0000,enc,0.0000
1786025865.522588,0.1813,0.0,0.0,0.0000,0.0000,0.9518,-0.1592,1.9944,0.0000,enc,0.0000
1786025865.544039,0.0215,0.0,0.0,0.0000,0.0000,0.9518,-0.1592,1.9944,0.0000,enc,0.0000
1786025865.765707,0.2217,0.0,0.0,0.0000,0.0000,0.9518,-0.1592,1.9944,0.0000,enc,0.0000
1786025865.766148,0.0004,0.0,0.0,0.0000,0.0000,0.9518,-0.1592,1.9944,0.0000,enc,0.0000
1786025865.851254,0.0851,0.0,0.0,0.0000,0.0000,0.9518,-0.1592,1.9944,0.0000,enc,0.0000
1786025866.021857,0.1706,0.0,0.0,0.0000,0.0000,0.9518,-0.1592,1.9944,0.0000,enc,0.0000
1786025866.057274,0.0354,0.0,0.0,0.0000,0.0000,0.9518,-0.1592,1.9944,0.0000,enc,0.0000
1786025866.276833,0.2196,0.0,0.0,0.0000,0.0000,0.9518,-0.1592,1.9944,0.0000,enc,0.0000
1786025866.277189,0.0004,0.0,0.0,0.0000,0.0000,0.9518,-0.1592,1.9944,0.0000,enc,0.0000
1786025866.363722,0.0865,0.0,0.0,0.0000,0.0000,0.9518,-0.1592,1.9944,0.0000,enc,0.0000
1786025866.531966,0.1682,0.0,0.0,0.0000,0.0000,0.9518,-0.1592,1.9944,0.0000,enc,0.0000
1786025866.567852,0.0359,0.0,0.0,0.0000,0.0000,0.9518,-0.1592,1.9944,0.0000,enc,0.0000
1786025866.784159,0.2163,0.0,0.0,0.0000,0.0000,0.9518,-0.1592,1.9944,0.0000,enc,0.0000
1786025866.784201,0.0000,0.0,0.0,0.0000,0.0000,0.9518,-0.1592,1.9944,0.0000,enc,0.0000
1786025866.877020,0.0928,0.0,0.0,0.0000,0.0000,0.9518,-0.1592,1.9944,0.0000,enc,0.0000
1786025867.033463,0.1564,0.0,0.0,0.0000,0.0000,0.9518,-0.1592,1.9944,0.0000,enc,0.0000
1786025867.080920,0.0475,0.0,0.0,0.0000,0.0000,0.9518,-0.1592,1.9944,0.0000,enc,0.0000
1786025867.285231,0.2043,0.0,0.0,0.0000,0.0000,0.9518,-0.1592,1.9944,0.0000,enc,0.0000
1786025867.285493,0.0003,0.0,0.0,0.0000,0.0000,0.9518,-0.1592,1.9944,0.0000,enc,0.0000
1786025867.384288,0.0988,0.0,0.0,0.0000,0.0000,0.9518,-0.1592,1.9944,0.0000,enc,0.0000
1786025867.533952,0.1497,0.0,0.0,0.0000,0.0000,0.9518,-0.1592,1.9944,0.0000,enc,0.0000
1786025867.594465,0.0605,0.0,0.0,0.0000,0.0000,0.9518,-0.1592,1.9944,0.0000,enc,0.0000
1786025867.785959,0.1915,0.0,0.0,0.0000,0.0000,0.9518,-0.1592,1.9944,0.0000,enc,0.0000
1786025867.791193,0.0052,0.0,0.0,0.0000,0.0000,0.9518,-0.1592,1.9944,0.0000,enc,0.0000
1786025868.032892,0.2417,0.0,0.0,0.0000,0.0000,0.9518,-0.1592,1.9944,0.0000,enc,0.0000
1786025868.034424,0.0015,0.0,0.0,0.0000,0.0000,0.9518,-0.1592,1.9944,0.0000,enc,0.0000
1786025868.097961,0.0635,0.0,0.0,0.0000,0.0000,0.9518,-0.1592,1.9944,0.0000,enc,0.0000
1786025868.283418,0.1855,0.0,0.0,0.0000,0.0000,0.9518,-0.1592,1.9944,0.0000,enc,0.0000
1786025868.299758,0.0163,0.0,0.0,0.0000,0.0000,0.9518,-0.1592,1.9944,0.0000,enc,0.0000
1786025868.534909,0.2352,0.0,0.0,0.0000,0.0000,0.9518,-0.1592,1.9944,0.0000,enc,0.0000
1786025868.535737,0.0008,0.0,0.0,0.0000,0.0000,0.9518,-0.1592,1.9944,0.0000,enc,0.0000
1786025868.609983,0.0742,0.0,0.0,0.0000,0.0000,0.9518,-0.1592,1.9944,0.0000,enc,0.0000
1786025868.786350,0.1764,0.0,0.0,0.0000,0.0000,0.9518,-0.1592,1.9944,0.0000,enc,0.0000
1786025868.810545,0.0242,0.0,0.0,0.0000,0.0000,0.9518,-0.1592,1.9944,0.0000,enc,0.0000
1786025869.037131,0.2266,0.0,0.0,0.0000,0.0000,0.9518,-0.1592,1.9944,0.0000,enc,0.0000
1786025869.038631,0.0015,0.0,0.0,0.0000,0.0000,0.9518,-0.1592,1.9944,0.0000,enc,0.0000
1786025869.116961,0.0783,0.0,0.0,0.0000,0.0000,0.9518,-0.1592,1.9944,0.0000,enc,0.0000
1786025869.289813,0.1729,0.0,0.0,0.0000,0.0000,0.9518,-0.1592,1.9944,0.0000,enc,0.0000
1786025869.321191,0.0314,0.0,0.0,0.0000,0.0000,0.9518,-0.1592,1.9944,0.0000,enc,0.0000
1786025869.544883,0.2237,0.0,0.0,0.0000,0.0000,0.9518,-0.1592,1.9944,0.0000,enc,0.0000
1786025869.545211,0.0003,0.0,0.0,0.0000,0.0000,0.9518,-0.1592,1.9944,0.0000,enc,0.0000
1786025869.631088,0.0859,0.0,0.0,0.0000,0.0000,0.9518,-0.1592,1.9944,0.0000,enc,0.0000
1786025869.799611,0.1685,0.0,0.0,0.0000,0.0000,0.9518,-0.1592,1.9944,0.0000,enc,0.0000
1786025869.831943,0.0323,0.0,0.0,0.0000,0.0000,0.9518,-0.1592,1.9944,0.0000,enc,0.0000
1786025870.054483,0.2225,0.0,0.0,0.0000,0.0000,0.9518,-0.1592,1.9944,0.0000,enc,0.0000
1786025870.056171,0.0017,0.0,0.0,0.0000,0.0000,0.9518,-0.1592,1.9944,0.0000,enc,0.0000
1786025870.141577,0.0854,0.0,0.0,0.0000,0.0000,0.9518,-0.1592,1.9944,0.0000,enc,0.0000
1786025870.245964,0.1044,0.0,0.0,0.0000,0.0000,0.9518,-0.1592,1.9944,0.0000,enc,0.0000
1786025870.344234,0.0983,0.0,0.0,0.0000,0.0000,0.9518,-0.1592,1.9944,0.0000,enc,0.0000
1786025870.448616,0.1044,0.0,0.0,0.0000,0.0000,0.9518,-0.1592,1.9944,0.0000,enc,0.0000
1786025870.552009,0.1034,0.0,0.0,0.0000,0.0000,0.9518,-0.1592,1.9944,0.0000,enc,0.0000
1786025870.652080,0.1001,0.0,0.0,0.0000,0.0000,0.9518,-0.1592,1.9944,0.0000,enc,0.0000
1786025870.753866,0.1018,0.0,0.0,0.0000,0.0000,0.9518,-0.1592,1.9944,0.0000,enc,0.0000
1786025870.859016,0.1051,0.0,0.0,0.0000,0.0000,0.9518,-0.1592,1.9944,0.0000,enc,0.0000
1786025870.960188,0.1012,0.0,0.0,0.0000,0.0000,0.9518,-0.1592,1.9944,0.0000,enc,0.0000
1786025871.060976,0.1008,0.0,0.0,0.0000,0.0000,0.9518,-0.1592,1.9944,0.0000,enc,0.0000
1786025871.167018,0.1060,0.0,0.0,0.0000,0.0000,0.9518,-0.1592,1.9944,0.0000,enc,0.0000
1786025871.262478,0.0955,0.0,0.0,0.0000,0.0000,0.9518,-0.1592,1.9944,0.0000,enc,0.0000
1786025871.364574,0.1021,0.0,0.0,0.0000,0.0000,0.9518,-0.1592,1.9944,0.0000,enc,0.0000
1786025871.471876,0.1073,0.0,0.0,0.0000,0.0000,0.9518,-0.1592,1.9944,0.0000,enc,0.0000
1786025871.569578,0.0977,0.0,0.0,0.0000,0.0000,0.9518,-0.1592,1.9944,0.0000,enc,0.0000
1786025871.670874,0.1013,0.0,0.0,0.0000,0.0000,0.9518,-0.1592,1.9944,0.0000,enc,0.0000
1786025871.779062,0.1082,0.0,0.0,0.0000,0.0000,0.9518,-0.1592,1.9944,0.0000,enc,0.0000
1786025871.875259,0.0962,0.0,0.0,0.0000,0.0000,0.9518,-0.1592,1.9944,0.0000,enc,0.0000
1786025871.977258,0.1020,0.0,0.0,0.0000,0.0000,0.9518,-0.1592,1.9944,0.0000,enc,0.0000
1786025872.084146,0.1069,0.0,0.0,0.0000,0.0000,0.9518,-0.1592,1.9944,0.0000,enc,0.0000
1786025872.184531,0.1004,0.0,0.0,0.0000,0.0000,0.9518,-0.1592,1.9944,0.0000,enc,0.0000
1786025872.286171,0.1016,0.0,0.0,0.0000,0.0000,0.9518,-0.1592,1.9944,0.0000,enc,0.0000
1786025872.391080,0.1049,0.0,0.0,0.0000,0.0000,0.9518,-0.1592,1.9944,0.0000,enc,0.0000
1786025872.491274,0.1002,0.0,0.0,0.0000,0.0000,0.9518,-0.1592,1.9944,0.0000,enc,0.0000
1786025872.593522,0.1022,0.0,0.0,0.0000,0.0000,0.9518,-0.1592,1.9944,0.0000,enc,0.0000
1786025872.698067,0.1045,0.0,0.0,0.0000,0.0000,0.9518,-0.1592,1.9944,0.0000,enc,0.0000
1786025872.800023,0.1020,0.0,0.0,0.0000,0.0000,0.9518,-0.1592,1.9944,0.0000,enc,0.0000
1786025872.898995,0.0990,0.0,0.0,0.0000,0.0000,0.9518,-0.1592,1.9944,0.0000,enc,0.0000
1786025873.002360,0.1034,0.0,0.0,0.0000,0.0000,0.9518,-0.1592,1.9944,0.0000,enc,0.0000
1786025873.162493,0.1601,0.0,0.0,0.0000,0.0000,0.9518,-0.1592,1.9944,0.0000,enc,0.0000
1786025873.241874,0.0794,0.0,0.0,0.0000,0.0000,0.9518,-0.1592,1.9944,0.0000,enc,0.0000
1786025873.310341,0.0685,0.0,0.0,0.0000,0.0000,0.9518,-0.1592,1.9944,0.0000,enc,0.0000
1786025873.412616,0.1023,0.0,0.0,0.0000,0.0000,0.9518,-0.1592,1.9944,0.0000,enc,0.0000
1786025873.514963,0.1023,0.0,0.0,0.0000,0.0000,0.9518,-0.1592,1.9944,0.0000,enc,0.0000
1786025873.614930,0.1000,0.0,0.0,0.0000,0.0000,0.9518,-0.1592,1.9944,0.0000,enc,0.0000
1786025873.745120,0.1302,0.0,0.0,0.0000,0.0000,0.9518,-0.1592,1.9944,0.0000,enc,0.0000
1786025873.831142,0.0860,0.0,0.0,0.0000,0.0000,0.9518,-0.1592,1.9944,0.0000,enc,0.0000
1786025873.924506,0.0934,0.0,0.0,0.0000,0.0000,0.9518,-0.1592,1.9944,0.0000,enc,0.0000
1786025874.028061,0.1036,0.0,0.0,0.0000,0.0000,0.9518,-0.1592,1.9944,0.0000,enc,0.0000
1786025874.125150,0.0971,0.0,0.0,0.0000,0.0000,0.9518,-0.1592,1.9944,0.0000,enc,0.0000
1786025874.225440,0.1003,0.0,0.0,0.0000,0.0000,0.9518,-0.1592,1.9944,0.0000,enc,0.0000
1786025874.331720,0.1063,0.0,0.0,0.0000,0.0000,0.9518,-0.1592,1.9944,0.0000,enc,0.0000
1786025874.436353,0.1046,0.0,0.0,0.0000,0.0000,0.9518,-0.1592,1.9944,0.0000,enc,0.0000
1786025874.537049,0.1007,0.0,0.0,0.0000,0.0000,0.9518,-0.1592,1.9944,0.0000,enc,0.0000
1786025874.643064,0.1060,0.0,0.0,0.0000,0.0000,0.9518,-0.1592,1.9944,0.0000,enc,0.0000
1786025874.742964,0.0999,0.0,0.0,0.0000,0.0000,0.9518,-0.1592,1.9944,0.0000,enc,0.0000
1786025874.845077,0.1021,0.0,0.0,0.0000,0.0000,0.9518,-0.1592,1.9944,0.0000,enc,0.0000
1786025874.947990,0.1029,0.0,0.0,0.0000,0.0000,0.9518,-0.1592,1.9944,0.0000,enc,0.0000
1786025875.049093,0.1011,0.0,0.0,0.0000,0.0000,0.9518,-0.1592,1.9944,0.0000,enc,0.0000
1786025875.151627,0.1025,0.0,0.0,0.0000,0.0000,0.9518,-0.1592,1.9944,0.0000,enc,0.0000
1786025875.256061,0.1044,0.0,0.0,0.0000,0.0000,0.9518,-0.1592,1.9944,0.0000,enc,0.0000
1786025875.357457,0.1014,0.0,0.0,0.0000,0.0000,0.9518,-0.1592,1.9944,0.0000,enc,0.0000
1786025875.463557,0.1061,0.0,0.0,0.0000,0.0000,0.9518,-0.1592,1.9944,0.0000,enc,0.0000
1786025875.561013,0.0975,0.0,0.0,0.0000,0.0000,0.9518,-0.1592,1.9944,0.0000,enc,0.0000
1786025875.667055,0.1060,0.0,0.0,0.0000,0.0000,0.9518,-0.1592,1.9944,0.0000,enc,0.0000
1786025875.766946,0.0999,0.0,0.0,0.0000,0.0000,0.9518,-0.1592,1.9944,0.0000,enc,0.0000
1786025875.868955,0.1020,0.0,0.0,0.0000,0.0000,0.9518,-0.1592,1.9944,0.0000,enc,0.0000
1786025875.974105,0.1051,0.0,0.0,0.0000,0.0000,0.9518,-0.1592,1.9944,0.0000,enc,0.0000
1786025876.074365,0.1003,0.0,0.0,0.0000,0.0000,0.9518,-0.1592,1.9944,0.0000,enc,0.0000
1786025876.175013,0.1006,0.0,0.0,0.0000,0.0000,0.9518,-0.1592,1.9944,0.0000,enc,0.0000
1786025876.278441,0.1034,0.0,0.0,0.0000,0.0000,0.9518,-0.1592,1.9944,0.0000,enc,0.0000
1786025876.380624,0.1022,0.0,0.0,0.0000,0.0000,0.9518,-0.1592,1.9944,0.0000,enc,0.0000
1786025876.482236,0.1016,0.0,0.0,0.0000,0.0000,0.9518,-0.1592,1.9944,0.0000,enc,0.0000
1786025876.587017,0.1048,0.0,0.0,0.0000,0.0000,0.9518,-0.1592,1.9944,0.0000,enc,0.0000
1786025876.696048,0.1090,0.0,0.0,0.0000,0.0000,0.9518,-0.1592,1.9944,0.0000,enc,0.0000
1786025876.790513,0.0945,0.0,0.0,0.0000,0.0000,0.9518,-0.1592,1.9944,0.0000,enc,0.0000
1786025876.896058,0.1055,0.0,0.0,0.0000,0.0000,0.9518,-0.1592,1.9944,0.0000,enc,0.0000
1786025876.995370,0.0993,0.0,0.0,0.0000,0.0000,0.9518,-0.1592,1.9944,0.0000,enc,0.0000
1786025877.095354,0.1000,0.0,0.0,0.0000,0.0000,0.9518,-0.1592,1.9944,0.0000,enc,0.0000
1786025877.200163,0.1048,0.0,0.0,0.0000,0.0000,0.9518,-0.1592,1.9944,0.0000,enc,0.0000
1786025877.300018,0.0999,0.0,0.0,0.0000,0.0000,0.9518,-0.1592,1.9944,0.0000,enc,0.0000
1786025877.404126,0.1041,0.0,0.0,0.0000,0.0000,0.9518,-0.1592,1.9944,0.0000,enc,0.0000
1786025877.507075,0.1029,0.0,0.0,0.0000,0.0000,0.9518,-0.1592,1.9944,0.0000,enc,0.0000
1786025877.610700,0.1036,0.0,0.0,0.0000,0.0000,0.9518,-0.1592,1.9944,0.0000,enc,0.0000
1786025877.709780,0.0991,0.0,0.0,0.0000,0.0000,0.9518,-0.1592,1.9944,0.0000,enc,0.0000
1786025877.811809,0.1020,0.0,0.0,0.0000,0.0000,0.9518,-0.1592,1.9944,0.0000,enc,0.0000
1786025877.914244,0.1024,0.0,0.0,0.0000,0.0000,0.9518,-0.1592,1.9944,0.0000,enc,0.0000
1786025878.014426,0.1002,0.0,0.0,0.0000,0.0000,0.9518,-0.1592,1.9944,0.0000,enc,0.0000
1786025878.114671,0.1002,0.0,0.0,0.0000,0.0000,0.9518,-0.1592,1.9944,0.0000,enc,0.0000
1786025878.219060,0.1044,0.0,0.0,0.0000,0.0000,0.9518,-0.1592,1.9944,0.0000,enc,0.0000
1786025878.324171,0.1051,0.0,0.0,0.0000,0.0000,0.9518,-0.1592,1.9944,0.0000,enc,0.0000
1786025878.422019,0.0978,0.0,0.0,0.0000,0.0000,0.9518,-0.1592,1.9944,0.0000,enc,0.0000
1786025878.525156,0.1031,0.0,0.0,0.0000,0.0000,0.9518,-0.1592,1.9944,0.0000,enc,0.0000
1786025878.624333,0.0992,0.0,0.0,0.0000,0.0000,0.9518,-0.1592,1.9944,0.0000,enc,0.0000
1786025878.727186,0.1029,0.0,0.0,0.0000,0.0000,0.9518,-0.1592,1.9944,0.0000,enc,0.0000
1786025878.830436,0.1032,0.0,0.0,0.0000,0.0000,0.9518,-0.1592,1.9944,0.0000,enc,0.0000
1786025878.930292,0.0999,0.0,0.0,0.0000,0.0000,0.9518,-0.1592,1.9944,0.0000,enc,0.0000
1786025879.032814,0.1025,0.0,0.0,0.0000,0.0000,0.9518,-0.1592,1.9944,0.0000,enc,0.0000
1786025879.137136,0.1043,0.0,0.0,0.0000,0.0000,0.9518,-0.1592,1.9944,0.0000,enc,0.0000
1786025879.237663,0.1005,0.0,0.0,0.0000,0.0000,0.9518,-0.1592,1.9944,0.0000,enc,0.0000
1786025879.338822,0.1012,0.0,0.0,0.0000,0.0000,0.9518,-0.1592,1.9944,0.0000,enc,0.0000
1786025879.444916,0.1061,0.0,0.0,0.0000,0.0000,0.9518,-0.1592,1.9944,0.0000,enc,0.0000
1786025879.544010,0.0991,0.0,0.0,0.0000,0.0000,0.9518,-0.1592,1.9944,0.0000,enc,0.0000
1786025879.649296,0.1053,0.0,0.0,0.0000,0.0000,0.9518,-0.1592,1.9944,0.0000,enc,0.0000
1786025879.751479,0.1022,0.0,0.0,0.0000,0.0000,0.9518,-0.1592,1.9944,0.0000,enc,0.0000
1786025879.854169,0.1027,0.0,0.0,0.0000,0.0000,0.9518,-0.1592,1.9944,0.0000,enc,0.0000
1786025879.951888,0.0977,0.0,0.0,0.0000,0.0000,0.9518,-0.1592,1.9944,0.0000,enc,0.0000
1786025880.058323,0.1064,0.0,0.0,0.0000,0.0000,0.9518,-0.1592,1.9944,0.0000,enc,0.0000
1786025880.252366,0.1940,0.0,0.0,0.0000,0.0000,0.9518,-0.1592,1.9944,0.0000,enc,0.0000
1786025880.258470,0.0061,0.0,0.0,0.0000,0.0000,0.9518,-0.1592,1.9944,0.0000,enc,0.0000
1786025880.497802,0.2393,0.0,0.0,0.0000,0.0000,0.9518,-0.1592,1.9944,0.0000,enc,0.0000
1786025880.497872,0.0001,0.0,0.0,0.0000,0.0000,0.9518,-0.1592,1.9944,0.0000,enc,0.0000
1786025880.567958,0.0701,0.0,0.0,0.0000,0.0000,0.9518,-0.1592,1.9944,0.0000,enc,0.0000
1786025880.744211,0.1763,0.0,0.0,0.0000,0.0000,0.9518,-0.1592,1.9944,0.0000,enc,0.0000
1786025880.770174,0.0260,0.0,0.0,0.0000,0.0000,0.9518,-0.1592,1.9944,0.0000,enc,0.0000
1786025880.993892,0.2237,0.0,0.0,0.0000,0.0000,0.9518,-0.1592,1.9944,0.0000,enc,0.0000
1786025880.994078,0.0002,0.0,0.0,0.0000,0.0000,0.9518,-0.1592,1.9944,0.0000,enc,0.0000
1786025881.080873,0.0868,0.0,0.0,0.0000,0.0000,0.9518,-0.1592,1.9944,0.0000,enc,0.0000
1786025881.243754,0.1629,0.0,0.0,0.0000,0.0000,0.9518,-0.1592,1.9944,0.0000,enc,0.0000
1786025881.281258,0.0375,0.0,0.0,0.0000,0.0000,0.9518,-0.1592,1.9944,0.0000,enc,0.0000
1786025881.498140,0.2169,0.0,0.0,0.0000,0.0000,0.9518,-0.1592,1.9944,0.0000,enc,0.0000
1786025881.500545,0.0024,0.0,0.0,0.0000,0.0000,0.9518,-0.1592,1.9944,0.0000,enc,0.0000
1786025881.589185,0.0886,0.0,0.0,0.0000,0.0000,0.9518,-0.1592,1.9944,0.0000,enc,0.0000
1786025881.750081,0.1609,0.0,0.0,0.0000,0.0000,0.9518,-0.1592,1.9944,0.0000,enc,0.0000
1786025881.794338,0.0443,0.0,0.0,0.0000,0.0000,0.9518,-0.1592,1.9944,0.0000,enc,0.0000
1786025881.999441,0.2051,0.0,0.0,0.0000,0.0000,0.9518,-0.1592,1.9944,0.0000,enc,0.0000
1786025881.999500,0.0001,0.0,0.0,0.0000,0.0000,0.9518,-0.1592,1.9944,0.0000,enc,0.0000
1786025882.098172,0.0987,0.0,0.0,0.0000,0.0000,0.9518,-0.1592,1.9944,0.0000,enc,0.0000
1786025882.250501,0.1523,0.0,0.0,0.0000,0.0000,0.9518,-0.1592,1.9944,0.0000,enc,0.0000
1786025882.307708,0.0572,0.0,0.0,0.0000,0.0000,0.9518,-0.1592,1.9944,0.0000,enc,0.0000
1786025882.500839,0.1931,0.0,0.0,0.0000,0.0000,0.9518,-0.1592,1.9944,0.0000,enc,0.0000
1786025882.506557,0.0057,0.0,0.0,0.0000,0.0000,0.9518,-0.1592,1.9944,0.0000,enc,0.0000
1786025882.750886,0.2443,0.0,0.0,0.0000,0.0000,0.9518,-0.1592,1.9944,0.0000,enc,0.0000
1786025882.751453,0.0006,0.0,0.0,0.0000,0.0000,0.9518,-0.1592,1.9944,0.0000,enc,0.0000
1786025882.817293,0.0658,0.0,0.0,0.0000,0.0000,0.9518,-0.1592,1.9944,0.0000,enc,0.0000
1786025883.000149,0.1829,0.0,0.0,0.0000,0.0000,0.9518,-0.1592,1.9944,0.0000,enc,0.0000
1786025883.018942,0.0188,0.0,0.0,0.0000,0.0000,0.9518,-0.1592,1.9944,0.0000,enc,0.0000
1786025883.270818,0.2519,0.0,0.0,0.0000,0.0000,0.9518,-0.1592,1.9944,0.0000,enc,0.0000
1786025883.271972,0.0012,0.0,0.0,0.0000,0.0000,0.9518,-0.1592,1.9944,0.0000,enc,0.0000
1786025883.355406,0.0834,0.0,0.0,0.0000,0.0000,0.9518,-0.1592,1.9944,0.0000,enc,0.0000
1786025883.508586,0.1532,0.0,0.0,0.0000,0.0000,0.9518,-0.1592,1.9944,0.0000,enc,0.0000
1786025883.534406,0.0258,0.0,0.0,0.0000,0.0000,0.9518,-0.1592,1.9944,0.0000,enc,0.0000
1786025883.778875,0.2445,0.0,0.0,0.0000,0.0000,0.9518,-0.1592,1.9944,0.0000,enc,0.0000
1786025883.780694,0.0018,0.0,0.0,0.0000,0.0000,0.9518,-0.1592,1.9944,0.0000,enc,0.0000
1786025883.838046,0.0574,0.0,0.0,0.0000,0.0000,0.9518,-0.1592,1.9944,0.0000,enc,0.0000
1786025884.004738,0.1667,0.0,0.0,0.0000,0.0000,0.9518,-0.1592,1.9944,0.0000,enc,0.0000
1786025884.042472,0.0377,0.0,0.0,0.0000,0.0000,0.9518,-0.1592,1.9944,0.0000,enc,0.0000
1786025884.256908,0.2144,0.0,0.0,0.0000,0.0000,0.9518,-0.1592,1.9944,0.0000,enc,0.0000
1786025884.257066,0.0002,0.0,0.0,0.0000,0.0000,0.9518,-0.1592,1.9944,0.0000,enc,0.0000
1786025884.346449,0.0894,0.0,0.0,0.0000,0.0000,0.9518,-0.1592,1.9944,0.0000,enc,0.0000
1786025884.511520,0.1651,0.0,0.0,0.0000,0.0000,0.9518,-0.1592,1.9944,0.0000,enc,0.0000
1786025884.552127,0.0406,0.0,0.0,0.0000,0.0000,0.9518,-0.1592,1.9944,0.0000,enc,0.0000
1786025884.765907,0.2138,0.0,0.0,0.0000,0.0000,0.9518,-0.1592,1.9944,0.0000,enc,0.0000
1786025884.766127,0.0002,0.0,0.0,0.0000,0.0000,0.9518,-0.1592,1.9944,0.0000,enc,0.0000
1786025884.858694,0.0926,0.0,0.0,0.0000,0.0000,0.9518,-0.1592,1.9944,0.0000,enc,0.0000
1786025885.019178,0.1605,0.0,0.0,0.0000,0.0000,0.9518,-0.1592,1.9944,0.0000,enc,0.0000
1786025885.061380,0.0422,0.0,0.0,0.0000,0.0000,0.9518,-0.1592,1.9944,0.0000,enc,0.0000
1786025885.166307,0.1049,0.0,0.0,0.0000,0.0000,0.9518,-0.1592,1.9944,0.0000,enc,0.0000
1786025885.267910,0.1016,0.0,0.0,0.0000,0.0000,0.9518,-0.1592,1.9944,0.0000,enc,0.0000
1786025885.370110,0.1022,0.0,0.0,0.0000,0.0000,0.9518,-0.1592,1.9944,0.0000,enc,0.0000
1786025885.472765,0.1027,0.0,0.0,0.0000,0.0000,0.9518,-0.1592,1.9944,0.0000,enc,0.0000
1786025885.575626,0.1029,0.0,0.0,0.0000,0.0000,0.9518,-0.1592,1.9944,0.0000,enc,0.0000
1786025885.676442,0.1008,0.0,0.0,0.0000,0.0000,0.9518,-0.1592,1.9944,0.0000,enc,0.0000
1786025885.778818,0.1024,0.0,0.0,0.0000,0.0000,0.9518,-0.1592,1.9944,0.0000,enc,0.0000
1786025885.880967,0.1021,0.0,0.0,0.0000,0.0000,0.9518,-0.1592,1.9944,0.0000,enc,0.0000
1786025885.982864,0.1019,0.0,0.0,0.0000,0.0000,0.9518,-0.1592,1.9944,0.0000,enc,0.0000
1786025886.082508,0.0996,0.0,0.0,0.0000,0.0000,0.9518,-0.1592,1.9944,0.0000,enc,0.0000
1786025886.187328,0.1048,0.0,0.0,0.0000,0.0000,0.9518,-0.1592,1.9944,0.0000,enc,0.0000
1786025886.289654,0.1023,0.0,0.0,0.0000,0.0000,0.9518,-0.1592,1.9944,0.0000,enc,0.0000
1786025886.388021,0.0984,0.0,0.0,0.0000,0.0000,0.9518,-0.1592,1.9944,0.0000,enc,0.0000
1786025886.493944,0.1059,0.0,0.0,0.0000,0.0000,0.9518,-0.1592,1.9944,0.0000,enc,0.0000
1786025886.592986,0.0990,0.0,0.0,0.0000,0.0000,0.9518,-0.1592,1.9944,0.0000,enc,0.0000
1786025886.695209,0.1022,0.0,0.0,0.0000,0.0000,0.9518,-0.1592,1.9944,0.0000,enc,0.0000
1786025886.800756,0.1055,0.0,0.0,0.0000,0.0000,0.9518,-0.1592,1.9944,0.0000,enc,0.0000
1786025886.927305,0.1265,0.0,0.0,0.0000,0.0000,0.9518,-0.1592,1.9944,0.0000,enc,0.0000
1786025887.015566,0.0883,0.0,0.0,0.0000,0.0000,0.9518,-0.1592,1.9944,0.0000,enc,0.0000
1786025887.106428,0.0909,0.0,0.0,0.0000,0.0000,0.9518,-0.1592,1.9944,0.0000,enc,0.0000
1786025887.208595,0.1022,0.0,0.0,0.0000,0.0000,0.9518,-0.1592,1.9944,0.0000,enc,0.0000
1786025887.307741,0.0991,0.0,0.0,0.0000,0.0000,0.9518,-0.1592,1.9944,0.0000,enc,0.0000
1786025887.413437,0.1057,0.0,0.0,0.0000,0.0000,0.9518,-0.1592,1.9944,0.0000,enc,0.0000
1786025887.523557,0.1101,0.0,0.0,0.0000,0.0000,0.9518,-0.1592,1.9944,0.0000,enc,0.0000
1786025887.614707,0.0912,0.0,0.0,0.0000,0.0000,0.9518,-0.1592,1.9944,0.0000,enc,0.0000
1786025887.719928,0.1052,0.0,0.0,0.0000,0.0000,0.9518,-0.1592,1.9944,0.0000,enc,0.0000
1786025887.821417,0.1015,0.0,0.0,0.0000,0.0000,0.9518,-0.1592,1.9944,0.0000,enc,0.0000
1786025887.924823,0.1034,0.0,0.0,0.0000,0.0000,0.9518,-0.1592,1.9944,0.0000,enc,0.0000
1786025888.026392,0.1016,0.0,0.0,0.0000,0.0000,0.9518,-0.1592,1.9944,0.0000,enc,0.0000
1786025888.128937,0.1025,0.0,0.0,0.0000,0.0000,0.9518,-0.1592,1.9944,0.0000,enc,0.0000
1786025888.230635,0.1017,0.0,0.0,0.0000,0.0000,0.9518,-0.1592,1.9944,0.0000,enc,0.0000
1786025888.333001,0.1024,0.0,0.0,0.0000,0.0000,0.9518,-0.1592,1.9944,0.0000,enc,0.0000
1786025888.435549,0.1025,0.0,0.0,0.0000,0.0000,0.9518,-0.1592,1.9944,0.0000,enc,0.0000
1786025888.540792,0.1052,0.0,0.0,0.0000,0.0000,0.9518,-0.1592,1.9944,0.0000,enc,0.0000
1786025888.637846,0.0971,0.0,0.0,0.0000,0.0000,0.9518,-0.1592,1.9944,0.0000,enc,0.0000
1786025888.741967,0.1041,0.0,0.0,0.0000,0.0000,0.9518,-0.1592,1.9944,0.0000,enc,0.0000
1786025888.844523,0.1026,0.0,0.0,0.0000,0.0000,0.9518,-0.1592,1.9944,0.0000,enc,0.0000
1786025888.943484,0.0990,0.0,0.0,0.0000,0.0000,0.9518,-0.1592,1.9944,0.0000,enc,0.0000
1786025889.048157,0.1047,0.0,0.0,0.0000,0.0000,0.9518,-0.1592,1.9944,0.0000,enc,0.0000
1786025889.147552,0.0994,0.0,0.0,0.0000,0.0000,0.9518,-0.1592,1.9944,0.0000,enc,0.0000
1786025889.250149,0.1026,0.0,0.0,0.0000,0.0000,0.9518,-0.1592,1.9944,0.0000,enc,0.0000
1786025889.354762,0.1046,0.0,0.0,0.0000,0.0000,0.9518,-0.1592,1.9944,0.0000,enc,0.0000
1786025889.454384,0.0996,0.0,0.0,0.0000,0.0000,0.9518,-0.1592,1.9944,0.0000,enc,0.0000
1786025889.555669,0.1013,0.0,0.0,0.0000,0.0000,0.9518,-0.1592,1.9944,0.0000,enc,0.0000
1786025889.661276,0.1056,0.0,0.0,0.0000,0.0000,0.9518,-0.1592,1.9944,0.0000,enc,0.0000
1786025889.760254,0.0990,0.0,0.0,0.0000,0.0000,0.9518,-0.1592,1.9944,0.0000,enc,0.0000
1786025889.862412,0.1022,0.0,0.0,0.0000,0.0000,0.9518,-0.1592,1.9944,0.0000,enc,0.0000
1786025889.969023,0.1066,0.0,0.0,0.0000,0.0000,0.9518,-0.1592,1.9944,0.0000,enc,0.0000
1786025890.069606,0.1006,0.0,0.0,0.0000,0.0000,0.9518,-0.1592,1.9944,0.0000,enc,0.0000
1786025890.168780,0.0992,0.0,0.0,0.0000,0.0000,0.9518,-0.1592,1.9944,0.0000,enc,0.0000
1786025890.274462,0.1057,0.0,0.0,0.0000,0.0000,0.9518,-0.1592,1.9944,0.0000,enc,0.0000
1786025890.376504,0.1020,0.0,0.0,0.0000,0.0000,0.9518,-0.1592,1.9944,0.0000,enc,0.0000
1786025890.478348,0.1018,0.0,0.0,0.0000,0.0000,0.9518,-0.1592,1.9944,0.0000,enc,0.0000
1786025890.580722,0.1024,0.0,0.0,0.0000,0.0000,0.9518,-0.1592,1.9944,0.0000,enc,0.0000
1786025890.682951,0.1022,0.0,0.0,0.0000,0.0000,0.9518,-0.1592,1.9944,0.0000,enc,0.0000
1786025890.788228,0.1053,0.0,0.0,0.0000,0.0000,0.9518,-0.1592,1.9944,0.0000,enc,0.0000
1786025890.888014,0.0998,0.0,0.0,0.0000,0.0000,0.9518,-0.1592,1.9944,0.0000,enc,0.0000
1786025890.991004,0.1030,0.0,0.0,0.0000,0.0000,0.9518,-0.1592,1.9944,0.0000,enc,0.0000
1786025891.091756,0.1008,0.0,0.0,0.0000,0.0000,0.9518,-0.1592,1.9944,0.0000,enc,0.0000
1786025891.191419,0.0997,0.0,0.0,0.0000,0.0000,0.9518,-0.1592,1.9944,0.0000,enc,0.0000
1786025891.296223,0.1048,0.0,0.0,0.0000,0.0000,0.9518,-0.1592,1.9944,0.0000,enc,0.0000
1786025891.398618,0.1024,0.0,0.0,0.0000,0.0000,0.9518,-0.1592,1.9944,0.0000,enc,0.0000
1786025891.500177,0.1016,0.0,0.0,0.0000,0.0000,0.9518,-0.1592,1.9944,0.0000,enc,0.0000
1786025891.603272,0.1031,0.0,0.0,0.0000,0.0000,0.9518,-0.1592,1.9944,0.0000,enc,0.0000
1786025891.701963,0.0987,0.0,0.0,0.0000,0.0000,0.9518,-0.1592,1.9944,0.0000,enc,0.0000
1786025891.804147,0.1022,0.0,0.0,0.0000,0.0000,0.9518,-0.1592,1.9944,0.0000,enc,0.0000
1786025891.908928,0.1048,0.0,0.0,0.0000,0.0000,0.9518,-0.1592,1.9944,0.0000,enc,0.0000
1786025892.008411,0.0995,0.0,0.0,0.0000,0.0000,0.9518,-0.1592,1.9944,0.0000,enc,0.0000
1786025892.110166,0.1018,0.0,0.0,0.0000,0.0000,0.9518,-0.1592,1.9944,0.0000,enc,0.0000
1786025892.215637,0.1055,0.0,0.0,0.0000,0.0000,0.9518,-0.1592,1.9944,0.0000,enc,0.0000
1786025892.314307,0.0987,0.0,0.0,0.0000,0.0000,0.9518,-0.1592,1.9944,0.0000,enc,0.0000
1786025892.416377,0.1021,0.0,0.0,0.0000,0.0000,0.9518,-0.1592,1.9944,0.0000,enc,0.0000
1786025892.521564,0.1052,0.0,0.0,0.0000,0.0000,0.9518,-0.1592,1.9944,0.0000,enc,0.0000
1786025892.623934,0.1024,0.0,0.0,0.0000,0.0000,0.9518,-0.1592,1.9944,0.0000,enc,0.0000
1786025892.722678,0.0987,0.0,0.0,0.0000,0.0000,0.9518,-0.1592,1.9944,0.0000,enc,0.0000
1786025892.827666,0.1050,0.0,0.0,0.0000,0.0000,0.9518,-0.1592,1.9944,0.0000,enc,0.0000
1786025892.931197,0.1035,0.0,0.0,0.0000,0.0000,0.9518,-0.1592,1.9944,0.0000,enc,0.0000
1786025893.034080,0.1029,0.0,0.0,0.0000,0.0000,0.9518,-0.1592,1.9944,0.0000,enc,0.0000
1786025893.133891,0.0998,0.0,0.0,0.0000,0.0000,0.9518,-0.1592,1.9944,0.0000,enc,0.0000
1786025893.236554,0.1027,0.0,0.0,0.0000,0.0000,0.9518,-0.1592,1.9944,0.0000,enc,0.0000
1786025893.339951,0.1034,0.0,0.0,0.0000,0.0000,0.9518,-0.1592,1.9944,0.0000,enc,0.0000
1786025893.441174,0.1012,0.0,0.0,0.0000,0.0000,0.9518,-0.1592,1.9944,0.0000,enc,0.0000
1786025893.543098,0.1019,0.0,0.0,0.0000,0.0000,0.9518,-0.1592,1.9944,0.0000,enc,0.0000
1786025893.646470,0.1034,0.0,0.0,0.0000,0.0000,0.9518,-0.1592,1.9944,0.0000,enc,0.0000
1786025893.746138,0.0997,0.0,0.0,0.0000,0.0000,0.9518,-0.1592,1.9944,0.0000,enc,0.0000
1786025893.849362,0.1032,0.0,0.0,0.0000,0.0000,0.9518,-0.1592,1.9944,0.0000,enc,0.0000
1786025893.951649,0.1023,0.0,0.0,0.0000,0.0000,0.9518,-0.1592,1.9944,0.0000,enc,0.0000
1786025894.056479,0.1048,0.0,0.0,0.0000,0.0000,0.9518,-0.1592,1.9944,0.0000,enc,0.0000
1786025894.156451,0.1000,0.0,0.0,0.0000,0.0000,0.9518,-0.1592,1.9944,0.0000,enc,0.0000
1786025894.254853,0.0984,0.0,0.0,0.0000,0.0000,0.9518,-0.1592,1.9944,0.0000,enc,0.0000
1786025894.356789,0.1019,0.0,0.0,0.0000,0.0000,0.9518,-0.1592,1.9944,0.0000,enc,0.0000
1786025894.462861,0.1061,0.0,0.0,0.0000,0.0000,0.9518,-0.1592,1.9944,0.0000,enc,0.0000
1786025894.561409,0.0985,0.0,0.0,0.0000,0.0000,0.9518,-0.1592,1.9944,0.0000,enc,0.0000
1786025894.663358,0.1019,0.0,0.0,0.0000,0.0000,0.9518,-0.1592,1.9944,0.0000,enc,0.0000
1786025894.770709,0.1074,0.0,0.0,0.0000,0.0000,0.9518,-0.1592,1.9944,0.0000,enc,0.0000
1786025894.867329,0.0966,0.0,0.0,0.0000,0.0000,0.9518,-0.1592,1.9944,0.0000,enc,0.0000
1786025894.969066,0.1017,0.0,0.0,0.0000,0.0000,0.9518,-0.1592,1.9944,0.0000,enc,0.0000
1786025895.076331,0.1073,0.0,0.0,0.0000,0.0000,0.9518,-0.1592,1.9944,0.0000,enc,0.0000
1786025895.266414,0.1901,0.0,0.0,0.0000,0.0000,0.9518,-0.1592,1.9944,0.0000,enc,0.0000
1786025895.276360,0.0099,0.0,0.0,0.0000,0.0000,0.9518,-0.1592,1.9944,0.0000,enc,0.0000
1786025895.521410,0.2450,0.0,0.0,0.0000,0.0000,0.9518,-0.1592,1.9944,0.0000,enc,0.0000
1786025895.521630,0.0002,0.0,0.0,0.0000,0.0000,0.9518,-0.1592,1.9944,0.0000,enc,0.0000
1786025895.584238,0.0626,0.0,0.0,0.0000,0.0000,0.9518,-0.1592,1.9944,0.0000,enc,0.0000
1786025895.775324,0.1911,0.0,0.0,0.0000,0.0000,0.9518,-0.1592,1.9944,0.0000,enc,0.0000
1786025895.799189,0.0239,0.0,0.0,0.0000,0.0000,0.9518,-0.1592,1.9944,0.0000,enc,0.0000
1786025896.031119,0.2319,0.0,0.0,0.0000,0.0000,0.9518,-0.1592,1.9944,0.0000,enc,0.0000
1786025896.031281,0.0002,0.0,0.0,0.0000,0.0000,0.9518,-0.1592,1.9944,0.0000,enc,0.0000
1786025896.094822,0.0635,0.0,0.0,0.0000,0.0000,0.9518,-0.1592,1.9944,0.0000,enc,0.0000
1786025896.267492,0.1727,0.0,0.0,0.0000,0.0000,0.9518,-0.1592,1.9944,0.0000,enc,0.0000
1786025896.298457,0.0310,0.0,0.0,0.0000,0.0000,0.9518,-0.1592,1.9944,0.0000,enc,0.0000
1786025896.521421,0.2230,0.0,0.0,0.0000,0.0000,0.9518,-0.1592,1.9944,0.0000,enc,0.0000
1786025896.522395,0.0010,0.0,0.0,0.0000,0.0000,0.9518,-0.1592,1.9944,0.0000,enc,0.0000
1786025896.605356,0.0830,0.0,0.0,0.0000,0.0000,0.9518,-0.1592,1.9944,0.0000,enc,0.0000
1786025896.780778,0.1754,0.0,0.0,0.0000,0.0000,0.9518,-0.1592,1.9944,0.0000,enc,0.0000
1786025896.810167,0.0294,0.0,0.0,0.0000,0.0000,0.9518,-0.1592,1.9944,0.0000,enc,0.0000
1786025897.023490,0.2133,0.0,0.0,0.0000,0.0000,0.9518,-0.1592,1.9944,0.0000,enc,0.0000
1786025897.025376,0.0019,0.0,0.0,0.0000,0.0000,0.9518,-0.1592,1.9944,0.0000,enc,0.0000
1786025897.119942,0.0946,0.0,0.0,0.0000,0.0000,0.9518,-0.1592,1.9944,0.0000,enc,0.0000
1786025897.274194,0.1543,0.0,0.0,0.0000,0.0000,0.9518,-0.1592,1.9944,0.0000,enc,0.0000
1786025897.330479,0.0563,0.0,0.0,0.0000,0.0000,0.9518,-0.1592,1.9944,0.0000,enc,0.0000
1786025897.529215,0.1987,0.0,0.0,0.0000,0.0000,0.9518,-0.1592,1.9944,0.0000,enc,0.0000
1786025897.530190,0.0010,0.0,0.0,0.0000,0.0000,0.9518,-0.1592,1.9944,0.0000,enc,0.0000
1786025897.774486,0.2443,0.0,0.0,0.0000,0.0000,0.9518,-0.1592,1.9944,0.0000,enc,0.0000
1786025897.774633,0.0001,0.0,0.0,0.0000,0.0000,0.9518,-0.1592,1.9944,0.0000,enc,0.0000
1786025897.845904,0.0713,0.0,0.0,0.0000,0.0000,0.9518,-0.1592,1.9944,0.0000,enc,0.0000
1786025898.054291,0.2084,0.0,0.0,0.0000,0.0000,0.9518,-0.1592,1.9944,0.0000,enc,0.0000
1786025898.082423,0.0281,0.0,0.0,0.0000,0.0000,0.9518,-0.1592,1.9944,0.0000,enc,0.0000
1786025898.290364,0.2079,0.0,0.0,0.0000,0.0000,0.9518,-0.1592,1.9944,0.0000,enc,0.0000
1786025898.300003,0.0096,0.0,0.0,0.0000,0.0000,0.9518,-0.1592,1.9944,0.0000,enc,0.0000
1786025898.345665,0.0457,0.0,0.0,0.0000,0.0000,0.9518,-0.1592,1.9944,0.0000,enc,0.0000
1786025898.542181,0.1965,0.0,0.0,0.0000,0.0000,0.9518,-0.1592,1.9944,0.0000,enc,0.0000
1786025898.548936,0.0068,0.0,0.0,0.0000,0.0000,0.9518,-0.1592,1.9944,0.0000,enc,0.0000
1786025898.774632,0.2257,0.0,0.0,0.0000,0.0000,0.9518,-0.1592,1.9944,0.0000,enc,0.0000
1786025898.775718,0.0011,0.0,0.0,0.0000,0.0000,0.9518,-0.1592,1.9944,0.0000,enc,0.0000
1786025898.856430,0.0807,0.0,0.0,0.0000,0.0000,0.9518,-0.1592,1.9944,0.0000,enc,0.0000
1786025899.030433,0.1740,0.0,0.0,0.0000,0.0000,0.9518,-0.1592,1.9944,0.0000,enc,0.0000
1786025899.062002,0.0316,0.0,0.0,0.0000,0.0000,0.9518,-0.1592,1.9944,0.0000,enc,0.0000
1786025899.279638,0.2176,0.0,0.0,0.0000,0.0000,0.9518,-0.1592,1.9944,0.0000,enc,0.0000
1786025899.280853,0.0012,0.0,0.0,0.0000,0.0000,0.9518,-0.1592,1.9944,0.0000,enc,0.0000
1786025899.368917,0.0881,0.0,0.0,0.0000,0.0000,0.9518,-0.1592,1.9944,0.0000,enc,0.0000
1786025899.536646,0.1677,0.0,0.0,0.0000,0.0000,0.9518,-0.1592,1.9944,0.0000,enc,0.0000
1786025899.573322,0.0367,0.0,0.0,0.0000,0.0000,0.9518,-0.1592,1.9944,0.0000,enc,0.0000
1786025899.793083,0.2198,0.0,0.0,0.0000,0.0000,0.9518,-0.1592,1.9944,0.0000,enc,0.0000
1786025899.800385,0.0073,0.0,0.0,0.0000,0.0000,0.9518,-0.1592,1.9944,0.0000,enc,0.0000
1786025899.882101,0.0817,0.0,0.0,0.0000,0.0000,0.9518,-0.1592,1.9944,0.0000,enc,0.0000
1786025900.045604,0.1635,0.0,0.0,0.0000,0.0000,0.9518,-0.1592,1.9944,0.0000,enc,0.0000
1786025900.080432,0.0348,0.0,0.0,0.0000,0.0000,0.9518,-0.1592,1.9944,0.0000,enc,0.0000
1786025900.204774,0.1243,0.0,0.0,0.0000,0.0000,0.9518,-0.1592,1.9944,0.0000,enc,0.0000
1786025900.304554,0.0998,0.0,0.0,0.0000,0.0000,0.9518,-0.1592,1.9944,0.0000,enc,0.0000
1786025900.389624,0.0851,0.0,0.0,0.0000,0.0000,0.9518,-0.1592,1.9944,0.0000,enc,0.0000
1786025900.501799,0.1122,0.0,0.0,0.0000,0.0000,0.9518,-0.1592,1.9944,0.0000,enc,0.0000
1786025900.603495,0.1017,0.0,0.0,0.0000,0.0000,0.9518,-0.1592,1.9944,0.0000,enc,0.0000
1786025900.693037,0.0895,0.0,0.0,0.0000,0.0000,0.9518,-0.1592,1.9944,0.0000,enc,0.0000
1786025900.817507,0.1245,0.0,0.0,0.0000,0.0000,0.9518,-0.1592,1.9944,0.0000,enc,0.0000
1786025900.900576,0.0831,0.0,0.0,0.0000,0.0000,0.9518,-0.1592,1.9944,0.0000,enc,0.0000
1786025900.999285,0.0987,0.0,0.0,0.0000,0.0000,0.9518,-0.1592,1.9944,0.0000,enc,0.0000
1786025901.118999,0.1197,0.0,0.0,0.0000,0.0000,0.9518,-0.1592,1.9944,0.0000,enc,0.0000
1786025901.221472,0.1025,0.0,0.0,0.0000,0.0000,0.9518,-0.1592,1.9944,0.0000,enc,0.0000
1786025901.305943,0.0845,0.0,0.0,0.0000,0.0000,0.9518,-0.1592,1.9944,0.0000,enc,0.0000
1786025901.421187,0.1152,0.0,0.0,0.0000,0.0000,0.9518,-0.1592,1.9944,0.0000,enc,0.0000
1786025901.530174,0.1090,0.0,0.0,0.0000,0.0000,0.9518,-0.1592,1.9944,0.0000,enc,0.0000
1786025901.622797,0.0926,0.0,0.0,0.0000,0.0000,0.9518,-0.1592,1.9944,0.0000,enc,0.0000
1786025901.726371,0.1036,0.0,0.0,0.0000,0.0000,0.9518,-0.1592,1.9944,0.0000,enc,0.0000
1786025901.825564,0.0992,0.0,0.0,0.0000,0.0000,0.9518,-0.1592,1.9944,0.0000,enc,0.0000
1786025901.919614,0.0940,0.0,0.0,0.0000,0.0000,0.9518,-0.1592,1.9944,0.0000,enc,0.0000
1786025902.021864,0.1023,0.0,0.0,0.0000,0.0000,0.9518,-0.1592,1.9944,0.0000,enc,0.0000
1786025902.151186,0.1293,0.0,0.0,0.0000,0.0000,0.9518,-0.1592,1.9944,0.0000,enc,0.0000
1786025902.227666,0.0765,0.0,0.0,0.0000,0.0000,0.9518,-0.1592,1.9944,0.0000,enc,0.0000
1786025902.356831,0.1292,0.0,0.0,0.0000,0.0000,0.9518,-0.1592,1.9944,0.0000,enc,0.0000
1786025902.517922,0.1611,0.0,0.0,0.0000,0.0000,0.9518,-0.1592,1.9944,0.0000,enc,0.0000
1786025902.534502,0.0166,0.0,0.0,0.0000,0.0000,0.9518,-0.1592,1.9944,0.0000,enc,0.0000
1786025902.711016,0.1765,0.0,0.0,0.0000,0.0000,0.9518,-0.1592,1.9944,0.0000,enc,0.0000
1786025902.742490,0.0315,0.0,0.0,0.0000,0.0000,0.9518,-0.1592,1.9944,0.0000,enc,0.0000
1786025902.851287,0.1088,0.0,0.0,0.0000,0.0000,0.9518,-0.1592,1.9944,0.0000,enc,0.0000
1786025902.940886,0.0896,0.0,0.0,0.0000,0.0000,0.9518,-0.1592,1.9944,0.0000,enc,0.0000
1786025903.054688,0.1138,0.0,0.0,0.0000,0.0000,0.9518,-0.1592,1.9944,0.0000,enc,0.0000
1786025903.157364,0.1027,0.0,0.0,0.0000,0.0000,0.9518,-0.1592,1.9944,0.0000,enc,0.0000
1786025903.283577,0.1262,0.0,0.0,0.0000,0.0000,0.9518,-0.1592,1.9944,0.0000,enc,0.0000
1786025903.380471,0.0969,0.0,0.0,0.0000,0.0000,0.9518,-0.1592,1.9944,0.0000,enc,0.0000
1786025903.480354,0.0999,0.0,0.0,0.0000,0.0000,0.9518,-0.1592,1.9944,0.0000,enc,0.0000
1786025903.556332,0.0760,0.0,0.0,0.0000,0.0000,0.9518,-0.1592,1.9944,0.0000,enc,0.0000
1786025903.670010,0.1137,0.0,0.0,0.0000,0.0000,0.9518,-0.1592,1.9944,0.0000,enc,0.0000
1786025903.767328,0.0973,0.0,0.0,0.0000,0.0000,0.9518,-0.1592,1.9944,0.0000,enc,0.0000
1786025903.865117,0.0978,0.0,0.0,0.0000,0.0000,0.9518,-0.1592,1.9944,0.0000,enc,0.0000
1786025903.973057,0.1079,0.0,0.0,0.0000,0.0000,0.9518,-0.1592,1.9944,0.0000,enc,0.0000
1786025904.071441,0.0984,0.0,0.0,0.0000,0.0000,0.9518,-0.1592,1.9944,0.0000,enc,0.0000
1786025904.170592,0.0992,0.0,0.0,0.0000,0.0000,0.9518,-0.1592,1.9944,0.0000,enc,0.0000
1786025904.275516,0.1049,0.0,0.0,0.0000,0.0000,0.9518,-0.1592,1.9944,0.0000,enc,0.0000
1786025904.376345,0.1008,0.0,0.0,0.0000,0.0000,0.9518,-0.1592,1.9944,0.0000,enc,0.0000
1786025904.478340,0.1020,0.0,0.0,0.0000,0.0000,0.9518,-0.1592,1.9944,0.0000,enc,0.0000
1786025904.579555,0.1012,0.0,0.0,0.0000,0.0000,0.9518,-0.1592,1.9944,0.0000,enc,0.0000
1786025904.686544,0.1070,0.0,0.0,0.0000,0.0000,0.9518,-0.1592,1.9944,0.0000,enc,0.0000
1786025904.785767,0.0992,0.0,0.0,0.0000,0.0000,0.9518,-0.1592,1.9944,0.0000,enc,0.0000
1786025904.886902,0.1011,0.0,0.0,0.0000,0.0000,0.9518,-0.1592,1.9944,0.0000,enc,0.0000
1786025904.990889,0.1040,0.0,0.0,0.0000,0.0000,0.9518,-0.1592,1.9944,0.0000,enc,0.0000
1786025905.088772,0.0979,0.0,0.0,0.0000,0.0000,0.9518,-0.1592,1.9944,0.0000,enc,0.0000
1786025905.196851,0.1081,0.0,0.0,0.0000,0.0000,0.9518,-0.1592,1.9944,0.0000,enc,0.0000
1786025905.297904,0.1011,0.0,0.0,0.0000,0.0000,0.9518,-0.1592,1.9944,0.0000,enc,0.0000
1786025905.399549,0.1016,0.0,0.0,0.0000,0.0000,0.9518,-0.1592,1.9944,0.0000,enc,0.0000
1786025905.502327,0.1028,0.0,0.0,0.0000,0.0000,0.9518,-0.1592,1.9944,0.0000,enc,0.0000
1786025905.598978,0.0967,0.0,0.0,0.0000,0.0000,0.9518,-0.1592,1.9944,0.0000,enc,0.0000
1786025905.702946,0.1040,0.0,0.0,0.0000,0.0000,0.9518,-0.1592,1.9944,0.0000,enc,0.0000
1786025905.811743,0.1088,0.0,0.0,0.0000,0.0000,0.9518,-0.1592,1.9944,0.0000,enc,0.0000
1786025905.911008,0.0993,0.0,0.0,0.0000,0.0000,0.9518,-0.1592,1.9944,0.0000,enc,0.0000
1786025906.010278,0.0993,0.0,0.0,0.0000,0.0000,0.9518,-0.1592,1.9944,0.0000,enc,0.0000
1786025906.116880,0.1066,0.0,0.0,0.0000,0.0000,0.9518,-0.1592,1.9944,0.0000,enc,0.0000
1786025906.217642,0.1008,0.0,0.0,0.0000,0.0000,0.9518,-0.1592,1.9944,0.0000,enc,0.0000
1786025906.345583,0.1279,0.0,0.0,0.0000,0.0000,0.9518,-0.1592,1.9944,0.0000,enc,0.0000
1786025906.427309,0.0817,0.0,0.0,0.0000,0.0000,0.9518,-0.1592,1.9944,0.0000,enc,0.0000
1786025906.526960,0.0997,0.0,0.0,0.0000,0.0000,0.9518,-0.1592,1.9944,0.0000,enc,0.0000
1786025906.640817,0.1139,0.0,0.0,0.0000,0.0000,0.9518,-0.1592,1.9944,0.0000,enc,0.0000
1786025906.760566,0.1197,0.0,0.0,0.0000,0.0000,0.9518,-0.1592,1.9944,0.0000,enc,0.0000
1786025906.821792,0.0612,0.0,0.0,0.0000,0.0000,0.9518,-0.1592,1.9944,0.0000,enc,0.0000
1786025906.935337,0.1135,0.0,0.0,0.0000,0.0000,0.9518,-0.1592,1.9944,0.0000,enc,0.0000
1786025907.038269,0.1029,0.0,0.0,0.0000,0.0000,0.9518,-0.1592,1.9944,0.0000,enc,0.0000
1786025907.136800,0.0985,0.0,0.0,0.0000,0.0000,0.9518,-0.1592,1.9944,0.0000,enc,0.0000
1786025907.243034,0.1062,0.0,0.0,0.0000,0.0000,0.9518,-0.1592,1.9944,0.0000,enc,0.0000
1786025907.340119,0.0971,0.0,0.0,0.0000,0.0000,0.9518,-0.1592,1.9944,0.0000,enc,0.0000
1786025907.435029,0.0949,0.0,0.0,0.0000,0.0000,0.9518,-0.1592,1.9944,0.0000,enc,0.0000
1786025907.541761,0.1067,0.0,0.0,0.0000,0.0000,0.9518,-0.1592,1.9944,0.0000,enc,0.0000
1786025907.652330,0.1106,0.0,0.0,0.0000,0.0000,0.9518,-0.1592,1.9944,0.0000,enc,0.0000
1786025907.744744,0.0924,0.0,0.0,0.0000,0.0000,0.9518,-0.1592,1.9944,0.0000,enc,0.0000
1786025907.850421,0.1057,0.0,0.0,0.0000,0.0000,0.9518,-0.1592,1.9944,0.0000,enc,0.0000
1786025907.949202,0.0988,0.0,0.0,0.0000,0.0000,0.9518,-0.1592,1.9944,0.0000,enc,0.0000
1786025908.051667,0.1025,0.0,0.0,0.0000,0.0000,0.9518,-0.1592,1.9944,0.0000,enc,0.0000
1786025908.157743,0.1061,0.0,0.0,0.0000,0.0000,0.9518,-0.1592,1.9944,0.0000,enc,0.0000
1786025908.268573,0.1108,0.0,0.0,0.0000,0.0000,0.9518,-0.1592,1.9944,0.0000,enc,0.0000
1786025908.361529,0.0930,0.0,0.0,0.0000,0.0000,0.9518,-0.1592,1.9944,0.0000,enc,0.0000
1786025908.466872,0.1053,0.0,0.0,0.0000,0.0000,0.9518,-0.1592,1.9944,0.0000,enc,0.0000
1786025908.567784,0.1009,0.0,0.0,0.0000,0.0000,0.9518,-0.1592,1.9944,0.0000,enc,0.0000
1786025908.668989,0.1012,0.0,0.0,0.0000,0.0000,0.9518,-0.1592,1.9944,0.0000,enc,0.0000
1786025908.779948,0.1110,0.0,0.0,0.0000,0.0000,0.9518,-0.1592,1.9944,0.0000,enc,0.0000
1786025908.873433,0.0935,0.0,0.0,0.0000,0.0000,0.9518,-0.1592,1.9944,0.0000,enc,0.0000
1786025908.985210,0.1118,0.0,0.0,0.0000,0.0000,0.9518,-0.1592,1.9944,0.0000,enc,0.0000
1786025909.098083,0.1129,0.0,0.0,0.0000,0.0000,0.9518,-0.1592,1.9944,0.0000,enc,0.0000
1786025909.179565,0.0815,0.0,0.0,0.0000,0.0000,0.9518,-0.1592,1.9944,0.0000,enc,0.0000
1786025909.291531,0.1120,0.0,0.0,0.0000,0.0000,0.9518,-0.1592,1.9944,0.0000,enc,0.0000
1786025909.383449,0.0919,0.0,0.0,0.0000,0.0000,0.9518,-0.1592,1.9944,0.0000,enc,0.0000
1786025909.524583,0.1411,0.0,0.0,0.0000,0.0000,0.9518,-0.1592,1.9944,0.0000,enc,0.0000
1786025909.600821,0.0762,0.0,0.0,0.0000,0.0000,0.9518,-0.1592,1.9944,0.0000,enc,0.0000
1786025909.703619,0.1028,0.0,0.0,0.0000,0.0000,0.9518,-0.1592,1.9944,0.0000,enc,0.0000
1786025909.791658,0.0880,0.0,0.0,0.0000,0.0000,0.9518,-0.1592,1.9944,0.0000,enc,0.0000
1786025909.899472,0.1078,0.0,0.0,0.0000,0.0000,0.9518,-0.1592,1.9944,0.0000,enc,0.0000
1786025909.994913,0.0954,0.0,0.0,0.0000,0.0000,0.9518,-0.1592,1.9944,0.0000,enc,0.0000
1786025910.101966,0.1071,0.0,0.0,0.0000,0.0000,0.9518,-0.1592,1.9944,0.0000,enc,0.0000
1786025910.276978,0.1750,0.0,0.0,0.0000,0.0000,0.9518,-0.1592,1.9944,0.0000,enc,0.0000
1786025910.305838,0.0289,0.0,0.0,0.0000,0.0000,0.9518,-0.1592,1.9944,0.0000,enc,0.0000
1786025910.521190,0.2154,0.0,0.0,0.0000,0.0000,0.9518,-0.1592,1.9944,0.0000,enc,0.0000
1786025910.525605,0.0044,0.0,0.0,0.0000,0.0000,0.9518,-0.1592,1.9944,0.0000,enc,0.0000
1786025910.611475,0.0859,0.0,0.0,0.0000,0.0000,0.9518,-0.1592,1.9944,0.0000,enc,0.0000
1786025910.768225,0.1567,0.0,0.0,0.0000,0.0000,0.9518,-0.1592,1.9944,0.0000,enc,0.0000
1786025910.827654,0.0594,0.0,0.0,0.0000,0.0000,0.9518,-0.1592,1.9944,0.0000,enc,0.0000
1786025911.012829,0.1852,0.0,0.0,0.0000,0.0000,0.9518,-0.1592,1.9944,0.0000,enc,0.0000
1786025911.016233,0.0034,0.0,0.0,0.0000,0.0000,0.9518,-0.1592,1.9944,0.0000,enc,0.0000
1786025911.280197,0.2640,0.0,0.0,0.0000,0.0000,0.9518,-0.1592,1.9944,0.0000,enc,0.0000
1786025911.280499,0.0003,0.0,0.0,0.0000,0.0000,0.9518,-0.1592,1.9944,0.0000,enc,0.0000
1786025911.329589,0.0491,0.0,0.0,0.0000,0.0000,0.9518,-0.1592,1.9944,0.0000,enc,0.0000
1786025911.526482,0.1969,0.0,0.0,0.0000,0.0000,0.9518,-0.1592,1.9944,0.0000,enc,0.0000
1786025911.527467,0.0010,0.0,0.0,0.0000,0.0000,0.9518,-0.1592,1.9944,0.0000,enc,0.0000
1786025911.772057,0.2446,0.0,0.0,0.0000,0.0000,0.9518,-0.1592,1.9944,0.0000,enc,0.0000
1786025911.773509,0.0015,0.0,0.0,0.0000,0.0000,0.9518,-0.1592,1.9944,0.0000,enc,0.0000
1786025911.833059,0.0595,0.0,0.0,0.0000,0.0000,0.9518,-0.1592,1.9944,0.0000,enc,0.0000
1786025912.038665,0.2056,0.0,0.0,0.0000,0.0000,0.9518,-0.1592,1.9944,0.0000,enc,0.0000
1786025912.038727,0.0001,0.0,0.0,0.0000,0.0000,0.9518,-0.1592,1.9944,0.0000,enc,0.0000
1786025912.271956,0.2332,0.0,0.0,0.0000,0.0000,0.9518,-0.1592,1.9944,0.0000,enc,0.0000
1786025912.273077,0.0011,0.0,0.0,0.0000,0.0000,0.9518,-0.1592,1.9944,0.0000,enc,0.0000
1786025912.345300,0.0722,0.0,0.0,0.0000,0.0000,0.9518,-0.1592,1.9944,0.0000,enc,0.0000
1786025912.520924,0.1756,0.0,0.0,0.0000,0.0000,0.9518,-0.1592,1.9944,0.0000,enc,0.0000
1786025912.548310,0.0274,0.0,0.0,0.0000,0.0000,0.9518,-0.1592,1.9944,0.0000,enc,0.0000
1786025912.770147,0.2218,0.0,0.0,0.0000,0.0000,0.9518,-0.1592,1.9944,0.0000,enc,0.0000
1786025912.772096,0.0019,0.0,0.0,0.0000,0.0000,0.9518,-0.1592,1.9944,0.0000,enc,0.0000
1786025912.851897,0.0798,0.0,0.0,0.0000,0.0000,0.9518,-0.1592,1.9944,0.0000,enc,0.0000
1786025913.021418,0.1695,0.0,0.0,0.0000,0.0000,0.9518,-0.1592,1.9944,0.0000,enc,0.0000
1786025913.062692,0.0413,0.0,0.0,0.0000,0.0000,0.9518,-0.1592,1.9944,0.0000,enc,0.0000
1786025913.271173,0.2085,0.0,0.0,0.0000,0.0000,0.9518,-0.1592,1.9944,0.0000,enc,0.0000
1786025913.272405,0.0012,0.0,0.0,0.0000,0.0000,0.9518,-0.1592,1.9944,0.0000,enc,0.0000
1786025913.367340,0.0949,0.0,0.0,0.0000,0.0000,0.9518,-0.1592,1.9944,0.0000,enc,0.0000
1786025913.524010,0.1567,0.0,0.0,0.0000,0.0000,0.9518,-0.1592,1.9944,0.0000,enc,0.0000
1786025913.572332,0.0483,0.0,0.0,0.0000,0.0000,0.9518,-0.1592,1.9944,0.0000,enc,0.0000
1786025913.776498,0.2042,0.0,0.0,0.0000,0.0000,0.9518,-0.1592,1.9944,0.0000,enc,0.0000
1786025913.776827,0.0003,0.0,0.0,0.0000,0.0000,0.9518,-0.1592,1.9944,0.0000,enc,0.0000
1786025914.024861,0.2480,0.0,0.0,0.0000,0.0000,0.9518,-0.1592,1.9944,0.0000,enc,0.0000
1786025914.026168,0.0013,0.0,0.0,0.0000,0.0000,0.9518,-0.1592,1.9944,0.0000,enc,0.0000
1786025914.084654,0.0585,0.0,0.0,0.0000,0.0000,0.9518,-0.1592,1.9944,0.0000,enc,0.0000
1786025914.276216,0.1916,0.0,0.0,0.0000,0.0000,0.9518,-0.1592,1.9944,0.0000,enc,0.0000
1786025914.282270,0.0061,0.0,0.0,0.0000,0.0000,0.9518,-0.1592,1.9944,0.0000,enc,0.0000
1786025914.533215,0.2509,0.0,0.0,0.0000,0.0000,0.9518,-0.1592,1.9944,0.0000,enc,0.0000
1786025914.533976,0.0008,0.0,0.0,0.0000,0.0000,0.9518,-0.1592,1.9944,0.0000,enc,0.0000
1786025914.590071,0.0561,0.0,0.0,0.0000,0.0000,0.9518,-0.1592,1.9944,0.0000,enc,0.0000
1786025914.787172,0.1971,0.0,0.0,0.0000,0.0000,0.9518,-0.1592,1.9944,0.0000,enc,0.0000
1786025914.792256,0.0051,0.0,0.0,0.0000,0.0000,0.9518,-0.1592,1.9944,0.0000,enc,0.0000
1786025915.040717,0.2485,0.0,0.0,0.0000,0.0000,0.9518,-0.1592,1.9944,0.0000,enc,0.0000
1786025915.040779,0.0001,0.0,0.0,0.0000,0.0000,0.9518,-0.1592,1.9944,0.0000,enc,0.0000
1786025915.098325,0.0575,0.0,0.0,0.0000,0.0000,0.9518,-0.1592,1.9944,0.0000,enc,0.0000
1786025915.203541,0.1052,0.0,0.0,0.0000,0.0000,0.9518,-0.1592,1.9944,0.0000,enc,0.0000
1786025915.303585,0.1000,0.0,0.0,0.0000,0.0000,0.9518,-0.1592,1.9944,0.0000,enc,0.0000
1786025915.405482,0.1019,0.0,0.0,0.0000,0.0000,0.9518,-0.1592,1.9944,0.0000,enc,0.0000
1786025915.515941,0.1105,0.0,0.0,0.0000,0.0000,0.9518,-0.1592,1.9944,0.0000,enc,0.0000
1786025915.614305,0.0984,0.0,0.0,0.0000,0.0000,0.9518,-0.1592,1.9944,0.0000,enc,0.0000
1786025915.714233,0.0999,0.0,0.0,0.0000,0.0000,0.9518,-0.1592,1.9944,0.0000,enc,0.0000
1786025915.821957,0.1077,0.0,0.0,0.0000,0.0000,0.9518,-0.1592,1.9944,0.0000,enc,0.0000
1786025915.920939,0.0990,0.0,0.0,0.0000,0.0000,0.9518,-0.1592,1.9944,0.0000,enc,0.0000
1786025916.023811,0.1029,0.0,0.0,0.0000,0.0000,0.9518,-0.1592,1.9944,0.0000,enc,0.0000
1786025916.129985,0.1062,0.0,0.0,0.0000,0.0000,0.9518,-0.1592,1.9944,0.0000,enc,0.0000
1786025916.238380,0.1084,0.0,0.0,0.0000,0.0000,0.9518,-0.1592,1.9944,0.0000,enc,0.0000
1786025916.332934,0.0946,0.0,0.0,0.0000,0.0000,0.9518,-0.1592,1.9944,0.0000,enc,0.0000
1786025916.439266,0.1063,0.0,0.0,0.0000,0.0000,0.9518,-0.1592,1.9944,0.0000,enc,0.0000
1786025916.537962,0.0987,0.0,0.0,0.0000,0.0000,0.9518,-0.1592,1.9944,0.0000,enc,0.0000
1786025916.638042,0.1001,0.0,0.0,0.0000,0.0000,0.9518,-0.1592,1.9944,0.0000,enc,0.0000
1786025916.748856,0.1108,0.0,0.0,0.0000,0.0000,0.9518,-0.1592,1.9944,0.0000,enc,0.0000
1786025916.850703,0.1018,0.0,0.0,0.0000,0.0000,0.9518,-0.1592,1.9944,0.0000,enc,0.0000
1786025916.944955,0.0943,0.0,0.0,0.0000,0.0000,0.9518,-0.1592,1.9944,0.0000,enc,0.0000
1786025917.048589,0.1036,0.0,0.0,0.0000,0.0000,0.9518,-0.1592,1.9944,0.0000,enc,0.0000
1786025917.150964,0.1024,0.0,0.0,0.0000,0.0000,0.9518,-0.1592,1.9944,0.0000,enc,0.0000
1786025917.250581,0.0996,0.0,0.0,0.0000,0.0000,0.9518,-0.1592,1.9944,0.0000,enc,0.0000
1786025917.349874,0.0993,0.0,0.0,0.0000,0.0000,0.9518,-0.1592,1.9944,0.0000,enc,0.0000
1786025917.456006,0.1061,0.0,0.0,0.0000,0.0000,0.9518,-0.1592,1.9944,0.0000,enc,0.0000
1786025917.554776,0.0988,0.0,0.0,0.0000,0.0000,0.9518,-0.1592,1.9944,0.0000,enc,0.0000
1786025917.657330,0.1026,0.0,0.0,0.0000,0.0000,0.9518,-0.1592,1.9944,0.0000,enc,0.0000
1786025917.763909,0.1066,0.0,0.0,0.0000,0.0000,0.9518,-0.1592,1.9944,0.0000,enc,0.0000
1786025917.861147,0.0972,0.0,0.0,0.0000,0.0000,0.9518,-0.1592,1.9944,0.0000,enc,0.0000
1786025917.962510,0.1014,0.0,0.0,0.0000,0.0000,0.9518,-0.1592,1.9944,0.0000,enc,0.0000
1786025918.072997,0.1105,0.0,0.0,0.0000,0.0000,0.9518,-0.1592,1.9944,0.0000,enc,0.0000
1786025918.166721,0.0937,0.0,0.0,0.0000,0.0000,0.9518,-0.1592,1.9944,0.0000,enc,0.0000
1786025918.270442,0.1037,0.0,0.0,0.0000,0.0000,0.9518,-0.1592,1.9944,0.0000,enc,0.0000
1786025918.392404,0.1220,0.0,0.0,0.0000,0.0000,0.9518,-0.1592,1.9944,0.0000,enc,0.0000
1786025918.479734,0.0873,0.0,0.0,0.0000,0.0000,0.9518,-0.1592,1.9944,0.0000,enc,0.0000
1786025918.578409,0.0987,0.0,0.0,0.0000,0.0000,0.9518,-0.1592,1.9944,0.0000,enc,0.0000
1786025918.680066,0.1017,0.0,0.0,0.0000,0.0000,0.9518,-0.1592,1.9944,0.0000,enc,0.0000
1786025918.783064,0.1030,0.0,0.0,0.0000,0.0000,0.9518,-0.1592,1.9944,0.0000,enc,0.0000
1786025918.884836,0.1018,0.0,0.0,0.0000,0.0000,0.9518,-0.1592,1.9944,0.0000,enc,0.0000
1786025918.989941,0.1051,0.0,0.0,0.0000,0.0000,0.9518,-0.1592,1.9944,0.0000,enc,0.0000
1786025919.092014,0.1021,0.0,0.0,0.0000,0.0000,0.9518,-0.1592,1.9944,0.0000,enc,0.0000
1786025919.192110,0.1001,0.0,0.0,0.0000,0.0000,0.9518,-0.1592,1.9944,0.0000,enc,0.0000
1786025919.294966,0.1029,0.0,0.0,0.0000,0.0000,0.9518,-0.1592,1.9944,0.0000,enc,0.0000
1786025919.399038,0.1041,0.0,0.0,0.0000,0.0000,0.9518,-0.1592,1.9944,0.0000,enc,0.0000
1786025919.499431,0.1004,0.0,0.0,0.0000,0.0000,0.9518,-0.1592,1.9944,0.0000,enc,0.0000
1786025919.600508,0.1011,0.0,0.0,0.0000,0.0000,0.9518,-0.1592,1.9944,0.0000,enc,0.0000
1786025919.706819,0.1063,0.0,0.0,0.0000,0.0000,0.9518,-0.1592,1.9944,0.0000,enc,0.0000
1786025919.806227,0.0994,0.0,0.0,0.0000,0.0000,0.9518,-0.1592,1.9944,0.0000,enc,0.0000
1786025919.904162,0.0979,0.0,0.0,0.0000,0.0000,0.9518,-0.1592,1.9944,0.0000,enc,0.0000
1786025920.013006,0.1088,0.0,0.0,0.0000,0.0000,0.9518,-0.1592,1.9944,0.0000,enc,0.0000
1786025920.108314,0.0953,0.0,0.0,0.0000,0.0000,0.9518,-0.1592,1.9944,0.0000,enc,0.0000
1786025920.211109,0.1028,0.0,0.0,0.0000,0.0000,0.9518,-0.1592,1.9944,0.0000,enc,0.0000
1786025920.319001,0.1079,0.0,0.0,0.0000,0.0000,0.9518,-0.1592,1.9944,0.0000,enc,0.0000
1786025920.416125,0.0971,0.0,0.0,0.0000,0.0000,0.9518,-0.1592,1.9944,0.0000,enc,0.0000
1786025920.517161,0.1010,0.0,0.0,0.0000,0.0000,0.9518,-0.1592,1.9944,0.0000,enc,0.0000
1786025920.628010,0.1108,0.0,0.0,0.0000,0.0000,0.9518,-0.1592,1.9944,0.0000,enc,0.0000
1786025920.722416,0.0944,0.0,0.0,0.0000,0.0000,0.9518,-0.1592,1.9944,0.0000,enc,0.0000
1786025920.824047,0.1016,0.0,0.0,0.0000,0.0000,0.9518,-0.1592,1.9944,0.0000,enc,0.0000
1786025920.931019,0.1070,0.0,0.0,0.0000,0.0000,0.9518,-0.1592,1.9944,0.0000,enc,0.0000
1786025921.029174,0.0982,0.0,0.0,0.0000,0.0000,0.9518,-0.1592,1.9944,0.0000,enc,0.0000
1786025921.132156,0.1030,0.0,0.0,0.0000,0.0000,0.9518,-0.1592,1.9944,0.0000,enc,0.0000
1786025921.238009,0.1059,0.0,0.0,0.0000,0.0000,0.9518,-0.1592,1.9944,0.0000,enc,0.0000
1786025921.338089,0.1001,0.0,0.0,0.0000,0.0000,0.9518,-0.1592,1.9944,0.0000,enc,0.0000
1786025921.440475,0.1024,0.0,0.0,0.0000,0.0000,0.9518,-0.1592,1.9944,0.0000,enc,0.0000
1786025921.544048,0.1036,0.0,0.0,0.0000,0.0000,0.9518,-0.1592,1.9944,0.0000,enc,0.0000
1786025921.644371,0.1003,0.0,0.0,0.0000,0.0000,0.9518,-0.1592,1.9944,0.0000,enc,0.0000
1786025921.747959,0.1036,0.0,0.0,0.0000,0.0000,0.9518,-0.1592,1.9944,0.0000,enc,0.0000
1786025921.850014,0.1021,0.0,0.0,0.0000,0.0000,0.9518,-0.1592,1.9944,0.0000,enc,0.0000
1786025921.953300,0.1033,0.0,0.0,0.0000,0.0000,0.9518,-0.1592,1.9944,0.0000,enc,0.0000
1786025922.053441,0.1001,0.0,0.0,0.0000,0.0000,0.9518,-0.1592,1.9944,0.0000,enc,0.0000
1786025922.155838,0.1024,0.0,0.0,0.0000,0.0000,0.9518,-0.1592,1.9944,0.0000,enc,0.0000
1786025922.260002,0.1042,0.0,0.0,0.0000,0.0000,0.9518,-0.1592,1.9944,0.0000,enc,0.0000
1786025922.362892,0.1029,0.0,0.0,0.0000,0.0000,0.9518,-0.1592,1.9944,0.0000,enc,0.0000
1786025922.571812,0.2089,0.0,0.0,0.0000,0.0000,0.9518,-0.1592,1.9944,0.0000,enc,0.0000
1786025922.571851,0.0000,0.0,0.0,0.0000,0.0000,0.9518,-0.1592,1.9944,0.0000,enc,0.0000
1786025922.667053,0.0952,0.0,0.0,0.0000,0.0000,0.9518,-0.1592,1.9944,0.0000,enc,0.0000
1786025922.768848,0.1018,0.0,0.0,0.0000,0.0000,0.9518,-0.1592,1.9944,0.0000,enc,0.0000
1786025922.872168,0.1033,0.0,0.0,0.0000,0.0000,0.9518,-0.1592,1.9944,0.0000,enc,0.0000
1786025922.970364,0.0982,0.0,0.0,0.0000,0.0000,0.9518,-0.1592,1.9944,0.0000,enc,0.0000
1786025923.072075,0.1017,0.0,0.0,0.0000,0.0000,0.9518,-0.1592,1.9944,0.0000,enc,0.0000
1786025923.192493,0.1204,0.0,0.0,0.0000,0.0000,0.9518,-0.1592,1.9944,0.0000,enc,0.0000
1786025923.295922,0.1034,0.0,0.0,0.0000,0.0000,0.9518,-0.1592,1.9944,0.0000,enc,0.0000
1786025923.378557,0.0826,0.0,0.0,0.0000,0.0000,0.9518,-0.1592,1.9944,0.0000,enc,0.0000
1786025923.487019,0.1085,0.0,0.0,0.0000,0.0000,0.9518,-0.1592,1.9944,0.0000,enc,0.0000
1786025923.601030,0.1140,0.0,0.0,0.0000,0.0000,0.9518,-0.1592,1.9944,0.0000,enc,0.0000
1786025923.690459,0.0894,0.0,0.0,0.0000,0.0000,0.9518,-0.1592,1.9944,0.0000,enc,0.0000
1786025923.789813,0.0994,0.0,0.0,0.0000,0.0000,0.9518,-0.1592,1.9944,0.0000,enc,0.0000
1786025923.893937,0.1041,0.0,0.0,0.0000,0.0000,0.9518,-0.1592,1.9944,0.0000,enc,0.0000
1786025923.994518,0.1006,0.0,0.0,0.0000,0.0000,0.9518,-0.1592,1.9944,0.0000,enc,0.0000
1786025924.101054,0.1065,0.0,0.0,0.0000,0.0000,0.9518,-0.1592,1.9944,0.0000,enc,0.0000
1786025924.198799,0.0977,0.0,0.0,0.0000,0.0000,0.9518,-0.1592,1.9944,0.0000,enc,0.0000
1786025924.300204,0.1014,0.0,0.0,0.0000,0.0000,0.9518,-0.1592,1.9944,0.0000,enc,0.0000
1786025924.402936,0.1027,0.0,0.0,0.0000,0.0000,0.9518,-0.1592,1.9944,0.0000,enc,0.0000
1786025924.505083,0.1021,0.0,0.0,0.0000,0.0000,0.9518,-0.1592,1.9944,0.0000,enc,0.0000
1786025924.606590,0.1015,0.0,0.0,0.0000,0.0000,0.9518,-0.1592,1.9944,0.0000,enc,0.0000
1786025924.709689,0.1031,0.0,0.0,0.0000,0.0000,0.9518,-0.1592,1.9944,0.0000,enc,0.0000
1786025924.811468,0.1018,0.0,0.0,0.0000,0.0000,0.9518,-0.1592,1.9944,0.0000,enc,0.0000
1786025924.911165,0.0997,0.0,0.0,0.0000,0.0000,0.9518,-0.1592,1.9944,0.0000,enc,0.0000
1786025925.013555,0.1024,0.0,0.0,0.0000,0.0000,0.9518,-0.1592,1.9944,0.0000,enc,0.0000
1786025925.267874,0.2543,0.0,0.0,0.0000,0.0000,0.9518,-0.1592,1.9944,0.0000,enc,0.0000
1786025925.269112,0.0012,0.0,0.0,0.0000,0.0000,0.9518,-0.1592,1.9944,0.0000,enc,0.0000
1786025925.318829,0.0497,0.0,0.0,0.0000,0.0000,0.9518,-0.1592,1.9944,0.0000,enc,0.0000
1786025925.522690,0.2039,0.0,0.0,0.0000,0.0000,0.9518,-0.1592,1.9944,0.0000,enc,0.0000
1786025925.525907,0.0032,0.0,0.0,0.0000,0.0000,0.9518,-0.1592,1.9944,0.0000,enc,0.0000
1786025925.767228,0.2413,0.0,0.0,0.0000,0.0000,0.9518,-0.1592,1.9944,0.0000,enc,0.0000
1786025925.767293,0.0001,0.0,0.0,0.0000,0.0000,0.9518,-0.1592,1.9944,0.0000,enc,0.0000
1786025925.829492,0.0622,0.0,0.0,0.0000,0.0000,0.9518,-0.1592,1.9944,0.0000,enc,0.0000
1786025926.022949,0.1935,0.0,0.0,0.0000,0.0000,0.9518,-0.1592,1.9944,0.0000,enc,0.0000
1786025926.034901,0.0120,0.0,0.0,0.0000,0.0000,0.9518,-0.1592,1.9944,0.0000,enc,0.0000
1786025926.277701,0.2428,0.0,0.0,0.0000,0.0000,0.9518,-0.1592,1.9944,0.0000,enc,0.0000
1786025926.278202,0.0005,0.0,0.0,0.0000,0.0000,0.9518,-0.1592,1.9944,0.0000,enc,0.0000
1786025926.341786,0.0636,0.0,0.0,0.0000,0.0000,0.9518,-0.1592,1.9944,0.0000,enc,0.0000
1786025926.531232,0.1894,0.0,0.0,0.0000,0.0000,0.9518,-0.1592,1.9944,0.0000,enc,0.0000
1786025926.545878,0.0146,0.0,0.0,0.0000,0.0000,0.9518,-0.1592,1.9944,0.0000,enc,0.0000
1786025926.785154,0.2393,0.0,0.0,0.0000,0.0000,0.9518,-0.1592,1.9944,0.0000,enc,0.0000
1786025926.785281,0.0001,0.0,0.0,0.0000,0.0000,0.9518,-0.1592,1.9944,0.0000,enc,0.0000
1786025926.854894,0.0696,0.0,0.0,0.0000,0.0000,0.9518,-0.1592,1.9944,0.0000,enc,0.0000
1786025927.032826,0.1779,0.0,0.0,0.0000,0.0000,0.9518,-0.1592,1.9944,0.0000,enc,0.0000
1786025927.056689,0.0239,0.0,0.0,0.0000,0.0000,0.9518,-0.1592,1.9944,0.0000,enc,0.0000
1786025927.283506,0.2268,0.0,0.0,0.0000,0.0000,0.9518,-0.1592,1.9944,0.0000,enc,0.0000
1786025927.284443,0.0009,0.0,0.0,0.0000,0.0000,0.9518,-0.1592,1.9944,0.0000,enc,0.0000
1786025927.366876,0.0824,0.0,0.0,0.0000,0.0000,0.9518,-0.1592,1.9944,0.0000,enc,0.0000
1786025927.532006,0.1651,0.0,0.0,0.0000,0.0000,0.9518,-0.1592,1.9944,0.0000,enc,0.0000
1786025927.567407,0.0354,0.0,0.0,0.0000,0.0000,0.9518,-0.1592,1.9944,0.0000,enc,0.0000
1786025927.782018,0.2146,0.0,0.0,0.0000,0.0000,0.9518,-0.1592,1.9944,0.0000,enc,0.0000
1786025927.783325,0.0013,0.0,0.0,0.0000,0.0000,0.9518,-0.1592,1.9944,0.0000,enc,0.0000
1786025927.873368,0.0900,0.0,0.0,0.0000,0.0000,0.9518,-0.1592,1.9944,0.0000,enc,0.0000
1786025928.033606,0.1602,0.0,0.0,0.0000,0.0000,0.9518,-0.1592,1.9944,0.0000,enc,0.0000
1786025928.082700,0.0491,0.0,0.0,0.0000,0.0000,0.9518,-0.1592,1.9944,0.0000,enc,0.0000
1786025928.280471,0.1978,0.0,0.0,0.0000,0.0000,0.9518,-0.1592,1.9944,0.0000,enc,0.0000
1786025928.283967,0.0035,0.0,0.0,0.0000,0.0000,0.9518,-0.1592,1.9944,0.0000,enc,0.0000
1786025928.531497,0.2475,0.0,0.0,0.0000,0.0000,0.9518,-0.1592,1.9944,0.0000,enc,0.0000
1786025928.531747,0.0003,0.0,0.0,0.0000,0.0000,0.9518,-0.1592,1.9944,0.0000,enc,0.0000
1786025928.593056,0.0613,0.0,0.0,0.0000,0.0000,0.9518,-0.1592,1.9944,0.0000,enc,0.0000
1786025928.785333,0.1923,0.0,0.0,0.0000,0.0000,0.9518,-0.1592,1.9944,0.0000,enc,0.0000
1786025928.793032,0.0077,0.0,0.0,0.0000,0.0000,0.9518,-0.1592,1.9944,0.0000,enc,0.0000
1786025929.035980,0.2429,0.0,0.0,0.0000,0.0000,0.9518,-0.1592,1.9944,0.0000,enc,0.0000
1786025929.036607,0.0006,0.0,0.0,0.0000,0.0000,0.9518,-0.1592,1.9944,0.0000,enc,0.0000
1786025929.099960,0.0634,0.0,0.0,0.0000,0.0000,0.9518,-0.1592,1.9944,0.0000,enc,0.0000
1786025929.285665,0.1857,0.0,0.0,0.0000,0.0000,0.9518,-0.1592,1.9944,0.0000,enc,0.0000
1786025929.303826,0.0182,0.0,0.0,0.0000,0.0000,0.9518,-0.1592,1.9944,0.0000,enc,0.0000
1786025929.540980,0.2372,0.0,0.0,0.0000,0.0000,0.9518,-0.1592,1.9944,0.0000,enc,0.0000
1786025929.541545,0.0006,0.0,0.0,0.0000,0.0000,0.9518,-0.1592,1.9944,0.0000,enc,0.0000
1786025929.610976,0.0694,0.0,0.0,0.0000,0.0000,0.9518,-0.1592,1.9944,0.0000,enc,0.0000
1786025929.795249,0.1843,0.0,0.0,0.0000,0.0000,0.9518,-0.1592,1.9944,0.0000,enc,0.0000
1786025929.816064,0.0208,0.0,0.0,0.0000,0.0000,0.9518,-0.1592,1.9944,0.0000,enc,0.0000
1786025930.050097,0.2340,0.0,0.0,0.0000,0.0000,0.9518,-0.1592,1.9944,0.0000,enc,0.0000
1786025930.051199,0.0011,0.0,0.0,0.0000,0.0000,0.9518,-0.1592,1.9944,0.0000,enc,0.0000
1786025930.121309,0.0701,0.0,0.0,0.0000,0.0000,0.9518,-0.1592,1.9944,0.0000,enc,0.0000
1786025930.226740,0.1054,0.0,0.0,0.0000,0.0000,0.9518,-0.1592,1.9944,0.0000,enc,0.0000
1786025930.326523,0.0998,0.0,0.0,0.0000,0.0000,0.9518,-0.1592,1.9944,0.0000,enc,0.0000
1786025930.437076,0.1106,0.0,0.0,0.0000,0.0000,0.9518,-0.1592,1.9944,0.0000,enc,0.0000
1786025930.532584,0.0955,0.0,0.0,0.0000,0.0000,0.9518,-0.1592,1.9944,0.0000,enc,0.0000
1786025930.634991,0.1024,0.0,0.0,0.0000,0.0000,0.9518,-0.1592,1.9944,0.0000,enc,0.0000
1786025930.738872,0.1039,0.0,0.0,0.0000,0.0000,0.9518,-0.1592,1.9944,0.0000,enc,0.0000
1786025930.840763,0.1019,0.0,0.0,0.0000,0.0000,0.9518,-0.1592,1.9944,0.0000,enc,0.0000
1786025930.941026,0.1003,0.0,0.0,0.0000,0.0000,0.9518,-0.1592,1.9944,0.0000,enc,0.0000
1786025931.040834,0.0998,0.0,0.0,0.0000,0.0000,0.9518,-0.1592,1.9944,0.0000,enc,0.0000
1786025931.146132,0.1053,0.0,0.0,0.0000,0.0000,0.9518,-0.1592,1.9944,0.0000,enc,0.0000
1786025931.248375,0.1022,0.0,0.0,0.0000,0.0000,0.9518,-0.1592,1.9944,0.0000,enc,0.0000
1786025931.350598,0.1022,0.0,0.0,0.0000,0.0000,0.9518,-0.1592,1.9944,0.0000,enc,0.0000
1786025931.452408,0.1018,0.0,0.0,0.0000,0.0000,0.9518,-0.1592,1.9944,0.0000,enc,0.0000
1786025931.554044,0.1016,0.0,0.0,0.0000,0.0000,0.9518,-0.1592,1.9944,0.0000,enc,0.0000
1786025931.657021,0.1030,0.0,0.0,0.0000,0.0000,0.9518,-0.1592,1.9944,0.0000,enc,0.0000
1786025931.759303,0.1023,0.0,0.0,0.0000,0.0000,0.9518,-0.1592,1.9944,0.0000,enc,0.0000
1786025931.861916,0.1026,0.0,0.0,0.0000,0.0000,0.9518,-0.1592,1.9944,0.0000,enc,0.0000
1786025931.964097,0.1022,0.0,0.0,0.0000,0.0000,0.9518,-0.1592,1.9944,0.0000,enc,0.0000
1786025932.065873,0.1018,0.0,0.0,0.0000,0.0000,0.9518,-0.1592,1.9944,0.0000,enc,0.0000
1786025932.167632,0.1018,0.0,0.0,0.0000,0.0000,0.9518,-0.1592,1.9944,0.0000,enc,0.0000
1786025932.269010,0.1014,0.0,0.0,0.0000,0.0000,0.9518,-0.1592,1.9944,0.0000,enc,0.0000
1786025932.371002,0.1020,0.0,0.0,0.0000,0.0000,0.9518,-0.1592,1.9944,0.0000,enc,0.0000
1786025932.473887,0.1029,0.0,0.0,0.0000,0.0000,0.9518,-0.1592,1.9944,0.0000,enc,0.0000
1786025932.578280,0.1044,0.0,0.0,0.0000,0.0000,0.9518,-0.1592,1.9944,0.0000,enc,0.0000
1786025932.676889,0.0986,0.0,0.0,0.0000,0.0000,0.9518,-0.1592,1.9944,0.0000,enc,0.0000
1786025932.783343,0.1065,0.0,0.0,0.0000,0.0000,0.9518,-0.1592,1.9944,0.0000,enc,0.0000
1786025932.881364,0.0980,0.0,0.0,0.0000,0.0000,0.9518,-0.1592,1.9944,0.0000,enc,0.0000
1786025932.983197,0.1018,0.0,0.0,0.0000,0.0000,0.9518,-0.1592,1.9944,0.0000,enc,0.0000
1786025933.088371,0.1052,0.0,0.0,0.0000,0.0000,0.9518,-0.1592,1.9944,0.0000,enc,0.0000
1786025933.187995,0.0996,0.0,0.0,0.0000,0.0000,0.9518,-0.1592,1.9944,0.0000,enc,0.0000
1786025933.289267,0.1013,0.0,0.0,0.0000,0.0000,0.9518,-0.1592,1.9944,0.0000,enc,0.0000
1786025933.393995,0.1047,0.0,0.0,0.0000,0.0000,0.9518,-0.1592,1.9944,0.0000,enc,0.0000
1786025933.493818,0.0998,0.0,0.0,0.0000,0.0000,0.9518,-0.1592,1.9944,0.0000,enc,0.0000
1786025933.596015,0.1022,0.0,0.0,0.0000,0.0000,0.9518,-0.1592,1.9944,0.0000,enc,0.0000
1786025933.702099,0.1061,0.0,0.0,0.0000,0.0000,0.9518,-0.1592,1.9944,0.0000,enc,0.0000
1786025933.804195,0.1021,0.0,0.0,0.0000,0.0000,0.9518,-0.1592,1.9944,0.0000,enc,0.0000
1786025933.902898,0.0987,0.0,0.0,0.0000,0.0000,0.9518,-0.1592,1.9944,0.0000,enc,0.0000
1786025934.009445,0.1065,0.0,0.0,0.0000,0.0000,0.9518,-0.1592,1.9944,0.0000,enc,0.0000
1786025934.110008,0.1006,0.0,0.0,0.0000,0.0000,0.9518,-0.1592,1.9944,0.0000,enc,0.0000
1786025934.212746,0.1027,0.0,0.0,0.0000,0.0000,0.9518,-0.1592,1.9944,0.0000,enc,0.0000
1786025934.316029,0.1033,0.0,0.0,0.0000,0.0000,0.9518,-0.1592,1.9944,0.0000,enc,0.0000
1786025934.416890,0.1009,0.0,0.0,0.0000,0.0000,0.9518,-0.1592,1.9944,0.0000,enc,0.0000
1786025934.518841,0.1020,0.0,0.0,0.0000,0.0000,0.9518,-0.1592,1.9944,0.0000,enc,0.0000
1786025934.621839,0.1030,0.0,0.0,0.0000,0.0000,0.9518,-0.1592,1.9944,0.0000,enc,0.0000
1786025934.723012,0.1012,0.0,0.0,0.0000,0.0000,0.9518,-0.1592,1.9944,0.0000,enc,0.0000
1786025934.825135,0.1021,0.0,0.0,0.0000,0.0000,0.9518,-0.1592,1.9944,0.0000,enc,0.0000
1786025934.927323,0.1022,0.0,0.0,0.0000,0.0000,0.9518,-0.1592,1.9944,0.0000,enc,0.0000
1786025935.031595,0.1043,0.0,0.0,0.0000,0.0000,0.9518,-0.1592,1.9944,0.0000,enc,0.0000
1786025935.130850,0.0993,0.0,0.0,0.0000,0.0000,0.9518,-0.1592,1.9944,0.0000,enc,0.0000
1786025935.230925,0.1001,0.0,0.0,0.0000,0.0000,0.9518,-0.1592,1.9944,0.0000,enc,0.0000
1786025935.335278,0.1044,0.0,0.0,0.0000,0.0000,0.9518,-0.1592,1.9944,0.0000,enc,0.0000
1786025935.434825,0.0995,0.0,0.0,0.0000,0.0000,0.9518,-0.1592,1.9944,0.0000,enc,0.0000
1786025935.537348,0.1025,0.0,0.0,0.0000,0.0000,0.9518,-0.1592,1.9944,0.0000,enc,0.0000
1786025935.644010,0.1067,0.0,0.0,0.0000,0.0000,0.9518,-0.1592,1.9944,0.0000,enc,0.0000
1786025935.740990,0.0970,0.0,0.0,0.0000,0.0000,0.9518,-0.1592,1.9944,0.0000,enc,0.0000
1786025935.843107,0.1021,0.0,0.0,0.0000,0.0000,0.9518,-0.1592,1.9944,0.0000,enc,0.0000
1786025935.949055,0.1059,0.0,0.0,0.0000,0.0000,0.9518,-0.1592,1.9944,0.0000,enc,0.0000
1786025936.047737,0.0987,0.0,0.0,0.0000,0.0000,0.9518,-0.1592,1.9944,0.0000,enc,0.0000
1786025936.149978,0.1022,0.0,0.0,0.0000,0.0000,0.9518,-0.1592,1.9944,0.0000,enc,0.0000
1786025936.256968,0.1070,0.0,0.0,0.0000,0.0000,0.9518,-0.1592,1.9944,0.0000,enc,0.0000
1786025936.354279,0.0973,0.0,0.0,0.0000,0.0000,0.9518,-0.1592,1.9944,0.0000,enc,0.0000
1786025936.457116,0.1028,0.0,0.0,0.0000,0.0000,0.9518,-0.1592,1.9944,0.0000,enc,0.0000
1786025936.561738,0.1046,0.0,0.0,0.0000,0.0000,0.9518,-0.1592,1.9944,0.0000,enc,0.0000
1786025936.664941,0.1032,0.0,0.0,0.0000,0.0000,0.9518,-0.1592,1.9944,0.0000,enc,0.0000
1786025936.763576,0.0986,0.0,0.0,0.0000,0.0000,0.9518,-0.1592,1.9944,0.0000,enc,0.0000
1786025936.870270,0.1067,0.0,0.0,0.0000,0.0000,0.9518,-0.1592,1.9944,0.0000,enc,0.0000
1786025936.970549,0.1003,0.0,0.0,0.0000,0.0000,0.9518,-0.1592,1.9944,0.0000,enc,0.0000
1786025937.072838,0.1023,0.0,0.0,0.0000,0.0000,0.9518,-0.1592,1.9944,0.0000,enc,0.0000
1786025937.174006,0.1012,0.0,0.0,0.0000,0.0000,0.9518,-0.1592,1.9944,0.0000,enc,0.0000
1786025937.276962,0.1030,0.0,0.0,0.0000,0.0000,0.9518,-0.1592,1.9944,0.0000,enc,0.0000
1786025937.378787,0.1018,0.0,0.0,0.0000,0.0000,0.9518,-0.1592,1.9944,0.0000,enc,0.0000
1786025937.481883,0.1031,0.0,0.0,0.0000,0.0000,0.9518,-0.1592,1.9944,0.0000,enc,0.0000
1786025937.583423,0.1015,0.0,0.0,0.0000,0.0000,0.9518,-0.1592,1.9944,0.0000,enc,0.0000
1786025937.684822,0.1014,0.0,0.0,0.0000,0.0000,0.9518,-0.1592,1.9944,0.0000,enc,0.0000
1786025937.785914,0.1011,0.0,0.0,0.0000,0.0000,0.9518,-0.1592,1.9944,0.0000,enc,0.0000
1786025937.889240,0.1033,0.0,0.0,0.0000,0.0000,0.9518,-0.1592,1.9944,0.0000,enc,0.0000
1786025937.992050,0.1028,0.0,0.0,0.0000,0.0000,0.9518,-0.1592,1.9944,0.0000,enc,0.0000
1786025938.091980,0.0999,0.0,0.0,0.0000,0.0000,0.9518,-0.1592,1.9944,0.0000,enc,0.0000
1786025938.195879,0.1039,0.0,0.0,0.0000,0.0000,0.9518,-0.1592,1.9944,0.0000,enc,0.0000
1786025938.301703,0.1058,0.0,0.0,0.0000,0.0000,0.9518,-0.1592,1.9944,0.0000,enc,0.0000
1786025938.403852,0.1021,0.0,0.0,0.0000,0.0000,0.9518,-0.1592,1.9944,0.0000,enc,0.0000
1786025938.513838,0.1100,0.0,0.0,0.0000,0.0000,0.9518,-0.1592,1.9944,0.0000,enc,0.0000
1786025938.602587,0.0887,0.0,0.0,0.0000,0.0000,0.9518,-0.1592,1.9944,0.0000,enc,0.0000
1786025938.704801,0.1022,0.0,0.0,0.0000,0.0000,0.9518,-0.1592,1.9944,0.0000,enc,0.0000
1786025938.809835,0.1050,0.0,0.0,0.0000,0.0000,0.9518,-0.1592,1.9944,0.0000,enc,0.0000
1786025938.911681,0.1018,0.0,0.0,0.0000,0.0000,0.9518,-0.1592,1.9944,0.0000,enc,0.0000
1786025939.010667,0.0990,0.0,0.0,0.0000,0.0000,0.9518,-0.1592,1.9944,0.0000,enc,0.0000
1786025939.115984,0.1053,0.0,0.0,0.0000,0.0000,0.9518,-0.1592,1.9944,0.0000,enc,0.0000
1786025939.218470,0.1025,0.0,0.0,0.0000,0.0000,0.9518,-0.1592,1.9944,0.0000,enc,0.0000
1786025939.317662,0.0992,0.0,0.0,0.0000,0.0000,0.9518,-0.1592,1.9944,0.0000,enc,0.0000
1786025939.422608,0.1049,0.0,0.0,0.0000,0.0000,0.9518,-0.1592,1.9944,0.0000,enc,0.0000
1786025939.525385,0.1028,0.0,0.0,0.0000,0.0000,0.9518,-0.1592,1.9944,0.0000,enc,0.0000
1786025939.626906,0.1015,0.0,0.0,0.0000,0.0000,0.9518,-0.1592,1.9944,0.0000,enc,0.0000
1786025939.730433,0.1035,0.0,0.0,0.0000,0.0000,0.9518,-0.1592,1.9944,0.0000,enc,0.0000
1786025939.832364,0.1019,0.0,0.0,0.0000,0.0000,0.9518,-0.1592,1.9944,0.0000,enc,0.0000
1786025939.934907,0.1025,0.0,0.0,0.0000,0.0000,0.9518,-0.1592,1.9944,0.0000,enc,0.0000
1786025940.037601,0.1027,0.0,0.0,0.0000,0.0000,0.9518,-0.1592,1.9944,0.0000,enc,0.0000
1786025940.251886,0.2143,0.0,0.0,0.0000,0.0000,0.9518,-0.1592,1.9944,0.0000,enc,0.0000
1786025940.252002,0.0001,0.0,0.0,0.0000,0.0000,0.9518,-0.1592,1.9944,0.0000,enc,0.0000
1786025940.344485,0.0925,0.0,0.0,0.0000,0.0000,0.9518,-0.1592,1.9944,0.0000,enc,0.0000
1786025940.507489,0.1630,0.0,0.0,0.0000,0.0000,0.9518,-0.1592,1.9944,0.0000,enc,0.0000
1786025940.549097,0.0416,0.0,0.0,0.0000,0.0000,0.9518,-0.1592,1.9944,0.0000,enc,0.0000
1786025940.754262,0.2052,0.0,0.0,0.0000,0.0000,0.9518,-0.1592,1.9944,0.0000,enc,0.0000
1786025940.754575,0.0003,0.0,0.0,0.0000,0.0000,0.9518,-0.1592,1.9944,0.0000,enc,0.0000
1786025941.009211,0.2546,0.0,0.0,0.0000,0.0000,0.9518,-0.1592,1.9944,0.0000,enc,0.0000
1786025941.010093,0.0009,0.0,0.0,0.0000,0.0000,0.9518,-0.1592,1.9944,0.0000,enc,0.0000
1786025941.062026,0.0519,0.0,0.0,0.0000,0.0000,0.9518,-0.1592,1.9944,0.0000,enc,0.0000
1786025941.254681,0.1927,0.0,0.0,0.0000,0.0000,0.9518,-0.1592,1.9944,0.0000,enc,0.0000
1786025941.262888,0.0082,0.0,0.0,0.0000,0.0000,0.9518,-0.1592,1.9944,0.0000,enc,0.0000
1786025941.509156,0.2463,0.0,0.0,0.0000,0.0000,0.9518,-0.1592,1.9944,0.0000,enc,0.0000
1786025941.509337,0.0002,0.0,0.0,0.0000,0.0000,0.9518,-0.1592,1.9944,0.0000,enc,0.0000
1786025941.571751,0.0624,0.0,0.0,0.0000,0.0000,0.9518,-0.1592,1.9944,0.0000,enc,0.0000
1786025941.759902,0.1882,0.0,0.0,0.0000,0.0000,0.9518,-0.1592,1.9944,0.0000,enc,0.0000
1786025941.776004,0.0161,0.0,0.0,0.0000,0.0000,0.9518,-0.1592,1.9944,0.0000,enc,0.0000
1786025942.009455,0.2335,0.0,0.0,0.0000,0.0000,0.9518,-0.1592,1.9944,0.0000,enc,0.0000
1786025942.009496,0.0000,0.0,0.0,0.0000,0.0000,0.9518,-0.1592,1.9944,0.0000,enc,0.0000
1786025942.079124,0.0696,0.0,0.0,0.0000,0.0000,0.9518,-0.1592,1.9944,0.0000,enc,0.0000
1786025942.260192,0.1811,0.0,0.0,0.0000,0.0000,0.9518,-0.1592,1.9944,0.0000,enc,0.0000
1786025942.290573,0.0304,0.0,0.0,0.0000,0.0000,0.9518,-0.1592,1.9944,0.0000,enc,0.0000
1786025942.511183,0.2206,0.0,0.0,0.0000,0.0000,0.9518,-0.1592,1.9944,0.0000,enc,0.0000
1786025942.511219,0.0000,0.0,0.0,0.0000,0.0000,0.9518,-0.1592,1.9944,0.0000,enc,0.0000
1786025942.593361,0.0821,0.0,0.0,0.0000,0.0000,0.9518,-0.1592,1.9944,0.0000,enc,0.0000
1786025942.761393,0.1680,0.0,0.0,0.0000,0.0000,0.9518,-0.1592,1.9944,0.0000,enc,0.0000
1786025942.797380,0.0360,0.0,0.0,0.0000,0.0000,0.9518,-0.1592,1.9944,0.0000,enc,0.0000
1786025943.011396,0.2140,0.0,0.0,0.0000,0.0000,0.9518,-0.1592,1.9944,0.0000,enc,0.0000
1786025943.011839,0.0004,0.0,0.0,0.0000,0.0000,0.9518,-0.1592,1.9944,0.0000,enc,0.0000
1786025943.260364,0.2485,0.0,0.0,0.0000,0.0000,0.9518,-0.1592,1.9944,0.0000,enc,0.0000
1786025943.260496,0.0001,0.0,0.0,0.0000,0.0000,0.9518,-0.1592,1.9944,0.0000,enc,0.0000
1786025943.313503,0.0530,0.0,0.0,0.0000,0.0000,0.9518,-0.1592,1.9944,0.0000,enc,0.0000
1786025943.511263,0.1978,0.0,0.0,0.0000,0.0000,0.9518,-0.1592,1.9944,0.0000,enc,0.0000
1786025943.515629,0.0044,0.0,0.0,0.0000,0.0000,0.9518,-0.1592,1.9944,0.0000,enc,0.0000
1786025943.761837,0.2462,0.0,0.0,0.0000,0.0000,0.9518,-0.1592,1.9944,0.0000,enc,0.0000
1786025943.762439,0.0006,0.0,0.0,0.0000,0.0000,0.9518,-0.1592,1.9944,0.0000,enc,0.0000
1786025943.817357,0.0549,0.0,0.0,0.0000,0.0000,0.9518,-0.1592,1.9944,0.0000,enc,0.0000
1786025944.013239,0.1959,0.0,0.0,0.0000,0.0000,0.9518,-0.1592,1.9944,0.0000,enc,0.0000
1786025944.022145,0.0089,0.0,0.0,0.0000,0.0000,0.9518,-0.1592,1.9944,0.0000,enc,0.0000
1786025944.264093,0.2419,0.0,0.0,0.0000,0.0000,0.9518,-0.1592,1.9944,0.0000,enc,0.0000
1786025944.265962,0.0019,0.0,0.0,0.0000,0.0000,0.9518,-0.1592,1.9944,0.0000,enc,0.0000
1786025944.329169,0.0632,0.0,0.0,0.0000,0.0000,0.9518,-0.1592,1.9944,0.0000,enc,0.0000
1786025944.519270,0.1901,0.0,0.0,0.0000,0.0000,0.9518,-0.1592,1.9944,0.0000,enc,0.0000
1786025944.533668,0.0144,0.0,0.0,0.0000,0.0000,0.9518,-0.1592,1.9944,0.0000,enc,0.0000
1786025944.774010,0.2403,0.0,0.0,0.0000,0.0000,0.9518,-0.1592,1.9944,0.0000,enc,0.0000
1786025944.774339,0.0003,0.0,0.0,0.0000,0.0000,0.9518,-0.1592,1.9944,0.0000,enc,0.0000
1786025944.843140,0.0688,0.0,0.0,0.0000,0.0000,0.9518,-0.1592,1.9944,0.0000,enc,0.0000
1786025945.028318,0.1852,0.0,0.0,0.0000,0.0000,0.9518,-0.1592,1.9944,0.0000,enc,0.0000
1786025945.043467,0.0151,0.0,0.0,0.0000,0.0000,0.9518,-0.1592,1.9944,0.0000,enc,0.0000
1786025945.149462,0.1060,0.0,0.0,0.0000,0.0000,0.9518,-0.1592,1.9944,0.0000,enc,0.0000
1786025945.249684,0.1002,0.0,0.0,0.0000,0.0000,0.9518,-0.1592,1.9944,0.0000,enc,0.0000
1786025945.352876,0.1032,0.0,0.0,0.0000,0.0000,0.9518,-0.1592,1.9944,0.0000,enc,0.0000
1786025945.451948,0.0991,0.0,0.0,0.0000,0.0000,0.9518,-0.1592,1.9944,0.0000,enc,0.0000
1786025945.557153,0.1052,0.0,0.0,0.0000,0.0000,0.9518,-0.1592,1.9944,0.0000,enc,0.0000
1786025945.657751,0.1006,0.0,0.0,0.0000,0.0000,0.9518,-0.1592,1.9944,0.0000,enc,0.0000
1786025945.759714,0.1020,0.0,0.0,0.0000,0.0000,0.9518,-0.1592,1.9944,0.0000,enc,0.0000
1786025945.866244,0.1065,0.0,0.0,0.0000,0.0000,0.9518,-0.1592,1.9944,0.0000,enc,0.0000
1786025945.964788,0.0985,0.0,0.0,0.0000,0.0000,0.9518,-0.1592,1.9944,0.0000,enc,0.0000
1786025946.067821,0.1030,0.0,0.0,0.0000,0.0000,0.9518,-0.1592,1.9944,0.0000,enc,0.0000
1786025946.171077,0.1033,0.0,0.0,0.0000,0.0000,0.9518,-0.1592,1.9944,0.0000,enc,0.0000
1786025946.270974,0.0999,0.0,0.0,0.0000,0.0000,0.9518,-0.1592,1.9944,0.0000,enc,0.0000
1786025946.372852,0.1019,0.0,0.0,0.0000,0.0000,0.9518,-0.1592,1.9944,0.0000,enc,0.0000
1786025946.478012,0.1052,0.0,0.0,0.0000,0.0000,0.9518,-0.1592,1.9944,0.0000,enc,0.0000
1786025946.579415,0.1014,0.0,0.0,0.0000,0.0000,0.9518,-0.1592,1.9944,0.0000,enc,0.0000
1786025946.679188,0.0998,0.0,0.0,0.0000,0.0000,0.9518,-0.1592,1.9944,0.0000,enc,0.0000
1786025946.783973,0.1048,0.0,0.0,0.0000,0.0000,0.9518,-0.1592,1.9944,0.0000,enc,0.0000
1786025946.886451,0.1025,0.0,0.0,0.0000,0.0000,0.9518,-0.1592,1.9944,0.0000,enc,0.0000
1786025946.988908,0.1025,0.0,0.0,0.0000,0.0000,0.9518,-0.1592,1.9944,0.0000,enc,0.0000
1786025947.091649,0.1027,0.0,0.0,0.0000,0.0000,0.9518,-0.1592,1.9944,0.0000,enc,0.0000
1786025947.193455,0.1018,0.0,0.0,0.0000,0.0000,0.9518,-0.1592,1.9944,0.0000,enc,0.0000
1786025947.295295,0.1018,0.0,0.0,0.0000,0.0000,0.9518,-0.1592,1.9944,0.0000,enc,0.0000
1786025947.397169,0.1019,0.0,0.0,0.0000,0.0000,0.9518,-0.1592,1.9944,0.0000,enc,0.0000
1786025947.499509,0.1023,0.0,0.0,0.0000,0.0000,0.9518,-0.1592,1.9944,0.0000,enc,0.0000
1786025947.601666,0.1022,0.0,0.0,0.0000,0.0000,0.9518,-0.1592,1.9944,0.0000,enc,0.0000
1786025947.703263,0.1016,0.0,0.0,0.0000,0.0000,0.9518,-0.1592,1.9944,0.0000,enc,0.0000
1786025947.806556,0.1033,0.0,0.0,0.0000,0.0000,0.9518,-0.1592,1.9944,0.0000,enc,0.0000
1786025947.908173,0.1016,0.0,0.0,0.0000,0.0000,0.9518,-0.1592,1.9944,0.0000,enc,0.0000
1786025948.007372,0.0992,0.0,0.0,0.0000,0.0000,0.9518,-0.1592,1.9944,0.0000,enc,0.0000
1786025948.111968,0.1046,0.0,0.0,0.0000,0.0000,0.9518,-0.1592,1.9944,0.0000,enc,0.0000
1786025948.211648,0.0997,0.0,0.0,0.0000,0.0000,0.9518,-0.1592,1.9944,0.0000,enc,0.0000
1786025948.313509,0.1019,0.0,0.0,0.0000,0.0000,0.9518,-0.1592,1.9944,0.0000,enc,0.0000
1786025948.420341,0.1068,0.0,0.0,0.0000,0.0000,0.9518,-0.1592,1.9944,0.0000,enc,0.0000
1786025948.521948,0.1016,0.0,0.0,0.0000,0.0000,0.9518,-0.1592,1.9944,0.0000,enc,0.0000
1786025948.620394,0.0984,0.0,0.0,0.0000,0.0000,0.9518,-0.1592,1.9944,0.0000,enc,0.0000
1786025948.730009,0.1096,0.0,0.0,0.0000,0.0000,0.9518,-0.1592,1.9944,0.0000,enc,0.0000
1786025948.824475,0.0945,0.0,0.0,0.0000,0.0000,0.9518,-0.1592,1.9944,0.0000,enc,0.0000
1786025948.927020,0.1025,0.0,0.0,0.0000,0.0000,0.9518,-0.1592,1.9944,0.0000,enc,0.0000
1786025949.031290,0.1043,0.0,0.0,0.0000,0.0000,0.9518,-0.1592,1.9944,0.0000,enc,0.0000
1786025949.130980,0.0997,0.0,0.0,0.0000,0.0000,0.9518,-0.1592,1.9944,0.0000,enc,0.0000
1786025949.233639,0.1027,0.0,0.0,0.0000,0.0000,0.9518,-0.1592,1.9944,0.0000,enc,0.0000
1786025949.338276,0.1046,0.0,0.0,0.0000,0.0000,0.9518,-0.1592,1.9944,0.0000,enc,0.0000
1786025949.439507,0.1012,0.0,0.0,0.0000,0.0000,0.9518,-0.1592,1.9944,0.0000,enc,0.0000
1786025949.542951,0.1034,0.0,0.0,0.0000,0.0000,0.9518,-0.1592,1.9944,0.0000,enc,0.0000
1786025949.644100,0.1011,0.0,0.0,0.0000,0.0000,0.9518,-0.1592,1.9944,0.0000,enc,0.0000
1786025949.747464,0.1034,0.0,0.0,0.0000,0.0000,0.9518,-0.1592,1.9944,0.0000,enc,0.0000
1786025949.848943,0.1015,0.0,0.0,0.0000,0.0000,0.9518,-0.1592,1.9944,0.0000,enc,0.0000
1786025949.950957,0.1020,0.0,0.0,0.0000,0.0000,0.9518,-0.1592,1.9944,0.0000,enc,0.0000
1786025950.052364,0.1014,0.0,0.0,0.0000,0.0000,0.9518,-0.1592,1.9944,0.0000,enc,0.0000
1786025950.154107,0.1017,0.0,0.0,0.0000,0.0000,0.9518,-0.1592,1.9944,0.0000,enc,0.0000
1786025950.257793,0.1037,0.0,0.0,0.0000,0.0000,0.9518,-0.1592,1.9944,0.0000,enc,0.0000
1786025950.356884,0.0991,0.0,0.0,0.0000,0.0000,0.9518,-0.1592,1.9944,0.0000,enc,0.0000
1786025950.460888,0.1040,0.0,0.0,0.0000,0.0000,0.9518,-0.1592,1.9944,0.0000,enc,0.0000
1786025950.560570,0.0997,0.0,0.0,0.0000,0.0000,0.9518,-0.1592,1.9944,0.0000,enc,0.0000
1786025950.665945,0.1054,0.0,0.0,0.0000,0.0000,0.9518,-0.1592,1.9944,0.0000,enc,0.0000
1786025950.765576,0.0996,0.0,0.0,0.0000,0.0000,0.9518,-0.1592,1.9944,0.0000,enc,0.0000
1786025950.871158,0.1056,0.0,0.0,0.0000,0.0000,0.9518,-0.1592,1.9944,0.0000,enc,0.0000
1786025950.974008,0.1028,0.0,0.0,0.0000,0.0000,0.9518,-0.1592,1.9944,0.0000,enc,0.0000
1786025951.075747,0.1017,0.0,0.0,0.0000,0.0000,0.9518,-0.1592,1.9944,0.0000,enc,0.0000
1786025951.173007,0.0973,0.0,0.0,0.0000,0.0000,0.9518,-0.1592,1.9944,0.0000,enc,0.0000
1786025951.281017,0.1080,0.0,0.0,0.0000,0.0000,0.9518,-0.1592,1.9944,0.0000,enc,0.0000
1786025951.378234,0.0972,0.0,0.0,0.0000,0.0000,0.9518,-0.1592,1.9944,0.0000,enc,0.0000
1786025951.481066,0.1028,0.0,0.0,0.0000,0.0000,0.9518,-0.1592,1.9944,0.0000,enc,0.0000
1786025951.584726,0.1037,0.0,0.0,0.0000,0.0000,0.9518,-0.1592,1.9944,0.0000,enc,0.0000
1786025951.685033,0.1003,0.0,0.0,0.0000,0.0000,0.9518,-0.1592,1.9944,0.0000,enc,0.0000
1786025951.786477,0.1014,0.0,0.0,0.0000,0.0000,0.9518,-0.1592,1.9944,0.0000,enc,0.0000
1786025951.891656,0.1052,0.0,0.0,0.0000,0.0000,0.9518,-0.1592,1.9944,0.0000,enc,0.0000
1786025951.995044,0.1034,0.0,0.0,0.0000,0.0000,0.9518,-0.1592,1.9944,0.0000,enc,0.0000
1786025952.094188,0.0991,0.0,0.0,0.0000,0.0000,0.9518,-0.1592,1.9944,0.0000,enc,0.0000
1786025952.201011,0.1068,0.0,0.0,0.0000,0.0000,0.9518,-0.1592,1.9944,0.0000,enc,0.0000
1786025952.301491,0.1005,0.0,0.0,0.0000,0.0000,0.9518,-0.1592,1.9944,0.0000,enc,0.0000
1786025952.403738,0.1022,0.0,0.0,0.0000,0.0000,0.9518,-0.1592,1.9944,0.0000,enc,0.0000
1786025952.506582,0.1028,0.0,0.0,0.0000,0.0000,0.9518,-0.1592,1.9944,0.0000,enc,0.0000
1786025952.608313,0.1017,0.0,0.0,0.0000,0.0000,0.9518,-0.1592,1.9944,0.0000,enc,0.0000
1786025952.708999,0.1007,0.0,0.0,0.0000,0.0000,0.9518,-0.1592,1.9944,0.0000,enc,0.0000
1786025952.813527,0.1045,0.0,0.0,0.0000,0.0000,0.9518,-0.1592,1.9944,0.0000,enc,0.0000
1786025952.916020,0.1025,0.0,0.0,0.0000,0.0000,0.9518,-0.1592,1.9944,0.0000,enc,0.0000
1786025953.015495,0.0995,0.0,0.0,0.0000,0.0000,0.9518,-0.1592,1.9944,0.0000,enc,0.0000
1786025953.115815,0.1003,0.0,0.0,0.0000,0.0000,0.9518,-0.1592,1.9944,0.0000,enc,0.0000
1786025953.220340,0.1045,0.0,0.0,0.0000,0.0000,0.9518,-0.1592,1.9944,0.0000,enc,0.0000
1786025953.323099,0.1028,0.0,0.0,0.0000,0.0000,0.9518,-0.1592,1.9944,0.0000,enc,0.0000
1786025953.421634,0.0985,0.0,0.0,0.0000,0.0000,0.9518,-0.1592,1.9944,0.0000,enc,0.0000
1786025953.526707,0.1051,0.0,0.0,0.0000,0.0000,0.9518,-0.1592,1.9944,0.0000,enc,0.0000
1786025953.625809,0.0991,0.0,0.0,0.0000,0.0000,0.9518,-0.1592,1.9944,0.0000,enc,0.0000
1786025953.728265,0.1025,0.0,0.0,0.0000,0.0000,0.9518,-0.1592,1.9944,0.0000,enc,0.0000
1786025953.834174,0.1059,0.0,0.0,0.0000,0.0000,0.9518,-0.1592,1.9944,0.0000,enc,0.0000
1786025953.932229,0.0981,0.0,0.0,0.0000,0.0000,0.9518,-0.1592,1.9944,0.0000,enc,0.0000
1786025954.035025,0.1028,0.0,0.0,0.0000,0.0000,0.9518,-0.1592,1.9944,0.0000,enc,0.0000
1786025954.139516,0.1045,0.0,0.0,0.0000,0.0000,0.9518,-0.1592,1.9944,0.0000,enc,0.0000
1786025954.243122,0.1036,0.0,0.0,0.0000,0.0000,0.9518,-0.1592,1.9944,0.0000,enc,0.0000
1786025954.342231,0.0991,0.0,0.0,0.0000,0.0000,0.9518,-0.1592,1.9944,0.0000,enc,0.0000
1786025954.447311,0.1051,0.0,0.0,0.0000,0.0000,0.9518,-0.1592,1.9944,0.0000,enc,0.0000
1786025954.548988,0.1017,0.0,0.0,0.0000,0.0000,0.9518,-0.1592,1.9944,0.0000,enc,0.0000
1786025954.648128,0.0991,0.0,0.0,0.0000,0.0000,0.9518,-0.1592,1.9944,0.0000,enc,0.0000
1786025954.753586,0.1055,0.0,0.0,0.0000,0.0000,0.9518,-0.1592,1.9944,0.0000,enc,0.0000
1786025954.855583,0.1020,0.0,0.0,0.0000,0.0000,0.9518,-0.1592,1.9944,0.0000,enc,0.0000
1786025954.958870,0.1033,0.0,0.0,0.0000,0.0000,0.9518,-0.1592,1.9944,0.0000,enc,0.0000
1786025955.060658,0.1018,0.0,0.0,0.0000,0.0000,0.9518,-0.1592,1.9944,0.0000,enc,0.0000
1786025955.265009,0.2044,0.0,0.0,0.0000,0.0000,0.9518,-0.1592,1.9944,0.0000,enc,0.0000
1786025955.265521,0.0005,0.0,0.0,0.0000,0.0000,0.9518,-0.1592,1.9944,0.0000,enc,0.0000
1786025955.519476,0.2540,0.0,0.0,0.0000,0.0000,0.9518,-0.1592,1.9944,0.0000,enc,0.0000
1786025955.519979,0.0005,0.0,0.0,0.0000,0.0000,0.9518,-0.1592,1.9944,0.0000,enc,0.0000
1786025955.570549,0.0506,0.0,0.0,0.0000,0.0000,0.9518,-0.1592,1.9944,0.0000,enc,0.0000
1786025955.774229,0.2037,0.0,0.0,0.0000,0.0000,0.9518,-0.1592,1.9944,0.0000,enc,0.0000
1786025955.775554,0.0013,0.0,0.0,0.0000,0.0000,0.9518,-0.1592,1.9944,0.0000,enc,0.0000
1786025956.029864,0.2543,0.0,0.0,0.0000,0.0000,0.9518,-0.1592,1.9944,0.0000,enc,0.0000
1786025956.029909,0.0000,0.0,0.0,0.0000,0.0000,0.9518,-0.1592,1.9944,0.0000,enc,0.0000
1786025956.082064,0.0522,0.0,0.0,0.0000,0.0000,0.9518,-0.1592,1.9944,0.0000,enc,0.0000
1786025956.275672,0.1936,0.0,0.0,0.0000,0.0000,0.9518,-0.1592,1.9944,0.0000,enc,0.0000
1786025956.282411,0.0067,0.0,0.0,0.0000,0.0000,0.9518,-0.1592,1.9944,0.0000,enc,0.0000
1786025956.530746,0.2483,0.0,0.0,0.0000,0.0000,0.9518,-0.1592,1.9944,0.0000,enc,0.0000
1786025956.532368,0.0016,0.0,0.0,0.0000,0.0000,0.9518,-0.1592,1.9944,0.0000,enc,0.0000
1786025956.601960,0.0696,0.0,0.0,0.0000,0.0000,0.9518,-0.1592,1.9944,0.0000,enc,0.0000
1786025956.787062,0.1851,0.0,0.0,0.0000,0.0000,0.9518,-0.1592,1.9944,0.0000,enc,0.0000
1786025956.795785,0.0087,0.0,0.0,0.0000,0.0000,0.9518,-0.1592,1.9944,0.0000,enc,0.0000
1786025957.033746,0.2380,0.0,0.0,0.0000,0.0000,0.9518,-0.1592,1.9944,0.0000,enc,0.0000
1786025957.035018,0.0013,0.0,0.0,0.0000,0.0000,0.9518,-0.1592,1.9944,0.0000,enc,0.0000
1786025957.104368,0.0694,0.0,0.0,0.0000,0.0000,0.9518,-0.1592,1.9944,0.0000,enc,0.0000
1786025957.285942,0.1816,0.0,0.0,0.0000,0.0000,0.9518,-0.1592,1.9944,0.0000,enc,0.0000
1786025957.310462,0.0245,0.0,0.0,0.0000,0.0000,0.9518,-0.1592,1.9944,0.0000,enc,0.0000
1786025957.539461,0.2290,0.0,0.0,0.0000,0.0000,0.9518,-0.1592,1.9944,0.0000,enc,0.0000
1786025957.540053,0.0006,0.0,0.0,0.0000,0.0000,0.9518,-0.1592,1.9944,0.0000,enc,0.0000
1786025957.630436,0.0904,0.0,0.0,0.0000,0.0000,0.9518,-0.1592,1.9944,0.0000,enc,0.0000
1786025957.798173,0.1677,0.0,0.0,0.0000,0.0000,0.9518,-0.1592,1.9944,0.0000,enc,0.0000
1786025957.819242,0.0211,0.0,0.0,0.0000,0.0000,0.9518,-0.1592,1.9944,0.0000,enc,0.0000
1786025958.036347,0.2171,0.0,0.0,0.0000,0.0000,0.9518,-0.1592,1.9944,0.0000,enc,0.0000
1786025958.038467,0.0021,0.0,0.0,0.0000,0.0000,0.9518,-0.1592,1.9944,0.0000,enc,0.0000
1786025958.125067,0.0866,0.0,0.0,0.0000,0.0000,0.9518,-0.1592,1.9944,0.0000,enc,0.0000
1786025958.282399,0.1573,0.0,0.0,0.0000,0.0000,0.9518,-0.1592,1.9944,0.0000,enc,0.0000
1786025958.329216,0.0468,0.0,0.0,0.0000,0.0000,0.9518,-0.1592,1.9944,0.0000,enc,0.0000
1786025958.533762,0.2045,0.0,0.0,0.0000,0.0000,0.9518,-0.1592,1.9944,0.0000,enc,0.0000
1786025958.535291,0.0015,0.0,0.0,0.0000,0.0000,0.9518,-0.1592,1.9944,0.0000,enc,0.0000
1786025958.784885,0.2496,0.0,0.0,0.0000,0.0000,0.9518,-0.1592,1.9944,0.0000,enc,0.0000
1786025958.785941,0.0011,0.0,0.0,0.0000,0.0000,0.9518,-0.1592,1.9944,0.0000,enc,0.0000
1786025958.837563,0.0516,0.0,0.0,0.0000,0.0000,0.9518,-0.1592,1.9944,0.0000,enc,0.0000
1786025959.039557,0.2020,0.0,0.0,0.0000,0.0000,0.9518,-0.1592,1.9944,0.0000,enc,0.0000
1786025959.043323,0.0038,0.0,0.0,0.0000,0.0000,0.9518,-0.1592,1.9944,0.0000,enc,0.0000
1786025959.286949,0.2436,0.0,0.0,0.0000,0.0000,0.9518,-0.1592,1.9944,0.0000,enc,0.0000
1786025959.287775,0.0008,0.0,0.0,0.0000,0.0000,0.9518,-0.1592,1.9944,0.0000,enc,0.0000
1786025959.348254,0.0605,0.0,0.0,0.0000,0.0000,0.9518,-0.1592,1.9944,0.0000,enc,0.0000
1786025959.542761,0.1945,0.0,0.0,0.0000,0.0000,0.9518,-0.1592,1.9944,0.0000,enc,0.0000
1786025959.552737,0.0100,0.0,0.0,0.0000,0.0000,0.9518,-0.1592,1.9944,0.0000,enc,0.0000
1786025959.799232,0.2465,0.0,0.0,0.0000,0.0000,0.9518,-0.1592,1.9944,0.0000,enc,0.0000
1786025959.800286,0.0011,0.0,0.0,0.0000,0.0000,0.9518,-0.1592,1.9944,0.0000,enc,0.0000
1786025959.862721,0.0624,0.0,0.0,0.0000,0.0000,0.9518,-0.1592,1.9944,0.0000,enc,0.0000
1786025960.052896,0.1902,0.0,0.0,0.0000,0.0000,0.9518,-0.1592,1.9944,0.0000,enc,0.0000
1786025960.063326,0.0104,0.0,0.0,0.0000,0.0000,0.9518,-0.1592,1.9944,0.0000,enc,0.0000
1786025960.168207,0.1049,0.0,0.0,0.0000,0.0000,0.9518,-0.1592,1.9944,0.0000,enc,0.0000
1786025960.270350,0.1021,0.0,0.0,0.0000,0.0000,0.9518,-0.1592,1.9944,0.0000,enc,0.0000
1786025960.372664,0.1023,0.0,0.0,0.0000,0.0000,0.9518,-0.1592,1.9944,0.0000,enc,0.0000
1786025960.474957,0.1023,0.0,0.0,0.0000,0.0000,0.9518,-0.1592,1.9944,0.0000,enc,0.0000
1786025960.577229,0.1023,0.0,0.0,0.0000,0.0000,0.9518,-0.1592,1.9944,0.0000,enc,0.0000
1786025960.678476,0.1012,0.0,0.0,0.0000,0.0000,0.9518,-0.1592,1.9944,0.0000,enc,0.0000
1786025960.780551,0.1021,0.0,0.0,0.0000,0.0000,0.9518,-0.1592,1.9944,0.0000,enc,0.0000
1786025960.883834,0.1033,0.0,0.0,0.0000,0.0000,0.9518,-0.1592,1.9944,0.0000,enc,0.0000
1786025960.985769,0.1019,0.0,0.0,0.0000,0.0000,0.9518,-0.1592,1.9944,0.0000,enc,0.0000
1786025961.087509,0.1017,0.0,0.0,0.0000,0.0000,0.9518,-0.1592,1.9944,0.0000,enc,0.0000
1786025961.190044,0.1025,0.0,0.0,0.0000,0.0000,0.9518,-0.1592,1.9944,0.0000,enc,0.0000
1786025961.288686,0.0986,0.0,0.0,0.0000,0.0000,0.9518,-0.1592,1.9944,0.0000,enc,0.0000
1786025961.395282,0.1066,0.0,0.0,0.0000,0.0000,0.9518,-0.1592,1.9944,0.0000,enc,0.0000
1786025961.496967,0.1017,0.0,0.0,0.0000,0.0000,0.9518,-0.1592,1.9944,0.0000,enc,0.0000
1786025961.600000,0.1030,0.0,0.0,0.0000,0.0000,0.9518,-0.1592,1.9944,0.0000,enc,0.0000
1786025961.702331,0.1023,0.0,0.0,0.0000,0.0000,0.9518,-0.1592,1.9944,0.0000,enc,0.0000
1786025961.804758,0.1024,0.0,0.0,0.0000,0.0000,0.9518,-0.1592,1.9944,0.0000,enc,0.0000
1786025961.901213,0.0965,0.0,0.0,0.0000,0.0000,0.9518,-0.1592,1.9944,0.0000,enc,0.0000
1786025962.003693,0.1025,0.0,0.0,0.0000,0.0000,0.9518,-0.1592,1.9944,0.0000,enc,0.0000
1786025962.112032,0.1083,0.0,0.0,0.0000,0.0000,0.9518,-0.1592,1.9944,0.0000,enc,0.0000
1786025962.213493,0.1015,0.0,0.0,0.0000,0.0000,0.9518,-0.1592,1.9944,0.0000,enc,0.0000
1786025962.310047,0.0966,0.0,0.0,0.0000,0.0000,0.9518,-0.1592,1.9944,0.0000,enc,0.0000
1786025962.416926,0.1069,0.0,0.0,0.0000,0.0000,0.9518,-0.1592,1.9944,0.0000,enc,0.0000
1786025962.521858,0.1049,0.0,0.0,0.0000,0.0000,0.9518,-0.1592,1.9944,0.0000,enc,0.0000
1786025962.619648,0.0978,0.0,0.0,0.0000,0.0000,0.9518,-0.1592,1.9944,0.0000,enc,0.0000
1786025962.722404,0.1028,0.0,0.0,0.0000,0.0000,0.9518,-0.1592,1.9944,0.0000,enc,0.0000
1786025962.825984,0.1036,0.0,0.0,0.0000,0.0000,0.9518,-0.1592,1.9944,0.0000,enc,0.0000
1786025962.925477,0.0995,0.0,0.0,0.0000,0.0000,0.9518,-0.1592,1.9944,0.0000,enc,0.0000
1786025963.028840,0.1034,0.0,0.0,0.0000,0.0000,0.9518,-0.1592,1.9944,0.0000,enc,0.0000
1786025963.131046,0.1022,0.0,0.0,0.0000,0.0000,0.9518,-0.1592,1.9944,0.0000,enc,0.0000
1786025963.232213,0.1012,0.0,0.0,0.0000,0.0000,0.9518,-0.1592,1.9944,0.0000,enc,0.0000
1786025963.333479,0.1013,0.0,0.0,0.0000,0.0000,0.9518,-0.1592,1.9944,0.0000,enc,0.0000
1786025963.438018,0.1045,0.0,0.0,0.0000,0.0000,0.9518,-0.1592,1.9944,0.0000,enc,0.0000
1786025963.538081,0.1001,0.0,0.0,0.0000,0.0000,0.9518,-0.1592,1.9944,0.0000,enc,0.0000
1786025963.637907,0.0998,0.0,0.0,0.0000,0.0000,0.9518,-0.1592,1.9944,0.0000,enc,0.0000
1786025963.742920,0.1050,0.0,0.0,0.0000,0.0000,0.9518,-0.1592,1.9944,0.0000,enc,0.0000
1786025963.843834,0.1009,0.0,0.0,0.0000,0.0000,0.9518,-0.1592,1.9944,0.0000,enc,0.0000
1786025963.944013,0.1002,0.0,0.0,0.0000,0.0000,0.9518,-0.1592,1.9944,0.0000,enc,0.0000
1786025964.050993,0.1070,0.0,0.0,0.0000,0.0000,0.9518,-0.1592,1.9944,0.0000,enc,0.0000
1786025964.148135,0.0971,0.0,0.0,0.0000,0.0000,0.9518,-0.1592,1.9944,0.0000,enc,0.0000
1786025964.251332,0.1032,0.0,0.0,0.0000,0.0000,0.9518,-0.1592,1.9944,0.0000,enc,0.0000
1786025964.355979,0.1046,0.0,0.0,0.0000,0.0000,0.9518,-0.1592,1.9944,0.0000,enc,0.0000
1786025964.454824,0.0988,0.0,0.0,0.0000,0.0000,0.9518,-0.1592,1.9944,0.0000,enc,0.0000
1786025964.556909,0.1021,0.0,0.0,0.0000,0.0000,0.9518,-0.1592,1.9944,0.0000,enc,0.0000
1786025964.664022,0.1071,0.0,0.0,0.0000,0.0000,0.9518,-0.1592,1.9944,0.0000,enc,0.0000
1786025964.767870,0.1038,0.0,0.0,0.0000,0.0000,0.9518,-0.1592,1.9944,0.0000,enc,0.0000
1786025964.863228,0.0954,0.0,0.0,0.0000,0.0000,0.9518,-0.1592,1.9944,0.0000,enc,0.0000
1786025964.970032,0.1068,0.0,0.0,0.0000,0.0000,0.9518,-0.1592,1.9944,0.0000,enc,0.0000
1786025965.068017,0.0980,0.0,0.0,0.0000,0.0000,0.9518,-0.1592,1.9944,0.0000,enc,0.0000
1786025965.172169,0.1042,0.0,0.0,0.0000,0.0000,0.9518,-0.1592,1.9944,0.0000,enc,0.0000
1786025965.275663,0.1035,0.0,0.0,0.0000,0.0000,0.9518,-0.1592,1.9944,0.0000,enc,0.0000
1786025965.375078,0.0994,0.0,0.0,0.0000,0.0000,0.9518,-0.1592,1.9944,0.0000,enc,0.0000
1786025965.479347,0.1043,0.0,0.0,0.0000,0.0000,0.9518,-0.1592,1.9944,0.0000,enc,0.0000
1786025965.584984,0.1056,0.0,0.0,0.0000,0.0000,0.9518,-0.1592,1.9944,0.0000,enc,0.0000
1786025965.698714,0.1137,0.0,0.0,0.0000,0.0000,0.9518,-0.1592,1.9944,0.0000,enc,0.0000
1786025965.785769,0.0871,0.0,0.0,0.0000,0.0000,0.9518,-0.1592,1.9944,0.0000,enc,0.0000
1786025965.887813,0.1020,0.0,0.0,0.0000,0.0000,0.9518,-0.1592,1.9944,0.0000,enc,0.0000
1786025965.991011,0.1032,0.0,0.0,0.0000,0.0000,0.9518,-0.1592,1.9944,0.0000,enc,0.0000
1786025966.091771,0.1008,0.0,0.0,0.0000,0.0000,0.9518,-0.1592,1.9944,0.0000,enc,0.0000
1786025966.193979,0.1022,0.0,0.0,0.0000,0.0000,0.9518,-0.1592,1.9944,0.0000,enc,0.0000
1786025966.298008,0.1040,0.0,0.0,0.0000,0.0000,0.9518,-0.1592,1.9944,0.0000,enc,0.0000
1786025966.399263,0.1013,0.0,0.0,0.0000,0.0000,0.9518,-0.1592,1.9944,0.0000,enc,0.0000
1786025966.497450,0.0982,0.0,0.0,0.0000,0.0000,0.9518,-0.1592,1.9944,0.0000,enc,0.0000
1786025966.605011,0.1076,0.0,0.0,0.0000,0.0000,0.9518,-0.1592,1.9944,0.0000,enc,0.0000
1786025966.703392,0.0984,0.0,0.0,0.0000,0.0000,0.9518,-0.1592,1.9944,0.0000,enc,0.0000
1786025966.813493,0.1101,0.0,0.0,0.0000,0.0000,0.9518,-0.1592,1.9944,0.0000,enc,0.0000
1786025966.908016,0.0945,0.0,0.0,0.0000,0.0000,0.9518,-0.1592,1.9944,0.0000,enc,0.0000
1786025967.009221,0.1012,0.0,0.0,0.0000,0.0000,0.9518,-0.1592,1.9944,0.0000,enc,0.0000
1786025967.110838,0.1016,0.0,0.0,0.0000,0.0000,0.9518,-0.1592,1.9944,0.0000,enc,0.0000
1786025967.215089,0.1043,0.0,0.0,0.0000,0.0000,0.9518,-0.1592,1.9944,0.0000,enc,0.0000
1786025967.316066,0.1010,0.0,0.0,0.0000,0.0000,0.9518,-0.1592,1.9944,0.0000,enc,0.0000
1786025967.418265,0.1022,0.0,0.0,0.0000,0.0000,0.9518,-0.1592,1.9944,0.0000,enc,0.0000
1786025967.523011,0.1047,0.0,0.0,0.0000,0.0000,0.9518,-0.1592,1.9944,0.0000,enc,0.0000
1786025967.623485,0.1005,0.0,0.0,0.0000,0.0000,0.9518,-0.1592,1.9944,0.0000,enc,0.0000
1786025967.725023,0.1015,0.0,0.0,0.0000,0.0000,0.9518,-0.1592,1.9944,0.0000,enc,0.0000
1786025967.827873,0.1028,0.0,0.0,0.0000,0.0000,0.9518,-0.1592,1.9944,0.0000,enc,0.0000
1786025967.930119,0.1022,0.0,0.0,0.0000,0.0000,0.9518,-0.1592,1.9944,0.0000,enc,0.0000
1786025968.032144,0.1020,0.0,0.0,0.0000,0.0000,0.9518,-0.1592,1.9944,0.0000,enc,0.0000
1786025968.134171,0.1020,0.0,0.0,0.0000,0.0000,0.9518,-0.1592,1.9944,0.0000,enc,0.0000
1786025968.236531,0.1024,0.0,0.0,0.0000,0.0000,0.9518,-0.1592,1.9944,0.0000,enc,0.0000
1786025968.339437,0.1029,0.0,0.0,0.0000,0.0000,0.9518,-0.1592,1.9944,0.0000,enc,0.0000
1786025968.442984,0.1035,0.0,0.0,0.0000,0.0000,0.9518,-0.1592,1.9944,0.0000,enc,0.0000
1786025968.547009,0.1040,0.0,0.0,0.0000,0.0000,0.9518,-0.1592,1.9944,0.0000,enc,0.0000
1786025968.647797,0.1008,0.0,0.0,0.0000,0.0000,0.9518,-0.1592,1.9944,0.0000,enc,0.0000
1786025968.744719,0.0969,0.0,0.0,0.0000,0.0000,0.9518,-0.1592,1.9944,0.0000,enc,0.0000
1786025968.851022,0.1063,0.0,0.0,0.0000,0.0000,0.9518,-0.1592,1.9944,0.0000,enc,0.0000
1786025968.953568,0.1025,0.0,0.0,0.0000,0.0000,0.9518,-0.1592,1.9944,0.0000,enc,0.0000
1786025969.050553,0.0970,0.0,0.0,0.0000,0.0000,0.9518,-0.1592,1.9944,0.0000,enc,0.0000
1786025969.158098,0.1075,0.0,0.0,0.0000,0.0000,0.9518,-0.1592,1.9944,0.0000,enc,0.0000
1786025969.255169,0.0971,0.0,0.0,0.0000,0.0000,0.9518,-0.1592,1.9944,0.0000,enc,0.0000
1786025969.357773,0.1026,0.0,0.0,0.0000,0.0000,0.9518,-0.1592,1.9944,0.0000,enc,0.0000
1786025969.469019,0.1112,0.0,0.0,0.0000,0.0000,0.9518,-0.1592,1.9944,0.0000,enc,0.0000
1786025969.563295,0.0943,0.0,0.0,0.0000,0.0000,0.9518,-0.1592,1.9944,0.0000,enc,0.0000
1786025969.663684,0.1004,0.0,0.0,0.0000,0.0000,0.9518,-0.1592,1.9944,0.0000,enc,0.0000
1786025969.768331,0.1046,0.0,0.0,0.0000,0.0000,0.9518,-0.1592,1.9944,0.0000,enc,0.0000
1786025969.867845,0.0995,0.0,0.0,0.0000,0.0000,0.9518,-0.1592,1.9944,0.0000,enc,0.0000
1786025969.970148,0.1023,0.0,0.0,0.0000,0.0000,0.9518,-0.1592,1.9944,0.0000,enc,0.0000
1786025970.075408,0.1053,0.0,0.0,0.0000,0.0000,0.9518,-0.1592,1.9944,0.0000,enc,0.0000
1786025970.268213,0.1928,0.0,0.0,0.0000,0.0000,0.9518,-0.1592,1.9944,0.0000,enc,0.0000
1786025970.276178,0.0080,0.0,0.0,0.0000,0.0000,0.9518,-0.1592,1.9944,0.0000,enc,0.0000
1786025970.514701,0.2385,0.0,0.0,0.0000,0.0000,0.9518,-0.1592,1.9944,0.0000,enc,0.0000
1786025970.514736,0.0000,0.0,0.0,0.0000,0.0000,0.9518,-0.1592,1.9944,0.0000,enc,0.0000
1786025970.587531,0.0728,0.0,0.0,0.0000,0.0000,0.9518,-0.1592,1.9944,0.0000,enc,0.0000
1786025970.756366,0.1688,0.0,0.0,0.0000,0.0000,0.9518,-0.1592,1.9944,0.0000,enc,0.0000
1786025970.788082,0.0317,0.0,0.0,0.0000,0.0000,0.9518,-0.1592,1.9944,0.0000,enc,0.0000
1786025971.006421,0.2183,0.0,0.0,0.0000,0.0000,0.9518,-0.1592,1.9944,0.0000,enc,0.0000
1786025971.006470,0.0000,0.0,0.0,0.0000,0.0000,0.9518,-0.1592,1.9944,0.0000,enc,0.0000
1786025971.097477,0.0910,0.0,0.0,0.0000,0.0000,0.9518,-0.1592,1.9944,0.0000,enc,0.0000
1786025971.249946,0.1525,0.0,0.0,0.0000,0.0000,0.9518,-0.1592,1.9944,0.0000,enc,0.0000
1786025971.300532,0.0506,0.0,0.0,0.0000,0.0000,0.9518,-0.1592,1.9944,0.0000,enc,0.0000
1786025971.505214,0.2047,0.0,0.0,0.0000,0.0000,0.9518,-0.1592,1.9944,0.0000,enc,0.0000
1786025971.506656,0.0014,0.0,0.0,0.0000,0.0000,0.9518,-0.1592,1.9944,0.0000,enc,0.0000
1786025971.604890,0.0982,0.0,0.0,0.0000,0.0000,0.9518,-0.1592,1.9944,0.0000,enc,0.0000
1786025971.755515,0.1506,0.0,0.0,0.0000,0.0000,0.9518,-0.1592,1.9944,0.0000,enc,0.0000
1786025971.808847,0.0533,0.0,0.0,0.0000,0.0000,0.9518,-0.1592,1.9944,0.0000,enc,0.0000
1786025972.005574,0.1967,0.0,0.0,0.0000,0.0000,0.9518,-0.1592,1.9944,0.0000,enc,0.0000
1786025972.027353,0.0218,0.0,0.0,0.0000,0.0000,0.9518,-0.1592,1.9944,0.0000,enc,0.0000
1786025972.255967,0.2286,0.0,0.0,0.0000,0.0000,0.9518,-0.1592,1.9944,0.0000,enc,0.0000
1786025972.256334,0.0004,0.0,0.0,0.0000,0.0000,0.9518,-0.1592,1.9944,0.0000,enc,0.0000
1786025972.322387,0.0661,0.0,0.0,0.0000,0.0000,0.9518,-0.1592,1.9944,0.0000,enc,0.0000
1786025972.508912,0.1865,0.0,0.0,0.0000,0.0000,0.9518,-0.1592,1.9944,0.0000,enc,0.0000
1786025972.524860,0.0159,0.0,0.0,0.0000,0.0000,0.9518,-0.1592,1.9944,0.0000,enc,0.0000
1786025972.754508,0.2296,0.0,0.0,0.0000,0.0000,0.9518,-0.1592,1.9944,0.0000,enc,0.0000
1786025972.755770,0.0013,0.0,0.0,0.0000,0.0000,0.9518,-0.1592,1.9944,0.0000,enc,0.0000
1786025972.831844,0.0761,0.0,0.0,0.0000,0.0000,0.9518,-0.1592,1.9944,0.0000,enc,0.0000
1786025973.007790,0.1759,0.0,0.0,0.0000,0.0000,0.9518,-0.1592,1.9944,0.0000,enc,0.0000
1786025973.036433,0.0286,0.0,0.0,0.0000,0.0000,0.9518,-0.1592,1.9944,0.0000,enc,0.0000
1786025973.255463,0.2190,0.0,0.0,0.0000,0.0000,0.9518,-0.1592,1.9944,0.0000,enc,0.0000
1786025973.256004,0.0005,0.0,0.0,0.0000,0.0000,0.9518,-0.1592,1.9944,0.0000,enc,0.0000
1786025973.344595,0.0886,0.0,0.0,0.0000,0.0000,0.9518,-0.1592,1.9944,0.0000,enc,0.0000
1786025973.508997,0.1644,0.0,0.0,0.0000,0.0000,0.9518,-0.1592,1.9944,0.0000,enc,0.0000
1786025973.546348,0.0374,0.0,0.0,0.0000,0.0000,0.9518,-0.1592,1.9944,0.0000,enc,0.0000
1786025973.759770,0.2134,0.0,0.0,0.0000,0.0000,0.9518,-0.1592,1.9944,0.0000,enc,0.0000
1786025973.760132,0.0004,0.0,0.0,0.0000,0.0000,0.9518,-0.1592,1.9944,0.0000,enc,0.0000
1786025973.854901,0.0948,0.0,0.0,0.0000,0.0000,0.9518,-0.1592,1.9944,0.0000,enc,0.0000
1786025974.010460,0.1556,0.0,0.0,0.0000,0.0000,0.9518,-0.1592,1.9944,0.0000,enc,0.0000
1786025974.059742,0.0493,0.0,0.0,0.0000,0.0000,0.9518,-0.1592,1.9944,0.0000,enc,0.0000
1786025974.262079,0.2023,0.0,0.0,0.0000,0.0000,0.9518,-0.1592,1.9944,0.0000,enc,0.0000
1786025974.265334,0.0033,0.0,0.0,0.0000,0.0000,0.9518,-0.1592,1.9944,0.0000,enc,0.0000
1786025974.363786,0.0985,0.0,0.0,0.0000,0.0000,0.9518,-0.1592,1.9944,0.0000,enc,0.0000
1786025974.517803,0.1540,0.0,0.0,0.0000,0.0000,0.9518,-0.1592,1.9944,0.0000,enc,0.0000
1786025974.570234,0.0524,0.0,0.0,0.0000,0.0000,0.9518,-0.1592,1.9944,0.0000,enc,0.0000
1786025974.772666,0.2024,0.0,0.0,0.0000,0.0000,0.9518,-0.1592,1.9944,0.0000,enc,0.0000
1786025974.774752,0.0021,0.0,0.0,0.0000,0.0000,0.9518,-0.1592,1.9944,0.0000,enc,0.0000
1786025975.026853,0.2521,0.0,0.0,0.0000,0.0000,0.9518,-0.1592,1.9944,0.0000,enc,0.0000
1786025975.028478,0.0016,0.0,0.0,0.0000,0.0000,0.9518,-0.1592,1.9944,0.0000,enc,0.0000
1786025975.078003,0.0495,0.0,0.0,0.0000,0.0000,0.9518,-0.1592,1.9944,0.0000,enc,0.0000
1786025975.183987,0.1060,0.0,0.0,0.0000,0.0000,0.9518,-0.1592,1.9944,0.0000,enc,0.0000
1786025975.285083,0.1011,0.0,0.0,0.0000,0.0000,0.9518,-0.1592,1.9944,0.0000,enc,0.0000
1786025975.387960,0.1029,0.0,0.0,0.0000,0.0000,0.9518,-0.1592,1.9944,0.0000,enc,0.0000
1786025975.491919,0.1040,0.0,0.0,0.0000,0.0000,0.9518,-0.1592,1.9944,0.0000,enc,0.0000
1786025975.589351,0.0974,0.0,0.0,0.0000,0.0000,0.9518,-0.1592,1.9944,0.0000,enc,0.0000
1786025975.693812,0.1045,0.0,0.0,0.0000,0.0000,0.9518,-0.1592,1.9944,0.0000,enc,0.0000
1786025975.795756,0.1019,0.0,0.0,0.0000,0.0000,0.9518,-0.1592,1.9944,0.0000,enc,0.0000
1786025975.898587,0.1028,0.0,0.0,0.0000,0.0000,0.9518,-0.1592,1.9944,0.0000,enc,0.0000
1786025976.000319,0.1017,0.0,0.0,0.0000,0.0000,0.9518,-0.1592,1.9944,0.0000,enc,0.0000
1786025976.103865,0.1035,-0.086081862449646,0.021423088386654854,-0.0002,0.0018,0.9518,-0.1592,1.9945,0.0000,enc,0.0000
1786025976.205029,0.1012,0.005452118348330259,0.059194426983594894,0.0002,0.0009,0.9518,-0.1592,1.9946,0.0000,enc,-0.0002
1786025976.306181,0.1012,0.0027270843274891376,0.02960834465920925,0.0001,0.0005,0.9518,-0.1592,1.9947,0.0000,enc,0.0001
1786025976.408195,0.1020,0.0,0.0,0.0000,0.0000,0.9518,-0.1592,1.9947,0.0000,enc,0.0000
1786025976.510519,0.1023,0.0,0.0,0.0000,0.0000,0.9518,-0.1592,1.9947,0.0000,enc,0.0000
1786025976.612841,0.1023,0.0,0.0,0.0000,0.0000,0.9518,-0.1592,1.9947,0.0000,enc,0.0000
1786025976.711999,0.0992,0.0,0.0,0.0000,0.0000,0.9518,-0.1592,1.9947,0.0000,enc,0.0000
1786025976.816027,0.1040,0.0,0.0,0.0000,0.0000,0.9518,-0.1592,1.9947,0.0000,enc,0.0000
1786025976.916749,0.1007,0.0,0.0,0.0000,0.0000,0.9518,-0.1592,1.9947,0.0000,enc,0.0000
1786025977.018666,0.1019,0.0,0.0,0.0000,0.0000,0.9518,-0.1592,1.9947,0.0000,enc,0.0000
1786025977.123612,0.1049,0.0,0.0,0.0000,0.0000,0.9518,-0.1592,1.9947,0.0000,enc,0.0000
1786025977.222931,0.0993,0.0,0.0,0.0000,0.0000,0.9518,-0.1592,1.9947,0.0000,enc,0.0000
1786025977.324649,0.1017,0.0,0.0,0.0000,0.0000,0.9518,-0.1592,1.9947,0.0000,enc,0.0000
1786025977.431715,0.1071,0.0,0.0,0.0000,0.0000,0.9518,-0.1592,1.9947,0.0000,enc,0.0000
1786025977.529818,0.0981,0.0,0.0,0.0000,0.0000,0.9518,-0.1592,1.9947,0.0000,enc,0.0000
1786025977.633445,0.1036,0.0,0.0,0.0000,0.0000,0.9518,-0.1592,1.9947,0.0000,enc,0.0000
1786025977.736479,0.1030,0.0,0.0,0.0000,0.0000,0.9518,-0.1592,1.9947,0.0000,enc,0.0000
1786025977.836706,0.1002,0.0,0.0,0.0000,0.0000,0.9518,-0.1592,1.9947,0.0000,enc,0.0000
1786025977.938201,0.1015,0.0,0.0,0.0000,0.0000,0.9518,-0.1592,1.9947,0.0000,enc,0.0000
1786025978.043965,0.1058,0.0,0.0,0.0000,0.0000,0.9518,-0.1592,1.9947,0.0000,enc,0.0000
1786025978.147263,0.1033,0.0,0.0,0.0000,0.0000,0.9518,-0.1592,1.9947,0.0000,enc,0.0000
1786025978.248068,0.1008,0.0,0.0,0.0000,0.0000,0.9518,-0.1592,1.9947,0.0000,enc,0.0000
1786025978.350934,0.1029,0.0,0.0,0.0000,0.0000,0.9518,-0.1592,1.9947,0.0000,enc,0.0000
1786025978.452218,0.1013,0.0,0.0,0.0000,0.0000,0.9518,-0.1592,1.9947,0.0000,enc,0.0000
1786025978.554785,0.1026,0.0,0.0,0.0000,0.0000,0.9518,-0.1592,1.9947,0.0000,enc,0.0000
1786025978.656446,0.1017,0.0,0.0,0.0000,0.0000,0.9518,-0.1592,1.9947,0.0000,enc,0.0000
1786025978.758794,0.1023,0.0,0.0,0.0000,0.0000,0.9518,-0.1592,1.9947,0.0000,enc,0.0000
1786025978.860088,0.1013,0.0,0.0,0.0000,0.0000,0.9518,-0.1592,1.9947,0.0000,enc,0.0000
1786025978.962992,0.1029,0.0,0.0,0.0000,0.0000,0.9518,-0.1592,1.9947,0.0000,enc,0.0000
1786025979.065947,0.1030,0.0,0.0,0.0000,0.0000,0.9518,-0.1592,1.9947,0.0000,enc,0.0000
1786025979.167930,0.1020,0.0,0.0,0.0000,0.0000,0.9518,-0.1592,1.9947,0.0000,enc,0.0000
1786025979.266419,0.0985,0.0,0.0,0.0000,0.0000,0.9518,-0.1592,1.9947,0.0000,enc,0.0000
1786025979.372281,0.1059,0.0,0.0,0.0000,0.0000,0.9518,-0.1592,1.9947,0.0000,enc,0.0000
1786025979.471395,0.0991,0.0,0.0,0.0000,0.0000,0.9518,-0.1592,1.9947,0.0000,enc,0.0000
1786025979.573397,0.1020,0.0,0.0,0.0000,0.0000,0.9518,-0.1592,1.9947,0.0000,enc,0.0000
1786025979.678654,0.1053,0.0,0.0,0.0000,0.0000,0.9518,-0.1592,1.9947,0.0000,enc,0.0000
1786025979.776672,0.0980,0.0,0.0,0.0000,0.0000,0.9518,-0.1592,1.9947,0.0000,enc,0.0000
1786025979.880056,0.1034,0.0,0.0,0.0000,0.0000,0.9518,-0.1592,1.9947,0.0000,enc,0.0000
1786025979.984498,0.1044,0.0,0.0,0.0000,0.0000,0.9518,-0.1592,1.9947,0.0000,enc,0.0000
1786025980.084275,0.0998,0.0,0.0,0.0000,0.0000,0.9518,-0.1592,1.9947,0.0000,enc,0.0000
1786025980.186548,0.1023,0.0,0.0,0.0000,0.0000,0.9518,-0.1592,1.9947,0.0000,enc,0.0000
1786025980.292847,0.1063,0.0,0.0,0.0000,0.0000,0.9518,-0.1592,1.9947,0.0000,enc,0.0000
1786025980.398586,0.1057,0.0,0.0,0.0000,0.0000,0.9518,-0.1592,1.9947,0.0000,enc,0.0000
1786025980.494093,0.0955,0.0,0.0,0.0000,0.0000,0.9518,-0.1592,1.9947,0.0000,enc,0.0000
1786025980.599944,0.1059,0.0,0.0,0.0000,0.0000,0.9518,-0.1592,1.9947,0.0000,enc,0.0000
1786025980.701938,0.1020,0.0,0.0,0.0000,0.0000,0.9518,-0.1592,1.9947,0.0000,enc,0.0000
1786025980.801605,0.0997,0.0,0.0,0.0000,0.0000,0.9518,-0.1592,1.9947,0.0000,enc,0.0000
1786025980.914230,0.1126,0.0,0.0,0.0000,0.0000,0.9518,-0.1592,1.9947,0.0000,enc,0.0000
1786025981.011461,0.0972,0.0,0.0,0.0000,0.0000,0.9518,-0.1592,1.9947,0.0000,enc,0.0000
1786025981.108445,0.0970,0.0,0.0,0.0000,0.0000,0.9518,-0.1592,1.9947,0.0000,enc,0.0000
1786025981.211613,0.1032,0.0,0.0,0.0000,0.0000,0.9518,-0.1592,1.9947,0.0000,enc,0.0000
1786025981.312656,0.1010,0.0,0.0,0.0000,0.0000,0.9518,-0.1592,1.9947,0.0000,enc,0.0000
1786025981.414734,0.1021,0.0,0.0,0.0000,0.0000,0.9518,-0.1592,1.9947,0.0000,enc,0.0000
1786025981.517545,0.1028,0.029618723317980766,0.0027280403301119804,0.0001,-0.0005,0.9518,-0.1592,1.9946,0.0000,enc,0.0001
1786025981.619876,0.1023,0.0,0.0,0.0000,0.0000,0.9518,-0.1592,1.9946,0.0000,enc,0.0000
1786025981.722974,0.1031,-0.002726523904129863,-0.029602259397506714,-0.0001,-0.0005,0.9518,-0.1592,1.9946,0.0000,enc,-0.0001
1786025981.821356,0.0984,0.0,0.0,0.0000,0.0000,0.9518,-0.1592,1.9946,0.0000,enc,0.0000
1786025981.926260,0.1049,0.029603365808725357,0.002726625883951783,0.0001,-0.0005,0.9518,-0.1592,1.9945,0.0000,enc,0.0001
1786025982.025042,0.0988,0.0,0.0,0.0000,0.0000,0.9518,-0.1592,1.9945,0.0000,enc,0.0000
1786025982.128359,0.1033,0.0,0.0,0.0000,0.0000,0.9518,-0.1592,1.9945,0.0000,enc,0.0000
1786025982.232821,0.1045,-0.002721109427511692,-0.029543474316596985,-0.0001,-0.0005,0.9518,-0.1592,1.9945,0.0000,enc,-0.0001
1786025982.331933,0.0991,-0.0027276386972516775,-0.029614362865686417,-0.0001,-0.0005,0.9518,-0.1592,1.9944,0.0000,enc,-0.0001
1786025982.434336,0.1024,-0.0027271162252873182,-0.02960869111120701,-0.0001,-0.0005,0.9518,-0.1592,1.9944,0.0000,enc,-0.0001
1786025982.540881,0.1065,0.0,0.0,0.0000,0.0000,0.9518,-0.1592,1.9944,0.0000,enc,0.0000
1786025982.638788,0.0979,0.0,0.0,0.0000,0.0000,0.9518,-0.1592,1.9944,0.0000,enc,0.0000
1786025982.741795,0.1030,0.0,0.0,0.0000,0.0000,0.9518,-0.1592,1.9944,0.0000,enc,0.0000
1786025982.847489,0.1057,0.0,0.0,0.0000,0.0000,0.9518,-0.1592,1.9944,0.0000,enc,0.0000
1786025982.945693,0.0982,0.0,0.0,0.0000,0.0000,0.9518,-0.1592,1.9944,0.0000,enc,0.0000
1786025983.048051,0.1024,0.0,0.0,0.0000,0.0000,0.9518,-0.1592,1.9944,0.0000,enc,0.0000
1786025983.153637,0.1056,0.0,0.0,0.0000,0.0000,0.9518,-0.1592,1.9944,0.0000,enc,0.0000
1786025983.255719,0.1021,0.0,0.0,0.0000,0.0000,0.9518,-0.1592,1.9944,0.0000,enc,0.0000
1786025983.357519,0.1018,0.0,0.0,0.0000,0.0000,0.9518,-0.1592,1.9944,0.0000,enc,0.0000
1786025983.460247,0.1027,0.0,0.0,0.0000,0.0000,0.9518,-0.1592,1.9944,0.0000,enc,0.0000
1786025983.562905,0.1027,0.0,0.0,0.0000,0.0000,0.9518,-0.1592,1.9944,0.0000,enc,0.0000
1786025983.664315,0.1014,0.0,0.0,0.0000,0.0000,0.9518,-0.1592,1.9944,0.0000,enc,0.0000
1786025983.766885,0.1026,0.0,0.0,0.0000,0.0000,0.9518,-0.1592,1.9944,0.0000,enc,0.0000
1786025983.868779,0.1019,0.0,0.0,0.0000,0.0000,0.9518,-0.1592,1.9944,0.0000,enc,0.0000
1786025983.971029,0.1022,0.0,0.0,0.0000,0.0000,0.9518,-0.1592,1.9944,0.0000,enc,0.0000
1786025984.073670,0.1026,0.0,0.0,0.0000,0.0000,0.9518,-0.1592,1.9944,0.0000,enc,0.0000
1786025984.175806,0.1021,0.0,0.0,0.0000,0.0000,0.9518,-0.1592,1.9944,0.0000,enc,0.0000
1786025984.278040,0.1022,0.0,0.0,0.0000,0.0000,0.9518,-0.1592,1.9944,0.0000,enc,0.0000
1786025984.378005,0.1000,0.0,0.0,0.0000,0.0000,0.9518,-0.1592,1.9944,0.0000,enc,0.0000
1786025984.482468,0.1045,0.0,0.0,0.0000,0.0000,0.9518,-0.1592,1.9944,0.0000,enc,0.0000
1786025984.588913,0.1064,0.0,0.0,0.0000,0.0000,0.9518,-0.1592,1.9944,0.0000,enc,0.0000
1786025984.683544,0.0946,0.0,0.0,0.0000,0.0000,0.9518,-0.1592,1.9944,0.0000,enc,0.0000
1786025984.793455,0.1099,0.0,0.0,0.0000,0.0000,0.9518,-0.1592,1.9944,0.0000,enc,0.0000
1786025984.887930,0.0945,0.0,0.0,0.0000,0.0000,0.9518,-0.1592,1.9944,0.0000,enc,0.0000
1786025984.990247,0.1023,0.0,0.0,0.0000,0.0000,0.9518,-0.1592,1.9944,0.0000,enc,0.0000
1786025985.094731,0.1045,0.0,0.0,0.0000,0.0000,0.9518,-0.1592,1.9944,0.0000,enc,0.0000
1786025985.268460,0.1737,0.0,0.0,0.0000,0.0000,0.9518,-0.1592,1.9944,0.0000,enc,0.0000
1786025985.295809,0.0273,0.0,0.0,0.0000,0.0000,0.9518,-0.1592,1.9944,0.0000,enc,0.0000
1786025985.512813,0.2170,0.0,0.0,0.0000,0.0000,0.9518,-0.1592,1.9944,0.0000,enc,0.0000
1786025985.514356,0.0015,0.0,0.0,0.0000,0.0000,0.9518,-0.1592,1.9944,0.0000,enc,0.0000
1786025985.603206,0.0889,0.0,0.0,0.0000,0.0000,0.9518,-0.1592,1.9944,0.0000,enc,0.0000
1786025985.758368,0.1552,0.0,0.0,0.0000,0.0000,0.9518,-0.1592,1.9944,0.0000,enc,0.0000
1786025985.809453,0.0511,0.0,0.0,0.0000,0.0000,0.9518,-0.1592,1.9944,0.0000,enc,0.0000
1786025986.005448,0.1960,-0.059201616793870926,-0.005452780518680811,-0.0002,0.0009,0.9519,-0.1592,1.9946,0.0000,enc,-0.0002
1786025986.014667,0.0092,0.0,0.0,0.0000,0.0000,0.9519,-0.1592,1.9946,0.0000,enc,0.0000
1786025986.267899,0.2532,-0.0027263073716312647,-0.029599908739328384,-0.0001,-0.0005,0.9519,-0.1592,1.9945,0.0000,enc,0.0001
1786025986.268234,0.0003,0.0,0.0,0.0000,0.0000,0.9519,-0.1592,1.9945,0.0000,enc,0.0000
1786025986.320692,0.0525,0.0,0.0,0.0000,0.0000,0.9519,-0.1592,1.9945,0.0000,enc,0.0000
1786025986.515563,0.1949,0.0,0.0,0.0000,0.0000,0.9519,-0.1592,1.9945,0.0000,enc,0.0000
1786025986.522776,0.0072,0.0,0.0,0.0000,0.0000,0.9519,-0.1592,1.9945,0.0000,enc,0.0000
1786025986.768541,0.2458,0.0,0.0,0.0000,0.0000,0.9519,-0.1592,1.9945,0.0000,enc,0.0000
1786025986.771475,0.0029,0.0,0.0,0.0000,0.0000,0.9519,-0.1592,1.9945,0.0000,enc,0.0000
1786025986.832424,0.0609,0.0,0.0,0.0000,0.0000,0.9519,-0.1592,1.9945,0.0000,enc,0.0000
1786025987.015959,0.1835,0.0,0.0,0.0000,0.0000,0.9519,-0.1592,1.9945,0.0000,enc,0.0000
1786025987.032813,0.0169,0.0,0.0,0.0000,0.0000,0.9519,-0.1592,1.9945,0.0000,enc,0.0000
1786025987.267763,0.2350,0.0,0.0,0.0000,0.0000,0.9519,-0.1592,1.9945,0.0000,enc,0.0000
1786025987.268183,0.0004,0.0,0.0,0.0000,0.0000,0.9519,-0.1592,1.9945,0.0000,enc,0.0000
1786025987.343807,0.0756,0.0,0.0,0.0000,0.0000,0.9519,-0.1592,1.9945,0.0000,enc,0.0000
1786025987.516565,0.1728,0.0,0.0,0.0000,0.0000,0.9519,-0.1592,1.9945,0.0000,enc,0.0000
1786025987.543316,0.0268,0.0,0.0,0.0000,0.0000,0.9519,-0.1592,1.9945,0.0000,enc,0.0000
1786025987.763884,0.2206,0.0,0.0,0.0000,0.0000,0.9519,-0.1592,1.9945,0.0000,enc,0.0000
1786025987.765702,0.0018,0.0,0.0,0.0000,0.0000,0.9519,-0.1592,1.9945,0.0000,enc,0.0000
1786025987.848906,0.0832,0.0,0.0,0.0000,0.0000,0.9519,-0.1592,1.9945,0.0000,enc,0.0000
1786025988.020812,0.1719,0.0,0.0,0.0000,0.0000,0.9519,-0.1592,1.9945,0.0000,enc,0.0000
1786025988.053620,0.0328,0.0,0.0,0.0000,0.0000,0.9519,-0.1592,1.9945,0.0000,enc,0.0000
1786025988.266424,0.2128,0.0,0.0,0.0000,0.0000,0.9519,-0.1592,1.9945,0.0000,enc,0.0000
1786025988.267056,0.0006,0.0,0.0,0.0000,0.0000,0.9519,-0.1592,1.9945,0.0000,enc,0.0000
1786025988.363956,0.0969,0.0,0.0,0.0000,0.0000,0.9519,-0.1592,1.9945,0.0000,enc,0.0000
1786025988.519315,0.1554,0.0,0.0,0.0000,0.0000,0.9519,-0.1592,1.9945,0.0000,enc,0.0000
1786025988.568754,0.0494,0.0,0.0,0.0000,0.0000,0.9519,-0.1592,1.9945,0.0000,enc,0.0000
1786025988.769831,0.2011,0.0,0.0,0.0000,0.0000,0.9519,-0.1592,1.9945,0.0000,enc,0.0000
1786025988.773299,0.0035,0.0,0.0,0.0000,0.0000,0.9519,-0.1592,1.9945,0.0000,enc,0.0000
1786025989.019820,0.2465,0.0,0.0,0.0000,0.0000,0.9519,-0.1592,1.9945,0.0000,enc,0.0000
1786025989.025572,0.0058,0.0,0.0,0.0000,0.0000,0.9519,-0.1592,1.9945,0.0000,enc,0.0000
1786025989.079242,0.0537,0.0,0.0,0.0000,0.0000,0.9519,-0.1592,1.9945,0.0000,enc,0.0000
1786025989.271858,0.1926,0.0,0.0,0.0000,0.0000,0.9519,-0.1592,1.9945,0.0000,enc,0.0000
1786025989.281055,0.0092,0.0,0.0,0.0000,0.0000,0.9519,-0.1592,1.9945,0.0000,enc,0.0000
1786025989.528708,0.2477,0.0,0.0,0.0000,0.0000,0.9519,-0.1592,1.9945,0.0000,enc,0.0000
1786025989.529835,0.0011,0.0,0.0,0.0000,0.0000,0.9519,-0.1592,1.9945,0.0000,enc,0.0000
1786025989.590801,0.0610,0.0,0.0,0.0000,0.0000,0.9519,-0.1592,1.9945,0.0000,enc,0.0000
1786025989.781855,0.1911,0.0,0.0,0.0000,0.0000,0.9519,-0.1592,1.9945,0.0000,enc,0.0000
1786025989.791178,0.0093,0.0,0.0,0.0000,0.0000,0.9519,-0.1592,1.9945,0.0000,enc,0.0000
1786025990.035893,0.2447,0.0,0.0,0.0000,0.0000,0.9519,-0.1592,1.9945,0.0000,enc,0.0000
1786025990.036065,0.0002,0.0,0.0,0.0000,0.0000,0.9519,-0.1592,1.9945,0.0000,enc,0.0000
1786025990.101433,0.0654,0.0,0.0,0.0000,0.0000,0.9519,-0.1592,1.9945,0.0000,enc,0.0000
1786025990.204444,0.1030,0.0,0.0,0.0000,0.0000,0.9519,-0.1592,1.9945,0.0000,enc,0.0000
1786025990.302949,0.0985,0.0,0.0,0.0000,0.0000,0.9519,-0.1592,1.9945,0.0000,enc,0.0000
1786025990.405721,0.1028,0.0,0.0,0.0000,0.0000,0.9519,-0.1592,1.9945,0.0000,enc,0.0000
1786025990.510223,0.1045,0.0,0.0,0.0000,0.0000,0.9519,-0.1592,1.9945,0.0000,enc,0.0000
1786025990.610274,0.1001,0.0,0.0,0.0000,0.0000,0.9519,-0.1592,1.9945,0.0000,enc,0.0000
1786025990.712600,0.1023,0.0,0.0,0.0000,0.0000,0.9519,-0.1592,1.9945,0.0000,enc,0.0000
1786025990.816713,0.1041,0.0,0.0,0.0000,0.0000,0.9519,-0.1592,1.9945,0.0000,enc,0.0000
1786025990.928991,0.1123,0.0,0.0,0.0000,0.0000,0.9519,-0.1592,1.9945,0.0000,enc,0.0000
1786025991.024066,0.0951,0.0,0.0,0.0000,0.0000,0.9519,-0.1592,1.9945,0.0000,enc,0.0000
1786025991.130952,0.1069,0.0,0.0,0.0000,0.0000,0.9519,-0.1592,1.9945,0.0000,enc,0.0000
1786025991.243903,0.1130,0.0,0.0,0.0000,0.0000,0.9519,-0.1592,1.9945,0.0000,enc,0.0000
1786025991.334661,0.0908,0.0,0.0,0.0000,0.0000,0.9519,-0.1592,1.9945,0.0000,enc,0.0000
1786025991.431599,0.0969,0.002726504812017083,0.02960205264389515,0.0001,0.0005,0.9519,-0.1592,1.9945,0.0000,enc,-0.0001
1786025991.532984,0.1014,0.0027260654605925083,0.02959728240966797,0.0001,0.0005,0.9519,-0.1592,1.9946,0.0000,enc,0.0001
1786025991.640876,0.1079,0.0,0.0,0.0000,0.0000,0.9519,-0.1592,1.9946,0.0000,enc,0.0000
1786025991.751588,0.1107,0.0,0.0,0.0000,0.0000,0.9519,-0.1592,1.9946,0.0000,enc,0.0000
1786025991.879501,0.1279,0.0,0.0,0.0000,0.0000,0.9519,-0.1592,1.9946,0.0000,enc,0.0000
1786025991.947140,0.0676,0.0,0.0,0.0000,0.0000,0.9519,-0.1592,1.9946,0.0000,enc,0.0000
1786025992.057018,0.1099,0.0,0.0,0.0000,0.0000,0.9519,-0.1592,1.9946,0.0000,enc,0.0000
1786025992.143262,0.0862,0.0,0.0,0.0000,0.0000,0.9519,-0.1592,1.9946,0.0000,enc,0.0000
1786025992.245212,0.1019,0.0,0.0,0.0000,0.0000,0.9519,-0.1592,1.9946,0.0000,enc,0.0000
1786025992.344934,0.0997,0.0,0.0,0.0000,0.0000,0.9519,-0.1592,1.9946,0.0000,enc,0.0000
1786025992.450414,0.1055,0.0,0.0,0.0000,0.0000,0.9519,-0.1592,1.9946,0.0000,enc,0.0000
1786025992.550097,0.0997,0.0,0.0,0.0000,0.0000,0.9519,-0.1592,1.9946,0.0000,enc,0.0000
1786025992.650984,0.1009,0.0,0.0,0.0000,0.0000,0.9519,-0.1592,1.9946,0.0000,enc,0.0000
1786025992.760306,0.1093,0.0,0.0,0.0000,0.0000,0.9519,-0.1592,1.9946,0.0000,enc,0.0000
1786025992.867934,0.1076,0.0,0.0,0.0000,0.0000,0.9519,-0.1592,1.9946,0.0000,enc,0.0000
1786025992.980886,0.1130,0.0,0.0,0.0000,0.0000,0.9519,-0.1592,1.9946,0.0000,enc,0.0000
1786025993.063825,0.0829,0.0,0.0,0.0000,0.0000,0.9519,-0.1592,1.9946,0.0000,enc,0.0000
1786025993.162785,0.0990,-0.0027279446367174387,-0.029617683961987495,-0.0001,-0.0005,0.9519,-0.1592,1.9945,0.0000,enc,-0.0001
1786025993.272099,0.1093,0.0,0.0,0.0000,0.0000,0.9519,-0.1592,1.9945,0.0000,enc,0.0000
1786025993.375403,0.1033,-0.02957877330482006,-0.0027243606746196747,-0.0001,0.0005,0.9519,-0.1592,1.9946,0.0000,enc,0.0001
1786025993.472922,0.0975,0.0,0.0,0.0000,0.0000,0.9519,-0.1592,1.9946,0.0000,enc,0.0000
1786025993.585757,0.1128,0.0,0.0,0.0000,0.0000,0.9519,-0.1592,1.9946,0.0000,enc,0.0000
1786025993.679266,0.0935,0.0,0.0,0.0000,0.0000,0.9519,-0.1592,1.9946,0.0000,enc,0.0000
1786025993.784912,0.1056,0.0,0.0,0.0000,0.0000,0.9519,-0.1592,1.9946,0.0000,enc,0.0000
1786025993.888942,0.1040,0.029594380408525467,0.0027257981710135937,0.0001,-0.0005,0.9519,-0.1592,1.9945,0.0000,enc,-0.0001
1786025993.990816,0.1019,0.0,0.0,0.0000,0.0000,0.9519,-0.1592,1.9945,0.0000,enc,0.0000
1786025994.091575,0.1008,0.0,0.0,0.0000,0.0000,0.9519,-0.1592,1.9945,0.0000,enc,0.0000
1786025994.188493,0.0969,0.0,0.0,0.0000,0.0000,0.9519,-0.1592,1.9945,0.0000,enc,0.0000
1786025994.290997,0.1025,0.0,0.0,0.0000,0.0000,0.9519,-0.1592,1.9945,0.0000,enc,0.0000
1786025994.393864,0.1029,0.0,0.0,0.0000,0.0000,0.9519,-0.1592,1.9945,0.0000,enc,0.0000
1786025994.497809,0.1039,0.0,0.0,0.0000,0.0000,0.9519,-0.1592,1.9945,0.0000,enc,0.0000
1786025994.603005,0.1052,0.0,0.0,0.0000,0.0000,0.9519,-0.1592,1.9945,0.0000,enc,0.0000
1786025994.702905,0.0999,0.0,0.0,0.0000,0.0000,0.9519,-0.1592,1.9945,0.0000,enc,0.0000
1786025994.801044,0.0981,0.0,0.0,0.0000,0.0000,0.9519,-0.1592,1.9945,0.0000,enc,0.0000
1786025994.903711,0.1027,0.0,0.0,0.0000,0.0000,0.9519,-0.1592,1.9945,0.0000,enc,0.0000
1786025995.018646,0.1149,0.0,0.0,0.0000,0.0000,0.9519,-0.1592,1.9945,0.0000,enc,0.0000
1786025995.105392,0.0867,0.0,0.0,0.0000,0.0000,0.9519,-0.1592,1.9945,0.0000,enc,0.0000
1786025995.224452,0.1191,0.0,0.0,0.0000,0.0000,0.9519,-0.1592,1.9945,0.0000,enc,0.0000
1786025995.312156,0.0877,0.0,0.0,0.0000,0.0000,0.9519,-0.1592,1.9945,0.0000,enc,0.0000
1786025995.426800,0.1146,0.0,0.0,0.0000,0.0000,0.9519,-0.1592,1.9945,0.0000,enc,0.0000
1786025995.519573,0.0928,0.0,0.0,0.0000,0.0000,0.9519,-0.1592,1.9945,0.0000,enc,0.0000
1786025995.654010,0.1344,0.0,0.0,0.0000,0.0000,0.9519,-0.1592,1.9945,0.0000,enc,0.0000
1786025995.718997,0.0650,0.0,0.0,0.0000,0.0000,0.9519,-0.1592,1.9945,0.0000,enc,0.0000
1786025995.825193,0.1062,0.0,0.0,0.0000,0.0000,0.9519,-0.1592,1.9945,0.0000,enc,0.0000
1786025995.928982,0.1038,0.0,0.0,0.0000,0.0000,0.9519,-0.1592,1.9945,0.0000,enc,0.0000
1786025996.024296,0.0953,0.0,0.0,0.0000,0.0000,0.9519,-0.1592,1.9945,0.0000,enc,0.0000
1786025996.125932,0.1016,0.0,0.0,0.0000,0.0000,0.9519,-0.1592,1.9945,0.0000,enc,0.0000
1786025996.233865,0.1079,0.0,0.0,0.0000,0.0000,0.9519,-0.1592,1.9945,0.0000,enc,0.0000
1786025996.330775,0.0969,0.0,0.0,0.0000,0.0000,0.9519,-0.1592,1.9945,0.0000,enc,0.0000
1786025996.442750,0.1120,0.0,0.0,0.0000,0.0000,0.9519,-0.1592,1.9945,0.0000,enc,0.0000
1786025996.543668,0.1009,0.0,0.0,0.0000,0.0000,0.9519,-0.1592,1.9945,0.0000,enc,0.0000
1786025996.653208,0.1095,0.0,0.0,0.0000,0.0000,0.9519,-0.1592,1.9945,0.0000,enc,0.0000
1786025996.743998,0.0908,0.0,0.0,0.0000,0.0000,0.9519,-0.1592,1.9945,0.0000,enc,0.0000
1786025996.875035,0.1310,0.0,0.0,0.0000,0.0000,0.9519,-0.1592,1.9945,0.0000,enc,0.0000
1786025996.943672,0.0686,0.0,0.0,0.0000,0.0000,0.9519,-0.1592,1.9945,0.0000,enc,0.0000
1786025997.072375,0.1287,0.0,0.0,0.0000,0.0000,0.9519,-0.1592,1.9945,0.0000,enc,0.0000
1786025997.153999,0.0816,0.0,0.0,0.0000,0.0000,0.9519,-0.1592,1.9945,0.0000,enc,0.0000
1786025997.253911,0.0999,0.0,0.0,0.0000,0.0000,0.9519,-0.1592,1.9945,0.0000,enc,0.0000
1786025997.362911,0.1090,0.0,0.0,0.0000,0.0000,0.9519,-0.1592,1.9945,0.0000,enc,0.0000
1786025997.456045,0.0931,0.0,0.0,0.0000,0.0000,0.9519,-0.1592,1.9945,0.0000,enc,0.0000
1786025997.560351,0.1043,0.0,0.0,0.0000,0.0000,0.9519,-0.1592,1.9945,0.0000,enc,0.0000
1786025997.662356,0.1020,0.0,0.0,0.0000,0.0000,0.9519,-0.1592,1.9945,0.0000,enc,0.0000
1786025997.761057,0.0987,0.0,0.0,0.0000,0.0000,0.9519,-0.1592,1.9945,0.0000,enc,0.0000
1786025997.871048,0.1100,0.0,0.0,0.0000,0.0000,0.9519,-0.1592,1.9945,0.0000,enc,0.0000
1786025997.970490,0.0994,0.0,0.0,0.0000,0.0000,0.9519,-0.1592,1.9945,0.0000,enc,0.0000
1786025998.066885,0.0964,0.0,0.0,0.0000,0.0000,0.9519,-0.1592,1.9945,0.0000,enc,0.0000
1786025998.182121,0.1152,0.0,0.0,0.0000,0.0000,0.9519,-0.1592,1.9945,0.0000,enc,0.0000
1786025998.280541,0.0984,0.0,0.0,0.0000,0.0000,0.9519,-0.1592,1.9945,0.0000,enc,0.0000
1786025998.373096,0.0926,0.0,0.0,0.0000,0.0000,0.9519,-0.1592,1.9945,0.0000,enc,0.0000
1786025998.477958,0.1049,0.0,0.0,0.0000,0.0000,0.9519,-0.1592,1.9945,0.0000,enc,0.0000
1786025998.584879,0.1069,0.0,0.0,0.0000,0.0000,0.9519,-0.1592,1.9945,0.0000,enc,0.0000
1786025998.680752,0.0959,0.0,0.0,0.0000,0.0000,0.9519,-0.1592,1.9945,0.0000,enc,0.0000
1786025998.788467,0.1077,0.0,0.0,0.0000,0.0000,0.9519,-0.1592,1.9945,0.0000,enc,0.0000
1786025998.895139,0.1067,0.0,0.0,0.0000,0.0000,0.9519,-0.1592,1.9945,0.0000,enc,0.0000
1786025998.990121,0.0950,0.0,0.0,0.0000,0.0000,0.9519,-0.1592,1.9945,0.0000,enc,0.0000
1786025999.104567,0.1144,0.0,0.0,0.0000,0.0000,0.9519,-0.1592,1.9945,0.0000,enc,0.0000
1786025999.199893,0.0953,0.0,0.0,0.0000,0.0000,0.9519,-0.1592,1.9945,0.0000,enc,0.0000
1786025999.296988,0.0971,0.0,0.0,0.0000,0.0000,0.9519,-0.1592,1.9945,0.0000,enc,0.0000
1786025999.398468,0.1015,0.0,0.0,0.0000,0.0000,0.9519,-0.1592,1.9945,0.0000,enc,0.0000
1786025999.505047,0.1066,0.0,0.0,0.0000,0.0000,0.9519,-0.1592,1.9945,0.0000,enc,0.0000
1786025999.608825,0.1038,0.0,0.0,0.0000,0.0000,0.9519,-0.1592,1.9945,0.0000,enc,0.0000
1786025999.719970,0.1111,0.0,0.0,0.0000,0.0000,0.9519,-0.1592,1.9945,0.0000,enc,0.0000
1786025999.814083,0.0941,0.0,0.0,0.0000,0.0000,0.9519,-0.1592,1.9945,0.0000,enc,0.0000
1786025999.909135,0.0951,0.0,0.0,0.0000,0.0000,0.9519,-0.1592,1.9945,0.0000,enc,0.0000
1786026000.035406,0.1263,0.0,0.0,0.0000,0.0000,0.9519,-0.1592,1.9945,0.0000,enc,0.0000
1786026000.252530,0.2171,0.0,0.0,0.0000,0.0000,0.9519,-0.1592,1.9945,0.0000,enc,0.0000
1786026000.252727,0.0002,0.0,0.0,0.0000,0.0000,0.9519,-0.1592,1.9945,0.0000,enc,0.0000
1786026000.343937,0.0912,0.0,0.0,0.0000,0.0000,0.9519,-0.1592,1.9945,0.0000,enc,0.0000
1786026000.522240,0.1783,0.0,0.0,0.0000,0.0000,0.9519,-0.1592,1.9945,0.0000,enc,0.0000
1786026000.557946,0.0357,0.0,0.0,0.0000,0.0000,0.9519,-0.1592,1.9945,0.0000,enc,0.0000
1786026000.753228,0.1953,0.0,0.0,0.0000,0.0000,0.9519,-0.1592,1.9945,0.0000,enc,0.0000
1786026000.753575,0.0003,0.0,0.0,0.0000,0.0000,0.9519,-0.1592,1.9945,0.0000,enc,0.0000
1786026000.826904,0.0733,0.0,0.0,0.0000,0.0000,0.9519,-0.1592,1.9945,0.0000,enc,0.0000
1786026001.007847,0.1809,0.0,0.0,0.0000,0.0000,0.9519,-0.1592,1.9945,0.0000,enc,0.0000
1786026001.030358,0.0225,0.0,0.0,0.0000,0.0000,0.9519,-0.1592,1.9945,0.0000,enc,0.0000
1786026001.254466,0.2241,0.0,0.0,0.0000,0.0000,0.9519,-0.1592,1.9945,0.0000,enc,0.0000
1786026001.255852,0.0014,0.0,0.0,0.0000,0.0000,0.9519,-0.1592,1.9945,0.0000,enc,0.0000
1786026001.340458,0.0846,0.0,0.0,0.0000,0.0000,0.9519,-0.1592,1.9945,0.0000,enc,0.0000
1786026001.509019,0.1686,0.0,0.0,0.0000,0.0000,0.9519,-0.1592,1.9945,0.0000,enc,0.0000
1786026001.541524,0.0325,0.0,0.0,0.0000,0.0000,0.9519,-0.1592,1.9945,0.0000,enc,0.0000
1786026001.762016,0.2205,0.0,0.0,0.0000,0.0000,0.9519,-0.1592,1.9945,0.0000,enc,0.0000
1786026001.762491,0.0005,0.0,0.0,0.0000,0.0000,0.9519,-0.1592,1.9945,0.0000,enc,0.0000
1786026001.850500,0.0880,0.0,0.0,0.0000,0.0000,0.9519,-0.1592,1.9945,0.0000,enc,0.0000
1786026002.009939,0.1594,0.0,0.0,0.0000,0.0000,0.9519,-0.1592,1.9945,0.0000,enc,0.0000
1786026002.055002,0.0451,0.0,0.0,0.0000,0.0000,0.9519,-0.1592,1.9945,0.0000,enc,0.0000
1786026002.257802,0.2028,0.0,0.0,0.0000,0.0000,0.9519,-0.1592,1.9945,0.0000,enc,0.0000
1786026002.260878,0.0031,0.0,0.0,0.0000,0.0000,0.9519,-0.1592,1.9945,0.0000,enc,0.0000
1786026002.508680,0.2478,0.0,0.0,0.0000,0.0000,0.9519,-0.1592,1.9945,0.0000,enc,0.0000
1786026002.509729,0.0010,0.0,0.0,0.0000,0.0000,0.9519,-0.1592,1.9945,0.0000,enc,0.0000
1786026002.565916,0.0562,0.0,0.0,0.0000,0.0000,0.9519,-0.1592,1.9945,0.0000,enc,0.0000
1786026002.768032,0.2021,0.0,0.0,0.0000,0.0000,0.9519,-0.1592,1.9945,0.0000,enc,0.0000
1786026002.771249,0.0032,0.0,0.0,0.0000,0.0000,0.9519,-0.1592,1.9945,0.0000,enc,0.0000
1786026003.011765,0.2405,0.0,0.0,0.0000,0.0000,0.9519,-0.1592,1.9945,0.0000,enc,0.0000
1786026003.012363,0.0006,0.0,0.0,0.0000,0.0000,0.9519,-0.1592,1.9945,0.0000,enc,0.0000
1786026003.074794,0.0624,0.0,0.0,0.0000,0.0000,0.9519,-0.1592,1.9945,0.0000,enc,0.0000
1786026003.259788,0.1850,0.0,0.0,0.0000,0.0000,0.9519,-0.1592,1.9945,0.0000,enc,0.0000
1786026003.278984,0.0192,0.0,0.0,0.0000,0.0000,0.9519,-0.1592,1.9945,0.0000,enc,0.0000
1786026003.513508,0.2345,0.0,0.0,0.0000,0.0000,0.9519,-0.1592,1.9945,0.0000,enc,0.0000
1786026003.513861,0.0004,0.0,0.0,0.0000,0.0000,0.9519,-0.1592,1.9945,0.0000,enc,0.0000
1786026003.588837,0.0750,0.0,0.0,0.0000,0.0000,0.9519,-0.1592,1.9945,0.0000,enc,0.0000
1786026003.767305,0.1785,0.0,0.0,0.0000,0.0000,0.9519,-0.1592,1.9945,0.0000,enc,0.0000
1786026003.791824,0.0245,0.0,0.0,0.0000,0.0000,0.9519,-0.1592,1.9945,0.0000,enc,0.0000
1786026004.013758,0.2219,0.0,0.0,0.0000,0.0000,0.9519,-0.1592,1.9945,0.0000,enc,0.0000
1786026004.013799,0.0000,0.0,0.0,0.0000,0.0000,0.9519,-0.1592,1.9945,0.0000,enc,0.0000
1786026004.099462,0.0857,0.0,0.0,0.0000,0.0000,0.9519,-0.1592,1.9945,0.0000,enc,0.0000
1786026004.265452,0.1660,0.0,0.0,0.0000,0.0000,0.9519,-0.1592,1.9945,0.0000,enc,0.0000
1786026004.302061,0.0366,0.0,0.0,0.0000,0.0000,0.9519,-0.1592,1.9945,0.0000,enc,0.0000
1786026004.518945,0.2169,0.0,0.0,0.0000,0.0000,0.9519,-0.1592,1.9945,0.0000,enc,0.0000
1786026004.519329,0.0004,0.0,0.0,0.0000,0.0000,0.9519,-0.1592,1.9945,0.0000,enc,0.0000
1786026004.612156,0.0928,0.0,0.0,0.0000,0.0000,0.9519,-0.1592,1.9945,0.0000,enc,0.0000
1786026004.775647,0.1635,0.0,0.0,0.0000,0.0000,0.9519,-0.1592,1.9945,0.0000,enc,0.0000
1786026004.814942,0.0393,0.0,0.0,0.0000,0.0000,0.9519,-0.1592,1.9945,0.0000,enc,0.0000
1786026005.029498,0.2146,0.0,0.0,0.0000,0.0000,0.9519,-0.1592,1.9945,0.0000,enc,0.0000
1786026005.030275,0.0008,0.0,0.0,0.0000,0.0000,0.9519,-0.1592,1.9945,0.0000,enc,0.0000
1786026005.124153,0.0939,0.0,0.0,0.0000,0.0000,0.9519,-0.1592,1.9945,0.0000,enc,0.0000
1786026005.225760,0.1016,0.0,0.0,0.0000,0.0000,0.9519,-0.1592,1.9945,0.0000,enc,0.0000
1786026005.326871,0.1011,0.0,0.0,0.0000,0.0000,0.9519,-0.1592,1.9945,0.0000,enc,0.0000
1786026005.428807,0.1019,0.0,0.0,0.0000,0.0000,0.9519,-0.1592,1.9945,0.0000,enc,0.0000
1786026005.532925,0.1041,0.0,0.0,0.0000,0.0000,0.9519,-0.1592,1.9945,0.0000,enc,0.0000
1786026005.633851,0.1009,0.0,0.0,0.0000,0.0000,0.9519,-0.1592,1.9945,0.0000,enc,0.0000
1786026005.737531,0.1037,0.0,0.0,0.0000,0.0000,0.9519,-0.1592,1.9945,0.0000,enc,0.0000
1786026005.838673,0.1011,0.0,0.0,0.0000,0.0000,0.9519,-0.1592,1.9945,0.0000,enc,0.0000
1786026005.940094,0.1014,0.0,0.0,0.0000,0.0000,0.9519,-0.1592,1.9945,0.0000,enc,0.0000
1786026006.036914,0.0968,0.0,0.0,0.0000,0.0000,0.9519,-0.1592,1.9945,0.0000,enc,0.0000
1786026006.145547,0.1086,0.0,0.0,0.0000,0.0000,0.9519,-0.1592,1.9945,0.0000,enc,0.0000
1786026006.241690,0.0961,0.0,0.0,0.0000,0.0000,0.9519,-0.1592,1.9945,0.0000,enc,0.0000
1786026006.343405,0.1017,0.0,0.0,0.0000,0.0000,0.9519,-0.1592,1.9945,0.0000,enc,0.0000
1786026006.453105,0.1097,0.0,0.0,0.0000,0.0000,0.9519,-0.1592,1.9945,0.0000,enc,0.0000
1786026006.558105,0.1050,0.0,0.0,0.0000,0.0000,0.9519,-0.1592,1.9945,0.0000,enc,0.0000
1786026006.650334,0.0922,0.0,0.0,0.0000,0.0000,0.9519,-0.1592,1.9945,0.0000,enc,0.0000
1786026006.762944,0.1126,0.0,0.0,0.0000,0.0000,0.9519,-0.1592,1.9945,0.0000,enc,0.0000
1786026006.862018,0.0991,0.0,0.0,0.0000,0.0000,0.9519,-0.1592,1.9945,0.0000,enc,0.0000
1786026006.969701,0.1077,0.0,0.0,0.0000,0.0000,0.9519,-0.1592,1.9945,0.0000,enc,0.0000
1786026007.073504,0.1038,0.0,0.0,0.0000,0.0000,0.9519,-0.1592,1.9945,0.0000,enc,0.0000
1786026007.170498,0.0970,0.0,0.0,0.0000,0.0000,0.9519,-0.1592,1.9945,0.0000,enc,0.0000
1786026007.266881,0.0964,0.0,0.0,0.0000,0.0000,0.9519,-0.1592,1.9945,0.0000,enc,0.0000
1786026007.368032,0.1012,0.0,0.0,0.0000,0.0000,0.9519,-0.1592,1.9945,0.0000,enc,0.0000
1786026007.477379,0.1093,0.0,0.0,0.0000,0.0000,0.9519,-0.1592,1.9945,0.0000,enc,0.0000
1786026007.571889,0.0945,0.0,0.0,0.0000,0.0000,0.9519,-0.1592,1.9945,0.0000,enc,0.0000
1786026007.673488,0.1016,0.0,0.0,0.0000,0.0000,0.9519,-0.1592,1.9945,0.0000,enc,0.0000
1786026007.778987,0.1055,0.0,0.0,0.0000,0.0000,0.9519,-0.1592,1.9945,0.0000,enc,0.0000
1786026007.878000,0.0990,0.0,0.0,0.0000,0.0000,0.9519,-0.1592,1.9945,0.0000,enc,0.0000
1786026007.979947,0.1019,0.0,0.0,0.0000,0.0000,0.9519,-0.1592,1.9945,0.0000,enc,0.0000
1786026008.086026,0.1061,0.0,0.0,0.0000,0.0000,0.9519,-0.1592,1.9945,0.0000,enc,0.0000
1786026008.183391,0.0974,0.0,0.0,0.0000,0.0000,0.9519,-0.1592,1.9945,0.0000,enc,0.0000
1786026008.285182,0.1018,0.0,0.0,0.0000,0.0000,0.9519,-0.1592,1.9945,0.0000,enc,0.0000
1786026008.390961,0.1058,0.0,0.0,0.0000,0.0000,0.9519,-0.1592,1.9945,0.0000,enc,0.0000
1786026008.490375,0.0994,0.0,0.0,0.0000,0.0000,0.9519,-0.1592,1.9945,0.0000,enc,0.0000
1786026008.593542,0.1032,0.0,0.0,0.0000,0.0000,0.9519,-0.1592,1.9945,0.0000,enc,0.0000
1786026008.699971,0.1064,0.0,0.0,0.0000,0.0000,0.9519,-0.1592,1.9945,0.0000,enc,0.0000
1786026008.797217,0.0972,0.0,0.0,0.0000,0.0000,0.9519,-0.1592,1.9945,0.0000,enc,0.0000
1786026008.899192,0.1020,0.0,0.0,0.0000,0.0000,0.9519,-0.1592,1.9945,0.0000,enc,0.0000
1786026009.007065,0.1079,0.0,0.0,0.0000,0.0000,0.9519,-0.1592,1.9945,0.0000,enc,0.0000
1786026009.105646,0.0986,0.0,0.0,0.0000,0.0000,0.9519,-0.1592,1.9945,0.0000,enc,0.0000
1786026009.205381,0.0997,0.0,0.0,0.0000,0.0000,0.9519,-0.1592,1.9945,0.0000,enc,0.0000
1786026009.313014,0.1076,0.0,0.0,0.0000,0.0000,0.9519,-0.1592,1.9945,0.0000,enc,0.0000
1786026009.410136,0.0971,0.0,0.0,0.0000,0.0000,0.9519,-0.1592,1.9945,0.0000,enc,0.0000
1786026009.515651,0.1055,0.0,0.0,0.0000,0.0000,0.9519,-0.1592,1.9945,0.0000,enc,0.0000
1786026009.619076,0.1034,0.0,0.0,0.0000,0.0000,0.9519,-0.1592,1.9945,0.0000,enc,0.0000
1786026009.721845,0.1028,0.0,0.0,0.0000,0.0000,0.9519,-0.1592,1.9945,0.0000,enc,0.0000
1786026009.821716,0.0999,0.0,0.0,0.0000,0.0000,0.9519,-0.1592,1.9945,0.0000,enc,0.0000
1786026009.925869,0.1042,0.0,0.0,0.0000,0.0000,0.9519,-0.1592,1.9945,0.0000,enc,0.0000
1786026010.028050,0.1022,0.0,0.0,0.0000,0.0000,0.9519,-0.1592,1.9945,0.0000,enc,0.0000
1786026010.127959,0.0999,0.0,0.0,0.0000,0.0000,0.9519,-0.1592,1.9945,0.0000,enc,0.0000
1786026010.228020,0.1001,0.0,0.0,0.0000,0.0000,0.9519,-0.1592,1.9945,0.0000,enc,0.0000
1786026010.335017,0.1070,0.0,0.0,0.0000,0.0000,0.9519,-0.1592,1.9945,0.0000,enc,0.0000
1786026010.435769,0.1008,0.0,0.0,0.0000,0.0000,0.9519,-0.1592,1.9945,0.0000,enc,0.0000
1786026010.534829,0.0991,0.0,0.0,0.0000,0.0000,0.9519,-0.1592,1.9945,0.0000,enc,0.0000
1786026010.663279,0.1284,0.0,0.0,0.0000,0.0000,0.9519,-0.1592,1.9945,0.0000,enc,0.0000
1786026010.740139,0.0769,0.0,0.0,0.0000,0.0000,0.9519,-0.1592,1.9945,0.0000,enc,0.0000
1786026010.843876,0.1037,0.0,0.0,0.0000,0.0000,0.9519,-0.1592,1.9945,0.0000,enc,0.0000
1786026010.962354,0.1185,0.0,0.0,0.0000,0.0000,0.9519,-0.1592,1.9945,0.0000,enc,0.0000
1786026011.047894,0.0855,0.0,0.0,0.0000,0.0000,0.9519,-0.1592,1.9945,0.0000,enc,0.0000
1786026011.149869,0.1020,0.0,0.0,0.0000,0.0000,0.9519,-0.1592,1.9945,0.0000,enc,0.0000
1786026011.253036,0.1032,0.0,0.0,0.0000,0.0000,0.9519,-0.1592,1.9945,0.0000,enc,0.0000
1786026011.353985,0.1009,0.0,0.0,0.0000,0.0000,0.9519,-0.1592,1.9945,0.0000,enc,0.0000
1786026011.453473,0.0995,0.0,0.0,0.0000,0.0000,0.9519,-0.1592,1.9945,0.0000,enc,0.0000
1786026011.561016,0.1075,0.0,0.0,0.0000,0.0000,0.9519,-0.1592,1.9945,0.0000,enc,0.0000
1786026011.661581,0.1006,0.0,0.0,0.0000,0.0000,0.9519,-0.1592,1.9945,0.0000,enc,0.0000
1786026011.763707,0.1021,0.0,0.0,0.0000,0.0000,0.9519,-0.1592,1.9945,0.0000,enc,0.0000
1786026011.866686,0.1030,0.0,0.0,0.0000,0.0000,0.9519,-0.1592,1.9945,0.0000,enc,0.0000
1786026011.968094,0.1014,0.0,0.0,0.0000,0.0000,0.9519,-0.1592,1.9945,0.0000,enc,0.0000
1786026012.073148,0.1051,0.0,0.0,0.0000,0.0000,0.9519,-0.1592,1.9945,0.0000,enc,0.0000
1786026012.174979,0.1018,0.0,0.0,0.0000,0.0000,0.9519,-0.1592,1.9945,0.0000,enc,0.0000
1786026012.276524,0.1015,0.0,0.0,0.0000,0.0000,0.9519,-0.1592,1.9945,0.0000,enc,0.0000
1786026012.379488,0.1030,0.0,0.0,0.0000,0.0000,0.9519,-0.1592,1.9945,0.0000,enc,0.0000
1786026012.481803,0.1023,0.0,0.0,0.0000,0.0000,0.9519,-0.1592,1.9945,0.0000,enc,0.0000
1786026012.584015,0.1022,0.0,0.0,0.0000,0.0000,0.9519,-0.1592,1.9945,0.0000,enc,0.0000
1786026012.682819,0.0988,0.0,0.0,0.0000,0.0000,0.9519,-0.1592,1.9945,0.0000,enc,0.0000
1786026012.783998,0.1012,0.0,0.0,0.0000,0.0000,0.9519,-0.1592,1.9945,0.0000,enc,0.0000
1786026012.888052,0.1041,0.0,0.0,0.0000,0.0000,0.9519,-0.1592,1.9945,0.0000,enc,0.0000
1786026012.988874,0.1008,0.0,0.0,0.0000,0.0000,0.9519,-0.1592,1.9945,0.0000,enc,0.0000
1786026013.089433,0.1006,0.0,0.0,0.0000,0.0000,0.9519,-0.1592,1.9945,0.0000,enc,0.0000
1786026013.193985,0.1046,0.0,0.0,0.0000,0.0000,0.9519,-0.1592,1.9945,0.0000,enc,0.0000
1786026013.293605,0.0996,0.0,0.0,0.0000,0.0000,0.9519,-0.1592,1.9945,0.0000,enc,0.0000
1786026013.393524,0.0999,0.0,0.0,0.0000,0.0000,0.9519,-0.1592,1.9945,0.0000,enc,0.0000
1786026013.502046,0.1085,0.0,0.0,0.0000,0.0000,0.9519,-0.1592,1.9945,0.0000,enc,0.0000
1786026013.598245,0.0962,0.0,0.0,0.0000,0.0000,0.9519,-0.1592,1.9945,0.0000,enc,0.0000
1786026013.700565,0.1023,0.0,0.0,0.0000,0.0000,0.9519,-0.1592,1.9945,0.0000,enc,0.0000
1786026013.806750,0.1062,0.0,0.0,0.0000,0.0000,0.9519,-0.1592,1.9945,0.0000,enc,0.0000
1786026013.909297,0.1025,0.0,0.0,0.0000,0.0000,0.9519,-0.1592,1.9945,0.0000,enc,0.0000
1786026014.007692,0.0984,0.0,0.0,0.0000,0.0000,0.9519,-0.1592,1.9945,0.0000,enc,0.0000
1786026014.116082,0.1084,0.0,0.0,0.0000,0.0000,0.9519,-0.1592,1.9945,0.0000,enc,0.0000
1786026014.211530,0.0954,0.0,0.0,0.0000,0.0000,0.9519,-0.1592,1.9945,0.0000,enc,0.0000
1786026014.314263,0.1027,0.0,0.0,0.0000,0.0000,0.9519,-0.1592,1.9945,0.0000,enc,0.0000
1786026014.421110,0.1068,0.0,0.0,0.0000,0.0000,0.9519,-0.1592,1.9945,0.0000,enc,0.0000
1786026014.524266,0.1032,0.0,0.0,0.0000,0.0000,0.9519,-0.1592,1.9945,0.0000,enc,0.0000
1786026014.625939,0.1017,0.0,0.0,0.0000,0.0000,0.9519,-0.1592,1.9945,0.0000,enc,0.0000
1786026014.729064,0.1031,0.0,0.0,0.0000,0.0000,0.9519,-0.1592,1.9945,0.0000,enc,0.0000
1786026014.829641,0.1006,0.0,0.0,0.0000,0.0000,0.9519,-0.1592,1.9945,0.0000,enc,0.0000
1786026014.929467,0.0998,0.0,0.0,0.0000,0.0000,0.9519,-0.1592,1.9945,0.0000,enc,0.0000
1786026015.034894,0.1054,0.0,0.0,0.0000,0.0000,0.9519,-0.1592,1.9945,0.0000,enc,0.0000
1786026015.265452,0.2306,0.0,0.0,0.0000,0.0000,0.9519,-0.1592,1.9945,0.0000,enc,0.0000
1786026015.266124,0.0007,0.0,0.0,0.0000,0.0000,0.9519,-0.1592,1.9945,0.0000,enc,0.0000
1786026015.337416,0.0713,0.0,0.0,0.0000,0.0000,0.9519,-0.1592,1.9945,0.0000,enc,0.0000
1786026015.510381,0.1730,0.0,0.0,0.0000,0.0000,0.9519,-0.1592,1.9945,0.0000,enc,0.0000
1786026015.541703,0.0313,0.0,0.0,0.0000,0.0000,0.9519,-0.1592,1.9945,0.0000,enc,0.0000
1786026015.764776,0.2231,0.0,0.0,0.0000,0.0000,0.9519,-0.1592,1.9945,0.0000,enc,0.0000
1786026015.767637,0.0029,0.0,0.0,0.0000,0.0000,0.9519,-0.1592,1.9945,0.0000,enc,0.0000
1786026015.849315,0.0817,0.0,0.0,0.0000,0.0000,0.9519,-0.1592,1.9945,0.0000,enc,0.0000
1786026016.002886,0.1536,0.0,0.0,0.0000,0.0000,0.9519,-0.1592,1.9945,0.0000,enc,0.0000
1786026016.060787,0.0579,0.0,0.0,0.0000,0.0000,0.9519,-0.1592,1.9945,0.0000,enc,0.0000
1786026016.255764,0.1950,0.0,0.0,0.0000,0.0000,0.9519,-0.1592,1.9945,0.0000,enc,0.0000
1786026016.258586,0.0028,0.0,0.0,0.0000,0.0000,0.9519,-0.1592,1.9945,0.0000,enc,0.0000
1786026016.510986,0.2524,0.0,0.0,0.0000,0.0000,0.9519,-0.1592,1.9945,0.0000,enc,0.0000
1786026016.511911,0.0009,0.0,0.0,0.0000,0.0000,0.9519,-0.1592,1.9945,0.0000,enc,0.0000
1786026016.563174,0.0513,0.0,0.0,0.0000,0.0000,0.9519,-0.1592,1.9945,0.0000,enc,0.0000
1786026016.762915,0.1997,0.0,0.0,0.0000,0.0000,0.9519,-0.1592,1.9945,0.0000,enc,0.0000
1786026016.767795,0.0049,0.0,0.0,0.0000,0.0000,0.9519,-0.1592,1.9945,0.0000,enc,0.0000
1786026017.011141,0.2433,0.0,0.0,0.0000,0.0000,0.9519,-0.1592,1.9945,0.0000,enc,0.0000
1786026017.012806,0.0017,0.0,0.0,0.0000,0.0000,0.9519,-0.1592,1.9945,0.0000,enc,0.0000
1786026017.072466,0.0597,0.0,0.0,0.0000,0.0000,0.9519,-0.1592,1.9945,0.0000,enc,0.0000
1786026017.269584,0.1971,0.0,0.0,0.0000,0.0000,0.9519,-0.1592,1.9945,0.0000,enc,0.0000
1786026017.279447,0.0099,0.0,0.0,0.0000,0.0000,0.9519,-0.1592,1.9945,0.0000,enc,0.0000
1786026017.515849,0.2364,0.0,0.0,0.0000,0.0000,0.9519,-0.1592,1.9945,0.0000,enc,0.0000
1786026017.516640,0.0008,0.0,0.0,0.0000,0.0000,0.9519,-0.1592,1.9945,0.0000,enc,0.0000
1786026017.587114,0.0705,0.0,0.0,0.0000,0.0000,0.9519,-0.1592,1.9945,0.0000,enc,0.0000
1786026017.762438,0.1753,0.0,0.0,0.0000,0.0000,0.9519,-0.1592,1.9945,0.0000,enc,0.0000
1786026017.788640,0.0262,0.0,0.0,0.0000,0.0000,0.9519,-0.1592,1.9945,0.0000,enc,0.0000
1786026018.010981,0.2223,0.0,0.0,0.0000,0.0000,0.9519,-0.1592,1.9945,0.0000,enc,0.0000
1786026018.011828,0.0008,0.0,0.0,0.0000,0.0000,0.9519,-0.1592,1.9945,0.0000,enc,0.0000
1786026018.098841,0.0870,0.0,0.0,0.0000,0.0000,0.9519,-0.1592,1.9945,0.0000,enc,0.0000
1786026018.260898,0.1621,0.0,0.0,0.0000,0.0000,0.9519,-0.1592,1.9945,0.0000,enc,0.0000
1786026018.301136,0.0402,0.0,0.0,0.0000,0.0000,0.9519,-0.1592,1.9945,0.0000,enc,0.0000
1786026018.512470,0.2113,0.0,0.0,0.0000,0.0000,0.9519,-0.1592,1.9945,0.0000,enc,0.0000
1786026018.513201,0.0007,0.0,0.0,0.0000,0.0000,0.9519,-0.1592,1.9945,0.0000,enc,0.0000
1786026018.607650,0.0944,0.0,0.0,0.0000,0.0000,0.9519,-0.1592,1.9945,0.0000,enc,0.0000
1786026018.761388,0.1537,0.0,0.0,0.0000,0.0000,0.9519,-0.1592,1.9945,0.0000,enc,0.0000
1786026018.809411,0.0480,0.0,0.0,0.0000,0.0000,0.9519,-0.1592,1.9945,0.0000,enc,0.0000
1786026019.012849,0.2034,0.0,0.0,0.0000,0.0000,0.9519,-0.1592,1.9945,0.0000,enc,0.0000
1786026019.016835,0.0040,0.0,0.0,0.0000,0.0000,0.9519,-0.1592,1.9945,0.0000,enc,0.0000
1786026019.264416,0.2476,0.0,0.0,0.0000,0.0000,0.9519,-0.1592,1.9945,0.0000,enc,0.0000
1786026019.266567,0.0022,0.0,0.0,0.0000,0.0000,0.9519,-0.1592,1.9945,0.0000,enc,0.0000
1786026019.319937,0.0534,0.0,0.0,0.0000,0.0000,0.9519,-0.1592,1.9945,0.0000,enc,0.0000
1786026019.520195,0.2003,0.0,0.0,0.0000,0.0000,0.9519,-0.1592,1.9945,0.0000,enc,0.0000
1786026019.526323,0.0061,0.0,0.0,0.0000,0.0000,0.9519,-0.1592,1.9945,0.0000,enc,0.0000
1786026019.775743,0.2494,0.0,0.0,0.0000,0.0000,0.9519,-0.1592,1.9945,0.0000,enc,0.0000
1786026019.776840,0.0011,0.0,0.0,0.0000,0.0000,0.9519,-0.1592,1.9945,0.0000,enc,0.0000
1786026019.835479,0.0586,0.0,0.0,0.0000,0.0000,0.9519,-0.1592,1.9945,0.0000,enc,0.0000
1786026020.029119,0.1936,0.0,0.0,0.0000,0.0000,0.9519,-0.1592,1.9945,0.0000,enc,0.0000
1786026020.036794,0.0077,0.0,0.0,0.0000,0.0000,0.9519,-0.1592,1.9945,0.0000,enc,0.0000
1786026020.142592,0.1058,0.0,0.0,0.0000,0.0000,0.9519,-0.1592,1.9945,0.0000,enc,0.0000
1786026020.244117,0.1015,0.0,0.0,0.0000,0.0000,0.9519,-0.1592,1.9945,0.0000,enc,0.0000
1786026020.345889,0.1018,0.0,0.0,0.0000,0.0000,0.9519,-0.1592,1.9945,0.0000,enc,0.0000
1786026020.447033,0.1011,0.0,0.0,0.0000,0.0000,0.9519,-0.1592,1.9945,0.0000,enc,0.0000
1786026020.549870,0.1028,0.0,0.0,0.0000,0.0000,0.9519,-0.1592,1.9945,0.0000,enc,0.0000
1786026020.649205,0.0993,0.0,0.0,0.0000,0.0000,0.9519,-0.1592,1.9945,0.0000,enc,0.0000
1786026020.751787,0.1026,0.0,0.0,0.0000,0.0000,0.9519,-0.1592,1.9945,0.0000,enc,0.0000
1786026020.856922,0.1051,0.0,0.0,0.0000,0.0000,0.9519,-0.1592,1.9945,0.0000,enc,0.0000
1786026020.956685,0.0998,0.0,0.0,0.0000,0.0000,0.9519,-0.1592,1.9945,0.0000,enc,0.0000
1786026021.058675,0.1020,0.0,0.0,0.0000,0.0000,0.9519,-0.1592,1.9945,0.0000,enc,0.0000
1786026021.163048,0.1044,0.0,0.0,0.0000,0.0000,0.9519,-0.1592,1.9945,0.0000,enc,0.0000
1786026021.264061,0.1010,0.0,0.0,0.0000,0.0000,0.9519,-0.1592,1.9945,0.0000,enc,0.0000
1786026021.366137,0.1021,0.0,0.0,0.0000,0.0000,0.9519,-0.1592,1.9945,0.0000,enc,0.0000
1786026021.470166,0.1040,0.0,0.0,0.0000,0.0000,0.9519,-0.1592,1.9945,0.0000,enc,0.0000
1786026021.568550,0.0984,0.0,0.0,0.0000,0.0000,0.9519,-0.1592,1.9945,0.0000,enc,0.0000
1786026021.670516,0.1020,0.0,0.0,0.0000,0.0000,0.9519,-0.1592,1.9945,0.0000,enc,0.0000
1786026021.775898,0.1054,0.0,0.0,0.0000,0.0000,0.9519,-0.1592,1.9945,0.0000,enc,0.0000
1786026021.877926,0.1020,0.0,0.0,0.0000,0.0000,0.9519,-0.1592,1.9945,0.0000,enc,0.0000
1786026021.976866,0.0989,0.0,0.0,0.0000,0.0000,0.9519,-0.1592,1.9945,0.0000,enc,0.0000
1786026022.082523,0.1057,0.0,0.0,0.0000,0.0000,0.9519,-0.1592,1.9945,0.0000,enc,0.0000
1786026022.183549,0.1010,0.0,0.0,0.0000,0.0000,0.9519,-0.1592,1.9945,0.0000,enc,0.0000
1786026022.285927,0.1024,0.0,0.0,0.0000,0.0000,0.9519,-0.1592,1.9945,0.0000,enc,0.0000
1786026022.388526,0.1026,0.0,0.0,0.0000,0.0000,0.9519,-0.1592,1.9945,0.0000,enc,0.0000
1786026022.490131,0.1016,0.0,0.0,0.0000,0.0000,0.9519,-0.1592,1.9945,0.0000,enc,0.0000
1786026022.592293,0.1022,0.0,0.0,0.0000,0.0000,0.9519,-0.1592,1.9945,0.0000,enc,0.0000
1786026022.703988,0.1117,0.0,0.0,0.0000,0.0000,0.9519,-0.1592,1.9945,0.0000,enc,0.0000
1786026022.795810,0.0918,0.0,0.0,0.0000,0.0000,0.9519,-0.1592,1.9945,0.0000,enc,0.0000
1786026022.899746,0.1039,0.0,0.0,0.0000,0.0000,0.9519,-0.1592,1.9945,0.0000,enc,0.0000
1786026023.000504,0.1008,0.0,0.0,0.0000,0.0000,0.9519,-0.1592,1.9945,0.0000,enc,0.0000
1786026023.102033,0.1015,0.0,0.0,0.0000,0.0000,0.9519,-0.1592,1.9945,0.0000,enc,0.0000
1786026023.205099,0.1031,0.0,0.0,0.0000,0.0000,0.9519,-0.1592,1.9945,0.0000,enc,0.0000
1786026023.304499,0.0994,0.0,0.0,0.0000,0.0000,0.9519,-0.1592,1.9945,0.0000,enc,0.0000
1786026023.409007,0.1045,0.0,0.0,0.0000,0.0000,0.9519,-0.1592,1.9945,0.0000,enc,0.0000
1786026023.508486,0.0995,0.0,0.0,0.0000,0.0000,0.9519,-0.1592,1.9945,0.0000,enc,0.0000
1786026023.610415,0.1019,0.0,0.0,0.0000,0.0000,0.9519,-0.1592,1.9945,0.0000,enc,0.0000
1786026023.716223,0.1058,0.0,0.0,0.0000,0.0000,0.9519,-0.1592,1.9945,0.0000,enc,0.0000
1786026023.815466,0.0992,0.0,0.0,0.0000,0.0000,0.9519,-0.1592,1.9945,0.0000,enc,0.0000
1786026023.917993,0.1025,0.0,0.0,0.0000,0.0000,0.9519,-0.1592,1.9945,0.0000,enc,0.0000
1786026024.021975,0.1040,0.0,0.0,0.0000,0.0000,0.9519,-0.1592,1.9945,0.0000,enc,0.0000
1786026024.121480,0.0995,0.0,0.0,0.0000,0.0000,0.9519,-0.1592,1.9945,0.0000,enc,0.0000
1786026024.224275,0.1028,0.0,0.0,0.0000,0.0000,0.9519,-0.1592,1.9945,0.0000,enc,0.0000
1786026024.328942,0.1047,0.0,0.0,0.0000,0.0000,0.9519,-0.1592,1.9945,0.0000,enc,0.0000
1786026024.429859,0.1009,0.0,0.0,0.0000,0.0000,0.9519,-0.1592,1.9945,0.0000,enc,0.0000
1786026024.529895,0.1000,0.0,0.0,0.0000,0.0000,0.9519,-0.1592,1.9945,0.0000,enc,0.0000
1786026024.634145,0.1043,0.0,0.0,0.0000,0.0000,0.9519,-0.1592,1.9945,0.0000,enc,0.0000
1786026024.736335,0.1022,0.0,0.0,0.0000,0.0000,0.9519,-0.1592,1.9945,0.0000,enc,0.0000
1786026024.839500,0.1032,0.0,0.0,0.0000,0.0000,0.9519,-0.1592,1.9945,0.0000,enc,0.0000
1786026024.942043,0.1025,0.0,0.0,0.0000,0.0000,0.9519,-0.1592,1.9945,0.0000,enc,0.0000
1786026025.044079,0.1020,0.0,0.0,0.0000,0.0000,0.9519,-0.1592,1.9945,0.0000,enc,0.0000
1786026025.145499,0.1014,0.0,0.0,0.0000,0.0000,0.9519,-0.1592,1.9945,0.0000,enc,0.0000
1786026025.249017,0.1035,0.0,0.0,0.0000,0.0000,0.9519,-0.1592,1.9945,0.0000,enc,0.0000
1786026025.350049,0.1010,0.0,0.0,0.0000,0.0000,0.9519,-0.1592,1.9945,0.0000,enc,0.0000
1786026025.452381,0.1023,0.0,0.0,0.0000,0.0000,0.9519,-0.1592,1.9945,0.0000,enc,0.0000
1786026025.554039,0.1017,0.0,0.0,0.0000,0.0000,0.9519,-0.1592,1.9945,0.0000,enc,0.0000
1786026025.656934,0.1029,0.0,0.0,0.0000,0.0000,0.9519,-0.1592,1.9945,0.0000,enc,0.0000
1786026025.759133,0.1022,0.0,0.0,0.0000,0.0000,0.9519,-0.1592,1.9945,0.0000,enc,0.0000
1786026025.858516,0.0994,0.0,0.0,0.0000,0.0000,0.9519,-0.1592,1.9945,0.0000,enc,0.0000
1786026025.961984,0.1035,0.0,0.0,0.0000,0.0000,0.9519,-0.1592,1.9945,0.0000,enc,0.0000
1786026026.062998,0.1010,0.0,0.0,0.0000,0.0000,0.9519,-0.1592,1.9945,0.0000,enc,0.0000
1786026026.164427,0.1014,0.0,0.0,0.0000,0.0000,0.9519,-0.1592,1.9945,0.0000,enc,0.0000
1786026026.269076,0.1046,0.0,0.0,0.0000,0.0000,0.9519,-0.1592,1.9945,0.0000,enc,0.0000
1786026026.368468,0.0994,0.0,0.0,0.0000,0.0000,0.9519,-0.1592,1.9945,0.0000,enc,0.0000
1786026026.470354,0.1019,0.0,0.0,0.0000,0.0000,0.9519,-0.1592,1.9945,0.0000,enc,0.0000
1786026026.575994,0.1056,0.0,0.0,0.0000,0.0000,0.9519,-0.1592,1.9945,0.0000,enc,0.0000
1786026026.674848,0.0989,0.0,0.0,0.0000,0.0000,0.9519,-0.1592,1.9945,0.0000,enc,0.0000
1786026026.776885,0.1020,0.0,0.0,0.0000,0.0000,0.9519,-0.1592,1.9945,0.0000,enc,0.0000
1786026026.881751,0.1049,0.0,0.0,0.0000,0.0000,0.9519,-0.1592,1.9945,0.0000,enc,0.0000
1786026026.981601,0.0998,0.0,0.0,0.0000,0.0000,0.9519,-0.1592,1.9945,0.0000,enc,0.0000
1786026027.083274,0.1017,0.0,0.0,0.0000,0.0000,0.9519,-0.1592,1.9945,0.0000,enc,0.0000
1786026027.188152,0.1049,0.0,0.0,0.0000,0.0000,0.9519,-0.1592,1.9945,0.0000,enc,0.0000
1786026027.291656,0.1035,0.0,0.0,0.0000,0.0000,0.9519,-0.1592,1.9945,0.0000,enc,0.0000
1786026027.391850,0.1002,0.0,0.0,0.0000,0.0000,0.9519,-0.1592,1.9945,0.0000,enc,0.0000
1786026027.496260,0.1044,0.0,0.0,0.0000,0.0000,0.9519,-0.1592,1.9945,0.0000,enc,0.0000
1786026027.599877,0.1036,0.0,0.0,0.0000,0.0000,0.9519,-0.1592,1.9945,0.0000,enc,0.0000
1786026027.700258,0.1004,0.0,0.0,0.0000,0.0000,0.9519,-0.1592,1.9945,0.0000,enc,0.0000
1786026027.802228,0.1020,0.0,0.0,0.0000,0.0000,0.9519,-0.1592,1.9945,0.0000,enc,0.0000
1786026027.905745,0.1035,0.0,0.0,0.0000,0.0000,0.9519,-0.1592,1.9945,0.0000,enc,0.0000
1786026028.005549,0.0998,0.0,0.0,0.0000,0.0000,0.9519,-0.1592,1.9945,0.0000,enc,0.0000
1786026028.110452,0.1049,0.0,0.0,0.0000,0.0000,0.9519,-0.1592,1.9945,0.0000,enc,0.0000
1786026028.211277,0.1008,0.0,0.0,0.0000,0.0000,0.9519,-0.1592,1.9945,0.0000,enc,0.0000
1786026028.313330,0.1021,0.0,0.0,0.0000,0.0000,0.9519,-0.1592,1.9945,0.0000,enc,0.0000
1786026028.414010,0.1007,0.0,0.0,0.0000,0.0000,0.9519,-0.1592,1.9945,0.0000,enc,0.0000
1786026028.517319,0.1033,0.0,0.0,0.0000,0.0000,0.9519,-0.1592,1.9945,0.0000,enc,0.0000
1786026028.616849,0.0995,0.0,0.0,0.0000,0.0000,0.9519,-0.1592,1.9945,0.0000,enc,0.0000
1786026028.718999,0.1022,0.0,0.0,0.0000,0.0000,0.9519,-0.1592,1.9945,0.0000,enc,0.0000
1786026028.823881,0.1049,0.0,0.0,0.0000,0.0000,0.9519,-0.1592,1.9945,0.0000,enc,0.0000
1786026028.923551,0.0997,0.0,0.0,0.0000,0.0000,0.9519,-0.1592,1.9945,0.0000,enc,0.0000
1786026029.025981,0.1024,0.0,0.0,0.0000,0.0000,0.9519,-0.1592,1.9945,0.0000,enc,0.0000
1786026029.130653,0.1047,0.0,0.0,0.0000,0.0000,0.9519,-0.1592,1.9945,0.0000,enc,0.0000
1786026029.229988,0.0993,0.0,0.0,0.0000,0.0000,0.9519,-0.1592,1.9945,0.0000,enc,0.0000
1786026029.331848,0.1019,0.0,0.0,0.0000,0.0000,0.9519,-0.1592,1.9945,0.0000,enc,0.0000
1786026029.438421,0.1066,0.0,0.0,0.0000,0.0000,0.9519,-0.1592,1.9945,0.0000,enc,0.0000
1786026029.536551,0.0981,0.0,0.0,0.0000,0.0000,0.9519,-0.1592,1.9945,0.0000,enc,0.0000
1786026029.638491,0.1019,0.0,0.0,0.0000,0.0000,0.9519,-0.1592,1.9945,0.0000,enc,0.0000
1786026029.760252,0.1218,0.0,0.0,0.0000,0.0000,0.9519,-0.1592,1.9945,0.0000,enc,0.0000
1786026029.845869,0.0856,0.0,0.0,0.0000,0.0000,0.9519,-0.1592,1.9945,0.0000,enc,0.0000
1786026029.945940,0.1001,0.0,0.0,0.0000,0.0000,0.9519,-0.1592,1.9945,0.0000,enc,0.0000
1786026030.054042,0.1081,0.0,0.0,0.0000,0.0000,0.9519,-0.1592,1.9945,0.0000,enc,0.0000
1786026030.270622,0.2166,0.0,0.0,0.0000,0.0000,0.9519,-0.1592,1.9945,0.0000,enc,0.0000
1786026030.271702,0.0011,0.0,0.0,0.0000,0.0000,0.9519,-0.1592,1.9945,0.0000,enc,0.0000
1786026030.356113,0.0844,0.0,0.0,0.0000,0.0000,0.9519,-0.1592,1.9945,0.0000,enc,0.0000
1786026030.524601,0.1685,0.0,0.0,0.0000,0.0000,0.9519,-0.1592,1.9945,0.0000,enc,0.0000
1786026030.563676,0.0391,0.0,0.0,0.0000,0.0000,0.9519,-0.1592,1.9945,0.0000,enc,0.0000
1786026030.776940,0.2133,0.0,0.0,0.0000,0.0000,0.9519,-0.1592,1.9945,0.0000,enc,0.0000
1786026030.778802,0.0019,0.0,0.0,0.0000,0.0000,0.9519,-0.1592,1.9945,0.0000,enc,0.0000
1786026030.869678,0.0909,0.0,0.0,0.0000,0.0000,0.9519,-0.1592,1.9945,0.0000,enc,0.0000
1786026031.016247,0.1466,0.0,0.0,0.0000,0.0000,0.9519,-0.1592,1.9945,0.0000,enc,0.0000
1786026031.074268,0.0580,0.0,0.0,0.0000,0.0000,0.9519,-0.1592,1.9945,0.0000,enc,0.0000
1786026031.277105,0.2028,0.0,0.0,0.0000,0.0000,0.9519,-0.1592,1.9945,0.0000,enc,0.0000
1786026031.279653,0.0025,0.0,0.0,0.0000,0.0000,0.9519,-0.1592,1.9945,0.0000,enc,0.0000
1786026031.527504,0.2479,0.0,0.0,0.0000,0.0000,0.9519,-0.1592,1.9945,0.0000,enc,0.0000
1786026031.528909,0.0014,0.0,0.0,0.0000,0.0000,0.9519,-0.1592,1.9945,0.0000,enc,0.0000
1786026031.583550,0.0546,0.0,0.0,0.0000,0.0000,0.9519,-0.1592,1.9945,0.0000,enc,0.0000
1786026031.781531,0.1980,0.0,0.0,0.0000,0.0000,0.9519,-0.1592,1.9945,0.0000,enc,0.0000
1786026031.787584,0.0061,0.0,0.0,0.0000,0.0000,0.9519,-0.1592,1.9945,0.0000,enc,0.0000
1786026032.028999,0.2414,0.0,0.0,0.0000,0.0000,0.9519,-0.1592,1.9945,0.0000,enc,0.0000
1786026032.030056,0.0011,0.0,0.0,0.0000,0.0000,0.9519,-0.1592,1.9945,0.0000,enc,0.0000
1786026032.096973,0.0669,0.0,0.0,0.0000,0.0000,0.9519,-0.1592,1.9945,0.0000,enc,0.0000
1786026032.278567,0.1816,0.0,0.0,0.0000,0.0000,0.9519,-0.1592,1.9945,0.0000,enc,0.0000
1786026032.299078,0.0205,0.0,0.0,0.0000,0.0000,0.9519,-0.1592,1.9945,0.0000,enc,0.0000
1786026032.530946,0.2319,0.0,0.0,0.0000,0.0000,0.9519,-0.1592,1.9945,0.0000,enc,0.0000
1786026032.531495,0.0005,0.0,0.0,0.0000,0.0000,0.9519,-0.1592,1.9945,0.0000,enc,0.0000
1786026032.608952,0.0775,0.0,0.0,0.0000,0.0000,0.9519,-0.1592,1.9945,0.0000,enc,0.0000
1786026032.779683,0.1707,0.0,0.0,0.0000,0.0000,0.9519,-0.1592,1.9945,0.0000,enc,0.0000
1786026032.811316,0.0316,0.0,0.0,0.0000,0.0000,0.9519,-0.1592,1.9945,0.0000,enc,0.0000
1786026033.030484,0.2192,0.0,0.0,0.0000,0.0000,0.9519,-0.1592,1.9945,0.0000,enc,0.0000
1786026033.031435,0.0010,0.0,0.0,0.0000,0.0000,0.9519,-0.1592,1.9945,0.0000,enc,0.0000
1786026033.283910,0.2525,0.0,0.0,0.0000,0.0000,0.9519,-0.1592,1.9945,0.0000,enc,0.0000
1786026033.284497,0.0006,0.0,0.0,0.0000,0.0000,0.9519,-0.1592,1.9945,0.0000,enc,0.0000
1786026033.325390,0.0409,0.0,0.0,0.0000,0.0000,0.9519,-0.1592,1.9945,0.0000,enc,0.0000
1786026033.531057,0.2057,0.0,0.0,0.0000,0.0000,0.9519,-0.1592,1.9945,0.0000,enc,0.0000
1786026033.532013,0.0010,0.0,0.0,0.0000,0.0000,0.9519,-0.1592,1.9945,0.0000,enc,0.0000
1786026033.780271,0.2483,0.0,0.0,0.0000,0.0000,0.9519,-0.1592,1.9945,0.0000,enc,0.0000
1786026033.780999,0.0007,0.0,0.0,0.0000,0.0000,0.9519,-0.1592,1.9945,0.0000,enc,0.0000
1786026033.833524,0.0525,0.0,0.0,0.0000,0.0000,0.9519,-0.1592,1.9945,0.0000,enc,0.0000
1786026034.031616,0.1981,0.0,0.0,0.0000,0.0000,0.9519,-0.1592,1.9945,0.0000,enc,0.0000
1786026034.039954,0.0083,0.0,0.0,0.0000,0.0000,0.9519,-0.1592,1.9945,0.0000,enc,0.0000
1786026034.286763,0.2468,0.0,0.0,0.0000,0.0000,0.9519,-0.1592,1.9945,0.0000,enc,0.0000
1786026034.288696,0.0019,0.0,0.0,0.0000,0.0000,0.9519,-0.1592,1.9945,0.0000,enc,0.0000
1786026034.347041,0.0583,0.0,0.0,0.0000,0.0000,0.9519,-0.1592,1.9945,0.0000,enc,0.0000
1786026034.541852,0.1948,0.0,0.0,0.0000,0.0000,0.9519,-0.1592,1.9945,0.0000,enc,0.0000
1786026034.549794,0.0079,0.0,0.0,0.0000,0.0000,0.9519,-0.1592,1.9945,0.0000,enc,0.0000
1786026034.794492,0.2447,0.0,0.0,0.0000,0.0000,0.9519,-0.1592,1.9945,0.0000,enc,0.0000
1786026034.795077,0.0006,0.0,0.0,0.0000,0.0000,0.9519,-0.1592,1.9945,0.0000,enc,0.0000
1786026034.856654,0.0616,0.0,0.0,0.0000,0.0000,0.9519,-0.1592,1.9945,0.0000,enc,0.0000
1786026035.048383,0.1917,0.0,0.0,0.0000,0.0000,0.9519,-0.1592,1.9945,0.0000,enc,0.0000
1786026035.060381,0.0120,0.0,0.0,0.0000,0.0000,0.9519,-0.1592,1.9945,0.0000,enc,0.0000
1786026035.164998,0.1046,0.0,0.0,0.0000,0.0000,0.9519,-0.1592,1.9945,0.0000,enc,0.0000
1786026035.268216,0.1032,0.0,0.0,0.0000,0.0000,0.9519,-0.1592,1.9945,0.0000,enc,0.0000
1786026035.370359,0.1021,0.0,0.0,0.0000,0.0000,0.9519,-0.1592,1.9945,0.0000,enc,0.0000
1786026035.472258,0.1019,0.0,0.0,0.0000,0.0000,0.9519,-0.1592,1.9945,0.0000,enc,0.0000
1786026035.572933,0.1007,0.0,0.0,0.0000,0.0000,0.9519,-0.1592,1.9945,0.0000,enc,0.0000
1786026035.674326,0.1014,0.0,0.0,0.0000,0.0000,0.9519,-0.1592,1.9945,0.0000,enc,0.0000
1786026035.776689,0.1024,0.0,0.0,0.0000,0.0000,0.9519,-0.1592,1.9945,0.0000,enc,0.0000
1786026035.878524,0.1018,0.0,0.0,0.0000,0.0000,0.9519,-0.1592,1.9945,0.0000,enc,0.0000
1786026035.981317,0.1028,0.0,0.0,0.0000,0.0000,0.9519,-0.1592,1.9945,0.0000,enc,0.0000
1786026036.080607,0.0993,0.0,0.0,0.0000,0.0000,0.9519,-0.1592,1.9945,0.0000,enc,0.0000
1786026036.187455,0.1068,0.0,0.0,0.0000,0.0000,0.9519,-0.1592,1.9945,0.0000,enc,0.0000
1786026036.285188,0.0977,0.0,0.0,0.0000,0.0000,0.9519,-0.1592,1.9945,0.0000,enc,0.0000
1786026036.386834,0.1016,0.0,0.0,0.0000,0.0000,0.9519,-0.1592,1.9945,0.0000,enc,0.0000
1786026036.492213,0.1054,0.0,0.0,0.0000,0.0000,0.9519,-0.1592,1.9945,0.0000,enc,0.0000
1786026036.592601,0.1004,0.0,0.0,0.0000,0.0000,0.9519,-0.1592,1.9945,0.0000,enc,0.0000
1786026036.692986,0.1004,0.0,0.0,0.0000,0.0000,0.9519,-0.1592,1.9945,0.0000,enc,0.0000
1786026036.800024,0.1070,0.0,0.0,0.0000,0.0000,0.9519,-0.1592,1.9945,0.0000,enc,0.0000
1786026036.899248,0.0992,0.0,0.0,0.0000,0.0000,0.9519,-0.1592,1.9945,0.0000,enc,0.0000
1786026037.001685,0.1024,0.0,0.0,0.0000,0.0000,0.9519,-0.1592,1.9945,0.0000,enc,0.0000
1786026037.105782,0.1041,0.0,0.0,0.0000,0.0000,0.9519,-0.1592,1.9945,0.0000,enc,0.0000
1786026037.207905,0.1021,0.0,0.0,0.0000,0.0000,0.9519,-0.1592,1.9945,0.0000,enc,0.0000
1786026037.310035,0.1021,0.0,0.0,0.0000,0.0000,0.9519,-0.1592,1.9945,0.0000,enc,0.0000
1786026037.412208,0.1022,0.0,0.0,0.0000,0.0000,0.9519,-0.1592,1.9945,0.0000,enc,0.0000
1786026037.514586,0.1024,0.0,0.0,0.0000,0.0000,0.9519,-0.1592,1.9945,0.0000,enc,0.0000
1786026037.616978,0.1024,0.0,0.0,0.0000,0.0000,0.9519,-0.1592,1.9945,0.0000,enc,0.0000
1786026037.718890,0.1019,0.0,0.0,0.0000,0.0000,0.9519,-0.1592,1.9945,0.0000,enc,0.0000
1786026037.823860,0.1050,0.0,0.0,0.0000,0.0000,0.9519,-0.1592,1.9945,0.0000,enc,0.0000
1786026037.923571,0.0997,0.0,0.0,0.0000,0.0000,0.9519,-0.1592,1.9945,0.0000,enc,0.0000
1786026038.026479,0.1029,0.0,0.0,0.0000,0.0000,0.9519,-0.1592,1.9945,0.0000,enc,0.0000
1786026038.127774,0.1013,0.0,0.0,0.0000,0.0000,0.9519,-0.1592,1.9945,0.0000,enc,0.0000
1786026038.230403,0.1026,0.0,0.0,0.0000,0.0000,0.9519,-0.1592,1.9945,0.0000,enc,0.0000
1786026038.331004,0.1006,0.0,0.0,0.0000,0.0000,0.9519,-0.1592,1.9945,0.0000,enc,0.0000
1786026038.434062,0.1031,0.0,0.0,0.0000,0.0000,0.9519,-0.1592,1.9945,0.0000,enc,0.0000
1786026038.535972,0.1019,0.0,0.0,0.0000,0.0000,0.9519,-0.1592,1.9945,0.0000,enc,0.0000
1786026038.635454,0.0995,0.0,0.0,0.0000,0.0000,0.9519,-0.1592,1.9945,0.0000,enc,0.0000
1786026038.741349,0.1059,0.0,0.0,0.0000,0.0000,0.9519,-0.1592,1.9945,0.0000,enc,0.0000
1786026038.842736,0.1014,0.0,0.0,0.0000,0.0000,0.9519,-0.1592,1.9945,0.0000,enc,0.0000
1786026038.943086,0.1004,0.0,0.0,0.0000,0.0000,0.9519,-0.1592,1.9945,0.0000,enc,0.0000
1786026039.049839,0.1068,0.0,0.0,0.0000,0.0000,0.9519,-0.1592,1.9945,0.0000,enc,0.0000
1786026039.146303,0.0965,0.0,0.0,0.0000,0.0000,0.9519,-0.1592,1.9945,0.0000,enc,0.0000
1786026039.248412,0.1021,0.0,0.0,0.0000,0.0000,0.9519,-0.1592,1.9945,0.0000,enc,0.0000
1786026039.354498,0.1061,0.0,0.0,0.0000,0.0000,0.9519,-0.1592,1.9945,0.0000,enc,0.0000
1786026039.453302,0.0988,0.0,0.0,0.0000,0.0000,0.9519,-0.1592,1.9945,0.0000,enc,0.0000
1786026039.555471,0.1022,0.0,0.0,0.0000,0.0000,0.9519,-0.1592,1.9945,0.0000,enc,0.0000
1786026039.662844,0.1074,0.0,0.0,0.0000,0.0000,0.9519,-0.1592,1.9945,0.0000,enc,0.0000
1786026039.761703,0.0989,0.0,0.0,0.0000,0.0000,0.9519,-0.1592,1.9945,0.0000,enc,0.0000
1786026039.861452,0.0997,0.0,0.0,0.0000,0.0000,0.9519,-0.1592,1.9945,0.0000,enc,0.0000
1786026039.968480,0.1070,0.0,0.0,0.0000,0.0000,0.9519,-0.1592,1.9945,0.0000,enc,0.0000
1786026040.071969,0.1035,0.0,0.0,0.0000,0.0000,0.9519,-0.1592,1.9945,0.0000,enc,0.0000
1786026040.170490,0.0985,0.0,0.0,0.0000,0.0000,0.9519,-0.1592,1.9945,0.0000,enc,0.0000
1786026040.272503,0.1020,0.0,0.0,0.0000,0.0000,0.9519,-0.1592,1.9945,0.0000,enc,0.0000
1786026040.374045,0.1015,0.0,0.0,0.0000,0.0000,0.9519,-0.1592,1.9945,0.0000,enc,0.0000
1786026040.476674,0.1026,0.0,0.0,0.0000,0.0000,0.9519,-0.1592,1.9945,0.0000,enc,0.0000
1786026040.578238,0.1016,0.0,0.0,0.0000,0.0000,0.9519,-0.1592,1.9945,0.0000,enc,0.0000
1786026040.681809,0.1036,0.0,0.0,0.0000,0.0000,0.9519,-0.1592,1.9945,0.0000,enc,0.0000
1786026040.782926,0.1011,0.0,0.0,0.0000,0.0000,0.9519,-0.1592,1.9945,0.0000,enc,0.0000
1786026040.885343,0.1024,0.0,0.0,0.0000,0.0000,0.9519,-0.1592,1.9945,0.0000,enc,0.0000
1786026040.987953,0.1026,0.0,0.0,0.0000,0.0000,0.9519,-0.1592,1.9945,0.0000,enc,0.0000
1786026041.089557,0.1016,0.0,0.0,0.0000,0.0000,0.9519,-0.1592,1.9945,0.0000,enc,0.0000
1786026041.189512,0.1000,0.0,0.0,0.0000,0.0000,0.9519,-0.1592,1.9945,0.0000,enc,0.0000
1786026041.294125,0.1046,0.0,0.0,0.0000,0.0000,0.9519,-0.1592,1.9945,0.0000,enc,0.0000
1786026041.392351,0.0982,0.0,0.0,0.0000,0.0000,0.9519,-0.1592,1.9945,0.0000,enc,0.0000
1786026041.495644,0.1033,0.0,0.0,0.0000,0.0000,0.9519,-0.1592,1.9945,0.0000,enc,0.0000
1786026041.601380,0.1057,0.0,0.0,0.0000,0.0000,0.9519,-0.1592,1.9945,0.0000,enc,0.0000
1786026041.698759,0.0974,0.0,0.0,0.0000,0.0000,0.9519,-0.1592,1.9945,0.0000,enc,0.0000
1786026041.802142,0.1034,0.0,0.0,0.0000,0.0000,0.9519,-0.1592,1.9945,0.0000,enc,0.0000
1786026041.906447,0.1043,0.0,0.0,0.0000,0.0000,0.9519,-0.1592,1.9945,0.0000,enc,0.0000
1786026042.006806,0.1004,0.0,0.0,0.0000,0.0000,0.9519,-0.1592,1.9945,0.0000,enc,0.0000
1786026042.109514,0.1027,0.0,0.0,0.0000,0.0000,0.9519,-0.1592,1.9945,0.0000,enc,0.0000
1786026042.216025,0.1065,0.0,0.0,0.0000,0.0000,0.9519,-0.1592,1.9945,0.0000,enc,0.0000
1786026042.313781,0.0978,0.0,0.0,0.0000,0.0000,0.9519,-0.1592,1.9945,0.0000,enc,0.0000
1786026042.416989,0.1032,0.0,0.0,0.0000,0.0000,0.9519,-0.1592,1.9945,0.0000,enc,0.0000
1786026042.522002,0.1050,0.0,0.0,0.0000,0.0000,0.9519,-0.1592,1.9945,0.0000,enc,0.0000
1786026042.621929,0.0999,0.0,0.0,0.0000,0.0000,0.9519,-0.1592,1.9945,0.0000,enc,0.0000
1786026042.726173,0.1042,0.0,0.0,0.0000,0.0000,0.9519,-0.1592,1.9945,0.0000,enc,0.0000
1786026042.826568,0.1004,0.0,0.0,0.0000,0.0000,0.9519,-0.1592,1.9945,0.0000,enc,0.0000
1786026042.930084,0.1035,0.0,0.0,0.0000,0.0000,0.9519,-0.1592,1.9945,0.0000,enc,0.0000
1786026043.034950,0.1049,0.0,0.0,0.0000,0.0000,0.9519,-0.1592,1.9945,0.0000,enc,0.0000
1786026043.135686,0.1007,0.0,0.0,0.0000,0.0000,0.9519,-0.1592,1.9945,0.0000,enc,0.0000
1786026043.236498,0.1008,0.0,0.0,0.0000,0.0000,0.9519,-0.1592,1.9945,0.0000,enc,0.0000
1786026043.339849,0.1034,0.0,0.0,0.0000,0.0000,0.9519,-0.1592,1.9945,0.0000,enc,0.0000
1786026043.441749,0.1019,0.0,0.0,0.0000,0.0000,0.9519,-0.1592,1.9945,0.0000,enc,0.0000
1786026043.543793,0.1020,0.0,0.0,0.0000,0.0000,0.9519,-0.1592,1.9945,0.0000,enc,0.0000
1786026043.645862,0.1021,0.0,0.0,0.0000,0.0000,0.9519,-0.1592,1.9945,0.0000,enc,0.0000
1786026043.746439,0.1006,0.0,0.0,0.0000,0.0000,0.9519,-0.1592,1.9945,0.0000,enc,0.0000
1786026043.849878,0.1034,0.0,0.0,0.0000,0.0000,0.9519,-0.1592,1.9945,0.0000,enc,0.0000
1786026043.950937,0.1011,0.0,0.0,0.0000,0.0000,0.9519,-0.1592,1.9945,0.0000,enc,0.0000
1786026044.051144,0.1002,0.0,0.0,0.0000,0.0000,0.9519,-0.1592,1.9945,0.0000,enc,0.0000
1786026044.157963,0.1068,0.0,0.0,0.0000,0.0000,0.9519,-0.1592,1.9945,0.0000,enc,0.0000
1786026044.256247,0.0983,0.0,0.0,0.0000,0.0000,0.9519,-0.1592,1.9945,0.0000,enc,0.0000
1786026044.357409,0.1012,0.0,0.0,0.0000,0.0000,0.9519,-0.1592,1.9945,0.0000,enc,0.0000
1786026044.463030,0.1056,0.0,0.0,0.0000,0.0000,0.9519,-0.1592,1.9945,0.0000,enc,0.0000
1786026044.561594,0.0986,0.0,0.0,0.0000,0.0000,0.9519,-0.1592,1.9945,0.0000,enc,0.0000
1786026044.665336,0.1037,0.0,0.0,0.0000,0.0000,0.9519,-0.1592,1.9945,0.0000,enc,0.0000
1786026044.769854,0.1045,0.0,0.0,0.0000,0.0000,0.9519,-0.1592,1.9945,0.0000,enc,0.0000
1786026044.868557,0.0987,0.0,0.0,0.0000,0.0000,0.9519,-0.1592,1.9945,0.0000,enc,0.0000
1786026044.970961,0.1024,0.0,0.0,0.0000,0.0000,0.9519,-0.1592,1.9945,0.0000,enc,0.0000
1786026045.075715,0.1048,0.0,0.0,0.0000,0.0000,0.9519,-0.1592,1.9945,0.0000,enc,0.0000
1786026045.256359,0.1806,0.0,0.0,0.0000,0.0000,0.9519,-0.1592,1.9945,0.0000,enc,0.0000
1786026045.277402,0.0210,0.0,0.0,0.0000,0.0000,0.9519,-0.1592,1.9945,0.0000,enc,0.0000
1786026045.500152,0.2227,0.0,0.0,0.0000,0.0000,0.9519,-0.1592,1.9945,0.0000,enc,0.0000
1786026045.500745,0.0006,0.0,0.0,0.0000,0.0000,0.9519,-0.1592,1.9945,0.0000,enc,0.0000
1786026045.587262,0.0865,0.0,0.0,0.0000,0.0000,0.9519,-0.1592,1.9945,0.0000,enc,0.0000
1786026045.735693,0.1484,0.0,0.0,0.0000,0.0000,0.9519,-0.1592,1.9945,0.0000,enc,0.0000
1786026045.789843,0.0541,0.0,0.0,0.0000,0.0000,0.9519,-0.1592,1.9945,0.0000,enc,0.0000
1786026045.989648,0.1998,0.0,0.0,0.0000,0.0000,0.9519,-0.1592,1.9945,0.0000,enc,0.0000
1786026045.995041,0.0054,0.0,0.0,0.0000,0.0000,0.9519,-0.1592,1.9945,0.0000,enc,0.0000
1786026046.233761,0.2387,0.0,0.0,0.0000,0.0000,0.9519,-0.1592,1.9945,0.0000,enc,0.0000
1786026046.235299,0.0015,0.0,0.0,0.0000,0.0000,0.9519,-0.1592,1.9945,0.0000,enc,0.0000
1786026046.299788,0.0645,0.0,0.0,0.0000,0.0000,0.9519,-0.1592,1.9945,0.0000,enc,0.0000
1786026046.491843,0.1921,0.0,0.0,0.0000,0.0000,0.9519,-0.1592,1.9945,0.0000,enc,0.0000
1786026046.504025,0.0122,0.0,0.0,0.0000,0.0000,0.9519,-0.1592,1.9945,0.0000,enc,0.0000
1786026046.739806,0.2358,0.0,0.0,0.0000,0.0000,0.9519,-0.1592,1.9945,0.0000,enc,0.0000
1786026046.739962,0.0002,0.0,0.0,0.0000,0.0000,0.9519,-0.1592,1.9945,0.0000,enc,0.0000
1786026046.810946,0.0710,0.0,0.0,0.0000,0.0000,0.9519,-0.1592,1.9945,0.0000,enc,0.0000
1786026046.988290,0.1773,0.0,0.0,0.0000,0.0000,0.9519,-0.1592,1.9945,0.0000,enc,0.0000
1786026047.014809,0.0265,0.0,0.0,0.0000,0.0000,0.9519,-0.1592,1.9945,0.0000,enc,0.0000
1786026047.240732,0.2259,0.0,0.0,0.0000,0.0000,0.9519,-0.1592,1.9945,0.0000,enc,0.0000
1786026047.241635,0.0009,0.0,0.0,0.0000,0.0000,0.9519,-0.1592,1.9945,0.0000,enc,0.0000
1786026047.324394,0.0828,0.0,0.0,0.0000,0.0000,0.9519,-0.1592,1.9945,0.0000,enc,0.0000
1786026047.490681,0.1663,0.0,0.0,0.0000,0.0000,0.9519,-0.1592,1.9945,0.0000,enc,0.0000
1786026047.526115,0.0354,0.0,0.0,0.0000,0.0000,0.9519,-0.1592,1.9945,0.0000,enc,0.0000
1786026047.739352,0.2132,0.0,0.0,0.0000,0.0000,0.9519,-0.1592,1.9945,0.0000,enc,0.0000
1786026047.741184,0.0018,0.0,0.0,0.0000,0.0000,0.9519,-0.1592,1.9945,0.0000,enc,0.0000
1786026047.834701,0.0935,0.0,0.0,0.0000,0.0000,0.9519,-0.1592,1.9945,0.0000,enc,0.0000
1786026047.987452,0.1528,0.0,0.0,0.0000,0.0000,0.9519,-0.1592,1.9945,0.0000,enc,0.0000
1786026048.039922,0.0525,0.0,0.0,0.0000,0.0000,0.9519,-0.1592,1.9945,0.0000,enc,0.0000
1786026048.239045,0.1991,0.0,0.0,0.0000,0.0000,0.9519,-0.1592,1.9945,0.0000,enc,0.0000
1786026048.243804,0.0048,0.0,0.0,0.0000,0.0000,0.9519,-0.1592,1.9945,0.0000,enc,0.0000
1786026048.488722,0.2449,0.0,0.0,0.0000,0.0000,0.9519,-0.1592,1.9945,0.0000,enc,0.0000
1786026048.489576,0.0009,0.0,0.0,0.0000,0.0000,0.9519,-0.1592,1.9945,0.0000,enc,0.0000
1786026048.551044,0.0615,0.0,0.0,0.0000,0.0000,0.9519,-0.1592,1.9945,0.0000,enc,0.0000
1786026048.739507,0.1885,0.0,0.0,0.0000,0.0000,0.9519,-0.1592,1.9945,0.0000,enc,0.0000
1786026048.751898,0.0124,0.0,0.0,0.0000,0.0000,0.9519,-0.1592,1.9945,0.0000,enc,0.0000
1786026048.990644,0.2387,0.0,0.0,0.0000,0.0000,0.9519,-0.1592,1.9945,0.0000,enc,0.0000
1786026048.990686,0.0000,0.0,0.0,0.0000,0.0000,0.9519,-0.1592,1.9945,0.0000,enc,0.0000
1786026049.057948,0.0673,0.0,0.0,0.0000,0.0000,0.9519,-0.1592,1.9945,0.0000,enc,0.0000
1786026049.243391,0.1854,0.0,0.0,0.0000,0.0000,0.9519,-0.1592,1.9945,0.0000,enc,0.0000
1786026049.261792,0.0184,0.0,0.0,0.0000,0.0000,0.9519,-0.1592,1.9945,0.0000,enc,0.0000
1786026049.499694,0.2379,0.0,0.0,0.0000,0.0000,0.9519,-0.1592,1.9945,0.0000,enc,0.0000
1786026049.499865,0.0002,0.0,0.0,0.0000,0.0000,0.9519,-0.1592,1.9945,0.0000,enc,0.0000
1786026049.571664,0.0718,0.0,0.0,0.0000,0.0000,0.9519,-0.1592,1.9945,0.0000,enc,0.0000
1786026049.752069,0.1804,0.0,0.0,0.0000,0.0000,0.9519,-0.1592,1.9945,0.0000,enc,0.0000
1786026049.772575,0.0205,0.0,0.0,0.0000,0.0000,0.9519,-0.1592,1.9945,0.0000,enc,0.0000
1786026050.005884,0.2333,0.0,0.0,0.0000,0.0000,0.9519,-0.1592,1.9945,0.0000,enc,0.0000
1786026050.007720,0.0018,0.0,0.0,0.0000,0.0000,0.9519,-0.1592,1.9945,0.0000,enc,0.0000
1786026050.078864,0.0711,0.0,0.0,0.0000,0.0000,0.9519,-0.1592,1.9945,0.0000,enc,0.0000
1786026050.184507,0.1056,0.0,0.0,0.0000,0.0000,0.9519,-0.1592,1.9945,0.0000,enc,0.0000
1786026050.285945,0.1014,0.0,0.0,0.0000,0.0000,0.9519,-0.1592,1.9945,0.0000,enc,0.0000
1786026050.388483,0.1025,0.0,0.0,0.0000,0.0000,0.9519,-0.1592,1.9945,0.0000,enc,0.0000
1786026050.490311,0.1018,0.0,0.0,0.0000,0.0000,0.9519,-0.1592,1.9945,0.0000,enc,0.0000
1786026050.592274,0.1020,0.0,0.0,0.0000,0.0000,0.9519,-0.1592,1.9945,0.0000,enc,0.0000
1786026050.695785,0.1035,0.0,0.0,0.0000,0.0000,0.9519,-0.1592,1.9945,0.0000,enc,0.0000
1786026050.797268,0.1015,0.0,0.0,0.0000,0.0000,0.9519,-0.1592,1.9945,0.0000,enc,0.0000
1786026050.897267,0.1000,0.0,0.0,0.0000,0.0000,0.9519,-0.1592,1.9945,0.0000,enc,0.0000
1786026051.022582,0.1253,0.0,0.0,0.0000,0.0000,0.9519,-0.1592,1.9945,0.0000,enc,0.0000
1786026051.103209,0.0806,0.0,0.0,0.0000,0.0000,0.9519,-0.1592,1.9945,0.0000,enc,0.0000
1786026051.228981,0.1258,0.0,0.0,0.0000,0.0000,0.9519,-0.1592,1.9945,0.0000,enc,0.0000
1786026051.316707,0.0877,0.0,0.0,0.0000,0.0000,0.9519,-0.1592,1.9945,0.0000,enc,0.0000
1786026051.409340,0.0926,0.0,0.0,0.0000,0.0000,0.9519,-0.1592,1.9945,0.0000,enc,0.0000
1786026051.535013,0.1257,0.0,0.0,0.0000,0.0000,0.9519,-0.1592,1.9945,0.0000,enc,0.0000
1786026051.615058,0.0800,0.0,0.0,0.0000,0.0000,0.9519,-0.1592,1.9945,0.0000,enc,0.0000
1786026051.715901,0.1008,0.0,0.0,0.0000,0.0000,0.9519,-0.1592,1.9945,0.0000,enc,0.0000
1786026051.817974,0.1021,0.0,0.0,0.0000,0.0000,0.9519,-0.1592,1.9945,0.0000,enc,0.0000
1786026051.920273,0.1023,0.0,0.0,0.0000,0.0000,0.9519,-0.1592,1.9945,0.0000,enc,0.0000
1786026052.022103,0.1018,0.0,0.0,0.0000,0.0000,0.9519,-0.1592,1.9945,0.0000,enc,0.0000
1786026052.125469,0.1034,0.0,0.0,0.0000,0.0000,0.9519,-0.1592,1.9945,0.0000,enc,0.0000
1786026052.229771,0.1043,0.0,0.0,0.0000,0.0000,0.9519,-0.1592,1.9945,0.0000,enc,0.0000
1786026052.325728,0.0960,0.0,0.0,0.0000,0.0000,0.9519,-0.1592,1.9945,0.0000,enc,0.0000
1786026052.433955,0.1082,0.0,0.0,0.0000,0.0000,0.9519,-0.1592,1.9945,0.0000,enc,0.0000
1786026052.535060,0.1011,0.0,0.0,0.0000,0.0000,0.9519,-0.1592,1.9945,0.0000,enc,0.0000
1786026052.637320,0.1023,0.0,0.0,0.0000,0.0000,0.9519,-0.1592,1.9945,0.0000,enc,0.0000
1786026052.739097,0.1018,0.0,0.0,0.0000,0.0000,0.9519,-0.1592,1.9945,0.0000,enc,0.0000
1786026052.842667,0.1036,0.0,0.0,0.0000,0.0000,0.9519,-0.1592,1.9945,0.0000,enc,0.0000
1786026052.947133,0.1045,0.0,0.0,0.0000,0.0000,0.9519,-0.1592,1.9945,0.0000,enc,0.0000
1786026053.045290,0.0982,0.0,0.0,0.0000,0.0000,0.9519,-0.1592,1.9945,0.0000,enc,0.0000
1786026053.149131,0.1038,0.0,0.0,0.0000,0.0000,0.9519,-0.1592,1.9945,0.0000,enc,0.0000
1786026053.250370,0.1012,0.0,0.0,0.0000,0.0000,0.9519,-0.1592,1.9945,0.0000,enc,0.0000
1786026053.353447,0.1031,0.0,0.0,0.0000,0.0000,0.9519,-0.1592,1.9945,0.0000,enc,0.0000
1786026053.455076,0.1016,0.0,0.0,0.0000,0.0000,0.9519,-0.1592,1.9945,0.0000,enc,0.0000
1786026053.559329,0.1043,0.0,0.0,0.0000,0.0000,0.9519,-0.1592,1.9945,0.0000,enc,0.0000
1786026053.660829,0.1015,0.0,0.0,0.0000,0.0000,0.9519,-0.1592,1.9945,0.0000,enc,0.0000
1786026053.762585,0.1018,0.0,0.0,0.0000,0.0000,0.9519,-0.1592,1.9945,0.0000,enc,0.0000
1786026053.865542,0.1030,0.0,0.0,0.0000,0.0000,0.9519,-0.1592,1.9945,0.0000,enc,0.0000
1786026053.968656,0.1031,0.0,0.0,0.0000,0.0000,0.9519,-0.1592,1.9945,0.0000,enc,0.0000
1786026054.069916,0.1013,0.0,0.0,0.0000,0.0000,0.9519,-0.1592,1.9945,0.0000,enc,0.0000
1786026054.167323,0.0974,0.0,0.0,0.0000,0.0000,0.9519,-0.1592,1.9945,0.0000,enc,0.0000
1786026054.266949,0.0996,0.0,0.0,0.0000,0.0000,0.9519,-0.1592,1.9945,0.0000,enc,0.0000
1786026054.370032,0.1031,0.0,0.0,0.0000,0.0000,0.9519,-0.1592,1.9945,0.0000,enc,0.0000
1786026054.472599,0.1026,0.0,0.0,0.0000,0.0000,0.9519,-0.1592,1.9945,0.0000,enc,0.0000
1786026054.573283,0.1007,0.0,0.0,0.0000,0.0000,0.9519,-0.1592,1.9945,0.0000,enc,0.0000
1786026054.678903,0.1056,0.0,0.0,0.0000,0.0000,0.9519,-0.1592,1.9945,0.0000,enc,0.0000
1786026054.778052,0.0991,0.0,0.0,0.0000,0.0000,0.9519,-0.1592,1.9945,0.0000,enc,0.0000
1786026054.880770,0.1027,0.0,0.0,0.0000,0.0000,0.9519,-0.1592,1.9945,0.0000,enc,0.0000
1786026054.986823,0.1061,0.0,0.0,0.0000,0.0000,0.9519,-0.1592,1.9945,0.0000,enc,0.0000
1786026055.084126,0.0973,0.0,0.0,0.0000,0.0000,0.9519,-0.1592,1.9945,0.0000,enc,0.0000
1786026055.187799,0.1037,0.0,0.0,0.0000,0.0000,0.9519,-0.1592,1.9945,0.0000,enc,0.0000
1786026055.292033,0.1042,0.0,0.0,0.0000,0.0000,0.9519,-0.1592,1.9945,0.0000,enc,0.0000
1786026055.394188,0.1022,0.0,0.0,0.0000,0.0000,0.9519,-0.1592,1.9945,0.0000,enc,0.0000
1786026055.492720,0.0985,0.0,0.0,0.0000,0.0000,0.9519,-0.1592,1.9945,0.0000,enc,0.0000
1786026055.598927,0.1062,0.0,0.0,0.0000,0.0000,0.9519,-0.1592,1.9945,0.0000,enc,0.0000
1786026055.699925,0.1010,0.0,0.0,0.0000,0.0000,0.9519,-0.1592,1.9945,0.0000,enc,0.0000
1786026055.804072,0.1041,0.0,0.0,0.0000,0.0000,0.9519,-0.1592,1.9945,0.0000,enc,0.0000
1786026055.906413,0.1023,0.0,0.0,0.0000,0.0000,0.9519,-0.1592,1.9945,0.0000,enc,0.0000
1786026056.006299,0.0999,0.0,0.0,0.0000,0.0000,0.9519,-0.1592,1.9945,0.0000,enc,0.0000
1786026056.109560,0.1033,0.0,0.0,0.0000,0.0000,0.9519,-0.1592,1.9945,0.0000,enc,0.0000
1786026056.211896,0.1023,0.0,0.0,0.0000,0.0000,0.9519,-0.1592,1.9945,0.0000,enc,0.0000
1786026056.314833,0.1029,0.0,0.0,0.0000,0.0000,0.9519,-0.1592,1.9945,0.0000,enc,0.0000
1786026056.416888,0.1021,0.0,0.0,0.0000,0.0000,0.9519,-0.1592,1.9945,0.0000,enc,0.0000
1786026056.519358,0.1025,0.0,0.0,0.0000,0.0000,0.9519,-0.1592,1.9945,0.0000,enc,0.0000
1786026056.622901,0.1035,0.0,0.0,0.0000,0.0000,0.9519,-0.1592,1.9945,0.0000,enc,0.0000
1786026056.723567,0.1007,0.0,0.0,0.0000,0.0000,0.9519,-0.1592,1.9945,0.0000,enc,0.0000
1786026056.821050,0.0975,0.0,0.0,0.0000,0.0000,0.9519,-0.1592,1.9945,0.0000,enc,0.0000
1786026056.945690,0.1246,0.0,0.0,0.0000,0.0000,0.9519,-0.1592,1.9945,0.0000,enc,0.0000
1786026057.028365,0.0827,0.0,0.0,0.0000,0.0000,0.9519,-0.1592,1.9945,0.0000,enc,0.0000
1786026057.133155,0.1048,0.0,0.0,0.0000,0.0000,0.9519,-0.1592,1.9945,0.0000,enc,0.0000
1786026057.233974,0.1008,0.0,0.0,0.0000,0.0000,0.9519,-0.1592,1.9945,0.0000,enc,0.0000
1786026057.343258,0.1093,0.0,0.0,0.0000,0.0000,0.9519,-0.1592,1.9945,0.0000,enc,0.0000
1786026057.435895,0.0926,0.0,0.0,0.0000,0.0000,0.9519,-0.1592,1.9945,0.0000,enc,0.0000
1786026057.542580,0.1067,0.0,0.0,0.0000,0.0000,0.9519,-0.1592,1.9945,0.0000,enc,0.0000
1786026057.641993,0.0994,0.0,0.0,0.0000,0.0000,0.9519,-0.1592,1.9945,0.0000,enc,0.0000
1786026057.742198,0.1002,0.0,0.0,0.0000,0.0000,0.9519,-0.1592,1.9945,0.0000,enc,0.0000
1786026057.852293,0.1101,0.0,0.0,0.0000,0.0000,0.9519,-0.1592,1.9945,0.0000,enc,0.0000
1786026057.947402,0.0951,0.0,0.0,0.0000,0.0000,0.9519,-0.1592,1.9945,0.0000,enc,0.0000
1786026058.051923,0.1045,0.0,0.0,0.0000,0.0000,0.9519,-0.1592,1.9945,0.0000,enc,0.0000
1786026058.156676,0.1048,0.0,0.0,0.0000,0.0000,0.9519,-0.1592,1.9945,0.0000,enc,0.0000
1786026058.257411,0.1007,0.0,0.0,0.0000,0.0000,0.9519,-0.1592,1.9945,0.0000,enc,0.0000
1786026058.361573,0.1042,0.0,0.0,0.0000,0.0000,0.9519,-0.1592,1.9945,0.0000,enc,0.0000
1786026058.461139,0.0996,0.0,0.0,0.0000,0.0000,0.9519,-0.1592,1.9945,0.0000,enc,0.0000
1786026058.565915,0.1048,0.0,0.0,0.0000,0.0000,0.9519,-0.1592,1.9945,0.0000,enc,0.0000
1786026058.665088,0.0992,0.0,0.0,0.0000,0.0000,0.9519,-0.1592,1.9945,0.0000,enc,0.0000
1786026058.774487,0.1094,0.0,0.0,0.0000,0.0000,0.9519,-0.1592,1.9945,0.0000,enc,0.0000
1786026058.882870,0.1084,0.0,0.0,0.0000,0.0000,0.9519,-0.1592,1.9945,0.0000,enc,0.0000
1786026058.981650,0.0988,0.0,0.0,0.0000,0.0000,0.9519,-0.1592,1.9945,0.0000,enc,0.0000
1786026059.087985,0.1063,0.0,0.0,0.0000,0.0000,0.9519,-0.1592,1.9945,0.0000,enc,0.0000
1786026059.176142,0.0882,0.0,0.0,0.0000,0.0000,0.9519,-0.1592,1.9945,0.0000,enc,0.0000
1786026059.284352,0.1082,0.0,0.0,0.0000,0.0000,0.9519,-0.1592,1.9945,0.0000,enc,0.0000
1786026059.376950,0.0926,0.0,0.0,0.0000,0.0000,0.9519,-0.1592,1.9945,0.0000,enc,0.0000
1786026059.486966,0.1100,0.0,0.0,0.0000,0.0000,0.9519,-0.1592,1.9945,0.0000,enc,0.0000
1786026059.582797,0.0958,0.0,0.0,0.0000,0.0000,0.9519,-0.1592,1.9945,0.0000,enc,0.0000
1786026059.683992,0.1012,0.0,0.0,0.0000,0.0000,0.9519,-0.1592,1.9945,0.0000,enc,0.0000
1786026059.791893,0.1079,0.0,0.0,0.0000,0.0000,0.9519,-0.1592,1.9945,0.0000,enc,0.0000
1786026059.893032,0.1011,0.0,0.0,0.0000,0.0000,0.9519,-0.1592,1.9945,0.0000,enc,0.0000
1786026059.990492,0.0975,0.0,0.0,0.0000,0.0000,0.9519,-0.1592,1.9945,0.0000,enc,0.0000
1786026060.098606,0.1081,0.0,0.0,0.0000,0.0000,0.9519,-0.1592,1.9945,0.0000,enc,0.0000
1786026060.253598,0.1550,0.0,0.0,0.0000,0.0000,0.9519,-0.1592,1.9945,0.0000,enc,0.0000
1786026060.297937,0.0443,0.0,0.0,0.0000,0.0000,0.9519,-0.1592,1.9945,0.0000,enc,0.0000
1786026060.503787,0.2058,0.0,0.0,0.0000,0.0000,0.9519,-0.1592,1.9945,0.0000,enc,0.0000
1786026060.504706,0.0009,0.0,0.0,0.0000,0.0000,0.9519,-0.1592,1.9945,0.0000,enc,0.0000
1786026060.750214,0.2455,0.0,0.0,0.0000,0.0000,0.9519,-0.1592,1.9945,0.0000,enc,0.0000
1786026060.750417,0.0002,0.0,0.0,0.0000,0.0000,0.9519,-0.1592,1.9945,0.0000,enc,0.0000
1786026060.809264,0.0588,0.0,0.0,0.0000,0.0000,0.9519,-0.1592,1.9945,0.0000,enc,0.0000
1786026060.997052,0.1878,0.0,0.0,0.0000,0.0000,0.9519,-0.1592,1.9945,0.0000,enc,0.0000
1786026061.013824,0.0168,0.0,0.0,0.0000,0.0000,0.9519,-0.1592,1.9945,0.0000,enc,0.0000
1786026061.248120,0.2343,0.0,0.0,0.0000,0.0000,0.9519,-0.1592,1.9945,0.0000,enc,0.0000
1786026061.248189,0.0001,0.0,0.0,0.0000,0.0000,0.9519,-0.1592,1.9945,0.0000,enc,0.0000
1786026061.320991,0.0728,0.0,0.0,0.0000,0.0000,0.9519,-0.1592,1.9945,0.0000,enc,0.0000
1786026061.517886,0.1969,0.0,0.0,0.0000,0.0000,0.9519,-0.1592,1.9945,0.0000,enc,0.0000
1786026061.526296,0.0084,0.0,0.0,0.0000,0.0000,0.9519,-0.1592,1.9945,0.0000,enc,0.0000
1786026061.769786,0.2435,0.0,0.0,0.0000,0.0000,0.9519,-0.1592,1.9945,0.0000,enc,0.0000
1786026061.769840,0.0001,0.0,0.0,0.0000,0.0000,0.9519,-0.1592,1.9945,0.0000,enc,0.0000
1786026061.839472,0.0696,0.0,0.0,0.0000,0.0000,0.9519,-0.1592,1.9945,0.0000,enc,0.0000
1786026062.007839,0.1684,0.0,0.0,0.0000,0.0000,0.9519,-0.1592,1.9945,0.0000,enc,0.0000
1786026062.033170,0.0253,0.0,0.0,0.0000,0.0000,0.9519,-0.1592,1.9945,0.0000,enc,0.0000
1786026062.279914,0.2467,0.0,0.0,0.0000,0.0000,0.9519,-0.1592,1.9945,0.0000,enc,0.0000
1786026062.280722,0.0008,0.0,0.0,0.0000,0.0000,0.9519,-0.1592,1.9945,0.0000,enc,0.0000
1786026062.348466,0.0677,0.0,0.0,0.0000,0.0000,0.9519,-0.1592,1.9945,0.0000,enc,0.0000
1786026062.509881,0.1614,0.0,0.0,0.0000,0.0000,0.9519,-0.1592,1.9945,0.0000,enc,0.0000
1786026062.543995,0.0341,0.0,0.0,0.0000,0.0000,0.9519,-0.1592,1.9945,0.0000,enc,0.0000
1786026062.774588,0.2306,0.0,0.0,0.0000,0.0000,0.9519,-0.1592,1.9945,0.0000,enc,0.0000
1786026062.774660,0.0001,0.0,0.0,0.0000,0.0000,0.9519,-0.1592,1.9945,0.0000,enc,0.0000
1786026063.026834,0.2522,0.0,0.0,0.0000,0.0000,0.9519,-0.1592,1.9945,0.0000,enc,0.0000
1786026063.035806,0.0090,0.0,0.0,0.0000,0.0000,0.9519,-0.1592,1.9945,0.0000,enc,0.0000
1786026063.057997,0.0222,0.0,0.0,0.0000,0.0000,0.9519,-0.1592,1.9945,0.0000,enc,0.0000
1786026063.261716,0.2037,0.0,0.0,0.0000,0.0000,0.9519,-0.1592,1.9945,0.0000,enc,0.0000
1786026063.266331,0.0046,0.0,0.0,0.0000,0.0000,0.9519,-0.1592,1.9945,0.0000,enc,0.0000
1786026063.520478,0.2541,0.0,0.0,0.0000,0.0000,0.9519,-0.1592,1.9945,0.0000,enc,0.0000
1786026063.520885,0.0004,0.0,0.0,0.0000,0.0000,0.9519,-0.1592,1.9945,0.0000,enc,0.0000
1786026063.577002,0.0561,0.0,0.0,0.0000,0.0000,0.9519,-0.1592,1.9945,0.0000,enc,0.0000
1786026063.763777,0.1868,0.0,0.0,0.0000,0.0000,0.9519,-0.1592,1.9945,0.0000,enc,0.0000
1786026063.789294,0.0255,0.0,0.0,0.0000,0.0000,0.9519,-0.1592,1.9945,0.0000,enc,0.0000
1786026064.033397,0.2441,0.0,0.0,0.0000,0.0000,0.9519,-0.1592,1.9945,0.0000,enc,0.0000
1786026064.037801,0.0044,0.0,0.0,0.0000,0.0000,0.9519,-0.1592,1.9945,0.0000,enc,0.0000
1786026064.094937,0.0571,0.0,0.0,0.0000,0.0000,0.9519,-0.1592,1.9945,0.0000,enc,0.0000
1786026064.270026,0.1751,0.0,0.0,0.0000,0.0000,0.9519,-0.1592,1.9945,0.0000,enc,0.0000
1786026064.296354,0.0263,0.0,0.0,0.0000,0.0000,0.9519,-0.1592,1.9945,0.0000,enc,0.0000
1786026064.527522,0.2312,0.0,0.0,0.0000,0.0000,0.9519,-0.1592,1.9945,0.0000,enc,0.0000
1786026064.530387,0.0029,0.0,0.0,0.0000,0.0000,0.9519,-0.1592,1.9945,0.0000,enc,0.0000
1786026064.589862,0.0595,0.0,0.0,0.0000,0.0000,0.9519,-0.1592,1.9945,0.0000,enc,0.0000
1786026064.772610,0.1827,0.0,0.0,0.0000,0.0000,0.9519,-0.1592,1.9945,0.0000,enc,0.0000
1786026064.791050,0.0184,0.0,0.0,0.0000,0.0000,0.9519,-0.1592,1.9945,0.0000,enc,0.0000
1786026065.026915,0.2359,0.0,0.0,0.0000,0.0000,0.9519,-0.1592,1.9945,0.0000,enc,0.0000
1786026065.026962,0.0000,0.0,0.0,0.0000,0.0000,0.9519,-0.1592,1.9945,0.0000,enc,0.0000
1786026065.102705,0.0757,0.0,0.0,0.0000,0.0000,0.9519,-0.1592,1.9945,0.0000,enc,0.0000
1786026065.232208,0.1295,0.0,0.0,0.0000,0.0000,0.9519,-0.1592,1.9945,0.0000,enc,0.0000
1786026065.306842,0.0746,0.0,0.0,0.0000,0.0000,0.9519,-0.1592,1.9945,0.0000,enc,0.0000
1786026065.406701,0.0999,0.0,0.0,0.0000,0.0000,0.9519,-0.1592,1.9945,0.0000,enc,0.0000
1786026065.522971,0.1163,0.0,0.0,0.0000,0.0000,0.9519,-0.1592,1.9945,0.0000,enc,0.0000
1786026065.636302,0.1133,0.0,0.0,0.0000,0.0000,0.9519,-0.1592,1.9945,0.0000,enc,0.0000
1786026065.710372,0.0741,0.0,0.0,0.0000,0.0000,0.9519,-0.1592,1.9945,0.0000,enc,0.0000
1786026065.821865,0.1115,0.0,0.0,0.0000,0.0000,0.9519,-0.1592,1.9945,0.0000,enc,0.0000
1786026065.925813,0.1039,0.0,0.0,0.0000,0.0000,0.9519,-0.1592,1.9945,0.0000,enc,0.0000
1786026066.023092,0.0973,0.0,0.0,0.0000,0.0000,0.9519,-0.1592,1.9945,0.0000,enc,0.0000
1786026066.154770,0.1317,0.0,0.0,0.0000,0.0000,0.9519,-0.1592,1.9945,0.0000,enc,0.0000
1786026066.239803,0.0850,0.0,0.0,0.0000,0.0000,0.9519,-0.1592,1.9945,0.0000,enc,0.0000
1786026066.377465,0.1377,0.0,0.0,0.0000,0.0000,0.9519,-0.1592,1.9945,0.0000,enc,0.0000
1786026066.441955,0.0645,0.0,0.0,0.0000,0.0000,0.9519,-0.1592,1.9945,0.0000,enc,0.0000
1786026066.540058,0.0981,0.0,0.0,0.0000,0.0000,0.9519,-0.1592,1.9945,0.0000,enc,0.0000
1786026066.629579,0.0895,0.0,0.0,0.0000,0.0000,0.9519,-0.1592,1.9945,0.0000,enc,0.0000
1786026066.741958,0.1124,0.0,0.0,0.0000,0.0000,0.9519,-0.1592,1.9945,0.0000,enc,0.0000
1786026066.847327,0.1054,0.0,0.0,0.0000,0.0000,0.9519,-0.1592,1.9945,0.0000,enc,0.0000
1786026066.968649,0.1213,0.0,0.0,0.0000,0.0000,0.9519,-0.1592,1.9945,0.0000,enc,0.0000
1786026067.081505,0.1129,0.0,0.0,0.0000,0.0000,0.9519,-0.1592,1.9945,0.0000,enc,0.0000
1786026067.192565,0.1111,0.0,0.0,0.0000,0.0000,0.9519,-0.1592,1.9945,0.0000,enc,0.0000
1786026067.321879,0.1293,0.0,0.0,0.0000,0.0000,0.9519,-0.1592,1.9945,0.0000,enc,0.0000
1786026067.375088,0.0532,0.0,0.0,0.0000,0.0000,0.9519,-0.1592,1.9945,0.0000,enc,0.0000
1786026067.453551,0.0785,0.0,0.0,0.0000,0.0000,0.9519,-0.1592,1.9945,0.0000,enc,0.0000
1786026067.563775,0.1102,0.0,0.0,0.0000,0.0000,0.9519,-0.1592,1.9945,0.0000,enc,0.0000
1786026067.652372,0.0886,0.0,0.0,0.0000,0.0000,0.9519,-0.1592,1.9945,0.0000,enc,0.0000
1786026067.756776,0.1044,0.0,0.0,0.0000,0.0000,0.9519,-0.1592,1.9945,0.0000,enc,0.0000
1786026067.855817,0.0990,0.0,0.0,0.0000,0.0000,0.9519,-0.1592,1.9945,0.0000,enc,0.0000
1786026067.957596,0.1018,0.0,0.0,0.0000,0.0000,0.9519,-0.1592,1.9945,0.0000,enc,0.0000
1786026068.063648,0.1061,0.0,0.0,0.0000,0.0000,0.9519,-0.1592,1.9945,0.0000,enc,0.0000
1786026068.163369,0.0997,0.0,0.0,0.0000,0.0000,0.9519,-0.1592,1.9945,0.0000,enc,0.0000
1786026068.264953,0.1016,0.0,0.0,0.0000,0.0000,0.9519,-0.1592,1.9945,0.0000,enc,0.0000
1786026068.370270,0.1053,0.0,0.0,0.0000,0.0000,0.9519,-0.1592,1.9945,0.0000,enc,0.0000
1786026068.472177,0.1019,0.0,0.0,0.0000,0.0000,0.9519,-0.1592,1.9945,0.0000,enc,0.0000
1786026068.571576,0.0994,0.0,0.0,0.0000,0.0000,0.9519,-0.1592,1.9945,0.0000,enc,0.0000
1786026068.676470,0.1049,0.0,0.0,0.0000,0.0000,0.9519,-0.1592,1.9945,0.0000,enc,0.0000
1786026068.779023,0.1026,0.0,0.0,0.0000,0.0000,0.9519,-0.1592,1.9945,0.0000,enc,0.0000
1786026068.880313,0.1013,0.0,0.0,0.0000,0.0000,0.9519,-0.1592,1.9945,0.0000,enc,0.0000
1786026068.982697,0.1024,0.0,0.0,0.0000,0.0000,0.9519,-0.1592,1.9945,0.0000,enc,0.0000
1786026069.084877,0.1022,0.0,0.0,0.0000,0.0000,0.9519,-0.1592,1.9945,0.0000,enc,0.0000
1786026069.186814,0.1019,0.0,0.0,0.0000,0.0000,0.9519,-0.1592,1.9945,0.0000,enc,0.0000
1786026069.291989,0.1052,0.0,0.0,0.0000,0.0000,0.9519,-0.1592,1.9945,0.0000,enc,0.0000
1786026069.391651,0.0997,0.0,0.0,0.0000,0.0000,0.9519,-0.1592,1.9945,0.0000,enc,0.0000
1786026069.493539,0.1019,0.0,0.0,0.0000,0.0000,0.9519,-0.1592,1.9945,0.0000,enc,0.0000
1786026069.594029,0.1005,0.0,0.0,0.0000,0.0000,0.9519,-0.1592,1.9945,0.0000,enc,0.0000
1786026069.698014,0.1040,0.0,0.0,0.0000,0.0000,0.9519,-0.1592,1.9945,0.0000,enc,0.0000
1786026069.800338,0.1023,0.0,0.0,0.0000,0.0000,0.9519,-0.1592,1.9945,0.0000,enc,0.0000
1786026069.899192,0.0989,0.0,0.0,0.0000,0.0000,0.9519,-0.1592,1.9945,0.0000,enc,0.0000
1786026070.005308,0.1061,0.0,0.0,0.0000,0.0000,0.9519,-0.1592,1.9945,0.0000,enc,0.0000
1786026070.103668,0.0984,0.0,0.0,0.0000,0.0000,0.9519,-0.1592,1.9945,0.0000,enc,0.0000
1786026070.205754,0.1021,0.0,0.0,0.0000,0.0000,0.9519,-0.1592,1.9945,0.0000,enc,0.0000
1786026070.310760,0.1050,0.0,0.0,0.0000,0.0000,0.9519,-0.1592,1.9945,0.0000,enc,0.0000
1786026070.409875,0.0991,0.0,0.0,0.0000,0.0000,0.9519,-0.1592,1.9945,0.0000,enc,0.0000
1786026070.511688,0.1018,0.0,0.0,0.0000,0.0000,0.9519,-0.1592,1.9945,0.0000,enc,0.0000
1786026070.618258,0.1066,0.0,0.0,0.0000,0.0000,0.9519,-0.1592,1.9945,0.0000,enc,0.0000
1786026070.716348,0.0981,0.0,0.0,0.0000,0.0000,0.9519,-0.1592,1.9945,0.0000,enc,0.0000
1786026070.818433,0.1021,0.0,0.0,0.0000,0.0000,0.9519,-0.1592,1.9945,0.0000,enc,0.0000
1786026070.922987,0.1046,0.0,0.0,0.0000,0.0000,0.9519,-0.1592,1.9945,0.0000,enc,0.0000
1786026071.023072,0.1001,0.0,0.0,0.0000,0.0000,0.9519,-0.1592,1.9945,0.0000,enc,0.0000
1786026071.128098,0.1050,0.0,0.0,0.0000,0.0000,0.9519,-0.1592,1.9945,0.0000,enc,0.0000
1786026071.229393,0.1013,0.0,0.0,0.0000,0.0000,0.9519,-0.1592,1.9945,0.0000,enc,0.0000
1786026071.332836,0.1034,0.0,0.0,0.0000,0.0000,0.9519,-0.1592,1.9945,0.0000,enc,0.0000
1786026071.434082,0.1012,0.0,0.0,0.0000,0.0000,0.9519,-0.1592,1.9945,0.0000,enc,0.0000
1786026071.535986,0.1019,0.0,0.0,0.0000,0.0000,0.9519,-0.1592,1.9945,0.0000,enc,0.0000
1786026071.638229,0.1022,0.0,0.0,0.0000,0.0000,0.9519,-0.1592,1.9945,0.0000,enc,0.0000
1786026071.739362,0.1011,0.0,0.0,0.0000,0.0000,0.9519,-0.1592,1.9945,0.0000,enc,0.0000
1786026071.843985,0.1046,0.0,0.0,0.0000,0.0000,0.9519,-0.1592,1.9945,0.0000,enc,0.0000
1786026071.941180,0.0972,0.0,0.0,0.0000,0.0000,0.9519,-0.1592,1.9945,0.0000,enc,0.0000
1786026072.046771,0.1056,0.0,0.0,0.0000,0.0000,0.9519,-0.1592,1.9945,0.0000,enc,0.0000
1786026072.150303,0.1035,0.0,0.0,0.0000,0.0000,0.9519,-0.1592,1.9945,0.0000,enc,0.0000
1786026072.251436,0.1011,0.0,0.0,0.0000,0.0000,0.9519,-0.1592,1.9945,0.0000,enc,0.0000
1786026072.352725,0.1013,0.0,0.0,0.0000,0.0000,0.9519,-0.1592,1.9945,0.0000,enc,0.0000
1786026072.452745,0.1000,0.0,0.0,0.0000,0.0000,0.9519,-0.1592,1.9945,0.0000,enc,0.0000
1786026072.558537,0.1058,0.0,0.0,0.0000,0.0000,0.9519,-0.1592,1.9945,0.0000,enc,0.0000
1786026072.656977,0.0984,0.0,0.0,0.0000,0.0000,0.9519,-0.1592,1.9945,0.0000,enc,0.0000
1786026072.760118,0.1031,0.0,0.0,0.0000,0.0000,0.9519,-0.1592,1.9945,0.0000,enc,0.0000
1786026072.864246,0.1041,0.0,0.0,0.0000,0.0000,0.9519,-0.1592,1.9945,0.0000,enc,0.0000
1786026072.963366,0.0991,0.0,0.0,0.0000,0.0000,0.9519,-0.1592,1.9945,0.0000,enc,0.0000
1786026073.065943,0.1026,0.0,0.0,0.0000,0.0000,0.9519,-0.1592,1.9945,0.0000,enc,0.0000
1786026073.170463,0.1045,0.0,0.0,0.0000,0.0000,0.9519,-0.1592,1.9945,0.0000,enc,0.0000
1786026073.270812,0.1003,0.0,0.0,0.0000,0.0000,0.9519,-0.1592,1.9945,0.0000,enc,0.0000
1786026073.371516,0.1007,0.0,0.0,0.0000,0.0000,0.9519,-0.1592,1.9945,0.0000,enc,0.0000
1786026073.477226,0.1057,0.0,0.0,0.0000,0.0000,0.9519,-0.1592,1.9945,0.0000,enc,0.0000
1786026073.580123,0.1029,0.0,0.0,0.0000,0.0000,0.9519,-0.1592,1.9945,0.0000,enc,0.0000
1786026073.677793,0.0977,0.0,0.0,0.0000,0.0000,0.9519,-0.1592,1.9945,0.0000,enc,0.0000
1786026073.782898,0.1051,0.0,0.0,0.0000,0.0000,0.9519,-0.1592,1.9945,0.0000,enc,0.0000
1786026073.882123,0.0992,0.0,0.0,0.0000,0.0000,0.9519,-0.1592,1.9945,0.0000,enc,0.0000
1786026073.987297,0.1052,0.0,0.0,0.0000,0.0000,0.9519,-0.1592,1.9945,0.0000,enc,0.0000
1786026074.090605,0.1033,0.0,0.0,0.0000,0.0000,0.9519,-0.1592,1.9945,0.0000,enc,0.0000
1786026074.191442,0.1008,0.0,0.0,0.0000,0.0000,0.9519,-0.1592,1.9945,0.0000,enc,0.0000
1786026074.293936,0.1025,0.0,0.0,0.0000,0.0000,0.9519,-0.1592,1.9945,0.0000,enc,0.0000
1786026074.399155,0.1052,0.0,0.0,0.0000,0.0000,0.9519,-0.1592,1.9945,0.0000,enc,0.0000
1786026074.498970,0.0998,0.0,0.0,0.0000,0.0000,0.9519,-0.1592,1.9945,0.0000,enc,0.0000
1786026074.601969,0.1030,0.0,0.0,0.0000,0.0000,0.9519,-0.1592,1.9945,0.0000,enc,0.0000
1786026074.702984,0.1010,0.0,0.0,0.0000,0.0000,0.9519,-0.1592,1.9945,0.0000,enc,0.0000
