t,dt,left_rpm,right_rpm,v,w,x,y,theta
1785483548.244310,0.0000,-0.0,-0.0,-0.0000,0.0000,0.0000,0.0000,0.0000
1785483548.344840,0.1005,-0.0,-0.0,-0.0000,0.0000,0.0000,0.0000,0.0000
1785483548.445013,0.1002,-0.0,-0.0,-0.0000,0.0000,0.0000,0.0000,0.0000
1785483548.547203,0.1022,-0.0,-0.0,-0.0000,0.0000,0.0000,0.0000,0.0000
1785483548.665810,0.1186,-0.0,-0.0,-0.0000,0.0000,0.0000,0.0000,0.0000
1785483548.749949,0.0841,-0.0,-0.0,-0.0000,0.0000,0.0000,0.0000,0.0000
1785483548.850421,0.1005,-0.0,-0.0,-0.0000,0.0000,0.0000,0.0000,0.0000
1785483548.953029,0.1026,-0.0,-0.0,-0.0000,0.0000,0.0000,0.0000,0.0000
1785483549.054259,0.1012,-0.0,-0.0,-0.0000,0.0000,0.0000,0.0000,0.0000
1785483549.157255,0.1030,-0.0,-0.0,-0.0000,0.0000,0.0000,0.0000,0.0000
1785483549.261685,0.1044,-0.0,-0.0,-0.0000,0.0000,0.0000,0.0000,0.0000
1785483549.359841,0.0982,-0.0,-0.0,-0.0000,0.0000,0.0000,0.0000,0.0000
1785483549.458151,0.0983,-0.0,-0.0,-0.0000,0.0000,0.0000,0.0000,0.0000
1785483549.559549,0.1014,-0.0,-0.0,-0.0000,0.0000,0.0000,0.0000,0.0000
1785483549.660228,0.1007,-0.0,-0.0,-0.0000,0.0000,0.0000,0.0000,0.0000
1785483549.759667,0.0994,-0.0,-0.0,-0.0000,0.0000,0.0000,0.0000,0.0000
1785483549.865281,0.1056,-0.0,-0.0,-0.0000,0.0000,0.0000,0.0000,0.0000
1785483549.965931,0.1006,-0.0,-0.0,-0.0000,0.0000,0.0000,0.0000,0.0000
1785483550.067436,0.1015,-0.0,-0.0,-0.0000,0.0000,0.0000,0.0000,0.0000
1785483550.166843,0.0994,-0.0,-0.0,-0.0000,0.0000,0.0000,0.0000,0.0000
1785483550.276014,0.1092,-0.0,-0.0,-0.0000,0.0000,0.0000,0.0000,0.0000
1785483550.371570,0.0956,-0.0,-0.0,-0.0000,0.0000,0.0000,0.0000,0.0000
1785483550.470305,0.0987,-0.0,-0.0,-0.0000,0.0000,0.0000,0.0000,0.0000
1785483550.569187,0.0989,-0.0,-0.0,-0.0000,0.0000,0.0000,0.0000,0.0000
1785483550.671386,0.1022,-0.0,-0.0,-0.0000,0.0000,0.0000,0.0000,0.0000
1785483550.770309,0.0989,-0.0,-0.0,-0.0000,0.0000,0.0000,0.0000,0.0000
1785483550.872334,0.1020,-0.0,-0.0,-0.0000,0.0000,0.0000,0.0000,0.0000
1785483550.975394,0.1031,-0.0,-0.0,-0.0000,0.0000,0.0000,0.0000,0.0000
1785483551.077800,0.1024,-0.0,-0.0,-0.0000,0.0000,0.0000,0.0000,0.0000
1785483551.177528,0.0997,-0.0,-0.0,-0.0000,0.0000,0.0000,0.0000,0.0000
1785483551.283356,0.1058,-0.0,-0.0,-0.0000,0.0000,0.0000,0.0000,0.0000
1785483551.383282,0.0999,-0.0,-0.0,-0.0000,0.0000,0.0000,0.0000,0.0000
1785483551.487626,0.1043,-0.0,-0.0,-0.0000,0.0000,0.0000,0.0000,0.0000
1785483551.590417,0.1028,-0.0,-0.0,-0.0000,0.0000,0.0000,0.0000,0.0000
1785483551.687305,0.0969,-0.0,-0.0,-0.0000,0.0000,0.0000,0.0000,0.0000
1785483551.805410,0.1181,-0.0,-0.0,-0.0000,0.0000,0.0000,0.0000,0.0000
1785483551.883190,0.0778,-0.0,-0.0,-0.0000,0.0000,0.0000,0.0000,0.0000
1785483551.993010,0.1098,-0.0,-0.0,-0.0000,0.0000,0.0000,0.0000,0.0000
1785483552.095461,0.1025,-0.0,-0.0,-0.0000,0.0000,0.0000,0.0000,0.0000
1785483552.195425,0.1000,-0.0,-0.0,-0.0000,0.0000,0.0000,0.0000,0.0000
1785483552.286761,0.0913,-0.0,-0.0,-0.0000,0.0000,0.0000,0.0000,0.0000
1785483552.387300,0.1005,-0.0,-0.0,-0.0000,0.0000,0.0000,0.0000,0.0000
1785483552.494496,0.1072,-0.0,-0.0,-0.0000,0.0000,0.0000,0.0000,0.0000
1785483552.589911,0.0954,-0.0,-0.0,-0.0000,0.0000,0.0000,0.0000,0.0000
1785483552.691163,0.1013,-0.0,-0.0,-0.0000,0.0000,0.0000,0.0000,0.0000
1785483552.793414,0.1023,-0.0,-0.0,-0.0000,0.0000,0.0000,0.0000,0.0000
1785483552.892323,0.0989,-0.0,-0.0,-0.0000,0.0000,0.0000,0.0000,0.0000
1785483552.995255,0.1029,-0.0,-0.0,-0.0000,0.0000,0.0000,0.0000,0.0000
1785483553.204695,0.2094,-0.0,-0.0,-0.0000,0.0000,0.0000,0.0000,0.0000
1785483553.204735,0.0000,-0.0,-0.0,-0.0000,0.0000,0.0000,0.0000,0.0000
1785483553.297164,0.0924,-0.0,-0.0,-0.0000,0.0000,0.0000,0.0000,0.0000
1785483553.399607,0.1024,-0.0,-0.0,-0.0000,0.0000,0.0000,0.0000,0.0000
1785483553.502141,0.1025,-0.0,-0.0,-0.0000,0.0000,0.0000,0.0000,0.0000
1785483553.602228,0.1001,-0.0,-0.0,-0.0000,0.0000,0.0000,0.0000,0.0000
1785483553.704397,0.1022,-0.0,-0.0,-0.0000,0.0000,0.0000,0.0000,0.0000
1785483553.814549,0.1102,-0.0,-0.0,-0.0000,0.0000,0.0000,0.0000,0.0000
1785483553.905378,0.0908,-0.0,-0.0,-0.0000,0.0000,0.0000,0.0000,0.0000
1785483554.007262,0.1019,-0.0,-0.0,-0.0000,0.0000,0.0000,0.0000,0.0000
1785483554.111881,0.1046,-0.0,-0.0,-0.0000,0.0000,0.0000,0.0000,0.0000
1785483554.211318,0.0994,-0.0,-0.0,-0.0000,0.0000,0.0000,0.0000,0.0000
1785483554.322724,0.1114,-0.0,-0.0,-0.0000,0.0000,0.0000,0.0000,0.0000
1785483554.418395,0.0957,-0.0,-0.0,-0.0000,0.0000,0.0000,0.0000,0.0000
1785483554.522558,0.1042,-0.0,-0.0,-0.0000,0.0000,0.0000,0.0000,0.0000
1785483554.611766,0.0892,-0.0,-0.0,-0.0000,0.0000,0.0000,0.0000,0.0000
1785483554.716371,0.1046,-0.0,-0.0,-0.0000,0.0000,0.0000,0.0000,0.0000
1785483554.817986,0.1016,-0.0,-0.0,-0.0000,0.0000,0.0000,0.0000,0.0000
1785483554.924391,0.1064,-0.0,-0.0,-0.0000,0.0000,0.0000,0.0000,0.0000
1785483555.022433,0.0980,-0.0,-0.0,-0.0000,0.0000,0.0000,0.0000,0.0000
1785483555.121353,0.0989,-0.0,-0.0,-0.0000,0.0000,0.0000,0.0000,0.0000
1785483555.221355,0.1000,-0.0,-0.0,-0.0000,0.0000,0.0000,0.0000,0.0000
1785483555.325377,0.1040,-0.0,-0.0,-0.0000,0.0000,0.0000,0.0000,0.0000
1785483555.425193,0.0998,-0.0,-0.0,-0.0000,0.0000,0.0000,0.0000,0.0000
1785483555.525753,0.1006,-0.0,-0.0,-0.0000,0.0000,0.0000,0.0000,0.0000
1785483555.626385,0.1006,-0.0,-0.0,-0.0000,0.0000,0.0000,0.0000,0.0000
1785483555.726375,0.1000,-0.0,-0.0,-0.0000,0.0000,0.0000,0.0000,0.0000
1785483555.825375,0.0990,-0.0,-0.0,-0.0000,0.0000,0.0000,0.0000,0.0000
1785483555.931326,0.1060,-0.0,-0.0,-0.0000,0.0000,0.0000,0.0000,0.0000
1785483556.031462,0.1001,-0.0,-0.0,-0.0000,0.0000,0.0000,0.0000,0.0000
1785483556.259822,0.2284,-0.0,-0.0,-0.0000,0.0000,0.0000,0.0000,0.0000
1785483556.259859,0.0000,-0.0,-0.0,-0.0000,0.0000,0.0000,0.0000,0.0000
1785483556.333292,0.0734,-0.0,-0.0,-0.0000,0.0000,0.0000,0.0000,0.0000
1785483556.532217,0.1989,-0.0,-0.0,-0.0000,0.0000,0.0000,0.0000,0.0000
1785483556.534251,0.0020,-0.0,-0.0,-0.0000,0.0000,0.0000,0.0000,0.0000
1785483556.773268,0.2390,-0.0,-0.0,-0.0000,0.0000,0.0000,0.0000,0.0000
1785483556.809408,0.0361,-0.0,-0.0,-0.0000,0.0000,0.0000,0.0000,0.0000
1785483556.855111,0.0457,-0.0,-0.0,-0.0000,0.0000,0.0000,0.0000,0.0000
1785483557.017567,0.1625,-0.0,-0.0,-0.0000,0.0000,0.0000,0.0000,0.0000
1785483557.043523,0.0260,-0.0,-0.0,-0.0000,0.0000,0.0000,0.0000,0.0000
1785483557.258609,0.2151,-0.0,-0.0,-0.0000,0.0000,0.0000,0.0000,0.0000
1785483557.258643,0.0000,-0.0,-0.0,-0.0000,0.0000,0.0000,0.0000,0.0000
1785483557.343425,0.0848,-0.0,-0.0,-0.0000,0.0000,0.0000,0.0000,0.0000
1785483557.526247,0.1828,-0.0,-0.0,-0.0000,0.0000,0.0000,0.0000,0.0000
1785483557.545591,0.0193,-0.0,-0.0,-0.0000,0.0000,0.0000,0.0000,0.0000
1785483557.765189,0.2196,-0.0,-0.0,-0.0000,0.0000,0.0000,0.0000,0.0000
1785483557.765219,0.0000,-0.0,-0.0,-0.0000,0.0000,0.0000,0.0000,0.0000
1785483557.851920,0.0867,-0.0,-0.0,-0.0000,0.0000,0.0000,0.0000,0.0000
1785483558.020152,0.1682,-0.0,-0.0,-0.0000,0.0000,0.0000,0.0000,0.0000
1785483558.054260,0.0341,-0.0,-0.0,-0.0000,0.0000,0.0000,0.0000,0.0000
1785483558.274004,0.2197,-0.0,-0.0,-0.0000,0.0000,0.0000,0.0000,0.0000
1785483558.274038,0.0000,-0.0,-0.0,-0.0000,0.0000,0.0000,0.0000,0.0000
1785483558.529844,0.2558,-0.0,-0.0,-0.0000,0.0000,0.0000,0.0000,0.0000
1785483558.529887,0.0000,-0.0,-0.0,-0.0000,0.0000,0.0000,0.0000,0.0000
1785483558.557607,0.0277,-0.0,-0.0,-0.0000,0.0000,0.0000,0.0000,0.0000
1785483558.778512,0.2209,-0.0,-0.0,-0.0000,0.0000,0.0000,0.0000,0.0000
1785483558.778545,0.0000,-0.0,-0.0,-0.0000,0.0000,0.0000,0.0000,0.0000
1785483558.861461,0.0829,-0.0,-0.0,-0.0000,0.0000,0.0000,0.0000,0.0000
1785483559.029838,0.1684,-0.0,-0.0,-0.0000,0.0000,0.0000,0.0000,0.0000
1785483559.066663,0.0368,-0.0,-0.0,-0.0000,0.0000,0.0000,0.0000,0.0000
1785483559.282824,0.2162,-0.0,-0.0,-0.0000,0.0000,0.0000,0.0000,0.0000
1785483559.282860,0.0000,-0.0,-0.0,-0.0000,0.0000,0.0000,0.0000,0.0000
1785483559.369920,0.0871,-0.0,-0.0,-0.0000,0.0000,0.0000,0.0000,0.0000
1785483559.537244,0.1673,-0.0,-0.0,-0.0000,0.0000,0.0000,0.0000,0.0000
1785483559.574303,0.0371,-0.0,-0.0,-0.0000,0.0000,0.0000,0.0000,0.0000
1785483559.795682,0.2214,-0.0,-0.0,-0.0000,0.0000,0.0000,0.0000,0.0000
1785483559.795732,0.0001,-0.0,-0.0,-0.0000,0.0000,0.0000,0.0000,0.0000
1785483560.035961,0.2402,-0.0,-0.0,-0.0000,0.0000,0.0000,0.0000,0.0000
1785483560.036000,0.0000,-0.0,-0.0,-0.0000,0.0000,0.0000,0.0000,0.0000
1785483560.087440,0.0514,-0.0,-0.0,-0.0000,0.0000,0.0000,0.0000,0.0000
1785483560.297179,0.2097,-0.0,-0.0,-0.0000,0.0000,0.0000,0.0000,0.0000
1785483560.297212,0.0000,-0.0,-0.0,-0.0000,0.0000,0.0000,0.0000,0.0000
1785483560.549358,0.2521,-0.0,-0.0,-0.0000,0.0000,0.0000,0.0000,0.0000
1785483560.549401,0.0000,-0.0,-0.0,-0.0000,0.0000,0.0000,0.0000,0.0000
1785483560.607494,0.0581,-0.0,-0.0,-0.0000,0.0000,0.0000,0.0000,0.0000
1785483560.877263,0.2698,-0.0,-0.0,-0.0000,0.0000,0.0000,0.0000,0.0000
1785483560.877302,0.0000,-0.18183636665344238,-0.5455090999603271,-0.0021,-0.0062,-0.0000,0.0000,-0.0000
1785483560.887225,0.0099,-0.0,-0.0,-0.0000,0.0000,-0.0000,0.0000,-0.0000
1785483560.989790,0.1026,-0.0,-0.0,-0.0000,0.0000,-0.0000,0.0000,-0.0000
1785483561.089532,0.0997,-0.0,-0.0,-0.0000,0.0000,-0.0000,0.0000,-0.0000
1785483561.191322,0.1018,-0.0,-0.0,-0.0000,0.0000,-0.0000,0.0000,-0.0000
1785483561.290884,0.0996,-0.0,-0.0,-0.0000,0.0000,-0.0000,0.0000,-0.0000
1785483561.415292,0.1244,-0.0,-0.0,-0.0000,0.0000,-0.0000,0.0000,-0.0000
1785483561.524058,0.1088,-0.0,-0.0,-0.0000,0.0000,-0.0000,0.0000,-0.0000
1785483561.594054,0.0700,-0.0,-0.0,-0.0000,0.0000,-0.0000,0.0000,-0.0000
1785483561.695114,0.1011,-0.0,-0.0,-0.0000,0.0000,-0.0000,0.0000,-0.0000
1785483561.798382,0.1033,-0.0,-0.0,-0.0000,0.0000,-0.0000,0.0000,-0.0000
1785483561.899238,0.1009,-0.0,-0.0,-0.0000,0.0000,-0.0000,0.0000,-0.0000
1785483561.999686,0.1004,-0.0,-0.0,-0.0000,0.0000,-0.0000,0.0000,-0.0000
1785483562.134362,0.1347,-0.0,-0.0,-0.0000,0.0000,-0.0000,0.0000,-0.0000
1785483562.212486,0.0781,-0.0,-0.0,-0.0000,0.0000,-0.0000,0.0000,-0.0000
1785483562.302443,0.0900,-0.0,-0.0,-0.0000,0.0000,-0.0000,0.0000,-0.0000
1785483562.403895,0.1015,-0.0,-0.0,-0.0000,0.0000,-0.0000,0.0000,-0.0000
1785483562.504860,0.1010,-0.0,-0.0,-0.0000,0.0000,-0.0000,0.0000,-0.0000
1785483562.611716,0.1069,-0.0,-0.0,-0.0000,0.0000,-0.0000,0.0000,-0.0000
1785483562.709443,0.0977,-0.0,-0.0,-0.0000,0.0000,-0.0000,0.0000,-0.0000
1785483562.809305,0.0999,-0.0,-0.0,-0.0000,0.0000,-0.0000,0.0000,-0.0000
1785483562.917056,0.1078,-0.0,-0.0,-0.0000,0.0000,-0.0000,0.0000,-0.0000
1785483563.021256,0.1042,-0.0,-0.0,-0.0000,0.0000,-0.0000,0.0000,-0.0000
1785483563.123324,0.1021,-0.0,-0.0,-0.0000,0.0000,-0.0000,0.0000,-0.0000
1785483563.220402,0.0971,-0.0,-0.0,-0.0000,0.0000,-0.0000,0.0000,-0.0000
1785483563.322012,0.1016,-0.0,-0.0,-0.0000,0.0000,-0.0000,0.0000,-0.0000
1785483563.424142,0.1021,-0.0,-0.0,-0.0000,0.0000,-0.0000,0.0000,-0.0000
1785483563.526356,0.1022,-0.0,-0.0,-0.0000,0.0000,-0.0000,0.0000,-0.0000
1785483563.622962,0.0966,-0.0,-0.0,-0.0000,0.0000,-0.0000,0.0000,-0.0000
1785483563.724316,0.1014,-0.0,-0.0,-0.0000,0.0000,-0.0000,0.0000,-0.0000
1785483563.826026,0.1017,-0.0,-0.0,-0.0000,0.0000,-0.0000,0.0000,-0.0000
1785483563.927388,0.1014,-0.0,-0.0,-0.0000,0.0000,-0.0000,0.0000,-0.0000
1785483564.031574,0.1042,-0.0,-0.0,-0.0000,0.0000,-0.0000,0.0000,-0.0000
1785483564.129221,0.0976,-0.0,-0.0,-0.0000,0.0000,-0.0000,0.0000,-0.0000
1785483564.230315,0.1011,-0.0,-0.0,-0.0000,0.0000,-0.0000,0.0000,-0.0000
1785483564.334363,0.1040,-0.0,-0.0,-0.0000,0.0000,-0.0000,0.0000,-0.0000
1785483564.435742,0.1014,-0.0,-0.0,-0.0000,0.0000,-0.0000,0.0000,-0.0000
1785483564.537673,0.1019,-0.0,-0.0,-0.0000,0.0000,-0.0000,0.0000,-0.0000
1785483564.634169,0.0965,-0.0,-0.0,-0.0000,0.0000,-0.0000,0.0000,-0.0000
1785483564.738192,0.1040,-0.0,-0.0,-0.0000,0.0000,-0.0000,0.0000,-0.0000
1785483564.859437,0.1212,-0.0,-0.0,-0.0000,0.0000,-0.0000,0.0000,-0.0000
1785483564.938139,0.0787,-0.0,-0.0,-0.0000,0.0000,-0.0000,0.0000,-0.0000
1785483565.038865,0.1007,-0.0,-0.0,-0.0000,0.0000,-0.0000,0.0000,-0.0000
1785483565.140900,0.1020,-0.0,-0.0,-0.0000,0.0000,-0.0000,0.0000,-0.0000
1785483565.243372,0.1025,-0.0,-0.0,-0.0000,0.0000,-0.0000,0.0000,-0.0000
1785483565.343252,0.0999,-0.0,-0.0,-0.0000,0.0000,-0.0000,0.0000,-0.0000
1785483565.445833,0.1026,-0.0,-0.0,-0.0000,0.0000,-0.0000,0.0000,-0.0000
1785483565.548378,0.1025,-0.0,-0.0,-0.0000,0.0000,-0.0000,0.0000,-0.0000
1785483565.644484,0.0961,-0.0,-0.0,-0.0000,0.0000,-0.0000,0.0000,-0.0000
1785483565.743628,0.0991,-0.0,-0.0,-0.0000,0.0000,-0.0000,0.0000,-0.0000
1785483565.851986,0.1084,-0.0,-0.0,-0.0000,0.0000,-0.0000,0.0000,-0.0000
1785483565.946879,0.0949,-0.0,-0.0,-0.0000,0.0000,-0.0000,0.0000,-0.0000
1785483566.061445,0.1146,-0.0,-0.0,-0.0000,0.0000,-0.0000,0.0000,-0.0000
1785483566.153394,0.0919,-0.0,-0.0,-0.0000,0.0000,-0.0000,0.0000,-0.0000
1785483566.255539,0.1021,-0.0,-0.0,-0.0000,0.0000,-0.0000,0.0000,-0.0000
1785483566.359341,0.1038,-0.0,-0.0,-0.0000,0.0000,-0.0000,0.0000,-0.0000
1785483566.454506,0.0952,-0.0,-0.0,-0.0000,0.0000,-0.0000,0.0000,-0.0000
1785483566.556290,0.1018,-0.0,-0.0,-0.0000,0.0000,-0.0000,0.0000,-0.0000
1785483566.659654,0.1034,-0.0,-0.0,-0.0000,0.0000,-0.0000,0.0000,-0.0000
1785483566.758420,0.0988,-0.0,-0.0,-0.0000,0.0000,-0.0000,0.0000,-0.0000
1785483566.858215,0.0998,-0.0,-0.0,-0.0000,0.0000,-0.0000,0.0000,-0.0000
1785483566.966175,0.1080,-0.0,-0.0,-0.0000,0.0000,-0.0000,0.0000,-0.0000
1785483567.064277,0.0981,-0.0,-0.0,-0.0000,0.0000,-0.0000,0.0000,-0.0000
1785483567.161004,0.0967,-0.0,-0.0,-0.0000,0.0000,-0.0000,0.0000,-0.0000
1785483567.261440,0.1004,-0.0,-0.0,-0.0000,0.0000,-0.0000,0.0000,-0.0000
1785483567.365399,0.1040,-0.0,-0.0,-0.0000,0.0000,-0.0000,0.0000,-0.0000
1785483567.463716,0.0983,-0.0,-0.0,-0.0000,0.0000,-0.0000,0.0000,-0.0000
1785483567.566268,0.1026,-0.0,-0.0,-0.0000,0.0000,-0.0000,0.0000,-0.0000
1785483567.669438,0.1032,-0.0,-0.0,-0.0000,0.0000,-0.0000,0.0000,-0.0000
1785483567.768541,0.0991,-0.0,-0.0,-0.0000,0.0000,-0.0000,0.0000,-0.0000
1785483567.870438,0.1019,-0.0,-0.0,-0.0000,0.0000,-0.0000,0.0000,-0.0000
1785483567.976444,0.1060,-0.0,-0.0,-0.0000,0.0000,-0.0000,0.0000,-0.0000
1785483568.074001,0.0976,-0.0,-0.0,-0.0000,0.0000,-0.0000,0.0000,-0.0000
1785483568.179443,0.1054,-0.0,-0.0,-0.0000,0.0000,-0.0000,0.0000,-0.0000
1785483568.282389,0.1029,-0.0,-0.0,-0.0000,0.0000,-0.0000,0.0000,-0.0000
1785483568.384379,0.1020,-0.0,-0.0,-0.0000,0.0000,-0.0000,0.0000,-0.0000
1785483568.486869,0.1025,-0.0,-0.0,-0.0000,0.0000,-0.0000,0.0000,-0.0000
1785483568.589553,0.1027,-0.0,-0.0,-0.0000,0.0000,-0.0000,0.0000,-0.0000
1785483568.684816,0.0953,-0.0,-0.0,-0.0000,0.0000,-0.0000,0.0000,-0.0000
1785483568.789158,0.1043,-0.0,-0.0,-0.0000,0.0000,-0.0000,0.0000,-0.0000
1785483568.889011,0.0999,-0.0,-0.0,-0.0000,0.0000,-0.0000,0.0000,-0.0000
1785483568.991842,0.1028,-0.0,-0.0,-0.0000,0.0000,-0.0000,0.0000,-0.0000
1785483569.078910,0.0871,-0.0,-0.0,-0.0000,0.0000,-0.0000,0.0000,-0.0000
1785483569.182406,0.1035,-0.0,-0.0,-0.0000,0.0000,-0.0000,0.0000,-0.0000
1785483569.282522,0.1001,-0.0,-0.0,-0.0000,0.0000,-0.0000,0.0000,-0.0000
1785483569.397810,0.1153,-0.0,-0.0,-0.0000,0.0000,-0.0000,0.0000,-0.0000
1785483569.487660,0.0898,-0.0,-0.0,-0.0000,0.0000,-0.0000,0.0000,-0.0000
1785483569.592639,0.1050,-0.0,-0.0,-0.0000,0.0000,-0.0000,0.0000,-0.0000
1785483569.696134,0.1035,-0.0,-0.0,-0.0000,0.0000,-0.0000,0.0000,-0.0000
1785483569.788249,0.0921,-0.0,-0.0,-0.0000,0.0000,-0.0000,0.0000,-0.0000
1785483569.889179,0.1009,-0.0,-0.0,-0.0000,0.0000,-0.0000,0.0000,-0.0000
1785483569.991537,0.1024,-0.0,-0.0,-0.0000,0.0000,-0.0000,0.0000,-0.0000
1785483570.095368,0.1038,-0.0,-0.0,-0.0000,0.0000,-0.0000,0.0000,-0.0000
1785483570.190993,0.0956,-0.0,-0.0,-0.0000,0.0000,-0.0000,0.0000,-0.0000
1785483570.294875,0.1039,-0.0,-0.0,-0.0000,0.0000,-0.0000,0.0000,-0.0000
1785483570.394954,0.1001,-0.0,-0.0,-0.0000,0.0000,-0.0000,0.0000,-0.0000
1785483570.496475,0.1015,-0.0,-0.0,-0.0000,0.0000,-0.0000,0.0000,-0.0000
1785483570.595854,0.0994,-0.0,-0.0,-0.0000,0.0000,-0.0000,0.0000,-0.0000
1785483570.745184,0.1493,-0.0,-0.0,-0.0000,0.0000,-0.0000,0.0000,-0.0000
1785483570.799330,0.0541,-0.0,-0.0,-0.0000,0.0000,-0.0000,0.0000,-0.0000
1785483570.899153,0.0998,-0.0,-0.0,-0.0000,0.0000,-0.0000,0.0000,-0.0000
1785483571.001763,0.1026,-0.0,-0.0,-0.0000,0.0000,-0.0000,0.0000,-0.0000
1785483571.277164,0.2754,-0.0,-0.0,-0.0000,0.0000,-0.0000,0.0000,-0.0000
1785483571.277205,0.0000,-0.0,-0.0,-0.0000,0.0000,-0.0000,0.0000,-0.0000
1785483571.309189,0.0320,-0.0,-0.0,-0.0000,0.0000,-0.0000,0.0000,-0.0000
1785483571.523389,0.2142,-0.0,-0.0,-0.0000,0.0000,-0.0000,0.0000,-0.0000
1785483571.529162,0.0058,-0.0,-0.0,-0.0000,0.0000,-0.0000,0.0000,-0.0000
1785483571.758976,0.2298,-0.0,-0.0,-0.0000,0.0000,-0.0000,0.0000,-0.0000
1785483571.759014,0.0000,-0.0,-0.0,-0.0000,0.0000,-0.0000,0.0000,-0.0000
1785483571.806009,0.0470,-0.0,-0.0,-0.0000,0.0000,-0.0000,0.0000,-0.0000
1785483572.001385,0.1954,-0.0,-0.0,-0.0000,0.0000,-0.0000,0.0000,-0.0000
1785483572.010318,0.0089,-0.0,-0.0,-0.0000,0.0000,-0.0000,0.0000,-0.0000
1785483572.235783,0.2255,-0.0,-0.0,-0.0000,0.0000,-0.0000,0.0000,-0.0000
1785483572.235822,0.0000,-0.0,-0.0,-0.0000,0.0000,-0.0000,0.0000,-0.0000
1785483572.322593,0.0868,-0.0,-0.0,-0.0000,0.0000,-0.0000,0.0000,-0.0000
1785483572.490356,0.1678,-0.0,-0.0,-0.0000,0.0000,-0.0000,0.0000,-0.0000
1785483572.512881,0.0225,-0.0,-0.0,-0.0000,0.0000,-0.0000,0.0000,-0.0000
1785483572.744276,0.2314,-0.0,-0.0,-0.0000,0.0000,-0.0000,0.0000,-0.0000
1785483572.744306,0.0000,-0.0,-0.0,-0.0000,0.0000,-0.0000,0.0000,-0.0000
1785483572.820966,0.0767,-0.0,-0.0,-0.0000,0.0000,-0.0000,0.0000,-0.0000
1785483572.998237,0.1773,-0.0,-0.0,-0.0000,0.0000,-0.0000,0.0000,-0.0000
1785483573.022623,0.0244,-0.0,-0.0,-0.0000,0.0000,-0.0000,0.0000,-0.0000
1785483573.255920,0.2333,-0.0,-0.0,-0.0000,0.0000,-0.0000,0.0000,-0.0000
1785483573.255954,0.0000,-0.0,-0.0,-0.0000,0.0000,-0.0000,0.0000,-0.0000
1785483573.326311,0.0704,-0.0,-0.0,-0.0000,0.0000,-0.0000,0.0000,-0.0000
1785483573.504054,0.1777,-0.0,-0.0,-0.0000,0.0000,-0.0000,0.0000,-0.0000
1785483573.537753,0.0337,-0.0,-0.0,-0.0000,0.0000,-0.0000,0.0000,-0.0000
1785483573.754854,0.2171,-0.0,-0.0,-0.0000,0.0000,-0.0000,0.0000,-0.0000
1785483573.754888,0.0000,-0.0,-0.0,-0.0000,0.0000,-0.0000,0.0000,-0.0000
1785483573.828076,0.0732,-0.0,-0.0,-0.0000,0.0000,-0.0000,0.0000,-0.0000
1785483574.010331,0.1823,-0.0,-0.0,-0.0000,0.0000,-0.0000,0.0000,-0.0000
1785483574.029253,0.0189,-0.0,-0.0,-0.0000,0.0000,-0.0000,0.0000,-0.0000
1785483574.256914,0.2277,-0.0,-0.0,-0.0000,0.0000,-0.0000,0.0000,-0.0000
1785483574.256948,0.0000,-0.0,-0.0,-0.0000,0.0000,-0.0000,0.0000,-0.0000
1785483574.345964,0.0890,-0.0,-0.0,-0.0000,0.0000,-0.0000,0.0000,-0.0000
1785483574.524724,0.1788,-0.0,-0.0,-0.0000,0.0000,-0.0000,0.0000,-0.0000
1785483574.538348,0.0136,-0.0,-0.0,-0.0000,0.0000,-0.0000,0.0000,-0.0000
1785483574.760226,0.2219,-30.068960189819336,-0.0,-0.0882,0.5111,-0.0194,-0.0022,0.1134
1785483574.760261,0.0000,-5.4550909996032715,-0.0,-0.0160,0.0927,-0.0194,-0.0022,0.1134
1785483574.840308,0.0800,0.18183636665344238,-0.0,0.0005,-0.0031,-0.0194,-0.0022,0.1132
1785483575.012033,0.1717,-0.0,-0.0,-0.0000,0.0000,-0.0194,-0.0022,0.1132
1785483575.042926,0.0309,-0.0,-0.0,-0.0000,0.0000,-0.0194,-0.0022,0.1132
1785483575.269250,0.2263,-0.0,-0.0,-0.0000,0.0000,-0.0194,-0.0022,0.1132
1785483575.269293,0.0000,-0.0,-0.0,-0.0000,0.0000,-0.0194,-0.0022,0.1132
1785483575.349554,0.0803,-10.910181999206543,-0.0,-0.0320,0.1855,-0.0219,-0.0025,0.1280
1785483575.527357,0.1778,-23.456892013549805,-0.0,-0.0688,0.3987,-0.0339,-0.0050,0.1989
1785483575.548424,0.0211,-0.0,-0.0,-0.0000,0.0000,-0.0339,-0.0050,0.1989
1785483575.838204,0.2898,-0.0,-0.0,-0.0000,0.0000,-0.0339,-0.0050,0.1989
1785483575.838234,0.0000,-0.0,-0.0,-0.0000,0.0000,-0.0339,-0.0050,0.1989
1785483575.860488,0.0223,-0.0,-0.0,-0.0000,0.0000,-0.0339,-0.0050,0.1989
1785483575.962982,0.1025,-28.18463706970215,-0.0,-0.0826,0.4791,-0.0421,-0.0070,0.2480
1785483576.062739,0.0998,-40.91318130493164,-0.0,-0.1200,0.6954,-0.0535,-0.0108,0.3174
1785483576.164706,0.1020,-34.36707305908203,-0.0,-0.1008,0.5842,-0.0631,-0.0146,0.3770
1785483576.266834,0.1021,-0.9091818928718567,-0.0,-0.0027,0.0155,-0.0633,-0.0147,0.3786
1785483576.370283,0.1034,-0.0,-0.0,-0.0000,0.0000,-0.0633,-0.0147,0.3786
1785483576.466942,0.0967,-0.0,-0.0,-0.0000,0.0000,-0.0633,-0.0147,0.3786
1785483576.571340,0.1044,-0.0,-0.0,-0.0000,0.0000,-0.0633,-0.0147,0.3786
1785483576.673255,0.1019,-0.0,-0.0,-0.0000,0.0000,-0.0633,-0.0147,0.3786
1785483576.762134,0.0889,-2.7275454998016357,-0.0,-0.0080,0.0464,-0.0640,-0.0149,0.3827
1785483576.862686,0.1006,-40.91318130493164,-0.0,-0.1200,0.6954,-0.0748,-0.0202,0.4526
1785483576.965503,0.1028,-39.7918586730957,-0.0,-0.1167,0.6764,-0.0852,-0.0262,0.5222
1785483577.064754,0.0993,-37.09461975097656,-0.0,-0.1088,0.6305,-0.0942,-0.0321,0.5847
1785483577.164361,0.0996,-1.6365272998809814,-0.0,-0.0048,0.0278,-0.0946,-0.0324,0.5875
1785483577.271330,0.1070,-0.0,-0.0,-0.0000,0.0000,-0.0946,-0.0324,0.5875
1785483577.370074,0.0987,-0.0,-0.0,-0.0000,0.0000,-0.0946,-0.0324,0.5875
1785483577.471493,0.1014,-0.0,-0.0,-0.0000,0.0000,-0.0946,-0.0324,0.5875
1785483577.595286,0.1238,-0.0,-0.0,-0.0000,0.0000,-0.0946,-0.0324,0.5875
1785483577.702341,0.1071,-12.546709060668945,-0.0,-0.0368,0.2133,-0.0978,-0.0347,0.6103
1785483577.774770,0.0724,-41.77244567871094,-0.0,-0.1225,0.7100,-0.1048,-0.0401,0.6618
1785483577.877279,0.1025,-39.458492279052734,-0.0,-0.1157,0.6707,-0.1137,-0.0480,0.7305
1785483577.976854,0.0996,-26.366273880004883,-0.0,-0.0773,0.4482,-0.1192,-0.0534,0.7751
1785483578.076643,0.0998,-0.18365472555160522,-0.36730945110321045,-0.0016,-0.0031,-0.1193,-0.0535,0.7748
1785483578.177290,0.1006,-0.0,-0.0,-0.0000,0.0000,-0.1193,-0.0535,0.7748
1785483578.276839,0.0995,-0.0,-0.0,-0.0000,0.0000,-0.1193,-0.0535,0.7748
1785483578.380258,0.1034,-0.0,-0.0,-0.0000,0.0000,-0.1193,-0.0535,0.7748
1785483578.481384,0.1011,-0.0,-0.0,-0.0000,0.0000,-0.1193,-0.0535,0.7748
1785483578.579275,0.0979,-0.0,-0.0,-0.0000,0.0000,-0.1193,-0.0535,0.7748
1785483578.688966,0.1097,-0.0,-0.0,-0.0000,0.0000,-0.1193,-0.0535,0.7748
1785483578.779024,0.0901,-0.0,-0.0,-0.0000,0.0000,-0.1193,-0.0535,0.7748
1785483578.879482,0.1005,-0.0,-0.0,-0.0000,0.0000,-0.1193,-0.0535,0.7748
1785483578.982942,0.1035,-0.0,-0.0,-0.0000,0.0000,-0.1193,-0.0535,0.7748
1785483579.080639,0.0977,-0.0,-0.0,-0.0000,0.0000,-0.1193,-0.0535,0.7748
1785483579.183203,0.1026,-0.0,-0.0,-0.0000,0.0000,-0.1193,-0.0535,0.7748
1785483579.285828,0.1026,-0.0,-0.0,-0.0000,0.0000,-0.1193,-0.0535,0.7748
1785483579.383185,0.0974,-0.0,-0.0,-0.0000,0.0000,-0.1193,-0.0535,0.7748
1785483579.486362,0.1032,-13.637727737426758,4.727745532989502,-0.0261,0.3122,-0.1212,-0.0555,0.8070
1785483579.590595,0.1042,-41.82236862182617,17.819963455200195,-0.0704,1.0138,-0.1256,-0.0613,0.9127
1785483579.693222,0.1026,-39.822166442871094,16.18343734741211,-0.0693,0.9520,-0.1294,-0.0673,1.0104
1785483579.789868,0.0966,-30.003000259399414,12.183035850524902,-0.0523,0.7171,-0.1318,-0.0718,1.0797
1785483579.889316,0.0994,-0.0,-0.18183636665344238,-0.0005,-0.0031,-0.1318,-0.0718,1.0794
1785483579.990193,0.1009,-0.0,-0.36367273330688477,-0.0011,-0.0062,-0.1319,-0.0719,1.0788
1785483580.092440,0.1022,-0.0,-0.0,-0.0000,0.0000,-0.1319,-0.0719,1.0788
1785483580.192028,0.0996,-0.0,-0.0,-0.0000,0.0000,-0.1319,-0.0719,1.0788
1785483580.294277,0.1022,-0.0,-0.0,-0.0000,0.0000,-0.1319,-0.0719,1.0788
1785483580.396142,0.1019,-12.364872932434082,11.819364547729492,-0.0016,0.4111,-0.1320,-0.0720,1.1207
1785483580.494244,0.0981,-42.00419998168945,26.002599716186523,-0.0469,1.1560,-0.1335,-0.0764,1.2341
1785483580.601511,0.1073,-39.822166442871094,27.457292556762695,-0.0363,1.1436,-0.1343,-0.0802,1.3567
1785483580.698476,0.0970,-26.72994613647461,17.45629119873047,-0.0272,0.7511,-0.1347,-0.0828,1.4296
1785483580.799633,0.1012,-0.18183636665344238,-0.0,-0.0005,0.0031,-0.1347,-0.0828,1.4299
1785483580.900405,0.1008,-0.0,-0.0,-0.0000,0.0000,-0.1347,-0.0828,1.4299
1785483581.001100,0.1007,-0.0,-0.0,-0.0000,0.0000,-0.1347,-0.0828,1.4299
1785483581.105258,0.1042,-0.0,-0.0,-0.0000,0.0000,-0.1347,-0.0828,1.4299
1785483581.208239,0.1030,-0.0,-0.0,-0.0000,0.0000,-0.1347,-0.0828,1.4299
1785483581.304304,0.0961,-0.0,-0.0,-0.0000,0.0000,-0.1347,-0.0828,1.4299
1785483581.404901,0.1006,-0.0,-0.0,-0.0000,0.0000,-0.1347,-0.0828,1.4299
1785483581.508436,0.1035,-0.0,-0.0,-0.0000,0.0000,-0.1347,-0.0828,1.4299
1785483581.607375,0.0989,-0.0,-0.0,-0.0000,0.0000,-0.1347,-0.0828,1.4299
1785483581.709793,0.1024,-0.0,-0.0,-0.0000,0.0000,-0.1347,-0.0828,1.4299
1785483581.811452,0.1017,-0.0,-0.0,-0.0000,0.0000,-0.1347,-0.0828,1.4299
1785483581.913321,0.1019,-0.0,-0.0,-0.0000,0.0000,-0.1347,-0.0828,1.4299
1785483582.012870,0.0995,-0.0,-0.0,-0.0000,0.0000,-0.1347,-0.0828,1.4299
1785483582.113403,0.1005,-0.0,-0.0,-0.0000,0.0000,-0.1347,-0.0828,1.4299
1785483582.214895,0.1015,-0.0,-0.0,-0.0000,0.0000,-0.1347,-0.0828,1.4299
1785483582.315792,0.1009,-0.0,-0.0,-0.0000,0.0000,-0.1347,-0.0828,1.4299
1785483582.417802,0.1020,-0.0,-0.0,-0.0000,0.0000,-0.1347,-0.0828,1.4299
1785483582.520428,0.1026,-0.0,-0.0,-0.0000,0.0000,-0.1347,-0.0828,1.4299
1785483582.617227,0.0968,-0.0,-0.0,-0.0000,0.0000,-0.1347,-0.0828,1.4299
1785483582.725243,0.1080,-0.0,-0.0,-0.0000,0.0000,-0.1347,-0.0828,1.4299
1785483582.821194,0.0960,-20.183837890625,12.546709060668945,-0.0224,0.5564,-0.1349,-0.0850,1.4833
1785483582.929368,0.1082,-41.15226364135742,24.99744987487793,-0.0474,1.1244,-0.1347,-0.0901,1.6049
1785483583.033349,0.1040,-39.6118049621582,24.127187728881836,-0.0454,1.0834,-0.1340,-0.0948,1.7175
1785483583.132160,0.0988,-18.72914695739746,16.00160026550293,-0.0080,0.5904,-0.1338,-0.0956,1.7759
1785483583.232177,0.1000,-0.0,-0.36367273330688477,-0.0011,-0.0062,-0.1338,-0.0957,1.7753
1785483583.338372,0.1062,-0.0,-0.0,-0.0000,0.0000,-0.1338,-0.0957,1.7753
1785483583.433860,0.0955,-0.0,-0.0,-0.0000,0.0000,-0.1338,-0.0957,1.7753
1785483583.542347,0.1085,-0.0,-0.0,-0.0000,0.0000,-0.1338,-0.0957,1.7753
1785483583.640839,0.0985,-0.0,-0.0,-0.0000,0.0000,-0.1338,-0.0957,1.7753
1785483583.742593,0.1018,-0.0,-0.0,-0.0000,0.0000,-0.1338,-0.0957,1.7753
1785483583.843812,0.1012,-0.0,-0.0,-0.0000,0.0000,-0.1338,-0.0957,1.7753
1785483583.947186,0.1034,-0.0,-0.0,-0.0000,0.0000,-0.1338,-0.0957,1.7753
1785483584.050449,0.1033,-0.0,-0.0,-0.0000,0.0000,-0.1338,-0.0957,1.7753
1785483584.150542,0.1001,-0.0,-0.0,-0.0000,0.0000,-0.1338,-0.0957,1.7753
1785483584.252571,0.1020,-0.0,-0.0,-0.0000,0.0000,-0.1338,-0.0957,1.7753
1785483584.356886,0.1043,-30.670339584350586,20.2020206451416,-0.0307,0.8647,-0.1329,-0.0987,1.8655
1785483584.455630,0.0987,-40.731346130371094,28.366474151611328,-0.0363,1.1745,-0.1315,-0.1020,1.9814
1785483584.548735,0.0931,-39.458492279052734,38.91298294067383,-0.0016,1.3322,-0.1314,-0.1021,2.1055
1785483584.660453,0.1117,-10.5465087890625,10.5465087890625,0.0000,0.3585,-0.1314,-0.1021,2.1455
1785483584.749359,0.0889,-0.0,-0.0,-0.0000,0.0000,-0.1314,-0.1021,2.1455
1785483584.851381,0.1020,-0.0,-0.18183636665344238,-0.0005,-0.0031,-0.1314,-0.1022,2.1452
1785483584.951843,0.1005,-0.0,-0.0,-0.0000,0.0000,-0.1314,-0.1022,2.1452
1785483585.052279,0.1004,-0.0,-0.0,-0.0000,0.0000,-0.1314,-0.1022,2.1452
1785483585.153871,0.1016,-0.0,-0.0,-0.0000,0.0000,-0.1314,-0.1022,2.1452
1785483585.258345,0.1045,-0.0,-0.0,-0.0000,0.0000,-0.1314,-0.1022,2.1452
1785483585.358475,0.1001,-0.0,-0.0,-0.0000,0.0000,-0.1314,-0.1022,2.1452
1785483585.457194,0.0987,-0.0,-0.0,-0.0000,0.0000,-0.1314,-0.1022,2.1452
1785483585.565427,0.1082,-0.0,-0.0,-0.0000,0.0000,-0.1314,-0.1022,2.1452
1785483585.662196,0.0968,-0.0,-0.0,-0.0000,0.0000,-0.1314,-0.1022,2.1452
1785483585.760666,0.0985,-0.0,-0.0,-0.0000,0.0000,-0.1314,-0.1022,2.1452
1785483585.865162,0.1045,-0.0,-0.0,-0.0000,0.0000,-0.1314,-0.1022,2.1452
1785483585.964338,0.0992,-0.0,-0.0,-0.0000,0.0000,-0.1314,-0.1022,2.1452
1785483586.063756,0.0994,-0.0,-0.0,-0.0000,0.0000,-0.1314,-0.1022,2.1452
1785483586.263082,0.1993,-0.0,-0.0,-0.0000,0.0000,-0.1314,-0.1022,2.1452
1785483586.267956,0.0049,-0.0,-0.0,-0.0000,0.0000,-0.1314,-0.1022,2.1452
1785483586.534992,0.2670,-0.0,-0.0,-0.0000,0.0000,-0.1314,-0.1022,2.1452
1785483586.535033,0.0000,-0.0,-0.0,-0.0000,0.0000,-0.1314,-0.1022,2.1452
1785483586.578412,0.0434,-0.0,-0.0,-0.0000,0.0000,-0.1314,-0.1022,2.1452
1785483586.765613,0.1872,-0.0,-0.0,-0.0000,0.0000,-0.1314,-0.1022,2.1452
1785483586.774763,0.0092,-0.0,-0.0,-0.0000,0.0000,-0.1314,-0.1022,2.1452
1785483587.014723,0.2400,-0.0,-0.0,-0.0000,0.0000,-0.1314,-0.1022,2.1452
1785483587.014763,0.0000,-0.0,-0.0,-0.0000,0.0000,-0.1314,-0.1022,2.1452
1785483587.080302,0.0655,-0.0,-0.0,-0.0000,0.0000,-0.1314,-0.1022,2.1452
1785483587.258797,0.1785,-0.0,-0.0,-0.0000,0.0000,-0.1314,-0.1022,2.1452
1785483587.284221,0.0254,-0.0,-0.0,-0.0000,0.0000,-0.1314,-0.1022,2.1452
1785483587.507376,0.2232,-0.0,-0.0,-0.0000,0.0000,-0.1314,-0.1022,2.1452
1785483587.507416,0.0000,-0.0,-0.0,-0.0000,0.0000,-0.1314,-0.1022,2.1452
1785483587.581965,0.0745,-0.0,-0.0,-0.0000,0.0000,-0.1314,-0.1022,2.1452
1785483587.765300,0.1833,-0.0,-0.0,-0.0000,0.0000,-0.1314,-0.1022,2.1452
1785483587.784291,0.0190,-0.0,-0.0,-0.0000,0.0000,-0.1314,-0.1022,2.1452
1785483588.015169,0.2309,-0.0,-0.0,-0.0000,0.0000,-0.1314,-0.1022,2.1452
1785483588.015208,0.0000,-0.0,-0.0,-0.0000,0.0000,-0.1314,-0.1022,2.1452
1785483588.086618,0.0714,-0.0,-0.0,-0.0000,0.0000,-0.1314,-0.1022,2.1452
1785483588.268713,0.1821,-0.0,-0.0,-0.0000,0.0000,-0.1314,-0.1022,2.1452
1785483588.288586,0.0199,-0.0,-0.0,-0.0000,0.0000,-0.1314,-0.1022,2.1452
1785483588.520174,0.2316,-0.0,-0.0,-0.0000,0.0000,-0.1314,-0.1022,2.1452
1785483588.520247,0.0001,-0.0,-0.0,-0.0000,0.0000,-0.1314,-0.1022,2.1452
1785483588.605895,0.0856,-0.0,-0.0,-0.0000,0.0000,-0.1314,-0.1022,2.1452
1785483588.774776,0.1689,-0.0,-0.0,-0.0000,0.0000,-0.1314,-0.1022,2.1452
1785483588.795431,0.0207,-0.0,-0.0,-0.0000,0.0000,-0.1314,-0.1022,2.1452
1785483589.081759,0.2863,-0.0,-0.0,-0.0000,0.0000,-0.1314,-0.1022,2.1452
1785483589.081805,0.0000,-0.0,-0.0,-0.0000,0.0000,-0.1314,-0.1022,2.1452
1785483589.097258,0.0155,-0.0,-0.0,-0.0000,0.0000,-0.1314,-0.1022,2.1452
1785483589.274950,0.1777,-0.0,-0.0,-0.0000,0.0000,-0.1314,-0.1022,2.1452
1785483589.331050,0.0561,-0.0,-0.0,-0.0000,0.0000,-0.1314,-0.1022,2.1452
1785483589.531059,0.2000,-0.0,-0.0,-0.0000,0.0000,-0.1314,-0.1022,2.1452
1785483589.531104,0.0000,-0.0,-0.0,-0.0000,0.0000,-0.1314,-0.1022,2.1452
1785483589.606068,0.0750,-0.0,-0.0,-0.0000,0.0000,-0.1314,-0.1022,2.1452
1785483589.780819,0.1748,-0.0,-0.0,-0.0000,0.0000,-0.1314,-0.1022,2.1452
1785483589.804878,0.0241,-0.0,-0.0,-0.0000,0.0000,-0.1314,-0.1022,2.1452
1785483590.026185,0.2213,-0.0,-0.0,-0.0000,0.0000,-0.1314,-0.1022,2.1452
1785483590.026228,0.0000,-0.0,-0.0,-0.0000,0.0000,-0.1314,-0.1022,2.1452
1785483590.109648,0.0834,-0.0,-0.0,-0.0000,0.0000,-0.1314,-0.1022,2.1452
1785483590.294427,0.1848,-0.0,-0.0,-0.0000,0.0000,-0.1314,-0.1022,2.1452
1785483590.317824,0.0234,-0.0,-0.0,-0.0000,0.0000,-0.1314,-0.1022,2.1452
1785483590.544426,0.2266,-0.0,-0.0,-0.0000,0.0000,-0.1314,-0.1022,2.1452
1785483590.553351,0.0089,-0.0,-0.0,-0.0000,0.0000,-0.1314,-0.1022,2.1452
1785483590.861697,0.3083,-0.0,-0.0,-0.0000,0.0000,-0.1314,-0.1022,2.1452
1785483590.861739,0.0000,-0.0,-0.0,-0.0000,0.0000,-0.1314,-0.1022,2.1452
1785483590.861750,0.0000,-0.0,-0.0,-0.0000,0.0000,-0.1314,-0.1022,2.1452
1785483590.922495,0.0607,-0.0,-0.0,-0.0000,0.0000,-0.1314,-0.1022,2.1452
1785483591.024913,0.1024,-0.0,-0.0,-0.0000,0.0000,-0.1314,-0.1022,2.1452
1785483591.142589,0.1177,-0.0,-0.0,-0.0000,0.0000,-0.1314,-0.1022,2.1452
1785483591.223031,0.0804,-0.0,-0.0,-0.0000,0.0000,-0.1314,-0.1022,2.1452
1785483591.324590,0.1016,-0.0,-0.0,-0.0000,0.0000,-0.1314,-0.1022,2.1452
1785483591.426846,0.1023,-0.0,-0.0,-0.0000,0.0000,-0.1314,-0.1022,2.1452
1785483591.526990,0.1001,-22.54770851135254,20.911184310913086,-0.0048,0.7387,-0.1311,-0.1026,2.2192
1785483591.630105,0.1031,-40.91318130493164,37.09461975097656,-0.0112,1.3260,-0.1302,-0.1034,2.3559
1785483591.736793,0.1067,-5.091418266296387,1.6365272998809814,-0.0101,0.1144,-0.1295,-0.1041,2.3681
1785483591.838107,0.1013,0.18005365133285522,-0.0,0.0005,-0.0031,-0.1295,-0.1041,2.3678
1785483591.935452,0.0973,-0.0,-0.0,-0.0000,0.0000,-0.1295,-0.1041,2.3678
1785483592.054894,0.1194,-0.0,-0.0,-0.0000,0.0000,-0.1295,-0.1041,2.3678
1785483592.136766,0.0819,-0.0,-0.0,-0.0000,0.0000,-0.1295,-0.1041,2.3678
1785483592.238691,0.1019,-0.0,-0.0,-0.0000,0.0000,-0.1295,-0.1041,2.3678
1785483592.356188,0.1175,-0.0,-0.0,-0.0000,0.0000,-0.1295,-0.1041,2.3678
1785483592.458679,0.1025,-0.0,-0.0,-0.0000,0.0000,-0.1295,-0.1041,2.3678
1785483592.547020,0.0883,-0.0,-0.0,-0.0000,0.0000,-0.1295,-0.1041,2.3678
1785483592.651696,0.1047,-0.0,-0.0,-0.0000,0.0000,-0.1295,-0.1041,2.3678
1785483592.753307,0.1016,-0.0,-0.0,-0.0000,0.0000,-0.1295,-0.1041,2.3678
1785483592.851672,0.0984,-0.0,-0.0,-0.0000,0.0000,-0.1295,-0.1041,2.3678
1785483592.953769,0.1021,-0.0,-0.0,-0.0000,0.0000,-0.1295,-0.1041,2.3678
1785483593.057307,0.1035,-0.0,-0.0,-0.0000,0.0000,-0.1295,-0.1041,2.3678
1785483593.180961,0.1237,-0.0,-0.0,-0.0000,0.0000,-0.1295,-0.1041,2.3678
1785483593.247349,0.0664,-0.0,-0.0,-0.0000,0.0000,-0.1295,-0.1041,2.3678
1785483593.350291,0.1029,-0.0,-0.0,-0.0000,0.0000,-0.1295,-0.1041,2.3678
1785483593.450907,0.1006,-0.0,-0.0,-0.0000,0.0000,-0.1295,-0.1041,2.3678
1785483593.551322,0.1004,-0.0,-0.0,-0.0000,0.0000,-0.1295,-0.1041,2.3678
1785483593.652586,0.1013,-0.0,-0.0,-0.0000,0.0000,-0.1295,-0.1041,2.3678
1785483593.753637,0.1011,-0.0,-0.0,-0.0000,0.0000,-0.1295,-0.1041,2.3678
1785483593.856347,0.1027,-0.0,-0.0,-0.0000,0.0000,-0.1295,-0.1041,2.3678
1785483593.958312,0.1020,-0.0,-0.0,-0.0000,0.0000,-0.1295,-0.1041,2.3678
1785483594.056787,0.0985,-12.546709060668945,11.819364547729492,-0.0021,0.4142,-0.1294,-0.1042,2.4086
1785483594.159372,0.1026,-41.8732795715332,11.386592864990234,-0.0894,0.9053,-0.1220,-0.1097,2.5015
1785483594.258016,0.0986,-6.244260787963867,1.8365472555160522,-0.0129,0.1374,-0.1210,-0.1105,2.5150
1785483594.358212,0.1002,-0.0,-0.36367273330688477,-0.0011,-0.0062,-0.1209,-0.1105,2.5144
1785483594.460453,0.1022,-0.0,-0.18005365133285522,-0.0005,-0.0031,-0.1208,-0.1106,2.5141
1785483594.564568,0.1041,-0.0,-0.0,-0.0000,0.0000,-0.1208,-0.1106,2.5141
1785483594.675865,0.1113,-0.0,-0.0,-0.0000,0.0000,-0.1208,-0.1106,2.5141
1785483594.766350,0.0905,-0.0,-0.0,-0.0000,0.0000,-0.1208,-0.1106,2.5141
1785483594.866730,0.1004,-0.0,-0.0,-0.0000,0.0000,-0.1208,-0.1106,2.5141
1785483594.972938,0.1062,-0.0,-0.0,-0.0000,0.0000,-0.1208,-0.1106,2.5141
1785483595.069204,0.0963,-0.0,-0.0,-0.0000,0.0000,-0.1208,-0.1106,2.5141
1785483595.171005,0.1018,-0.0,-0.0,-0.0000,0.0000,-0.1208,-0.1106,2.5141
1785483595.272924,0.1019,-0.0,-0.0,-0.0000,0.0000,-0.1208,-0.1106,2.5141
1785483595.375936,0.1030,-0.0,-0.0,-0.0000,0.0000,-0.1208,-0.1106,2.5141
1785483595.475590,0.0997,-0.0,-0.0,-0.0000,0.0000,-0.1208,-0.1106,2.5141
1785483595.578149,0.1026,-0.0,-0.0,-0.0000,0.0000,-0.1208,-0.1106,2.5141
1785483595.674592,0.0964,0.36367273330688477,-0.36367273330688477,0.0000,-0.0124,-0.1208,-0.1106,2.5129
1785483595.775480,0.1009,39.64032745361328,-21.45669174194336,0.0533,-1.0385,-0.1248,-0.1070,2.4081
1785483595.876582,0.1011,41.27685546875,-21.093017578125,0.0592,-1.0602,-0.1288,-0.1025,2.3009
1785483595.977408,0.1008,40.731346130371094,-38.54930877685547,0.0064,-1.3476,-0.1292,-0.1020,2.1651
1785483596.079008,0.1016,10.910181999206543,-5.818763732910156,0.0149,-0.2844,-0.1300,-0.1007,2.1362
1785483596.179465,0.1005,-0.0,-0.0,-0.0000,0.0000,-0.1300,-0.1007,2.1362
1785483596.282822,0.1034,-0.0,-0.0,-0.0000,0.0000,-0.1300,-0.1007,2.1362
1785483596.382448,0.0996,-0.0,-0.0,-0.0000,0.0000,-0.1300,-0.1007,2.1362
1785483596.482811,0.1004,-0.0,-0.0,-0.0000,0.0000,-0.1300,-0.1007,2.1362
1785483596.582807,0.1000,-0.0,-0.0,-0.0000,0.0000,-0.1300,-0.1007,2.1362
1785483596.687660,0.1049,-0.0,-0.0,-0.0000,0.0000,-0.1300,-0.1007,2.1362
1785483596.785300,0.0976,-0.0,-0.0,-0.0000,0.0000,-0.1300,-0.1007,2.1362
1785483596.886371,0.1011,-0.0,-0.0,-0.0000,0.0000,-0.1300,-0.1007,2.1362
1785483596.990370,0.1040,-0.0,-0.0,-0.0000,0.0000,-0.1300,-0.1007,2.1362
1785483597.102218,0.1118,-20.365673065185547,11.819364547729492,-0.0251,0.5471,-0.1284,-0.1030,2.1974
1785483597.193149,0.0909,-41.2322883605957,18.9056339263916,-0.0655,1.0222,-0.1244,-0.1074,2.2903
1785483597.292800,0.0997,-10.72834587097168,0.18183636665344238,-0.0309,0.1855,-0.1224,-0.1097,2.3088
1785483597.395581,0.1028,-0.0,-0.5455090999603271,-0.0016,-0.0093,-0.1223,-0.1098,2.3078
1785483597.495110,0.0995,-0.0,-0.0,-0.0000,0.0000,-0.1223,-0.1098,2.3078
1785483597.601791,0.1067,-0.0,-0.0,-0.0000,0.0000,-0.1223,-0.1098,2.3078
1785483597.728357,0.1266,-0.0,-0.0,-0.0000,0.0000,-0.1223,-0.1098,2.3078
1785483597.847282,0.1189,-0.0,-0.0,-0.0000,0.0000,-0.1223,-0.1098,2.3078
1785483597.928724,0.0814,-0.0,-0.0,-0.0000,0.0000,-0.1223,-0.1098,2.3078
1785483598.000458,0.0717,-26.366273880004883,12.728546142578125,-0.0400,0.6645,-0.1202,-0.1119,2.3555
1785483598.102086,0.1016,-35.63992691040039,24.00240135192871,-0.0341,1.0138,-0.1175,-0.1140,2.4585
1785483598.202432,0.1003,-0.7273454666137695,1.0910181999206543,0.0011,0.0309,-0.1176,-0.1140,2.4616
1785483598.305598,0.1032,-0.0,-0.0,-0.0000,0.0000,-0.1176,-0.1140,2.4616
1785483598.406956,0.1014,-0.0,-0.0,-0.0000,0.0000,-0.1176,-0.1140,2.4616
1785483598.505234,0.0983,-0.0,-0.0,-0.0000,0.0000,-0.1176,-0.1140,2.4616
1785483598.608883,0.1036,-0.0,-0.0,-0.0000,0.0000,-0.1176,-0.1140,2.4616
1785483598.712012,0.1031,-0.0,-0.0,-0.0000,0.0000,-0.1176,-0.1140,2.4616
1785483598.811423,0.0994,-0.0,-0.0,-0.0000,0.0000,-0.1176,-0.1140,2.4616
1785483598.914339,0.1029,-0.0,-0.0,-0.0000,0.0000,-0.1176,-0.1140,2.4616
1785483599.018431,0.1041,2.8808584213256836,-2.7008047103881836,0.0005,-0.0949,-0.1177,-0.1139,2.4518
1785483599.118879,0.1004,42.73154830932617,-32.185035705566406,0.0309,-1.2734,-0.1198,-0.1117,2.3239
1785483599.217128,0.0982,12.728546142578125,-11.45569133758545,0.0037,-0.4111,-0.1200,-0.1114,2.2835
1785483599.314557,0.0974,-0.0,-0.0,-0.0000,0.0000,-0.1200,-0.1114,2.2835
1785483599.417213,0.1027,-0.0,-0.0,-0.0000,0.0000,-0.1200,-0.1114,2.2835
1785483599.520371,0.1032,-0.0,-0.0,-0.0000,0.0000,-0.1200,-0.1114,2.2835
1785483599.619188,0.0988,-0.0,-0.0,-0.0000,0.0000,-0.1200,-0.1114,2.2835
1785483599.729541,0.1104,-0.0,-0.0,-0.0000,0.0000,-0.1200,-0.1114,2.2835
1785483599.826391,0.0968,-0.0,-0.0,-0.0000,0.0000,-0.1200,-0.1114,2.2835
1785483599.923090,0.0967,-0.0,-0.0,-0.0000,0.0000,-0.1200,-0.1114,2.2835
1785483600.024336,0.1012,-0.0,-0.0,-0.0000,0.0000,-0.1200,-0.1114,2.2835
1785483600.127661,0.1033,-30.068960189819336,4.681394577026367,-0.0744,0.5907,-0.1146,-0.1169,2.3445
1785483600.242641,0.1150,-29.821165084838867,5.091418266296387,-0.0725,0.5934,-0.1084,-0.1225,2.4127
1785483600.329249,0.0866,-0.18183636665344238,-0.18183636665344238,-0.0011,0.0000,-0.1084,-0.1225,2.4127
1785483600.432584,0.1033,-0.0,-0.18183636665344238,-0.0005,-0.0031,-0.1083,-0.1226,2.4124
1785483600.533904,0.1013,-0.0,-0.0,-0.0000,0.0000,-0.1083,-0.1226,2.4124
1785483600.637330,0.1034,-0.0,-0.0,-0.0000,0.0000,-0.1083,-0.1226,2.4124
1785483600.741388,0.1041,-0.0,-0.0,-0.0000,0.0000,-0.1083,-0.1226,2.4124
1785483600.842699,0.1013,-0.0,-0.0,-0.0000,0.0000,-0.1083,-0.1226,2.4124
1785483600.944176,0.1015,-0.0,-0.0,-0.0000,0.0000,-0.1083,-0.1226,2.4124
1785483601.047646,0.1035,-0.0,-0.0,-0.0000,0.0000,-0.1083,-0.1226,2.4124
1785483601.267973,0.2203,-0.0,-0.0,-0.0000,0.0000,-0.1083,-0.1226,2.4124
1785483601.268010,0.0000,-0.0,-0.0,-0.0000,0.0000,-0.1083,-0.1226,2.4124
1785483601.355289,0.0873,-0.0,-0.0,-0.0000,0.0000,-0.1083,-0.1226,2.4124
1785483601.518285,0.1630,-0.0,-0.0,-0.0000,0.0000,-0.1083,-0.1226,2.4124
1785483601.561457,0.0432,-0.0,-0.0,-0.0000,0.0000,-0.1083,-0.1226,2.4124
1785483601.766288,0.2048,-0.0,-0.0,-0.0000,0.0000,-0.1083,-0.1226,2.4124
1785483601.766337,0.0000,-0.0,-0.0,-0.0000,0.0000,-0.1083,-0.1226,2.4124
1785483601.850055,0.0837,-0.0,-0.0,-0.0000,0.0000,-0.1083,-0.1226,2.4124
1785483602.014678,0.1646,-0.0,-0.0,-0.0000,0.0000,-0.1083,-0.1226,2.4124
1785483602.054764,0.0401,-0.0,-0.0,-0.0000,0.0000,-0.1083,-0.1226,2.4124
1785483602.271767,0.2170,-0.0,-0.0,-0.0000,0.0000,-0.1083,-0.1226,2.4124
1785483602.271804,0.0000,-0.0,-0.0,-0.0000,0.0000,-0.1083,-0.1226,2.4124
1785483602.358302,0.0865,12.910381317138672,-11.819364547729492,0.0032,-0.4204,-0.1085,-0.1224,2.3761
1785483602.523422,0.1651,43.39292907714844,-35.4705696105957,0.0232,-1.3405,-0.1106,-0.1192,2.1547
1785483602.567247,0.0438,40.731346130371094,-30.54850959777832,0.0299,-1.2116,-0.1113,-0.1180,2.1016
1785483602.789839,0.2226,11.092019081115723,-10.182836532592773,0.0027,-0.3616,-0.1116,-0.1175,2.0211
1785483602.789874,0.0000,-0.0,-0.0,-0.0000,0.0000,-0.1116,-0.1175,2.0211
1785483602.864361,0.0745,-0.0,-0.0,-0.0000,0.0000,-0.1116,-0.1175,2.0211
1785483603.027178,0.1628,-0.0,-0.0,-0.0000,0.0000,-0.1116,-0.1175,2.0211
1785483603.066641,0.0395,-0.0,-0.0,-0.0000,0.0000,-0.1116,-0.1175,2.0211
1785483603.282790,0.2161,-0.0,-0.0,-0.0000,0.0000,-0.1116,-0.1175,2.0211
1785483603.282829,0.0000,-0.0,-0.0,-0.0000,0.0000,-0.1116,-0.1175,2.0211
1785483603.368477,0.0856,-0.0,-0.0,-0.0000,0.0000,-0.1116,-0.1175,2.0211
1785483603.531394,0.1629,-0.0,-0.0,-0.0000,0.0000,-0.1116,-0.1175,2.0211
1785483603.581090,0.0497,-0.0,-0.0,-0.0000,0.0000,-0.1116,-0.1175,2.0211
1785483603.784216,0.2031,-26.54810905456543,14.728745460510254,-0.0347,0.7016,-0.1076,-0.1233,2.1636
1785483603.784248,0.0000,-0.18183636665344238,-0.18183636665344238,-0.0011,0.0000,-0.1076,-0.1233,2.1636
1785483603.875186,0.0909,-0.0,-0.0,-0.0000,0.0000,-0.1076,-0.1233,2.1636
1785483604.035238,0.1601,-0.0,-0.0,-0.0000,0.0000,-0.1076,-0.1233,2.1636
1785483604.082321,0.0471,-0.0,-0.0,-0.0000,0.0000,-0.1076,-0.1233,2.1636
1785483604.285960,0.2036,-0.0,-0.0,-0.0000,0.0000,-0.1076,-0.1233,2.1636
1785483604.285995,0.0000,-0.0,-0.0,-0.0000,0.0000,-0.1076,-0.1233,2.1636
1785483604.384614,0.0986,-0.0,-0.0,-0.0000,0.0000,-0.1076,-0.1233,2.1636
1785483604.554486,0.1699,-27.731863021850586,7.713498115539551,-0.0587,0.6025,-0.1012,-0.1310,2.2660
1785483604.580322,0.0258,-40.54950714111328,30.366674423217773,-0.0299,1.2054,-0.1007,-0.1316,2.2971
1785483604.794755,0.2144,-4.182236194610596,1.8183637857437134,-0.0069,0.1020,-0.0997,-0.1327,2.3190
1785483604.794792,0.0000,-0.0,-0.36367273330688477,-0.0011,-0.0062,-0.0997,-0.1327,2.3190
1785483604.889608,0.0948,-0.0,-0.0,-0.0000,0.0000,-0.0997,-0.1327,2.3190
1785483605.053957,0.1643,-0.0,-0.0,-0.0000,0.0000,-0.0997,-0.1327,2.3190
1785483605.088957,0.0350,-0.0,-0.0,-0.0000,0.0000,-0.0997,-0.1327,2.3190
1785483605.299083,0.2101,-0.0,-0.0,-0.0000,0.0000,-0.0997,-0.1327,2.3190
1785483605.299122,0.0000,-0.0,-0.0,-0.0000,0.0000,-0.0997,-0.1327,2.3190
1785483605.390033,0.0909,-0.0,-0.0,-0.0000,0.0000,-0.0997,-0.1327,2.3190
1785483605.559087,0.1691,-0.0,-0.0,-0.0000,0.0000,-0.0997,-0.1327,2.3190
1785483605.592879,0.0338,-0.0,-0.0,-0.0000,0.0000,-0.0997,-0.1327,2.3190
1785483605.862551,0.2697,-0.0,-0.0,-0.0000,0.0000,-0.0997,-0.1327,2.3190
1785483605.862591,0.0000,-0.0,-0.0,-0.0000,0.0000,-0.0997,-0.1327,2.3190
1785483605.895138,0.0325,-0.0,-0.0,-0.0000,0.0000,-0.0997,-0.1327,2.3190
1785483605.997250,0.1021,-0.0,-0.0,-0.0000,0.0000,-0.0997,-0.1327,2.3190
1785483606.098161,0.1009,-0.0,-0.0,-0.0000,0.0000,-0.0997,-0.1327,2.3190
1785483606.196269,0.0981,-0.0,-0.0,-0.0000,0.0000,-0.0997,-0.1327,2.3190
1785483606.302022,0.1058,-0.0,-0.0,-0.0000,0.0000,-0.0997,-0.1327,2.3190
1785483606.400218,0.0982,-0.0,-0.0,-0.0000,0.0000,-0.0997,-0.1327,2.3190
1785483606.503416,0.1032,-0.0,-0.0,-0.0000,0.0000,-0.0997,-0.1327,2.3190
1785483606.605629,0.1022,-0.0,-0.0,-0.0000,0.0000,-0.0997,-0.1327,2.3190
1785483606.701979,0.0963,-20.183837890625,18.183637619018555,-0.0059,0.6522,-0.0993,-0.1331,2.3818
1785483606.805308,0.1033,-40.91318130493164,4.545909404754639,-0.1066,0.7727,-0.0907,-0.1400,2.4617
1785483606.904503,0.0992,-10.5465087890625,1.6365272998809814,-0.0261,0.2071,-0.0887,-0.1416,2.4822
1785483607.007432,0.1029,-0.0,-0.18365472555160522,-0.0005,-0.0031,-0.0886,-0.1416,2.4819
1785483607.106916,0.0995,-0.0,-0.0,-0.0000,0.0000,-0.0886,-0.1416,2.4819
1785483607.222635,0.1157,-0.0,-0.0,-0.0000,0.0000,-0.0886,-0.1416,2.4819
1785483607.311639,0.0890,-0.0,-0.0,-0.0000,0.0000,-0.0886,-0.1416,2.4819
1785483607.452253,0.1406,-0.0,-0.0,-0.0000,0.0000,-0.0886,-0.1416,2.4819
1785483607.579816,0.1276,5.818763732910156,-5.27325439453125,0.0016,-0.1885,-0.0888,-0.1415,2.4578
1785483607.610551,0.0307,42.6727180480957,-38.89158630371094,0.0111,-1.3864,-0.0891,-0.1412,2.4152
1785483607.726231,0.1157,5.4550909996032715,-5.636927127838135,-0.0005,-0.1885,-0.0890,-0.1413,2.3934
1785483607.814205,0.0880,-0.0,-0.18183636665344238,-0.0005,-0.0031,-0.0890,-0.1413,2.3931
1785483607.915040,0.1008,-0.0,-0.0,-0.0000,0.0000,-0.0890,-0.1413,2.3931
1785483608.017488,0.1024,-0.0,-0.0,-0.0000,0.0000,-0.0890,-0.1413,2.3931
1785483608.116323,0.0988,-0.0,-0.0,-0.0000,0.0000,-0.0890,-0.1413,2.3931
1785483608.240348,0.1240,-0.0,-0.0,-0.0000,0.0000,-0.0890,-0.1413,2.3931
1785483608.320694,0.0803,-0.0,-0.0,-0.0000,0.0000,-0.0890,-0.1413,2.3931
1785483608.421130,0.1004,-0.0,-0.0,-0.0000,0.0000,-0.0890,-0.1413,2.3931
1785483608.528861,0.1077,-0.0,-0.0,-0.0000,0.0000,-0.0890,-0.1413,2.3931
1785483608.624568,0.0957,-0.0,-0.0,-0.0000,0.0000,-0.0890,-0.1413,2.3931
1785483608.731761,0.1072,-0.0,-0.0,-0.0000,0.0000,-0.0890,-0.1413,2.3931
1785483608.830399,0.0986,-0.0,-0.0,-0.0000,0.0000,-0.0890,-0.1413,2.3931
1785483608.934856,0.1045,-0.0,-0.0,-0.0000,0.0000,-0.0890,-0.1413,2.3931
1785483609.033288,0.0984,-0.0,-0.0,-0.0000,0.0000,-0.0890,-0.1413,2.3931
1785483609.138388,0.1051,-0.0,-0.0,-0.0000,0.0000,-0.0890,-0.1413,2.3931
1785483609.239021,0.1006,-0.0,-0.0,-0.0000,0.0000,-0.0890,-0.1413,2.3931
1785483609.341184,0.1022,-0.0,-0.0,-0.0000,0.0000,-0.0890,-0.1413,2.3931
1785483609.442940,0.1018,-0.0,-0.0,-0.0000,0.0000,-0.0890,-0.1413,2.3931
1785483609.542833,0.0999,-0.0,-0.0,-0.0000,0.0000,-0.0890,-0.1413,2.3931
1785483609.648147,0.1053,-0.0,-0.0,-0.0000,0.0000,-0.0890,-0.1413,2.3931
1785483609.750329,0.1022,-0.0,-0.0,-0.0000,0.0000,-0.0890,-0.1413,2.3931
1785483609.836786,0.0865,-0.0,-0.0,-0.0000,0.0000,-0.0890,-0.1413,2.3931
1785483609.939611,0.1028,-0.0,-0.0,-0.0000,0.0000,-0.0890,-0.1413,2.3931
1785483610.042416,0.1028,-0.0,-0.0,-0.0000,0.0000,-0.0890,-0.1413,2.3931
1785483610.140049,0.0976,-0.0,-0.0,-0.0000,0.0000,-0.0890,-0.1413,2.3931
1785483610.240333,0.1003,-0.0,-0.0,-0.0000,0.0000,-0.0890,-0.1413,2.3931
1785483610.344638,0.1043,-0.0,-0.0,-0.0000,0.0000,-0.0890,-0.1413,2.3931
1785483610.446666,0.1020,-0.0,-0.0,-0.0000,0.0000,-0.0890,-0.1413,2.3931
1785483610.547059,0.1004,-0.0,-0.0,-0.0000,0.0000,-0.0890,-0.1413,2.3931
1785483610.790326,0.2433,-0.0,-0.0,-0.0000,0.0000,-0.0890,-0.1413,2.3931
1785483610.790359,0.0000,-0.0,-0.0,-0.0000,0.0000,-0.0890,-0.1413,2.3931
1785483610.848920,0.0586,-0.0,-0.0,-0.0000,0.0000,-0.0890,-0.1413,2.3931
1785483611.032652,0.1837,-0.0,-0.0,-0.0000,0.0000,-0.0890,-0.1413,2.3931
1785483611.054111,0.0215,-0.0,-0.0,-0.0000,0.0000,-0.0890,-0.1413,2.3931
1785483611.283543,0.2294,-0.0,-0.0,-0.0000,0.0000,-0.0890,-0.1413,2.3931
1785483611.283579,0.0000,-0.0,-0.0,-0.0000,0.0000,-0.0890,-0.1413,2.3931
1785483611.364054,0.0805,-0.0,-0.0,-0.0000,0.0000,-0.0890,-0.1413,2.3931
1785483611.526951,0.1629,-0.0,-0.0,-0.0000,0.0000,-0.0890,-0.1413,2.3931
1785483611.562574,0.0356,-0.0,-0.0,-0.0000,0.0000,-0.0890,-0.1413,2.3931
1785483611.764924,0.2024,-0.0,-0.0,-0.0000,0.0000,-0.0890,-0.1413,2.3931
1785483611.764955,0.0000,-0.0,-0.0,-0.0000,0.0000,-0.0890,-0.1413,2.3931
1785483612.012902,0.2479,-0.0,-0.0,-0.0000,0.0000,-0.0890,-0.1413,2.3931
1785483612.012948,0.0000,-0.0,-0.0,-0.0000,0.0000,-0.0890,-0.1413,2.3931
1785483612.065204,0.0523,-0.0,-0.0,-0.0000,0.0000,-0.0890,-0.1413,2.3931
1785483612.269914,0.2047,-0.0,-0.0,-0.0000,0.0000,-0.0890,-0.1413,2.3931
1785483612.269947,0.0000,-0.0,-0.0,-0.0000,0.0000,-0.0890,-0.1413,2.3931
1785483612.366811,0.0969,-0.0,-0.0,-0.0000,0.0000,-0.0890,-0.1413,2.3931
1785483612.522402,0.1556,-0.0,-0.0,-0.0000,0.0000,-0.0890,-0.1413,2.3931
1785483612.576992,0.0546,-0.0,-0.0,-0.0000,0.0000,-0.0890,-0.1413,2.3931
1785483612.775533,0.1985,-0.0,-0.0,-0.0000,0.0000,-0.0890,-0.1413,2.3931
1785483612.775564,0.0000,-0.0,-0.0,-0.0000,0.0000,-0.0890,-0.1413,2.3931
1785483612.874070,0.0985,-0.0,-0.0,-0.0000,0.0000,-0.0890,-0.1413,2.3931
1785483613.027249,0.1532,-0.0,-0.0,-0.0000,0.0000,-0.0890,-0.1413,2.3931
1785483613.079936,0.0527,-0.0,-0.0,-0.0000,0.0000,-0.0890,-0.1413,2.3931
1785483613.279757,0.1998,-0.0,-0.0,-0.0000,0.0000,-0.0890,-0.1413,2.3931
1785483613.279787,0.0000,-0.0,-0.0,-0.0000,0.0000,-0.0890,-0.1413,2.3931
1785483613.542406,0.2626,-0.0,-0.0,-0.0000,0.0000,-0.0890,-0.1413,2.3931
1785483613.542449,0.0000,-0.0,-0.0,-0.0000,0.0000,-0.0890,-0.1413,2.3931
1785483613.587119,0.0447,-0.0,-0.0,-0.0000,0.0000,-0.0890,-0.1413,2.3931
1785483613.783422,0.1963,-0.0,-0.0,-0.0000,0.0000,-0.0890,-0.1413,2.3931
1785483613.790514,0.0071,-0.0,-0.0,-0.0000,0.0000,-0.0890,-0.1413,2.3931
1785483614.069408,0.2789,-0.0,-0.0,-0.0000,0.0000,-0.0890,-0.1413,2.3931
1785483614.069449,0.0000,-0.0,-0.0,-0.0000,0.0000,-0.0890,-0.1413,2.3931
1785483614.088414,0.0190,-0.0,-0.0,-0.0000,0.0000,-0.0890,-0.1413,2.3931
1785483614.291779,0.2034,-0.0,-0.0,-0.0000,0.0000,-0.0890,-0.1413,2.3931
1785483614.294789,0.0030,-0.0,-0.0,-0.0000,0.0000,-0.0890,-0.1413,2.3931
1785483614.538172,0.2434,-0.0,-0.0,-0.0000,0.0000,-0.0890,-0.1413,2.3931
1785483614.538214,0.0000,-0.0,-0.0,-0.0000,0.0000,-0.0890,-0.1413,2.3931
1785483614.610191,0.0720,-0.0,-0.0,-0.0000,0.0000,-0.0890,-0.1413,2.3931
1785483614.795840,0.1856,-0.0,-0.0,-0.0000,0.0000,-0.0890,-0.1413,2.3931
1785483614.795872,0.0000,-0.0,-0.0,-0.0000,0.0000,-0.0890,-0.1413,2.3931
1785483615.045578,0.2497,-0.0,-0.0,-0.0000,0.0000,-0.0890,-0.1413,2.3931
1785483615.045618,0.0000,-0.0,-0.0,-0.0000,0.0000,-0.0890,-0.1413,2.3931
1785483615.098733,0.0531,-0.0,-0.0,-0.0000,0.0000,-0.0890,-0.1413,2.3931
1785483615.360312,0.2616,-0.0,-0.0,-0.0000,0.0000,-0.0890,-0.1413,2.3931
1785483615.360344,0.0000,-0.0,-0.0,-0.0000,0.0000,-0.0890,-0.1413,2.3931
1785483615.401362,0.0410,-0.0,-0.0,-0.0000,0.0000,-0.0890,-0.1413,2.3931
1785483615.505080,0.1037,-0.0,-0.0,-0.0000,0.0000,-0.0890,-0.1413,2.3931
1785483615.611405,0.1063,-0.0,-0.0,-0.0000,0.0000,-0.0890,-0.1413,2.3931
1785483615.703770,0.0924,-0.0,-0.0,-0.0000,0.0000,-0.0890,-0.1413,2.3931
1785483615.806120,0.1023,-0.0,-0.0,-0.0000,0.0000,-0.0890,-0.1413,2.3931
1785483615.906296,0.1002,-0.0,-0.0,-0.0000,0.0000,-0.0890,-0.1413,2.3931
1785483616.012094,0.1058,-0.0,-0.0,-0.0000,0.0000,-0.0890,-0.1413,2.3931
1785483616.254734,0.2426,-0.0,-0.0,-0.0000,0.0000,-0.0890,-0.1413,2.3931
1785483616.254778,0.0000,-0.0,-0.0,-0.0000,0.0000,-0.0890,-0.1413,2.3931
1785483616.310010,0.0552,-0.0,-0.0,-0.0000,0.0000,-0.0890,-0.1413,2.3931
1785483616.515748,0.2057,-0.0,-0.0,-0.0000,0.0000,-0.0890,-0.1413,2.3931
1785483616.524674,0.0089,-0.0,-0.0,-0.0000,0.0000,-0.0890,-0.1413,2.3931
1785483616.785332,0.2607,-0.0,-0.0,-0.0000,0.0000,-0.0890,-0.1413,2.3931
1785483616.785369,0.0000,-0.0,-0.0,-0.0000,0.0000,-0.0890,-0.1413,2.3931
1785483616.817692,0.0323,-0.0,-0.0,-0.0000,0.0000,-0.0890,-0.1413,2.3931
1785483617.029856,0.2122,-0.0,-0.0,-0.0000,0.0000,-0.0890,-0.1413,2.3931
1785483617.029992,0.0001,-0.0,-0.0,-0.0000,0.0000,-0.0890,-0.1413,2.3931
1785483617.255477,0.2255,-0.0,-0.0,-0.0000,0.0000,-0.0890,-0.1413,2.3931
1785483617.255512,0.0000,-0.0,-0.0,-0.0000,0.0000,-0.0890,-0.1413,2.3931
1785483617.343006,0.0875,-0.0,-0.0,-0.0000,0.0000,-0.0890,-0.1413,2.3931
1785483617.508677,0.1657,-0.0,-0.0,-0.0000,0.0000,-0.0890,-0.1413,2.3931
1785483617.555158,0.0465,-0.0,-0.0,-0.0000,0.0000,-0.0890,-0.1413,2.3931
1785483617.800501,0.2453,-0.0,-0.0,-0.0000,0.0000,-0.0890,-0.1413,2.3931
1785483617.800538,0.0000,-0.0,-0.0,-0.0000,0.0000,-0.0890,-0.1413,2.3931
1785483617.841241,0.0407,-0.0,-0.0,-0.0000,0.0000,-0.0890,-0.1413,2.3931
1785483618.054717,0.2135,-0.0,-0.0,-0.0000,0.0000,-0.0890,-0.1413,2.3931
1785483618.054757,0.0000,-0.0,-0.0,-0.0000,0.0000,-0.0890,-0.1413,2.3931
1785483618.281924,0.2272,-0.0,-0.0,-0.0000,0.0000,-0.0890,-0.1413,2.3931
1785483618.281960,0.0000,-0.0,-0.0,-0.0000,0.0000,-0.0890,-0.1413,2.3931
1785483618.367369,0.0854,-0.0,-0.0,-0.0000,0.0000,-0.0890,-0.1413,2.3931
1785483618.557929,0.1906,-0.0,-0.0,-0.0000,0.0000,-0.0890,-0.1413,2.3931
1785483618.566140,0.0082,-0.0,-0.0,-0.0000,0.0000,-0.0890,-0.1413,2.3931
1785483618.823199,0.2571,-0.0,-0.0,-0.0000,0.0000,-0.0890,-0.1413,2.3931
1785483618.823233,0.0000,-0.0,-0.0,-0.0000,0.0000,-0.0890,-0.1413,2.3931
1785483618.877924,0.0547,-0.0,-0.0,-0.0000,0.0000,-0.0890,-0.1413,2.3931
1785483619.069689,0.1918,-0.0,-0.0,-0.0000,0.0000,-0.0890,-0.1413,2.3931
1785483619.069731,0.0000,-0.0,-0.0,-0.0000,0.0000,-0.0890,-0.1413,2.3931
1785483619.281134,0.2114,-0.0,-0.0,-0.0000,0.0000,-0.0890,-0.1413,2.3931
1785483619.281229,0.0001,-0.0,-0.0,-0.0000,0.0000,-0.0890,-0.1413,2.3931
1785483619.343670,0.0624,-0.0,-0.0,-0.0000,0.0000,-0.0890,-0.1413,2.3931
1785483619.543543,0.1999,-0.0,-0.0,-0.0000,0.0000,-0.0890,-0.1413,2.3931
1785483619.548669,0.0051,-0.0,-0.0,-0.0000,0.0000,-0.0890,-0.1413,2.3931
1785483619.806250,0.2576,-0.0,-0.0,-0.0000,0.0000,-0.0890,-0.1413,2.3931
1785483619.806283,0.0000,-0.0,-0.0,-0.0000,0.0000,-0.0890,-0.1413,2.3931
1785483619.850865,0.0446,-0.0,-0.0,-0.0000,0.0000,-0.0890,-0.1413,2.3931
1785483620.036608,0.1857,-0.0,-0.0,-0.0000,0.0000,-0.0890,-0.1413,2.3931
1785483620.054691,0.0181,-0.0,-0.0,-0.0000,0.0000,-0.0890,-0.1413,2.3931
1785483620.292524,0.2378,-0.0,-0.0,-0.0000,0.0000,-0.0890,-0.1413,2.3931
1785483620.292562,0.0000,-0.0,-0.0,-0.0000,0.0000,-0.0890,-0.1413,2.3931
1785483620.359494,0.0669,-0.0,-0.0,-0.0000,0.0000,-0.0890,-0.1413,2.3931
1785483620.545343,0.1858,-0.0,-0.0,-0.0000,0.0000,-0.0890,-0.1413,2.3931
1785483620.558862,0.0135,-0.0,-0.0,-0.0000,0.0000,-0.0890,-0.1413,2.3931
1785483620.862056,0.3032,-0.0,-0.0,-0.0000,0.0000,-0.0890,-0.1413,2.3931
1785483620.862095,0.0000,-0.0,-0.0,-0.0000,0.0000,-0.0890,-0.1413,2.3931
1785483620.862105,0.0000,-0.0,-0.0,-0.0000,0.0000,-0.0890,-0.1413,2.3931
1785483620.962274,0.1002,-0.0,-0.0,-0.0000,0.0000,-0.0890,-0.1413,2.3931
1785483621.086320,0.1240,-0.0,-0.0,-0.0000,0.0000,-0.0890,-0.1413,2.3931
1785483621.162744,0.0764,-0.0,-0.0,-0.0000,0.0000,-0.0890,-0.1413,2.3931
1785483621.293488,0.1307,-0.0,-0.0,-0.0000,0.0000,-0.0890,-0.1413,2.3931
1785483621.364383,0.0709,-0.0,-0.0,-0.0000,0.0000,-0.0890,-0.1413,2.3931
1785483621.474115,0.1097,-0.0,-0.0,-0.0000,0.0000,-0.0890,-0.1413,2.3931
1785483621.567233,0.0931,-0.0,-0.0,-0.0000,0.0000,-0.0890,-0.1413,2.3931
1785483621.667250,0.1000,-0.0,-0.0,-0.0000,0.0000,-0.0890,-0.1413,2.3931
1785483621.774326,0.1071,-0.0,-0.0,-0.0000,0.0000,-0.0890,-0.1413,2.3931
1785483621.870651,0.0963,-0.0,-0.0,-0.0000,0.0000,-0.0890,-0.1413,2.3931
1785483621.980313,0.1097,-0.0,-0.0,-0.0000,0.0000,-0.0890,-0.1413,2.3931
1785483622.077620,0.0973,-0.0,-0.0,-0.0000,0.0000,-0.0890,-0.1413,2.3931
1785483622.191334,0.1137,-0.0,-0.0,-0.0000,0.0000,-0.0890,-0.1413,2.3931
1785483622.275969,0.0846,-0.0,-0.0,-0.0000,0.0000,-0.0890,-0.1413,2.3931
1785483622.383249,0.1073,-0.0,-0.0,-0.0000,0.0000,-0.0890,-0.1413,2.3931
1785483622.476529,0.0933,-0.0,-0.0,-0.0000,0.0000,-0.0890,-0.1413,2.3931
1785483622.580440,0.1039,-0.0,-0.0,-0.0000,0.0000,-0.0890,-0.1413,2.3931
1785483622.682365,0.1019,-0.0,-0.0,-0.0000,0.0000,-0.0890,-0.1413,2.3931
1785483622.954067,0.2717,-0.0,-0.0,-0.0000,0.0000,-0.0890,-0.1413,2.3931
1785483622.954096,0.0000,-0.0,-0.0,-0.0000,0.0000,-0.0890,-0.1413,2.3931
1785483622.989102,0.0350,-0.0,-0.0,-0.0000,0.0000,-0.0890,-0.1413,2.3931
1785483623.102178,0.1131,-0.0,-0.0,-0.0000,0.0000,-0.0890,-0.1413,2.3931
1785483623.182177,0.0800,-0.0,-0.0,-0.0000,0.0000,-0.0890,-0.1413,2.3931
1785483623.286144,0.1040,-0.0,-0.0,-0.0000,0.0000,-0.0890,-0.1413,2.3931
1785483623.388191,0.1020,-0.0,-0.0,-0.0000,0.0000,-0.0890,-0.1413,2.3931
1785483623.490090,0.1019,-0.0,-0.0,-0.0000,0.0000,-0.0890,-0.1413,2.3931
1785483623.588958,0.0989,-0.0,-0.0,-0.0000,0.0000,-0.0890,-0.1413,2.3931
1785483623.699826,0.1109,-0.0,-0.0,-0.0000,0.0000,-0.0890,-0.1413,2.3931
1785483623.793452,0.0936,-0.0,-0.0,-0.0000,0.0000,-0.0890,-0.1413,2.3931
1785483623.893398,0.0999,-0.0,-0.0,-0.0000,0.0000,-0.0890,-0.1413,2.3931
1785483623.993270,0.0999,-0.0,-0.0,-0.0000,0.0000,-0.0890,-0.1413,2.3931
1785483624.095975,0.1027,-0.0,-0.0,-0.0000,0.0000,-0.0890,-0.1413,2.3931
1785483624.197407,0.1014,-0.0,-0.0,-0.0000,0.0000,-0.0890,-0.1413,2.3931
1785483624.300391,0.1030,-0.0,-0.0,-0.0000,0.0000,-0.0890,-0.1413,2.3931
1785483624.397412,0.0970,-0.0,-0.0,-0.0000,0.0000,-0.0890,-0.1413,2.3931
1785483624.498479,0.1011,-0.0,-0.0,-0.0000,0.0000,-0.0890,-0.1413,2.3931
1785483624.601400,0.1029,-0.0,-0.0,-0.0000,0.0000,-0.0890,-0.1413,2.3931
1785483624.704203,0.1028,-0.0,-0.0,-0.0000,0.0000,-0.0890,-0.1413,2.3931
1785483624.806606,0.1024,-0.0,-0.0,-0.0000,0.0000,-0.0890,-0.1413,2.3931
1785483624.908318,0.1017,-0.0,-0.0,-0.0000,0.0000,-0.0890,-0.1413,2.3931
1785483625.010619,0.1023,-0.0,-0.0,-0.0000,0.0000,-0.0890,-0.1413,2.3931
1785483625.110152,0.0995,-0.0,-0.0,-0.0000,0.0000,-0.0890,-0.1413,2.3931
1785483625.217234,0.1071,-0.0,-0.0,-0.0000,0.0000,-0.0890,-0.1413,2.3931
1785483625.317326,0.1001,-0.0,-0.0,-0.0000,0.0000,-0.0890,-0.1413,2.3931
1785483625.419272,0.1019,-0.0,-0.0,-0.0000,0.0000,-0.0890,-0.1413,2.3931
1785483625.520377,0.1011,-0.0,-0.0,-0.0000,0.0000,-0.0890,-0.1413,2.3931
1785483625.629688,0.1093,-0.0,-0.0,-0.0000,0.0000,-0.0890,-0.1413,2.3931
1785483625.723811,0.0941,-0.0,-0.0,-0.0000,0.0000,-0.0890,-0.1413,2.3931
1785483625.830344,0.1065,-0.0,-0.0,-0.0000,0.0000,-0.0890,-0.1413,2.3931
1785483625.927812,0.0975,-0.0,-0.0,-0.0000,0.0000,-0.0890,-0.1413,2.3931
1785483626.020884,0.0931,-0.0,-0.0,-0.0000,0.0000,-0.0890,-0.1413,2.3931
1785483626.134340,0.1135,-0.0,-0.0,-0.0000,0.0000,-0.0890,-0.1413,2.3931
1785483626.234061,0.0997,-0.0,-0.0,-0.0000,0.0000,-0.0890,-0.1413,2.3931
1785483626.365048,0.1310,-0.0,-0.0,-0.0000,0.0000,-0.0890,-0.1413,2.3931
1785483626.425224,0.0602,-0.0,-0.0,-0.0000,0.0000,-0.0890,-0.1413,2.3931
1785483626.542109,0.1169,-0.0,-0.0,-0.0000,0.0000,-0.0890,-0.1413,2.3931
1785483626.630031,0.0879,-0.0,-0.0,-0.0000,0.0000,-0.0890,-0.1413,2.3931
1785483626.733421,0.1034,-0.0,-0.0,-0.0000,0.0000,-0.0890,-0.1413,2.3931
1785483626.828646,0.0952,-0.0,-0.0,-0.0000,0.0000,-0.0890,-0.1413,2.3931
1785483626.949287,0.1206,-0.0,-0.0,-0.0000,0.0000,-0.0890,-0.1413,2.3931
1785483627.030853,0.0816,-0.0,-0.0,-0.0000,0.0000,-0.0890,-0.1413,2.3931
1785483627.130531,0.0997,-0.0,-0.0,-0.0000,0.0000,-0.0890,-0.1413,2.3931
1785483627.233037,0.1025,-0.0,-0.0,-0.0000,0.0000,-0.0890,-0.1413,2.3931
1785483627.332522,0.0995,-0.0,-0.0,-0.0000,0.0000,-0.0890,-0.1413,2.3931
1785483627.432669,0.1001,-0.0,-0.0,-0.0000,0.0000,-0.0890,-0.1413,2.3931
1785483627.534623,0.1020,-0.0,-0.0,-0.0000,0.0000,-0.0890,-0.1413,2.3931
1785483627.637423,0.1028,-0.0,-0.0,-0.0000,0.0000,-0.0890,-0.1413,2.3931
1785483627.737792,0.1004,-0.0,-0.0,-0.0000,0.0000,-0.0890,-0.1413,2.3931
1785483627.841684,0.1039,-0.0,-0.0,-0.0000,0.0000,-0.0890,-0.1413,2.3931
1785483627.944410,0.1027,-0.0,-0.0,-0.0000,0.0000,-0.0890,-0.1413,2.3931
1785483628.049260,0.1049,-0.0,-0.0,-0.0000,0.0000,-0.0890,-0.1413,2.3931
1785483628.145767,0.0965,-0.0,-0.0,-0.0000,0.0000,-0.0890,-0.1413,2.3931
1785483628.249368,0.1036,-0.0,-0.0,-0.0000,0.0000,-0.0890,-0.1413,2.3931
1785483628.350896,0.1015,-0.0,-0.0,-0.0000,0.0000,-0.0890,-0.1413,2.3931
1785483628.448428,0.0975,-0.0,-0.0,-0.0000,0.0000,-0.0890,-0.1413,2.3931
1785483628.554455,0.1060,-0.0,-0.0,-0.0000,0.0000,-0.0890,-0.1413,2.3931
1785483628.648952,0.0945,-0.0,-0.0,-0.0000,0.0000,-0.0890,-0.1413,2.3931
1785483628.751153,0.1022,-0.0,-0.0,-0.0000,0.0000,-0.0890,-0.1413,2.3931
1785483628.854371,0.1032,-0.0,-0.0,-0.0000,0.0000,-0.0890,-0.1413,2.3931
1785483628.955630,0.1013,-0.0,-0.0,-0.0000,0.0000,-0.0890,-0.1413,2.3931
1785483629.078219,0.1226,-0.0,-0.0,-0.0000,0.0000,-0.0890,-0.1413,2.3931
1785483629.154878,0.0767,-0.0,-0.0,-0.0000,0.0000,-0.0890,-0.1413,2.3931
1785483629.260347,0.1055,-0.0,-0.0,-0.0000,0.0000,-0.0890,-0.1413,2.3931
1785483629.361210,0.1009,-0.0,-0.0,-0.0000,0.0000,-0.0890,-0.1413,2.3931
1785483629.461077,0.0999,-0.0,-0.0,-0.0000,0.0000,-0.0890,-0.1413,2.3931
1785483629.564292,0.1032,-0.0,-0.0,-0.0000,0.0000,-0.0890,-0.1413,2.3931
1785483629.662453,0.0982,-0.0,-0.0,-0.0000,0.0000,-0.0890,-0.1413,2.3931
1785483629.764111,0.1017,-0.0,-0.0,-0.0000,0.0000,-0.0890,-0.1413,2.3931
1785483629.867320,0.1032,-0.0,-0.0,-0.0000,0.0000,-0.0890,-0.1413,2.3931
1785483629.966249,0.0989,-0.0,-0.0,-0.0000,0.0000,-0.0890,-0.1413,2.3931
1785483630.067415,0.1012,-0.0,-0.0,-0.0000,0.0000,-0.0890,-0.1413,2.3931
1785483630.169414,0.1020,-0.0,-0.0,-0.0000,0.0000,-0.0890,-0.1413,2.3931
1785483630.269777,0.1004,-0.0,-0.0,-0.0000,0.0000,-0.0890,-0.1413,2.3931
1785483630.370274,0.1005,-0.0,-0.0,-0.0000,0.0000,-0.0890,-0.1413,2.3931
1785483630.473140,0.1029,-0.0,-0.0,-0.0000,0.0000,-0.0890,-0.1413,2.3931
1785483630.572643,0.0995,-0.0,-0.0,-0.0000,0.0000,-0.0890,-0.1413,2.3931
1785483630.673324,0.1007,-0.0,-0.0,-0.0000,0.0000,-0.0890,-0.1413,2.3931
1785483630.774119,0.1008,-0.0,-0.0,-0.0000,0.0000,-0.0890,-0.1413,2.3931
1785483630.873496,0.0994,-0.0,-0.0,-0.0000,0.0000,-0.0890,-0.1413,2.3931
1785483630.975842,0.1023,-0.0,-0.0,-0.0000,0.0000,-0.0890,-0.1413,2.3931
1785483631.075510,0.0997,-0.0,-0.0,-0.0000,0.0000,-0.0890,-0.1413,2.3931
1785483631.256454,0.1809,-0.0,-0.0,-0.0000,0.0000,-0.0890,-0.1413,2.3931
1785483631.277143,0.0207,-0.0,-0.0,-0.0000,0.0000,-0.0890,-0.1413,2.3931
1785483631.531615,0.2545,-0.0,-0.0,-0.0000,0.0000,-0.0890,-0.1413,2.3931
1785483631.531695,0.0001,-0.0,-0.0,-0.0000,0.0000,-0.0890,-0.1413,2.3931
1785483631.582417,0.0507,-0.0,-0.0,-0.0000,0.0000,-0.0890,-0.1413,2.3931
1785483631.767309,0.1849,-0.0,-0.0,-0.0000,0.0000,-0.0890,-0.1413,2.3931
1785483631.785764,0.0185,-0.0,-0.0,-0.0000,0.0000,-0.0890,-0.1413,2.3931
1785483632.003173,0.2174,-0.0,-0.0,-0.0000,0.0000,-0.0890,-0.1413,2.3931
1785483632.003231,0.0001,-0.0,-0.0,-0.0000,0.0000,-0.0890,-0.1413,2.3931
1785483632.095262,0.0920,-0.0,-0.0,-0.0000,0.0000,-0.0890,-0.1413,2.3931
1785483632.247392,0.1521,-0.0,-0.0,-0.0000,0.0000,-0.0890,-0.1413,2.3931
1785483632.298749,0.0514,-0.0,-0.0,-0.0000,0.0000,-0.0890,-0.1413,2.3931
1785483632.499813,0.2011,-0.0,-0.0,-0.0000,0.0000,-0.0890,-0.1413,2.3931
1785483632.499873,0.0001,-0.0,-0.0,-0.0000,0.0000,-0.0890,-0.1413,2.3931
1785483632.596155,0.0963,-0.0,-0.0,-0.0000,0.0000,-0.0890,-0.1413,2.3931
1785483632.757370,0.1612,-0.0,-0.0,-0.0000,0.0000,-0.0890,-0.1413,2.3931
1785483632.797358,0.0400,-0.0,-0.0,-0.0000,0.0000,-0.0890,-0.1413,2.3931
1785483633.012060,0.2147,-0.0,-0.0,-0.0000,0.0000,-0.0890,-0.1413,2.3931
1785483633.012117,0.0001,-0.0,-0.0,-0.0000,0.0000,-0.0890,-0.1413,2.3931
1785483633.102806,0.0907,-0.0,-0.0,-0.0000,0.0000,-0.0890,-0.1413,2.3931
1785483633.273663,0.1709,-0.0,-0.0,-0.0000,0.0000,-0.0890,-0.1413,2.3931
1785483633.312017,0.0384,-0.0,-0.0,-0.0000,0.0000,-0.0890,-0.1413,2.3931
1785483633.515331,0.2033,-0.0,-0.0,-0.0000,0.0000,-0.0890,-0.1413,2.3931
1785483633.515400,0.0001,-0.0,-0.0,-0.0000,0.0000,-0.0890,-0.1413,2.3931
1785483633.610512,0.0951,-0.0,-0.0,-0.0000,0.0000,-0.0890,-0.1413,2.3931
1785483633.768664,0.1582,-0.0,-0.0,-0.0000,0.0000,-0.0890,-0.1413,2.3931
1785483633.811226,0.0426,-0.0,-0.0,-0.0000,0.0000,-0.0890,-0.1413,2.3931
1785483634.019019,0.2078,-0.0,-0.0,-0.0000,0.0000,-0.0890,-0.1413,2.3931
1785483634.019077,0.0001,-0.0,-0.0,-0.0000,0.0000,-0.0890,-0.1413,2.3931
1785483634.271209,0.2521,-0.0,-0.0,-0.0000,0.0000,-0.0890,-0.1413,2.3931
1785483634.271265,0.0001,-0.0,-0.0,-0.0000,0.0000,-0.0890,-0.1413,2.3931
1785483634.325598,0.0543,-0.0,-0.0,-0.0000,0.0000,-0.0890,-0.1413,2.3931
1785483634.533033,0.2074,-0.0,-0.0,-0.0000,0.0000,-0.0890,-0.1413,2.3931
1785483634.533095,0.0001,-0.0,-0.0,-0.0000,0.0000,-0.0890,-0.1413,2.3931
1785483634.774256,0.2412,-0.0,-0.0,-0.0000,0.0000,-0.0890,-0.1413,2.3931
1785483634.774310,0.0001,-0.0,-0.0,-0.0000,0.0000,-0.0890,-0.1413,2.3931
1785483634.823025,0.0487,-0.0,-0.0,-0.0000,0.0000,-0.0890,-0.1413,2.3931
1785483635.025142,0.2021,-0.0,-0.0,-0.0000,0.0000,-0.0890,-0.1413,2.3931
1785483635.025199,0.0001,-0.0,-0.0,-0.0000,0.0000,-0.0890,-0.1413,2.3931
1785483635.279938,0.2547,-0.0,-0.0,-0.0000,0.0000,-0.0890,-0.1413,2.3931
1785483635.280103,0.0002,-0.0,-0.0,-0.0000,0.0000,-0.0890,-0.1413,2.3931
1785483635.326879,0.0468,-0.0,-0.0,-0.0000,0.0000,-0.0890,-0.1413,2.3931
1785483635.535311,0.2084,-0.0,-0.0,-0.0000,0.0000,-0.0890,-0.1413,2.3931
1785483635.535356,0.0000,-0.0,-0.0,-0.0000,0.0000,-0.0890,-0.1413,2.3931
1785483635.630826,0.0955,-0.0,-0.0,-0.0000,0.0000,-0.0890,-0.1413,2.3931
1785483635.860134,0.2293,-0.0,-0.0,-0.0000,0.0000,-0.0890,-0.1413,2.3931
1785483635.860165,0.0000,-0.0,-0.0,-0.0000,0.0000,-0.0890,-0.1413,2.3931
1785483635.934215,0.0740,-0.0,-0.0,-0.0000,0.0000,-0.0890,-0.1413,2.3931
1785483636.036567,0.1024,-0.0,-0.0,-0.0000,0.0000,-0.0890,-0.1413,2.3931
1785483636.135544,0.0990,-0.0,-0.0,-0.0000,0.0000,-0.0890,-0.1413,2.3931
1785483636.236188,0.1006,-0.0,-0.0,-0.0000,0.0000,-0.0890,-0.1413,2.3931
1785483636.337641,0.1015,-0.0,-0.0,-0.0000,0.0000,-0.0890,-0.1413,2.3931
1785483636.438217,0.1006,-0.0,-0.0,-0.0000,0.0000,-0.0890,-0.1413,2.3931
1785483636.541527,0.1033,-0.0,-0.0,-0.0000,0.0000,-0.0890,-0.1413,2.3931
1785483636.643822,0.1023,-0.0,-0.0,-0.0000,0.0000,-0.0890,-0.1413,2.3931
1785483636.743795,0.1000,-0.0,-0.0,-0.0000,0.0000,-0.0890,-0.1413,2.3931
1785483636.846581,0.1028,-0.0,-0.0,-0.0000,0.0000,-0.0890,-0.1413,2.3931
1785483636.948509,0.1019,-0.0,-0.0,-0.0000,0.0000,-0.0890,-0.1413,2.3931
1785483637.046606,0.0981,-0.0,-0.0,-0.0000,0.0000,-0.0890,-0.1413,2.3931
1785483637.148525,0.1019,-0.0,-0.0,-0.0000,0.0000,-0.0890,-0.1413,2.3931
1785483637.249909,0.1014,-0.0,-0.36367273330688477,-0.0011,-0.0062,-0.0889,-0.1414,2.3925
1785483637.353734,0.1038,-0.0,-0.0,-0.0000,0.0000,-0.0889,-0.1414,2.3925
1785483637.451812,0.0981,-0.0,-0.0,-0.0000,0.0000,-0.0889,-0.1414,2.3925
1785483637.555355,0.1035,-0.0,-0.0,-0.0000,0.0000,-0.0889,-0.1414,2.3925
1785483637.654796,0.0994,-0.0,-0.0,-0.0000,0.0000,-0.0889,-0.1414,2.3925
1785483637.767977,0.1132,-0.0,-0.0,-0.0000,0.0000,-0.0889,-0.1414,2.3925
1785483637.860380,0.0924,-0.0,-0.0,-0.0000,0.0000,-0.0889,-0.1414,2.3925
1785483637.958735,0.0984,-0.0,-0.0,-0.0000,0.0000,-0.0889,-0.1414,2.3925
1785483638.067270,0.1085,-0.0,-0.0,-0.0000,0.0000,-0.0889,-0.1414,2.3925
1785483638.174225,0.1070,-0.0,-0.0,-0.0000,0.0000,-0.0889,-0.1414,2.3925
1785483638.263570,0.0893,-0.0,-0.0,-0.0000,0.0000,-0.0889,-0.1414,2.3925
1785483638.363323,0.0998,-0.0,-0.0,-0.0000,0.0000,-0.0889,-0.1414,2.3925
1785483638.471399,0.1081,-0.0,-0.0,-0.0000,0.0000,-0.0889,-0.1414,2.3925
1785483638.564564,0.0932,-0.0,-0.0,-0.0000,0.0000,-0.0889,-0.1414,2.3925
1785483638.671334,0.1068,-0.0,-0.0,-0.0000,0.0000,-0.0889,-0.1414,2.3925
1785483638.766913,0.0956,-0.0,-0.0,-0.0000,0.0000,-0.0889,-0.1414,2.3925
1785483638.904621,0.1377,-0.0,-0.0,-0.0000,0.0000,-0.0889,-0.1414,2.3925
1785483638.983256,0.0786,-0.0,-0.0,-0.0000,0.0000,-0.0889,-0.1414,2.3925
1785483639.079614,0.0964,-0.0,-0.0,-0.0000,0.0000,-0.0889,-0.1414,2.3925
1785483639.177610,0.0980,-0.0,-0.0,-0.0000,0.0000,-0.0889,-0.1414,2.3925
1785483639.278577,0.1010,-0.0,-0.0,-0.0000,0.0000,-0.0889,-0.1414,2.3925
1785483639.380273,0.1017,-0.0,-0.0,-0.0000,0.0000,-0.0889,-0.1414,2.3925
1785483639.480500,0.1002,-0.0,-0.0,-0.0000,0.0000,-0.0889,-0.1414,2.3925
1785483639.582334,0.1018,-0.0,-0.0,-0.0000,0.0000,-0.0889,-0.1414,2.3925
1785483639.685444,0.1031,-0.0,-0.0,-0.0000,0.0000,-0.0889,-0.1414,2.3925
1785483639.785387,0.0999,-0.0,-0.0,-0.0000,0.0000,-0.0889,-0.1414,2.3925
1785483639.885696,0.1003,-0.0,-0.0,-0.0000,0.0000,-0.0889,-0.1414,2.3925
1785483639.987934,0.1022,-0.0,-0.0,-0.0000,0.0000,-0.0889,-0.1414,2.3925
1785483640.086593,0.0987,-0.0,-0.0,-0.0000,0.0000,-0.0889,-0.1414,2.3925
1785483640.192005,0.1054,-0.0,-0.0,-0.0000,0.0000,-0.0889,-0.1414,2.3925
1785483640.295549,0.1035,-0.0,-0.0,-0.0000,0.0000,-0.0889,-0.1414,2.3925
1785483640.390015,0.0945,-0.0,-0.0,-0.0000,0.0000,-0.0889,-0.1414,2.3925
1785483640.507274,0.1173,-0.0,-0.0,-0.0000,0.0000,-0.0889,-0.1414,2.3925
1785483640.591358,0.0841,-0.0,-0.0,-0.0000,0.0000,-0.0889,-0.1414,2.3925
1785483640.696884,0.1055,-0.0,-0.0,-0.0000,0.0000,-0.0889,-0.1414,2.3925
1785483640.794650,0.0978,-0.0,-0.0,-0.0000,0.0000,-0.0889,-0.1414,2.3925
1785483640.897013,0.1024,-0.0,-0.0,-0.0000,0.0000,-0.0889,-0.1414,2.3925
1785483640.996845,0.0998,-0.0,-0.0,-0.0000,0.0000,-0.0889,-0.1414,2.3925
1785483641.099222,0.1024,-0.0,-0.0,-0.0000,0.0000,-0.0889,-0.1414,2.3925
1785483641.196960,0.0977,-0.0,-0.0,-0.0000,0.0000,-0.0889,-0.1414,2.3925
1785483641.361658,0.1647,-0.0,-0.0,-0.0000,0.0000,-0.0889,-0.1414,2.3925
1785483641.401924,0.0403,-0.0,-0.0,-0.0000,0.0000,-0.0889,-0.1414,2.3925
1785483641.499156,0.0972,-0.0,-0.0,-0.0000,0.0000,-0.0889,-0.1414,2.3925
1785483641.605136,0.1060,-0.0,-0.0,-0.0000,0.0000,-0.0889,-0.1414,2.3925
1785483641.700225,0.0951,-0.0,-0.0,-0.0000,0.0000,-0.0889,-0.1414,2.3925
1785483641.801862,0.1016,-0.0,-0.0,-0.0000,0.0000,-0.0889,-0.1414,2.3925
1785483641.904845,0.1030,-0.0,-0.0,-0.0000,0.0000,-0.0889,-0.1414,2.3925
1785483642.009228,0.1044,-0.0,-0.0,-0.0000,0.0000,-0.0889,-0.1414,2.3925
1785483642.107535,0.0983,-0.0,-0.0,-0.0000,0.0000,-0.0889,-0.1414,2.3925
1785483642.212091,0.1046,-0.0,-0.0,-0.0000,0.0000,-0.0889,-0.1414,2.3925
1785483642.313758,0.1017,-0.0,-0.0,-0.0000,0.0000,-0.0889,-0.1414,2.3925
1785483642.413338,0.0996,-0.0,-0.0,-0.0000,0.0000,-0.0889,-0.1414,2.3925
1785483642.520406,0.1071,-0.0,-0.0,-0.0000,0.0000,-0.0889,-0.1414,2.3925
1785483642.626021,0.1056,-0.0,-0.0,-0.0000,0.0000,-0.0889,-0.1414,2.3925
1785483642.720537,0.0945,-0.0,-0.0,-0.0000,0.0000,-0.0889,-0.1414,2.3925
1785483642.827518,0.1070,-0.0,-0.0,-0.0000,0.0000,-0.0889,-0.1414,2.3925
1785483642.925610,0.0981,-0.0,-0.0,-0.0000,0.0000,-0.0889,-0.1414,2.3925
1785483643.027572,0.1020,-0.0,-0.0,-0.0000,0.0000,-0.0889,-0.1414,2.3925
1785483643.133281,0.1057,-0.0,-0.0,-0.0000,0.0000,-0.0889,-0.1414,2.3925
1785483643.220319,0.0870,-0.0,-0.0,-0.0000,0.0000,-0.0889,-0.1414,2.3925
1785483643.321747,0.1014,-0.0,-0.0,-0.0000,0.0000,-0.0889,-0.1414,2.3925
1785483643.448507,0.1268,-0.0,-0.0,-0.0000,0.0000,-0.0889,-0.1414,2.3925
1785483643.547492,0.0990,-0.0,-0.0,-0.0000,0.0000,-0.0889,-0.1414,2.3925
1785483643.641811,0.0943,-0.0,-0.0,-0.0000,0.0000,-0.0889,-0.1414,2.3925
1785483643.740709,0.0989,-0.0,-0.0,-0.0000,0.0000,-0.0889,-0.1414,2.3925
1785483643.828914,0.0882,-0.0,-0.0,-0.0000,0.0000,-0.0889,-0.1414,2.3925
1785483643.930284,0.1014,-0.0,-0.0,-0.0000,0.0000,-0.0889,-0.1414,2.3925
1785483644.030774,0.1005,-0.0,-0.0,-0.0000,0.0000,-0.0889,-0.1414,2.3925
1785483644.136633,0.1059,-0.0,-0.0,-0.0000,0.0000,-0.0889,-0.1414,2.3925
1785483644.232494,0.0959,-0.0,-0.0,-0.0000,0.0000,-0.0889,-0.1414,2.3925
1785483644.334149,0.1017,-0.0,-0.0,-0.0000,0.0000,-0.0889,-0.1414,2.3925
1785483644.434935,0.1008,-0.0,-0.0,-0.0000,0.0000,-0.0889,-0.1414,2.3925
1785483644.543208,0.1083,-0.0,-0.0,-0.0000,0.0000,-0.0889,-0.1414,2.3925
1785483644.644878,0.1017,-0.0,-0.0,-0.0000,0.0000,-0.0889,-0.1414,2.3925
1785483644.736785,0.0919,-0.0,-0.0,-0.0000,0.0000,-0.0889,-0.1414,2.3925
1785483644.842436,0.1057,-0.0,-0.0,-0.0000,0.0000,-0.0889,-0.1414,2.3925
1785483644.941219,0.0988,-0.0,-0.0,-0.0000,0.0000,-0.0889,-0.1414,2.3925
1785483645.043264,0.1020,-0.0,-0.0,-0.0000,0.0000,-0.0889,-0.1414,2.3925
1785483645.144781,0.1015,-0.0,-0.0,-0.0000,0.0000,-0.0889,-0.1414,2.3925
1785483645.246553,0.1018,-0.0,-0.0,-0.0000,0.0000,-0.0889,-0.1414,2.3925
1785483645.347431,0.1009,-0.0,-0.0,-0.0000,0.0000,-0.0889,-0.1414,2.3925
1785483645.448886,0.1015,-0.0,-0.0,-0.0000,0.0000,-0.0889,-0.1414,2.3925
1785483645.550346,0.1015,-0.0,-0.0,-0.0000,0.0000,-0.0889,-0.1414,2.3925
1785483645.645764,0.0954,-0.0,-0.0,-0.0000,0.0000,-0.0889,-0.1414,2.3925
1785483645.748089,0.1023,-0.0,-0.0,-0.0000,0.0000,-0.0889,-0.1414,2.3925
1785483645.849576,0.1015,-0.0,-0.0,-0.0000,0.0000,-0.0889,-0.1414,2.3925
1785483645.953296,0.1037,-0.0,-0.0,-0.0000,0.0000,-0.0889,-0.1414,2.3925
1785483646.051958,0.0987,-0.0,-0.18183636665344238,-0.0005,-0.0031,-0.0889,-0.1414,2.3922
1785483646.257800,0.2058,-0.0,-0.36367273330688477,-0.0011,-0.0062,-0.0887,-0.1416,2.3909
1785483646.257842,0.0000,-0.0,-0.0,-0.0000,0.0000,-0.0887,-0.1416,2.3909
1785483646.520920,0.2631,-0.0,-0.0,-0.0000,0.0000,-0.0887,-0.1416,2.3909
1785483646.520976,0.0001,-0.0,-0.0,-0.0000,0.0000,-0.0887,-0.1416,2.3909
1785483646.556818,0.0358,-0.0,-0.0,-0.0000,0.0000,-0.0887,-0.1416,2.3909
1785483646.757671,0.2009,-0.0,-0.0,-0.0000,0.0000,-0.0887,-0.1416,2.3909
1785483646.757706,0.0000,-0.0,-0.0,-0.0000,0.0000,-0.0887,-0.1416,2.3909
1785483647.022006,0.2643,-0.0,-0.0,-0.0000,0.0000,-0.0887,-0.1416,2.3909
1785483647.022053,0.0000,-0.0,-0.0,-0.0000,0.0000,-0.0887,-0.1416,2.3909
1785483647.086685,0.0646,-0.0,-0.0,-0.0000,0.0000,-0.0887,-0.1416,2.3909
1785483647.263904,0.1772,-0.0,-0.0,-0.0000,0.0000,-0.0887,-0.1416,2.3909
1785483647.266151,0.0022,-0.0,-0.0,-0.0000,0.0000,-0.0887,-0.1416,2.3909
1785483647.514323,0.2482,-0.0,-0.0,-0.0000,0.0000,-0.0887,-0.1416,2.3909
1785483647.514377,0.0001,-0.0,-0.0,-0.0000,0.0000,-0.0887,-0.1416,2.3909
1785483647.566361,0.0520,-0.0,-0.0,-0.0000,0.0000,-0.0887,-0.1416,2.3909
1785483647.769270,0.2029,-0.0,-0.0,-0.0000,0.0000,-0.0887,-0.1416,2.3909
1785483647.789841,0.0206,-0.0,-0.0,-0.0000,0.0000,-0.0887,-0.1416,2.3909
1785483648.029391,0.2395,-0.0,-0.0,-0.0000,0.0000,-0.0887,-0.1416,2.3909
1785483648.029439,0.0000,-0.0,-0.0,-0.0000,0.0000,-0.0887,-0.1416,2.3909
1785483648.073069,0.0436,-0.0,-0.0,-0.0000,0.0000,-0.0887,-0.1416,2.3909
1785483648.278050,0.2050,-0.0,-0.0,-0.0000,0.0000,-0.0887,-0.1416,2.3909
1785483648.278085,0.0000,-0.0,-0.0,-0.0000,0.0000,-0.0887,-0.1416,2.3909
1785483648.529391,0.2513,-0.0,-0.0,-0.0000,0.0000,-0.0887,-0.1416,2.3909
1785483648.529437,0.0000,-0.0,-0.0,-0.0000,0.0000,-0.0887,-0.1416,2.3909
1785483648.579005,0.0496,-0.0,-0.0,-0.0000,0.0000,-0.0887,-0.1416,2.3909
1785483648.781438,0.2024,-0.0,-0.0,-0.0000,0.0000,-0.0887,-0.1416,2.3909
1785483648.782391,0.0010,-0.0,-0.0,-0.0000,0.0000,-0.0887,-0.1416,2.3909
1785483649.034410,0.2520,-0.0,-0.0,-0.0000,0.0000,-0.0887,-0.1416,2.3909
1785483649.034456,0.0000,-0.0,-0.0,-0.0000,0.0000,-0.0887,-0.1416,2.3909
1785483649.086485,0.0520,-0.0,-0.0,-0.0000,0.0000,-0.0887,-0.1416,2.3909
1785483649.286133,0.1996,-0.0,-0.0,-0.0000,0.0000,-0.0887,-0.1416,2.3909
1785483649.286169,0.0000,-0.0,-0.0,-0.0000,0.0000,-0.0887,-0.1416,2.3909
1785483649.545314,0.2591,-0.0,-0.0,-0.0000,0.0000,-0.0887,-0.1416,2.3909
1785483649.545364,0.0001,-0.0,-0.0,-0.0000,0.0000,-0.0887,-0.1416,2.3909
1785483649.593097,0.0477,-0.0,-0.0,-0.0000,0.0000,-0.0887,-0.1416,2.3909
1785483649.795470,0.2024,-0.0,-0.0,-0.0000,0.0000,-0.0887,-0.1416,2.3909
1785483649.799781,0.0043,-0.0,-0.0,-0.0000,0.0000,-0.0887,-0.1416,2.3909
1785483650.040171,0.2404,-0.0,-0.0,-0.0000,0.0000,-0.0887,-0.1416,2.3909
1785483650.040220,0.0000,-0.0,-0.0,-0.0000,0.0000,-0.0887,-0.1416,2.3909
1785483650.099244,0.0590,-0.0,-0.0,-0.0000,0.0000,-0.0887,-0.1416,2.3909
1785483650.304199,0.2050,-0.0,-0.0,-0.0000,0.0000,-0.0887,-0.1416,2.3909
1785483650.304233,0.0000,-0.0,-0.0,-0.0000,0.0000,-0.0887,-0.1416,2.3909
1785483650.552894,0.2487,-0.0,-0.0,-0.0000,0.0000,-0.0887,-0.1416,2.3909
1785483650.552949,0.0001,-0.0,-0.0,-0.0000,0.0000,-0.0887,-0.1416,2.3909
1785483650.605949,0.0530,-0.0,-0.0,-0.0000,0.0000,-0.0887,-0.1416,2.3909
1785483650.863311,0.2574,-0.0,-0.0,-0.0000,0.0000,-0.0887,-0.1416,2.3909
1785483650.863349,0.0000,-0.0,-0.0,-0.0000,0.0000,-0.0887,-0.1416,2.3909
1785483650.912951,0.0496,-0.0,-0.0,-0.0000,0.0000,-0.0887,-0.1416,2.3909
1785483651.015797,0.1028,-0.0,-0.0,-0.0000,0.0000,-0.0887,-0.1416,2.3909
1785483651.118110,0.1023,-0.0,-0.0,-0.0000,0.0000,-0.0887,-0.1416,2.3909
1785483651.208336,0.0902,-0.0,-0.0,-0.0000,0.0000,-0.0887,-0.1416,2.3909
1785483651.307685,0.0993,-0.0,-0.0,-0.0000,0.0000,-0.0887,-0.1416,2.3909
1785483651.411106,0.1034,-0.0,-0.0,-0.0000,0.0000,-0.0887,-0.1416,2.3909
1785483651.510776,0.0997,-0.0,-0.0,-0.0000,0.0000,-0.0887,-0.1416,2.3909
1785483651.611059,0.1003,-0.0,-0.0,-0.0000,0.0000,-0.0887,-0.1416,2.3909
1785483651.713424,0.1024,-0.0,-0.0,-0.0000,0.0000,-0.0887,-0.1416,2.3909
1785483651.815199,0.1018,-0.0,-0.0,-0.0000,0.0000,-0.0887,-0.1416,2.3909
1785483651.914892,0.0997,-0.0,-0.0,-0.0000,0.0000,-0.0887,-0.1416,2.3909
1785483652.015734,0.1008,-0.0,-0.0,-0.0000,0.0000,-0.0887,-0.1416,2.3909
1785483652.119410,0.1037,-0.0,-0.0,-0.0000,0.0000,-0.0887,-0.1416,2.3909
1785483652.219015,0.0996,-0.0,-0.0,-0.0000,0.0000,-0.0887,-0.1416,2.3909
1785483652.320557,0.1015,-0.0,-0.0,-0.0000,0.0000,-0.0887,-0.1416,2.3909
1785483652.421434,0.1009,-0.0,-0.0,-0.0000,0.0000,-0.0887,-0.1416,2.3909
1785483652.532077,0.1106,-0.0,-0.0,-0.0000,0.0000,-0.0887,-0.1416,2.3909
1785483652.621477,0.0894,-0.0,-0.0,-0.0000,0.0000,-0.0887,-0.1416,2.3909
1785483652.724583,0.1031,-0.0,-0.0,-0.0000,0.0000,-0.0887,-0.1416,2.3909
1785483652.824610,0.1000,-0.0,-0.0,-0.0000,0.0000,-0.0887,-0.1416,2.3909
1785483652.926366,0.1018,-0.0,-0.0,-0.0000,0.0000,-0.0887,-0.1416,2.3909
1785483653.031403,0.1050,-0.0,-0.0,-0.0000,0.0000,-0.0887,-0.1416,2.3909
1785483653.130684,0.0993,-0.0,-0.0,-0.0000,0.0000,-0.0887,-0.1416,2.3909
1785483653.234158,0.1035,-0.0,-0.0,-0.0000,0.0000,-0.0887,-0.1416,2.3909
1785483653.330409,0.0963,-0.0,-0.0,-0.0000,0.0000,-0.0887,-0.1416,2.3909
1785483653.429698,0.0993,-0.0,-0.0,-0.0000,0.0000,-0.0887,-0.1416,2.3909
1785483653.533434,0.1037,-0.0,-0.0,-0.0000,0.0000,-0.0887,-0.1416,2.3909
1785483653.629078,0.0956,-0.0,-0.0,-0.0000,0.0000,-0.0887,-0.1416,2.3909
1785483653.731529,0.1025,-0.0,-0.0,-0.0000,0.0000,-0.0887,-0.1416,2.3909
1785483653.832552,0.1010,-0.0,-0.0,-0.0000,0.0000,-0.0887,-0.1416,2.3909
1785483653.930691,0.0981,-0.0,-0.0,-0.0000,0.0000,-0.0887,-0.1416,2.3909
1785483654.033292,0.1026,-0.0,-0.0,-0.0000,0.0000,-0.0887,-0.1416,2.3909
1785483654.134914,0.1016,-0.0,-0.0,-0.0000,0.0000,-0.0887,-0.1416,2.3909
1785483654.237342,0.1024,-0.0,-0.0,-0.0000,0.0000,-0.0887,-0.1416,2.3909
1785483654.335948,0.0986,-0.0,-0.0,-0.0000,0.0000,-0.0887,-0.1416,2.3909
1785483654.438923,0.1030,-0.0,-0.0,-0.0000,0.0000,-0.0887,-0.1416,2.3909
1785483654.541435,0.1025,-0.0,-0.0,-0.0000,0.0000,-0.0887,-0.1416,2.3909
1785483654.641221,0.0998,-0.0,-0.0,-0.0000,0.0000,-0.0887,-0.1416,2.3909
1785483654.741960,0.1007,-0.0,-0.0,-0.0000,0.0000,-0.0887,-0.1416,2.3909
1785483654.845379,0.1034,-0.0,-0.0,-0.0000,0.0000,-0.0887,-0.1416,2.3909
1785483654.945872,0.1005,-0.0,-0.0,-0.0000,0.0000,-0.0887,-0.1416,2.3909
1785483655.047139,0.1013,-0.0,-0.0,-0.0000,0.0000,-0.0887,-0.1416,2.3909
1785483655.147418,0.1003,-0.0,-0.0,-0.0000,0.0000,-0.0887,-0.1416,2.3909
1785483655.249265,0.1018,-0.0,-0.0,-0.0000,0.0000,-0.0887,-0.1416,2.3909
1785483655.349993,0.1007,-0.0,-0.0,-0.0000,0.0000,-0.0887,-0.1416,2.3909
1785483655.452343,0.1024,-0.0,-0.0,-0.0000,0.0000,-0.0887,-0.1416,2.3909
1785483655.551883,0.0995,-0.0,-0.0,-0.0000,0.0000,-0.0887,-0.1416,2.3909
1785483655.651531,0.0996,-0.0,-0.0,-0.0000,0.0000,-0.0887,-0.1416,2.3909
1785483655.754393,0.1029,-0.0,-0.0,-0.0000,0.0000,-0.0887,-0.1416,2.3909
1785483655.855745,0.1014,-0.0,-0.0,-0.0000,0.0000,-0.0887,-0.1416,2.3909
1785483655.955995,0.1003,-0.0,-0.0,-0.0000,0.0000,-0.0887,-0.1416,2.3909
1785483656.056529,0.1005,-0.0,-0.0,-0.0000,0.0000,-0.0887,-0.1416,2.3909
1785483656.159879,0.1034,-0.0,-0.0,-0.0000,0.0000,-0.0887,-0.1416,2.3909
1785483656.260022,0.1001,-0.0,-0.0,-0.0000,0.0000,-0.0887,-0.1416,2.3909
1785483656.362386,0.1024,-0.0,-0.0,-0.0000,0.0000,-0.0887,-0.1416,2.3909
1785483656.464171,0.1018,-0.0,-0.0,-0.0000,0.0000,-0.0887,-0.1416,2.3909
1785483656.564579,0.1004,-0.0,-0.0,-0.0000,0.0000,-0.0887,-0.1416,2.3909
1785483656.663654,0.0991,-0.0,-0.0,-0.0000,0.0000,-0.0887,-0.1416,2.3909
1785483656.768386,0.1047,-0.0,-0.0,-0.0000,0.0000,-0.0887,-0.1416,2.3909
1785483656.864194,0.0958,-0.0,-0.0,-0.0000,0.0000,-0.0887,-0.1416,2.3909
1785483656.967100,0.1029,-0.0,-0.0,-0.0000,0.0000,-0.0887,-0.1416,2.3909
1785483657.067927,0.1008,-0.0,-0.0,-0.0000,0.0000,-0.0887,-0.1416,2.3909
1785483657.168467,0.1005,-0.0,-0.0,-0.0000,0.0000,-0.0887,-0.1416,2.3909
1785483657.272966,0.1045,-0.0,-0.0,-0.0000,0.0000,-0.0887,-0.1416,2.3909
1785483657.373385,0.1004,-0.0,-0.0,-0.0000,0.0000,-0.0887,-0.1416,2.3909
1785483657.472811,0.0994,-0.0,-0.0,-0.0000,0.0000,-0.0887,-0.1416,2.3909
1785483657.573853,0.1010,-0.0,-0.0,-0.0000,0.0000,-0.0887,-0.1416,2.3909
1785483657.678386,0.1045,-0.0,-0.0,-0.0000,0.0000,-0.0887,-0.1416,2.3909
1785483657.778331,0.0999,-0.0,-0.0,-0.0000,0.0000,-0.0887,-0.1416,2.3909
1785483657.877961,0.0996,-0.0,-0.0,-0.0000,0.0000,-0.0887,-0.1416,2.3909
1785483657.985484,0.1075,-0.0,-0.0,-0.0000,0.0000,-0.0887,-0.1416,2.3909
1785483658.084315,0.0988,-0.0,-0.0,-0.0000,0.0000,-0.0887,-0.1416,2.3909
1785483658.183179,0.0989,-0.0,-0.0,-0.0000,0.0000,-0.0887,-0.1416,2.3909
1785483658.291387,0.1082,-0.0,-0.0,-0.0000,0.0000,-0.0887,-0.1416,2.3909
1785483658.392476,0.1011,-0.0,-0.0,-0.0000,0.0000,-0.0887,-0.1416,2.3909
1785483658.510408,0.1179,-0.0,-0.0,-0.0000,0.0000,-0.0887,-0.1416,2.3909
1785483658.593097,0.0827,-0.0,-0.0,-0.0000,0.0000,-0.0887,-0.1416,2.3909
1785483658.693810,0.1007,-0.0,-0.0,-0.0000,0.0000,-0.0887,-0.1416,2.3909
1785483658.793530,0.0997,-0.0,-0.0,-0.0000,0.0000,-0.0887,-0.1416,2.3909
1785483658.887243,0.0937,-0.0,-0.0,-0.0000,0.0000,-0.0887,-0.1416,2.3909
1785483658.988841,0.1016,-0.0,-0.0,-0.0000,0.0000,-0.0887,-0.1416,2.3909
1785483659.091264,0.1024,-0.0,-0.0,-0.0000,0.0000,-0.0887,-0.1416,2.3909
1785483659.192401,0.1011,-0.0,-0.0,-0.0000,0.0000,-0.0887,-0.1416,2.3909
1785483659.291321,0.0989,-0.0,-0.0,-0.0000,0.0000,-0.0887,-0.1416,2.3909
1785483659.393561,0.1022,-0.0,-0.0,-0.0000,0.0000,-0.0887,-0.1416,2.3909
1785483659.495439,0.1019,-0.0,-0.0,-0.0000,0.0000,-0.0887,-0.1416,2.3909
1785483659.595624,0.1002,-0.0,-0.0,-0.0000,0.0000,-0.0887,-0.1416,2.3909
1785483659.697219,0.1016,-0.0,-0.0,-0.0000,0.0000,-0.0887,-0.1416,2.3909
1785483659.800424,0.1032,-0.0,-0.0,-0.0000,0.0000,-0.0887,-0.1416,2.3909
1785483659.899266,0.0988,-0.0,-0.0,-0.0000,0.0000,-0.0887,-0.1416,2.3909
1785483659.997745,0.0985,-0.0,-0.0,-0.0000,0.0000,-0.0887,-0.1416,2.3909
1785483660.104390,0.1066,-0.0,-0.0,-0.0000,0.0000,-0.0887,-0.1416,2.3909
1785483660.205400,0.1010,-0.0,-0.0,-0.0000,0.0000,-0.0887,-0.1416,2.3909
1785483660.304255,0.0989,-0.0,-0.0,-0.0000,0.0000,-0.0887,-0.1416,2.3909
1785483660.408387,0.1041,-0.0,-0.0,-0.0000,0.0000,-0.0887,-0.1416,2.3909
1785483660.513781,0.1054,-0.0,-0.0,-0.0000,0.0000,-0.0887,-0.1416,2.3909
1785483660.607147,0.0934,-0.0,-0.0,-0.0000,0.0000,-0.0887,-0.1416,2.3909
1785483660.711380,0.1042,-0.0,-0.0,-0.0000,0.0000,-0.0887,-0.1416,2.3909
1785483660.812244,0.1009,-0.0,-0.0,-0.0000,0.0000,-0.0887,-0.1416,2.3909
1785483660.914163,0.1019,-0.0,-0.0,-0.0000,0.0000,-0.0887,-0.1416,2.3909
1785483661.014923,0.1008,-0.0,-0.0,-0.0000,0.0000,-0.0887,-0.1416,2.3909
1785483661.259006,0.2441,-0.0,-0.0,-0.0000,0.0000,-0.0887,-0.1416,2.3909
1785483661.259045,0.0000,-0.0,-0.0,-0.0000,0.0000,-0.0887,-0.1416,2.3909
1785483661.315624,0.0566,-0.0,-0.0,-0.0000,0.0000,-0.0887,-0.1416,2.3909
1785483661.515938,0.2003,-0.0,-0.0,-0.0000,0.0000,-0.0887,-0.1416,2.3909
1785483661.519789,0.0039,-0.0,-0.0,-0.0000,0.0000,-0.0887,-0.1416,2.3909
1785483661.767466,0.2477,-0.0,-0.0,-0.0000,0.0000,-0.0887,-0.1416,2.3909
1785483661.767503,0.0000,-0.0,-0.0,-0.0000,0.0000,-0.0887,-0.1416,2.3909
1785483661.837956,0.0705,-0.0,-0.0,-0.0000,0.0000,-0.0887,-0.1416,2.3909
1785483662.012300,0.1743,-0.0,-0.0,-0.0000,0.0000,-0.0887,-0.1416,2.3909
1785483662.025180,0.0129,-0.0,-0.0,-0.0000,0.0000,-0.0887,-0.1416,2.3909
1785483662.255175,0.2300,-0.0,-0.0,-0.0000,0.0000,-0.0887,-0.1416,2.3909
1785483662.255214,0.0000,-0.0,-0.0,-0.0000,0.0000,-0.0887,-0.1416,2.3909
1785483662.331493,0.0763,-0.0,-0.0,-0.0000,0.0000,-0.0887,-0.1416,2.3909
1785483662.506662,0.1752,-0.0,-0.0,-0.0000,0.0000,-0.0887,-0.1416,2.3909
1785483662.531411,0.0247,-0.0,-0.0,-0.0000,0.0000,-0.0887,-0.1416,2.3909
1785483662.761182,0.2298,-0.0,-0.0,-0.0000,0.0000,-0.0887,-0.1416,2.3909
1785483662.761217,0.0000,-0.0,-0.0,-0.0000,0.0000,-0.0887,-0.1416,2.3909
1785483662.837424,0.0762,-0.0,-0.0,-0.0000,0.0000,-0.0887,-0.1416,2.3909
1785483663.015522,0.1781,-0.0,-0.0,-0.0000,0.0000,-0.0887,-0.1416,2.3909
1785483663.040240,0.0247,-0.0,-0.0,-0.0000,0.0000,-0.0887,-0.1416,2.3909
1785483663.268294,0.2281,-0.0,-0.0,-0.0000,0.0000,-0.0887,-0.1416,2.3909
1785483663.268341,0.0000,-0.0,-0.0,-0.0000,0.0000,-0.0887,-0.1416,2.3909
1785483663.340946,0.0726,-0.0,-0.0,-0.0000,0.0000,-0.0887,-0.1416,2.3909
1785483663.520147,0.1792,-0.0,-0.0,-0.0000,0.0000,-0.0887,-0.1416,2.3909
1785483663.543042,0.0229,-0.0,-0.0,-0.0000,0.0000,-0.0887,-0.1416,2.3909
1785483663.771301,0.2283,-0.0,-0.0,-0.0000,0.0000,-0.0887,-0.1416,2.3909
1785483663.771342,0.0000,-0.0,-0.0,-0.0000,0.0000,-0.0887,-0.1416,2.3909
1785483663.844681,0.0733,-0.0,-0.0,-0.0000,0.0000,-0.0887,-0.1416,2.3909
1785483664.024307,0.1796,-0.0,-0.0,-0.0000,0.0000,-0.0887,-0.1416,2.3909
1785483664.058724,0.0344,-0.0,-0.0,-0.0000,0.0000,-0.0887,-0.1416,2.3909
1785483664.278320,0.2196,-0.0,-0.0,-0.0000,0.0000,-0.0887,-0.1416,2.3909
1785483664.278358,0.0000,-0.0,-0.0,-0.0000,0.0000,-0.0887,-0.1416,2.3909
1785483664.349337,0.0710,-0.0,-0.0,-0.0000,0.0000,-0.0887,-0.1416,2.3909
1785483664.533051,0.1837,-0.0,-0.0,-0.0000,0.0000,-0.0887,-0.1416,2.3909
1785483664.555763,0.0227,-0.0,-0.0,-0.0000,0.0000,-0.0887,-0.1416,2.3909
1785483664.780063,0.2243,-0.0,-0.0,-0.0000,0.0000,-0.0887,-0.1416,2.3909
1785483664.780098,0.0000,-0.0,-0.0,-0.0000,0.0000,-0.0887,-0.1416,2.3909
1785483664.856319,0.0762,-0.0,-0.0,-0.0000,0.0000,-0.0887,-0.1416,2.3909
1785483665.031288,0.1750,-0.0,-0.0,-0.0000,0.0000,-0.0887,-0.1416,2.3909
1785483665.057052,0.0258,-0.0,-0.0,-0.0000,0.0000,-0.0887,-0.1416,2.3909
1785483665.285954,0.2289,-0.0,-0.0,-0.0000,0.0000,-0.0887,-0.1416,2.3909
1785483665.285992,0.0000,-0.0,-0.0,-0.0000,0.0000,-0.0887,-0.1416,2.3909
1785483665.358815,0.0728,-0.0,-0.0,-0.0000,0.0000,-0.0887,-0.1416,2.3909
1785483665.541199,0.1824,-0.0,-0.0,-0.0000,0.0000,-0.0887,-0.1416,2.3909
1785483665.562324,0.0211,-0.0,-0.0,-0.0000,0.0000,-0.0887,-0.1416,2.3909
1785483665.863176,0.3009,-0.0,-0.0,-0.0000,0.0000,-0.0887,-0.1416,2.3909
1785483665.863211,0.0000,-0.0,-0.0,-0.0000,0.0000,-0.0887,-0.1416,2.3909
1785483665.866802,0.0036,-0.0,-0.0,-0.0000,0.0000,-0.0887,-0.1416,2.3909
1785483665.970582,0.1038,-0.0,-0.0,-0.0000,0.0000,-0.0887,-0.1416,2.3909
1785483666.072830,0.1022,-0.0,-0.0,-0.0000,0.0000,-0.0887,-0.1416,2.3909
1785483666.174275,0.1014,-0.0,-0.0,-0.0000,0.0000,-0.0887,-0.1416,2.3909
1785483666.276301,0.1020,-0.0,-0.0,-0.0000,0.0000,-0.0887,-0.1416,2.3909
1785483666.378996,0.1027,-0.0,-0.0,-0.0000,0.0000,-0.0887,-0.1416,2.3909
1785483666.481929,0.1029,-0.0,-0.0,-0.0000,0.0000,-0.0887,-0.1416,2.3909
1785483666.583230,0.1013,-0.0,-0.0,-0.0000,0.0000,-0.0887,-0.1416,2.3909
1785483666.682317,0.0991,-0.0,-0.0,-0.0000,0.0000,-0.0887,-0.1416,2.3909
1785483666.782930,0.1006,-0.0,-0.0,-0.0000,0.0000,-0.0887,-0.1416,2.3909
1785483666.875964,0.0930,-0.0,-0.0,-0.0000,0.0000,-0.0887,-0.1416,2.3909
1785483666.978230,0.1023,-0.0,-0.0,-0.0000,0.0000,-0.0887,-0.1416,2.3909
1785483667.079524,0.1013,-0.0,-0.0,-0.0000,0.0000,-0.0887,-0.1416,2.3909
1785483667.181158,0.1016,-0.0,-0.0,-0.0000,0.0000,-0.0887,-0.1416,2.3909
1785483667.280851,0.0997,-0.0,-0.0,-0.0000,0.0000,-0.0887,-0.1416,2.3909
1785483667.382743,0.1019,-0.0,-0.0,-0.0000,0.0000,-0.0887,-0.1416,2.3909
1785483667.483795,0.1011,-0.0,-0.0,-0.0000,0.0000,-0.0887,-0.1416,2.3909
1785483667.585117,0.1013,-0.0,-0.0,-0.0000,0.0000,-0.0887,-0.1416,2.3909
1785483667.686113,0.1010,-0.0,-0.0,-0.0000,0.0000,-0.0887,-0.1416,2.3909
1785483667.787056,0.1009,-0.0,-0.0,-0.0000,0.0000,-0.0887,-0.1416,2.3909
1785483667.889367,0.1023,-0.0,-0.0,-0.0000,0.0000,-0.0887,-0.1416,2.3909
1785483667.988727,0.0994,-0.0,-0.0,-0.0000,0.0000,-0.0887,-0.1416,2.3909
1785483668.088376,0.0996,-0.0,-0.0,-0.0000,0.0000,-0.0887,-0.1416,2.3909
1785483668.190395,0.1020,-0.0,-0.0,-0.0000,0.0000,-0.0887,-0.1416,2.3909
1785483668.290518,0.1001,-0.0,-0.0,-0.0000,0.0000,-0.0887,-0.1416,2.3909
1785483668.405797,0.1153,-0.0,-0.0,-0.0000,0.0000,-0.0887,-0.1416,2.3909
1785483668.503759,0.0980,-0.0,-0.0,-0.0000,0.0000,-0.0887,-0.1416,2.3909
1785483668.595069,0.0913,-0.0,-0.0,-0.0000,0.0000,-0.0887,-0.1416,2.3909
1785483668.695834,0.1008,-0.0,-0.0,-0.0000,0.0000,-0.0887,-0.1416,2.3909
1785483668.799183,0.1033,-0.0,-0.0,-0.0000,0.0000,-0.0887,-0.1416,2.3909
1785483668.897987,0.0988,-0.0,-0.0,-0.0000,0.0000,-0.0887,-0.1416,2.3909
1785483669.001249,0.1033,-0.0,-0.0,-0.0000,0.0000,-0.0887,-0.1416,2.3909
1785483669.102762,0.1015,-0.0,-0.0,-0.0000,0.0000,-0.0887,-0.1416,2.3909
1785483669.205171,0.1024,-0.0,-0.0,-0.0000,0.0000,-0.0887,-0.1416,2.3909
1785483669.301692,0.0965,-0.0,-0.0,-0.0000,0.0000,-0.0887,-0.1416,2.3909
1785483669.407384,0.1057,-0.0,-0.0,-0.0000,0.0000,-0.0887,-0.1416,2.3909
1785483669.507017,0.0996,-0.0,-0.0,-0.0000,0.0000,-0.0887,-0.1416,2.3909
1785483669.604941,0.0979,-0.0,-0.0,-0.0000,0.0000,-0.0887,-0.1416,2.3909
1785483669.706843,0.1019,-0.0,-0.0,-0.0000,0.0000,-0.0887,-0.1416,2.3909
1785483669.807299,0.1005,-0.0,-0.0,-0.0000,0.0000,-0.0887,-0.1416,2.3909
1785483669.909093,0.1018,-0.0,-0.0,-0.0000,0.0000,-0.0887,-0.1416,2.3909
1785483670.013390,0.1043,-0.0,-0.0,-0.0000,0.0000,-0.0887,-0.1416,2.3909
1785483670.112447,0.0991,-0.0,-0.0,-0.0000,0.0000,-0.0887,-0.1416,2.3909
1785483670.213219,0.1008,-0.0,-0.0,-0.0000,0.0000,-0.0887,-0.1416,2.3909
1785483670.316090,0.1029,-0.0,-0.0,-0.0000,0.0000,-0.0887,-0.1416,2.3909
1785483670.418389,0.1023,-0.0,-0.0,-0.0000,0.0000,-0.0887,-0.1416,2.3909
1785483670.517470,0.0991,-0.0,-0.0,-0.0000,0.0000,-0.0887,-0.1416,2.3909
1785483670.642348,0.1249,-0.0,-0.0,-0.0000,0.0000,-0.0887,-0.1416,2.3909
1785483670.717618,0.0753,-0.0,-0.0,-0.0000,0.0000,-0.0887,-0.1416,2.3909
1785483670.818327,0.1007,-0.0,-0.0,-0.0000,0.0000,-0.0887,-0.1416,2.3909
1785483670.922327,0.1040,-0.0,-0.0,-0.0000,0.0000,-0.0887,-0.1416,2.3909
1785483671.020777,0.0985,-0.0,-0.0,-0.0000,0.0000,-0.0887,-0.1416,2.3909
1785483671.121629,0.1009,-0.0,-0.0,-0.0000,0.0000,-0.0887,-0.1416,2.3909
1785483671.223948,0.1023,-0.0,-0.0,-0.0000,0.0000,-0.0887,-0.1416,2.3909
1785483671.324795,0.1008,-0.0,-0.0,-0.0000,0.0000,-0.0887,-0.1416,2.3909
1785483671.425575,0.1008,-0.0,-0.0,-0.0000,0.0000,-0.0887,-0.1416,2.3909
1785483671.525409,0.0998,-0.0,-0.0,-0.0000,0.0000,-0.0887,-0.1416,2.3909
1785483671.626642,0.1012,-0.0,-0.0,-0.0000,0.0000,-0.0887,-0.1416,2.3909
1785483671.726724,0.1001,-0.0,-0.0,-0.0000,0.0000,-0.0887,-0.1416,2.3909
1785483671.826712,0.1000,-0.0,-0.0,-0.0000,0.0000,-0.0887,-0.1416,2.3909
1785483671.930010,0.1033,-0.0,-0.0,-0.0000,0.0000,-0.0887,-0.1416,2.3909
1785483672.030093,0.1001,-0.0,-0.0,-0.0000,0.0000,-0.0887,-0.1416,2.3909
1785483672.132367,0.1023,-0.0,-0.0,-0.0000,0.0000,-0.0887,-0.1416,2.3909
1785483672.233809,0.1014,-0.0,-0.0,-0.0000,0.0000,-0.0887,-0.1416,2.3909
1785483672.334480,0.1007,-0.0,-0.0,-0.0000,0.0000,-0.0887,-0.1416,2.3909
1785483672.435079,0.1006,-0.0,-0.0,-0.0000,0.0000,-0.0887,-0.1416,2.3909
1785483672.536404,0.1013,-0.0,-0.0,-0.0000,0.0000,-0.0887,-0.1416,2.3909
1785483672.638944,0.1025,-0.0,-0.0,-0.0000,0.0000,-0.0887,-0.1416,2.3909
1785483672.743426,0.1045,-0.0,-0.0,-0.0000,0.0000,-0.0887,-0.1416,2.3909
1785483672.843721,0.1003,-0.0,-0.0,-0.0000,0.0000,-0.0887,-0.1416,2.3909
1785483672.941076,0.0974,-0.0,-0.0,-0.0000,0.0000,-0.0887,-0.1416,2.3909
1785483673.042690,0.1016,-0.0,-0.0,-0.0000,0.0000,-0.0887,-0.1416,2.3909
1785483673.142406,0.0997,-0.0,-0.0,-0.0000,0.0000,-0.0887,-0.1416,2.3909
1785483673.253600,0.1112,-0.0,-0.0,-0.0000,0.0000,-0.0887,-0.1416,2.3909
1785483673.344153,0.0906,-0.0,-0.0,-0.0000,0.0000,-0.0887,-0.1416,2.3909
1785483673.450371,0.1062,-0.0,-0.0,-0.0000,0.0000,-0.0887,-0.1416,2.3909
1785483673.564801,0.1144,-0.0,-0.0,-0.0000,0.0000,-0.0887,-0.1416,2.3909
1785483673.665807,0.1010,-0.0,-0.0,-0.0000,0.0000,-0.0887,-0.1416,2.3909
1785483673.752165,0.0864,-0.0,-0.0,-0.0000,0.0000,-0.0887,-0.1416,2.3909
1785483673.851521,0.0994,-0.0,-0.0,-0.0000,0.0000,-0.0887,-0.1416,2.3909
1785483673.957025,0.1055,-0.0,-0.0,-0.0000,0.0000,-0.0887,-0.1416,2.3909
1785483674.094395,0.1374,-0.0,-0.0,-0.0000,0.0000,-0.0887,-0.1416,2.3909
1785483674.165738,0.0713,-0.0,-0.0,-0.0000,0.0000,-0.0887,-0.1416,2.3909
1785483674.272933,0.1072,-0.0,-0.0,-0.0000,0.0000,-0.0887,-0.1416,2.3909
1785483674.380131,0.1072,-0.0,-0.0,-0.0000,0.0000,-0.0887,-0.1416,2.3909
1785483674.472904,0.0928,-0.0,-0.0,-0.0000,0.0000,-0.0887,-0.1416,2.3909
1785483674.562645,0.0897,-0.0,-0.0,-0.0000,0.0000,-0.0887,-0.1416,2.3909
1785483674.672368,0.1097,-0.0,-0.0,-0.0000,0.0000,-0.0887,-0.1416,2.3909
1785483674.760895,0.0885,-0.0,-0.0,-0.0000,0.0000,-0.0887,-0.1416,2.3909
1785483674.859822,0.0989,-0.0,-0.0,-0.0000,0.0000,-0.0887,-0.1416,2.3909
1785483674.967797,0.1080,-0.0,-0.0,-0.0000,0.0000,-0.0887,-0.1416,2.3909
1785483675.064926,0.0971,-0.0,-0.0,-0.0000,0.0000,-0.0887,-0.1416,2.3909
1785483675.165426,0.1005,-0.0,-0.0,-0.0000,0.0000,-0.0887,-0.1416,2.3909
1785483675.267205,0.1018,-0.0,-0.0,-0.0000,0.0000,-0.0887,-0.1416,2.3909
1785483675.368657,0.1015,-0.0,-0.0,-0.0000,0.0000,-0.0887,-0.1416,2.3909
1785483675.468879,0.1002,-0.0,-0.0,-0.0000,0.0000,-0.0887,-0.1416,2.3909
1785483675.571608,0.1027,-0.0,-0.0,-0.0000,0.0000,-0.0887,-0.1416,2.3909
1785483675.671376,0.0998,-0.0,-0.0,-0.0000,0.0000,-0.0887,-0.1416,2.3909
1785483675.770866,0.0995,-0.0,-0.0,-0.0000,0.0000,-0.0887,-0.1416,2.3909
1785483675.873783,0.1029,-0.0,-0.0,-0.0000,0.0000,-0.0887,-0.1416,2.3909
1785483675.976339,0.1026,-0.0,-0.0,-0.0000,0.0000,-0.0887,-0.1416,2.3909
1785483676.076254,0.0999,-0.0,-0.0,-0.0000,0.0000,-0.0887,-0.1416,2.3909
1785483676.261204,0.1850,-0.0,-0.0,-0.0000,0.0000,-0.0887,-0.1416,2.3909
1785483676.283480,0.0223,-0.0,-0.0,-0.0000,0.0000,-0.0887,-0.1416,2.3909
1785483676.513031,0.2296,-0.0,-0.0,-0.0000,0.0000,-0.0887,-0.1416,2.3909
1785483676.513077,0.0000,-0.0,-0.0,-0.0000,0.0000,-0.0887,-0.1416,2.3909
1785483676.588875,0.0758,-0.0,-0.0,-0.0000,0.0000,-0.0887,-0.1416,2.3909
1785483676.763341,0.1745,-0.0,-0.0,-0.0000,0.0000,-0.0887,-0.1416,2.3909
1785483676.786492,0.0232,-0.0,-0.0,-0.0000,0.0000,-0.0887,-0.1416,2.3909
1785483676.995882,0.2094,-0.0,-0.0,-0.0000,0.0000,-0.0887,-0.1416,2.3909
1785483676.995934,0.0001,-0.0,-0.0,-0.0000,0.0000,-0.0887,-0.1416,2.3909
1785483677.090167,0.0942,-0.0,-0.0,-0.0000,0.0000,-0.0887,-0.1416,2.3909
1785483677.232308,0.1421,-0.0,-0.0,-0.0000,0.0000,-0.0887,-0.1416,2.3909
1785483677.301395,0.0691,-0.0,-0.0,-0.0000,0.0000,-0.0887,-0.1416,2.3909
1785483677.479954,0.1786,-0.0,-0.0,-0.0000,0.0000,-0.0887,-0.1416,2.3909
1785483677.493752,0.0138,-0.0,-0.0,-0.0000,0.0000,-0.0887,-0.1416,2.3909
1785483677.738113,0.2444,-0.0,-0.0,-0.0000,0.0000,-0.0887,-0.1416,2.3909
1785483677.738150,0.0000,-0.0,-0.0,-0.0000,0.0000,-0.0887,-0.1416,2.3909
1785483677.793806,0.0557,-0.0,-0.0,-0.0000,0.0000,-0.0887,-0.1416,2.3909
1785483677.989028,0.1952,-0.0,-0.0,-0.0000,0.0000,-0.0887,-0.1416,2.3909
1785483677.996120,0.0071,-0.0,-0.0,-0.0000,0.0000,-0.0887,-0.1416,2.3909
1785483678.250364,0.2542,-0.0,-0.0,-0.0000,0.0000,-0.0887,-0.1416,2.3909
1785483678.250407,0.0000,-0.0,-0.0,-0.0000,0.0000,-0.0887,-0.1416,2.3909
1785483678.302919,0.0525,-0.0,-0.0,-0.0000,0.0000,-0.0887,-0.1416,2.3909
1785483678.494696,0.1918,-0.0,-0.0,-0.0000,0.0000,-0.0887,-0.1416,2.3909
1785483678.501115,0.0064,-0.0,-0.0,-0.0000,0.0000,-0.0887,-0.1416,2.3909
1785483678.746676,0.2456,-0.0,-0.0,-0.0000,0.0000,-0.0887,-0.1416,2.3909
1785483678.746713,0.0000,-0.0,-0.0,-0.0000,0.0000,-0.0887,-0.1416,2.3909
1785483678.807247,0.0605,-0.0,-0.0,-0.0000,0.0000,-0.0887,-0.1416,2.3909
1785483678.998157,0.1909,-0.0,-0.0,-0.0000,0.0000,-0.0887,-0.1416,2.3909
1785483679.011862,0.0137,-0.0,-0.0,-0.0000,0.0000,-0.0887,-0.1416,2.3909
1785483679.250374,0.2385,-0.0,-0.0,-0.0000,0.0000,-0.0887,-0.1416,2.3909
1785483679.250415,0.0000,-0.0,-0.0,-0.0000,0.0000,-0.0887,-0.1416,2.3909
1785483679.312737,0.0623,-0.0,-0.0,-0.0000,0.0000,-0.0887,-0.1416,2.3909
1785483679.506675,0.1939,-0.0,-0.0,-0.0000,0.0000,-0.0887,-0.1416,2.3909
1785483679.514494,0.0078,-0.0,-0.0,-0.0000,0.0000,-0.0887,-0.1416,2.3909
1785483679.754983,0.2405,-0.0,-0.0,-0.0000,0.0000,-0.0887,-0.1416,2.3909
1785483679.755020,0.0000,-0.0,-0.0,-0.0000,0.0000,-0.0887,-0.1416,2.3909
1785483679.817461,0.0624,-0.0,-0.0,-0.0000,0.0000,-0.0887,-0.1416,2.3909
1785483680.005029,0.1876,-0.0,-0.0,-0.0000,0.0000,-0.0887,-0.1416,2.3909
1785483680.018354,0.0133,-0.0,-0.0,-0.0000,0.0000,-0.0887,-0.1416,2.3909
1785483680.265449,0.2471,-0.0,-0.0,-0.0000,0.0000,-0.0887,-0.1416,2.3909
1785483680.265489,0.0000,-0.0,-0.0,-0.0000,0.0000,-0.0887,-0.1416,2.3909
1785483680.324210,0.0587,-0.0,-0.0,-0.0000,0.0000,-0.0887,-0.1416,2.3909
1785483680.515337,0.1911,-0.0,-0.0,-0.0000,0.0000,-0.0887,-0.1416,2.3909
1785483680.525000,0.0097,-0.0,-0.0,-0.0000,0.0000,-0.0887,-0.1416,2.3909
1785483680.833128,0.3081,-0.0,-0.0,-0.0000,0.0000,-0.0887,-0.1416,2.3909
1785483680.833169,0.0000,-0.0,-0.0,-0.0000,0.0000,-0.0887,-0.1416,2.3909
1785483680.833179,0.0000,-0.0,-0.0,-0.0000,0.0000,-0.0887,-0.1416,2.3909
1785483680.926195,0.0930,-0.0,-0.0,-0.0000,0.0000,-0.0887,-0.1416,2.3909
1785483681.029531,0.1033,-0.0,-0.0,-0.0000,0.0000,-0.0887,-0.1416,2.3909
1785483681.129581,0.1000,-0.0,-0.0,-0.0000,0.0000,-0.0887,-0.1416,2.3909
1785483681.231811,0.1022,-0.0,-0.0,-0.0000,0.0000,-0.0887,-0.1416,2.3909
1785483681.331809,0.1000,-0.0,-0.0,-0.0000,0.0000,-0.0887,-0.1416,2.3909
1785483681.434010,0.1022,-0.0,-0.0,-0.0000,0.0000,-0.0887,-0.1416,2.3909
1785483681.534338,0.1003,-0.0,-0.0,-0.0000,0.0000,-0.0887,-0.1416,2.3909
1785483681.650607,0.1163,-0.0,-0.0,-0.0000,0.0000,-0.0887,-0.1416,2.3909
1785483681.737421,0.0868,-0.0,-0.0,-0.0000,0.0000,-0.0887,-0.1416,2.3909
1785483681.845372,0.1080,-0.0,-0.0,-0.0000,0.0000,-0.0887,-0.1416,2.3909
1785483681.943325,0.0980,-0.0,-0.0,-0.0000,0.0000,-0.0887,-0.1416,2.3909
1785483682.048391,0.1051,-0.0,-0.0,-0.0000,0.0000,-0.0887,-0.1416,2.3909
1785483682.148202,0.0998,-0.0,-0.0,-0.0000,0.0000,-0.0887,-0.1416,2.3909
1785483682.251876,0.1037,-0.0,-0.0,-0.0000,0.0000,-0.0887,-0.1416,2.3909
1785483682.356385,0.1045,-0.0,-0.0,-0.0000,0.0000,-0.0887,-0.1416,2.3909
1785483682.454868,0.0985,-0.0,-0.0,-0.0000,0.0000,-0.0887,-0.1416,2.3909
1785483682.559840,0.1050,-0.0,-0.0,-0.0000,0.0000,-0.0887,-0.1416,2.3909
1785483682.657655,0.0978,-0.0,-0.0,-0.0000,0.0000,-0.0887,-0.1416,2.3909
1785483682.751924,0.0943,-0.0,-0.0,-0.0000,0.0000,-0.0887,-0.1416,2.3909
1785483682.856972,0.1050,-0.0,-0.0,-0.0000,0.0000,-0.0887,-0.1416,2.3909
1785483682.965488,0.1085,-0.0,-0.0,-0.0000,0.0000,-0.0887,-0.1416,2.3909
1785483683.059576,0.0941,-0.0,-0.0,-0.0000,0.0000,-0.0887,-0.1416,2.3909
1785483683.156148,0.0966,-0.0,-0.0,-0.0000,0.0000,-0.0887,-0.1416,2.3909
1785483683.257278,0.1011,-0.0,-0.0,-0.0000,0.0000,-0.0887,-0.1416,2.3909
1785483683.359967,0.1027,-0.0,-0.0,-0.0000,0.0000,-0.0887,-0.1416,2.3909
1785483683.476691,0.1167,-0.0,-0.0,-0.0000,0.0000,-0.0887,-0.1416,2.3909
1785483683.561125,0.0844,-0.0,-0.0,-0.0000,0.0000,-0.0887,-0.1416,2.3909
1785483683.660892,0.0998,-0.0,-0.0,-0.0000,0.0000,-0.0887,-0.1416,2.3909
1785483683.761639,0.1007,-0.0,-0.0,-0.0000,0.0000,-0.0887,-0.1416,2.3909
1785483683.862800,0.1012,-0.0,-0.0,-0.0000,0.0000,-0.0887,-0.1416,2.3909
1785483683.965713,0.1029,-0.0,-0.0,-0.0000,0.0000,-0.0887,-0.1416,2.3909
1785483684.064453,0.0987,-0.0,-0.0,-0.0000,0.0000,-0.0887,-0.1416,2.3909
1785483684.168243,0.1038,-0.0,-0.0,-0.0000,0.0000,-0.0887,-0.1416,2.3909
1785483684.266479,0.0982,-0.0,-0.0,-0.0000,0.0000,-0.0887,-0.1416,2.3909
1785483684.367441,0.1010,-0.0,-0.0,-0.0000,0.0000,-0.0887,-0.1416,2.3909
1785483684.470594,0.1032,-0.0,-0.0,-0.0000,0.0000,-0.0887,-0.1416,2.3909
1785483684.578367,0.1078,-0.0,-0.0,-0.0000,0.0000,-0.0887,-0.1416,2.3909
1785483684.675421,0.0971,-0.0,-0.0,-0.0000,0.0000,-0.0887,-0.1416,2.3909
1785483684.774771,0.0993,-0.0,-0.0,-0.0000,0.0000,-0.0887,-0.1416,2.3909
1785483684.877288,0.1025,-0.0,-0.0,-0.0000,0.0000,-0.0887,-0.1416,2.3909
1785483684.975327,0.0980,-0.0,-0.0,-0.0000,0.0000,-0.0887,-0.1416,2.3909
1785483685.076784,0.1015,-0.0,-0.0,-0.0000,0.0000,-0.0887,-0.1416,2.3909
1785483685.180421,0.1036,-0.0,-0.0,-0.0000,0.0000,-0.0887,-0.1416,2.3909
1785483685.278271,0.0978,-0.0,-0.0,-0.0000,0.0000,-0.0887,-0.1416,2.3909
1785483685.380550,0.1023,-0.0,-0.0,-0.0000,0.0000,-0.0887,-0.1416,2.3909
1785483685.480267,0.0997,-0.0,-0.0,-0.0000,0.0000,-0.0887,-0.1416,2.3909
1785483685.582786,0.1025,-0.0,-0.0,-0.0000,0.0000,-0.0887,-0.1416,2.3909
1785483685.682753,0.1000,-0.0,-0.0,-0.0000,0.0000,-0.0887,-0.1416,2.3909
1785483685.782427,0.0997,-0.0,-0.0,-0.0000,0.0000,-0.0887,-0.1416,2.3909
1785483685.892364,0.1099,-0.0,-0.0,-0.0000,0.0000,-0.0887,-0.1416,2.3909
1785483686.171369,0.2790,-0.0,-0.0,-0.0000,0.0000,-0.0887,-0.1416,2.3909
1785483686.171409,0.0000,-0.0,-0.0,-0.0000,0.0000,-0.0887,-0.1416,2.3909
1785483686.189645,0.0182,-0.0,-0.0,-0.0000,0.0000,-0.0887,-0.1416,2.3909
1785483686.291414,0.1018,-0.0,-0.0,-0.0000,0.0000,-0.0887,-0.1416,2.3909
1785483686.390695,0.0993,-0.0,-0.0,-0.0000,0.0000,-0.0887,-0.1416,2.3909
1785483686.490720,0.1000,-0.0,-0.0,-0.0000,0.0000,-0.0887,-0.1416,2.3909
1785483686.590853,0.1001,-0.0,-0.0,-0.0000,0.0000,-0.0887,-0.1416,2.3909
1785483686.692409,0.1016,-0.0,-0.0,-0.0000,0.0000,-0.0887,-0.1416,2.3909
1785483686.792845,0.1004,-0.0,-0.0,-0.0000,0.0000,-0.0887,-0.1416,2.3909
1785483686.892563,0.0997,-0.0,-0.0,-0.0000,0.0000,-0.0887,-0.1416,2.3909
1785483686.995027,0.1025,-0.0,-0.0,-0.0000,0.0000,-0.0887,-0.1416,2.3909
1785483687.096721,0.1017,-0.0,-0.0,-0.0000,0.0000,-0.0887,-0.1416,2.3909
1785483687.198561,0.1018,-0.0,-0.0,-0.0000,0.0000,-0.0887,-0.1416,2.3909
1785483687.299658,0.1011,-0.0,-0.0,-0.0000,0.0000,-0.0887,-0.1416,2.3909
1785483687.400627,0.1010,-0.0,-0.0,-0.0000,0.0000,-0.0887,-0.1416,2.3909
1785483687.502471,0.1018,-0.0,-0.0,-0.0000,0.0000,-0.0887,-0.1416,2.3909
1785483687.601129,0.0987,-0.0,-0.0,-0.0000,0.0000,-0.0887,-0.1416,2.3909
1785483687.704916,0.1038,-0.0,-0.0,-0.0000,0.0000,-0.0887,-0.1416,2.3909
1785483687.803958,0.0990,-0.0,-0.0,-0.0000,0.0000,-0.0887,-0.1416,2.3909
1785483687.905953,0.1020,-0.0,-0.0,-0.0000,0.0000,-0.0887,-0.1416,2.3909
1785483688.006926,0.1010,-0.0,-0.0,-0.0000,0.0000,-0.0887,-0.1416,2.3909
1785483688.108701,0.1018,-0.0,-0.0,-0.0000,0.0000,-0.0887,-0.1416,2.3909
1785483688.208852,0.1002,-0.0,-0.0,-0.0000,0.0000,-0.0887,-0.1416,2.3909
1785483688.310140,0.1013,-0.0,-0.0,-0.0000,0.0000,-0.0887,-0.1416,2.3909
1785483688.412586,0.1024,-0.0,-0.0,-0.0000,0.0000,-0.0887,-0.1416,2.3909
1785483688.514276,0.1017,-0.0,-0.0,-0.0000,0.0000,-0.0887,-0.1416,2.3909
1785483688.613415,0.0991,-0.0,-0.0,-0.0000,0.0000,-0.0887,-0.1416,2.3909
1785483688.715941,0.1025,-0.0,-0.0,-0.0000,0.0000,-0.0887,-0.1416,2.3909
1785483688.818323,0.1024,-0.0,-0.0,-0.0000,0.0000,-0.0887,-0.1416,2.3909
1785483688.921047,0.1027,-0.0,-0.0,-0.0000,0.0000,-0.0887,-0.1416,2.3909
1785483689.018904,0.0979,-0.0,-0.0,-0.0000,0.0000,-0.0887,-0.1416,2.3909
1785483689.121194,0.1023,-0.0,-0.0,-0.0000,0.0000,-0.0887,-0.1416,2.3909
1785483689.238502,0.1173,-0.0,-0.0,-0.0000,0.0000,-0.0887,-0.1416,2.3909
1785483689.322895,0.0844,-0.0,-0.0,-0.0000,0.0000,-0.0887,-0.1416,2.3909
1785483689.427458,0.1046,-0.0,-0.0,-0.0000,0.0000,-0.0887,-0.1416,2.3909
1785483689.526304,0.0988,-0.0,-0.0,-0.0000,0.0000,-0.0887,-0.1416,2.3909
1785483689.627206,0.1009,-0.0,-0.0,-0.0000,0.0000,-0.0887,-0.1416,2.3909
1785483689.726470,0.0993,-0.0,-0.0,-0.0000,0.0000,-0.0887,-0.1416,2.3909
1785483689.828850,0.1024,-0.0,-0.0,-0.0000,0.0000,-0.0887,-0.1416,2.3909
1785483689.932731,0.1039,-0.0,-0.0,-0.0000,0.0000,-0.0887,-0.1416,2.3909
1785483690.034428,0.1017,-0.0,-0.0,-0.0000,0.0000,-0.0887,-0.1416,2.3909
1785483690.137282,0.1029,-0.0,-0.0,-0.0000,0.0000,-0.0887,-0.1416,2.3909
1785483690.240013,0.1027,-0.0,-0.0,-0.0000,0.0000,-0.0887,-0.1416,2.3909
1785483690.342287,0.1023,-0.0,-0.0,-0.0000,0.0000,-0.0887,-0.1416,2.3909
1785483690.444258,0.1020,-0.0,-0.0,-0.0000,0.0000,-0.0887,-0.1416,2.3909
1785483690.550855,0.1066,-0.0,-0.0,-0.0000,0.0000,-0.0887,-0.1416,2.3909
1785483690.661572,0.1107,-0.0,-0.0,-0.0000,0.0000,-0.0887,-0.1416,2.3909
1785483690.747289,0.0857,-0.0,-0.0,-0.0000,0.0000,-0.0887,-0.1416,2.3909
1785483690.851279,0.1040,-0.0,-0.0,-0.0000,0.0000,-0.0887,-0.1416,2.3909
1785483690.953909,0.1026,-0.0,-0.0,-0.0000,0.0000,-0.0887,-0.1416,2.3909
1785483691.055732,0.1018,-0.0,-0.0,-0.0000,0.0000,-0.0887,-0.1416,2.3909
1785483691.261781,0.2060,-0.0,-0.0,-0.0000,0.0000,-0.0887,-0.1416,2.3909
1785483691.261832,0.0001,-0.0,-0.0,-0.0000,0.0000,-0.0887,-0.1416,2.3909
1785483691.346196,0.0844,-0.0,-0.0,-0.0000,0.0000,-0.0887,-0.1416,2.3909
1785483691.508945,0.1627,-0.0,-0.0,-0.0000,0.0000,-0.0887,-0.1416,2.3909
1785483691.547291,0.0383,-0.0,-0.0,-0.0000,0.0000,-0.0887,-0.1416,2.3909
1785483691.770665,0.2234,-0.0,-0.0,-0.0000,0.0000,-0.0887,-0.1416,2.3909
1785483691.780249,0.0096,-0.0,-0.0,-0.0000,0.0000,-0.0887,-0.1416,2.3909
1785483692.012934,0.2327,-0.0,-0.0,-0.0000,0.0000,-0.0887,-0.1416,2.3909
1785483692.012980,0.0000,-0.0,-0.0,-0.0000,0.0000,-0.0887,-0.1416,2.3909
1785483692.054894,0.0419,-0.0,-0.0,-0.0000,0.0000,-0.0887,-0.1416,2.3909
1785483692.238630,0.1837,-0.0,-0.0,-0.0000,0.0000,-0.0887,-0.1416,2.3909
1785483692.257046,0.0184,-0.0,-0.0,-0.0000,0.0000,-0.0887,-0.1416,2.3909
1785483692.489699,0.2327,-0.0,-0.0,-0.0000,0.0000,-0.0887,-0.1416,2.3909
1785483692.489741,0.0000,-0.0,-0.0,-0.0000,0.0000,-0.0887,-0.1416,2.3909
1785483692.557804,0.0681,-0.0,-0.0,-0.0000,0.0000,-0.0887,-0.1416,2.3909
1785483692.750693,0.1929,-0.0,-0.0,-0.0000,0.0000,-0.0887,-0.1416,2.3909
1785483692.760275,0.0096,-0.0,-0.0,-0.0000,0.0000,-0.0887,-0.1416,2.3909
1785483693.001220,0.2409,-0.0,-0.0,-0.0000,0.0000,-0.0887,-0.1416,2.3909
1785483693.001269,0.0000,-0.0,-0.0,-0.0000,0.0000,-0.0887,-0.1416,2.3909
1785483693.065851,0.0646,-0.0,-0.0,-0.0000,0.0000,-0.0887,-0.1416,2.3909
1785483693.254313,0.1885,-0.0,-0.0,-0.0000,0.0000,-0.0887,-0.1416,2.3909
1785483693.269495,0.0152,-0.0,-0.0,-0.0000,0.0000,-0.0887,-0.1416,2.3909
1785483693.514373,0.2449,-0.0,-0.0,-0.0000,0.0000,-0.0887,-0.1416,2.3909
1785483693.514421,0.0000,-0.0,-0.0,-0.0000,0.0000,-0.0887,-0.1416,2.3909
1785483693.577247,0.0628,-0.0,-0.0,-0.0000,0.0000,-0.0887,-0.1416,2.3909
1785483693.786626,0.2094,-0.0,-0.0,-0.0000,0.0000,-0.0887,-0.1416,2.3909
1785483693.786657,0.0000,-0.0,-0.0,-0.0000,0.0000,-0.0887,-0.1416,2.3909
1785483694.009771,0.2231,-0.0,-0.0,-0.0000,0.0000,-0.0887,-0.1416,2.3909
1785483694.009815,0.0000,-0.0,-0.0,-0.0000,0.0000,-0.0887,-0.1416,2.3909
1785483694.078041,0.0682,-0.0,-0.0,-0.0000,0.0000,-0.0887,-0.1416,2.3909
1785483694.761103,0.6831,-0.0,-0.0,-0.0000,0.0000,-0.0887,-0.1416,2.3909
1785483694.761148,0.0000,-0.0,-0.0,-0.0000,0.0000,-0.0887,-0.1416,2.3909
1785483694.761158,0.0000,-0.0,-0.0,-0.0000,0.0000,-0.0887,-0.1416,2.3909
1785483694.761165,0.0000,-0.0,-0.0,-0.0000,0.0000,-0.0887,-0.1416,2.3909
1785483694.761173,0.0000,-0.0,-0.0,-0.0000,0.0000,-0.0887,-0.1416,2.3909
1785483694.761180,0.0000,-0.0,-0.0,-0.0000,0.0000,-0.0887,-0.1416,2.3909
1785483694.787336,0.0262,-0.0,-0.0,-0.0000,0.0000,-0.0887,-0.1416,2.3909
1785483695.015420,0.2281,-0.0,-0.0,-0.0000,0.0000,-0.0887,-0.1416,2.3909
1785483695.015461,0.0000,-0.0,-0.0,-0.0000,0.0000,-0.0887,-0.1416,2.3909
1785483695.270391,0.2549,-0.0,-0.0,-0.0000,0.0000,-0.0887,-0.1416,2.3909
1785483695.270429,0.0000,-0.0,-0.0,-0.0000,0.0000,-0.0887,-0.1416,2.3909
1785483695.294992,0.0246,-0.0,-0.0,-0.0000,0.0000,-0.0887,-0.1416,2.3909
1785483695.525152,0.2302,-0.0,-0.0,-0.0000,0.0000,-0.0887,-0.1416,2.3909
1785483695.525199,0.0000,-0.0,-0.0,-0.0000,0.0000,-0.0887,-0.1416,2.3909
1785483695.592178,0.0670,-0.0,-0.0,-0.0000,0.0000,-0.0887,-0.1416,2.3909
1785483695.836656,0.2445,-0.0,-0.0,-0.0000,0.0000,-0.0887,-0.1416,2.3909
1785483695.836688,0.0000,-0.0,-0.0,-0.0000,0.0000,-0.0887,-0.1416,2.3909
1785483695.898563,0.0619,-0.0,-0.0,-0.0000,0.0000,-0.0887,-0.1416,2.3909
1785483695.999096,0.1005,-0.0,-0.0,-0.0000,0.0000,-0.0887,-0.1416,2.3909
1785483696.100866,0.1018,-0.0,-0.0,-0.0000,0.0000,-0.0887,-0.1416,2.3909
1785483696.202553,0.1017,-0.0,-0.0,-0.0000,0.0000,-0.0887,-0.1416,2.3909
1785483696.304343,0.1018,-0.0,-0.0,-0.0000,0.0000,-0.0887,-0.1416,2.3909
1785483696.404183,0.0998,-0.0,-0.0,-0.0000,0.0000,-0.0887,-0.1416,2.3909
1785483696.504569,0.1004,-0.0,-0.0,-0.0000,0.0000,-0.0887,-0.1416,2.3909
1785483696.606212,0.1016,-0.0,-0.0,-0.0000,0.0000,-0.0887,-0.1416,2.3909
1785483696.708018,0.1018,-0.0,-0.0,-0.0000,0.0000,-0.0887,-0.1416,2.3909
1785483696.809818,0.1018,-0.0,-0.0,-0.0000,0.0000,-0.0887,-0.1416,2.3909
1785483696.909345,0.0995,-0.0,-0.0,-0.0000,0.0000,-0.0887,-0.1416,2.3909
1785483697.010448,0.1011,-0.0,-0.0,-0.0000,0.0000,-0.0887,-0.1416,2.3909
1785483697.112815,0.1024,-0.0,-0.0,-0.0000,0.0000,-0.0887,-0.1416,2.3909
1785483697.216444,0.1036,-0.0,-0.0,-0.0000,0.0000,-0.0887,-0.1416,2.3909
1785483697.319017,0.1026,-0.0,-0.0,-0.0000,0.0000,-0.0887,-0.1416,2.3909
1785483697.415563,0.0965,-0.0,-0.0,-0.0000,0.0000,-0.0887,-0.1416,2.3909
1785483697.516817,0.1013,-0.0,-0.0,-0.0000,0.0000,-0.0887,-0.1416,2.3909
1785483697.617918,0.1011,-0.0,-0.0,-0.0000,0.0000,-0.0887,-0.1416,2.3909
1785483697.719357,0.1014,-0.0,-0.0,-0.0000,0.0000,-0.0887,-0.1416,2.3909
1785483697.821947,0.1026,-0.0,-0.0,-0.0000,0.0000,-0.0887,-0.1416,2.3909
1785483697.926409,0.1045,-0.0,-0.0,-0.0000,0.0000,-0.0887,-0.1416,2.3909
1785483698.024718,0.0983,-0.0,-0.0,-0.0000,0.0000,-0.0887,-0.1416,2.3909
1785483698.123309,0.0986,-0.0,-0.0,-0.0000,0.0000,-0.0887,-0.1416,2.3909
1785483698.227909,0.1046,-0.0,-0.0,-0.0000,0.0000,-0.0887,-0.1416,2.3909
1785483698.325062,0.0972,-0.0,-0.0,-0.0000,0.0000,-0.0887,-0.1416,2.3909
1785483698.432439,0.1074,-0.0,-0.0,-0.0000,0.0000,-0.0887,-0.1416,2.3909
1785483698.539100,0.1067,-0.0,-0.0,-0.0000,0.0000,-0.0887,-0.1416,2.3909
1785483698.635811,0.0967,-0.0,-0.0,-0.0000,0.0000,-0.0887,-0.1416,2.3909
1785483698.738339,0.1025,-0.0,-0.0,-0.0000,0.0000,-0.0887,-0.1416,2.3909
1785483698.840979,0.1026,-0.0,-0.0,-0.0000,0.0000,-0.0887,-0.1416,2.3909
1785483698.942016,0.1010,-0.0,-0.0,-0.0000,0.0000,-0.0887,-0.1416,2.3909
1785483699.046414,0.1044,-0.0,-0.0,-0.0000,0.0000,-0.0887,-0.1416,2.3909
1785483699.140945,0.0945,-0.0,-0.0,-0.0000,0.0000,-0.0887,-0.1416,2.3909
1785483699.247427,0.1065,-0.0,-0.0,-0.0000,0.0000,-0.0887,-0.1416,2.3909
1785483699.351011,0.1036,-0.0,-0.0,-0.0000,0.0000,-0.0887,-0.1416,2.3909
1785483699.451370,0.1004,-0.0,-0.0,-0.0000,0.0000,-0.0887,-0.1416,2.3909
1785483699.541091,0.0897,-0.0,-0.0,-0.0000,0.0000,-0.0887,-0.1416,2.3909
1785483699.643333,0.1022,-0.0,-0.0,-0.0000,0.0000,-0.0887,-0.1416,2.3909
1785483699.744672,0.1013,-0.0,-0.0,-0.0000,0.0000,-0.0887,-0.1416,2.3909
1785483699.844037,0.0994,-0.0,-0.0,-0.0000,0.0000,-0.0887,-0.1416,2.3909
1785483699.946378,0.1023,-0.0,-0.0,-0.0000,0.0000,-0.0887,-0.1416,2.3909
1785483700.056413,0.1100,-0.0,-0.0,-0.0000,0.0000,-0.0887,-0.1416,2.3909
1785483700.151337,0.0949,-0.0,-0.0,-0.0000,0.0000,-0.0887,-0.1416,2.3909
1785483700.249874,0.0985,-0.0,-0.0,-0.0000,0.0000,-0.0887,-0.1416,2.3909
1785483700.352105,0.1022,-0.0,-0.0,-0.0000,0.0000,-0.0887,-0.1416,2.3909
1785483700.453058,0.1010,-0.0,-0.0,-0.0000,0.0000,-0.0887,-0.1416,2.3909
1785483700.554709,0.1017,-0.0,-0.0,-0.0000,0.0000,-0.0887,-0.1416,2.3909
1785483700.656846,0.1021,-0.0,-0.0,-0.0000,0.0000,-0.0887,-0.1416,2.3909
1785483700.756222,0.0994,-0.0,-0.0,-0.0000,0.0000,-0.0887,-0.1416,2.3909
1785483700.858114,0.1019,-0.0,-0.0,-0.0000,0.0000,-0.0887,-0.1416,2.3909
1785483700.958026,0.0999,-0.0,-0.0,-0.0000,0.0000,-0.0887,-0.1416,2.3909
1785483701.059352,0.1013,-0.0,-0.0,-0.0000,0.0000,-0.0887,-0.1416,2.3909
1785483701.165386,0.1060,-0.0,-0.0,-0.0000,0.0000,-0.0887,-0.1416,2.3909
1785483701.264371,0.0990,-0.0,-0.0,-0.0000,0.0000,-0.0887,-0.1416,2.3909
1785483701.361673,0.0973,-0.0,-0.0,-0.0000,0.0000,-0.0887,-0.1416,2.3909
1785483701.466369,0.1047,-0.0,-0.0,-0.0000,0.0000,-0.0887,-0.1416,2.3909
1785483701.570310,0.1039,-0.0,-0.0,-0.0000,0.0000,-0.0887,-0.1416,2.3909
1785483701.672073,0.1018,-0.0,-0.0,-0.0000,0.0000,-0.0887,-0.1416,2.3909
1785483701.769232,0.0972,-0.0,-0.0,-0.0000,0.0000,-0.0887,-0.1416,2.3909
1785483701.867238,0.0980,-0.0,-0.0,-0.0000,0.0000,-0.0887,-0.1416,2.3909
1785483701.974282,0.1070,-0.0,-0.0,-0.0000,0.0000,-0.0887,-0.1416,2.3909
1785483702.082451,0.1082,-0.0,-0.0,-0.0000,0.0000,-0.0887,-0.1416,2.3909
1785483702.172018,0.0896,-0.0,-0.0,-0.0000,0.0000,-0.0887,-0.1416,2.3909
1785483702.270487,0.0985,-0.0,-0.0,-0.0000,0.0000,-0.0887,-0.1416,2.3909
1785483702.376455,0.1060,-0.0,-0.0,-0.0000,0.0000,-0.0887,-0.1416,2.3909
1785483702.475511,0.0991,-0.0,-0.0,-0.0000,0.0000,-0.0887,-0.1416,2.3909
1785483702.574426,0.0989,-0.0,-0.0,-0.0000,0.0000,-0.0887,-0.1416,2.3909
1785483702.674913,0.1005,-0.0,-0.0,-0.0000,0.0000,-0.0887,-0.1416,2.3909
1785483702.779011,0.1041,-0.0,-0.0,-0.0000,0.0000,-0.0887,-0.1416,2.3909
1785483702.877984,0.0990,-0.0,-0.0,-0.0000,0.0000,-0.0887,-0.1416,2.3909
1785483702.980850,0.1029,-0.0,-0.0,-0.0000,0.0000,-0.0887,-0.1416,2.3909
1785483703.082120,0.1013,-0.0,-0.0,-0.0000,0.0000,-0.0887,-0.1416,2.3909
1785483703.181630,0.0995,-0.0,-0.0,-0.0000,0.0000,-0.0887,-0.1416,2.3909
1785483703.283133,0.1015,-0.0,-0.0,-0.0000,0.0000,-0.0887,-0.1416,2.3909
1785483703.384681,0.1015,-0.0,-0.0,-0.0000,0.0000,-0.0887,-0.1416,2.3909
1785483703.486113,0.1014,-0.0,-0.0,-0.0000,0.0000,-0.0887,-0.1416,2.3909
1785483703.585171,0.0991,-0.0,-0.0,-0.0000,0.0000,-0.0887,-0.1416,2.3909
1785483703.697179,0.1120,-0.0,-0.0,-0.0000,0.0000,-0.0887,-0.1416,2.3909
1785483703.786886,0.0897,-0.0,-0.0,-0.0000,0.0000,-0.0887,-0.1416,2.3909
1785483703.888924,0.1020,-0.0,-0.0,-0.0000,0.0000,-0.0887,-0.1416,2.3909
1785483703.990115,0.1012,-0.0,-0.0,-0.0000,0.0000,-0.0887,-0.1416,2.3909
1785483704.091685,0.1016,-0.0,-0.0,-0.0000,0.0000,-0.0887,-0.1416,2.3909
1785483704.191220,0.0995,-0.0,-0.0,-0.0000,0.0000,-0.0887,-0.1416,2.3909
1785483704.294163,0.1029,-0.0,-0.0,-0.0000,0.0000,-0.0887,-0.1416,2.3909
1785483704.394121,0.1000,-0.0,-0.0,-0.0000,0.0000,-0.0887,-0.1416,2.3909
1785483704.494927,0.1008,-0.0,-0.0,-0.0000,0.0000,-0.0887,-0.1416,2.3909
1785483704.598394,0.1035,-0.0,-0.0,-0.0000,0.0000,-0.0887,-0.1416,2.3909
1785483704.697769,0.0994,-0.0,-0.0,-0.0000,0.0000,-0.0887,-0.1416,2.3909
1785483704.798942,0.1012,-0.0,-0.0,-0.0000,0.0000,-0.0887,-0.1416,2.3909
1785483704.901413,0.1025,-0.0,-0.0,-0.0000,0.0000,-0.0887,-0.1416,2.3909
1785483704.997941,0.0965,-0.0,-0.0,-0.0000,0.0000,-0.0887,-0.1416,2.3909
1785483705.099488,0.1015,-0.0,-0.0,-0.0000,0.0000,-0.0887,-0.1416,2.3909
1785483705.204402,0.1049,-0.0,-0.0,-0.0000,0.0000,-0.0887,-0.1416,2.3909
1785483705.304970,0.1006,-0.0,-0.0,-0.0000,0.0000,-0.0887,-0.1416,2.3909
1785483705.402071,0.0971,-0.0,-0.0,-0.0000,0.0000,-0.0887,-0.1416,2.3909
1785483705.506447,0.1044,-0.0,-0.0,-0.0000,0.0000,-0.0887,-0.1416,2.3909
1785483705.603602,0.0972,-0.0,-0.0,-0.0000,0.0000,-0.0887,-0.1416,2.3909
1785483705.705581,0.1020,-0.0,-0.0,-0.0000,0.0000,-0.0887,-0.1416,2.3909
1785483705.809112,0.1035,-0.0,-0.0,-0.0000,0.0000,-0.0887,-0.1416,2.3909
1785483705.906850,0.0977,-0.0,-0.0,-0.0000,0.0000,-0.0887,-0.1416,2.3909
1785483706.008045,0.1012,-0.0,-0.0,-0.0000,0.0000,-0.0887,-0.1416,2.3909
1785483706.255585,0.2475,-0.0,-0.0,-0.0000,0.0000,-0.0887,-0.1416,2.3909
1785483706.255626,0.0000,-0.0,-0.0,-0.0000,0.0000,-0.0887,-0.1416,2.3909
1785483706.316832,0.0612,-0.0,-0.0,-0.0000,0.0000,-0.0887,-0.1416,2.3909
1785483706.518595,0.2018,-0.0,-0.0,-0.0000,0.0000,-0.0887,-0.1416,2.3909
1785483706.521313,0.0027,-0.0,-0.0,-0.0000,0.0000,-0.0887,-0.1416,2.3909
1785483706.759028,0.2377,-0.0,-0.0,-0.0000,0.0000,-0.0887,-0.1416,2.3909
1785483706.759067,0.0000,-0.0,-0.0,-0.0000,0.0000,-0.0887,-0.1416,2.3909
1785483706.823451,0.0644,-0.0,-0.0,-0.0000,0.0000,-0.0887,-0.1416,2.3909
1785483707.014223,0.1908,-0.0,-0.0,-0.0000,0.0000,-0.0887,-0.1416,2.3909
1785483707.047282,0.0331,-0.0,-0.0,-0.0000,0.0000,-0.0887,-0.1416,2.3909
1785483707.240968,0.1937,-0.0,-0.0,-0.0000,0.0000,-0.0887,-0.1416,2.3909
1785483707.241011,0.0000,-0.0,-0.0,-0.0000,0.0000,-0.0887,-0.1416,2.3909
1785483707.339268,0.0983,-0.0,-0.0,-0.0000,0.0000,-0.0887,-0.1416,2.3909
1785483707.498880,0.1596,-0.0,-0.0,-0.0000,0.0000,-0.0887,-0.1416,2.3909
1785483707.543609,0.0447,-0.0,-0.0,-0.0000,0.0000,-0.0887,-0.1416,2.3909
1785483707.749223,0.2056,-0.0,-0.0,-0.0000,0.0000,-0.0887,-0.1416,2.3909
1785483707.749256,0.0000,-0.0,-0.0,-0.0000,0.0000,-0.0887,-0.1416,2.3909
1785483708.003377,0.2541,-0.0,-0.0,-0.0000,0.0000,-0.0887,-0.1416,2.3909
1785483708.003424,0.0000,-0.0,-0.0,-0.0000,0.0000,-0.0887,-0.1416,2.3909
1785483708.033258,0.0298,-0.0,-0.0,-0.0000,0.0000,-0.0887,-0.1416,2.3909
1785483708.257373,0.2241,-0.0,-0.0,-0.0000,0.0000,-0.0887,-0.1416,2.3909
1785483708.257411,0.0000,-0.0,-0.0,-0.0000,0.0000,-0.0887,-0.1416,2.3909
1785483708.333631,0.0762,-0.0,-0.0,-0.0000,0.0000,-0.0887,-0.1416,2.3909
1785483708.507757,0.1741,-0.0,-0.0,-0.0000,0.0000,-0.0887,-0.1416,2.3909
1785483708.535386,0.0276,-0.0,-0.0,-0.0000,0.0000,-0.0887,-0.1416,2.3909
1785483708.772605,0.2372,-0.0,-0.0,-0.0000,0.0000,-0.0887,-0.1416,2.3909
1785483708.772641,0.0000,-0.0,-0.0,-0.0000,0.0000,-0.0887,-0.1416,2.3909
1785483708.840671,0.0680,-0.0,-0.0,-0.0000,0.0000,-0.0887,-0.1416,2.3909
1785483709.012259,0.1716,-0.0,-0.0,-0.0000,0.0000,-0.0887,-0.1416,2.3909
1785483709.044876,0.0326,-0.0,-0.0,-0.0000,0.0000,-0.0887,-0.1416,2.3909
1785483709.263387,0.2185,-0.0,-0.0,-0.0000,0.0000,-0.0887,-0.1416,2.3909
1785483709.263424,0.0000,-0.0,-0.0,-0.0000,0.0000,-0.0887,-0.1416,2.3909
1785483709.350013,0.0866,-0.0,-0.0,-0.0000,0.0000,-0.0887,-0.1416,2.3909
1785483709.541135,0.1911,-0.0,-0.0,-0.0000,0.0000,-0.0887,-0.1416,2.3909
1785483709.552138,0.0110,-0.0,-0.0,-0.0000,0.0000,-0.0887,-0.1416,2.3909
1785483709.772682,0.2205,-0.0,-0.0,-0.0000,0.0000,-0.0887,-0.1416,2.3909
1785483709.772715,0.0000,-0.0,-0.0,-0.0000,0.0000,-0.0887,-0.1416,2.3909
1785483709.854256,0.0815,-0.0,-0.0,-0.0000,0.0000,-0.0887,-0.1416,2.3909
1785483710.019122,0.1649,-0.0,-0.0,-0.0000,0.0000,-0.0887,-0.1416,2.3909
1785483710.054623,0.0355,-0.0,-0.0,-0.0000,0.0000,-0.0887,-0.1416,2.3909
1785483710.272492,0.2179,-0.0,-0.0,-0.0000,0.0000,-0.0887,-0.1416,2.3909
1785483710.272527,0.0000,-0.0,-0.0,-0.0000,0.0000,-0.0887,-0.1416,2.3909
1785483710.357499,0.0850,-0.0,-0.0,-0.0000,0.0000,-0.0887,-0.1416,2.3909
1785483710.529895,0.1724,-0.0,-0.0,-0.0000,0.0000,-0.0887,-0.1416,2.3909
1785483710.559247,0.0294,-0.0,-0.0,-0.0000,0.0000,-0.0887,-0.1416,2.3909
1785483710.847333,0.2881,-0.0,-0.0,-0.0000,0.0000,-0.0887,-0.1416,2.3909
1785483710.847369,0.0000,-0.0,-0.0,-0.0000,0.0000,-0.0887,-0.1416,2.3909
1785483710.865543,0.0182,-0.0,-0.0,-0.0000,0.0000,-0.0887,-0.1416,2.3909
1785483710.963629,0.0981,-0.0,-0.0,-0.0000,0.0000,-0.0887,-0.1416,2.3909
1785483711.067217,0.1036,-0.0,-0.0,-0.0000,0.0000,-0.0887,-0.1416,2.3909
1785483711.166149,0.0989,-0.0,-0.0,-0.0000,0.0000,-0.0887,-0.1416,2.3909
1785483711.268513,0.1024,-0.0,-0.0,-0.0000,0.0000,-0.0887,-0.1416,2.3909
1785483711.370267,0.1018,-0.0,-0.0,-0.0000,0.0000,-0.0887,-0.1416,2.3909
1785483711.469918,0.0997,-0.0,-0.0,-0.0000,0.0000,-0.0887,-0.1416,2.3909
1785483711.575688,0.1058,-0.0,-0.0,-0.0000,0.0000,-0.0887,-0.1416,2.3909
1785483711.673210,0.0975,-0.0,-0.0,-0.0000,0.0000,-0.0887,-0.1416,2.3909
1785483711.772245,0.0990,-0.0,-0.0,-0.0000,0.0000,-0.0887,-0.1416,2.3909
1785483711.873576,0.1013,-0.0,-0.0,-0.0000,0.0000,-0.0887,-0.1416,2.3909
1785483711.976326,0.1028,-0.0,-0.0,-0.0000,0.0000,-0.0887,-0.1416,2.3909
1785483712.076088,0.0998,-0.0,-0.0,-0.0000,0.0000,-0.0887,-0.1416,2.3909
1785483712.177764,0.1017,-0.0,-0.0,-0.0000,0.0000,-0.0887,-0.1416,2.3909
1785483712.300069,0.1223,-0.0,-0.0,-0.0000,0.0000,-0.0887,-0.1416,2.3909
1785483712.390343,0.0903,-0.0,-0.0,-0.0000,0.0000,-0.0887,-0.1416,2.3909
1785483712.527676,0.1373,-0.0,-0.0,-0.0000,0.0000,-0.0887,-0.1416,2.3909
1785483712.582201,0.0545,-0.0,-0.0,-0.0000,0.0000,-0.0887,-0.1416,2.3909
1785483712.718796,0.1366,-0.0,-0.0,-0.0000,0.0000,-0.0887,-0.1416,2.3909
1785483712.784502,0.0657,-0.0,-0.0,-0.0000,0.0000,-0.0887,-0.1416,2.3909
1785483712.931700,0.1472,-0.0,-0.0,-0.0000,0.0000,-0.0887,-0.1416,2.3909
1785483713.016212,0.0845,-0.0,-0.0,-0.0000,0.0000,-0.0887,-0.1416,2.3909
1785483713.115921,0.0997,-0.0,-0.0,-0.0000,0.0000,-0.0887,-0.1416,2.3909
1785483713.193050,0.0771,-0.0,-0.0,-0.0000,0.0000,-0.0887,-0.1416,2.3909
1785483713.292245,0.0992,-0.0,-0.0,-0.0000,0.0000,-0.0887,-0.1416,2.3909
1785483713.407836,0.1156,-0.0,-0.0,-0.0000,0.0000,-0.0887,-0.1416,2.3909
1785483713.489396,0.0816,-0.0,-0.0,-0.0000,0.0000,-0.0887,-0.1416,2.3909
1785483713.599940,0.1105,-0.0,-0.0,-0.0000,0.0000,-0.0887,-0.1416,2.3909
1785483713.692696,0.0928,-0.0,-0.0,-0.0000,0.0000,-0.0887,-0.1416,2.3909
1785483713.794239,0.1015,-0.0,-0.0,-0.0000,0.0000,-0.0887,-0.1416,2.3909
1785483713.894012,0.0998,-0.0,-0.0,-0.0000,0.0000,-0.0887,-0.1416,2.3909
1785483714.002540,0.1085,-0.0,-0.0,-0.0000,0.0000,-0.0887,-0.1416,2.3909
1785483714.097429,0.0949,-0.0,-0.0,-0.0000,0.0000,-0.0887,-0.1416,2.3909
1785483714.199348,0.1019,-0.0,-0.0,-0.0000,0.0000,-0.0887,-0.1416,2.3909
1785483714.305196,0.1058,-0.0,-0.0,-0.0000,0.0000,-0.0887,-0.1416,2.3909
1785483714.405385,0.1002,-0.0,-0.0,-0.0000,0.0000,-0.0887,-0.1416,2.3909
1785483714.512403,0.1070,-0.0,-0.0,-0.0000,0.0000,-0.0887,-0.1416,2.3909
1785483714.637341,0.1249,-0.0,-0.0,-0.0000,0.0000,-0.0887,-0.1416,2.3909
1785483714.813329,0.1760,-0.0,-0.0,-0.0000,0.0000,-0.0887,-0.1416,2.3909
1785483715.410385,0.5971,-0.0,-0.0,-0.0000,0.0000,-0.0887,-0.1416,2.3909
1785483715.410429,0.0000,-0.0,-0.0,-0.0000,0.0000,-0.0887,-0.1416,2.3909
1785483715.410463,0.0000,-0.0,-0.0,-0.0000,0.0000,-0.0887,-0.1416,2.3909
1785483715.410470,0.0000,-0.0,-0.0,-0.0000,0.0000,-0.0887,-0.1416,2.3909
1785483715.410477,0.0000,-0.0,-0.0,-0.0000,0.0000,-0.0887,-0.1416,2.3909
1785483715.410483,0.0000,-0.0,-0.0,-0.0000,0.0000,-0.0887,-0.1416,2.3909
1785483715.451765,0.0413,-0.0,-0.0,-0.0000,0.0000,-0.0887,-0.1416,2.3909
1785483715.540073,0.0883,-0.0,-0.0,-0.0000,0.0000,-0.0887,-0.1416,2.3909
1785483715.613036,0.0730,-0.0,-0.0,-0.0000,0.0000,-0.0887,-0.1416,2.3909
1785483715.864122,0.2511,-0.0,-0.0,-0.0000,0.0000,-0.0887,-0.1416,2.3909
1785483715.864160,0.0000,-0.0,-0.0,-0.0000,0.0000,-0.0887,-0.1416,2.3909
1785483715.915429,0.0513,-0.0,-0.0,-0.0000,0.0000,-0.0887,-0.1416,2.3909
1785483716.017157,0.1017,-0.0,-0.0,-0.0000,0.0000,-0.0887,-0.1416,2.3909
1785483716.122925,0.1058,-0.0,-0.0,-0.0000,0.0000,-0.0887,-0.1416,2.3909
1785483716.219731,0.0968,-0.0,-0.0,-0.0000,0.0000,-0.0887,-0.1416,2.3909
1785483716.348967,0.1292,-0.0,-0.0,-0.0000,0.0000,-0.0887,-0.1416,2.3909
1785483716.421590,0.0726,-0.0,-0.0,-0.0000,0.0000,-0.0887,-0.1416,2.3909
1785483716.520937,0.0993,-0.0,-0.0,-0.0000,0.0000,-0.0887,-0.1416,2.3909
1785483716.623536,0.1026,-0.0,-0.0,-0.0000,0.0000,-0.0887,-0.1416,2.3909
1785483716.723473,0.0999,-0.0,-0.0,-0.0000,0.0000,-0.0887,-0.1416,2.3909
1785483716.826531,0.1031,-0.0,-0.0,-0.0000,0.0000,-0.0887,-0.1416,2.3909
1785483716.928427,0.1019,-0.0,-0.0,-0.0000,0.0000,-0.0887,-0.1416,2.3909
1785483717.031106,0.1027,-0.0,-0.0,-0.0000,0.0000,-0.0887,-0.1416,2.3909
1785483717.133702,0.1026,-0.0,-0.0,-0.0000,0.0000,-0.0887,-0.1416,2.3909
1785483717.234329,0.1006,-0.0,-0.0,-0.0000,0.0000,-0.0887,-0.1416,2.3909
1785483717.333404,0.0991,-0.0,-0.0,-0.0000,0.0000,-0.0887,-0.1416,2.3909
1785483717.431805,0.0984,-0.0,-0.0,-0.0000,0.0000,-0.0887,-0.1416,2.3909
1785483717.532293,0.1005,-0.0,-0.0,-0.0000,0.0000,-0.0887,-0.1416,2.3909
1785483717.651010,0.1187,-0.0,-0.0,-0.0000,0.0000,-0.0887,-0.1416,2.3909
1785483717.748183,0.0972,-0.0,-0.0,-0.0000,0.0000,-0.0887,-0.1416,2.3909
1785483717.837317,0.0891,-0.0,-0.0,-0.0000,0.0000,-0.0887,-0.1416,2.3909
1785483717.940326,0.1030,-0.0,-0.0,-0.0000,0.0000,-0.0887,-0.1416,2.3909
1785483718.041237,0.1009,-0.0,-0.0,-0.0000,0.0000,-0.0887,-0.1416,2.3909
1785483718.138860,0.0976,-0.0,-0.0,-0.0000,0.0000,-0.0887,-0.1416,2.3909
1785483718.241708,0.1028,-0.0,-0.0,-0.0000,0.0000,-0.0887,-0.1416,2.3909
1785483718.340151,0.0984,-0.0,-0.0,-0.0000,0.0000,-0.0887,-0.1416,2.3909
1785483718.442307,0.1022,-0.0,-0.0,-0.0000,0.0000,-0.0887,-0.1416,2.3909
1785483718.546362,0.1041,-0.0,-0.0,-0.0000,0.0000,-0.0887,-0.1416,2.3909
1785483718.645592,0.0992,-0.0,-0.0,-0.0000,0.0000,-0.0887,-0.1416,2.3909
1785483718.747704,0.1021,-0.0,-0.0,-0.0000,0.0000,-0.0887,-0.1416,2.3909
1785483718.850959,0.1033,-0.0,-0.0,-0.0000,0.0000,-0.0887,-0.1416,2.3909
1785483718.947738,0.0968,-0.0,-0.0,-0.0000,0.0000,-0.0887,-0.1416,2.3909
1785483719.056545,0.1088,-0.0,-0.0,-0.0000,0.0000,-0.0887,-0.1416,2.3909
1785483719.152360,0.0958,-0.0,-0.0,-0.0000,0.0000,-0.0887,-0.1416,2.3909
1785483719.251858,0.0995,-0.0,-0.0,-0.0000,0.0000,-0.0887,-0.1416,2.3909
1785483719.352016,0.1002,-0.0,-0.0,-0.0000,0.0000,-0.0887,-0.1416,2.3909
1785483719.453193,0.1012,-0.0,-0.0,-0.0000,0.0000,-0.0887,-0.1416,2.3909
1785483719.595999,0.1428,-0.0,-0.0,-0.0000,0.0000,-0.0887,-0.1416,2.3909
1785483719.669788,0.0738,-0.0,-0.0,-0.0000,0.0000,-0.0887,-0.1416,2.3909
1785483719.858130,0.1883,-0.0,-0.0,-0.0000,0.0000,-0.0887,-0.1416,2.3909
1785483719.936697,0.0786,-0.0,-0.0,-0.0000,0.0000,-0.0887,-0.1416,2.3909
1785483719.965287,0.0286,-0.0,-0.0,-0.0000,0.0000,-0.0887,-0.1416,2.3909
1785483720.063378,0.0981,-0.0,-0.0,-0.0000,0.0000,-0.0887,-0.1416,2.3909
1785483720.208355,0.1450,-0.0,-0.0,-0.0000,0.0000,-0.0887,-0.1416,2.3909
1785483720.274663,0.0663,-0.0,-0.0,-0.0000,0.0000,-0.0887,-0.1416,2.3909
1785483720.370023,0.0954,-0.0,-0.0,-0.0000,0.0000,-0.0887,-0.1416,2.3909
1785483720.484333,0.1143,-0.0,-0.0,-0.0000,0.0000,-0.0887,-0.1416,2.3909
1785483720.571211,0.0869,-0.0,-0.0,-0.0000,0.0000,-0.0887,-0.1416,2.3909
1785483720.673370,0.1022,-0.0,-0.0,-0.0000,0.0000,-0.0887,-0.1416,2.3909
1785483720.794129,0.1208,-0.0,-0.0,-0.0000,0.0000,-0.0887,-0.1416,2.3909
1785483720.875395,0.0813,-0.0,-0.0,-0.0000,0.0000,-0.0887,-0.1416,2.3909
1785483720.978189,0.1028,-0.0,-0.0,-0.0000,0.0000,-0.0887,-0.1416,2.3909
1785483721.078857,0.1007,-0.0,-0.0,-0.0000,0.0000,-0.0887,-0.1416,2.3909
1785483721.260239,0.1814,-0.0,-0.0,-0.0000,0.0000,-0.0887,-0.1416,2.3909
1785483721.515504,0.2553,-0.0,-0.0,-0.0000,0.0000,-0.0887,-0.1416,2.3909
1785483721.515553,0.0000,-0.0,-0.0,-0.0000,0.0000,-0.0887,-0.1416,2.3909
1785483721.515563,0.0000,-0.0,-0.0,-0.0000,0.0000,-0.0887,-0.1416,2.3909
1785483721.581483,0.0659,-0.0,-0.0,-0.0000,0.0000,-0.0887,-0.1416,2.3909
1785483721.760804,0.1793,-0.0,-0.0,-0.0000,0.0000,-0.0887,-0.1416,2.3909
1785483721.781052,0.0202,-0.0,-0.0,-0.0000,0.0000,-0.0887,-0.1416,2.3909
1785483722.002354,0.2213,-0.0,-0.0,-0.0000,0.0000,-0.0887,-0.1416,2.3909
1785483722.002400,0.0000,-0.0,-0.0,-0.0000,0.0000,-0.0887,-0.1416,2.3909
1785483722.085615,0.0832,-0.0,-0.0,-0.0000,0.0000,-0.0887,-0.1416,2.3909
1785483722.244589,0.1590,-0.0,-0.0,-0.0000,0.0000,-0.0887,-0.1416,2.3909
1785483722.289042,0.0445,-0.0,-0.0,-0.0000,0.0000,-0.0887,-0.1416,2.3909
1785483722.497955,0.2089,-0.0,-0.0,-0.0000,0.0000,-0.0887,-0.1416,2.3909
1785483722.498032,0.0001,-0.0,-0.0,-0.0000,0.0000,-0.0887,-0.1416,2.3909
1785483722.761815,0.2638,-0.0,-0.0,-0.0000,0.0000,-0.0887,-0.1416,2.3909
1785483722.761852,0.0000,-0.0,-0.0,-0.0000,0.0000,-0.0887,-0.1416,2.3909
1785483722.805650,0.0438,-0.0,-0.0,-0.0000,0.0000,-0.0887,-0.1416,2.3909
1785483723.009440,0.2038,-0.0,-0.0,-0.0000,0.0000,-0.0887,-0.1416,2.3909
1785483723.009484,0.0000,-0.0,-0.0,-0.0000,0.0000,-0.0887,-0.1416,2.3909
1785483723.105266,0.0958,-0.0,-0.0,-0.0000,0.0000,-0.0887,-0.1416,2.3909
1785483723.261994,0.1567,-0.0,-0.0,-0.0000,0.0000,-0.0887,-0.1416,2.3909
1785483723.767094,0.5051,-0.0,-0.0,-0.0000,0.0000,-0.0887,-0.1416,2.3909
1785483723.767133,0.0000,-0.0,-0.0,-0.0000,0.0000,-0.0887,-0.1416,2.3909
1785483723.767144,0.0000,-0.0,-0.0,-0.0000,0.0000,-0.0887,-0.1416,2.3909
1785483723.767152,0.0000,-0.0,-0.0,-0.0000,0.0000,-0.0887,-0.1416,2.3909
1785483723.787225,0.0201,-0.0,-0.0,-0.0000,0.0000,-0.0887,-0.1416,2.3909
1785483723.803498,0.0163,-0.0,-0.0,-0.0000,0.0000,-0.0887,-0.1416,2.3909
1785483724.025163,0.2217,-0.0,-0.0,-0.0000,0.0000,-0.0887,-0.1416,2.3909
1785483724.025205,0.0000,-0.0,-0.0,-0.0000,0.0000,-0.0887,-0.1416,2.3909
1785483724.268681,0.2435,-0.0,-0.0,-0.0000,0.0000,-0.0887,-0.1416,2.3909
1785483724.268721,0.0000,-0.0,-0.0,-0.0000,0.0000,-0.0887,-0.1416,2.3909
1785483724.309049,0.0403,-0.0,-0.0,-0.0000,0.0000,-0.0887,-0.1416,2.3909
1785483724.525756,0.2167,-0.0,-0.0,-0.0000,0.0000,-0.0887,-0.1416,2.3909
1785483724.525799,0.0000,-0.0,-0.0,-0.0000,0.0000,-0.0887,-0.1416,2.3909
1785483724.613363,0.0876,-0.0,-0.0,-0.0000,0.0000,-0.0887,-0.1416,2.3909
1785483724.771504,0.1581,-0.0,-0.0,-0.0000,0.0000,-0.0887,-0.1416,2.3909
1785483724.814473,0.0430,-0.0,-0.0,-0.0000,0.0000,-0.0887,-0.1416,2.3909
1785483725.023232,0.2088,-0.0,-0.0,-0.0000,0.0000,-0.0887,-0.1416,2.3909
1785483725.023277,0.0000,-0.0,-0.0,-0.0000,0.0000,-0.0887,-0.1416,2.3909
1785483725.116193,0.0929,-0.0,-0.0,-0.0000,0.0000,-0.0887,-0.1416,2.3909
1785483725.278221,0.1620,-0.0,-0.0,-0.0000,0.0000,-0.0887,-0.1416,2.3909
1785483725.321256,0.0430,-0.0,-0.0,-0.0000,0.0000,-0.0887,-0.1416,2.3909
1785483725.531885,0.2106,-0.0,-0.0,-0.0000,0.0000,-0.0887,-0.1416,2.3909
1785483725.531934,0.0000,-0.0,-0.0,-0.0000,0.0000,-0.0887,-0.1416,2.3909
1785483725.621659,0.0897,-0.0,-0.0,-0.0000,0.0000,-0.0887,-0.1416,2.3909
1785483725.845374,0.2237,-0.0,-0.0,-0.0000,0.0000,-0.0887,-0.1416,2.3909
1785483725.845413,0.0000,-0.0,-0.0,-0.0000,0.0000,-0.0887,-0.1416,2.3909
1785483725.925352,0.0799,-0.0,-0.0,-0.0000,0.0000,-0.0887,-0.1416,2.3909
1785483726.031304,0.1060,-0.0,-0.0,-0.0000,0.0000,-0.0887,-0.1416,2.3909
1785483726.130183,0.0989,-0.0,-0.0,-0.0000,0.0000,-0.0887,-0.1416,2.3909
1785483726.229239,0.0991,-0.0,-0.0,-0.0000,0.0000,-0.0887,-0.1416,2.3909
1785483726.330421,0.1012,-0.0,-0.0,-0.0000,0.0000,-0.0887,-0.1416,2.3909
1785483726.430241,0.0998,-0.0,-0.0,-0.0000,0.0000,-0.0887,-0.1416,2.3909
1785483726.533269,0.1030,-0.0,-0.0,-0.0000,0.0000,-0.0887,-0.1416,2.3909
1785483726.631730,0.0985,-0.0,-0.0,-0.0000,0.0000,-0.0887,-0.1416,2.3909
1785483726.733108,0.1014,-0.0,-0.0,-0.0000,0.0000,-0.0887,-0.1416,2.3909
1785483726.839310,0.1062,-0.0,-0.0,-0.0000,0.0000,-0.0887,-0.1416,2.3909
1785483726.933735,0.0944,-0.0,-0.0,-0.0000,0.0000,-0.0887,-0.1416,2.3909
1785483727.035335,0.1016,-0.0,-0.0,-0.0000,0.0000,-0.0887,-0.1416,2.3909
1785483727.140375,0.1050,-0.0,-0.0,-0.0000,0.0000,-0.0887,-0.1416,2.3909
1785483727.238341,0.0980,-0.0,-0.0,-0.0000,0.0000,-0.0887,-0.1416,2.3909
1785483727.338303,0.1000,-0.0,-0.0,-0.0000,0.0000,-0.0887,-0.1416,2.3909
1785483727.442375,0.1041,-0.0,-0.0,-0.0000,0.0000,-0.0887,-0.1416,2.3909
1785483727.542821,0.1004,-0.0,-0.0,-0.0000,0.0000,-0.0887,-0.1416,2.3909
1785483727.645935,0.1031,-0.0,-0.0,-0.0000,0.0000,-0.0887,-0.1416,2.3909
1785483727.747367,0.1014,-0.0,-0.0,-0.0000,0.0000,-0.0887,-0.1416,2.3909
1785483727.845734,0.0984,-0.0,-0.0,-0.0000,0.0000,-0.0887,-0.1416,2.3909
1785483727.947878,0.1021,-0.0,-0.0,-0.0000,0.0000,-0.0887,-0.1416,2.3909
1785483728.051401,0.1035,-0.0,-0.0,-0.0000,0.0000,-0.0887,-0.1416,2.3909
1785483728.149753,0.0984,-0.0,-0.0,-0.0000,0.0000,-0.0887,-0.1416,2.3909
1785483728.251328,0.1016,-0.0,-0.0,-0.0000,0.0000,-0.0887,-0.1416,2.3909
1785483728.379366,0.1280,-0.0,-0.0,-0.0000,0.0000,-0.0887,-0.1416,2.3909
1785483728.453220,0.0739,-0.0,-0.0,-0.0000,0.0000,-0.0887,-0.1416,2.3909
1785483728.553705,0.1005,-0.0,-0.0,-0.0000,0.0000,-0.0887,-0.1416,2.3909
1785483728.657755,0.1040,-0.0,-0.0,-0.0000,0.0000,-0.0887,-0.1416,2.3909
1785483728.757281,0.0995,-0.0,-0.0,-0.0000,0.0000,-0.0887,-0.1416,2.3909
1785483728.857972,0.1007,-0.0,-0.0,-0.0000,0.0000,-0.0887,-0.1416,2.3909
1785483728.960850,0.1029,-0.0,-0.0,-0.0000,0.0000,-0.0887,-0.1416,2.3909
1785483729.063320,0.1025,-0.0,-0.0,-0.0000,0.0000,-0.0887,-0.1416,2.3909
1785483729.166851,0.1035,-0.0,-0.0,-0.0000,0.0000,-0.0887,-0.1416,2.3909
1785483729.261698,0.0948,-0.0,-0.0,-0.0000,0.0000,-0.0887,-0.1416,2.3909
1785483729.363327,0.1016,-0.0,-0.0,-0.0000,0.0000,-0.0887,-0.1416,2.3909
1785483729.463744,0.1004,-0.0,-0.0,-0.0000,0.0000,-0.0887,-0.1416,2.3909
1785483729.564421,0.1007,-0.0,-0.0,-0.0000,0.0000,-0.0887,-0.1416,2.3909
1785483729.668386,0.1040,-0.0,-0.0,-0.0000,0.0000,-0.0887,-0.1416,2.3909
1785483729.768044,0.0997,-0.0,-0.0,-0.0000,0.0000,-0.0887,-0.1416,2.3909
1785483729.873825,0.1058,-0.0,-0.0,-0.0000,0.0000,-0.0887,-0.1416,2.3909
1785483729.969825,0.0960,-0.0,-0.0,-0.0000,0.0000,-0.0887,-0.1416,2.3909
1785483730.073929,0.1041,-0.0,-0.0,-0.0000,0.0000,-0.0887,-0.1416,2.3909
1785483730.172341,0.0984,-0.0,-0.0,-0.0000,0.0000,-0.0887,-0.1416,2.3909
1785483730.279384,0.1070,-0.0,-0.0,-0.0000,0.0000,-0.0887,-0.1416,2.3909
1785483730.380369,0.1010,-0.0,-0.0,-0.0000,0.0000,-0.0887,-0.1416,2.3909
1785483730.482327,0.1020,-0.0,-0.0,-0.0000,0.0000,-0.0887,-0.1416,2.3909
1785483730.584210,0.1019,-0.0,-0.0,-0.0000,0.0000,-0.0887,-0.1416,2.3909
1785483730.687398,0.1032,-0.0,-0.0,-0.0000,0.0000,-0.0887,-0.1416,2.3909
1785483730.782484,0.0951,-0.0,-0.0,-0.0000,0.0000,-0.0887,-0.1416,2.3909
1785483730.888254,0.1058,-0.0,-0.0,-0.0000,0.0000,-0.0887,-0.1416,2.3909
1785483730.977441,0.0892,-0.0,-0.0,-0.0000,0.0000,-0.0887,-0.1416,2.3909
1785483731.081035,0.1036,-0.0,-0.0,-0.0000,0.0000,-0.0887,-0.1416,2.3909
1785483731.197369,0.1163,-0.0,-0.0,-0.0000,0.0000,-0.0887,-0.1416,2.3909
1785483731.281323,0.0840,-0.0,-0.0,-0.0000,0.0000,-0.0887,-0.1416,2.3909
1785483731.384408,0.1031,-0.0,-0.0,-0.0000,0.0000,-0.0887,-0.1416,2.3909
1785483731.484794,0.1004,-0.0,-0.0,-0.0000,0.0000,-0.0887,-0.1416,2.3909
1785483731.587007,0.1022,-0.0,-0.0,-0.0000,0.0000,-0.0887,-0.1416,2.3909
1785483731.687819,0.1008,-0.0,-0.0,-0.0000,0.0000,-0.0887,-0.1416,2.3909
1785483731.788861,0.1010,-0.0,-0.0,-0.0000,0.0000,-0.0887,-0.1416,2.3909
1785483731.994185,0.2053,-0.0,-0.0,-0.0000,0.0000,-0.0887,-0.1416,2.3909
1785483732.010469,0.0163,-0.0,-0.0,-0.0000,0.0000,-0.0887,-0.1416,2.3909
1785483732.117154,0.1067,-0.0,-0.0,-0.0000,0.0000,-0.0887,-0.1416,2.3909
1785483732.219758,0.1026,-0.0,-0.0,-0.0000,0.0000,-0.0887,-0.1416,2.3909
1785483732.309648,0.0899,-0.0,-0.0,-0.0000,0.0000,-0.0887,-0.1416,2.3909
1785483732.413275,0.1036,-0.0,-0.0,-0.0000,0.0000,-0.0887,-0.1416,2.3909
1785483732.513567,0.1003,-0.0,-0.0,-0.0000,0.0000,-0.0887,-0.1416,2.3909
1785483732.613570,0.1000,-0.0,-0.0,-0.0000,0.0000,-0.0887,-0.1416,2.3909
1785483732.716399,0.1028,-0.0,-0.0,-0.0000,0.0000,-0.0887,-0.1416,2.3909
1785483732.816781,0.1004,-0.0,-0.0,-0.0000,0.0000,-0.0887,-0.1416,2.3909
1785483732.933220,0.1164,-0.0,-0.0,-0.0000,0.0000,-0.0887,-0.1416,2.3909
1785483733.016948,0.0837,-0.0,-0.0,-0.0000,0.0000,-0.0887,-0.1416,2.3909
1785483733.121351,0.1044,-0.0,-0.0,-0.0000,0.0000,-0.0887,-0.1416,2.3909
1785483733.221478,0.1001,-0.0,-0.0,-0.0000,0.0000,-0.0887,-0.1416,2.3909
1785483733.324200,0.1027,-0.0,-0.0,-0.0000,0.0000,-0.0887,-0.1416,2.3909
1785483733.423925,0.0997,-0.0,-0.0,-0.0000,0.0000,-0.0887,-0.1416,2.3909
1785483733.528675,0.1048,-0.0,-0.0,-0.0000,0.0000,-0.0887,-0.1416,2.3909
1785483733.629312,0.1006,-0.0,-0.0,-0.0000,0.0000,-0.0887,-0.1416,2.3909
1785483733.728374,0.0991,-0.0,-0.0,-0.0000,0.0000,-0.0887,-0.1416,2.3909
1785483733.828232,0.0999,-0.0,-0.0,-0.0000,0.0000,-0.0887,-0.1416,2.3909
1785483733.927392,0.0992,-0.0,-0.0,-0.0000,0.0000,-0.0887,-0.1416,2.3909
1785483734.031442,0.1040,-0.0,-0.0,-0.0000,0.0000,-0.0887,-0.1416,2.3909
1785483734.132209,0.1008,-0.0,-0.0,-0.0000,0.0000,-0.0887,-0.1416,2.3909
1785483734.237766,0.1056,-0.0,-0.0,-0.0000,0.0000,-0.0887,-0.1416,2.3909
1785483734.332263,0.0945,-0.0,-0.0,-0.0000,0.0000,-0.0887,-0.1416,2.3909
1785483734.435171,0.1029,-0.0,-0.0,-0.0000,0.0000,-0.0887,-0.1416,2.3909
1785483734.533321,0.0982,-0.0,-0.0,-0.0000,0.0000,-0.0887,-0.1416,2.3909
1785483734.635788,0.1025,-0.0,-0.0,-0.0000,0.0000,-0.0887,-0.1416,2.3909
1785483734.755120,0.1193,-0.0,-0.0,-0.0000,0.0000,-0.0887,-0.1416,2.3909
1785483734.867205,0.1121,-0.0,-0.0,-0.0000,0.0000,-0.0887,-0.1416,2.3909
1785483734.956747,0.0895,-0.0,-0.0,-0.0000,0.0000,-0.0887,-0.1416,2.3909
1785483735.045064,0.0883,-0.0,-0.0,-0.0000,0.0000,-0.0887,-0.1416,2.3909
1785483735.146234,0.1012,-0.0,-0.0,-0.0000,0.0000,-0.0887,-0.1416,2.3909
1785483735.256313,0.1101,-0.0,-0.0,-0.0000,0.0000,-0.0887,-0.1416,2.3909
1785483735.347642,0.0913,-0.0,-0.0,-0.0000,0.0000,-0.0887,-0.1416,2.3909
1785483735.449430,0.1018,-0.0,-0.0,-0.0000,0.0000,-0.0887,-0.1416,2.3909
1785483735.552302,0.1029,-0.0,-0.0,-0.0000,0.0000,-0.0887,-0.1416,2.3909
1785483735.651801,0.0995,-0.0,-0.0,-0.0000,0.0000,-0.0887,-0.1416,2.3909
1785483735.752811,0.1010,-0.0,-0.0,-0.0000,0.0000,-0.0887,-0.1416,2.3909
1785483735.855295,0.1025,-0.0,-0.0,-0.0000,0.0000,-0.0887,-0.1416,2.3909
1785483735.954820,0.0995,-0.0,-0.0,-0.0000,0.0000,-0.0887,-0.1416,2.3909
1785483736.056052,0.1012,-0.0,-0.0,-0.0000,0.0000,-0.0887,-0.1416,2.3909
1785483736.258358,0.2023,-0.0,-0.0,-0.0000,0.0000,-0.0887,-0.1416,2.3909
1785483736.258406,0.0000,-0.0,-0.0,-0.0000,0.0000,-0.0887,-0.1416,2.3909
1785483736.356482,0.0981,-0.0,-0.0,-0.0000,0.0000,-0.0887,-0.1416,2.3909
1785483736.519742,0.1633,-0.0,-0.0,-0.0000,0.0000,-0.0887,-0.1416,2.3909
1785483736.568975,0.0492,-0.0,-0.0,-0.0000,0.0000,-0.0887,-0.1416,2.3909
1785483736.764088,0.1951,-0.0,-0.0,-0.0000,0.0000,-0.0887,-0.1416,2.3909
1785483736.769647,0.0056,-0.0,-0.0,-0.0000,0.0000,-0.0887,-0.1416,2.3909
1785483737.032068,0.2624,-0.0,-0.0,-0.0000,0.0000,-0.0887,-0.1416,2.3909
1785483737.032115,0.0000,-0.0,-0.0,-0.0000,0.0000,-0.0887,-0.1416,2.3909
1785483737.065152,0.0330,-0.0,-0.0,-0.0000,0.0000,-0.0887,-0.1416,2.3909
1785483737.246103,0.1810,-0.0,-0.0,-0.0000,0.0000,-0.0887,-0.1416,2.3909
1785483737.267271,0.0212,-0.0,-0.0,-0.0000,0.0000,-0.0887,-0.1416,2.3909
1785483737.512691,0.2454,-0.0,-0.0,-0.0000,0.0000,-0.0887,-0.1416,2.3909
1785483737.512739,0.0000,-0.0,-0.0,-0.0000,0.0000,-0.0887,-0.1416,2.3909
1785483737.569761,0.0570,-0.0,-0.0,-0.0000,0.0000,-0.0887,-0.1416,2.3909
1785483737.752789,0.1830,-0.0,-0.0,-0.0000,0.0000,-0.0887,-0.1416,2.3909
1785483737.772692,0.0199,-0.0,-0.0,-0.0000,0.0000,-0.0887,-0.1416,2.3909
1785483738.007249,0.2346,-0.0,-0.0,-0.0000,0.0000,-0.0887,-0.1416,2.3909
1785483738.007295,0.0000,-0.0,-0.0,-0.0000,0.0000,-0.0887,-0.1416,2.3909
1785483738.076282,0.0690,-0.0,-0.0,-0.0000,0.0000,-0.0887,-0.1416,2.3909
1785483738.274116,0.1978,-0.0,-0.0,-0.0000,0.0000,-0.0887,-0.1416,2.3909
1785483738.285086,0.0110,-0.0,-0.0,-0.0000,0.0000,-0.0887,-0.1416,2.3909
1785483738.511940,0.2269,-0.0,-0.0,-0.0000,0.0000,-0.0887,-0.1416,2.3909
1785483738.511983,0.0000,-0.0,-0.0,-0.0000,0.0000,-0.0887,-0.1416,2.3909
1785483738.584500,0.0725,-0.0,-0.0,-0.0000,0.0000,-0.0887,-0.1416,2.3909
1785483738.772210,0.1877,-0.0,-0.0,-0.0000,0.0000,-0.0887,-0.1416,2.3909
1785483738.782756,0.0105,-0.0,-0.0,-0.0000,0.0000,-0.0887,-0.1416,2.3909
1785483739.015726,0.2330,-0.0,-0.0,-0.0000,0.0000,-0.0887,-0.1416,2.3909
1785483739.015775,0.0000,-0.0,-0.0,-0.0000,0.0000,-0.0887,-0.1416,2.3909
1785483739.089831,0.0741,-0.0,-0.0,-0.0000,0.0000,-0.0887,-0.1416,2.3909
1785483739.267730,0.1779,-0.0,-0.0,-0.0000,0.0000,-0.0887,-0.1416,2.3909
1785483739.296585,0.0289,-0.0,-0.0,-0.0000,0.0000,-0.0887,-0.1416,2.3909
1785483739.522881,0.2263,-0.0,-0.0,-0.0000,0.0000,-0.0887,-0.1416,2.3909
1785483739.540331,0.0175,-0.0,-0.0,-0.0000,0.0000,-0.0887,-0.1416,2.3909
1785483739.593174,0.0528,-0.0,-0.0,-0.0000,0.0000,-0.0887,-0.1416,2.3909
1785483739.771259,0.1781,-0.0,-0.0,-0.0000,0.0000,-0.0887,-0.1416,2.3909
1785483739.801197,0.0299,-0.0,-0.0,-0.0000,0.0000,-0.0887,-0.1416,2.3909
1785483740.022326,0.2211,-0.0,-0.0,-0.0000,0.0000,-0.0887,-0.1416,2.3909
1785483740.022366,0.0000,-0.0,-0.0,-0.0000,0.0000,-0.0887,-0.1416,2.3909
1785483740.108239,0.0859,-0.0,-0.0,-0.0000,0.0000,-0.0887,-0.1416,2.3909
1785483740.274796,0.1666,-0.0,-0.0,-0.0000,0.0000,-0.0887,-0.1416,2.3909
1785483740.309688,0.0349,-0.0,-0.0,-0.0000,0.0000,-0.0887,-0.1416,2.3909
1785483740.531038,0.2213,-0.0,-0.0,-0.0000,0.0000,-0.0887,-0.1416,2.3909
1785483740.531078,0.0000,-0.0,-0.0,-0.0000,0.0000,-0.0887,-0.1416,2.3909
1785483740.615497,0.0844,-0.0,-0.0,-0.0000,0.0000,-0.0887,-0.1416,2.3909
1785483740.844025,0.2285,-0.0,-0.0,-0.0000,0.0000,-0.0887,-0.1416,2.3909
1785483740.844064,0.0000,-0.0,-0.0,-0.0000,0.0000,-0.0887,-0.1416,2.3909
1785483740.908328,0.0643,-0.0,-0.0,-0.0000,0.0000,-0.0887,-0.1416,2.3909
1785483741.012214,0.1039,-0.0,-0.0,-0.0000,0.0000,-0.0887,-0.1416,2.3909
1785483741.112407,0.1002,-0.0,-0.0,-0.0000,0.0000,-0.0887,-0.1416,2.3909
1785483741.212140,0.0997,-0.0,-0.0,-0.0000,0.0000,-0.0887,-0.1416,2.3909
1785483741.313222,0.1011,-0.0,-0.0,-0.0000,0.0000,-0.0887,-0.1416,2.3909
1785483741.416276,0.1031,-0.0,-0.0,-0.0000,0.0000,-0.0887,-0.1416,2.3909
1785483741.516627,0.1004,-0.0,-0.0,-0.0000,0.0000,-0.0887,-0.1416,2.3909
1785483741.618404,0.1018,-0.0,-0.0,-0.0000,0.0000,-0.0887,-0.1416,2.3909
1785483741.722260,0.1039,-0.0,-0.0,-0.0000,0.0000,-0.0887,-0.1416,2.3909
1785483741.820776,0.0985,-0.0,-0.0,-0.0000,0.0000,-0.0887,-0.1416,2.3909
1785483741.921428,0.1007,-0.0,-0.0,-0.0000,0.0000,-0.0887,-0.1416,2.3909
1785483742.026168,0.1047,-0.0,-0.0,-0.0000,0.0000,-0.0887,-0.1416,2.3909
1785483742.124743,0.0986,-0.0,-0.0,-0.0000,0.0000,-0.0887,-0.1416,2.3909
1785483742.225569,0.1008,-0.0,-0.0,-0.0000,0.0000,-0.0887,-0.1416,2.3909
1785483742.328199,0.1026,-0.0,-0.0,-0.0000,0.0000,-0.0887,-0.1416,2.3909
1785483742.426260,0.0981,-0.0,-0.0,-0.0000,0.0000,-0.0887,-0.1416,2.3909
1785483742.529445,0.1032,-0.0,-0.0,-0.0000,0.0000,-0.0887,-0.1416,2.3909
1785483742.634341,0.1049,-0.0,-0.0,-0.0000,0.0000,-0.0887,-0.1416,2.3909
1785483742.733398,0.0991,-0.0,-0.0,-0.0000,0.0000,-0.0887,-0.1416,2.3909
1785483742.857242,0.1238,-0.0,-0.0,-0.0000,0.0000,-0.0887,-0.1416,2.3909
1785483742.930417,0.0732,-0.0,-0.0,-0.0000,0.0000,-0.0887,-0.1416,2.3909
1785483743.031934,0.1015,-0.0,-0.0,-0.0000,0.0000,-0.0887,-0.1416,2.3909
1785483743.130249,0.0983,-0.0,-0.0,-0.0000,0.0000,-0.0887,-0.1416,2.3909
1785483743.233362,0.1031,-0.0,-0.0,-0.0000,0.0000,-0.0887,-0.1416,2.3909
1785483743.332739,0.0994,-0.0,-0.0,-0.0000,0.0000,-0.0887,-0.1416,2.3909
1785483743.433085,0.1003,-0.0,-0.0,-0.0000,0.0000,-0.0887,-0.1416,2.3909
1785483743.537321,0.1042,-0.0,-0.0,-0.0000,0.0000,-0.0887,-0.1416,2.3909
1785483743.635184,0.0979,-0.0,-0.0,-0.0000,0.0000,-0.0887,-0.1416,2.3909
1785483743.738340,0.1032,-0.0,-0.0,-0.0000,0.0000,-0.0887,-0.1416,2.3909
1785483743.838926,0.1006,-0.0,-0.0,-0.0000,0.0000,-0.0887,-0.1416,2.3909
1785483743.942183,0.1033,-0.0,-0.0,-0.0000,0.0000,-0.0887,-0.1416,2.3909
1785483744.041412,0.0992,-0.0,-0.0,-0.0000,0.0000,-0.0887,-0.1416,2.3909
1785483744.149812,0.1084,-0.0,-0.0,-0.0000,0.0000,-0.0887,-0.1416,2.3909
1785483744.258393,0.1086,-0.0,-0.0,-0.0000,0.0000,-0.0887,-0.1416,2.3909
1785483744.345808,0.0874,-0.0,-0.0,-0.0000,0.0000,-0.0887,-0.1416,2.3909
1785483744.444904,0.0991,-0.0,-0.0,-0.0000,0.0000,-0.0887,-0.1416,2.3909
