t,dt,left_rpm,right_rpm,v,w,x,y,theta
1785240683.883556,0.0000,-0.0,-0.0,-0.0000,0.0000,0.0000,0.0000,0.0000
1785240683.949955,0.0664,-0.0,-0.0,-0.0000,0.0000,0.0000,0.0000,0.0000
1785240684.055898,0.1059,-0.0,-0.0,-0.0000,0.0000,0.0000,0.0000,0.0000
1785240684.254733,0.1988,-0.0,-0.0,-0.0000,0.0000,0.0000,0.0000,0.0000
1785240684.435786,0.1811,-0.0,-0.0,-0.0000,0.0000,0.0000,0.0000,0.0000
1785240684.452935,0.0171,-0.0,-0.0,-0.0000,0.0000,0.0000,0.0000,0.0000
1785240684.509153,0.0562,-0.0,-0.0,-0.0000,0.0000,0.0000,0.0000,0.0000
1785240684.589195,0.0800,-0.0,-0.0,-0.0000,0.0000,0.0000,0.0000,0.0000
1785240684.676969,0.0878,19.65105628967285,-0.0,0.0576,-0.3340,0.0051,-0.0001,-0.0293
1785240684.794911,0.1179,28.80858612060547,-0.0,0.0845,-0.4897,0.0150,-0.0010,-0.0871
1785240684.871900,0.0770,27.728261947631836,-0.0,0.0813,-0.4713,0.0212,-0.0018,-0.1234
1785240684.984876,0.1130,29.708852767944336,-0.0,0.0871,-0.5050,0.0309,-0.0036,-0.1804
1785240685.075279,0.0904,32.4096565246582,-0.0,0.0950,-0.5509,0.0392,-0.0055,-0.2302
1785240685.174809,0.0995,32.22960662841797,-0.0,0.0945,-0.5478,0.0483,-0.0082,-0.2847
1785240685.319037,0.1442,32.22960662841797,-0.0,0.0945,-0.5478,0.0610,-0.0130,-0.3638
1785240685.440274,0.1212,32.7697639465332,-0.0,0.0961,-0.5570,0.0716,-0.0179,-0.4313
1785240685.475726,0.0355,34.5703010559082,-0.0,0.1014,-0.5876,0.0748,-0.0194,-0.4521
1785240685.584460,0.1087,34.5270881652832,-0.0,0.1012,-0.5869,0.0844,-0.0249,-0.5159
1785240685.676429,0.0920,34.2101936340332,-0.0,0.1003,-0.5815,0.0922,-0.0298,-0.5694
1785240685.779112,0.1027,34.2101936340332,-0.0,0.1003,-0.5815,0.1005,-0.0359,-0.6291
1785240685.881333,0.1022,34.2101936340332,-0.0,0.1003,-0.5815,0.1084,-0.0424,-0.6886
1785240685.982888,0.1016,34.2101936340332,-0.0,0.1003,-0.5815,0.1159,-0.0493,-0.7476
1785240686.090326,0.1074,34.2101936340332,-0.0,0.1003,-0.5815,0.1233,-0.0572,-0.8101
1785240686.189286,0.0990,34.9304084777832,-23.04686737060547,0.0348,-0.9855,0.1254,-0.0599,-0.9076
1785240686.287575,0.0983,35.6506233215332,-25.74767303466797,0.0290,-1.0436,0.1269,-0.0623,-1.0102
1785240686.386893,0.0993,35.81267166137695,-25.344350814819336,0.0307,-1.0395,0.1283,-0.0650,-1.1134
1785240686.488123,0.1012,35.8306770324707,-25.567617416381836,0.0301,-1.0436,0.1293,-0.0679,-1.2191
1785240686.588261,0.1001,36.0107307434082,-26.46788787841797,0.0280,-1.0620,0.1300,-0.0706,-1.3254
1785240686.725302,0.1370,36.5508918762207,-27.728261947631836,0.0259,-1.0926,0.1304,-0.0741,-1.4752
1785240686.802323,0.0770,36.3708381652832,-27.728261947631836,0.0253,-1.0896,0.1304,-0.0761,-1.5591
1785240686.900289,0.0980,36.5508918762207,-27.36815643310547,0.0269,-1.0865,0.1301,-0.0787,-1.6655
1785240687.018382,0.1181,36.36727523803711,-27.82096290588379,0.0251,-1.0911,0.1295,-0.0816,-1.7944
1785240687.111507,0.0931,36.3708381652832,-27.188100814819336,0.0269,-1.0804,0.1287,-0.0840,-1.8950
1785240687.202424,0.0909,36.549110412597656,-29.093820571899414,0.0219,-1.1158,0.1279,-0.0858,-1.9964
1785240687.332303,0.1299,37.0910530090332,-30.789175033569336,0.0185,-1.1538,0.1266,-0.0878,-2.1463
1785240687.425133,0.0928,36.9109992980957,-32.9498176574707,0.0116,-1.1875,0.1259,-0.0886,-2.2565
1785240687.513001,0.0879,36.91278076171875,-32.912384033203125,0.0117,-1.1869,0.1251,-0.0894,-2.3608
1785240687.665523,0.1525,36.9109992980957,-32.5897102355957,0.0127,-1.1814,0.1235,-0.0904,-2.5410
1785240687.728433,0.0629,36.7309455871582,-32.5897102355957,0.0121,-1.1783,0.1229,-0.0908,-2.6151
1785240687.813467,0.0850,36.9109992980957,-32.9498176574707,0.0116,-1.1875,0.1220,-0.0912,-2.7161
1785240687.932506,0.1190,36.9109992980957,-32.5897102355957,0.0127,-1.1814,0.1205,-0.0917,-2.8567
1785240688.026209,0.0937,36.7309455871582,-32.9498176574707,0.0111,-1.1844,0.1195,-0.0918,-2.9677
1785240688.139932,0.1137,11.019283294677734,-10.284664154052734,0.0022,-0.3621,0.1193,-0.0919,-3.0089
1785240688.230286,0.0904,-0.0,-0.0,-0.0000,0.0000,0.1193,-0.0919,-3.0089
1785240688.351640,0.1214,-0.0,-0.0,-0.0000,0.0000,0.1193,-0.0919,-3.0089
1785240688.448288,0.0966,-0.0,-0.0,-0.0000,0.0000,0.1193,-0.0919,-3.0089
1785240688.525406,0.0771,-0.0,-0.0,-0.0000,0.0000,0.1193,-0.0919,-3.0089
1785240688.664850,0.1394,-0.0,-0.0,-0.0000,0.0000,0.1193,-0.0919,-3.0089
1785240688.737658,0.0728,-0.0,-0.0,-0.0000,0.0000,0.1193,-0.0919,-3.0089
1785240688.832524,0.0949,-0.0,-0.0,-0.0000,0.0000,0.1193,-0.0919,-3.0089
1785240688.932153,0.0996,-0.0,-0.0,-0.0000,0.0000,0.1193,-0.0919,-3.0089
1785240689.032502,0.1003,-0.0,-0.0,-0.0000,0.0000,0.1193,-0.0919,-3.0089
1785240689.132549,0.1000,-0.0,-0.0,-0.0000,0.0000,0.1193,-0.0919,-3.0089
1785240689.246809,0.1143,-0.0,-0.0,-0.0000,0.0000,0.1193,-0.0919,-3.0089
1785240689.334617,0.0878,-0.0,-0.0,-0.0000,0.0000,0.1193,-0.0919,-3.0089
1785240689.448017,0.1134,-0.0,-0.0,-0.0000,0.0000,0.1193,-0.0919,-3.0089
1785240689.556385,0.1084,-0.0,-0.0,-0.0000,0.0000,0.1193,-0.0919,-3.0089
1785240689.652066,0.0957,-0.0,-0.0,-0.0000,0.0000,0.1193,-0.0919,-3.0089
1785240689.800577,0.1485,-0.0,-0.0,-0.0000,0.0000,0.1193,-0.0919,-3.0089
1785240689.849423,0.0488,-0.0,-0.0,-0.0000,0.0000,0.1193,-0.0919,-3.0089
1785240689.952832,0.1034,-0.0,-0.0,-0.0000,0.0000,0.1193,-0.0919,-3.0089
1785240690.052850,0.1000,-0.0,-0.0,-0.0000,0.0000,0.1193,-0.0919,-3.0089
1785240690.148040,0.0952,-0.0,-0.0,-0.0000,0.0000,0.1193,-0.0919,-3.0089
1785240690.264036,0.1160,-0.0,-0.0,-0.0000,0.0000,0.1193,-0.0919,-3.0089
1785240690.358685,0.0946,-0.0,-0.0,-0.0000,0.0000,0.1193,-0.0919,-3.0089
1785240690.493317,0.1346,-0.0,-0.0,-0.0000,0.0000,0.1193,-0.0919,-3.0089
1785240690.592619,0.0993,-0.0,-0.0,-0.0000,0.0000,0.1193,-0.0919,-3.0089
1785240690.749241,0.1566,-0.0,-0.0,-0.0000,0.0000,0.1193,-0.0919,-3.0089
1785240690.828956,0.0797,-0.0,-0.0,-0.0000,0.0000,0.1193,-0.0919,-3.0089
1785240690.860595,0.0316,-0.0,-0.0,-0.0000,0.0000,0.1193,-0.0919,-3.0089
1785240690.960898,0.1003,-0.0,-0.0,-0.0000,0.0000,0.1193,-0.0919,-3.0089
1785240691.068536,0.1076,-0.0,-0.0,-0.0000,0.0000,0.1193,-0.0919,-3.0089
1785240691.274883,0.2063,-0.0,-0.0,-0.0000,0.0000,0.1193,-0.0919,-3.0089
1785240691.327575,0.0527,-0.0,-0.0,-0.0000,0.0000,0.1193,-0.0919,-3.0089
1785240691.528200,0.2006,-0.0,-0.0,-0.0000,0.0000,0.1193,-0.0919,-3.0089
1785240691.577704,0.0495,-0.0,-0.0,-0.0000,0.0000,0.1193,-0.0919,-3.0089
1785240691.623839,0.0461,-0.0,-0.0,-0.0000,0.0000,0.1193,-0.0919,-3.0089
1785240691.778743,0.1549,-0.0,-0.0,-0.0000,0.0000,0.1193,-0.0919,-3.0089
1785240691.807070,0.0283,-0.0,-0.0,-0.0000,0.0000,0.1193,-0.0919,-3.0089
1785240692.041155,0.2341,-0.0,-0.0,-0.0000,0.0000,0.1193,-0.0919,-3.0089
1785240692.044374,0.0032,-0.0,-0.0,-0.0000,0.0000,0.1193,-0.0919,-3.0089
1785240692.283574,0.2392,-0.0,-0.0,-0.0000,0.0000,0.1193,-0.0919,-3.0089
1785240692.336495,0.0529,-0.0,-0.0,-0.0000,0.0000,0.1193,-0.0919,-3.0089
1785240692.339923,0.0034,-0.0,-0.0,-0.0000,0.0000,0.1193,-0.0919,-3.0089
1785240692.535268,0.1953,-0.0,-0.0,-0.0000,0.0000,0.1193,-0.0919,-3.0089
1785240692.606879,0.0716,-0.0,-0.0,-0.0000,0.0000,0.1193,-0.0919,-3.0089
1785240692.779564,0.1727,-0.0,-0.0,-0.0000,0.0000,0.1193,-0.0919,-3.0089
1785240692.818728,0.0392,-0.0,-0.0,-0.0000,0.0000,0.1193,-0.0919,-3.0089
1785240693.024522,0.2058,-0.0,-0.0,-0.0000,0.0000,0.1193,-0.0919,-3.0089
1785240693.032081,0.0076,-0.0,-0.0,-0.0000,0.0000,0.1193,-0.0919,-3.0089
1785240693.064245,0.0322,-0.0,-0.0,-0.0000,0.0000,0.1193,-0.0919,-3.0089
1785240693.101140,0.0369,-0.0,-0.0,-0.0000,0.0000,0.1193,-0.0919,-3.0089
1785240693.283711,0.1826,-0.0,-0.0,-0.0000,0.0000,0.1193,-0.0919,-3.0089
1785240693.307968,0.0243,-0.0,-0.0,-0.0000,0.0000,0.1193,-0.0919,-3.0089
1785240693.529438,0.2215,-0.0,-0.0,-0.0000,0.0000,0.1193,-0.0919,-3.0089
1785240693.532627,0.0032,-0.0,-0.0,-0.0000,0.0000,0.1193,-0.0919,-3.0089
1785240693.626976,0.0943,-0.0,-0.0,-0.0000,0.0000,0.1193,-0.0919,-3.0089
1785240693.807725,0.1807,-0.0,-0.0,-0.0000,0.0000,0.1193,-0.0919,-3.0089
1785240693.837614,0.0299,-0.0,-0.0,-0.0000,0.0000,0.1193,-0.0919,-3.0089
1785240694.031632,0.1940,-0.0,-0.0,-0.0000,0.0000,0.1193,-0.0919,-3.0089
1785240694.084591,0.0530,-0.0,-0.0,-0.0000,0.0000,0.1193,-0.0919,-3.0089
1785240694.117408,0.0328,-0.0,-0.0,-0.0000,0.0000,0.1193,-0.0919,-3.0089
1785240694.297347,0.1799,-0.0,-0.0,-0.0000,0.0000,0.1193,-0.0919,-3.0089
1785240694.349123,0.0518,-0.0,-0.0,-0.0000,0.0000,0.1193,-0.0919,-3.0089
1785240694.535197,0.1861,-0.0,-0.0,-0.0000,0.0000,0.1193,-0.0919,-3.0089
1785240694.538296,0.0031,-0.0,-0.0,-0.0000,0.0000,0.1193,-0.0919,-3.0089
1785240694.623656,0.0854,-0.0,-0.0,-0.0000,0.0000,0.1193,-0.0919,-3.0089
1785240694.823739,0.2001,-0.0,-0.0,-0.0000,0.0000,0.1193,-0.0919,-3.0089
1785240694.850001,0.0263,-0.0,-0.0,-0.0000,0.0000,0.1193,-0.0919,-3.0089
1785240695.045609,0.1956,-0.0,-0.0,-0.0000,0.0000,0.1193,-0.0919,-3.0089
1785240695.073716,0.0281,-0.0,-0.0,-0.0000,0.0000,0.1193,-0.0919,-3.0089
1785240695.125577,0.0519,-0.0,-0.0,-0.0000,0.0000,0.1193,-0.0919,-3.0089
1785240695.284472,0.1589,-0.0,-0.0,-0.0000,0.0000,0.1193,-0.0919,-3.0089
1785240695.325282,0.0408,-0.0,-0.0,-0.0000,0.0000,0.1193,-0.0919,-3.0089
1785240695.531065,0.2058,-0.0,-0.0,-0.0000,0.0000,0.1193,-0.0919,-3.0089
1785240695.535369,0.0043,-0.0,-0.0,-0.0000,0.0000,0.1193,-0.0919,-3.0089
1785240695.787422,0.2521,-0.0,-0.0,-0.0000,0.0000,0.1193,-0.0919,-3.0089
1785240695.848628,0.0612,-0.0,-0.0,-0.0000,0.0000,0.1193,-0.0919,-3.0089
1785240695.856676,0.0080,-0.5401609539985657,-0.0,-0.0016,0.0092,0.1193,-0.0919,-3.0088
1785240696.037208,0.1805,-35.8306770324707,32.22960662841797,-0.0106,1.1569,0.1211,-0.0912,-2.8000
1785240696.047508,0.0103,-37.8112678527832,35.4705696105957,-0.0069,1.2456,0.1211,-0.0912,-2.7871
1785240696.136051,0.0885,-37.27645492553711,34.91258239746094,-0.0069,1.2271,0.1217,-0.0909,-2.6785
1785240696.243102,0.1071,-36.9109992980957,34.9304084777832,-0.0058,1.2212,0.1222,-0.0906,-2.5478
1785240696.361384,0.1183,-37.0910530090332,35.1104621887207,-0.0058,1.2273,0.1227,-0.0901,-2.4026
1785240696.448814,0.0874,-37.0910530090332,35.1104621887207,-0.0058,1.2273,0.1231,-0.0897,-2.2953
1785240696.562856,0.1140,-36.9109992980957,35.2905158996582,-0.0048,1.2273,0.1234,-0.0893,-2.1553
1785240696.647374,0.0845,-37.0910530090332,35.2905158996582,-0.0053,1.2303,0.1236,-0.0889,-2.0514
1785240696.765538,0.1182,-37.0910530090332,35.2905158996582,-0.0053,1.2303,0.1238,-0.0883,-1.9060
1785240696.849878,0.0843,-36.9109992980957,35.2905158996582,-0.0048,1.2273,0.1239,-0.0879,-1.8025
1785240696.953009,0.1031,-25.38756561279297,24.48729705810547,-0.0026,0.8478,0.1239,-0.0876,-1.7150
1785240697.053231,0.1002,-0.18005365133285522,0.18005365133285522,0.0000,0.0061,0.1239,-0.0876,-1.7144
1785240697.156404,0.1032,-35.1104621887207,32.22960662841797,-0.0084,1.1446,0.1239,-0.0868,-1.5963
1785240697.258136,0.1017,-21.42638397216797,21.06627655029297,-0.0011,0.7223,0.1239,-0.0867,-1.5228
1785240697.360997,0.1029,-0.0,-0.0,-0.0000,0.0000,0.1239,-0.0867,-1.5228
1785240697.469494,0.1085,-0.0,-0.0,-0.0000,0.0000,0.1239,-0.0867,-1.5228
1785240697.561816,0.0923,-18.18181800842285,17.07988929748535,-0.0032,0.5994,0.1239,-0.0864,-1.4675
1785240697.663056,0.1012,-38.3514289855957,36.9109992980957,-0.0042,1.2793,0.1238,-0.0860,-1.3380
1785240697.768347,0.1053,-36.9109992980957,35.4705696105957,-0.0042,1.2303,0.1236,-0.0855,-1.2084
1785240697.877161,0.1088,-36.9109992980957,35.4705696105957,-0.0042,1.2303,0.1234,-0.0851,-1.0746
1785240697.972725,0.0956,-36.9109992980957,35.2905158996582,-0.0048,1.2273,0.1231,-0.0848,-0.9573
1785240698.072440,0.0997,-36.7309455871582,34.9304084777832,-0.0053,1.2181,0.1228,-0.0844,-0.8358
1785240698.174390,0.1020,-36.7309455871582,35.2617073059082,-0.0043,1.2237,0.1225,-0.0841,-0.7111
1785240698.280416,0.1060,-36.9109992980957,35.1104621887207,-0.0053,1.2242,0.1220,-0.0838,-0.5813
1785240698.389966,0.1095,-36.5508918762207,35.1104621887207,-0.0042,1.2181,0.1216,-0.0836,-0.4478
1785240698.476442,0.0865,-12.001200675964355,12.183035850524902,0.0005,0.4111,0.1216,-0.0836,-0.4123
1785240698.578660,0.1022,-0.0,-0.0,-0.0000,0.0000,0.1216,-0.0836,-0.4123
1785240698.684864,0.1062,-0.0,-0.0,-0.0000,0.0000,0.1216,-0.0836,-0.4123
1785240698.783793,0.0989,-0.0,-0.0,-0.0000,0.0000,0.1216,-0.0836,-0.4123
1785240698.885348,0.1016,-0.0,-0.0,-0.0000,0.0000,0.1216,-0.0836,-0.4123
1785240698.983855,0.0985,-0.0,-0.0,-0.0000,0.0000,0.1216,-0.0836,-0.4123
1785240699.087257,0.1034,-29.275653839111328,27.275455474853516,-0.0059,0.9613,0.1210,-0.0834,-0.3129
1785240699.186223,0.0990,-27.275455474853516,26.366273880004883,-0.0027,0.9118,0.1208,-0.0834,-0.2226
1785240699.289804,0.1036,-0.18365472555160522,0.18365472555160522,0.0000,0.0062,0.1208,-0.0834,-0.2220
1785240699.388684,0.0989,-0.0,-0.0,-0.0000,0.0000,0.1208,-0.0834,-0.2220
1785240699.497662,0.1090,-0.0,-0.0,-0.0000,0.0000,0.1208,-0.0834,-0.2220
1785240699.598793,0.1011,-0.0,-0.0,-0.0000,0.0000,0.1208,-0.0834,-0.2220
1785240699.696027,0.0972,-0.0,-0.0,-0.0000,0.0000,0.1208,-0.0834,-0.2220
1785240699.816259,0.1202,-0.0,-0.0,-0.0000,0.0000,0.1208,-0.0834,-0.2220
1785240699.905519,0.0893,-0.0,-0.0,-0.0000,0.0000,0.1208,-0.0834,-0.2220
1785240700.009280,0.1038,-0.0,-0.0,-0.0000,0.0000,0.1208,-0.0834,-0.2220
1785240700.109273,0.1000,-0.0,-0.0,-0.0000,0.0000,0.1208,-0.0834,-0.2220
1785240700.208496,0.0992,-0.0,-0.0,-0.0000,0.0000,0.1208,-0.0834,-0.2220
1785240700.312257,0.1038,-0.0,-0.0,-0.0000,0.0000,0.1208,-0.0834,-0.2220
1785240700.404393,0.0921,-0.0,-0.0,-0.0000,0.0000,0.1208,-0.0834,-0.2220
1785240700.507744,0.1034,-0.0,-0.0,-0.0000,0.0000,0.1208,-0.0834,-0.2220
1785240700.618240,0.1105,-0.0,-0.0,-0.0000,0.0000,0.1208,-0.0834,-0.2220
1785240700.724117,0.1059,-0.0,-0.0,-0.0000,0.0000,0.1208,-0.0834,-0.2220
1785240700.829241,0.1051,-0.0,-0.0,-0.0000,0.0000,0.1208,-0.0834,-0.2220
1785240700.916738,0.0875,-0.0,-0.0,-0.0000,0.0000,0.1208,-0.0834,-0.2220
1785240701.015109,0.0984,-0.0,-0.0,-0.0000,0.0000,0.1208,-0.0834,-0.2220
1785240701.123245,0.1081,-0.0,-0.0,-0.0000,0.0000,0.1208,-0.0834,-0.2220
1785240701.228882,0.1056,-0.0,-0.0,-0.0000,0.0000,0.1208,-0.0834,-0.2220
1785240701.319707,0.0908,-0.0,-0.0,-0.0000,0.0000,0.1208,-0.0834,-0.2220
1785240701.421836,0.1021,-0.0,-0.0,-0.0000,0.0000,0.1208,-0.0834,-0.2220
1785240701.525541,0.1037,-0.0,-0.0,-0.0000,0.0000,0.1208,-0.0834,-0.2220
1785240701.627466,0.1019,-0.0,-0.0,-0.0000,0.0000,0.1208,-0.0834,-0.2220
1785240701.725252,0.0978,-0.0,-0.0,-0.0000,0.0000,0.1208,-0.0834,-0.2220
1785240701.845589,0.1203,-0.0,-0.0,-0.0000,0.0000,0.1208,-0.0834,-0.2220
1785240701.930782,0.0852,-0.0,-0.0,-0.0000,0.0000,0.1208,-0.0834,-0.2220
1785240702.032357,0.1016,7.742306709289551,-0.0,0.0227,-0.1316,0.1230,-0.0839,-0.2354
1785240702.132888,0.1005,31.149282455444336,-0.0,0.0913,-0.5295,0.1318,-0.0865,-0.2886
1785240702.236578,0.1037,28.988637924194336,-0.0,0.0850,-0.4927,0.1401,-0.0894,-0.3397
1785240702.337656,0.1011,29.52880096435547,-0.0,0.0866,-0.5019,0.1482,-0.0928,-0.3904
1785240702.440155,0.1025,33.63972854614258,-0.0,0.0986,-0.5718,0.1573,-0.0972,-0.4490
1785240702.538859,0.0987,33.0578498840332,-0.0,0.0969,-0.5619,0.1657,-0.1018,-0.5045
1785240702.639981,0.1011,33.3099250793457,-0.0,0.0977,-0.5662,0.1741,-0.1070,-0.5617
1785240702.744192,0.1042,33.16483688354492,-0.0,0.0972,-0.5637,0.1823,-0.1129,-0.6205
1785240702.854041,0.1098,34.9304084777832,-0.0,0.1024,-0.5937,0.1910,-0.1201,-0.6857
1785240702.949642,0.0956,35.4705696105957,-0.0,0.1040,-0.6029,0.1983,-0.1268,-0.7434
1785240703.048480,0.0988,35.2617073059082,-0.0,0.1034,-0.5994,0.2054,-0.1341,-0.8026
1785240703.147518,0.0990,35.2617073059082,-0.0,0.1034,-0.5994,0.2121,-0.1419,-0.8620
1785240703.251091,0.1036,35.4705696105957,-0.0,0.1040,-0.6029,0.2186,-0.1505,-0.9244
1785240703.353478,0.1024,35.2905158996582,-0.0,0.1035,-0.5999,0.2245,-0.1593,-0.9858
1785240703.454322,0.1008,35.1104621887207,-0.0,0.1029,-0.5968,0.2297,-0.1683,-1.0460
1785240703.556664,0.1023,35.4705696105957,-8.28246784210205,0.0797,-0.7437,0.2332,-0.1757,-1.1221
1785240703.657080,0.1004,36.7309455871582,-27.275455474853516,0.0277,-1.0880,0.2341,-0.1783,-1.2314
1785240703.761018,0.1039,36.7309455871582,-29.348745346069336,0.0216,-1.1232,0.2346,-0.1805,-1.3481
1785240703.871075,0.1101,36.9109992980957,-31.149282455444336,0.0169,-1.1569,0.2348,-0.1824,-1.4754
1785240703.967497,0.0964,36.91278076171875,-30.912181854248047,0.0176,-1.1529,0.2348,-0.1841,-1.5866
1785240704.064069,0.0966,36.9109992980957,-30.969226837158203,0.0174,-1.1538,0.2346,-0.1857,-1.6980
1785240704.164905,0.1008,36.9109992980957,-30.789175033569336,0.0180,-1.1508,0.2341,-0.1875,-1.8141
1785240704.268500,0.1036,36.9109992980957,-30.609121322631836,0.0185,-1.1477,0.2334,-0.1893,-1.9330
1785240704.369862,0.1014,36.9109992980957,-31.149282455444336,0.0169,-1.1569,0.2326,-0.1908,-2.0502
1785240704.476792,0.1069,36.9109992980957,-30.969226837158203,0.0174,-1.1538,0.2316,-0.1923,-2.1736
1785240704.574667,0.0979,36.9109992980957,-30.969226837158203,0.0174,-1.1538,0.2305,-0.1936,-2.2865
1785240704.675862,0.1012,37.8112678527832,-32.22960662841797,0.0164,-1.1906,0.2292,-0.1947,-2.4070
1785240704.777532,0.1017,37.9913215637207,-32.22960662841797,0.0169,-1.1936,0.2278,-0.1957,-2.5284
1785240704.891253,0.1137,37.8112678527832,-32.0495491027832,0.0169,-1.1875,0.2261,-0.1966,-2.6634
1785240704.982344,0.0911,37.8112678527832,-31.869497299194336,0.0174,-1.1844,0.2247,-0.1972,-2.7713
1785240705.084888,0.1025,37.9913215637207,-32.9498176574707,0.0148,-1.2059,0.2232,-0.1975,-2.8950
1785240705.185588,0.1007,37.9913215637207,-32.9498176574707,0.0148,-1.2059,0.2217,-0.1977,-3.0164
1785240705.287480,0.1019,37.8112678527832,-33.1298713684082,0.0137,-1.2059,0.2203,-0.1977,-3.1393
1785240705.388140,0.1007,38.20018005371094,-33.24150466918945,0.0145,-1.2144,0.2189,-0.1975,-3.2615
1785240705.491022,0.1029,34.9304084777832,-30.249011993408203,0.0137,-1.1079,0.2175,-0.1972,-3.3755
1785240705.590712,0.0997,1.454690933227539,-1.2728545665740967,0.0005,-0.0464,0.2174,-0.1972,-3.3801
1785240705.697628,0.1069,-0.0,-0.0,-0.0000,0.0000,0.2174,-0.1972,-3.3801
1785240705.794006,0.0964,-0.0,-0.0,-0.0000,0.0000,0.2174,-0.1972,-3.3801
1785240705.915998,0.1220,-0.0,-0.0,-0.0000,0.0000,0.2174,-0.1972,-3.3801
1785240706.015019,0.0990,-0.0,-0.0,-0.0000,0.0000,0.2174,-0.1972,-3.3801
1785240706.106771,0.0918,-0.0,-0.0,-0.0000,0.0000,0.2174,-0.1972,-3.3801
1785240706.291046,0.1843,-0.0,-0.0,-0.0000,0.0000,0.2174,-0.1972,-3.3801
1785240706.311122,0.0201,-0.0,-0.0,-0.0000,0.0000,0.2174,-0.1972,-3.3801
1785240706.528415,0.2173,26.82799530029297,-0.0,0.0787,-0.4560,0.2013,-0.1915,-3.4792
1785240706.528488,0.0001,29.168691635131836,-0.0,0.0855,-0.4958,0.2013,-0.1915,-3.4792
1785240706.604662,0.0762,28.548309326171875,-0.0,0.0837,-0.4853,0.1954,-0.1892,-3.5162
1785240706.802080,0.1974,28.268423080444336,-0.0,0.0829,-0.4805,0.1808,-0.1818,-3.6111
1785240706.822714,0.0206,28.268423080444336,-0.0,0.0829,-0.4805,0.1793,-0.1810,-3.6210
1785240707.017375,0.1947,31.094018936157227,16.18343734741211,0.1386,-0.2534,0.1560,-0.1674,-3.6703
1785240707.051329,0.0340,32.5897102355957,22.86681365966797,0.1626,-0.1653,0.1512,-0.1646,-3.6759
1785240707.282528,0.2312,32.73054504394531,22.72954559326172,0.1626,-0.1700,0.1196,-0.1442,-3.7152
1785240707.282621,0.0001,34.2101936340332,22.86681365966797,0.1674,-0.1928,0.1196,-0.1442,-3.7152
1785240707.323077,0.0405,34.5703010559082,23.04686737060547,0.1689,-0.1959,0.1139,-0.1404,-3.7232
1785240707.517146,0.1941,34.2101936340332,22.86681365966797,0.1674,-0.1928,0.0874,-0.1216,-3.7606
1785240707.549370,0.0322,34.2101936340332,22.32665252685547,0.1658,-0.2020,0.0831,-0.1185,-3.7671
1785240707.769108,0.2197,34.71074295043945,22.77318572998047,0.1686,-0.2029,0.0541,-0.0955,-3.8117
1785240707.776893,0.0078,35.44536209106445,22.77318572998047,0.1707,-0.2154,0.0530,-0.0946,-3.8134
1785240707.822098,0.0452,35.44536209106445,22.95684051513672,0.1712,-0.2123,0.0470,-0.0898,-3.8230
1785240708.019115,0.1970,35.2905158996582,22.50670623779297,0.1695,-0.2173,0.0220,-0.0676,-3.8658
1785240708.060078,0.0410,35.2905158996582,22.6867618560791,0.1700,-0.2142,0.0168,-0.0630,-3.8745
1785240708.275653,0.2156,35.1104621887207,22.14659881591797,0.1679,-0.2204,-0.0089,-0.0375,-3.9220
1785240708.278869,0.0032,35.44536209106445,22.4058780670166,0.1696,-0.2216,-0.0093,-0.0371,-3.9228
1785240708.334177,0.0553,35.6506233215332,22.32665252685547,0.1700,-0.2265,-0.0159,-0.0304,-3.9353
1785240708.526341,0.1922,35.4705696105957,22.32665252685547,0.1695,-0.2234,-0.0377,-0.0062,-3.9782
1785240708.541750,0.0154,35.6506233215332,22.14659881591797,0.1695,-0.2295,-0.0394,-0.0043,-3.9818
1785240708.775402,0.2337,28.628530502319336,25.38756561279297,0.1584,-0.0551,-0.0638,0.0236,-3.9946
1785240708.777754,0.0024,25.92772674560547,27.188100814819336,0.1557,0.0214,-0.0640,0.0239,-3.9946
1785240708.840288,0.0625,26.184436798095703,27.09362030029297,0.1562,0.0155,-0.0704,0.0312,-3.9936
1785240709.027737,0.1874,23.58702850341797,27.008047103881836,0.1484,0.0582,-0.0890,0.0519,-3.9827
1785240709.063070,0.0353,0.7202146053314209,30.609121322631836,0.0919,0.5081,-0.0912,0.0543,-3.9648
1785240709.282295,0.2192,-0.0,29.708852767944336,0.0871,0.5050,-0.1056,0.0668,-3.8541
1785240709.283215,0.0009,-0.0,29.348745346069336,0.0861,0.4989,-0.1057,0.0668,-3.8536
1785240709.346282,0.0631,-0.0,29.457490921020508,0.0864,0.5007,-0.1099,0.0703,-3.8220
1785240709.533845,0.1876,-0.0,30.789175033569336,0.0903,0.5234,-0.1241,0.0796,-3.7239
1785240709.554176,0.0203,-0.0,31.329336166381836,0.0919,0.5325,-0.1256,0.0806,-3.7130
1785240709.779069,0.2249,-0.0,31.457691192626953,0.0922,0.5347,-0.1443,0.0896,-3.5928
1785240709.783784,0.0047,-0.0,31.329336166381836,0.0919,0.5325,-0.1447,0.0898,-3.5903
1785240709.871531,0.0877,-0.0,31.509389877319336,0.0924,0.5356,-0.1521,0.0930,-3.5433
1785240710.045717,0.1742,-23.22692108154297,31.869497299194336,0.0253,0.9365,-0.1564,0.0940,-3.3801
1785240710.068977,0.0233,-23.093217849731445,32.36687469482422,0.0272,0.9427,-0.1571,0.0942,-3.3582
1785240710.286342,0.2174,-22.77318572998047,32.3232307434082,0.0280,0.9365,-0.1631,0.0943,-3.1546
1785240710.305544,0.0192,-22.32665252685547,32.22960662841797,0.0290,0.9273,-0.1637,0.0943,-3.1368
1785240710.362717,0.0572,-22.86681365966797,32.4096565246582,0.0280,0.9396,-0.1653,0.0942,-3.0831
1785240710.529092,0.1664,-23.50780487060547,32.87419509887695,0.0275,0.9584,-0.1698,0.0932,-2.9237
1785240710.565659,0.0366,-23.58702850341797,32.5897102355957,0.0264,0.9549,-0.1707,0.0929,-2.8887
1785240710.783190,0.2175,-23.22692108154297,32.9498176574707,0.0285,0.9549,-0.1762,0.0902,-2.6810
1785240710.797551,0.0144,-23.093217849731445,32.73054504394531,0.0283,0.9489,-0.1766,0.0900,-2.6674
1785240710.868852,0.0713,-23.093217849731445,32.912384033203125,0.0288,0.9520,-0.1784,0.0889,-2.5995
1785240711.035105,0.1663,-27.457292556762695,33.63972854614258,0.0181,1.0385,-0.1806,0.0870,-2.4269
1785240711.071749,0.0366,-28.366474151611328,33.63972854614258,0.0155,1.0540,-0.1811,0.0866,-2.3882
1785240711.181940,0.1102,-28.08837127685547,34.0301399230957,0.0174,1.0559,-0.1823,0.0851,-2.2719
1785240711.277853,0.0959,-28.448476791381836,33.8500862121582,0.0158,1.0590,-0.1832,0.0838,-2.1703
1785240711.376374,0.0985,-27.908315658569336,34.2101936340332,0.0185,1.0559,-0.1840,0.0822,-2.0663
1785240711.478710,0.1023,-27.728261947631836,33.8500862121582,0.0180,1.0467,-0.1847,0.0805,-1.9592
1785240711.580175,0.1015,-24.729745864868164,33.09421920776367,0.0245,0.9829,-0.1854,0.0782,-1.8595
1785240711.682319,0.1021,-24.847402572631836,32.7697639465332,0.0232,0.9794,-0.1859,0.0758,-1.7594
1785240711.782311,0.1000,-24.793386459350586,32.6905403137207,0.0232,0.9771,-0.1861,0.0735,-1.6617
1785240711.884258,0.1019,-24.48729705810547,32.7697639465332,0.0243,0.9733,-0.1861,0.0710,-1.5625
1785240711.986080,0.1018,-23.94713592529297,32.9498176574707,0.0264,0.9671,-0.1858,0.0684,-1.4640
1785240712.101709,0.1156,-22.86681365966797,32.9498176574707,0.0296,0.9488,-0.1850,0.0650,-1.3543
1785240712.192154,0.0904,-22.86681365966797,32.9498176574707,0.0296,0.9488,-0.1842,0.0625,-1.2685
1785240712.292755,0.1006,-22.6867618560791,32.9498176574707,0.0301,0.9457,-0.1831,0.0597,-1.1734
1785240712.394810,0.1021,-22.6867618560791,32.7697639465332,0.0296,0.9426,-0.1816,0.0570,-1.0772
1785240712.496563,0.1018,-22.86681365966797,32.9498176574707,0.0296,0.9488,-0.1800,0.0545,-0.9806
1785240712.599370,0.1028,-25.20751190185547,32.4096565246582,0.0211,0.9794,-0.1786,0.0529,-0.8799
1785240712.698311,0.0989,-26.262624740600586,32.13957595825195,0.0172,0.9927,-0.1774,0.0517,-0.7817
1785240712.801270,0.1030,-26.10778045654297,32.22960662841797,0.0180,0.9916,-0.1759,0.0505,-0.6796
1785240712.901551,0.1003,13.819563865661621,10.72834587097168,0.0720,-0.0525,-0.1703,0.0459,-0.6849
1785240713.002960,0.1014,28.08837127685547,-0.0,0.0824,-0.4774,-0.1641,0.0403,-0.7333
1785240713.104336,0.1014,26.46788787841797,-0.0,0.0776,-0.4499,-0.1585,0.0348,-0.7789
1785240713.210052,0.1057,8.10241413116455,-0.0,0.0238,-0.1377,-0.1568,0.0330,-0.7935
1785240713.309109,0.0991,-0.0,-0.0,-0.0000,0.0000,-0.1568,0.0330,-0.7935
1785240713.411654,0.1025,-0.0,-0.0,-0.0000,0.0000,-0.1568,0.0330,-0.7935
1785240713.512807,0.1012,-0.0,-0.0,-0.0000,0.0000,-0.1568,0.0330,-0.7935
1785240713.613812,0.1010,-0.0,-0.0,-0.0000,0.0000,-0.1568,0.0330,-0.7935
1785240713.715820,0.1020,-0.0,-0.0,-0.0000,0.0000,-0.1568,0.0330,-0.7935
1785240713.818370,0.1026,-0.0,-0.0,-0.0000,0.0000,-0.1568,0.0330,-0.7935
1785240713.922307,0.1039,-0.0,-0.0,-0.0000,0.0000,-0.1568,0.0330,-0.7935
1785240714.021874,0.0996,-0.0,-0.0,-0.0000,0.0000,-0.1568,0.0330,-0.7935
1785240714.137458,0.1156,-0.0,-0.0,-0.0000,0.0000,-0.1568,0.0330,-0.7935
1785240714.226280,0.0888,-0.0,7.022092819213867,0.0206,0.1194,-0.1555,0.0317,-0.7829
1785240714.328097,0.1018,-0.0,27.908315658569336,0.0818,0.4744,-0.1493,0.0262,-0.7346
1785240714.429636,0.1015,-0.0,25.92772674560547,0.0760,0.4407,-0.1433,0.0212,-0.6898
1785240714.532007,0.1024,-0.0,27.548208236694336,0.0808,0.4683,-0.1367,0.0163,-0.6419
1785240714.633293,0.1013,-0.0,29.275653839111328,0.0858,0.4976,-0.1295,0.0114,-0.5915
1785240714.734587,0.1013,-0.0,28.911983489990234,0.0848,0.4914,-0.1221,0.0070,-0.5417
1785240714.834497,0.0999,-0.0,29.201101303100586,0.0856,0.4964,-0.1146,0.0030,-0.4921
1785240714.935917,0.1014,-0.0,28.988637924194336,0.0850,0.4927,-0.1068,-0.0007,-0.4421
1785240715.037182,0.1013,-0.0,30.366674423217773,0.0890,0.5162,-0.0985,-0.0041,-0.3899
1785240715.141074,0.1039,-0.0,30.7303466796875,0.0901,0.5224,-0.0896,-0.0072,-0.3356
1785240715.243095,0.1020,-0.0,30.429067611694336,0.0892,0.5172,-0.0809,-0.0098,-0.2828
1785240715.346994,0.1039,-0.0,30.249011993408203,0.0887,0.5142,-0.0719,-0.0119,-0.2294
1785240715.444228,0.0972,-0.0,30.609121322631836,0.0898,0.5203,-0.0633,-0.0134,-0.1788
1785240715.546655,0.1024,-0.0,30.249011993408203,0.0887,0.5142,-0.0543,-0.0146,-0.1261
1785240715.646850,0.1002,-0.0,31.275854110717773,0.0917,0.5316,-0.0452,-0.0152,-0.0729
1785240715.752157,0.1053,-0.0,30.789175033569336,0.0903,0.5234,-0.0356,-0.0154,-0.0178
1785240715.862988,0.1108,-0.0,31.037647247314453,0.0910,0.5276,-0.0256,-0.0150,0.0407
1785240715.951213,0.0882,-0.0,30.789175033569336,0.0903,0.5234,-0.0176,-0.0143,0.0869
1785240716.097318,0.1461,-22.32665252685547,31.869497299194336,0.0280,0.9212,-0.0136,-0.0134,0.2215
1785240716.200971,0.1037,-26.10778045654297,32.4096565246582,0.0185,0.9947,-0.0118,-0.0128,0.3246
1785240716.287946,0.0870,-25.38756561279297,32.22960662841797,0.0201,0.9794,-0.0102,-0.0121,0.4098
1785240716.382258,0.0943,-25.567617416381836,32.4096565246582,0.0201,0.9855,-0.0086,-0.0112,0.5027
1785240716.605557,0.2233,-25.38756561279297,32.22960662841797,0.0201,0.9794,-0.0052,-0.0082,0.7214
1785240716.625504,0.0199,-25.20751190185547,32.4096565246582,0.0211,0.9794,-0.0049,-0.0079,0.7409
1785240716.718651,0.0931,-25.20751190185547,32.4096565246582,0.0211,0.9794,-0.0036,-0.0065,0.8322
1785240716.846310,0.1277,-11.019283294677734,23.87511444091797,0.0377,0.5931,-0.0006,-0.0027,0.9079
1785240716.875260,0.0289,31.149282455444336,0.36010730266571045,0.0924,-0.5234,0.0011,-0.0006,0.8927
1785240716.995520,0.1203,27.188100814819336,-0.0,0.0797,-0.4621,0.0075,0.0065,0.8371
1785240717.094728,0.0992,25.92772674560547,7.562252998352051,0.0982,-0.3122,0.0142,0.0135,0.8062
1785240717.172828,0.0781,23.69145965576172,26.997243881225586,0.1486,0.0562,0.0222,0.0220,0.8106
1785240717.322838,0.1500,24.127187728881836,25.74767303466797,0.1462,0.0275,0.0373,0.0379,0.8147
1785240717.383172,0.0603,23.94713592529297,25.567617416381836,0.1452,0.0275,0.0433,0.0443,0.8164
1785240717.479983,0.0968,23.94713592529297,25.92772674560547,0.1462,0.0337,0.0529,0.0546,0.8196
1785240717.583808,0.1038,23.69145965576172,25.344350814819336,0.1438,0.0281,0.0631,0.0656,0.8225
1785240717.765065,0.1813,25.71166229248047,8.6317720413208,0.1007,-0.2903,0.0762,0.0783,0.7699
1785240717.784780,0.0197,31.869497299194336,-26.10778045654297,0.0169,-0.9855,0.0764,0.0785,0.7505
1785240717.934657,0.1499,30.789175033569336,-23.76708221435547,0.0206,-0.9273,0.0790,0.0803,0.6115
1785240717.984565,0.0499,21.85491180419922,-16.1616153717041,0.0167,-0.6462,0.0797,0.0807,0.5792
1785240718.087400,0.1028,0.18005365133285522,0.18005365133285522,0.0011,0.0000,0.0798,0.0808,0.5792
1785240718.189235,0.1018,-0.0,-0.0,-0.0000,0.0000,0.0798,0.0808,0.5792
1785240718.298847,0.1096,-0.0,-0.0,-0.0000,0.0000,0.0798,0.0808,0.5792
1785240718.390576,0.0917,-0.0,-0.0,-0.0000,0.0000,0.0798,0.0808,0.5792
1785240718.491391,0.1008,-0.0,-0.0,-0.0000,0.0000,0.0798,0.0808,0.5792
1785240718.593886,0.1025,-0.0,-0.0,-0.0000,0.0000,0.0798,0.0808,0.5792
1785240718.695278,0.1014,-0.0,-0.0,-0.0000,0.0000,0.0798,0.0808,0.5792
1785240718.795998,0.1007,-0.0,-0.0,-0.0000,0.0000,0.0798,0.0808,0.5792
1785240718.898107,0.1021,-0.0,-0.0,-0.0000,0.0000,0.0798,0.0808,0.5792
1785240718.999276,0.1012,-0.0,-0.0,-0.0000,0.0000,0.0798,0.0808,0.5792
1785240719.100446,0.1012,-0.0,-0.0,-0.0000,0.0000,0.0798,0.0808,0.5792
1785240719.200152,0.0997,-0.0,-0.0,-0.0000,0.0000,0.0798,0.0808,0.5792
1785240719.304911,0.1048,-0.0,-0.0,-0.0000,0.0000,0.0798,0.0808,0.5792
1785240719.406334,0.1014,-0.0,-0.0,-0.0000,0.0000,0.0798,0.0808,0.5792
1785240719.505157,0.0988,-0.0,-0.0,-0.0000,0.0000,0.0798,0.0808,0.5792
1785240719.605087,0.0999,-0.0,-0.0,-0.0000,0.0000,0.0798,0.0808,0.5792
1785240719.707479,0.1024,-0.0,-0.0,-0.0000,0.0000,0.0798,0.0808,0.5792
1785240719.809688,0.1022,-0.0,-0.0,-0.0000,0.0000,0.0798,0.0808,0.5792
1785240719.913593,0.1039,-0.0,-0.0,-0.0000,0.0000,0.0798,0.0808,0.5792
1785240720.014335,0.1007,-0.0,-0.0,-0.0000,0.0000,0.0798,0.0808,0.5792
1785240720.115624,0.1013,-0.0,-0.0,-0.0000,0.0000,0.0798,0.0808,0.5792
1785240720.216305,0.1007,-0.0,-0.0,-0.0000,0.0000,0.0798,0.0808,0.5792
1785240720.327772,0.1115,-0.0,-0.0,-0.0000,0.0000,0.0798,0.0808,0.5792
1785240720.426523,0.0988,-0.0,-0.0,-0.0000,0.0000,0.0798,0.0808,0.5792
1785240720.520398,0.0939,-0.0,-0.0,-0.0000,0.0000,0.0798,0.0808,0.5792
1785240720.621138,0.1007,-0.0,-0.0,-0.0000,0.0000,0.0798,0.0808,0.5792
1785240720.723150,0.1020,-0.0,-0.0,-0.0000,0.0000,0.0798,0.0808,0.5792
1785240720.824016,0.1009,10.443111419677734,-9.722896575927734,0.0021,-0.3428,0.0799,0.0809,0.5447
1785240720.927857,0.1038,40.15196228027344,-37.9913215637207,0.0063,-1.3283,0.0805,0.0812,0.4067
1785240721.028611,0.1008,37.9913215637207,-35.8306770324707,0.0063,-1.2548,0.0812,0.0814,0.2803
1785240721.264973,0.2364,28.282827377319336,-26.44628143310547,0.0054,-0.9303,0.0824,0.0814,0.0604
1785240721.266032,0.0011,0.18005365133285522,-0.36010730266571045,-0.0005,-0.0092,0.0824,0.0814,0.0604
1785240721.339604,0.0736,-0.0,-0.0,-0.0000,0.0000,0.0824,0.0814,0.0604
1785240721.522523,0.1829,11.70348834991455,-10.803218841552734,0.0026,-0.3826,0.0829,0.0814,-0.0096
1785240721.762807,0.2403,40.33201599121094,-37.8112678527832,0.0074,-1.3283,0.0846,0.0809,-0.3287
1785240721.763994,0.0012,37.8112678527832,-36.0107307434082,0.0053,-1.2548,0.0846,0.0809,-0.3302
1785240721.834413,0.0704,38.1713752746582,-36.0107307434082,0.0063,-1.2609,0.0850,0.0807,-0.4190
1785240722.009473,0.1751,27.188100814819336,-25.74767303466797,0.0042,-0.8998,0.0856,0.0803,-0.5765
1785240722.010732,0.0013,0.18005365133285522,-0.18005365133285522,0.0000,-0.0061,0.0856,0.0803,-0.5765
1785240722.071142,0.0604,-0.0,-0.0,-0.0000,0.0000,0.0856,0.0803,-0.5765
1785240722.255563,0.1844,-0.0,-0.18365472555160522,-0.0005,-0.0031,0.0855,0.0803,-0.5771
1785240722.257505,0.0019,35.8306770324707,-33.4899787902832,0.0069,-1.1783,0.0856,0.0803,-0.5794
1785240722.350623,0.0931,22.50670623779297,-21.42638397216797,0.0032,-0.7468,0.0858,0.0801,-0.6489
1785240722.511889,0.1613,-0.0,-0.0,-0.0000,0.0000,0.0858,0.0801,-0.6489
1785240722.554875,0.0430,-0.0,-0.0,-0.0000,0.0000,0.0858,0.0801,-0.6489
1785240722.765289,0.2104,-0.0,-0.0,-0.0000,0.0000,0.0858,0.0801,-0.6489
1785240722.785402,0.0201,-0.0,-0.0,-0.0000,0.0000,0.0858,0.0801,-0.6489
1785240722.859838,0.0744,-0.0,-0.0,-0.0000,0.0000,0.0858,0.0801,-0.6489
1785240723.018045,0.1582,-0.0,-0.0,-0.0000,0.0000,0.0858,0.0801,-0.6489
1785240723.064941,0.0469,-0.0,-0.0,-0.0000,0.0000,0.0858,0.0801,-0.6489
1785240723.271097,0.2062,-0.0,-0.0,-0.0000,0.0000,0.0858,0.0801,-0.6489
1785240723.272476,0.0014,-0.0,-0.0,-0.0000,0.0000,0.0858,0.0801,-0.6489
1785240723.365574,0.0931,-0.0,-0.0,-0.0000,0.0000,0.0858,0.0801,-0.6489
1785240723.546670,0.1811,-0.0,-0.0,-0.0000,0.0000,0.0858,0.0801,-0.6489
1785240723.572740,0.0261,-0.0,-0.0,-0.0000,0.0000,0.0858,0.0801,-0.6489
1785240723.777137,0.2044,-0.0,-0.0,-0.0000,0.0000,0.0858,0.0801,-0.6489
1785240723.797909,0.0208,-0.0,-0.0,-0.0000,0.0000,0.0858,0.0801,-0.6489
1785240724.023481,0.2256,-0.0,-0.0,-0.0000,0.0000,0.0858,0.0801,-0.6489
1785240724.027724,0.0042,-0.0,-0.0,-0.0000,0.0000,0.0858,0.0801,-0.6489
1785240724.078029,0.0503,-0.0,-0.0,-0.0000,0.0000,0.0858,0.0801,-0.6489
1785240724.273782,0.1958,-0.0,-0.0,-0.0000,0.0000,0.0858,0.0801,-0.6489
1785240724.283058,0.0093,-0.0,-0.0,-0.0000,0.0000,0.0858,0.0801,-0.6489
1785240724.523006,0.2399,-0.0,-0.0,-0.0000,0.0000,0.0858,0.0801,-0.6489
1785240724.546084,0.0231,-0.0,-0.0,-0.0000,0.0000,0.0858,0.0801,-0.6489
1785240724.587839,0.0418,-0.0,-0.0,-0.0000,0.0000,0.0858,0.0801,-0.6489
1785240724.785881,0.1980,-0.0,-0.0,-0.0000,0.0000,0.0858,0.0801,-0.6489
1785240724.806054,0.0202,-0.0,-0.0,-0.0000,0.0000,0.0858,0.0801,-0.6489
1785240725.023488,0.2174,-0.0,-0.0,-0.0000,0.0000,0.0858,0.0801,-0.6489
1785240725.025125,0.0016,-0.0,-0.0,-0.0000,0.0000,0.0858,0.0801,-0.6489
1785240725.095626,0.0705,-0.0,-0.0,-0.0000,0.0000,0.0858,0.0801,-0.6489
1785240725.271217,0.1756,-0.0,-0.0,-0.0000,0.0000,0.0858,0.0801,-0.6489
1785240725.299030,0.0278,-0.0,-0.0,-0.0000,0.0000,0.0858,0.0801,-0.6489
1785240725.525018,0.2260,-0.0,-0.0,-0.0000,0.0000,0.0858,0.0801,-0.6489
1785240725.548374,0.0234,-0.0,-0.0,-0.0000,0.0000,0.0858,0.0801,-0.6489
1785240725.603626,0.0553,-0.0,-0.0,-0.0000,0.0000,0.0858,0.0801,-0.6489
1785240725.774289,0.1707,-0.0,-0.0,-0.0000,0.0000,0.0858,0.0801,-0.6489
1785240725.805310,0.0310,-0.0,-0.0,-0.0000,0.0000,0.0858,0.0801,-0.6489
1785240726.038938,0.2336,-0.0,-0.0,-0.0000,0.0000,0.0858,0.0801,-0.6489
1785240726.104525,0.0656,-0.0,-0.0,-0.0000,0.0000,0.0858,0.0801,-0.6489
1785240726.127427,0.0229,-0.0,-0.0,-0.0000,0.0000,0.0858,0.0801,-0.6489
1785240726.212137,0.0847,-0.0,-0.0,-0.0000,0.0000,0.0858,0.0801,-0.6489
1785240726.313459,0.1013,-0.0,-0.0,-0.0000,0.0000,0.0858,0.0801,-0.6489
1785240726.415030,0.1016,-0.0,-0.0,-0.0000,0.0000,0.0858,0.0801,-0.6489
1785240726.522476,0.1074,-0.0,-0.0,-0.0000,0.0000,0.0858,0.0801,-0.6489
1785240726.621446,0.0990,-0.0,-0.0,-0.0000,0.0000,0.0858,0.0801,-0.6489
1785240726.720495,0.0990,-0.0,-0.0,-0.0000,0.0000,0.0858,0.0801,-0.6489
1785240726.822855,0.1024,-0.0,-0.0,-0.0000,0.0000,0.0858,0.0801,-0.6489
1785240726.927646,0.1048,-0.0,-0.0,-0.0000,0.0000,0.0858,0.0801,-0.6489
1785240727.025329,0.0977,-0.0,-0.0,-0.0000,0.0000,0.0858,0.0801,-0.6489
1785240727.126810,0.1015,-0.0,-0.0,-0.0000,0.0000,0.0858,0.0801,-0.6489
1785240727.229583,0.1028,-0.0,-0.0,-0.0000,0.0000,0.0858,0.0801,-0.6489
1785240727.330849,0.1013,-0.0,-0.0,-0.0000,0.0000,0.0858,0.0801,-0.6489
1785240727.433267,0.1024,8.28246784210205,7.742306709289551,0.0470,-0.0092,0.0896,0.0772,-0.6499
1785240727.537900,0.1046,27.82096290588379,25.45709228515625,0.1562,-0.0402,0.1026,0.0673,-0.6541
1785240727.637318,0.0994,26.287832260131836,24.127187728881836,0.1478,-0.0367,0.1142,0.0583,-0.6577
1785240727.748347,0.1110,27.728261947631836,24.48729705810547,0.1531,-0.0551,0.1276,0.0478,-0.6639
1785240727.842268,0.0939,30.54850959777832,25.63892936706543,0.1648,-0.0835,0.1397,0.0382,-0.6717
1785240727.939186,0.0969,30.303028106689453,25.89531707763672,0.1648,-0.0749,0.1522,0.0282,-0.6790
1785240728.040942,0.1018,30.068960189819336,25.92772674560547,0.1642,-0.0704,0.1651,0.0176,-0.6861
1785240728.143316,0.1024,30.068960189819336,26.64794158935547,0.1663,-0.0582,0.1782,0.0067,-0.6921
1785240728.244048,0.1007,29.639328002929688,25.820762634277344,0.1626,-0.0649,0.1907,-0.0038,-0.6986
1785240728.345311,0.1013,30.366674423217773,26.002599716186523,0.1653,-0.0742,0.2035,-0.0147,-0.7061
1785240728.445184,0.0999,31.772266387939453,26.62993621826172,0.1712,-0.0874,0.2164,-0.0259,-0.7148
1785240728.547013,0.1018,31.689441680908203,26.64794158935547,0.1711,-0.0857,0.2294,-0.0374,-0.7236
1785240728.654408,0.1074,31.588611602783203,26.62993621826172,0.1707,-0.0843,0.2431,-0.0497,-0.7326
1785240728.749872,0.0955,31.329336166381836,26.64794158935547,0.1700,-0.0796,0.2550,-0.0606,-0.7402
1785240728.852101,0.1022,31.689441680908203,28.448476791381836,0.1763,-0.0551,0.2683,-0.0729,-0.7459
1785240728.955160,0.1031,31.869497299194336,28.628530502319336,0.1774,-0.0551,0.2816,-0.0853,-0.7515
1785240729.053546,0.0984,31.772266387939453,28.466482162475586,0.1766,-0.0562,0.2943,-0.0973,-0.7571
1785240729.155885,0.1023,32.0495491027832,29.348745346069336,0.1800,-0.0459,0.3076,-0.1100,-0.7618
1785240729.256986,0.1011,31.869497299194336,29.708852767944336,0.1806,-0.0367,0.3208,-0.1226,-0.7655
1785240729.357061,0.1001,31.955923080444336,29.201101303100586,0.1793,-0.0468,0.3337,-0.1351,-0.7702
1785240729.486288,0.1292,31.869497299194336,29.52880096435547,0.1800,-0.0398,0.3503,-0.1514,-0.7753
1785240729.562106,0.0758,31.869497299194336,29.348745346069336,0.1795,-0.0428,0.3600,-0.1610,-0.7785
1785240729.670108,0.1080,31.772266387939453,29.201101303100586,0.1788,-0.0437,0.3736,-0.1746,-0.7833
1785240729.766767,0.0967,31.869497299194336,29.52880096435547,0.1800,-0.0398,0.3859,-0.1869,-0.7871
1785240729.865179,0.0984,31.869497299194336,29.708852767944336,0.1806,-0.0367,0.3984,-0.1996,-0.7907
1785240729.966527,0.1013,31.869497299194336,29.708852767944336,0.1806,-0.0367,0.4112,-0.2126,-0.7945
1785240730.068745,0.1022,31.689441680908203,29.52880096435547,0.1795,-0.0367,0.4240,-0.2258,-0.7982
1785240730.176586,0.1078,31.772266387939453,29.568410873413086,0.1799,-0.0375,0.4375,-0.2397,-0.8022
1785240730.273389,0.0968,31.869497299194336,29.888906478881836,0.1811,-0.0337,0.4497,-0.2523,-0.8055
1785240730.372957,0.0996,31.689441680908203,29.708852767944336,0.1800,-0.0337,0.4620,-0.2653,-0.8089
1785240730.479951,0.1070,31.509389877319336,29.888906478881836,0.1800,-0.0275,0.4753,-0.2793,-0.8118
1785240730.597407,0.1175,31.689441680908203,29.708852767944336,0.1800,-0.0337,0.4898,-0.2947,-0.8158
1785240730.696706,0.0993,31.509389877319336,29.708852767944336,0.1795,-0.0306,0.5020,-0.3077,-0.8188
1785240730.789360,0.0927,31.509389877319336,29.888906478881836,0.1800,-0.0275,0.5133,-0.3199,-0.8213
1785240730.884726,0.0954,31.509389877319336,29.888906478881836,0.1800,-0.0275,0.5250,-0.3325,-0.8240
1785240731.004135,0.1194,31.329336166381836,29.708852767944336,0.1790,-0.0275,0.5395,-0.3482,-0.8273
1785240731.100935,0.0968,31.275854110717773,29.639328002929688,0.1786,-0.0278,0.5511,-0.3610,-0.8300
1785240731.187202,0.0863,31.221303939819336,29.752065658569336,0.1788,-0.0250,0.5615,-0.3724,-0.8321
1785240731.290557,0.1034,31.329336166381836,29.708852767944336,0.1790,-0.0275,0.5739,-0.3861,-0.8350
1785240731.389021,0.0985,31.094018936157227,29.457490921020508,0.1775,-0.0278,0.5856,-0.3991,-0.8377
1785240731.494198,0.1052,31.149282455444336,29.888906478881836,0.1790,-0.0214,0.5982,-0.4131,-0.8400
1785240731.622129,0.1279,31.33924674987793,29.654340744018555,0.1788,-0.0286,0.6134,-0.4302,-0.8436
1785240731.715601,0.0935,11.937557220458984,11.753902435302734,0.0695,-0.0031,0.6177,-0.4351,-0.8439
1785240731.802676,0.0871,-0.0,-0.0,-0.0000,0.0000,0.6177,-0.4351,-0.8439
1785240731.907538,0.1049,-0.0,-0.0,-0.0000,0.0000,0.6177,-0.4351,-0.8439
1785240732.015909,0.1084,-0.0,-0.0,-0.0000,0.0000,0.6177,-0.4351,-0.8439
1785240732.110313,0.0944,-0.0,-0.0,-0.0000,0.0000,0.6177,-0.4351,-0.8439
1785240732.233057,0.1227,-0.0,-0.0,-0.0000,0.0000,0.6177,-0.4351,-0.8439
1785240732.304731,0.0717,-0.0,-0.0,-0.0000,0.0000,0.6177,-0.4351,-0.8439
1785240732.406233,0.1015,-0.0,5.091418266296387,0.0149,0.0865,0.6187,-0.4362,-0.8351
1785240732.506166,0.0999,-0.0,29.201101303100586,0.0856,0.4964,0.6248,-0.4422,-0.7855
1785240732.608138,0.1020,-0.0,26.46788787841797,0.0776,0.4499,0.6306,-0.4476,-0.7396
1785240732.720875,0.1127,-0.0,26.287832260131836,0.0771,0.4468,0.6373,-0.4531,-0.6893
1785240732.813541,0.0927,-0.0,26.287832260131836,0.0771,0.4468,0.6430,-0.4574,-0.6479
1785240732.914721,0.1012,-0.0,29.708852767944336,0.0871,0.5050,0.6503,-0.4624,-0.5968
1785240733.017265,0.1025,-0.0,30.429067611694336,0.0892,0.5172,0.6582,-0.4671,-0.5437
1785240733.119367,0.1021,-0.0,30.429067611694336,0.0892,0.5172,0.6662,-0.4714,-0.4909
1785240733.220610,0.1012,-0.0,30.068960189819336,0.0882,0.5111,0.6743,-0.4752,-0.4392
1785240733.322278,0.1017,-0.0,30.969226837158203,0.0908,0.5264,0.6828,-0.4787,-0.3856
1785240733.424125,0.1018,-0.0,32.22960662841797,0.0945,0.5478,0.6919,-0.4818,-0.3299
1785240733.526342,0.1022,-0.0,32.0495491027832,0.0940,0.5448,0.7012,-0.4844,-0.2742
1785240733.627356,0.1010,-0.0,32.185035705566406,0.0944,0.5471,0.7105,-0.4865,-0.2189
1785240733.737100,0.1097,-0.0,32.0495491027832,0.0940,0.5448,0.7207,-0.4881,-0.1591
1785240733.832991,0.0959,-0.0,32.22960662841797,0.0945,0.5478,0.7297,-0.4891,-0.1066
1785240733.930617,0.0976,13.774104118347168,31.404958724975586,0.1325,0.2997,0.7426,-0.4901,-0.0773
1785240734.031074,0.1005,25.528005599975586,31.955923080444336,0.1686,0.1093,0.7595,-0.4912,-0.0664
1785240734.133475,0.1024,24.66735076904297,32.4096565246582,0.1674,0.1316,0.7766,-0.4921,-0.0529
1785240734.235227,0.1018,24.48729705810547,32.4096565246582,0.1668,0.1347,0.7935,-0.4927,-0.0392
1785240734.337159,0.1019,26.46788787841797,24.66735076904297,0.1499,-0.0306,0.8088,-0.4934,-0.0423
1785240734.438749,0.1016,32.4096565246582,0.36010730266571045,0.0961,-0.5448,0.8185,-0.4943,-0.0976
1785240734.539917,0.1012,31.275854110717773,-0.0,0.0917,-0.5316,0.8277,-0.4957,-0.1514
1785240734.642484,0.1026,31.329336166381836,-0.0,0.0919,-0.5325,0.8369,-0.4977,-0.2060
1785240734.744829,0.1023,31.329336166381836,-0.0,0.0919,-0.5325,0.8460,-0.5001,-0.2605
1785240734.846233,0.1014,29.708852767944336,20.3460636138916,0.1468,-0.1591,0.8603,-0.5042,-0.2767
1785240734.947690,0.1015,30.068960189819336,26.46788787841797,0.1658,-0.0612,0.8765,-0.5089,-0.2829
1785240735.050304,0.1026,30.249011993408203,25.92772674560547,0.1647,-0.0735,0.8927,-0.5137,-0.2904
1785240735.160094,0.1098,29.888906478881836,25.567617416381836,0.1626,-0.0735,0.9097,-0.5189,-0.2985
1785240735.253446,0.0934,29.201101303100586,26.813589096069336,0.1642,-0.0406,0.9244,-0.5235,-0.3023
1785240735.355227,0.1018,29.168691635131836,29.348745346069336,0.1716,0.0031,0.9410,-0.5287,-0.3020
1785240735.457115,0.1019,28.988637924194336,28.80858612060547,0.1695,-0.0031,0.9575,-0.5338,-0.3023
1785240735.556952,0.0998,29.093820571899414,29.457490921020508,0.1717,0.0062,0.9739,-0.5389,-0.3017
1785240735.657016,0.1001,28.466482162475586,30.670339584350586,0.1734,0.0375,0.9905,-0.5440,-0.2979
1785240735.757702,0.1007,28.730146408081055,30.366674423217773,0.1733,0.0278,1.0072,-0.5491,-0.2951
1785240735.867087,0.1094,28.548309326171875,30.7303466796875,0.1738,0.0371,1.0254,-0.5546,-0.2911
1785240735.961218,0.0941,28.628530502319336,30.429067611694336,0.1732,0.0306,1.0410,-0.5592,-0.2882
1785240736.062909,0.1017,28.268423080444336,30.068960189819336,0.1711,0.0306,1.0577,-0.5641,-0.2851
1785240736.275535,0.2126,28.548309326171875,30.366674423217773,0.1727,0.0309,1.0930,-0.5742,-0.2785
1785240736.298415,0.0229,28.268423080444336,31.149282455444336,0.1742,0.0490,1.0969,-0.5753,-0.2774
1785240736.367883,0.0695,28.18463706970215,30.912181854248047,0.1733,0.0464,1.1084,-0.5785,-0.2742
1785240736.548444,0.1806,28.08837127685547,30.789175033569336,0.1726,0.0459,1.1385,-0.5867,-0.2659
1785240736.571598,0.0232,28.08837127685547,30.969226837158203,0.1732,0.0490,1.1424,-0.5878,-0.2647
1785240736.854142,0.2825,30.54850959777832,26.002599716186523,0.1658,-0.0773,1.1873,-0.6010,-0.2866
1785240736.877744,0.0236,31.329336166381836,24.127187728881836,0.1626,-0.1224,1.1910,-0.6021,-0.2895
1785240737.044263,0.1665,30.912181854248047,24.18423843383789,0.1616,-0.1144,1.2166,-0.6103,-0.3085
1785240737.047376,0.0031,32.13957595825195,21.85491180419922,0.1583,-0.1748,1.2171,-0.6104,-0.3090
1785240737.085245,0.0379,32.5897102355957,20.7061710357666,0.1563,-0.2020,1.2227,-0.6123,-0.3167
1785240737.286936,0.2017,32.4096565246582,20.3460636138916,0.1547,-0.2051,1.2519,-0.6232,-0.3580
1785240737.289899,0.0030,32.3232307434082,20.38567543029785,0.1546,-0.2029,1.2524,-0.6234,-0.3586
1785240737.537513,0.2476,32.4096565246582,20.7061710357666,0.1557,-0.1989,1.2878,-0.6387,-0.4079
1785240737.546899,0.0094,32.5897102355957,19.9859561920166,0.1542,-0.2142,1.2891,-0.6392,-0.4099
1785240737.587589,0.0407,32.4096565246582,20.5261173248291,0.1552,-0.2020,1.2949,-0.6418,-0.4181
1785240737.790119,0.2025,33.27605438232422,7.455291271209717,0.1194,-0.4389,1.3160,-0.6535,-0.5070
1785240737.792556,0.0024,33.4899787902832,-0.0,0.0982,-0.5693,1.3162,-0.6537,-0.5084
1785240738.045639,0.2531,33.3099250793457,-0.0,0.0977,-0.5662,1.3359,-0.6687,-0.6517
1785240738.048481,0.0028,33.6700325012207,-0.0,0.0987,-0.5723,1.3361,-0.6688,-0.6533
1785240738.093438,0.0450,33.7924690246582,-0.0,0.0991,-0.5744,1.3396,-0.6716,-0.6792
1785240738.304743,0.2113,33.8500862121582,-0.0,0.0993,-0.5754,1.3542,-0.6867,-0.8007
1785240738.306058,0.0013,33.8500862121582,-0.0,0.0993,-0.5754,1.3543,-0.6868,-0.8015
1785240738.549267,0.2432,33.8500862121582,-0.0,0.0993,-0.5754,1.3685,-0.7063,-0.9414
1785240738.555524,0.0063,34.0301399230957,-0.0,0.0998,-0.5784,1.3688,-0.7068,-0.9451
1785240738.603992,0.0485,33.8500862121582,-0.0,0.0993,-0.5754,1.3715,-0.7108,-0.9729
1785240738.801435,0.1974,34.2101936340332,-0.0,0.1003,-0.5815,1.3807,-0.7283,-1.0878
1785240738.807804,0.0064,33.8500862121582,-0.0,0.0993,-0.5754,1.3810,-0.7289,-1.0914
1785240739.055882,0.2481,34.0301399230957,-0.0,0.0998,-0.5784,1.3892,-0.7522,-1.2349
1785240739.058681,0.0028,34.2101936340332,-0.0,0.1003,-0.5815,1.3893,-0.7525,-1.2366
1785240739.116881,0.0582,34.00339889526367,-0.0,0.0997,-0.5780,1.3910,-0.7580,-1.2702
1785240739.308136,0.1913,34.0301399230957,-0.0,0.0998,-0.5784,1.3946,-0.7768,-1.3808
1785240739.325405,0.0173,34.0301399230957,-0.0,0.0998,-0.5784,1.3949,-0.7785,-1.3908
1785240739.550274,0.2249,34.00339889526367,-0.0,0.0997,-0.5780,1.3960,-0.8009,-1.5208
1785240739.573337,0.0231,34.2101936340332,-0.0,0.1003,-0.5815,1.3961,-0.8032,-1.5342
1785240739.618772,0.0454,33.97612380981445,-0.0,0.0996,-0.5775,1.3962,-0.8077,-1.5604
1785240739.807349,0.1886,34.00339889526367,-0.0,0.0997,-0.5780,1.3943,-0.8264,-1.6694
1785240739.822485,0.0151,34.0301399230957,-0.0,0.0998,-0.5784,1.3942,-0.8279,-1.6782
1785240740.046600,0.2241,34.3902473449707,-7.562252998352051,0.0787,-0.7131,1.3895,-0.8449,-1.8380
1785240740.058368,0.0118,35.2905158996582,-26.82799530029297,0.0248,-1.0559,1.3894,-0.8452,-1.8504
1785240740.128377,0.0700,35.458091735839844,-25.63892936706543,0.0288,-1.0385,1.3887,-0.8471,-1.9231
1785240740.329491,0.2011,35.44536209106445,-25.16069793701172,0.0302,-1.0302,1.3855,-0.8522,-2.1303
1785240740.329568,0.0001,35.4705696105957,-25.02745819091797,0.0306,-1.0283,1.3855,-0.8522,-2.1304
1785240740.558489,0.2289,35.6506233215332,-28.268423080444336,0.0216,-1.0865,1.3819,-0.8557,-2.3791
1785240740.558578,0.0001,36.1854362487793,-28.911983489990234,0.0213,-1.1065,1.3819,-0.8557,-2.3792
1785240740.637346,0.0788,36.1907844543457,-29.708852767944336,0.0190,-1.1202,1.3808,-0.8566,-2.4674
1785240740.802936,0.1656,35.8306770324707,-28.628530502319336,0.0211,-1.0957,1.3777,-0.8583,-2.6489
1785240740.837014,0.0341,36.17998123168945,-29.017446517944336,0.0210,-1.1082,1.3770,-0.8586,-2.6866
1785240741.047781,0.2108,35.8306770324707,-31.689441680908203,0.0121,-1.1477,1.3745,-0.8591,-2.9285
1785240741.055563,0.0078,35.8306770324707,-31.689441680908203,0.0121,-1.1477,1.3744,-0.8591,-2.9375
1785240741.142522,0.0870,24.66735076904297,-22.14659881591797,0.0074,-0.7957,1.3738,-0.8592,-3.0067
1785240741.244711,0.1022,-0.0,-0.18005365133285522,-0.0005,-0.0031,1.3738,-0.8592,-3.0070
1785240741.360161,0.1154,-0.0,-0.0,-0.0000,0.0000,1.3738,-0.8592,-3.0070
1785240741.447864,0.0877,-0.0,-0.0,-0.0000,0.0000,1.3738,-0.8592,-3.0070
1785240741.548587,0.1007,-0.0,-0.0,-0.0000,0.0000,1.3738,-0.8592,-3.0070
1785240741.648334,0.0997,-0.0,-0.0,-0.0000,0.0000,1.3738,-0.8592,-3.0070
1785240741.750718,0.1024,-0.0,-0.0,-0.0000,0.0000,1.3738,-0.8592,-3.0070
1785240741.852852,0.1021,-0.0,-0.0,-0.0000,0.0000,1.3738,-0.8592,-3.0070
1785240741.956112,0.1033,-0.0,-0.0,-0.0000,0.0000,1.3738,-0.8592,-3.0070
1785240742.065257,0.1091,-0.0,-0.0,-0.0000,0.0000,1.3738,-0.8592,-3.0070
1785240742.159662,0.0944,-0.0,-0.0,-0.0000,0.0000,1.3738,-0.8592,-3.0070
1785240742.258125,0.0985,-0.0,-0.0,-0.0000,0.0000,1.3738,-0.8592,-3.0070
1785240742.360003,0.1019,-0.0,-0.0,-0.0000,0.0000,1.3738,-0.8592,-3.0070
1785240742.621584,0.2616,-0.0,-0.0,-0.0000,0.0000,1.3738,-0.8592,-3.0070
1785240742.627346,0.0058,-0.0,-0.0,-0.0000,0.0000,1.3738,-0.8592,-3.0070
1785240742.666483,0.0391,-0.0,-0.0,-0.0000,0.0000,1.3738,-0.8592,-3.0070
1785240742.880770,0.2143,-0.0,-0.0,-0.0000,0.0000,1.3738,-0.8592,-3.0070
1785240742.884384,0.0036,-0.0,-0.0,-0.0000,0.0000,1.3738,-0.8592,-3.0070
1785240743.164398,0.2800,-0.0,-0.0,-0.0000,0.0000,1.3738,-0.8592,-3.0070
1785240743.206343,0.0419,-0.0,-0.0,-0.0000,0.0000,1.3738,-0.8592,-3.0070
1785240743.224356,0.0180,-0.0,-0.0,-0.0000,0.0000,1.3738,-0.8592,-3.0070
1785240743.389142,0.1648,-0.0,-0.0,-0.0000,0.0000,1.3738,-0.8592,-3.0070
1785240743.395677,0.0065,-0.0,-0.0,-0.0000,0.0000,1.3738,-0.8592,-3.0070
1785240743.479966,0.0843,-0.0,-0.0,-0.0000,0.0000,1.3738,-0.8592,-3.0070
1785240743.636466,0.1565,-0.0,-0.0,-0.0000,0.0000,1.3738,-0.8592,-3.0070
1785240743.689956,0.0535,-0.0,-0.0,-0.0000,0.0000,1.3738,-0.8592,-3.0070
1785240743.883746,0.1938,-0.0,-0.0,-0.0000,0.0000,1.3738,-0.8592,-3.0070
1785240743.942092,0.0583,25.567617416381836,21.9665470123291,0.1394,-0.0612,1.3658,-0.8603,-3.0106
1785240744.134722,0.1926,28.650136947631836,24.97704315185547,0.1572,-0.0624,1.3357,-0.8639,-3.0226
1785240744.146063,0.0113,27.548208236694336,24.05876922607422,0.1513,-0.0593,1.3340,-0.8641,-3.0233
1785240744.229611,0.0835,27.82096290588379,23.82056427001953,0.1514,-0.0680,1.3214,-0.8655,-3.0289
1785240744.393657,0.1640,28.730146408081055,25.45709228515625,0.1589,-0.0556,1.2955,-0.8682,-3.0381
1785240744.398539,0.0049,30.366674423217773,28.00279998779297,0.1711,-0.0402,1.2947,-0.8683,-3.0383
1785240744.488340,0.0898,30.184837341308594,27.82096290588379,0.1701,-0.0402,1.2795,-0.8698,-3.0419
1785240744.656799,0.1685,31.689441680908203,2.8808584213256836,0.1014,-0.4897,1.2624,-0.8701,-3.1244
1785240744.697355,0.0406,34.5703010559082,-25.567617416381836,0.0264,-1.0222,1.2613,-0.8701,-3.1658
1785240744.896990,0.1996,34.2101936340332,-22.32665252685547,0.0348,-0.9610,1.2545,-0.8686,-3.3577
1785240744.901589,0.0046,33.821563720703125,-22.002201080322266,0.0347,-0.9489,1.2544,-0.8685,-3.3620
1785240745.148675,0.2471,34.0301399230957,-22.14659881591797,0.0348,-0.9549,1.2467,-0.8647,-3.5980
1785240745.157640,0.0090,33.8500862121582,-22.14659881591797,0.0343,-0.9518,1.2464,-0.8646,-3.6065
1785240745.226497,0.0689,33.6700325012207,-16.3848819732666,0.0507,-0.8508,1.2434,-0.8629,-3.6651
1785240745.404315,0.1778,32.87419509887695,25.344350814819336,0.1707,-0.1280,1.2174,-0.8471,-3.6879
1785240745.425974,0.0217,33.4899787902832,23.58702850341797,0.1674,-0.1683,1.2143,-0.8452,-3.6915
1785240745.656651,0.2307,33.6700325012207,23.4069766998291,0.1674,-0.1745,1.1823,-0.8237,-3.7317
1785240745.685295,0.0286,33.69975280761719,23.8929443359375,0.1689,-0.1667,1.1783,-0.8210,-3.7365
1785240745.905467,0.2202,32.7697639465332,23.94713592529297,0.1663,-0.1500,1.1486,-0.7995,-3.7695
1785240745.908246,0.0028,32.4096565246582,27.548208236694336,0.1758,-0.0826,1.1482,-0.7992,-3.7698
1785240745.949611,0.0414,32.5897102355957,27.36815643310547,0.1758,-0.0888,1.1424,-0.7949,-3.7734
1785240746.148224,0.1986,32.912384033203125,27.275455474853516,0.1765,-0.0958,1.1145,-0.7737,-3.7925
1785240746.151357,0.0031,32.13957595825195,28.833791732788086,0.1788,-0.0562,1.1140,-0.7733,-3.7926
1785240746.235711,0.0844,32.22960662841797,28.988637924194336,0.1795,-0.0551,1.1020,-0.7641,-3.7973
1785240746.714372,0.4787,32.22960662841797,28.988637924194336,0.1795,-0.0551,1.0353,-0.7099,-3.8237
1785240747.230791,0.5164,32.36687469482422,29.275653839111328,0.1807,-0.0525,0.9645,-0.6492,-3.8508
1785240747.231062,0.0003,32.22960662841797,29.168691635131836,0.1800,-0.0520,0.9645,-0.6491,-3.8508
1785240747.231111,0.0000,32.22960662841797,28.80858612060547,0.1790,-0.0582,0.9645,-0.6491,-3.8508
1785240747.232008,0.0009,28.08837127685547,25.20751190185547,0.1563,-0.0490,0.9643,-0.6490,-3.8509
1785240747.399198,0.1672,0.9091818928718567,1.0910181999206543,0.0059,0.0031,0.9636,-0.6484,-3.8503
1785240747.852101,0.4529,-0.0,-0.0,-0.0000,0.0000,0.9636,-0.6484,-3.8503
1785240747.854650,0.0025,1.6528925895690918,-1.1019283533096313,0.0016,-0.0468,0.9636,-0.6484,-3.8505
1785240747.904564,0.0499,34.0301399230957,31.869497299194336,0.1932,-0.0367,0.9563,-0.6421,-3.8523
1785240747.930309,0.0257,33.821563720703125,31.457691192626953,0.1914,-0.0402,0.9526,-0.6389,-3.8533
1785240747.972051,0.0417,33.8500862121582,31.149282455444336,0.1906,-0.0459,0.9465,-0.6337,-3.8552
1785240748.011503,0.0395,33.6700325012207,30.789175033569336,0.1890,-0.0490,0.9409,-0.6288,-3.8572
1785240748.068743,0.0572,33.821563720703125,30.912181854248047,0.1898,-0.0495,0.9327,-0.6216,-3.8600
1785240748.071286,0.0025,33.457889556884766,31.639528274536133,0.1909,-0.0309,0.9324,-0.6213,-3.8601
1785240748.140700,0.0694,33.6700325012207,30.969226837158203,0.1895,-0.0459,0.9225,-0.6126,-3.8633
1785240748.154779,0.0141,33.3099250793457,31.509389877319336,0.1901,-0.0306,0.9205,-0.6108,-3.8637
1785240748.192833,0.0381,23.093217849731445,21.820363998413086,0.1317,-0.0216,0.9167,-0.6075,-3.8645
1785240748.217038,0.0242,-0.0,0.18183636665344238,0.0005,0.0031,0.9167,-0.6075,-3.8645
1785240748.456754,0.2397,-0.0,-0.0,-0.0000,0.0000,0.9167,-0.6075,-3.8645
1785240748.750174,0.2934,-0.0,-0.0,-0.0000,0.0000,0.9167,-0.6075,-3.8645
1785240748.753073,0.0029,-0.0,-0.0,-0.0000,0.0000,0.9167,-0.6075,-3.8645
1785240748.824398,0.0713,-0.0,-0.0,-0.0000,0.0000,0.9167,-0.6075,-3.8645
1785240748.833959,0.0096,-0.0,-0.0,-0.0000,0.0000,0.9167,-0.6075,-3.8645
1785240748.997325,0.1634,-0.0,-0.0,-0.0000,0.0000,0.9167,-0.6075,-3.8645
1785240749.030987,0.0337,-0.0,-0.0,-0.0000,0.0000,0.9167,-0.6075,-3.8645
1785240749.071379,0.0404,-0.0,-0.0,-0.0000,0.0000,0.9167,-0.6075,-3.8645
1785240749.252346,0.1810,-0.0,-0.0,-0.0000,0.0000,0.9167,-0.6075,-3.8645
1785240749.273937,0.0216,4.141233921051025,-0.0,0.0121,-0.0704,0.9165,-0.6073,-3.8660
1785240749.290451,0.0165,30.366674423217773,-0.0,0.0890,-0.5162,0.9154,-0.6064,-3.8745
1785240749.299090,0.0086,28.730146408081055,-0.0,0.0842,-0.4884,0.9149,-0.6059,-3.8787
1785240749.379168,0.0801,29.168691635131836,-0.0,0.0855,-0.4958,0.9100,-0.6011,-3.9184
1785240749.461902,0.0827,33.3099250793457,-0.0,0.0977,-0.5662,0.9045,-0.5951,-3.9653
1785240749.564778,0.1029,32.7697639465332,-0.0,0.0961,-0.5570,0.8982,-0.5875,-4.0226
1785240749.663691,0.0989,32.73054504394531,-0.0,0.0960,-0.5564,0.8926,-0.5799,-4.0776
1785240749.765818,0.1021,32.5897102355957,-0.0,0.0956,-0.5540,0.8873,-0.5717,-4.1342
1785240749.868460,0.1026,32.548709869384766,-0.0,0.0954,-0.5533,0.8824,-0.5632,-4.1910
1785240749.982691,0.1142,32.5897102355957,-0.0,0.0956,-0.5540,0.8776,-0.5534,-4.2542
1785240750.075333,0.0926,32.4096565246582,-0.0,0.0950,-0.5509,0.8741,-0.5453,-4.3053
1785240750.174330,0.0990,34.2101936340332,-0.0,0.1003,-0.5815,0.8707,-0.5360,-4.3628
1785240750.276136,0.1018,34.5703010559082,-0.0,0.1014,-0.5876,0.8677,-0.5261,-4.4227
1785240750.384718,0.1086,34.5703010559082,-0.0,0.1014,-0.5876,0.8653,-0.5154,-4.4865
1785240750.483171,0.0985,35.2905158996582,-0.0,0.1035,-0.5999,0.8636,-0.5053,-4.5455
1785240750.580315,0.0971,35.63992691040039,-0.0,0.1045,-0.6058,0.8625,-0.4952,-4.6044
1785240750.683102,0.1028,36.00360107421875,-0.0,0.1056,-0.6120,0.8620,-0.4844,-4.6673
1785240750.783756,0.1007,35.2617073059082,-0.0,0.1034,-0.5994,0.8621,-0.4740,-4.7276
1785240750.882746,0.0990,35.6506233215332,-0.0,0.1045,-0.6060,0.8629,-0.4637,-4.7876
1785240750.984910,0.1022,36.1907844543457,-0.0,0.1061,-0.6152,0.8644,-0.4529,-4.8504
1785240751.277235,0.2923,12.243648529052734,-0.0,0.0359,-0.2081,0.8665,-0.4427,-4.9113
1785240751.280390,0.0032,-0.0,-0.0,-0.0000,0.0000,0.8665,-0.4427,-4.9113
1785240751.293395,0.0130,-0.0,-0.0,-0.0000,0.0000,0.8665,-0.4427,-4.9113
1785240751.528036,0.2346,-0.0,-0.0,-0.0000,0.0000,0.8665,-0.4427,-4.9113
1785240751.546911,0.0189,-0.0,-0.0,-0.0000,0.0000,0.8665,-0.4427,-4.9113
1785240751.596322,0.0494,-0.0,-0.0,-0.0000,0.0000,0.8665,-0.4427,-4.9113
1785240752.027601,0.4313,-0.0,-0.0,-0.0000,0.0000,0.8665,-0.4427,-4.9113
1785240752.027654,0.0001,-0.0,-0.0,-0.0000,0.0000,0.8665,-0.4427,-4.9113
1785240752.282071,0.2544,-0.0,-0.0,-0.0000,0.0000,0.8665,-0.4427,-4.9113
1785240752.283469,0.0014,-0.0,-0.0,-0.0000,0.0000,0.8665,-0.4427,-4.9113
1785240752.308070,0.0246,-0.0,-0.0,-0.0000,0.0000,0.8665,-0.4427,-4.9113
1785240752.338048,0.0300,-0.0,-0.0,-0.0000,0.0000,0.8665,-0.4427,-4.9113
1785240752.339355,0.0013,-0.0,-0.0,-0.0000,0.0000,0.8665,-0.4427,-4.9113
1785240752.536859,0.1975,-0.0,-0.0,-0.0000,0.0000,0.8665,-0.4427,-4.9113
1785240752.587582,0.0507,-0.0,-0.0,-0.0000,0.0000,0.8665,-0.4427,-4.9113
1785240752.802302,0.2147,-0.0,-0.0,-0.0000,0.0000,0.8665,-0.4427,-4.9113
1785240752.856308,0.0540,-0.0,-0.0,-0.0000,0.0000,0.8665,-0.4427,-4.9113
1785240752.880968,0.0247,-0.0,-0.0,-0.0000,0.0000,0.8665,-0.4427,-4.9113
1785240753.043880,0.1629,-0.0,-0.0,-0.0000,0.0000,0.8665,-0.4427,-4.9113
1785240753.045223,0.0013,-0.0,-0.0,-0.0000,0.0000,0.8665,-0.4427,-4.9113
1785240753.297531,0.2523,-0.0,-0.0,-0.0000,0.0000,0.8665,-0.4427,-4.9113
1785240753.298509,0.0010,-0.0,-0.0,-0.0000,0.0000,0.8665,-0.4427,-4.9113
1785240753.334419,0.0359,-0.0,-0.0,-0.0000,0.0000,0.8665,-0.4427,-4.9113
1785240754.823433,1.4890,-0.0,-0.0,-0.0000,0.0000,0.8665,-0.4427,-4.9113
1785240754.823498,0.0001,-0.0,-0.0,-0.0000,0.0000,0.8665,-0.4427,-4.9113
1785240754.823509,0.0000,-0.0,-0.0,-0.0000,0.0000,0.8665,-0.4427,-4.9113
1785240754.823621,0.0001,-0.0,-0.0,-0.0000,0.0000,0.8665,-0.4427,-4.9113
1785240754.823647,0.0000,-0.0,-0.0,-0.0000,0.0000,0.8665,-0.4427,-4.9113
1785240754.823754,0.0001,-0.0,-0.0,-0.0000,0.0000,0.8665,-0.4427,-4.9113
1785240754.823779,0.0000,-0.0,-0.0,-0.0000,0.0000,0.8665,-0.4427,-4.9113
1785240754.830261,0.0065,-0.0,-0.0,-0.0000,0.0000,0.8665,-0.4427,-4.9113
1785240754.869704,0.0394,-0.0,-0.0,-0.0000,0.0000,0.8665,-0.4427,-4.9113
1785240754.888776,0.0191,-0.0,-0.0,-0.0000,0.0000,0.8665,-0.4427,-4.9113
1785240755.058152,0.1694,-0.0,-0.0,-0.0000,0.0000,0.8665,-0.4427,-4.9113
1785240755.088249,0.0301,-0.0,-0.0,-0.0000,0.0000,0.8665,-0.4427,-4.9113
1785240755.129006,0.0408,-0.0,-0.0,-0.0000,0.0000,0.8665,-0.4427,-4.9113
1785240755.129095,0.0001,-0.0,-0.0,-0.0000,0.0000,0.8665,-0.4427,-4.9113
1785240755.129128,0.0000,-0.0,-0.0,-0.0000,0.0000,0.8665,-0.4427,-4.9113
1785240755.129149,0.0000,-0.0,-0.0,-0.0000,0.0000,0.8665,-0.4427,-4.9113
1785240755.129168,0.0000,-0.0,-0.0,-0.0000,0.0000,0.8665,-0.4427,-4.9113
1785240755.306359,0.1772,-0.0,-0.0,-0.0000,0.0000,0.8665,-0.4427,-4.9113
1785240755.308234,0.0019,-0.0,-0.0,-0.0000,0.0000,0.8665,-0.4427,-4.9113
1785240755.355925,0.0477,-0.0,-0.0,-0.0000,0.0000,0.8665,-0.4427,-4.9113
1785240755.549837,0.1939,-0.0,-0.0,-0.0000,0.0000,0.8665,-0.4427,-4.9113
1785240755.561246,0.0114,-0.0,-0.0,-0.0000,0.0000,0.8665,-0.4427,-4.9113
1785240755.802583,0.2413,-0.0,-0.0,-0.0000,0.0000,0.8665,-0.4427,-4.9113
1785240755.831427,0.0288,-0.0,-0.0,-0.0000,0.0000,0.8665,-0.4427,-4.9113
1785240755.867504,0.0361,-0.0,-0.0,-0.0000,0.0000,0.8665,-0.4427,-4.9113
1785240756.065848,0.1983,-0.0,-0.0,-0.0000,0.0000,0.8665,-0.4427,-4.9113
1785240756.086494,0.0206,-0.0,-0.0,-0.0000,0.0000,0.8665,-0.4427,-4.9113
1785240756.170422,0.0839,-0.0,-0.0,-0.0000,0.0000,0.8665,-0.4427,-4.9113
1785240756.272349,0.1019,-0.0,-0.0,-0.0000,0.0000,0.8665,-0.4427,-4.9113
1785240756.374149,0.1018,-0.0,-0.0,-0.0000,0.0000,0.8665,-0.4427,-4.9113
1785240756.474387,0.1002,-0.0,-0.0,-0.0000,0.0000,0.8665,-0.4427,-4.9113
1785240756.576083,0.1017,-0.0,-0.0,-0.0000,0.0000,0.8665,-0.4427,-4.9113
1785240756.677843,0.1018,-0.0,-0.0,-0.0000,0.0000,0.8665,-0.4427,-4.9113
1785240756.788784,0.1109,-0.0,-0.0,-0.0000,0.0000,0.8665,-0.4427,-4.9113
1785240756.885542,0.0968,-0.0,-0.0,-0.0000,0.0000,0.8665,-0.4427,-4.9113
1785240756.987164,0.1016,-0.0,-0.0,-0.0000,0.0000,0.8665,-0.4427,-4.9113
1785240757.085721,0.0986,-0.0,-0.0,-0.0000,0.0000,0.8665,-0.4427,-4.9113
1785240757.188602,0.1029,-0.0,-0.0,-0.0000,0.0000,0.8665,-0.4427,-4.9113
1785240757.292842,0.1042,-0.0,-0.0,-0.0000,0.0000,0.8665,-0.4427,-4.9113
1785240757.389338,0.0965,-0.0,-0.0,-0.0000,0.0000,0.8665,-0.4427,-4.9113
1785240757.635161,0.2458,-0.0,-0.0,-0.0000,0.0000,0.8665,-0.4427,-4.9113
1785240757.643247,0.0081,-0.0,-0.0,-0.0000,0.0000,0.8665,-0.4427,-4.9113
1785240757.695209,0.0520,-0.0,-0.0,-0.0000,0.0000,0.8665,-0.4427,-4.9113
1785240757.906194,0.2110,-0.0,-0.0,-0.0000,0.0000,0.8665,-0.4427,-4.9113
1785240757.931249,0.0251,-0.0,-0.0,-0.0000,0.0000,0.8665,-0.4427,-4.9113
1785240758.136325,0.2051,-0.0,-0.0,-0.0000,0.0000,0.8665,-0.4427,-4.9113
1785240758.152172,0.0158,-0.0,-0.0,-0.0000,0.0000,0.8665,-0.4427,-4.9113
1785240758.205087,0.0529,-0.0,-0.0,-0.0000,0.0000,0.8665,-0.4427,-4.9113
1785240758.390924,0.1858,-0.0,-0.0,-0.0000,0.0000,0.8665,-0.4427,-4.9113
1785240758.431577,0.0407,-0.0,-0.0,-0.0000,0.0000,0.8665,-0.4427,-4.9113
1785240758.655517,0.2239,-0.0,-0.0,-0.0000,0.0000,0.8665,-0.4427,-4.9113
1785240758.656933,0.0014,-0.0,-0.0,-0.0000,0.0000,0.8665,-0.4427,-4.9113
1785240758.715390,0.0585,-0.0,-0.0,-0.0000,0.0000,0.8665,-0.4427,-4.9113
1785240758.914624,0.1992,-0.0,-0.0,-0.0000,0.0000,0.8665,-0.4427,-4.9113
1785240758.940158,0.0255,-0.0,-0.0,-0.0000,0.0000,0.8665,-0.4427,-4.9113
1785240759.148541,0.2084,-0.0,-0.0,-0.0000,0.0000,0.8665,-0.4427,-4.9113
1785240759.169803,0.0213,-0.0,-0.0,-0.0000,0.0000,0.8665,-0.4427,-4.9113
1785240759.228623,0.0588,-0.0,-0.0,-0.0000,0.0000,0.8665,-0.4427,-4.9113
1785240759.401240,0.1726,-0.0,-0.0,-0.0000,0.0000,0.8665,-0.4427,-4.9113
1785240759.426762,0.0255,-0.0,-0.0,-0.0000,0.0000,0.8665,-0.4427,-4.9113
1785240759.650239,0.2235,-0.0,-0.0,-0.0000,0.0000,0.8665,-0.4427,-4.9113
1785240759.652128,0.0019,-0.0,-0.0,-0.0000,0.0000,0.8665,-0.4427,-4.9113
1785240759.731005,0.0789,-0.0,-0.0,-0.0000,0.0000,0.8665,-0.4427,-4.9113
1785240759.929243,0.1982,-0.0,-0.0,-0.0000,0.0000,0.8665,-0.4427,-4.9113
1785240759.942255,0.0130,-0.0,-0.0,-0.0000,0.0000,0.8665,-0.4427,-4.9113
1785240760.152397,0.2101,-0.0,-0.0,-0.0000,0.0000,0.8665,-0.4427,-4.9113
1785240760.169656,0.0173,-0.0,-0.0,-0.0000,0.0000,0.8665,-0.4427,-4.9113
1785240760.238460,0.0688,-0.0,-0.0,-0.0000,0.0000,0.8665,-0.4427,-4.9113
1785240760.408492,0.1700,-0.0,-0.0,-0.0000,0.0000,0.8665,-0.4427,-4.9113
1785240760.440787,0.0323,-0.0,-0.0,-0.0000,0.0000,0.8665,-0.4427,-4.9113
1785240760.652480,0.2117,-0.0,-0.0,-0.0000,0.0000,0.8665,-0.4427,-4.9113
1785240760.662266,0.0098,-0.0,-0.0,-0.0000,0.0000,0.8665,-0.4427,-4.9113
1785240760.751550,0.0893,-0.0,-0.0,-0.0000,0.0000,0.8665,-0.4427,-4.9113
1785240760.933073,0.1815,-0.0,-0.0,-0.0000,0.0000,0.8665,-0.4427,-4.9113
1785240760.948930,0.0159,-0.0,-0.0,-0.0000,0.0000,0.8665,-0.4427,-4.9113
1785240761.156570,0.2076,-0.0,-0.0,-0.0000,0.0000,0.8665,-0.4427,-4.9113
1785240761.171469,0.0149,-0.0,-0.0,-0.0000,0.0000,0.8665,-0.4427,-4.9113
1785240761.419740,0.2483,-0.0,-0.0,-0.0000,0.0000,0.8665,-0.4427,-4.9113
1785240761.424849,0.0051,-0.0,-0.0,-0.0000,0.0000,0.8665,-0.4427,-4.9113
1785240761.455279,0.0304,-0.0,-0.0,-0.0000,0.0000,0.8665,-0.4427,-4.9113
1785240761.659200,0.2039,-0.0,-0.0,-0.0000,0.0000,0.8665,-0.4427,-4.9113
1785240761.671762,0.0126,-0.0,-0.0,-0.0000,0.0000,0.8665,-0.4427,-4.9113
1785240761.900053,0.2283,-0.0,-0.0,-0.0000,0.0000,0.8665,-0.4427,-4.9113
1785240761.924727,0.0247,-0.0,-0.0,-0.0000,0.0000,0.8665,-0.4427,-4.9113
1785240761.967043,0.0423,-0.0,-0.0,-0.0000,0.0000,0.8665,-0.4427,-4.9113
1785240762.150356,0.1833,-0.0,-0.0,-0.0000,0.0000,0.8665,-0.4427,-4.9113
1785240762.170435,0.0201,-0.0,-0.0,-0.0000,0.0000,0.8665,-0.4427,-4.9113
1785240762.398594,0.2282,-0.0,-0.0,-0.0000,0.0000,0.8665,-0.4427,-4.9113
1785240762.400392,0.0018,-0.0,-0.0,-0.0000,0.0000,0.8665,-0.4427,-4.9113
1785240762.470475,0.0701,-0.0,-0.0,-0.0000,0.0000,0.8665,-0.4427,-4.9113
1785240762.574790,0.1043,-0.0,-0.0,-0.0000,0.0000,0.8665,-0.4427,-4.9113
1785240762.675303,0.1005,-0.0,-0.0,-0.0000,0.0000,0.8665,-0.4427,-4.9113
1785240762.776989,0.1017,15.484613418579102,11.34338092803955,0.0787,-0.0704,0.8681,-0.4348,-4.9184
1785240762.885149,0.1082,34.9304084777832,33.3099250793457,0.2001,-0.0275,0.8726,-0.4137,-4.9214
1785240762.982375,0.0972,33.8500862121582,31.689441680908203,0.1922,-0.0367,0.8765,-0.3954,-4.9250
1785240763.083035,0.1007,33.6700325012207,31.509389877319336,0.1911,-0.0367,0.8807,-0.3766,-4.9287
1785240763.184728,0.1017,33.6700325012207,31.329336166381836,0.1906,-0.0398,0.8849,-0.3577,-4.9327
1785240763.291115,0.1064,33.457889556884766,31.457691192626953,0.1903,-0.0340,0.8894,-0.3379,-4.9364
1785240763.386368,0.0953,33.457889556884766,31.457691192626953,0.1903,-0.0340,0.8935,-0.3203,-4.9396
1785240763.489014,0.1026,33.4899787902832,31.329336166381836,0.1901,-0.0367,0.8980,-0.3013,-4.9434
1785240763.594337,0.1053,33.457889556884766,31.275854110717773,0.1898,-0.0371,0.9026,-0.2818,-4.9473
1785240763.898782,0.3044,33.24150466918945,31.588611602783203,0.1901,-0.0281,0.9166,-0.2257,-4.9558
1785240763.898850,0.0001,33.27605438232422,31.457691192626953,0.1898,-0.0309,0.9166,-0.2257,-4.9558
1785240763.930054,0.0312,33.09421920776367,31.457691192626953,0.1893,-0.0278,0.9180,-0.2199,-4.9567
1785240764.024458,0.0944,33.1298713684082,31.329336166381836,0.1890,-0.0306,0.9224,-0.2026,-4.9596
1785240764.095671,0.0712,33.1298713684082,31.509389877319336,0.1895,-0.0275,0.9257,-0.1896,-4.9615
1785240764.201982,0.1063,32.9498176574707,31.149282455444336,0.1879,-0.0306,0.9307,-0.1702,-4.9648
1785240764.298659,0.0967,32.912384033203125,31.275854110717773,0.1882,-0.0278,0.9353,-0.1526,-4.9675
1785240764.400336,0.1017,32.912384033203125,31.094018936157227,0.1877,-0.0309,0.9401,-0.1342,-4.9706
1785240764.502534,0.1022,32.7697639465332,31.149282455444336,0.1874,-0.0275,0.9451,-0.1156,-4.9734
1785240764.603940,0.1014,32.5897102355957,31.329336166381836,0.1874,-0.0214,0.9500,-0.0973,-4.9756
1785240764.707865,0.1039,22.6867618560791,21.78649139404297,0.1304,-0.0153,0.9536,-0.0842,-4.9772
1785240764.809823,0.1020,0.18183636665344238,0.18183636665344238,0.0011,0.0000,0.9536,-0.0841,-4.9772
1785240764.909682,0.0999,-0.0,-0.0,-0.0000,0.0000,0.9536,-0.0841,-4.9772
1785240765.026150,0.1165,-0.0,-0.0,-0.0000,0.0000,0.9536,-0.0841,-4.9772
1785240765.114259,0.0881,-0.0,-0.0,-0.0000,0.0000,0.9536,-0.0841,-4.9772
1785240765.215895,0.1016,-0.0,-0.0,-0.0000,0.0000,0.9536,-0.0841,-4.9772
1785240765.315490,0.0996,17.6452579498291,-16.3848819732666,0.0037,-0.5784,0.9537,-0.0838,-5.0348
1785240765.417117,0.1016,40.33201599121094,-38.3514289855957,0.0058,-1.3375,0.9540,-0.0832,-5.1707
1785240765.520149,0.1030,38.3514289855957,-36.0107307434082,0.0069,-1.2640,0.9544,-0.0826,-5.3010
1785240765.628528,0.1084,38.41585159301758,-36.2254753112793,0.0064,-1.2688,0.9548,-0.0821,-5.4385
1785240765.730186,0.1017,35.6506233215332,-33.4899787902832,0.0063,-1.1753,0.9553,-0.0817,-5.5580
1785240765.831887,0.1017,1.8005366325378418,-1.9805901050567627,-0.0005,-0.0643,0.9553,-0.0817,-5.5645
1785240765.940170,0.1083,-0.0,-0.0,-0.0000,0.0000,0.9553,-0.0817,-5.5645
1785240766.036028,0.0959,-0.0,-0.0,-0.0000,0.0000,0.9553,-0.0817,-5.5645
1785240766.262364,0.2263,-0.0,-0.0,-0.0000,0.0000,0.9553,-0.0817,-5.5645
1785240766.283791,0.0214,-0.0,-0.0,-0.0000,0.0000,0.9553,-0.0817,-5.5645
1785240766.341001,0.0572,-0.0,-0.0,-0.0000,0.0000,0.9553,-0.0817,-5.5645
1785240766.515601,0.1746,-0.0,-0.0,-0.0000,0.0000,0.9553,-0.0817,-5.5645
1785240766.543656,0.0281,-0.0,-0.0,-0.0000,0.0000,0.9553,-0.0817,-5.5645
1785240766.763862,0.2202,-0.0,-0.0,-0.0000,0.0000,0.9553,-0.0817,-5.5645
1785240766.764975,0.0011,-0.0,-0.0,-0.0000,0.0000,0.9553,-0.0817,-5.5645
1785240766.850169,0.0852,19.092819213867188,-18.001800537109375,0.0032,-0.6305,0.9555,-0.0816,-5.6182
1785240767.015286,0.1651,39.9719123840332,-37.8112678527832,0.0063,-1.3222,0.9564,-0.0811,-5.8365
1785240767.051217,0.0359,37.821964263916016,-36.1854362487793,0.0048,-1.2580,0.9566,-0.0810,-5.8817
1785240767.249410,0.1982,4.364072799682617,-4.364072799682617,0.0000,-0.1484,0.9566,-0.0810,-5.9111
1785240767.259603,0.0102,-0.0,-0.0,-0.0000,0.0000,0.9566,-0.0810,-5.9111
1785240767.504185,0.2446,-0.0,-0.0,-0.0000,0.0000,0.9566,-0.0810,-5.9111
1785240767.506273,0.0021,-0.0,-0.0,-0.0000,0.0000,0.9566,-0.0810,-5.9111
1785240767.560066,0.0538,-0.0,-0.0,-0.0000,0.0000,0.9566,-0.0810,-5.9111
1785240767.760161,0.2001,-0.0,-0.0,-0.0000,0.0000,0.9566,-0.0810,-5.9111
1785240767.790146,0.0300,-0.0,-0.0,-0.0000,0.0000,0.9566,-0.0810,-5.9111
1785240768.008749,0.2186,10.651973724365234,-9.917354583740234,0.0022,-0.3496,0.9571,-0.0809,-5.9876
1785240768.035397,0.0266,40.15196228027344,-37.9913215637207,0.0063,-1.3283,0.9572,-0.0809,-6.0230
1785240768.068604,0.0332,33.6700325012207,-31.869497299194336,0.0053,-1.1140,0.9574,-0.0808,-6.0599
1785240768.263306,0.1947,0.9002683162689209,-0.9002683162689209,0.0000,-0.0306,0.9574,-0.0808,-6.0659
1785240768.289794,0.0265,-0.0,-0.0,-0.0000,0.0000,0.9574,-0.0808,-6.0659
1785240768.528340,0.2385,-0.0,-0.0,-0.0000,0.0000,0.9574,-0.0808,-6.0659
1785240768.530003,0.0017,-0.0,-0.0,-0.0000,0.0000,0.9574,-0.0808,-6.0659
1785240768.569325,0.0393,-0.0,-0.0,-0.0000,0.0000,0.9574,-0.0808,-6.0659
1785240768.765945,0.1966,29.708852767944336,-27.908315658569336,0.0053,-0.9794,0.9584,-0.0808,-6.2585
1785240768.780992,0.0150,39.07164001464844,-37.45115661621094,0.0048,-1.3007,0.9585,-0.0808,-6.2780
1785240769.014431,0.2334,38.01652908325195,-36.3636360168457,0.0048,-1.2643,0.9596,-0.0811,-6.5732
1785240769.015849,0.0014,38.1713752746582,-36.1907844543457,0.0058,-1.2640,0.9596,-0.0811,-6.5750
1785240769.082628,0.0668,37.9913215637207,-36.1907844543457,0.0053,-1.2609,0.9599,-0.0813,-6.6592
1785240769.268366,0.1857,38.1713752746582,-36.5508918762207,0.0048,-1.2701,0.9606,-0.0818,-6.8951
1785240769.289700,0.0213,37.9913215637207,-36.1907844543457,0.0053,-1.2609,0.9607,-0.0818,-6.9220
1785240769.517225,0.2275,37.8328742980957,-36.3636360168457,0.0043,-1.2612,0.9613,-0.0826,-7.2089
1785240769.518242,0.0010,37.9913215637207,-36.3708381652832,0.0048,-1.2640,0.9613,-0.0826,-7.2102
1785240769.586390,0.0681,38.1713752746582,-36.1907844543457,0.0058,-1.2640,0.9615,-0.0830,-7.2964
1785240769.769651,0.1833,37.821964263916016,-36.00360107421875,0.0053,-1.2549,0.9618,-0.0839,-7.5263
1785240769.795080,0.0254,37.9913215637207,-35.8306770324707,0.0063,-1.2548,0.9619,-0.0840,-7.5582
1785240770.016423,0.2213,13.143916130065918,-12.423701286315918,0.0021,-0.4346,0.9620,-0.0845,-7.6544
1785240770.017403,0.0010,-0.0,-0.0,-0.0000,0.0000,0.9620,-0.0845,-7.6544
1785240770.104200,0.0868,-0.0,-0.0,-0.0000,0.0000,0.9620,-0.0845,-7.6544
1785240770.283972,0.1798,-0.0,-0.0,-0.0000,0.0000,0.9620,-0.0845,-7.6544
1785240770.326190,0.0422,-0.0,-0.0,-0.0000,0.0000,0.9620,-0.0845,-7.6544
1785240770.522228,0.1960,-0.0,-0.0,-0.0000,0.0000,0.9620,-0.0845,-7.6544
1785240770.543383,0.0212,-0.0,-0.0,-0.0000,0.0000,0.9620,-0.0845,-7.6544
1785240770.603360,0.0600,10.26305866241455,8.64257526397705,0.0554,-0.0275,0.9626,-0.0877,-7.6561
1785240770.776545,0.1732,34.9304084777832,32.4096565246582,0.1975,-0.0428,0.9691,-0.1213,-7.6635
1785240770.825330,0.0488,33.8500862121582,31.509389877319336,0.1916,-0.0398,0.9709,-0.1305,-7.6655
1785240771.014510,0.1892,33.6700325012207,31.329336166381836,0.1906,-0.0398,0.9774,-0.1660,-7.6730
1785240771.015768,0.0013,33.4899787902832,31.509389877319336,0.1906,-0.0337,0.9774,-0.1662,-7.6730
1785240771.122160,0.1064,33.6700325012207,31.509389877319336,0.1911,-0.0367,0.9810,-0.1862,-7.6769
1785240771.215770,0.0936,33.4899787902832,31.509389877319336,0.1906,-0.0337,0.9841,-0.2038,-7.6801
1785240771.348106,0.1323,33.4899787902832,31.509389877319336,0.1906,-0.0337,0.9883,-0.2287,-7.6845
1785240771.517516,0.1694,33.4899787902832,31.689441680908203,0.1911,-0.0306,0.9936,-0.2606,-7.6897
1785240771.562266,0.0447,33.27605438232422,31.457691192626953,0.1898,-0.0309,0.9950,-0.2690,-7.6911
1785240771.665058,0.1028,33.1298713684082,31.509389877319336,0.1895,-0.0275,0.9981,-0.2882,-7.6939
1785240771.741350,0.0763,33.3099250793457,31.689441680908203,0.1906,-0.0275,1.0004,-0.3026,-7.6960
1785240771.841930,0.1006,32.9498176574707,31.509389877319336,0.1890,-0.0245,1.0033,-0.3214,-7.6985
1785240771.934349,0.0924,33.0578498840332,31.772266387939453,0.1901,-0.0219,1.0060,-0.3387,-7.7005
1785240772.042458,0.1081,32.9498176574707,31.509389877319336,0.1890,-0.0245,1.0091,-0.3589,-7.7032
1785240772.161892,0.1194,32.912384033203125,31.275854110717773,0.1882,-0.0278,1.0124,-0.3812,-7.7065
1785240772.241754,0.0799,32.7697639465332,31.329336166381836,0.1879,-0.0245,1.0146,-0.3960,-7.7084
1785240772.357169,0.1154,32.73054504394531,31.275854110717773,0.1877,-0.0247,1.0176,-0.4174,-7.7113
1785240772.645375,0.2882,32.5897102355957,31.329336166381836,0.1874,-0.0214,1.0250,-0.4710,-7.7175
1785240772.647050,0.0017,3.0609121322631836,35.6506233215332,0.1135,0.5540,1.0250,-0.4711,-7.7165
1785240772.900490,0.2534,-28.268423080444336,49.15464782714844,0.0612,1.3160,1.0321,-0.4850,-7.3830
1785240772.903707,0.0032,6.727945804595947,37.821964263916016,0.1306,0.5285,1.0322,-0.4854,-7.3813
1785240772.965700,0.0620,34.9304084777832,30.249011993408203,0.1911,-0.0796,1.0376,-0.4959,-7.3862
1785240772.981788,0.0161,32.9498176574707,30.969226837158203,0.1874,-0.0337,1.0389,-0.4986,-7.3868
1785240773.173416,0.1916,32.7697639465332,31.149282455444336,0.1874,-0.0275,1.0550,-0.5308,-7.3921
1785240773.207316,0.0339,32.5897102355957,30.969226837158203,0.1864,-0.0275,1.0578,-0.5364,-7.3930
1785240773.393444,0.1861,32.5897102355957,31.149282455444336,0.1869,-0.0245,1.0731,-0.5677,-7.3976
1785240773.395373,0.0019,32.50688552856445,31.037647247314453,0.1863,-0.0250,1.0733,-0.5680,-7.3976
1785240773.451228,0.0559,32.5897102355957,30.969226837158203,0.1864,-0.0275,1.0778,-0.5773,-7.3991
1785240773.646213,0.1950,23.94713592529297,30.789175033569336,0.1605,0.1163,1.0922,-0.6051,-7.3765
1785240773.658325,0.0121,-28.911983489990234,47.82296371459961,0.0554,1.3043,1.0925,-0.6057,-7.3607
1785240773.902014,0.2437,-26.10778045654297,48.07432556152344,0.0644,1.2609,1.1038,-0.6166,-7.0534
1785240773.903369,0.0014,-25.38756561279297,46.99400329589844,0.0634,1.2303,1.1039,-0.6167,-7.0517
1785240773.961644,0.0583,-19.6258487701416,45.1934700012207,0.0750,1.1018,1.1072,-0.6195,-6.9875
1785240774.150631,0.1890,35.07805252075195,28.833791732788086,0.1874,-0.1061,1.1337,-0.6430,-7.0076
1785240774.172176,0.0215,33.3099250793457,30.969226837158203,0.1885,-0.0398,1.1367,-0.6457,-7.0084
1785240774.405171,0.2330,32.7697639465332,30.969226837158203,0.1869,-0.0306,1.1691,-0.6748,-7.0156
1785240774.406960,0.0018,32.7697639465332,30.969226837158203,0.1869,-0.0306,1.1694,-0.6750,-7.0156
1785240774.468229,0.0613,32.5897102355957,31.149282455444336,0.1869,-0.0245,1.1779,-0.6827,-7.0171
1785240774.661066,0.1928,32.7697639465332,31.149282455444336,0.1874,-0.0275,1.2046,-0.7071,-7.0224
1785240774.685472,0.0244,32.5897102355957,30.789175033569336,0.1858,-0.0306,1.2079,-0.7101,-7.0232
1785240774.910378,0.2249,5.221555709838867,34.7503547668457,0.1172,0.5019,1.2293,-0.7256,-6.9103
1785240774.926481,0.0161,34.3902473449707,30.969226837158203,0.1916,-0.0582,1.2318,-0.7274,-6.9112
1785240774.979664,0.0532,32.36687469482422,31.094018936157227,0.1861,-0.0216,1.2398,-0.7332,-6.9124
1785240775.161132,0.1815,32.3232307434082,31.221303939819336,0.1863,-0.0187,1.2670,-0.7532,-6.9158
1785240775.201318,0.0402,32.22960662841797,30.969226837158203,0.1853,-0.0214,1.2730,-0.7576,-6.9166
1785240775.413038,0.2117,32.0495491027832,31.149282455444336,0.1853,-0.0153,1.3046,-0.7809,-6.9199
1785240775.428996,0.0160,32.22960662841797,30.969226837158203,0.1853,-0.0214,1.3070,-0.7827,-6.9202
1785240775.487192,0.0582,32.185035705566406,31.094018936157227,0.1855,-0.0185,1.3156,-0.7891,-6.9213
1785240775.663786,0.1766,31.869497299194336,30.789175033569336,0.1837,-0.0184,1.3416,-0.8085,-6.9245
1785240775.689014,0.0252,32.095001220703125,30.84686279296875,0.1846,-0.0212,1.3454,-0.8113,-6.9251
1785240775.914037,0.2250,32.0495491027832,30.969226837158203,0.1848,-0.0184,1.3786,-0.8364,-6.9292
1785240775.915152,0.0011,-22.50670623779297,42.3126106262207,0.0581,1.1018,1.3786,-0.8364,-6.9280
1785240775.996914,0.0818,-6.000600337982178,40.54950714111328,0.1013,0.7913,1.3856,-0.8409,-6.8633
1785240776.168253,0.1713,34.9304084777832,29.708852767944336,0.1895,-0.0888,1.4124,-0.8592,-6.8785
1785240776.204980,0.0367,32.22960662841797,30.789175033569336,0.1848,-0.0245,1.4181,-0.8630,-6.8794
1785240776.417059,0.2121,32.0495491027832,30.609121322631836,0.1837,-0.0245,1.4502,-0.8850,-6.8846
1785240776.433247,0.0162,31.869497299194336,30.429067611694336,0.1827,-0.0245,1.4526,-0.8867,-6.8850
1785240776.506358,0.0731,31.869497299194336,30.609121322631836,0.1832,-0.0214,1.4637,-0.8943,-6.8865
1785240776.678220,0.1719,-11.570247650146484,38.56748962402344,0.0792,0.8522,1.4759,-0.9003,-6.7401
1785240776.713371,0.0352,-27.908315658569336,48.61448669433594,0.0607,1.3007,1.4778,-0.9011,-6.6944
1785240776.916555,0.2032,-25.92772674560547,46.99400329589844,0.0618,1.2395,1.4902,-0.9031,-6.4425
1785240776.922312,0.0058,-25.567617416381836,46.99400329589844,0.0628,1.2334,1.4906,-0.9032,-6.4354
1785240777.227051,0.3047,-25.74767303466797,47.17405700683594,0.0628,1.2395,1.5092,-0.8989,-6.0577
1785240777.227929,0.0009,-25.20751190185547,47.35411071777344,0.0649,1.2334,1.5093,-0.8989,-6.0566
1785240777.424779,0.1968,-25.20751190185547,47.53416442871094,0.0655,1.2365,1.5208,-0.8931,-5.8132
1785240777.425098,0.0003,-25.20751190185547,47.53416442871094,0.0655,1.2365,1.5208,-0.8930,-5.8128
1785240777.433753,0.0087,-25.02745819091797,47.53416442871094,0.0660,1.2334,1.5213,-0.8928,-5.8021
1785240777.522220,0.0885,-24.729745864868164,47.82296371459961,0.0677,1.2333,1.5263,-0.8894,-5.6930
1785240777.623175,0.1010,-24.793386459350586,47.75022888183594,0.0673,1.2331,1.5314,-0.8850,-5.5685
1785240777.725105,0.1019,-24.547908782958984,47.82296371459961,0.0682,1.2302,1.5360,-0.8798,-5.4431
1785240777.824727,0.0996,-24.127187728881836,47.89427185058594,0.0697,1.2242,1.5400,-0.8741,-5.3212
1785240777.926847,0.1021,-23.94713592529297,48.25437545776367,0.0713,1.2273,1.5434,-0.8677,-5.1959
1785240778.029340,0.1025,-24.366071701049805,48.73214340209961,0.0714,1.2425,1.5460,-0.8608,-5.0685
1785240778.129430,0.1001,-23.50780487060547,47.93387985229492,0.0716,1.2144,1.5476,-0.8538,-4.9470
1785240778.234476,0.1050,-4.775022506713867,40.7713508605957,0.1055,0.7742,1.5493,-0.8429,-4.8656
1785240778.331459,0.0970,36.7309455871582,31.149282455444336,0.1990,-0.0949,1.5524,-0.8238,-4.8748
1785240778.437231,0.1058,33.8500862121582,32.22960662841797,0.1938,-0.0275,1.5558,-0.8036,-4.8777
1785240778.543915,0.1067,33.7924690246582,32.3232307434082,0.1939,-0.0250,1.5593,-0.7832,-4.8804
1785240778.635236,0.0913,33.6700325012207,32.22960662841797,0.1932,-0.0245,1.5623,-0.7658,-4.8826
1785240778.733302,0.0981,33.60881423950195,32.13957595825195,0.1928,-0.0250,1.5655,-0.7472,-4.8851
1785240778.835720,0.1024,33.6700325012207,31.869497299194336,0.1922,-0.0306,1.5689,-0.7278,-4.8882
1785240778.937656,0.1019,33.4899787902832,32.0495491027832,0.1922,-0.0245,1.5724,-0.7086,-4.8907
1785240779.039732,0.1021,33.4899787902832,32.0495491027832,0.1922,-0.0245,1.5760,-0.6893,-4.8932
1785240779.142214,0.1025,33.3099250793457,32.22960662841797,0.1922,-0.0184,1.5795,-0.6699,-4.8951
1785240779.244209,0.1020,33.3099250793457,31.869497299194336,0.1911,-0.0245,1.5831,-0.6507,-4.8976
1785240779.351281,0.1071,33.3099250793457,32.0495491027832,0.1916,-0.0214,1.5869,-0.6306,-4.8999
1785240779.467434,0.1162,33.1298713684082,32.0495491027832,0.1911,-0.0184,1.5911,-0.6088,-4.9020
1785240779.547417,0.0800,32.87419509887695,31.955923080444336,0.1901,-0.0156,1.5940,-0.5938,-4.9033
1785240779.648677,0.1013,33.09421920776367,32.185035705566406,0.1914,-0.0155,1.5977,-0.5748,-4.9048
1785240779.748578,0.0999,18.7327823638916,18.3654727935791,0.1088,-0.0062,1.5998,-0.5642,-4.9055
1785240779.850828,0.1023,0.18005365133285522,0.18005365133285522,0.0011,0.0000,1.5998,-0.5640,-4.9055
1785240779.953373,0.1025,-0.0,-0.0,-0.0000,0.0000,1.5998,-0.5640,-4.9055
1785240780.055071,0.1017,-0.0,-0.0,-0.0000,0.0000,1.5998,-0.5640,-4.9055
1785240780.157120,0.1020,-0.0,-0.0,-0.0000,0.0000,1.5998,-0.5640,-4.9055
1785240780.257531,0.1004,-0.0,-0.0,-0.0000,0.0000,1.5998,-0.5640,-4.9055
1785240780.365365,0.1078,-0.0,-0.0,-0.0000,0.0000,1.5998,-0.5640,-4.9055
1785240780.462883,0.0975,-0.0,-0.0,-0.0000,0.0000,1.5998,-0.5640,-4.9055
1785240780.564637,0.1018,-0.0,-0.0,-0.0000,0.0000,1.5998,-0.5640,-4.9055
1785240780.665084,0.1004,-0.0,-0.0,-0.0000,0.0000,1.5998,-0.5640,-4.9055
1785240780.766034,0.1009,-0.0,-0.0,-0.0000,0.0000,1.5998,-0.5640,-4.9055
1785240780.868809,0.1028,-0.0,-0.0,-0.0000,0.0000,1.5998,-0.5640,-4.9055
1785240780.970619,0.1018,-0.0,-0.0,-0.0000,0.0000,1.5998,-0.5640,-4.9055
1785240781.071497,0.1009,-0.0,-0.0,-0.0000,0.0000,1.5998,-0.5640,-4.9055
1785240781.262652,0.1912,-0.0,-0.0,-0.0000,0.0000,1.5998,-0.5640,-4.9055
1785240781.284595,0.0219,-0.0,-0.0,-0.0000,0.0000,1.5998,-0.5640,-4.9055
1785240781.513310,0.2287,-0.0,-0.0,-0.0000,0.0000,1.5998,-0.5640,-4.9055
1785240781.515110,0.0018,-0.0,-0.0,-0.0000,0.0000,1.5998,-0.5640,-4.9055
1785240781.578616,0.0635,-0.0,-0.0,-0.0000,0.0000,1.5998,-0.5640,-4.9055
1785240781.760387,0.1818,-0.0,-0.0,-0.0000,0.0000,1.5998,-0.5640,-4.9055
1785240781.783215,0.0228,-0.0,-0.0,-0.0000,0.0000,1.5998,-0.5640,-4.9055
1785240781.999367,0.2162,-0.0,-0.0,-0.0000,0.0000,1.5998,-0.5640,-4.9055
1785240782.001112,0.0017,-0.0,-0.0,-0.0000,0.0000,1.5998,-0.5640,-4.9055
1785240782.084616,0.0835,-0.0,-0.0,-0.0000,0.0000,1.5998,-0.5640,-4.9055
1785240782.245199,0.1606,-0.0,-0.0,-0.0000,0.0000,1.5998,-0.5640,-4.9055
1785240782.285353,0.0402,-0.0,-0.0,-0.0000,0.0000,1.5998,-0.5640,-4.9055
1785240782.497771,0.2124,-0.0,-0.0,-0.0000,0.0000,1.5998,-0.5640,-4.9055
1785240782.502082,0.0043,-0.0,-0.0,-0.0000,0.0000,1.5998,-0.5640,-4.9055
1785240782.590796,0.0887,-0.0,-0.0,-0.0000,0.0000,1.5998,-0.5640,-4.9055
1785240782.752513,0.1617,-0.0,-0.0,-0.0000,0.0000,1.5998,-0.5640,-4.9055
1785240782.792588,0.0401,-0.0,-0.0,-0.0000,0.0000,1.5998,-0.5640,-4.9055
1785240783.006645,0.2141,-0.0,-0.0,-0.0000,0.0000,1.5998,-0.5640,-4.9055
1785240783.008487,0.0018,-0.0,-0.0,-0.0000,0.0000,1.5998,-0.5640,-4.9055
1785240783.097624,0.0891,-0.0,-0.0,-0.0000,0.0000,1.5998,-0.5640,-4.9055
1785240783.262521,0.1649,-0.0,-0.0,-0.0000,0.0000,1.5998,-0.5640,-4.9055
1785240783.301807,0.0393,-0.0,-0.0,-0.0000,0.0000,1.5998,-0.5640,-4.9055
1785240783.510622,0.2088,-0.0,-0.0,-0.0000,0.0000,1.5998,-0.5640,-4.9055
1785240783.513241,0.0026,-0.0,-0.0,-0.0000,0.0000,1.5998,-0.5640,-4.9055
1785240783.762725,0.2495,-0.0,-0.0,-0.0000,0.0000,1.5998,-0.5640,-4.9055
1785240783.764141,0.0014,-0.0,-0.0,-0.0000,0.0000,1.5998,-0.5640,-4.9055
1785240783.809756,0.0456,-0.0,-0.0,-0.0000,0.0000,1.5998,-0.5640,-4.9055
1785240784.015303,0.2055,-0.0,-0.0,-0.0000,0.0000,1.5998,-0.5640,-4.9055
1785240784.015356,0.0001,-0.0,-0.0,-0.0000,0.0000,1.5998,-0.5640,-4.9055
1785240784.262006,0.2467,-0.0,-0.0,-0.0000,0.0000,1.5998,-0.5640,-4.9055
1785240784.263278,0.0013,-0.0,-0.0,-0.0000,0.0000,1.5998,-0.5640,-4.9055
1785240784.319896,0.0566,-0.0,-0.0,-0.0000,0.0000,1.5998,-0.5640,-4.9055
1785240784.511806,0.1919,-0.0,-0.0,-0.0000,0.0000,1.5998,-0.5640,-4.9055
1785240784.536585,0.0248,-0.0,-0.0,-0.0000,0.0000,1.5998,-0.5640,-4.9055
1785240784.763169,0.2266,21.2463321685791,-13.504023551940918,0.0227,-0.5907,1.6015,-0.5592,-5.0393
1785240784.765123,0.0020,39.6118049621582,-25.02745819091797,0.0428,-1.0987,1.6015,-0.5591,-5.0415
1785240784.834230,0.0691,37.8112678527832,-24.127187728881836,0.0401,-1.0528,1.6026,-0.5565,-5.1142
1785240785.011935,0.1777,38.3514289855957,-25.92772674560547,0.0364,-1.0926,1.6062,-0.5512,-5.3084
1785240785.032141,0.0202,38.185638427734375,-25.820762634277344,0.0363,-1.0880,1.6066,-0.5506,-5.3304
1785240785.259027,0.2269,38.1713752746582,-25.74767303466797,0.0364,-1.0865,1.6129,-0.5452,-5.5769
1785240785.260172,0.0011,38.3514289855957,-25.567617416381836,0.0375,-1.0865,1.6130,-0.5452,-5.5781
1785240785.337128,0.0770,38.20018005371094,-24.609731674194336,0.0398,-1.0676,1.6155,-0.5434,-5.6603
1785240785.513111,0.1760,37.64921951293945,-22.77318572998047,0.0436,-1.0271,1.6224,-0.5401,-5.8410
1785240785.553979,0.0409,37.8112678527832,-22.86681365966797,0.0438,-1.0314,1.6240,-0.5394,-5.8832
1785240785.774140,0.2202,37.8328742980957,-23.14049530029297,0.0431,-1.0364,1.6334,-0.5378,-6.1114
1785240785.775064,0.0009,37.64921951293945,-22.4058780670166,0.0447,-1.0208,1.6334,-0.5378,-6.1123
1785240785.845543,0.0705,37.6312141418457,-22.86681365966797,0.0433,-1.0283,1.6365,-0.5375,-6.1848
1785240786.019193,0.1737,37.9913215637207,-27.188100814819336,0.0317,-1.1079,1.6419,-0.5380,-6.3772
1785240786.045150,0.0260,37.9913215637207,-28.268423080444336,0.0285,-1.1263,1.6427,-0.5381,-6.4064
1785240786.159622,0.1145,37.8112678527832,-28.268423080444336,0.0280,-1.1232,1.6458,-0.5389,-6.5350
1785240786.290799,0.1312,10.803218841552734,-7.562252998352051,0.0095,-0.3122,1.6470,-0.5393,-6.5759
1785240786.361828,0.0710,-0.0,-0.0,-0.0000,0.0000,1.6470,-0.5393,-6.5759
1785240786.451890,0.0901,-0.0,-0.0,-0.0000,0.0000,1.6470,-0.5393,-6.5759
1785240786.601744,0.1499,-0.0,-0.0,-0.0000,0.0000,1.6470,-0.5393,-6.5759
1785240786.765090,0.1633,-0.0,-0.0,-0.0000,0.0000,1.6470,-0.5393,-6.5759
1785240786.781594,0.0165,-0.0,-0.0,-0.0000,0.0000,1.6470,-0.5393,-6.5759
1785240786.862023,0.0804,-0.0,-0.0,-0.0000,0.0000,1.6470,-0.5393,-6.5759
1785240787.075353,0.2133,-0.0,-0.0,-0.0000,0.0000,1.6470,-0.5393,-6.5759
1785240787.117124,0.0418,-0.0,-0.0,-0.0000,0.0000,1.6470,-0.5393,-6.5759
1785240787.170117,0.0530,-0.0,-0.0,-0.0000,0.0000,1.6470,-0.5393,-6.5759
1785240787.270066,0.0999,-0.0,-0.0,-0.0000,0.0000,1.6470,-0.5393,-6.5759
1785240787.369775,0.0997,-0.0,-0.0,-0.0000,0.0000,1.6470,-0.5393,-6.5759
1785240787.472528,0.1028,-0.0,-0.0,-0.0000,0.0000,1.6470,-0.5393,-6.5759
1785240787.577751,0.1052,-0.0,-0.0,-0.0000,0.0000,1.6470,-0.5393,-6.5759
1785240787.677261,0.0995,-0.0,-0.0,-0.0000,0.0000,1.6470,-0.5393,-6.5759
1785240787.778944,0.1017,-0.0,-0.0,-0.0000,0.0000,1.6470,-0.5393,-6.5759
1785240787.882052,0.1031,-0.0,-0.0,-0.0000,0.0000,1.6470,-0.5393,-6.5759
1785240787.983794,0.1017,-0.0,-0.0,-0.0000,0.0000,1.6470,-0.5393,-6.5759
1785240788.114228,0.1304,-0.0,-0.0,-0.0000,0.0000,1.6470,-0.5393,-6.5759
1785240788.188789,0.0746,-0.0,-0.0,-0.0000,0.0000,1.6470,-0.5393,-6.5759
1785240788.280530,0.0917,-0.0,-0.0,-0.0000,0.0000,1.6470,-0.5393,-6.5759
1785240788.382769,0.1022,-0.0,-0.0,-0.0000,0.0000,1.6470,-0.5393,-6.5759
1785240788.484200,0.1014,-0.0,-0.0,-0.0000,0.0000,1.6470,-0.5393,-6.5759
1785240788.591416,0.1072,-0.0,-0.0,-0.0000,0.0000,1.6470,-0.5393,-6.5759
1785240788.687306,0.0959,-0.0,-0.0,-0.0000,0.0000,1.6470,-0.5393,-6.5759
1785240788.789624,0.1023,-0.0,-0.0,-0.0000,0.0000,1.6470,-0.5393,-6.5759
1785240788.899521,0.1099,-0.0,-0.0,-0.0000,0.0000,1.6470,-0.5393,-6.5759
1785240788.994366,0.0948,-0.0,-0.0,-0.0000,0.0000,1.6470,-0.5393,-6.5759
1785240789.102600,0.1082,-0.0,-0.0,-0.0000,0.0000,1.6470,-0.5393,-6.5759
1785240789.195443,0.0928,-0.0,-0.0,-0.0000,0.0000,1.6470,-0.5393,-6.5759
1785240789.298421,0.1030,-0.0,-0.0,-0.0000,0.0000,1.6470,-0.5393,-6.5759
1785240789.408406,0.1100,-0.0,-0.0,-0.0000,0.0000,1.6470,-0.5393,-6.5759
1785240789.500247,0.0918,-0.0,-0.0,-0.0000,0.0000,1.6470,-0.5393,-6.5759
1785240789.610302,0.1101,-0.0,-0.0,-0.0000,0.0000,1.6470,-0.5393,-6.5759
1785240789.704104,0.0938,-0.0,-0.0,-0.0000,0.0000,1.6470,-0.5393,-6.5759
1785240789.815753,0.1116,-0.0,-0.0,-0.0000,0.0000,1.6470,-0.5393,-6.5759
1785240789.909506,0.0938,-0.0,-0.0,-0.0000,0.0000,1.6470,-0.5393,-6.5759
1785240790.014534,0.1050,-0.0,-0.0,-0.0000,0.0000,1.6470,-0.5393,-6.5759
1785240790.118526,0.1040,-0.0,-0.0,-0.0000,0.0000,1.6470,-0.5393,-6.5759
1785240790.210207,0.0917,-0.0,-0.0,-0.0000,0.0000,1.6470,-0.5393,-6.5759
1785240790.340405,0.1302,-0.0,-0.0,-0.0000,0.0000,1.6470,-0.5393,-6.5759
1785240790.444352,0.1039,-0.0,-0.0,-0.0000,0.0000,1.6470,-0.5393,-6.5759
1785240790.661123,0.2168,-0.0,-0.0,-0.0000,0.0000,1.6470,-0.5393,-6.5759
1785240790.706447,0.0453,-0.0,-0.0,-0.0000,0.0000,1.6470,-0.5393,-6.5759
1785240790.733368,0.0269,-0.0,-0.0,-0.0000,0.0000,1.6470,-0.5393,-6.5759
1785240790.935872,0.2025,-0.0,-0.0,-0.0000,0.0000,1.6470,-0.5393,-6.5759
1785240790.976355,0.0405,-0.0,-0.0,-0.0000,0.0000,1.6470,-0.5393,-6.5759
1785240791.162005,0.1857,-0.0,-0.0,-0.0000,0.0000,1.6470,-0.5393,-6.5759
1785240791.170347,0.0083,-0.0,-0.0,-0.0000,0.0000,1.6470,-0.5393,-6.5759
1785240791.243388,0.0730,-0.0,-0.0,-0.0000,0.0000,1.6470,-0.5393,-6.5759
1785240791.418761,0.1754,-0.0,-0.0,-0.0000,0.0000,1.6470,-0.5393,-6.5759
1785240791.450445,0.0317,-0.0,-0.0,-0.0000,0.0000,1.6470,-0.5393,-6.5759
1785240791.662163,0.2117,-0.0,-0.0,-0.0000,0.0000,1.6470,-0.5393,-6.5759
1785240791.664713,0.0025,-0.0,-0.0,-0.0000,0.0000,1.6470,-0.5393,-6.5759
1785240791.751166,0.0865,-0.0,-0.0,-0.0000,0.0000,1.6470,-0.5393,-6.5759
1785240791.928042,0.1769,-0.0,-0.0,-0.0000,0.0000,1.6470,-0.5393,-6.5759
1785240791.953938,0.0259,-0.0,-0.0,-0.0000,0.0000,1.6470,-0.5393,-6.5759
1785240792.175507,0.2216,-0.0,-0.0,-0.0000,0.0000,1.6470,-0.5393,-6.5759
1785240792.178156,0.0026,-0.0,-0.0,-0.0000,0.0000,1.6470,-0.5393,-6.5759
1785240792.241830,0.0637,-0.0,-0.0,-0.0000,0.0000,1.6470,-0.5393,-6.5759
1785240792.429741,0.1879,-0.0,-0.0,-0.0000,0.0000,1.6470,-0.5393,-6.5759
1785240792.451787,0.0220,-0.0,-0.0,-0.0000,0.0000,1.6470,-0.5393,-6.5759
1785240792.681743,0.2300,-0.0,-0.0,-0.0000,0.0000,1.6470,-0.5393,-6.5759
1785240792.683686,0.0019,-0.0,-0.0,-0.0000,0.0000,1.6470,-0.5393,-6.5759
1785240792.754495,0.0708,-0.0,-0.0,-0.0000,0.0000,1.6470,-0.5393,-6.5759
1785240792.937277,0.1828,-0.0,-0.0,-0.0000,0.0000,1.6470,-0.5393,-6.5759
1785240792.954603,0.0173,-0.0,-0.0,-0.0000,0.0000,1.6470,-0.5393,-6.5759
1785240793.184038,0.2294,-0.0,-0.0,-0.0000,0.0000,1.6470,-0.5393,-6.5759
1785240793.199527,0.0155,-0.0,-0.0,-0.0000,0.0000,1.6470,-0.5393,-6.5759
1785240793.258796,0.0593,-0.0,-0.0,-0.0000,0.0000,1.6470,-0.5393,-6.5759
1785240793.436854,0.1781,-0.0,-0.0,-0.0000,0.0000,1.6470,-0.5393,-6.5759
1785240793.464164,0.0273,-0.0,-0.0,-0.0000,0.0000,1.6470,-0.5393,-6.5759
1785240793.685996,0.2218,-29.093820571899414,26.91178321838379,-0.0064,0.9520,1.6456,-0.5391,-6.3647
1785240793.687390,0.0014,-38.38383483886719,36.7309455871582,-0.0048,1.2768,1.6456,-0.5391,-6.3630
1785240793.770890,0.0835,-37.0910530090332,35.2905158996582,-0.0053,1.2303,1.6451,-0.5392,-6.2602
1785240793.938912,0.1680,-37.0910530090332,35.4705696105957,-0.0048,1.2334,1.6443,-0.5393,-6.0530
1785240793.970703,0.0318,-36.90925598144531,35.48280715942383,-0.0042,1.2305,1.6442,-0.5394,-6.0139
1785240794.187686,0.2170,-37.0910530090332,35.4705696105957,-0.0048,1.2334,1.6433,-0.5399,-5.7462
1785240794.188817,0.0011,-36.91278076171875,35.094417572021484,-0.0053,1.2240,1.6433,-0.5399,-5.7449
1785240794.274655,0.0858,-36.9109992980957,35.4705696105957,-0.0042,1.2303,1.6430,-0.5401,-5.6393
1785240794.436413,0.1618,-36.9109992980957,35.6506233215332,-0.0037,1.2334,1.6426,-0.5406,-5.4397
1785240794.478851,0.0424,-36.7309455871582,35.2905158996582,-0.0042,1.2242,1.6425,-0.5407,-5.3878
1785240794.714673,0.2358,-36.1907844543457,35.4705696105957,-0.0021,1.2181,1.6423,-0.5412,-5.1005
1785240794.715804,0.0011,-36.5508918762207,35.4705696105957,-0.0032,1.2242,1.6423,-0.5412,-5.0991
1785240794.935543,0.2197,-36.7309455871582,35.4705696105957,-0.0037,1.2273,1.6422,-0.5420,-4.8295
1785240794.936651,0.0011,-36.7309455871582,35.44536209106445,-0.0038,1.2269,1.6422,-0.5420,-4.8281
1785240794.986629,0.0500,-36.9109992980957,35.6506233215332,-0.0037,1.2334,1.6422,-0.5422,-4.7665
1785240795.184930,0.1983,-18.9056339263916,18.5455265045166,-0.0011,0.6366,1.6422,-0.5424,-4.6402
1785240795.192790,0.0079,-0.0,-0.0,-0.0000,0.0000,1.6422,-0.5424,-4.6402
1785240795.433389,0.2406,-0.0,-0.0,-0.0000,0.0000,1.6422,-0.5424,-4.6402
1785240795.434581,0.0012,-20.01836395263672,17.2635440826416,-0.0081,0.6337,1.6422,-0.5424,-4.6395
1785240795.497247,0.0627,-38.1713752746582,37.0910530090332,-0.0032,1.2793,1.6423,-0.5426,-4.5593
1785240795.597251,0.1000,-10.443111419677734,10.443111419677734,0.0000,0.3550,1.6423,-0.5426,-4.5238
1785240795.726297,0.1290,-0.0,-0.0,-0.0000,0.0000,1.6423,-0.5426,-4.5238
1785240795.817805,0.0915,-0.0,-0.0,-0.0000,0.0000,1.6423,-0.5426,-4.5238
1785240796.026916,0.2091,-0.0,-0.0,-0.0000,0.0000,1.6423,-0.5426,-4.5238
1785240796.073642,0.0467,-0.0,-0.0,-0.0000,0.0000,1.6423,-0.5426,-4.5238
1785240796.280184,0.2065,-0.0,-0.0,-0.0000,0.0000,1.6423,-0.5426,-4.5238
1785240796.299631,0.0194,-0.0,-0.0,-0.0000,0.0000,1.6423,-0.5426,-4.5238
1785240796.323169,0.0235,-0.0,-0.0,-0.0000,0.0000,1.6423,-0.5426,-4.5238
1785240796.522501,0.1993,-0.0,-0.0,-0.0000,0.0000,1.6423,-0.5426,-4.5238
1785240796.523861,0.0014,-0.0,-0.0,-0.0000,0.0000,1.6423,-0.5426,-4.5238
1785240796.611300,0.0874,-0.0,-0.0,-0.0000,0.0000,1.6423,-0.5426,-4.5238
1785240796.767277,0.1560,-0.0,-0.0,-0.0000,0.0000,1.6423,-0.5426,-4.5238
1785240796.818924,0.0516,-0.0,-0.0,-0.0000,0.0000,1.6423,-0.5426,-4.5238
1785240797.025847,0.2069,-0.0,-0.0,-0.0000,0.0000,1.6423,-0.5426,-4.5238
1785240797.048737,0.0229,-0.0,-0.0,-0.0000,0.0000,1.6423,-0.5426,-4.5238
1785240797.276327,0.2276,-0.0,-0.0,-0.0000,0.0000,1.6423,-0.5426,-4.5238
1785240797.277813,0.0015,-0.0,-0.0,-0.0000,0.0000,1.6423,-0.5426,-4.5238
1785240797.324886,0.0471,-0.0,-0.0,-0.0000,0.0000,1.6423,-0.5426,-4.5238
1785240797.518977,0.1941,-0.0,-0.0,-0.0000,0.0000,1.6423,-0.5426,-4.5238
1785240797.530990,0.0120,-0.0,-0.0,-0.0000,0.0000,1.6423,-0.5426,-4.5238
1785240797.774375,0.2434,-0.0,-0.0,-0.0000,0.0000,1.6423,-0.5426,-4.5238
1785240797.797101,0.0227,-0.0,-0.0,-0.0000,0.0000,1.6423,-0.5426,-4.5238
1785240797.843089,0.0460,-0.0,-0.0,-0.0000,0.0000,1.6423,-0.5426,-4.5238
1785240798.029021,0.1859,-0.0,-0.0,-0.0000,0.0000,1.6423,-0.5426,-4.5238
1785240798.048224,0.0192,-0.0,-0.0,-0.0000,0.0000,1.6423,-0.5426,-4.5238
1785240798.277580,0.2294,-0.0,-0.0,-0.0000,0.0000,1.6423,-0.5426,-4.5238
1785240798.280926,0.0033,-0.0,-0.0,-0.0000,0.0000,1.6423,-0.5426,-4.5238
1785240798.342405,0.0615,-0.0,-0.0,-0.0000,0.0000,1.6423,-0.5426,-4.5238
1785240798.531109,0.1887,-0.0,-0.0,-0.0000,0.0000,1.6423,-0.5426,-4.5238
1785240798.567182,0.0361,-0.0,-0.0,-0.0000,0.0000,1.6423,-0.5426,-4.5238
1785240798.783002,0.2158,-0.0,-0.0,-0.0000,0.0000,1.6423,-0.5426,-4.5238
1785240798.784400,0.0014,-0.0,-0.0,-0.0000,0.0000,1.6423,-0.5426,-4.5238
1785240798.855464,0.0711,-0.0,-0.0,-0.0000,0.0000,1.6423,-0.5426,-4.5238
1785240799.033937,0.1785,-0.0,-0.0,-0.0000,0.0000,1.6423,-0.5426,-4.5238
1785240799.060368,0.0264,-0.0,-0.0,-0.0000,0.0000,1.6423,-0.5426,-4.5238
1785240799.282424,0.2221,-0.0,-0.0,-0.0000,0.0000,1.6423,-0.5426,-4.5238
1785240799.284085,0.0017,-0.0,-0.0,-0.0000,0.0000,1.6423,-0.5426,-4.5238
1785240799.358486,0.0744,-0.0,-0.0,-0.0000,0.0000,1.6423,-0.5426,-4.5238
1785240799.550614,0.1921,-0.0,-0.0,-0.0000,0.0000,1.6423,-0.5426,-4.5238
1785240799.604610,0.0540,-0.0,-0.0,-0.0000,0.0000,1.6423,-0.5426,-4.5238
1785240799.781205,0.1766,-0.0,-0.0,-0.0000,0.0000,1.6423,-0.5426,-4.5238
1785240799.834372,0.0532,-0.0,17.6452579498291,0.0517,0.2999,1.6417,-0.5399,-4.5079
1785240799.879794,0.0454,-0.0,26.64794158935547,0.0781,0.4530,1.6409,-0.5364,-4.4873
1785240800.036637,0.1568,-0.0,25.74767303466797,0.0755,0.4377,1.6375,-0.5251,-4.4186
1785240800.072625,0.0360,-0.0,25.74767303466797,0.0755,0.4377,1.6367,-0.5225,-4.4029
1785240800.282515,0.2099,-0.0,25.38756561279297,0.0744,0.4315,1.6306,-0.5081,-4.3123
1785240800.301128,0.0186,-0.0,25.38756561279297,0.0744,0.4315,1.6300,-0.5068,-4.3043
1785240800.377465,0.0763,-0.0,27.639127731323242,0.0810,0.4698,1.6274,-0.5013,-4.2684
1785240800.533167,0.1557,-0.0,29.708852767944336,0.0871,0.5050,1.6206,-0.4895,-4.1898
1785240800.583872,0.0507,-0.0,29.52880096435547,0.0866,0.5019,1.6183,-0.4858,-4.1643
1785240800.779898,0.1960,-0.0,31.037647247314453,0.0910,0.5276,1.6075,-0.4716,-4.0609
1785240800.842911,0.0630,-0.0,31.689441680908203,0.0929,0.5387,1.6038,-0.4670,-4.0270
1785240800.898343,0.0554,-0.0,31.869497299194336,0.0934,0.5417,1.6004,-0.4631,-3.9969
1785240800.989629,0.0913,-0.0,31.509389877319336,0.0924,0.5356,1.5946,-0.4570,-3.9481
1785240801.090523,0.1009,-0.0,31.689441680908203,0.0929,0.5387,1.5877,-0.4506,-3.8937
1785240801.190324,0.0998,-0.0,31.639528274536133,0.0928,0.5378,1.5806,-0.4447,-3.8400
1785240801.294206,0.1039,-0.0,32.73054504394531,0.0960,0.5564,1.5726,-0.4387,-3.7822
1785240801.393575,0.0994,-0.0,32.9498176574707,0.0966,0.5601,1.5646,-0.4334,-3.7266
1785240801.502360,0.1088,-0.0,30.609121322631836,0.0898,0.5203,1.5562,-0.4285,-3.6700
1785240801.597399,0.0950,-0.0,1.8005366325378418,0.0053,0.0306,1.5558,-0.4283,-3.6671
1785240801.697395,0.1000,-0.0,-0.0,-0.0000,0.0000,1.5558,-0.4283,-3.6671
1785240801.824869,0.1275,-0.0,-0.0,-0.0000,0.0000,1.5558,-0.4283,-3.6671
1785240801.913748,0.0889,-0.0,-0.0,-0.0000,0.0000,1.5558,-0.4283,-3.6671
1785240802.014341,0.1006,9.81916332244873,-0.0,0.0288,-0.1669,1.5533,-0.4268,-3.6839
1785240802.117866,0.1035,28.18463706970215,-0.0,0.0826,-0.4791,1.5462,-0.4220,-3.7335
1785240802.210891,0.0930,26.72994613647461,-0.0,0.0784,-0.4544,1.5403,-0.4177,-3.7757
1785240802.305989,0.0951,26.813589096069336,12.121212005615234,0.1142,-0.2497,1.5317,-0.4110,-3.7995
1785240802.794655,0.4887,28.268423080444336,28.448476791381836,0.1663,0.0031,1.4673,-0.3614,-3.7980
1785240802.819342,0.0247,28.448476791381836,27.188100814819336,0.1631,-0.0214,1.4641,-0.3590,-3.7985
1785240802.936873,0.1175,28.282827377319336,26.813589096069336,0.1616,-0.0250,1.4491,-0.3473,-3.8014
1785240802.938035,0.0012,28.08837127685547,26.82799530029297,0.1610,-0.0214,1.4490,-0.3472,-3.8015
1785240803.058626,0.1206,28.08837127685547,27.008047103881836,0.1616,-0.0184,1.4336,-0.3352,-3.8037
1785240803.163601,0.1050,28.366474151611328,28.730146408081055,0.1674,0.0062,1.4198,-0.3244,-3.8030
1785240803.178240,0.0146,28.628530502319336,29.348745346069336,0.1700,0.0122,1.4178,-0.3229,-3.8029
1785240803.227610,0.0494,28.448476791381836,29.168691635131836,0.1689,0.0122,1.4112,-0.3178,-3.8022
1785240803.337178,0.1096,28.628530502319336,30.429067611694336,0.1732,0.0306,1.3962,-0.3062,-3.7989
1785240803.611905,0.2747,28.80858612060547,30.789175033569336,0.1747,0.0337,1.3579,-0.2772,-3.7896
1785240803.959816,0.3479,28.650136947631836,30.670339584350586,0.1739,0.0343,1.3092,-0.2413,-3.7777
1785240804.120918,0.1611,28.282827377319336,30.303028106689453,0.1718,0.0343,1.2869,-0.2250,-3.7722
1785240804.208590,0.0877,28.448476791381836,30.429067611694336,0.1726,0.0337,1.2746,-0.2161,-3.7692
1785240804.268436,0.0598,28.628530502319336,30.789175033569336,0.1742,0.0367,1.2662,-0.2100,-3.7670
1785240804.334324,0.0659,28.628530502319336,31.149282455444336,0.1753,0.0428,1.2568,-0.2032,-3.7642
1785240804.362440,0.0281,28.268423080444336,30.969226837158203,0.1737,0.0459,1.2528,-0.2004,-3.7629
1785240804.363415,0.0010,28.448476791381836,30.969226837158203,0.1742,0.0428,1.2527,-0.2003,-3.7629
1785240804.383366,0.0200,28.268423080444336,30.969226837158203,0.1737,0.0459,1.2499,-0.1983,-3.7619
1785240804.396152,0.0128,29.821165084838867,28.00279998779297,0.1695,-0.0309,1.2481,-0.1970,-3.7623
1785240804.407979,0.0118,32.4096565246582,21.42638397216797,0.1579,-0.1867,1.2466,-0.1959,-3.7645
1785240804.437695,0.0297,31.869497299194336,21.78649139404297,0.1573,-0.1714,1.2428,-0.1932,-3.7696
1785240804.539291,0.1016,31.821365356445312,22.002201080322266,0.1578,-0.1669,1.2300,-0.1835,-3.7866
1785240804.639180,0.0999,31.588611602783203,21.85491180419922,0.1567,-0.1655,1.2176,-0.1739,-3.8031
1785240804.741156,0.1020,34.0301399230957,-22.32665252685547,0.0343,-0.9580,1.2151,-0.1715,-3.9008
1785240804.841720,0.1006,34.5270881652832,-24.97704315185547,0.0280,-1.0115,1.2133,-0.1694,-4.0025
1785240804.943238,0.1015,34.3902473449707,-23.94713592529297,0.0306,-0.9916,1.2115,-0.1668,-4.1032
1785240805.046057,0.1028,36.0107307434082,-28.08837127685547,0.0232,-1.0896,1.2103,-0.1647,-4.2152
1785240805.151637,0.1056,36.0107307434082,-28.448476791381836,0.0222,-1.0957,1.2095,-0.1626,-4.3309
1785240805.250468,0.0988,35.8306770324707,-28.268423080444336,0.0222,-1.0896,1.2089,-0.1604,-4.4386
1785240805.349543,0.0991,36.1854362487793,-28.548309326171875,0.0224,-1.1003,1.2085,-0.1583,-4.5476
1785240805.451708,0.1022,36.1854362487793,-28.366474151611328,0.0229,-1.0973,1.2084,-0.1559,-4.6597
1785240805.551391,0.0997,35.9963264465332,-28.282827377319336,0.0226,-1.0926,1.2085,-0.1537,-4.7686
1785240805.652690,0.1013,36.0107307434082,-28.448476791381836,0.0222,-1.0957,1.2089,-0.1515,-4.8796
1785240805.754796,0.1021,36.1907844543457,-28.628530502319336,0.0222,-1.1018,1.2095,-0.1493,-4.9921
1785240805.856782,0.1020,36.5508918762207,-30.249011993408203,0.0185,-1.1355,1.2102,-0.1475,-5.1079
1785240805.960657,0.1039,36.7309455871582,-29.708852767944336,0.0206,-1.1293,1.2113,-0.1457,-5.2252
1785240806.064940,0.1043,36.7309455871582,-30.7303466796875,0.0176,-1.1467,1.2124,-0.1442,-5.3448
1785240806.163830,0.0989,36.9109992980957,-32.0495491027832,0.0143,-1.1722,1.2133,-0.1432,-5.4607
1785240806.268480,0.1047,37.0910530090332,-31.869497299194336,0.0153,-1.1722,1.2146,-0.1421,-5.5834
1785240806.371055,0.1026,37.09461975097656,-31.821365356445312,0.0155,-1.1714,1.2159,-0.1413,-5.7036
1785240806.504932,0.1339,37.0910530090332,-31.509389877319336,0.0164,-1.1661,1.2179,-0.1404,-5.8597
1785240806.572572,0.0676,36.9109992980957,-30.969226837158203,0.0174,-1.1538,1.2190,-0.1400,-5.9377
1785240806.707725,0.1352,37.0982551574707,-31.588611602783203,0.0162,-1.1675,1.2211,-0.1396,-6.0955
1785240806.774076,0.0664,36.7309455871582,-31.639528274536133,0.0149,-1.1622,1.2221,-0.1394,-6.1726
1785240806.873668,0.0996,36.9109992980957,-33.8500862121582,0.0090,-1.2028,1.2230,-0.1395,-6.2924
1785240807.008529,0.1349,11.34338092803955,-10.443111419677734,0.0026,-0.3703,1.2234,-0.1395,-6.3423
1785240807.119068,0.1105,-0.0,-0.0,-0.0000,0.0000,1.2234,-0.1395,-6.3423
1785240807.187895,0.0688,-0.0,-0.0,-0.0000,0.0000,1.2234,-0.1395,-6.3423
1785240807.338004,0.1501,-0.0,-0.0,-0.0000,0.0000,1.2234,-0.1395,-6.3423
1785240807.412575,0.0746,-0.0,-0.0,-0.0000,0.0000,1.2234,-0.1395,-6.3423
1785240807.531461,0.1189,-0.0,-0.0,-0.0000,0.0000,1.2234,-0.1395,-6.3423
1785240807.624470,0.0930,-0.0,-0.0,-0.0000,0.0000,1.2234,-0.1395,-6.3423
1785240807.687475,0.0630,9.54284381866455,-0.0,0.0280,-0.1622,1.2251,-0.1396,-6.3526
1785240807.809186,0.1217,29.52880096435547,-0.0,0.0866,-0.5019,1.2356,-0.1410,-6.4137
1785240807.897625,0.0884,27.728261947631836,-0.0,0.0813,-0.4713,1.2427,-0.1422,-6.4553
1785240807.995944,0.0983,28.628530502319336,-0.0,0.0839,-0.4866,1.2507,-0.1440,-6.5032
1785240808.112389,0.1164,31.588611602783203,-0.0,0.0926,-0.5369,1.2611,-0.1470,-6.5657
1785240808.243082,0.1307,31.149282455444336,-0.0,0.0913,-0.5295,1.2723,-0.1511,-6.6349
1785240808.301864,0.0588,30.969226837158203,-0.0,0.0908,-0.5264,1.2772,-0.1531,-6.6659
1785240808.395711,0.0938,30.969226837158203,-0.0,0.0908,-0.5264,1.2850,-0.1567,-6.7153
1785240808.498046,0.1023,32.9498176574707,-0.0,0.0966,-0.5601,1.2937,-0.1613,-6.7726
1785240808.598834,0.1008,32.912384033203125,-0.0,0.0965,-0.5594,1.3020,-0.1664,-6.8290
1785240808.701027,0.1022,32.4096565246582,-0.0,0.0950,-0.5509,1.3100,-0.1719,-6.8853
1785240808.803867,0.1028,32.5897102355957,-0.0,0.0956,-0.5540,1.3178,-0.1779,-6.9422
1785240808.905018,0.1012,32.7697639465332,-0.0,0.0961,-0.5570,1.3251,-0.1843,-6.9986
1785240809.007363,0.1023,32.5897102355957,-0.0,0.0956,-0.5540,1.3321,-0.1911,-7.0553
1785240809.115510,0.1081,33.4899787902832,-0.0,0.0982,-0.5693,1.3393,-0.1990,-7.1168
1785240809.212358,0.0968,33.4899787902832,-0.0,0.0982,-0.5693,1.3453,-0.2063,-7.1720
1785240809.312843,0.1005,33.4899787902832,-0.0,0.0982,-0.5693,1.3510,-0.2143,-7.2292
1785240809.415022,0.1022,33.8500862121582,-0.0,0.0993,-0.5754,1.3565,-0.2229,-7.2880
1785240809.516903,0.1019,33.8500862121582,-0.0,0.0993,-0.5754,1.3614,-0.2317,-7.3466
1785240809.619023,0.1021,33.6700325012207,-0.0,0.0987,-0.5723,1.3658,-0.2408,-7.4050
1785240809.719618,0.1006,33.821563720703125,-0.0,0.0992,-0.5749,1.3696,-0.2500,-7.4628
1785240809.821102,0.1015,33.821563720703125,-19.092819213867188,0.0432,-0.8994,1.3709,-0.2542,-7.5541
1785240809.923036,0.1019,34.3902473449707,-27.188100814819336,0.0211,-1.0467,1.3713,-0.2563,-7.6608
1785240810.024496,0.1015,34.2101936340332,-26.10778045654297,0.0238,-1.0253,1.3715,-0.2587,-7.7648
1785240810.131957,0.1075,34.1597785949707,-25.89531707763672,0.0242,-1.0208,1.3714,-0.2614,-7.8745
1785240810.227906,0.0959,26.10778045654297,-19.8059024810791,0.0185,-0.7804,1.3713,-0.2631,-7.9494
1785240810.328416,0.1005,0.36010730266571045,-0.18005365133285522,0.0005,-0.0092,1.3713,-0.2632,-7.9504
1785240810.430881,0.1025,-0.0,-0.0,-0.0000,0.0000,1.3713,-0.2632,-7.9504
1785240810.533001,0.1021,-0.0,-0.0,-0.0000,0.0000,1.3713,-0.2632,-7.9504
1785240810.636451,0.1035,-0.0,-0.0,-0.0000,0.0000,1.3713,-0.2632,-7.9504
1785240810.735066,0.0986,-0.0,-0.0,-0.0000,0.0000,1.3713,-0.2632,-7.9504
1785240810.845800,0.1107,-0.0,-0.0,-0.0000,0.0000,1.3713,-0.2632,-7.9504
1785240810.938686,0.0929,-0.0,-0.0,-0.0000,0.0000,1.3713,-0.2632,-7.9504
1785240811.039527,0.1008,-0.0,-0.0,-0.0000,0.0000,1.3713,-0.2632,-7.9504
1785240811.270273,0.2307,-0.0,-0.0,-0.0000,0.0000,1.3713,-0.2632,-7.9504
1785240811.272588,0.0023,-0.0,-0.0,-0.0000,0.0000,1.3713,-0.2632,-7.9504
1785240811.344092,0.0715,-0.0,-0.0,-0.0000,0.0000,1.3713,-0.2632,-7.9504
1785240811.525930,0.1818,-0.0,-0.0,-0.0000,0.0000,1.3713,-0.2632,-7.9504
1785240811.547790,0.0219,-0.0,-0.0,-0.0000,0.0000,1.3713,-0.2632,-7.9504
1785240811.766808,0.2190,-0.0,-0.0,-0.0000,0.0000,1.3713,-0.2632,-7.9504
1785240811.768776,0.0020,-0.0,-0.0,-0.0000,0.0000,1.3713,-0.2632,-7.9504
1785240811.851740,0.0830,-0.0,-0.0,-0.0000,0.0000,1.3713,-0.2632,-7.9504
1785240812.014362,0.1626,26.64794158935547,-0.0,0.0781,-0.4530,1.3691,-0.2757,-8.0240
1785240812.057209,0.0428,26.287832260131836,-0.0,0.0771,-0.4468,1.3685,-0.2789,-8.0432
1785240812.269047,0.2118,1.2603754997253418,-0.0,0.0037,-0.0214,1.3683,-0.2797,-8.0477
1785240812.287710,0.0187,-0.0,-0.0,-0.0000,0.0000,1.3683,-0.2797,-8.0477
1785240812.361650,0.0739,-0.0,-0.0,-0.0000,0.0000,1.3683,-0.2797,-8.0477
1785240812.522291,0.1606,-0.0,-0.0,-0.0000,0.0000,1.3683,-0.2797,-8.0477
1785240812.566162,0.0439,-0.0,-0.0,-0.0000,0.0000,1.3683,-0.2797,-8.0477
1785240812.775156,0.2090,-0.0,-0.0,-0.0000,0.0000,1.3683,-0.2797,-8.0477
1785240812.792091,0.0169,-0.0,-0.0,-0.0000,0.0000,1.3683,-0.2797,-8.0477
1785240813.027570,0.2355,-0.0,-0.0,-0.0000,0.0000,1.3683,-0.2797,-8.0477
1785240813.035264,0.0077,16.2048282623291,-0.0,0.0475,-0.2754,1.3683,-0.2801,-8.0498
1785240813.075543,0.0403,28.80858612060547,-0.0,0.0845,-0.4897,1.3675,-0.2834,-8.0695
1785240813.286490,0.2109,3.6010732650756836,-0.0,0.0106,-0.0612,1.3670,-0.2856,-8.0825
1785240813.305034,0.0185,-0.0,-0.0,-0.0000,0.0000,1.3670,-0.2856,-8.0825
1785240813.532922,0.2279,-0.0,-0.0,-0.0000,0.0000,1.3670,-0.2856,-8.0825
1785240813.535235,0.0023,-0.0,-0.0,-0.0000,0.0000,1.3670,-0.2856,-8.0825
1785240813.584849,0.0496,-0.0,-0.0,-0.0000,0.0000,1.3670,-0.2856,-8.0825
1785240813.787480,0.2026,-0.0,-0.0,-0.0000,0.0000,1.3670,-0.2856,-8.0825
1785240813.810425,0.0229,-0.0,-0.0,-0.0000,0.0000,1.3670,-0.2856,-8.0825
1785240814.035628,0.2252,-0.0,-0.0,-0.0000,0.0000,1.3670,-0.2856,-8.0825
1785240814.037641,0.0020,-0.0,-0.0,-0.0000,0.0000,1.3670,-0.2856,-8.0825
1785240814.096319,0.0587,2.000200033187866,1.6365272998809814,0.0107,-0.0062,1.3669,-0.2862,-8.0828
1785240814.285784,0.1895,6.978879928588867,5.876951217651367,0.0377,-0.0187,1.3653,-0.2931,-8.0864
1785240814.321970,0.0362,-0.0,-0.0,-0.0000,0.0000,1.3653,-0.2931,-8.0864
1785240814.538982,0.2170,-0.0,-0.0,-0.0000,0.0000,1.3653,-0.2931,-8.0864
1785240814.555960,0.0170,-0.0,-0.0,-0.0000,0.0000,1.3653,-0.2931,-8.0864
1785240814.594127,0.0382,-0.0,-0.0,-0.0000,0.0000,1.3653,-0.2931,-8.0864
1785240814.819137,0.2250,-0.0,-0.0,-0.0000,0.0000,1.3653,-0.2931,-8.0864
1785240814.864957,0.0458,-0.0,-0.0,-0.0000,0.0000,1.3653,-0.2931,-8.0864
1785240815.039421,0.1745,-0.0,-0.0,-0.0000,0.0000,1.3653,-0.2931,-8.0864
1785240815.041852,0.0024,-0.0,-0.0,-0.0000,0.0000,1.3653,-0.2931,-8.0864
1785240815.102367,0.0605,1.2855830192565918,1.8365472555160522,0.0092,0.0094,1.3651,-0.2937,-8.0858
1785240815.287876,0.1855,18.1854190826416,17.2851505279541,0.1040,-0.0153,1.3606,-0.3124,-8.0886
1785240815.316684,0.0288,0.18183636665344238,0.18183636665344238,0.0011,0.0000,1.3606,-0.3124,-8.0886
1785240815.541865,0.2252,-0.0,-0.0,-0.0000,0.0000,1.3606,-0.3124,-8.0886
1785240815.567644,0.0258,-0.0,-0.0,-0.0000,0.0000,1.3606,-0.3124,-8.0886
1785240815.609702,0.0421,-0.0,-0.0,-0.0000,0.0000,1.3606,-0.3124,-8.0886
1785240815.797289,0.1876,-0.0,-0.0,-0.0000,0.0000,1.3606,-0.3124,-8.0886
1785240815.821579,0.0243,-0.0,-0.0,-0.0000,0.0000,1.3606,-0.3124,-8.0886
1785240816.037084,0.2155,-0.0,-0.0,-0.0000,0.0000,1.3606,-0.3124,-8.0886
1785240816.039116,0.0020,26.72994613647461,-0.0,0.0784,-0.4544,1.3606,-0.3126,-8.0896
1785240816.115245,0.0761,28.628530502319336,-0.0,0.0839,-0.4866,1.3589,-0.3188,-8.1266
1785240816.217371,0.1021,28.00279998779297,-0.0,0.0821,-0.4760,1.3562,-0.3267,-8.1752
1785240816.318346,0.1010,3.0609121322631836,-0.0,0.0090,-0.0520,1.3559,-0.3276,-8.1805
1785240816.426873,0.1085,-0.0,-0.0,-0.0000,0.0000,1.3559,-0.3276,-8.1805
1785240816.521267,0.0944,-0.0,-0.0,-0.0000,0.0000,1.3559,-0.3276,-8.1805
1785240816.624557,0.1033,-0.0,-0.0,-0.0000,0.0000,1.3559,-0.3276,-8.1805
1785240816.723236,0.0987,-0.0,-0.0,-0.0000,0.0000,1.3559,-0.3276,-8.1805
1785240816.823318,0.1001,-0.0,-0.0,-0.0000,0.0000,1.3559,-0.3276,-8.1805
1785240816.933453,0.1101,-0.0,-0.0,-0.0000,0.0000,1.3559,-0.3276,-8.1805
1785240817.026405,0.0930,15.456090927124023,-0.0,0.0453,-0.2627,1.3545,-0.3315,-8.2049
1785240817.129703,0.1033,28.988637924194336,-0.0,0.0850,-0.4927,1.3511,-0.3396,-8.2558
1785240817.231170,0.1015,27.728261947631836,-0.0,0.0813,-0.4713,1.3475,-0.3470,-8.3036
1785240817.333037,0.1019,27.36815643310547,-0.0,0.0802,-0.4652,1.3436,-0.3542,-8.3510
1785240817.433931,0.1009,27.731863021850586,-0.0,0.0813,-0.4714,1.3393,-0.3612,-8.3986
1785240817.540011,0.1061,31.149282455444336,-0.0,0.0913,-0.5295,1.3338,-0.3692,-8.4547
1785240817.637858,0.0978,30.853992462158203,-0.0,0.0905,-0.5245,1.3285,-0.3763,-8.5060
1785240817.736940,0.0991,30.789175033569336,-0.0,0.0903,-0.5234,1.3227,-0.3831,-8.5579
1785240817.840616,0.1037,30.969226837158203,-0.0,0.0908,-0.5264,1.3162,-0.3899,-8.6125
1785240817.938630,0.0980,30.486684799194336,-0.0,0.0894,-0.5182,1.3099,-0.3960,-8.6633
1785240818.041764,0.1031,30.670339584350586,5.693296432495117,0.1066,-0.4246,1.3016,-0.4032,-8.7071
1785240818.145283,0.1035,31.509389877319336,27.36815643310547,0.1726,-0.0704,1.2880,-0.4149,-8.7143
1785240818.252006,0.1067,31.639528274536133,25.820762634277344,0.1685,-0.0989,1.2743,-0.4264,-8.7249
1785240818.351585,0.0996,31.329336166381836,25.74767303466797,0.1674,-0.0949,1.2614,-0.4371,-8.7343
1785240818.451364,0.0998,31.509389877319336,25.74767303466797,0.1679,-0.0979,1.2484,-0.4476,-8.7441
1785240818.557184,0.1058,33.4899787902832,-14.224238395690918,0.0565,-0.8110,1.2435,-0.4509,-8.8299
1785240818.651882,0.0947,34.7503547668457,-24.30724334716797,0.0306,-1.0039,1.2409,-0.4523,-8.9250
1785240818.757574,0.1057,34.3902473449707,-23.58702850341797,0.0317,-0.9855,1.2378,-0.4536,-9.0292
1785240818.855502,0.0979,34.2101936340332,-23.58702850341797,0.0311,-0.9824,1.2349,-0.4545,-9.1254
1785240818.954836,0.0993,34.3902473449707,-23.04686737060547,0.0333,-0.9763,1.2317,-0.4552,-9.2224
1785240819.061682,0.1068,34.3902473449707,-23.04686737060547,0.0333,-0.9763,1.2281,-0.4555,-9.3267
1785240819.159199,0.0975,32.5897102355957,20.88622283935547,0.1568,-0.1989,1.2129,-0.4567,-9.3461
1785240819.261614,0.1024,33.4899787902832,23.76708221435547,0.1679,-0.1653,1.1957,-0.4578,-9.3630
1785240819.363624,0.1020,33.6700325012207,23.22692108154297,0.1668,-0.1775,1.1787,-0.4585,-9.3811
1785240819.465600,0.1020,33.3099250793457,23.04686737060547,0.1652,-0.1745,1.1619,-0.4590,-9.3989
1785240819.574350,0.1087,33.6700325012207,-1.8005366325378418,0.0934,-0.6029,1.1517,-0.4586,-9.4645
1785240819.677319,0.1030,35.888492584228516,-26.453020095825195,0.0277,-1.0597,1.1489,-0.4582,-9.5736
1785240819.778475,0.1012,35.1104621887207,-24.127187728881836,0.0322,-1.0069,1.1458,-0.4573,-9.6754
1785240819.881020,0.1025,35.63992691040039,-26.72994613647461,0.0261,-1.0602,1.1433,-0.4564,-9.7842
1785240819.983369,0.1023,36.5508918762207,-29.168691635131836,0.0216,-1.1171,1.1413,-0.4554,-9.8985
1785240820.093273,0.1099,36.1907844543457,-29.52880096435547,0.0195,-1.1171,1.1395,-0.4542,-10.0213
1785240820.199431,0.1062,36.3708381652832,-28.80858612060547,0.0222,-1.1079,1.1377,-0.4526,-10.1389
1785240820.288329,0.0889,31.689441680908203,-25.38756561279297,0.0185,-0.9702,1.1366,-0.4515,-10.2251
1785240820.392894,0.1046,0.9182736277580261,-0.7346189022064209,0.0005,-0.0281,1.1365,-0.4514,-10.2281
1785240820.495424,0.1025,-0.0,-0.0,-0.0000,0.0000,1.1365,-0.4514,-10.2281
1785240820.588208,0.0928,-0.0,-0.0,-0.0000,0.0000,1.1365,-0.4514,-10.2281
1785240820.690045,0.1018,-0.0,-0.0,-0.0000,0.0000,1.1365,-0.4514,-10.2281
1785240820.791862,0.1018,-0.0,-0.0,-0.0000,0.0000,1.1365,-0.4514,-10.2281
1785240820.893784,0.1019,-0.0,-0.0,-0.0000,0.0000,1.1365,-0.4514,-10.2281
1785240820.993041,0.0993,-0.0,-0.0,-0.0000,0.0000,1.1365,-0.4514,-10.2281
1785240821.094129,0.1011,-0.0,-0.0,-0.0000,0.0000,1.1365,-0.4514,-10.2281
1785240821.196019,0.1019,-0.0,-0.0,-0.0000,0.0000,1.1365,-0.4514,-10.2281
1785240821.296914,0.1009,-0.0,-0.0,-0.0000,0.0000,1.1365,-0.4514,-10.2281
1785240821.400838,0.1039,-0.0,-0.0,-0.0000,0.0000,1.1365,-0.4514,-10.2281
1785240821.521691,0.1209,-0.0,-0.0,-0.0000,0.0000,1.1365,-0.4514,-10.2281
1785240821.612913,0.0912,-0.0,-0.0,-0.0000,0.0000,1.1365,-0.4514,-10.2281
1785240821.705710,0.0928,-0.0,-0.0,-0.0000,0.0000,1.1365,-0.4514,-10.2281
1785240821.815944,0.1102,-0.0,-0.0,-0.0000,0.0000,1.1365,-0.4514,-10.2281
1785240821.959405,0.1435,-0.0,-0.0,-0.0000,0.0000,1.1365,-0.4514,-10.2281
1785240822.009230,0.0498,-0.0,-0.0,-0.0000,0.0000,1.1365,-0.4514,-10.2281
1785240822.112020,0.1028,-0.0,-0.0,-0.0000,0.0000,1.1365,-0.4514,-10.2281
1785240822.215041,0.1030,-0.0,-0.0,-0.0000,0.0000,1.1365,-0.4514,-10.2281
1785240822.315862,0.1008,-0.0,-0.0,-0.0000,0.0000,1.1365,-0.4514,-10.2281
1785240822.418264,0.1024,-0.0,-0.0,-0.0000,0.0000,1.1365,-0.4514,-10.2281
1785240822.520042,0.1018,-0.0,-0.0,-0.0000,0.0000,1.1365,-0.4514,-10.2281
1785240822.624702,0.1047,-0.0,-0.0,-0.0000,0.0000,1.1365,-0.4514,-10.2281
1785240822.723891,0.0992,-0.0,-0.0,-0.0000,0.0000,1.1365,-0.4514,-10.2281
1785240822.824446,0.1006,-0.0,-0.0,-0.0000,0.0000,1.1365,-0.4514,-10.2281
1785240822.928342,0.1039,-0.0,-0.0,-0.0000,0.0000,1.1365,-0.4514,-10.2281
1785240823.027743,0.0994,-0.0,-0.0,-0.0000,0.0000,1.1365,-0.4514,-10.2281
1785240823.129354,0.1016,-0.0,-0.0,-0.0000,0.0000,1.1365,-0.4514,-10.2281
1785240823.230466,0.1011,-0.0,-0.0,-0.0000,0.0000,1.1365,-0.4514,-10.2281
1785240823.338913,0.1084,-0.0,-0.0,-0.0000,0.0000,1.1365,-0.4514,-10.2281
1785240823.440209,0.1013,-0.0,-0.0,-0.0000,0.0000,1.1365,-0.4514,-10.2281
1785240823.540273,0.1001,-0.0,-0.0,-0.0000,0.0000,1.1365,-0.4514,-10.2281
1785240823.659203,0.1189,-0.0,-0.0,-0.0000,0.0000,1.1365,-0.4514,-10.2281
1785240823.841064,0.1819,-0.0,-0.0,-0.0000,0.0000,1.1365,-0.4514,-10.2281
1785240823.948410,0.1073,-0.0,-0.0,-0.0000,0.0000,1.1365,-0.4514,-10.2281
1785240823.962031,0.0136,-0.0,-0.0,-0.0000,0.0000,1.1365,-0.4514,-10.2281
1785240824.044124,0.0821,-0.0,-0.0,-0.0000,0.0000,1.1365,-0.4514,-10.2281
1785240824.145914,0.1018,-0.0,-0.0,-0.0000,0.0000,1.1365,-0.4514,-10.2281
1785240824.248279,0.1024,-0.0,-0.0,-0.0000,0.0000,1.1365,-0.4514,-10.2281
1785240824.391164,0.1429,-0.0,-0.0,-0.0000,0.0000,1.1365,-0.4514,-10.2281
1785240824.463240,0.0721,-0.0,-0.0,-0.0000,0.0000,1.1365,-0.4514,-10.2281
1785240824.567935,0.1047,-0.0,-0.0,-0.0000,0.0000,1.1365,-0.4514,-10.2281
1785240824.940845,0.3729,-0.0,-0.0,-0.0000,0.0000,1.1365,-0.4514,-10.2281
1785240824.994791,0.0539,-0.0,-0.0,-0.0000,0.0000,1.1365,-0.4514,-10.2281
1785240825.055289,0.0605,-0.0,-0.0,-0.0000,0.0000,1.1365,-0.4514,-10.2281
1785240825.081110,0.0258,-0.0,-0.0,-0.0000,0.0000,1.1365,-0.4514,-10.2281
1785240825.176469,0.0954,-0.0,-0.0,-0.0000,0.0000,1.1365,-0.4514,-10.2281
1785240825.177152,0.0007,-0.0,-0.0,-0.0000,0.0000,1.1365,-0.4514,-10.2281
1785240825.293726,0.1166,-0.0,-0.0,-0.0000,0.0000,1.1365,-0.4514,-10.2281
1785240825.497535,0.2038,-0.0,-0.0,-0.0000,0.0000,1.1365,-0.4514,-10.2281
1785240825.497994,0.0005,-0.0,-0.0,-0.0000,0.0000,1.1365,-0.4514,-10.2281
1785240825.695210,0.1972,-0.0,-0.0,-0.0000,0.0000,1.1365,-0.4514,-10.2281
1785240825.855030,0.1598,-0.0,-0.0,-0.0000,0.0000,1.1365,-0.4514,-10.2281
1785240825.985022,0.1300,-0.0,-0.0,-0.0000,0.0000,1.1365,-0.4514,-10.2281
