t,dt,left_rpm,right_rpm,v,w,x,y,theta,imu_heading_deg,theta_src,lateral_m_s
1786427777.833990,0.0000,0.0,0.0,0.0000,0.0000,0.0000,0.0000,0.0000,354.7500,enc,0.0000
1786427778.150249,0.3163,0.0,0.0,0.0000,0.0000,0.0000,0.0000,0.0000,354.7500,enc,0.0000
1786427778.220747,0.0705,0.0,0.0,0.0000,0.0000,0.0000,0.0000,0.0000,354.7500,enc,0.0000
1786427778.364430,0.1437,0.0,0.0,0.0000,0.0000,0.0000,0.0000,0.0000,354.7500,enc,0.0000
1786427778.501142,0.1367,0.0,0.0,0.0000,0.0000,0.0000,0.0000,0.0000,354.7500,enc,0.0000
1786427778.704478,0.2033,0.0,0.0,0.0000,0.0000,0.0000,0.0000,0.0000,354.7500,enc,0.0000
1786427778.801495,0.0970,0.0,0.0,0.0000,0.0000,0.0000,0.0000,0.0000,354.7500,enc,0.0000
1786427778.939848,0.1384,0.0,0.0,0.0000,0.0000,0.0000,0.0000,0.0000,354.7500,enc,0.0000
1786427779.014358,0.0745,1.3270963430404663,0.12223255634307861,0.0042,-0.0205,0.0003,0.0000,0.0000,354.7500,imu,0.0004
1786427779.091830,0.0775,5.030333995819092,0.46332022547721863,0.0161,-0.0776,0.0016,0.0001,-0.0065,355.1250,imu,0.0006
1786427779.117163,0.0253,7.397510051727295,0.6813496351242065,0.0237,-0.1142,0.0022,0.0001,-0.0207,355.9375,imu,0.0003
1786427779.265520,0.1484,8.09960651397705,0.7747914791107178,0.0260,-0.1245,0.0060,-0.0001,-0.0360,356.8125,imu,-0.0004
1786427779.397291,0.1318,8.0595064163208,1.0319396257400513,0.0267,-0.1195,0.0095,-0.0003,-0.0709,358.8125,imu,0.0010
1786427779.456493,0.0592,7.9126129150390625,1.6267271041870117,0.0280,-0.1068,0.0112,-0.0003,-0.0818,359.4375,imu,0.0010
1786427779.501667,0.0452,7.055875301361084,1.6935640573501587,0.0257,-0.0911,0.0123,-0.0004,-0.0884,359.8125,imu,-0.0004
1786427779.581442,0.0798,7.714827060699463,1.8095418214797974,0.0279,-0.1004,0.0146,-0.0008,-0.0916,0.0000,imu,-0.0014
1786427779.610043,0.0286,7.762199401855469,1.6157591342926025,0.0275,-0.1045,0.0153,-0.0009,-0.1091,1.0000,imu,-0.0003
1786427779.660675,0.0506,7.159147262573242,1.2392311096191406,0.0246,-0.1006,0.0166,-0.0010,-0.1244,1.8750,imu,0.0005
1786427779.762276,0.1016,7.845493793487549,1.0707851648330688,0.0261,-0.1152,0.0192,-0.0012,-0.1287,2.1250,imu,0.0016
1786427779.859236,0.0970,7.776490688323975,1.1504366397857666,0.0262,-0.1126,0.0217,-0.0015,-0.1331,2.3750,imu,0.0002
1786427779.984251,0.1250,7.662381172180176,1.5097650289535522,0.0269,-0.1046,0.0251,-0.0021,-0.1331,2.3750,imu,-0.0013
1786427780.071731,0.0875,7.049915790557861,1.4308797121047974,0.0249,-0.0955,0.0272,-0.0024,-0.1418,2.8750,imu,-0.0006
1786427780.162173,0.0904,7.7176337242126465,1.3721933364868164,0.0267,-0.1079,0.0296,-0.0028,-0.1462,3.1250,imu,0.0001
1786427780.282710,0.1205,7.840784072875977,1.2449971437454224,0.0266,-0.1121,0.0328,-0.0033,-0.1593,3.8750,imu,0.0000
1786427780.383144,0.1004,7.053406715393066,1.201588749885559,0.0242,-0.0995,0.0352,-0.0037,-0.1647,4.1875,imu,-0.0002
1786427780.470470,0.0873,7.724632740020752,1.373437762260437,0.0267,-0.1080,0.0374,-0.0042,-0.1691,4.4375,imu,-0.0007
1786427780.597709,0.1272,7.740626335144043,1.1755194664001465,0.0261,-0.1116,0.0407,-0.0048,-0.1756,4.8125,imu,-0.0004
1786427780.691089,0.0934,7.467647075653076,0.9493131041526794,0.0247,-0.1108,0.0430,-0.0051,-0.1876,5.5000,imu,0.0008
1786427780.781829,0.0907,7.446963310241699,1.3542035818099976,0.0258,-0.1036,0.0453,-0.0057,-0.1974,6.0625,imu,-0.0007
1786427780.893456,0.1116,7.790164947509766,1.5288102626800537,0.0273,-0.1064,0.0483,-0.0062,-0.1963,6.0000,imu,0.0002
1786427781.009131,0.1157,7.873378753662109,1.392363429069519,0.0272,-0.1102,0.0513,-0.0069,-0.1974,6.0625,imu,-0.0004
1786427781.088890,0.0798,6.999819755554199,1.254717469215393,0.0242,-0.0977,0.0532,-0.0073,-0.2029,6.3750,imu,-0.0002
1786427781.215883,0.1270,7.763548851013184,1.294180989265442,0.0266,-0.1100,0.0565,-0.0080,-0.2149,7.0625,imu,0.0002
1786427781.324867,0.1090,7.384610652923584,1.2904845476150513,0.0254,-0.1036,0.0593,-0.0085,-0.2203,7.3750,imu,0.0014
1786427781.409732,0.0849,7.501157283782959,1.329992413520813,0.0259,-0.1049,0.0614,-0.0090,-0.2291,7.8750,imu,-0.0009
1786427781.515023,0.1053,7.569247722625732,1.4436665773391724,0.0264,-0.1041,0.0641,-0.0097,-0.2302,7.9375,imu,-0.0003
1786427781.620850,0.1058,4.660643577575684,0.7778017520904541,0.0159,-0.0660,0.0657,-0.0100,-0.2367,8.3125,imu,0.0004
1786427781.709750,0.0889,1.1397329568862915,0.07593080401420593,0.0036,-0.0181,0.0661,-0.0101,-0.2323,8.0625,imu,0.0004
1786427781.832987,0.1232,-0.057990752160549164,-0.005341253709048033,-0.0002,0.0009,0.0660,-0.0101,-0.2322,7.7500,enc,-0.0004
1786427781.940593,0.1076,0.0,0.0,0.0000,0.0000,0.0660,-0.0101,-0.2322,7.5625,enc,0.0000
1786427782.018688,0.0781,0.0,0.0,0.0000,0.0000,0.0660,-0.0101,-0.2322,7.2500,enc,0.0000
1786427782.145855,0.1272,-0.002619036240503192,-0.028435248881578445,-0.0001,-0.0004,0.0660,-0.0101,-0.2323,7.0625,enc,0.0001
1786427782.235413,0.0896,0.23440766334533691,0.021590178832411766,0.0008,-0.0036,0.0661,-0.0101,-0.2326,7.0000,enc,-0.0002
1786427782.332784,0.0974,2.9912304878234863,0.3045588433742523,0.0097,-0.0457,0.0670,-0.0103,-0.2345,7.1250,imu,0.0003
1786427782.461387,0.1286,5.688176155090332,0.5529689192771912,0.0183,-0.0873,0.0693,-0.0109,-0.2476,7.8750,imu,0.0005
1786427782.545263,0.0839,7.992864608764648,1.8987103700637817,0.0290,-0.1036,0.0717,-0.0114,-0.2628,8.7500,imu,0.0005
1786427782.641361,0.0961,8.499100685119629,3.1328282356262207,0.0341,-0.0912,0.0748,-0.0124,-0.2781,9.6250,imu,-0.0004
1786427782.890817,0.2495,7.5050811767578125,2.6710031032562256,0.0298,-0.0822,0.0819,-0.0146,-0.2868,10.1250,imu,-0.0004
1786427782.962370,0.0716,7.749405860900879,2.3365120887756348,0.0296,-0.0920,0.0839,-0.0152,-0.2868,10.1250,imu,0.0000
1786427783.037619,0.0752,7.680328369140625,2.0146260261535645,0.0284,-0.0963,0.0860,-0.0158,-0.2934,10.5000,imu,0.0003
1786427783.116436,0.0788,7.8901495933532715,1.8216861486434937,0.0285,-0.1032,0.0881,-0.0165,-0.2977,10.7500,imu,-0.0004
1786427783.193210,0.0768,7.341604232788086,1.8568973541259766,0.0270,-0.0932,0.0901,-0.0171,-0.3076,11.3125,imu,-0.0006
1786427783.268516,0.0753,7.85922908782959,2.055260181427002,0.0291,-0.0987,0.0922,-0.0178,-0.3097,11.4375,imu,-0.0001
1786427783.382768,0.1143,7.60597038269043,1.966797947883606,0.0281,-0.0959,0.0952,-0.0188,-0.3196,12.0000,imu,0.0002
1786427783.476071,0.0933,7.196866035461426,1.7960354089736938,0.0264,-0.0918,0.0976,-0.0196,-0.3217,12.1250,imu,0.0001
1786427783.574175,0.0981,7.8751349449157715,1.9975614547729492,0.0289,-0.0999,0.1003,-0.0205,-0.3272,12.4375,imu,0.0000
1786427783.697397,0.1232,7.868669033050537,1.9912316799163818,0.0289,-0.0999,0.1036,-0.0217,-0.3359,12.9375,imu,-0.0003
1786427783.783970,0.0866,7.720859527587891,1.8437873125076294,0.0280,-0.0999,0.1059,-0.0225,-0.3392,13.1250,imu,0.0003
1786427783.894907,0.1109,7.160253524780273,1.931584119796753,0.0267,-0.0889,0.1087,-0.0233,-0.3446,13.4375,imu,0.0015
1786427784.014890,0.1200,7.392009735107422,1.9267288446426392,0.0273,-0.0929,0.1118,-0.0245,-0.3501,13.7500,imu,-0.0007
1786427784.100360,0.0855,7.940266132354736,2.009349822998047,0.0292,-0.1008,0.1141,-0.0254,-0.3556,14.0625,imu,-0.0003
1786427784.195816,0.0955,7.6135430335998535,1.8926844596862793,0.0279,-0.0972,0.1166,-0.0263,-0.3676,14.7500,imu,0.0010
1786427784.317459,0.1216,7.495842456817627,1.9961189031600952,0.0278,-0.0935,0.1197,-0.0276,-0.3676,14.7500,imu,-0.0010
1786427784.406931,0.0895,7.697421073913574,1.9284008741378784,0.0282,-0.0981,0.1221,-0.0285,-0.3752,15.1875,imu,0.0005
1786427784.519015,0.1121,7.829397201538086,1.9097404479980469,0.0286,-0.1006,0.1251,-0.0297,-0.3839,15.6875,imu,0.0001
1786427784.624799,0.1058,7.102950096130371,1.890482783317566,0.0264,-0.0886,0.1276,-0.0308,-0.3937,16.2500,imu,-0.0004
1786427784.716127,0.0913,7.904760360717773,2.0050761699676514,0.0291,-0.1003,0.1301,-0.0318,-0.4025,16.7500,imu,-0.0002
1786427784.847288,0.1312,7.8380889892578125,2.0546820163726807,0.0290,-0.0983,0.1336,-0.0334,-0.4036,16.8125,imu,-0.0002
1786427784.988626,0.1413,6.970700740814209,1.7624036073684692,0.0256,-0.0885,0.1369,-0.0348,-0.4090,17.1250,imu,0.0004
1786427785.211519,0.2229,7.7811150550842285,1.9068528413772583,0.0284,-0.0999,0.1428,-0.0372,-0.4145,17.4375,imu,0.0007
1786427785.292427,0.0809,7.851668834686279,1.9303067922592163,0.0287,-0.1007,0.1449,-0.0382,-0.4232,17.9375,imu,-0.0005
1786427785.562237,0.2698,7.844280242919922,2.069770097732544,0.0291,-0.0982,0.1519,-0.0415,-0.4330,18.5000,imu,-0.0004
1786427785.620829,0.0586,6.819225788116455,1.7904131412506104,0.0252,-0.0855,0.1533,-0.0422,-0.4396,18.8750,imu,-0.0007
1786427785.726690,0.1059,3.963308334350586,0.943608283996582,0.0144,-0.0513,0.1546,-0.0428,-0.4363,18.6875,imu,0.0000
1786427785.954717,0.2280,0.5829241871833801,0.024657731875777245,0.0018,-0.0095,0.1551,-0.0429,-0.4341,18.5625,imu,0.0005
1786427786.024836,0.0701,-0.058474715799093246,-0.005385829135775566,-0.0002,0.0009,0.1550,-0.0429,-0.4340,18.3750,enc,0.0000
1786427786.310148,0.2853,0.0,0.0,0.0000,0.0000,0.1550,-0.0429,-0.4340,18.1250,enc,0.0000
1786427786.357502,0.0474,0.0,0.0,0.0000,0.0000,0.1550,-0.0429,-0.4340,18.0625,enc,0.0000
1786427786.397259,0.0398,0.0,0.0,0.0000,0.0000,0.1550,-0.0429,-0.4340,17.8750,enc,0.0000
1786427786.454830,0.0576,0.6408987641334534,0.08779435604810715,0.0021,-0.0094,0.1552,-0.0430,-0.4329,17.8125,imu,0.0001
1786427786.700128,0.2453,4.439589977264404,0.6121048927307129,0.0148,-0.0651,0.1585,-0.0445,-0.4395,18.1875,imu,0.0002
1786427786.758588,0.0585,7.568154335021973,1.6172770261764526,0.0269,-0.1012,0.1599,-0.0451,-0.4537,19.0000,imu,0.0004
1786427786.970960,0.2124,8.203705787658691,2.3982770442962646,0.0311,-0.0987,0.1657,-0.0482,-0.4689,19.8750,imu,-0.0004
1786427787.040913,0.0700,9.150006294250488,2.4988913536071777,0.0342,-0.1131,0.1679,-0.0493,-0.4798,20.5000,imu,-0.0004
1786427787.236822,0.1959,7.664242267608643,1.8586934804916382,0.0279,-0.0987,0.1727,-0.0519,-0.4940,21.3125,imu,0.0000
1786427787.315340,0.0785,8.494166374206543,2.059962511062622,0.0309,-0.1094,0.1748,-0.0531,-0.5028,21.8125,imu,0.0004
1786427787.493971,0.1786,7.694360256195068,1.8417577743530273,0.0280,-0.0995,0.1791,-0.0557,-0.5202,22.8125,imu,-0.0009
1786427787.558790,0.0648,8.352508544921875,2.04764461517334,0.0305,-0.1072,0.1808,-0.0567,-0.5289,23.3125,imu,-0.0001
1786427787.666416,0.1076,8.427467346191406,2.019660234451294,0.0306,-0.1089,0.1836,-0.0583,-0.5377,23.8125,imu,0.0006
1786427787.865846,0.1994,8.208135604858398,1.9444267749786377,0.0298,-0.1065,0.1889,-0.0611,-0.5486,24.4375,imu,0.0017
1786427787.953511,0.0877,8.17895221710205,2.084484577178955,0.0301,-0.1036,0.1911,-0.0626,-0.5551,24.8125,imu,-0.0011
1786427788.224176,0.2707,8.455384254455566,1.9977260828018188,0.0307,-0.1098,0.1979,-0.0673,-0.5617,25.1875,imu,-0.0010
1786427788.263407,0.0392,8.299488067626953,2.0868897438049316,0.0305,-0.1056,0.1989,-0.0679,-0.5693,25.6250,imu,0.0002
1786427788.523237,0.2598,7.685640335083008,1.8878953456878662,0.0281,-0.0986,0.2051,-0.0719,-0.5835,26.4375,imu,0.0002
1786427788.576694,0.0535,8.430232048034668,2.096703052520752,0.0309,-0.1077,0.2064,-0.0728,-0.6042,27.6250,imu,0.0001
1786427788.673367,0.0967,8.394599914550781,2.1061484813690186,0.0308,-0.1069,0.2089,-0.0745,-0.6140,28.1875,imu,0.0003
1786427788.931296,0.2579,8.53973388671875,2.0622172355651855,0.0311,-0.1101,0.2152,-0.0794,-0.6467,30.0625,imu,-0.0002
1786427789.083623,0.1523,8.32957935333252,2.0570056438446045,0.0305,-0.1066,0.2189,-0.0822,-0.6467,30.0625,imu,-0.0005
1786427789.083695,0.0001,7.559403419494629,1.7121808528900146,0.0272,-0.0994,0.2189,-0.0822,-0.6587,30.7500,imu,0.0004
1786427789.325412,0.2417,8.421854019165039,1.8395975828170776,0.0301,-0.1119,0.2246,-0.0867,-0.6664,31.1875,imu,0.0000
1786427789.625961,0.3005,8.547384262084961,1.916886568069458,0.0307,-0.1127,0.2318,-0.0925,-0.6773,31.8125,imu,0.0002
1786427789.628116,0.0022,8.361163139343262,2.1261868476867676,0.0308,-0.1060,0.2319,-0.0925,-0.6958,32.8750,imu,-0.0002
1786427789.927363,0.2992,8.412673950195312,2.1251866817474365,0.0309,-0.1069,0.2389,-0.0985,-0.7067,33.5000,imu,0.0001
1786427789.967242,0.0399,6.81964635848999,1.6428711414337158,0.0248,-0.0880,0.2397,-0.0992,-0.7362,35.1875,imu,-0.0003
1786427790.053089,0.0858,3.7050068378448486,0.8876141905784607,0.0135,-0.0479,0.2405,-0.0999,-0.7351,35.1250,imu,-0.0003
1786427790.288903,0.2358,0.407225638628006,0.008475841023027897,0.0012,-0.0068,0.2408,-0.1001,-0.7367,35.1250,enc,0.0005
1786427790.372135,0.0832,0.0,0.0,0.0000,0.0000,0.2408,-0.1001,-0.7367,35.0625,enc,0.0000
1786427790.465917,0.0938,0.0,0.0,0.0000,0.0000,0.2408,-0.1001,-0.7367,35.0000,enc,0.0000
1786427790.700816,0.2349,0.1786850243806839,0.04553959518671036,0.0007,-0.0023,0.2410,-0.1001,-0.7372,34.4375,enc,0.0003
1786427790.947837,0.2470,3.1592936515808105,0.4353945851325989,0.0105,-0.0463,0.2429,-0.1018,-0.7356,34.3750,imu,0.0001
1786427791.030335,0.0825,9.152178764343262,2.5851283073425293,0.0344,-0.1116,0.2450,-0.1038,-0.7683,36.2500,imu,0.0003
1786427791.270459,0.2401,9.15048599243164,2.790078639984131,0.0350,-0.1081,0.2512,-0.1094,-0.7803,36.9375,imu,0.0016
1786427791.328286,0.0578,8.300127029418945,2.1153671741485596,0.0305,-0.1051,0.2524,-0.1107,-0.7934,37.6875,imu,-0.0001
1786427791.476838,0.1486,8.425745964050293,1.9580878019332886,0.0304,-0.1099,0.2556,-0.1139,-0.8032,38.2500,imu,0.0003
1786427791.610669,0.1338,7.625476837158203,1.8775554895401,0.0279,-0.0977,0.2581,-0.1167,-0.8327,39.9375,imu,-0.0001
1786427791.745514,0.1348,8.41458797454834,2.082536458969116,0.0308,-0.1076,0.2608,-0.1199,-0.8414,40.4375,imu,-0.0009
1786427791.787823,0.0423,8.2650146484375,1.997846007347107,0.0301,-0.1065,0.2616,-0.1208,-0.8523,41.0625,imu,-0.0002
1786427791.787898,0.0001,8.435885429382324,2.1026611328125,0.0309,-0.1077,0.2616,-0.1208,-0.8611,41.5625,imu,0.0004
1786427792.014598,0.2267,7.797609329223633,1.8778434991836548,0.0284,-0.1006,0.2658,-0.1258,-0.8720,42.1875,imu,0.0001
1786427792.074889,0.0603,8.560199737548828,2.095808982849121,0.0312,-0.1099,0.2670,-0.1272,-0.8774,42.5000,imu,0.0001
1786427792.138514,0.0636,8.318578720092773,2.0724220275878906,0.0305,-0.1062,0.2682,-0.1287,-0.8872,43.0625,imu,-0.0003
1786427792.365369,0.2269,7.734866619110107,1.8714255094528198,0.0282,-0.0997,0.2723,-0.1336,-0.8971,43.6250,imu,0.0005
1786427792.440384,0.0750,8.569767951965332,2.098151683807373,0.0313,-0.1100,0.2737,-0.1355,-0.9091,44.3125,imu,0.0003
1786427792.532896,0.0925,7.703374862670898,1.958511233329773,0.0283,-0.0977,0.2753,-0.1376,-0.9287,45.4375,imu,-0.0004
1786427792.727543,0.1946,8.311639785766602,2.0421037673950195,0.0304,-0.1066,0.2788,-0.1423,-0.9374,45.9375,imu,0.0004
1786427792.818862,0.0913,8.288293838500977,1.9707872867584229,0.0301,-0.1074,0.2805,-0.1445,-0.9549,46.9375,imu,0.0007
1786427793.024691,0.2058,8.051419258117676,1.6419668197631836,0.0284,-0.1089,0.2839,-0.1492,-0.9680,47.6875,imu,0.0008
1786427793.126748,0.1021,8.262015342712402,1.6907289028167725,0.0292,-0.1117,0.2854,-0.1519,-0.9810,48.4375,imu,-0.0025
1786427794.651088,1.5243,8.421401977539062,2.099050998687744,0.0308,-0.1075,0.3112,-0.1912,-0.9898,48.9375,imu,0.0000
1786427794.972676,0.3216,8.368876457214355,2.1328885555267334,0.0308,-0.1060,0.3167,-0.1994,-1.0007,49.5625,imu,0.0007
1786427795.148854,0.1762,7.817283630371094,1.9684805870056152,0.0287,-0.0994,0.3195,-0.2036,-1.0127,50.2500,imu,0.0008
1786427795.371702,0.2228,8.500295639038086,2.1050493717193604,0.0311,-0.1087,0.3231,-0.2095,-1.0258,51.0000,imu,0.0001
1786427795.535208,0.1635,0.35128748416900635,0.032355424016714096,0.0011,-0.0054,0.3232,-0.2097,-1.0267,51.7500,enc,0.0000
1786427795.802293,0.2671,0.0,0.0,0.0000,0.0000,0.3232,-0.2097,-1.0267,51.2500,enc,0.0000
1786427796.260960,0.4587,7.618172645568848,1.7749176025390625,0.0275,-0.0993,0.3284,-0.2212,-1.1314,57.2500,imu,-0.0004
1786427797.432770,1.1718,8.4721040725708,2.059020519256592,0.0309,-0.1090,0.3432,-0.2542,-1.1412,57.8125,imu,-0.0003
1786427797.736119,0.3033,8.120266914367676,2.0083975791931152,0.0297,-0.1039,0.3467,-0.2625,-1.1619,59.0000,imu,-0.0003
1786427797.916085,0.1800,8.413514137268066,2.110893964767456,0.0309,-0.1071,0.3489,-0.2676,-1.1663,59.2500,imu,0.0003
1786427798.170873,0.2548,8.533618927001953,2.0035653114318848,0.0309,-0.1110,0.3520,-0.2748,-1.1728,59.6250,imu,0.0004
1786427798.349711,0.1788,8.396466255187988,1.866135835647583,0.0301,-0.1110,0.3538,-0.2799,-1.2645,64.8750,imu,0.0007
1786427798.556972,0.2073,8.525186538696289,2.005767583847046,0.0309,-0.1108,0.3556,-0.2861,-1.2819,65.8750,imu,-0.0001
1786427798.646514,0.0895,0.029022863134741783,0.002673158422112465,0.0001,-0.0004,0.3556,-0.2861,-1.2820,65.8750,enc,0.0001
1786427798.726700,0.0802,0.0,0.0,0.0000,0.0000,0.3556,-0.2861,-1.2820,65.6250,enc,0.0000
1786427798.817871,0.0912,0.0,0.0,0.0000,0.0000,0.3556,-0.2861,-1.2820,65.5625,enc,0.0000
1786427798.859304,0.0414,7.652976036071777,0.993485152721405,0.0254,-0.1132,0.3558,-0.2871,-1.3103,67.1875,imu,-0.0011
1786427798.956223,0.0969,8.427331924438477,1.5897643566131592,0.0294,-0.1162,0.3563,-0.2899,-1.3234,67.9375,imu,-0.0027
1786427799.058156,0.1019,7.258508682250977,1.8308223485946655,0.0267,-0.0923,0.3569,-0.2926,-1.3365,68.6875,imu,-0.0002
1786427799.119097,0.0609,7.927859783172607,2.0252151489257812,0.0292,-0.1003,0.3574,-0.2943,-1.3419,69.0000,imu,0.0015
1786427799.172446,0.0533,7.477116584777832,1.1562212705612183,0.0253,-0.1074,0.3577,-0.2956,-1.3627,70.1875,imu,0.0012
1786427799.256049,0.0836,7.48545503616333,1.1186603307724,0.0252,-0.1082,0.3582,-0.2976,-1.3659,70.3750,imu,0.0005
1786427799.348447,0.0924,7.476160526275635,1.5228720903396606,0.0264,-0.1012,0.3586,-0.3000,-1.3747,70.8750,imu,-0.0009
1786427799.422095,0.0736,7.710357666015625,1.4818421602249146,0.0270,-0.1059,0.3589,-0.3020,-1.3823,71.3125,imu,-0.0006
1786427799.488831,0.0667,7.121645927429199,1.2663360834121704,0.0246,-0.0995,0.3592,-0.3036,-1.3921,71.8750,imu,0.0004
1786427799.583014,0.0942,7.824426651000977,1.3219940662384033,0.0268,-0.1105,0.3596,-0.3061,-1.4019,72.4375,imu,-0.0002
1786427799.649699,0.0667,7.804131031036377,1.4452236890792847,0.0271,-0.1081,0.3599,-0.3079,-1.4052,72.6250,imu,-0.0008
1786427799.685279,0.0356,7.028626918792725,1.2285058498382568,0.0242,-0.0986,0.3600,-0.3088,-1.4139,73.1250,imu,-0.0002
1786427799.823272,0.1380,7.855861186981201,1.3629167079925537,0.0270,-0.1104,0.3606,-0.3124,-1.4270,73.8750,imu,0.0002
1786427799.895359,0.0721,7.910636901855469,1.3099533319473267,0.0270,-0.1122,0.3609,-0.3144,-1.4368,74.4375,imu,0.0006
1786427799.951823,0.0565,7.215157985687256,1.3330973386764526,0.0251,-0.1000,0.3610,-0.3158,-1.4467,75.0000,imu,0.0001
1786427800.208024,0.2562,7.436303615570068,1.375593900680542,0.0258,-0.1030,0.3617,-0.3224,-1.4532,75.3750,imu,-0.0004
1786427800.258707,0.0507,7.735063076019287,1.3226613998413086,0.0266,-0.1090,0.3619,-0.3237,-1.4598,75.7500,imu,-0.0001
1786427800.306341,0.0476,7.437326431274414,1.0332615375518799,0.0248,-0.1089,0.3620,-0.3249,-1.4663,76.1250,imu,0.0007
1786427800.569212,0.2629,7.484630584716797,0.9771028161048889,0.0248,-0.1106,0.3622,-0.3314,-1.4761,76.6875,imu,-0.0018
1786427800.586345,0.0171,7.797007083892822,1.236110806465149,0.0265,-0.1115,0.3622,-0.3319,-1.4870,77.3125,imu,-0.0010
1786427800.654366,0.0680,7.6446709632873535,1.797219157218933,0.0277,-0.0994,0.3624,-0.3337,-1.4914,77.5625,imu,0.0007
1786427800.887491,0.2331,7.471950531005859,1.5754410028457642,0.0265,-0.1002,0.3631,-0.3399,-1.4979,77.9375,imu,0.0010
1786427800.957368,0.0699,7.157472133636475,1.3566802740097046,0.0250,-0.0986,0.3632,-0.3416,-1.5045,78.3125,imu,0.0002
1786427801.008606,0.0512,7.836696147918701,1.357221007347107,0.0270,-0.1101,0.3633,-0.3430,-1.5154,78.9375,imu,0.0001
1786427801.230764,0.2222,7.914317607879639,1.3946560621261597,0.0273,-0.1108,0.3637,-0.3491,-1.5187,79.1250,imu,0.0002
1786427801.301656,0.0709,7.025778770446777,1.1703202724456787,0.0240,-0.0995,0.3637,-0.3508,-1.5263,79.5625,imu,0.0000
1786427801.364597,0.0629,7.655081272125244,1.4024547338485718,0.0266,-0.1063,0.3638,-0.3524,-1.5318,79.8750,imu,0.0003
1786427801.673023,0.3084,7.166138648986816,1.2692322731018066,0.0247,-0.1002,0.3641,-0.3600,-1.5438,80.5625,imu,0.0004
1786427801.739564,0.0665,3.5442087650299072,0.61705482006073,0.0122,-0.0498,0.3642,-0.3609,-1.5503,80.9375,imu,0.0002
1786427801.926312,0.1867,0.8793234825134277,0.08099032193422318,0.0028,-0.0136,0.3642,-0.3614,-1.5503,80.9375,imu,0.0000
1786427802.022923,0.0966,0.0,0.0,0.0000,0.0000,0.3642,-0.3614,-1.5503,80.6875,enc,-0.0002
1786427802.221030,0.1981,0.0,0.0,0.0000,0.0000,0.3642,-0.3614,-1.5503,80.4375,enc,0.0000
1786427802.289778,0.0687,0.0,0.0,0.0000,0.0000,0.3642,-0.3614,-1.5503,80.2500,enc,0.0000
1786427802.372817,0.0830,-0.00267225899733603,-0.029013097286224365,-0.0001,-0.0004,0.3642,-0.3614,-1.5503,80.1250,enc,0.0001
1786427802.402962,0.0301,0.0,0.0,0.0000,0.0000,0.3642,-0.3614,-1.5503,80.1250,enc,0.0000
1786427802.606339,0.2034,0.0,0.0,0.0000,0.0000,0.3642,-0.3614,-1.5503,80.1250,enc,0.0000
1786427802.738396,0.1321,0.0,0.0,0.0000,0.0000,0.3642,-0.3614,-1.5503,80.1250,enc,0.0000
1786427802.918197,0.1798,0.0,0.0,0.0000,0.0000,0.3642,-0.3614,-1.5503,80.1250,enc,0.0000
1786427803.006959,0.0888,0.0,0.0,0.0000,0.0000,0.3642,-0.3614,-1.5503,80.1250,enc,0.0000
1786427803.079509,0.0725,0.0,0.0,0.0000,0.0000,0.3642,-0.3614,-1.5503,80.1250,enc,0.0000
1786427803.278400,0.1989,0.0,0.0,0.0000,0.0000,0.3642,-0.3614,-1.5503,80.1250,enc,0.0000
1786427803.350393,0.0720,0.0,0.0,0.0000,0.0000,0.3642,-0.3614,-1.5503,80.1250,enc,0.0000
1786427803.407100,0.0567,0.0,0.0,0.0000,0.0000,0.3642,-0.3614,-1.5503,80.1250,enc,0.0000
1786427803.407164,0.0001,0.0,0.0,0.0000,0.0000,0.3642,-0.3614,-1.5503,80.1250,enc,0.0000
1786427803.655783,0.2486,0.0,0.0,0.0000,0.0000,0.3642,-0.3614,-1.5503,80.1250,enc,0.0000
1786427803.741959,0.0862,0.0,0.0,0.0000,0.0000,0.3642,-0.3614,-1.5503,80.1250,enc,0.0000
1786427803.951054,0.2091,0.0,0.0,0.0000,0.0000,0.3642,-0.3614,-1.5503,80.1250,enc,0.0000
1786427803.995424,0.0444,0.0,0.0,0.0000,0.0000,0.3642,-0.3614,-1.5503,80.1250,enc,0.0000
1786427804.106650,0.1112,0.0,0.0,0.0000,0.0000,0.3642,-0.3614,-1.5503,80.1250,enc,0.0000
1786427804.249988,0.1433,2.8423116207122803,3.053107738494873,0.0173,0.0036,0.3643,-0.3639,-1.5536,80.3125,imu,0.0004
1786427804.289804,0.0398,7.231595993041992,6.49213171005249,0.0402,-0.0126,0.3643,-0.3655,-1.5482,80.0000,imu,-0.0007
1786427804.374785,0.0850,9.005123138427734,8.659896850585938,0.0518,-0.0059,0.3645,-0.3699,-1.5427,79.6875,imu,0.0012
1786427804.442948,0.0682,10.332948684692383,9.93370246887207,0.0594,-0.0068,0.3647,-0.3739,-1.5416,79.6250,imu,0.0007
1786427804.617721,0.1748,10.132899284362793,9.068714141845703,0.0563,-0.0181,0.3650,-0.3837,-1.5394,79.5000,imu,0.0004
1786427804.709665,0.0919,9.238131523132324,9.450963973999023,0.0548,0.0036,0.3652,-0.3888,-1.5405,79.5625,imu,0.0000
1786427804.773809,0.0641,10.052213668823242,9.230817794799805,0.0565,-0.0140,0.3653,-0.3924,-1.5405,79.5625,imu,-0.0003
1786427804.952665,0.1789,9.63513469696045,8.730756759643555,0.0539,-0.0154,0.3655,-0.4020,-1.5372,79.3750,imu,-0.0008
1786427805.024234,0.0716,8.80774211883545,8.67489242553711,0.0513,-0.0023,0.3657,-0.4057,-1.5383,79.4375,imu,0.0016
1786427805.093654,0.0694,9.81087589263916,9.253387451171875,0.0559,-0.0095,0.3658,-0.4096,-1.5394,79.5000,imu,-0.0003
1786427805.284375,0.1907,9.845067024230957,9.213419914245605,0.0559,-0.0107,0.3660,-0.4202,-1.5405,79.5625,imu,-0.0007
1786427805.372992,0.0886,8.882994651794434,8.298900604248047,0.0504,-0.0099,0.3661,-0.4247,-1.5416,79.6250,imu,0.0000
1786427805.432800,0.0598,9.55942153930664,8.97885799407959,0.0544,-0.0099,0.3663,-0.4279,-1.5405,79.5625,imu,0.0009
1786427805.603137,0.1703,9.685391426086426,9.133235931396484,0.0552,-0.0094,0.3666,-0.4373,-1.5383,79.4375,imu,-0.0001
1786427805.707566,0.1044,9.923508644104004,8.965371131896973,0.0554,-0.0163,0.3666,-0.4431,-1.5362,79.3125,imu,-0.0019
1786427805.767522,0.0600,8.929665565490723,8.850621223449707,0.0521,-0.0013,0.3667,-0.4462,-1.5351,79.2500,imu,0.0003
1786427805.806776,0.0393,9.555033683776855,9.08077621459961,0.0546,-0.0081,0.3668,-0.4484,-1.5372,79.3750,imu,0.0004
1786427806.000673,0.1939,9.729620933532715,9.0910062789917,0.0552,-0.0109,0.3671,-0.4591,-1.5383,79.4375,imu,0.0000
1786427806.058071,0.0574,8.990823745727539,8.325593948364258,0.0508,-0.0113,0.3672,-0.4620,-1.5416,79.6250,imu,-0.0007
1786427806.093888,0.0358,9.8572359085083,9.325661659240723,0.0562,-0.0090,0.3672,-0.4640,-1.5383,79.4375,imu,-0.0006
1786427806.294709,0.2008,9.652849197387695,9.227209091186523,0.0554,-0.0072,0.3676,-0.4751,-1.5438,79.7500,imu,0.0002
1786427806.338642,0.0439,8.918850898742676,8.200608253479004,0.0502,-0.0122,0.3676,-0.4773,-1.5449,79.8125,imu,0.0005
1786427806.390509,0.0519,9.87486457824707,9.237204551696777,0.0560,-0.0108,0.3677,-0.4802,-1.5471,79.9375,imu,0.0000
1786427806.462502,0.0720,9.77817440032959,9.19781494140625,0.0556,-0.0099,0.3678,-0.4842,-1.5372,79.3750,imu,-0.0006
1786427806.647313,0.1848,9.270027160644531,8.525031089782715,0.0522,-0.0127,0.3684,-0.4939,-1.5252,78.6875,imu,0.0009
1786427806.708991,0.0617,9.205399513244629,9.020939826965332,0.0534,-0.0031,0.3685,-0.4972,-1.5187,78.3125,imu,-0.0012
1786427806.800224,0.0912,9.589075088500977,8.80873966217041,0.0539,-0.0133,0.3688,-0.5021,-1.5111,77.8750,imu,0.0004
1786427806.840216,0.0400,9.81994915008545,9.134836196899414,0.0556,-0.0116,0.3690,-0.5043,-1.5045,77.5000,imu,0.0000
1786427807.018217,0.1780,9.529875755310059,9.187601089477539,0.0549,-0.0058,0.3697,-0.5140,-1.4925,76.8125,imu,-0.0005
1786427807.099972,0.0818,6.693803310394287,6.482141494750977,0.0386,-0.0036,0.3699,-0.5172,-1.4914,76.7500,imu,-0.0002
1786427807.145806,0.0458,3.11617112159729,2.9053971767425537,0.0177,-0.0036,0.3700,-0.5180,-1.4969,77.0625,imu,0.0004
1786427807.329213,0.1834,0.11613187193870544,0.010696356184780598,0.0004,-0.0018,0.3700,-0.5180,-1.4972,76.3750,enc,0.0004
1786427807.418680,0.0895,0.0,0.0,0.0000,0.0000,0.3700,-0.5180,-1.4972,76.3750,enc,0.0000
1786427807.471897,0.0532,0.029303057119250298,0.002698965836316347,0.0001,-0.0005,0.3700,-0.5181,-1.4972,76.3750,enc,0.0001
1786427807.673062,0.2012,1.5913116931915283,1.3006943464279175,0.0085,-0.0049,0.3702,-0.5198,-1.4972,76.3750,imu,0.0001
1786427807.772351,0.0993,6.224384307861328,5.7722697257995605,0.0352,-0.0077,0.3705,-0.5232,-1.4852,75.6875,imu,0.0003
1786427807.978980,0.2066,9.313532829284668,8.418536186218262,0.0520,-0.0152,0.3715,-0.5339,-1.4732,75.0000,imu,-0.0002
1786427808.049454,0.0705,9.640449523925781,10.6187105178833,0.0594,0.0166,0.3719,-0.5381,-1.4612,74.3125,imu,-0.0007
1786427808.146966,0.0975,10.259733200073242,10.783498764038086,0.0617,0.0089,0.3726,-0.5441,-1.4601,74.2500,imu,-0.0006
1786427808.340935,0.1940,10.110589027404785,10.16325855255127,0.0594,0.0009,0.3738,-0.5555,-1.4623,74.3750,imu,0.0000
1786427808.428153,0.0872,9.895222663879395,9.017317771911621,0.0555,-0.0149,0.3743,-0.5603,-1.4645,74.5000,imu,0.0003
1786427808.497953,0.0698,9.00275707244873,9.661327362060547,0.0547,0.0112,0.3747,-0.5641,-1.4623,74.3750,imu,-0.0001
1786427808.498030,0.0001,9.605064392089844,9.710358619689941,0.0566,0.0018,0.3747,-0.5641,-1.4612,74.3125,imu,0.0000
1786427808.660617,0.1626,9.79063892364502,9.737412452697754,0.0573,-0.0009,0.3760,-0.5734,-1.4449,73.3750,imu,0.0004
1786427808.713749,0.0531,9.301847457885742,8.827570915222168,0.0532,-0.0081,0.3764,-0.5762,-1.4459,73.4375,imu,0.0020
1786427808.798882,0.0851,9.30184555053711,9.722182273864746,0.0558,0.0071,0.3769,-0.5809,-1.4470,73.5000,imu,-0.0009
1786427809.000806,0.2019,9.897659301757812,10.004056930541992,0.0584,0.0018,0.3784,-0.5926,-1.4438,73.3125,imu,-0.0004
1786427809.092336,0.0915,9.772090911865234,9.878514289855957,0.0576,0.0018,0.3790,-0.5978,-1.4438,73.3125,imu,-0.0004
1786427809.092409,0.0001,8.961475372314453,8.881867408752441,0.0523,-0.0014,0.3790,-0.5978,-1.4056,71.1250,imu,0.0003
1786427809.180030,0.0876,9.932621955871582,9.719755172729492,0.0576,-0.0036,0.3799,-0.6028,-1.3936,70.4375,imu,0.0004
1786427809.219148,0.0391,9.80386734008789,9.909942626953125,0.0578,0.0018,0.3803,-0.6050,-1.3892,70.1875,imu,-0.0004
1786427809.292117,0.0730,8.905524253845215,8.985343933105469,0.0525,0.0014,0.3810,-0.6088,-1.3881,70.1250,imu,-0.0005
1786427809.374303,0.0822,9.871110916137695,9.924196243286133,0.0580,0.0009,0.3818,-0.6135,-1.3925,70.3750,imu,0.0002
1786427809.427969,0.0537,9.816123008728027,9.683467864990234,0.0572,-0.0023,0.3824,-0.6165,-1.3936,70.4375,imu,0.0007
1786427809.484905,0.0569,9.249272346496582,8.830317497253418,0.0530,-0.0071,0.3831,-0.6194,-1.3696,69.0625,imu,0.0015
1786427809.563849,0.0789,9.352410316467285,9.857269287109375,0.0563,0.0086,0.3840,-0.6238,-1.3434,67.5625,imu,-0.0016
1786427809.610871,0.0470,9.782570838928223,9.835522651672363,0.0575,0.0009,0.3846,-0.6264,-1.3467,67.7500,imu,-0.0002
1786427809.701503,0.0906,9.768170356750488,9.61074161529541,0.0568,-0.0027,0.3858,-0.6314,-1.3478,67.8125,imu,0.0006
1786427809.819651,0.1181,8.957881927490234,8.904657363891602,0.0524,-0.0009,0.3871,-0.6375,-1.3489,67.8750,imu,0.0000
1786427809.928420,0.1088,9.784695625305176,9.916138648986816,0.0578,0.0022,0.3885,-0.6436,-1.3412,67.4375,imu,-0.0008
1786427810.021896,0.0935,9.626237869262695,9.782891273498535,0.0569,0.0027,0.3896,-0.6488,-1.3434,67.5625,imu,-0.0006
1786427810.133039,0.1111,9.83484172821045,9.83484172821045,0.0577,0.0000,0.3911,-0.6550,-1.3445,67.6250,imu,0.0006
1786427810.221681,0.0886,9.009084701538086,8.849448204040527,0.0524,-0.0027,0.3922,-0.6596,-1.3467,67.7500,imu,0.0002
1786427810.330311,0.1086,9.833149909973145,9.912965774536133,0.0579,0.0014,0.3936,-0.6657,-1.3434,67.5625,imu,-0.0001
1786427810.434612,0.1043,8.340787887573242,8.527047157287598,0.0495,0.0032,0.3947,-0.6707,-1.3423,67.5000,imu,-0.0007
1786427810.524555,0.0899,3.7242963314056396,3.8307487964630127,0.0222,0.0018,0.3951,-0.6727,-1.3456,67.6875,imu,-0.0002
1786427810.624260,0.0997,0.7041763663291931,0.7041763663291931,0.0041,0.0000,0.3952,-0.6731,-1.3478,67.8125,imu,0.0000
1786427810.747429,0.1232,-0.0877302885055542,-0.008080421015620232,-0.0003,0.0014,0.3952,-0.6731,-1.3476,65.0625,enc,-0.0001
1786427810.832376,0.0849,0.0,0.0,0.0000,0.0000,0.3952,-0.6731,-1.3476,59.6875,enc,0.0000
1786427810.933803,0.1014,0.4883168935775757,0.3039094805717468,0.0023,-0.0031,0.3952,-0.6733,-1.3479,54.5625,enc,0.0001
1786427811.052928,0.1191,3.3805644512176514,3.698680877685547,0.0208,0.0054,0.3960,-0.6756,-1.2658,49.8750,imu,0.0006
1786427811.144074,0.0911,5.909252643585205,7.183517932891846,0.0384,0.0217,0.3972,-0.6789,-1.1872,45.3750,imu,-0.0011
1786427811.244747,0.1007,6.3683366775512695,8.870401382446289,0.0447,0.0425,0.3993,-0.6829,-1.1131,41.1250,imu,0.0007
1786427811.361025,0.1163,7.024654388427734,9.801023483276367,0.0493,0.0472,0.4022,-0.6879,-1.0324,36.5000,imu,-0.0008
1786427811.452661,0.0916,6.65742301940918,9.504158973693848,0.0474,0.0484,0.4044,-0.6916,-1.0236,36.0000,imu,-0.0001
1786427811.579905,0.1272,6.318884372711182,8.081734657287598,0.0422,0.0300,0.4072,-0.6962,-1.0214,35.8750,imu,0.0003
1786427811.670551,0.0906,6.0455217361450195,8.558259963989258,0.0428,0.0427,0.4094,-0.6994,-0.9756,33.2500,imu,-0.0001
1786427811.763664,0.0931,6.599645614624023,8.861620903015137,0.0453,0.0384,0.4118,-0.7029,-0.9713,33.0000,imu,-0.0001
1786427811.866117,0.1025,6.572670936584473,8.671536445617676,0.0447,0.0357,0.4143,-0.7067,-0.9669,32.7500,imu,-0.0010
1786427811.986704,0.1206,6.011076927185059,8.497387886047363,0.0425,0.0423,0.4174,-0.7108,-0.9636,32.5625,imu,0.0017
1786427812.072329,0.0856,6.436731338500977,8.825692176818848,0.0448,0.0406,0.4196,-0.7139,-0.9549,32.0625,imu,-0.0002
1786427812.199503,0.1272,6.47592306137085,8.790736198425293,0.0448,0.0393,0.4231,-0.7184,-0.8916,28.4375,imu,-0.0003
1786427812.296662,0.0972,6.057972431182861,8.104387283325195,0.0415,0.0348,0.4257,-0.7215,-0.8851,28.0625,imu,0.0001
1786427812.384674,0.0880,6.620758533477783,9.121034622192383,0.0462,0.0425,0.4283,-0.7246,-0.8807,27.8125,imu,0.0000
1786427812.499897,0.1152,6.538519859313965,8.76488971710205,0.0449,0.0378,0.4317,-0.7286,-0.8775,27.6250,imu,0.0007
1786427812.600569,0.1007,6.408971309661865,8.212666511535645,0.0429,0.0307,0.4343,-0.7319,-0.8742,27.4375,imu,-0.0010
1786427812.881890,0.2813,6.044895172119141,8.545194625854492,0.0428,0.0425,0.4424,-0.7409,-0.8687,27.1250,imu,0.0011
1786427812.951609,0.0697,6.334843158721924,8.899118423461914,0.0447,0.0436,0.4444,-0.7433,-0.8567,26.4375,imu,-0.0006
1786427812.997472,0.0459,6.514944553375244,8.82091236114502,0.0450,0.0392,0.4458,-0.7448,-0.7836,22.2500,imu,-0.0001
1786427813.063961,0.0665,5.997044086456299,8.018805503845215,0.0411,0.0344,0.4478,-0.7466,-0.7793,22.0000,imu,0.0008
1786427813.145323,0.0814,6.499485492706299,8.680657386779785,0.0445,0.0371,0.4506,-0.7490,-0.7073,17.8750,imu,0.0005
1786427813.226792,0.0815,6.60991907119751,9.003783226013184,0.0458,0.0407,0.4534,-0.7514,-0.7018,17.5625,imu,-0.0002
1786427813.317298,0.0905,6.581428527832031,9.002187728881836,0.0457,0.0411,0.4566,-0.7541,-0.6986,17.3750,imu,-0.0005
1786427813.446476,0.1292,6.005233287811279,8.070155143737793,0.0413,0.0351,0.4607,-0.7575,-0.6909,16.9375,imu,-0.0002
1786427813.532438,0.0860,6.397533893585205,8.75826358795166,0.0444,0.0401,0.4637,-0.7599,-0.6855,16.6250,imu,0.0008
1786427813.652268,0.1198,6.449241638183594,8.817240715026855,0.0448,0.0403,0.4678,-0.7632,-0.6800,16.3125,imu,0.0001
1786427813.758092,0.1058,5.974759101867676,8.15377140045166,0.0414,0.0370,0.4713,-0.7660,-0.6724,15.8750,imu,-0.0002
1786427813.843030,0.0849,6.726469993591309,8.864693641662598,0.0457,0.0363,0.4745,-0.7681,-0.5829,10.7500,imu,-0.0001
1786427813.953547,0.1105,6.270470142364502,8.35644817352295,0.0429,0.0355,0.4787,-0.7704,-0.5022,6.1250,imu,0.0004
1786427814.070654,0.1171,4.859972953796387,7.091487407684326,0.0350,0.0379,0.4823,-0.7723,-0.5000,6.0000,imu,-0.0002
1786427814.162239,0.0916,1.7509901523590088,2.9464221000671387,0.0138,0.0203,0.4834,-0.7730,-0.4968,5.8125,imu,-0.0005
1786427814.252773,0.0905,0.10551324486732483,0.21064558625221252,0.0009,0.0018,0.4834,-0.7730,-0.4966,5.8125,enc,-0.0004
1786427814.381386,0.1286,-0.058517638593912125,-0.005389782600104809,-0.0002,0.0009,0.4834,-0.7731,-0.4965,5.8125,enc,-0.0002
1786427814.468541,0.0872,0.0,0.0,0.0000,0.0000,0.4834,-0.7731,-0.4965,1.2500,enc,0.0000
1786427814.564879,0.0963,0.0,0.0,0.0000,0.0000,0.4834,-0.7731,-0.4965,353.3125,enc,0.0000
1786427814.695007,0.1301,0.0,0.0,0.0000,0.0000,0.4834,-0.7731,-0.4965,346.5000,enc,0.0000
1786427814.830551,0.1355,0.0,0.0,0.0000,0.0000,0.4834,-0.7731,-0.4965,340.9375,enc,0.0000
1786427814.935374,0.1048,0.0,0.0,0.0000,0.0000,0.4834,-0.7731,-0.4965,334.0625,enc,0.0000
1786427815.002679,0.0673,0.0,0.0,0.0000,0.0000,0.4834,-0.7731,-0.4965,330.3125,enc,0.0000
1786427815.214527,0.2118,0.0,0.0,0.0000,0.0000,0.4834,-0.7731,-0.4965,327.1875,enc,0.0000
1786427815.253365,0.0388,0.0,0.0,0.0000,0.0000,0.4834,-0.7731,-0.4965,324.6250,enc,0.0000
1786427815.334812,0.0814,0.0809699073433876,0.8791018724441528,0.0028,0.0136,0.4836,-0.7732,-0.4583,322.4375,imu,-0.0002
1786427815.515421,0.1806,0.4793013334274292,4.2574143409729,0.0139,0.0642,0.4858,-0.7743,-0.4190,320.1875,imu,-0.0004
1786427815.603825,0.0884,1.584928035736084,7.784115791320801,0.0275,0.1054,0.4881,-0.7752,-0.3765,317.7500,imu,-0.0004
1786427815.643724,0.0399,2.47780442237854,9.053515434265137,0.0338,0.1118,0.4894,-0.7756,-0.3339,315.3125,imu,0.0005
1786427815.719476,0.0758,2.2114882469177246,8.2471284866333,0.0307,0.1026,0.4916,-0.7762,-0.3089,313.8750,imu,0.0008
1786427815.945920,0.2264,1.9829981327056885,8.725573539733887,0.0314,0.1146,0.4984,-0.7783,-0.2925,312.9375,imu,0.0002
1786427815.980744,0.0348,1.9647880792617798,8.50719928741455,0.0307,0.1112,0.4995,-0.7785,-0.2630,311.2500,imu,0.0000
1786427816.038777,0.0580,2.1250216960906982,8.562541961669922,0.0313,0.1094,0.5012,-0.7790,-0.2489,310.4375,imu,-0.0004
1786427816.254165,0.2154,1.8852488994598389,7.674866199493408,0.0280,0.0984,0.5071,-0.7803,-0.2336,309.5625,imu,0.0004
1786427816.336824,0.0827,2.0099375247955322,8.31503677368164,0.0303,0.1072,0.5095,-0.7809,-0.2183,308.6875,imu,0.0002
1786427816.370362,0.0335,2.0544967651367188,8.435303688049316,0.0308,0.1085,0.5106,-0.7811,-0.1758,306.2500,imu,-0.0008
1786427816.587012,0.2167,1.8731638193130493,7.778177261352539,0.0283,0.1004,0.5166,-0.7820,-0.1387,304.1250,imu,-0.0005
1786427816.636749,0.0497,2.0756783485412598,8.68591594696045,0.0316,0.1124,0.5182,-0.7821,-0.0852,301.0625,imu,0.0005
1786427816.689807,0.0531,2.1061387062072754,8.394560813903809,0.0308,0.1069,0.5198,-0.7822,-0.0667,300.0000,imu,0.0007
1786427816.774736,0.0849,1.8868666887283325,7.553249835968018,0.0277,0.0963,0.5222,-0.7823,-0.0427,298.6250,imu,0.0001
1786427816.975585,0.2008,2.0327298641204834,8.50005054473877,0.0309,0.1099,0.5284,-0.7825,-0.0252,297.6250,imu,-0.0005
1786427817.036984,0.0614,2.050814151763916,8.701790809631348,0.0315,0.1131,0.5303,-0.7826,-0.0089,296.6875,imu,-0.0002
1786427817.099489,0.0625,2.073415517807007,8.468734741210938,0.0309,0.1087,0.5322,-0.7825,0.0031,296.0000,imu,0.0001
1786427817.269330,0.1698,1.8398587703704834,7.478579521179199,0.0273,0.0958,0.5369,-0.7824,0.0184,295.1250,imu,0.0004
1786427817.353504,0.0842,2.022275924682617,8.384227752685547,0.0305,0.1081,0.5394,-0.7822,0.0566,292.9375,imu,0.0001
1786427817.453977,0.1005,2.053375482559204,8.485085487365723,0.0309,0.1093,0.5425,-0.7820,0.0882,291.1250,imu,-0.0001
1786427817.659533,0.2056,1.9958276748657227,8.238706588745117,0.0300,0.1061,0.5487,-0.7815,0.1209,289.2500,imu,-0.0012
1786427817.708760,0.0492,1.9573293924331665,7.998245716094971,0.0292,0.1027,0.5501,-0.7812,0.1329,288.5625,imu,0.0016
1786427817.792211,0.0835,2.028219223022461,8.273270606994629,0.0302,0.1062,0.5526,-0.7809,0.1460,287.8125,imu,-0.0003
1786427817.845546,0.0533,2.067308187484741,8.425737380981445,0.0308,0.1081,0.5542,-0.7806,0.1624,286.8750,imu,-0.0002
1786427818.005878,0.1603,1.9127967357635498,7.878278732299805,0.0287,0.1014,0.5587,-0.7798,0.1809,285.8125,imu,-0.0003
1786427818.082628,0.0768,2.0691585540771484,8.586604118347168,0.0312,0.1108,0.5611,-0.7794,0.1940,285.0625,imu,-0.0007
1786427818.166076,0.0834,2.080876350402832,8.389473915100098,0.0307,0.1072,0.5636,-0.7788,0.2366,282.6250,imu,0.0001
1786427818.377493,0.2114,1.950225591659546,7.633476257324219,0.0281,0.0966,0.5694,-0.7773,0.2671,280.8750,imu,-0.0004
1786427818.379712,0.0022,1.69268798828125,7.652183532714844,0.0274,0.1013,0.5694,-0.7773,0.2824,280.0000,imu,-0.0009
1786427818.486150,0.1064,0.7818192839622498,3.7595913410186768,0.0133,0.0506,0.5708,-0.7769,0.2922,279.4375,imu,0.0000
1786427818.534689,0.0485,0.024624908342957497,0.5821482539176941,0.0018,0.0095,0.5708,-0.7769,0.2944,279.3125,imu,0.0001
1786427818.738663,0.2040,0.0,0.0,0.0000,0.0000,0.5708,-0.7769,0.2944,279.3125,enc,0.0000
1786427818.861742,0.1231,0.0,0.0,0.0000,0.0000,0.5708,-0.7769,0.2944,279.0000,enc,0.0000
1786427819.038925,0.1772,0.0,0.0,0.0000,0.0000,0.5708,-0.7769,0.2944,278.6250,enc,0.0000
1786427819.142168,0.1032,-0.02929709665477276,-0.0026984168216586113,-0.0001,0.0005,0.5708,-0.7769,0.2944,278.1875,enc,-0.0001
1786427819.401324,0.2592,0.0,0.0,0.0000,0.0000,0.5708,-0.7769,0.2944,277.5625,enc,0.0000
1786427819.486330,0.0850,0.0,0.0,0.0000,0.0000,0.5708,-0.7769,0.2944,277.3750,enc,0.0000
1786427819.585568,0.0992,0.0,0.0,0.0000,0.0000,0.5708,-0.7769,0.2944,277.1875,enc,0.0000
1786427819.810976,0.2254,0.0,0.0,0.0000,0.0000,0.5708,-0.7769,0.2944,277.0625,enc,0.0000
1786427819.917976,0.1070,0.008099368773400784,0.08793600648641586,0.0003,0.0014,0.5709,-0.7769,0.2946,276.9375,enc,-0.0001
1786427820.131734,0.2138,0.21508117020130157,2.024271011352539,0.0066,0.0308,0.5722,-0.7766,0.2977,276.7500,imu,-0.0005
1786427820.228905,0.0972,1.11031174659729,5.8626275062561035,0.0204,0.0808,0.5741,-0.7759,0.3075,276.1875,imu,0.0006
1786427820.477665,0.2488,2.5024428367614746,7.65276575088501,0.0298,0.0875,0.5810,-0.7732,0.3293,274.9375,imu,0.0013
1786427820.555857,0.0782,2.2057065963745117,9.005461692810059,0.0329,0.1156,0.5834,-0.7723,0.3664,272.8125,imu,-0.0006
1786427820.799775,0.2439,2.05849289894104,8.805668830871582,0.0319,0.1147,0.5907,-0.7695,0.3850,271.7500,imu,-0.0006
1786427820.832890,0.0331,1.89995276927948,8.31634521484375,0.0300,0.1091,0.5916,-0.7691,0.4144,270.0625,imu,0.0008
1786427820.885861,0.0530,1.840455412864685,8.30711841583252,0.0298,0.1099,0.5930,-0.7684,0.4297,269.1875,imu,0.0003
1786427821.217411,0.3315,2.0159645080566406,7.910098075866699,0.0291,0.1002,0.6019,-0.7646,0.4548,267.7500,imu,-0.0014
1786427821.255126,0.0377,2.1014931201934814,8.619977951049805,0.0314,0.1108,0.6029,-0.7641,0.4842,266.0625,imu,0.0001
1786427821.482715,0.2276,1.9753645658493042,8.325323104858398,0.0302,0.1079,0.6089,-0.7607,0.4984,265.2500,imu,0.0007
1786427821.558924,0.0762,1.829328179359436,7.624501705169678,0.0277,0.0985,0.6107,-0.7596,0.5148,264.3125,imu,-0.0001
1786427821.635885,0.0770,2.1461215019226074,8.476929664611816,0.0311,0.1076,0.6128,-0.7584,0.5300,263.4375,imu,-0.0006
1786427821.923844,0.2880,2.0338916778564453,8.522919654846191,0.0310,0.1103,0.6205,-0.7539,0.5431,262.6875,imu,-0.0004
1786427821.944994,0.0211,1.8771159648895264,7.794588565826416,0.0284,0.1006,0.6210,-0.7536,0.6064,259.0625,imu,-0.0001
1786427822.126125,0.1811,2.069957733154297,8.589920043945312,0.0313,0.1108,0.6256,-0.7503,0.6195,258.3125,imu,0.0003
1786427822.220585,0.0945,2.0307188034057617,8.355652809143066,0.0305,0.1075,0.6279,-0.7485,0.6326,257.5625,imu,0.0006
1786427822.273212,0.0526,2.0364673137664795,8.361279487609863,0.0305,0.1075,0.6292,-0.7476,0.6489,256.6250,imu,-0.0004
1786427822.464948,0.1917,1.8788256645202637,7.783596038818359,0.0283,0.1004,0.6335,-0.7443,0.6642,255.7500,imu,-0.0004
1786427822.533883,0.0689,2.1218268871307373,8.604654312133789,0.0315,0.1102,0.6352,-0.7429,0.6751,255.1250,imu,0.0001
1786427822.600492,0.0666,2.067547559738159,8.390462875366211,0.0307,0.1075,0.6367,-0.7416,0.6904,254.2500,imu,0.0004
1786427822.665073,0.0646,2.0339858531951904,7.569018840789795,0.0282,0.0941,0.6381,-0.7404,0.7046,253.4375,imu,-0.0002
1786427822.876760,0.2117,1.8909907341003418,8.346402168273926,0.0300,0.1097,0.6430,-0.7363,0.7198,252.5625,imu,-0.0005
1786427822.938956,0.0622,2.039273738861084,8.444724082946777,0.0307,0.1089,0.6444,-0.7350,0.7384,251.5000,imu,-0.0007
1786427822.994928,0.0560,2.030935049057007,8.174619674682617,0.0299,0.1044,0.6457,-0.7339,0.7515,250.7500,imu,-0.0003
1786427823.228671,0.2337,1.0307527780532837,4.250264644622803,0.0155,0.0547,0.6482,-0.7313,0.7624,250.1250,imu,0.0005
1786427823.353445,0.1248,0.09172115474939346,0.995829701423645,0.0032,0.0154,0.6485,-0.7311,0.7646,250.0000,imu,-0.0002
1786427823.353544,0.0001,0.0,0.0,0.0000,0.0000,0.6485,-0.7311,0.7646,250.0000,enc,0.0000
1786427823.607699,0.2542,0.0,0.0,0.0000,0.0000,0.6485,-0.7311,0.7646,249.1875,enc,0.0000
1786427823.665901,0.0582,-0.05820057913661003,-0.0053605795837938786,-0.0002,0.0009,0.6485,-0.7311,0.7646,248.3125,enc,-0.0002
1786427823.870979,0.2051,0.0,0.0,0.0000,0.0000,0.6485,-0.7311,0.7646,246.6875,enc,0.0000
1786427823.943882,0.0729,0.0,0.0,0.0000,0.0000,0.6485,-0.7311,0.7646,246.0625,enc,0.0000
1786427824.039899,0.0960,0.0,0.0,0.0000,0.0000,0.6485,-0.7311,0.7646,245.8750,enc,0.0000
1786427824.039946,0.0000,0.008099406957626343,0.0879364162683487,0.0003,0.0014,0.6485,-0.7311,0.7646,245.4375,enc,-0.0001
1786427824.265468,0.2255,0.24317462742328644,2.0135624408721924,0.0066,0.0301,0.6497,-0.7302,0.7723,245.0000,imu,-0.0007
1786427824.374746,0.1093,0.8135603666305542,5.083033561706543,0.0173,0.0726,0.6511,-0.7289,0.7919,243.8750,imu,-0.0011
1786427824.430563,0.0558,2.3532333374023438,7.9468207359313965,0.0302,0.0951,0.6523,-0.7277,0.8093,242.8750,imu,-0.0007
1786427824.526171,0.0956,2.5159547328948975,8.712186813354492,0.0329,0.1053,0.6544,-0.7254,0.8246,242.0000,imu,0.0003
1786427824.592729,0.0666,2.1182363033294678,7.8624491691589355,0.0293,0.0976,0.6556,-0.7239,0.8432,240.9375,imu,0.0009
1786427824.652234,0.0595,2.193981409072876,8.085883140563965,0.0301,0.1002,0.6568,-0.7225,0.8552,240.2500,imu,0.0002
1786427824.673447,0.0212,1.988408088684082,7.708406925201416,0.0284,0.0972,0.6572,-0.7221,0.8683,239.5000,imu,-0.0005
1786427824.735083,0.0616,1.7508025169372559,7.056264400482178,0.0258,0.0902,0.6582,-0.7208,0.8824,238.6875,imu,-0.0002
1786427824.770789,0.0357,1.9175238609313965,7.8977484703063965,0.0288,0.1017,0.6588,-0.7200,0.9053,237.3750,imu,0.0007
1786427824.828612,0.0578,2.009512424468994,7.940908432006836,0.0292,0.1008,0.6598,-0.7186,0.9304,235.9375,imu,0.0010
1786427824.881835,0.0532,1.947387456893921,7.7151198387146,0.0283,0.0980,0.6607,-0.7174,0.9424,235.2500,imu,0.0001
1786427824.938926,0.0571,1.7890037298202515,6.8894453048706055,0.0254,0.0867,0.6616,-0.7162,0.9566,234.4375,imu,-0.0007
1786427825.030406,0.0915,1.9951213598251343,7.790914058685303,0.0287,0.0985,0.6630,-0.7141,0.9708,233.6250,imu,0.0000
1786427825.150860,0.1205,1.9544011354446411,7.852939128875732,0.0288,0.1003,0.6649,-0.7112,0.9937,232.3125,imu,0.0001
1786427825.252290,0.1014,1.9880023002624512,7.1097331047058105,0.0267,0.0871,0.6664,-0.7089,1.0057,231.6250,imu,0.0001
1786427825.376516,0.1242,1.9062740802764893,7.760459899902344,0.0283,0.0995,0.6681,-0.7058,1.0177,230.9375,imu,0.0008
1786427825.462602,0.0861,1.9445197582244873,7.685337543487549,0.0282,0.0976,0.6694,-0.7037,1.0308,230.1875,imu,0.0000
1786427825.559674,0.0971,1.9922537803649902,7.854209899902344,0.0289,0.0996,0.6708,-0.7013,1.0471,229.2500,imu,-0.0006
1786427825.651932,0.0923,1.804800271987915,7.287474155426025,0.0267,0.0932,0.6720,-0.6992,1.0613,228.4375,imu,0.0000
1786427825.807055,0.1551,2.042640447616577,7.977328777313232,0.0294,0.1009,0.6741,-0.6952,1.0733,227.7500,imu,0.0005
1786427825.862684,0.0556,2.026127338409424,7.800242900848389,0.0288,0.0981,0.6748,-0.6937,1.0864,227.0000,imu,0.0012
1786427825.960840,0.0982,1.7822970151901245,7.049383640289307,0.0259,0.0895,0.6759,-0.6914,1.0984,226.3125,imu,0.0008
1786427826.086767,0.1259,2.0133721828460693,7.732316017150879,0.0286,0.0972,0.6776,-0.6882,1.1115,225.5625,imu,-0.0004
1786427826.216021,0.1293,2.0105068683624268,7.944838047027588,0.0292,0.1009,0.6792,-0.6848,1.1290,224.5625,imu,-0.0005
1786427826.295838,0.0798,1.8232221603393555,7.172549247741699,0.0264,0.0909,0.6801,-0.6829,1.1421,223.8125,imu,0.0001
1786427826.453408,0.1576,1.9626221656799316,7.608443260192871,0.0281,0.0960,0.6818,-0.6788,1.1519,223.2500,imu,0.0006
1786427826.560953,0.1075,2.0090878009796143,7.753376007080078,0.0286,0.0976,0.6831,-0.6760,1.1650,222.5000,imu,-0.0007
1786427826.812001,0.2510,2.0610768795013428,7.900409698486328,0.0292,0.0993,0.6860,-0.6693,1.1802,221.6250,imu,-0.0004
1786427826.930799,0.1188,1.825394868850708,7.236990928649902,0.0266,0.0920,0.6872,-0.6664,1.1955,220.7500,imu,-0.0006
1786427827.084353,0.1536,1.9871742725372314,7.834184646606445,0.0288,0.0994,0.6888,-0.6623,1.2119,219.8125,imu,-0.0006
1786427827.188579,0.1042,1.9697593450546265,7.523210048675537,0.0278,0.0944,0.6897,-0.6595,1.2228,219.1875,imu,0.0008
1786427827.353755,0.1652,1.2606358528137207,4.631491661071777,0.0173,0.0573,0.6906,-0.6568,1.2326,218.6250,imu,0.0002
1786427827.503659,0.1499,0.21122127771377563,1.3625099658966064,0.0046,0.0196,0.6909,-0.6562,1.2359,218.4375,imu,-0.0002
1786427827.624303,0.1206,0.0053023421205580235,0.05756828561425209,0.0002,0.0009,0.6909,-0.6561,1.2360,218.3750,enc,-0.0002
1786427827.804626,0.1803,0.0,0.0,0.0000,0.0000,0.6909,-0.6561,1.2360,218.3750,enc,0.0000
1786427828.048193,0.2436,0.0,0.0,0.0000,0.0000,0.6909,-0.6561,1.2360,218.3750,enc,0.0000
1786427828.241181,0.1930,-0.05818348005414009,-0.005359004717320204,-0.0002,0.0009,0.6909,-0.6562,1.2361,218.4375,enc,-0.0002
1786427828.325792,0.0846,0.0,0.0,0.0000,0.0000,0.6909,-0.6562,1.2361,218.4375,enc,0.0000
1786427828.483397,0.1576,0.0,0.0,0.0000,0.0000,0.6909,-0.6562,1.2361,218.4375,enc,0.0000
1786427828.574064,0.0907,0.0,0.0,0.0000,0.0000,0.6909,-0.6562,1.2361,218.4375,enc,0.0000
1786427828.666961,0.0929,0.0,0.0,0.0000,0.0000,0.6909,-0.6562,1.2361,218.4375,enc,0.0000
1786427828.751596,0.0846,0.021594272926449776,0.23445209860801697,0.0008,0.0036,0.6909,-0.6561,1.2365,218.4375,enc,0.0002
1786427828.762093,0.0105,0.8268247842788696,7.399387836456299,0.0241,0.1117,0.6910,-0.6559,1.2711,216.4375,imu,-0.0007
1786427828.855799,0.0937,1.8776031732559204,8.516026496887207,0.0305,0.1128,0.6918,-0.6531,1.2885,215.4375,imu,-0.0002
1786427828.931278,0.0755,2.056591510772705,8.236700057983398,0.0302,0.1050,0.6924,-0.6509,1.3027,214.6250,imu,0.0007
1786427828.989299,0.0580,1.5564883947372437,7.117965221405029,0.0254,0.0945,0.6928,-0.6495,1.3190,213.6875,imu,-0.0003
1786427829.071727,0.0824,1.2310597896575928,7.691522598266602,0.0262,0.1098,0.6933,-0.6474,1.3343,212.8125,imu,-0.0005
1786427829.123855,0.0521,1.160370945930481,7.865764617919922,0.0265,0.1140,0.6936,-0.6461,1.3529,211.7500,imu,-0.0006
1786427829.166787,0.0429,0.987156331539154,7.645674228668213,0.0253,0.1132,0.6939,-0.6450,1.3692,210.8125,imu,-0.0006
1786427829.243140,0.0764,1.1430832147598267,7.048563480377197,0.0240,0.1004,0.6943,-0.6432,1.3834,210.0000,imu,-0.0008
1786427829.297101,0.0540,1.514413595199585,7.623651504516602,0.0268,0.1038,0.6945,-0.6418,1.3965,209.2500,imu,0.0000
1786427829.364164,0.0671,1.4975638389587402,7.746405124664307,0.0271,0.1062,0.6948,-0.6400,1.4118,208.3750,imu,0.0007
1786427829.406704,0.0425,1.1998059749603271,7.747308254241943,0.0262,0.1113,0.6949,-0.6389,1.4292,207.3750,imu,0.0015
1786427829.488683,0.0820,1.132857322692871,7.252138137817383,0.0246,0.1040,0.6950,-0.6369,1.4456,206.4375,imu,0.0017
1786427829.593866,0.1052,1.4037442207336426,7.69118070602417,0.0267,0.1069,0.6954,-0.6341,1.4576,205.7500,imu,-0.0012
1786427829.705645,0.1118,1.5240304470062256,7.513550281524658,0.0265,0.1018,0.6958,-0.6312,1.4729,204.8750,imu,-0.0011
1786427829.848818,0.1432,1.2903422117233276,7.425119876861572,0.0256,0.1043,0.6964,-0.6275,1.4881,204.0000,imu,-0.0015
1786427829.905805,0.0570,1.2334808111190796,7.466828346252441,0.0255,0.1060,0.6964,-0.6261,1.5045,203.0625,imu,0.0018
1786427830.146704,0.2409,1.3341811895370483,7.949163436889648,0.0272,0.1124,0.6965,-0.6195,1.5209,202.1250,imu,0.0009
1786427830.205805,0.0591,1.4386610984802246,7.739257335662842,0.0269,0.1071,0.6965,-0.6179,1.5329,201.4375,imu,0.0001
1786427830.258285,0.0525,1.3648613691329956,6.943659782409668,0.0244,0.0948,0.6966,-0.6166,1.5470,200.6250,imu,-0.0004
1786427830.326182,0.0679,1.0664780139923096,7.794886589050293,0.0260,0.1144,0.6965,-0.6149,1.5656,199.5625,imu,0.0008
1786427830.511623,0.1854,1.0747954845428467,7.884404182434082,0.0263,0.1157,0.6962,-0.6100,1.5819,198.6250,imu,0.0015
1786427830.561643,0.0500,1.2420246601104736,7.175285816192627,0.0247,0.1009,0.6961,-0.6088,1.5961,197.8125,imu,0.0003
1786427830.637362,0.0757,1.6677796840667725,7.7370076179504395,0.0276,0.1032,0.6961,-0.6067,1.6081,197.1250,imu,-0.0007
1786427830.857635,0.2203,1.5081541538238525,7.5764875411987305,0.0266,0.1031,0.6960,-0.6008,1.6223,196.3125,imu,-0.0007
1786427830.927958,0.0703,1.4673023223876953,7.738575458526611,0.0270,0.1066,0.6959,-0.5989,1.6387,195.3750,imu,-0.0006
1786427831.000178,0.0722,1.1935672760009766,7.059314727783203,0.0242,0.0997,0.6957,-0.5972,1.6572,194.3125,imu,-0.0002
1786427831.067692,0.0675,1.3326267004013062,7.847391128540039,0.0269,0.1107,0.6955,-0.5954,1.6681,193.6875,imu,0.0003
1786427831.247264,0.1796,0.9658429026603699,6.084079742431641,0.0207,0.0870,0.6950,-0.5917,1.6779,193.1250,imu,0.0008
1786427831.295633,0.0484,0.20615650713443756,2.2382707595825195,0.0072,0.0345,0.6949,-0.5914,1.6845,192.7500,imu,0.0006
1786427831.386674,0.0910,0.01079776044934988,0.11723282933235168,0.0004,0.0018,0.6949,-0.5913,1.6846,192.7500,enc,0.0000
1786427831.585253,0.1986,0.0,0.0,0.0000,0.0000,0.6949,-0.5913,1.6846,192.7500,enc,0.0000
1786427831.617371,0.0321,0.0,0.0,0.0000,0.0000,0.6949,-0.5913,1.6846,192.7500,enc,0.0000
1786427831.678468,0.0611,-0.0878998264670372,-0.00809603650122881,-0.0003,0.0014,0.6949,-0.5913,1.6847,192.7500,enc,0.0001
1786427831.935709,0.2572,0.0,0.0,0.0000,0.0000,0.6949,-0.5913,1.6847,192.7500,enc,0.0000
1786427831.945313,0.0096,0.0,0.0,0.0000,0.0000,0.6949,-0.5913,1.6847,192.7500,enc,0.0000
1786427831.999578,0.0543,0.0,0.0,0.0000,0.0000,0.6949,-0.5913,1.6847,192.7500,enc,0.0000
1786427832.100962,0.1014,0.0,0.0,0.0000,0.0000,0.6949,-0.5913,1.6847,192.7500,enc,0.0000
1786427832.305589,0.2046,0.0,0.0,0.0000,0.0000,0.6949,-0.5913,1.6847,192.7500,enc,0.0000
1786427832.317091,0.0115,0.0,0.0,0.0000,0.0000,0.6949,-0.5913,1.6847,192.7500,enc,0.0000
1786427832.407818,0.0907,0.13505524396896362,0.5299201607704163,0.0019,0.0067,0.6949,-0.5912,1.6847,192.7500,imu,-0.0001
1786427832.649160,0.2413,0.38289979100227356,3.5300371646881104,0.0115,0.0535,0.6947,-0.5884,1.6913,192.3750,imu,-0.0007
1786427832.660572,0.0114,1.9835350513458252,7.352832317352295,0.0274,0.0913,0.6947,-0.5881,1.7044,191.6250,imu,-0.0008
1786427832.731813,0.0712,2.661465883255005,8.984871864318848,0.0341,0.1075,0.6944,-0.5857,1.7218,190.6250,imu,-0.0005
1786427832.817799,0.0860,2.4733283519744873,9.314506530761719,0.0346,0.1163,0.6938,-0.5828,1.7360,189.8125,imu,0.0003
1786427833.003844,0.1860,2.077849864959717,8.115665435791016,0.0299,0.1026,0.6926,-0.5773,1.7502,189.0000,imu,0.0011
1786427833.044714,0.0409,1.987505555152893,8.465216636657715,0.0306,0.1101,0.6924,-0.5761,1.7654,188.1250,imu,0.0006
1786427833.165059,0.1203,1.9959335327148438,8.42992877960205,0.0306,0.1094,0.6916,-0.5725,1.7818,187.1875,imu,-0.0002
1786427833.331242,0.1662,2.0231988430023193,7.788968563079834,0.0288,0.0980,0.6906,-0.5678,1.7949,186.4375,imu,-0.0003
1786427833.347228,0.0160,1.9597395658493042,8.344411849975586,0.0302,0.1085,0.6905,-0.5674,1.8091,185.6250,imu,0.0009
1786427833.436778,0.0896,2.093735933303833,8.308257102966309,0.0305,0.1056,0.6898,-0.5647,1.8211,184.9375,imu,0.0003
1786427833.659405,0.2226,2.0208382606506348,8.060218811035156,0.0296,0.1027,0.6884,-0.5583,1.8363,184.0625,imu,-0.0018
1786427833.697626,0.0382,1.9378929138183594,8.144840240478516,0.0296,0.1055,0.6881,-0.5572,1.8527,183.1250,imu,0.0004
1786427833.749505,0.0519,2.037719964981079,8.556958198547363,0.0311,0.1108,0.6877,-0.5556,1.8702,182.1250,imu,-0.0008
1786427833.847594,0.0981,2.0559263229370117,8.441174507141113,0.0308,0.1085,0.6867,-0.5528,1.8833,181.3750,imu,0.0006
1786427834.029672,0.1821,1.9096248149871826,7.622474670410156,0.0279,0.0971,0.6850,-0.5480,1.8974,180.5625,imu,0.0005
1786427834.077683,0.0480,2.0618784427642822,8.367456436157227,0.0306,0.1072,0.6845,-0.5466,1.9160,179.5000,imu,-0.0007
1786427834.181626,0.1039,1.9467196464538574,8.535380363464355,0.0307,0.1120,0.6835,-0.5436,1.9323,178.5625,imu,-0.0011
1786427834.369856,0.1882,2.079711437225342,8.530632972717285,0.0311,0.1097,0.6814,-0.5381,1.9487,177.6250,imu,-0.0003
1786427834.397062,0.0272,1.859923243522644,7.651247978210449,0.0279,0.0984,0.6811,-0.5374,1.9651,176.6875,imu,0.0008
1786427834.498396,0.1013,1.9325828552246094,8.36861515045166,0.0302,0.1094,0.6799,-0.5346,1.9803,175.8125,imu,-0.0004
1786427834.705177,0.2068,1.9294719696044922,8.459757804870605,0.0305,0.1110,0.6773,-0.5289,1.9967,174.8750,imu,0.0002
1786427834.718853,0.0137,1.992663860321045,8.171567916870117,0.0298,0.1050,0.6771,-0.5285,2.0131,173.9375,imu,-0.0007
1786427834.800376,0.0815,1.9372186660766602,8.142005920410156,0.0296,0.1055,0.6759,-0.5264,2.0251,173.2500,imu,0.0015
1786427835.015747,0.2154,2.0201778411865234,8.375529289245605,0.0305,0.1080,0.6729,-0.5205,2.0403,172.3750,imu,0.0001
1786427835.039812,0.0241,2.053995370864868,8.451427459716797,0.0308,0.1087,0.6726,-0.5199,2.0567,171.4375,imu,-0.0007
1786427835.110761,0.0709,1.8766785860061646,7.774701118469238,0.0283,0.1003,0.6716,-0.5181,2.0731,170.5000,imu,0.0002
1786427835.215537,0.1048,2.0623929500579834,8.522348403930664,0.0310,0.1098,0.6700,-0.5153,2.0872,169.6875,imu,0.0001
1786427835.382670,0.1671,2.0873796939849854,8.47094440460205,0.0310,0.1085,0.6673,-0.5109,2.0992,169.0000,imu,0.0006
1786427835.441791,0.0591,1.854600429534912,7.55677604675293,0.0276,0.0969,0.6665,-0.5095,2.1156,168.0625,imu,-0.0007
1786427835.529907,0.0881,1.5624902248382568,6.334791660308838,0.0232,0.0811,0.6655,-0.5077,2.1298,167.2500,imu,-0.0003
1786427835.732832,0.2029,0.47701945900917053,2.3713700771331787,0.0084,0.0322,0.6646,-0.5063,2.1363,166.8750,imu,-0.0002
1786427835.772967,0.0401,-0.02388657070696354,0.05586375668644905,0.0001,0.0014,0.6646,-0.5063,2.1364,166.8750,enc,0.0001
1786427835.845174,0.0722,0.0,0.0,0.0000,0.0000,0.6646,-0.5063,2.1364,166.8750,enc,0.0000
1786427836.092813,0.2476,0.0,0.0,0.0000,0.0000,0.6646,-0.5063,2.1364,166.8750,enc,0.0000
1786427836.092893,0.0001,-0.058596495538949966,-0.005397045984864235,-0.0002,0.0009,0.6646,-0.5063,2.1364,166.8750,enc,-0.0002
1786427836.163393,0.0705,0.0,0.0,0.0000,0.0000,0.6646,-0.5063,2.1364,166.8750,enc,0.0000
1786427836.264497,0.1011,0.0,0.0,0.0000,0.0000,0.6646,-0.5063,2.1364,166.8750,enc,0.0000
1786427836.494164,0.2297,0.0,0.0,0.0000,0.0000,0.6646,-0.5063,2.1364,166.8750,enc,0.0000
1786427836.525432,0.0313,0.0,0.0,0.0000,0.0000,0.6646,-0.5063,2.1364,166.8750,enc,0.0000
1786427836.555910,0.0305,0.0,0.0,0.0000,0.0000,0.6646,-0.5063,2.1364,166.8750,enc,0.0000
1786427836.665226,0.1093,0.11298170685768127,0.9111801385879517,0.0030,0.0136,0.6644,-0.5060,2.1375,166.8125,imu,0.0002
1786427836.812265,0.1470,0.47215503454208374,4.810657978057861,0.0155,0.0737,0.6632,-0.5041,2.1462,166.3125,imu,-0.0003
1786427836.896855,0.0846,0.6831458210945129,6.787607192993164,0.0219,0.1038,0.6622,-0.5025,2.1593,165.5625,imu,-0.0002
1786427837.566993,0.6701,1.6110236644744873,8.342388153076172,0.0292,0.1144,0.6502,-0.4870,2.1746,164.6875,imu,0.0016
1786427837.644379,0.0774,1.95540452003479,8.325953483581543,0.0301,0.1083,0.6488,-0.4851,2.1898,163.8125,imu,0.0002
1786427837.666719,0.0223,1.6551687717437744,7.992677688598633,0.0283,0.1077,0.6484,-0.4846,2.2073,162.8125,imu,-0.0003
1786427837.875189,0.2085,1.3676015138626099,7.275362491607666,0.0253,0.1004,0.6452,-0.4804,2.2226,161.9375,imu,0.0002
1786427837.897623,0.0224,1.296047329902649,7.774744510650635,0.0266,0.1101,0.6448,-0.4800,2.2346,161.2500,imu,0.0002
1786427837.967611,0.0700,1.3801724910736084,7.4901838302612305,0.0260,0.1039,0.6437,-0.4786,2.2498,160.3750,imu,0.0002
1786427838.149933,0.1823,1.2207040786743164,6.970185279846191,0.0240,0.0977,0.6409,-0.4752,2.2651,159.5000,imu,-0.0003
1786427838.226630,0.0767,1.3276456594467163,7.831385135650635,0.0269,0.1106,0.6396,-0.4736,2.2804,158.6250,imu,0.0000
1786427838.246705,0.0201,1.2966351509094238,7.830209732055664,0.0268,0.1111,0.6392,-0.4732,2.2989,157.5625,imu,0.0002
1786427838.365813,0.1191,1.4188765287399292,7.832167625427246,0.0271,0.1090,0.6370,-0.4708,2.3098,156.9375,imu,0.0003
1786427838.475921,0.1101,1.2208120822906494,6.943006992340088,0.0239,0.0973,0.6352,-0.4690,2.3218,156.2500,imu,0.0007
1786427838.532074,0.0562,1.3718575239181519,7.645187854766846,0.0264,0.1066,0.6341,-0.4679,2.3371,155.3750,imu,0.0002
1786427838.606714,0.0746,1.324354887008667,7.771933078765869,0.0267,0.1096,0.6327,-0.4665,2.3535,154.4375,imu,-0.0003
1786427838.738390,0.1317,1.3062310218811035,7.240384101867676,0.0251,0.1009,0.6304,-0.4641,2.3698,153.5000,imu,-0.0003
1786427838.784989,0.0466,1.3301688432693481,7.819511890411377,0.0268,0.1103,0.6295,-0.4633,2.3829,152.7500,imu,-0.0004
1786427838.874689,0.0897,1.4638948440551758,7.6904616355896,0.0268,0.1058,0.6277,-0.4617,2.3949,152.0625,imu,0.0006
1786427838.897581,0.0229,1.287521243095398,7.036237716674805,0.0244,0.0977,0.6273,-0.4613,2.4091,151.2500,imu,-0.0002
1786427839.099019,0.2014,1.40349280834198,7.747249603271484,0.0268,0.1078,0.6233,-0.4577,2.4244,150.3750,imu,-0.0005
1786427839.160404,0.0614,1.289332389831543,7.811614513397217,0.0267,0.1109,0.6220,-0.4566,2.4429,149.3125,imu,-0.0002
1786427839.221387,0.0610,1.3503789901733398,7.728666305541992,0.0266,0.1084,0.6208,-0.4556,2.4571,148.5000,imu,0.0004
1786427839.379100,0.1577,1.2900556325912476,6.82213830947876,0.0238,0.0940,0.6178,-0.4533,2.4702,147.7500,imu,0.0006
1786427839.427170,0.0481,1.2844747304916382,7.679274559020996,0.0263,0.1087,0.6167,-0.4526,2.4854,146.8750,imu,0.0007
1786427839.498486,0.0713,1.336192011833191,7.8817973136901855,0.0270,0.1113,0.6152,-0.4514,2.5007,146.0000,imu,-0.0004
1786427839.572479,0.0740,1.0386356115341187,7.847680568695068,0.0261,0.1157,0.6137,-0.4502,2.5171,145.0625,imu,-0.0016
1786427839.638384,0.0659,1.020717978477478,7.013036251068115,0.0236,0.1019,0.6125,-0.4493,2.5345,144.0625,imu,-0.0003
1786427839.719373,0.0810,1.6400659084320068,7.708155632019043,0.0274,0.1031,0.6106,-0.4481,2.5476,143.3125,imu,0.0006
1786427839.768310,0.0489,1.4360461235046387,7.0753703117370605,0.0250,0.0959,0.6096,-0.4474,2.5618,142.5000,imu,0.0002
1786427839.886569,0.1183,0.5636618137359619,3.59633207321167,0.0122,0.0515,0.6083,-0.4467,2.5716,141.9375,imu,0.0002
1786427839.939129,0.0526,0.07557016611099243,0.8204761147499084,0.0026,0.0127,0.6082,-0.4466,2.5738,141.8125,imu,-0.0002
1786427840.020929,0.0818,0.002698990749195218,0.029303329065442085,0.0001,0.0005,0.6082,-0.4466,2.5738,141.8125,enc,-0.0001
1786427840.123077,0.1021,0.0,0.0,0.0000,0.0000,0.6082,-0.4466,2.5738,141.8125,enc,0.0000
1786427840.171393,0.0483,0.0,0.0,0.0000,0.0000,0.6082,-0.4466,2.5738,141.8125,enc,0.0000
1786427840.350865,0.1795,-0.05820712819695473,-0.005361182615160942,-0.0002,0.0009,0.6082,-0.4466,2.5740,141.8125,enc,0.0000
1786427840.405787,0.0549,0.0,0.0,0.0000,0.0000,0.6082,-0.4466,2.5740,141.8125,enc,0.0000
1786427840.480490,0.0747,0.0,0.0,0.0000,0.0000,0.6082,-0.4466,2.5740,141.8125,enc,0.0000
1786427840.603684,0.1232,0.0,0.0,0.0000,0.0000,0.6082,-0.4466,2.5740,141.8125,enc,0.0000
1786427840.719836,0.1162,0.008048297837376595,0.087381511926651,0.0003,0.0013,0.6082,-0.4466,2.5742,141.8125,enc,-0.0001
1786427840.790128,0.0703,0.19950392842292786,2.1660425662994385,0.0069,0.0334,0.6078,-0.4463,2.5773,141.6250,imu,0.0000
1786427840.924658,0.1345,0.448993980884552,4.874791622161865,0.0156,0.0752,0.6060,-0.4452,2.5871,141.0625,imu,-0.0002
1786427841.017227,0.0926,0.8666768074035645,7.221160411834717,0.0237,0.1080,0.6042,-0.4440,2.6045,140.0625,imu,-0.0008
1786427841.139131,0.1219,1.700714349746704,7.739773273468018,0.0277,0.1027,0.6013,-0.4422,2.6176,139.3125,imu,-0.0007
1786427841.275094,0.1360,1.964985728263855,7.486026287078857,0.0277,0.0938,0.5980,-0.4405,2.6307,138.5625,imu,0.0006
1786427841.429884,0.1548,1.4429209232330322,6.5391130447387695,0.0234,0.0866,0.5948,-0.4387,2.6449,137.7500,imu,0.0000
1786427841.454919,0.0250,1.207690954208374,7.129533290863037,0.0244,0.1007,0.5943,-0.4385,2.6591,136.9375,imu,0.0001
1786427841.628586,0.1737,0.7747387886047363,7.1556854248046875,0.0233,0.1085,0.5906,-0.4367,2.6744,136.0625,imu,0.0005
1786427841.669129,0.0405,0.9747775793075562,6.482193946838379,0.0219,0.0936,0.5898,-0.4364,2.6896,135.1875,imu,0.0012
1786427841.784440,0.1153,1.5984216928482056,7.032520294189453,0.0253,0.0924,0.5872,-0.4351,2.7005,134.5625,imu,-0.0004
1786427841.914057,0.1296,1.3846417665481567,6.9148125648498535,0.0243,0.0940,0.5844,-0.4336,2.7136,133.8125,imu,-0.0015
1786427842.000282,0.0862,0.9429737329483032,7.112039089202881,0.0236,0.1049,0.5826,-0.4327,2.7300,132.8750,imu,-0.0013
1786427842.068353,0.0681,0.7800205945968628,6.576992034912109,0.0216,0.0985,0.5812,-0.4321,2.7453,132.0000,imu,-0.0008
1786427842.187114,0.1188,1.4498804807662964,7.130239009857178,0.0252,0.0966,0.5785,-0.4310,2.7616,131.0625,imu,0.0001
1786427842.259839,0.0727,1.8367897272109985,7.319387435913086,0.0268,0.0932,0.5766,-0.4304,2.7725,130.4375,imu,0.0017
1786427842.340137,0.0803,1.4173393249511719,6.871165752410889,0.0243,0.0927,0.5748,-0.4297,2.7834,129.8125,imu,0.0001
1786427842.459950,0.1198,1.1579469442367554,6.322879314422607,0.0219,0.0878,0.5723,-0.4287,2.7976,129.0000,imu,-0.0006
1786427842.549978,0.0900,1.0679682493209839,7.182202339172363,0.0242,0.1039,0.5703,-0.4280,2.8129,128.1250,imu,-0.0004
1786427842.800762,0.2508,1.047644853591919,7.273362159729004,0.0244,0.1058,0.5642,-0.4270,3.0060,117.0625,imu,-0.0009
1786427842.859994,0.0592,1.1581032276153564,6.624457836151123,0.0228,0.0929,0.5629,-0.4272,-2.9652,99.1875,imu,0.0003
1786427842.920836,0.0608,1.2871787548065186,7.048891067504883,0.0244,0.0979,0.5617,-0.4281,-2.6118,78.9375,imu,0.0023
1786427842.990929,0.0701,1.250594139099121,6.962590217590332,0.0241,0.0971,0.5604,-0.4292,-2.5060,72.8750,imu,0.0012
1786427843.076642,0.0857,1.4130656719207764,6.516744613647461,0.0233,0.0868,0.5588,-0.4304,-2.4122,67.5000,imu,-0.0008
1786427843.166853,0.0902,1.4316301345825195,7.339418411254883,0.0257,0.1004,0.5573,-0.4322,-2.2529,58.3750,imu,-0.0009
1786427843.271848,0.1050,1.4962903261184692,7.218944549560547,0.0256,0.0973,0.5559,-0.4345,-2.1242,51.0000,imu,-0.0002
1786427843.389386,0.1175,1.2511444091796875,7.036210536956787,0.0243,0.0983,0.5547,-0.4370,-2.0228,45.1875,imu,0.0006
1786427843.488743,0.0994,0.9504187107086182,6.2411723136901855,0.0211,0.0899,0.5540,-0.4390,-1.9366,40.2500,imu,0.0009
1786427843.583901,0.0952,0.9927716255187988,7.018343925476074,0.0235,0.1024,0.5535,-0.4412,-1.8602,35.8750,imu,0.0011
1786427843.698601,0.1147,1.3489058017730713,7.161130905151367,0.0250,0.0988,0.5529,-0.4440,-1.7959,32.1875,imu,0.0001
1786427843.790382,0.0918,1.5908702611923218,6.859832286834717,0.0248,0.0896,0.5524,-0.4462,-1.7490,29.5000,imu,-0.0013
1786427843.918556,0.1282,0.6470550894737244,3.5651466846466064,0.0124,0.0496,0.5520,-0.4478,-1.7108,27.3125,imu,-0.0007
1786427844.008360,0.0898,0.07116805762052536,0.7726817727088928,0.0025,0.0119,0.5520,-0.4480,-1.6835,25.7500,imu,0.0000
1786427844.119442,0.1111,-0.002692051464691758,-0.029227986931800842,-0.0001,-0.0005,0.5520,-0.4480,-1.6836,24.8125,enc,0.0001
1786427844.236185,0.1167,0.0,0.0,0.0000,0.0000,0.5520,-0.4480,-1.6836,23.6875,enc,0.0000
1786427844.322340,0.0862,0.0,0.0,0.0000,0.0000,0.5520,-0.4480,-1.6836,23.3125,enc,0.0000
1786427844.418037,0.0957,-0.029035095125436783,-0.002674285089597106,-0.0001,0.0004,0.5520,-0.4480,-1.6835,22.7500,enc,-0.0001
1786427844.533669,0.1156,0.0,0.0,0.0000,0.0000,0.5520,-0.4480,-1.6835,22.5625,enc,0.0000
1786427844.626178,0.0925,0.0,0.0,0.0000,0.0000,0.5520,-0.4480,-1.6835,22.4375,enc,0.0000
1786427844.729292,0.1031,0.0,0.0,0.0000,0.0000,0.5520,-0.4480,-1.6835,22.3125,enc,0.0000
1786427844.866203,0.1369,0.0,0.0,0.0000,0.0000,0.5520,-0.4480,-1.6835,22.0000,enc,0.0000
1786427844.941293,0.0751,0.1954650729894638,0.860508918762207,0.0031,0.0113,0.5519,-0.4482,-1.6824,21.9375,imu,-0.0007
1786427845.162467,0.2212,0.7097828388214111,4.582470893859863,0.0155,0.0658,0.5517,-0.4516,-1.6715,21.3125,imu,0.0007
1786427845.226516,0.0640,2.0899102687835693,7.661600589752197,0.0286,0.0947,0.5517,-0.4535,-1.6562,20.4375,imu,0.0018
1786427845.309065,0.0825,2.3890156745910645,8.269579887390137,0.0313,0.1000,0.5515,-0.4560,-1.6432,19.6875,imu,-0.0001
1786427845.354406,0.0453,2.4836535453796387,9.171088218688965,0.0342,0.1137,0.5514,-0.4576,-1.6268,18.7500,imu,-0.0006
1786427845.563921,0.2095,2.151454210281372,8.925658226013184,0.0325,0.1151,0.5510,-0.4644,-1.6104,17.8125,imu,-0.0004
1786427845.599635,0.0357,1.980393409729004,7.620812892913818,0.0282,0.0959,0.5510,-0.4654,-1.5963,17.0000,imu,0.0004
1786427845.685910,0.0863,1.9272223711013794,8.310182571411133,0.0300,0.1085,0.5511,-0.4680,-1.5832,16.2500,imu,0.0006
1786427845.779415,0.0935,2.019613742828369,8.427273750305176,0.0306,0.1089,0.5510,-0.4708,-1.5668,15.3125,imu,-0.0002
1786427845.991788,0.2124,2.0585503578186035,8.506470680236816,0.0310,0.1096,0.5511,-0.4774,-1.5504,14.3750,imu,-0.0005
1786427846.018306,0.0265,1.8977586030960083,7.670846462249756,0.0281,0.0981,0.5511,-0.4782,-1.5373,13.6250,imu,0.0005
1786427846.095237,0.0769,2.0989954471588135,8.3660888671875,0.0307,0.1065,0.5513,-0.4805,-1.5264,13.0000,imu,0.0005
1786427846.351776,0.2565,2.117469072341919,8.47681713104248,0.0311,0.1081,0.5517,-0.4885,-1.5123,12.1875,imu,-0.0001
1786427846.351833,0.0001,1.8933985233306885,7.744332313537598,0.0283,0.0995,0.5517,-0.4885,-1.4959,11.2500,imu,-0.0009
1786427846.418935,0.0671,2.0799779891967773,8.531725883483887,0.0311,0.1097,0.5518,-0.4906,-1.4885,10.3125,enc,-0.0008
1786427846.620061,0.2011,2.0294713973999023,8.468405723571777,0.0308,0.1094,0.5525,-0.4967,-1.4665,9.5000,enc,0.0002
1786427846.684648,0.0646,2.0013418197631836,8.297435760498047,0.0302,0.1070,0.5527,-0.4987,-1.4596,8.6250,enc,0.0001
1786427846.743214,0.0586,1.8218451738357544,7.611171245574951,0.0277,0.0984,0.5529,-0.5003,-1.4538,7.6875,enc,-0.0007
1786427846.953046,0.2098,2.0242257118225098,8.500292778015137,0.0309,0.1101,0.5537,-0.5067,-1.4307,6.7500,enc,-0.0001
1786427847.000811,0.0478,2.0834884643554688,8.564180374145508,0.0312,0.1102,0.5540,-0.5082,-1.4255,5.7500,enc,0.0000
1786427847.053683,0.0529,1.9962667226791382,8.502532958984375,0.0308,0.1106,0.5542,-0.5098,-1.4196,4.8125,enc,0.0004
1786427847.272960,0.2193,1.771360158920288,7.567487716674805,0.0274,0.0985,0.5553,-0.5157,-1.3980,4.0000,enc,0.0004
1786427847.326518,0.0536,1.886906623840332,8.507070541381836,0.0305,0.1125,0.5557,-0.5173,-1.3920,3.1250,enc,0.0005
1786427847.381994,0.0555,2.077336549758911,8.674846649169922,0.0315,0.1121,0.5560,-0.5190,-1.3858,2.1250,enc,-0.0002
1786427847.460324,0.0783,1.908557415008545,7.806334972381592,0.0285,0.1003,0.5564,-0.5212,-1.3779,1.8750,enc,-0.0004
1786427847.664821,0.2045,2.039741277694702,8.265386581420898,0.0302,0.1058,0.5577,-0.5272,-1.3563,1.2500,enc,0.0002
1786427847.718316,0.0535,2.0519745349884033,8.424948692321777,0.0307,0.1083,0.5581,-0.5288,-1.3505,0.9375,enc,-0.0006
1786427847.766836,0.0485,1.935325026512146,7.780576705932617,0.0285,0.0994,0.5583,-0.5302,-1.3457,0.1875,enc,-0.0006
1786427847.983695,0.2169,1.9639191627502441,8.503437042236328,0.0307,0.1112,0.5600,-0.5366,-1.3216,359.5625,enc,0.0002
1786427848.020789,0.0371,2.1256327629089355,8.396000862121582,0.0309,0.1066,0.5603,-0.5377,-1.3176,359.1250,enc,0.0006
1786427848.080781,0.0600,1.9166202545166016,7.875840187072754,0.0287,0.1013,0.5608,-0.5394,-1.3115,358.5625,enc,0.0000
1786427848.301920,0.2211,0.9520664811134338,4.12270975112915,0.0149,0.0539,0.5617,-0.5425,-1.2996,357.9375,enc,0.0003
1786427848.346347,0.0444,0.10418852418661118,1.1311897039413452,0.0036,0.0175,0.5617,-0.5427,-1.2988,358.2500,enc,0.0001
1786427848.397621,0.0513,-0.008098488673567772,-0.08792644739151001,-0.0003,-0.0014,0.5618,-0.5427,-1.2989,358.6250,enc,0.0001
1786427848.488975,0.0914,0.0,0.0,0.0000,0.0000,0.5618,-0.5427,-1.2989,358.6250,enc,0.0000
1786427848.690331,0.2014,0.0,0.0,0.0000,0.0000,0.5618,-0.5427,-1.2989,358.6250,enc,0.0000
1786427848.729769,0.0394,-0.08789636939764023,-0.00809571798890829,-0.0003,0.0014,0.5618,-0.5427,-1.2989,358.8125,enc,0.0001
1786427848.827054,0.0973,0.0,0.0,0.0000,0.0000,0.5618,-0.5427,-1.2989,359.2500,enc,0.0000
1786427849.010300,0.1832,0.0,0.0,0.0000,0.0000,0.5618,-0.5427,-1.2989,359.6250,enc,0.0000
1786427849.064643,0.0543,0.0,0.0,0.0000,0.0000,0.5618,-0.5427,-1.2989,359.7500,enc,0.0000
1786427849.143649,0.0790,0.0,0.0,0.0000,0.0000,0.5618,-0.5427,-1.2989,359.8125,enc,0.0000
1786427849.332186,0.1885,0.005339250434190035,0.05796900391578674,0.0002,0.0009,0.5618,-0.5427,-1.2987,359.9375,enc,0.0000
1786427849.378832,0.0466,0.2660212516784668,1.9419550895690918,0.0065,0.0285,0.5618,-0.5430,-1.2974,0.1250,enc,-0.0007
1786427849.460268,0.0814,1.215928316116333,5.949377536773682,0.0210,0.0805,0.5622,-0.5447,-1.2908,359.5625,enc,-0.0011
1786427849.533932,0.0737,2.425685167312622,8.535892486572266,0.0321,0.1039,0.5629,-0.5469,-1.2832,358.6250,enc,0.0000
1786427849.717335,0.1834,2.3436739444732666,8.40992546081543,0.0315,0.1031,0.5647,-0.5524,-1.2643,358.0000,enc,0.0008
1786427849.819002,0.1017,2.3265221118927,8.88581371307373,0.0329,0.1115,0.5659,-0.5556,-1.2529,357.1875,enc,0.0008
1786427849.882268,0.0633,2.002594470977783,8.617688179016113,0.0311,0.1124,0.5665,-0.5574,-1.2458,356.3125,enc,0.0005
1786427850.045508,0.1632,1.947899580001831,8.222795486450195,0.0298,0.1067,0.5680,-0.5621,-1.2284,355.3750,enc,-0.0013
1786427850.128528,0.0830,1.9333502054214478,8.053890228271484,0.0293,0.1040,0.5689,-0.5643,-1.2198,354.6875,enc,0.0013
1786427850.173823,0.0453,2.0223217010498047,8.212985038757324,0.0300,0.1052,0.5694,-0.5656,-1.2150,353.9375,enc,0.0007
1786427850.250448,0.0766,1.9804317951202393,8.32885456085205,0.0302,0.1079,0.5702,-0.5677,-1.2067,353.0625,enc,0.0000
1786427850.482685,0.2322,1.9430487155914307,7.84852933883667,0.0287,0.1004,0.5727,-0.5740,-1.1834,352.2500,enc,-0.0004
1786427850.491174,0.0085,2.1286351680755615,8.632264137268066,0.0316,0.1105,0.5728,-0.5742,-1.1825,351.5000,enc,-0.0005
1786427850.570293,0.0791,2.07381534576416,8.361004829406738,0.0306,0.1069,0.5737,-0.5764,-1.1740,350.6875,enc,0.0003
1786427850.783807,0.2135,1.920172095298767,7.6090288162231445,0.0279,0.0967,0.5762,-0.5819,-1.1534,350.5000,enc,0.0002
1786427850.859460,0.0757,2.115326166152954,8.486698150634766,0.0311,0.1083,0.5771,-0.5840,-1.1452,350.3125,enc,-0.0009
1786427850.907264,0.0478,2.0749878883361816,8.647004127502441,0.0314,0.1117,0.5777,-0.5854,-1.1398,349.9375,enc,-0.0008
1786427851.105779,0.1985,1.939050555229187,7.832379341125488,0.0287,0.1002,0.5801,-0.5906,-1.1199,349.5625,enc,-0.0002
1786427851.169740,0.0640,1.947959065437317,8.347142219543457,0.0302,0.1088,0.5810,-0.5923,-1.1130,349.1250,enc,0.0007
1786427851.238883,0.0691,2.026998519897461,8.268291473388672,0.0302,0.1061,0.5819,-0.5941,-1.1057,348.6875,enc,0.0001
1786427851.291552,0.0527,1.9600307941436768,8.381178855895996,0.0303,0.1091,0.5827,-0.5956,-1.0999,348.0000,enc,-0.0002
1786427851.465333,0.1738,1.9539916515350342,8.075223922729492,0.0294,0.1040,0.5849,-0.6002,-1.0818,347.5000,enc,-0.0011
1786427851.515899,0.0506,1.782936453819275,8.12485122680664,0.0291,0.1078,0.5857,-0.6014,-1.0764,347.1875,enc,0.0019
1786427851.605113,0.0892,1.973151683807373,8.49056625366211,0.0307,0.1108,0.5871,-0.6038,-1.0665,346.8125,enc,0.0010
1786427851.795783,0.1907,1.9380240440368652,8.251948356628418,0.0299,0.1073,0.5900,-0.6087,-1.0460,346.2500,enc,0.0002
1786427851.892760,0.0970,2.0314433574676514,8.39445686340332,0.0306,0.1082,0.5914,-0.6113,-1.0355,345.8125,enc,-0.0006
1786427851.957259,0.0645,1.9969972372055054,7.816983222961426,0.0288,0.0989,0.5924,-0.6129,-1.0292,345.4375,enc,-0.0005
1786427851.998463,0.0412,2.0668230056762695,8.558806419372559,0.0312,0.1104,0.5930,-0.6140,-1.0246,345.4375,enc,0.0002
1786427852.203370,0.2049,2.078965187072754,8.400158882141113,0.0307,0.1074,0.5965,-0.6192,-1.0026,346.0000,enc,0.0007
1786427852.237712,0.0343,1.865122675895691,7.636249542236328,0.0279,0.0981,0.5971,-0.6200,-0.9992,346.0625,enc,-0.0003
1786427852.475853,0.2381,2.0878331661224365,8.472785949707031,0.0310,0.1085,0.6012,-0.6261,-0.9734,345.8750,enc,-0.0002
1786427852.531753,0.0559,1.3002305030822754,5.676616191864014,0.0205,0.0744,0.6018,-0.6271,-0.9692,346.3750,enc,-0.0002
1786427852.611867,0.0801,0.43872806429862976,1.609183669090271,0.0060,0.0199,0.6021,-0.6274,-0.9676,346.4375,enc,0.0004
1786427852.671169,0.0593,0.0,0.0,0.0000,0.0000,0.6021,-0.6274,-0.9676,346.4375,enc,0.0002
1786427852.854745,0.1836,0.0,0.0,0.0000,0.0000,0.6021,-0.6274,-0.9676,346.4375,enc,0.0000
1786427852.911777,0.0570,0.0,0.0,0.0000,0.0000,0.6021,-0.6274,-0.9676,346.4375,enc,0.0000
1786427852.969277,0.0575,-0.028999555855989456,-0.0026710117235779762,-0.0001,0.0004,0.6021,-0.6274,-0.9676,346.4375,enc,-0.0001
1786427853.261403,0.2921,0.0,0.0,0.0000,0.0000,0.6021,-0.6274,-0.9676,347.5625,enc,0.0000
1786427853.261476,0.0001,0.0,0.0,0.0000,0.0000,0.6021,-0.6274,-0.9676,348.7500,enc,0.0000
1786427853.337942,0.0765,0.0,0.0,0.0000,0.0000,0.6021,-0.6274,-0.9676,349.6875,enc,0.0000
1786427853.529692,0.1918,0.0,0.0,0.0000,0.0000,0.6021,-0.6274,-0.9676,350.8125,enc,0.0000
1786427853.571437,0.0417,0.045904070138931274,0.49838703870773315,0.0016,0.0077,0.6022,-0.6275,-0.9673,351.6250,enc,0.0003
1786427853.632521,0.0611,0.46856844425201416,4.140756607055664,0.0135,0.0624,0.6026,-0.6281,-0.9635,352.6250,enc,0.0004
1786427853.720819,0.0883,1.4280632734298706,6.67020845413208,0.0237,0.0891,0.6038,-0.6299,-0.9556,352.7500,enc,-0.0003
1786427853.909847,0.1890,2.6087019443511963,9.075304985046387,0.0343,0.1099,0.6075,-0.6352,-0.9348,352.8750,enc,-0.0010
1786427853.954817,0.0450,2.6357173919677734,9.36848258972168,0.0352,0.1144,0.6084,-0.6365,-0.9297,352.5000,enc,-0.0005
1786427854.043453,0.0886,2.232581377029419,8.536476135253906,0.0316,0.1072,0.6101,-0.6388,-0.9202,352.5625,enc,-0.0013
1786427854.251239,0.2078,1.9061572551727295,8.078035354614258,0.0293,0.1049,0.6142,-0.6432,-0.8984,352.2500,enc,0.0023
1786427854.310871,0.0596,1.970491886138916,8.304787635803223,0.0301,0.1077,0.6154,-0.6446,-0.8920,351.4375,enc,0.0008
1786427854.435876,0.1250,2.038893461227417,8.389288902282715,0.0306,0.1079,0.6178,-0.6476,-0.8785,350.5000,enc,-0.0003
1786427854.468454,0.0326,1.9049173593521118,7.754936695098877,0.0283,0.0994,0.6184,-0.6483,-0.8752,349.6875,enc,-0.0004
1786427854.530195,0.0617,2.0357489585876465,8.430127143859863,0.0307,0.1087,0.6196,-0.6498,-0.8685,350.8125,enc,-0.0006
1786427854.618369,0.0882,2.0455691814422607,8.247124671936035,0.0302,0.1054,0.6213,-0.6518,-0.8592,352.1250,enc,-0.0001
1786427854.718040,0.0997,2.0727200508117676,8.338205337524414,0.0305,0.1065,0.6233,-0.6541,-0.8486,352.1875,enc,-0.0004
1786427854.794580,0.0765,2.0803444385528564,8.53322982788086,0.0311,0.1097,0.6248,-0.6559,-0.8402,351.1875,enc,-0.0005
1786427854.918580,0.1240,1.9128683805465698,7.7627482414245605,0.0284,0.0994,0.6272,-0.6585,-0.8279,350.1875,enc,-0.0004
1786427855.002486,0.0839,2.0800728797912598,8.386234283447266,0.0307,0.1072,0.6290,-0.6604,-0.8189,349.5000,enc,0.0001
1786427855.106404,0.1039,2.044048547744751,8.33784008026123,0.0304,0.1070,0.6311,-0.6627,-0.8078,348.4375,enc,-0.0005
1786427855.222778,0.1164,1.9759196043014526,8.36308765411377,0.0303,0.1086,0.6335,-0.6653,-0.7951,347.5000,enc,-0.0008
1786427855.303899,0.0811,1.8158221244812012,7.741602420806885,0.0280,0.1007,0.6351,-0.6669,-0.7870,346.5625,enc,0.0001
1786427855.416541,0.1126,2.067128896713257,8.560073852539062,0.0312,0.1104,0.6377,-0.6693,-0.7745,345.5625,enc,0.0004
1786427855.551341,0.1348,2.055798053741455,8.44064712524414,0.0308,0.1085,0.6407,-0.6721,-0.7599,344.7500,enc,0.0008
1786427855.613347,0.0620,1.6930246353149414,7.653705596923828,0.0274,0.1013,0.6420,-0.6733,-0.7536,343.8750,enc,0.0002
1786427855.744780,0.1314,1.9873690605163574,8.464635848999023,0.0306,0.1101,0.6450,-0.6760,-0.7391,342.9375,enc,0.0000
1786427855.837877,0.0931,2.1508641242980957,8.588481903076172,0.0315,0.1094,0.6471,-0.6779,-0.7290,342.0000,enc,-0.0003
1786427855.921549,0.0837,1.9263312816619873,7.670637130737305,0.0281,0.0976,0.6489,-0.6794,-0.7208,341.3125,enc,0.0009
1786427856.055847,0.1343,1.9762592315673828,8.346834182739258,0.0303,0.1083,0.6521,-0.6820,-0.7062,340.4375,enc,0.0006
1786427856.146764,0.0909,1.992691159248352,8.451865196228027,0.0306,0.1098,0.6542,-0.6838,-0.6963,343.5625,enc,-0.0002
1786427856.236911,0.0901,2.072511911392212,8.654698371887207,0.0315,0.1119,0.6564,-0.6857,-0.6862,342.6250,enc,-0.0006
1786427856.356929,0.1200,1.999751329421997,7.717345237731934,0.0285,0.0972,0.6590,-0.6878,-0.6745,341.6875,enc,-0.0002
1786427856.458000,0.1011,2.014150619506836,8.350541114807129,0.0304,0.1077,0.6615,-0.6896,-0.6636,341.0000,enc,0.0008
1786427856.540900,0.0829,1.598605751991272,6.628139495849609,0.0241,0.0855,0.6631,-0.6908,-0.6565,340.2500,enc,0.0010
1786427856.781842,0.2409,0.3107415735721588,2.4390928745269775,0.0081,0.0362,0.6647,-0.6919,-0.6478,339.8750,enc,0.0001
1786427856.844586,0.0627,0.018890315666794777,0.2050948441028595,0.0007,0.0032,0.6647,-0.6920,-0.6476,339.8125,enc,-0.0001
1786427856.916426,0.0718,0.0,0.0,0.0000,0.0000,0.6647,-0.6920,-0.6476,339.8125,enc,0.0000
1786427857.009758,0.0933,0.0,0.0,0.0000,0.0000,0.6647,-0.6920,-0.6476,339.8125,enc,0.0000
1786427857.113318,0.1036,-0.11697695404291153,-0.010774193331599236,-0.0004,0.0018,0.6647,-0.6919,-0.6474,339.8125,enc,0.0000
1786427857.197641,0.0843,-0.029309766367077827,-0.0026995837688446045,-0.0001,0.0005,0.6647,-0.6919,-0.6474,351.3750,enc,-0.0001
1786427857.299961,0.1023,0.0,0.0,0.0000,0.0000,0.6647,-0.6919,-0.6474,1.3750,enc,0.0000
1786427857.371758,0.0718,0.0,0.0,0.0000,0.0000,0.6647,-0.6919,-0.6474,9.7500,enc,0.0000
1786427857.476911,0.1052,0.0,0.0,0.0000,0.0000,0.6647,-0.6919,-0.6474,17.2500,enc,0.0000
1786427857.607422,0.1305,0.0,0.0,0.0000,0.0000,0.6647,-0.6919,-0.6474,23.6250,enc,0.0000
1786427857.706613,0.0992,0.28378838300704956,1.822705864906311,0.0062,0.0262,0.6652,-0.6923,-0.6448,29.0000,enc,0.0000
1786427857.798934,0.0923,1.0718427896499634,5.328369617462158,0.0188,0.0724,0.6665,-0.6934,-0.6381,32.7500,enc,-0.0009
1786427857.912434,0.1135,2.2935497760772705,8.350902557373047,0.0312,0.1030,0.6693,-0.6956,-0.6264,36.1250,enc,-0.0007
1786427858.031161,0.1187,2.5419836044311523,9.099864959716797,0.0341,0.1115,0.6727,-0.6979,-0.6132,39.1875,enc,0.0004
1786427858.116691,0.0855,2.4286744594573975,9.024369239807129,0.0336,0.1121,0.6751,-0.6994,-0.6036,38.4375,enc,0.0008
1786427858.223312,0.1066,1.9140629768371582,7.847118377685547,0.0286,0.1009,0.6776,-0.7011,-0.5929,37.5000,enc,0.0005
1786427858.325217,0.1019,2.005753993988037,8.560704231262207,0.0310,0.1114,0.6803,-0.7028,-0.5815,36.5625,enc,0.0001
1786427858.415066,0.0898,1.9777718782424927,8.545808792114258,0.0309,0.1116,0.6826,-0.7043,-0.5715,35.6875,enc,-0.0001
1786427858.534773,0.1197,1.8694461584091187,7.483514308929443,0.0274,0.0954,0.6854,-0.7060,-0.5601,34.8750,enc,0.0007
1786427858.635162,0.1004,2.028059959411621,8.462516784667969,0.0308,0.1094,0.6881,-0.7076,-0.5491,34.1250,enc,0.0000
1786427858.721275,0.0861,2.0668087005615234,8.558747291564941,0.0312,0.1103,0.6904,-0.7090,-0.5396,33.2500,enc,-0.0002
1786427858.843686,0.1224,2.055722951889038,8.584589958190918,0.0312,0.1110,0.6936,-0.7110,-0.5260,32.4375,enc,-0.0004
1786427858.937678,0.0940,1.8929259777069092,7.7423996925354,0.0283,0.0994,0.6959,-0.7123,-0.5166,31.6250,enc,-0.0006
1786427859.030296,0.0926,2.1108038425445557,8.04820442199707,0.0298,0.1009,0.6984,-0.7136,-0.5073,30.8125,enc,0.0004
1786427859.157872,0.1276,2.023756742477417,8.255067825317383,0.0301,0.1059,0.7017,-0.7156,-0.4938,29.8750,enc,-0.0010
1786427859.248627,0.0908,2.05849289894104,8.488106727600098,0.0309,0.1093,0.7041,-0.7170,-0.4839,28.9375,enc,-0.0011
1786427859.381651,0.1330,2.0188207626342773,8.5660400390625,0.0310,0.1113,0.7078,-0.7189,-0.4691,27.9375,enc,-0.0004
1786427859.488190,0.1065,1.9795992374420166,7.655475616455078,0.0283,0.0965,0.7105,-0.7201,-0.4588,27.1250,enc,0.0007
1786427859.555632,0.0674,1.9206358194351196,8.264158248901367,0.0299,0.1078,0.7123,-0.7210,-0.4515,26.2500,enc,-0.0003
1786427859.651902,0.0963,1.9960752725601196,8.466217994689941,0.0307,0.1100,0.7150,-0.7223,-0.4409,25.3125,enc,0.0000
1786427859.861371,0.2095,1.918965220451355,8.556653022766113,0.0307,0.1128,0.7209,-0.7249,-0.4173,24.3125,enc,0.0002
1786427859.920864,0.0595,1.8013551235198975,7.891045570373535,0.0284,0.1035,0.7224,-0.7255,-0.4111,23.3750,enc,0.0001
1786427860.044261,0.1234,2.0839452743530273,8.45700740814209,0.0309,0.1083,0.7260,-0.7270,-0.3978,22.6875,enc,0.0004
1786427860.257771,0.2135,1.9990490674972534,8.2158842086792,0.0300,0.1057,0.7319,-0.7295,-0.3752,21.7500,enc,-0.0008
1786427860.344200,0.0864,1.924198031425476,7.643588542938232,0.0281,0.0972,0.7341,-0.7304,-0.3668,20.9375,enc,-0.0005
1786427860.568161,0.2240,2.049954652786255,8.524821281433105,0.0310,0.1101,0.7407,-0.7326,-0.3421,20.0000,enc,0.0004
1786427860.621135,0.0530,2.025515079498291,8.559089660644531,0.0310,0.1111,0.7422,-0.7332,-0.3363,19.0625,enc,0.0006
1786427860.703073,0.0819,2.050426959991455,8.06403636932373,0.0297,0.1022,0.7445,-0.7340,-0.3279,18.3125,enc,-0.0009
1786427860.961937,0.2589,1.919063687324524,8.03013801574707,0.0292,0.1039,0.7518,-0.7361,-0.3010,17.4375,enc,0.0007
1786427861.005203,0.0433,2.027494192123413,8.531876564025879,0.0310,0.1106,0.7531,-0.7365,-0.2962,16.3750,enc,0.0000
1786427861.082954,0.0778,1.6702935695648193,6.778338432312012,0.0248,0.0868,0.7549,-0.7370,-0.2895,15.5625,enc,0.0004
1786427861.339517,0.2566,0.5198643207550049,2.521456480026245,0.0089,0.0340,0.7571,-0.7377,-0.2807,19.2500,enc,-0.0002
1786427861.374004,0.0345,0.024111425504088402,0.2617811858654022,0.0008,0.0040,0.7571,-0.7377,-0.2806,25.9375,enc,0.0001
1786427861.632386,0.2584,0.0,0.0,0.0000,0.0000,0.7571,-0.7377,-0.2806,25.9375,enc,0.0000
1786427861.702856,0.0705,0.0,0.0,0.0000,0.0000,0.7571,-0.7377,-0.2806,25.9375,enc,0.0000
1786427861.778343,0.0755,-0.05808655545115471,-0.005350077524781227,-0.0002,0.0009,0.7571,-0.7377,-0.2805,25.9375,enc,0.0000
1786427862.008344,0.2300,-0.029303396120667458,-0.0026989970356225967,-0.0001,0.0005,0.7571,-0.7377,-0.2804,31.5625,enc,-0.0001
1786427862.099816,0.0915,0.0,0.0,0.0000,0.0000,0.7571,-0.7377,-0.2804,36.0000,enc,0.0000
1786427862.321361,0.2215,0.0,0.0,0.0000,0.0000,0.7571,-0.7377,-0.2804,39.7500,enc,0.0000
1786427862.398747,0.0774,0.0,0.0,0.0000,0.0000,0.7571,-0.7377,-0.2804,42.6250,enc,0.0000
1786427862.657834,0.2591,0.0,0.0,0.0000,0.0000,0.7571,-0.7377,-0.2804,45.0000,enc,0.0000
1786427862.721946,0.0641,0.0,0.0,0.0000,0.0000,0.7571,-0.7377,-0.2804,46.8125,enc,0.0000
1786427862.818748,0.0968,0.0,0.0,0.0000,0.0000,0.7571,-0.7377,-0.2804,48.4375,enc,0.0000
1786427863.038688,0.2199,0.0,0.0,0.0000,0.0000,0.7571,-0.7377,-0.2804,49.6250,enc,0.0000
1786427863.128999,0.0903,0.0,0.0,0.0000,0.0000,0.7571,-0.7377,-0.2804,50.7500,enc,0.0000
1786427863.344944,0.2159,0.0,0.0,0.0000,0.0000,0.7571,-0.7377,-0.2804,51.6875,enc,0.0000
1786427863.386777,0.0418,0.0,0.0,0.0000,0.0000,0.7571,-0.7377,-0.2804,52.3750,enc,0.0000
1786427863.485231,0.0985,0.0,0.0,0.0000,0.0000,0.7571,-0.7377,-0.2804,52.8125,enc,0.0000
1786427863.688879,0.2036,0.0,0.0,0.0000,0.0000,0.7571,-0.7377,-0.2804,53.0000,enc,0.0000
1786427863.780042,0.0912,0.0,0.0,0.0000,0.0000,0.7571,-0.7377,-0.2804,53.6875,enc,0.0000
1786427863.832333,0.0523,0.0,0.0,0.0000,0.0000,0.7571,-0.7377,-0.2804,53.8125,enc,0.0000
1786427864.029240,0.1969,0.0,0.0,0.0000,0.0000,0.7571,-0.7377,-0.2804,53.9375,enc,0.0000
1786427864.143976,0.1147,0.0,0.0,0.0000,0.0000,0.7571,-0.7377,-0.2804,54.0000,enc,0.0000
1786427864.203677,0.0597,0.0,0.0,0.0000,0.0000,0.7571,-0.7377,-0.2804,54.0000,enc,0.0000
1786427864.457752,0.2541,0.0,0.0,0.0000,0.0000,0.7571,-0.7377,-0.2804,54.0000,enc,0.0000
1786427864.523929,0.0662,0.0,0.0,0.0000,0.0000,0.7571,-0.7377,-0.2804,54.0000,enc,0.0000
1786427864.732514,0.2086,0.0,0.0,0.0000,0.0000,0.7571,-0.7377,-0.2804,54.0000,enc,0.0000
1786427864.792308,0.0598,0.0,0.0,0.0000,0.0000,0.7571,-0.7377,-0.2804,54.0000,enc,0.0000
1786427864.894705,0.1024,0.0,0.0,0.0000,0.0000,0.7571,-0.7377,-0.2804,54.0000,enc,0.0000
1786427865.078398,0.1837,0.0,0.0,0.0000,0.0000,0.7571,-0.7377,-0.2804,54.0000,enc,0.0000
1786427865.120754,0.0424,0.0,0.0,0.0000,0.0000,0.7571,-0.7377,-0.2804,54.0000,enc,0.0000
1786427865.216287,0.0955,0.0,0.0,0.0000,0.0000,0.7571,-0.7377,-0.2804,54.0000,enc,0.0000
1786427865.386835,0.1705,0.0,0.0,0.0000,0.0000,0.7571,-0.7377,-0.2804,54.0000,enc,0.0000
1786427865.441029,0.0542,0.0,0.0,0.0000,0.0000,0.7571,-0.7377,-0.2804,54.0000,enc,0.0000
1786427865.575705,0.1347,0.0,0.0,0.0000,0.0000,0.7571,-0.7377,-0.2804,54.0000,enc,0.0000
1786427865.769540,0.1938,0.0,0.0,0.0000,0.0000,0.7571,-0.7377,-0.2804,54.0000,enc,0.0000
1786427865.829398,0.0599,0.0,0.0,0.0000,0.0000,0.7571,-0.7377,-0.2804,54.0000,enc,0.0000
1786427866.060077,0.2307,0.0,0.0,0.0000,0.0000,0.7571,-0.7377,-0.2804,54.0000,enc,0.0000
1786427866.127855,0.0678,0.0,0.0,0.0000,0.0000,0.7571,-0.7377,-0.2804,54.0000,enc,0.0000
1786427866.198719,0.0709,0.0,0.0,0.0000,0.0000,0.7571,-0.7377,-0.2804,54.0000,enc,0.0000
1786427866.403832,0.2051,3.6328821182250977,0.3346075713634491,0.0116,-0.0561,0.7594,-0.7383,-0.2919,54.3125,enc,0.0006
1786427866.484542,0.0807,6.311235427856445,0.7258438467979431,0.0206,-0.0949,0.7610,-0.7387,-0.2996,55.1875,enc,0.0008
1786427866.534503,0.0500,8.655533790588379,1.872133731842041,0.0309,-0.1153,0.7625,-0.7391,-0.3053,56.3125,enc,0.0007
1786427866.768229,0.2337,8.828191757202148,2.328244686126709,0.0327,-0.1105,0.7697,-0.7417,-0.3312,57.2500,enc,-0.0006
1786427866.828738,0.0605,8.790016174316406,2.4302353858947754,0.0329,-0.1081,0.7715,-0.7424,-0.3377,57.9375,enc,-0.0006
1786427866.929400,0.1007,8.269314765930176,1.841606616973877,0.0296,-0.1093,0.7743,-0.7435,-0.3487,58.9375,enc,-0.0003
1786427867.166741,0.2373,8.006006240844727,1.884998083114624,0.0290,-0.1040,0.7809,-0.7456,-0.3734,59.6250,enc,0.0018
1786427867.255146,0.0884,8.114401817321777,1.9965076446533203,0.0296,-0.1040,0.7833,-0.7467,-0.3826,60.5000,enc,-0.0009
1786427867.434829,0.1797,8.353981018066406,2.138455629348755,0.0308,-0.1057,0.7883,-0.7489,-0.4016,61.1875,enc,-0.0007
1786427867.521304,0.0865,8.385824203491211,1.9897196292877197,0.0304,-0.1087,0.7907,-0.7500,-0.4110,61.5625,enc,-0.0007
1786427867.602882,0.0816,8.409955024719238,1.9423288106918335,0.0304,-0.1099,0.7930,-0.7510,-0.4200,61.5625,enc,0.0004
1786427867.822356,0.2195,7.647372245788574,1.8546022176742554,0.0279,-0.0985,0.7985,-0.7536,-0.4416,62.1875,enc,0.0002
1786427867.893893,0.0715,8.499319076538086,2.1423919200897217,0.0312,-0.1081,0.8005,-0.7546,-0.4493,62.8125,enc,-0.0004
1786427868.150762,0.2569,8.480536460876465,2.1470346450805664,0.0312,-0.1077,0.8076,-0.7584,-0.4769,63.5625,enc,-0.0008
1786427868.210008,0.0592,8.08366870880127,1.936161756515503,0.0294,-0.1045,0.8091,-0.7592,-0.4831,64.4375,enc,0.0007
1786427868.435601,0.2256,7.980907440185547,2.010225772857666,0.0293,-0.1015,0.8147,-0.7628,-0.5060,64.8125,enc,-0.0018
1786427868.481333,0.0457,8.440803527832031,2.0558359622955322,0.0308,-0.1085,0.8159,-0.7634,-0.5110,65.6250,enc,0.0002
1786427868.592613,0.1113,8.478921890258789,2.047531843185425,0.0309,-0.1093,0.8189,-0.7652,-0.5232,66.5625,enc,0.0000
1786427868.641251,0.0486,7.789746284484863,1.8146698474884033,0.0282,-0.1016,0.8201,-0.7658,-0.5281,67.5000,enc,0.0002
1786427868.865578,0.2243,8.372178077697754,2.133729934692383,0.0308,-0.1060,0.8259,-0.7696,-0.5519,68.1875,enc,-0.0005
1786427868.968423,0.1028,8.271435737609863,2.056122303009033,0.0303,-0.1056,0.8286,-0.7712,-0.5628,69.0000,enc,0.0000
1786427869.022802,0.0544,8.565206527709961,1.9170278310775757,0.0307,-0.1130,0.8300,-0.7721,-0.5689,69.1250,enc,0.0005
1786427869.168450,0.1456,7.853466510772705,2.0301320552825928,0.0290,-0.0990,0.8335,-0.7744,-0.5833,69.0625,enc,0.0003
1786427869.256043,0.0876,8.476680755615234,2.0383784770965576,0.0308,-0.1094,0.8358,-0.7759,-0.5929,69.3750,enc,0.0002
1786427869.286092,0.0300,7.627364158630371,1.8343415260314941,0.0277,-0.0985,0.8365,-0.7763,-0.5959,71.1250,enc,0.0004
1786427869.383795,0.0977,8.448214530944824,2.020333766937256,0.0307,-0.1093,0.8390,-0.7780,-0.6065,72.0000,enc,0.0007
1786427869.473981,0.0902,8.4165620803833,1.9355320930480957,0.0304,-0.1102,0.8412,-0.7796,-0.6165,71.3750,enc,0.0002
1786427869.538809,0.0648,5.43714714050293,1.3428146839141846,0.0199,-0.0696,0.8423,-0.7803,-0.6210,71.9375,enc,0.0000
1786427869.637723,0.0989,1.6035860776901245,0.3800807595252991,0.0058,-0.0208,0.8428,-0.7806,-0.6230,72.1250,enc,0.0002
1786427869.710891,0.0732,0.0,0.0,0.0000,0.0000,0.8427,-0.7806,-0.6230,72.1250,enc,-0.0002
1786427869.806887,0.0960,0.0,0.0,0.0000,0.0000,0.8427,-0.7806,-0.6230,72.1250,enc,0.0000
1786427869.907832,0.1009,0.0,0.0,0.0000,0.0000,0.8427,-0.7806,-0.6230,71.2500,enc,0.0000
1786427869.987686,0.0799,0.5864306688308716,0.11162825673818588,0.0020,-0.0081,0.8429,-0.7807,-0.6237,69.6875,enc,0.0004
1786427870.034878,0.0472,4.284771919250488,0.8299940824508667,0.0150,-0.0587,0.8435,-0.7811,-0.6265,68.3750,enc,0.0015
1786427870.153266,0.1184,7.581735610961914,1.819067358970642,0.0276,-0.0980,0.8461,-0.7830,-0.6381,67.8125,enc,-0.0003
1786427870.235897,0.0826,8.075623512268066,2.015454053878784,0.0296,-0.1030,0.8480,-0.7846,-0.6466,67.8750,enc,-0.0008
1786427870.274534,0.0386,9.210803985595703,2.299811840057373,0.0338,-0.1175,0.8490,-0.7854,-0.6511,68.1250,enc,-0.0009
1786427870.382776,0.1082,8.834121704101562,2.2231311798095703,0.0324,-0.1124,0.8517,-0.7876,-0.6633,68.0000,enc,-0.0008
1786427870.429681,0.0469,8.3081693649292,1.9512279033660889,0.0301,-0.1081,0.8528,-0.7885,-0.6683,68.0000,enc,-0.0004
1786427870.518118,0.0884,7.537308692932129,1.8543072938919067,0.0275,-0.0966,0.8548,-0.7900,-0.6769,68.1250,enc,0.0006
1786427870.616172,0.0981,8.614570617675781,2.1287951469421387,0.0315,-0.1102,0.8572,-0.7920,-0.6877,68.3750,enc,0.0000
1786427870.718594,0.1024,8.552451133728027,2.146456718444824,0.0314,-0.1089,0.8596,-0.7940,-0.6988,69.4375,enc,-0.0002
1786427870.804182,0.0856,7.641035079956055,1.8662915229797363,0.0279,-0.0982,0.8614,-0.7956,-0.7072,69.1250,enc,-0.0003
1786427870.876263,0.0721,8.31710433959961,2.010437250137329,0.0303,-0.1072,0.8631,-0.7970,-0.7150,69.5000,enc,0.0004
1786427870.924937,0.0487,8.582793235778809,2.0109293460845947,0.0311,-0.1117,0.8642,-0.7980,-0.7204,70.5625,enc,0.0003
1786427870.996172,0.0712,7.717752933502197,1.9151686429977417,0.0282,-0.0986,0.8657,-0.7994,-0.7274,71.5000,enc,-0.0001
1786427871.096295,0.1001,8.44420337677002,2.1568024158477783,0.0311,-0.1069,0.8680,-0.8015,-0.7381,72.2500,enc,-0.0001
1786427871.141734,0.0454,8.396978378295898,2.0123536586761475,0.0305,-0.1085,0.8690,-0.8024,-0.7431,72.5000,enc,-0.0009
1786427871.220352,0.0786,8.431321144104004,2.0249040126800537,0.0307,-0.1089,0.8708,-0.8041,-0.7516,71.9375,enc,-0.0001
1786427871.310598,0.0902,8.407622337341309,2.0063772201538086,0.0305,-0.1088,0.8727,-0.8060,-0.7614,71.6250,enc,-0.0002
1786427871.410601,0.1000,7.88149356842041,1.9752893447875977,0.0289,-0.1004,0.8748,-0.8080,-0.7715,71.5000,enc,0.0002
1786427871.508995,0.0984,8.338785171508789,1.9984073638916016,0.0303,-0.1078,0.8769,-0.8101,-0.7821,71.3125,enc,-0.0004
1786427871.605136,0.0961,8.228023529052734,2.0498616695404053,0.0301,-0.1050,0.8789,-0.8122,-0.7922,71.2500,enc,-0.0003
1786427871.681504,0.0764,8.549779891967773,1.9786909818649292,0.0309,-0.1117,0.8806,-0.8139,-0.8007,71.1250,enc,0.0003
1786427871.848213,0.1667,7.759067535400391,1.9917662143707275,0.0286,-0.0980,0.8839,-0.8173,-0.8171,71.4375,enc,0.0001
1786427871.897750,0.0495,8.494244575500488,2.05998158454895,0.0309,-0.1094,0.8849,-0.8185,-0.8225,71.6875,enc,0.0000
1786427871.991390,0.0936,8.352402687072754,2.043149948120117,0.0305,-0.1072,0.8868,-0.8206,-0.8325,71.3125,enc,-0.0006
1786427872.123837,0.1324,7.732455730438232,1.9038959741592407,0.0283,-0.0991,0.8893,-0.8234,-0.8456,71.4375,enc,0.0007
1786427872.207617,0.0838,8.531102180480957,2.035844326019287,0.0310,-0.1104,0.8911,-0.8253,-0.8549,71.8125,enc,0.0006
1786427872.299625,0.0920,8.528714179992676,2.0352745056152344,0.0310,-0.1104,0.8930,-0.8274,-0.8650,72.1875,enc,0.0004
1786427872.431792,0.1322,7.871702671051025,1.9728355407714844,0.0289,-0.1003,0.8954,-0.8303,-0.8783,72.3125,enc,0.0002
1786427872.527949,0.0962,8.335773468017578,2.0390820503234863,0.0304,-0.1070,0.8973,-0.8326,-0.8886,72.2500,enc,0.0002
1786427872.610737,0.0828,5.763693332672119,1.3650550842285156,0.0209,-0.0748,0.8984,-0.8339,-0.8948,72.3750,enc,0.0005
1786427872.888165,0.2774,1.844346284866333,0.4605080485343933,0.0068,-0.0235,0.8996,-0.8354,-0.9013,72.6875,enc,0.0002
1786427872.919906,0.0317,0.14475733041763306,0.0133329126983881,0.0005,-0.0022,0.8996,-0.8354,-0.9014,72.0000,enc,-0.0001
1786427873.013386,0.0935,0.0,0.0,0.0000,0.0000,0.8996,-0.8354,-0.9014,71.1875,enc,0.0000
1786427873.091558,0.0782,0.0,0.0,0.0000,0.0000,0.8996,-0.8354,-0.9014,70.8750,enc,0.0000
1786427873.172078,0.0805,0.0,0.0,0.0000,0.0000,0.8996,-0.8354,-0.9014,70.5000,enc,0.0000
1786427873.234384,0.0623,0.0,0.0,0.0000,0.0000,0.8996,-0.8354,-0.9014,70.0000,enc,0.0000
1786427873.399163,0.1648,0.146443173289299,0.013488187454640865,0.0005,-0.0023,0.8996,-0.8354,-0.9017,70.0000,enc,0.0001
1786427873.453860,0.0547,3.145473003387451,0.3769320547580719,0.0103,-0.0471,0.9000,-0.8359,-0.9043,69.7500,enc,0.0002
1786427873.562603,0.1087,6.223075866699219,1.1242256164550781,0.0215,-0.0867,0.9016,-0.8376,-0.9137,70.3750,enc,0.0015
1786427873.680743,0.1181,8.725217819213867,2.2857179641723633,0.0323,-0.1095,0.9039,-0.8407,-0.9267,71.1250,enc,0.0002
1786427873.759732,0.0790,9.047709465026855,2.6064963340759277,0.0342,-0.1095,0.9054,-0.8429,-0.9353,71.8750,enc,-0.0013
1786427873.858284,0.0986,8.031879425048828,2.0183818340301514,0.0295,-0.1022,0.9071,-0.8453,-0.9454,72.8125,enc,-0.0002
1786427873.983867,0.1256,8.604147911071777,1.9831122159957886,0.0310,-0.1125,0.9093,-0.8485,-0.9595,73.6875,enc,0.0001
1786427874.071339,0.0875,8.117122650146484,1.8551218509674072,0.0292,-0.1064,0.9108,-0.8506,-0.9688,74.1250,enc,-0.0003
1786427874.168778,0.0974,8.566706657409668,2.1546902656555176,0.0314,-0.1090,0.9125,-0.8531,-0.9795,74.3125,enc,-0.0001
1786427874.297276,0.1285,8.181042671203613,2.0472636222839355,0.0300,-0.1043,0.9146,-0.8563,-0.9929,74.3750,enc,0.0003
1786427874.388414,0.0911,8.372305870056152,1.9780973196029663,0.0303,-0.1087,0.9161,-0.8586,-1.0028,74.6875,enc,0.0003
1786427874.480485,0.0921,7.7988600730896,1.9971561431884766,0.0287,-0.0986,0.9175,-0.8609,-1.0118,74.9375,enc,-0.0004
1786427874.608932,0.1284,8.587593078613281,2.1131415367126465,0.0314,-0.1101,0.9195,-0.8644,-1.0260,75.3125,enc,-0.0006
1786427874.693956,0.0850,8.521479606628418,2.138683795928955,0.0313,-0.1085,0.9208,-0.8667,-1.0352,75.3750,enc,-0.0004
1786427874.894253,0.2003,7.510573863983154,1.795001745223999,0.0273,-0.0972,0.9236,-0.8714,-1.0547,75.7500,enc,0.0003
1786427874.963643,0.0694,8.526660919189453,2.0920703411102295,0.0311,-0.1094,0.9246,-0.8733,-1.0623,76.1875,enc,0.0000
1786427875.011588,0.0479,8.605023384094238,2.0692408084869385,0.0313,-0.1111,0.9253,-0.8746,-1.0676,76.1875,enc,0.0000
1786427875.234017,0.2224,8.165637969970703,1.9428414106369019,0.0296,-0.1058,0.9285,-0.8804,-1.0911,76.3125,enc,0.0008
1786427875.254081,0.0201,7.949076175689697,2.0068764686584473,0.0292,-0.1010,0.9288,-0.8809,-1.0931,76.3750,enc,-0.0017
1786427875.339686,0.0856,8.352426528930664,2.0146055221557617,0.0304,-0.1077,0.9300,-0.8832,-1.1024,76.7500,enc,0.0001
1786427875.441108,0.1014,8.48958683013916,2.0874581336975098,0.0310,-0.1088,0.9314,-0.8860,-1.1134,77.2500,enc,0.0005
1786427875.623694,0.1826,7.810714244842529,1.8481169939041138,0.0283,-0.1014,0.9336,-0.8907,-1.1319,78.2500,enc,0.0001
1786427875.673456,0.0498,8.476372718811035,2.0752854347229004,0.0309,-0.1088,0.9342,-0.8921,-1.1373,78.0625,enc,-0.0005
1786427876.055884,0.3824,8.376143455505371,2.0775701999664307,0.0307,-0.1071,0.9386,-0.9030,-1.1783,78.8125,enc,-0.0003
1786427876.055934,0.0000,8.03732967376709,1.9293749332427979,0.0292,-0.1038,0.9386,-0.9030,-1.1783,79.2500,enc,0.0013
1786427876.055948,0.0000,8.02008056640625,1.9733002185821533,0.0293,-0.1028,0.9386,-0.9030,-1.1783,79.8125,enc,-0.0011
1786427876.247347,0.1914,8.586762428283691,2.069196939468384,0.0312,-0.1108,0.9408,-0.9086,-1.1995,80.0000,enc,0.0003
1786427876.278749,0.0314,8.494131088256836,2.0555644035339355,0.0309,-0.1094,0.9412,-0.9095,-1.2029,79.7500,enc,-0.0005
1786427876.362605,0.0839,8.032228469848633,1.97628915309906,0.0293,-0.1029,0.9421,-0.9117,-1.2115,79.8750,enc,0.0013
1786427876.443012,0.0804,8.1077299118042,2.0234670639038086,0.0297,-0.1034,0.9429,-0.9140,-1.2199,80.1875,enc,-0.0008
1786427876.594577,0.1516,8.53576946258545,1.975448489189148,0.0308,-0.1115,0.9445,-0.9184,-1.2368,80.5000,enc,0.0008
1786427876.667361,0.0728,6.711449146270752,1.5482618808746338,0.0242,-0.0878,0.9451,-0.9200,-1.2431,80.5000,enc,0.0002
1786427876.738655,0.0713,2.469097137451172,0.7195611000061035,0.0093,-0.0297,0.9453,-0.9207,-1.2453,80.4375,enc,-0.0004
1786427876.953354,0.2147,0.23184126615524292,-0.007715183775871992,0.0007,-0.0041,0.9454,-0.9208,-1.2461,79.8750,enc,0.0001
1786427876.997584,0.0442,0.0,0.0,0.0000,0.0000,0.9454,-0.9208,-1.2461,79.1875,enc,0.0000
1786427877.084631,0.0870,0.0,0.0,0.0000,0.0000,0.9454,-0.9208,-1.2461,78.5000,enc,0.0000
1786427877.133992,0.0494,0.0,0.0,0.0000,0.0000,0.9454,-0.9208,-1.2461,78.0000,enc,0.0000
1786427877.407449,0.2735,0.0,0.0,0.0000,0.0000,0.9454,-0.9208,-1.2461,77.3125,enc,0.0000
1786427877.408370,0.0009,0.0,0.0,0.0000,0.0000,0.9454,-0.9208,-1.2461,76.9375,enc,0.0000
1786427877.454271,0.0459,0.0,0.0,0.0000,0.0000,0.9454,-0.9208,-1.2461,76.3125,enc,0.0000
1786427877.576200,0.1219,1.8418610095977783,0.31353262066841125,0.0063,-0.0260,0.9456,-0.9215,-1.2493,75.6250,enc,0.0002
1786427877.659430,0.0832,5.939228534698486,1.4425429105758667,0.0216,-0.0764,0.9462,-0.9232,-1.2557,75.8125,enc,0.0004
1786427877.734515,0.0751,8.471802711486816,2.1162164211273193,0.0310,-0.1080,0.9469,-0.9255,-1.2638,76.1875,enc,-0.0001
1786427877.898987,0.1645,8.210895538330078,1.9934474229812622,0.0299,-0.1057,0.9484,-0.9302,-1.2812,76.8750,enc,0.0002
1786427877.956628,0.0576,9.041482925415039,2.0439584255218506,0.0325,-0.1189,0.9489,-0.9320,-1.2880,77.6875,enc,-0.0001
1786427878.014358,0.0577,8.78895092010498,2.0300588607788086,0.0317,-0.1149,0.9494,-0.9337,-1.2947,78.0625,enc,-0.0004
1786427878.103831,0.0895,7.501861095428467,1.8500847816467285,0.0274,-0.0961,0.9500,-0.9361,-1.3032,78.4375,enc,-0.0001
1786427878.280635,0.1768,8.347667694091797,2.017825126647949,0.0304,-0.1076,0.9515,-0.9413,-1.3223,78.7500,enc,0.0008
1786427878.330121,0.0495,8.594110488891602,2.0996336936950684,0.0314,-0.1104,0.9518,-0.9428,-1.3277,79.1250,enc,-0.0002
1786427878.417166,0.0870,8.258651733398438,1.9808119535446167,0.0300,-0.1067,0.9525,-0.9453,-1.3370,79.5625,enc,0.0009
1786427878.607323,0.1902,7.979401111602783,2.0717904567718506,0.0295,-0.1004,0.9534,-0.9508,-1.3561,79.9375,enc,-0.0015
1786427878.680607,0.0733,8.41069221496582,2.1387815475463867,0.0309,-0.1066,0.9539,-0.9531,-1.3639,80.0000,enc,0.0004
1786427878.726219,0.0456,8.521778106689453,1.9762935638427734,0.0308,-0.1113,0.9542,-0.9544,-1.3690,80.2500,enc,-0.0002
1786427878.939393,0.2132,7.901895999908447,1.8898855447769165,0.0287,-0.1022,0.9552,-0.9605,-1.3908,80.7500,enc,-0.0004
1786427878.989434,0.0500,8.542646408081055,2.1110217571258545,0.0312,-0.1093,0.9555,-0.9620,-1.3963,80.7500,enc,-0.0002
1786427879.056484,0.0670,8.209181785583496,1.9646589756011963,0.0298,-0.1061,0.9558,-0.9640,-1.4034,80.7500,enc,0.0003
1786427879.253168,0.1967,8.38642692565918,2.0381979942321777,0.0306,-0.1079,0.9567,-0.9699,-1.4246,80.8125,enc,0.0001
1786427879.313771,0.0606,7.682906150817871,1.8502203226089478,0.0280,-0.0991,0.9570,-0.9716,-1.4306,80.9375,enc,0.0001
1786427879.361113,0.0473,8.49538803100586,2.1367526054382324,0.0312,-0.1081,0.9571,-0.9731,-1.4357,81.0000,enc,-0.0007
1786427879.580736,0.2196,8.237412452697754,2.099383592605591,0.0303,-0.1043,0.9578,-0.9797,-1.4586,80.7500,enc,-0.0005
1786427879.624617,0.0439,8.374464988708496,2.019921064376831,0.0305,-0.1080,0.9579,-0.9810,-1.4634,80.6250,enc,0.0001
1786427879.672042,0.0474,8.059231758117676,1.8975298404693604,0.0292,-0.1047,0.9581,-0.9824,-1.4683,80.3750,enc,0.0010
1786427879.930921,0.2589,8.157103538513184,2.0220296382904053,0.0298,-0.1043,0.9584,-0.9901,-1.4953,79.7500,enc,-0.0009
1786427879.972323,0.0414,8.709182739257812,2.1385498046875,0.0318,-0.1117,0.9585,-0.9914,-1.5000,79.3750,enc,-0.0003
1786427880.035832,0.0635,8.382001876831055,2.0173840522766113,0.0305,-0.1082,0.9586,-0.9934,-1.5068,78.6250,enc,0.0000
1786427880.095165,0.0593,7.695356369018555,1.841996192932129,0.0280,-0.0995,0.9588,-0.9950,-1.5127,78.1250,enc,0.0006
1786427880.314088,0.2189,8.473770141601562,2.0594253540039062,0.0309,-0.1090,0.9591,-1.0018,-1.5366,77.6875,enc,0.0003
1786427880.379193,0.0651,8.499298095703125,2.056814670562744,0.0310,-0.1095,0.9591,-1.0038,-1.5437,77.2500,enc,0.0001
1786427880.436849,0.0577,7.942898750305176,1.910998821258545,0.0289,-0.1025,0.9592,-1.0055,-1.5497,76.2500,enc,0.0014
1786427880.487684,0.0508,5.737619400024414,1.4289120435714722,0.0210,-0.0732,0.9592,-1.0065,-1.5534,75.6875,enc,-0.0004
1786427880.682905,0.1952,2.2230803966522217,0.40606996417045593,0.0077,-0.0309,0.9593,-1.0080,-1.5594,74.5000,enc,0.0003
1786427880.742476,0.0596,0.08700822293758392,0.00801391527056694,0.0003,-0.0013,0.9593,-1.0080,-1.5595,72.5000,enc,-0.0001
1786427880.798591,0.0561,0.0,0.0,0.0000,0.0000,0.9593,-1.0080,-1.5595,70.4375,enc,0.0000
1786427881.001055,0.2025,0.0,0.0,0.0000,0.0000,0.9593,-1.0080,-1.5595,68.2500,enc,0.0000
1786427881.079278,0.0782,-0.00801538210362196,-0.08702415227890015,-0.0003,-0.0013,0.9593,-1.0080,-1.5596,66.2500,enc,0.0003
1786427881.145303,0.0660,0.0,0.0,0.0000,0.0000,0.9593,-1.0080,-1.5596,64.3125,enc,0.0000
1786427881.345617,0.2003,0.0,0.0,0.0000,0.0000,0.9593,-1.0080,-1.5596,62.5000,enc,0.0000
1786427881.383635,0.0380,0.0,0.0,0.0000,0.0000,0.9593,-1.0080,-1.5596,59.9375,enc,0.0000
1786427881.421540,0.0379,0.23663872480392456,0.05079074949026108,0.0008,-0.0032,0.9593,-1.0080,-1.5597,58.3125,enc,0.0001
1786427881.679528,0.2580,3.5721566677093506,0.3865194022655487,0.0116,-0.0541,0.9594,-1.0110,-1.5737,57.0000,enc,0.0005
1786427881.721916,0.0424,6.467921733856201,1.4958875179290771,0.0234,-0.0845,0.9595,-1.0120,-1.5773,56.0000,enc,0.0003
1786427881.748934,0.0270,8.788970947265625,2.373029947280884,0.0327,-0.1091,0.9594,-1.0129,-1.5802,55.0625,enc,-0.0007
1786427881.863216,0.1143,9.181581497192383,2.502209424972534,0.0343,-0.1135,0.9593,-1.0168,-1.5932,54.5000,enc,-0.0007
1786427882.056246,0.1930,7.937562942504883,2.0229642391204834,0.0292,-0.1005,0.9591,-1.0225,-1.6126,53.3750,enc,0.0003
1786427882.080563,0.0243,8.554140090942383,2.0083835124969482,0.0310,-0.1113,0.9591,-1.0232,-1.6153,52.1250,enc,0.0004
1786427882.173380,0.0928,8.279484748840332,1.8797141313552856,0.0298,-0.1088,0.9589,-1.0260,-1.6254,51.0625,enc,-0.0004
1786427882.382470,0.2091,8.585387229919434,2.060202121734619,0.0312,-0.1109,0.9583,-1.0325,-1.6486,49.8750,enc,-0.0005
1786427882.423552,0.0411,7.791910648345947,1.9381442070007324,0.0285,-0.0995,0.9582,-1.0336,-1.6527,48.5000,enc,0.0000
1786427882.513721,0.0902,8.20914363861084,1.9646499156951904,0.0298,-0.1061,0.9580,-1.0363,-1.6622,46.7500,enc,0.0005
1786427882.567571,0.0539,8.41041088104248,2.072463035583496,0.0307,-0.1077,0.9578,-1.0380,-1.6680,44.9375,enc,-0.0002
1786427882.747772,0.1802,8.624312400817871,2.131202459335327,0.0315,-0.1104,0.9571,-1.0436,-1.6879,42.8750,enc,-0.0002
1786427882.818478,0.0707,7.816288948059082,1.882341980934143,0.0284,-0.1009,0.9568,-1.0456,-1.6951,40.5000,enc,-0.0005
1786427882.878607,0.0601,8.418910026550293,2.169476270675659,0.0310,-0.1062,0.9566,-1.0475,-1.7015,36.3750,enc,0.0001
1786427883.097711,0.2191,8.3842134475708,2.050931215286255,0.0306,-0.1077,0.9556,-1.0541,-1.7250,33.9375,enc,0.0004
1786427883.129897,0.0322,7.727235794067383,1.87397038936615,0.0282,-0.0995,0.9555,-1.0550,-1.7282,31.4375,enc,-0.0002
1786427883.195788,0.0659,8.643447875976562,2.1027727127075195,0.0315,-0.1112,0.9551,-1.0570,-1.7356,29.0625,enc,-0.0002
1786427883.351264,0.1555,8.509995460510254,2.1641337871551514,0.0313,-0.1079,0.9542,-1.0618,-1.7523,26.4375,enc,-0.0007
1786427883.405286,0.0540,8.005277633666992,1.8687835931777954,0.0290,-0.1043,0.9539,-1.0633,-1.7580,23.7500,enc,0.0007
1786427883.504214,0.0989,7.997974395751953,2.0006372928619385,0.0293,-0.1019,0.9533,-1.0662,-1.7681,21.3750,enc,-0.0007
1786427883.639071,0.1349,8.476663589477539,2.051337242126465,0.0309,-0.1092,0.9524,-1.0703,-1.7828,18.8125,enc,0.0003
1786427883.715579,0.0765,8.456217765808105,2.0334577560424805,0.0308,-0.1092,0.9519,-1.0725,-1.7911,16.7500,enc,-0.0002
1786427883.804859,0.0893,8.311992645263672,2.004852771759033,0.0303,-0.1072,0.9512,-1.0752,-1.8007,14.4375,enc,-0.0007
1786427884.031792,0.2269,7.571249008178711,1.8776270151138306,0.0277,-0.0968,0.9497,-1.0813,-1.8227,12.5625,enc,0.0002
1786427884.116585,0.0848,8.413172721862793,2.011953592300415,0.0306,-0.1088,0.9491,-1.0838,-1.8319,10.5000,enc,0.0005
1786427884.134245,0.0177,8.64453125,2.098623514175415,0.0315,-0.1113,0.9489,-1.0843,-1.8339,11.4375,enc,0.0001
1786427884.310175,0.1759,8.426843643188477,2.039280891418457,0.0307,-0.1086,0.9473,-1.0895,-1.8530,8.8750,enc,-0.0005
1786427884.352676,0.0425,7.622707366943359,1.9189414978027344,0.0280,-0.0970,0.9470,-1.0906,-1.8571,7.0000,enc,-0.0005
1786427884.429744,0.0771,7.729917526245117,1.931901216506958,0.0283,-0.0986,0.9464,-1.0927,-1.8647,3.9375,enc,0.0004
1786427884.559208,0.1295,3.987229108810425,0.8879704475402832,0.0143,-0.0527,0.9460,-1.0945,-1.8715,2.1875,enc,0.0010
1786427884.643776,0.0846,0.8262101411819458,0.13423022627830505,0.0028,-0.0118,0.9459,-1.0947,-1.8725,0.0625,enc,0.0002
1786427884.738665,0.0949,0.0,0.0,0.0000,0.0000,0.9459,-1.0947,-1.8725,358.0625,enc,0.0000
1786427884.862772,0.1241,0.0,0.0,0.0000,0.0000,0.9459,-1.0947,-1.8725,356.1250,enc,0.0000
1786427884.950383,0.0876,0.0,0.0,0.0000,0.0000,0.9459,-1.0947,-1.8725,354.5000,enc,0.0000
1786427885.048670,0.0983,0.0,0.0,0.0000,0.0000,0.9459,-1.0947,-1.8725,352.9375,enc,0.0000
1786427885.177457,0.1288,0.0,0.0,0.0000,0.0000,0.9459,-1.0947,-1.8725,351.6250,enc,0.0000
1786427885.264717,0.0873,0.0,0.0,0.0000,0.0000,0.9459,-1.0947,-1.8725,350.5000,enc,0.0000
1786427885.360374,0.0957,0.20459166169166565,0.018843969330191612,0.0007,-0.0032,0.9459,-1.0948,-1.8728,349.3125,enc,0.0001
1786427885.488307,0.1279,2.821601390838623,0.3470604419708252,0.0093,-0.0421,0.9456,-1.0960,-1.8782,348.6250,enc,0.0005
1786427885.575415,0.0871,6.313968658447266,1.3871945142745972,0.0226,-0.0837,0.9451,-1.0979,-1.8855,348.0625,enc,0.0010
1786427885.670124,0.0947,8.053264617919922,2.445993661880493,0.0308,-0.0953,0.9441,-1.1006,-1.8945,348.0000,enc,-0.0009
1786427885.791023,0.1209,7.849441051483154,2.262801170349121,0.0297,-0.0950,0.9429,-1.1040,-1.9060,348.1250,enc,0.0002
1786427885.883864,0.0928,7.749706745147705,2.1086483001708984,0.0289,-0.0959,0.9419,-1.1065,-1.9149,348.0000,enc,-0.0008
1786427885.979792,0.0959,7.893351078033447,1.9736263751983643,0.0289,-0.1006,0.9410,-1.1091,-1.9245,347.4375,enc,0.0003
1786427886.107917,0.1281,7.892647743225098,1.8263121843338013,0.0285,-0.1031,0.9396,-1.1125,-1.9377,347.6875,enc,-0.0003
1786427886.200266,0.0923,7.217027187347412,1.9106723070144653,0.0268,-0.0902,0.9387,-1.1148,-1.9461,347.5000,enc,-0.0007
1786427886.289841,0.0896,7.713445663452148,1.9277844429016113,0.0283,-0.0983,0.9377,-1.1171,-1.9549,347.6875,enc,-0.0004
1786427886.420384,0.1305,7.681056499481201,1.9862141609191895,0.0283,-0.0968,0.9364,-1.1206,-1.9675,347.5625,enc,0.0008
1786427886.500292,0.0799,7.077484130859375,1.8604458570480347,0.0262,-0.0887,0.9355,-1.1225,-1.9746,347.7500,enc,0.0000
1786427886.601921,0.1016,7.891590118408203,1.9923630952835083,0.0290,-0.1003,0.9343,-1.1252,-1.9848,347.6875,enc,-0.0006
1786427886.850521,0.2486,7.936511039733887,2.0606541633605957,0.0293,-0.0999,0.9311,-1.1317,-2.0096,347.7500,enc,-0.0004
1786427886.883257,0.0327,7.716156482696533,1.9193013906478882,0.0283,-0.0985,0.9307,-1.1326,-2.0129,347.5000,enc,-0.0002
1786427886.948832,0.0656,7.42935037612915,1.860478401184082,0.0272,-0.0947,0.9300,-1.1342,-2.0191,347.6250,enc,0.0013
1786427887.035233,0.0864,7.53672981262207,2.001901626586914,0.0280,-0.0941,0.9288,-1.1363,-2.0272,347.5000,enc,-0.0013
1786427887.129655,0.0944,7.863348007202148,1.9615411758422852,0.0288,-0.1003,0.9276,-1.1388,-2.0367,348.0000,enc,0.0002
1786427887.225573,0.0959,7.706648349761963,1.9969795942306519,0.0285,-0.0971,0.9263,-1.1412,-2.0460,348.3750,enc,-0.0006
1786427887.345917,0.1203,6.963473320007324,1.8033175468444824,0.0257,-0.0877,0.9249,-1.1439,-2.0565,348.3125,enc,0.0000
1786427887.432159,0.0862,7.910496711730957,2.006531238555908,0.0291,-0.1004,0.9237,-1.1461,-2.0652,348.6250,enc,0.0000
1786427887.535766,0.1036,7.862053871154785,1.9989640712738037,0.0289,-0.0997,0.9223,-1.1487,-2.0755,348.5625,enc,0.0001
1786427887.660548,0.1248,7.9106035232543945,1.9118728637695312,0.0288,-0.1020,0.9205,-1.1518,-2.0882,348.7500,enc,-0.0001
1786427887.741861,0.0813,7.054006576538086,1.869277000427246,0.0262,-0.0881,0.9194,-1.1537,-2.0954,348.5625,enc,-0.0001
1786427887.845472,0.1036,7.687040328979492,2.0735769271850586,0.0286,-0.0954,0.9179,-1.1562,-2.1053,348.8125,enc,-0.0003
1786427887.970431,0.1250,7.762348175048828,1.9926083087921143,0.0286,-0.0981,0.9160,-1.1593,-2.1175,348.8125,enc,0.0001
1786427888.052403,0.0820,7.256713390350342,1.830369472503662,0.0266,-0.0922,0.9149,-1.1611,-2.1251,349.0625,enc,0.0002
1786427888.156527,0.1041,7.884301662445068,2.0188205242156982,0.0290,-0.0997,0.9133,-1.1637,-2.1355,349.5000,enc,0.0006
1786427888.269651,0.1131,7.926983833312988,2.005988597869873,0.0291,-0.1006,0.9116,-1.1665,-2.1469,349.5000,enc,0.0005
1786427888.364289,0.0946,7.657364368438721,1.9987342357635498,0.0283,-0.0962,0.9101,-1.1687,-2.1560,349.8125,enc,-0.0005
1786427888.490252,0.1260,6.424184799194336,1.6561545133590698,0.0237,-0.0810,0.9085,-1.1713,-2.1662,350.0625,enc,0.0007
1786427888.577217,0.0870,3.6882667541503906,0.9780953526496887,0.0137,-0.0461,0.9078,-1.1722,-2.1702,350.1875,enc,0.0002
1786427888.676013,0.0988,0.5824875235557556,0.08239509165287018,0.0019,-0.0085,0.9077,-1.1724,-2.1710,350.0625,enc,-0.0001
1786427888.811010,0.1350,-0.08663158863782883,-0.007979225367307663,-0.0003,0.0013,0.9077,-1.1724,-2.1708,350.0625,enc,-0.0001
1786427888.898054,0.0870,0.0,0.0,0.0000,0.0000,0.9077,-1.1724,-2.1708,350.0000,enc,0.0000
1786427888.989749,0.0917,0.0,0.0,0.0000,0.0000,0.9077,-1.1724,-2.1708,349.7500,enc,0.0000
1786427889.125376,0.1356,-0.002613828983157873,-0.028378715738654137,-0.0001,-0.0004,0.9077,-1.1724,-2.1709,349.6875,enc,0.0001
1786427889.202401,0.0770,0.0,0.0,0.0000,0.0000,0.9077,-1.1724,-2.1709,349.6875,enc,0.0000
1786427889.300871,0.0985,0.0,0.0,0.0000,0.0000,0.9077,-1.1724,-2.1709,349.5000,enc,0.0000
1786427889.429251,0.1284,0.0,0.0,0.0000,0.0000,0.9077,-1.1724,-2.1709,349.5000,enc,0.0000
1786427889.513650,0.0844,0.7530012726783752,0.06935538351535797,0.0024,-0.0116,0.9076,-1.1725,-2.1719,349.5625,enc,0.0002
1786427889.612589,0.0989,4.512837886810303,0.41565611958503723,0.0145,-0.0696,0.9068,-1.1737,-2.1788,350.0625,enc,0.0002
1786427889.737483,0.1249,6.858752727508545,0.747300386428833,0.0223,-0.1039,0.9053,-1.1761,-2.1918,350.8750,enc,0.0014
1786427889.880482,0.1430,7.715539932250977,1.3147454261779785,0.0265,-0.1088,0.9030,-1.1791,-2.2073,351.6250,enc,-0.0003
1786427889.923929,0.0434,8.230569839477539,1.9784059524536133,0.0299,-0.1063,0.9022,-1.1801,-2.2119,352.1875,enc,-0.0010
1786427890.193676,0.2697,8.008992195129395,1.7549201250076294,0.0286,-0.1063,0.8975,-1.1862,-2.2406,353.1250,enc,0.0001
1786427890.226574,0.0329,7.115907669067383,1.0867127180099487,0.0241,-0.1025,0.8970,-1.1868,-2.2440,354.1250,enc,-0.0001
1786427890.287758,0.0612,7.804094314575195,1.1816707849502563,0.0263,-0.1126,0.8960,-1.1881,-2.2509,355.1250,enc,0.0006
1786427890.384015,0.0963,7.710822582244873,1.0589077472686768,0.0257,-0.1131,0.8945,-1.1901,-2.2617,355.8750,enc,0.0013
1786427890.554394,0.1704,7.222415924072266,1.130092978477478,0.0245,-0.1036,0.8919,-1.1934,-2.2794,356.1875,enc,0.0012
1786427890.597714,0.0433,7.3289642333984375,1.6914772987365723,0.0264,-0.0958,0.8911,-1.1942,-2.2835,356.2500,enc,-0.0019
1786427890.705757,0.1080,7.865736961364746,1.5662904977798462,0.0277,-0.1071,0.8891,-1.1964,-2.2951,356.6875,enc,-0.0008
1786427890.897634,0.1919,14.690598487854004,1.8078473806381226,0.0484,-0.2190,0.8795,-1.2000,-2.3371,357.3750,enc,-0.0230
1786427890.910558,0.0129,0.08038271218538284,0.5580636858940125,0.0019,0.0081,0.8796,-1.2002,-2.3370,357.6250,enc,0.0219
1786427891.023169,0.1126,7.6662421226501465,1.2290042638778687,0.0261,-0.1094,0.8776,-1.2023,-2.3493,358.2500,enc,-0.0002
1786427891.230483,0.2073,7.570458889007568,1.2706197500228882,0.0259,-0.1071,0.8738,-1.2062,-2.3715,358.9375,enc,0.0009
1786427891.277497,0.0470,7.763823986053467,1.526685357093811,0.0272,-0.1060,0.8729,-1.2071,-2.3765,359.1250,enc,0.0003
1786427891.342733,0.0652,7.14576530456543,1.2392882108688354,0.0246,-0.1004,0.8718,-1.2081,-2.3831,359.4375,enc,-0.0002
1786427891.414966,0.0722,7.830046653747559,1.2680237293243408,0.0267,-0.1115,0.8703,-1.2094,-2.3911,359.7500,enc,-0.0008
1786427891.590645,0.1757,7.653234481811523,1.3707515001296997,0.0265,-0.1068,0.8669,-1.2125,-2.4099,0.3750,enc,0.0001
1786427891.624110,0.0335,7.416715145111084,1.351332664489746,0.0257,-0.1031,0.8663,-1.2132,-2.4133,0.6250,enc,0.0019
1786427891.686846,0.0627,7.434686183929443,1.375294804573059,0.0258,-0.1030,0.8650,-1.2142,-2.4198,1.3750,enc,-0.0011
1786427891.849594,0.1627,7.616960525512695,1.2655020952224731,0.0260,-0.1080,0.8617,-1.2169,-2.4374,2.1250,enc,-0.0004
1786427892.008354,0.1588,7.891263961791992,1.4243615865707397,0.0273,-0.1099,0.8583,-1.2196,-2.4548,2.3750,enc,-0.0005
1786427892.061397,0.0530,7.682327747344971,1.375962257385254,0.0266,-0.1072,0.8572,-1.2204,-2.4605,2.3125,enc,-0.0003
1786427892.171255,0.1099,7.006997108459473,1.3108601570129395,0.0244,-0.0968,0.8551,-1.2221,-2.4712,2.8750,enc,0.0003
1786427892.218609,0.0474,7.862571716308594,1.3617023229599,0.0270,-0.1105,0.8541,-1.2229,-2.4764,3.5000,enc,-0.0001
1786427892.401881,0.1833,7.941514015197754,1.3417768478393555,0.0272,-0.1122,0.8501,-1.2259,-2.4969,3.8750,enc,-0.0002
1786427892.473810,0.0719,7.102489948272705,1.2294238805770874,0.0244,-0.0998,0.8487,-1.2269,-2.5041,4.0000,enc,-0.0007
1786427892.554456,0.0806,7.506143569946289,1.2949517965316772,0.0258,-0.1056,0.8470,-1.2281,-2.5126,4.3750,enc,0.0002
1786427892.738980,0.1845,7.582557678222656,1.3555855751037598,0.0262,-0.1058,0.8431,-1.2310,-2.5322,5.0625,enc,0.0004
1786427892.803838,0.0649,5.100851058959961,0.7895230650901794,0.0173,-0.0733,0.8422,-1.2316,-2.5369,5.2500,enc,0.0008
1786427892.864481,0.0606,1.5454845428466797,0.2286355197429657,0.0052,-0.0224,0.8419,-1.2318,-2.5383,5.5000,enc,0.0002
1786427892.961419,0.0969,-0.08741024136543274,-0.008050942793488503,-0.0003,0.0013,0.8419,-1.2318,-2.5382,5.5000,enc,-0.0003
1786427893.141670,0.1803,0.0,0.0,0.0000,0.0000,0.8419,-1.2318,-2.5382,5.5000,enc,0.0000
1786427893.157117,0.0154,0.0,0.0,0.0000,0.0000,0.8419,-1.2318,-2.5382,5.2500,enc,0.0000
1786427893.282804,0.1257,-0.0026783037465065718,-0.02907872572541237,-0.0001,-0.0004,0.8420,-1.2318,-2.5382,4.5625,enc,0.0001
1786427893.493485,0.2107,0.0,0.0,0.0000,0.0000,0.8420,-1.2318,-2.5382,4.3125,enc,0.0000
1786427893.507088,0.0136,0.0,0.0,0.0000,0.0000,0.8420,-1.2318,-2.5382,4.1250,enc,0.0000
1786427893.603765,0.0967,0.0,0.0,0.0000,0.0000,0.8420,-1.2318,-2.5382,3.7500,enc,0.0000
1786427893.668510,0.0647,0.05862780287861824,0.005399928893893957,0.0002,-0.0009,0.8419,-1.2318,-2.5383,3.6875,enc,0.0000
1786427893.866285,0.1978,2.2108559608459473,0.2611788511276245,0.0072,-0.0331,0.8407,-1.2326,-2.5448,3.6875,enc,-0.0002
1786427893.907295,0.0410,6.187817096710205,1.2383347749710083,0.0218,-0.0841,0.8400,-1.2331,-2.5483,4.2500,enc,0.0002
1786427894.001763,0.0945,7.578940391540527,2.122427463531494,0.0284,-0.0927,0.8377,-1.2345,-2.5570,4.9375,enc,-0.0010
1786427894.206764,0.2050,8.726648330688477,2.469158887863159,0.0328,-0.1064,0.8320,-1.2380,-2.5788,5.6875,enc,-0.0006
1786427894.222620,0.0159,8.813642501831055,2.2793047428131104,0.0325,-0.1111,0.8315,-1.2382,-2.5806,6.6250,enc,0.0004
1786427894.302896,0.0803,8.800501823425293,2.2333600521087646,0.0324,-0.1116,0.8293,-1.2397,-2.5896,7.5625,enc,0.0007
1786427894.524978,0.2221,7.751521587371826,1.8341113328933716,0.0281,-0.1006,0.8239,-1.2428,-2.6119,8.4375,enc,-0.0003
1786427894.560230,0.0353,8.306741714477539,1.9709556102752686,0.0301,-0.1077,0.8230,-1.2433,-2.6157,8.7500,enc,-0.0010
1786427894.650902,0.0907,8.33955192565918,2.13017201423645,0.0307,-0.1055,0.8206,-1.2446,-2.6253,9.0625,enc,0.0000
1786427894.695020,0.0441,8.36621379852295,2.0007236003875732,0.0304,-0.1082,0.8194,-1.2453,-2.6300,9.2500,enc,0.0001
1786427894.888055,0.1930,8.248773574829102,1.9211690425872803,0.0298,-0.1076,0.8145,-1.2483,-2.6508,9.5625,enc,0.0017
1786427894.917229,0.0292,8.073473930358887,2.076629638671875,0.0298,-0.1019,0.8137,-1.2487,-2.6538,10.0625,enc,-0.0009
1786427895.017812,0.1006,8.375747680664062,2.015878915786743,0.0305,-0.1081,0.8110,-1.2500,-2.6646,10.1875,enc,-0.0004
1786427895.237729,0.2199,8.518964767456055,2.118772268295288,0.0312,-0.1088,0.8048,-1.2531,-2.6886,10.3125,enc,0.0003
1786427895.285788,0.0481,7.817723274230957,1.9113417863845825,0.0285,-0.1004,0.8036,-1.2537,-2.6934,11.1875,enc,0.0006
1786427895.318621,0.0328,8.527176856994629,2.034907579421997,0.0310,-0.1104,0.8027,-1.2542,-2.6970,11.1875,enc,0.0006
1786427895.550308,0.2317,8.4749755859375,2.117008924484253,0.0311,-0.1081,0.7961,-1.2570,-2.7221,11.5000,enc,-0.0003
1786427895.602728,0.0524,7.672250747680664,1.9267364740371704,0.0281,-0.0977,0.7947,-1.2577,-2.7272,12.2500,enc,0.0002
1786427895.677055,0.0743,8.409252166748047,1.9542548656463623,0.0304,-0.1097,0.7927,-1.2586,-2.7353,12.6250,enc,0.0008
1786427895.888743,0.2117,8.439461708068848,1.9248429536819458,0.0304,-0.1107,0.7868,-1.2612,-2.7588,13.1875,enc,0.0007
1786427895.931766,0.0430,8.461108207702637,2.0849556922912598,0.0309,-0.1084,0.7855,-1.2616,-2.7634,13.5000,enc,-0.0006
1786427896.024253,0.0925,7.550067901611328,1.7022678852081299,0.0271,-0.0994,0.7832,-1.2624,-2.7726,14.0000,enc,-0.0011
1786427896.272779,0.2485,8.325531005859375,1.833246111869812,0.0298,-0.1104,0.7762,-1.2650,-2.8001,14.5000,enc,0.0002
1786427896.297526,0.0247,8.53454875946045,1.975165843963623,0.0308,-0.1115,0.7755,-1.2652,-2.8028,14.8125,enc,0.0003
1786427896.323730,0.0262,8.469344139099121,2.097384452819824,0.0310,-0.1083,0.7747,-1.2655,-2.8057,15.5000,enc,-0.0001
1786427896.389753,0.0660,7.744021892547607,1.9831130504608154,0.0285,-0.0979,0.7729,-1.2661,-2.8121,15.8750,enc,-0.0004
1786427896.640798,0.2510,8.361258506774902,1.9881367683410645,0.0303,-0.1083,0.7656,-1.2682,-2.8393,16.3125,enc,-0.0004
1786427897.383835,0.7430,8.491989135742188,2.0021512508392334,0.0308,-0.1103,0.7434,-1.2736,-2.9213,16.8750,enc,0.0006
1786427900.192132,2.8083,8.442864418029785,2.047520875930786,0.0308,-0.1087,0.6573,-1.2663,-3.2266,17.2500,enc,0.0000
1786427902.123078,1.9309,7.775463104248047,1.9626187086105347,0.0286,-0.0988,0.6042,-1.2515,-3.4174,17.5000,enc,0.0001
1786427904.831332,2.7083,8.510932922363281,2.1786322593688965,0.0313,-0.1076,0.5335,-1.2046,-3.7089,17.8125,enc,-0.0006
1786427905.255201,0.4239,8.395370483398438,2.020601511001587,0.0305,-0.1084,0.5229,-1.1971,-3.7548,18.5000,enc,-0.0002
1786427906.943367,1.6882,7.758738994598389,1.8485313653945923,0.0282,-0.1005,0.4888,-1.1640,-3.9244,18.7500,enc,0.0004
1786427907.246413,0.3030,8.62093448638916,2.1017262935638428,0.0314,-0.1108,0.4822,-1.1570,-3.9580,19.1875,enc,0.0001
1786427907.526839,0.2804,7.559632301330566,1.8180524110794067,0.0275,-0.0976,0.4772,-1.1512,-3.9853,19.5625,enc,-0.0006
1786427907.815504,0.2887,0.0,0.0,0.0000,0.0000,0.4772,-1.1512,-3.9853,19.3125,enc,0.0000
1786427908.132648,0.3171,0.0,0.0,0.0000,0.0000,0.4772,-1.1512,-3.9853,19.0625,enc,0.0000
1786427908.678597,0.5459,0.0,0.0,0.0000,0.0000,0.4772,-1.1512,-3.9853,19.0000,enc,0.0000
1786427909.141248,0.4627,0.0,0.0,0.0000,0.0000,0.4772,-1.1512,-3.9853,18.9375,enc,0.0000
1786427909.141301,0.0001,0.0,0.0,0.0000,0.0000,0.4772,-1.1512,-3.9853,18.8750,enc,0.0000
1786427909.442906,0.3016,0.0,0.0,0.0000,0.0000,0.4772,-1.1512,-3.9853,18.8750,enc,0.0000
1786427910.453022,1.0101,0.0,0.0,0.0000,0.0000,0.4772,-1.1512,-3.9853,18.8750,enc,0.0000
1786427911.141996,0.6890,0.0,0.0,0.0000,0.0000,0.4772,-1.1512,-3.9853,18.8750,enc,0.0000
1786427911.708323,0.5663,0.0,0.0,0.0000,0.0000,0.4772,-1.1512,-3.9853,18.8750,enc,0.0000
1786427912.717191,1.0089,0.0,0.0,0.0000,0.0000,0.4772,-1.1512,-3.9853,18.8750,enc,0.0000
1786427913.036258,0.3191,0.0,0.0,0.0000,0.0000,0.4772,-1.1512,-3.9853,18.8125,enc,0.0000
1786427913.357970,0.3217,0.0,0.0,0.0000,0.0000,0.4772,-1.1512,-3.9853,18.8125,enc,0.0000
1786427913.527627,0.1697,0.0,0.0,0.0000,0.0000,0.4772,-1.1512,-3.9853,18.8125,enc,0.0000
1786427913.715800,0.1882,0.0,0.0,0.0000,0.0000,0.4772,-1.1512,-3.9853,18.8125,enc,0.0000
1786427913.857203,0.1414,0.0,0.0,0.0000,0.0000,0.4772,-1.1512,-3.9853,18.8125,enc,0.0000
1786427914.102972,0.2458,0.0,0.0,0.0000,0.0000,0.4772,-1.1512,-3.9853,18.8125,enc,0.0000
1786427914.289543,0.1866,0.0,0.0,0.0000,0.0000,0.4772,-1.1512,-3.9853,18.8125,enc,0.0000
1786427914.496381,0.2068,0.0,0.0,0.0000,0.0000,0.4772,-1.1512,-3.9853,18.8125,enc,0.0000
1786427914.602972,0.1066,0.0,0.0,0.0000,0.0000,0.4772,-1.1512,-3.9853,18.8125,enc,0.0000
1786427914.837836,0.2349,0.0,0.0,0.0000,0.0000,0.4772,-1.1512,-3.9853,18.8125,enc,0.0000
1786427915.091916,0.2541,1.6339958906173706,0.1793830841779709,0.0053,-0.0247,0.4764,-1.1501,-3.9916,18.8750,enc,-0.0005
1786427915.213897,0.1220,5.694842338562012,0.9313994646072388,0.0194,-0.0810,0.4748,-1.1483,-4.0015,19.3750,enc,0.0007
1786427915.456788,0.2429,7.62548828125,2.0388100147247314,0.0283,-0.0950,0.4704,-1.1431,-4.0246,20.1875,enc,0.0002
1786427915.854384,0.3976,9.261332511901855,2.5080928802490234,0.0345,-0.1148,0.4622,-1.1321,-4.0702,21.2500,enc,0.0000
1786427916.010857,0.1565,9.112137794494629,2.3509469032287598,0.0336,-0.1149,0.4591,-1.1278,-4.0882,22.0625,enc,0.0002
1786427916.296524,0.2857,7.510221481323242,1.9282124042510986,0.0277,-0.0949,0.4548,-1.1212,-4.1153,22.6875,enc,-0.0006
1786427916.405085,0.1086,0.0,0.0,0.0000,0.0000,0.4548,-1.1212,-4.1153,29.8125,enc,0.0000
1786427916.975931,0.5708,0.0,0.0,0.0000,0.0000,0.4548,-1.1212,-4.1153,29.8125,enc,0.0000
1786427917.111892,0.1360,0.0,0.0,0.0000,0.0000,0.4548,-1.1212,-4.1153,29.8125,enc,0.0000
1786427917.393393,0.2815,0.0,0.0,0.0000,0.0000,0.4548,-1.1212,-4.1153,29.8125,enc,0.0000
1786427917.601857,0.2085,0.0,0.0,0.0000,0.0000,0.4548,-1.1212,-4.1153,29.8125,enc,0.0000
1786427917.994801,0.3929,0.0,0.0,0.0000,0.0000,0.4548,-1.1212,-4.1153,29.8125,enc,0.0000
1786427918.185725,0.1909,0.0,0.0,0.0000,0.0000,0.4548,-1.1212,-4.1153,29.8125,enc,0.0000
1786427918.362843,0.1771,0.0,0.0,0.0000,0.0000,0.4548,-1.1212,-4.1153,29.8125,enc,0.0000
1786427918.662590,0.2997,0.0,0.0,0.0000,0.0000,0.4548,-1.1212,-4.1153,29.1250,enc,0.0000
1786427918.882740,0.2202,0.0,0.0,0.0000,0.0000,0.4548,-1.1212,-4.1153,29.0000,enc,0.0000
1786427919.126702,0.2440,0.0,0.0,0.0000,0.0000,0.4548,-1.1212,-4.1153,28.7500,enc,0.0000
1786427919.596740,0.4700,0.0,0.0,0.0000,0.0000,0.4548,-1.1212,-4.1153,28.6875,enc,0.0000
1786427919.847268,0.2505,0.3864395320415497,0.09371737390756607,0.0014,-0.0050,0.4547,-1.1208,-4.1165,28.6875,enc,-0.0005
1786427920.025803,0.1785,3.6420860290527344,0.8810822367668152,0.0133,-0.0469,0.4534,-1.1188,-4.1249,28.9375,enc,-0.0003
1786427920.439814,0.4140,7.040891170501709,1.775465726852417,0.0259,-0.0895,0.4478,-1.1097,-4.1620,29.5000,enc,-0.0001
1786427920.815151,0.3753,8.591325759887695,2.1275925636291504,0.0314,-0.1099,0.4423,-1.0992,-4.2032,30.2500,enc,-0.0008
1786427921.047678,0.2325,8.872454643249512,8.37265682220459,0.0506,-0.0085,0.4366,-1.0890,-4.2052,350.2500,enc,0.0003
1786427921.212736,0.1651,9.186102867126465,8.547445297241211,0.0520,-0.0109,0.4323,-1.0815,-4.2070,350.1250,enc,0.0006
1786427921.722671,0.5099,8.301485061645508,7.769215106964111,0.0471,-0.0090,0.4206,-1.0605,-4.2116,349.5625,enc,0.0004
1786427921.855329,0.1327,9.103976249694824,8.625103950500488,0.0520,-0.0081,0.4174,-1.0545,-4.2127,348.8750,enc,-0.0004
1786427922.106811,0.2515,8.982579231262207,8.320316314697266,0.0507,-0.0113,0.4113,-1.0433,-4.2155,348.5000,enc,0.0001
1786427922.423246,0.3164,8.994504928588867,8.33603572845459,0.0508,-0.0112,0.4036,-1.0291,-4.2190,348.1250,enc,0.0001
1786427922.533041,0.1098,8.25044059753418,7.723475933074951,0.0468,-0.0090,0.4012,-1.0246,-4.2200,347.6875,enc,0.0002
1786427922.768758,0.2357,9.126509666442871,8.567909240722656,0.0519,-0.0095,0.3955,-1.0138,-4.2223,347.0625,enc,-0.0003
1786427923.126500,0.3577,8.976019859313965,8.475740432739258,0.0512,-0.0085,0.3869,-0.9976,-4.2253,346.5625,enc,-0.0001
1786427923.294350,0.1678,8.90488052368164,8.277023315429688,0.0504,-0.0107,0.3829,-0.9902,-4.2271,346.1250,enc,0.0007
1786427923.467907,0.1736,8.209142684936523,7.658420562744141,0.0465,-0.0094,0.3791,-0.9830,-4.2287,345.8125,enc,0.0003
1786427923.656457,0.1885,9.118858337402344,8.513579368591309,0.0517,-0.0103,0.3747,-0.9743,-4.2307,345.1875,enc,-0.0005
1786427923.855489,0.1990,9.030369758605957,8.473751068115234,0.0513,-0.0095,0.3701,-0.9652,-4.2325,344.3750,enc,-0.0007
1786427923.981828,0.1263,8.971354484558105,8.418373107910156,0.0510,-0.0094,0.3671,-0.9595,-4.2337,343.8750,enc,0.0001
1786427924.225829,0.2440,8.950963020324707,8.245325088500977,0.0504,-0.0120,0.3613,-0.9486,-4.2367,343.5625,enc,0.0005
1786427924.299186,0.0734,8.259786605834961,7.647793292999268,0.0466,-0.0104,0.3598,-0.9456,-4.2374,343.3125,enc,0.0001
1786427924.476009,0.1768,9.086484909057617,8.50773811340332,0.0516,-0.0098,0.3557,-0.9374,-4.2392,342.6250,enc,-0.0004
1786427924.586582,0.1106,8.959212303161621,8.481233596801758,0.0511,-0.0081,0.3531,-0.9324,-4.2401,341.8750,enc,0.0000
1786427924.702191,0.1156,9.72645092010498,9.114813804626465,0.0552,-0.0104,0.3502,-0.9267,-4.2413,333.0000,enc,-0.0005
1786427924.888200,0.1860,9.018254280090332,8.233135223388672,0.0506,-0.0133,0.3458,-0.9184,-4.2437,332.8125,enc,0.0015
1786427925.048941,0.1607,9.366878509521484,9.155940055847168,0.0543,-0.0036,0.3419,-0.9106,-4.2443,332.3750,enc,-0.0009
1786427925.230146,0.1812,9.873427391052246,9.342700958251953,0.0563,-0.0090,0.3374,-0.9014,-4.2460,332.0000,enc,-0.0002
1786427925.337010,0.1069,9.721763610839844,9.036869049072266,0.0550,-0.0116,0.3348,-0.8962,-4.2472,331.3125,enc,-0.0002
1786427925.553038,0.2160,9.47510051727295,8.183666229248047,0.0518,-0.0220,0.3299,-0.8861,-4.2519,331.0000,enc,-0.0003
1786427925.639410,0.0864,8.505906105041504,8.372777938842773,0.0495,-0.0023,0.3279,-0.8823,-4.2521,330.2500,enc,0.0005
1786427925.745268,0.1059,1.981155514717102,-2.8361082077026367,-0.0025,-0.0819,0.3280,-0.8825,-4.2608,330.5000,enc,0.0001
1786427925.951085,0.2058,-4.651970863342285,-17.526376724243164,-0.0650,-0.2188,0.3336,-0.8947,-4.3058,332.0000,enc,-0.0015
1786427926.230663,0.2796,-7.523046970367432,-26.786056518554688,-0.1006,-0.3274,0.3425,-0.9214,-4.3974,334.5000,enc,-0.0008
1786427926.393929,0.1633,-9.947127342224121,-35.90604782104492,-0.1344,-0.4412,0.3478,-0.9427,-4.4694,337.7500,enc,0.0000
1786427926.598522,0.2046,-10.222084045410156,-38.53916549682617,-0.1430,-0.4813,0.3519,-0.9717,-4.5679,341.6250,enc,0.0006
1786427926.631312,0.0328,-9.295990943908691,-34.678348541259766,-0.1289,-0.4314,0.3525,-0.9759,-4.5821,345.2500,enc,-0.0009
1786427927.031639,0.4003,-8.9363431930542,-36.046932220458984,-0.1319,-0.4608,0.3494,-1.0286,-4.7665,348.9375,enc,0.0006
1786427927.270632,0.2390,2.481231927871704,8.9884033203125,0.0336,0.1106,0.3495,-1.0205,-4.7401,27.0000,enc,0.0003
1786427927.321993,0.0514,2.56947660446167,9.276886940002441,0.0347,0.1140,0.3496,-1.0187,-4.7342,26.5625,enc,0.0004
1786427927.620549,0.2986,2.168910503387451,8.098730087280273,0.0301,0.1008,0.3496,-1.0098,-4.7042,25.5000,enc,-0.0003
1786427927.731632,0.1111,1.9576911926269531,8.459041595458984,0.0305,0.1105,0.3496,-1.0064,-4.6919,24.7500,enc,-0.0012
1786427927.975497,0.2439,1.9416238069534302,8.460620880126953,0.0305,0.1108,0.3494,-0.9989,-4.6649,23.8125,enc,-0.0005
1786427928.091859,0.1164,2.122494697570801,8.53393268585205,0.0312,0.1090,0.3491,-0.9953,-4.6522,23.0000,enc,0.0007
1786427928.110910,0.0191,1.860113501548767,7.579239368438721,0.0277,0.0972,0.3491,-0.9948,-4.6503,22.3125,enc,-0.0003
1786427928.349669,0.2388,1.9633688926696777,8.377683639526367,0.0303,0.1090,0.3485,-0.9876,-4.6243,21.6875,enc,-0.0001
1786427928.499421,0.1498,1.9943656921386719,8.458967208862305,0.0307,0.1099,0.3479,-0.9830,-4.6078,20.8125,enc,0.0004
1786427928.679099,0.1797,1.9611999988555908,7.861979961395264,0.0288,0.1003,0.3472,-0.9779,-4.5898,19.7500,enc,0.0006
1786427928.737606,0.0585,2.021735668182373,8.700057983398438,0.0314,0.1135,0.3469,-0.9761,-4.5832,19.0000,enc,0.0003
1786427928.817562,0.0800,1.9636764526367188,8.18720817565918,0.0298,0.1058,0.3466,-0.9737,-4.5747,18.2500,enc,-0.0002
1786427929.128900,0.3113,2.0519609451293945,8.309151649475098,0.0304,0.1064,0.3452,-0.9644,-4.5416,17.2500,enc,-0.0005
1786427929.144130,0.0152,1.9187583923339844,7.884626388549805,0.0287,0.1014,0.3451,-0.9639,-4.5401,16.3125,enc,0.0006
1786427929.169393,0.0253,2.0474531650543213,8.496529579162598,0.0309,0.1096,0.3449,-0.9632,-4.5373,15.3750,enc,0.0005
1786427929.426916,0.2575,1.9773720502853394,8.351533889770508,0.0303,0.1083,0.3434,-0.9555,-4.5094,14.7500,enc,0.0000
1786427929.737142,0.3102,2.1095221042633057,8.389495849609375,0.0308,0.1067,0.3413,-0.9462,-4.4763,13.8750,enc,-0.0006
1786427929.753418,0.0163,1.8424307107925415,7.697171688079834,0.0280,0.0995,0.3412,-0.9457,-4.4746,12.9375,enc,-0.0002
1786427929.821869,0.0685,2.0671193599700928,8.560033798217773,0.0312,0.1104,0.3407,-0.9437,-4.4671,12.0000,enc,0.0002
1786427929.958958,0.1371,2.0935165882110596,8.53255558013916,0.0312,0.1095,0.3395,-0.9396,-4.4521,11.3750,enc,0.0008
1786427930.060253,0.1013,1.9001035690307617,7.717053413391113,0.0282,0.0989,0.3386,-0.9369,-4.4421,10.6250,enc,0.0012
1786427930.124420,0.0642,2.083003520965576,8.416476249694824,0.0308,0.1077,0.3380,-0.9350,-4.4352,9.8125,enc,0.0000
1786427930.138686,0.0143,2.058509588241577,8.560397148132324,0.0311,0.1105,0.3379,-0.9345,-4.4336,8.8125,enc,-0.0004
1786427930.196075,0.0574,1.9949204921722412,7.827527046203613,0.0288,0.0991,0.3375,-0.9329,-4.4279,7.9375,enc,-0.0004
1786427930.330612,0.1345,1.943687915802002,8.293704986572266,0.0300,0.1079,0.3362,-0.9291,-4.4134,7.1875,enc,0.0005
1786427930.358608,0.0280,2.03135085105896,8.267873764038086,0.0302,0.1060,0.3360,-0.9283,-4.4104,6.4375,enc,0.0000
1786427930.431197,0.0726,2.051964521408081,8.461187362670898,0.0308,0.1089,0.3353,-0.9262,-4.4025,5.5000,enc,-0.0002
1786427930.496455,0.0653,1.9993431568145752,8.430978775024414,0.0306,0.1093,0.3347,-0.9242,-4.3954,4.4375,enc,-0.0006
1786427930.663866,0.1674,1.6467307806015015,6.835668563842773,0.0249,0.0882,0.3334,-0.9203,-4.3806,3.9375,enc,-0.0001
1786427930.832803,0.1689,0.9460784792900085,3.5116450786590576,0.0131,0.0436,0.3326,-0.9183,-4.3732,3.6250,enc,0.0006
1786427930.915180,0.0824,0.011163724586367607,0.43615520000457764,0.0013,0.0072,0.3325,-0.9182,-4.3726,3.6250,enc,0.0002
1786427930.921494,0.0063,8.25412368774414,1.8937315940856934,0.0298,-0.1081,0.3324,-0.9180,-4.3733,12.0000,enc,-0.0012
1786427930.948165,0.0267,8.5530424118042,2.036787509918213,0.0311,-0.1108,0.3322,-0.9172,-4.3763,12.6875,enc,-0.0001
1786427931.034505,0.0863,8.342025756835938,2.040611505508423,0.0304,-0.1071,0.3313,-0.9147,-4.3855,13.5000,enc,0.0004
1786427931.111681,0.0772,7.649829387664795,1.8268250226974487,0.0278,-0.0990,0.3306,-0.9127,-4.3932,14.4375,enc,0.0005
1786427931.155500,0.0438,8.419905662536621,2.070324659347534,0.0308,-0.1079,0.3302,-0.9114,-4.3979,15.2500,enc,-0.0005
1786427931.214023,0.0585,8.5584077835083,2.1194405555725098,0.0313,-0.1094,0.3297,-0.9097,-4.4043,16.1875,enc,-0.0005
1786427931.230754,0.0167,8.3480863571167,2.113502025604248,0.0307,-0.1060,0.3295,-0.9092,-4.4061,16.8750,enc,-0.0007
1786427931.245741,0.0150,7.680274963378906,1.9860121011734009,0.0283,-0.0968,0.3294,-0.9088,-4.4075,17.6875,enc,-0.0002
1786427931.380403,0.1347,8.38819694519043,2.0669891834259033,0.0307,-0.1074,0.3282,-0.9048,-4.4220,18.5000,enc,0.0002
1786427931.455067,0.0747,8.529544830322266,2.022717237472534,0.0309,-0.1106,0.3275,-0.9026,-4.4302,19.5000,enc,0.0003
1786427931.469130,0.0141,8.590019226074219,2.069981813430786,0.0313,-0.1108,0.3274,-0.9022,-4.4318,20.1875,enc,-0.0005
1786427931.492725,0.0236,7.642766952514648,1.866714596748352,0.0279,-0.0982,0.3272,-0.9015,-4.4341,20.9375,enc,-0.0003
1786427931.565177,0.0725,8.423304557800293,2.0229787826538086,0.0306,-0.1088,0.3266,-0.8994,-4.4420,21.8125,enc,0.0008
1786427931.699948,0.1348,8.529166221618652,2.064042806625366,0.0311,-0.1099,0.3255,-0.8954,-4.4568,22.7500,enc,0.0005
1786427931.742494,0.0425,7.661987781524658,1.8096694946289062,0.0278,-0.0995,0.3252,-0.8942,-4.4610,23.7500,enc,0.0000
1786427931.757720,0.0152,8.46104907989502,2.0849411487579346,0.0309,-0.1084,0.3251,-0.8938,-4.4627,24.5625,enc,0.0002
1786427931.779405,0.0217,8.353860855102539,2.0720431804656982,0.0306,-0.1068,0.3249,-0.8931,-4.4650,25.3750,enc,0.0003
1786427931.797799,0.0184,7.806740760803223,1.7575886249542236,0.0280,-0.1028,0.3247,-0.8926,-4.4669,26.2500,enc,0.0016
1786427931.864036,0.0662,4.813234806060791,1.01885986328125,0.0171,-0.0645,0.3245,-0.8915,-4.4712,26.6875,enc,-0.0004
1786427931.938564,0.0745,1.4751439094543457,0.25202301144599915,0.0051,-0.0208,0.3244,-0.8912,-4.4727,26.8750,enc,0.0000
1786427931.955613,0.0170,0.0,0.0,0.0000,0.0000,0.3244,-0.8912,-4.4727,26.8125,enc,-0.0002
1786427931.974345,0.0187,0.0,0.0,0.0000,0.0000,0.3244,-0.8912,-4.4727,26.5000,enc,0.0000
1786427931.989321,0.0150,0.0,0.0,0.0000,0.0000,0.3244,-0.8912,-4.4727,26.4375,enc,0.0000
1786427932.143803,0.1545,-0.005395873449742794,-0.05858376994729042,-0.0002,-0.0009,0.3244,-0.8912,-4.4729,26.2500,enc,0.0002
1786427932.265991,0.1222,0.0,0.0,0.0000,0.0000,0.3244,-0.8912,-4.4729,26.1875,enc,0.0000
1786427932.284043,0.0181,0.0,0.0,0.0000,0.0000,0.3244,-0.8912,-4.4729,26.1250,enc,0.0000
1786427932.301492,0.0174,0.0,0.0,0.0000,0.0000,0.3244,-0.8912,-4.4729,26.0625,enc,0.0000
1786427932.313132,0.0116,0.0,0.0,0.0000,0.0000,0.3244,-0.8912,-4.4729,26.0625,enc,0.0000
1786427932.400691,0.0876,0.0,0.0,0.0000,0.0000,0.3244,-0.8912,-4.4729,26.0625,enc,0.0000
1786427932.485414,0.0847,0.0,0.0,0.0000,0.0000,0.3244,-0.8912,-4.4729,26.0625,enc,0.0000
1786427932.545223,0.0598,0.0,0.0,0.0000,0.0000,0.3244,-0.8912,-4.4729,26.0625,enc,0.0000
1786427932.556957,0.0117,0.0,0.0,0.0000,0.0000,0.3244,-0.8912,-4.4729,26.0625,enc,0.0000
1786427932.597437,0.0405,0.0,0.0,0.0000,0.0000,0.3244,-0.8912,-4.4729,26.0625,enc,0.0000
1786427932.617584,0.0201,0.0,0.0,0.0000,0.0000,0.3244,-0.8912,-4.4729,26.0625,enc,0.0000
1786427932.655653,0.0381,0.0,0.0,0.0000,0.0000,0.3244,-0.8912,-4.4729,26.0625,enc,0.0000
1786427932.665918,0.0103,0.0,0.0,0.0000,0.0000,0.3244,-0.8912,-4.4729,26.0625,enc,0.0000
1786427933.074643,0.4087,0.0,0.0,0.0000,0.0000,0.3244,-0.8912,-4.4729,26.0625,enc,0.0000
1786427933.074721,0.0001,0.0,0.0,0.0000,0.0000,0.3244,-0.8912,-4.4729,26.0625,enc,0.0000
1786427933.074757,0.0000,0.0,0.0,0.0000,0.0000,0.3244,-0.8912,-4.4729,26.0625,enc,0.0000
1786427933.074778,0.0000,0.0,0.0,0.0000,0.0000,0.3244,-0.8912,-4.4729,26.0625,enc,0.0000
1786427933.219497,0.1447,0.0,0.0,0.0000,0.0000,0.3244,-0.8912,-4.4729,26.0625,enc,0.0000
1786427933.295767,0.0763,0.0,0.0,0.0000,0.0000,0.3244,-0.8912,-4.4729,26.0625,enc,0.0000
1786427933.317993,0.0222,0.0,0.0,0.0000,0.0000,0.3244,-0.8912,-4.4729,26.0625,enc,0.0000
1786427933.425066,0.1071,0.0,0.0,0.0000,0.0000,0.3244,-0.8912,-4.4729,26.0625,enc,0.0000
1786427933.477527,0.0525,0.0,0.0,0.0000,0.0000,0.3244,-0.8912,-4.4729,26.0625,enc,0.0000
1786427933.515048,0.0375,0.9826750159263611,1.2987803220748901,0.0067,0.0054,0.3243,-0.8910,-4.4727,26.0625,enc,0.0000
1786427933.642689,0.1276,5.995246410369873,5.677098274230957,0.0342,-0.0054,0.3232,-0.8867,-4.4734,25.8750,enc,0.0006
1786427933.749825,0.1071,8.670726776123047,8.324823379516602,0.0498,-0.0059,0.3220,-0.8815,-4.4740,25.5625,enc,-0.0005
1786427933.848424,0.0986,10.774654388427734,10.511327743530273,0.0624,-0.0045,0.3206,-0.8755,-4.4744,25.3125,enc,-0.0007
1786427934.001012,0.1526,11.101755142211914,10.836668014526367,0.0643,-0.0045,0.3184,-0.8660,-4.4751,25.2500,enc,-0.0007
1786427934.012868,0.0119,10.467763900756836,9.509627342224121,0.0586,-0.0163,0.3182,-0.8653,-4.4753,25.5625,enc,0.0013
1786427934.186594,0.1737,10.140905380249023,9.824753761291504,0.0585,-0.0054,0.3162,-0.8553,-4.4762,25.5625,enc,-0.0019
1786427934.242581,0.0560,9.980792999267578,9.491806030273438,0.0571,-0.0083,0.3155,-0.8522,-4.4767,25.6250,enc,-0.0003
1786427934.399219,0.1566,10.321192741394043,9.926074028015137,0.0594,-0.0067,0.3134,-0.8432,-4.4778,25.6250,enc,-0.0005
1786427934.457157,0.0579,10.602397918701172,9.993729591369629,0.0604,-0.0103,0.3125,-0.8398,-4.4784,25.9375,enc,0.0003
1786427934.610931,0.1538,10.008685111999512,8.947489738464355,0.0556,-0.0180,0.3104,-0.8315,-4.4811,25.9375,enc,0.0013
1786427934.708641,0.0977,9.85162353515625,9.7717866897583,0.0575,-0.0014,0.3093,-0.8260,-4.4813,25.9375,enc,-0.0020
1786427934.740559,0.0319,10.421231269836426,9.84040355682373,0.0594,-0.0099,0.3089,-0.8241,-4.4816,26.0000,enc,-0.0002
1786427934.934759,0.1942,10.538812637329102,10.00672435760498,0.0602,-0.0090,0.3061,-0.8128,-4.4833,26.1875,enc,0.0006
1786427934.978244,0.0435,9.545694351196289,8.986905097961426,0.0543,-0.0095,0.3056,-0.8105,-4.4837,26.1875,enc,-0.0001
1786427935.199900,0.2217,10.40521240234375,9.819926261901855,0.0593,-0.0099,0.3028,-0.7976,-4.4860,26.3125,enc,-0.0008
1786427935.281091,0.0812,10.57265567779541,9.855101585388184,0.0599,-0.0122,0.3017,-0.7929,-4.4869,26.3750,enc,0.0003
1786427935.335860,0.0548,9.582805633544922,9.130721092224121,0.0549,-0.0077,0.3010,-0.7899,-4.4874,26.4375,enc,0.0003
1786427935.368081,0.0322,10.44906997680664,9.896671295166016,0.0597,-0.0094,0.3005,-0.7881,-4.4877,26.6875,enc,0.0003
1786427935.565724,0.1976,10.283665657043457,9.729950904846191,0.0587,-0.0094,0.2980,-0.7768,-4.4895,26.6875,enc,0.0001
1786427935.690620,0.1249,10.325550079345703,9.825871467590332,0.0591,-0.0085,0.2963,-0.7696,-4.4906,26.6875,enc,0.0001
1786427935.885952,0.1953,9.961936950683594,9.041898727416992,0.0557,-0.0156,0.2937,-0.7590,-4.4936,26.6875,enc,0.0014
1786427935.958483,0.0725,10.141854286193848,9.955916404724121,0.0589,-0.0032,0.2929,-0.7548,-4.4939,24.3125,enc,-0.0014
1786427935.968704,0.0102,10.179108619689941,9.550294876098633,0.0578,-0.0107,0.2927,-0.7542,-4.4940,24.4375,enc,0.0000
1786427936.242727,0.2740,10.461313247680664,9.826852798461914,0.0595,-0.0108,0.2893,-0.7383,-4.4969,24.5000,enc,0.0000
1786427936.376260,0.1335,9.638333320617676,9.106489181518555,0.0550,-0.0090,0.2877,-0.7311,-4.4981,24.5625,enc,0.0002
1786427936.471046,0.0948,10.384964942932129,9.859047889709473,0.0594,-0.0089,0.2865,-0.7256,-4.4990,24.5625,enc,0.0000
1786427936.776750,0.3057,10.360013961791992,9.775472640991211,0.0590,-0.0099,0.2825,-0.7080,-4.5020,24.7500,enc,0.0006
1786427936.839532,0.0628,10.414629936218262,9.830610275268555,0.0594,-0.0099,0.2817,-0.7044,-4.5027,24.8125,enc,0.0006
1786427936.854359,0.0148,9.486408233642578,8.932945251464844,0.0540,-0.0094,0.2816,-0.7036,-4.5028,24.9375,enc,-0.0001
1786427936.873255,0.0189,10.622827529907227,9.932918548583984,0.0603,-0.0117,0.2813,-0.7025,-4.5030,24.7500,enc,-0.0007
1786427937.099656,0.2264,10.45361614227295,9.974489212036133,0.0599,-0.0081,0.2785,-0.6892,-4.5049,25.1250,enc,0.0002
1786427937.111670,0.0120,10.344307899475098,9.264573097229004,0.0575,-0.0184,0.2784,-0.6885,-4.5051,25.1875,enc,-0.0010
1786427937.187277,0.0756,8.726371765136719,8.59378719329834,0.0508,-0.0023,0.2775,-0.6848,-4.5052,25.4375,enc,0.0014
1786427937.393616,0.2063,6.334073066711426,5.96141242980957,0.0361,-0.0063,0.2761,-0.6775,-4.5066,25.0625,enc,-0.0006
1786427937.540533,0.1469,5.823657035827637,6.060772895812988,0.0348,0.0040,0.2750,-0.6725,-4.5060,25.1250,enc,-0.0001
1786427937.628815,0.0883,7.137252330780029,7.1636128425598145,0.0419,0.0004,0.2742,-0.6689,-4.5059,25.0625,enc,0.0014
1786427937.656106,0.0273,8.47058391571045,9.344904899597168,0.0522,0.0149,0.2739,-0.6675,-4.5055,21.0625,enc,-0.0001
1786427937.679587,0.0235,9.375261306762695,9.98099136352539,0.0568,0.0103,0.2736,-0.6662,-4.5053,17.9375,enc,0.0003
1786427937.800573,0.1210,9.546797752380371,10.183789253234863,0.0579,0.0108,0.2722,-0.6593,-4.5040,16.5000,enc,-0.0006
1786427937.895335,0.0948,8.797599792480469,9.087064743041992,0.0524,0.0049,0.2711,-0.6545,-4.5035,16.3125,enc,0.0008
1786427938.117315,0.2220,8.760109901428223,9.611557006835938,0.0539,0.0145,0.2687,-0.6428,-4.5003,16.3125,enc,-0.0008
1786427938.474377,0.3571,9.107211112976074,9.689894676208496,0.0551,0.0099,0.2644,-0.6236,-4.4968,16.2500,enc,0.0004
1786427938.536164,0.0618,9.947526931762695,16.912067413330078,0.0788,0.1184,0.2620,-0.6191,-4.4894,15.2500,enc,0.0223
1786427938.634550,0.0984,7.66049337387085,1.9476090669631958,0.0282,-0.0971,0.2636,-0.6159,-4.4990,13.4375,enc,-0.0231
1786427938.792338,0.1578,9.224404335021973,9.780146598815918,0.0557,0.0094,0.2618,-0.6073,-4.4975,12.7500,enc,-0.0007
1786427938.841833,0.0495,9.167314529418945,9.64609146118164,0.0552,0.0081,0.2613,-0.6047,-4.4971,12.3750,enc,-0.0006
1786427939.269112,0.4273,9.074288368225098,9.257903099060059,0.0538,0.0031,0.2570,-0.5821,-4.4958,12.3125,enc,-0.0016
1786427939.457554,0.1884,8.463472366333008,9.3825044631958,0.0523,0.0156,0.2546,-0.5725,-4.4928,12.2500,enc,0.0016
1786427939.549219,0.0917,9.068967819213867,9.803580284118652,0.0553,0.0125,0.2534,-0.5676,-4.4917,12.1875,enc,0.0002
1786427939.635397,0.0862,9.033792495727539,9.481078147888184,0.0543,0.0076,0.2524,-0.5630,-4.4910,12.2500,enc,-0.0003
1786427939.991397,0.3560,9.228948593139648,9.681143760681152,0.0554,0.0077,0.2481,-0.5437,-4.4883,12.5625,enc,-0.0001
1786427940.072094,0.0807,8.331413269042969,8.911103248596191,0.0506,0.0099,0.2472,-0.5398,-4.4875,12.8750,enc,0.0000
1786427940.125316,0.0532,9.158805847167969,9.898122787475586,0.0559,0.0126,0.2465,-0.5369,-4.4868,13.1875,enc,0.0004
1786427940.137387,0.0121,9.14161491394043,9.620722770690918,0.0550,0.0081,0.2464,-0.5362,-4.4867,13.9375,enc,-0.0009
1786427940.148472,0.0111,9.080574035644531,9.610904693603516,0.0548,0.0090,0.2462,-0.5356,-4.4866,14.3750,enc,-0.0006
1786427940.161847,0.0134,8.665409088134766,8.821725845336914,0.0513,0.0027,0.2461,-0.5350,-4.4866,14.2500,enc,0.0015
1786427940.194757,0.0329,8.899581909179688,9.936415672302246,0.0552,0.0176,0.2457,-0.5332,-4.4860,14.8750,enc,-0.0003
1786427940.341651,0.1469,9.29638385772705,9.801671981811523,0.0560,0.0086,0.2438,-0.5252,-4.4847,16.3125,enc,0.0003
1786427940.372692,0.0310,7.404767990112305,7.986360549926758,0.0451,0.0099,0.2434,-0.5238,-4.4844,16.8750,enc,-0.0002
1786427940.391177,0.0185,3.1081502437591553,3.4541001319885254,0.0192,0.0059,0.2434,-0.5235,-4.4843,16.8750,enc,0.0001
1786427940.501792,0.1106,0.48065346479415894,0.5333382487297058,0.0030,0.0009,0.2432,-0.5232,-4.4842,17.5000,enc,0.0004
1786427940.564370,0.0626,-0.029200715944170952,-0.00268953968770802,-0.0001,0.0005,0.2432,-0.5232,-4.4842,18.9375,enc,0.0001
1786427940.573412,0.0090,0.0,0.0,0.0000,0.0000,0.2432,-0.5232,-4.4842,20.1250,enc,0.0000
1786427940.614269,0.0409,0.0,0.0,0.0000,0.0000,0.2432,-0.5232,-4.4842,21.2500,enc,0.0000
1786427940.649525,0.0353,0.4545876979827881,0.5341309309005737,0.0029,0.0014,0.2432,-0.5231,-4.4842,22.1250,enc,-0.0003
1786427940.793344,0.1438,4.372208595275879,4.425205230712891,0.0258,0.0009,0.2424,-0.5195,-4.4840,22.8125,enc,0.0000
1786427940.806843,0.0135,7.540012836456299,7.51366662979126,0.0441,-0.0004,0.2422,-0.5189,-4.4840,23.6250,enc,0.0010
1786427940.883935,0.0771,9.289887428283691,10.081900596618652,0.0568,0.0135,0.2413,-0.5146,-4.4830,24.7500,enc,-0.0011
1786427940.968810,0.0849,9.887310981750488,10.44633674621582,0.0596,0.0095,0.2402,-0.5097,-4.4822,25.5625,enc,0.0003
1786427941.276069,0.3073,9.113351821899414,9.619134902954102,0.0549,0.0086,0.2366,-0.4932,-4.4795,26.0625,enc,-0.0010
1786427941.276135,0.0001,5.599975109100342,6.57799768447876,0.0357,0.0166,0.2366,-0.4932,-4.4795,25.8750,enc,0.0010
1786427941.276148,0.0000,2.105132818222046,2.3446505069732666,0.0130,0.0041,0.2366,-0.4932,-4.4795,27.3125,enc,-0.0003
1786427941.276164,0.0000,0.5120785236358643,0.5120785236358643,0.0030,0.0000,0.2366,-0.4932,-4.4795,28.4375,enc,0.0008
1786427941.276222,0.0001,3.5196661949157715,3.546006441116333,0.0207,0.0004,0.2366,-0.4932,-4.4795,29.3750,enc,0.0001
1786427941.303388,0.0272,7.497818470001221,7.577643871307373,0.0442,0.0014,0.2363,-0.4920,-4.4795,30.6875,enc,0.0003
1786427941.488627,0.1852,9.388818740844727,9.810221672058105,0.0563,0.0072,0.2339,-0.4819,-4.4782,31.9375,enc,0.0000
1786427941.512909,0.0243,9.539556503295898,10.435751914978027,0.0586,0.0152,0.2335,-0.4805,-4.4778,32.7500,enc,0.0002
1786427941.614882,0.1020,8.687067985534668,9.432235717773438,0.0531,0.0127,0.2323,-0.4752,-4.4765,33.5625,enc,-0.0002
1786427941.680064,0.0652,9.262048721313477,9.973340034484863,0.0564,0.0121,0.2314,-0.4716,-4.4757,34.4375,enc,-0.0001
1786427941.892980,0.2129,9.162921905517578,9.585596084594727,0.0550,0.0072,0.2287,-0.4603,-4.4742,35.6250,enc,0.0000
1786427941.926744,0.0338,9.235040664672852,9.714012145996094,0.0556,0.0081,0.2282,-0.4584,-4.4739,36.3125,enc,-0.0002
1786427942.160959,0.2342,8.168855667114258,8.774394035339355,0.0497,0.0103,0.2253,-0.4472,-4.4715,37.1875,enc,0.0005
1786427942.209715,0.0488,9.174442291259766,9.807768821716309,0.0557,0.0108,0.2247,-0.4445,-4.4710,38.1875,enc,0.0002
1786427942.284174,0.0745,9.231850624084473,9.684187889099121,0.0555,0.0077,0.2237,-0.4405,-4.4704,39.1875,enc,0.0001
1786427942.320769,0.0366,8.860254287719727,8.886837005615234,0.0520,0.0005,0.2232,-0.4387,-4.4704,39.9375,enc,0.0010
1786427942.517372,0.1966,8.68354606628418,9.773855209350586,0.0541,0.0185,0.2209,-0.4283,-4.4668,40.6250,enc,-0.0016
1786427942.558313,0.0409,9.150078773498535,9.89384937286377,0.0558,0.0126,0.2204,-0.4261,-4.4662,40.7500,enc,-0.0002
1786427942.618168,0.0599,9.226875305175781,8.987371444702148,0.0534,-0.0041,0.2196,-0.4230,-4.4665,41.1250,enc,0.0005
1786427942.730021,0.1119,8.415026664733887,9.439587593078613,0.0524,0.0174,0.2181,-0.4173,-4.4645,41.7500,enc,0.0001
1786427942.982953,0.2529,9.223294258117676,9.888629913330078,0.0560,0.0113,0.2147,-0.4035,-4.4617,41.8125,enc,-0.0005
1786427942.983001,0.0000,9.04133129119873,9.857133865356445,0.0554,0.0139,0.2147,-0.4035,-4.4617,41.6250,enc,-0.0003
1786427943.194619,0.2116,9.185015678405762,9.79073429107666,0.0556,0.0103,0.2118,-0.3921,-4.4595,41.8125,enc,-0.0001
1786427943.259507,0.0649,8.401809692382812,8.854262351989746,0.0506,0.0077,0.2110,-0.3890,-4.4590,41.8750,enc,-0.0003
1786427943.298874,0.0394,9.115893363952637,9.61653995513916,0.0549,0.0085,0.2104,-0.3869,-4.4587,41.8750,enc,0.0003
1786427943.371455,0.0726,9.048613548278809,9.786714553833008,0.0552,0.0125,0.2095,-0.3830,-4.4578,41.6250,enc,-0.0006
1786427943.437513,0.0661,8.707069396972656,9.026396751403809,0.0520,0.0054,0.2085,-0.3797,-4.4574,41.5000,enc,0.0013
1786427943.640423,0.2029,8.828362464904785,9.6449613571167,0.0542,0.0139,0.2060,-0.3690,-4.4546,41.3750,enc,-0.0016
1786427943.703146,0.0627,9.21615219116211,9.63835334777832,0.0553,0.0072,0.2051,-0.3656,-4.4541,41.3125,enc,0.0000
1786427943.742936,0.0398,8.652255058288574,9.370800971984863,0.0528,0.0122,0.2046,-0.3636,-4.4536,40.9375,enc,0.0001
1786427943.977760,0.2348,4.705231666564941,5.343751907348633,0.0295,0.0109,0.2029,-0.3569,-4.4511,40.4375,enc,-0.0004
1786427944.028506,0.0507,1.499640941619873,1.7657809257507324,0.0096,0.0045,0.2027,-0.3564,-4.4509,40.2500,enc,0.0002
1786427944.056574,0.0281,-0.06131783872842789,-0.034708209335803986,-0.0003,0.0005,0.2027,-0.3564,-4.4508,40.2500,enc,0.0003
1786427944.171006,0.1144,0.0,0.0,0.0000,0.0000,0.2027,-0.3564,-4.4508,40.2500,enc,0.0000
1786427944.325961,0.1550,0.0,0.0,0.0000,0.0000,0.2027,-0.3564,-4.4508,40.2500,enc,0.0000
1786427944.378765,0.0528,0.0,0.0,0.0000,0.0000,0.2027,-0.3564,-4.4508,40.2500,enc,0.0000
1786427944.586879,0.2081,0.0,0.0,0.0000,0.0000,0.2027,-0.3564,-4.4508,40.2500,enc,0.0000
1786427944.639862,0.0530,0.0,0.0,0.0000,0.0000,0.2027,-0.3564,-4.4508,40.2500,enc,0.0000
1786427944.675363,0.0355,0.0,0.0,0.0000,0.0000,0.2027,-0.3564,-4.4508,40.2500,enc,0.0000
1786427944.951092,0.2757,0.0,0.0,0.0000,0.0000,0.2027,-0.3564,-4.4508,40.2500,enc,0.0000
1786427944.976915,0.0258,0.0,0.0,0.0000,0.0000,0.2027,-0.3564,-4.4508,40.2500,enc,0.0000
1786427945.003195,0.0263,0.0,0.0,0.0000,0.0000,0.2027,-0.3564,-4.4508,40.2500,enc,0.0000
1786427945.106617,0.1034,0.09885412454605103,1.0732733011245728,0.0034,0.0166,0.2027,-0.3561,-4.4491,40.2500,enc,-0.0001
1786427945.196339,0.0897,0.502618670463562,4.831106185913086,0.0156,0.0736,0.2023,-0.3547,-4.4425,39.9375,enc,-0.0004
1786427945.295624,0.0993,1.3915257453918457,7.537141799926758,0.0262,0.1045,0.2017,-0.3522,-4.4322,39.1875,enc,-0.0008
1786427945.419089,0.1235,2.2837109565734863,8.081445693969727,0.0304,0.0985,0.2007,-0.3486,-4.4200,38.3750,enc,-0.0006
1786427945.504260,0.0852,2.5876402854919434,9.180806159973145,0.0345,0.1121,0.1998,-0.3458,-4.4104,36.5625,enc,0.0002
1786427945.606827,0.1026,2.24623703956604,8.850493431091309,0.0325,0.1123,0.1986,-0.3426,-4.3989,35.2500,enc,0.0011
1786427945.727395,0.1206,2.129779815673828,8.636905670166016,0.0316,0.1106,0.1974,-0.3390,-4.3856,34.0000,enc,0.0005
1786427945.824046,0.0967,1.7944895029067993,7.490411758422852,0.0272,0.0968,0.1965,-0.3365,-4.3762,32.7500,enc,-0.0004
1786427945.916867,0.0928,2.050229549407959,8.38134479522705,0.0306,0.1076,0.1956,-0.3339,-4.3663,31.4375,enc,-0.0002
1786427946.134361,0.2175,2.04457688331604,8.448728561401367,0.0308,0.1089,0.1931,-0.3277,-4.3426,29.8750,enc,0.0003
1786427946.201045,0.0667,1.9882906675338745,7.87545919418335,0.0289,0.1001,0.1924,-0.3259,-4.3359,28.3750,enc,0.0004
1786427946.263224,0.0622,1.9208464622497559,8.30026626586914,0.0300,0.1084,0.1916,-0.3242,-4.3292,27.0625,enc,0.0007
1786427946.406248,0.1430,1.995111346244812,8.253701210021973,0.0301,0.1064,0.1899,-0.3202,-4.3139,25.8125,enc,0.0002
1786427946.437249,0.0310,2.0606911182403564,8.533414840698242,0.0311,0.1100,0.1896,-0.3193,-4.3105,24.6250,enc,0.0002
1786427946.549803,0.1126,1.9089118242263794,7.789517402648926,0.0284,0.1000,0.1883,-0.3164,-4.2993,23.2500,enc,-0.0003
1786427946.750912,0.2011,2.0232114791870117,8.306854248046875,0.0303,0.1068,0.1856,-0.3109,-4.2778,21.8125,enc,0.0006
1786427946.822583,0.0717,2.0781593322753906,8.396903038024902,0.0307,0.1074,0.1847,-0.3089,-4.2701,20.6875,enc,0.0006
1786427946.997791,0.1752,2.1226518154144287,8.534564018249512,0.0312,0.1090,0.1823,-0.3040,-4.2510,19.2500,enc,-0.0005
1786427948.371674,1.3739,1.8862100839614868,7.868521213531494,0.0286,0.1017,0.1608,-0.2711,-4.1113,17.7500,enc,-0.0007
1786427948.371784,0.0001,2.069823741912842,8.589364051818848,0.0313,0.1108,0.1608,-0.2711,-4.1113,15.7500,enc,-0.0008
1786427948.371811,0.0000,2.0531182289123535,8.411422729492188,0.0307,0.1081,0.1608,-0.2711,-4.1113,14.5625,enc,0.0007
1786427948.372664,0.0009,1.913359522819519,7.544873237609863,0.0277,0.0957,0.1608,-0.2710,-4.1112,12.9375,enc,0.0002
1786427948.372707,0.0000,2.0855343341827393,8.445103645324707,0.0309,0.1081,0.1608,-0.2710,-4.1112,11.6875,enc,-0.0007
1786427948.459071,0.0864,2.098926067352295,8.609448432922363,0.0314,0.1107,0.1593,-0.2688,-4.1016,9.9375,enc,-0.0005
1786427948.988037,0.5290,1.8612691164016724,7.902101516723633,0.0286,0.1027,0.1501,-0.2567,-4.0473,8.5000,enc,-0.0005
1786427949.212245,0.2242,2.096971273422241,8.431309700012207,0.0309,0.1077,0.1456,-0.2515,-4.0232,7.1875,enc,0.0006
1786427949.473366,0.2611,2.054579019546509,8.246957778930664,0.0302,0.1053,0.1405,-0.2455,-3.9957,5.4375,enc,-0.0001
1786427949.860658,0.3873,1.903756856918335,8.261114120483398,0.0298,0.1081,0.1326,-0.2370,-3.9539,4.0625,enc,-0.0005
1786427949.997401,0.1367,1.9926117658615112,8.50461196899414,0.0308,0.1107,0.1297,-0.2340,-3.9387,2.1250,enc,0.0001
1786427950.177665,0.1803,1.52151620388031,6.437272548675537,0.0233,0.0836,0.1267,-0.2311,-3.9237,0.5625,enc,0.0005
1786427950.289730,0.1121,0.4806743562221527,2.719876289367676,0.0094,0.0381,0.1258,-0.2305,-3.9194,359.5000,enc,0.0010
1786427950.535801,0.2461,0.0052866507321596146,0.05739792436361313,0.0002,0.0009,0.1257,-0.2305,-3.9192,358.9375,enc,0.0004
1786427950.623744,0.0879,0.0,0.0,0.0000,0.0000,0.1257,-0.2305,-3.9192,358.8125,enc,0.0000
1786427950.881935,0.2582,0.0,0.0,0.0000,0.0000,0.1257,-0.2305,-3.9192,358.3125,enc,0.0000
1786427950.953256,0.0713,-0.058450717478990555,-0.005383618641644716,-0.0002,0.0009,0.1257,-0.2305,-3.9191,358.2500,enc,0.0000
1786427951.024221,0.0710,-0.029235132038593292,-0.0026927096769213676,-0.0001,0.0005,0.1257,-0.2305,-3.9191,358.1875,enc,-0.0001
1786427951.225694,0.2015,0.0,0.0,0.0000,0.0000,0.1257,-0.2305,-3.9191,358.1250,enc,0.0000
1786427951.249214,0.0235,0.0,0.0,0.0000,0.0000,0.1257,-0.2305,-3.9191,358.1250,enc,0.0000
1786427951.542903,0.2937,0.0,0.0,0.0000,0.0000,0.1257,-0.2305,-3.9191,357.8125,enc,0.0000
1786427951.609320,0.0664,0.0,0.0,0.0000,0.0000,0.1257,-0.2305,-3.9191,357.6875,enc,0.0000
1786427951.631783,0.0225,0.0,0.0,0.0000,0.0000,0.1257,-0.2305,-3.9191,357.4375,enc,0.0000
1786427951.915605,0.2838,0.09317503869533539,0.6991946697235107,0.0023,0.0103,0.1252,-0.2301,-3.9162,357.4375,enc,0.0005
1786427951.972446,0.0568,0.4953497350215912,4.437060832977295,0.0145,0.0670,0.1246,-0.2296,-3.9123,356.7500,enc,0.0001
1786427952.018735,0.0463,1.9054502248764038,7.757105827331543,0.0283,0.0995,0.1236,-0.2287,-3.9077,355.6875,enc,0.0002
1786427952.214481,0.1957,2.6591594219207764,9.192330360412598,0.0348,0.1111,0.1188,-0.2239,-3.8860,354.8125,enc,-0.0011
1786427952.251070,0.0366,2.514327049255371,8.884261131286621,0.0334,0.1083,0.1179,-0.2230,-3.8820,353.5625,enc,-0.0019
1786427952.337440,0.0864,2.0930182933807373,8.530524253845215,0.0311,0.1094,0.1158,-0.2213,-3.8726,352.9375,enc,0.0013
1786427952.388779,0.0513,2.0041518211364746,8.291101455688477,0.0302,0.1069,0.1147,-0.2203,-3.8671,351.9375,enc,0.0000
1786427952.552180,0.1634,2.0774214267730713,8.3939208984375,0.0307,0.1074,0.1109,-0.2170,-3.8496,351.0625,enc,-0.0002
1786427952.641043,0.0889,1.7933237552642822,7.69811487197876,0.0278,0.1004,0.1090,-0.2154,-3.8406,349.5000,enc,0.0000
1786427952.696818,0.0558,1.989016056060791,8.506834030151367,0.0308,0.1108,0.1077,-0.2143,-3.8345,347.7500,enc,0.0002
1786427952.821062,0.1242,2.0486674308776855,8.356680870056152,0.0305,0.1072,0.1047,-0.2119,-3.8211,346.1250,enc,0.0001
1786427952.924213,0.1032,2.0452046394348145,8.281793594360352,0.0303,0.1060,0.1023,-0.2100,-3.8102,344.6250,enc,-0.0005
1786427952.947711,0.0235,2.0608952045440674,8.570317268371582,0.0312,0.1106,0.1017,-0.2095,-3.8076,343.3125,enc,-0.0002
1786427953.023996,0.0763,1.9479223489761353,7.7172393798828125,0.0283,0.0981,0.1000,-0.2082,-3.8001,341.9375,enc,0.0003
1786427953.241824,0.2178,2.0343661308288574,8.352652549743652,0.0305,0.1074,0.0946,-0.2044,-3.7767,340.5625,enc,0.0006
1786427953.281631,0.0398,2.0430686473846436,8.297242164611816,0.0303,0.1063,0.0936,-0.2036,-3.7725,339.8125,enc,-0.0001
1786427953.369237,0.0876,2.086446523666382,8.485472679138184,0.0310,0.1088,0.0914,-0.2021,-3.7630,338.4375,enc,-0.0001
1786427953.550759,0.1815,1.9264076948165894,7.799527168273926,0.0285,0.0998,0.0871,-0.1991,-3.7448,337.4375,enc,0.0001
1786427953.612936,0.0622,2.070693254470825,8.629107475280762,0.0314,0.1115,0.0855,-0.1980,-3.7379,336.3125,enc,-0.0001
1786427953.691840,0.0789,2.130068063735962,8.301674842834473,0.0306,0.1049,0.0835,-0.1967,-3.7296,334.7500,enc,0.0006
1786427953.962849,0.2710,2.00410532951355,7.5641679763793945,0.0281,0.0945,0.0771,-0.1927,-3.7040,333.9375,enc,0.0001
1786427953.974954,0.0121,1.9493658542633057,8.546982765197754,0.0308,0.1121,0.0767,-0.1925,-3.7027,332.0000,enc,-0.0002
1786427954.052841,0.0779,2.0737171173095703,8.6597318649292,0.0315,0.1119,0.0747,-0.1912,-3.6939,330.5625,enc,-0.0006
1786427954.266136,0.2133,2.057546615600586,8.520392417907715,0.0310,0.1099,0.0690,-0.1878,-3.6705,329.4375,enc,-0.0004
1786427954.308075,0.0419,1.8887543678283691,7.616118431091309,0.0279,0.0974,0.0680,-0.1872,-3.6664,328.1875,enc,0.0000
1786427954.390254,0.0822,2.0907835960388184,8.369988441467285,0.0307,0.1067,0.0658,-0.1859,-3.6577,326.9375,enc,-0.0005
1786427954.576701,0.1864,2.023744583129883,8.426493644714355,0.0306,0.1088,0.0608,-0.1831,-3.6374,325.5625,enc,-0.0005
1786427954.656285,0.0796,1.9223477840423584,8.393972396850586,0.0302,0.1100,0.0587,-0.1819,-3.6286,324.5000,enc,-0.0006
1786427954.692023,0.0357,1.839390516281128,7.666440963745117,0.0279,0.0990,0.0578,-0.1815,-3.6251,323.9375,enc,0.0003
1786427954.904622,0.2126,1.4870277643203735,6.779198169708252,0.0242,0.0900,0.0532,-0.1793,-3.6059,323.0625,enc,0.0008
1786427954.949526,0.0449,0.6407427191734314,2.9025912284851074,0.0104,0.0384,0.0527,-0.1792,-3.6042,322.6250,enc,0.0004
1786427955.029799,0.0803,0.029688760638237,0.3223351240158081,0.0010,0.0050,0.0527,-0.1791,-3.6038,322.5625,enc,-0.0003
1786427955.239037,0.2092,0.0,0.0,0.0000,0.0000,0.0527,-0.1791,-3.6038,322.5625,enc,0.0000
1786427955.291724,0.0527,0.0,0.0,0.0000,0.0000,0.0527,-0.1791,-3.6038,322.5000,enc,0.0000
1786427955.320794,0.0291,-0.061304088681936264,-0.0347004272043705,-0.0003,0.0005,0.0527,-0.1791,-3.6038,322.3750,enc,-0.0001
1786427955.413487,0.0927,0.0,0.0,0.0000,0.0000,0.0527,-0.1791,-3.6038,322.2500,enc,0.0000
1786427955.586008,0.1725,0.0,0.0,0.0000,0.0000,0.0527,-0.1791,-3.6038,322.1875,enc,0.0000
1786427955.624251,0.0382,0.0,0.0,0.0000,0.0000,0.0527,-0.1791,-3.6038,322.1875,enc,0.0000
1786427955.724368,0.1001,0.0,0.0,0.0000,0.0000,0.0527,-0.1791,-3.6038,322.1875,enc,0.0000
1786427955.905056,0.1807,0.0,0.0,0.0000,0.0000,0.0527,-0.1791,-3.6038,322.1875,enc,0.0000
1786427955.931126,0.0261,0.021579504013061523,0.23429176211357117,0.0008,0.0036,0.0527,-0.1791,-3.6037,322.1875,enc,0.0000
1786427956.050753,0.1196,0.42887160181999207,3.40653133392334,0.0112,0.0506,0.0515,-0.1785,-3.5977,321.8750,enc,-0.0001
1786427956.245717,0.1950,1.1472216844558716,7.124426364898682,0.0243,0.1016,0.0472,-0.1765,-3.5779,321.0625,enc,-0.0002
1786427956.280705,0.0350,2.3491592407226562,8.150514602661133,0.0308,0.0986,0.0462,-0.1760,-3.5744,320.1250,enc,-0.0002
1786427956.349202,0.0685,2.6917316913604736,9.266692161560059,0.0351,0.1118,0.0440,-0.1750,-3.5667,319.4375,enc,0.0007
1786427956.432849,0.0836,2.3655824661254883,8.742186546325684,0.0326,0.1084,0.0415,-0.1740,-3.5577,318.5625,enc,0.0007
1786427956.568425,0.1356,2.1258914470672607,8.566046714782715,0.0314,0.1095,0.0376,-0.1724,-3.5428,317.7500,enc,0.0002
1786427956.655110,0.0867,1.9149882793426514,7.680556774139404,0.0281,0.0980,0.0353,-0.1714,-3.5343,316.7500,enc,-0.0001
1786427956.726133,0.0710,2.0344080924987793,8.352825164794922,0.0305,0.1074,0.0333,-0.1706,-3.5267,315.9375,enc,-0.0004
1786427956.757810,0.0317,2.112974166870117,8.421804428100586,0.0309,0.1072,0.0324,-0.1703,-3.5233,315.1875,enc,0.0014
1786427956.937092,0.1793,1.9816592931747437,7.962463855743408,0.0292,0.1017,0.0276,-0.1683,-3.5051,314.3750,enc,-0.0008
1786427956.971074,0.0340,1.93355393409729,8.090770721435547,0.0294,0.1047,0.0266,-0.1679,-3.5015,313.4375,enc,0.0007
1786427957.051856,0.0808,2.0089664459228516,8.471559524536133,0.0307,0.1099,0.0243,-0.1671,-3.4927,312.5000,enc,-0.0003
1786427957.143833,0.0920,2.061143398284912,8.499035835266113,0.0310,0.1094,0.0216,-0.1661,-3.4826,311.6875,enc,0.0002
1786427957.289834,0.1460,2.053961992263794,7.929461479187012,0.0293,0.0999,0.0176,-0.1647,-3.4680,310.8125,enc,-0.0005
1786427957.367165,0.0773,1.877855658531189,8.114936828613281,0.0293,0.1060,0.0154,-0.1641,-3.4598,310.0000,enc,0.0012
1786427957.403673,0.0365,2.0773823261260986,8.521079063415527,0.0311,0.1095,0.0143,-0.1637,-3.4558,308.9375,enc,-0.0006
1786427957.479632,0.0760,2.0382044315338135,8.576945304870605,0.0311,0.1111,0.0121,-0.1630,-3.4474,308.1875,enc,-0.0004
1786427957.537325,0.0577,1.9516488313674927,7.639047145843506,0.0281,0.0967,0.0105,-0.1625,-3.4418,307.4375,enc,0.0007
1786427957.743174,0.2058,1.9673537015914917,8.273853302001953,0.0300,0.1072,0.0046,-0.1607,-3.4197,306.6250,enc,-0.0004
1786427957.776731,0.0336,2.12011456489563,8.505908012390137,0.0312,0.1085,0.0036,-0.1605,-3.4161,305.8125,enc,-0.0002
1786427957.827044,0.0503,2.1120309829711914,8.736127853393555,0.0318,0.1126,0.0020,-0.1600,-3.4104,304.8125,enc,-0.0001
1786427957.879110,0.0521,1.9460468292236328,7.709808826446533,0.0283,0.0980,0.0006,-0.1596,-3.4053,303.9375,enc,-0.0001
1786427957.896691,0.0176,2.041212558746338,8.344483375549316,0.0305,0.1071,0.0001,-0.1595,-3.4034,303.0625,enc,-0.0004
1786427958.095827,0.1991,2.085587501525879,8.445318222045898,0.0309,0.1081,-0.0058,-0.1578,-3.3819,302.1875,enc,-0.0010
1786427958.157884,0.0621,1.9671014547348022,7.793222427368164,0.0286,0.0990,-0.0075,-0.1574,-3.3758,301.2500,enc,-0.0007
1786427958.200086,0.0422,1.7999272346496582,8.503104209899902,0.0302,0.1139,-0.0088,-0.1571,-3.3710,300.0625,enc,-0.0004
1786427958.391685,0.1916,2.0583748817443848,8.505744934082031,0.0310,0.1096,-0.0146,-0.1559,-3.3500,299.5000,enc,0.0005
1786427958.402908,0.0112,2.043153762817383,8.297587394714355,0.0303,0.1063,-0.0149,-0.1559,-3.3488,298.5000,enc,-0.0005
1786427958.479634,0.0767,1.6870090961456299,7.592311859130859,0.0272,0.1004,-0.0170,-0.1554,-3.3411,297.5625,enc,-0.0002
1786427958.516195,0.0366,1.923060417175293,8.57491397857666,0.0308,0.1131,-0.0181,-0.1552,-3.3369,296.6250,enc,0.0006
1786427958.580866,0.0647,1.6800462007522583,7.191323280334473,0.0260,0.0937,-0.0197,-0.1550,-3.3309,295.6875,enc,0.0007
1786427958.596200,0.0153,0.7495570778846741,2.829921245574951,0.0105,0.0354,-0.0199,-0.1549,-3.3303,295.5000,enc,0.0003
1786427958.725555,0.1294,0.016135044395923615,0.17518047988414764,0.0006,0.0027,-0.0200,-0.1549,-3.3300,295.4375,enc,-0.0002
1786427958.807317,0.0818,0.0,0.0,0.0000,0.0000,-0.0200,-0.1549,-3.3300,295.4375,enc,0.0000
1786427958.823387,0.0161,0.0,0.0,0.0000,0.0000,-0.0200,-0.1549,-3.3300,295.4375,enc,0.0000
1786427958.895563,0.0722,-0.02926645427942276,-0.002695594448596239,-0.0001,0.0005,-0.0200,-0.1549,-3.3299,295.4375,enc,-0.0001
1786427958.942374,0.0468,-0.029321428388357162,-0.00270065781660378,-0.0001,0.0005,-0.0200,-0.1549,-3.3299,295.4375,enc,-0.0001
1786427959.117013,0.1746,0.0,0.0,0.0000,0.0000,-0.0200,-0.1549,-3.3299,295.4375,enc,0.0000
1786427959.224421,0.1074,0.0,0.0,0.0000,0.0000,-0.0200,-0.1549,-3.3299,295.4375,enc,0.0000
1786427959.361864,0.1374,0.0,0.0,0.0000,0.0000,-0.0200,-0.1549,-3.3299,295.4375,enc,0.0000
1786427959.376783,0.0149,0.03200846165418625,0.03200846165418625,0.0002,0.0000,-0.0200,-0.1549,-3.3299,295.4375,enc,0.0000
1786427959.451479,0.0747,0.25627195835113525,2.1565093994140625,0.0071,0.0323,-0.0205,-0.1547,-3.3275,295.3125,enc,-0.0007
1786427959.512440,0.0610,0.8217582106590271,5.451523303985596,0.0184,0.0787,-0.0216,-0.1546,-3.3227,294.6875,enc,0.0006
1786427959.531430,0.0190,2.4128921031951904,8.531875610351562,0.0321,0.1040,-0.0222,-0.1545,-3.3207,293.8750,enc,0.0002
1786427959.675644,0.1442,2.6095025539398193,9.435628890991211,0.0353,0.1160,-0.0272,-0.1536,-3.3040,292.8125,enc,0.0001
1786427959.688509,0.0129,2.2850465774536133,8.423822402954102,0.0314,0.1043,-0.0276,-0.1536,-3.3027,291.8125,enc,0.0003
1786427959.753234,0.0647,2.032675266265869,8.624825477600098,0.0312,0.1121,-0.0296,-0.1533,-3.2954,291.2500,enc,-0.0002
1786427959.788857,0.0356,1.9876456260681152,8.18699836730957,0.0298,0.1054,-0.0307,-0.1531,-3.2917,290.3125,enc,0.0002
1786427959.852018,0.0632,2.1109671592712402,8.413805961608887,0.0309,0.1071,-0.0326,-0.1528,-3.2849,289.5000,enc,0.0001
1786427959.882501,0.0305,2.0383410453796387,8.108804702758789,0.0298,0.1032,-0.0335,-0.1527,-3.2817,288.5625,enc,-0.0012
1786427959.958616,0.0761,1.8709897994995117,8.155000686645508,0.0294,0.1068,-0.0357,-0.1525,-3.2736,287.5625,enc,0.0012
1786427960.006662,0.0480,2.0693202018737793,8.306127548217773,0.0304,0.1060,-0.0372,-0.1523,-3.2685,287.0000,enc,0.0003
1786427960.024839,0.0182,2.0264699459075928,8.266135215759277,0.0302,0.1061,-0.0377,-0.1522,-3.2666,286.1250,enc,0.0003
1786427960.106399,0.0816,2.078026294708252,8.46942138671875,0.0309,0.1086,-0.0402,-0.1520,-3.2577,285.2500,enc,0.0002
1786427960.140807,0.0344,1.8525059223175049,7.811367988586426,0.0283,0.1013,-0.0412,-0.1518,-3.2543,284.3125,enc,-0.0002
1786427960.208782,0.0680,2.0701820850372314,8.437450408935547,0.0308,0.1082,-0.0433,-0.1516,-3.2469,283.4375,enc,0.0000
1786427960.292897,0.0841,2.1383962631225586,8.40917682647705,0.0309,0.1066,-0.0459,-0.1514,-3.2379,282.6875,enc,0.0004
1786427960.393620,0.1007,1.953751564025879,7.647277355194092,0.0282,0.0968,-0.0487,-0.1512,-3.2282,281.9375,enc,0.0002
1786427960.447929,0.0543,1.9343103170394897,8.30606746673584,0.0300,0.1083,-0.0503,-0.1510,-3.2223,281.0000,enc,-0.0002
1786427960.744550,0.2966,2.1566896438598633,8.630218505859375,0.0316,0.1100,-0.0597,-0.1505,-3.1897,280.1250,enc,-0.0002
1786427961.080631,0.3361,2.029900074005127,8.219819068908691,0.0301,0.1052,-0.0698,-0.1505,-3.1543,279.4375,enc,0.0003
1786427961.411246,0.3306,2.092982769012451,8.26822280883789,0.0304,0.1050,-0.0798,-0.1507,-3.1196,278.5625,enc,0.0001
1786427961.450829,0.0396,1.9631620645523071,7.777615547180176,0.0286,0.0988,-0.0809,-0.1508,-3.1157,277.6875,enc,-0.0005
1786427961.553286,0.1025,2.0846340656280518,8.586906433105469,0.0313,0.1105,-0.0841,-0.1508,-3.1044,276.7500,enc,-0.0005
1786427961.740357,0.1871,2.024197816848755,8.500175476074219,0.0309,0.1101,-0.0899,-0.1510,-3.0838,275.8125,enc,-0.0007
1786427961.753030,0.0127,2.0327579975128174,8.500168800354004,0.0309,0.1099,-0.0903,-0.1511,-3.0824,275.0000,enc,0.0005
1786427961.863720,0.1107,1.8876224756240845,7.792453765869141,0.0284,0.1004,-0.0935,-0.1512,-3.0713,274.0000,enc,-0.0013
1786427961.892774,0.0291,1.7630482912063599,8.097062110900879,0.0289,0.1077,-0.0943,-0.1512,-3.0681,273.0625,enc,0.0008
1786427961.972158,0.0794,1.987127661705017,8.639165878295898,0.0312,0.1131,-0.0968,-0.1514,-3.0592,272.0625,enc,-0.0002
1786427962.096962,0.1248,2.0059854984283447,8.526113510131836,0.0309,0.1108,-0.1006,-0.1519,-3.0453,271.2500,enc,0.0005
1786427962.388486,0.2915,1.5400278568267822,6.958031177520752,0.0249,0.0921,-0.1078,-0.1530,-3.0185,270.3750,enc,0.0007
1786427962.456211,0.0677,0.8227139711380005,3.8833024501800537,0.0138,0.0520,-0.1087,-0.1531,-3.0150,269.8750,enc,-0.0001
1786427962.502253,0.0460,0.02737712301313877,0.6127077341079712,0.0019,0.0099,-0.1088,-0.1531,-3.0145,269.7500,enc,-0.0002
1786427962.588334,0.0861,-0.0026710177771747112,-0.02899962104856968,-0.0001,-0.0004,-0.1088,-0.1531,-3.0145,269.7500,enc,0.0001
1786427962.603823,0.0155,0.0,0.0,0.0000,0.0000,-0.1088,-0.1531,-3.0145,269.7500,enc,0.0000
1786427962.880796,0.2770,0.0,0.0,0.0000,0.0000,-0.1088,-0.1531,-3.0145,269.7500,enc,0.0000
1786427962.931590,0.0508,-0.05791007727384567,-0.005333822686225176,-0.0002,0.0009,-0.1088,-0.1531,-3.0145,269.7500,enc,0.0000
1786427962.956948,0.0254,0.0,0.0,0.0000,0.0000,-0.1088,-0.1531,-3.0145,269.7500,enc,0.0000
1786427963.011374,0.0544,0.0,0.0,0.0000,0.0000,-0.1088,-0.1531,-3.0145,269.7500,enc,0.0000
1786427963.130396,0.1190,0.0,0.0,0.0000,0.0000,-0.1088,-0.1531,-3.0145,269.7500,enc,0.0000
1786427963.155892,0.0255,0.0,0.0,0.0000,0.0000,-0.1088,-0.1531,-3.0145,269.7500,enc,0.0000
1786427963.176214,0.0203,0.0,0.0,0.0000,0.0000,-0.1088,-0.1531,-3.0145,269.7500,enc,0.0000
1786427963.227791,0.0516,0.06659850478172302,0.40992528200149536,0.0014,0.0058,-0.1088,-0.1531,-3.0142,269.7500,enc,0.0001
1786427963.257701,0.0299,0.357911616563797,3.5710344314575195,0.0115,0.0546,-0.1092,-0.1531,-3.0126,269.3750,enc,-0.0005
1786427963.310766,0.0531,0.6403779983520508,6.333384037017822,0.0204,0.0968,-0.1103,-0.1533,-3.0074,268.5625,enc,-0.0004
1786427963.375077,0.0643,1.2175287008285522,6.9243340492248535,0.0239,0.0970,-0.1118,-0.1535,-3.0012,267.6875,enc,0.0005
1786427963.468398,0.0933,1.9916964769363403,7.7400007247924805,0.0285,0.0977,-0.1144,-0.1539,-2.9921,267.0625,enc,0.0002
1786427963.487012,0.0186,1.7400095462799072,7.220287799835205,0.0263,0.0932,-0.1149,-0.1540,-2.9903,266.2500,enc,0.0004
1786427963.526317,0.0393,1.3785400390625,6.789674758911133,0.0240,0.0920,-0.1158,-0.1541,-2.9867,265.5000,enc,-0.0015
1786427963.607930,0.0816,1.1034044027328491,6.931276798248291,0.0236,0.0991,-0.1177,-0.1545,-2.9786,264.6875,enc,0.0008
1786427963.632747,0.0248,1.2089871168136597,7.190150737762451,0.0246,0.1017,-0.1183,-0.1545,-2.9761,263.7500,enc,-0.0007
1786427963.678190,0.0454,1.2968755960464478,7.216897010803223,0.0250,0.1006,-0.1194,-0.1547,-2.9715,262.9375,enc,-0.0005
1786427963.746059,0.0679,1.2789061069488525,6.341899394989014,0.0223,0.0861,-0.1209,-0.1550,-2.9657,262.3750,enc,0.0008
1786427963.824305,0.0782,1.2531816959381104,6.820113182067871,0.0237,0.0946,-0.1227,-0.1553,-2.9583,261.5000,enc,-0.0004
1786427963.834429,0.0101,1.3890867233276367,7.191542148590088,0.0252,0.0986,-0.1230,-0.1554,-2.9573,260.6250,enc,-0.0002
1786427963.893905,0.0595,1.2990139722824097,7.228797435760498,0.0250,0.1008,-0.1245,-0.1557,-2.9513,259.8125,enc,0.0001
1786427963.939723,0.0458,1.200408935546875,7.139134407043457,0.0245,0.1009,-0.1256,-0.1559,-2.9467,258.9375,enc,0.0005
1786427963.958101,0.0184,1.1740204095840454,6.439767837524414,0.0223,0.0895,-0.1260,-0.1560,-2.9450,258.3750,enc,0.0008
1786427964.033790,0.0757,1.3667923212051392,6.953483581542969,0.0244,0.0950,-0.1278,-0.1564,-2.9378,257.6250,enc,0.0004
1786427964.063922,0.0301,1.3184775114059448,7.062584400177002,0.0246,0.0976,-0.1285,-0.1566,-2.9349,256.7500,enc,0.0002
1786427964.100748,0.0368,1.3014087677001953,6.564833164215088,0.0231,0.0895,-0.1293,-0.1567,-2.9316,255.8750,enc,-0.0002
1786427964.152247,0.0515,1.1941410303115845,7.286689281463623,0.0249,0.1036,-0.1306,-0.1570,-2.9263,255.0000,enc,0.0001
1786427964.205275,0.0530,1.29544198513031,7.208919525146484,0.0249,0.1005,-0.1319,-0.1573,-2.9209,254.3750,enc,-0.0003
1786427964.314100,0.1088,1.2707220315933228,6.792444705963135,0.0236,0.0939,-0.1343,-0.1579,-2.9107,253.6250,enc,0.0005
1786427964.418198,0.1041,1.3014100790023804,6.941744804382324,0.0242,0.0959,-0.1368,-0.1586,-2.9007,252.8125,enc,0.0004
1786427964.501672,0.0835,1.2497453689575195,6.943587303161621,0.0240,0.0968,-0.1388,-0.1590,-2.8927,252.0000,enc,-0.0013
1786427964.624768,0.1231,1.153035283088684,6.883004665374756,0.0236,0.0974,-0.1415,-0.1598,-2.8807,251.1250,enc,0.0010
1786427964.709866,0.0851,1.4123337268829346,7.209852695465088,0.0253,0.0985,-0.1436,-0.1604,-2.8723,250.4375,enc,-0.0004
1786427964.856301,0.1464,1.2647953033447266,6.854349613189697,0.0238,0.0950,-0.1469,-0.1615,-2.8584,249.7500,enc,0.0009
1786427964.923570,0.0673,1.0042845010757446,6.8469085693359375,0.0230,0.0993,-0.1484,-0.1619,-2.8517,249.0000,enc,-0.0004
1786427965.024449,0.1009,0.7709145545959473,6.487188339233398,0.0213,0.0972,-0.1505,-0.1625,-2.8419,248.1250,enc,-0.0006
1786427965.226348,0.2019,1.2613469362258911,6.777145862579346,0.0236,0.0938,-0.1551,-0.1637,-2.8230,247.3125,enc,-0.0011
1786427965.260525,0.0342,0.9607008099555969,3.806950330734253,0.0140,0.0484,-0.1555,-0.1639,-2.8213,246.7500,enc,0.0003
1786427965.340860,0.0803,0.25266891717910767,0.8611447215080261,0.0033,0.0103,-0.1558,-0.1640,-2.8205,246.5625,enc,0.0003
1786427965.431550,0.0907,0.002692405367270112,0.029231829568743706,0.0001,0.0005,-0.1558,-0.1640,-2.8204,246.5625,enc,-0.0001
1786427965.595337,0.1638,0.0,0.0,0.0000,0.0000,-0.1558,-0.1640,-2.8204,246.5625,enc,0.0000
1786427965.665177,0.0698,0.0,0.0,0.0000,0.0000,-0.1558,-0.1640,-2.8204,246.5625,enc,0.0000
1786427965.865853,0.2007,-0.058400895446538925,-0.0053790295496582985,-0.0002,0.0009,-0.1557,-0.1640,-2.8203,246.5625,enc,0.0000
1786427965.925815,0.0600,0.0,0.0,0.0000,0.0000,-0.1557,-0.1640,-2.8203,246.5625,enc,0.0000
1786427966.006830,0.0810,0.0,0.0,0.0000,0.0000,-0.1557,-0.1640,-2.8203,246.5625,enc,0.0000
1786427966.057433,0.0506,0.0,0.0,0.0000,0.0000,-0.1557,-0.1640,-2.8203,246.6250,enc,0.0000
1786427966.269626,0.2122,0.0,0.0,0.0000,0.0000,-0.1557,-0.1640,-2.8203,246.6250,enc,0.0000
1786427966.312329,0.0427,0.0,0.0,0.0000,0.0000,-0.1557,-0.1640,-2.8203,246.6250,enc,0.0000
1786427966.363938,0.0516,0.1075897291302681,0.8526197075843811,0.0028,0.0127,-0.1559,-0.1640,-2.8196,246.6250,enc,0.0002
1786427966.588746,0.2248,0.384790301322937,4.177723407745361,0.0134,0.0645,-0.1587,-0.1652,-2.8051,246.1875,enc,0.0006
1786427966.666611,0.0779,0.7124729156494141,6.1600022315979,0.0202,0.0926,-0.1601,-0.1657,-2.7979,245.5000,enc,0.0001
1786427966.693780,0.0272,1.560489296913147,8.107138633728027,0.0283,0.1113,-0.1609,-0.1659,-2.7949,244.6875,enc,-0.0006
1786427966.759664,0.0659,1.997594952583313,8.436945915222168,0.0306,0.1095,-0.1628,-0.1666,-2.7877,243.8750,enc,0.0000
1786427966.926344,0.1667,1.614974021911621,7.440677642822266,0.0266,0.0990,-0.1669,-0.1683,-2.7712,242.8750,enc,0.0003
1786427966.989088,0.0627,1.5519018173217773,8.016680717468262,0.0281,0.1099,-0.1685,-0.1689,-2.7643,242.0625,enc,-0.0003
1786427967.069198,0.0801,1.4278203248977661,7.621848106384277,0.0265,0.1053,-0.1705,-0.1698,-2.7558,241.3125,enc,0.0007
1786427967.297257,0.2281,1.2479511499404907,7.264158725738525,0.0250,0.1023,-0.1757,-0.1719,-2.7325,240.4375,enc,-0.0007
1786427967.320393,0.0231,1.2476298809051514,7.302640914916992,0.0251,0.1029,-0.1763,-0.1721,-2.7301,239.5625,enc,0.0007
1786427967.382224,0.0618,1.3205736875534058,7.789669513702393,0.0267,0.1100,-0.1778,-0.1728,-2.7233,238.6875,enc,0.0000
1786427967.589682,0.2075,1.4100816249847412,7.826333999633789,0.0271,0.1091,-0.1829,-0.1752,-2.7007,237.7500,enc,-0.0002
1786427967.615237,0.0256,1.3786299228668213,7.7114577293396,0.0267,0.1076,-0.1835,-0.1755,-2.6980,236.9375,enc,0.0006
1786427967.693047,0.0778,1.2079579830169678,6.869903087615967,0.0237,0.0962,-0.1851,-0.1763,-2.6905,236.1250,enc,-0.0001
1786427967.872751,0.1797,1.2082688808441162,7.778303146362305,0.0264,0.1117,-0.1894,-0.1783,-2.6704,235.1875,enc,-0.0006
1786427967.909923,0.0372,1.3630648851394653,7.856715202331543,0.0270,0.1104,-0.1903,-0.1788,-2.6663,234.2500,enc,-0.0004
1786427968.004149,0.0942,1.096644401550293,7.853696346282959,0.0262,0.1149,-0.1925,-0.1799,-2.6555,233.3125,enc,-0.0006
1786427968.147736,0.1436,1.1953389644622803,7.016720294952393,0.0241,0.0990,-0.1956,-0.1815,-2.6413,232.4375,enc,-0.0004
1786427968.216442,0.0687,1.4623372554779053,7.697361946105957,0.0269,0.1060,-0.1972,-0.1825,-2.6340,231.5625,enc,0.0012
1786427968.314788,0.0983,1.1225751638412476,7.772445201873779,0.0261,0.1130,-0.1993,-0.1838,-2.6229,230.6875,enc,0.0009
1786427968.525515,0.2107,1.122504711151123,7.1377410888671875,0.0242,0.1022,-0.2038,-0.1863,-2.6013,229.6250,enc,-0.0006
1786427968.553140,0.0276,1.2617137432098389,8.019903182983398,0.0272,0.1149,-0.2045,-0.1867,-2.5981,228.6875,enc,-0.0024
1786427968.622187,0.0690,1.4081038236618042,7.715066909790039,0.0268,0.1072,-0.2061,-0.1876,-2.5907,228.0000,enc,-0.0007
1786427968.820764,0.1986,1.5644077062606812,6.887096405029297,0.0248,0.0905,-0.2101,-0.1904,-2.5728,227.0000,enc,0.0008
1786427968.850598,0.0298,1.2371543645858765,7.754478931427002,0.0264,0.1108,-0.2108,-0.1908,-2.5695,226.1875,enc,0.0008
1786427968.933542,0.0829,1.013684868812561,7.851141929626465,0.0260,0.1162,-0.2125,-0.1921,-2.5598,225.2500,enc,0.0010
1786427969.152073,0.2185,1.2278465032577515,7.720613479614258,0.0262,0.1104,-0.2172,-0.1954,-2.5357,224.1875,enc,0.0005
1786427969.172704,0.0206,1.5476216077804565,7.0435638427734375,0.0252,0.0934,-0.2176,-0.1957,-2.5338,223.4375,enc,-0.0008
1786427969.244361,0.0717,1.4876189231872559,7.633590221405029,0.0267,0.1045,-0.2192,-0.1967,-2.5263,222.6250,enc,-0.0012
1786427969.499373,0.2550,1.2610182762145996,7.447829723358154,0.0255,0.1052,-0.2245,-0.2006,-2.4995,221.7500,enc,-0.0001
1786427969.547933,0.0486,0.5730026960372925,4.335925102233887,0.0144,0.0640,-0.2250,-0.2010,-2.4964,221.0625,enc,-0.0004
1786427969.576835,0.0289,0.21631881594657898,1.0911997556686401,0.0038,0.0149,-0.2251,-0.2011,-2.4959,220.8750,enc,0.0003
1786427969.815603,0.2388,-0.008017216809093952,-0.08704407513141632,-0.0003,-0.0013,-0.2250,-0.2011,-2.4963,220.8750,enc,0.0003
1786427969.857440,0.0418,0.0,0.0,0.0000,0.0000,-0.2250,-0.2011,-2.4963,220.8750,enc,0.0000
1786427969.887980,0.0305,0.0,0.0,0.0000,0.0000,-0.2250,-0.2011,-2.4963,220.8750,enc,0.0000
1786427969.982740,0.0948,-0.05860191583633423,-0.0053975447081029415,-0.0002,0.0009,-0.2250,-0.2011,-2.4962,220.8750,enc,0.0000
1786427970.176999,0.1943,0.0,0.0,0.0000,0.0000,-0.2250,-0.2011,-2.4962,220.8750,enc,0.0000
1786427970.221767,0.0448,0.0,0.0,0.0000,0.0000,-0.2250,-0.2011,-2.4962,220.8750,enc,0.0000
1786427970.294276,0.0725,0.0,0.0,0.0000,0.0000,-0.2250,-0.2011,-2.4962,220.8750,enc,0.0000
1786427970.489546,0.1953,0.0,0.0,0.0000,0.0000,-0.2250,-0.2011,-2.4962,220.8750,enc,0.0000
1786427970.533538,0.0440,0.0,0.0,0.0000,0.0000,-0.2250,-0.2011,-2.4962,220.8750,enc,0.0000
1786427970.606598,0.0731,0.08686470985412598,0.6341123580932617,0.0021,0.0093,-0.2251,-0.2012,-2.4955,220.8750,enc,-0.0001
1786427970.802300,0.1957,0.4388295114040375,3.8179709911346436,0.0125,0.0574,-0.2271,-0.2026,-2.4843,220.4375,enc,-0.0003
1786427970.865048,0.0627,1.7930338382720947,7.484335899353027,0.0272,0.0967,-0.2284,-0.2037,-2.4782,219.6875,enc,0.0004
1786427970.917977,0.0529,2.5958194732666016,8.853680610656738,0.0336,0.1064,-0.2298,-0.2049,-2.4726,218.8750,enc,0.0009
1786427971.143587,0.2256,2.5060434341430664,8.598042488098145,0.0326,0.1036,-0.2356,-0.2093,-2.4492,218.0000,enc,-0.0012
1786427971.166745,0.0232,2.016139507293701,8.430676460266113,0.0306,0.1090,-0.2361,-0.2098,-2.4467,217.0625,enc,0.0010
1786427971.263382,0.0966,2.0546512603759766,8.580114364624023,0.0312,0.1109,-0.2385,-0.2117,-2.4360,216.0000,enc,-0.0002
1786427971.316767,0.0534,2.0929553508758545,8.530267715454102,0.0311,0.1094,-0.2397,-0.2128,-2.4301,215.3125,enc,0.0002
1786427971.502615,0.1858,1.9089549779891968,7.508889675140381,0.0276,0.0952,-0.2435,-0.2163,-2.4124,214.6250,enc,0.0007
1786427971.548896,0.0463,2.0228159427642822,8.440634727478027,0.0307,0.1091,-0.2445,-0.2173,-2.4074,213.6875,enc,-0.0002
1786427971.627827,0.0789,2.0941579341888428,8.589889526367188,0.0313,0.1104,-0.2463,-0.2190,-2.3987,212.7500,enc,-0.0001
1786427971.818401,0.1906,2.032865524291992,8.554479598999023,0.0310,0.1109,-0.2506,-0.2230,-2.3775,211.9375,enc,-0.0002
1786427971.903349,0.0849,1.9136773347854614,7.527465343475342,0.0277,0.0954,-0.2523,-0.2247,-2.3694,211.1875,enc,0.0007
1786427971.939554,0.0362,2.0108559131622314,8.300743103027344,0.0302,0.1069,-0.2530,-0.2255,-2.3656,210.3125,enc,0.0008
1786427972.188295,0.2487,2.0983669757843018,8.5889253616333,0.0313,0.1103,-0.2585,-0.2310,-2.3381,209.4375,enc,-0.0004
1786427972.213269,0.0250,1.909671425819397,7.847285747528076,0.0286,0.1009,-0.2590,-0.2316,-2.3356,208.5000,enc,-0.0002
1786427972.255857,0.0426,2.0261738300323486,8.561873435974121,0.0310,0.1111,-0.2599,-0.2325,-2.3309,207.6250,enc,-0.0006
1786427972.520904,0.2650,2.079106569290161,8.382338523864746,0.0307,0.1071,-0.2653,-0.2386,-2.3025,206.8750,enc,0.0005
1786427972.556385,0.0355,2.087144374847412,8.318854331970215,0.0305,0.1059,-0.2660,-0.2394,-2.2987,206.0625,enc,0.0001
1786427972.603604,0.0472,1.8831048011779785,7.611615180969238,0.0278,0.0974,-0.2669,-0.2404,-2.2941,205.1250,enc,-0.0001
1786427972.687042,0.0834,2.0049145221710205,8.521560668945312,0.0309,0.1108,-0.2686,-0.2423,-2.2849,204.3750,enc,-0.0007
1786427972.904451,0.2174,2.0941615104675293,8.365190505981445,0.0307,0.1066,-0.2727,-0.2476,-2.2617,203.5625,enc,0.0007
1786427972.945330,0.0409,2.1243090629577637,8.353779792785645,0.0307,0.1059,-0.2735,-0.2486,-2.2574,202.6875,enc,0.0004
1786427973.013250,0.0679,1.9276598691940308,7.712947368621826,0.0283,0.0983,-0.2747,-0.2500,-2.2507,201.8125,enc,-0.0006
1786427973.200873,0.1876,2.066498041152954,8.557461738586426,0.0312,0.1103,-0.2785,-0.2545,-2.2300,200.9375,enc,-0.0011
1786427973.252126,0.0513,1.9443470239639282,8.542377471923828,0.0307,0.1122,-0.2795,-0.2558,-2.2242,199.9375,enc,-0.0001
1786427973.340903,0.0888,2.104743242263794,8.034014701843262,0.0297,0.1008,-0.2811,-0.2578,-2.2153,199.1250,enc,-0.0007
1786427973.523739,0.1828,1.809640884399414,7.979764461517334,0.0287,0.1049,-0.2840,-0.2622,-2.1961,198.2500,enc,0.0009
1786427973.552691,0.0290,2.068713903427124,8.584757804870605,0.0312,0.1108,-0.2846,-0.2629,-2.1929,197.2500,enc,-0.0001
1786427973.626915,0.0742,1.9841116666793823,8.608484268188477,0.0311,0.1126,-0.2859,-0.2648,-2.1845,196.2500,enc,0.0001
1786427973.713097,0.0862,1.6398214101791382,7.088558673858643,0.0256,0.0926,-0.2871,-0.2666,-2.1766,195.4375,enc,0.0003
1786427973.839621,0.1265,0.7301139831542969,3.865556478500366,0.0135,0.0533,-0.2880,-0.2681,-2.1698,194.9375,enc,0.0010
1786427973.933514,0.0939,0.10720633715391159,0.5329465866088867,0.0019,0.0072,-0.2880,-0.2683,-2.1691,194.8125,enc,0.0004
1786427974.052201,0.1187,0.0,0.0,0.0000,0.0000,-0.2880,-0.2683,-2.1691,194.8125,enc,0.0000
1786427974.191267,0.1391,0.0,0.0,0.0000,0.0000,-0.2880,-0.2683,-2.1691,194.8125,enc,0.0000
1786427974.267852,0.0766,0.0,0.0,0.0000,0.0000,-0.2880,-0.2683,-2.1691,194.8125,enc,0.0000
1786427974.332201,0.0643,-0.058597173541784286,-0.005397108383476734,-0.0002,0.0009,-0.2880,-0.2683,-2.1691,194.8125,enc,0.0002
1786427974.545213,0.2130,0.0,0.0,0.0000,0.0000,-0.2880,-0.2683,-2.1691,194.8125,enc,0.0000
1786427974.632865,0.0877,0.0,0.0,0.0000,0.0000,-0.2880,-0.2683,-2.1691,194.8125,enc,0.0000
1786427974.671035,0.0382,0.0,0.0,0.0000,0.0000,-0.2880,-0.2683,-2.1691,194.8125,enc,0.0000
1786427974.736668,0.0656,0.0,0.0,0.0000,0.0000,-0.2880,-0.2683,-2.1691,194.8125,enc,0.0000
1786427974.918353,0.1817,0.0,0.0,0.0000,0.0000,-0.2880,-0.2683,-2.1691,194.8125,enc,0.0000
1786427974.988292,0.0699,0.0,0.0,0.0000,0.0000,-0.2880,-0.2683,-2.1691,194.8125,enc,0.0000
1786427975.044994,0.0567,0.0899089053273201,0.3527781665325165,0.0013,0.0045,-0.2881,-0.2684,-2.1688,194.8125,enc,0.0002
1786427975.166394,0.1214,0.5836266875267029,3.5036838054656982,0.0120,0.0496,-0.2890,-0.2695,-2.1628,194.5625,enc,-0.0011
1786427975.294969,0.1286,1.5634113550186157,6.917423248291016,0.0249,0.0910,-0.2908,-0.2721,-2.1511,193.8750,enc,-0.0006
1786427975.355587,0.0606,2.4424335956573486,9.027612686157227,0.0336,0.1119,-0.2919,-0.2738,-2.1443,192.9375,enc,-0.0006
1786427975.472283,0.1167,2.4143736362457275,9.287407875061035,0.0343,0.1168,-0.2941,-0.2772,-2.1307,191.9375,enc,0.0000
1786427975.568895,0.0966,2.2554831504821777,8.477438926696777,0.0315,0.1058,-0.2957,-0.2798,-2.1205,191.1875,enc,-0.0005
1786427975.666183,0.0973,1.8867521286010742,7.9957990646362305,0.0290,0.1038,-0.2970,-0.2823,-2.1104,190.2500,enc,0.0019
1786427975.785682,0.1195,2.0590157508850098,8.472084999084473,0.0309,0.1090,-0.2989,-0.2854,-2.0973,189.4375,enc,-0.0007
1786427975.879396,0.0937,1.959351658821106,8.413596153259277,0.0304,0.1097,-0.3003,-0.2879,-2.0871,188.5625,enc,-0.0006
1786427975.977349,0.0980,2.073462963104248,8.468928337097168,0.0309,0.1087,-0.3018,-0.2905,-2.0764,187.6250,enc,0.0001
1786427976.094297,0.1169,1.8556476831436157,7.542757034301758,0.0276,0.0967,-0.3033,-0.2934,-2.0651,186.9375,enc,0.0006
1786427976.184166,0.0899,2.0794191360473633,8.383597373962402,0.0307,0.1072,-0.3046,-0.2958,-2.0555,186.1250,enc,-0.0003
1786427976.287167,0.1030,2.01521897315979,8.636652946472168,0.0312,0.1126,-0.3061,-0.2987,-2.0439,185.1250,enc,-0.0001
1786427976.406933,0.1198,1.9138152599334717,7.882473945617676,0.0287,0.1015,-0.3076,-0.3018,-2.0317,184.1250,enc,-0.0003
1786427976.496335,0.0894,2.1097793579101562,8.482808113098145,0.0311,0.1083,-0.3088,-0.3043,-2.0220,183.4375,enc,0.0003
1786427976.597592,0.1013,2.1274333000183105,8.272623062133789,0.0305,0.1045,-0.3101,-0.3071,-2.0115,182.6875,enc,0.0001
1786427976.717135,0.1195,1.9995077848434448,8.378835678100586,0.0304,0.1084,-0.3116,-0.3104,-1.9985,181.6875,enc,0.0000
1786427976.806200,0.0891,1.8186399936676025,7.7536163330078125,0.0281,0.1009,-0.3126,-0.3127,-1.9895,180.8125,enc,-0.0001
1786427976.910152,0.1040,2.042912721633911,8.531094551086426,0.0310,0.1103,-0.3139,-0.3156,-1.9781,179.8125,enc,-0.0002
1786427977.028263,0.1181,2.046001434326172,8.364059448242188,0.0305,0.1074,-0.3153,-0.3190,-1.9654,179.3125,enc,0.0006
1786427977.118785,0.0905,2.081305742263794,8.2405366897583,0.0303,0.1047,-0.3163,-0.3215,-1.9559,178.5625,enc,-0.0002
1786427977.248521,0.1297,2.0326035022735596,7.71626615524292,0.0286,0.0966,-0.3177,-0.3250,-1.9434,177.6250,enc,0.0000
1786427977.342447,0.0939,2.0082826614379883,8.571496963500977,0.0310,0.1116,-0.3187,-0.3277,-1.9329,176.6250,enc,-0.0005
1786427977.429871,0.0874,2.035695791244507,8.376131057739258,0.0305,0.1078,-0.3197,-0.3302,-1.9235,175.8750,enc,-0.0003
1786427977.558727,0.1289,2.1556949615478516,8.384108543395996,0.0309,0.1059,-0.3210,-0.3339,-1.9098,175.0000,enc,0.0004
1786427977.647994,0.0893,1.9358574151992798,7.5399980545043945,0.0278,0.0953,-0.3218,-0.3363,-1.9013,174.1250,enc,-0.0002
1786427977.743719,0.0957,1.9264991283416748,8.607523918151855,0.0309,0.1136,-0.3228,-0.3391,-1.8904,173.1875,enc,-0.0007
1786427977.867014,0.1233,1.9995263814926147,8.604485511779785,0.0311,0.1123,-0.3240,-0.3427,-1.8766,172.1250,enc,-0.0005
1786427977.958247,0.0912,1.6905075311660767,6.988923072814941,0.0254,0.0901,-0.3246,-0.3449,-1.8684,171.3750,enc,0.0005
1786427978.051480,0.0932,0.6135302186012268,2.557147741317749,0.0093,0.0330,-0.3248,-0.3458,-1.8653,171.0625,enc,0.0008
1786427978.174363,0.1229,0.013387003913521767,0.14534461498260498,0.0005,0.0022,-0.3247,-0.3459,-1.8650,171.0625,enc,0.0007
1786427978.270303,0.0959,0.0,0.0,0.0000,0.0000,-0.3247,-0.3459,-1.8650,171.0625,enc,0.0000
1786427978.363929,0.0936,0.0,0.0,0.0000,0.0000,-0.3247,-0.3459,-1.8650,171.0625,enc,0.0000
1786427978.490041,0.1261,-0.029115663841366768,-0.002681705867871642,-0.0001,0.0004,-0.3247,-0.3458,-1.8650,171.0625,enc,-0.0001
1786427978.578555,0.0885,0.0,0.0,0.0000,0.0000,-0.3247,-0.3458,-1.8650,171.0625,enc,0.0000
1786427978.673253,0.0947,0.0,0.0,0.0000,0.0000,-0.3247,-0.3458,-1.8650,171.0625,enc,0.0000
1786427978.895599,0.2223,0.0,0.0,0.0000,0.0000,-0.3247,-0.3458,-1.8650,171.0625,enc,0.0000
1786427978.972148,0.0765,0.0,0.0,0.0000,0.0000,-0.3247,-0.3458,-1.8650,171.0625,enc,0.0000
1786427979.029867,0.0577,0.0,0.0,0.0000,0.0000,-0.3247,-0.3458,-1.8650,171.0625,enc,0.0000
1786427979.126962,0.0971,0.0,0.0,0.0000,0.0000,-0.3247,-0.3458,-1.8650,171.0625,enc,0.0000
1786427979.202615,0.0757,0.04565706476569176,0.4957052767276764,0.0016,0.0076,-0.3248,-0.3460,-1.8644,171.0625,enc,0.0001
1786427979.297872,0.0953,0.49392229318618774,4.13711404800415,0.0136,0.0619,-0.3252,-0.3472,-1.8585,170.6250,enc,-0.0003
1786427979.417716,0.1198,1.6543397903442383,6.921548366546631,0.0251,0.0895,-0.3260,-0.3501,-1.8478,169.7500,enc,-0.0004
1786427979.505863,0.0881,2.4848239421844482,9.079164505004883,0.0339,0.1121,-0.3268,-0.3530,-1.8379,168.8125,enc,-0.0003
1786427979.607963,0.1021,2.3953664302825928,9.286478996276855,0.0343,0.1171,-0.3277,-0.3563,-1.8259,167.7500,enc,0.0001
1786427979.740669,0.1327,2.089223861694336,7.974776268005371,0.0295,0.1000,-0.3285,-0.3602,-1.8126,166.9375,enc,0.0014
1786427979.917589,0.1769,1.9803025722503662,8.38163948059082,0.0304,0.1088,-0.3294,-0.3655,-1.7934,166.1250,enc,0.0012
1786427980.019197,0.1016,2.0029218196868896,8.357622146606445,0.0304,0.1080,-0.3301,-0.3685,-1.7824,165.1875,enc,-0.0004
1786427980.085969,0.0668,1.989469289779663,8.438199996948242,0.0306,0.1096,-0.3306,-0.3705,-1.7751,164.2500,enc,-0.0009
1786427980.281137,0.1952,2.037796974182129,8.384777069091797,0.0306,0.1079,-0.3318,-0.3763,-1.7540,163.3125,enc,-0.0007
1786427980.376603,0.0955,1.863479733467102,7.611265659332275,0.0278,0.0977,-0.3322,-0.3789,-1.7447,162.5625,enc,0.0006
1786427980.484442,0.1078,2.0441386699676514,8.3564453125,0.0305,0.1073,-0.3327,-0.3822,-1.7331,161.6875,enc,0.0004
1786427980.710739,0.2263,2.043100357055664,8.460569381713867,0.0308,0.1091,-0.3338,-0.3891,-1.7085,160.7500,enc,-0.0004
1786427980.832488,0.1217,2.0742387771606445,8.661911010742188,0.0315,0.1120,-0.3343,-0.3929,-1.6948,159.8125,enc,-0.0006
1786427980.907530,0.0750,1.9367990493774414,7.654822826385498,0.0281,0.0972,-0.3345,-0.3950,-1.6875,159.0000,enc,0.0004
1786427980.969040,0.0615,1.9923757314682007,8.379085540771484,0.0304,0.1086,-0.3347,-0.3968,-1.6809,158.1250,enc,0.0002
1786427981.108592,0.1396,1.986824631690979,8.4092435836792,0.0305,0.1092,-0.3352,-0.4011,-1.6656,157.2500,enc,-0.0003
1786427981.193539,0.0849,2.0957818031311035,8.241994857788086,0.0303,0.1045,-0.3355,-0.4036,-1.6567,156.3125,enc,-0.0016
1786427981.222369,0.0288,1.9224659204483032,8.254342079162598,0.0298,0.1076,-0.3355,-0.4045,-1.6536,155.4375,enc,0.0015
1786427981.512632,0.2903,2.078972578048706,8.418532371520996,0.0308,0.1078,-0.3358,-0.4134,-1.6224,154.7500,enc,0.0007
1786427981.623214,0.1106,2.1159768104553223,8.470843315124512,0.0310,0.1080,-0.3359,-0.4168,-1.6104,154.1250,enc,0.0003
1786427981.673899,0.0507,1.8898245096206665,7.711629390716553,0.0282,0.0990,-0.3360,-0.4183,-1.6054,153.1875,enc,-0.0003
1786427981.871816,0.1979,2.0718095302581787,8.651765823364258,0.0314,0.1118,-0.3362,-0.4245,-1.5833,152.1875,enc,-0.0006
1786427981.902323,0.0305,2.0869667530059814,8.487587928771973,0.0310,0.1088,-0.3362,-0.4254,-1.5799,151.5000,enc,-0.0001
1786427981.924752,0.0224,2.1117851734161377,8.249017715454102,0.0304,0.1043,-0.3362,-0.4261,-1.5776,150.6250,enc,0.0005
1786427982.320249,0.3955,1.9278733730316162,7.713801383972168,0.0283,0.0983,-0.3360,-0.4373,-1.5387,149.6875,enc,-0.0006
1786427982.376585,0.0563,2.063904285430908,8.528594017028809,0.0311,0.1099,-0.3360,-0.4391,-1.5325,148.7500,enc,-0.0010
1786427982.514741,0.1382,1.9330190420150757,8.492608070373535,0.0306,0.1115,-0.3359,-0.4433,-1.5171,147.8125,enc,-0.0007
1786427982.767390,0.2526,2.1722261905670166,8.263554573059082,0.0306,0.1035,-0.3351,-0.4510,-1.4910,146.9375,enc,0.0007
1786427983.047467,0.2801,1.7673293352127075,7.514716625213623,0.0272,0.0977,-0.3343,-0.4585,-1.4636,146.0625,enc,0.0000
1786427983.085106,0.0376,1.450534701347351,6.290018081665039,0.0227,0.0823,-0.3342,-0.4594,-1.4605,145.3750,enc,-0.0006
1786427983.385982,0.3009,0.472886860370636,2.30330491065979,0.0081,0.0311,-0.3340,-0.4618,-1.4511,145.0000,enc,-0.0003
1786427983.415737,0.0298,0.002700282959267497,0.029317358508706093,0.0001,0.0005,-0.3340,-0.4618,-1.4511,144.9375,enc,0.0003
1786427983.456640,0.0409,0.0,0.0,0.0000,0.0000,-0.3340,-0.4618,-1.4511,144.9375,enc,0.0000
1786427983.502712,0.0461,0.0,0.0,0.0000,0.0000,-0.3340,-0.4618,-1.4511,145.0000,enc,0.0000
1786427983.699997,0.1973,-0.02925368770956993,-0.002694418653845787,-0.0001,0.0005,-0.3340,-0.4618,-1.4510,145.0000,enc,-0.0001
1786427983.735112,0.0351,0.0,0.0,0.0000,0.0000,-0.3340,-0.4618,-1.4510,145.0000,enc,0.0000
1786427984.050981,0.3159,0.0,0.0,0.0000,0.0000,-0.3340,-0.4618,-1.4510,145.0000,enc,0.0000
1786427984.126300,0.0753,0.0,0.0,0.0000,0.0000,-0.3340,-0.4618,-1.4510,145.0000,enc,0.0000
1786427984.246270,0.1200,0.0,0.0,0.0000,0.0000,-0.3340,-0.4618,-1.4510,145.0000,enc,0.0000
1786427984.661862,0.4156,0.0,0.0,0.0000,0.0000,-0.3340,-0.4618,-1.4510,145.0000,enc,0.0000
1786427984.727256,0.0654,0.0,0.0,0.0000,0.0000,-0.3340,-0.4618,-1.4510,145.0000,enc,0.0000
1786427984.935807,0.2086,0.0,0.0,0.0000,0.0000,-0.3340,-0.4618,-1.4510,145.0000,enc,0.0000
1786427984.970723,0.0349,0.0,0.0,0.0000,0.0000,-0.3340,-0.4618,-1.4510,145.0000,enc,0.0000
1786427985.042282,0.0716,0.0,0.0,0.0000,0.0000,-0.3340,-0.4618,-1.4510,145.0000,enc,0.0000
1786427985.098517,0.0562,0.06978625804185867,0.44223666191101074,0.0015,0.0063,-0.3340,-0.4619,-1.4507,144.9375,enc,0.0000
1786427985.355041,0.2565,0.38304275274276733,3.8453662395477295,0.0124,0.0589,-0.3336,-0.4651,-1.4356,144.5625,enc,-0.0001
1786427985.449478,0.0944,1.5143626928329468,7.386716365814209,0.0261,0.0998,-0.3333,-0.4675,-1.4262,143.7500,enc,-0.0005
1786427985.802900,0.3534,2.409980297088623,8.18352222442627,0.0311,0.0981,-0.3311,-0.4783,-1.3915,142.9375,enc,0.0007
1786427986.067404,0.2645,2.5171597003936768,8.894269943237305,0.0335,0.1084,-0.3291,-0.4869,-1.3628,141.9375,enc,0.0007
1786427986.110238,0.0428,2.1817474365234375,8.86002254486084,0.0324,0.1135,-0.3288,-0.4882,-1.3579,141.0000,enc,0.0005
1786427986.157638,0.0474,1.9698572158813477,8.40749454498291,0.0304,0.1094,-0.3285,-0.4896,-1.3527,140.0000,enc,0.0003
