t,dt,left_rpm,right_rpm,v,w,x,y,theta,imu_heading_deg,theta_src
1785930456.053264,0.0000,-0.0,-0.0,-0.0000,0.0000,0.0000,0.0000,0.0000,71.0000,enc
1785930456.162390,0.1091,-0.0,-0.0,-0.0000,0.0000,0.0000,0.0000,0.0000,71.0000,imu
1785930456.296942,0.1346,-0.0,-0.0,-0.0000,0.0000,0.0000,0.0000,0.0000,71.0000,imu
1785930456.360588,0.0636,-0.0,-0.0,-0.0000,0.0000,0.0000,0.0000,0.0000,71.0000,imu
1785930456.456361,0.0958,-0.0,-0.0,-0.0000,0.0000,0.0000,0.0000,0.0000,71.0000,imu
1785930456.569853,0.1135,-0.0,-0.0,-0.0000,0.0000,0.0000,0.0000,0.0000,71.0000,imu
1785930456.661844,0.0920,-0.0,-0.0,-0.0000,0.0000,0.0000,0.0000,0.0000,71.0000,imu
1785930456.916636,0.2548,-0.0,-0.0,-0.0000,0.0000,0.0000,0.0000,0.0000,71.0000,imu
1785930456.977504,0.0609,-0.0,-0.0,-0.0000,0.0000,0.0000,0.0000,0.0000,71.0000,imu
1785930457.065852,0.0883,-0.0,-0.0,-0.0000,0.0000,0.0000,0.0000,0.0000,71.0000,imu
1785930457.126721,0.0609,-0.0,-0.0,-0.0000,0.0000,0.0000,0.0000,0.0000,71.0000,imu
1785930457.178330,0.0516,-0.0,-0.0,-0.0000,0.0000,0.0000,0.0000,0.0000,71.0000,imu
1785930457.292077,0.1137,-0.0,-0.0,-0.0000,0.0000,0.0000,0.0000,0.0000,71.0000,imu
1785930457.343937,0.0519,-0.0,-0.0,-0.0000,0.0000,0.0000,0.0000,0.0000,71.0000,imu
1785930457.474111,0.1302,-0.0,-0.0,-0.0000,0.0000,0.0000,0.0000,0.0000,71.0000,imu
1785930457.594330,0.1202,-0.0,-0.0,-0.0000,0.0000,0.0000,0.0000,0.0000,71.0000,imu
1785930457.638600,0.0443,-0.0,-0.0,-0.0000,0.0000,0.0000,0.0000,0.0000,71.0000,imu
1785930457.743188,0.1046,-0.0,-0.0,-0.0000,0.0000,0.0000,0.0000,0.0000,71.0000,imu
1785930457.848987,0.1058,-0.0,-0.0,-0.0000,0.0000,0.0000,0.0000,0.0000,71.0000,imu
1785930457.957421,0.1084,-0.0,-0.0,-0.0000,0.0000,0.0000,0.0000,0.0000,71.0000,imu
1785930458.089731,0.1323,-0.0,-0.0,-0.0000,0.0000,0.0000,0.0000,0.0000,71.0000,imu
1785930458.162904,0.0732,-0.0,-0.0,-0.0000,0.0000,0.0000,0.0000,0.0000,71.0000,imu
1785930458.304518,0.1416,-0.0,-0.0,-0.0000,0.0000,0.0000,0.0000,0.0000,71.0000,imu
1785930458.452033,0.1475,-0.0,-0.0,-0.0000,0.0000,0.0000,0.0000,0.0000,71.0000,imu
1785930458.507285,0.0553,-0.0,-0.0,-0.0000,0.0000,0.0000,0.0000,0.0000,71.0000,imu
1785930458.560682,0.0534,-0.0,-0.0,-0.0000,0.0000,0.0000,0.0000,0.0000,71.0000,imu
1785930458.930345,0.3697,26.62993621826172,24.793386459350586,0.1508,-0.0312,0.0557,0.0001,0.0022,70.8750,imu
1785930458.930403,0.0001,36.0107307434082,33.8500862121582,0.2048,-0.0367,0.0557,0.0001,0.0033,70.8125,imu
1785930459.115558,0.1852,35.6506233215332,32.9498176574707,0.2011,-0.0459,0.0930,0.0002,0.0033,70.8125,imu
1785930459.288886,0.1733,35.1104621887207,32.9498176574707,0.1996,-0.0367,0.1276,0.0004,0.0055,70.6875,imu
1785930459.595323,0.3064,35.2905158996582,32.9498176574707,0.2001,-0.0398,0.1889,0.0008,0.0065,70.6250,imu
1785930459.678384,0.0831,35.07805252075195,33.0578498840332,0.1998,-0.0343,0.2055,0.0009,0.0065,70.6250,imu
1785930459.829532,0.1511,34.8943977355957,32.87419509887695,0.1987,-0.0343,0.2355,0.0011,0.0065,70.6250,imu
1785930459.997303,0.1678,35.1104621887207,32.9498176574707,0.1996,-0.0367,0.2690,0.0014,0.0065,70.6250,imu
1785930460.157315,0.1600,34.8943977355957,33.24150466918945,0.1998,-0.0281,0.3010,0.0016,0.0065,70.6250,imu
1785930460.346805,0.1895,34.71074295043945,33.0578498840332,0.1987,-0.0281,0.3386,0.0018,0.0065,70.6250,imu
1785930460.619668,0.2729,34.71074295043945,33.0578498840332,0.1987,-0.0281,0.3928,0.0021,0.0055,70.6875,imu
1785930460.701524,0.0819,34.548912048339844,32.912384033203125,0.1978,-0.0278,0.4090,0.0022,0.0044,70.7500,imu
1785930460.802250,0.1007,34.71074295043945,32.87419509887695,0.1982,-0.0312,0.4290,0.0022,0.0033,70.8125,imu
1785930460.921041,0.1188,34.36707305908203,32.73054504394531,0.1967,-0.0278,0.4524,0.0023,0.0022,70.8750,imu
1785930461.130304,0.2093,34.5703010559082,32.7697639465332,0.1975,-0.0306,0.4937,0.0023,0.0011,70.9375,imu
1785930461.436234,0.3059,34.185237884521484,32.73054504394531,0.1962,-0.0247,0.5537,0.0024,0.0011,70.9375,imu
1785930461.579741,0.1435,34.36707305908203,32.548709869384766,0.1962,-0.0309,0.5819,0.0024,0.0011,70.9375,imu
1785930461.579807,0.0001,34.1597785949707,32.50688552856445,0.1955,-0.0281,0.5819,0.0024,0.0000,71.0000,imu
1785930461.579823,0.0000,34.185237884521484,32.548709869384766,0.1957,-0.0278,0.5819,0.0024,0.0011,70.9375,imu
1785930461.937889,0.3581,34.0301399230957,32.4096565246582,0.1948,-0.0275,0.6516,0.0026,0.0022,70.8750,imu
1785930461.937942,0.0001,34.00339889526367,32.36687469482422,0.1946,-0.0278,0.6516,0.0026,0.0022,70.8750,imu
1785930461.937955,0.0000,33.8500862121582,32.4096565246582,0.1943,-0.0245,0.6517,0.0026,0.0022,70.8750,imu
1785930461.937966,0.0000,33.7924690246582,32.3232307434082,0.1939,-0.0250,0.6517,0.0026,0.0033,70.8125,imu
1785930461.937976,0.0000,33.7924690246582,32.3232307434082,0.1939,-0.0250,0.6517,0.0026,0.0033,70.8125,imu
1785930462.046540,0.1086,33.60881423950195,32.13957595825195,0.1928,-0.0250,0.6726,0.0027,0.0033,70.8125,imu
1785930462.239272,0.1927,33.60881423950195,32.13957595825195,0.1928,-0.0250,0.7097,0.0028,0.0044,70.7500,imu
1785930462.239731,0.0005,33.60881423950195,32.3232307434082,0.1933,-0.0219,0.7098,0.0028,0.0022,70.8750,imu
1785930462.510146,0.2704,33.3099250793457,32.0495491027832,0.1916,-0.0214,0.7617,0.0029,0.0022,70.8750,imu
1785930462.757661,0.2475,33.24150466918945,31.955923080444336,0.1912,-0.0219,0.8090,0.0031,0.0033,70.8125,imu
1785930462.757751,0.0001,33.4251594543457,31.955923080444336,0.1917,-0.0250,0.8090,0.0031,0.0022,70.8750,imu
1785930462.757775,0.0000,33.24150466918945,31.955923080444336,0.1912,-0.0219,0.8090,0.0031,0.0022,70.8750,imu
1785930462.799662,0.0419,33.24150466918945,31.772266387939453,0.1906,-0.0250,0.8170,0.0031,0.0022,70.8750,imu
1785930462.920832,0.1212,32.98653030395508,31.916696548461914,0.1903,-0.0182,0.8400,0.0031,0.0011,70.9375,imu
1785930462.920927,0.0001,10.00100040435791,10.00100040435791,0.0586,0.0000,0.8400,0.0031,0.0011,70.9375,imu
1785930463.010802,0.0899,-0.0,-0.0,-0.0000,0.0000,0.8400,0.0031,0.0011,70.9375,imu
1785930463.106202,0.0954,-0.0,-0.0,-0.0000,0.0000,0.8400,0.0031,0.0000,71.0000,imu
1785930463.180268,0.0741,-0.0,-0.0,-0.0000,0.0000,0.8400,0.0031,0.0000,71.0000,imu
1785930463.180361,0.0001,-0.0,-0.0,-0.0000,0.0000,0.8400,0.0031,0.0000,71.0000,imu
1785930463.373041,0.1927,-0.0,-0.0,-0.0000,0.0000,0.8400,0.0031,0.0000,71.0000,imu
1785930463.373326,0.0003,-0.0,-0.0,-0.0000,0.0000,0.8400,0.0031,0.1080,64.8125,imu
1785930463.434694,0.0614,-0.0,-0.0,-0.0000,0.0000,0.8400,0.0031,0.1996,59.5625,imu
1785930463.632199,0.1975,-0.0,-0.0,-0.0000,0.0000,0.8400,0.0031,0.2749,55.2500,imu
1785930463.632250,0.0001,-0.0,-0.0,-0.0000,0.0000,0.8400,0.0031,0.3414,51.4375,imu
1785930463.728362,0.0961,-0.0,-0.0,-0.0000,0.0000,0.8400,0.0031,0.3960,48.3125,imu
1785930464.036505,0.3081,-0.0,-0.0,-0.0000,0.0000,0.8400,0.0031,0.4418,45.6875,imu
1785930464.036556,0.0001,-0.0,-0.0,-0.0000,0.0000,0.8400,0.0031,0.4789,43.5625,imu
1785930464.248960,0.2124,-0.0,-0.0,-0.0000,0.0000,0.8400,0.0031,0.5116,41.6875,imu
1785930464.502375,0.2534,-0.0,-0.0,-0.0000,0.0000,0.8400,0.0031,0.5378,40.1875,imu
1785930464.502453,0.0001,-0.0,-0.0,-0.0000,0.0000,0.8400,0.0031,0.5607,38.8750,imu
1785930464.813321,0.3109,-0.0,-0.0,-0.0000,0.0000,0.8400,0.0031,0.5825,37.6250,imu
1785930464.813377,0.0001,-0.0,-0.0,-0.0000,0.0000,0.8400,0.0031,0.5978,36.7500,imu
1785930465.103812,0.2904,-0.0,-0.0,-0.0000,0.0000,0.8400,0.0031,0.6065,36.2500,imu
1785930465.103861,0.0000,-0.0,-0.0,-0.0000,0.0000,0.8400,0.0031,0.6174,35.6250,imu
1785930465.265374,0.1615,-0.0,-0.0,-0.0000,0.0000,0.8400,0.0031,0.6283,35.0000,imu
1785930465.572229,0.3069,-0.0,-0.0,-0.0000,0.0000,0.8400,0.0031,0.6392,34.3750,imu
1785930465.572282,0.0001,-0.0,-0.0,-0.0000,0.0000,0.8400,0.0031,0.6436,34.1250,imu
1785930465.619887,0.0476,-2.1606438159942627,1.9805901050567627,-0.0005,0.0704,0.8400,0.0031,0.6501,33.7500,imu
1785930466.028929,0.4090,-29.348745346069336,28.268423080444336,-0.0032,0.9794,0.8390,0.0023,0.6872,31.6250,imu
1785930466.028978,0.0000,-28.18463706970215,26.72994613647461,-0.0043,0.9334,0.8390,0.0023,0.7472,28.1875,imu
1785930466.028992,0.0000,-27.457292556762695,26.54810905456543,-0.0027,0.9180,0.8390,0.0023,0.8138,24.3750,imu
1785930466.076723,0.0477,-27.728261947631836,26.287832260131836,-0.0042,0.9182,0.8389,0.0021,0.8792,20.6250,imu
1785930466.076765,0.0000,-27.457292556762695,26.184436798095703,-0.0037,0.9118,0.8389,0.0021,0.9414,17.0625,imu
1785930466.076778,0.0000,-2.5207509994506836,2.7008047103881836,0.0005,0.0888,0.8389,0.0021,0.9807,14.8125,imu
1785930466.558873,0.4821,-0.0,-0.0,-0.0000,0.0000,0.8389,0.0021,0.9839,14.6250,imu
1785930466.558929,0.0001,16.3848819732666,14.944453239440918,0.0919,-0.0245,0.8389,0.0021,0.9872,14.4375,imu
1785930466.558993,0.0001,37.45115661621094,34.3902473449707,0.2106,-0.0520,0.8389,0.0022,0.9937,14.0625,imu
1785930466.599346,0.0404,35.63992691040039,33.09421920776367,0.2015,-0.0433,0.8433,0.0090,1.0057,13.3750,imu
1785930466.800712,0.2014,35.4705696105957,32.9498176574707,0.2006,-0.0428,0.8644,0.0434,1.0188,12.6250,imu
1785930466.855382,0.0547,35.2905158996582,32.9498176574707,0.2001,-0.0398,0.8700,0.0528,1.0341,11.7500,imu
1785930466.855463,0.0001,35.1104621887207,32.9498176574707,0.1996,-0.0367,0.8700,0.0528,1.0341,11.7500,imu
1785930467.361739,0.5063,35.2905158996582,32.9498176574707,0.2001,-0.0398,0.9217,0.1400,1.0352,11.6875,imu
1785930467.361828,0.0001,34.9304084777832,32.9498176574707,0.1990,-0.0337,0.9217,0.1400,1.0341,11.7500,imu
1785930467.511630,0.1498,35.1104621887207,33.1298713684082,0.2001,-0.0337,0.9370,0.1657,1.0352,11.6875,imu
1785930467.768870,0.2572,34.9304084777832,32.7697639465332,0.1985,-0.0367,0.9631,0.2097,1.0352,11.6875,imu
1785930467.768919,0.0000,34.7503547668457,33.1298713684082,0.1990,-0.0275,0.9631,0.2097,1.0363,11.6250,imu
1785930467.820045,0.0511,34.71074295043945,32.87419509887695,0.1982,-0.0312,0.9683,0.2184,1.0352,11.6875,imu
1785930468.094589,0.2745,34.5703010559082,32.9498176574707,0.1980,-0.0275,0.9960,0.2652,1.0363,11.6250,imu
1785930468.094640,0.0001,34.71074295043945,32.87419509887695,0.1982,-0.0312,0.9960,0.2652,1.0341,11.7500,imu
1785930468.587720,0.4931,34.34343338012695,32.87419509887695,0.1971,-0.0250,1.0457,0.3487,1.0341,11.7500,imu
1785930468.587764,0.0000,34.3902473449707,32.7697639465332,0.1969,-0.0275,1.0457,0.3487,1.0341,11.7500,imu
1785930468.587778,0.0000,34.3902473449707,32.5897102355957,0.1964,-0.0306,1.0457,0.3487,1.0330,11.8125,imu
1785930468.587788,0.0000,34.2101936340332,32.5897102355957,0.1959,-0.0275,1.0457,0.3487,1.0341,11.7500,imu
1785930468.587797,0.0000,34.2101936340332,32.4096565246582,0.1953,-0.0306,1.0457,0.3487,1.0330,11.8125,imu
1785930468.587807,0.0000,34.05636215209961,32.45161437988281,0.1950,-0.0273,1.0457,0.3487,1.0319,11.8750,imu
1785930468.587816,0.0000,33.97612380981445,32.50688552856445,0.1949,-0.0250,1.0457,0.3487,1.0341,11.7500,imu
1785930468.587826,0.0000,33.7924690246582,32.3232307434082,0.1939,-0.0250,1.0457,0.3487,1.0341,11.7500,imu
1785930468.587835,0.0000,36.54729080200195,30.119375228881836,0.1955,-0.1093,1.0457,0.3487,1.1290,6.3125,imu
1785930468.587844,0.0000,42.05693435668945,24.42607879638672,0.1949,-0.2997,1.0457,0.3487,1.1988,2.3125,imu
1785930468.687104,0.0993,41.545196533203125,24.42786407470703,0.1934,-0.2910,1.0514,0.3670,1.2686,358.3125,imu
1785930468.687155,0.0001,35.44536209106445,30.119375228881836,0.1922,-0.0905,1.0514,0.3670,1.3319,354.6875,imu
1785930468.741583,0.0544,33.24150466918945,31.955923080444336,0.1912,-0.0219,1.0531,0.3773,1.4017,350.6875,imu
1785930468.895093,0.1535,33.457889556884766,31.821365356445312,0.1914,-0.0278,1.0563,0.4065,1.4628,347.1875,imu
1785930468.895186,0.0001,33.457889556884766,31.821365356445312,0.1914,-0.0278,1.0563,0.4065,1.5195,343.9375,imu
1785930469.046012,0.1508,33.3099250793457,31.689441680908203,0.1906,-0.0275,1.0562,0.4353,1.5752,340.7500,imu
1785930469.113668,0.0677,34.3902473449707,30.789175033569336,0.1911,-0.0612,1.0554,0.4482,1.6297,337.6250,imu
1785930469.113718,0.0000,41.59239196777344,23.76708221435547,0.1916,-0.3030,1.0554,0.4482,1.6701,335.3125,imu
1785930469.113732,0.0000,40.33201599121094,24.66735076904297,0.1906,-0.2663,1.0554,0.4482,1.6842,334.5000,imu
1785930469.113748,0.0000,32.4096565246582,31.509389877319336,0.1874,-0.0153,1.0554,0.4482,1.6821,334.6250,imu
1785930469.302527,0.1888,32.9498176574707,31.329336166381836,0.1885,-0.0275,1.0487,0.4831,1.7606,330.1250,imu
1785930469.302577,0.0001,33.7924690246582,30.670339584350586,0.1890,-0.0531,1.0487,0.4831,1.8086,327.3750,imu
1785930469.302592,0.0000,41.2322883605957,23.58702850341797,0.1901,-0.2999,1.0487,0.4831,1.8228,326.5625,imu
1785930469.367636,0.0650,41.0522346496582,23.58702850341797,0.1895,-0.2969,1.0455,0.4950,1.8348,325.8750,imu
1785930469.526451,0.1588,40.91318130493164,23.456892013549805,0.1887,-0.2967,1.0367,0.5237,1.8686,323.9375,imu
1785930469.566711,0.0403,40.6921272277832,23.4069766998291,0.1879,-0.2938,1.0344,0.5309,1.8795,323.3125,imu
1785930469.608386,0.0417,40.8721809387207,23.22692108154297,0.1879,-0.2999,1.0319,0.5383,1.8904,322.6875,imu
1785930469.727466,0.1191,40.95500183105469,22.95684051513672,0.1874,-0.3059,1.0246,0.5594,1.9057,321.8125,imu
1785930469.867715,0.1402,40.7713508605957,23.14049530029297,0.1874,-0.2997,1.0163,0.5844,1.8904,322.6875,imu
1785930469.873763,0.0060,40.8721809387207,23.04686737060547,0.1874,-0.3030,1.0160,0.5855,1.8751,323.5625,imu
1785930469.938627,0.0649,40.6921272277832,22.86681365966797,0.1864,-0.3030,1.0126,0.5970,1.8588,324.5000,imu
1785930470.037319,0.0987,40.7713508605957,22.77318572998047,0.1863,-0.3059,1.0076,0.6147,1.8457,325.2500,imu
1785930470.077383,0.0401,40.8721809387207,22.86681365966797,0.1869,-0.3061,1.0057,0.6220,1.8315,326.0625,imu
1785930470.225554,0.1482,40.58769607543945,22.4058780670166,0.1847,-0.3091,0.9974,0.6481,1.8762,323.5000,imu
1785930470.493070,0.2675,40.6921272277832,22.50670623779297,0.1853,-0.3091,0.9821,0.6952,1.8860,322.9375,imu
1785930470.539773,0.0467,40.7713508605957,22.4058780670166,0.1852,-0.3122,0.9795,0.7035,1.8675,324.0000,imu
1785930470.685220,0.1454,40.7713508605957,22.4058780670166,0.1852,-0.3122,0.9720,0.7294,1.8522,324.8750,imu
1785930470.754470,0.0692,40.58769607543945,22.22222137451172,0.1842,-0.3122,0.9687,0.7417,1.8348,325.8750,imu
1785930470.848098,0.0936,40.7713508605957,22.03856658935547,0.1842,-0.3184,0.9645,0.7584,1.8173,326.8750,imu
1785930470.941684,0.0936,40.51206970214844,22.14659881591797,0.1837,-0.3122,0.9606,0.7751,1.7999,327.8750,imu
1785930470.963109,0.0214,40.58769607543945,21.85491180419922,0.1831,-0.3184,0.9598,0.7790,1.7868,328.6250,imu
1785930471.110531,0.1474,40.58769607543945,21.6712589263916,0.1826,-0.3215,0.9544,0.8054,1.7704,329.5625,imu
1785930471.161781,0.0512,40.7713508605957,21.6712589263916,0.1831,-0.3247,0.9527,0.8146,1.7508,330.6875,imu
1785930471.250335,0.0886,40.58769607543945,21.48760223388672,0.1820,-0.3247,0.9501,0.8305,1.7366,331.5000,imu
1785930471.362300,0.1120,40.58769607543945,21.30394744873047,0.1815,-0.3278,0.9470,0.8506,1.7235,332.2500,imu
1785930471.460802,0.0985,40.95500183105469,21.48760223388672,0.1831,-0.3309,0.9445,0.8684,1.7072,333.1875,imu
1785930471.572105,0.1113,40.4040412902832,21.12029457092285,0.1804,-0.3278,0.9421,0.8884,1.6930,334.0000,imu
1785930471.629046,0.0569,40.54950714111328,21.27485466003418,0.1813,-0.3276,0.9410,0.8986,1.6788,334.8125,imu
1785930471.630061,0.0010,40.731346130371094,21.27485466003418,0.1818,-0.3307,0.9410,0.8988,1.6766,334.9375,imu
1785930471.723330,0.0933,40.58769607543945,21.12029457092285,0.1809,-0.3309,0.9395,0.9156,1.6570,336.0625,imu
1785930471.811253,0.0879,40.58769607543945,21.12029457092285,0.1809,-0.3309,0.9384,0.9315,1.6406,337.0000,imu
1785930471.874643,0.0634,40.58769607543945,20.9366397857666,0.1804,-0.3340,0.9378,0.9429,1.6253,337.8750,imu
1785930472.016826,0.1422,40.65367126464844,20.68344497680664,0.1798,-0.3395,0.9362,0.9684,1.6319,337.5000,imu
1785930472.036953,0.0201,40.51206970214844,20.88622283935547,0.1800,-0.3336,0.9360,0.9721,1.6319,337.5000,imu
1785930472.087363,0.0504,40.6921272277832,20.7061710357666,0.1800,-0.3397,0.9354,0.9811,1.6362,337.2500,imu
1785930472.271950,0.1846,40.6921272277832,20.5261173248291,0.1795,-0.3428,0.9334,1.0142,1.6308,337.5625,imu
1785930472.373889,0.1019,40.6921272277832,20.5261173248291,0.1795,-0.3428,0.9325,1.0325,1.6232,338.0000,imu
1785930472.434338,0.0604,40.7713508605957,20.38567543029785,0.1793,-0.3465,0.9321,1.0433,1.6035,339.1250,imu
1785930472.529584,0.0952,40.58769607543945,20.38567543029785,0.1788,-0.3434,0.9320,1.0603,1.5752,340.7500,imu
1785930472.628801,0.0992,40.58769607543945,20.2020206451416,0.1782,-0.3465,0.9323,1.0780,1.5566,341.8125,imu
1785930472.704343,0.0755,40.7713508605957,20.2020206451416,0.1788,-0.3496,0.9328,1.0915,1.5337,343.1250,imu
1785930472.784590,0.0802,40.4040412902832,20.2020206451416,0.1777,-0.3434,0.9337,1.1057,1.5032,344.8750,imu
1785930472.844894,0.0603,40.7713508605957,20.01836395263672,0.1782,-0.3528,0.9348,1.1164,1.4693,346.8125,imu
1785930472.896793,0.0519,35.8306770324707,24.127187728881836,0.1758,-0.1989,0.9359,1.1255,1.4573,347.5000,imu
1785930472.996228,0.0994,32.3232307434082,27.731863021850586,0.1761,-0.0780,0.9379,1.1429,1.4563,347.5625,imu
1785930473.141684,0.1455,32.50688552856445,27.548208236694336,0.1761,-0.0843,0.9411,1.1683,1.4421,348.3750,imu
1785930473.602251,0.4606,32.50688552856445,27.548208236694336,0.1761,-0.0843,0.9540,1.2484,1.4115,350.1250,imu
1785930473.602307,0.0001,32.13957595825195,27.548208236694336,0.1750,-0.0780,0.9540,1.2484,1.3744,352.2500,imu
1785930473.771299,0.1690,32.3232307434082,27.548208236694336,0.1756,-0.0812,0.9608,1.2772,1.3384,354.3125,imu
1785930473.824234,0.0529,32.13957595825195,27.548208236694336,0.1750,-0.0780,0.9632,1.2862,1.3090,356.0000,imu
1785930473.876655,0.0524,32.3232307434082,27.36455535888672,0.1750,-0.0843,0.9659,1.2950,1.2763,357.8750,imu
1785930473.961448,0.0848,32.13957595825195,27.36455535888672,0.1745,-0.0812,0.9707,1.3090,1.2414,359.8750,imu
1785930474.031930,0.0705,32.22960662841797,27.36815643310547,0.1747,-0.0826,0.9751,1.3205,1.2086,1.7500,imu
1785930474.085638,0.0537,32.50688552856445,27.731863021850586,0.1766,-0.0812,0.9787,1.3292,1.1759,3.6250,imu
1785930474.165416,0.0798,31.821365356445312,27.275455474853516,0.1733,-0.0773,0.9845,1.3418,1.1366,5.8750,imu
1785930474.234569,0.0692,31.955923080444336,27.18090057373047,0.1734,-0.0812,0.9900,1.3525,1.0996,8.0000,imu
1785930474.288520,0.0540,31.916696548461914,27.459056854248047,0.1741,-0.0758,0.9945,1.3607,1.0657,9.9375,imu
1785930474.531885,0.2434,32.00320053100586,27.275455474853516,0.1738,-0.0804,1.0161,1.3971,1.0352,11.6875,imu
1785930474.625625,0.0937,31.955923080444336,27.36455535888672,0.1739,-0.0780,1.0249,1.4108,1.0036,13.5000,imu
1785930474.678916,0.0533,31.772266387939453,27.36455535888672,0.1734,-0.0749,1.0301,1.4184,0.9730,15.2500,imu
1785930474.779709,0.1008,31.955923080444336,27.36455535888672,0.1739,-0.0780,1.0404,1.4326,0.9414,17.0625,imu
1785930474.843272,0.0636,31.772266387939453,27.36455535888672,0.1734,-0.0749,1.0470,1.4414,0.9283,17.8125,imu
1785930474.985926,0.1427,31.639528274536133,27.275455474853516,0.1727,-0.0742,1.0618,1.4611,0.9250,18.0000,imu
1785930475.038148,0.0522,31.588611602783203,27.548208236694336,0.1734,-0.0687,1.0673,1.4683,0.9207,18.2500,imu
1785930475.110237,0.0721,31.457691192626953,27.275455474853516,0.1722,-0.0711,1.0749,1.4782,0.9163,18.5000,imu
1785930475.162089,0.0519,31.404958724975586,27.36455535888672,0.1723,-0.0687,1.0803,1.4853,0.9141,18.6250,imu
1785930475.262357,0.1003,31.404958724975586,27.36455535888672,0.1723,-0.0687,1.0909,1.4989,0.9119,18.7500,imu
1785930475.359520,0.0972,31.329336166381836,27.008047103881836,0.1711,-0.0735,1.1011,1.5120,0.9098,18.8750,imu
1785930475.415103,0.0556,31.329336166381836,27.188100814819336,0.1716,-0.0704,1.1071,1.5195,0.8934,19.8125,imu
1785930475.546898,0.1318,31.275854110717773,27.275455474853516,0.1717,-0.0680,1.1213,1.5371,0.8912,19.9375,imu
1785930475.648142,0.1012,31.275854110717773,27.09362030029297,0.1711,-0.0711,1.1322,1.5505,0.8901,20.0000,imu
1785930475.852828,0.2047,31.221303939819336,26.997243881225586,0.1707,-0.0718,1.1542,1.5777,0.8890,20.0625,imu
1785930475.874448,0.0216,31.410106658935547,27.290748596191406,0.1721,-0.0700,1.1566,1.5805,0.8650,21.4375,imu
1785930476.008080,0.1336,30.853992462158203,26.813589096069336,0.1691,-0.0687,1.1716,1.5974,0.8476,22.4375,imu
1785930476.064363,0.0563,31.149282455444336,27.188100814819336,0.1711,-0.0673,1.1780,1.6046,0.8356,23.1250,imu
1785930476.121528,0.0572,31.149282455444336,27.008047103881836,0.1705,-0.0704,1.1846,1.6118,0.8334,23.2500,imu
1785930476.221712,0.1002,30.969226837158203,27.188100814819336,0.1705,-0.0643,1.1961,1.6244,0.8323,23.3125,imu
1785930476.318324,0.0966,30.969226837158203,26.82799530029297,0.1695,-0.0704,1.2073,1.6364,0.8170,24.1875,imu
1785930476.623495,0.3052,30.7303466796875,27.09362030029297,0.1695,-0.0618,1.2433,1.6735,0.8018,25.0625,imu
1785930476.646465,0.0230,30.853992462158203,27.18090057373047,0.1702,-0.0624,1.2460,1.6763,0.7909,25.6875,imu
1785930476.793600,0.1471,30.789175033569336,27.008047103881836,0.1695,-0.0643,1.2637,1.6939,0.7843,26.0625,imu
1785930476.844147,0.0505,30.789175033569336,27.008047103881836,0.1695,-0.0643,1.2698,1.6999,0.7745,26.6250,imu
1785930476.896969,0.0528,30.609121322631836,27.008047103881836,0.1689,-0.0612,1.2762,1.7061,0.7647,27.1875,imu
1785930476.940943,0.0440,30.609121322631836,27.008047103881836,0.1689,-0.0612,1.2816,1.7112,0.7603,27.4375,imu
1785930477.034548,0.0936,30.486684799194336,26.997243881225586,0.1686,-0.0593,1.2932,1.7220,0.7516,27.9375,imu
1785930477.153303,0.1188,30.486684799194336,26.997243881225586,0.1686,-0.0593,1.3078,1.7356,0.7461,28.2500,imu
1785930477.242428,0.0891,30.486684799194336,26.997243881225586,0.1686,-0.0593,1.3190,1.7457,0.7374,28.7500,imu
1785930477.361782,0.1194,30.366674423217773,27.275455474853516,0.1690,-0.0525,1.3340,1.7592,0.7309,29.1250,imu
1785930477.450749,0.0890,22.50670623779297,33.8500862121582,0.1652,0.1928,1.3449,1.7690,0.7298,29.1875,imu
1785930477.597341,0.1466,22.6867618560791,34.2101936340332,0.1668,0.1959,1.3631,1.7853,0.7341,28.9375,imu
1785930477.696600,0.0993,23.22692108154297,33.6700325012207,0.1668,0.1775,1.3753,1.7966,0.7439,28.3750,imu
1785930477.809712,0.1131,30.912181854248047,26.366273880004883,0.1679,-0.0773,1.3893,1.8094,0.7396,28.6250,imu
1785930477.854458,0.0447,27.548208236694336,28.988637924194336,0.1658,0.0245,1.3948,1.8143,0.7374,28.7500,imu
1785930477.956075,0.1016,21.9665470123291,34.7503547668457,0.1663,0.2173,1.4072,1.8258,0.7439,28.3750,imu
1785930478.058268,0.1022,22.22222137451172,34.1597785949707,0.1653,0.2029,1.4196,1.8373,0.7516,27.9375,imu
1785930478.168775,0.1105,22.22222137451172,34.34343338012695,0.1659,0.2060,1.4329,1.8500,0.7614,27.3750,imu
1785930478.262134,0.0934,22.03856658935547,34.1597785949707,0.1648,0.2060,1.4439,1.8607,0.7712,26.8125,imu
1785930478.383427,0.1213,22.002201080322266,34.36707305908203,0.1653,0.2102,1.4581,1.8748,0.7821,26.1875,imu
1785930478.473112,0.0897,21.9665470123291,34.2101936340332,0.1647,0.2081,1.4685,1.8854,0.7952,25.4375,imu
1785930478.720794,0.2477,21.6712589263916,34.1597785949707,0.1637,0.2123,1.4965,1.9146,0.8061,24.8125,imu
1785930478.740450,0.0197,21.6712589263916,34.1597785949707,0.1637,0.2123,1.4987,1.9170,0.8181,24.1250,imu
1785930478.824692,0.0842,21.60643768310547,34.2101936340332,0.1637,0.2142,1.5080,1.9272,0.8301,23.4375,imu
1785930479.002126,0.1774,21.48760223388672,34.1597785949707,0.1632,0.2154,1.5272,1.9488,0.8465,22.5000,imu
1785930479.246405,0.2443,21.48760223388672,33.97612380981445,0.1626,0.2123,1.5532,1.9789,0.8574,21.8750,imu
1785930479.254015,0.0076,21.30394744873047,34.34343338012695,0.1632,0.2216,1.5540,1.9798,0.8694,21.1875,imu
1785930479.307317,0.0533,25.74767303466797,30.068960189819336,0.1637,0.0735,1.5596,1.9865,0.8803,20.5625,imu
1785930479.540379,0.2331,29.52880096435547,26.82799530029297,0.1652,-0.0459,1.5842,2.0162,0.8770,20.7500,imu
1785930479.764369,0.2240,22.86681365966797,32.4096565246582,0.1621,0.1622,1.6072,2.0442,0.8836,20.3750,imu
1785930480.004873,0.2405,20.88622283935547,34.9304084777832,0.1637,0.2387,1.6318,2.0750,0.8978,19.5625,imu
1785930480.578135,0.5733,20.88622283935547,34.2101936340332,0.1616,0.2265,1.6885,2.1482,0.9119,18.7500,imu
1785930481.336615,0.7585,-6.611570358276367,26.078969955444336,0.0571,0.5557,1.7145,2.1828,0.9250,18.0000,imu
1785930481.507598,0.1710,-37.0982551574707,20.75298309326172,-0.0479,0.9834,1.7098,2.1761,0.9632,15.8125,imu
1785930481.605988,0.0984,-34.34343338012695,20.56932830810547,-0.0404,0.9334,1.7078,2.1727,1.0221,12.4375,imu
1785930481.812825,0.2068,-13.223140716552734,7.529843807220459,-0.0167,0.3528,1.7061,2.1697,1.0668,9.8750,imu
1785930482.064812,0.2520,-0.0,-0.0,-0.0000,0.0000,1.7061,2.1697,1.0603,10.2500,imu
1785930482.307125,0.2423,-0.0,-0.0,-0.0000,0.0000,1.7061,2.1697,1.0603,10.2500,imu
1785930482.519552,0.2124,-0.0,-0.0,-0.0000,0.0000,1.7061,2.1697,1.0603,10.2500,imu
1785930482.612172,0.0926,-0.0,-0.0,-0.0000,0.0000,1.7061,2.1697,1.0603,10.2500,imu
1785930482.815631,0.2035,-0.0,-0.0,-0.0000,0.0000,1.7061,2.1697,1.0603,10.2500,imu
1785930483.044619,0.2290,-0.0,-0.0,-0.0000,0.0000,1.7061,2.1697,1.0603,10.2500,imu
1785930483.286948,0.2423,-0.0,-0.0,-0.0000,0.0000,1.7061,2.1697,1.0603,10.2500,imu
1785930483.287032,0.0001,-0.0,-0.0,-0.0000,0.0000,1.7061,2.1697,1.0690,9.7500,imu
1785930483.287047,0.0000,-0.0,-0.0,-0.0000,0.0000,1.7061,2.1697,1.0810,9.0625,imu
1785930483.287169,0.0001,-0.0,-0.0,-0.0000,0.0000,1.7061,2.1697,1.0919,8.4375,imu
1785930483.287179,0.0000,-0.0,-0.0,-0.0000,0.0000,1.7061,2.1697,1.1006,7.9375,imu
1785930483.287188,0.0000,-0.0,-0.0,-0.0000,0.0000,1.7061,2.1697,1.1072,7.5625,imu
1785930483.287197,0.0000,-0.0,-0.0,-0.0000,0.0000,1.7061,2.1697,1.1148,7.1250,imu
1785930483.287206,0.0000,-0.0,-0.0,-0.0000,0.0000,1.7061,2.1697,1.1203,6.8125,imu
1785930483.287215,0.0000,-0.0,-0.0,-0.0000,0.0000,1.7061,2.1697,1.1225,6.6875,imu
1785930483.287223,0.0000,-0.0,-0.0,-0.0000,0.0000,1.7061,2.1697,1.1290,6.3125,imu
1785930483.287231,0.0000,-0.0,-0.0,-0.0000,0.0000,1.7061,2.1697,1.1356,5.9375,imu
1785930483.287241,0.0000,-0.0,-0.0,-0.0000,0.0000,1.7061,2.1697,1.1356,5.9375,imu
1785930483.287251,0.0000,-0.0,-0.0,-0.0000,0.0000,1.7061,2.1697,1.1399,5.6875,imu
1785930483.641957,0.3547,-0.0,-0.0,-0.0000,0.0000,1.7061,2.1697,1.1421,5.5625,imu
1785930483.642030,0.0001,-0.0,-0.0,-0.0000,0.0000,1.7061,2.1697,1.1410,5.6250,imu
1785930483.711083,0.0691,-0.0,-0.0,-0.0000,0.0000,1.7061,2.1697,1.1454,5.3750,imu
1785930483.759528,0.0484,-0.0,-0.0,-0.0000,0.0000,1.7061,2.1697,1.1443,5.4375,imu
1785930483.759606,0.0001,-0.0,-0.0,-0.0000,0.0000,1.7061,2.1697,1.1443,5.4375,imu
1785930484.057349,0.2977,-0.0,-0.0,-0.0000,0.0000,1.7061,2.1697,1.1454,5.3750,imu
1785930484.114233,0.0569,-0.0,-0.0,-0.0000,0.0000,1.7061,2.1697,1.1486,5.1875,imu
1785930484.114281,0.0000,-0.0,-0.0,-0.0000,0.0000,1.7061,2.1697,1.1486,5.1875,imu
1785930484.114294,0.0000,-0.0,-0.0,-0.0000,0.0000,1.7061,2.1697,1.1497,5.1250,imu
1785930484.114304,0.0000,-0.0,-0.0,-0.0000,0.0000,1.7061,2.1697,1.1530,4.9375,imu
1785930484.114315,0.0000,-0.0,-0.0,-0.0000,0.0000,1.7061,2.1697,1.1530,4.9375,imu
1785930484.114323,0.0000,-0.0,-0.0,-0.0000,0.0000,1.7061,2.1697,1.1530,4.9375,imu
1785930484.269910,0.1556,-0.0,-0.0,-0.0000,0.0000,1.7061,2.1697,1.1530,4.9375,imu
1785930484.269957,0.0000,-0.0,-0.0,-0.0000,0.0000,1.7061,2.1697,1.1530,4.9375,imu
1785930484.466068,0.1961,-0.0,-0.0,-0.0000,0.0000,1.7061,2.1697,1.1530,4.9375,imu
1785930484.612750,0.1467,-0.0,-0.0,-0.0000,0.0000,1.7061,2.1697,1.1530,4.9375,imu
1785930484.612837,0.0001,-0.0,-0.0,-0.0000,0.0000,1.7061,2.1697,1.1530,4.9375,imu
1785930484.729713,0.1169,-0.0,-0.0,-0.0000,0.0000,1.7061,2.1697,1.1530,4.9375,imu
1785930484.729757,0.0000,-0.0,-0.0,-0.0000,0.0000,1.7061,2.1697,1.1530,4.9375,imu
1785930484.729769,0.0000,-0.0,-0.0,-0.0000,0.0000,1.7061,2.1697,1.1530,4.9375,imu
1785930484.729779,0.0000,-0.0,-0.0,-0.0000,0.0000,1.7061,2.1697,1.1530,4.9375,imu
1785930484.729787,0.0000,-0.0,-0.0,-0.0000,0.0000,1.7061,2.1697,1.1530,4.9375,imu
1785930484.819654,0.0899,-0.0,-0.0,-0.0000,0.0000,1.7061,2.1697,1.1530,4.9375,imu
1785930484.885868,0.0662,-0.0,-0.0,-0.0000,0.0000,1.7061,2.1697,1.1530,4.9375,imu
1785930484.978901,0.0930,-0.0,-0.0,-0.0000,0.0000,1.7061,2.1697,1.1530,4.9375,imu
1785930485.029098,0.0502,-0.0,-0.0,-0.0000,0.0000,1.7061,2.1697,1.1530,4.9375,imu
1785930485.141750,0.1127,-0.0,-0.0,-0.0000,0.0000,1.7061,2.1697,1.1530,4.9375,imu
1785930485.278928,0.1372,-0.0,-0.0,-0.0000,0.0000,1.7061,2.1697,1.1530,4.9375,imu
1785930485.377205,0.0983,-0.0,-0.0,-0.0000,0.0000,1.7061,2.1697,1.1530,4.9375,imu
1785930485.396008,0.0188,-0.0,-0.0,-0.0000,0.0000,1.7061,2.1697,1.1530,4.9375,imu
1785930485.530755,0.1347,-0.0,-0.0,-0.0000,0.0000,1.7061,2.1697,1.1530,4.9375,imu
1785930485.583727,0.0530,-0.0,-0.0,-0.0000,0.0000,1.7061,2.1697,1.1530,4.9375,imu
1785930485.648811,0.0651,-0.0,-0.0,-0.0000,0.0000,1.7061,2.1697,1.1530,4.9375,imu
1785930485.755700,0.1069,-0.0,-0.0,-0.0000,0.0000,1.7061,2.1697,1.1530,4.9375,imu
1785930485.838329,0.0826,-0.0,-0.0,-0.0000,0.0000,1.7061,2.1697,1.1530,4.9375,imu
1785930485.892432,0.0541,-0.0,-0.0,-0.0000,0.0000,1.7061,2.1697,1.1530,4.9375,imu
1785930486.001538,0.1091,-0.0,-0.0,-0.0000,0.0000,1.7061,2.1697,1.1530,4.9375,imu
1785930486.045386,0.0438,-0.0,-0.0,-0.0000,0.0000,1.7061,2.1697,1.1530,4.9375,imu
1785930486.113488,0.0681,-0.0,-0.0,-0.0000,0.0000,1.7061,2.1697,1.1530,4.9375,imu
1785930486.298431,0.1849,-0.0,-0.0,-0.0000,0.0000,1.7061,2.1697,1.1530,4.9375,imu
1785930486.323637,0.0252,-0.0,-0.0,-0.0000,0.0000,1.7061,2.1697,1.1530,4.9375,imu
1785930486.466983,0.1433,-0.0,-0.0,-0.0000,0.0000,1.7061,2.1697,1.1530,4.9375,imu
1785930486.557670,0.0907,-0.0,-0.0,-0.0000,0.0000,1.7061,2.1697,1.1530,4.9375,imu
1785930486.607784,0.0501,-0.0,-0.0,-0.0000,0.0000,1.7061,2.1697,1.1530,4.9375,imu
1785930486.659450,0.0517,-0.0,-0.0,-0.0000,0.0000,1.7061,2.1697,1.1530,4.9375,imu
1785930486.682154,0.0227,-0.0,-0.0,-0.0000,0.0000,1.7061,2.1697,1.1530,4.9375,imu
1785930486.812212,0.1301,-0.0,-0.0,-0.0000,0.0000,1.7061,2.1697,1.1530,4.9375,imu
1785930486.832983,0.0208,-11.570247650146484,11.019283294677734,-0.0016,0.3840,1.7061,2.1696,1.1574,4.6875,imu
1785930486.932755,0.0998,-25.344350814819336,23.87511444091797,-0.0043,0.8366,1.7059,2.1692,1.2065,1.8750,imu
1785930486.936728,0.0040,-24.05876922607422,23.32415008544922,-0.0022,0.8054,1.7059,2.1692,1.2610,358.7500,imu
1785930487.086575,0.1498,-25.16069793701172,24.24242401123047,-0.0027,0.8398,1.7058,2.1688,1.3155,355.6250,imu
1785930487.135110,0.0485,-26.262624740600586,25.16069793701172,-0.0032,0.8741,1.7058,2.1687,1.3755,352.1875,imu
1785930487.225712,0.0906,-26.82799530029297,25.567617416381836,-0.0037,0.8906,1.7057,2.1683,1.4224,349.5000,imu
1785930487.336724,0.1110,-27.18090057373047,26.078969955444336,-0.0032,0.9053,1.7057,2.1680,1.4781,346.3125,imu
1785930487.437377,0.1007,-27.18090057373047,26.078969955444336,-0.0032,0.9053,1.7057,2.1677,1.5304,343.3125,imu
1785930487.537784,0.1004,-27.09362030029297,25.820762634277344,-0.0037,0.8994,1.7057,2.1673,1.5828,340.3125,imu
1785930487.645110,0.1073,-26.997243881225586,25.528005599975586,-0.0043,0.8928,1.7057,2.1668,1.6373,337.1875,imu
1785930487.737310,0.0922,-26.813589096069336,25.528005599975586,-0.0038,0.8897,1.7058,2.1665,1.6930,334.0000,imu
1785930487.847023,0.1097,-26.997243881225586,25.528005599975586,-0.0043,0.8928,1.7059,2.1660,1.7486,330.8125,imu
1785930487.946699,0.0997,-26.54810905456543,25.09341812133789,-0.0043,0.8778,1.7060,2.1656,1.8010,327.8125,imu
1785930488.146857,0.2002,-26.813589096069336,25.528005599975586,-0.0038,0.8897,1.7062,2.1649,1.8566,324.6250,imu
1785930488.367772,0.2209,-26.44628143310547,25.16069793701172,-0.0038,0.8772,1.7064,2.1641,1.9079,321.6875,imu
1785930488.468929,0.1012,-26.262624740600586,24.97704315185547,-0.0038,0.8710,1.7066,2.1637,1.9700,318.1250,imu
1785930488.554439,0.0855,-26.287832260131836,25.02745819091797,-0.0037,0.8723,1.7067,2.1635,2.0224,315.1250,imu
1785930488.613598,0.0592,-26.078969955444336,24.97704315185547,-0.0032,0.8678,1.7068,2.1633,2.0715,312.3125,imu
1785930488.722375,0.1088,-26.10778045654297,24.66735076904297,-0.0042,0.8631,1.7071,2.1629,2.1249,309.2500,imu
1785930488.779887,0.0575,-25.74767303466797,24.847402572631836,-0.0026,0.8600,1.7072,2.1628,2.1893,305.5625,imu
1785930488.878075,0.0982,-25.74767303466797,24.48729705810547,-0.0037,0.8539,1.7074,2.1625,2.2471,302.2500,imu
1785930489.024418,0.1463,-25.567617416381836,24.48729705810547,-0.0032,0.8508,1.7077,2.1621,2.3027,299.0625,imu
1785930489.115537,0.0911,-25.74767303466797,24.66735076904297,-0.0032,0.8570,1.7079,2.1619,2.3573,295.9375,imu
1785930489.182066,0.0665,-25.344350814819336,24.609731674194336,-0.0022,0.8491,1.7080,2.1618,2.4086,293.0000,imu
1785930489.547340,0.3653,-25.567617416381836,24.30724334716797,-0.0037,0.8478,1.7090,2.1610,2.4609,290.0000,imu
1785930489.681107,0.1338,-25.344350814819336,24.42607879638672,-0.0027,0.8460,1.7093,2.1608,2.5100,287.1875,imu
1785930489.780433,0.0993,-24.793386459350586,24.05876922607422,-0.0022,0.8304,1.7095,2.1607,2.5635,284.1250,imu
1785930489.984901,0.2045,-24.97704315185547,24.24242401123047,-0.0022,0.8366,1.7099,2.1604,2.6136,281.2500,imu
1785930490.055340,0.0704,-25.16069793701172,23.87511444091797,-0.0038,0.8335,1.7101,2.1603,2.6638,278.3750,imu
1785930490.249343,0.1940,-24.97704315185547,24.24242401123047,-0.0022,0.8366,1.7105,2.1602,2.7151,275.4375,imu
1785930490.363291,0.1139,-25.16069793701172,23.87511444091797,-0.0038,0.8335,1.7109,2.1600,2.7631,272.6875,imu
1785930490.563308,0.2000,-25.186933517456055,24.13747787475586,-0.0031,0.8384,1.7115,2.1598,2.8122,269.8750,imu
1785930490.649441,0.0861,-24.66735076904297,23.76708221435547,-0.0026,0.8233,1.7117,2.1597,2.8602,267.1250,imu
1785930490.870853,0.2214,-24.66735076904297,23.76708221435547,-0.0026,0.8233,1.7123,2.1596,2.9092,264.3125,imu
1785930491.075758,0.2049,-24.609731674194336,23.69145965576172,-0.0027,0.8210,1.7128,2.1595,2.9616,261.3125,imu
1785930491.530272,0.4545,-24.793386459350586,23.50780487060547,-0.0038,0.8210,1.7145,2.1593,2.9998,259.1250,imu
1785930491.530322,0.0000,-6.611570358276367,6.795225143432617,0.0005,0.2279,1.7145,2.1593,3.0423,256.6875,imu
1785930492.206141,0.6758,33.4251594543457,-31.588611602783203,0.0054,-1.1051,1.7109,2.1598,3.0031,258.9375,imu
1785930492.206421,0.0003,29.888906478881836,-27.548208236694336,0.0069,-0.9763,1.7109,2.1598,2.9420,262.4375,imu
1785930492.306438,0.1000,29.752065658569336,-27.18090057373047,0.0075,-0.9677,1.7102,2.1600,2.8852,265.6875,imu
1785930492.306748,0.0003,29.935720443725586,-27.36455535888672,0.0075,-0.9740,1.7102,2.1600,2.8263,269.0625,imu
1785930492.306785,0.0000,29.06380844116211,-26.567529678344727,0.0073,-0.9456,1.7102,2.1600,2.7653,272.5625,imu
1785930492.306882,0.0001,26.997243881225586,-25.16069793701172,0.0054,-0.8866,1.7102,2.1600,2.7107,275.6875,imu
1785930492.306960,0.0001,20.75298309326172,-18.91643714904785,0.0054,-0.6743,1.7102,2.1600,2.6584,278.6875,imu
1785930492.307005,0.0000,0.17830556631088257,-0.17830556631088257,0.0000,-0.0061,1.7102,2.1600,2.6573,278.7500,imu
1785930492.307036,0.0000,-0.0,-0.0,-0.0000,0.0000,1.7102,2.1600,2.6529,279.0000,imu
1785930492.307060,0.0000,-7.022092819213867,6.661985397338867,-0.0011,0.2326,1.7102,2.1600,2.6540,278.9375,imu
1785930492.307082,0.0000,-25.344350814819336,24.05876922607422,-0.0038,0.8398,1.7102,2.1600,2.6769,277.6250,imu
1785930492.443735,0.1367,-24.97704315185547,23.32415008544922,-0.0048,0.8210,1.7108,2.1597,2.7107,275.6875,imu
1785930492.669086,0.2254,-25.16069793701172,23.69145965576172,-0.0043,0.8304,1.7117,2.1593,2.7576,273.0000,imu
1785930492.669156,0.0001,-25.63892936706543,24.547908782958984,-0.0032,0.8531,1.7117,2.1593,2.8111,269.9375,imu
1785930493.074364,0.4052,-26.078969955444336,24.97704315185547,-0.0032,0.8678,1.7129,2.1590,2.8645,266.8750,imu
1785930493.074461,0.0001,-27.36815643310547,25.92772674560547,-0.0042,0.9059,1.7129,2.1590,2.9234,263.5000,imu
1785930493.074488,0.0000,-27.188100814819336,25.74767303466797,-0.0042,0.8998,1.7129,2.1590,2.9758,260.5000,imu
1785930493.074501,0.0000,-27.18090057373047,25.528005599975586,-0.0048,0.8959,1.7129,2.1590,3.0249,257.6875,imu
1785930493.074511,0.0000,-26.997243881225586,25.71166229248047,-0.0038,0.8959,1.7129,2.1590,3.0751,254.8125,imu
1785930493.211120,0.1366,-26.997243881225586,25.528005599975586,-0.0043,0.8928,1.7135,2.1589,3.1252,251.9375,imu
1785930493.374011,0.1629,-26.997243881225586,25.528005599975586,-0.0043,0.8928,1.7142,2.1590,-3.1078,249.0625,imu
1785930493.374059,0.0000,-26.64794158935547,25.38756561279297,-0.0037,0.8845,1.7142,2.1590,-3.0565,246.1250,imu
1785930493.468106,0.0940,-26.64794158935547,25.20751190185547,-0.0042,0.8814,1.7146,2.1590,-3.0052,243.1875,imu
1785930493.579291,0.1112,-26.64794158935547,25.567617416381836,-0.0032,0.8876,1.7150,2.1591,-2.9572,240.4375,imu
1785930493.742619,0.1633,-26.287832260131836,25.20751190185547,-0.0032,0.8753,1.7155,2.1592,-2.9114,237.8125,imu
1785930493.742716,0.0001,-26.287832260131836,24.847402572631836,-0.0042,0.8692,1.7155,2.1592,-2.8656,235.1875,imu
1785930493.742734,0.0000,-26.078969955444336,24.97704315185547,-0.0032,0.8678,1.7155,2.1592,-2.8165,232.3750,imu
1785930493.742746,0.0000,-25.92772674560547,24.48729705810547,-0.0042,0.8570,1.7155,2.1592,-2.7751,230.0000,imu
1785930494.085594,0.3428,-26.078969955444336,24.97704315185547,-0.0032,0.8678,1.7165,2.1596,-2.7336,227.6250,imu
1785930494.085649,0.0001,-25.567617416381836,24.66735076904297,-0.0026,0.8539,1.7165,2.1596,-2.6889,225.0625,imu
1785930494.085664,0.0000,-25.820762634277344,24.729745864868164,-0.0032,0.8593,1.7165,2.1596,-2.6464,222.6250,imu
1785930494.311344,0.2257,-25.16069793701172,24.42607879638672,-0.0022,0.8429,1.7169,2.1599,-2.5973,219.8125,imu
1785930494.311391,0.0000,-24.847402572631836,24.127187728881836,-0.0021,0.8325,1.7169,2.1599,-2.5471,216.9375,imu
1785930494.311410,0.0000,-25.02745819091797,24.127187728881836,-0.0026,0.8355,1.7169,2.1599,-2.4969,214.0625,imu
1785930494.549360,0.2379,-24.97704315185547,24.05876922607422,-0.0027,0.8335,1.7174,2.1603,-2.4544,211.6250,imu
1785930494.757216,0.2079,-24.30724334716797,23.4069766998291,-0.0026,0.8110,1.7178,2.1607,-2.4096,209.0625,imu
1785930494.849004,0.0918,-24.609731674194336,23.50780487060547,-0.0032,0.8179,1.7180,2.1609,-2.3660,206.5625,imu
1785930495.009885,0.1609,-24.127187728881836,23.22692108154297,-0.0026,0.8049,1.7183,2.1612,-2.3278,204.3750,imu
1785930495.280056,0.2702,-23.87511444091797,23.14049530029297,-0.0022,0.7992,1.7187,2.1616,-2.2853,201.9375,imu
1785930495.537136,0.2571,-23.32415008544922,22.77318572998047,-0.0016,0.7836,1.7190,2.1619,-2.2438,199.5625,imu
1785930495.873499,0.3364,-23.32415008544922,22.22222137451172,-0.0032,0.7742,1.7196,2.1628,-2.2024,197.1875,imu
1785930495.873965,0.0005,-22.4058780670166,21.85491180419922,-0.0016,0.7523,1.7196,2.1628,-2.1533,194.3750,imu
1785930497.020828,1.1469,-21.42638397216797,20.7061710357666,-0.0021,0.7162,1.7209,2.1649,-2.1151,192.1875,imu
1785930497.020885,0.0001,-21.48760223388672,20.56932830810547,-0.0027,0.7149,1.7209,2.1649,-2.0748,189.8750,imu
1785930497.020899,0.0000,-20.9366397857666,19.83470916748047,-0.0032,0.6930,1.7209,2.1649,-2.0333,187.5000,imu
1785930497.020910,0.0000,-20.9366397857666,19.83470916748047,-0.0032,0.6930,1.7209,2.1649,-1.9929,185.1875,imu
1785930497.020920,0.0000,-20.365673065185547,19.63832664489746,-0.0021,0.6800,1.7209,2.1649,-1.9504,182.7500,imu
1785930497.020931,0.0000,-1.8365472555160522,21.30394744873047,0.0571,0.3933,1.7209,2.1649,-1.9111,180.5000,imu
1785930497.020940,0.0000,36.7309455871582,28.282827377319336,0.1906,-0.1436,1.7209,2.1649,-1.9068,180.2500,imu
1785930497.020950,0.0000,33.97612380981445,28.833791732788086,0.1842,-0.0874,1.7209,2.1649,-1.9024,180.0000,imu
1785930497.112676,0.0917,35.9963264465332,28.833791732788086,0.1901,-0.1217,1.7151,2.1484,-1.9057,180.1875,imu
1785930497.112725,0.0000,36.549110412597656,29.093820571899414,0.1925,-0.1267,1.7151,2.1484,-1.9057,180.1875,imu
1785930497.112739,0.0000,37.64921951293945,29.568410873413086,0.1971,-0.1374,1.7151,2.1484,-1.9100,180.4375,imu
1785930497.112750,0.0000,37.4655647277832,29.752065658569336,0.1971,-0.1311,1.7151,2.1484,-1.9188,180.9375,imu
1785930497.112760,0.0000,38.20018005371094,29.752065658569336,0.1992,-0.1436,1.7151,2.1484,-1.9242,181.2500,imu
1785930497.272330,0.1596,38.38383483886719,29.935720443725586,0.2003,-0.1436,1.7039,2.1185,-1.9297,181.5625,imu
1785930497.571378,0.2990,38.20018005371094,29.752065658569336,0.1992,-0.1436,1.6825,2.0629,-1.9373,182.0000,imu
1785930497.571437,0.0001,37.821964263916016,28.00279998779297,0.1930,-0.1669,1.6825,2.0628,-1.9428,182.3125,imu
1785930497.622133,0.0507,37.27645492553711,25.27525520324707,0.1834,-0.2040,1.6791,2.0542,-1.9450,182.4375,imu
1785930497.622184,0.0001,37.0982551574707,24.609731674194336,0.1809,-0.2123,1.6791,2.0542,-1.9570,183.1250,imu
1785930497.622199,0.0000,36.54729080200195,23.87511444091797,0.1772,-0.2154,1.6791,2.0542,-1.9646,183.5625,imu
1785930497.622209,0.0000,36.54729080200195,23.69145965576172,0.1766,-0.2185,1.6791,2.0542,-1.9722,184.0000,imu
1785930497.622219,0.0000,36.54729080200195,23.50780487060547,0.1761,-0.2216,1.6791,2.0542,-1.9788,184.3750,imu
1785930497.622230,0.0000,36.3636360168457,23.50780487060547,0.1756,-0.2185,1.6791,2.0542,-1.9886,184.9375,imu
1785930497.622240,0.0000,36.19602966308594,23.536334991455078,0.1751,-0.2152,1.6791,2.0542,-1.9940,185.2500,imu
1785930497.790408,0.1682,36.17998123168945,23.32415008544922,0.1745,-0.2185,1.6669,2.0275,-2.0006,185.6250,imu
1785930498.034120,0.2437,35.81267166137695,23.14049530029297,0.1729,-0.2154,1.6491,1.9893,-2.0082,186.0625,imu
1785930498.285881,0.2518,35.9963264465332,23.50780487060547,0.1745,-0.2123,1.6298,1.9498,-2.0235,186.9375,imu
1785930498.343562,0.0577,35.81267166137695,23.14049530029297,0.1729,-0.2154,1.6254,1.9409,-2.0344,187.5625,imu
1785930498.689718,0.3462,35.2617073059082,19.65105628967285,0.1610,-0.2653,1.5999,1.8914,-2.0464,188.2500,imu
1785930499.113330,0.4236,34.5270881652832,0.9182736277580261,0.1039,-0.5713,1.5786,1.8528,-2.0737,189.8125,imu
1785930499.113381,0.0001,34.3902473449707,-0.0,0.1008,-0.5846,1.5786,1.8528,-2.1108,191.9375,imu
1785930499.113400,0.0000,34.34343338012695,-0.0,0.1007,-0.5838,1.5786,1.8528,-2.1446,193.8750,imu
1785930499.113412,0.0000,33.97612380981445,-0.0,0.0996,-0.5775,1.5786,1.8528,-2.1784,195.8125,imu
1785930499.113421,0.0000,34.36707305908203,-0.0,0.1008,-0.5842,1.5786,1.8528,-2.2144,197.8750,imu
1785930499.113431,0.0000,34.1597785949707,-0.0,0.1002,-0.5806,1.5786,1.8528,-2.2515,200.0000,imu
1785930499.113440,0.0000,33.7924690246582,-0.0,0.0991,-0.5744,1.5786,1.8528,-2.2853,201.9375,imu
1785930499.113448,0.0000,33.97612380981445,-0.0,0.0996,-0.5775,1.5786,1.8528,-2.3180,203.8125,imu
1785930499.113458,0.0000,33.97612380981445,-0.0,0.0996,-0.5775,1.5786,1.8528,-2.3529,205.8125,imu
1785930499.882379,0.7689,33.60881423950195,-0.0,0.0985,-0.5713,1.5235,1.8008,-2.3856,207.6875,imu
1785930499.882437,0.0001,33.60881423950195,-0.0,0.0985,-0.5713,1.5235,1.8008,-2.4206,209.6875,imu
1785930499.882451,0.0000,33.4251594543457,-0.0,0.0980,-0.5682,1.5235,1.8008,-2.4555,211.6875,imu
1785930499.882461,0.0000,33.3099250793457,13.143916130065918,0.1362,-0.3428,1.5235,1.8008,-2.4849,213.3750,imu
1785930499.882471,0.0000,33.60881423950195,24.05876922607422,0.1691,-0.1623,1.5235,1.8008,-2.4849,213.3750,imu
1785930499.882481,0.0000,33.24150466918945,23.14049530029297,0.1653,-0.1717,1.5235,1.8008,-2.4904,213.6875,imu
1785930499.882490,0.0000,33.24150466918945,23.32415008544922,0.1659,-0.1686,1.5235,1.8008,-2.4980,214.1250,imu
1785930499.882501,0.0000,33.0578498840332,23.14049530029297,0.1648,-0.1686,1.5235,1.8008,-2.5089,214.7500,imu
1785930499.882509,0.0000,33.0578498840332,22.95684051513672,0.1642,-0.1717,1.5235,1.8008,-2.5187,215.3125,imu
1785930499.882518,0.0000,32.6905403137207,22.58953094482422,0.1621,-0.1717,1.5235,1.8008,-2.5242,215.6250,imu
1785930500.042082,0.1596,32.912384033203125,23.82056427001953,0.1663,-0.1545,1.5017,1.7856,-2.5307,216.0000,imu
1785930500.140776,0.0987,33.60881423950195,27.36455535888672,0.1788,-0.1061,1.4872,1.7756,-2.5384,216.4375,imu
1785930500.247166,0.1064,34.0301399230957,29.168691635131836,0.1853,-0.0826,1.4710,1.7644,-2.5395,216.5000,imu
1785930500.349017,0.1019,33.4899787902832,32.0495491027832,0.1922,-0.0245,1.4548,1.7533,-2.5405,216.5625,imu
1785930500.438523,0.0895,33.0578498840332,32.13957595825195,0.1912,-0.0156,1.4407,1.7437,-2.5416,216.6250,imu
1785930500.438586,0.0001,31.221303939819336,31.772266387939453,0.1847,0.0094,1.4407,1.7437,-2.5427,216.6875,imu
1785930500.547446,0.1089,28.988637924194336,31.329336166381836,0.1769,0.0398,1.4248,1.7328,-2.5405,216.5625,imu
1785930500.708693,0.1612,27.728261947631836,30.789175033569336,0.1716,0.0520,1.4020,1.7171,-2.5384,216.4375,imu
1785930500.708746,0.0001,23.50780487060547,30.670339584350586,0.1589,0.1217,1.4020,1.7171,-2.5351,216.2500,imu
1785930500.840646,0.1319,0.7202146053314209,29.888906478881836,0.0898,0.4958,1.3924,1.7102,-2.5220,215.5000,imu
1785930501.053793,0.2131,-0.0,29.348745346069336,0.0861,0.4989,1.3776,1.6993,-2.5089,214.7500,imu
1785930501.053867,0.0001,-0.0,29.017446517944336,0.0851,0.4932,1.3776,1.6993,-2.4838,213.3125,imu
1785930501.145939,0.0921,-0.0,29.017446517944336,0.0851,0.4932,1.3715,1.6944,-2.4533,211.5625,imu
1785930501.199332,0.0534,-0.0,28.80858612060547,0.0845,0.4897,1.3681,1.6914,-2.4227,209.8125,imu
1785930501.264751,0.0654,-0.0,28.448476791381836,0.0834,0.4836,1.3642,1.6877,-2.3878,207.8125,imu
1785930501.314888,0.0501,-0.0,28.730146408081055,0.0842,0.4884,1.3612,1.6847,-2.3584,206.1250,imu
1785930501.411527,0.0966,-0.0,28.466482162475586,0.0835,0.4839,1.3556,1.6788,-2.3289,204.4375,imu
1785930501.506148,0.0946,-0.0,28.448476791381836,0.0834,0.4836,1.3504,1.6729,-2.2995,202.7500,imu
1785930501.657749,0.1516,-0.0,28.448476791381836,0.0834,0.4836,1.3422,1.6633,-2.2700,201.0625,imu
1785930501.673901,0.0162,18.54730987548828,28.18463706970215,0.1370,0.1638,1.3408,1.6615,-2.2493,199.8750,imu
1785930501.827906,0.1540,25.528005599975586,29.017446517944336,0.1599,0.0593,1.3254,1.6424,-2.2493,199.8750,imu
1785930501.885082,0.0572,28.833791732788086,29.752065658569336,0.1718,0.0156,1.3193,1.6346,-2.2329,198.9375,imu
1785930501.975118,0.0900,29.017446517944336,29.752065658569336,0.1723,0.0125,1.3100,1.6223,-2.2209,198.2500,imu
1785930502.143157,0.1680,29.935720443725586,29.935720443725586,0.1756,0.0000,1.2923,1.5987,-2.2144,197.8750,imu
1785930502.283180,0.1400,34.1597785949707,30.486684799194336,0.1896,-0.0624,1.2763,1.5774,-2.2155,197.9375,imu
1785930502.390933,0.1078,34.34343338012695,30.670339584350586,0.1906,-0.0624,1.2640,1.5610,-2.2144,197.8750,imu
1785930502.491781,0.1008,34.73074722290039,30.54850959777832,0.1914,-0.0711,1.2524,1.5456,-2.2144,197.8750,imu
1785930502.631069,0.1393,34.71074295043945,30.670339584350586,0.1917,-0.0687,1.2367,1.5240,-2.1980,196.9375,imu
1785930502.706771,0.0757,34.5270881652832,30.670339584350586,0.1912,-0.0656,1.2286,1.5120,-2.1697,195.3125,imu
1785930502.787658,0.0809,34.3902473449707,30.789175033569336,0.1911,-0.0612,1.2202,1.4990,-2.1402,193.6250,imu
1785930502.837686,0.0500,34.34343338012695,30.670339584350586,0.1906,-0.0624,1.2151,1.4910,-2.1413,193.6875,imu
1785930502.904716,0.0670,34.185237884521484,30.7303466796875,0.1903,-0.0587,1.2082,1.4802,-2.1424,193.7500,imu
1785930503.066125,0.1614,34.1597785949707,30.670339584350586,0.1901,-0.0593,1.1921,1.4541,-2.1238,192.6875,imu
1785930503.201582,0.1355,33.97612380981445,30.853992462158203,0.1901,-0.0531,1.1794,1.4317,-2.0835,190.3750,imu
1785930503.298203,0.0966,33.60881423950195,30.303028106689453,0.1874,-0.0562,1.1712,1.4155,-2.0409,187.9375,imu
1785930503.500757,0.2026,33.24150466918945,27.18090057373047,0.1772,-0.1030,1.1563,1.3829,-2.0006,185.6250,imu
1785930503.829668,0.3289,32.4096565246582,24.127187728881836,0.1658,-0.1408,1.1355,1.3325,-1.9613,183.3750,imu
1785930503.829722,0.0001,32.50688552856445,23.87511444091797,0.1653,-0.1467,1.1355,1.3325,-1.9275,181.4375,imu
1785930504.073780,0.2441,32.13957595825195,24.05876922607422,0.1648,-0.1374,1.1229,1.2943,-1.8893,179.2500,imu
1785930504.073831,0.0001,31.955923080444336,23.32415008544922,0.1621,-0.1467,1.1229,1.2943,-1.8555,177.3125,imu
1785930504.073845,0.0000,31.955923080444336,23.14049530029297,0.1616,-0.1498,1.1229,1.2943,-1.8250,175.5625,imu
1785930504.235532,0.1617,31.689441680908203,21.9665470123291,0.1573,-0.1653,1.1173,1.2695,-1.7922,173.6875,imu
1785930504.279981,0.0444,31.404958724975586,20.01836395263672,0.1508,-0.1935,1.1161,1.2629,-1.7606,171.8750,imu
1785930504.433931,0.1540,31.221303939819336,20.01836395263672,0.1502,-0.1904,1.1123,1.2401,-1.7322,170.2500,imu
1785930504.596388,0.1625,31.037647247314453,18.54912757873535,0.1454,-0.2123,1.1092,1.2167,-1.7061,168.7500,imu
1785930504.596448,0.0001,30.912181854248047,1.0910181999206543,0.0938,-0.5069,1.1092,1.2166,-1.6930,168.0000,imu
1785930504.751804,0.1554,30.486684799194336,-0.0,0.0894,-0.5182,1.1075,1.2029,-1.6908,167.8750,imu
1785930504.751848,0.0000,30.303028106689453,-0.0,0.0889,-0.5151,1.1075,1.2029,-1.6919,167.9375,imu
1785930504.807650,0.0558,30.429067611694336,-0.0,0.0892,-0.5172,1.1069,1.1979,-1.6995,168.3750,imu
1785930504.859220,0.0516,30.068960189819336,-0.0,0.0882,-0.5111,1.1062,1.1934,-1.7061,168.7500,imu
1785930505.055360,0.1961,26.002599716186523,-18.54730987548828,0.0219,-0.7573,1.1056,1.1892,-1.7213,169.6250,imu
1785930505.612902,0.5575,24.66735076904297,-26.46788787841797,-0.0053,-0.8692,1.1062,1.1921,-1.7595,171.8125,imu
1785930505.613020,0.0001,25.27525520324707,-25.63892936706543,-0.0011,-0.8654,1.1062,1.1921,-1.7999,174.1250,imu
1785930505.613048,0.0000,25.02745819091797,-26.287832260131836,-0.0037,-0.8723,1.1062,1.1921,-1.8359,176.1875,imu
1785930505.613072,0.0000,25.02745819091797,-26.10778045654297,-0.0032,-0.8692,1.1062,1.1921,-1.8719,178.2500,imu
1785930505.613095,0.0000,24.911582946777344,-26.002599716186523,-0.0032,-0.8654,1.1062,1.1921,-1.9155,180.7500,imu
1785930505.613117,0.0000,25.02745819091797,-25.92772674560547,-0.0026,-0.8661,1.1062,1.1921,-1.9526,182.8750,imu
1785930505.613140,0.0000,24.729745864868164,-26.002599716186523,-0.0037,-0.8623,1.1062,1.1921,-1.9940,185.2500,imu
1785930505.613162,0.0000,24.66735076904297,-25.74767303466797,-0.0032,-0.8570,1.1062,1.1921,-2.0399,187.8750,imu
1785930505.651420,0.0383,24.366071701049805,-25.27525520324707,-0.0027,-0.8438,1.1062,1.1922,-2.0889,190.6875,imu
1785930505.707307,0.0559,24.366071701049805,-24.911582946777344,-0.0016,-0.8376,1.1063,1.1922,-2.1446,193.8750,imu
1785930505.770562,0.0633,23.22692108154297,-23.76708221435547,-0.0016,-0.7988,1.1063,1.1923,-2.1969,196.8750,imu
1785930505.809696,0.0391,23.22692108154297,-24.30724334716797,-0.0032,-0.8080,1.1064,1.1924,-2.2427,199.5000,imu
1785930505.881498,0.0718,23.04686737060547,-23.22692108154297,-0.0005,-0.7866,1.1064,1.1924,-2.3027,202.9375,imu
1785930506.012244,0.1307,24.18423843383789,-24.547908782958984,-0.0011,-0.8283,1.1065,1.1925,-2.3551,205.9375,imu
1785930506.076067,0.0638,24.48729705810547,-25.02745819091797,-0.0016,-0.8417,1.1066,1.1926,-2.4031,208.6875,imu
1785930506.112898,0.0368,24.24242401123047,-25.16069793701172,-0.0027,-0.8398,1.1067,1.1927,-2.4566,211.7500,imu
1785930506.179198,0.0663,24.30724334716797,-25.02745819091797,-0.0021,-0.8386,1.1068,1.1927,-2.5133,215.0000,imu
1785930506.278652,0.0995,16.9250431060791,-27.188100814819336,-0.0301,-0.7498,1.1093,1.1944,-2.5645,217.9375,imu
1785930506.377631,0.0990,-0.0,-32.3232307434082,-0.0948,-0.5494,1.1173,1.1992,-2.5962,219.7500,imu
1785930506.486198,0.1086,-0.0,-32.13957595825195,-0.0942,-0.5463,1.1262,1.2043,-2.6245,221.3750,imu
1785930506.575625,0.0894,-0.0,-31.955923080444336,-0.0937,-0.5432,1.1336,1.2082,-2.6616,223.5000,imu
1785930506.689750,0.1141,23.14049530029297,-26.62993621826172,-0.0102,-0.8460,1.1347,1.2087,-2.6944,225.3750,imu
1785930506.828393,0.1386,29.52880096435547,-25.02745819091797,0.0132,-0.9273,1.1330,1.2080,-2.7522,228.6875,imu
1785930506.933075,0.1047,28.282827377319336,-24.05876922607422,0.0124,-0.8897,1.1318,1.2076,-2.8143,232.2500,imu
1785930507.007348,0.0743,26.997243881225586,-23.50780487060547,0.0102,-0.8585,1.1310,1.2074,-2.8612,234.9375,imu
1785930507.193075,0.1857,26.184436798095703,-22.365873336791992,0.0112,-0.8253,1.1290,1.2069,-2.9147,238.0000,imu
1785930507.394150,0.2011,25.528005599975586,-21.85491180419922,0.0108,-0.8054,1.1269,1.2065,-2.9660,240.9375,imu
1785930507.400160,0.0060,23.82056427001953,-20.729347229003906,0.0091,-0.7573,1.1268,1.2065,-3.0074,243.3125,imu
1785930507.660330,0.2602,6.842039108276367,-6.121824264526367,0.0021,-0.2204,1.1263,1.2064,-3.0380,245.0625,imu
1785930507.660433,0.0001,-0.0,-0.0,-0.0000,0.0000,1.1263,1.2064,-3.0347,244.8750,imu
1785930507.760429,0.1000,-0.0,-0.0,-0.0000,0.0000,1.1263,1.2064,-3.0347,244.8750,imu
1785930507.967222,0.2068,-0.0,-0.0,-0.0000,0.0000,1.1263,1.2064,-3.0347,244.8750,imu
1785930508.161693,0.1945,-8.28246784210205,7.562252998352051,-0.0021,0.2693,1.1267,1.2065,-3.0347,244.8750,imu
1785930508.328017,0.1663,-26.002599716186523,25.09341812133789,-0.0027,0.8685,1.1271,1.2065,-3.0052,243.1875,imu
1785930508.420030,0.0920,-24.609731674194336,23.14049530029297,-0.0043,0.8117,1.1275,1.2066,-2.9769,241.5625,imu
1785930508.521556,0.1015,-25.528005599975586,24.05876922607422,-0.0043,0.8429,1.1279,1.2067,-2.9332,239.0625,imu
1785930508.675795,0.1542,-27.18090057373047,25.71166229248047,-0.0043,0.8991,1.1286,1.2069,-2.8798,236.0000,imu
1785930508.694237,0.0184,-27.18090057373047,25.89531707763672,-0.0038,0.9022,1.1287,1.2069,-2.8307,233.1875,imu
1785930508.776978,0.0827,-26.62993621826172,25.71166229248047,-0.0027,0.8897,1.1289,1.2070,-2.7783,230.1875,imu
1785930508.888058,0.1111,-26.997243881225586,25.16069793701172,-0.0054,0.8866,1.1294,1.2072,-2.7162,226.6250,imu
1785930509.339183,0.4511,-26.82799530029297,25.567617416381836,-0.0037,0.8906,1.1309,1.2080,-2.6649,223.6875,imu
1785930509.339248,0.0001,-26.46788787841797,25.20751190185547,-0.0037,0.8784,1.1309,1.2080,-2.6114,220.6250,imu
1785930509.340313,0.0011,-26.262624740600586,24.97704315185547,-0.0038,0.8710,1.1309,1.2080,-2.5645,217.9375,imu
1785930509.511801,0.1715,-26.10778045654297,25.02745819091797,-0.0032,0.8692,1.1313,1.2083,-2.5089,214.7500,imu
1785930509.758563,0.2468,-25.74767303466797,24.66735076904297,-0.0032,0.8570,1.1319,1.2088,-2.4598,211.9375,imu
1785930510.007256,0.2487,-25.89531707763672,25.16069793701172,-0.0022,0.8678,1.1323,1.2092,-2.4042,208.7500,imu
1785930510.014495,0.0072,-24.911582946777344,23.638729095458984,-0.0037,0.8253,1.1324,1.2092,-2.3529,205.8125,imu
1785930510.314888,0.3004,-24.30724334716797,23.22692108154297,-0.0032,0.8080,1.1330,1.2099,-2.3027,202.9375,imu
1785930510.775225,0.4603,-24.66735076904297,23.4069766998291,-0.0037,0.8172,1.1341,1.2112,-2.2526,200.0625,imu
1785930510.775671,0.0004,-24.42607879638672,23.32415008544922,-0.0032,0.8117,1.1341,1.2112,-2.2035,197.2500,imu
1785930510.824638,0.0490,-23.22692108154297,22.6867618560791,-0.0016,0.7804,1.1341,1.2113,-2.1511,194.2500,imu
1785930511.604217,0.7796,-22.4058780670166,21.48760223388672,-0.0027,0.7461,1.1352,1.2131,-2.1031,191.5000,imu
1785930511.604323,0.0001,-21.78649139404297,21.2463321685791,-0.0016,0.7315,1.1352,1.2131,-2.0584,188.9375,imu
1785930512.067567,0.4632,-21.6712589263916,20.75298309326172,-0.0027,0.7211,1.1357,1.2142,-2.0180,186.6250,imu
1785930512.103721,0.0362,-21.6712589263916,20.75298309326172,-0.0027,0.7211,1.1357,1.2143,-1.9744,184.1250,imu
1785930512.785895,0.6822,-21.42638397216797,20.7061710357666,-0.0021,0.7162,1.1363,1.2156,-1.9308,181.6250,imu
1785930512.785949,0.0001,-19.9859561920166,18.9056339263916,-0.0032,0.6611,1.1363,1.2156,-1.8893,179.2500,imu
1785930513.695660,0.9097,-0.7273454666137695,0.9091818928718567,0.0005,0.0278,1.1361,1.2152,-1.8762,178.5000,imu
1785930513.695719,0.0001,-0.9091818928718567,7.63712739944458,0.0197,0.1453,1.1361,1.2152,-1.8784,178.6250,imu
1785930513.695733,0.0000,36.5508918762207,33.3099250793457,0.2048,-0.0551,1.1361,1.2152,-1.8642,177.8125,imu
1785930513.695745,0.0000,35.8306770324707,33.3099250793457,0.2027,-0.0428,1.1361,1.2152,-1.8675,178.0000,imu
1785930513.695756,0.0000,35.458091735839844,32.912384033203125,0.2005,-0.0433,1.1361,1.2152,-1.8653,177.8750,imu
1785930513.736157,0.0404,35.094417572021484,33.09421920776367,0.1999,-0.0340,1.1338,1.2075,-1.8664,177.9375,imu
1785930513.736183,0.0000,-21.78649139404297,23.04686737060547,0.0037,0.7621,1.1338,1.2075,-1.8511,177.0625,imu
1785930513.736196,0.0000,-24.127187728881836,22.32665252685547,-0.0053,0.7896,1.1338,1.2075,-1.8162,175.0625,imu
1785930513.736206,0.0000,-16.0247745513916,22.50670623779297,0.0190,0.6550,1.1338,1.2075,-1.7802,173.0000,imu
1785930513.736221,0.0000,29.348745346069336,30.429067611694336,0.1753,0.0184,1.1338,1.2074,-1.7431,170.8750,imu
1785930513.763728,0.0275,29.52880096435547,31.509389877319336,0.1790,0.0337,1.1329,1.2026,-1.7344,170.3750,imu
1785930513.957500,0.1938,30.068960189819336,31.509389877319336,0.1806,0.0245,1.1277,1.1680,-1.7224,169.6875,imu
1785930513.957552,0.0001,33.7924690246582,31.955923080444336,0.1928,-0.0312,1.1277,1.1680,-1.7137,169.1875,imu
1785930513.957566,0.0000,33.8500862121582,31.869497299194336,0.1927,-0.0337,1.1277,1.1680,-1.7072,168.8125,imu
1785930513.957576,0.0000,34.5703010559082,28.988637924194336,0.1864,-0.0949,1.1277,1.1680,-1.7039,168.6250,imu
1785930513.957585,0.0000,34.36707305908203,29.093820571899414,0.1861,-0.0896,1.1277,1.1680,-1.7017,168.5000,imu
1785930513.957595,0.0000,33.7924690246582,15.794305801391602,0.1454,-0.3059,1.1277,1.1680,-1.6995,168.3750,imu
1785930513.957604,0.0000,32.4096565246582,0.18005365133285522,0.0956,-0.5478,1.1277,1.1680,-1.7181,169.4375,imu
1785930513.957613,0.0000,32.3232307434082,-0.0,0.0948,-0.5494,1.1277,1.1680,-1.7442,170.9375,imu
1785930513.957623,0.0000,32.13957595825195,-0.0,0.0942,-0.5463,1.1277,1.1680,-1.7704,172.4375,imu
1785930513.957632,0.0000,32.22960662841797,-0.0,0.0945,-0.5478,1.1277,1.1680,-1.7922,173.6875,imu
1785930514.070132,0.1125,-12.910381317138672,16.728944778442383,0.0112,0.5038,1.1274,1.1668,-1.7955,173.8750,imu
1785930514.162199,0.0921,-26.44628143310547,24.05876922607422,-0.0070,0.8585,1.1275,1.1674,-1.7573,171.6875,imu
1785930514.321465,0.1593,-11.883541107177734,27.008047103881836,0.0443,0.6611,1.1264,1.1604,-1.7279,170.0000,imu
1785930514.408959,0.0875,13.590450286865234,30.486684799194336,0.1292,0.2872,1.1249,1.1492,-1.7039,168.6250,imu
1785930514.409097,0.0001,26.44628143310547,31.037647247314453,0.1686,0.0780,1.1249,1.1492,-1.6984,168.3125,imu
1785930514.409117,0.0000,27.731863021850586,31.588611602783203,0.1739,0.0656,1.1249,1.1492,-1.6908,167.8750,imu
1785930514.409129,0.0000,29.752065658569336,31.772266387939453,0.1804,0.0343,1.1249,1.1492,-1.6886,167.7500,imu
1785930514.409139,0.0000,20.5261173248291,21.9665470123291,0.1246,0.0245,1.1249,1.1492,-1.6853,167.5625,imu
1785930514.409150,0.0000,-0.0,0.18005365133285522,0.0005,0.0031,1.1249,1.1492,-1.6755,167.0000,imu
1785930514.409163,0.0000,-0.0,-0.0,-0.0000,0.0000,1.1249,1.1492,-1.6853,167.5625,imu
1785930514.409172,0.0000,1.8005366325378418,-1.8005366325378418,0.0000,-0.0612,1.1249,1.1492,-1.6842,167.5000,imu
1785930514.563104,0.1539,28.099172592163086,-26.44628143310547,0.0048,-0.9272,1.1248,1.1484,-1.7028,168.5625,imu
1785930514.786186,0.2231,26.82799530029297,-25.20751190185547,0.0048,-0.8845,1.1246,1.1474,-1.7475,171.1250,imu
1785930514.786276,0.0001,26.813589096069336,-25.16069793701172,0.0048,-0.8835,1.1246,1.1474,-1.7999,174.1250,imu
1785930514.786292,0.0000,26.813589096069336,-25.344350814819336,0.0043,-0.8866,1.1246,1.1474,-1.8610,177.6250,imu
1785930514.786304,0.0000,26.813589096069336,-24.97704315185547,0.0054,-0.8803,1.1246,1.1474,-1.9220,181.1250,imu
1785930514.919964,0.1337,27.18090057373047,-25.344350814819336,0.0054,-0.8928,1.1243,1.1467,-1.9799,184.4375,imu
1785930514.983952,0.0640,26.997243881225586,-25.528005599975586,0.0043,-0.8928,1.1242,1.1465,-2.0399,187.8750,imu
1785930515.031945,0.0480,26.813589096069336,-24.793386459350586,0.0059,-0.8772,1.1241,1.1462,-2.1020,191.4375,imu
1785930515.123926,0.0920,27.008047103881836,-25.20751190185547,0.0053,-0.8876,1.1238,1.1458,-2.1588,194.6875,imu
1785930515.177634,0.0537,27.18090057373047,-24.97704315185547,0.0065,-0.8866,1.1236,1.1456,-2.2144,197.8750,imu
1785930515.277198,0.0996,26.72994613647461,-24.911582946777344,0.0053,-0.8778,1.1232,1.1452,-2.2678,200.9375,imu
1785930515.300801,0.0236,26.813589096069336,-24.793386459350586,0.0059,-0.8772,1.1231,1.1451,-2.3267,204.3125,imu
1785930515.441007,0.1402,26.997243881225586,-25.16069793701172,0.0054,-0.8866,1.1226,1.1445,-2.3856,207.6875,imu
1785930515.637499,0.1965,26.82799530029297,-24.66735076904297,0.0063,-0.8753,1.1216,1.1437,-2.4304,210.2500,imu
1785930515.754960,0.1175,26.262624740600586,-24.609731674194336,0.0048,-0.8647,1.1212,1.1434,-2.4784,213.0000,imu
1785930515.809606,0.0546,25.71166229248047,-23.50780487060547,0.0065,-0.8366,1.1209,1.1432,-2.5242,215.6250,imu
1785930515.859636,0.0500,24.97704315185547,-23.69145965576172,0.0038,-0.8273,1.1207,1.1431,-2.5755,218.5625,imu
1785930515.912524,0.0529,24.30724334716797,-22.6867618560791,0.0048,-0.7988,1.1205,1.1429,-2.6234,221.3125,imu
1785930516.119533,0.2070,22.50670623779297,-21.2463321685791,0.0037,-0.7437,1.1198,1.1426,-2.6813,224.6250,imu
1785930516.204051,0.0845,28.08837127685547,15.124505996704102,0.1267,-0.2204,1.1101,1.1382,-2.7151,226.5625,imu
1785930516.471661,0.2676,31.689441680908203,29.168691635131836,0.1784,-0.0428,1.0666,1.1185,-2.7162,226.6250,imu
1785930516.561403,0.0897,9.81916332244873,-18.910982131958008,-0.0267,-0.4884,1.0688,1.1195,-2.7074,226.1250,imu
1785930516.621511,0.0601,-0.0,-33.4251594543457,-0.0980,-0.5682,1.0742,1.1219,-2.7249,227.1250,imu
1785930516.826275,0.2048,0.6865597367286682,-32.61158752441406,-0.0936,-0.5660,1.0919,1.1292,-2.7478,228.4375,imu
1785930516.939043,0.1128,32.13957595825195,-23.14049530029297,0.0264,-0.9397,1.0891,1.1282,-2.7827,230.4375,imu
1785930517.041121,0.1021,31.772266387939453,-21.85491180419922,0.0291,-0.9116,1.0862,1.1273,-2.8438,233.9375,imu
1785930517.138202,0.0971,31.689441680908203,-21.42638397216797,0.0301,-0.9029,1.0834,1.1266,-2.9027,237.3125,imu
1785930517.245756,0.1076,32.13957595825195,-7.346189022064209,0.0727,-0.6712,1.0757,1.1251,-2.9442,239.6875,imu
1785930517.376369,0.1306,32.22960662841797,18.3654727935791,0.1484,-0.2357,1.0567,1.1215,-2.9583,240.5000,imu
1785930517.484215,0.1078,17.1050968170166,12.423701286315918,0.0866,-0.0796,1.0475,1.1199,-2.9638,240.8125,imu
1785930517.595587,0.1114,-0.0,-0.0,-0.0000,0.0000,1.0475,1.1199,-2.9627,240.7500,imu
1785930517.756365,0.1608,-0.0,-0.0,-0.0000,0.0000,1.0475,1.1199,-2.9671,241.0000,imu
1785930517.999786,0.2434,-0.0,-0.0,-0.0000,0.0000,1.0475,1.1199,-2.9649,240.8750,imu
1785930518.056614,0.0568,-0.0,-0.0,-0.0000,0.0000,1.0475,1.1199,-2.9649,240.8750,imu
1785930518.056894,0.0003,-16.9250431060791,16.2048282623291,-0.0021,0.5631,1.0475,1.1199,-2.9551,240.3125,imu
1785930518.056926,0.0000,-25.20751190185547,23.94713592529297,-0.0037,0.8355,1.0475,1.1199,-2.9169,238.1250,imu
1785930518.056942,0.0000,-25.20751190185547,23.94713592529297,-0.0037,0.8355,1.0475,1.1199,-2.8689,235.3750,imu
1785930518.056955,0.0000,-25.74767303466797,24.66735076904297,-0.0032,0.8570,1.0475,1.1199,-2.8122,232.1250,imu
1785930518.148539,0.0916,-25.567617416381836,24.847402572631836,-0.0021,0.8570,1.0477,1.1200,-2.7445,228.2500,imu
1785930518.260407,0.1119,-26.46788787841797,25.38756561279297,-0.0032,0.8814,1.0480,1.1201,-2.6954,225.4375,imu
1785930518.318417,0.0580,-26.91178321838379,25.45709228515625,-0.0043,0.8902,1.0482,1.1202,-2.6496,222.8125,imu
1785930518.409612,0.0912,-26.184436798095703,25.09341812133789,-0.0032,0.8716,1.0485,1.1204,-2.5973,219.8125,imu
1785930518.455100,0.0455,-25.92772674560547,25.20751190185547,-0.0021,0.8692,1.0485,1.1204,-2.5307,216.0000,imu
1785930518.515086,0.0600,-25.71166229248047,25.16069793701172,-0.0016,0.8647,1.0486,1.1205,-2.4686,212.4375,imu
1785930518.577984,0.0629,-26.078969955444336,24.793386459350586,-0.0038,0.8647,1.0488,1.1207,-2.4096,209.0625,imu
1785930518.678788,0.1008,-26.002599716186523,25.09341812133789,-0.0027,0.8685,1.0490,1.1208,-2.3475,205.5000,imu
1785930518.864810,0.1860,-25.344350814819336,24.793386459350586,-0.0016,0.8522,1.0492,1.1211,-2.2907,202.2500,imu
1785930518.978325,0.1135,-25.528005599975586,24.24242401123047,-0.0038,0.8460,1.0494,1.1214,-2.2351,199.0625,imu
1785930519.141120,0.1628,-24.784473419189453,23.8929443359375,-0.0026,0.8274,1.0497,1.1218,-2.1849,196.1875,imu
1785930519.141171,0.0001,-24.609731674194336,23.50780487060547,-0.0032,0.8179,1.0497,1.1218,-2.1348,193.3125,imu
1785930519.271836,0.1307,-23.87511444091797,22.95684051513672,-0.0027,0.7960,1.0499,1.1221,-2.0857,190.5000,imu
1785930519.337368,0.0655,-22.58953094482422,21.48760223388672,-0.0032,0.7492,1.0499,1.1222,-2.0344,187.5625,imu
1785930519.440352,0.1030,-21.85491180419922,21.12029457092285,-0.0022,0.7305,1.0500,1.1225,-1.9908,185.0625,imu
1785930519.646343,0.2060,20.3460636138916,26.64794158935547,0.1378,0.1071,1.0394,1.0961,-1.9548,183.0000,imu
1785930519.742360,0.0960,35.2617073059082,30.670339584350586,0.1933,-0.0780,1.0324,1.0789,-1.9580,183.1875,imu
1785930519.834971,0.0926,35.81267166137695,30.853992462158203,0.1955,-0.0843,1.0256,1.0622,-1.9570,183.1250,imu
1785930519.936635,0.1017,35.6290168762207,30.670339584350586,0.1944,-0.0843,1.0181,1.0439,-1.9580,183.1875,imu
1785930520.007752,0.0711,36.9109992980957,28.628530502319336,0.1922,-0.1408,1.0129,1.0312,-1.9602,183.3125,imu
1785930520.204431,0.1967,36.5508918762207,26.82799530029297,0.1858,-0.1653,0.9989,0.9975,-1.9646,183.5625,imu
1785930520.247995,0.0436,36.00360107421875,25.820762634277344,0.1813,-0.1731,0.9958,0.9902,-1.9744,184.1250,imu
1785930520.397629,0.1496,34.7503547668457,21.06627655029297,0.1637,-0.2326,0.9860,0.9678,-1.9809,184.5000,imu
1785930520.503532,0.1059,34.71074295043945,1.2855830192565918,0.1055,-0.5682,0.9813,0.9576,-2.0049,185.8750,imu
1785930520.625737,0.1222,29.52880096435547,-18.72557830810547,0.0317,-0.8202,0.9796,0.9542,-2.0453,188.1875,imu
1785930520.757830,0.1321,27.82096290588379,-25.63892936706543,0.0064,-0.9087,0.9791,0.9534,-2.0977,191.1875,imu
1785930520.976463,0.2186,28.00279998779297,-25.27525520324707,0.0080,-0.9056,0.9782,0.9520,-2.1478,194.0625,imu
1785930521.072430,0.0960,27.91551971435547,-24.97704315185547,0.0086,-0.8991,0.9777,0.9513,-2.1969,196.8750,imu
1785930521.139254,0.0668,27.731863021850586,-24.793386459350586,0.0086,-0.8928,0.9773,0.9509,-2.2460,199.6875,imu
1785930521.218174,0.0789,27.36455535888672,-24.97704315185547,0.0070,-0.8897,0.9770,0.9504,-2.2940,202.4375,imu
1785930521.319183,0.1010,27.36815643310547,-24.847402572631836,0.0074,-0.8876,0.9765,0.9499,-2.3431,205.2500,imu
1785930521.375024,0.0558,27.18090057373047,-24.793386459350586,0.0070,-0.8835,0.9762,0.9496,-2.3911,208.0000,imu
1785930521.488236,0.1132,27.18090057373047,-24.24242401123047,0.0086,-0.8741,0.9754,0.9490,-2.4424,210.9375,imu
1785930521.627366,0.1391,25.89531707763672,-23.50780487060547,0.0070,-0.8398,0.9746,0.9484,-2.4947,213.9375,imu
1785930521.748056,0.1207,24.366071701049805,-21.45669174194336,0.0085,-0.7789,0.9738,0.9479,-2.5482,217.0000,imu
1785930521.946913,0.1989,24.05876922607422,-21.6712589263916,0.0070,-0.7773,0.9726,0.9471,-2.5984,219.8750,imu
1785930522.191894,0.2450,25.89531707763672,-22.95684051513672,0.0086,-0.8304,0.9707,0.9461,-2.6442,222.5000,imu
1785930522.600303,0.4084,27.548208236694336,-24.793386459350586,0.0081,-0.8897,0.9678,0.9447,-2.7042,225.9375,imu
1785930522.804662,0.2044,27.63736343383789,-25.14108657836914,0.0073,-0.8971,0.9664,0.9442,-2.7642,229.3750,imu
1785930522.913107,0.1084,27.36815643310547,-24.847402572631836,0.0074,-0.8876,0.9656,0.9439,-2.8154,232.3125,imu
1785930523.014058,0.1010,27.188100814819336,-24.30724334716797,0.0084,-0.8753,0.9648,0.9437,-2.8700,235.4375,imu
1785930523.112309,0.0983,24.97704315185547,-22.4058780670166,0.0075,-0.8054,0.9641,0.9435,-2.9223,238.4375,imu
1785930523.275897,0.1636,22.22222137451172,-20.01836395263672,0.0065,-0.7180,0.9630,0.9433,-2.9682,241.0625,imu
1785930523.377404,0.1015,22.32665252685547,-19.8059024810791,0.0074,-0.7162,0.9623,0.9433,-3.0194,244.0000,imu
1785930523.492543,0.1151,22.4058780670166,-19.83470916748047,0.0075,-0.7180,0.9614,0.9432,-3.0674,246.7500,imu
1785930523.727669,0.2351,23.456892013549805,-9.455491065979004,0.0411,-0.5594,0.9518,0.9430,-3.1176,249.6250,imu
1785930523.727721,0.0001,32.13957595825195,30.119375228881836,0.1826,-0.0343,0.9517,0.9430,3.1383,251.1875,imu
1785930523.727738,0.0000,32.22960662841797,28.08837127685547,0.1769,-0.0704,0.9517,0.9430,-3.1405,250.9375,imu
1785930523.727748,0.0000,32.912384033203125,32.36687469482422,0.1914,-0.0093,0.9517,0.9430,-3.1405,250.9375,imu
1785930523.727766,0.0000,33.24150466918945,33.97612380981445,0.1971,0.0125,0.9517,0.9430,-3.1372,250.7500,imu
1785930523.727776,0.0000,33.1298713684082,33.8500862121582,0.1964,0.0122,0.9517,0.9430,-3.1350,250.6250,imu
1785930523.727786,0.0000,31.588611602783203,34.8943977355957,0.1949,0.0562,0.9517,0.9430,-3.1318,250.4375,imu
1785930523.727795,0.0000,27.728261947631836,34.0301399230957,0.1811,0.1071,0.9517,0.9430,-3.1252,250.0625,imu
1785930523.727804,0.0000,28.18463706970215,34.185237884521484,0.1829,0.1020,0.9517,0.9430,-3.1198,249.7500,imu
1785930523.727814,0.0000,9.81916332244873,33.09421920776367,0.1258,0.3956,0.9517,0.9430,-3.1100,249.1875,imu
1785930523.794772,0.0670,-0.0,32.5897102355957,0.0956,0.5540,0.9453,0.9426,-3.0838,247.6875,imu
1785930524.036645,0.2419,-0.0,32.185035705566406,0.0944,0.5471,0.9226,0.9407,-3.0565,246.1250,imu
1785930524.247452,0.2108,-19.4674015045166,28.099172592163086,0.0253,0.8085,0.9173,0.9400,-3.0205,244.0625,imu
1785930524.499848,0.2524,-27.548208236694336,26.46788787841797,-0.0032,0.9182,0.9181,0.9401,-2.9660,240.9375,imu
1785930524.751920,0.2521,-26.64794158935547,26.46788787841797,-0.0005,0.9029,0.9182,0.9402,-2.9082,237.6250,imu
1785930525.010667,0.2587,-27.008047103881836,26.82799530029297,-0.0005,0.9151,0.9184,0.9402,-2.8460,234.0625,imu
1785930525.270221,0.2596,-26.46788787841797,26.64794158935547,0.0005,0.9029,0.9182,0.9402,-2.7903,230.8750,imu
1785930525.271071,0.0008,-26.64794158935547,26.82799530029297,0.0005,0.9090,0.9182,0.9402,-2.7293,227.3750,imu
1785930525.530889,0.2598,-26.82799530029297,26.82799530029297,0.0000,0.9120,0.9182,0.9402,-2.6747,224.2500,imu
1785930526.032892,0.5020,-26.64794158935547,26.82799530029297,0.0005,0.9090,0.9180,0.9400,-2.6180,221.0000,imu
1785930526.257429,0.2245,-26.078969955444336,26.44628143310547,0.0011,0.8928,0.9178,0.9399,-2.5591,217.6250,imu
1785930526.508336,0.2509,-26.002599716186523,26.54810905456543,0.0016,0.8933,0.9175,0.9397,-2.4915,213.7500,imu
1785930526.759472,0.2511,-26.46788787841797,26.46788787841797,0.0000,0.8998,0.9175,0.9397,-2.4315,210.3125,imu
1785930527.005274,0.2458,-26.287832260131836,26.64794158935547,0.0011,0.8998,0.9173,0.9395,-2.3671,206.6250,imu
1785930527.281612,0.2763,-25.567617416381836,26.287832260131836,0.0021,0.8814,0.9169,0.9390,-2.3049,203.0625,imu
1785930527.281667,0.0001,-25.74767303466797,25.92772674560547,0.0005,0.8784,0.9169,0.9390,-2.2493,199.8750,imu
1785930527.281681,0.0000,-25.89531707763672,26.262624740600586,0.0011,0.8866,0.9169,0.9390,-2.1926,196.6250,imu
1785930527.281692,0.0000,-25.71166229248047,25.89531707763672,0.0005,0.8772,0.9169,0.9390,-2.1391,193.5625,imu
1785930527.281702,0.0000,-25.89531707763672,25.89531707763672,0.0000,0.8803,0.9169,0.9390,-2.0879,190.6250,imu
1785930527.281713,0.0000,-25.38756561279297,25.567617416381836,0.0005,0.8661,0.9169,0.9390,-2.0344,187.5625,imu
1785930527.281723,0.0000,-25.344350814819336,25.344350814819336,0.0000,0.8616,0.9169,0.9390,-1.9820,184.5625,imu
1785930527.281732,0.0000,-25.02745819091797,25.02745819091797,0.0000,0.8508,0.9169,0.9390,-1.9308,181.6250,imu
1785930527.330775,0.0490,-24.609731674194336,25.16069793701172,0.0016,0.8460,0.9169,0.9390,-1.8784,178.6250,imu
1785930527.589726,0.2590,-24.793386459350586,24.97704315185547,0.0005,0.8460,0.9168,0.9388,-1.8250,175.5625,imu
1785930528.766080,1.1764,-24.609731674194336,24.609731674194336,0.0000,0.8366,0.9168,0.9388,-1.7737,172.6250,imu
1785930528.867986,0.1019,-24.42607879638672,24.609731674194336,0.0005,0.8335,0.9168,0.9388,-1.7268,169.9375,imu
1785930529.215907,0.3479,-24.547908782958984,24.366071701049805,-0.0005,0.8314,0.9168,0.9390,-1.6766,167.0625,imu
1785930529.367288,0.1514,-23.456892013549805,23.456892013549805,0.0000,0.7974,0.9168,0.9390,-1.6286,164.3125,imu
1785930529.614764,0.2475,-23.32415008544922,23.50780487060547,0.0005,0.7960,0.9168,0.9388,-1.5806,161.5625,imu
1785930529.614816,0.0001,-23.34303092956543,23.34303092956543,0.0000,0.7936,0.9168,0.9388,-1.5283,158.5625,imu
1785930529.614830,0.0000,-22.58953094482422,22.4058780670166,-0.0005,0.7648,0.9168,0.9388,-1.4813,155.8750,imu
1785930529.614849,0.0000,-22.6867618560791,22.32665252685547,-0.0011,0.7651,0.9168,0.9388,-1.4377,153.3750,imu
1785930529.614858,0.0000,-22.4058780670166,22.58953094482422,0.0005,0.7648,0.9168,0.9388,-1.3897,150.6250,imu
1785930529.614868,0.0000,-22.4058780670166,22.4058780670166,0.0000,0.7617,0.9168,0.9388,-1.3417,147.8750,imu
1785930529.614878,0.0000,-22.03856658935547,22.22222137451172,0.0005,0.7523,0.9168,0.9388,-1.2970,145.3125,imu
1785930529.614888,0.0000,-21.06627655029297,20.88622283935547,-0.0005,0.7131,0.9168,0.9388,-1.2555,142.9375,imu
1785930529.614897,0.0000,-20.88622283935547,20.7061710357666,-0.0005,0.7070,0.9168,0.9388,-1.2163,140.6875,imu
1785930529.614906,0.0000,-20.2020206451416,20.9366397857666,0.0022,0.6993,0.9168,0.9388,-1.1694,138.0000,imu
1785930529.614915,0.0000,-19.83470916748047,19.4674015045166,-0.0011,0.6681,0.9168,0.9388,-1.1268,135.5625,imu
1785930529.614924,0.0000,-19.44579315185547,19.8059024810791,0.0011,0.6672,0.9168,0.9388,-1.0821,133.0000,imu
1785930529.614933,0.0000,-19.2657413482666,19.6258487701416,0.0011,0.6611,0.9168,0.9388,-1.0439,130.8125,imu
1785930529.614943,0.0000,-0.36010730266571045,22.14659881591797,0.0639,0.3826,0.9168,0.9388,-1.0057,128.6250,imu
1785930529.922330,0.3074,36.36727523803711,29.093820571899414,0.1919,-0.1236,0.9484,0.8890,-1.0057,128.6250,imu
1785930530.079252,0.1569,33.60881423950195,29.384756088256836,0.1847,-0.0718,0.9640,0.8645,-1.0047,128.5625,imu
1785930530.200378,0.1211,34.0301399230957,29.348745346069336,0.1858,-0.0796,0.9760,0.8455,-1.0079,128.7500,imu
1785930530.200429,0.0001,-34.91258239746094,-0.0,-0.1024,0.5934,0.9760,0.8455,-0.9479,125.3125,imu
1785930530.200444,0.0000,-34.7503547668457,-0.0,-0.1019,0.5907,0.9760,0.8455,-0.9087,123.0625,imu
1785930530.200455,0.0000,-34.7503547668457,-0.0,-0.1019,0.5907,0.9760,0.8455,-0.8738,121.0625,imu
1785930530.200464,0.0000,-34.7503547668457,-0.0,-0.1019,0.5907,0.9760,0.8455,-0.8399,119.1250,imu
1785930530.200474,0.0000,-34.3902473449707,-0.0,-0.1008,0.5846,0.9760,0.8455,-0.8050,117.1250,imu
1785930530.200484,0.0000,-34.5703010559082,-0.0,-0.1014,0.5876,0.9760,0.8455,-0.7658,114.8750,imu
1785930530.200493,0.0000,-34.2101936340332,-0.0,-0.1003,0.5815,0.9760,0.8455,-0.7276,112.6875,imu
1785930530.200502,0.0000,-34.2101936340332,-0.0,-0.1003,0.5815,0.9760,0.8455,-0.6927,110.6875,imu
1785930530.200511,0.0000,-33.97612380981445,-0.0,-0.0996,0.5775,0.9760,0.8455,-0.6534,108.4375,imu
1785930530.200520,0.0000,-33.8500862121582,-0.0,-0.0993,0.5754,0.9760,0.8455,-0.6152,106.2500,imu
1785930530.352562,0.1520,-31.509389877319336,9.18273639678955,-0.0655,0.6917,0.9677,0.8510,-0.5781,104.1250,imu
1785930530.554739,0.2022,-27.008047103881836,28.08837127685547,0.0032,0.9365,0.9682,0.8506,-0.5269,101.1875,imu
1785930530.660044,0.1053,-26.813589096069336,26.44628143310547,-0.0011,0.9053,0.9681,0.8507,-0.4778,98.3750,imu
1785930530.898512,0.2385,-25.89531707763672,25.344350814819336,-0.0016,0.8710,0.9678,0.8508,-0.4254,95.3750,imu
1785930531.051962,0.1535,-24.30724334716797,24.127187728881836,-0.0005,0.8233,0.9677,0.8509,-0.3698,92.1875,imu
1785930531.263707,0.2117,-24.127187728881836,24.127187728881836,0.0000,0.8202,0.9677,0.8509,-0.3218,89.4375,imu
1785930531.316827,0.0531,-6.978879928588867,-22.77318572998047,-0.0872,-0.2685,0.9632,0.8522,-0.2923,87.7500,imu
1785930531.316872,0.0000,-0.0,-36.1907844543457,-0.1061,-0.6152,0.9632,0.8522,-0.3251,89.6250,imu
1785930531.316886,0.0000,26.72994613647461,-28.730146408081055,-0.0059,-0.9427,0.9632,0.8522,-0.3502,91.0625,imu
1785930531.316897,0.0000,29.384756088256836,-27.36455535888672,0.0059,-0.9646,0.9632,0.8522,-0.3982,93.8125,imu
1785930531.316907,0.0000,28.650136947631836,-27.18090057373047,0.0043,-0.9490,0.9632,0.8522,-0.4669,97.7500,imu
1785930531.316918,0.0000,28.18463706970215,-27.09362030029297,0.0032,-0.9396,0.9632,0.8522,-0.5258,101.1250,imu
1785930531.316927,0.0000,28.282827377319336,-27.18090057373047,0.0032,-0.9428,0.9632,0.8522,-0.5770,104.0625,imu
1785930531.316937,0.0000,28.18463706970215,-26.72994613647461,0.0043,-0.9334,0.9632,0.8522,-0.6381,107.5625,imu
1785930531.561835,0.2449,27.82096290588379,-26.91178321838379,0.0027,-0.9303,0.9637,0.8518,-0.6949,110.8125,imu
1785930531.783067,0.2212,28.099172592163086,-26.62993621826172,0.0043,-0.9303,0.9644,0.8511,-0.7527,114.1250,imu
1785930531.970271,0.1872,27.91551971435547,-26.62993621826172,0.0038,-0.9272,0.9649,0.8506,-0.8094,117.3750,imu
1785930532.022491,0.0522,27.731863021850586,-26.44628143310547,0.0038,-0.9209,0.9650,0.8505,-0.8628,120.4375,imu
1785930532.090455,0.0680,27.18090057373047,-26.62993621826172,0.0016,-0.9147,0.9651,0.8504,-0.9185,123.6250,imu
1785930532.285320,0.1949,27.548208236694336,-26.262624740600586,0.0038,-0.9147,0.9655,0.8498,-0.9774,127.0000,imu
1785930532.393038,0.1077,27.36455535888672,-26.262624740600586,0.0032,-0.9116,0.9657,0.8495,-1.0319,130.1250,imu
1785930532.490741,0.0977,27.18090057373047,-26.44628143310547,0.0022,-0.9116,0.9658,0.8493,-1.0886,133.3750,imu
1785930532.588578,0.0978,27.18090057373047,-26.078969955444336,0.0032,-0.9053,0.9659,0.8490,-1.1421,136.4375,imu
1785930533.067849,0.4793,26.997243881225586,-25.71166229248047,0.0038,-0.8959,0.9666,0.8473,-1.1999,139.7500,imu
1785930533.067899,0.0000,26.813589096069336,-26.262624740600586,0.0016,-0.9022,0.9666,0.8473,-1.2523,142.7500,imu
1785930533.067913,0.0000,26.62993621826172,-26.078969955444336,0.0016,-0.8959,0.9666,0.8473,-1.3025,145.6250,imu
1785930533.067924,0.0000,26.62993621826172,-25.528005599975586,0.0032,-0.8866,0.9666,0.8473,-1.3581,148.8125,imu
1785930533.067933,0.0000,26.813589096069336,-25.89531707763672,0.0027,-0.8959,0.9666,0.8473,-1.4083,151.6875,imu
1785930533.067943,0.0000,26.44628143310547,-25.89531707763672,0.0016,-0.8897,0.9666,0.8473,-1.4552,154.3750,imu
1785930533.067952,0.0000,26.46788787841797,-25.567617416381836,0.0026,-0.8845,0.9666,0.8473,-1.5053,157.2500,imu
1785930533.067961,0.0000,26.46788787841797,-25.20751190185547,0.0037,-0.8784,0.9666,0.8473,-1.5621,160.5000,imu
1785930533.067970,0.0000,26.262624740600586,-25.528005599975586,0.0022,-0.8803,0.9666,0.8473,-1.6112,163.3125,imu
1785930533.150589,0.0826,26.078969955444336,-24.793386459350586,0.0038,-0.8647,0.9666,0.8470,-1.6679,166.5625,imu
1785930533.212253,0.0617,26.078969955444336,-25.16069793701172,0.0027,-0.8710,0.9665,0.8469,-1.7191,169.5000,imu
1785930533.310262,0.0980,25.89531707763672,-24.42607879638672,0.0043,-0.8554,0.9664,0.8464,-1.7748,172.6875,imu
1785930533.358636,0.0484,25.820762634277344,-24.729745864868164,0.0032,-0.8593,0.9664,0.8463,-1.8370,176.2500,imu
1785930533.416491,0.0579,25.71166229248047,-24.793386459350586,0.0027,-0.8585,0.9664,0.8461,-1.8926,179.4375,imu
1785930533.416538,0.0000,25.528005599975586,-24.609731674194336,0.0027,-0.8522,0.9664,0.8461,-1.9439,182.3750,imu
1785930533.416555,0.0000,25.16069793701172,-24.24242401123047,0.0027,-0.8398,0.9664,0.8461,-2.0060,185.9375,imu
1785930533.524102,0.1075,25.567617416381836,-24.48729705810547,0.0032,-0.8508,0.9662,0.8458,-2.0606,189.0625,imu
1785930533.572507,0.0484,25.16069793701172,-24.24242401123047,0.0027,-0.8398,0.9661,0.8457,-2.1151,192.1875,imu
1785930533.768255,0.1957,24.97704315185547,-24.05876922607422,0.0027,-0.8335,0.9658,0.8453,-2.1686,195.2500,imu
1785930534.032245,0.2640,24.609731674194336,-23.87511444091797,0.0022,-0.8241,0.9655,0.8448,-2.2231,198.3750,imu
1785930534.272494,0.2402,24.793386459350586,-24.05876922607422,0.0022,-0.8304,0.9652,0.8444,-2.2744,201.3125,imu
1785930534.492800,0.2203,24.42607879638672,-23.50780487060547,0.0027,-0.8148,0.9647,0.8440,-2.3235,204.1250,imu
1785930534.548078,0.0553,23.50780487060547,-22.58953094482422,0.0027,-0.7836,0.9646,0.8439,-2.3758,207.1250,imu
1785930534.750592,0.2025,23.14049530029297,-22.58953094482422,0.0016,-0.7773,0.9644,0.8437,-2.4206,209.6875,imu
1785930534.799949,0.0494,23.14049530029297,-22.58953094482422,0.0016,-0.7773,0.9643,0.8436,-2.4631,212.1250,imu
1785930535.012607,0.2127,21.48760223388672,-20.9366397857666,0.0016,-0.7211,0.9641,0.8434,-2.5089,214.7500,imu
1785930535.311733,0.2991,21.093017578125,-20.365673065185547,0.0021,-0.7047,0.9635,0.8431,-2.5536,217.3125,imu
1785930535.758168,0.4464,21.12029457092285,-20.56932830810547,0.0016,-0.7086,0.9629,0.8427,-2.6005,220.0000,imu
1785930535.777556,0.0194,20.729347229003906,-20.365673065185547,0.0011,-0.6985,0.9629,0.8427,-2.6442,222.5000,imu
1785930536.029579,0.2520,20.9366397857666,-20.2020206451416,0.0022,-0.6993,0.9624,0.8425,-2.6878,225.0000,imu
1785930536.575503,0.5459,-19.28374481201172,17.9981632232666,-0.0038,0.6337,0.9643,0.8433,-2.7053,226.0000,imu
1785930537.038312,0.4628,-32.00320053100586,29.457490921020508,-0.0075,1.0447,0.9673,0.8450,-2.6529,223.0000,imu
1785930537.251482,0.2132,-30.303028106689453,27.91551971435547,-0.0070,0.9896,0.9686,0.8457,-2.6038,220.1875,imu
1785930537.311493,0.0600,-31.094018936157227,29.093820571899414,-0.0059,1.0231,0.9689,0.8459,-2.5449,216.8125,imu
1785930537.569130,0.2576,-18.54912757873535,31.037647247314453,0.0366,0.8429,0.9614,0.8401,-2.4805,213.1250,imu
1785930537.768269,0.1991,-0.0,33.7924690246582,0.0991,0.5744,0.9462,0.8275,-2.4500,211.3750,imu
1785930538.027091,0.2588,-0.0,33.24150466918945,0.0975,0.5650,0.9273,0.8108,-2.4173,209.5000,imu
1785930538.028540,0.0014,22.54770851135254,33.457889556884766,0.1642,0.1855,0.9272,0.8107,-2.3900,207.9375,imu
1785930538.028573,0.0000,30.119375228881836,34.8943977355957,0.1906,0.0812,0.9272,0.8107,-2.3889,207.8750,imu
1785930538.028588,0.0000,28.833791732788086,34.71074295043945,0.1863,0.0999,0.9272,0.8107,-2.3824,207.5000,imu
1785930538.028598,0.0000,28.628530502319336,34.5703010559082,0.1853,0.1010,0.9272,0.8107,-2.3747,207.0625,imu
1785930538.028608,0.0000,29.348745346069336,34.3902473449707,0.1869,0.0857,0.9272,0.8107,-2.3671,206.6250,imu
1785930538.028617,0.0000,27.908315658569336,34.3902473449707,0.1827,0.1102,0.9272,0.8107,-2.3638,206.4375,imu
1785930538.028629,0.0000,27.188100814819336,33.8500862121582,0.1790,0.1132,0.9272,0.8107,-2.3573,206.0625,imu
1785930538.028639,0.0000,27.18090057373047,33.97612380981445,0.1793,0.1155,0.9272,0.8107,-2.3486,205.5625,imu
1785930538.319289,0.2906,27.09362030029297,33.821563720703125,0.1786,0.1144,0.8910,0.7734,-2.3420,205.1875,imu
1785930538.474211,0.1549,26.997243881225586,33.7924690246582,0.1782,0.1155,0.8719,0.7535,-2.3344,204.7500,imu
1785930538.597512,0.1233,26.44628143310547,33.4251594543457,0.1756,0.1186,0.8570,0.7377,-2.3267,204.3125,imu
1785930538.779316,0.1818,23.50780487060547,33.0578498840332,0.1659,0.1623,0.8365,0.7156,-2.3180,203.8125,imu
1785930539.256731,0.4774,23.32415008544922,32.87419509887695,0.1648,0.1623,0.7836,0.6574,-2.3093,203.3125,imu
1785930539.256804,0.0001,8.2644624710083,32.87419509887695,0.1206,0.4183,0.7836,0.6574,-2.2951,202.5000,imu
1785930539.256820,0.0000,-0.0,32.3232307434082,0.0948,0.5494,0.7836,0.6574,-2.2635,200.6875,imu
1785930539.256832,0.0000,-0.0,32.22960662841797,0.0945,0.5478,0.7836,0.6574,-2.2329,198.9375,imu
1785930539.256843,0.0000,-0.0,32.13957595825195,0.0942,0.5463,0.7836,0.6574,-2.1991,197.0000,imu
1785930539.256852,0.0000,-0.0,32.0495491027832,0.0940,0.5448,0.7836,0.6574,-2.1686,195.2500,imu
1785930539.256862,0.0000,-0.0,31.457691192626953,0.0922,0.5347,0.7836,0.6574,-2.1380,193.5000,imu
1785930539.256872,0.0000,-0.0,31.772266387939453,0.0932,0.5401,0.7836,0.6574,-2.1053,191.6250,imu
1785930539.256882,0.0000,-0.0,31.588611602783203,0.0926,0.5369,0.7836,0.6574,-2.0769,190.0000,imu
1785930539.256891,0.0000,-0.0,31.329336166381836,0.0919,0.5325,0.7836,0.6574,-2.0519,188.5625,imu
1785930539.256901,0.0000,13.504023551940918,31.509389877319336,0.1320,0.3061,0.7836,0.6574,-2.0268,187.1250,imu
1785930539.555226,0.2983,25.38756561279297,31.689441680908203,0.1674,0.1071,0.7615,0.6126,-2.0289,187.2500,imu
1785930539.802904,0.2477,25.02745819091797,32.4096565246582,0.1684,0.1255,0.7433,0.5751,-2.0224,186.8750,imu
1785930540.263133,0.4602,28.099172592163086,32.3232307434082,0.1772,0.0718,0.7082,0.5015,-2.0159,186.5000,imu
1785930540.519200,0.2561,27.91551971435547,32.50688552856445,0.1772,0.0780,0.6888,0.4605,-2.0126,186.3125,imu
1785930540.796638,0.2774,28.988637924194336,32.5897102355957,0.1806,0.0612,0.6676,0.4151,-2.0082,186.0625,imu
1785930540.796692,0.0001,30.670339584350586,32.50688552856445,0.1852,0.0312,0.6676,0.4151,-2.0060,185.9375,imu
1785930540.796707,0.0000,32.4096565246582,33.1298713684082,0.1922,0.0122,0.6676,0.4151,-2.0039,185.8125,imu
1785930540.796719,0.0000,34.34343338012695,33.4251594543457,0.1987,-0.0156,0.6676,0.4151,-2.0028,185.7500,imu
1785930540.796729,0.0000,34.5703010559082,33.3099250793457,0.1990,-0.0214,0.6676,0.4151,-2.0028,185.7500,imu
1785930540.796740,0.0000,34.3902473449707,33.3099250793457,0.1985,-0.0184,0.6676,0.4151,-2.0006,185.6250,imu
1785930540.796749,0.0000,33.3099250793457,28.448476791381836,0.1811,-0.0826,0.6676,0.4151,-2.0006,185.6250,imu
1785930540.796759,0.0000,33.1298713684082,27.728261947631836,0.1784,-0.0918,0.6676,0.4151,-2.0039,185.8125,imu
1785930541.094089,0.2973,32.5897102355957,27.548208236694336,0.1763,-0.0857,0.6456,0.3675,-2.0039,185.8125,imu
1785930541.503100,0.4090,32.6905403137207,26.997243881225586,0.1750,-0.0968,0.6155,0.3025,-2.0039,185.8125,imu
1785930541.810251,0.3072,32.5897102355957,27.008047103881836,0.1747,-0.0949,0.5927,0.2540,-2.0093,186.1250,imu
1785930542.530841,0.7206,32.3232307434082,26.997243881225586,0.1739,-0.0905,0.5388,0.1408,-2.0159,186.5000,imu
1785930542.530890,0.0000,32.185035705566406,26.72994613647461,0.1727,-0.0927,0.5388,0.1408,-2.0191,186.6875,imu
1785930542.530905,0.0000,32.13957595825195,26.262624740600586,0.1712,-0.0999,0.5388,0.1408,-2.0257,187.0625,imu
1785930542.530916,0.0000,32.0495491027832,26.10778045654297,0.1705,-0.1010,0.5388,0.1408,-2.0300,187.3125,imu
1785930542.530927,0.0000,31.821365356445312,26.002599716186523,0.1695,-0.0989,0.5388,0.1408,-2.0333,187.5000,imu
1785930542.530936,0.0000,30.184837341308594,18.183637619018555,0.1418,-0.2040,0.5388,0.1408,-2.0355,187.6250,imu
1785930542.530946,0.0000,23.50780487060547,-28.466482162475586,-0.0145,-0.8835,0.5388,0.1408,-2.0497,188.4375,imu
1785930542.530956,0.0000,24.366071701049805,-26.366273880004883,-0.0059,-0.8623,0.5388,0.1408,-2.1042,191.5625,imu
1785930542.530965,0.0000,24.48729705810547,-26.10778045654297,-0.0048,-0.8600,0.5388,0.1408,-2.1631,194.9375,imu
1785930542.530975,0.0000,8.28246784210205,-8.82262897491455,-0.0016,-0.2908,0.5388,0.1408,-2.2057,197.3750,imu
1785930542.530984,0.0000,-0.0,-0.0,-0.0000,0.0000,0.5388,0.1408,-2.1969,196.8750,imu
1785930542.530994,0.0000,-0.0,-0.0,-0.0000,0.0000,0.5388,0.1408,-2.1980,196.9375,imu
1785930543.045968,0.5150,-0.0,-0.0,-0.0000,0.0000,0.5388,0.1408,-2.1980,196.9375,imu
1785930543.656774,0.6108,-4.958677291870117,5.142332077026367,0.0005,0.1717,0.5386,0.1405,-2.1937,196.6875,imu
1785930543.754263,0.0975,-0.0,-0.0,-0.0000,0.0000,0.5386,0.1405,-2.1926,196.6250,imu
1785930543.896783,0.1425,-0.0,-0.0,-0.0000,0.0000,0.5386,0.1405,-2.1926,196.6250,imu
1785930543.896835,0.0001,-0.0,-0.0,-0.0000,0.0000,0.5386,0.1405,-2.1926,196.6250,imu
1785930543.896848,0.0000,-0.0,-0.0,-0.0000,0.0000,0.5386,0.1405,-2.1926,196.6250,imu
1785930543.896858,0.0000,-18.0053653717041,17.8253116607666,-0.0005,0.6090,0.5386,0.1405,-2.1860,196.2500,imu
1785930543.896870,0.0000,-26.997243881225586,25.89531707763672,-0.0032,0.8991,0.5386,0.1405,-2.1457,193.9375,imu
1785930543.896881,0.0000,-25.344350814819336,24.42607879638672,-0.0027,0.8460,0.5386,0.1405,-2.0944,191.0000,imu
1785930543.896891,0.0000,-25.71166229248047,24.609731674194336,-0.0032,0.8554,0.5386,0.1405,-2.0475,188.3125,imu
1785930543.896901,0.0000,-25.89531707763672,24.793386459350586,-0.0032,0.8616,0.5386,0.1405,-1.9929,185.1875,imu
1785930543.896910,0.0000,-25.20751190185547,23.76708221435547,-0.0042,0.8325,0.5386,0.1405,-1.9417,182.2500,imu
1785930543.896920,0.0000,-22.86681365966797,21.78649139404297,-0.0032,0.7590,0.5386,0.1405,-1.8937,179.5000,imu
1785930543.896930,0.0000,3.4210195541381836,-3.4210195541381836,0.0000,-0.1163,0.5386,0.1405,-1.8522,177.1250,imu
1785930543.999219,0.1023,31.509389877319336,-30.429067611694336,0.0032,-1.0528,0.5385,0.1402,-1.9035,180.0625,imu
1785930544.118971,0.1198,28.988637924194336,-27.36815643310547,0.0048,-0.9580,0.5382,0.1397,-1.9657,183.6250,imu
1785930544.323838,0.2049,28.833791732788086,-26.997243881225586,0.0054,-0.9490,0.5378,0.1387,-2.0213,186.8125,imu
1785930544.483729,0.1599,28.80858612060547,-27.36815643310547,0.0042,-0.9549,0.5374,0.1381,-2.0704,189.6250,imu
1785930544.785071,0.3013,28.988637924194336,-26.82799530029297,0.0063,-0.9488,0.5364,0.1365,-2.1282,192.9375,imu
1785930544.785118,0.0000,28.628530502319336,-26.82799530029297,0.0053,-0.9426,0.5364,0.1365,-2.1893,196.4375,imu
1785930544.785132,0.0000,22.32665252685547,-24.48729705810547,-0.0063,-0.7957,0.5364,0.1365,-2.2515,200.0000,imu
1785930544.785145,0.0000,-34.5703010559082,-0.0,-0.1014,0.5876,0.5364,0.1365,-2.1358,193.3750,imu
1785930544.785156,0.0000,-34.548912048339844,-0.0,-0.1013,0.5873,0.5364,0.1365,-2.0988,191.2500,imu
1785930544.785166,0.0000,-34.34343338012695,-0.0,-0.1007,0.5838,0.5364,0.1365,-2.0617,189.1250,imu
1785930544.785176,0.0000,-13.406794548034668,-8.44811725616455,-0.0641,0.0843,0.5364,0.1365,-2.0257,187.0625,imu
1785930544.785186,0.0000,32.87419509887695,-29.568410873413086,0.0097,-1.0614,0.5364,0.1365,-2.0584,188.9375,imu
1785930544.785196,0.0000,28.988637924194336,-27.008047103881836,0.0058,-0.9518,0.5364,0.1365,-2.1075,191.7500,imu
1785930544.785206,0.0000,28.548309326171875,-26.54810905456543,0.0059,-0.9365,0.5364,0.1365,-2.1675,195.1875,imu
1785930544.785215,0.0000,28.650136947631836,-26.813589096069336,0.0054,-0.9428,0.5364,0.1365,-2.2198,198.1875,imu
1785930544.785225,0.0000,28.448476791381836,-26.10778045654297,0.0069,-0.9273,0.5364,0.1365,-2.2842,201.8750,imu
1785930544.785234,0.0000,28.282827377319336,-26.44628143310547,0.0054,-0.9303,0.5364,0.1365,-2.3420,205.1875,imu
1785930544.872542,0.0873,28.448476791381836,-26.46788787841797,0.0058,-0.9335,0.5361,0.1362,-2.4009,208.5625,imu
1785930544.944194,0.0717,28.448476791381836,-26.287832260131836,0.0063,-0.9304,0.5357,0.1359,-2.4544,211.6250,imu
1785930545.041049,0.0969,28.099172592163086,-26.44628143310547,0.0048,-0.9272,0.5353,0.1356,-2.5024,214.3750,imu
1785930545.136259,0.0952,27.728261947631836,-25.92772674560547,0.0053,-0.9120,0.5349,0.1353,-2.5613,217.7500,imu
1785930545.295912,0.1597,27.91551971435547,-26.262624740600586,0.0048,-0.9209,0.5342,0.1349,-2.6147,220.8125,imu
1785930545.402351,0.1064,27.731863021850586,-25.71166229248047,0.0059,-0.9084,0.5337,0.1346,-2.6693,223.9375,imu
1785930545.536076,0.1337,18.3654727935791,-22.184038162231445,-0.0112,-0.6893,0.5350,0.1353,-2.7238,227.0625,imu
1785930545.654769,0.1187,-39.4317512512207,-0.5401609539985657,-0.1172,0.6611,0.5477,0.1410,-2.7140,226.5000,imu
1785930545.741154,0.0864,-36.7309455871582,-0.0,-0.1077,0.6244,0.5561,0.1450,-2.6954,225.4375,imu
1785930545.845077,0.1039,-20.7061710357666,-16.7449893951416,-0.1098,0.0673,0.5663,0.1501,-2.6856,224.8750,imu
1785930545.911779,0.0667,0.18005365133285522,-37.2711067199707,-0.1088,-0.6366,0.5729,0.1531,-2.7096,226.2500,imu
1785930546.166828,0.2550,-0.0,-34.0301399230957,-0.0998,-0.5784,0.5963,0.1632,-2.7314,227.5000,imu
1785930546.166882,0.0001,-0.0,-33.8500862121582,-0.0993,-0.5754,0.5963,0.1632,-2.7663,229.5000,imu
1785930546.970143,0.8033,-0.0,-34.0301399230957,-0.0998,-0.5784,0.6719,0.1898,-2.8034,231.6250,imu
1785930546.970197,0.0001,-0.0,-33.6700325012207,-0.0987,-0.5723,0.6719,0.1898,-2.8416,233.8125,imu
1785930546.970211,0.0000,-0.0,-33.8500862121582,-0.0993,-0.5754,0.6719,0.1898,-2.8820,236.1250,imu
1785930546.970222,0.0000,-0.0,-33.6700325012207,-0.0987,-0.5723,0.6719,0.1898,-2.9191,238.2500,imu
1785930546.970231,0.0000,26.62993621826172,-27.36455535888672,-0.0022,-0.9178,0.6719,0.1898,-2.9627,240.7500,imu
1785930546.970241,0.0000,29.168691635131836,-26.46788787841797,0.0079,-0.9457,0.6719,0.1898,-3.0249,244.3125,imu
1785930546.970250,0.0000,27.728261947631836,-25.38756561279297,0.0069,-0.9029,0.6719,0.1898,-3.0849,247.7500,imu
1785930547.041922,0.0717,26.72994613647461,-25.27525520324707,0.0043,-0.8840,0.6716,0.1898,-3.1416,251.0000,imu
1785930547.146559,0.1046,26.72994613647461,-24.729745864868164,0.0059,-0.8747,0.6710,0.1899,3.0947,253.6875,imu
1785930547.245819,0.0993,26.44628143310547,-24.609731674194336,0.0054,-0.8678,0.6704,0.1899,3.0456,256.5000,imu
1785930547.344961,0.0991,26.44628143310547,-24.42607879638672,0.0059,-0.8647,0.6699,0.1900,2.9932,259.5000,imu
1785930547.441512,0.0966,24.793386459350586,-23.50780487060547,0.0038,-0.8210,0.6695,0.1901,2.9442,262.3125,imu
1785930547.441562,0.0000,23.32415008544922,-17.81450843811035,0.0162,-0.6993,0.6695,0.1901,2.8994,264.8750,imu
1785930547.441576,0.0000,28.707195281982422,26.745834350585938,0.1626,-0.0333,0.6695,0.1901,2.8809,265.9375,imu
1785930547.502653,0.0611,29.168691635131836,24.847402572631836,0.1584,-0.0735,0.6601,0.1925,2.8852,265.6875,imu
1785930547.600255,0.0976,29.093820571899414,24.366071701049805,0.1568,-0.0804,0.6453,0.1964,2.8863,265.6250,imu
1785930547.686460,0.0862,29.06380844116211,24.249557495117188,0.1563,-0.0818,0.6323,0.1999,2.8820,265.8750,imu
1785930548.003559,0.3171,28.448476791381836,24.30724334716797,0.1547,-0.0704,0.5850,0.2126,2.8787,266.0625,imu
1785930548.003613,0.0001,28.466482162475586,24.24242401123047,0.1546,-0.0718,0.5849,0.2126,2.8765,266.1875,imu
1785930548.003627,0.0000,28.3505859375,24.249557495117188,0.1542,-0.0697,0.5849,0.2126,2.8743,266.3125,imu
1785930548.003638,0.0000,28.628530502319336,25.92772674560547,0.1600,-0.0459,0.5849,0.2126,2.8689,266.6250,imu
1785930548.003648,0.0000,28.988637924194336,27.008047103881836,0.1642,-0.0337,0.5849,0.2126,2.8667,266.7500,imu
1785930548.096604,0.0930,29.093820571899414,28.366474151611328,0.1685,-0.0124,0.5699,0.2168,2.8678,266.6875,imu
1785930548.168215,0.0716,4.909581661224365,4.727745532989502,0.0283,-0.0031,0.5679,0.2174,2.8711,266.5000,imu
1785930548.274505,0.1063,7.529843807220459,-7.346189022064209,0.0005,-0.2529,0.5679,0.2174,2.8722,266.4375,imu
1785930548.411836,0.1373,24.97704315185547,-23.14049530029297,0.0054,-0.8179,0.5672,0.2176,2.8296,268.8750,imu
1785930548.506830,0.0950,23.32415008544922,-21.48760223388672,0.0054,-0.7617,0.5667,0.2178,2.7729,272.1250,imu
1785930548.558900,0.0521,23.536334991455078,-21.931583404541016,0.0047,-0.7729,0.5665,0.2179,2.7238,274.9375,imu
1785930548.611178,0.0523,24.24242401123047,-23.14049530029297,0.0032,-0.8054,0.5663,0.2180,2.6747,277.7500,imu
1785930548.660541,0.0494,7.713498115539551,-7.162534236907959,0.0016,-0.2529,0.5662,0.2180,2.6420,279.6250,imu
1785930548.731431,0.0709,-0.0,-0.0,-0.0000,0.0000,0.5662,0.2180,2.6496,279.1875,imu
1785930548.831613,0.1002,-0.0,-0.0,-0.0000,0.0000,0.5662,0.2180,2.6496,279.1875,imu
1785930548.969864,0.1383,-0.0,-0.0,-0.0000,0.0000,0.5662,0.2180,2.6485,279.2500,imu
1785930549.174110,0.2042,-0.0,-0.0,-0.0000,0.0000,0.5662,0.2180,2.6485,279.2500,imu
1785930549.231283,0.0572,-0.0,-0.0,-0.0000,0.0000,0.5662,0.2180,2.6485,279.2500,imu
1785930549.334771,0.1035,-17.9981632232666,17.2635440826416,-0.0022,0.5994,0.5664,0.2179,2.6540,278.9375,imu
1785930549.428415,0.0936,-26.44628143310547,25.528005599975586,-0.0027,0.8835,0.5667,0.2178,2.6954,276.5625,imu
1785930549.500978,0.0726,-26.078969955444336,25.344350814819336,-0.0022,0.8741,0.5668,0.2177,2.7391,274.0625,imu
1785930549.599056,0.0981,-26.813589096069336,25.528005599975586,-0.0038,0.8897,0.5671,0.2176,2.7936,270.9375,imu
1785930549.684843,0.0858,-27.18090057373047,26.078969955444336,-0.0032,0.9053,0.5674,0.2175,2.8558,267.3750,imu
1785930549.736674,0.0518,-26.997243881225586,26.078969955444336,-0.0027,0.9022,0.5675,0.2175,2.9103,264.2500,imu
1785930550.044924,0.3083,-27.36815643310547,26.10778045654297,-0.0037,0.9090,0.5687,0.2173,2.9638,261.1875,imu
1785930550.264017,0.2191,-26.997243881225586,25.71166229248047,-0.0038,0.8959,0.5695,0.2172,3.0172,258.1250,imu
1785930550.720945,0.4569,-26.813589096069336,25.71166229248047,-0.0032,0.8928,0.5710,0.2171,3.0729,254.9375,imu
1785930550.779898,0.0590,-26.813589096069336,25.71166229248047,-0.0032,0.8928,0.5712,0.2171,3.1296,251.6875,imu
1785930551.032974,0.2531,-26.813589096069336,25.528005599975586,-0.0038,0.8897,0.5721,0.2171,-3.1012,248.6875,imu
1785930551.138091,0.1051,-26.62993621826172,25.528005599975586,-0.0032,0.8866,0.5724,0.2172,-3.0521,245.8750,imu
1785930551.270929,0.1328,-26.184436798095703,24.729745864868164,-0.0043,0.8654,0.5730,0.2173,-3.0041,243.1250,imu
1785930551.382509,0.1116,-26.262624740600586,24.97704315185547,-0.0038,0.8710,0.5734,0.2173,-2.9572,240.4375,imu
1785930551.476278,0.0938,-26.46788787841797,24.847402572631836,-0.0048,0.8723,0.5739,0.2174,-2.9125,237.8750,imu
1785930551.544508,0.0682,-25.38756561279297,24.847402572631836,-0.0016,0.8539,0.5740,0.2175,-2.8612,234.9375,imu
1785930551.692174,0.1477,-25.38756561279297,24.30724334716797,-0.0032,0.8447,0.5744,0.2176,-2.8013,231.5000,imu
1785930551.692656,0.0005,-5.636927127838135,5.636927127838135,0.0000,0.1916,0.5744,0.2176,-2.7773,230.1250,imu
1785930551.750656,0.0580,-0.0,-0.36010730266571045,-0.0011,-0.0061,0.5745,0.2176,-2.7576,229.0000,imu
1785930552.316874,0.5662,28.988637924194336,-28.08837127685547,0.0026,-0.9702,0.5730,0.2171,-2.7980,231.3125,imu
1785930552.553528,0.2367,26.46788787841797,-24.66735076904297,0.0053,-0.8692,0.5719,0.2168,-2.8482,234.1875,imu
1785930552.553602,0.0001,23.94713592529297,-22.14659881591797,0.0053,-0.7835,0.5718,0.2168,-2.9016,237.2500,imu
1785930552.553630,0.0000,23.58702850341797,-21.9665470123291,0.0048,-0.7743,0.5718,0.2168,-2.9638,240.8125,imu
1785930552.553655,0.0000,23.4069766998291,-21.60643768310547,0.0053,-0.7651,0.5718,0.2168,-3.0161,243.8125,imu
1785930552.553679,0.0000,24.48729705810547,-22.6867618560791,0.0053,-0.8019,0.5718,0.2168,-3.0718,247.0000,imu
1785930552.553702,0.0000,24.127187728881836,-22.6867618560791,0.0042,-0.7957,0.5718,0.2168,-3.1198,249.7500,imu
1785930552.553725,0.0000,21.9665470123291,-20.16600799560547,0.0053,-0.7162,0.5718,0.2168,3.1100,252.8125,imu
1785930552.553748,0.0000,1.0803219079971313,-0.9002683162689209,0.0005,-0.0337,0.5718,0.2168,3.0958,253.6250,imu
1785930552.675155,0.1214,-0.0,-0.0,-0.0000,0.0000,0.5718,0.2168,3.0980,253.5000,imu
1785930552.919548,0.2444,2.5207509994506836,2.5207509994506836,0.0148,0.0000,0.5682,0.2169,3.0991,253.4375,imu
1785930552.919636,0.0001,29.168691635131836,28.988637924194336,0.1705,-0.0031,0.5682,0.2169,3.0903,253.9375,imu
1785930553.015913,0.0963,29.52880096435547,28.268423080444336,0.1695,-0.0214,0.5519,0.2177,3.0914,253.8750,imu
1785930553.217608,0.2017,29.639328002929688,27.82096290588379,0.1685,-0.0309,0.5180,0.2193,3.0947,253.6875,imu
1785930553.372628,0.1550,28.650136947631836,27.91551971435547,0.1659,-0.0125,0.4923,0.2205,3.0969,253.5625,imu
1785930553.474979,0.1024,28.650136947631836,27.91551971435547,0.1659,-0.0125,0.4753,0.2213,3.0958,253.6250,imu
1785930553.589069,0.1141,29.384756088256836,27.548208236694336,0.1669,-0.0312,0.4563,0.2222,3.0947,253.6875,imu
1785930553.589145,0.0001,29.457490921020508,27.457292556762695,0.1669,-0.0340,0.4563,0.2222,3.0947,253.6875,imu
1785930553.589172,0.0000,29.168691635131836,27.548208236694336,0.1663,-0.0275,0.4563,0.2222,3.0947,253.6875,imu
1785930553.589195,0.0000,29.017446517944336,27.548208236694336,0.1659,-0.0250,0.4563,0.2222,3.0958,253.6250,imu
1785930553.589217,0.0000,28.833791732788086,27.36455535888672,0.1648,-0.0250,0.4563,0.2222,3.0947,253.6875,imu
1785930553.650202,0.0610,28.833791732788086,27.548208236694336,0.1653,-0.0219,0.4462,0.2226,3.0947,253.6875,imu
1785930553.741194,0.0910,28.650136947631836,27.36455535888672,0.1642,-0.0219,0.4313,0.2233,3.0936,253.7500,imu
1785930553.994915,0.2537,9.550045013427734,9.3663911819458,0.0555,-0.0031,0.4172,0.2240,3.0947,253.6875,imu
1785930554.088137,0.0932,-10.8356294631958,9.917354583740234,-0.0027,0.3528,0.4175,0.2240,3.0958,253.6250,imu
